published,score,themes,source,title,link,description,feed
2026-10-05T07:17:41+00:00,10,"['market selling', 'India market']",Moneycontrol.com,"Sensex, Nifty in correction mode: Should you stay invested, increase SIPs or wait for the bottom? - Moneycontrol.com",https://news.google.com/rss/articles/CBMi-wFBVV95cUxONUpwZm9TcnIzOC00VTIzblUtbXk0QjVmS3RxeFVnd3JkLXJEb1I4aWVGU3l5N05CZ0Fwb2Q4aVVYR2VSZnpmVXFzSG10MDhmdU5CaFY1VlFFQlB1M0o3cFBNRzJnTmxhWk94aGNwcXhicGFaWFlSR3FwZnA4aXZkTHF0U3FyVDU1SWdwbzB6V0ZzbFR6MUFrdDBqOHd4Smllak9BbFdoVnplSXg4VkcyejFmdmhENl9Db3VmRDNyWXNZRERWMlJ3U1kwOHNhaVZiY3VzZkxCLS1nTWtnZFdMRUVTeWtHRjU0RHZnZWk4LVQ4aERlSkJTSnNHd9IBgAJBVV95cUxNWWJUWmV6QXlZQ3NMWS0xNzJVZ1NJVDg1M3EtTVItUWVhbUZsZjJOdHd4dmlpMWhuZ21jbzNmd0M2MzVyLThoX2tRVUJtX3pqS2hwVGJsaGlycDB1QjRrbk1tcklteDFJNXhNQUtFVk11a3oxRlZCdzhyOGlZQUhFSmZzVlo5MHJtdEx6NGh1Sm1EQmhXa3ZIaWR1RHdCNEVkWVRubExJaWU5dnlZV1h1QnFRb2loZU9tRl83UVY1OVBJSENlNzRmdHQ1aUo4dEtiU3V5YmJKM25TNG1UYXlCWjJramI4b2dtSVU2VnRrM19zYnYwR0lFUWZkWWpfeWsx?oc=5,"Sensex, Nifty in correction mode: Should you stay invested, increase SIPs or wait for the bottom? Moneycontrol.com","""(Nifty OR Sensex OR ""Indian shares"" OR midcap OR smallcap) (falls OR selloff OR correction OR ""risk off"") when:1d"" - Google News"
2026-10-05T05:09:00+00:00,9,"['market selling', 'India market', 'macro / flows']",News24Online,"Stock Market Rebound: Sensex jumps over 400 points, Nifty surges in early trade as crude oil prices fall - News24Online",https://news.google.com/rss/articles/CBMi3AFBVV95cUxONkRhTzBROXh1dHJKX0xxOWx5WWM0Ri1KQmlMYU9tNno5V1VnMG9yRlhLUkMwU1lyRTAzWERmY3RhRGpVZ0ZGMW43WVZVR0JKbnBKcGVUWXVLY0tIaHN0LTU0SXY5ZzctTHVueXRxNWIxdWFSakJVWUZUNVlfYlFCOFU5akRFV1JEWUdyaGxvRUNUaUM1dWNUTzYwR1NHMFdrbTRoeUJLZUlFMTVldHNWN0JMQVRXbm5aNU1qc3A2alRHLVVmaE5WRXNnQndEbEs4VWZFWnY0bGxwSC1G0gHgAUFVX3lxTE1ncWVTa3BzdERlVnJ2V1VjdjY3Ty0yd0k5TzNTOGJmSDNTd1MtZ2VIU2JwelNIdW5VeFA1a0Nzemhrbzhxb1FWQktyZmhXZEpJeUFTTWVTQXdQZllMY19jWWJYMUtsbTV0YkxTSkhiTXhCUnhuVEtDVWFlYTdtRHVXSjJKZ1pzNnVPMl9lVTk5WUwwTWQ3Uy0wa0lSd09uX0Q0RTBfUnk3c2NvR0tGTnJod2w4WFJ6MDFfenNjdlpjU3BsN3MtWkJtYTJnS2dfLWlQQnhjaDZYMnFHeW1kTFFM?oc=5,"Stock Market Rebound: Sensex jumps over 400 points, Nifty surges in early trade as crude oil prices fall News24Online","""(Nifty OR Sensex OR ""Indian shares"" OR midcap OR smallcap) (falls OR selloff OR correction OR ""risk off"") when:1d"" - Google News"
2026-10-05T14:57:21+00:00,8,"['market selling', 'India market']",News On AIR,"Sensex Falls 0.8% to Close at 71,910; Nifty Drops 0.9% to 22,422 - News On AIR",https://news.google.com/rss/articles/CBMijgFBVV95cUxPWTRkT0xDcEw5bzdreXg5bm1uMTdsbEZobWcxZktKUUx0MTN4WXpGSTlpRG0wVXlYWU5lWTBmQnhRT01JeUdCMk1hZjJ0ZkdzUDNPU3h1QVN6MWFZWkVyVVZvdXhiWHZDNEMwWm9SWDk1WnU5MURRSkxCM3RBVFRaYWM4aHlxdXBmN01oZTBn?oc=5,"Sensex Falls 0.8% to Close at 71,910; Nifty Drops 0.9% to 22,422 News On AIR","""(Nifty OR Sensex OR ""Indian shares"" OR midcap OR smallcap) (falls OR selloff OR correction OR ""risk off"") when:1d"" - Google News"
2026-10-05T05:47:47+00:00,8,"['AI / tech risk', 'market selling']",MarketsMojo,Shradha AI Technologies Ltd Falls to 52-Week Low of Rs 19 as Sell-Off Deepens - MarketsMojo,https://news.google.com/rss/articles/CBMitAFBVV95cUxQeDNuM1ZPSlBqZkJTMDJTTnUya19xQVNKV2loWlFsZG83Z3BTTFJJNG9GWE5aczlna0RLUlFIdWN1U1VSd2M1VVdwQ0dLZXBGdkFFd1JwaVJJaHAzM0kzWjNlU0ViLVcwRTVPTDF5ajZjS3ppNEFnTzdGSkx2WEJZbC1tYlRHNGZDcVpzbEJXWnJHajI2b1k0TVF6NzNlT0pjQ0F5LVdpZWl1NHRuajlIRnFMWDE?oc=5,Shradha AI Technologies Ltd Falls to 52-Week Low of Rs 19 as Sell-Off Deepens MarketsMojo,"""(Nifty OR Sensex OR ""Indian shares"" OR midcap OR smallcap) (falls OR selloff OR correction OR ""risk off"") when:1d"" - Google News"
2026-10-05T03:52:51+00:00,8,"['market selling', 'India market', 'macro / flows']",Outlook Money,"Sensex, Nifty Stage Gap-Up Opening As Oil Prices Fall, US Rate Hike Fears Ease - Outlook Money",https://news.google.com/rss/articles/CBMiowFBVV95cUxNNTZncE9VdUg1S09RaWMyVy1oQVhTM2s5QXhLMEJGSHNfaGo0RVZOdGNpNlJNcjNxeGgwalVjTlkzaHVRcFpnTnBzQ08tOS1nc29kdF94NE0zUE1aZkhtQjl3UWdpdVZ4MzhGeGg4eUxrNm8wUlNiOHNEeTVPUk5VSlNuUjNSQmpPdm9QSTYxb2FyM3lqWF9jd3o0SmNHMDUxZVNV0gGwAUFVX3lxTFBfVFRWemtUN3ZQSDF3OWdaUUliam5zRDNtbXZxUk91Vm9ybHhRdW9BcWgtX2lmcGpRaUxHVDBCMkp5b0t6ekNvU0w0a0hQaEpQS1U0SVNyUER4Z2lPaThvWjFSaDl1RXRQWFg0UXBrZEJ6cFNZSEF2eFhxTEhWaHRrMFlKVGh4NnpHWDBLcV90SlBVaEJfWDZXNzNLRFZ5R2FlU3psbUt6aXg1OEZZQkNP?oc=5,"Sensex, Nifty Stage Gap-Up Opening As Oil Prices Fall, US Rate Hike Fears Ease Outlook Money","""(Nifty OR Sensex OR ""Indian shares"" OR midcap OR smallcap) (falls OR selloff OR correction OR ""risk off"") when:1d"" - Google News"
2026-10-05T03:52:51+00:00,8,"['market selling', 'India market', 'macro / flows']",Outlook Money,"Sensex, Nifty Stage Gap-Up Opening As Oil Prices Fall, US Rate Hike Fears Ease - Outlook Money",https://news.google.com/rss/articles/CBMisAFBVV95cUxQX1RUVnprVDd2UEgxdzlnWlFJYmpuc0QzbW12cVJPdVZvcmx4UXVvQXFoLV9pZnBqUWlMR1QwQjJKeW9LenpDb1NMNGtIUGhKUEtVNElTclBEeGdpT2k4b1oxUmg5dUV0UFhYNFFwa2RCenBTWUhBdnhYcUxIVmh0azBZSlRoeDZ6R1gwS3FfdEpQVWhCX1g2VzczS0RWeUdhZVN6bG1Leml4NThGWUJDT9IBsAFBVV95cUxQX1RUVnprVDd2UEgxdzlnWlFJYmpuc0QzbW12cVJPdVZvcmx4UXVvQXFoLV9pZnBqUWlMR1QwQjJKeW9LenpDb1NMNGtIUGhKUEtVNElTclBEeGdpT2k4b1oxUmg5dUV0UFhYNFFwa2RCenBTWUhBdnhYcUxIVmh0azBZSlRoeDZ6R1gwS3FfdEpQVWhCX1g2VzczS0RWeUdhZVN6bG1Leml4NThGWUJDTw?oc=5,"Sensex, Nifty Stage Gap-Up Opening As Oil Prices Fall, US Rate Hike Fears Ease Outlook Money","""(""broader market"" OR midcap OR smallcap) (selling OR correction OR fall OR volatility) India when:1d"" - Google News"
2026-10-05T23:51:45+00:00,7,"['AI / tech risk', 'market selling']",GuruFocus,Qualcomm Stocks Fall 1.34% although Huawei Broadens AI Patent De - GuruFocus,https://news.google.com/rss/articles/CBMipgFBVV95cUxPMElwZENQLW1XMExqS1FGdjBsUDFzdXd2UFprdVg3X2c2a2FDNHdGM1J3blZNR3VDUmlmTV8wTkpudzhRUGpIcGYyak1SVGtjTWJINDcwMm5RLTE4VXEzNlVQUS1WWnQ1TVp6cXBSWFotZTNfcElMS3lPSzR5NkpEYmJIWS1TTEZuYURBc21nZnlKZDZIc3V4eWJkNnBYeERKeTIwMjV3?oc=5,Qualcomm Stocks Fall 1.34% although Huawei Broadens AI Patent De GuruFocus,"""(AI OR ""artificial intelligence"" OR Nvidia OR semiconductor OR technology) (selloff OR ""market fall"" OR ""stocks fall"" OR correction) when:1d"" - Google News"
2026-10-05T19:44:43+00:00,7,"['AI / tech risk', 'market selling']",TradingView,Qualcomm Stocks Fall 1.34% although Huawei Broadens AI Patent Deal - TradingView,https://news.google.com/rss/articles/CBMiwwFBVV95cUxNdVJhaGxzeGZRMHhOVWF3cTRFUDhPMmktcFpzblk0X1JlVk9hU0prUkxfMHdTNGVRTVN2QUo5LTBodjBtS01EVXZVc1QydDdvYWp3cThYZ251aW5LM0FfNy1WQkRUemVLU0NqMkEwSU5SYUZnUnY2Vi1OMG5ta0xsaVhZT1NDSVJ2NnNrb21JNkptMlRMdjhwX2N3c01ZYko3elRhdmF4WnpyVUFSZXRQT1Z5dHg2TDJLUjBwZm9iS09zSjQ?oc=5,Qualcomm Stocks Fall 1.34% although Huawei Broadens AI Patent Deal TradingView,"""(AI OR ""artificial intelligence"" OR Nvidia OR semiconductor OR technology) (selloff OR ""market fall"" OR ""stocks fall"" OR correction) when:1d"" - Google News"
2026-10-05T17:47:57+00:00,7,"['AI / tech risk', 'market selling']",TradingView,Schneider Electric Stocks Fall 10.4% as $22.6 Billion AI Bet Shocks - TradingView,https://news.google.com/rss/articles/CBMiwwFBVV95cUxPNk1MMjZFLVhLQWJWUlNIU1JiVHI5ZVBEM3U4NFVsLXhuUXZybTlkVmZvTFpTU0JrTTRJNG45X1hrelMyTVBJS0ZWU0ZVZTVjVHFvT3NJU3dHZlRnOEFLVWlkUmRfSXIySnJ6TzVXdDBEZEF3NWNwSVVreWFsUEVNTW8yMFZsOE95cmRna05YRlZJNGszRHhYMjNyR1NGQTFnVXROVHFwMlp4Y1NFNWZENWplbXoxbC1HR1RRQlZmQzZHcFk?oc=5,Schneider Electric Stocks Fall 10.4% as $22.6 Billion AI Bet Shocks TradingView,"""(AI OR ""artificial intelligence"" OR Nvidia OR semiconductor OR technology) (selloff OR ""market fall"" OR ""stocks fall"" OR correction) when:1d"" - Google News"
2026-10-05T13:23:48+00:00,7,"['market selling', 'India market']",Hindustan Times,"Congress attacks Modi govt over market fall, FII outflows; flags middle-class tax burden | India News - Hindustan Times",https://news.google.com/rss/articles/CBMi6AFBVV95cUxNclZzWlVoZk9UY3RmRG9BTzhha2RxMDhfcGxRam0yWkdfdVNZUkR0cmt3UGh2em90QlhweTBfa2dCNWcwQ294RWI3MUNvM0RheXdXYWEzS0JTdEhRWmpFX05HQVYwRE5JTkIzdVVkSHZacXBhMXhoTW9IZnhnZ1BnTE40c0xMS3h2cE1Ua1BLY2lqMDlPN3FfV05iTF9lSWZxZVp6RkFXZnAydDE0QzZ2V2NfMmVLdW1LOVlsN1pLeTFIbnZzWkF0bHg0WFNQa19ycDZBT2Q2cEhrR1RlN1BOVEpzV0JOQTBH0gHoAUFVX3lxTE1yVnNaVWhmT1RjdGZEb0FPOGFrZHEwOF9wbFFqbTJaR191U1lSRHRya3dQaHZ6b3RCWHB5MF9rZ0I1ZzBDb3hFYjcxQ28zRGF5d1dhYTNLQlN0SFFaakVfTkdBVjBETklOQjN1VWRIdlpxcGExeGhNb0hmeGdnUGdMTjRzTExLeHZwTVRrUEtjaWowOU83cV9XTmJMX2VJZnFlWnpGQVdmcDJ0MTRDNnZXY18yZUt1bUs5WWw3Wkt5MUhudnNaQXRseDRYU1BrX3JwNkFPZDZwSGtHVGU3UE5USnNXQk5BMEc?oc=5,"Congress attacks Modi govt over market fall, FII outflows; flags middle-class tax burden | India News Hindustan Times","""(""mutual funds"" OR SIP OR AMFI OR FII OR FPI) (India OR equity OR market) when:1d"" - Google News"
2026-10-05T12:33:09+00:00,7,"['market selling', 'India market']",Goodreturns,"Stock Market Crash: Bears Take Over D-Street As Sensex, Nifty Log Worst Weekly Fall in 4 Yrs Amid Iran-US War - Goodreturns",https://news.google.com/rss/articles/CBMi1wFBVV95cUxQNWlvX2sxQVplUC1GY1BJSmJMd0Zkc1BRempXMzRoRUhTS1VnbWQyYWdJMVJOTURadkxLa1NrM0JXN3RFQXJBTTBGcDduQ1FaU3VRQTdXSVhBY2NHbm0yNTBFS242V184R3cxNS1JQWtFcUZWUkI5ZmJ2aTdJcDdDd29vQnlucms2Z3U2dUFDQ3NEUXpWNm0xZzllUXN5TTFaeF9TR3NsbjR0Qmd5M3JCRGZZY2NlMFk3VlVlSEk0UW9uRlhBOGpab1ZSY3VxaURTamVhMVB4dw?oc=5,"Stock Market Crash: Bears Take Over D-Street As Sensex, Nifty Log Worst Weekly Fall in 4 Yrs Amid Iran-US War Goodreturns","""(Nifty OR Sensex OR ""Indian shares"" OR midcap OR smallcap) (falls OR selloff OR correction OR ""risk off"") when:1d"" - Google News"
2026-10-05T12:25:28+00:00,7,"['market selling', 'India market']",Goodreturns,"D-Street Bloodbath: Nifty Crashes 500 Pts, Sensex Down 2.2%; HDFC Bank Falls 5%; Why Is Stock Market Falling? - Goodreturns",https://news.google.com/rss/articles/CBMi0gFBVV95cUxPbl83MmNpN3o2NEo1US05b2FPNlBrMU5SLUp4NmJEXzZySDhQSU5KTTBTRG5xbVZ0U1RUZVVBZHdEc2czdnc0VjVIMlh2NDRIVnNWSkFzUTZ4OGJQV0pSY1VaWXNkUTlQM2ttOU51R1ZSR0dyTHhYRUZwNzRHR016aU8tRG9iMEYzQlVTNHNuc3U4UFk4RzY0ODNQSXMxU25uUEdrX0ZjdDFYSWw0NExCeEFBQ2pFNnphS0pGWHoxY01QN3lwajNUeTZMSDN5b0pTc0E?oc=5,"D-Street Bloodbath: Nifty Crashes 500 Pts, Sensex Down 2.2%; HDFC Bank Falls 5%; Why Is Stock Market Falling? Goodreturns","""(Nifty OR Sensex OR ""Indian shares"" OR midcap OR smallcap) (falls OR selloff OR correction OR ""risk off"") when:1d"" - Google News"
2026-10-05T12:08:00+00:00,7,"['market selling', 'India market']",Kalkine India,"Nifty Support Near 22,200 in Focus After Eighth Weekly Fall - Kalkine India",https://news.google.com/rss/articles/CBMixAFBVV95cUxQY0FEYzdVV2FSZFlBSFBjTy1NSngzODBLTC1KZ2JMUzltWWFocENKQUxPR1hWWXFKbERqbFhnX2I1QjlZOUl1NnVPSlJoMDdFS1hFTHlUVWxXUFhkY1ZwemFkNWE4RFNIbGtmWjE0Y2VhLWFvT3ZyZ1JzMklXU1dObHJxbVRWbkoyVVVQanA4dTBvZGpaV2paRXEwVkpwV09zYjdEUjZjTE56bk90UHBkUHpXSmFhaXpyN1h0WW5mR0xtd0pv?oc=5,"Nifty Support Near 22,200 in Focus After Eighth Weekly Fall Kalkine India","""(Nifty OR Sensex OR ""Indian shares"" OR midcap OR smallcap) (falls OR selloff OR correction OR ""risk off"") when:1d"" - Google News"
2026-10-05T09:15:00+00:00,7,"['AI / tech risk', 'market selling']",kalkine.ca,Sparc AI Stock Slides 4.46% as Bearish Momentum Raises Correction and Downside Risk Concerns - kalkine.ca,https://news.google.com/rss/articles/CBMi1AFBVV95cUxOQlFBOC1PNDVLcUFOcTd2UndFZlFVRW10b215dHNLd2FLMVhQSDlNekp3U25pbmJhSEZuUFlpUzJMdWo4WUZDakZaUmcwcmJhRnc3SjRFZXZGWEhKd2F5UE1LcFJHb1VNeHpCQ3lyRUxpVVJGN0NBLWtWUURORHFVenlIMHZWYVBqTE9nOWZoaGVFWXFKcjNLd0dnZi1yNHRFMk5pSTN0WnRDaUZFT1pCT3hjUXVjNEJvT1hCQ0dyMXZCTTVMQkl2YVJDSHNNazZpVzJDQQ?oc=5,Sparc AI Stock Slides 4.46% as Bearish Momentum Raises Correction and Downside Risk Concerns kalkine.ca,"""(AI OR ""artificial intelligence"" OR Nvidia OR semiconductor OR technology) (selloff OR ""market fall"" OR ""stocks fall"" OR correction) when:1d"" - Google News"
2026-10-05T08:18:22+00:00,7,"['AI / tech risk', 'market selling']",ForkLog,Bank of Japan Warns of Potential Stock Market Correction Due to AI Boom - ForkLog,https://news.google.com/rss/articles/CBMimwFBVV95cUxNZ1Y0MDVMZThDTnI3Um1iNGlzWkxXSzNtTUJGSVVyOXZWakNXSXhnRkJrbTlSTjVSdEVIOUdUMFp0MVNhVk50alQtblJDOEx6WkRQVmlhdm9kZzVqRlV2XzM1WlFNTzNUXzJUem5VbVVQNHBId1pibUs5R25jbW91MzN5N2xwNFc4dXloMThxYjY3OFVYNmZYZHhvSQ?oc=5,Bank of Japan Warns of Potential Stock Market Correction Due to AI Boom ForkLog,"""(AI OR ""artificial intelligence"" OR Nvidia OR semiconductor OR technology) (selloff OR ""market fall"" OR ""stocks fall"" OR correction) when:1d"" - Google News"
2026-10-05T08:05:24+00:00,7,"['market selling', 'India market']",Goodreturns,"Stock Market Crash: Sensex Hits 27-Month Low, Nifty Falls To 6-Month Low; FIIs Exit $40 Billion In 2 Years - Goodreturns",https://news.google.com/rss/articles/CBMi3gFBVV95cUxPaWdidnJfMzhYeVl2TEJ0Q2FZX3RKRFdqc3ZXVEEtMXlYd2VESGNQUkYwZ05vMUd6dkRpRUREMjd4cWpTWEEzOWs5cU9Vckh6d0M3R0pqeUVYSmh4MlpGVENaZmVyZ3E0V2NydDdzeVFtRmU0c3NXSzdjcnBGQ2dxaUx0YVBQUEFEbmY3YnpwaFdYSFhtVjFQb0JhSUNYZHNXZXF0aDVQRHhBckVZTTNDWlAzQk1xSG56OGdFSjk3a2MtWHU0djk0U19SOHdXR3VaMG5EekNnUVh2NTIycVE?oc=5,"Stock Market Crash: Sensex Hits 27-Month Low, Nifty Falls To 6-Month Low; FIIs Exit $40 Billion In 2 Years Goodreturns","""(Nifty OR Sensex OR ""Indian shares"" OR midcap OR smallcap) (falls OR selloff OR correction OR ""risk off"") when:1d"" - Google News"
2026-10-05T06:11:15+00:00,7,"['AI / tech risk', 'market selling']",investingLive,"BOJ's Uchida says AI is a big demand shock lifting prices, warns of correction risk - investingLive",https://news.google.com/rss/articles/CBMiwAFBVV95cUxQaDM5aUZiMlRiYmUweXNFdml4bWJpNkNiRFNKeGFlanRjbWFCQ0ZqcnlVY0stWUxwRE04T0FHTGdQenhjTmpvTWlSRVg3eWEyckpNYUdzNjFGME1QOGhJRU9mQXNEZzNrMkZjUGRyY3pyXzBYS083TkJ6cDRxQVlRMVBJSmtpMU1BRWZTNDRnMWZNZ3VPRllSSUtHTktOb0pvZGtlVWxETTRjMy1GeE9CWVV4aWhrTl9aSTI4N2F6VEo?oc=5,"BOJ's Uchida says AI is a big demand shock lifting prices, warns of correction risk investingLive","""(AI OR ""artificial intelligence"" OR Nvidia OR semiconductor OR technology) (selloff OR ""market fall"" OR ""stocks fall"" OR correction) when:1d"" - Google News"
2026-10-05T06:03:33+00:00,7,"['AI / tech risk', 'market selling']",Morningstar,"AI Boom Is ‘Real,’ and the Bond Selloff is ‘Perfectly Reasonable,’ Says Amundi’s O’Toole - Morningstar",https://news.google.com/rss/articles/CBMitwFBVV95cUxQUVR4dXlTUHZGUHRaektiVUczOHRxdjlpTDRGVXJRaXA5TWtrUDBNSElEaExYcDNKb3lPOEE0WURsWWxLb2dhaldzNTBIRk9SVjJFNFVhclRoZkRVaDVvQUxHZkd5REpCcWRGUFZJVWptVmlRVlNvTm5iSWpEQ3BGT3FMYUhncVNEMmNqbzdMUldrU18tcy1BSEltS2VZUlVhUjQzYy0yeWROT281bHluaFhFUGtxQmM?oc=5,"AI Boom Is ‘Real,’ and the Bond Selloff is ‘Perfectly Reasonable,’ Says Amundi’s O’Toole Morningstar","""(AI OR ""artificial intelligence"" OR Nvidia OR semiconductor OR technology) (selloff OR ""market fall"" OR ""stocks fall"" OR correction) when:1d"" - Google News"
2026-10-05T05:48:47+00:00,7,"['AI / tech risk', 'market selling']",economictimes.com,Global Market: BOJ's Uchida warns AI boom could trigger market correction - economictimes.com,https://news.google.com/rss/articles/CBMi4gFBVV95cUxOQlhMVlZxUzdNRkJBZVlvUFp5NEpqOVYtOFZmRHZDWi1PQXlKc25EbWVKT0tvYURvSTI4amNwNGFwYk14ODRtM0lvU1pob0U2ZklDLWV6Vnc1UkJ5TTFZZnRkS2hYNUJFRDBmQlFxeTlLVlZUTkhhb0pNLXZUVUc0dXd1WlYwR0FfZG5hcExQWWc5RWRHUjBGQkFEXzlQeXFqMkJETnlsT0J3U0xmUC00b2Q5T3hoMTRhdjU2QXRmZU1GbnpOdm42QjZxeXJTN21WanhGUjA3WVZ1dzVDcU14SW9B0gHnAUFVX3lxTE9pVG40TzZFc3JiSWV1ODhZX0VUWW4tVEd2ZXF2dUpIZElZTGZEQUdZZk5rTnFLbkhMc1hoZUpFX0tSRGxqREdUX0NicmVjZWRtV1l6dU9Famg3NjhXM1dBQ2s0aTdibjZOMjlqZzAxdGVVY1k5ZzdqbzdQM2dVMG0yRV9PUXViWlh4dDFvT29FYVEwRWdoQzhpVVA0RWtvNnFjOVdRT2lZN2w3T0k3Vy1mQjZSM25WZS1yZEVVZWlSaTJmbHJmUkdXQzZDMEc2cmhsVENsR2FLdjdwczltRWhlQjdzV2xtOA?oc=5,Global Market: BOJ's Uchida warns AI boom could trigger market correction economictimes.com,"""(AI OR ""artificial intelligence"" OR Nvidia OR semiconductor OR technology) (selloff OR ""market fall"" OR ""stocks fall"" OR correction) when:1d"" - Google News"
2026-10-05T04:43:24+00:00,7,"['market selling', 'India market']",Moneycontrol.com,"Sensex falls 550 pts from day's high, Nifty below 22,500; key factors behind market decline - Moneycontrol.com",https://news.google.com/rss/articles/CBMigwJBVV95cUxQX0ZNNDJlZ1hiaW1zamwxUE00VHR3TmttbFYxMkdoMGJJNXRKcGh2b0tPWWpyODloa2pRSGwySFRTRHVFbklhVDZuQnFSWXhqMkRWRFVmX0JmdmJlalRVNkZhQlFkcXJvSGVLTnQ4Q2JZX01XTUM1WDBEUDVwR0hDWms3X1ZNcXgwZ25ueVFWWE5MUjVhZER2SUwxMTZDeEU3SElCbWpUVklOQ1NOMERSLV9OOXVWX21UWS1QaGpRR2xPa2FfY1RvNXBHS3lxaHczS2hOaktRa3dkYm52WVl2bzZ3MDlIYUtBeVU0dFdhVHI3clZGb3FYS2J2UmRSU1lPYm5v0gGIAkFVX3lxTFAwTzdvdTRZYjI3bndIRXhOTzVXZDZ2YWRtQ2Y2UVd1XzI3UXlpYWRlSElqVm9UX3pFVUpoZ3JnZUVGdjVmM3pqX3VxbU5fclhHQjRYeEpNR2ZCYzM5Zmo0bXZwSE12aXBZM0U4NmppaUlrQ09yUXBXVVdfckJMYTVZTGl2Y1BoMHNIcUZwY3FyVTdsTU5TT19xQ190QzRtXy1Eb3ZEQTd1RmFCZnlQOHRKcjJnTk1QcVdxTkhOblJLM2ViMGoyVVRsQ2ZXUEIxUEdJNElDelZJN3luUTlHMkx5eWhxTHZXVVN3UWU3Q2R5YWhCcHViX1NQc3BidG9ZYkxDSHhjbXVDNw?oc=5,"Sensex falls 550 pts from day's high, Nifty below 22,500; key factors behind market decline Moneycontrol.com","""(Nifty OR Sensex OR ""Indian shares"" OR midcap OR smallcap) (falls OR selloff OR correction OR ""risk off"") when:1d"" - Google News"
2026-10-05T04:35:57+00:00,7,"['market selling', 'India market']",Investment Guru India,Nifty Falls After Sharp Gap-Down Opening - Jainam - Investment Guru India,https://news.google.com/rss/articles/CBMinwFBVV95cUxOenU0V2NSNkk3NnNFV2dlTXZ1QW5qLVN3WVVROVlxaEFadm5uNm5LaGIyUzVtZEdxS3JHcWttLVRNOWZJNnduU21uc0xmbE5mWEVYeHJwcnpCb3hkcTN4aVFxem1WcXNKR2laNWVlalIxSDBsaWN5T2sxQjBjcVBZRjB0aVM5UGZHOXRuQUhQQldkNHhzQ0R4ZEhuZjc2VG8?oc=5,Nifty Falls After Sharp Gap-Down Opening - Jainam Investment Guru India,"""(Nifty OR Sensex OR ""Indian shares"" OR midcap OR smallcap) (falls OR selloff OR correction OR ""risk off"") when:1d"" - Google News"
2026-10-05T04:27:00+00:00,7,"['AI / tech risk', 'market selling']",The Business Times,"South-east Asia among economies most vulnerable to AI correction, Asean unit warns - The Business Times",https://news.google.com/rss/articles/CBMiywFBVV95cUxOR29GUjJWYzY1dWVaYTBQejM1R0V3TGh1U0hzM1pEOVFIUVlwMU15d0JlSno5bzY2bHNHLTVSYXc2WTBnWDRLbXVIUzIwSUEyQl9tdHpZX2RKQmlJQ240M0p5T2lfd2pucGNDdHYzV2ZhOTNMUnlsMWJFWm1XRENCZUgxRkNVUy1EaC1PNEFOcDhvaG51VDhVZXJtTDVUbzNnMmtyLTRDck1FY3h3UGNGMXBRRlBmOW85VEdrdWFYM3lIWFJHOW1zYXBmbw?oc=5,"South-east Asia among economies most vulnerable to AI correction, Asean unit warns The Business Times","""(AI OR ""artificial intelligence"" OR Nvidia OR semiconductor OR technology) (selloff OR ""market fall"" OR ""stocks fall"" OR correction) when:1d"" - Google News"
2026-10-05T04:10:23+00:00,7,"['AI / tech risk', 'market selling']",Traders Union,"Southeast Asia faces heightened AI boom correction risk, AMRO warns - Traders Union",https://news.google.com/rss/articles/CBMijwFBVV95cUxQQXdEaHhLUmUtMGxCekl4b1JJWmR3QTN3Y2VyRXZtQlMtUG9iWnl4Y1hTUTZjeE1ra2FDQkhyTGZ4aFI3XzBfMEs1WGtSa0Y5emdOeWhlalhDQUNoalpRRk5zaEZzRU1tVFdBTmcyNlRlOUVzYjRYUWllanV0cXFBMmpXNFZ5VmVmRTRUX3dMSQ?oc=5,"Southeast Asia faces heightened AI boom correction risk, AMRO warns Traders Union","""(AI OR ""artificial intelligence"" OR Nvidia OR semiconductor OR technology) (selloff OR ""market fall"" OR ""stocks fall"" OR correction) when:1d"" - Google News"
2026-10-05T03:38:57+00:00,7,"['AI / tech risk', 'market selling']",Moneycontrol.com,"Asia among most vulnerable to AI correction, Asean unit warns - Moneycontrol.com",https://news.google.com/rss/articles/CBMi1gFBVV95cUxPYWhCTmNxbGkzOWxVaENBX21RMzZVT2F0TWlmOWZWV3NrWU8tdjFmOFpuakp5VGRmLXpCcWJLYzI5TldudlNHaE15TjlUYTZIY1ViYXExMUY5SUR2TFFSUm5rRmxyc0VSQWVGRE5UU0lxak04cExMNmhsM3VGQlBqQjRBS3ZEd0NacFlxLWNIbEU5OThneHFIR01IWWpFcDhiSkVjNXEwNVRjUk1lN0g2RVVnT3JESkk0ZkNiaW1MOU96aUdtQ1lWbENQcHhmT2pDTWRrcHZ30gHWAUFVX3lxTE9haEJOY3FsaTM5bFVoQ0FfbVEzNlVPYXRNaWY5ZlZXc2tZTy12MWY4Wm5qSnlUZGYtekJxYktjMjlOV252U0doTXlOOVRhNkhjVWJhcTExRjlJRHZMUVJSbmtGbHJzRVJBZUZETlRTSXFqTThwTEw2aGwzdUZCUGpCNEFLdkR3Q1pwWXEtY0hsRTk5OGd4cUhHTUhZakVwOGJKRWM1cTA1VGNSTWU3SDZFVWdPckRKSTRmQ2JpbUw5T3ppR21DWVZsQ1BweGZPakNNZGtwdnc?oc=5,"Asia among most vulnerable to AI correction, Asean unit warns Moneycontrol.com","""(AI OR ""artificial intelligence"" OR Nvidia OR semiconductor OR technology) (selloff OR ""market fall"" OR ""stocks fall"" OR correction) when:1d"" - Google News"
2026-10-05T03:13:40+00:00,7,"['AI / tech risk', 'market selling']",Business Standard,"Asia faces high risk from AI correction as risks mount, warns Asean unit - Business Standard",https://news.google.com/rss/articles/CBMi0gFBVV95cUxOVzJ6dzV5aUlTWHhydVVSaERUTjBueDRQT2NRc2ZmcURaQ1VmV2pURFppenhPbEhrNlVoV3pOUjRkTmJUVk0yaU5GZUxxdTQzTWlqU2NMNng5T2VzdWNPYUNzQzZnNUlIY2J5RlJ6RnJSM1Z4eXZoY1pKMVYzQUNzV1dwTnBaU2lPQUNsNWx5ekJTeFZvM21Idm1wT0FjQWJIN01fY1p5WEFvT19lYWpYRDdIZER4OF9aNG4tbU9WTjBnMVlWMEluTEdjWTBxUEZpdlHSAdcBQVVfeXFMUGN2aEFYLWpicXVvTVVxbkRFaE1tb2paZEVwcmRvWmdqckltTXV2amhEbHY4QUJIUkVWM1lrZkN4SkFEdVJQeU8xUkhIdlFRQ0drUDcyOTh0Yld6X2pUUnFKeTRlTE9NZ0dEUGt6em9xR3pQMHhBSEhGTjlyYlJzUk9pLVp6aTZuRzZQcVN4bW5ZMGtjWENmWE5qUW1BRkpqUjlyaGZzN3dhZnctc0g0ZUpMdmZsNmU4MzZzNlp4R1YtOFhOVVEyaEk2NDhpcHhOMjFFbi1jRXc?oc=5,"Asia faces high risk from AI correction as risks mount, warns Asean unit Business Standard","""(AI OR ""artificial intelligence"" OR Nvidia OR semiconductor OR technology) (selloff OR ""market fall"" OR ""stocks fall"" OR correction) when:1d"" - Google News"
2026-10-05T13:29:41+00:00,6,"['market selling', 'India market']",Business Upturn,"Metal sector stocks today, October 5: MOIL jumps 2.42%, Coal India up 1.26%; Welspun Corp falls 3.56% - Business Upturn",https://news.google.com/rss/articles/CBMi2wFBVV95cUxPMzNabmpRaXlkVVhSRDdURkxyT0NPNXh4OUFQTlVUS2pUTmY2WkRBaTNyb01nYmF5THpaVnV3emFyUHFNSlNVaGsxVlVqRFA1SHBWb0JPUVJkOG9kMmVodzR1aFZnQlhDaDljUzJhV3Q0VVFkckRGbXBNZi1wVWtpNVJONUY2bFFYRnRYVFFJcjZvV2RfZ21rN0p0TDZzVlhnNWllV2pvQVMxVUloZXd4eW5Qb3gxYUdVaXZrWDlWWUFDeHh5MS1wMFUxdURsTWc5UU5HMGo0QVlUOHc?oc=5,"Metal sector stocks today, October 5: MOIL jumps 2.42%, Coal India up 1.26%; Welspun Corp falls 3.56% Business Upturn","""(Nifty OR Sensex OR ""Indian shares"" OR midcap OR smallcap) (falls OR selloff OR correction OR ""risk off"") when:1d"" - Google News"
2026-10-05T10:17:25+00:00,6,"['market selling', 'India market']",Investing.com India,Xtrackers fund to vote on shift from minimum volatility to mid-small cap - Investing.com India,https://news.google.com/rss/articles/CBMizAFBVV95cUxPd2NOaklmSTVJQ0Q0cWFaaDNWbEFGQ1BsTTVpUldlT3hLOHRGcy1EcGJIRUhnS3pRWTZGNlN1VDdEUlpJcnVLNlpqQTU4OWFMTVIwV1dwamZkXzUtUVdDS0ZUcTdXWmo3dWJGREVBNTRKTDZyVzJsQzkxN2VYcUlkWHltempZbkZ4U1VPLWhZc3FLNi15Wi1IeWdUMVV3YnIxdWtrckYxY3B3TFBpQlNMUVBJb1pjcEdjQmgzS1BOd0Q1dHpHM2dYUFNyX1U?oc=5,Xtrackers fund to vote on shift from minimum volatility to mid-small cap Investing.com India,"""(""broader market"" OR midcap OR smallcap) (selling OR correction OR fall OR volatility) India when:1d"" - Google News"
2026-10-05T08:49:14+00:00,6,"['market selling', 'India market']",ET Now,"Nifty 50 falls 4% in the last two weeks, September sees worst returns since 2018 - ET Now",https://news.google.com/rss/articles/CBMi0wFBVV95cUxOd0NtZmRJbTNNY2hwLVFNTGZSblBpN0ZPWmxIZDdHa0dkLTl3Q3g5VzN3SzFKdUFWM2otNjdNYmpFNVE0dEdwcHNIdjlYdHg0dzM0ZE1jN3p1clZVVWJIdkF1c0Vkc3YyeFRLUi1oQUFOXzk1bmM2dmVvcmVibDhsU1dOT3FDRVVVUWlzSzdwRUVZd3JOZkJZajZ2SF9ubnUwZ3N3NF8ybzl0STVCQzl1bGxwWkdkN1FYZWlRTmFkc2NTV2FUNHZJUFN1a1pCY3dXdUxB0gHYAUFVX3lxTE1OY05VeWxlNFJOOEhQeWUyMjJ2TkNwMFItN0ozVGdhRE5PZUZvMUlWSW8xdERTeVZDMFZtZ2RRXzF0eWhoZUV2TndJRzRmTUZOUkloWDc3NUh0Skdib0pfVWxkUWZYQkJOU21OcUlTaXVQa2ZRTng3NTRKb25GMUJoTHlaSW1lZ0FsdXk3QW11a1I4YnJCdnFyQ0RsNXhFRG0wekhmVGxoSDdmSzhSSnNsVEJFOEZHZUFQdmN2WTd5clRUellWc1dhN1JFaFdkdEwtM25tTlpsVw?oc=5,"Nifty 50 falls 4% in the last two weeks, September sees worst returns since 2018 ET Now","""(Nifty OR Sensex OR ""Indian shares"" OR midcap OR smallcap) (falls OR selloff OR correction OR ""risk off"") when:1d"" - Google News"
2026-10-05T08:19:56+00:00,6,"['market selling', 'India market']",Fortune India,Large caps look more attractive as market correction improves valuations: DSP MF report - Fortune India,https://news.google.com/rss/articles/CBMiygFBVV95cUxPQUhzU0lMY1N6TVFXOUZKTzRwZ2ozQU1YUmxZRVo1ZVZmYUhjai1JM3lTNnF6YXF1cHRHUnFiZVJESE1RT2lBUjk4WjR0bGZlRXktQkV6ZTVad2xGVm5hUmd5OENGZTQ3dXlCck1TaW5YTkFrNWYxRUhoTFptY3lRWTdxZFVLbV9reTJUem83YjhNZDdYaVJweWlLWjFPNkc1bUlLS2Q5eHNoYllBX1B1MWtieHJFMzNYU1pZM09za1dOekFmWFJjR2hn0gHXAUFVX3lxTE14Wm9DQmM0X19RLXB0NzIxRVNScGRsRy1LN2M2Q2ZIZ0UtdWxOOFQ1bzBqQWNaanVIbElQdWJJVUd3bGpJNERJaEpmblN0ZFJMV2N5OFhPLUwyaXB5UmZ5anA3U2IxY1dqYm9PUjktc1k2TEppOVM3WmU2ZVMtWUFBSjZIdVdFcjJsbGJUWFBOaWhMbU5Ya0xzeDVvdVhlMWtjMUN3alVOX2lpeFY5emJ1dDZGNTAycTlZNXhsNFp2MGh2WDdDVk96TUdFYS0yWmtxS2hJWWpV?oc=5,Large caps look more attractive as market correction improves valuations: DSP MF report Fortune India,"""(AI OR ""artificial intelligence"" OR Nvidia OR semiconductor OR technology) (selloff OR ""market fall"" OR ""stocks fall"" OR correction) when:1d"" - Google News"
2026-10-05T08:19:56+00:00,6,"['market selling', 'India market']",Fortune India,Large caps look more attractive as market correction improves valuations: DSP MF report - Fortune India,https://news.google.com/rss/articles/CBMi1wFBVV95cUxNeFpvQ0JjNF9fUS1wdDcyMUVTUnBkbEctSzdjNkNmSGdFLXVsTjhUNW8wakFjWmp1SGxJUHViSVVHd2xqSTRESWhKZm5TdGRSTFdjeThYTy1MMmlweVJmeWpwN1NiMWNXamJvT1I5LXNZNkxKaTlTN1plNmVTLVlBQUo2SHVXRXIybGxiVFhQTmloTG1OWGtMc3g1b3VYZTFrYzFDd2pVTl9paXhWOXpidXQ2RjUwMnE5WTV4bDRadjBodlg3Q1ZPek1HRWEtMlprcUtoSVlqVdIB1wFBVV95cUxNeFpvQ0JjNF9fUS1wdDcyMUVTUnBkbEctSzdjNkNmSGdFLXVsTjhUNW8wakFjWmp1SGxJUHViSVVHd2xqSTRESWhKZm5TdGRSTFdjeThYTy1MMmlweVJmeWpwN1NiMWNXamJvT1I5LXNZNkxKaTlTN1plNmVTLVlBQUo2SHVXRXIybGxiVFhQTmloTG1OWGtMc3g1b3VYZTFrYzFDd2pVTl9paXhWOXpidXQ2RjUwMnE5WTV4bDRadjBodlg3Q1ZPek1HRWEtMlprcUtoSVlqVQ?oc=5,Large caps look more attractive as market correction improves valuations: DSP MF report Fortune India,"""(Nifty OR Sensex OR ""Indian shares"" OR midcap OR smallcap) (falls OR selloff OR correction OR ""risk off"") when:1d"" - Google News"
2026-10-05T05:47:46+00:00,6,"['market selling', 'India market']",MarketsMojo,"Markets Rally, But General Insurance Corporation of India Sinks to 52-Week Low in Stock-Specific Sell-Off - MarketsMojo",https://news.google.com/rss/articles/CBMixwFBVV95cUxPOGVrYm1iT3pCLU1fdzN2RjFtUUlQYkVsemZ4SXZUTE1yTVZEbVNLX083SVdMZ3BsSEkxVlhCZ0tpaTJkcEs3a0xtMWhaV3BFOE9SVlJnVlczazNvSUZKRG4yeDhIYzJkLUpEaDRxX3MtYTYwUmt3c05WelZhWFhiRnN6Tmo1MW8xMVM0SHJScXZ5WTVrT0NIMGpyVFdfLXZneXFNNEFIUnFWQ3NrZUdYRk9EUVIxNk8za0Y5R3gtaFhSUDAxLXRv?oc=5,"Markets Rally, But General Insurance Corporation of India Sinks to 52-Week Low in Stock-Specific Sell-Off MarketsMojo","""(""broader market"" OR midcap OR smallcap) (selling OR correction OR fall OR volatility) India when:1d"" - Google News"
2026-10-05T04:43:24+00:00,6,"['market selling', 'India market']",Moneycontrol.com,Sensex falls 250 pts from day's high as FM Sitharaman says trade deal negotiations with US 'reached a... - Moneycontrol.com,https://news.google.com/rss/articles/CBMiiAJBVV95cUxQME83b3U0WWIyN253SEV4Tk81V2Q2dmFkbUNmNlFXdV8yN1F5aWFkZUhJalZvVF96RVVKaGdyZ2VFRnY1ZjN6al91cW1OX3JYR0I0WHhKTUdmQmMzOWZqNG12cEhNdmlwWTNFODZqaWlJa0NPclFwV1VXX3JCTGE1WUxpdmNQaDBzSHFGcGNxclU3bE1OU09fcUNfdEM0bV8tRG92REE3dUZhQmZ5UDh0SnIyZ05NUHFXcU5ITm5SSzNlYjBqMlVUbENmV1BCMVBHSTRJQ3pWSTd5blE5RzJMeXlocUx2V1VTd1FlN0NkeWFoQnB1Yl9TUHNwYnRvWWJMQ0h4Y211QzfSAYgCQVVfeXFMUDBPN291NFliMjdud0hFeE5PNVdkNnZhZG1DZjZRV3VfMjdReWlhZGVISWpWb1RfekVVSmhncmdlRUZ2NWYzempfdXFtTl9yWEdCNFh4Sk1HZkJjMzlmajRtdnBITXZpcFkzRTg2amlpSWtDT3JRcFdVV19yQkxhNVlMaXZjUGgwc0hxRnBjcXJVN2xNTlNPX3FDX3RDNG1fLURvdkRBN3VGYUJmeVA4dEpyMmdOTVBxV3FOSE5uUkszZWIwajJVVGxDZldQQjFQR0k0SUN6Vkk3eW5ROUcyTHl5aHFMdldVU3dRZTdDZHlhaEJwdWJfU1BzcGJ0b1liTENIeGNtdUM3?oc=5,Sensex falls 250 pts from day's high as FM Sitharaman says trade deal negotiations with US 'reached a... Moneycontrol.com,"""(Nifty OR Sensex OR ""Indian shares"" OR midcap OR smallcap) (falls OR selloff OR correction OR ""risk off"") when:1d"" - Google News"
2026-10-05T15:42:56+00:00,5,['India market'],Livemint,Mutual fund SIP returns: India averaged 8.4% over rolling 5-year periods; how did it compare with global markets? - Livemint,https://news.google.com/rss/articles/CBMijgJBVV95cUxPNDFRR1ZWODZVWUc4d2hNZWJqNU50dmN0dHZYOGdiRE9hdVpTVmRDTENkbWpvMXczMlNLVWhqNE1tNGZnajQzU20wNS16MFBzcFVueXFYTHhDQzFKRUtwX0p0bmctcnFaeXN5LXdDYmNnaVFybFZqRGwtS0hMdGNaZFpXNjFCM1RET3FhanE0SGdCQVYtZmo2RUNCRkVBX3pfQmZzUzEtSUpvamNvdHVuT0ljV2NuUktWN0pKS1JlVDZLbmhka2hnYkV5azE3OEZCWTNSTUNDaUR3UkJPQ2VxMF9FUDJfTlRYeVJsNkZCZHNiS05pYkVEemJrQUFVQmNNcFd0RW1yRHlMa1hFS1HSAY4CQVVfeXFMTzQxUUdWVjg2VVlHOHdoTWViajVOdHZjdHR2WDhnYkRPYXVaU1ZkQ0xDZG1qbzF3MzJTS1VoajRNbTRmZ2o0M1NtMDUtejBQc3BVbnlxWEx4Q0MxSkVLcF9KdG5nLXJxWnlzeS13Q2JjZ2lRcmxWakRsLUtITHRjWmRaVzYxQjNURE9xYWpxNEhnQkFWLWZqNkVDQkZFQV96X0Jmc1MxLUlKb2pjb3R1bk9JY1djblJLVjdKSktSZVQ2S25oZGtoZ2JFeWsxNzhGQlkzUk1DQ2lEd1JCT0NlcTBfRVAyX05UWHlSbDZGQmRzYktOaWJFRHpia0FBVUJjTXBXdEVtckR5TGtYRUtR?oc=5,Mutual fund SIP returns: India averaged 8.4% over rolling 5-year periods; how did it compare with global markets? Livemint,"""(""mutual funds"" OR SIP OR AMFI OR FII OR FPI) (India OR equity OR market) when:1d"" - Google News"
2026-10-05T12:56:25+00:00,4,['India market'],financialexpress.com,Higher valuations in small-and mid-cap justified: Edelweiss Mutual Fund’s Radhika Gupta - financialexpress.com,https://news.google.com/rss/articles/CBMizwFBVV95cUxQTkxPd3d2bDNDQm41cHlIY1lfbGhiTVJmUUROZlFKSDI2NTlJUjZJN19aTXllR1dkTkpja3RoRnVhWEFJeVVldWRvVUxUTGd4N3ZiVEVVVmtWTl9kY0lwSXVsQ2VYYXZrVHlkRi1Pa0o5MDIwUThtVDh4RzRLV2l6NUdLRzlNcUtUU2h4N1ZfazFrRVBfa1JSaUFRM2ZEUUdLZDNBUVdTN0tfTFhzVTl4c2Z6ejU2UXlpOXpybGlnamJfU0o2V2hXZF9ub1ZWa2PSAdYBQVVfeXFMTXpMN0R0U1JrOFBkMXpUcUJIYk0wMmFaUjc5S0RzbU1rZURCb3VOQW5kdkJtX05TaDhvYXk3TlBHUmVURHQwcnBqLUNLQmhyTzB2akl2UnRGMmdNbXVKQzljV0VwcGVXaUNSYk12V3h1Q1NyWTJxS3JONV95S3ctb282b2NDa1dBNnBMS0F6cjFVX2dDSEQ2M3ZNTl9kVDZpbjF4YWpTNzYtWjJ3eUhHNm5OWmNHTDBacFBfbjVmOGtFX2w5X25ESWxhdmpmanNnV2lHV2NwZw?oc=5,Higher valuations in small-and mid-cap justified: Edelweiss Mutual Fund’s Radhika Gupta financialexpress.com,"""(""mutual funds"" OR SIP OR AMFI OR FII OR FPI) (India OR equity OR market) when:1d"" - Google News"
2026-10-05T11:35:53+00:00,4,['India market'],economictimes.com,JioBlackRock Mutual Fund files draft document with Sebi for a gold ETF - economictimes.com,https://news.google.com/rss/articles/CBMi1gFBVV95cUxPelREX0tTbGVhOFVHZHNWU3JMRGhBYTFsSVNwNGRiY1ZvUWpSVU4tUmhsSkZma09ON0NLUzhXNFRSbFV3TEJXU2lYRUV3RHhJcjg2QWNiQU5nTzRXVjdwbExzdVNDcDh4MUpiNWJMWGJ2WXpQYTQ5dnpwREctWkU1dUxrQnZleWR4WVhxVVJKOEU3d29qdzVyNngzTWc3TmJtOHFzTGVKaHZGN3ZYcXdrWDJrR1hhSnRfSmEweERhdlF6TFF1aVdMazBrVVNBaFZpd0FNOTNR0gHWAUFVX3lxTE96VERfS1NsZWE4VUdkc1ZTckxEaEFhMWxJU3A0ZGJjVm9RalJVTi1SaGxKRmZrT043Q0tTOFc0VFJsVXdMQldTaVhFRXdEeElyODZBY2JBTmdPNFdWN3BsTHN1U0NwOHgxSmI1YkxYYnZZelBhNDl2enBERy1aRTV1TGtCdmV5ZHhZWHFVUko4RTd3b2p3NXI2eDNNZzdOYm04cXNMZUpodkY3dlhxd2tYMmtHWGFKdF9KYTB4RGF2UXpMUXVpV0xrMGtVU0FoVml3QU05M1E?oc=5,JioBlackRock Mutual Fund files draft document with Sebi for a gold ETF economictimes.com,"""(""mutual funds"" OR SIP OR AMFI OR FII OR FPI) (India OR equity OR market) when:1d"" - Google News"
2026-10-05T09:04:00+00:00,4,['India market'],Livemint,Nifty has fallen for 8 straight weeks: How should SIP investors rethink their strategy? Experts explain - Livemint,https://news.google.com/rss/articles/CBMi_gFBVV95cUxOR0lLRjBMbEFYQndPUWE2SXZSYW00Q2VZVnVCY0l6WEZGLWJDTERxVERWZGN6R0xibVlfa01zTjc2U2o1WjVlcGllbGxFYUN5ZUZGd3dscTIwTkhjY2tRbkJaMTJRRG5haWRCRzJUc3N3RlZjaWR3TlljQ0ZBeUlBcWhmbWYwd1Q1Mm93a3Y0ZkpCTzVxdEFrLUhuYjBYbXU4RXpZTHE2bXEydW44U0NlWW12WTQ4QXRmWldrdF8wQjhFNmNkcTJQOVlSTnVXNXcwWllId2ViclZDbWpybDdkNWk1NWZQb0lqNnZqODNQTTljUlFQanYyNzNuWmhHd9IBgwJBVV95cUxQUXYtbzc1amU0bEFJOU1MUFpLRHJCak9VekxDMFRSbFBqTWtTM2pHZU9zdTgzbzVlc2dmelVNSEtwVzdDUjdMTHRtSXYtZFFVRlBFTjBnSjJQZ3BrYXYyU0JBdldUSnRrUk1WYlF6bTZablBFSEZWbkNIckxoeTBnODlRekI3cTBPblpZdkVkZy1hYl8xdzM3TlZZRTZBbkVFM3RFdk9jSzBybXdiY0VGaTlFZWt5X0MzMldacFZsd0g1cDlUeU1RN3lEOTU2bmJpSUZpR3IwWW14UDQzX2JLRWZUeUhNM19jUXFjTjN6aVVSbWFnWmZhTXVqUG1UOEhUcFhB?oc=5,Nifty has fallen for 8 straight weeks: How should SIP investors rethink their strategy? Experts explain Livemint,"""(Nifty OR Sensex OR ""Indian shares"" OR midcap OR smallcap) (falls OR selloff OR correction OR ""risk off"") when:1d"" - Google News"
2026-10-05T08:02:41+00:00,4,['market selling'],Inshorts,How should investors handle SIPs during a market fall? | Most equity SIPs target 8-10 year goals | Inshorts - Inshorts,https://news.google.com/rss/articles/CBMiowFBVV95cUxPcmVfZHE1dGJCWnFXU1M0WlBMbmpudXRzZ29xdnQ1dTBXYUtoUGg1M3hmUGhCc29XYjJJLW1RUUNEM0dFTFZFNHkySm1YelFxN1B2dzh3M0hNSEhnQ1FOUzZyNHRhc2pFOFRBVzBJQXp3a1d1bjdzN3l5MjZLLWJqQlZsOFJRZVFNdU55LWRVbXZmSTlFUE4wQUFjMWtHOXB4dFBz0gGjAUFVX3lxTE9yZV9kcTV0YkJacVdTUzRaUExuam51dHNnb3F2dDV1MFdhS2hQaDUzeGZQaEJzb1diMkktbVFRQ0QzR0VMVkU0eTJKbVh6UXE3UHZ3OHczSE1ISGdDUU5TNnI0dGFzakU4VEFXMElBendrV3VuN3M3eXkyNkstYmpCVmw4UlFlUU11TnktZFVtdmZJOUVQTjBBQWMxa0c5cHh0UHM?oc=5,How should investors handle SIPs during a market fall? | Most equity SIPs target 8-10 year goals | Inshorts Inshorts,"""(Nifty OR Sensex OR ""Indian shares"" OR midcap OR smallcap) (falls OR selloff OR correction OR ""risk off"") when:1d"" - Google News"
2026-10-05T06:27:59+00:00,4,"['India market', 'macro / flows']",The Sunday Guardian,"Sensex Today: Index Gains Over 600 Points; Banking, IT Stocks Rally, Crude Oil and Fed Outlook in Focus - The Sunday Guardian",https://news.google.com/rss/articles/CBMi5gFBVV95cUxONjFyNWVxY3pXYXR2NmZ2VjJqbHdrSjkzSEJHYUk3dFhDZkh5TExIUmg3MkI1UUtKalpBUTdXNUkzV1RfdHcwRmpmWno1bFJmZnJidlNOM0tROW0taU1xdDkxZk9JUHpybWZvdm1Zel9LV2w3SVBUMlVxX25NdTQ4R2hRdms0ZkZLVkRSOHB3eGc4OHdHVXB3N01KN1I4cHhpZHdxQ2RraFNsVnVnZHFpbTVrdnRVV01ia2E0Vm1RZGNrRXNkX1k2SE5RU0dwSnhWd1JDd09IeVdReWZtWEtjVE9SNkdRZw?oc=5,"Sensex Today: Index Gains Over 600 Points; Banking, IT Stocks Rally, Crude Oil and Fed Outlook in Focus The Sunday Guardian","""(Nifty OR Sensex OR ""Indian shares"" OR midcap OR smallcap) (falls OR selloff OR correction OR ""risk off"") when:1d"" - Google News"
2026-10-05T05:48:45+00:00,4,['India market'],economictimes.com,"AMFI reshuffle: NSE may get largecap status, SBI Fund Management may become midcap in H1 CY27 - economictimes.com",https://news.google.com/rss/articles/CBMi7gFBVV95cUxPXzJWMzNwXzZTaXlvQzRrVmpaZnJZR1B3Sy12R0phc2hUZEp5MzN4SDM0V1RMUUloYUhRQmN3aHNhZTBsb1BpZkJ6V2xac1Vic05TMm8ydHgtR0JMOEpHdVJOYzdkUlNkZVY1N3o3NkxXdzdqMmJhTEpFZGdkN3RPZGpvM3EzRmRuT1FFbFlzTjhwTkYxelhmaldDT05RM2xsWHhxX1MyTGJBUVd5ZUNDb3BZUy1wUFAwM1VENWdOaVNzM2YwUE9rTWR1NWpiTVEzQ29lMzR3UTNWbXZiemxvSWVNQkZZQ0dqUXVZUVd30gHzAUFVX3lxTE5va2ozeFo5eFBxSzVsNnlNTldLTTQ2T29tX1dZSFFTTWlybk5nMWxIcTBnOVBMTi1xZ0dPQWpFNmlCcDdmd2NGdnlOLWlTdkstaTlyc2ltQk9USTBVeVRScUJndnJJLXJhUDE1NGlZdWN6WHF1R3dobW1WV1hGVXRlbWFHbUNtVVRZQW9sQ2R6R2tWcl9wNWdpU1JpTm82ZFVjTjhOcWpieFZHbnRnRlFYOXJqSV9YazZGdnBmbmdpOVRYTUJoU3lURWJMcGdndFYxME9LSDBPMUtYeXkwczZpVmtLek5JQV9wa25GWDdWNWc3MA?oc=5,"AMFI reshuffle: NSE may get largecap status, SBI Fund Management may become midcap in H1 CY27 economictimes.com","""(""mutual funds"" OR SIP OR AMFI OR FII OR FPI) (India OR equity OR market) when:1d"" - Google News"
2026-10-05T05:48:36+00:00,4,['India market'],economictimes.com,"AMFI reshuffle: NSE may get largecap status, SBI Fund Management may become midcap in H1 CY27 - economictimes.com",https://news.google.com/rss/articles/CBMi8wFBVV95cUxOb2tqM3haOXhQcUs1bDZ5TU5XS000Nk9vbV9XWUhRU01pcm5OZzFsSHEwZzlQTE4tcWdHT0FqRTZpQnA3ZndjRnZ5Ti1pU3ZLLWk5cnNpbUJPVEkwVXlUUnFCZ3ZySS1yYVAxNTRpWXVjelhxdUd3aG1tVldYRlV0ZW1hR21DbVVUWUFvbENkekdrVnJfcDVnaVNSaU5vNmRVY044TnFqYnhWR250Z0ZRWDlyaklfWGs2RnZwZm5naTlUWE1CaFN5VEViTHBnZ3RWMTBPS0gwTzFLWHl5MHM2aVZrS3pOSUFfcGtuRlg3VjVnNzDSAfMBQVVfeXFMTm9rajN4Wjl4UHFLNWw2eU1OV0tNNDZPb21fV1lIUVNNaXJuTmcxbEhxMGc5UExOLXFnR09BakU2aUJwN2Z3Y0Z2eU4taVN2Sy1pOXJzaW1CT1RJMFV5VFJxQmd2ckktcmFQMTU0aVl1Y3pYcXVHd2htbVZXWEZVdGVtYUdtQ21VVFlBb2xDZHpHa1ZyX3A1Z2lTUmlObzZkVWNOOE5xamJ4VkdudGdGUVg5cmpJX1hrNkZ2cGZuZ2k5VFhNQmhTeVRFYkxwZ2d0VjEwT0tIME8xS1h5eTBzNmlWa0t6TklBX3BrbkZYN1Y1Zzcw?oc=5,"AMFI reshuffle: NSE may get largecap status, SBI Fund Management may become midcap in H1 CY27 economictimes.com","""(""broader market"" OR midcap OR smallcap) (selling OR correction OR fall OR volatility) India when:1d"" - Google News"
2026-10-05T04:51:17+00:00,4,"['India market', 'macro / flows']",Rediff MoneyWiz,"Rupee Trades Narrowly vs US Dollar Amid Oil, FII Outflows - Rediff MoneyWiz",https://news.google.com/rss/articles/CBMirAFBVV95cUxNdlRVaWFaSTJGTjNrNGJKMXdlRmNxQ0kzaWpWZXc5SkUtc0lPTFE4MjVJSTZkNFR4UU5UZnpSVE9OSE5jaEREVUozeHFXTThwZDRtS0FJM0RST29vZWM3QlJwdTN1U2VEOFBNTUN2S1V4X09nQ1BVR0FRcTBfWXlqOGVaNklmSkpaTnF3OXBfME8yMXZOZC1IdnhQSFUyeHJoUnkzUXhUZ2J0YUpO0gGyAUFVX3lxTE15RnF3aXNOSElWRkJfc1VNaU5tMFJsTVU4TmFTTVhJR3hIYlBLZjQxVnhiLUN4M2JHZGtwZTh5T0l0XzI1OEh2dlE2T3RXMjN5ZFlrZVVrMkVFXzlJZlVlS2t2Ujc1TTJIS0dQc3pRb3JCbGVTSWx4UzlnWEZTbm51ZDZ1cVk2dlZ2NUxkY0FHYnZHbGFhN3llQ2xETFFaTktwVWVpZldCX2YxRUVJS1JMRXc?oc=5,"Rupee Trades Narrowly vs US Dollar Amid Oil, FII Outflows Rediff MoneyWiz","""(""mutual funds"" OR SIP OR AMFI OR FII OR FPI) (India OR equity OR market) when:1d"" - Google News"
2026-10-05T23:06:46+00:00,3,[],Coinfomania,DFA Converts Cloned Mutual Funds into ETF Share Classes - Coinfomania,https://news.google.com/rss/articles/CBMihwFBVV95cUxNN2ctU01NQmFPTnU1QTZmTTBSTTJ2QjNmcGVaRVZsa2JxdXJKSnA1SU9PczBtdE5BLUpBWkRQUWpyd3ZDNzMxRk5KOGhtUFFIbHZ6QmVaREQwTlA1RmpsOTNlV3VERkJrV3RUSXpzamsyY1lWaUdkNU5oZi1rMm92S19RTWsycWs?oc=5,DFA Converts Cloned Mutual Funds into ETF Share Classes Coinfomania,"""(""mutual funds"" OR SIP OR AMFI OR FII OR FPI) (India OR equity OR market) when:1d"" - Google News"
2026-10-05T20:52:28+00:00,3,[],Myinvestmentideas,Top 10 Small Cap Mutual Funds by Rolling Returns (2026) - Myinvestmentideas,https://news.google.com/rss/articles/CBMid0FVX3lxTE9GaGNuSllhc0RBX1RJT05IMU5iVzQwNkdtbS1Jckd6a2drSXlyT2prZzFBeU04ZU9zVjJ4NW5GakJoV2lST3B2dlUwTTU3Y191b2FGcEdFMXRPblNlTlJqcm10RlhuZ2k5bWI5RGxFSVNNdU1Cejhj?oc=5,Top 10 Small Cap Mutual Funds by Rolling Returns (2026) Myinvestmentideas,"""(Nifty OR Sensex OR ""Indian shares"" OR midcap OR smallcap) (falls OR selloff OR correction OR ""risk off"") when:1d"" - Google News"
2026-10-05T19:03:46+00:00,3,[],Myinvestmentideas,10 Equity Mutual Funds with Low Beta and High Alpha - Myinvestmentideas,https://news.google.com/rss/articles/CBMiogFBVV95cUxOSVVaSHIxMXAweU9OaHJqd0ExY0YyY2I3Y0YtUW5Kc3h5UGFzWktBT19hQmFaN2xHd2JORHM1LXRJZ2FUd29UZ25SZ3I1RHJXOC1OVlBMQnhwV2lUMGNOZmZqbXZySTJULS1kY0FreXN3NFFiMnBDNVg3NzBYTFNzamUyeG8wRWZNaWdyeUItekVJdThBU3R2SDZ6bEMzS0Jma3c?oc=5,10 Equity Mutual Funds with Low Beta and High Alpha Myinvestmentideas,"""(""mutual funds"" OR SIP OR AMFI OR FII OR FPI) (India OR equity OR market) when:1d"" - Google News"
2026-10-05T18:26:00+00:00,3,"['India market', 'macro / flows']",The Indian Awaaz,"Oct 5: Sensex, Nifty rebound after four-session slide as crude eases; RBI policy in focus - The Indian Awaaz",https://news.google.com/rss/articles/CBMitAFBVV95cUxPaTU4SmFUaElXSHlhenVqN01BOGUwdUFoUk5IeC1YZm9Wd3JBYi1TNWtNbXZHdHpkVEsxUVJOZ0tDM1dqT1RlaDAzM2tsb2RRVW9WaU9OMGdUaHJmUGZoTjlpTDVQbHFpRXhuZkdOcHd4Vk1EVnQ5eV91ZnNOUllzNzhvLXNnY05SN2ROeUJZMkJVVndOTnVhOTZOejBrN0hDQVlhMXZTYUk3c1JzM2c2THQxODQ?oc=5,"Oct 5: Sensex, Nifty rebound after four-session slide as crude eases; RBI policy in focus The Indian Awaaz","""(Nifty OR Sensex OR ""Indian shares"" OR midcap OR smallcap) (falls OR selloff OR correction OR ""risk off"") when:1d"" - Google News"
2026-10-05T17:40:34+00:00,3,[],Livemint,IPO mutual funds: How do fund managers buy and sell shares at pre- and post-listing stages? Experts explain - Livemint,https://news.google.com/rss/articles/CBMiggJBVV95cUxONnFtYksxazRqd0haejYyM3VQNXdLZC0wWjl0MXBxTTI1aUtaMldUaUpEMDlKdC0zQnFsVzd3eFZubkZWQ09xcEgyTXpBY1N1cWZoWlpzT1c0S0trNEJyZzZGa1BSTS13MWM2TVl1WVFlcXIzdm5ueE9zRnVjLTBIZmk2WWMzOGs4aHlRbWE3OThCMl9feXp1eFZTTHVvVUpKY3VXenZTUlBpQ2VIdHNPXzVqVkpDRDg0QmxLaThnUlJtMV9JYkFZVWl1cnRheFZGUUxXcnlHZ3R2N2Jud3RFN0tpWGxEdWJiZnNjVHA1ME9mU0dJQWRSdkdma2FmUmZxd1HSAYcCQVVfeXFMUE5oZW9mYm1Lak14MnF4dUhIX2NodmRNN1liODV2azEtcU9mQTRhVEVXNlBsOTYtM3ZqRlBmQVhHMXpzSVZac1RveWEzVHhIN2lGRjgwYVU1el9ib3h3OWV0bkQweFZPQnM1T2UwZWY5TUdQeVpIdFhPTUh3LTdKTUdoeWZPWV81bHVYTEpGcThXd3BRejl4ZXdETW9tV3EwZC13eFRiS0VyVU1tTVpfcXZzeW16amRLVTBQaXBidjk1eHFoMHRZM1FmYzJMdFhvTnA3WW9BVVZBZVBBaEZOZXhYTm5GZjIxelRaSUszNjBfSWprcFA4YlZlNWExejZVZzBhNGZzbVE?oc=5,IPO mutual funds: How do fund managers buy and sell shares at pre- and post-listing stages? Experts explain Livemint,"""(""mutual funds"" OR SIP OR AMFI OR FII OR FPI) (India OR equity OR market) when:1d"" - Google News"
2026-10-05T13:43:00+00:00,3,[],Babushahi.com,SEBI's Project Jagrook Goes to Campus: AMFI Partners with Panjab University to Take Investor Awareness to Students and Educators - Babushahi.com,https://news.google.com/rss/articles/CBMimAJBVV95cUxOaWtXalJzTDBIS3JIUUowTGJGNHVfaE9aV1VIaTB5bEpsM2FBNklFTW9FYUhDLTZhcFhQR1cwSVF3eXczZG1qdWp5UFFyOFFHZGhNS1Z1UEdTUlRkcEtPS19kd0p4eDJqYlp3TVlxMmdGODdfUllVTjhMU0drUVp5aU5xT3RVTXBKQlZ4YUE2OGl2Z1lDOGhDbi11cWV1ZjZ6Z2owS3Q3UWRIRTJBWlVwUzJnVUZYS1NXRFVhUzA2ZDB6QUFqOEs1RnBCNWIwY2FUbDBXOElGM3FTc2pzZVlueXQ1c1ZBRWVNWkVhYjZhN20xQUxuamxzSHdRc18wX0JZMmhvMUVRV29UTnF3SWJNUm1Pc2cyMFEx?oc=5,SEBI's Project Jagrook Goes to Campus: AMFI Partners with Panjab University to Take Investor Awareness to Students and Educators Babushahi.com,"""(""mutual funds"" OR SIP OR AMFI OR FII OR FPI) (India OR equity OR market) when:1d"" - Google News"
2026-10-05T13:23:00+00:00,3,[],The Statesman,Empowering Young Investors: SEBI’s ‘Project Jagrook’ Comes to Panjab University as AMFI Joins Hands to Boost Financial Literacy - The Statesman,https://news.google.com/rss/articles/CBMi6AFBVV95cUxNaWJGeVlWX05kdmVkZ0MxVDFhcFA3b0d6ZzB3Si0xcW16VVBwTU9Fd3VyV2poOHBGSzNUeXBteS1uTll0Vzd5eUlqYnR4bERHMmlnVVNNdUxHb0F1UUJRUG9BdjE2OFVMT2lGT0h4dFBZTWZBS3lLeS1Sa3lkNENDYnBoSTdmR1gwV1JGZ1QxWE96dzVwWVA3OXhfM2JOWFJlQ05lX1o3M2huMVJTVTJ5eThSeHJTMzhwX1N4UEZHQjk1QmtuOTgxbU82ZG1iRDRxNmYyMWdUTTFkZThOU0xvSGQxdmtEVnJW0gHuAUFVX3lxTE03UFNEbW5rRWp1VWFjYzB4QmVpcG1aQ2Q0aUQtQk9qeDZ3am1INE1LekdIa0hnY0JKLTdPUlF3UlpBSTJ0QnNLMVlIUHV0eHVDUTFmNklVRWUzV21oY0VNZE9iZVdpb0M5XzI5akdPTm42SWFNTlBpTGZnN18zQzFrNW9QZDNsQlR2WUdEOExmQ3NZbmI3VG9UVi1HNjFTMnpidkN0Smxha08yVF9oc1VxaHdVcEl1elJnbGx3eXQ3SGRFcm0zWFBVWnlpbUFvMFJvdlpmb0FrT0VnemE4dG9KVE1Ea25RcWgxSU5NVFE?oc=5,Empowering Young Investors: SEBI’s ‘Project Jagrook’ Comes to Panjab University as AMFI Joins Hands to Boost Financial Literacy The Statesman,"""(""mutual funds"" OR SIP OR AMFI OR FII OR FPI) (India OR equity OR market) when:1d"" - Google News"
2026-10-05T13:09:54+00:00,3,"['AI / tech risk', 'India market']",Moneycontrol.com,"Greenko-promoted AM Intelligence orders 20,000 NVIDIA Rubin GPUs for India, Malaysia; targets 400 MW AI... - Moneycontrol.com",https://news.google.com/rss/articles/CBMiqgJBVV95cUxQWXhRc3FycGlLYThkX1k4bmtRSHNSbDU5WUtDelh6eWx3QXBnZm5hcFpkeWdnT2YwdjByVm1mUnFPVXFrd1RWVFQ2Q3lXb1JkRXJXQmlFM200SktZYmNDVWxkTl9FY2s2N3ljYTRGS0FZeHVXYzRpRXM4TFExemFKY0FaSEpPcURMekh6UERydk44UFQ4Z3VKRlFjVTlyUFk1bTlVNDNNdlcycEFHWkpfNDdRUEFYWHhrenlpcm9yajFDYTYzcXNVN0MxeFRoMmNTd0ZHaEx4YTBESkFDUGVEbW5QMTJmaDdrbkc4cU5scy1BQ1psOWFjNTBEWnJ1M0p2WE1HbDY1Z0lzVldxVUpkMEJMTHc0R1F2UmdCazg2NkFHczJzR08yV19R0gGqAkFVX3lxTFBZeFFzcXJwaUthOGRfWThua1FIc1JsNTlZS0N6WHp5bHdBcGdmbmFwWmR5Z2dPZjB2MHJWbWZScU9VcWt3VFZUVDZDeVdvUmRFcldCaUUzbTRKS1liY0NVbGROX0VjazY3eWNhNEZLQVl4dVdjNGlFczhMUTF6YUpjQVpISk9xREx6SHpQRHJ2TjhQVDhndUpGUWNVOXJQWTVtOVU0M012VzJwQUdaSl80N1FQQVhYeGt6eWlyb3JqMUNhNjNxc1U3QzF4VGgyY1N3RkdoTHhhMERKQUNQZURtblAxMmZoN2tuRzhxTmxzLUFDWmw5YWM1MERacnUzSnZYTUdsNjVnSXNWV3FVSmQwQkxMdzRHUXZSZ0JrODY2QUdzMnNHTzJXX1E?oc=5,"Greenko-promoted AM Intelligence orders 20,000 NVIDIA Rubin GPUs for India, Malaysia; targets 400 MW AI... Moneycontrol.com","""(""mutual funds"" OR SIP OR AMFI OR FII OR FPI) (India OR equity OR market) when:1d"" - Google News"
2026-10-05T12:10:45+00:00,3,[],Livemint,"Top equity mutual funds in 2026: Which active diversified schemes lead YTD, 3-year and 5-year CAGR return charts? - Livemint",https://news.google.com/rss/articles/CBMiigJBVV95cUxOVDlMcHNsQnFpbXktUEgzcG9GQndHbEdaNy1hNUJUOUoyZGNhYVpySVJkNWhPSDZfaHFXN0tLRTQ3SlYwZG9jRlVlc1hobzhfWHRLTmRsZEVleUNidFI0cVpGVHo1Nm1GSGJjakUycWVsM3hMVUVoSXJqaG85RlIxSEJ3cFh2c0tvdjJLYmdJdzdvMTBfSHR4MUFKR0phckhtTU9KQ2lGM3BNelBsaHlldGRzLTZQZWFTc1hNS19DSnE5UTgxR0gtMTd3V0ZMXzQxbExMVC1xWHkwc2xuVm93YmxLcnEtVXREd1JsMlN3TExIdjRWU29DaTMtNFRoeGV6N19GcWRNTk9MUdIBjwJBVV95cUxPNUdiUVYzNHVHOU8taTY1NmRyMFh4VHNlQzc4ZkNLTHhLeC05WjNCSXBkc21JU1NIQWh3YjFHRzNIN3RqV1otaENsYko4MXBkOWdqV3NfNDVWbnNTRmUtV1RPc19veUhoSGpZRTc4V2NxbUs1WEpKUjBSaE40ZUE5TEdFZ1VMcC1HRzRTTnBTN3UyOHJIc090bTRVRTB0ODc0eG1Vam1CZVl5aU5TS2Q2R0ZSMUFpU2M5M3BGaTlTSmQ5RVdrLUREbWRIanpnZGRKLXBJV2xsRnlZUElGX2VUSC1mRFhwMng0TEtka1RyeW1qay1JSHI3WjQ5Zmx2SzB2aTV4eDJFbTZzZmZlSkM4?oc=5,"Top equity mutual funds in 2026: Which active diversified schemes lead YTD, 3-year and 5-year CAGR return charts? Livemint","""(""mutual funds"" OR SIP OR AMFI OR FII OR FPI) (India OR equity OR market) when:1d"" - Google News"
2026-10-05T11:26:19+00:00,3,[],The Economic Times,Looking for regular income from mutual funds? Check these hybrid funds with up to 10% gains in 3-years - The Economic Times,https://news.google.com/rss/articles/CBMigwJBVV95cUxPYjEza25zd2hqQW9KeXNaRUR2R1puTUhHVUdxUzEyN0ZWUUpobTRjUTZ3cG9OX3ZDUmZ3dkFHa0E4N2RGa2c1WXBQbWtWX3ZDWEtCSlJrYlFlbzZxMXUyM3ByaFhzeXVtX29TUFVSU195eThORzhrWHpTM3hha3BYQmNxVl9mMTdfYTRJRjljTkc4WXdhTkkyT0V1YXBEWVczaWxzdHlBV25YbFMyMTFNYXF6ZE1kVjl0YmVMdHhFUWdYOWlQeFhDTUdfd1A3cTc4Um1IOEYtNVFPNE9HNy1uVnFPWW9naEdTWG90LV9fSU13TVpSUGNIQVRRekk5UVNRaDV3?oc=5,Looking for regular income from mutual funds? Check these hybrid funds with up to 10% gains in 3-years The Economic Times,"""(""mutual funds"" OR SIP OR AMFI OR FII OR FPI) (India OR equity OR market) when:1d"" - Google News"
2026-10-05T11:02:03+00:00,3,[],PR Newswire,CIBC and CIBC Global Asset Management expand access to existing ETF strategies with three new mutual funds - PR Newswire,https://news.google.com/rss/articles/CBMi3AFBVV95cUxOS1dlZFNqendPeFFmdTVWUV9XS01DRTVOQXYtamlHemU2d013Q3RuN2FHLW9vTTM1WUs4aDR1SnNwdFVWeFRNa0VHQjZUY3ZPZ0VZMjM1am5LaDF2eFRnenROWVVpUDlpV1NaOWlpa1lRZ0F4S3Vva2ZXeUNKemlrYVoxZEx5aE1DcDR3R0VCblRYcU96ZmV3c2VMYTQ2dWlBYnJwNUtEblF6andmR0pYTUhpVjRNQjlSUUlmXzhweUlGWEtPYXRDcV9neXAzQS15QlVjVUpsbGtqbkxP?oc=5,CIBC and CIBC Global Asset Management expand access to existing ETF strategies with three new mutual funds PR Newswire,"""(""mutual funds"" OR SIP OR AMFI OR FII OR FPI) (India OR equity OR market) when:1d"" - Google News"
2026-10-05T10:30:13+00:00,3,[],dhakamagazine.com,BSEC advises investing in mutual funds considering asset value - dhakamagazine.com,https://news.google.com/rss/articles/CBMisgFBVV95cUxQVmF5eXhtdjFidXdXTHZHMHdHS1pna2pVeDJKWU93SFo3SjJaT2YySFlPVmhZVVpoWXAwSE56OWYzdkxvSG9EWmFfQ1lXZXA0b0pYQjhIMjFYRmpMdngycEZCZkRqV2RfbDBJa0gxZTJBZ3FYalB0NDV2YVc4QVFhRWN4S1Y1YXFHbHM1SmYtc0YzXzNCZm1WM0ZxNVdTcndhbklBWHp2YjA0Qk9PMlFQTGdB?oc=5,BSEC advises investing in mutual funds considering asset value dhakamagazine.com,"""(""mutual funds"" OR SIP OR AMFI OR FII OR FPI) (India OR equity OR market) when:1d"" - Google News"
2026-10-05T10:07:23+00:00,3,['India market'],India Today,"Sensex ends 472 points higher, Nifty above 22,500; ITC up 4% - India Today",https://news.google.com/rss/articles/CBMi6AFBVV95cUxPTG9YcWtPa1M5amNaUHh3cVRlN1p1a0RzRTczcUlSZS1IUDAyZGNrdzdxcjJGaU1MN094LVY4c2xMYmZNNFV6TGJwcnR4aXNzcG5zM0pVU2tFa1BQRzhBQlZFMHA4b3ZReWdnWFVLNHJtbTkyUVk2Y1BFNUpoRy10eG1EYkwwV0NSOWVySWhqZnZ3X19VWTNVQkVjTzRvMkdGVkJLdkh4Ml8wRi1pN0hLZVVrSUFzRmtwaXBMUER5czJ5WWVYc0duWkUybW9ReV9aVTRKTmNOMldHbkRBRUpaQ0NGVVdRU1dI0gHuAUFVX3lxTE1fM0tHZkl4Rk4yUjAyQUJJWE5XVU05dl85ZVVvV3NXUTBYSFlfSjdmblB4WjhNb1kzaW1QTjVBNEdFaGpJMDZZcHNXbmZhRFVXVkxHbHlmbGVNNmxLVnJyeXRjTzFEakJRMkhwc0hGQ2JDUzkwTTQxVEFCRXl3TUxiTzlSNnZUVndkaWRvcUhBZTdoRk5pdFMxWjdMYURRc2RPZWxjdGVrTjhMVndZRF9OZS1WTTlLNXJPWFJBWGZ1YVRzdzFHZTlWT0ExanhlclJFVWdBcWJYa09WNGhrWEJ2QkZNMFIyODVsRFFXNlE?oc=5,"Sensex ends 472 points higher, Nifty above 22,500; ITC up 4% India Today","""(""broader market"" OR midcap OR smallcap) (selling OR correction OR fall OR volatility) India when:1d"" - Google News"
2026-10-05T09:57:00+00:00,3,['market selling'],kalkine.ca,Enablence Technologies Stock Falls 2.91% as Volatility Raises Downside and Correction Risks - kalkine.ca,https://news.google.com/rss/articles/CBMiwgFBVV95cUxQVVh1ckp3OHRhTlpHQm1WZXZQa1U4N2UtMjM4MkdRWngwVW9Hb1RRQldTWGZzMU9RNGpSam1FZ21Tb0pHUlNSZTF3R1hhNGZjbE9IX2hIeUw2U2p6UlVKYnhtWDZlVXN0QXlnZlNsT01XQjNxU0kzbkFxc1RMYjdwYUNMWGxVUTNMbUhPNUZBNWlURGJSV3RaVVJfODFTNjNmSTdOUHJ0eGJhNWxlYm00U3BVajFGWmRJYWx1aEVwRmRsZw?oc=5,Enablence Technologies Stock Falls 2.91% as Volatility Raises Downside and Correction Risks kalkine.ca,"""(AI OR ""artificial intelligence"" OR Nvidia OR semiconductor OR technology) (selloff OR ""market fall"" OR ""stocks fall"" OR correction) when:1d"" - Google News"
2026-10-05T08:39:27+00:00,3,[],economictimes.com,"12 equity mutual funds turned Rs 10,000 SIP into Rs 10 crore since inception. Are they in your portfolio? - economictimes.com",https://news.google.com/rss/articles/CBMiggJBVV95cUxQVDF3VlZxcVlLeVByWWhkdGtfckJKdjEtNEhRWEJwdWQzWnN4aEt2Q3JmeDdBbmc0ejJPdnlNbkxYYnFLWlliMUFiNWRRejBQaUtPYmlnRDBlWWk5NncycGpGX1NsNEJtVkF3T1FCemwxVVlrZFFJNmJMWlNXTG1MekdlS1dNeEd4RmJzWURNcVVFaWRTUzZJM3VzQ0xKd2xBNk5zMDhWVmFWNWFpZmNVT2ZpWlltYzVpQVZKTExmZTk3aV9rRkhXSmthcFN0TXgxbUFRYVlXQWFrSTZVR3M3dFhhNHFIQXhUTlpqNDhia0U3MHI1SGFjVDZiaGpnN2xhTEHSAYICQVVfeXFMUFQxd1ZWcXFZS3lQclloZHRrX3JCSnYxLTRIUVhCcHVkM1pzeGhLdkNyZng3QW5nNHoyT3Z5TW5MWGJxS1pZYjFBYjVkUXowUGlLT2JpZ0QwZVlpOTZ3MnBqRl9TbDRCbVZBd09RQnpsMVVZa2RRSTZiTFpTV0xtTHpHZUtXTXhHeEZic1lETXFVRWlkU1M2STN1c0NMSndsQTZOczA4VlZhVjVhaWZjVU9maVpZbWM1aUFWSkxMZmU5N2lfa0ZIV0prYXBTdE14MW1BUWFZV0Fha0k2VUdzN3RYYTRxSEF4VE5aajQ4YmtFNzByNUhhY1Q2YmhqZzdsYUxB?oc=5,"12 equity mutual funds turned Rs 10,000 SIP into Rs 10 crore since inception. Are they in your portfolio? economictimes.com","""(""mutual funds"" OR SIP OR AMFI OR FII OR FPI) (India OR equity OR market) when:1d"" - Google News"
2026-10-05T07:54:23+00:00,3,"['India market', 'macro / flows']",Kalkine India,FII Selling vs DII Buying: What September 30 Flows Reveal - Kalkine India,https://news.google.com/rss/articles/CBMi1gFBVV95cUxQV3p4dGtrMzczdWlMN0dCci1EQ1llemdlcVNTNWxBektXZC1IQmtfd1NucjFGdTVVMTI2UjF6S1p3MUNkZ0U3YXBKcWJrelljYklNOERhei10ZUIwUkJNRHM0QVhDRjVWTGtNbHZhNWo3UFQzdGpFYlNiNHRqZ0Z4dEZSUDFIYWt2WUppVVhyZkpZVEVYRzB2Y2UwMVFMbjlnOHNZQkRzUDFSaElpb215SFlWam90NkRNOFdiRmVtZ2JFbUNSYkVjN1A5ZUlRc2dtWkhzb2pB?oc=5,FII Selling vs DII Buying: What September 30 Flows Reveal Kalkine India,"""(""mutual funds"" OR SIP OR AMFI OR FII OR FPI) (India OR equity OR market) when:1d"" - Google News"
2026-10-05T07:46:45+00:00,3,[],Upstox,"5 things SEBI Chairman Tuhin Kanta Pandey said on IPOs, mutual funds and easier market access - Upstox",https://news.google.com/rss/articles/CBMi-AFBVV95cUxOdkVxQmRWdVhXa21BYWZ4b3ZoUVdSSTM4M2RLNGU0dEp6REpUQ2U1aTNTMVNNRFN6NV9xWmI4MXBjOUdMSGc5N0c1ZEdiMjBBZ1lLTzR1X2J4VlJXUm9Kdk9ld2RmR1U1S2NmXzVXUGZIaUVoSURyMTBQR1d4LXRoNlpqRFBjQjdpZkRYdjY2elJMcG9ya19nSi1pT0k0NGFmY19XcDhlblZzLXl4RFZmUlB6alNxU0hUNU5yeWw5OHM1VDRVNVZaVENlcElEbGx5eEVmQWNwVjVJZWlrdzBqV3ZQVUFhMXlyU2dDbFdwUTF0NFVFQVc5aw?oc=5,"5 things SEBI Chairman Tuhin Kanta Pandey said on IPOs, mutual funds and easier market access Upstox","""(""mutual funds"" OR SIP OR AMFI OR FII OR FPI) (India OR equity OR market) when:1d"" - Google News"
2026-10-05T07:09:42+00:00,3,[],Trade Brains,Top 5 Small Cap Mutual Funds Delivering Up to 20.8% CAGR in 10 Years: Should You Add Them to Your Portfolio? - Trade Brains,https://news.google.com/rss/articles/CBMi2gFBVV95cUxNUlh4aXRabXF6Mi1PVXFVazhnb2toOEJQSEZCTGpEY1NjQzExNGowR2dsWFBYSlFsaEx0V2l5VEVxQVhkNTVzeFRQcjVzY1hpUm1EMUFYOE9seW1qWXN0X1lwTUo3MVNiU3JRUU1USjdMUlRhYTB1bFNmRHJwbmdESnFPZHJhMUt0VUhqTl9nRU45ZmpfeEl2Ti0wTUtIeGk3ZnpLUEtfbnN2Q1BVX2pxSmVCQm1fVTBWVlNuYU9QYjdXUXp2RXg3dXBoV2lidWRXZUFzWnhFRkpmUQ?oc=5,Top 5 Small Cap Mutual Funds Delivering Up to 20.8% CAGR in 10 Years: Should You Add Them to Your Portfolio? Trade Brains,"""(""mutual funds"" OR SIP OR AMFI OR FII OR FPI) (India OR equity OR market) when:1d"" - Google News"
2026-10-05T06:50:46+00:00,3,[],ETV Bharat,"NFO Alert! 3 Passive Mutual Funds open today; Exposure, Risk, Structure; Know Details - ETV Bharat",https://news.google.com/rss/articles/CBMizgFBVV95cUxORzJMQ3oxWU14X1hqUmpVNGlrTFFuNmlpZk5HeHZlUjh3RDVuZUNudXlmRnRhQW9sdlFkV0RIdUpBWjlwY3UydXNkamptTXdLU1IxWU5yU2szSi1VR2hlLUpKbWxqVnBYMXE5RFloOXdYZlAzSWJkRTFTd3RvVlVJc0N1RFNGVzJUeEthOENteHlWMklsSDlnZE5ubS1paW9MdmZZLVAwTDRJQXRqVWx6bXg3WGZNNHY3a2gybUZsOU5EX3Vwb0l2ZDI5ejJQZ9IB0wFBVV95cUxQTExXb1o5VGh2cmtvZDY5R2E2VGZWSU5Md3Iyazl1c2FCdDY4QnVrUUVoMkhjb0ttRmhrcVlCMVVNcmNWTjg1LVNSNDFrNFgxMG15S0JLNkhZLTJZdGhKcEVZTXdnNS1hZGZrMVgzNHFfY2IzY2hxMGpob2FrUDRkajNiY3gtQnN2RHJxUWxIakwtZC1USU41NUN2QkticlJEeEs2cFFGSms2UXRKTHMwZWZqbUdUZTBoZ3BYX094Y0hic2VTbDRrLU1VM2lXNktCSE5J?oc=5,"NFO Alert! 3 Passive Mutual Funds open today; Exposure, Risk, Structure; Know Details ETV Bharat","""(""mutual funds"" OR SIP OR AMFI OR FII OR FPI) (India OR equity OR market) when:1d"" - Google News"
2026-10-05T06:02:49+00:00,3,['India market'],IBTimes India,"Sensex Opens Over 400 Points Higher And Nifty Gains 100 Points, PSU Bank Stocks Lead Rally - IBTimes India",https://news.google.com/rss/articles/CBMiugFBVV95cUxQTE5SXzdxei1yUXRNWTdxaGlCMElwUTAxQkltaWk1cnBiWGNqb3JJWHlWLVVqM3FDZlNELTVWc2FBWVdfbTF5NWlwQVpsbVh2b2l3dEhlc2g2dGxTNW8xUjNPVHU3dEZfV2toOVNjMURISmMxRlg5c1o2Z2JsZ1VVSmtHSHR1TGpnaWNWbEdZWU1oa0JocW9Icmd3R1lOS1o4QS1ISUFfSXBOTVdBRVhCdXQ2T3E2UFdQWnc?oc=5,"Sensex Opens Over 400 Points Higher And Nifty Gains 100 Points, PSU Bank Stocks Lead Rally IBTimes India","""(Nifty OR Sensex OR ""Indian shares"" OR midcap OR smallcap) (falls OR selloff OR correction OR ""risk off"") when:1d"" - Google News"
2026-10-05T05:19:56+00:00,3,[],Myinvestmentideas,10 Mutual Funds that Outperformed with 21% to 29% Returns Since Last Gandhi Jayanthi - Myinvestmentideas,https://news.google.com/rss/articles/CBMiswFBVV95cUxQbFVMLVktQnZITkoxNHJ5ZUJQZEVXZi14MEFZTEpxZm1SUWh4ZzNjU0J0V1ZhQ1Axc1owbGQ3dzhob0haV2FFbXcwQ3psLVQ1akNnTy1TS3lKNXpBMW91QUZjRWU0SWlVVGRHSmNBMDk4a3dzLUdPeFp2Y0FINW1GcTA1LVo1UDZEQ1NzZFdBMlIwX2pFbm5JemkyNW5oUng1NkhadlhGTWRudjUwQ0MxNDM4dw?oc=5,10 Mutual Funds that Outperformed with 21% to 29% Returns Since Last Gandhi Jayanthi Myinvestmentideas,"""(""mutual funds"" OR SIP OR AMFI OR FII OR FPI) (India OR equity OR market) when:1d"" - Google News"
2026-10-05T04:47:44+00:00,3,[],Trade Brains,5 Stocks in Which Mutual Funds Increased Their Stake by Up to 2% in September 2026; Do You Hold Any? - Trade Brains,https://news.google.com/rss/articles/CBMi3AFBVV95cUxNX0JzQWdjaW80RWI2MVAwRndoMjV5ajJGNFAxUnFXWl9jQUEwTmRvS19qTC1uRm1pbkRONkxzMmcyVmp6c05LcWF2SmxMVkpWS2t3bFc4YzVWcjZubmNhdi1HOWg1d2RkZVVnOTduX2dGNUZMdXU1UXIzQmtoYWxZMDB1UVl3NG1DbGJ3b01ETzVzWDg1NEpqeGEtcUNGVm0yNGNPRWstdUJnd3JtRkxkRDNTOUdpa013VXQwTVFpMjVpeGxQQnB3RkFSMGpER1V6Nlp1OE15VElORU1q?oc=5,5 Stocks in Which Mutual Funds Increased Their Stake by Up to 2% in September 2026; Do You Hold Any? Trade Brains,"""(""mutual funds"" OR SIP OR AMFI OR FII OR FPI) (India OR equity OR market) when:1d"" - Google News"
2026-10-05T04:21:29+00:00,3,[],economictimes.com,Top 10 mutual funds to invest in October 2026 - economictimes.com,https://news.google.com/rss/articles/CBMisAFBVV95cUxOVE9YbFZIOHZUUHpTZTJBT2FDcXFXMUF5Z0YxMFJkQkQxdXlpNlZZcXYwYVlxTmVZSW1FVUlHWXNsQ2xiN1puUTBpaXlBT1BfSTVieWNwM1phbVNqUWtzYzRjdHVfRjVPdTI2M2lLOEtmMjRsUVlzaFJpRmxJQ2RuR3VqcWF4TEJNRk96amgtOFdnZmtNRmVWZVJ4Q3F3VE1saXNZal9JZ3VGVjAyNk1jX9IBtgFBVV95cUxQaXlJbWlLT0xqemlPT0xvZUVFSTQ1cGY5V3ZEOFJ4bXZnNDlSYlpDVkF1MXNBTlFOQ2FrR1otNXQwZjBNTkRrZW9OenQ1dXZCSjlkVUVYc3F3TDlQbXA3UWhjWlRqT29nc2k1cEVkdWk1ZmFWNHNLZ0NHaDhwOUtsblVZRXFDSFdhV0x4MGJWUHZwYXdNS2xuaEtTUTVzTmtOb1lxWk9xRXpoRlVfOTZBS2MtTkRWdw?oc=5,Top 10 mutual funds to invest in October 2026 economictimes.com,"""(""mutual funds"" OR SIP OR AMFI OR FII OR FPI) (India OR equity OR market) when:1d"" - Google News"
2026-10-05T20:43:47+00:00,2,"['market selling', 'macro / flows']",Capital Brief,"Treasury selloff rolls on, yields at 24-year high - Capital Brief",https://news.google.com/rss/articles/CBMixAFBVV95cUxNdE43VDFWdXFhbklJTGs0ei1fRWhkczlGdzdjOVNzckNkbzNfNmJMTXZ2Q1JBNm5ldGsxSU9kV0xESWZlQ1lxTnZ1VGpGRmZyOUxwVkh0OGtOTGpkYjBIQXpjUVpzVnZ3ZzhzWWVBUHRScGFfQ1JsWjhMNWoyLXJRaW9oS3RUNTNkWmNUa3pNcEFpeUQwczJPOE42UFNnOTdwUnlTXzZqZ1NNTWFLM3lvYTRYLV9kVnVmSngtb0dRaGZEbzBP?oc=5,"Treasury selloff rolls on, yields at 24-year high Capital Brief","""(AI OR ""artificial intelligence"" OR Nvidia OR semiconductor OR technology) (selloff OR ""market fall"" OR ""stocks fall"" OR correction) when:1d"" - Google News"
2026-10-05T17:27:05+00:00,2,['India market'],INDIA New England News,"Sensex Ends Four-Day Losing Streak, Jumps 473 Points as Global Markets Rise - INDIA New England News",https://news.google.com/rss/articles/CBMipgFBVV95cUxPSlh0TDNSazNwV2llRVotWThhMVVZQ25ubGxPekJnaXhLbGg4TFNZOEFFbG1XaUNZd1Bsa1IzdDhlaE10eUc1dXA1UGVuYVNUVEItMWpoQUNmVmVlanprOFpqZmhHS2doVm5DQ3JwYll6Z056X0VrMG9haUxXcXRsYVdTQ2x4cXZRZVhYN1Mtbm0wcm1ZM2tfWURldmUyY1FQZjh6SDBR?oc=5,"Sensex Ends Four-Day Losing Streak, Jumps 473 Points as Global Markets Rise INDIA New England News","""(""broader market"" OR midcap OR smallcap) (selling OR correction OR fall OR volatility) India when:1d"" - Google News"
2026-10-05T14:45:35+00:00,2,['India market'],IndiaIPO,"Sensex, Nifty snap 4 session losing run; can markets sustain recovery amid caution? - BusinessToday - IndiaIPO",https://news.google.com/rss/articles/CBMiygFBVV95cUxOaXFSNEcyd2JtelNzYmpGa0NUeVNlc2xaX0JHTllvdEhacjktVkF2aDFmN3ZnYTdYa0VLb0lrUHlGZklzRDhYekpqWDcyeEVmY1JBcW96a0gtZ2pMSi1HY2JXY0F5d3dYWFFaeUxhS3hZdUpUdXd3SndSWjl4eEF4VmJGSlBiVjJ2OFctNXZnQlUzQTYtRjRmRUI2X1paN3hCamNTYWtOcU5OaFh4Ul9XTWZ0aWJNV3g1UUFvWGtER3otY1NjVU5KbE9R?oc=5,"Sensex, Nifty snap 4 session losing run; can markets sustain recovery amid caution? - BusinessToday IndiaIPO","""(""broader market"" OR midcap OR smallcap) (selling OR correction OR fall OR volatility) India when:1d"" - Google News"
2026-10-05T14:15:01+00:00,2,"['market selling', 'macro / flows']",Upstox,US stock market today: Dow Jones falls 152 pts; NASDAQ 100 and S&P 500 surge as treasury yields surge - Upstox,https://news.google.com/rss/articles/CBMi-AFBVV95cUxOb1V4M3ptMXExRUNvZlpxdjlIN2poWGREMVdUczYxOXh6dWlQUzgzUEFsVFhZSEU0TmozTUJVQkRkTkZMTGs3d2lVQVNLZm9Fb3h0Z2RFamJZZVNmRDBMejk1UkpvbE10V3VCa244QkNybXJNZXBmNDh1SXBYWndjWV9wRGhTTW1ORUJOTXgyRjNrelZEMEdLTmZURm5mX2ZxdG9rRjFpdGFsSG9kTU0yNmRrZG9Ocl9jR3dsRTZvMWFwRjA4T1FJcDRXemxUTnlQYUlIeGNWMmw5bUNibmFONzZ4bUZXdFMwV0hXRW54enBiMGRyOUsxbA?oc=5,US stock market today: Dow Jones falls 152 pts; NASDAQ 100 and S&P 500 surge as treasury yields surge Upstox,"""(Nifty OR Sensex OR ""Indian shares"" OR midcap OR smallcap) (falls OR selloff OR correction OR ""risk off"") when:1d"" - Google News"
2026-10-05T14:12:43+00:00,2,"['AI / tech risk', 'India market']",Moneycontrol.com,"Digital India 'democratized access', AI must 'democratize intelligence': Jyotiraditya Scindia - Moneycontrol.com",https://news.google.com/rss/articles/CBMi4gFBVV95cUxOOW53Zzd6OWVRaEl5eENTazFKVk5RVHlKVlVJekpOZkd2UHpRSm9iOENCd2o0VDRNUl9MUGpNeU1ScDRmTWpESE1fS3Zma2VxRVR5NXZrV3dMM25ZU1VLdmhLcGRDT2p0ZDhaX3VKLUZzUVJadFJfTWxZQldNeW9LNlhtMjVwbExOR2NKTlBtc1JrSTJFRFNKSWtGemRYVTZocW9EWjZCenpfdlpUQnhWLUZpdDFKV2g3SUowRFlvMW5KRTM5dmZfbEhkTGFtNElCZC1UZ1VWNk9Mc0RsUDZINlNB0gHiAUFVX3lxTE45bndnN3o5ZVFoSXl4Q1NrMUpWTlFUeUpWVUl6Sk5mR3ZQelFKb2I4Q0J3ajRUNE1SX0xQak15TVJwNGZNakRITV9LdmZrZXFFVHk1dmtXd0wzbllTVUt2aEtwZENPanRkOFpfdUotRnNRUlp0Ul9NbFlCV015b0s2WG0yNXBsTE5HY0pOUG1zUmtJMkVEU0pJa0Z6ZFhVNmhxb0RaNkJ6el92WlRCeFYtRml0MUpXaDdJSjBEWW8xbkpFMzl2Zl9sSGRMYW00SUJkLVRnVVY2T0xzRGxQNkg2U0E?oc=5,"Digital India 'democratized access', AI must 'democratize intelligence': Jyotiraditya Scindia Moneycontrol.com","""(""mutual funds"" OR SIP OR AMFI OR FII OR FPI) (India OR equity OR market) when:1d"" - Google News"
2026-10-05T12:05:00+00:00,2,['India market'],Kalkine India,Nifty 50 Outlook: Crucial Test After Weekly Losses - Kalkine India,https://news.google.com/rss/articles/CBMiqgFBVV95cUxNanJuR21GdWc2UTZIRGg2RE80S3BIMGdRMnc2emRnR3pIT3dMQUFRYjJsczJoYW9pNDMwYm44WXFqOXBicUNPMmNoaXl0Qm13RzhZdm1aVkI1VUlvcUt6eEVYYjY5OVJPSm9OdXZpa1oyMHJKR2J3YWdmMVFIVmpsSENZZWdYNjhOUjVweFNuand6bnhqOF9ZZmQyYmtVUTBIbi1Xak1QcXVyUQ?oc=5,Nifty 50 Outlook: Crucial Test After Weekly Losses Kalkine India,"""(""broader market"" OR midcap OR smallcap) (selling OR correction OR fall OR volatility) India when:1d"" - Google News"
2026-10-05T11:57:00+00:00,2,['India market'],Kalkine India,"FIIs Offload Over Rs 26,000 Crore as Nifty Slips - Kalkine India",https://news.google.com/rss/articles/CBMiugFBVV95cUxOMWxKeHkydHVYeVRySWxLTzQ3dzdNa0ZuYk9HWDIwOTcwR004Rk9OeDRsMWtBd2g5NXZzallISlNxR2JYXzlUdnZ2VVprd2wxMkR4MkM1eG5JUXlmN2dyX1hYSzA1Xy1lYjZCaW1tUzNpMjhWUFd5emhKR3llend5RW1GSVY3eEpKNTJ3RGt4WE5TQ2RhWDdLVjJBMWw3Z095MWhpRXpXRFFTM1FvVGNudlBkdGJsR1JUTEE?oc=5,"FIIs Offload Over Rs 26,000 Crore as Nifty Slips Kalkine India","""(""broader market"" OR midcap OR smallcap) (selling OR correction OR fall OR volatility) India when:1d"" - Google News"
2026-10-05T11:43:18+00:00,2,['India market'],Editorji,"Sensex gains 473 points, Nifty rises 134 points as markets stage recovery - Editorji",https://news.google.com/rss/articles/CBMizgFBVV95cUxOVXRDRDRJbzNmRTJQRldfVV9fSFVMUDNaVGFFR1JXTmhDZGFxemFKMkVMQnFrLXRxdlhMWmVuYThzbTlNMzdKMFBScVhQM0ozM1B3VU5hN19RVWtZN2hSY09hUTZHZUZacUJpbUVaTFVqMEZhekpZdEFHNm5Xa3l5Wnp2OEhmX2RkdWVYeV85cXN4RFNmY0JWV0hJSXNzbEpISnJkNHMwV25rUXJhOHc2emV6ajNUd04yRks3UGdBUENmNTZNdFNwdkVWWGJpZ9IB0wFBVV95cUxQVHVpRXhBeTN5Um9KUTBXdkpKSGVCWUFFWkl1LTRGNFNldnZEN0Z6aUZ6ZFRseEh5TTlrNU4zalBNeHVVV2xBaXZaYnNXdm1pRG1YVUlqMWRzOF9jLXpha1gzWFBvWVUtQy1HcTdhR2xTbkRNWUlaUi1qbGdJbmZVcXRTcXFNVTlKazU3c2U0N0NmTkNxZUZWT0NBdEdmREhIUXJ4Q1J2Q1JjNUpyRU9kQl9nb045RW9TUWlpZk52enVlWFU1V2pscDE5OWc3RHRxT0N3?oc=5,"Sensex gains 473 points, Nifty rises 134 points as markets stage recovery Editorji","""(Nifty OR Sensex OR ""Indian shares"" OR midcap OR smallcap) (falls OR selloff OR correction OR ""risk off"") when:1d"" - Google News"
2026-10-05T11:36:08+00:00,2,['India market'],Investment Guru India,The Eagle Eye : Global macro clouds deepen as FII selling resurfaces - Motilal Oswal Financial Services Ltd - Investment Guru India,https://news.google.com/rss/articles/CBMi6gFBVV95cUxPX0Vic1B6dWtBS2pDMkU3ZF9jNXlQNnNhVTQxWk9MVUJFU0lfNGp5YXhlSmNpeDBKU0xyMzZtQ0h2OWhDT1BWMUVGS2NiR2M2VzFXQmplbms3dzhMUktMMjN4MlVvV2hJekRzVnFTbVllNlR4dThwM0tLWExJVm0zVWxVRDZ0Q2s4Sk1mWFl2MlJkSmtBQVBIdFNkaXFRNkVXMlhOaTFMVXJ1Q042VUZIME1IbXhyblV3a3lWNVBvdllra3ozdEM4VXA5c2paLW1KcFZ3OUVuckE1QV9RNXFtemdIa3ZrSndrelE?oc=5,The Eagle Eye : Global macro clouds deepen as FII selling resurfaces - Motilal Oswal Financial Services Ltd Investment Guru India,"""(""mutual funds"" OR SIP OR AMFI OR FII OR FPI) (India OR equity OR market) when:1d"" - Google News"
2026-10-05T10:50:34+00:00,2,['India market'],Investment Guru India,Nifty Nears Bearish Extremes; Focus on Large-Cap Accumulation - ICICI Direct Ltd - Investment Guru India,https://news.google.com/rss/articles/CBMizAFBVV95cUxQOTBKNi1meS14d0tmTGpJc3dhTGJiU1VlYlpPU0pEOTVWNkY3Y3MxSHdXemtZQXVvX2owQzEwZjd0VU5fYWxiSkpDX1RyVmVhUlFfYXp2VVJsTURLUi0tQXNWclBmZUZoNmt0eWRXUF9FVmpDd0dsZUgtMFZTMWJRWDNXTjBNamZQLWN3X1hlWXFZOEhJcHJEOTFvbXVVN0Q4ZWMwYjllNW1MM1duWWM5SXBCU19XOTRzek1Wamdua3NXeVVKUUoxYXF0OWk?oc=5,Nifty Nears Bearish Extremes; Focus on Large-Cap Accumulation - ICICI Direct Ltd Investment Guru India,"""(Nifty OR Sensex OR ""Indian shares"" OR midcap OR smallcap) (falls OR selloff OR correction OR ""risk off"") when:1d"" - Google News"
2026-10-05T10:38:38+00:00,2,['India market'],Rediff MoneyWiz,"Stock Markets Rebound: Sensex Climbs 473 Pts, Nifty Above 22,500 - Rediff MoneyWiz",https://news.google.com/rss/articles/CBMinwFBVV95cUxORDBzakxjZHFFQmExLWozb3BHUm5IU0hWS0c2M05LTFdWaWlPUXhuT3pNOXNTSy1WUEFkV1VJM1Y5TGxQYWZYUHhiVWhzX1RUV0NiQ2Ffbk1QUl96Z2hLV05NTFIxM0VuOURtcGlFdmp4NmRLbE9ON2g1QlRQZ0cwWFhyZG5OTl80X05ldk1NelN1N1h6dkNydkExMGF4STTSAaQBQVVfeXFMT3hBWDFjS3RRWXdNZVhRTHVXQkNGSkZWaG50eldzSktNemhsdUFramNJR3BndFVoZkhkVTFXbGZaSkFkRzBNOTNzekRpUGVXblB2UklucUM0LUpkZ3dFeE1HTGQ2WGNQRzlyQVFueVZXaVQwYjM3NHByS1U3ek1MQ3lSY0Z0cGZ6YXMyNDVUSE8wbnJ4eTJWTW95ckFTRWRodF9qME8?oc=5,"Stock Markets Rebound: Sensex Climbs 473 Pts, Nifty Above 22,500 Rediff MoneyWiz","""(Nifty OR Sensex OR ""Indian shares"" OR midcap OR smallcap) (falls OR selloff OR correction OR ""risk off"") when:1d"" - Google News"
2026-10-05T10:02:31+00:00,2,['India market'],ABP Live English,"RBI MPC Begins, Share Markets Close Higher: Sensex Soars 470 Points, Nifty Ends Over 22,550 - ABP Live English",https://news.google.com/rss/articles/CBMiqgFBVV95cUxPTHhac0JiOV85WW93RHlQeEkxaEtRUjB5aEZuS1habDRWNVBjLWhtbi1vS2RfWDk5clZJVktGaWlJRG5wMXVkS2NKWjIxd1pKZTVnbVAxanJMVi1KeFBsV3RXTGI1dDlDRFlTeUlRTGpjRHAxa2FTTDJIQnZEclJFQksxbWtCTjRJNVEyWmF4ZlRSTVE1V2RSUXU0SkpBd2tHS0U4WWladWpyUdIBqgFBVV95cUxPTHhac0JiOV85WW93RHlQeEkxaEtRUjB5aEZuS1habDRWNVBjLWhtbi1vS2RfWDk5clZJVktGaWlJRG5wMXVkS2NKWjIxd1pKZTVnbVAxanJMVi1KeFBsV3RXTGI1dDlDRFlTeUlRTGpjRHAxa2FTTDJIQnZEclJFQksxbWtCTjRJNVEyWmF4ZlRSTVE1V2RSUXU0SkpBd2tHS0U4WWladWpyUQ?oc=5,"RBI MPC Begins, Share Markets Close Higher: Sensex Soars 470 Points, Nifty Ends Over 22,550 ABP Live English","""(""broader market"" OR midcap OR smallcap) (selling OR correction OR fall OR volatility) India when:1d"" - Google News"
2026-10-05T09:52:36+00:00,2,['India market'],ET Now,"Midcap Stocks vs Nifty 50: Midcaps underperform in September, but lead over longer term - ET Now",https://news.google.com/rss/articles/CBMizwFBVV95cUxQajFSeWhyLTdrd1k5RTd0QWdBMjJlemFwWG10c1hlbHFkYzZaSWtQajZ3clpvcVRjSXRtWVljel9lX1pobE0wUzNRQmxxVk9DNWxXRnc4OUxrekE4RUdDVHFCZ0tNYzF2TlNZUnkzQWRBZ2Y1M0E5QWY3emFwaXI2eGRCb0JoRWdtVFlPRFJFSVVHX0NaSEFiSDdQM2NzcEdCZHJ3UFBfOXNYemJUcGFVMXRncVR1RmUtLXRHa1FoSC12VjJwNVk0bG1ibE5ERDjSAdQBQVVfeXFMT2hmM3lQc0FZMTNRWTI4VnNRbVBPRGNVWnhlTkJUc0Z4enBzeEN2TDEybXQ4YkVpb2w1d0o3azFUZVJkVmdjMFRQRHZJYTRlaW10M3pBREVBZ2diREpSRkQ0WjdTZWVUaWh6UXgwVEJ0YWZ0dkQ4djAzaExFd0hoZDMyU3o4NmpVTEpaSy14R29VM0JwU01YblFaclRfSjVsUlZQZmVVbk1EbWpwS0Z0QnlpMDloZnpqV1dJZXlZbEtmX1gwQi1lS3diUG0xSjhheFdxRlo?oc=5,"Midcap Stocks vs Nifty 50: Midcaps underperform in September, but lead over longer term ET Now","""(Nifty OR Sensex OR ""Indian shares"" OR midcap OR smallcap) (falls OR selloff OR correction OR ""risk off"") when:1d"" - Google News"
2026-10-05T09:40:21+00:00,2,['India market'],Goodreturns,"Stock Market Crash, Rs 18.37 Lakh Cr Wiped in 7 Weeks; Sensex, Nifty Eyes Longest Losing Streak Since Covid? - Goodreturns",https://news.google.com/rss/articles/CBMi2AFBVV95cUxOSWppX1ZOb0pDTFIyMGFlZExVMkVVNEpWMUpKWjJ6T2RRbC1qNXZBdmo1NExGd0poZGJOVGVHZWVrQTBqWFdlR3R0cF85YllRNTFPXzhTdjQ5UFFtVVpOQTl5OVhxWThrNVdvejVkcWNLSnFrZkU0ZXB2bnkxcXRYeVV3Y0VwcXVHRVNpOElXYjl3N3VXc2lyV2tjemc3QUVwZXZhbFZrUzBOZmFNcWJVLU8tcm1lNFY4eXRsU0ZNUUtCZE5qWmxNVVljcndIZ0VmYkl2TmpXcjM?oc=5,"Stock Market Crash, Rs 18.37 Lakh Cr Wiped in 7 Weeks; Sensex, Nifty Eyes Longest Losing Streak Since Covid? Goodreturns","""(Nifty OR Sensex OR ""Indian shares"" OR midcap OR smallcap) (falls OR selloff OR correction OR ""risk off"") when:1d"" - Google News"
2026-10-05T08:56:58+00:00,2,['India market'],fintechbiznews.com,Sensex And Nifty 50 Indices Ended Week In Negative Territory - fintechbiznews.com,https://news.google.com/rss/articles/CBMiuAFBVV95cUxPLV9sdUFEcnY2Mkh4MmN6OGR6U21rT2dtMC1UUm4waXduSDF6MTRQcVEzb0wwYUF0OVBfZE9pZzBwN2tyb0dkY2lpWGM4TjM4TTVqZ0lhR3FBYjk2Q2dNNU8yZzZSR3k5WFNxZk5XQ1ZhaFQxQkNJdjlmOWd2M01qMkJ6UGVtZVpnTjE1cHlXSHY0c3ZRM2FUcmpTM3dtUlpIWElKaG1CLTBjM1BFblh4Vk9IRG42Ym9E?oc=5,Sensex And Nifty 50 Indices Ended Week In Negative Territory fintechbiznews.com,"""(Nifty OR Sensex OR ""Indian shares"" OR midcap OR smallcap) (falls OR selloff OR correction OR ""risk off"") when:1d"" - Google News"
2026-10-05T08:41:01+00:00,2,['AI / tech risk'],The Edge Singapore,"Nvidia’s valuations show AI rally isn’t a bubble, DBS says - The Edge Singapore",https://news.google.com/rss/articles/CBMinAFBVV95cUxNZ0c4aGRaazJhRjFBQjRhUTJKS2tQZHFoUDVlbllZOWhjRlFOMHNSSFpybGF1ZzlfX3h0MTNnMEpGaEh1OFRGQ3oxXzJwS3FKS3RETVlzYVQxaW5zcTdlNExHRU5BRFBqT0hNLWs3aEdaRko5d0ZoZ1BfcXppSFpEZkF3d0RiRk9zYWdhV3RQeERQQ19HZXJ0Y1pVT2nSAaIBQVVfeXFMUDJ2QmJJblEwRmhrajNUMlZPb1ZPYXUtb2VMaHdaeUFXMDF3SUF2UTd6ZF9qUDVCRlB3TVFoMFFJdVNKeU9yZDhyTlJUa1NxYkJlalA2Vm9zV2cyQjhfN3p6d1VvdDByWXIyNWprZmNvZHpFazNMbnA2Y3RlUzVBbWRjaFRKMVI5aWp1Y2ZJWTYxVlF0M2hKd0hjRDRUM3FJbzJB?oc=5,"Nvidia’s valuations show AI rally isn’t a bubble, DBS says The Edge Singapore","""(AI OR ""artificial intelligence"" OR Nvidia OR semiconductor OR technology) (selloff OR ""market fall"" OR ""stocks fall"" OR correction) when:1d"" - Google News"
2026-10-05T08:36:45+00:00,2,['India market'],Livemint,"Gold, silver or stocks: Where should investors put fresh money after the Sensex, Nifty crash? - Livemint",https://news.google.com/rss/articles/CBMi8AFBVV95cUxQTllGdnhlNmU3YmU1cGRMZG42SFpFR3pqVUtxS25DRkZQM0g3NjRNbExtbExTYVFIZUdTVWl1QnBUSjBSQ1FSaGNsbVV5d2t5ckhNUHl0a1RvNC1KYmEtUDZYRGpINVBHRzFLQVZJN0FtbXJCQlMxR19WTnotYUw5X3ZnYzIteHRxLW41UmVfdGkwRllROF9WdkttalF3dFlTTUdaRFlHS1lINEtRZmtWQ0sxQWNyZGhzT1Rvb3JIRGJCR01tclV2YklCM0ppVUVjbWZBOHZJVHFFbG5FZFlCVHpLNFctZHJzNXpCem1yenrSAfYBQVVfeXFMT3pqMXJ4SUJUZE5NTGZHVVUxWVJkSzNtR3dnZjVFS2NqczZINGJyLVNFOFd5WW52dmZqNDhIUC1HU3p3MzJSM1lFZ3hocERXTFphMXpwQWZ5RVRyeTZCOEUwZE5KeGF5QXFNMlYxSVA2ZjNyNTdrcDFQeU5hMVZteEpXa3hHY0JwR2lkcmxPcmk1d0tlM1g5MDk3bnFMblhWSnMwY1h0STIzQ1lKSWNqekFkZjA4OW1UM1AzcVZjS0NWYU9uS3F5d1k0T0d6TjJfOWV2Q3FKaG5Dd1JWNHlBOUo0eFdmMTZvNWFGOXJzS3RzbXVKeGNR?oc=5,"Gold, silver or stocks: Where should investors put fresh money after the Sensex, Nifty crash? Livemint","""(Nifty OR Sensex OR ""Indian shares"" OR midcap OR smallcap) (falls OR selloff OR correction OR ""risk off"") when:1d"" - Google News"
2026-10-05T06:38:02+00:00,2,['India market'],Dynamite News,"Sensex, Nifty Rally After Eight-Week Losing Streak: 3 Key Factors Driving Markets Today - Dynamite News",https://news.google.com/rss/articles/CBMiwAFBVV95cUxPVTJFUlo1MXd3VmY3QjZlVDBFdzlKa050WnRLNWdTQjJ3dE5SZDBlSU5IMHM5UEFpS2lEdDhPMjM1N0FUZ0ZzYVR3ajI0NklVSllsQjZXTWhzc3F6SUZiaGpLWTBHZHlDV0dZREI2ZGk0cC1UQmZIa2xSb3RGcHdvaFRHeWhNSExqNnowUWpRYzgxT0p2QTJndnhsNS1iWG9CUnhNQ1RFVkZVeE9GQk5BSDIweXJOdkJOMmhhWlZETGTSAcYBQVVfeXFMTlUwSW04N1BKRHUxX3dLYUViOE16QS1oWml3MGIyckxVQUtrYkJWVDM2YlJDekpJWXg0bTNqbWxvN0dIaEFZR3phWjlxWWR5cHgwbmJqN01hdFZ5ZWZYakY1MF9ZQzBuelNfQ1JXbVdvYXlBQ25CTWNIWERNbk14R0pOY08tdWpUQ2sxWXVSUl9qQzZiektaUHdRbFc3cGpWbUo3eERIY2hSUjZpUjk0bmwxdldWTXNaWDFad3RScTlWMzJxN013?oc=5,"Sensex, Nifty Rally After Eight-Week Losing Streak: 3 Key Factors Driving Markets Today Dynamite News","""(Nifty OR Sensex OR ""Indian shares"" OR midcap OR smallcap) (falls OR selloff OR correction OR ""risk off"") when:1d"" - Google News"
2026-10-05T05:18:04+00:00,2,['India market'],Analytics Insight,"Nifty 50 Opens 110.45 Points Higher, Sensex Climbs to 72,340 Ahead of RBI Meeting - Analytics Insight",https://news.google.com/rss/articles/CBMixwFBVV95cUxQUFl0dmluODNfcERXNkFPZ0VZN3QyZEFXUHVfa0VHemYzYlhvdEhZbnBRZHBwenJ3cWNiTGl5cVkxRW4wU0hxR0xhZW1uUWYxVk9DVFBEbVNucnUzREhpSElpdm9YUkhUbWdvR3F6NkhLaVJ3YkF5Z0JMM1lxYnBpdkVRbmpRc0FqcDUzcEZoOGJJRlp1d3NyY25uallEUGM2eTRQMUtJX29IR2pjUUE0cnhHZmhGUDlFMF8xbTIzVTJzMjZubGVJ0gHHAUFVX3lxTFBQWXR2aW44M19wRFc2QU9nRVk3dDJkQVdQdV9rRUd6ZjNiWG90SFlucFFkcHB6cndxY2JMaXlxWTFFbjBTSHFHTGFlbW5RZjFWT0NUUERtU25ydTNESGlISWl2b1hSSFRtZ29HcXo2SEtpUndiQXlnQkwzWXFicGl2RVFualFzQWpwNTNwRmg4YklGWnV3c3Jjbm5qWURQYzZ5NFAxS0lfb0hHamNRQTRyeEdmaEZQOUUwXzFtMjNVMnMyNm5sZUk?oc=5,"Nifty 50 Opens 110.45 Points Higher, Sensex Climbs to 72,340 Ahead of RBI Meeting Analytics Insight","""(Nifty OR Sensex OR ""Indian shares"" OR midcap OR smallcap) (falls OR selloff OR correction OR ""risk off"") when:1d"" - Google News"
2026-10-05T04:24:41+00:00,2,['India market'],Free Press Journal,"Sensex Opens Over 400 Points Higher And Nifty Gains 100 Points, PSU Bank Stocks Lead Rally - Free Press Journal",https://news.google.com/rss/articles/CBMixAFBVV95cUxOdUpoRlpheVlSQWFWZDdTVmJVUXVoYmVYNk56M25YLW1tMHRrcWljM1BDWno3OVZ1Y0tNb08tRXJLd3F1dkYxd0NIallsUktrZzZpa0RwQmE0bTBxWHhMX1BtNTZxN1o2RERNZUw4dFhJZzE4RFl1RXBnc0ltdUNUZ0YyT09fbVhDU3dWQU5JcGZ2N2hzeEZ5VExoalJhZGhxMlM5Z3Vjd2VMZ2Vqd1Z5Y2tHR2hvT08ydkpOUlp0YWxudXZs0gHEAUFVX3lxTE51SmhGWmF5WVJBYVZkN1NWYlVRdWhiZVg2TnozblgtbW0wdGtxaWMzUENaejc5VnVjS01vTy1Fckt3cXV2RjF3Q0hqWWxSS2tnNmlrRHBCYTRtMHFYeExfUG01NnE3WjZERE1lTDh0WElnMThEWXVFcGdzSW11Q1RnRjJPT19tWENTd1ZBTklwZnY3aHN4RnlUTGhqUmFkaHEyUzlndWN3ZUxnZWp3Vnlja0dHaG9PTzJ2Sk5SWnRhbG51dmw?oc=5,"Sensex Opens Over 400 Points Higher And Nifty Gains 100 Points, PSU Bank Stocks Lead Rally Free Press Journal","""(Nifty OR Sensex OR ""Indian shares"" OR midcap OR smallcap) (falls OR selloff OR correction OR ""risk off"") when:1d"" - Google News"
2026-10-05T04:24:29+00:00,2,['India market'],newsdrum.in,"Why is stock market up today? Sensex jumps 500 points, Nifty tops 22,550 - newsdrum.in",https://news.google.com/rss/articles/CBMisAFBVV95cUxQbDl4TE5kTFFZU2pMU1czVVRpcFBmWHUzTk85MnpySnAwMXBDNGF0cVJxeE1qa1BMLXF1WUotOHRLVjRxT3pfeWNHTElLSGJCQ1k1M09pWlhqOVdRQThSQ0NTMmJWamNrWUp3QTBwQTVta0lYNkhNYzB2R0w3VFdkUF9kbk9HcTFuYlhTOENKZzJxRFpJOHc4NFNySGItRW5rXzY4emx3UUVpZFRDaVBQOdIBsAFBVV95cUxQbDl4TE5kTFFZU2pMU1czVVRpcFBmWHUzTk85MnpySnAwMXBDNGF0cVJxeE1qa1BMLXF1WUotOHRLVjRxT3pfeWNHTElLSGJCQ1k1M09pWlhqOVdRQThSQ0NTMmJWamNrWUp3QTBwQTVta0lYNkhNYzB2R0w3VFdkUF9kbk9HcTFuYlhTOENKZzJxRFpJOHc4NFNySGItRW5rXzY4emx3UUVpZFRDaVBQOQ?oc=5,"Why is stock market up today? Sensex jumps 500 points, Nifty tops 22,550 newsdrum.in","""(Nifty OR Sensex OR ""Indian shares"" OR midcap OR smallcap) (falls OR selloff OR correction OR ""risk off"") when:1d"" - Google News"
2026-10-05T03:40:18+00:00,2,['India market'],Investment Guru India,Nifty Extends Corrective Trend Amid Sharp Selling - Religare Broking Ltd - Investment Guru India,https://news.google.com/rss/articles/CBMivgFBVV95cUxQZkt3ZFpSVDV5ck13anlCdTdrcG1EYkJiX196SkF1NXVFTDlwLVVwY0FQbXJGNDF1bS02YlNQU2VCT1htVHFVMm56MUpNbG9QQW1sV05iZ2V5Y0ZlVXZoUFlqcUhwQWptX0s2RXkyUkh1aHF5ZjJZYTl3aDJiRGt0TkpVY2Y2MVpxU2xfRDlQdEV2ZDdmVnZKaHVxMkxLa1hOSXJlR2drUVpyY2traU9xSDNrUlViLVBnNU9PdjdR?oc=5,Nifty Extends Corrective Trend Amid Sharp Selling - Religare Broking Ltd Investment Guru India,"""(Nifty OR Sensex OR ""Indian shares"" OR midcap OR smallcap) (falls OR selloff OR correction OR ""risk off"") when:1d"" - Google News"
2026-10-06T01:17:34+00:00,1,['market selling'],Stocktwits,"Why Did CRWD, OKTA, NET, PANW And Other Cyber Security Stocks Fall Today? - Stocktwits",https://news.google.com/rss/articles/CBMiwAFBVV95cUxNZVl6dzN2SnpGRzlRc0U2NVZxdHhNS1hzSnkxajdQMjloTUw5LWoydl95czQ2YVIwaFVCQXBuMU1Hcm9vT1I5OFRKdy05RDhrNm9GU0RtU2ltbnBvby1RVWpCX2VaNWwxb291OWJmOFIyNlhMM3VXNGcwV2NnR25BQ0hjOGFGTC1CUloxc3BobDdicU4xV3NFb1MzVldMaEV4dEhOV1hfZnBMV1c2cC1wVDZZUDFPaFJxNGlDYjlrQ1M?oc=5,"Why Did CRWD, OKTA, NET, PANW And Other Cyber Security Stocks Fall Today? Stocktwits","""(AI OR ""artificial intelligence"" OR Nvidia OR semiconductor OR technology) (selloff OR ""market fall"" OR ""stocks fall"" OR correction) when:1d"" - Google News"
2026-10-06T00:31:49+00:00,1,['market selling'],Seoul Economic Daily,Europe's Fiscal Strains Become New Fuse for U.S. Bond Selloff - Seoul Economic Daily,https://news.google.com/rss/articles/CBMiqgFBVV95cUxNMW1QNVZBdmk1Y0JHNTE5bnNpMWFSNHBaRS1lcENTcHVINlpMdkFHQ2JOTWVKSm5QMXhnTUNtN1hlTlpiY2Y4QVd2dnVpNzhQRlh4b1dUSFlwR1Q4R21nU3hMWVJCNGFFOXp2SmRxZFphT2VpeGpLSVA2ZFFEam1SeUJTVFAtWTdOeDJ3S1pLUndTT0RnZFMzODN0Y1lPd3VTUXluMGVJU1hYUQ?oc=5,Europe's Fiscal Strains Become New Fuse for U.S. Bond Selloff Seoul Economic Daily,"""(AI OR ""artificial intelligence"" OR Nvidia OR semiconductor OR technology) (selloff OR ""market fall"" OR ""stocks fall"" OR correction) when:1d"" - Google News"
2026-10-05T23:37:36+00:00,1,['market selling'],Simply Wall Street,IonQ (IONQ) Unveiled A Real Time Quantum Error Correction Decoder On Standard CPUs - Simply Wall Street,https://news.google.com/rss/articles/CBMixgFBVV95cUxNTFZVdnFKTk5RbTJXckxLeFVCalNYMk4tT0llbVRDckVMcHpleG82NUFNUUF0VnZkUVJucUZvSXBJU1F1Zm9sb3dOM2xkSnZJMjJNRXFEbWIzYm44cGVOVDRPR1NmTEdkcWx3NjFfc2JmRWtXUUdtM0VOZmNhUjVwMGg2WHZFT0ZVZ2tpMmUtTHlaUTJId2dudzRpem1KOGRSM1VwUHpiTzl1cG1TV1BfTVNFdnBHTjVvRkZQcUlXSjNVRENabWfSAcsBQVVfeXFMUDJXZ1RhVHV5cFZwa0pLaXVPVjZsMnhHRGZKM1QwbVh0QTZ2RE5EWExuQnV2eFh2RGk5YkhtRlFSQ0dBSEh6R3RnNGlRUUlYZmpkbEo0R25rLU9tU3E2ZzlhbEJZM3FpNExDUGdKZjMxU3hTYWNkVXRBU1UzQTBvMHhGLWFhck9GUDU4ZTlzX0g2VVppZm1YU0c1S1h5cjYzYVhvLVc5SS1QUEd1S093N2wzbFVRT1RLYTVtZGJZbXZXVlBiNm9rc3Y2SzA?oc=5,IonQ (IONQ) Unveiled A Real Time Quantum Error Correction Decoder On Standard CPUs Simply Wall Street,"""(AI OR ""artificial intelligence"" OR Nvidia OR semiconductor OR technology) (selloff OR ""market fall"" OR ""stocks fall"" OR correction) when:1d"" - Google News"
2026-10-05T23:13:11+00:00,1,['India market'],BBC,Five reasons India's stock market is sinking even when its economy is growing - BBC,https://news.google.com/rss/articles/CBMiXkFVX3lxTE1EdEhaMjJGMk1DR0ZaZkZfOVJ6V1pNODA0VlBGQ2p2eEtSNHc3ZzZ6d01sZVAwWE1HUkctaHk1aUNBTUY5ZXMxbVUxYWVFeFZHdU9aQW93UjlKbXhCSUE?oc=5,Five reasons India's stock market is sinking even when its economy is growing BBC,"""(Nifty OR Sensex OR ""Indian shares"" OR midcap OR smallcap) (falls OR selloff OR correction OR ""risk off"") when:1d"" - Google News"
2026-10-05T21:11:15+00:00,1,['market selling'],usfunds.com,Gold Miners Beat Every S&P 500 Sector in Q3 Despite September Selloff - usfunds.com,https://news.google.com/rss/articles/CBMipAFBVV95cUxPMTFXX2c2UHNJY0xFQlVLZ3hFZGJFcnNJREVONnVRUGlkb0xBTzJUa2tmamRIbm4ySVRnOWxBcXE1LWRpU1k3a1JSQ0JiZDdJeHJtUTE4cy1MdExBeHBWeUNOQXlaaVNRZFdIU0ZISWxLaFlWdFJjNDlKNVlTTEFqMkdpaTZZRm5mQUhlTU5TWlE3NUNJSDNJQk55ZC1kWkJXTzczWQ?oc=5,Gold Miners Beat Every S&P 500 Sector in Q3 Despite September Selloff usfunds.com,"""(AI OR ""artificial intelligence"" OR Nvidia OR semiconductor OR technology) (selloff OR ""market fall"" OR ""stocks fall"" OR correction) when:1d"" - Google News"
2026-10-05T19:35:46+00:00,1,['AI / tech risk'],TradingView,Morgan Stanley Says Buy the Dip in Two AI Stocks - TradingView,https://news.google.com/rss/articles/CBMirAFBVV95cUxNMnUtS19QNkFMZFQwLTVxbWIzTTFtUmozdzFWY05oUktGS1pLWjByNW1BRDhyaGpWeF84bFZROGZ3MEF2ZnhUc3lWSkJrR29uUUNTUzQ4ZjFydjhxeEZvTldQbURleE5WaTlHTHBwbWdicm1YdzdmSWJYeXVlT0swQ3B0Sm1QZmhocGJTVWVFTkJNSFdLU2tSbkxibmh0WHdLLTJhQ1pzdnlQTVlM?oc=5,Morgan Stanley Says Buy the Dip in Two AI Stocks TradingView,"""(AI OR ""artificial intelligence"" OR Nvidia OR semiconductor OR technology) (selloff OR ""market fall"" OR ""stocks fall"" OR correction) when:1d"" - Google News"
2026-10-05T18:57:56+00:00,1,['India market'],Univest,Franklin India Income Plus Arbitrage Active FoF(G)-Direct Plan - Univest,https://news.google.com/rss/articles/CBMimAFBVV95cUxPVm1XZnBqTGpJQW5lWW9ndzR2dVZjcklRY2lZamttZXZ5OTM2YmVlLU8wQVFLaFc3MjE4S28weTJSVFVYY1N5YUpISFN5blVhUHhmdFI2MWhlYUx0LXAzeHJHcUMzcHBmQkt4RWJ6cFhzbG9KaXllZi1abWg4cGZlemVULUVJNTRBNWk2U1doS3cyLWZ2LUtZaw?oc=5,Franklin India Income Plus Arbitrage Active FoF(G)-Direct Plan Univest,"""(""mutual funds"" OR SIP OR AMFI OR FII OR FPI) (India OR equity OR market) when:1d"" - Google News"
2026-10-05T18:34:59+00:00,1,['India market'],Business Upturn,Nifty 50 Rises at Monday Close as Indian Equities Edge Higher - Business Upturn,https://news.google.com/rss/articles/CBMisAFBVV95cUxOOFhTUlpHZnN5d3R4Q0M1TENQbi1LTmtEWFMwbC1RR2l1R0U2d21sckFLa2VlaHZQNWlsRDhwWVJ4M1ZTZEh3R2MyRHdycVU2bERyWFYxcUQ3dzZDcE1PcWJocmFPejFKcHBhb25vY01rNnB2elY0eFdaY1pQQVd3a0FpZnMwWm5XcS05dU9hTHkzTDRZSmpGQlE1QXA4TWRGWHJvUG9hNVM1aEFMeHhOYw?oc=5,Nifty 50 Rises at Monday Close as Indian Equities Edge Higher Business Upturn,"""(Nifty OR Sensex OR ""Indian shares"" OR midcap OR smallcap) (falls OR selloff OR correction OR ""risk off"") when:1d"" - Google News"
2026-10-05T17:42:32+00:00,1,['market selling'],TradingView,Nebius Stocks Fall 3% as Burry Short Collides With Inferize Bet - TradingView,https://news.google.com/rss/articles/CBMivwFBVV95cUxObjB4aksyNWZHYk9zcFVKV3ZDTHZBV05jcVhucWtvMlNwS09YUmxzM1hIVnNWNFNKVU1QSDlUaUZJdGVKR3VobGFfRVBzV0ppVUNGR3A5OXBKSkNPdDZxeS13V09JbVc4dXgzbW9kaU9tUnk4cWFIMEVHdkIzNm1UcndkdU93cjZ4N1RVOUcyOF9ZcngxaVN4SEdMb2tseC0tckt3a1hTVjhVS2YzQ3BUSHNxdVM1R2htMWpoMWR2Yw?oc=5,Nebius Stocks Fall 3% as Burry Short Collides With Inferize Bet TradingView,"""(AI OR ""artificial intelligence"" OR Nvidia OR semiconductor OR technology) (selloff OR ""market fall"" OR ""stocks fall"" OR correction) when:1d"" - Google News"
2026-10-05T17:40:23+00:00,1,['market selling'],TradingView,CoreWeave Stocks Fall 2.2% Although Rubin Enters Production With Cognition - TradingView,https://news.google.com/rss/articles/CBMizgFBVV95cUxPZnRSd0lZWDlBYW5xOEJDSmFjSjNBcmJfSUFVNDZFVzFnUDVIUHBfdFlOZ0VNU3VydUdvNi1fbF94eURXMXRsNExLejc4OWYtTWYzYi1wdXlUTEV0VkxXRGIzMDAyRzBCb1Jtd0tEZmFsYmtTS1pmVjVmWjVFZU9wLVVHTk9VaHdXUE9qcThHY0NBS01SWjFoajhrLWJyeHVreGJES0o3QVRlZ0tsM3M2U2ZIM3NmYUl5VDFicE51RV9aaDVDTUJCZnA4MFB3dw?oc=5,CoreWeave Stocks Fall 2.2% Although Rubin Enters Production With Cognition TradingView,"""(AI OR ""artificial intelligence"" OR Nvidia OR semiconductor OR technology) (selloff OR ""market fall"" OR ""stocks fall"" OR correction) when:1d"" - Google News"
2026-10-05T13:50:00+00:00,1,['market selling'],247wallst.com,"Western Digital Jumps 7%, Seagate Climbs 5% as Bernstein Calls Toshiba Selloff a Storm in a Teacup; SanDisk Inches Higher - 247wallst.com",https://news.google.com/rss/articles/CBMi8wFBVV95cUxPaXlWOGVrVGJIeTNuWDEybkQ2RFp1RnVLY2c2RU5IOEJVbnh2RkZLUzE1Sk1yaHNYQTlVUDladUY1YVdKWWpjNURSbDgtRkhQWFFhRXhJM2hHWmE2VDVsTnhlclB5aUg4Wl9fbnI1Rzk2WGNMOFJXRzFoazJNZWVhTzhHWlpvUkRmYl9fT2RaUkFRRk1SeHY4YTdPTW9rcDVtY0dQYVl5X214eFJqN1VQdHcwMmthVDhscjhuYjNoa1ZfYUZmUDBTaFo1eHp0Sk44NENRZW9fM1dscmpoR0JnU0lreGFOQnJuX2VfNzJpbWU5WDQ?oc=5,"Western Digital Jumps 7%, Seagate Climbs 5% as Bernstein Calls Toshiba Selloff a Storm in a Teacup; SanDisk Inches Higher 247wallst.com","""(AI OR ""artificial intelligence"" OR Nvidia OR semiconductor OR technology) (selloff OR ""market fall"" OR ""stocks fall"" OR correction) when:1d"" - Google News"
2026-10-05T13:17:43+00:00,1,['AI / tech risk'],Quantum Zeitgeist,"AI Lab Says Quantum Threat Is Now Two Years Away, Not Twenty - Quantum Zeitgeist",https://news.google.com/rss/articles/CBMibkFVX3lxTE9VLWQ5eVQxVDc2NWxqWGJ2WE1INk9rSW5mLWZtOEZFc25aQ3lKZHNPTmxrTmd5MFhPTEVXRkNvcDZERXd1VmNEQm5aeHQ1elRfUndJQ1kzU0U0cV9sYk5BVG1KSjd6Um5xN3RmZkNn?oc=5,"AI Lab Says Quantum Threat Is Now Two Years Away, Not Twenty Quantum Zeitgeist","""(AI OR ""artificial intelligence"" OR Nvidia OR semiconductor OR technology) (selloff OR ""market fall"" OR ""stocks fall"" OR correction) when:1d"" - Google News"
2026-10-05T13:11:55+00:00,1,['India market'],MarketsMojo,Amber Enterprises India Ltd Forms Death Cross Signalling Bearish Trend - MarketsMojo,https://news.google.com/rss/articles/CBMixwFBVV95cUxNNVgzUFVib1lhenZrdmFXaG1tOXViWjNhX0Z6b3EwRjBLRTlzM0pmTG9Qb0R1dVVvbmRYQldhME1uY3B2dTRMSlJGMkVxNndqaXZfNFBjZ2hWMmhFR2V4RmlRb2J1ekdYZDJ4MDJ4UUNkV3p3SG8wVHdLOFZfTW84Wml1ejVlZTROUGZoU0d1YkF3QVppMUQzS0UyNVhFRzVfLTJSN293bWwweHlnYVU4VTBPVGY0YVhEWFZtY2p2dWNISm5od0RN?oc=5,Amber Enterprises India Ltd Forms Death Cross Signalling Bearish Trend MarketsMojo,"""(""broader market"" OR midcap OR smallcap) (selling OR correction OR fall OR volatility) India when:1d"" - Google News"
2026-10-05T12:13:35+00:00,1,['AI / tech risk'],TradingKey,NVIDIA (NVDA) at $205: Why Jensen Huang’s $1 Trillion Blackwell-Rubin Vision Matters More Than the Pullback - TradingKey,https://news.google.com/rss/articles/CBMiwAFBVV95cUxOQ0l0Z1U0RWwtZmFTdVlhZngtdU5OejFYU05Kd0lCejVFWlpWN2hrWElyUjFEWU1MdVhWVGNXUnFBU3VRTE9fUFNpSm5nVURIczhsa3dmWV8tazdtcnhGQ29jM01sMU9UclkzbkV1U09uQVhLeUU4UVd5bHpzZXJRYW02S3F3ODIzSzRCU1FrNUJsTHdBNC1sdW12aUZ1VVQwakwzdF83dVp3cko4MEhsREphaHNGTEhHbGNMSHZKa0g?oc=5,NVIDIA (NVDA) at $205: Why Jensen Huang’s $1 Trillion Blackwell-Rubin Vision Matters More Than the Pullback TradingKey,"""(AI OR ""artificial intelligence"" OR Nvidia OR semiconductor OR technology) (selloff OR ""market fall"" OR ""stocks fall"" OR correction) when:1d"" - Google News"
2026-10-05T12:04:10+00:00,1,['market selling'],Livemint,"Aadhaar name correction new rules 2026: Which document do you need for spelling mistake, marriage or major name change? - Livemint",https://news.google.com/rss/articles/CBMihwJBVV95cUxQaGEySFV1dDlIVmlqc2FsSm8yYUVTNG5NR0tZdkFFdWgzUEx5QzZpS1FyU0xLRXJScDhpLWFaRnkwc3MwaFlLc2g5eEN1Yks2dG5iTnQta0trSjZrSUlsTW5kancyZmJMWE4xeVZhSXo1YlJMRmIydFBsaE45N2thdGdWNXpLdnhycmszU2pBRmtYTE80VldCVDJqbjl5TkxKLUYydEJPU1FORkM2QkxEMndGd19KZVlQb0xGcWNSTzVEY3paNlZ0MWRvWDZaMDJmLTh0WUh0TFpOaWxtZWhqSlY0dks1NWZnUmZCZTVscER4VFZRSjhHRDN0cEl1OW5iZzU0TlZ2SdIBhwJBVV95cUxQaGEySFV1dDlIVmlqc2FsSm8yYUVTNG5NR0tZdkFFdWgzUEx5QzZpS1FyU0xLRXJScDhpLWFaRnkwc3MwaFlLc2g5eEN1Yks2dG5iTnQta0trSjZrSUlsTW5kancyZmJMWE4xeVZhSXo1YlJMRmIydFBsaE45N2thdGdWNXpLdnhycmszU2pBRmtYTE80VldCVDJqbjl5TkxKLUYydEJPU1FORkM2QkxEMndGd19KZVlQb0xGcWNSTzVEY3paNlZ0MWRvWDZaMDJmLTh0WUh0TFpOaWxtZWhqSlY0dks1NWZnUmZCZTVscER4VFZRSjhHRDN0cEl1OW5iZzU0TlZ2SQ?oc=5,"Aadhaar name correction new rules 2026: Which document do you need for spelling mistake, marriage or major name change? Livemint","""(AI OR ""artificial intelligence"" OR Nvidia OR semiconductor OR technology) (selloff OR ""market fall"" OR ""stocks fall"" OR correction) when:1d"" - Google News"
2026-10-05T11:45:00+00:00,1,['India market'],Kalkine India,Small-Cap Index Extends Losing Streak to a Fourth Week - Kalkine India,https://news.google.com/rss/articles/CBMiqAFBVV95cUxQc0dqZzZpUEtCSngtVFc0eE1WQ092TDZRZGhheXVCSTdoNDVfSWYxdTRxcnRiWTRKSWRfUXVpTEFjNjVhR2lyVEl2YnZaYVF1N0hYY0Z5RjJQSWo2U2t2MDRleXZ0MFNlbzZSQkZOWUtQNHVzYmpjM2prbFE3WWZNdG50aXhZNU9BT2VOSGZEQ3d3NGZLMEUwaTEtbm1mY1dpUlV6N0lzSEs?oc=5,Small-Cap Index Extends Losing Streak to a Fourth Week Kalkine India,"""(""broader market"" OR midcap OR smallcap) (selling OR correction OR fall OR volatility) India when:1d"" - Google News"
2026-10-05T11:30:00+00:00,1,['market selling'],Gulf Times,Turkiye's annual inflation drops in September | Gulf Times - Gulf Times,https://news.google.com/rss/articles/CBMioAFBVV95cUxOYXR4VmdfNkNDUmR1a3ZQVTc0VG5lTGRFUG5OejNUYXUwWjRMS3hSUUdXSUhhOGs5eWYxcF9abjdyVmFBVmcwTTV2M2tYN2laWHZOUlFQTFJubDVadEdyYXhqMmtVdENfd0h4TURlNU5TSkpudlY2VDZuWkN5V3NDODktRlBFQUl5RS1FSW9OT1pGMnFTaWZxSEE3ZnBPUWQ10gGgAUFVX3lxTE5hdHhWZ182Q0NSZHVrdlBVNzRUbmVMZEVQbk56M1RhdTBaNExLeFJRR1dJSGE4azl5ZjFwX1puN3JWYUFWZzBNNXYza1g3aVpYdk5SUVBMUm5sNVp0R3JheGoya1V0Q193SHhNRGU1TlNKSm52VjZUNm5aQ3lXc0M4OS1GUEVBSXlFLUVJb05PWkYycVNpZnFIQTdmcE9RZDU?oc=5,Turkiye's annual inflation drops in September | Gulf Times Gulf Times,"""(AI OR ""artificial intelligence"" OR Nvidia OR semiconductor OR technology) (selloff OR ""market fall"" OR ""stocks fall"" OR correction) when:1d"" - Google News"
2026-10-05T11:23:18+00:00,1,['market selling'],Business Standard,"CAT 2026 correction window opens today: Check editable fields, deadline - Business Standard",https://news.google.com/rss/articles/CBMi3gFBVV95cUxNZXJuVUZPV2lhbFppcXVVcFgtUHVHU0dnUFhyb0pzX1k0U3lqN05JV1NyTTBwRFdpS0c0Yml6NkVMWlpYYlpNUGhPRGFLZFRzOXdvckFDS2hMUFAzMGxydGs3SkhqZEg3NVFnTWFVMnJVYUJHcFU3WW1sR2wzQ2ZtQ2VFekktSVZmRVV2bUw5Y29TT1hLcm5Eam5BR3d2NHBKRXNxeHM1NXRaR0tjd1JvT0RQenBDTDd3TEREM3FaeUF4N2k3QUg5RXRRdWdNZjZ6TWpaSTVGMkpsNEV5YWfSAd4BQVVfeXFMTWVyblVGT1dpYWxaaXF1VXBYLVB1R1NHZ1BYcm9Kc19ZNFN5ajdOSVdTck0wcERXaUtHNGJpejZFTFpaWGJaTVBoT0RhS2RUczl3b3JBQ0toTFBQMzBscnRrN0pIamRINzVRZ01hVTJyVWFCR3BVN1ltbEdsM0NmbUNlRXpJLUlWZkVVdm1MOWNvU09YS3JuRGpuQUd3djRwSkVzcXhzNTV0WkdLY3dSb09EUHpwQ0w3d0xERDNxWnlBeDdpN0FIOUV0UXVnTWY2ek1qWkk1RjJKbDRFeWFn?oc=5,"CAT 2026 correction window opens today: Check editable fields, deadline Business Standard","""(AI OR ""artificial intelligence"" OR Nvidia OR semiconductor OR technology) (selloff OR ""market fall"" OR ""stocks fall"" OR correction) when:1d"" - Google News"
2026-10-05T11:16:57+00:00,1,['India market'],Business Upturn,Nifty 50 Inches Lower at Monday Open - Business Upturn,https://news.google.com/rss/articles/CBMijwFBVV95cUxOQUVZVUlIaTZNZDdHbXVPQWNydjU2NVdLLWZnYUV0aUxhc01iLWw5dUtEMzVRNjJwMWMzVXY5M0xjczY2N2ZSNHlESWxFRGFFUEpTY1QtVzhELWR5SXlVRGt3QnhNR28wd3hiNjIzTVRNVi10T3E0cm1NY3hiOTkzT1M1amw5MC1ySUpITlJFYw?oc=5,Nifty 50 Inches Lower at Monday Open Business Upturn,"""(Nifty OR Sensex OR ""Indian shares"" OR midcap OR smallcap) (falls OR selloff OR correction OR ""risk off"") when:1d"" - Google News"
2026-10-05T11:14:43+00:00,1,['market selling'],Bloomberg.com,What’s Driving the Global Bond Selloff? Your Questions Answered - Bloomberg.com,https://news.google.com/rss/articles/CBMivwFBVV95cUxOeE9ya0QtVlRMamtIVS1zY09vWi1kUTZRaFkwNDFUaGRGbjN1SFhBc2tZaF9BcTF5RWdzT3lIM1JoTlRnUWlNZC1WQlYxR21KWXJaNXBFYzRUcjVkMHpnUHYwZ3hoQ25SZURNcDBRNTQxX3pLYVA4bFJjMlFqRUFnOTVSM2Q2OHpuaDM0Z0l4RFBpaFJjeEhPNE1IaWJFV0JQSXljWU8xdURMQkVOb0gwREVFMGYyT3VvTmFzNXVWNA?oc=5,What’s Driving the Global Bond Selloff? Your Questions Answered Bloomberg.com,"""(AI OR ""artificial intelligence"" OR Nvidia OR semiconductor OR technology) (selloff OR ""market fall"" OR ""stocks fall"" OR correction) when:1d"" - Google News"
2026-10-05T11:09:20+00:00,1,['AI / tech risk'],WKMG,Deltona to hear presentation on using AI to speed up permitting - WKMG,https://news.google.com/rss/articles/CBMitgFBVV95cUxNcXdmTW96Qzk5U2JyZHYySlN2d2t4NWd5Q1ZwYUlfVEFUbE5JSGJmV1BpeXRPbDlJTktvREQ4YmhNbjBISW1uM1kxRFZ1dUdJdUpWdi1TVzZQMGZ6ZXJCMGlzM0NtcnJ1T1dOcjJYeGZXczZmNl9sdVlSUzRWOWNiV0ZrbHU3TFFIYVRrUC04cU1sTXpQTkRMN1VYTjdzWmRBLWY2TWxFWGJZd0l4SEozUWdqbEdVZw?oc=5,Deltona to hear presentation on using AI to speed up permitting WKMG,"""(AI OR ""artificial intelligence"" OR Nvidia OR semiconductor OR technology) (selloff OR ""market fall"" OR ""stocks fall"" OR correction) when:1d"" - Google News"
2026-10-05T11:05:21+00:00,1,['India market'],Moneycontrol.com,Cultural capital must be integral to India’s economic imagination: Gajendra Singh Shekhawat - Moneycontrol.com,https://news.google.com/rss/articles/CBMi5gFBVV95cUxPMWxBTTdtTktnaVVlRlNKemZ2QVBNVE9DaGR2MGh0d1lMUWpVc3prZlg2U2ZpWC04STdTd3RKNjVRVGJhQWliZHkyNEUteEJwOGFtOHNCbDNqN3p6blMxR3lsNjgzQVRPaXhXT2poTndETUtSMkJrUnpISUw0ZHY4UW5mQng1V1lSV0xZSG0wc2tXaXF3NXhMU2RfeGtPWGtlLUlzR0JrTVpyMHJLVzVnNHBzbzVyN2Z2bks1d2ZZSnJZVnZqLW9fc0MwME1sa2Nmak1WWHZJSk1HTXZqbVpNbldtRWlld9IB5gFBVV95cUxPMWxBTTdtTktnaVVlRlNKemZ2QVBNVE9DaGR2MGh0d1lMUWpVc3prZlg2U2ZpWC04STdTd3RKNjVRVGJhQWliZHkyNEUteEJwOGFtOHNCbDNqN3p6blMxR3lsNjgzQVRPaXhXT2poTndETUtSMkJrUnpISUw0ZHY4UW5mQng1V1lSV0xZSG0wc2tXaXF3NXhMU2RfeGtPWGtlLUlzR0JrTVpyMHJLVzVnNHBzbzVyN2Z2bks1d2ZZSnJZVnZqLW9fc0MwME1sa2Nmak1WWHZJSk1HTXZqbVpNbldtRWlldw?oc=5,Cultural capital must be integral to India’s economic imagination: Gajendra Singh Shekhawat Moneycontrol.com,"""(""mutual funds"" OR SIP OR AMFI OR FII OR FPI) (India OR equity OR market) when:1d"" - Google News"
2026-10-05T10:52:49+00:00,1,['market selling'],MSN,"Bond selloff is opening up rare opportunities for investors. Here is where to look, says major bank - MSN",https://news.google.com/rss/articles/CBMihgJBVV95cUxPbUpwV3FpV3REQzNFaVJuTWpZVUhNeDhNMng4VWE0LTNFcFhuSldac1lQWndNcjlvUU82d3N1eHgwMWxXYzZrOXFWcU9Mb0hDSEQwNG1XRmtmUklwalNESFdWRVFvazBqV2h5Q0hoUTB5RzNfcUpLczBycE9vT3pVRTVFNXNXRzFEYzRQMjVMNFBkTHhZRUk1ajNmTnlweG5fWGNMU2R4YkVTX3FSZ2JMNFZBNTdNaTBTRkV2enlKZGc0eXBsNFYyOWkwZTZVUkl2U1BGQUMyME82X3FJVlA2emp6eFJTblVYWVdsVWo5WlRIdlplcEJTc3BmdVlHMDQ1Qlo5MEJ3?oc=5,"Bond selloff is opening up rare opportunities for investors. Here is where to look, says major bank MSN","""(AI OR ""artificial intelligence"" OR Nvidia OR semiconductor OR technology) (selloff OR ""market fall"" OR ""stocks fall"" OR correction) when:1d"" - Google News"
2026-10-05T09:53:00+00:00,1,['market selling'],kalkine.ca,Orion Digital Corp. Stock Slips 3.23% as Weak Sentiment Raises Correction and Downside Risk - kalkine.ca,https://news.google.com/rss/articles/CBMiwAFBVV95cUxONE1tQjkzbzBUcG10UjhWUVpxQzdjNk5hMnNoUGN1aE5IM3djZ0swdGFWUTE2MFR3bWZzelFSbmZoRkd3NXNIX3RYaGtzNWk5c1ZGdm1tejVUcVN0WHFRTExUMUJudlpyb1pfWkNaWC15M1QyUXRUbmhwdFd3VUo2RndHemFqOV9nSXFyVEhsaHZRZUFVNFVRVlhtenZDUjdsZER1a2E3Z0tRRTY0MU5KdExUU2l5LTBwZ253aWw3ZVo?oc=5,Orion Digital Corp. Stock Slips 3.23% as Weak Sentiment Raises Correction and Downside Risk kalkine.ca,"""(AI OR ""artificial intelligence"" OR Nvidia OR semiconductor OR technology) (selloff OR ""market fall"" OR ""stocks fall"" OR correction) when:1d"" - Google News"
2026-10-05T09:13:06+00:00,1,['India market'],businesstoday.in,Microcaps Surge 39%: Why Are These Stocks Outperforming Nifty? | Microcap Rally Explained - businesstoday.in,https://news.google.com/rss/articles/CBMi4wFBVV95cUxOcmpzRjhzRHhGWF8yQkVFMTAtMFl6ZHEtSmk0bFdrcTV4eGVPd3djSVdMZjVpeEJYWDZuVG9LLUdPTEZkSU43UFVnVUxUcW1nUFV0d09qbWZPRm9wUGFMLXQ4a2NaanByRkZXZ0FEMzRMNkJidVZwSzh3Q1RTMVpuSEhEQURqdmg5UDNBYWdZaHlBcFpPSHk1dExoQU1QMUV4WC1odjRqU1ljdWp4c0dadnFzaG55d1VfZHVkMjA4Y0ZrdXpvMlFFeDZVbnVKRGF6dXR2Rm13RHdtVExTRHJLYmNnbw?oc=5,Microcaps Surge 39%: Why Are These Stocks Outperforming Nifty? | Microcap Rally Explained businesstoday.in,"""(Nifty OR Sensex OR ""Indian shares"" OR midcap OR smallcap) (falls OR selloff OR correction OR ""risk off"") when:1d"" - Google News"
2026-10-05T08:36:29+00:00,1,['AI / tech risk'],Seoul Economic Daily,"Fluent With AI, Shaky With Hangul: Kids Flock to Handwriting Classes - Seoul Economic Daily",https://news.google.com/rss/articles/CBMiogFBVV95cUxQUDZVWkhzLXNxaTl5SGJGdmliNlQzdTdUcTFLV1NKajNHaFN1MXNEU2ZvSkZveDdQNHBPOGF6VkJlbXN6cXVzVngxdDBxT3ROZmNTZHZISnp1S2pwWjJGYlVfY0RwRTNGbXRlSzBXdmRoZE80aTU3elZUUGFGaEJ2am1ONDNEbHlVX0NkZ3VROTM4ZF85VG1wM3I5VlB5Q21Xb0E?oc=5,"Fluent With AI, Shaky With Hangul: Kids Flock to Handwriting Classes Seoul Economic Daily","""(AI OR ""artificial intelligence"" OR Nvidia OR semiconductor OR technology) (selloff OR ""market fall"" OR ""stocks fall"" OR correction) when:1d"" - Google News"
2026-10-05T08:35:09+00:00,1,['AI / tech risk'],CXO Digitalpulse,"BOJ Says AI Boom May Have Eased Financial Conditions, Warns of Market Risks - CXO Digitalpulse",https://news.google.com/rss/articles/CBMiqwFBVV95cUxObFM2OThEN2gtVkduN3d0QXdiWXVqZE9vNTNHN1hhZk9OXzA5ck9rTFFDZVd6Mnp5czN3c3FDcWNLM3NMaW9RSWlldkFSakt6cWUwcjJ4X0hsTm9Yd0VUSHZvdmsxdl96UGF2MmhhMEhfV29qUms2ZVhHTXdueVhEYWxtcG9SVVpGSDJfak5vUzhFdGI5S3VrZGcyU21SeDZIR21EZGdVVjYwRUk?oc=5,"BOJ Says AI Boom May Have Eased Financial Conditions, Warns of Market Risks CXO Digitalpulse","""(AI OR ""artificial intelligence"" OR Nvidia OR semiconductor OR technology) (selloff OR ""market fall"" OR ""stocks fall"" OR correction) when:1d"" - Google News"
2026-10-05T08:26:39+00:00,1,['India market'],Moneycontrol.com,"India's economy strong; energy security, jobs key to lasting growth: Tata Sons' Chandrasekaran - Moneycontrol.com",https://news.google.com/rss/articles/CBMi8AFBVV95cUxQaVpyT0Zhbmh1Q3FxRUNnSWpzN3l3VGE1VW9FUXZXOHBjbFQxOVN0akY1bnMtd3FaeVNqdENiSHU4aFpsR3RwOG82NTZCaGxzeExHNHlQV1dnZUVEWWRYNkRYYkp6bDNibUZ6aDVJZTk3bnFRRTB3aEFBeURaZC1NMHplM3ExNEJZN2ZidDZfNllDOHVLejc1Q0RkRnpUaGhWV1B0UlRUUVp1T2g3d2g4bkFsSzlXbVRldGoxWHFyUDVIZ2xfbldIeEZFMTB5c21wY3BhdlYtU3pzeDI1U3cwU1ExVnY1U2dUbHF0NTZsQXDSAfABQVVfeXFMUGlack9GYW5odUNxcUVDZ0lqczd5d1RhNVVvRVF2VzhwY2xUMTlTdGpGNW5zLXdxWnlTanRDYkh1OGhabEd0cDhvNjU2Qmhsc3hMRzR5UFdXZ2VFRFlkWDZEWGJKemwzYm1Gemg1SWU5N25xUUUwd2hBQXlEWmQtTTB6ZTNxMTRCWTdmYnQ2XzZZQzh1S3o3NUNEZEZ6VGhoVldQdFJUVFFadU9oN3doOG5BbEs5V21UZXRqMVhxclA1SGdsX25XSHhGRTEweXNtcGNwYXZWLVN6c3gyNVN3MFNRMVZ2NVNnVGxxdDU2bEFw?oc=5,"India's economy strong; energy security, jobs key to lasting growth: Tata Sons' Chandrasekaran Moneycontrol.com","""(""mutual funds"" OR SIP OR AMFI OR FII OR FPI) (India OR equity OR market) when:1d"" - Google News"
2026-10-05T07:18:39+00:00,1,['India market'],Moneycontrol.com,Cost pressures and deadlock force Honda to rework India strategy: Sources - Moneycontrol.com,https://news.google.com/rss/articles/CBMi2wFBVV95cUxPQ2pPY2pUODBtUy1XUjNXdnZRall4QXVOanN3aE9KekloTmd5cjUtalZ4NVpubmN5RjRYaERTRlQwVGZacFkzVFpRY1Z4aGlXc3dfLVYtX0d2bXFER0ozdTcyZXZtZThVeGlqVHIwd3VrbWtocTZEWWZvbE02R3RrX0x2T0FQZlV4WkVjSnZhdEZUZS0zV3YzOXJrS19OMWVGX2FaNHRDODNlaDBfbEpndzFwTW4za3dVMlh6eWE1R3pDLVowa1oxd2xiLVhHdFVhMTNUVTBpbExETVnSAdsBQVVfeXFMT0NqT2NqVDgwbVMtV1IzV3Z2UWpZeEF1Tmpzd2hPSnpJaE5neXI1LWpWeDVabm5jeUY0WGhEU0ZUMFRmWnBZM1RaUWNWeGhpV3N3Xy1WLV9Hdm1xREdKM3U3MmV2bWU4VXhpalRyMHd1a21raHE2RFlmb2xNNkd0a19Mdk9BUGZVeFpFY0p2YXRGVGUtM1d2Mzlya0tfTjFlRl9hWjR0QzgzZWgwX2xKZ3cxcE1uM2t3VTJYenlhNUd6Qy1aMGtaMXdsYi1YR3RVYTEzVFUwaWxMRE1Z?oc=5,Cost pressures and deadlock force Honda to rework India strategy: Sources Moneycontrol.com,"""(""mutual funds"" OR SIP OR AMFI OR FII OR FPI) (India OR equity OR market) when:1d"" - Google News"
2026-10-05T05:24:29+00:00,1,['India market'],economictimes.com,MF Tracker: Nippon India Taiwan Equity Fund tops 1-year return chart with 118% gains. Can the strong perfo - economictimes.com,https://news.google.com/rss/articles/CBMikgJBVV95cUxObll5VEkyUTRlWWMxYXpmRER1blAxR2Z5NUNkSkx1RGd3Uk00dF9XT3Z1YTRrZ2g5akFubFJ1V1J6cERLaTRMU2hhcFJ3YWpfRGhzR3RzUlU2ZDN1MXhSbnlkUVcwaE1ES2o5UllFQ0REc0NnWWVXWERnSEFKSktDZTB3RDZSQzFnSGlGdkZrelFwU0hELWhZb3o0N04teEFJRjdkSEczTFNJMDJJWTE0MEVxazJwUC1ZU3czNzBlVUt1cW9LSEhHTndZTHpJQmZ2UjFYczROSXhLdG05WmpSejExWHNCbC1LbXEzOXFHOVJXLTk2MTYxWlVGLUE4QTA3dmhEM2JPVGFnemItXzlicmpR0gGXAkFVX3lxTE5odnpTUU5vOFJ2a2hLRVhaZWxYS2FUQzhscTNscnZnRlZTNFgtYUVHX1g1QVRxMEVrZzB3VFdESm1OT1JMVFd4YlpvcWRVSW51NXNoQ3h3OHM4TVF4UUttTFpWTXJVTTlILTFReDRpTkxoX19YNFJydVFCNllvbXA5VGQ2YWJNWEsyWFgzbVgtRjZqVTZZZTBjNk1LaC1XZGdkaTFHRUhMdTZ4Z0k2Z1cyU0FMWU91QUZQNjVKSnF5c05MZXNZV25NRnM1R050dTBidWRaZEZuM21lRGlJdndMMjRtcDV1d0VjY1R6U3N3ME5TMzFMN3hjRnNacEJUOVFEQXpudVlmLTJUNWNWdFhqcWh5Q1lPbw?oc=5,MF Tracker: Nippon India Taiwan Equity Fund tops 1-year return chart with 118% gains. Can the strong perfo economictimes.com,"""(""mutual funds"" OR SIP OR AMFI OR FII OR FPI) (India OR equity OR market) when:1d"" - Google News"
2026-10-05T05:11:13+00:00,1,['India market'],MarketsMojo,Wework India Management Ltd is Rated Sell - MarketsMojo,https://news.google.com/rss/articles/CBMipgFBVV95cUxQQTkwbjBRRzIxR2tTdk1xQ0diMGZreGNVWVdOVVpGa3k3TnBYR2J0cVhQaXhuMFdrZGVCRzhSX1hMOFdDNEQ1NDM1S1QxaFhYTVJoVUhvRzQ5Z0xIR0xDRXJ3QmVQenpOOXh5VjhWcjI1ek9wM1d2U2lfU1pCYTI0aV9TS1VYRC04Mlk0SzNtMEx5SnFJaW1aNDdtM3NZSUpBQVdSTmp3?oc=5,Wework India Management Ltd is Rated Sell MarketsMojo,"""(""broader market"" OR midcap OR smallcap) (selling OR correction OR fall OR volatility) India when:1d"" - Google News"
2026-10-05T05:00:02+00:00,1,['India market'],Moneycontrol.com,Who can India blacklist from entry? New guidelines widen grounds from cybercrime to terror funding - Moneycontrol.com,https://news.google.com/rss/articles/CBMi6wFBVV95cUxOMGJ5YWJpVmFMc2tQRmVKdnZfcFVPMWVZZldURGhCN0RMVWlMX3NkUmVZMkgtMzZPSlJjVzBNR2FBN0kzbWlMS3dMR0c2OHZkQ2J3ZjRXNEl5TTljMzdBZ2F6Mnl4eXR3VERGcm8yWFZxTjMtb2VLTEdRWEdNODZSV2FyVXg3NnJISzFZVG50THBvRW5VZHVfNjNLX0h2T01iUE01U1g2QW1OdjJ3Mng1ZlRFS0hYZEVxUXAxVzVvSmVVdWlRSkxMSkx5cml2M282ZlJ6QmYtQm5OQm1rTHlkYlluNnYtcl80UXB30gHrAUFVX3lxTE4wYnlhYmlWYUxza1BGZUp2dl9wVU8xZVlmV1REaEI3RExVaUxfc2RSZVkySC0zNk9KUmNXME1HYUE3STNtaUxLd0xHRzY4dmRDYndmNFc0SXlNOWMzN0FnYXoyeXh5dHdUREZybzJYVnFOMy1vZUtMR1FYR004NlJXYXJVeDc2ckhLMVlUbnRMcG9FblVkdV82M0tfSHZPTWJQTTVTWDZBbU52MncyeDVmVEVLSFhkRXFRcDFXNW9KZVV1aVFKTExKTHlyaXYzbzZmUnpCZi1Cbk5CbWtMeWRiWW42di1yXzRRcHc?oc=5,Who can India blacklist from entry? New guidelines widen grounds from cybercrime to terror funding Moneycontrol.com,"""(""mutual funds"" OR SIP OR AMFI OR FII OR FPI) (India OR equity OR market) when:1d"" - Google News"
2026-10-05T04:27:47+00:00,1,['market selling'],Business Upturn,"Pharma sector stocks today, October 5: Ajanta Pharma falls 1.33%, Lupin down 1.17%; Alembic Pharma gains 2.44% - Business Upturn",https://news.google.com/rss/articles/CBMi7AFBVV95cUxNMlF4WjVPXzc1SDZvX3Z6SDZ0YUlvdDJlQ1Vqckx3bkVPeXdvOHNSSVlNVWtlZ1YyVjdnQ0dmUUtBb1h2N3E1ZmNwSXhiWVU3bjBJajlGdlZ3dEpnVUJLT0J4UG9UNkpadlJ6NDVhUDkzOUtobGs4c1JhbVNHVXZhSWVrU193WmNZTFlDYkJscnotdTRfVUFzZ2FnN04xdmV6X1BUTEsyWE1RZFQ5b0tVQ29UMFloR2dOazk1VlFkWTNKS0hqdW1TYW9FVVlhNGF4ZUJqaTFXSDVSbktSSFhhR05XUm8xUVY4S2lMSg?oc=5,"Pharma sector stocks today, October 5: Ajanta Pharma falls 1.33%, Lupin down 1.17%; Alembic Pharma gains 2.44% Business Upturn","""(Nifty OR Sensex OR ""Indian shares"" OR midcap OR smallcap) (falls OR selloff OR correction OR ""risk off"") when:1d"" - Google News"
2026-10-05T04:27:00+00:00,1,['AI / tech risk'],The Business Times,Asia on front line of economic risk if AI boom turns to bust: study - The Business Times,https://news.google.com/rss/articles/CBMisAFBVV95cUxQdmFCN1hvTWM4NFdIQnJ2bUR2QURIZ1RlS1V3NVpVc1BFd3JocUxUMk5TY0V5SkZrZlBOUndpWW5VdzNiQWRjbjVaSXRXYW9ibklGenJteUdXS3dwRTNuS1VXNF9aem1ZdVRiUVFON0t3dWFUV3hNNUVmRmhYV0xGTmU4cUNGeFNOUkpLR2xBQWZ0Yl90dkZ6T21vWXBpSU5ndG1CUlVfZGF5STNpZkNxYg?oc=5,Asia on front line of economic risk if AI boom turns to bust: study The Business Times,"""(AI OR ""artificial intelligence"" OR Nvidia OR semiconductor OR technology) (selloff OR ""market fall"" OR ""stocks fall"" OR correction) when:1d"" - Google News"
2026-10-05T04:09:43+00:00,1,['AI / tech risk'],Startup Fortune,Japan's 30-Year Bond Yield Hits Record 4.235% as AI Debt Piles Up - Startup Fortune,https://news.google.com/rss/articles/CBMilAFBVV95cUxPeF9hY2p4QkI5OWxnQWFrUjFUcWhpQ1pUT1JUNTlYSFJsWTVTOTNJc2NGQl82M2VwYzVuX0hUY2l5aTRHa1ZwWGhCVWVRR1ZKSTl0dnFoREI0ZHF4LUdRcDZrV2dPektfeWJFV09VRGNxOEFBeFZwbWJyNWU2OTlfVWs0Nm5QbElGN1RobERfS3Zod2Vi?oc=5,Japan's 30-Year Bond Yield Hits Record 4.235% as AI Debt Piles Up Startup Fortune,"""(AI OR ""artificial intelligence"" OR Nvidia OR semiconductor OR technology) (selloff OR ""market fall"" OR ""stocks fall"" OR correction) when:1d"" - Google News"
2026-10-05T04:02:19+00:00,1,['India market'],LatestLY,Infosys Opening Bell Updates: Global Cues Lift INFY Despite FII Selling - LatestLY,https://news.google.com/rss/articles/CBMiuAFBVV95cUxORjBGLV9Fc0FtSW9jVEJuamxwVHFaM0dOX292TmhTZy1BOFpUOWRVUmZPMXZkMWcxN1ZMTUNVUUNLc0VtcGhyNC1pRXZMZnpweDBwSU02dW1XQlFLQzl5OWw4WFhfM2RmV19iYzNzTmVRSjY0OWM2OXpwcUtud1l4ZnNYNkNMNlR1Uk00b3VMTUZSSjE1ZWN6N3RPenBtbGIyRGFVTHZfQWZkY1BWOUh3aHpmRXJZYllv0gG-AUFVX3lxTE01eFFIZXg2MFdEQTI2aUlIQTZQNjJJQUd3SnJZRWs3SVh5Tlp4NHpQY1BrNHBXcDF0ZGdxSWI3RXNfTFM3elpNZjRneG95dXQ3TVRMSFF1NU9US21KUXMtMmJaRW5TOGRkdUY2aXVLd0dHYWlJVjVQT04wS3RyRUV3VHJjNUU0Z0ZDejlJNUxBVVhvVWFPaGtZM1ZURUUwM1hUMVNjNFR5N2VVa0tFMGdNR1ZYSlVraUp6dkd0Z3c?oc=5,Infosys Opening Bell Updates: Global Cues Lift INFY Despite FII Selling LatestLY,"""(""mutual funds"" OR SIP OR AMFI OR FII OR FPI) (India OR equity OR market) when:1d"" - Google News"
2026-10-05T03:22:46+00:00,1,['AI / tech risk'],Business Standard,Former Anthropic researcher Jacob Coxon to testify at NYC hearing on AI - Business Standard,https://news.google.com/rss/articles/CBMi0gFBVV95cUxPQXlRNUNLZXViV3BCSHVOOF9STTloRnc4bllqR0d1R0IyYVRfaW9ZWFZlb3gzOXJBYlMxbU5pWUpTZDU1X3ptRkdUbVpRNVA3UG5ZZ0VRcXZhdml6M3o2SU9WRGRBLWhfZzdJaEl3LVUzaHNid1NuTlVoV1FwNW5CSmhHZmduemhnSkkyNzY0b3EwYVl6cFZiX1FuaDY5MmhnOFJEWElqTGQydUhjR0cwRnFXcmNla1E1MkowOHJkXzlqN1l3NWF1VHBqbTcwS2ZvOVHSAdcBQVVfeXFMT0ViQVpDUkxDUjg2cXhuQ2RWdE5ndWxkUjV4UTNzV2h6OGk0N1V1dndrVHg0akF5YWo4QmxxZkpjVURZSTNpTzdYdmpNbTNNaWVKTlJzV1ZrZTlDbTJOeS1obzNNRHFtSi0tS0xkUW1LdC1MRFJKQmt4RUVrY2Z5SHlwNXMzVWdZMWN1VnlUVndnRklrRzJzbXFrdTNlQmhZc1hyRDFPejRBV3preVg4VTFFNmRHcEdoNm9ESVdkU0pZeXpDaGFtampBUE1VcmxRZnFxNmpCTUU?oc=5,Former Anthropic researcher Jacob Coxon to testify at NYC hearing on AI Business Standard,"""(AI OR ""artificial intelligence"" OR Nvidia OR semiconductor OR technology) (selloff OR ""market fall"" OR ""stocks fall"" OR correction) when:1d"" - Google News"
