published,score,themes,source,title,link,description,feed
2026-09-09T09:40:13+00:00,13,"['AI / tech risk', 'market selling', 'India market', 'macro / flows']",NiftyTrader,"Nifty IT Falls 6th Day as Oil Nears $100, AI Fears Deepen - NiftyTrader",https://news.google.com/rss/articles/CBMiekFVX3lxTE55WlBOUTN5enU0ZXhTVVVDam1ybHZFX0dDM2txUGxybkJfVDNKaXkyajFJNmVQZGNtZHRjUUtIUk5ZMkNfbnpNUWhIRWYwbmp2ek50T3AyQUxxczRQUTFrLV84TWJUUktyeW9zZHRaTjJqek80dkFfQzRn?oc=5,"Nifty IT Falls 6th Day as Oil Nears $100, AI Fears Deepen NiftyTrader","""(AI OR ""artificial intelligence"" OR Nvidia OR semiconductor OR technology) (selloff OR ""market fall"" OR ""stocks fall"" OR correction) when:1d"" - Google News"
2026-09-10T05:45:52+00:00,12,"['AI / tech risk', 'market selling', 'India market']",Moneycontrol.com,"HCL Tech stock falls 1.5%, leads Nifty losers; Citi bearish, flags rich valuation despite AI progress - Moneycontrol.com",https://news.google.com/rss/articles/CBMi9AFBVV95cUxNSEl4R3phM2NVakI4UjQwTGhKbFJyTi1JYmlvVzFlYTJpVDdlRlhiQjlKUjZpajlLVmFqd2FBa2c4c3dNNmN1YUp5Q3BQamdrMkg1X1NjQmQ3T2l0akpQOUhCTFlNLURVNE1vcGYyYmhvVzBBUmZpQUYwZkVUZ2o5TjBySXNxV0Q3M3Itc2JJWDBJLW9pYmtUVThUWTU3akpwMDVBRTV5V3p5eTI5NEJjSFF3cEdhMEVITVk2MnI2WTVOcFdRbEJJZkF1eXBTS0FlQUpwd2FNaHMwOF9QQ0E2UWIyMEFBc0lLTHNvN0FaaWdseHdR0gH6AUFVX3lxTE9fMFlpSlUwN3VsdU5JTlBIU1hYa2tlbUZhWmZHNUpReTBaeGdCcXF6aktITkkwUVRJVWR3eUJ2UjhwWUQ1YVJKWTFfSmc3WlJ1WlNkSTBScl9hRFJMRzV1eUFfVnFzYmFra0VkdEdLdWdycW0taE5UYktocFB6QmdfV0tLTnV5UTVaeTgtM2RVbEVxdk9UdkU3d0djdVB0NnRIVFRSRVlaaVg2dFVoS3NjemZ6dkxVVFNDbFVnb2F6Rjg5Zlo4UkxtTHNIRGxlankwUW00ZWlRSzd5bU1jZmV4ekJNWUxKN1FObVl3WlpwRkc0SXVZMk9BZHc?oc=5,"HCL Tech stock falls 1.5%, leads Nifty losers; Citi bearish, flags rich valuation despite AI progress Moneycontrol.com","""(Nifty OR Sensex OR ""Indian shares"" OR midcap OR smallcap) (falls OR selloff OR correction OR ""risk off"") when:1d"" - Google News"
2026-09-10T06:56:15+00:00,10,"['AI / tech risk', 'market selling', 'macro / flows']",毎日新聞,"Tokyo stocks fall on elevated oil prices, declines among AI, chip issues - 毎日新聞",https://news.google.com/rss/articles/CBMic0FVX3lxTE5HS2ZMTEhvdDBLeHg1Qm9vTG0yLV83aVlENjBTRXM1aWs2ZVFtaXd1V1pEN3U0VHRGTHBvY3dEQjlIQmRGNnM0QzY3RjB1NVlSTHBVRG02emo1WGlXOE9sSGZNMFozT1VqUF9Jd1ZhRWx0Sk0?oc=5,"Tokyo stocks fall on elevated oil prices, declines among AI, chip issues 毎日新聞","""(AI OR ""artificial intelligence"" OR Nvidia OR semiconductor OR technology) (selloff OR ""market fall"" OR ""stocks fall"" OR correction) when:1d"" - Google News"
2026-09-09T10:33:53+00:00,10,"['market selling', 'India market', 'macro / flows']",India TV News,"Sensex slumps 813.35 points, Nifty below 23,450 amid persistent selling pressure, high crude oil prices - India TV News",https://news.google.com/rss/articles/CBMi-AFBVV95cUxPUXhLZ09XU3pVMHNPdHp4cV92eDJnOXpkMU8yTngxV1QtREdscUkweTZRUUcyQU54Rk9wczkzeUY0bVNZMHQ3VWJaOXdsbC1nR0xMeUlWYUpXTXkydEIyMExPeThCTlMwa1ZvYnBDRnhpQy01RjY2LU5kdkhxS2ZHZmFPbVd0SFJUYmV2U1d5VVRjNnI3blRJcHo1UGlzLWxaMkdfdkc3ZVZHeG8zSlVoOEVQUlJYcDIyTUZwUWwxRnl2ZmV3aHVtS3R3SXVCVWdCX1Rra1puMkZSaVZlSndyOUdpQ2FsdkdmSUV0ZUhlalR4VkVoeGVIbtIB_gFBVV95cUxNeHZkM1NKaFZGT2ZlU1RwZ3hBay1IbEtRbWVnUy1TdGgtT3gxT2RpdG82Vi1yS21PYWU1M00tMXZUOVVjZmZoaHRFM0EtTm5NTTlnY3JVZHk5OWItZ0kyaDZrMjBkSFRhdGxva2xrUG1PVU91dmhuVHM4R1hZVkVfMXNuTkZUS0VzOUFCMDRvWTQ4T25WZ2xfNFFWU2Vfb2tfWkVFZ3ZOT2NMWGloN2RaRTN0Z1djTGEyWTFQQUQ2N1NUdnlqX1hSSGxLZ3pjTVhlNTJQT0ttdHlEQ0xLVm9yTElJQVRWSU1DYndxdU9CZ1hNNTI2ei1PSHN6T0ZwZw?oc=5,"Sensex slumps 813.35 points, Nifty below 23,450 amid persistent selling pressure, high crude oil prices India TV News","""(""broader market"" OR midcap OR smallcap) (selling OR correction OR fall OR volatility) India when:1d"" - Google News"
2026-09-09T10:04:59+00:00,10,"['market selling', 'India market', 'macro / flows']",indiatoday.in,"Sensex, Nifty fall sharply as crude oil crosses $100; IT stocks lead sell-off - indiatoday.in",https://news.google.com/rss/articles/CBMi8AFBVV95cUxQSHRJRmhweURrMjQyYlR4QTl6NjI1VEY1QmJiQkRyWHBlMmhwQ2hxNlRXNHR6YWwzblg0eGZmUlEyUXVNMVZOd25sSW1UX2U3WFdxS09LMXdJSzAtNHNNN3VlcDQ5U01OdXhES28wYjU5endETVZsQjd3c1pFY3lOd1c4WkQ5T1JZRVc0NmJ2OGhpemxrNFpjdFlJOGtnMnhUeGNsU2dsZHhWTFF5Ty0ydW43OW9YUEhpalg2QzNHMzh2Q0o3V25Xb0M0RlczUk1NQ3lEdTE0NlZfX1ptZzdUaTRfRWJpd25WcTZObUZaNDbSAfYBQVVfeXFMT0xwbXloNURjY2pxTEZBaWhBc3Z0Ulh5N2k0S1piMmZRZG1aMmVlZEt0dTk1dHgxTGVqc2lmU1AwNnFhU0xoMGw4RXFVbVFDeXIxS0h3WmQxZms3N01sSU8xbWR2X3dXazljaHpXM2Z0S2VvV0VpRktrZEM4R25BYlFONXFkMGhFRmdaT0RhbzQzOUxyUGhtNi0wRlBkQ1dSQTNaSUdBM2Zmb3h6RjEyN29mTkVmZkNNOVNCUGoyM29adXpKWVpTb2d2NXUxTExaOTh5ZkdYMzktZVFmNWwxbmRTVVF4MTlLN0xZb2h4T2pqWEJKYlhR?oc=5,"Sensex, Nifty fall sharply as crude oil crosses $100; IT stocks lead sell-off indiatoday.in","""(Nifty OR Sensex OR ""Indian shares"" OR midcap OR smallcap) (falls OR selloff OR correction OR ""risk off"") when:1d"" - Google News"
2026-09-09T09:37:37+00:00,10,"['market selling', 'India market', 'macro / flows']",Daily Pioneer,"Sensex Falls 555 Points, Nifty Drops 144 as Crude Oil Rises - Daily Pioneer",https://news.google.com/rss/articles/CBMiY0FVX3lxTE9obGVfVzN5N1djT3NpdUhFWlROZnNtZVEzTFI1QjJnVHZCcmxJckh6Z2ZzWEdxR2hOQWc2T1NCeHdJSm4zR0NnNURSYmwzcjJVcm1HV0xBbklxUzNaQkdQVlRnOA?oc=5,"Sensex Falls 555 Points, Nifty Drops 144 as Crude Oil Rises Daily Pioneer","""(Nifty OR Sensex OR ""Indian shares"" OR midcap OR smallcap) (falls OR selloff OR correction OR ""risk off"") when:1d"" - Google News"
2026-09-09T18:03:36+00:00,9,"['market selling', 'India market', 'macro / flows']",BBN Times,"BSE SENSEX Today: Sensex Falls to 76,132.81 as Crude Oil Surge and Fed Fears Hit IT Stocks - BBN Times",https://news.google.com/rss/articles/CBMiwgFBVV95cUxPamJVTnh4cmZvLXcxcUhIaFBLUUdkUXlDay1OaVowNU1GMGVtaU05V19mZ19fZUg3UUpFaHNmc1lpZ3ZNdG1XNkxEbWJWSEtNb0RJQkFHTV9FTnFXeUJ4S0JLZWRubFFUbldYVXhrOFpuRDl3dllGUVl2cTBFR19hTVB1MVV2ZzE5V1NZVkptUjdPNlI3MmV2cFRVN1hkLURSZmxqVWczQTlVUFdLeElhRzZmeC1ZdGpSSUE4Y3g4OVN6Zw?oc=5,"BSE SENSEX Today: Sensex Falls to 76,132.81 as Crude Oil Surge and Fed Fears Hit IT Stocks BBN Times","""(Nifty OR Sensex OR ""Indian shares"" OR midcap OR smallcap) (falls OR selloff OR correction OR ""risk off"") when:1d"" - Google News"
2026-09-09T16:14:32+00:00,9,"['market selling', 'India market', 'macro / flows']",IBTimes India,"Sensex plunges over 800 points, Nifty falls as Brent crude hits $100 amid US-Iran tensions - IBTimes India",https://news.google.com/rss/articles/CBMiugFBVV95cUxQMHh6RW5yYkk5X0kxMVMyS0w5MkkzZ0ZDTzQ1UXpLWTRSNDVNeEdQeDhhVVQ0c0pBNURWbUxPVEM1bXE4Sld6Wld2RlFZYmtLTWF5aV9kRV9qbVU5WWhWVE5nNll2cmNac25NcTBzWmFISFF2ejhMdDdoRXFhZmhkRTZxc1lwRDdnWkxNZkxEbTYtRFlxb0JhWC1kYjRsaFhGREhmMk1BTV9iUGZVTVd3enRTam0zYkdtcVE?oc=5,"Sensex plunges over 800 points, Nifty falls as Brent crude hits $100 amid US-Iran tensions IBTimes India","""(Nifty OR Sensex OR ""Indian shares"" OR midcap OR smallcap) (falls OR selloff OR correction OR ""risk off"") when:1d"" - Google News"
2026-09-09T10:22:34+00:00,9,"['market selling', 'India market', 'macro / flows']",Telegraph India,"Sensex plunges 813 points, Nifty falls below 23,450 amid escalating tensions in West Asia, oil price surge - Telegraph India",https://news.google.com/rss/articles/CBMiwwFBVV95cUxPa01yT2ppWkw4b0VvS0pjSTg0WHVGWVZGUFZnRzB1Q0FKQlptWGU4UzNrNkMtTUNJcTQ3dkhUQlgxa3ZDNExKY3ZlQ29FRFFSOFNuZHg1SDRHeTlCWDE5NkN4cE53X1htSE5SdFlOX2hVYkRmNXJKRnZnQ2FOdUV2SzJJNnI5bUVUYk5XazE2dXVyTjNsOW9yR1daWGdhY2NORXlRQmlWWl85djFETDF2UzNFNTBHS0k4aEtwVVo5aEo5cEHSAcgBQVVfeXFMUFYydDB5d2x3ZHJMY1ZORnpkVldxbHg5dFluWGVBcHAtRERDSEZpVUNnNzNLUkpTblo3QnhYQ1NTYTJNQ3hGZ1drVnpYUEpMeHViZHpfbU05eU90SDVKMEhlS2FLbHN4SzB3bUctVWUyckloR3ozeDNOYUpNLUlZUkFTbjNPcDJJOENUX3ROcmJEODNOd3RadUIzeDJMdlRabElrcGNhdVpHczFuQW1hOVBYdGdtZ3FNWGdFQjlMV0ZRNzg3Y1o0QUc?oc=5,"Sensex plunges 813 points, Nifty falls below 23,450 amid escalating tensions in West Asia, oil price surge Telegraph India","""(Nifty OR Sensex OR ""Indian shares"" OR midcap OR smallcap) (falls OR selloff OR correction OR ""risk off"") when:1d"" - Google News"
2026-09-09T09:01:07+00:00,9,"['market selling', 'India market', 'macro / flows']",Dalal Street Investment Journal,"Nifty 50, Sensex Fall Up to 0.56% as Crude Oil Prices Rise; IT Stocks Drag - Dalal Street Investment Journal",https://news.google.com/rss/articles/CBMiuwFBVV95cUxOUlItZWw5dGFQSy1iaVJFbmIzTHg4d2xzLUxweW1TaTdTTWpYdlEtWHdrVG9zbU5Uc0RfVzhsM0JtbEV0aFFqOUhfaHRtNFFqV01tTTZyNEM3bjdGOXRuR2tENFJSTzR1SGZnclRQTVlxWUl2bThaeFNqVHJMb0FBZnhIY2ItYlhCNktBWE5KaEFFOHJsVGVORW1RcUxiaEJvYnZTNTlnVE5SV1MwdThDMHI0RDFvRFRaNDdn?oc=5,"Nifty 50, Sensex Fall Up to 0.56% as Crude Oil Prices Rise; IT Stocks Drag Dalal Street Investment Journal","""(""broader market"" OR midcap OR smallcap) (selling OR correction OR fall OR volatility) India when:1d"" - Google News"
2026-09-10T06:26:18+00:00,8,"['market selling', 'India market', 'macro / flows']",BW Businessworld,"Sensex, Nifty Fall As Middle East Tensions, Elevated Crude Weigh - BW Businessworld",https://news.google.com/rss/articles/CBMiqgFBVV95cUxPRFFYa3dKQ0VOeXdWUzZOMldJeEVwMnhiUWVrMG83alRGWVhMNkIzYldQa3VqMHBRVzc5T2xQUUxtalNEajktR1RTZUxqcWdQNG1XWVFtZkNYY0R3djQ0QU1WOUFiUFZZUHhuNnI4bTZzY2pPTmxUZVVTVks3cy02LV9HdWV1OHZsbm9raWJWeWZTZmJNNkpZS1JFU2Rjb1RhRGJMWUJ3R3N4QQ?oc=5,"Sensex, Nifty Fall As Middle East Tensions, Elevated Crude Weigh BW Businessworld","""(Nifty OR Sensex OR ""Indian shares"" OR midcap OR smallcap) (falls OR selloff OR correction OR ""risk off"") when:1d"" - Google News"
2026-09-10T03:50:12+00:00,8,"['market selling', 'India market']",India TV News,"10 September, 2026 Stock Market Updates: Sensex falls, Nifty gains 15 points amid weak global cues - India TV News",https://news.google.com/rss/articles/CBMi8AFBVV95cUxOOVpLdGl1VVRTeXhKUVhzLVBZcUo2TEc2M1lTZFpFb3Z1RjYwX0pTY2oxZTJjVkxOMWFlM2t5MHNRQWE0Q09GVWxhN0h5czNMSWROd2d3R01ybGcwa09lQV9INUlNbFNCV2VuOXdWZTExVS0zX09JOGg3X093T2l5VmZEVkJQUVlZOWF5dUdOc25zUTlaNFdHa0JnQ1dBN0ZfQ215QTZkRXhLdTVFeTcyWWIxN1lHM3ZFdkg5R3BWNkxsNmxCbExCY2FOTGE2YTJoWktMVkVsR1VTem8yV0dJOENNZ1dLOXpXdGZfbnpwUVDSAfYBQVVfeXFMUDB2REMxVk1pOWF2QjI2eDczM1JmcmtjR1JEUGtfX003VFdVUWxMNnROUHczVEFYejdxeGRES2tfNWxoVlZZc21wQnoyZjJ6a2lMelU1bmtldndjZVZTdWFCN2hZcmxiajJvc095ME41azdDalB2WDd5U2YxNnhYMWdzVHBiQ04yV3paNzkyOFl6S2V2SF9NRzBDcUhzVkpNNkpNZ2pLLXFwcE1lY0JZNk5LWlplcUFXclZRV0kxX3c5LXRndW8wc3lNUlByNmotUGZXS3pBTDRWd3RXZzZ2ck8wNFF3NHk3MS1hR2hINFVvUU82T1F3?oc=5,"10 September, 2026 Stock Market Updates: Sensex falls, Nifty gains 15 points amid weak global cues India TV News","""(Nifty OR Sensex OR ""Indian shares"" OR midcap OR smallcap) (falls OR selloff OR correction OR ""risk off"") when:1d"" - Google News"
2026-09-10T01:46:38+00:00,8,"['market selling', 'India market', 'macro / flows']",Whalesbook,Quest Investment Managers CIO Flags Crude Oil And FII Pressure Amid Market Volatility - Whalesbook,https://news.google.com/rss/articles/CBMigwJBVV95cUxONzBuTzhLMlBCbUN0QThKdURKMFJFWmVNeDRhUzFZUE5ObnVCdS1uMWRGLUo3dHhhOVk5YmFsQWJmbE54N3B1RTEwdUhpQk0tdUFGTml5bUViX2tvd3ViOGg1YnlUUkR4Mmc4dkljWEQ2MFA4ZTJkR21IMVJtVkFJbmdFOElyM0hHeW9KeExiZFZldnhBQWJ5aWh2WXFpYWN0bDNDMTRCSk9WUFJaVEQ2dTJoWTJiWHY1eF9YSklGdnRnMkNGcUZxRWJrRGxaY0lkNG9rZDJPVXNGc3psWEx4YmRIdnF3LXlQWlp2Q19DcEhLR1lJRmp4NEJWSTlPaHREVXZR?oc=5,Quest Investment Managers CIO Flags Crude Oil And FII Pressure Amid Market Volatility Whalesbook,"""(""mutual funds"" OR SIP OR AMFI OR FII OR FPI) (India OR equity OR market) when:1d"" - Google News"
2026-09-09T11:38:25+00:00,8,"['market selling', 'India market', 'macro / flows']",LatestLY,"Business News | Nifty Closes Below 23,500, Sensex Falls over 1% as Brent Crude Crosses USD 100 Per Barrel - LatestLY",https://news.google.com/rss/articles/CBMi6gFBVV95cUxPYTJlTVhFdlBubHBPR21CNEV5RW84LW9LbFJ4NVpMaUV6ZlJiMVRsOTVsVFU0RWRXZEFhV21VVlRQUFRZby13VE1hZGlVRFBGNjMwMU4tSHlXYUE0MzF0UVBZWmFFUFhmTjNKNHppYWpJMVh5VVIzaFlvQWp5UTNQOHJPT3VvaDBKVFNOaTNxV3publdIdUtQRlhldjNxby12X0pfSE5lZng3R3pueXVnZHE0STBkLTY0MTBUd2oxV0VNOUZMaHN5cnlBWjZXV2J0SVI1S21ERldscDBwekF3dDNyQVdNU2tPeUHSAeoBQVVfeXFMT2EyZU1YRXZQbmxwT0dtQjRFeUVvOC1vS2xSeDVaTGlFemZSYjFUbDk1bFRVNEVkV2RBYVdtVVZUUFBUWW8td1RNYWRpVURQRjYzMDFOLUh5V2FBNDMxdFFQWVphRVBYZk4zSjR6aWFqSTFYeVVSM2hZb0FqeVEzUDhyT091b2gwSlRTTmkzcVd6bm5XSHVLUEZYZXYzcW8tdl9KX0hOZWZ4N0d6bnl1Z2RxNEkwZC02NDEwVHdqMVdFTTlGTGhzeXJ5QVo2V1didElSNUttREZXbHAwcHpBd3QzckFXTVNrT3lB?oc=5,"Business News | Nifty Closes Below 23,500, Sensex Falls over 1% as Brent Crude Crosses USD 100 Per Barrel LatestLY","""(Nifty OR Sensex OR ""Indian shares"" OR midcap OR smallcap) (falls OR selloff OR correction OR ""risk off"") when:1d"" - Google News"
2026-09-09T10:39:04+00:00,8,"['market selling', 'India market', 'macro / flows']",Public TV English,"Nifty closes below 23,500, Sensex falls over 1 pc as Brent crude crosses $100 per barrel - Public TV English",https://news.google.com/rss/articles/CBMitAFBVV95cUxOVTFxSmQ4OEJtS004U1kwa0VfZk80Ukp3NUtJOFZtUEdzZEFqelR6WHF1bFRNOFNPOFFZSWFrUTA5d0UyaWlHM0c3b1E5ODV6OXFHdkptS1VDUEhjUXlaaVp4SWU3Rzd1akNlZjlMdXc5MVI5a3hmalVDNHNtQzYxVlVScklPZFpKTm9lZ201NjZmekpoM2JEN1l0UTlBaFgzQkNSc3NOWkVnTmo2UTBDVkxkSTU?oc=5,"Nifty closes below 23,500, Sensex falls over 1 pc as Brent crude crosses $100 per barrel Public TV English","""(Nifty OR Sensex OR ""Indian shares"" OR midcap OR smallcap) (falls OR selloff OR correction OR ""risk off"") when:1d"" - Google News"
2026-09-09T10:30:00+00:00,8,"['market selling', 'India market', 'macro / flows']",ANI News,"Nifty closes below 23,500, Sensex falls over 1% as Brent crude crosses USD 100 per barrel - ANI News",https://news.google.com/rss/articles/CBMi0wFBVV95cUxQM1JGTlJUVnRTZDBhbFZnYjZ3YjlGTlFfNlQ0WkVIMGxxLWd1Zmt0RnQ3OXhNaGpWQllfTjhzNURSX2VwWlNVTHlzM3BEZldSMGxhRmZuZUtmM2liSlBCR0IxOGtoUWNDY1lIdk9zQnBLTlV2UFh1TkJfdzlMWnVjbjktTVdWajhhZDhueGptVGgzbGdNMlN4b3QyZVVIV21zYlVoeXBDSDBDTzdocnVCUzRYbGstak81ZGRjX2Z6eTljRU52QmV3cnpxTFVIOFAzU19v?oc=5,"Nifty closes below 23,500, Sensex falls over 1% as Brent crude crosses USD 100 per barrel ANI News","""(Nifty OR Sensex OR ""Indian shares"" OR midcap OR smallcap) (falls OR selloff OR correction OR ""risk off"") when:1d"" - Google News"
2026-09-09T10:12:16+00:00,8,"['market selling', 'India market']",ET Now,"Stock Market Closing Today, Sep 9: Sensex falls 813.35 pts, Nifty below 23,450; reasons behind the sell-off, check top gainers and losers - ET Now",https://news.google.com/rss/articles/CBMikAJBVV95cUxQSUVHOWVsU1ZEZjVUMXE1dlVRLUJhZEVwOVJKSnhMMkFQOHVJUVlzbGpsMWNoYTlKOHo0Vy14d20tclpfYXVPcldSaVdWMGVnWEIxZ3UzN1lDR2NaOWlLR1pYcDU3dzZ5Mm9lMGhlUmFLLWRuaFRNajQxVFRvN1FNUGcyS0daM2J3bEphMmVac1A1S3NEcTBQYllrRURCZEhZc3JyV2Z4UlFTRG1lazlrd1ZOeFNTRDhhME5kM05NM1pfejNSUGJIaXhUbEpRNkxtazMteWpOV0pXZWVKaEZzRHV1WjRLM2NWVVlQNHJ3TmJDdnRrUFAzTHdUNTFJdWM0dnJQWk81R0oyZ0VucFA5Y9IBlgJBVV95cUxPajNwcW1KTmNtNTFkOFZoVEd5ZFVYckJrSGcwU1g5U2tPakQ0WlF3R3dMeFNpN0JYYTd6VTlJdFJTRGRobHl6WngtTmNzcTU4dFl0SXhfdWV4N0V1ekVfbFVtQTZtalRLZnV3YUJwdHl1TTRqTEtUTU41Y0JRYXlPVk96U1NrbXA2b2VHWEVaeWR3b3hib08zTF9DS0NwdldlcVhZbU03Zkk3d2RMUkJ6d2NzU3ZXRXZZSGo2bWh3LVNnUlFVUF9vN2ZOcXdQMXdIN1lRdk41eHN2a1d2bmUyUHhKZjRIN2hhMHBWWEZnLWhsMkd1WEozMUhJUFZrUHo2RGRsOGFRN09WZWpBbGFaYW9MRjRQZw?oc=5,"Stock Market Closing Today, Sep 9: Sensex falls 813.35 pts, Nifty below 23,450; reasons behind the sell-off, check top gainers and losers ET Now","""(Nifty OR Sensex OR ""Indian shares"" OR midcap OR smallcap) (falls OR selloff OR correction OR ""risk off"") when:1d"" - Google News"
2026-09-10T04:04:38+00:00,7,"['market selling', 'India market']",Investment Guru India,Nifty Extends Correction Amid Geopolitical Tensions - Religare Broking Ltd - Investment Guru India,https://news.google.com/rss/articles/CBMiwAFBVV95cUxQeVBjaVhTeVZTS1k1YlBkcGtFTzMtMVhoalZVaEgtb085Y1JaWUE0bm05ZVJjbkp5Wmx1dWltcjJIU05QcGlVLTRpV05rLUZTbnNwb01mTU9ndHRoeHFoMEZWVTNDa3VkWnZjaFFTbG5qd0VGM1ZfQmZnc1Vaa3R4Q1JzZ1prQ3k5cHNZeXRITVJwdkZLcWZYdEFtb0htd25MRmdUZ0lvYUNGVl9Na3RIWlh2RDYtazNSUE51X09UQlE?oc=5,Nifty Extends Correction Amid Geopolitical Tensions - Religare Broking Ltd Investment Guru India,"""(Nifty OR Sensex OR ""Indian shares"" OR midcap OR smallcap) (falls OR selloff OR correction OR ""risk off"") when:1d"" - Google News"
2026-09-10T02:43:32+00:00,7,"['market selling', 'India market']",Moneycontrol.com,"GIFT Nifty flat, signals muted start for Sensex, Nifty; Brent above $101, Asian selloff weigh on sentiment - Moneycontrol.com",https://news.google.com/rss/articles/CBMi-gFBVV95cUxNOHVDWnczbjQ4cUUyaGoxUkdFaG51LUdJQmF0MkZMeWdrTm4yekRlSTRWajFfbmwwcURpMVBDSkUtRkJIakVJcFhMeUxVNTY4Mkt6NG5NcWQtTTVYd0Jyd3FDZ2JJM0FJOS1tcHg3Wll5RHBRa1k3VFhXLUJOX2xuMlk5TDJkcUxxZk44ZDFwQTNUTTNYM0FPSXNvOE51T1VlTFZKOWltQ2lnTDJwcGNmNXJsaS1Ka2RVWWFaMElKZGpKQzN4Nk5pQ3AyUTd3WFlTVktVVE85TlRVOXp6Qlh6d3F5bE9EYTdNOWZBWmVYeUdGNHVVb2hTU3FR0gH_AUFVX3lxTE1xM002eWwzRTVLaE90dG5rcDhrSFQtVHNhZ000SXZwUnc0dnBXTnh2S3VkZHhDVEZfeXhFd0lzWlNXLU5jRzFvR2M5cUpkcXRGUnV3cjNza0ozTE03aW11SExhNk9OeTBIMnRVSzcyTHUyUVJWNnJEekZmTGJ1bHFCaXhaS25kWnFOcGNodDRySFhuNGFaOHhFeXU5dU5Vcm9CcXFOZ2hiV1RwVTlsRVFtZlRlLXlJV1NyODJsbDV2WjJ4S3RwUmtnZlExVGFJMXNTazUwYmJIVG5fa3ZSVjF6MlRpeGg0eHI4ZEZVZlFtUllVVVVJdVdWNERXd1RVbw?oc=5,"GIFT Nifty flat, signals muted start for Sensex, Nifty; Brent above $101, Asian selloff weigh on sentiment Moneycontrol.com","""(Nifty OR Sensex OR ""Indian shares"" OR midcap OR smallcap) (falls OR selloff OR correction OR ""risk off"") when:1d"" - Google News"
2026-09-10T01:49:52+00:00,7,"['market selling', 'India market']",Magzter,"Nifty closes below 23,500, Sensex falls over 1% | The Daily Guardian - newspaper - Magzter",https://news.google.com/rss/articles/CBMiqAFBVV95cUxQQzM3cWNZM1o2d1ZMRV9neUhBR1V2eWR5aGZHZ0FCZHZHWTI4WDYyWVZUZXAtQnN5enBybTBzcFN3b1VPY3hTWEJSNDRfNmZ2SS1uSDUtZDRzTExGRFE3Rm82U2VWSmdGcFRzR0w5ekdXREZITnRKRXR5RndoQk4xb2RpWWVzcW1nN0F4M1pKMVhBSDBldmFzeDFxOUxoN2hCMFZya0trRUg?oc=5,"Nifty closes below 23,500, Sensex falls over 1% | The Daily Guardian - newspaper Magzter","""(Nifty OR Sensex OR ""Indian shares"" OR midcap OR smallcap) (falls OR selloff OR correction OR ""risk off"") when:1d"" - Google News"
2026-09-09T17:59:00+00:00,7,"['AI / tech risk', 'market selling']",Investor's Business Daily,"AI Boom Could Worsen Stock Sell-Off, Analysts Warn. These Are The Risks They See. - Investor's Business Daily",https://news.google.com/rss/articles/CBMiiwFBVV95cUxOcWJPdEpSN2FUNl84dDZMdHN4RzFUZmsyUGk3aUNIQThRMS1VeF9VTjBwWUtwZzdqclhRazJnaXJLcFpLYmxscjE5X0RldUtsakJQSGNFTUtjaDgzRVhCcHphZ2RMd2JiejBocFhLTTVXeHVyMDRjR3NNa0dDN1R1Y1ViWWhydlljbkdB?oc=5,"AI Boom Could Worsen Stock Sell-Off, Analysts Warn. These Are The Risks They See. Investor's Business Daily","""(AI OR ""artificial intelligence"" OR Nvidia OR semiconductor OR technology) (selloff OR ""market fall"" OR ""stocks fall"" OR correction) when:1d"" - Google News"
2026-09-09T15:26:58+00:00,7,"['AI / tech risk', 'market selling']",Stocktwits,"Broadcom-Linked AI Selloff Hits Samsung, SK Hynix Stocks In Korea: DRAM Eyes Second Day In Red - Stocktwits",https://news.google.com/rss/articles/CBMi7AFBVV95cUxPZGdWamN1aDBNUzI2dGpKbWlLTW5pcy1mSWJwUlc1OWNJeG5hZzJOT2RuNWRfN0dYNTZGMkxsVVdiaWlPMW51R0wtNUh1SHRkVGk4RUNSV19nc0tPb0VGd2NpYm9IWDNEc2RmaVlzSjYxOFkwdXFoQTRLVnhuQVVxR3czaFlhUTIxT2NWaklDRE1NZzlJSTY5WDRRcHM2RXRta296X1gzckhMMXlVMWRYTmxnazFnYjYyV1NqcGIycEtfay1UQVZDODdhWnhXeExWOWVEMDQtcExYWjZMRDFleG14UWk3TERFY2NiTg?oc=5,"Broadcom-Linked AI Selloff Hits Samsung, SK Hynix Stocks In Korea: DRAM Eyes Second Day In Red Stocktwits","""(AI OR ""artificial intelligence"" OR Nvidia OR semiconductor OR technology) (selloff OR ""market fall"" OR ""stocks fall"" OR correction) when:1d"" - Google News"
2026-09-09T14:59:35+00:00,7,"['AI / tech risk', 'market selling']",Stocktwits,"Dow, S&P 500, Nasdaq Futures Rise After Chip Stock Selloff: Why CBRS, PLTR, BLZE, MU, FDX Are Trending - Stocktwits",https://news.google.com/rss/articles/CBMiuwFBVV95cUxPWjNCZGNubUxhbWpLWDFqRzBuVjBFZG1ydjlWcDk2bkJfNkRLME5KQnJRYk8xb3A5RXdHUU50UmllSGZDSV9YUGZ1T2tULWFDWGF5dlludnhxX3VYUF9nb1dWd1MtRWJDeWhLVVNZM3ViTk9ObnFXeW0wVnhkdDZfNEstMHd2TlNDOVFaMC1XZXYwcW9hSXRZYjlRNlc1MElIa09PSlFHUG5LNWp0MWJSdERfOWlpcnBSZFhr?oc=5,"Dow, S&P 500, Nasdaq Futures Rise After Chip Stock Selloff: Why CBRS, PLTR, BLZE, MU, FDX Are Trending Stocktwits","""(AI OR ""artificial intelligence"" OR Nvidia OR semiconductor OR technology) (selloff OR ""market fall"" OR ""stocks fall"" OR correction) when:1d"" - Google News"
2026-09-09T13:09:12+00:00,7,"['AI / tech risk', 'market selling']",Seeking Alpha,"Intercontinental Exchange: AI-Driven Selloff Overdone, The Valuation Case Is Stronger (Rating Upgrade) - Seeking Alpha",https://news.google.com/rss/articles/CBMitwFBVV95cUxNd3ZRaFhKNmxYWXQtNmc0cXctaEtQMk5rTDJVVFhzZVM1Ymp4Z094MElhZU5vdk43VThPeFdZWmpxdjd6QTlmUWtlR0hwQnZxbFB5UUFDTmU4MW5Oc2JlUmZCc2xmTWpQNXZqQm1wMkpaY2xEeDVBdVRLN0FkQ3hYZTB4QjlGdE10Ym5tT2xIaGE2ZzdkdTZJOHkyU0FkdE9CeUNWVXE2QVlmbnhPUGY5UWZSUFNDU1E?oc=5,"Intercontinental Exchange: AI-Driven Selloff Overdone, The Valuation Case Is Stronger (Rating Upgrade) Seeking Alpha","""(AI OR ""artificial intelligence"" OR Nvidia OR semiconductor OR technology) (selloff OR ""market fall"" OR ""stocks fall"" OR correction) when:1d"" - Google News"
2026-09-09T11:10:01+00:00,7,"['market selling', 'India market', 'macro / flows']",NewsBytes,Indian Sensex falls over 800 points as oil tops $100 - NewsBytes,https://news.google.com/rss/articles/CBMioAFBVV95cUxQRzItRl9EVHZVdDdYdmw1LWc5ZkN4V29oRnRRVnlJVmt5RVJ1cjh6bFdKa0VhZVV6NFV4bmhJU2FrODJGTG9VbmVBaG5oRTFqdXo5aTVIZWhqczFObi1pSjBXbm54cXNRcEZsTzdUZWhnazlmOGxaMW8tVm1SOWg4VFRnMTJqVzljQzVfdUdua2cwWW1kOEkyekVqWkMzWlBt?oc=5,Indian Sensex falls over 800 points as oil tops $100 NewsBytes,"""(Nifty OR Sensex OR ""Indian shares"" OR midcap OR smallcap) (falls OR selloff OR correction OR ""risk off"") when:1d"" - Google News"
2026-09-09T10:51:51+00:00,7,"['AI / tech risk', 'market selling']",Stocktwits,"Nasdaq, S&P 500 Futures Dip After Megacap Tech Selloff: Why SPCX, INFQ, PLTR, QBTS, HIMS Are In Focus - Stocktwits",https://news.google.com/rss/articles/CBMiswFBVV95cUxOUTNTczZpWktBU2MzWmxLckhVc21XMmZzN1FaN1Z1SkdzMEdfbmJXX3FKZm5kWlFKQkRKcElZM3RPNk11VGd6aXRWcWJnQ1JmODRRaWMzemVMVTVuZGxmOHZGLWRubmhuZjI5RW40OWJDanp0SXR1TUMyM05ydHJMem94bHFnXzEyWWxOVGZTWm1Db0ZKOGt6QjU1eXBEdGQ2NUw2VFNZelVaSnhIUzR0RlQ4TQ?oc=5,"Nasdaq, S&P 500 Futures Dip After Megacap Tech Selloff: Why SPCX, INFQ, PLTR, QBTS, HIMS Are In Focus Stocktwits","""(AI OR ""artificial intelligence"" OR Nvidia OR semiconductor OR technology) (selloff OR ""market fall"" OR ""stocks fall"" OR correction) when:1d"" - Google News"
2026-09-09T10:42:29+00:00,7,"['market selling', 'India market']",IndiaIPO,"Sensex falls 813 points, Nifty gives up 23,500: 5 reasons why market hit 3-month low - IndiaIPO",https://news.google.com/rss/articles/CBMiuAFBVV95cUxOYmx4NlQwT3gzSUplbDliOExXb0JPUXNPQzRlYWtFU3JvRWp4QTZOTDhFRmhaX1VnTVU3eWVBc0wwZUJBeXE3Nk5sT1FVTmFYSVRhbFdRLTN4eTB6UXZYZC1zelJYMWgxbll0aHZ6RS1jVy1PM0RDN0ZqLUZSMks0WHlINWJEWGdHR2wtNFNTNXZ1VGZwMG5lVVVybTVCZzlieVdCeFhYUjgzbnJrUzM4YkRMLXNrc3ZI?oc=5,"Sensex falls 813 points, Nifty gives up 23,500: 5 reasons why market hit 3-month low IndiaIPO","""(Nifty OR Sensex OR ""Indian shares"" OR midcap OR smallcap) (falls OR selloff OR correction OR ""risk off"") when:1d"" - Google News"
2026-09-09T10:25:20+00:00,7,"['market selling', 'India market', 'macro / flows']",Upstox,"SENSEX, NIFTY50 fall for third straight session as crude tops $100 per barrel - Upstox",https://news.google.com/rss/articles/CBMi0AFBVV95cUxOMmVzWnUtUnBYdE84aG5tb2p4cWhHdjhZamcyRWV4eExyUmE0UnZUYVZKc1M1cUh1eHhhWmM2eHFfUmlOTDg4R1FZNVU2cW9BYWF2aGtadTd0SDBvekV1bTEwbEtmakE0N2JUWmlFYU91M1lfb1Fwb09MZlNPcGdobkdMekJndG5JWUgwN0xDeHVEaEZnS1ZhV1lPX3BYOUdIZ2IxR01nZFpTSGdGcXVLaVZ5RGxqb1M5TUdrZGxGV1JOM3dzQ2pNRURsWDY2eHdD?oc=5,"SENSEX, NIFTY50 fall for third straight session as crude tops $100 per barrel Upstox","""(""broader market"" OR midcap OR smallcap) (selling OR correction OR fall OR volatility) India when:1d"" - Google News"
2026-09-09T10:22:32+00:00,7,"['market selling', 'India market']",linkedin.com,"Sensex falls 813 points, Nifty gives up 23,500: 5 reasons why market hit 3-month low - CNBC TV18 - linkedin.com",https://news.google.com/rss/articles/CBMiuwFBVV95cUxPMTloS1dBb3RRbm9sWWJMMnpBREhuVm5ZWjZyWFY0NzRfZGN4OGszZ05YaldTMC1oUVQtY082cjZfa1cyeWJTQ2NxNklWYk5XdmF1ZktvY0otWmtZLWpoTEtFN1BiSklFTVN1X01QaGdkbnU4WTd0TnJvWFE0aWtNZ2xUbW5lZmkzUmFrOXdIOTJZUENERkc2R3hyNGdKb25VT0dXVG1uREstbnlWQzF2bEh3TE9CaFJtUnRV?oc=5,"Sensex falls 813 points, Nifty gives up 23,500: 5 reasons why market hit 3-month low - CNBC TV18 linkedin.com","""(Nifty OR Sensex OR ""Indian shares"" OR midcap OR smallcap) (falls OR selloff OR correction OR ""risk off"") when:1d"" - Google News"
2026-09-09T10:16:46+00:00,7,"['market selling', 'India market']",businessupturn.com,Nifty 50 Falls Over 1% at Close as Indian Equities Face Broad Selloff - businessupturn.com,https://news.google.com/rss/articles/CBMiugFBVV95cUxPV3lKdzRPUjU1cHJpVXV6eUJlMXR6d1BpR2ZFUE8zM28xMm1xRUU5Ry1BZEc1UmY0WU03SmJIeXEtQjk2NG1WOFFCeG1IbnBFZnM2eGhMWXlwRnZvZlRXSndFNzZUSlhQWnNPak1LbC0tWWdaVUd5dUNRVzJrbk1CX1V0OGY2LS1RY1dGUENleTNGYnhDcnhMVTdHUjRiMnpFSTBNWFZmVHpyYUFzV2FHUE9QaEhtVGJTOVE?oc=5,Nifty 50 Falls Over 1% at Close as Indian Equities Face Broad Selloff businessupturn.com,"""(Nifty OR Sensex OR ""Indian shares"" OR midcap OR smallcap) (falls OR selloff OR correction OR ""risk off"") when:1d"" - Google News"
2026-09-10T06:10:53+00:00,6,"['market selling', 'India market']",scanx.trade,"Nifty Flat at 23,441; Cables Surge 5% Amid Auto Selloff - scanx.trade",https://news.google.com/rss/articles/CBMi-wFBVV95cUxQMU15UEFZb2JRYVNnNmJ5MXFFR190elBuNHRaWTEzTGl4RU9jSzBOa096R240UzFRSFpodUJfVVF3eDViUlo3RmlYZ1ZENE1nRnpzVXc0VHo1Wl9pOTFKMmIyTmdvWGRNY1VEeDB2enBDdHF4cy1XTE1sZFlIWGJCWDNwU2NMSzM4YWhodXIwdF9zYlNWeDJNN1N2QUdHLTd1RUJ5cmVsUHUxRzBmd0pWaWs0anN0bjRrLVJlZXBaM29ZT2U0eXF1X19SQlRKZklJTzlmX0NCcGlYMXZEM2hMcF9aMVhrcWZoemJ3a2MzWFJnYkFKS0JnSGY0QQ?oc=5,"Nifty Flat at 23,441; Cables Surge 5% Amid Auto Selloff scanx.trade","""(Nifty OR Sensex OR ""Indian shares"" OR midcap OR smallcap) (falls OR selloff OR correction OR ""risk off"") when:1d"" - Google News"
2026-09-10T06:04:36+00:00,6,"['market selling', 'India market']",Whalesbook,32 Nifty 500 Stocks Hit Oversold Zone Amid Market Correction - Whalesbook,https://news.google.com/rss/articles/CBMi2wFBVV95cUxPMEdxU0VJeU9wZEF2TDRkOUx1Sm5WeC1SRVRLM1F0SUJYelY0YmZ5dDZ5bkhhOFJuaFdOdS13WDJmSEozaVE0TlRxUnJ0U0J6UUdPWXY1enBTejJhYm1CTzFkdEVGeHBVN0R6VGJtM3ZMYjF1TVNBLUtzbkZ3eTlVSXpBWUVySnlrYXVoczZaLXp6VUZ6MVpyVldxRGhiMUthemw4bDR4aTBTR2tpaFhCNWdwczZZLThwbkl5STg3N2ZFUUw2UV82MHBXUDJTbUJkejN3TmgyX2k4cVU?oc=5,32 Nifty 500 Stocks Hit Oversold Zone Amid Market Correction Whalesbook,"""(Nifty OR Sensex OR ""Indian shares"" OR midcap OR smallcap) (falls OR selloff OR correction OR ""risk off"") when:1d"" - Google News"
2026-09-10T03:43:51+00:00,6,"['market selling', 'India market']",businessupturn.com,Nifty 50 Falls at Open as Indian Equities Start Session in the Red - businessupturn.com,https://news.google.com/rss/articles/CBMitwFBVV95cUxPZG94N29aOEpiUUhGVmJodmtBdVIwSERaLXQ0bTZ0d29lM1hpTGM2emJzak9NNnBEbURlcGJRNkcwLXFWYXBqVERGQzhkbGw0eGt1c0ptUWphWjdfTTBlYVVxT0NfOTZreFo5ZDFOREx0TUVqbE9sWmlBelRUZXBxVHlOYmhJTm55V293dF9mRlVUT3RLd3FDR3RaeU14MG4wMEZtRW9wMEp4S0dEc0k0Q2Z1TnlDR0U?oc=5,Nifty 50 Falls at Open as Indian Equities Start Session in the Red businessupturn.com,"""(Nifty OR Sensex OR ""Indian shares"" OR midcap OR smallcap) (falls OR selloff OR correction OR ""risk off"") when:1d"" - Google News"
2026-09-10T01:40:00+00:00,6,"['market selling', 'India market']",India's News.Net,Wall Street suffers broad selloff; Nasdaq loses 168 points amid geopolitical fears - India's News.Net,https://news.google.com/rss/articles/CBMiwAFBVV95cUxPNmNBRGhjY3pSV0QxNWxzSVl5ZzY5NEE0LXdVWnpaVnU0dm5PV0tJaFM2YUJhNEw0aHFOV1RpUnBmWkdMREFsUXZ0OHhrRHV2Z2FkTTU4SDEtZjBMY01FWWFXVUNlbk1DbFZaNzhTU1VCMHMta1RJNzJvaVlscVV4Y3g1Q2hmZ1dEWlQ5WVREYlZxQWU0bzk2a3R5VVJiaVpzSlRyRUpZY1FsUXFIQjZaRDRjQmducU0tZmkzOWh5SkE?oc=5,Wall Street suffers broad selloff; Nasdaq loses 168 points amid geopolitical fears India's News.Net,"""(AI OR ""artificial intelligence"" OR Nvidia OR semiconductor OR technology) (selloff OR ""market fall"" OR ""stocks fall"" OR correction) when:1d"" - Google News"
2026-09-10T00:55:36+00:00,6,"['market selling', 'India market']",Livemint,Nifty falls for third straight session; More pain ahead or relief rally on the cards? - Livemint,https://news.google.com/rss/articles/CBMi6AFBVV95cUxOdzY4QlJvYTA3bUJkOG1zbEZvVkt6ZmgxYXpLT3lzVWtCNzl4bzRSUjdJczhka1hhSDZoUDcxLWFyOXVfaE9iUFNVZ0VNdHpFdkVxNk1XTUkzcUZ0Z1hlSmJORnBLSzZTejJ3dk9PUzc2dFhxOExCcHV1MTR4dUVuUzVNTkdyQlNtWEo1MWFyeEJRQnJPS2ZGSmktM2RzeV9lQWhYVDM3WThJUG51OHJBcHNTTWt0c3pVdGlja3YwLTY1OXRFVGFtdWxzWTZEVE9VQy1tRllzS3ZHLXBFWUx0S0xmYjE0TEdP0gHuAUFVX3lxTE94bXlIeFRBU0w1R3dKMFFoWlZjeHlnV2I3bFpsdHNmRWJVb09oSmRzYWFmOUJMM19zeE9XVGt6S01MTmhxM004QUZaazAzcUNzTHZkSm53dlFGZjIxYlFfZWdjTXRSZE1FRGtHQnB0ejVkM0JBM3dobE9UMW9NcEJPV3dQY093ZEp0VXpxbGlEeVNfZFcwaWd5YU8yc2pLSk1fdkJBU1lnR0VsemxMcmh4TW1MeTJGSENMTGJwQkFwV1M4WDMyanE5X2Z5Vy1nZFlyZElTSE9sa3I3ZXFBVHltb2h2cDZ0YUFPU1dLVUE?oc=5,Nifty falls for third straight session; More pain ahead or relief rally on the cards? Livemint,"""(Nifty OR Sensex OR ""Indian shares"" OR midcap OR smallcap) (falls OR selloff OR correction OR ""risk off"") when:1d"" - Google News"
2026-09-09T11:31:33+00:00,6,"['market selling', 'India market']",BBN Times,"BSE SENSEX: Indian Benchmark Falls to 76,570.35 Amid US-Iran Negotiations - BBN Times",https://news.google.com/rss/articles/CBMiqwFBVV95cUxNN2VoQ0puYkpJc3IxclhibHVUMlZtY1RkbzdyVDJ1QW9qckpjdWU0c1BET19WQjdQNlBXMUdVbVhpcnBVX2tFVUNuaVhCSkRnZWZTTXRmN285OUo2NE9McUdJOEZLRFRtcl8wUC1sRU5SMDdUV05XYmxtT2VEQlFKa3U1NFN6OEZrVWZIQ0Z1R0NneU55Ulk3cnh4eVNFdDhVbHBlZ3l3T0pGeHM?oc=5,"BSE SENSEX: Indian Benchmark Falls to 76,570.35 Amid US-Iran Negotiations BBN Times","""(Nifty OR Sensex OR ""Indian shares"" OR midcap OR smallcap) (falls OR selloff OR correction OR ""risk off"") when:1d"" - Google News"
2026-09-09T10:17:44+00:00,6,"['market selling', 'India market']",Upstox,Hyundai Motor India plans to launch localised mass-market SUV EV; shares fall nearly 6% YTD - Upstox,https://news.google.com/rss/articles/CBMi4gFBVV95cUxPWXdhNnFYLXNuTGpnV0tWelp0VjRuMm8zT0EwNUZJQXlHNUh6UFNtRUhONnk1QjVGeHFVUElLSzBHdHlfdVhlS2RVY3Z5SlJqbS1xeUo2ZWJqeTJEc0N2YmJkdmNpb3U3RHFxSU5CYTQyYkxpd3ZWTTJ0enVBRWE5RE1EdmQzWldKdGY1dnQwVE9TQWVIZ25WYkNIWkFZUHlFanlVSXhkZS1ITFp6QmtiWWxqMGxGWXRkNWJUTmFsMU5zbjlaX2VnQlBKcW83MndHdFg4WTJrOXZhWHZVeFV1ekVn?oc=5,Hyundai Motor India plans to launch localised mass-market SUV EV; shares fall nearly 6% YTD Upstox,"""(""broader market"" OR midcap OR smallcap) (selling OR correction OR fall OR volatility) India when:1d"" - Google News"
2026-09-09T10:16:46+00:00,6,"['market selling', 'India market']",businessupturn.com,"Nifty 50 top losers today, September 9: Infosys falls over 4%, HDFC Life and HCL Tech drop 3.7% - businessupturn.com",https://news.google.com/rss/articles/CBMi1gFBVV95cUxNU0huVmhYNG05N1ZJSUxCSDd3bWhKUzliaERvZktkRmVXRkthTHJSSFVSWkV6V0NGTF84aThlZ0ppQmF4UUZDT0x6N3lROTRBMWxselFveVU3eW1XVEVtSW1Pa2ExNllyMHNZZ0locmstSDA4M2x4aUVfbDBNVDhwazUzSnVFbTFhR2ZfZkd2TksxWXcyZXZiU2daSE1JQS1Kd0dhSkZSSHlZdjZnRkllLVpRUzVmTUNWQVZ1Zm1RYWdrai1LVUp5Y1ZWcE1IUmt4dnpuX1V3?oc=5,"Nifty 50 top losers today, September 9: Infosys falls over 4%, HDFC Life and HCL Tech drop 3.7% businessupturn.com","""(Nifty OR Sensex OR ""Indian shares"" OR midcap OR smallcap) (falls OR selloff OR correction OR ""risk off"") when:1d"" - Google News"
2026-09-09T09:33:21+00:00,6,"['market selling', 'India market']",x.com,"Live: Risk-off mode returns, Nifty slips for 3rd day; IT top underperformer | Closing Bell - x.com",https://news.google.com/rss/articles/CBMiUkFVX3lxTE1kV2lMcnYtVGwzOTZwOXpKYW90OFRYcDNGQXhpODIzYmVkd0VRcFlfdzFZLUtXWFZuaE9Va2h6SEhSZjQyeHZ5d2I3cHk5QkJzeEE?oc=5,"Live: Risk-off mode returns, Nifty slips for 3rd day; IT top underperformer | Closing Bell x.com","""(Nifty OR Sensex OR ""Indian shares"" OR midcap OR smallcap) (falls OR selloff OR correction OR ""risk off"") when:1d"" - Google News"
2026-09-09T09:33:17+00:00,6,"['market selling', 'India market']",Moneycontrol.com,"Live: Risk-off mode returns, Nifty slips for 3rd day; IT top underperformer | Closing Bell - Moneycontrol.com",https://news.google.com/rss/articles/CBMi8wFBVV95cUxQNS1LdGZIZlN4dm85a2FhbXdNdWJoM2Y4eWU2a3ppcUdGdUhMOXIyTm1qZzZ5ZnFuaVhEc3NNdHdpMkFHV3BBVXZ5RzNZZDBXSEVON082dmZnNk5qdWV4N0lqZWY1enJkcjlBUnp5NlN1a3dqSlJ1eUZRMzUwUWgtUVc2eDd5ZEY0WkNxam1LRGZVNVd2WjhHd2FXc2lvbUp3TUJNVFRfT2xYc0ltRF85Y19PYmNFbW9rWmJzVlN0X3M0ZE1tSjlLaTJMVlcyaEttTHFSTlpSM2piTXpucWc3NUlYOENTdkxvODFqV3VsbmdGZjTSAfMBQVVfeXFMUDUtS3RmSGZTeHZvOWthYW13TXViaDNmOHllNmt6aXFHRnVITDlyMk5tamc2eWZxbmlYRHNzTXR3aTJBR1dwQVV2eUczWWQwV0hFTjdPNnZmZzZOanVleDdJamVmNXpyZHI5QVJ6eTZTdWt3akpSdXlGUTM1MFFoLVFXNng3eWRGNFpDcWptS0RmVTVXdlo4R3dhV3Npb21Kd01CTVRUX09sWHNJbURfOWNfT2JjRW1va1pic1ZTdF9zNGRNbUo5S2kyTFZXMmhLbUxxUk5aUjNqYk16bnFnNzVJWDhDU3ZMbzgxald1bG5nRmY0?oc=5,"Live: Risk-off mode returns, Nifty slips for 3rd day; IT top underperformer | Closing Bell Moneycontrol.com","""(Nifty OR Sensex OR ""Indian shares"" OR midcap OR smallcap) (falls OR selloff OR correction OR ""risk off"") when:1d"" - Google News"
2026-09-10T06:56:13+00:00,5,['India market'],economictimes.com,"August AMFI Data: Equity mutual fund inflows rise 19% MoM to Rs 29,328 cr; smallcap inflows hit Rs 7,973 c - economictimes.com",https://news.google.com/rss/articles/CBMi-wFBVV95cUxNN2pRWmUtQ0Y4UWFFb05BUlZlT200MUFPUDB6UVBhal9CWnN0dGlkeWpsNm05QXZEMzI4ODBxa1pPNy1keGNra2pUMFBKZS1qajN1Y1JYYmNCTHFoMEN1ZE9NY0lQNUJ5ZUFIdW53eWhNSUdHaU01NmdtdTdsMmh3ZnM1X0pMMkFwQ3dSMTdKdDBlb0lCLVdXVFpqMUxmQkxSdm9mamJ3VmNUODNRWXhrNXpCOFRuQWpuNGVMSFNZcGR1WVlaclVoejZsby1XX0NFbWNodEh4SmZGbGV3WlhlSXRzUUxBSFpWNE1Ob3pGeDZQOGNxS2NFUkJ4a9IBgAJBVV95cUxObFpacEhqUnVEdWQzeDJjQUxSNmFIcUh0Q2tSaGxkLVl4VFFQU1JoTUgtMzhtdFd6NnNaUVRYWEM0NHVqdEpUY1VaY3hLMzRYdTdVZFhld2IycERScDg2TlpmWkdNUE5ialEtSVg5MmdhZ3JJSFRTeFNsaDZqTTJfcWtaZkYtQTJPbEVaWlFpTkthY3RaQ3NNcjAwNXVEWjV5WlQzNWFiLXlaZjFTRlh2OWp6QUk5cVhVajNYbFdHR2xaMXdyUk95YWVqdXVBZVNKVlVacnZiX1JXblZGZVVYTFVrdUQyQms0d1BwZkFSUzEzTGNveDVGeEg2dFBsRTBF?oc=5,"August AMFI Data: Equity mutual fund inflows rise 19% MoM to Rs 29,328 cr; smallcap inflows hit Rs 7,973 c economictimes.com","""(""mutual funds"" OR SIP OR AMFI OR FII OR FPI) (India OR equity OR market) when:1d"" - Google News"
2026-09-10T08:08:04+00:00,4,['India market'],Moneycontrol.com,Your goal has a deadline. Should your mutual fund have one? AMFI data shows life-cycle funds are still a... - Moneycontrol.com,https://news.google.com/rss/articles/CBMimwJBVV95cUxPQ2hIMWlrWWs1WWxLN2QycHZpQUo0Y2IzcG1CdlA1NGtULTV1eWZlejJRbm9qN3dPTTZqdElZTGRwOWtpYTdUSnhTOS1ha1F3dVhEWGhTZTh1d1FNZHZvZzVKYjNQbnFHV1ppSGppVlN4cHlROU5NME1RbEcxS1pYSmV2Q1VDYzNpQ0E2RkVCU3ViS0FLZndyMHNVRUNLMGpWZlV6OTVEbnJ3Z01FanZCVjE1b3VYZWRnWWhUU0xDRnlTeHBwek9EX0xSdTZnTWMxRjRHb211QmwwNVRjZ3Uwd3VUUjlnWGc1cVYwY0t0YXJIVWZiNG1VbzN5dVFUNHlvMVh1NnVDUUhaT1QwSnl6S2hRR0l2VDZLLUFZ0gGgAkFVX3lxTE16dmhzNE9oVWFjNjBrTzBmSzB5U1d5N0ZiLU9hNFdmNDdBZm4wSWlNekxjN2JLS2VBdkJaMWtzUDRUMmh2dmpXdGw2NDFFaU40STNrd1dRU3FIUm04am1oX3BOcjc0UlNORzJTbDUycHc3STFzRk14SGNFUS11ZUwxTkFKMWdMTjVoSUZxY0RjQ1hWbkZxbl9lVzFzY0N3QjV3VExRNnVFN0R4Rml4ZkFseWl5dlRkc2l0OHhLRDNsZVU5X181cEZiNzBmU05GeFJFbklHQmt1THpkTnptbDV4RVM0N0xDX3lkbUVQdjVNWmRuek9WTDhNTHJtYTloeWpuNnNnNzlxa2ctcThPcW9pdGtuczF5YnFBSXpJTGVXbQ?oc=5,Your goal has a deadline. Should your mutual fund have one? AMFI data shows life-cycle funds are still a... Moneycontrol.com,"""(""mutual funds"" OR SIP OR AMFI OR FII OR FPI) (India OR equity OR market) when:1d"" - Google News"
2026-09-10T07:57:10+00:00,4,['India market'],economictimes.com,NFO Alert: Edelweiss Mutual Fund’s Altiva SIF launches equity long-short fund - economictimes.com,https://news.google.com/rss/articles/CBMi1wFBVV95cUxPLWtvcjUzdktWd2VrNXN5VEM1SDhsWGJWYVBHdjM2d1MwUWRkdlVzMkJEMUZOV3dBTmZFU0cwMnhNTlRCRlZQOThVS19aMnFxR21FWHIxSW01ZWh5RmtBNmZ3c0puWjhySG9zZjc4OHpoWVEwVkRrMFB2RGpjM0VySkJPTmFqa3F4aXdNTjA2ZVhsODhIckFhbFMwT29Kbko4MUVMWk9ITjkyNTBnVkRWNDlEOXNFR0VRX2pDMlRWTklPYUtKSjk2amhRQWxrUU5pblo5aGMyQdIB3AFBVV95cUxNdFcyQVVsaTA1S1YtQU15LVZQNFFVSDZfeGQ4T0U5UFBscmlYb2hmZXBBQnZRRlltaDloUjFoTER5VHF5bTNyeTlRLWNnVlZzUldYSWNXVzJsVGxvc3E1WF9ocWk3c242bnJnTWFSb3BwOGNlUWFZLXh5UDUzR1hBaDBXNFlxblFvMGhFUDJGZlBVeU9nM1FwZTJpY3dzcHUyTVJjT3d4bHBjeUI1ZVROclRRaW9IXzRqUnoyMVJWUmEzVnY5V1d3enlOWTExajQwc2gtNEpjRFNvOWo3?oc=5,NFO Alert: Edelweiss Mutual Fund’s Altiva SIF launches equity long-short fund economictimes.com,"""(""mutual funds"" OR SIP OR AMFI OR FII OR FPI) (India OR equity OR market) when:1d"" - Google News"
2026-09-10T07:44:17+00:00,4,['India market'],economictimes.com,"Looking for smallcap mutual funds? SBI Small Cap, Kotak Small Cap among top 4 picks for September - economictimes.com",https://news.google.com/rss/articles/CBMi8AFBVV95cUxPQXNRN0tUUGJMWVZBUzc1NTFIbUlHeTlTQzYxMVBkMTd3ZlhwcUFYZ19lT0xwV1hWbDB0eFR3NnYxUGZUVlVQWU1pZXlkQ1lhekgtcjJlRC1MVHhFN0ZaUUt1MFNTeUYxMVFFRmFLYTlrU2QzT1U5SmxpN3lwMGZJZVBhdDFsVU9MeWxZOVpyZ2ExM1BWYzhEX3M0ZXBpdlFnTUlRbEFwYWswRVp0WDEtMXJyak10Ym16UFdWMGpCd1lkaVUteTl4WHMtRUNfNENUWkFJSTdrenAxUWNEZ1F0Mmp2RXYwWTJnbUozVmFxd2w?oc=5,"Looking for smallcap mutual funds? SBI Small Cap, Kotak Small Cap among top 4 picks for September economictimes.com","""(""broader market"" OR midcap OR smallcap) (selling OR correction OR fall OR volatility) India when:1d"" - Google News"
2026-09-10T07:42:36+00:00,4,['India market'],Moneycontrol.com,"Mutual fund SIP inflows rise to record Rs 32,297 crore in August; stoppage ratio moderates - Moneycontrol.com",https://news.google.com/rss/articles/CBMi6gFBVV95cUxNdjNqNjluc2NGeGRrWGY4d2xnc2JJQzJWTnhzZTkyT3RuZkNNSzRQODRtUUdxOFBTa0d4SERySVF5NHR1TU03VDVtVE1ENFJMN0JOUzcwN0EzUXF5VTVrSXlBSXdTOVlJSVAzQi1nUzJSbFNXZGdvUkM0Ym5NMEdpRXpLbWpyMG1Vczlhbk1FaHM4MmdfeW50ZVFyWmtOOHZSTERUeU9qZGJ3X1podzBFU0Q3YXVPaHFmenJuV25CUzY1WXM5WmxxSHNTVFJDVUQ0OU1Fd1RZZzlnQ2hWTERLckpUX2dxX2lqU0E?oc=5,"Mutual fund SIP inflows rise to record Rs 32,297 crore in August; stoppage ratio moderates Moneycontrol.com","""(""mutual funds"" OR SIP OR AMFI OR FII OR FPI) (India OR equity OR market) when:1d"" - Google News"
2026-09-10T07:41:57+00:00,4,['India market'],thehindubusinessline.com,"Mutual fund SIP inflows hit record ₹32,297 crore in August - thehindubusinessline.com",https://news.google.com/rss/articles/CBMiwwFBVV95cUxOeXVFYUVhSFAzQnhqQjBFYjJyTWJLc3JZbUJWcjlHNGNDanA1b2hnbnhoVXFiQ24yOU1uMThYOVlqY3Z3ZXNqclRLc3RBZnZhSHhqVmZGRmtJUUF4b2hVdDlBbHE5dmJxTG9EU1l2TVhMZWpaZHdVeWNmNWFBSms1a0NnOGRFUnlWVkxVVWFkaTQyTE02ZDlnWGdWUnlra0dzVFNrRHc2ZTB4dkFQVWRNSHliWmRvVDlPTnA5OGExaUpBYVnSAcoBQVVfeXFMTndCRGwxU1JqME5oamZ5T2w5cGtMcXRHR3ljQTV5aUI5U0VEZmVYczd4WHJvMk9tZnFYOHRuS0huUUExZlo3bWhjZWxLSHFWV0xZbWlHUmkyMXc0MnZ3V0E1TVYydTg5ZmkzREVvZXFJSThmakVxNzJGa1VvVjkyaGVlakNibnk4TjRSUmk0aHMtOFRCeXV5M2Jfd2pJcmJSYS1icXlENzJKcW9qdTRuZHBhWHRZeGFGb3RzamhRSjFzSlgzRGdkaVRyZw?oc=5,"Mutual fund SIP inflows hit record ₹32,297 crore in August thehindubusinessline.com","""(""mutual funds"" OR SIP OR AMFI OR FII OR FPI) (India OR equity OR market) when:1d"" - Google News"
2026-09-10T07:41:00+00:00,4,['India market'],IANS LIVE,"Equity mutual fund inflows jump 19 pc to Rs 29,328.62 crore in August: AMFI data - IANS LIVE",https://news.google.com/rss/articles/CBMisAFBVV95cUxNMjU2bjB2OEF1ZXhqUlhuM3RaTUZUN0w4X3NOcXRCd0R5V1pfVHg3M21CNlVpaXU1UVZYNm5wZzk0cEN2UEdTcGxUNzZTMnljZ3BQSTFwZ185bFVNMEJMVTJ0VEtOZDdCRHRyQXNtaHFJMzZSNmhfUkpsajlYa0NjLTFkRkd5UzRRNURyeWtJTXctOUZJcVhmZXRIdGwyWDVsZDAta3c4bWpVSzdSczdWeQ?oc=5,"Equity mutual fund inflows jump 19 pc to Rs 29,328.62 crore in August: AMFI data IANS LIVE","""(""mutual funds"" OR SIP OR AMFI OR FII OR FPI) (India OR equity OR market) when:1d"" - Google News"
2026-09-10T07:25:50+00:00,4,['India market'],Business Today,"Equity mutual fund inflows rise 19% to Rs 29,315 crore in August; SIPs hit record high - Business Today",https://news.google.com/rss/articles/CBMi4wFBVV95cUxPeHkyc2ZJMktTb2pCWTZCZmVfbjZmc0RoMktGbGRoWktJT1pJZ09Bb0dfZUtPUlF5MDk0M3duVnJYZ2hkRkRsaTRELW5icnVBVEMtMEd6c01RZXg3eWZ3eF9teEJRdnl2UFVpLW9vRW9GWUxiMHFNOV9xckZlRmpaSWE4cUJvSUhncWxRcnJZaUdJUG41UHBoSDRIdDJ5Xzd6Q2MzN0NaLVdJM21qSXd3NFRSNi1pSnVHZ0lIZWxrVl90aGU1c0htYlJJaGxwdzdmQnZWempNU2xCTDg1Z3FZOUh2MA?oc=5,"Equity mutual fund inflows rise 19% to Rs 29,315 crore in August; SIPs hit record high Business Today","""(""mutual funds"" OR SIP OR AMFI OR FII OR FPI) (India OR equity OR market) when:1d"" - Google News"
2026-09-10T07:24:42+00:00,4,['India market'],Sahi,"HDFC AMC In Focus as India Monthly SIP Inflows Hit Record ₹32,297 Crore - Sahi",https://news.google.com/rss/articles/CBMirgFBVV95cUxOazB1UWFGZl9LZWMtY3pFc1dEYnRBTDU2WnhqZVktU21GUEE5RGRwc0R0TWpJUU9fSFQ2N0hvOHZKbjE5TTRwRkJkb29OeE0tU05Wb3NkcnZYSGJsZTY2RDFjY0xIbDBrcl9pd1pZZUtRSkU1X3M5SWlBMmdUbWhwbnlIZkx2cnZrOVZKM3ZLTDMxaDIwWlRieEFMZ19GaU04TFU3WVFPQjRNY1RaMmc?oc=5,"HDFC AMC In Focus as India Monthly SIP Inflows Hit Record ₹32,297 Crore Sahi","""(""mutual funds"" OR SIP OR AMFI OR FII OR FPI) (India OR equity OR market) when:1d"" - Google News"
2026-09-10T07:03:21+00:00,4,['India market'],economictimes.com,"Mutual fund SIP inflows hit record high of Rs 32,297 crore in August - economictimes.com",https://news.google.com/rss/articles/CBMi0gFBVV95cUxQOE5IYVdBR1ZWV2ZBQzNiTlo0OG51LWRIMC14TWktTUhfNDYtcHVZMF8ydWRiRHJfalAxODJVOVNUMW02dTVRUE1SY0R3NUxYWjl6d09fU01uRjViVkNUdXliMmcyMW42Zmt2cGhubTdQdVFFaEIybVZwR29NNlZaLVVlZUpyTW9Nb1BpSGJDTk80OHFaRFlLV3M5SjlSczhNTzhHRnNvSGdNT09ZR1pCVU9xTUhPckYtUHRfb0FtN0NXNUowZlB5M0EtV1NSdGpqS0HSAdIBQVVfeXFMUDhOSGFXQUdWVldmQUMzYk5aNDhudS1kSDAteE1pLU1IXzQ2LXB1WTBfMnVkYkRyX2pQMTgyVTlTVDFtNnU1UVBNUmNEdzVMWFo5endPX1NNbkY1YlZDVHV5YjJnMjFuNmZrdnBobm03UHVRRWhCMm1WcEdvTTZWWi1VZWVKck1vTW9QaUhiQ05PNDhxWkRZS1dzOUo5UnM4TU84R0Zzb0hnTU9PWUdaQlVPcU1IT3JGLVB0X29BbTdDVzVKMGZQeTNBLVdTUnRqaktB?oc=5,"Mutual fund SIP inflows hit record high of Rs 32,297 crore in August economictimes.com","""(""mutual funds"" OR SIP OR AMFI OR FII OR FPI) (India OR equity OR market) when:1d"" - Google News"
2026-09-10T06:53:45+00:00,4,['India market'],Moneycontrol.com,"Equity mutual fund inflows rise 19% to Rs 29,329 crore in August; debt funds see Rs 8,127 crore outflow:... - Moneycontrol.com",https://news.google.com/rss/articles/CBMihgJBVV95cUxQSWJGWXJfRzFYYUhkQktZemtQc3ZSRFN0OEtxQ3h1ODRpNUc3d3B2YXdSVnRXemJVVml1MnNxNmZ6dHI5Y3BBeUZoMko2bjlnaGZJVlVxdnN5N2l1Ulo5SEQ4bUpfcUVEYjBHZUJrR29VSWtNMXdXZFFhMnRZWUd4QlR0YW04bXZGNVFLVjdyS25KUFo3akN0OFhMejkyYTNxa3oxNk1xbjVpUnZnYVEwMTRWdzd6T0lQVXphUFBaQ29FWlYzaTRLOFhObjd3YXlHWEhyTU9EaDAxNHNwdDhncXV5NVU5aGJ0azVxbG03S0dVX2J1UE9CSm14S2phN1lZeGloZHhB0gGLAkFVX3lxTFBQaGZMOEdVOGlLSkk2VmtXRXNETndrNW9CYk5wQldSYm13amcycGFvUHk1dmd4RXVaTUJaVTlTcE5mYU43X2R6cFpibXNxZzVMT01pS1ZrbE81cmNUbVlTSEt4LUNsTFIyQmRfUGpzenBpNGVwYjBycmhyMWF5ZTMwcFFHQm1jbUg4bWVndmkyUUhQbGdYQXF6TWVUUWEzQ2dpQ2RtSi11M3FEU0FoNE12aVJUeUlIV1ZqYjU1cFZBOVp0ajhrNndCZnJVV2g3RzVlTUhVYmNOMm9Xc2xYWWVaN1RVcTNXQUc1MG9QNHZEZFJQOVpsWjdfTEVGVDNvUDAwTHA5a1owX2wtWQ?oc=5,"Equity mutual fund inflows rise 19% to Rs 29,329 crore in August; debt funds see Rs 8,127 crore outflow:... Moneycontrol.com","""(""mutual funds"" OR SIP OR AMFI OR FII OR FPI) (India OR equity OR market) when:1d"" - Google News"
2026-09-10T06:44:52+00:00,4,['India market'],NDTV Profit,"August Mutual Fund Data: Active Equity Inflows Rise 18% To Rs 29,328 Crore; SIPs At Record High - NDTV Profit",https://news.google.com/rss/articles/CBMi2AFBVV95cUxPSEQxekNmeFp0TzNObW1RbnNmUmlJTFpBMER4ZU5lYWtJR3lRMGwyUjh2T25KSVE4Y0RoRmtRYmJMS2lfWnRiUWFOeTJKYUdmV0tsOW51c2ZaOG12bm1nVGhabjNrQkxRWF9LdWhzZkExQjk5LUhycE9URDlGR1NaSG1UMzNCbUUtM3JHTUQzNHpNQ19TX0Jna1dXMkpyYm5vdndvVGFjNnFBY0pEYm5SaHhkbmpQdDNXUzNVeG9XUmtCVXJGeU52REs4bUlmc3ZfaE4yRW1xYUrSAeABQVVfeXFMUGVVOU1kNldZajkxN0p0dXVpSmlUcGwydU91Mnhua2VXUmVGNUE0bkY0S1hoa09BVkJMamhuek9MMkxMcERzQWJyaWtzX3lLN2FUVldVazJnZGtiVTNVTGxqZVU4UEplbHdySGFDSVBKNF9sMURNNkVrR29abHlHTE0wODNONnFhQVdyS0pGNFRJTXF3UXFrbzZtZW1DcTVKcWlZb25Dck9hYmRqODhkMHhMNlJPTHE3WVRJSDZlWC1ZYkZSWlgwc2E4UFVQbW5Yd1N0ZC0wYVpWcDU4cmpLejI?oc=5,"August Mutual Fund Data: Active Equity Inflows Rise 18% To Rs 29,328 Crore; SIPs At Record High NDTV Profit","""(""mutual funds"" OR SIP OR AMFI OR FII OR FPI) (India OR equity OR market) when:1d"" - Google News"
2026-09-10T06:40:04+00:00,4,['India market'],ET Now,"AMFI August 2026: Mutual Fund industry posts Rs 41,354 crore net inflow; AUM rises to Rs 87.08 lakh crore - ET Now",https://news.google.com/rss/articles/CBMi9gFBVV95cUxOQVNNZk1INk1nTkJVWnFDQzZYWkwxdzhwMTBkSXl5QU9KY1JZRVZOS205eDh6aHVSdXF1STd4QUx0ZE5Ha0YtbUtEbFh0Z3ZjQ2M4T3E5bDJlbnR1U3VNdE5BM0RuQnIwVDVtSElJYzBVMnphU1phUVBSeFNSWTZ6N1hRLUkwNnJWeGFSYXdzd09CenFJNVRObGdZWXR5NkxqVC1xWjJEMEt5TVp6UGlXRW9mclgyYXBXWlZKQjFzbVVaU3hVa094dm1reDNERTF2R1ItbVE3bXE4bWkyUzMxR3JxMXhDY2QxX3h6Wkd1cTRjRV9Ca3fSAfYBQVVfeXFMTkFTTWZNSDZNZ05CVVpxQ0M2WFpMMXc4cDEwZEl5eUFPSmNSWUVWTkttOXg4emh1UnVxdUk3eEFMdGROR2tGLW1LRGxYdGd2Y0NjOE9xOWwyZW50dVN1TXROQTNEbkJyMFQ1bUhJSWMwVTJ6YVNaYVFQUnhTUlk2ejdYUS1JMDZyVnhhUmF3c3dPQnpxSTVUTmxnWVl0eTZMalQtcVoyRDBLeU1aelBpV0VvZnJYMmFwV1pWSkIxc21VWlN4VWtPeHZta3gzREUxdkdSLW1RN21xOG1pMlMzMUdycTF4Q2NkMV94elpHdXE0Y0VfQmt3?oc=5,"AMFI August 2026: Mutual Fund industry posts Rs 41,354 crore net inflow; AUM rises to Rs 87.08 lakh crore ET Now","""(""mutual funds"" OR SIP OR AMFI OR FII OR FPI) (India OR equity OR market) when:1d"" - Google News"
2026-09-10T06:11:49+00:00,4,['India market'],ET Now,"Mutual Fund Investment: Can Rs 30,000 monthly SIP build Rs 2 crore in 10 years? Here's what expert said - ET Now",https://news.google.com/rss/articles/CBMi9AFBVV95cUxPMHBuRXZKdlpUSXlqc1RHS0hNMUozWHB3TGRJMi1mRTJTLUlQUnFLS0xibWdWMkFNZFJoalNBVVNSczB3NGRURjYxR2RhT3I4M1NhN0pfVXVZRnVYaUphVXgteWNWUHBYZ2JvTFN5cmVTdlRTMmQ4QWc0Y1RscXBCWXcwZ0padXlnTWVTQWJXaEREdGtFOV9HZWd1dWk2LUxqTE9vdzNKd3V0VExmS2lRYWFTMVVjbUtINXg2WHVHQjdtdlBSZjJBWkVhTmplNGxxY19BSFJyaWxsWnhYY1JHSUtjRVhBUE1kN0JmZ3ptOE9CLW0t0gH0AUFVX3lxTE8wcG5Fdkp2WlRJeWpzVEdLSE0xSjNYcHdMZEkyLWZFMlMtSVBScUtLTGJtZ1YyQU1kUmhqU0FVU1JzMHc0ZFRGNjFHZGFPcjgzU2E3Sl9VdVlGdVhpSmFVeC15Y1ZQcFhnYm9MU3lyZVN2VFMyZDhBZzRjVGxxcEJZdzBnSlp1eWdNZVNBYldoRER0a0U5X0dlZ3V1aTYtTGpMT293M0p3dXRUTGZLaVFhYVMxVWNtS0g1eDZYdUdCN212UFJmMkFaRWFOamU0bHFjX0FIUnJpbGxaeFhjUkdJS2NFWEFQTWQ3QmZnem04T0ItbS0?oc=5,"Mutual Fund Investment: Can Rs 30,000 monthly SIP build Rs 2 crore in 10 years? Here's what expert said ET Now","""(""mutual funds"" OR SIP OR AMFI OR FII OR FPI) (India OR equity OR market) when:1d"" - Google News"
2026-09-10T04:55:27+00:00,4,['India market'],Onmanorama,Know your tea before you sip it: Tea Board of India sounds alarm over adulteration - Onmanorama,https://news.google.com/rss/articles/CBMi0gFBVV95cUxPWE11Z1JXWk5zLW04Nlh0eUgwQzRrd0JHYlhvOWpWaGMxOVE4NjdPbnFZOGF5aXhUcTIxdjhuVTlrU19lSkE0bWNzck83X0dWei05Tk9pM0VQSVowZHNIcGM1TWZVdGxVU3lCUFczU3d4S2IxWVhiSVZybzdIYVZDSjBBcUE3d0ZPVXVyblpDck8ycFB4emk2UW1tdENYQXY3Y1dYUEVkd1RLQktQQ1VrNGZDMjJaOEJNY0lGWFMzVVlUSy14cmlYbDdxNlJRd2ZrdmfSAdIBQVVfeXFMT1hNdWdSV1pOcy1tODZYdHlIMEM0a3dCR2JYbzlqVmhjMTlRODY3T25xWThheWl4VHEyMXY4blU5a1NfZUpBNG1jc3JPN19HVnotOU5PaTNFUElaMGRzSHBjNU1mVXRsVVN5QlBXM1N3eEtiMVlYYklWcm83SGFWQ0owQXFBN3dGT1V1cm5aQ3JPMnBQeHppNlFtbXRDWEF2N2NXWFBFZHdUS0JLUENVazRmQzIyWjhCTWNJRlhTM1VZVEsteHJpWGw3cTZSUXdma3Zn?oc=5,Know your tea before you sip it: Tea Board of India sounds alarm over adulteration Onmanorama,"""(""mutual funds"" OR SIP OR AMFI OR FII OR FPI) (India OR equity OR market) when:1d"" - Google News"
2026-09-10T02:30:00+00:00,4,['India market'],Equitymaster,3 Defence Mutual Funds in India to Add to Your 2027 Watchlist - Equitymaster,https://news.google.com/rss/articles/CBMibkFVX3lxTE9DMndkSW0yRl80NEtzcmNsVUJLWk5vc3FVeEFrZWFBSjhkQmVmMThkOTRuMkdLV0FMMUdpVFVIUTh5VXlZQkYxbXNWZmxRenM2LTBlYXRNR0JSOXJjcVBreDE3VndsTjB2SWx2UGZB?oc=5,3 Defence Mutual Funds in India to Add to Your 2027 Watchlist Equitymaster,"""(""mutual funds"" OR SIP OR AMFI OR FII OR FPI) (India OR equity OR market) when:1d"" - Google News"
2026-09-10T01:41:44+00:00,4,"['India market', 'macro / flows']",Livemint,"How Asian markets, crude will impact Sensex, Nifty: What GIFT Nifty, Nikkei, Kospi, Taiwan index signals for India - Livemint",https://news.google.com/rss/articles/CBMiigJBVV95cUxObkpORjBtSVJHLVVPdzFYZWVidXNkaUQyb3NpdjdTYVB2NVNxRHZWMFRqaFEzSWdaMFltRHpHblFDYmhuV0tvQV9LcWpWb0M4R1ZyamFRQ3BNcGEtNzVhWTlnUlBQY0xTTDFfX2tYNXc5SlMyWEFMb1dpZGhad3RjZGFaQTBVRlFFc1FoWEhVQmdkSTFTWExCRG1NektJOFAyYTcyMHRmWm1YdXZ2cG5zbUFYZ1d4ZlJTRWY5TUFWZWV6NTd5aFBqbHA0T19XdkJ5VVFMbUlTS3B6WmxrYUVrSEQ3bFhDR2ZzWU1pbUc4QVhPWEZNUkRwcHdWSHAtWWxEcXZxUlVqSkNkZ9IBjwJBVV95cUxObTB5TXFxTVZKczJ6SVVkak1RU0pjam9KTWVwQnRtZ2E0UXpvQlRhOWlxSFFsMmxxdHRrRjNYVV9jZmpReFVLTldVbTY4OVZRYWF0dFpTdVRjWm83SlRrdF9LOG1NY2hSbU5PclNxclZScXp4WkZZZTNEbGlaWlpYR29UWWowOXdiZ1o3YkdnTTRlb2xNNEgwZkNGU28ydG1LSHlnTG5IRHBoRDA2SXZRV3gxVTlrS1pCbnM3Sk52eENJSm5OcjZuSHdyUGtOV25taWNJNWkxWGNpLUxHaUY0UkJrNW14eUNGaURrejl3U2owZ3hnQ2JaZW9ONVZJaEtHV0R0dUIySnFWc19PWGcw?oc=5,"How Asian markets, crude will impact Sensex, Nifty: What GIFT Nifty, Nikkei, Kospi, Taiwan index signals for India Livemint","""(Nifty OR Sensex OR ""Indian shares"" OR midcap OR smallcap) (falls OR selloff OR correction OR ""risk off"") when:1d"" - Google News"
2026-09-10T00:00:00+00:00,4,['India market'],financialexpress.com,"‘SIP book growth may moderate in the next 1-2 years,’ Q&A with Vetri Subramaniam, MD & CEO, UTI Mutual Fund - financialexpress.com",https://news.google.com/rss/articles/CBMi8gFBVV95cUxPaEhwOUNUS24yRkd0R0dsZ21vM0hKMVp4MTY4MXpuRTBwQ191cWdOcHhsSjRWTmlLNFdKWE82WmJFZUdlZTgwdHd5YlNrZURuN2Y5T25lR3Bjb2ZVTS1RSk9VYkVJUkpkaWpuS0xvVklwRzhkMGFJaWlSTWdkM3pxU1JlaVJLS3g3aThvdmxZRXZCZnNZOEJoS2htLXNqNmFLekxBTE9UVVVVX2xIamlUb2hDeG4yOWdDMHB3ckZ3TEI3RTRXdF9nRGN5cmJuZjZhMGhQelRNVDVmc05vM3l5Q1FtVDZNeGlxbHZRRkIxQV93QdIB8gFBVV95cUxPaEhwOUNUS24yRkd0R0dsZ21vM0hKMVp4MTY4MXpuRTBwQ191cWdOcHhsSjRWTmlLNFdKWE82WmJFZUdlZTgwdHd5YlNrZURuN2Y5T25lR3Bjb2ZVTS1RSk9VYkVJUkpkaWpuS0xvVklwRzhkMGFJaWlSTWdkM3pxU1JlaVJLS3g3aThvdmxZRXZCZnNZOEJoS2htLXNqNmFLekxBTE9UVVVVX2xIamlUb2hDeG4yOWdDMHB3ckZ3TEI3RTRXdF9nRGN5cmJuZjZhMGhQelRNVDVmc05vM3l5Q1FtVDZNeGlxbHZRRkIxQV93QQ?oc=5,"‘SIP book growth may moderate in the next 1-2 years,’ Q&A with Vetri Subramaniam, MD & CEO, UTI Mutual Fund financialexpress.com","""(""mutual funds"" OR SIP OR AMFI OR FII OR FPI) (India OR equity OR market) when:1d"" - Google News"
2026-09-09T21:43:38+00:00,4,['India market'],Ahmedabad Mirror,From SIPs to Small Caps: Sandeep Bagla of TRUST MF on India’s Changing Investor Mindset - Ahmedabad Mirror,https://news.google.com/rss/articles/CBMiywFBVV95cUxPa0xPLS1OQjVUcDZGYW1sNmJTdEtPRjNxWEQtcDM3MnkwdnJwQU9rNGQ5UjMzdjM3a1NJSEtxNnZ5OXphcXMtWWFnVDEybkJZRzlsNUNRQVNPTkgwSHNBbzRSTURtYkZCTmk0ZzlqRklBV20tZnhhZGM0RkVrT3lYTjdQM1VNbjY2QUZkbjZpVzA2bXZwSWN6Q2xkbEc2Qi1nVEE1U0ZkQlRIVWNBVG9JQkVLeWtXLS1zVHlGdjFkYW5tWTE1Q2doaFM3WQ?oc=5,From SIPs to Small Caps: Sandeep Bagla of TRUST MF on India’s Changing Investor Mindset Ahmedabad Mirror,"""(""mutual funds"" OR SIP OR AMFI OR FII OR FPI) (India OR equity OR market) when:1d"" - Google News"
2026-09-09T19:26:00+00:00,4,"['India market', 'macro / flows']",The Indian Awaaz,"MARKET WRAP: Sensex Plunges 813 Pts and Crude Oil Surge, Rupee Weaken - The Indian Awaaz",https://news.google.com/rss/articles/CBMimwFBVV95cUxNRGp1dlVvWVV0YVROUS1zWjY3UkFDN2pETUk2YVhLUTdrTGh2WHhJSGFpVHJKRXNKOTlVVHpxTDFsLUl6X1ZtT0JVQURucnF4X0NoeWtjNUR6alplMzNybHhfSkpSMmhlQ2pIVkMyb0E2bWRzQVVRUElRTDVPMjUzU295S0UwTmNnTUNBOFJpWUV6dmhGZ1FjOGNzTQ?oc=5,"MARKET WRAP: Sensex Plunges 813 Pts and Crude Oil Surge, Rupee Weaken The Indian Awaaz","""(""broader market"" OR midcap OR smallcap) (selling OR correction OR fall OR volatility) India when:1d"" - Google News"
2026-09-09T16:10:38+00:00,4,['India market'],Moneycontrol.com,Powering Viksit Bharat through mutual funds: Moneycontrol Mutual Fund Summit comes to Delhi - Moneycontrol.com,https://news.google.com/rss/articles/CBMi9wFBVV95cUxPNlBfbldqOHNGSktGSUFJdm9FZUhXeHlUdGlYNUZTQ3IxcDl5blB0c0xfM0NKWWltN1k1R3dwUzNXaEM2cFBHeS1TU1RVejZxYmRyNFZ4MTZ4S0pmeWFxQTlIdnlpa3IzZnJZTjMtbFFzX2dyamdWWjVlTUlQaExxdWJwUHBTbTVpaC1KUEV1eEhUUUZxQkhrTnplV0dnZkllLUYxNDZ6b050cmNYcVJiY2o0dHROREFvRlNmcGI2dlRWN2Yxd0tXSmQ5dHRIUWZkV25kejI5UWdrcElJTFdnbHhjeko1U2MxNl9tRnNKMnNlTmN6cjNj0gH3AUFVX3lxTE82UF9uV2o4c0ZKS0ZJQUl2b0VlSFd4eVR0aVg1RlNDcjFwOXluUHRzTF8zQ0pZaW03WTVHd3BTM1doQzZwUEd5LVNTVFV6NnFiZHI0VngxNnhLSmZ5YXFBOUh2eWlrcjNmcllOMy1sUXNfZ3JqZ1ZaNWVNSVBoTHF1YnBQcFNtNWloLUpQRXV4SFRRRnFCSGtOemVXR2dmSWUtRjE0NnpvTnRyY1hxUmJjajR0dE5EQW9GU2ZwYjZ2VFY3ZjF3S1dKZDl0dEhRZmRXbmR6MjlRZ2twSUlMV2dseGN6SjVTYzE2X21Gc0oyc2VOY3pyM2M?oc=5,Powering Viksit Bharat through mutual funds: Moneycontrol Mutual Fund Summit comes to Delhi Moneycontrol.com,"""(""mutual funds"" OR SIP OR AMFI OR FII OR FPI) (India OR equity OR market) when:1d"" - Google News"
2026-09-09T09:10:44+00:00,4,['India market'],Livemint,Is your mutual fund sitting on too much cash? Experts explain what the cash level actually tells you - Livemint,https://news.google.com/rss/articles/CBMi-wFBVV95cUxPYnVTTW9DeGh2OHg4ckdJcTJoTEdNTWctUWxRb0hjUFo1ZXV1aUQ0M3RqR1RMOHZuR0xqWmpFMGdDbThNZjJ2Y21mLXJKeXZxR0lnTWY5Z0JpZTVQcXBObHNLU1hVSTd0Tl8ybGZIRGZxcHhlajdSejdvdlQ3TmtmUzdIM2pmQjMxRXBocjN0X2FWd01DYVhIaHgzclptN2lqbTNoc2ZEa2F0SEhqS09FVUhxamI3Nl9MSjBaRUhma3dXUE43Q3p1bzBYMzgzUlhPU3dqcDltSGFCY0RrTlUwQUZGTzRiRjYxSEJkRkZ3a2Q2bkg4YjZzbkExMNIBgAJBVV95cUxPelROd0pWSGlnSnJEZlFmeHlBRHhscTQ2UER2VkhRZWJtSDNZQ2hzWTcxSV9VcTladEtRTFZJeF9vTjRFMXZWQTVnRS1uZzIwdGtzS0poNVc0V3hhQTdNbkxYVEpaQUNYUEYxVHlnTjlLcXdzWXFMWUNzT2RrZTJaNHNRbGQtd2hFQ0xiM2RqSFhYQmRqWFJYbFFxenZqWjMzMVUtcVBYdHowb2NzWGJpYkxGODg4Q2Z1c0tTOVNyUDdQb2d6OHVsZmlKQmlRU0dUdzFqakZZQVFZTmhCV3k4TUxyYzJVRmFJRm04V2Rxa0hMY1piYTB5QU1PMVROTnp0?oc=5,Is your mutual fund sitting on too much cash? Experts explain what the cash level actually tells you Livemint,"""(""mutual funds"" OR SIP OR AMFI OR FII OR FPI) (India OR equity OR market) when:1d"" - Google News"
2026-09-09T09:08:37+00:00,4,['India market'],ET Now,Mutual Fund's foreign equity holdings jumped 38% in FY26: US to South Korea - Check exposure to top 10 global stock markets - ET Now,https://news.google.com/rss/articles/CBMi_wFBVV95cUxPaWo5THl6MDdMODNFcUlfZTI5cUhXbWs2cnBUWmdxNnNfdFM5M0h5M1Z1M2xTSVZVWkhaNVBHRXFCSm9FQWxBaEZ3NmZCMWpLTE1pS0JlWGF6blRfcUxZU1hEb2tpdmtpaExXb1U0VF9lbVR2M1lqeGZWQkdlYjYyUHJoRWtXbGtVSDlJaHlwQTdWSC1zalhrenR4Q0JBWGdITTJwTm1fTy1MLUotSnBYdW11RVZIcFU5QW9HRGptclRRWmRqc2NMRGtubGFtRG9BV04wS1UwS2U3TFpZTWM5UlBqc0pXa195bmo2ZHRqeEJmOWhZZXpUMWNHU1FUMFXSAYQCQVVfeXFMTllvN2xnc2FvZjFjUXpEN2czMUxDc0ZEZm9VUmpsQ3RTaWVRNUJKaENXbklsTW5GbS1VR3BWZUtKOXlfaDR5WlNSY050d1RkS0hRX1BrUFNuaGZCR0s0M3Zjak8zbEJDQUZCTVpuNkd0NmhWdzJzUC0wQkRRbjJyODUtUFJaamFWZDlwUFR3UGJhOWdhR2lNalQzYkRkNXhiYkM2dkNwUmtSUUVvU09hZXlsTVlVeGsydktEZ3pRLWx0VnM3Q3dhcmNyRndGNDNtVHA3aTF1QWwwVTFaM2lSOGZtcDVBS0RxYklGNnNaSnJ2cldCNl81LXVNU1FIbmM5Yk9JXzE?oc=5,Mutual Fund's foreign equity holdings jumped 38% in FY26: US to South Korea - Check exposure to top 10 global stock markets ET Now,"""(""mutual funds"" OR SIP OR AMFI OR FII OR FPI) (India OR equity OR market) when:1d"" - Google News"
2026-09-10T08:01:30+00:00,3,[],Moneycontrol.com,"Small-cap funds attract nearly Rs 8,000 crore in August, highest among equity categories: AMFI - Moneycontrol.com",https://news.google.com/rss/articles/CBMi-gFBVV95cUxNNEJTTlhJQ2pnZDlsZTdla00wQjVKQTZvXzVlQnRLTHBRSFlKQnBtR0sxMFFYcGxpUmZzWDMxOTJlQi05OTBuMG1DM2Ntd1JoNVRfSTlIS3hqNzV0NU85VnJlR0pjekpSV01QZVFVdDIwZUgyZGxxZWg0M0tVSXI0T29BSkxCbXpKREhpNlBCc3Z0T1ZsVDFaRFdZSGp3SUI3eTN6NTVFUF80R0ZtUTB6NEl1WW4tT2NpRUVjdkw5WExaZ1FJRWtMQmZOQTVDVTBXTjd1eEVUS3BCSTQ2LXdJbmFQWndnMkxlcE5pRXU5WXJVSUxJT1JhNnlB0gH_AUFVX3lxTFBPc2gyenRfdzVMQXlJVUdhMTFZcmFWTnhnNUo2R1U2YzlLWUFLVHdPVmdfd2EyV1ZMS3FNZjV2aU9xZ19uck12Rk5uem1xVGc1dERiOW5aTGpmSGVMdlloaElLRHFxbjRUT1dwWTRfTlBzWS1oQXVHMmI5VldKNURNejBmUmlNYS1Hem9wekNPUTBWbmZWbnFPSkJkdE5xazd3WlRMb1EzdWtTWmVpQ0JldG44MkxDLUdUd25pQWN2bGxVeG5FVzFPN1paTm0xS1NzUWlueDhiTUZ6cXM0R3JBTklUSGlER1NscDB3aWx0QkJETEgtdkRoeW93OE5GVQ?oc=5,"Small-cap funds attract nearly Rs 8,000 crore in August, highest among equity categories: AMFI Moneycontrol.com","""(""mutual funds"" OR SIP OR AMFI OR FII OR FPI) (India OR equity OR market) when:1d"" - Google News"
2026-09-10T07:55:25+00:00,3,[],Business Standard,"Equity mutual funds attract ₹29,329 crore in August, highest in 4 months - Business Standard",https://news.google.com/rss/articles/CBMi3AFBVV95cUxNSGExSUxMcnV1TUE5N3FfcWMyX3c2XzV0TEstcUFUazV2M2VDQjkwSml6ZGRMcGpLdlIyanc1eFZpZ3VUNXI2TnFCbXBtVTBnLUJpdFlmc3Q3bkZYLXg5bHNqMk5WcE5iVXBCdVNZY2VhbFBRWTNEaXdTREJXdVJ2ZFU2UnQ4QlpiMmlobHhFdWxGRmpoTE1hQXBrWWJVbjAtQ3hkaDNKZm4wa2RaWEJNZWNlSlBzVDkzdmFwLVV2NXF2NWl2WWx4QnZSNElRNmlKd29rZFNuQUlBZ3lE0gHiAUFVX3lxTE81QXBGYmQ3WEhfT09TZTRKYkNSMExOa01YSDJacTdpU3kxT1JfakhLUWwxalVKVGRQc3gyT09kbFB6R1M0LWMta3ZmSFZVSWpfZU90emxoZm1TRGtGTVgxLVlLVWhTOXBaOFJWOXdTZTRsOS16TjE5anZkdGZSQWpIVDJ2OTlvZlllOFhUTlFzLVNKZ25PTWhYeDFUUWFYdzV4UTNIUWFuRWdpWFpCOS01YS1KRmlPalhoN2xWcTU3ZW5qVzlVUFR4Wk1ldS0xVEtLTlZILXgwRXBHUXZoOFV1MXc?oc=5,"Equity mutual funds attract ₹29,329 crore in August, highest in 4 months Business Standard","""(""mutual funds"" OR SIP OR AMFI OR FII OR FPI) (India OR equity OR market) when:1d"" - Google News"
2026-09-10T07:46:49+00:00,3,[],Rediff MoneyWiz,Equity MF Inflows Hit 4-Month High in August: AMFI Data - Rediff MoneyWiz,https://news.google.com/rss/articles/CBMiqgFBVV95cUxNM18tT25OalNsRlpLa1lsc3NmRjFKSTl2aHNyaFlwT25URC1kZkJCS2wyeV9UZmNicDdyZTVtblRBcXptNVctWFh5UkUwYUdpNE1OamRwanUzb2J4US14SmhuRlBQb2UwVjNDLVphSkU3Y2dWdnJZaV8zcXE1M0xzQTkxSlFzbDhYR0ppWG8tbFUxVEl5UXBWcENUYkx3ZzBHaDcxYTdaTVJ3Z9IBrwFBVV95cUxOT3lhWmlVekNmWDJrTHJVcVdCU0FMeFR6dkFJZUJJeFhibzd5SHpwWDFDeVhoYVFNbk1tSHVIVnhLZWVrdUpWT3pBaGlWVFVUclppSnhFeEF4a3NCQkwzbDk0T3BCQUFmU1NJNGpHeVZnMG9NeWVOQU9MaFdMaEtNVTJaMDRjUlpNb2tnTWt1YWg3SkdJdlVrVVU4YmVZZnpPdkRRSFFFVGo4NGJXSGl3?oc=5,Equity MF Inflows Hit 4-Month High in August: AMFI Data Rediff MoneyWiz,"""(""mutual funds"" OR SIP OR AMFI OR FII OR FPI) (India OR equity OR market) when:1d"" - Google News"
2026-09-10T05:10:23+00:00,3,['India market'],IBTimes India,"Geopolitical jitters keep markets on edge, Sensex and Nifty trade flat in early deals - IBTimes India",https://news.google.com/rss/articles/CBMiqwFBVV95cUxQU1pOeVRCVUpaS1pubjg0bGpRNlpXc091MHp5Wk1NY0M1N0s4OGg0aWNqRlV4M1MwSExXbmFBbFNaTDQwajh0dDgzNDVPYXllLThxcVZteUJMWGs3bFRQQ1hEN0kyS3lEU0ZCSnlnWXBRZGxVTWpOc0FuREtDS1JxRmpJTFNGZnZleW5kRDRGRlJhbkRKbW5PZFpNOGRGVEcyVVMxcE1lMnB3MTA?oc=5,"Geopolitical jitters keep markets on edge, Sensex and Nifty trade flat in early deals IBTimes India","""(Nifty OR Sensex OR ""Indian shares"" OR midcap OR smallcap) (falls OR selloff OR correction OR ""risk off"") when:1d"" - Google News"
2026-09-10T04:02:54+00:00,3,[],economictimes.com,Best flexi cap mutual funds to invest in September 2026 - economictimes.com,https://news.google.com/rss/articles/CBMivgFBVV95cUxOT092bUtTUDRYTUowVlB4VUxHbDVTa0lvczFScmE4dTI3Q0Z3WGNzQTloUFpucEc0Uzh3cnJWcTJ0MzhENVFaSTFpVzQ2WHlZZ3IxaFRERUZoV2VGbFhzTG02Qjd4QTVjN21hREZTUWFyd2NpVlZHbzNiVXY4eTYxczQ5MkRLdTNlZktuTDJPa3lwX3pDRjJ3ZFpZTGZ4b0c0d0tsX0F0bmg2b25iQ0UyaGZKRjhtSWFSSUstR1hn0gHDAUFVX3lxTE5NQ3V5MmptbklDSzRuU2w3V1pZOVQ3LUl0SVFadHRyUHI4WW9CeGM3akR3blBjLTJySUZvcG1sNUoxOE1yWFU3X0s3ai1RaFJmSExmVDBlRlA0ZUZyaXVNTHZCNHdWZ2lpZkthX2V0YWFGNHZhdW5kOHBiVW03d3cwZVdsYm9VWEphYlZlYmQ1elFlS3JPaUJNa3BDakxKN2ctTnhXbnlQcWZhaHFxWHpRR1UxalQyWHlrUFZJOGJNcWZwQQ?oc=5,Best flexi cap mutual funds to invest in September 2026 economictimes.com,"""(""mutual funds"" OR SIP OR AMFI OR FII OR FPI) (India OR equity OR market) when:1d"" - Google News"
2026-09-10T04:01:59+00:00,3,[],economictimes.com,Best flexi cap mutual funds to invest in September 2026 - economictimes.com,https://news.google.com/rss/articles/CBMiwwFBVV95cUxOTUN1eTJqbW5JQ0s0blNsN1daWTlUNy1JdElRWnR0clByOFlvQnhjN2pEd25QYy0ycklGb3BtbDVKMThNclhVN19LN2otUWhSZkhMZlQwZUZQNGVGcml1TUx2QjR3VmdpaWZLYV9ldGFhRjR2YXVuZDhwYlVtN3d3MGVXbGJvVVhKYWJWZWJkNXpRZUtyT2lCTWtwQ2pMSjdnLU54V255UHFmYWhxcVh6UUdVMWpUMlh5a1BWSThiTXFmcEHSAcMBQVVfeXFMTk1DdXkyam1uSUNLNG5TbDdXWlk5VDctSXRJUVp0dHJQcjhZb0J4YzdqRHduUGMtMnJJRm9wbWw1SjE4TXJYVTdfSzdqLVFoUmZITGZUMGVGUDRlRnJpdU1MdkI0d1ZnaWlmS2FfZXRhYUY0dmF1bmQ4cGJVbTd3dzBlV2xib1VYSmFiVmViZDV6UWVLck9pQk1rcENqTEo3Zy1OeFdueVBxZmFocXFYelFHVTFqVDJYeWtQVkk4Yk1xZnBB?oc=5,Best flexi cap mutual funds to invest in September 2026 economictimes.com,"""(""broader market"" OR midcap OR smallcap) (selling OR correction OR fall OR volatility) India when:1d"" - Google News"
2026-09-10T03:51:42+00:00,3,"['India market', 'macro / flows']",financialexpress.com,"Sensex gains 60 points, Nifty quiet, above 23,400; ONGC up 1% as Crude breaches $101 - financialexpress.com",https://news.google.com/rss/articles/CBMihwJBVV95cUxPa1U0YXJPS2E0TUxlcENxb25vSjhzR3g1MndfWmpNOGhIMFlIbXN2bnpHeUJ0U2hWd3FkVXgxaGJ0NXhrTHJUaExGemJZcHVUZURmN2M0dVVmZXdSOUhBcjNyUUc3VWZWRVRhOG5BeU81Vk1ZdTFOTmlXLWhlSjZNdmduTU5jQTJCWUdnM0ZtZktfNlctUWlEclctQ1h6ejhTVkZqUVdXNWVMWnRWLUhWaThLRUdpZXFPTk45NjE0OHVuR05POWczejk2TmQ2ekJfd1lxTWh4UEl5YjZFak5wWnBIVHhhLXoxTEFZakJYOF9NX1hoM1dWLVFqZ3NnZTRPZU9xSFF6TdIBjgJBVV95cUxQdnRDd0JiUUtfU3UwMDJHNkRHbEdaOHFoa0VZaWwwdTQxZ3BYbjI1R3ZndjF6cDlRaGVBQVpNQzZTNktvT0tmTUpuVndEek9jSEx5RmJFWmY4bWlPNjUwbmpYdS1ZSWZfVFFWVWowcUoyZXk0TmJvdlFuZ2RndXVBZFd3SG1oMVpoMHdpbTZTUGhyX2Z5UzJDRGREajZwVW9DT0NYNlBXOWFWS0pFdkpIdHNjc2h5R2x6NGNBbzQ4UkgzOVJNZXh1VUh4Y2tMTjFpMkQ5TXhIOXhEeU02dVpCSEZucXZXS3dZSUxGZU1fNkR3TFIybmJOWGFzYXprTWQxTk5BQjFjMHZmSGlkZEE?oc=5,"Sensex gains 60 points, Nifty quiet, above 23,400; ONGC up 1% as Crude breaches $101 financialexpress.com","""(Nifty OR Sensex OR ""Indian shares"" OR midcap OR smallcap) (falls OR selloff OR correction OR ""risk off"") when:1d"" - Google News"
2026-09-10T02:39:13+00:00,3,[],economictimes.com,SIP investment baskets - Looking to start a SIP in September? Check these mutual funds for high-risk investors - economictimes.com,https://news.google.com/rss/articles/CBMigAJBVV95cUxNaHotZ1JpWU5OMzZBVXRUUFFURGFCelF5bzRxcTJPT0d0YzFvTk5xQzhMNmZMNlhldm1MbGoxZUNVS1ZfWHVjS21oSFN4WXlqbHpsRmZjN1p2WUphUExna040YXg2QVRVUGUzQUwzYzZ2ZW5Oak5SdlNwTmlkZ3BEaW03RTRoSHRBbGwxajhxa0YzczN0RUhPdm9Cd29pYkxWWEJwR2dWMFhXcjlGU0duTC13dTd3alFGTXBLc1RuVFd0aWRLaG96enYzRHNkWlE5ZFVJbkI0c21EbEh0YVBGMDVjQ2QxOEtBVTI4MU12ek8tbXlMYWdRdmtTVzB3dWtZ?oc=5,SIP investment baskets - Looking to start a SIP in September? Check these mutual funds for high-risk investors economictimes.com,"""(""mutual funds"" OR SIP OR AMFI OR FII OR FPI) (India OR equity OR market) when:1d"" - Google News"
2026-09-10T02:25:36+00:00,3,[],socialnews.xyz,Net SIP inflow hits record Rs 2 trillion in FY26 despite rise in account closures - socialnews.xyz,https://news.google.com/rss/articles/CBMivAFBVV95cUxQSjRramt6N1J6YmFaQWhGcW9nSVRQR2JKV29wZTdhb2cwLTBCX1gwZGVQTUNZTk40ZU5ReFJ5MlRtNWR3RUlKVmFSdUdwajUwdDV4a05QX3Q5VGgwZWNPdXFNREVSaTJDQnpHLVRBZmV5SU04NTVXYnNfRkMyQlRfaWdXWThObXB3eTRYa1NxdkMyLUxhci13X1VJeUF0eWdWTHNUT3BBR3Nqang4eVU0YVowMzNSWmpXbEo3bQ?oc=5,Net SIP inflow hits record Rs 2 trillion in FY26 despite rise in account closures socialnews.xyz,"""(""mutual funds"" OR SIP OR AMFI OR FII OR FPI) (India OR equity OR market) when:1d"" - Google News"
2026-09-10T01:10:20+00:00,3,"['market selling', 'macro / flows']",Moomoo,"Morning Wrap | US Stocks Fall on Oil Surge, Yields; DBS Rejects S$1.3b Claim - Moomoo",https://news.google.com/rss/articles/CBMiqAFBVV95cUxPN242Tm1ldlF2TjRXQWdhVkZBbWlhSUlCQzVwdS1SUk1DdVhUNlBUX1pmMFRZSzJZT1k2UlRfMEU5Vzl0OXhDTnJ6Y0JFM3dPM21uS0d0ZFJVaHk3WVpfUVVLWUs0S0tSbEVEekM0SVlVODQ2UTlrREUxOHoyd0QzSlNOR0oxbVhKWDVhWXl3dGpWQUNaQzBIZTdRczlvZElCQl9YUlIyYXE?oc=5,"Morning Wrap | US Stocks Fall on Oil Surge, Yields; DBS Rejects S$1.3b Claim Moomoo","""(AI OR ""artificial intelligence"" OR Nvidia OR semiconductor OR technology) (selloff OR ""market fall"" OR ""stocks fall"" OR correction) when:1d"" - Google News"
2026-09-09T20:39:43+00:00,3,"['market selling', 'macro / flows']",TradingView,Stocks Fall as Crude Prices Soar and Bond Yields Climb - TradingView,https://news.google.com/rss/articles/CBMiswFBVV95cUxQcXZwUUlfVUlQVmRBanRVWS1hZFB6blp4MUpMSWgxYzBYYmk1MEh5Z1VKTGU1NS1kQTdiMkNocWFIdzR4b1A3QWF3Qmg5RVI1VmxSWGFQSUM4VDRCY2J5X3NIOTlGX2JkN2hyWWxSZ2pZVHhTUkZRdzRSUUNWZV9CSWh6d1JDUkpCTlp0VkluQnM5MnY4NWtreXg5U3JtZm9vTTFLRko5ZVYwVzFlR2lVT1VPRQ?oc=5,Stocks Fall as Crude Prices Soar and Bond Yields Climb TradingView,"""(AI OR ""artificial intelligence"" OR Nvidia OR semiconductor OR technology) (selloff OR ""market fall"" OR ""stocks fall"" OR correction) when:1d"" - Google News"
2026-09-09T19:05:01+00:00,3,[],Business Today,"5 mutual funds bag five-star rating: How Invesco, HSBC, Axis and ITI funds performed - Business Today",https://news.google.com/rss/articles/CBMi4AFBVV95cUxQamFTSmNINng4TEh2Z2dFdjcxZ3ZnUHRIZlZlYlNORzFzWThQdmYxYUc1QmVXRDdLbnNoclJ5VHhaYUw0NjFTU1V1cjRDeHpHTHdQZTg2eVEzZUdRZHp6MFg5X3pTYl9faDFrMjFUeTk4b3Y4ZzdiYWpac3JSeHZmelE5aWVpUWszZ3V3WlBkOS1UaUptSGlrTnRtLWhxVXhwV0ZmU2ducjMweExYNXk3RkNSRWRSSXc1R0FrRE92UHFWaG1FbTFDd1Voc0sydHBqb2tsU1QzdklvbFBJOTlHVg?oc=5,"5 mutual funds bag five-star rating: How Invesco, HSBC, Axis and ITI funds performed Business Today","""(""mutual funds"" OR SIP OR AMFI OR FII OR FPI) (India OR equity OR market) when:1d"" - Google News"
2026-09-09T17:54:25+00:00,3,[],Livemint,Pharma mutual funds: Kotak Healthcare leads 1-year returns at over 28% — here’s how others performed - Livemint,https://news.google.com/rss/articles/CBMikAJBVV95cUxQTEJQMFpya3VDNFBIcmRCX2taZl9yZEE2VnFTQlA3dzFPOWJtVTdRd25HWnQzc0R1eDdpU2hwWG1UdnRHNXNaVk82YS1GWERaZks4SFVDRlAzR3FXVnNpSXlkSDI4eDdzZDZ0bW9jSlUtU045MWlnaTUxeEVwVU1zZVNWS2pFSFphMjJCYW52cWp3cGkwczAzSjYxTTFBcHZBNXRBeXJiMGdwczV2QnRJY0trMWp5N2MwWHdhRmZ1OTh5UU1VTFFrZ0hiSEhVQ1M1Q2pId1hUeXgyTGpQU3hrVFBHdEV0ZUtWR0sxYXZobmVDNHUyMk1zSFhaS1BzY1pXMjd1MVJNd2ppQVRqdE1xcNIBlgJBVV95cUxQNjhLdTBmZlRPUEstUWIzZ3JJS19yVFVjbFpaRHB5T1pQTEEza01NY3VnOEQ4YTZteTB5dUZlLXFyRUhDTWRvVDV0Mm9WdVJ0UUlKQ3B2aURVTVdBVFMtREszRS1HMzBOY09vQ3lUMThjN3RZNThCNFdnRzJmdVp5SjlJMXJrYTlZUlI4ZnNMZzltc3RYdlJyTlN3anl2NlFybWd4bFVLczJQY042SUZIV21OQkNHTUs4anZZTkZJamJtOTBFaDR0Y2pWVld3U1I2LWRWRWZTbVo1QWNESHk0c2VQTVBJblhjeVFuN0pRVkdGWjBEUmZfRVUtTlA2dkh2TWw2OHIzNi1TdmRCa0RmZUlCQWhMUQ?oc=5,Pharma mutual funds: Kotak Healthcare leads 1-year returns at over 28% — here’s how others performed Livemint,"""(""mutual funds"" OR SIP OR AMFI OR FII OR FPI) (India OR equity OR market) when:1d"" - Google News"
2026-09-09T17:06:44+00:00,3,[],economictimes.com,Quant Small Cap and HDFC Mid Cap among 9 equity mutual funds that delivered over 130% absolute return in 5 years - economictimes.com,https://news.google.com/rss/articles/CBMinAJBVV95cUxOUEY3RDJsOUZhMm5QMUN1ZW5XYlJsY3NRTVVSSERUaW50MllLd1pnT3hIS2ViWGpGejAyQTJsLU9GZ3lMVGpCZXE5TkM1d0lrek1pTVJoWU43ZElrMkFuTEtvejl3WlN4elZqRmZCQ09aU2ZUX3NLUG9VcXJXSUNObzhzSUhjYUNvcVRvcWsxMjZUUlRxQXNpREVncnV4UUs5cFhuZmdXOF9WYkRON0FPZ1dTUXBxUmN1V253N1R5cndfeEFsLVpMVVZ1ZGxFVVFrYTJ3UkhiY1g0Tnh6VDRqeE9zZUdXMm9tb2czWEFkcDJzblRRMGFDLWJ1WGZza0YzRC1UbjJYTDBZOVlpQTN3WnAyWDZGaDFjS0U0ZA?oc=5,Quant Small Cap and HDFC Mid Cap among 9 equity mutual funds that delivered over 130% absolute return in 5 years economictimes.com,"""(""broader market"" OR midcap OR smallcap) (selling OR correction OR fall OR volatility) India when:1d"" - Google News"
2026-09-09T16:16:48+00:00,3,"['market selling', 'macro / flows']",motilaloswal.com,"Oil surpasses $100, rupee falls past 95 as US-Iran tensions hit markets - motilaloswal.com",https://news.google.com/rss/articles/CBMiWEFVX3lxTE9USUVfY3M1R0NNcTlEYnZTdDBLSGdESWt1WExNZlVYOGRLRmxFYnJlMVZCenVwRTNSZXlDVkdnaXVMRmNpVVR4dV9fM3FFamYya3lYbzZ0YTQ?oc=5,"Oil surpasses $100, rupee falls past 95 as US-Iran tensions hit markets motilaloswal.com","""(Nifty OR Sensex OR ""Indian shares"" OR midcap OR smallcap) (falls OR selloff OR correction OR ""risk off"") when:1d"" - Google News"
2026-09-09T15:07:25+00:00,3,[],Punjab Kesari English,Net SIP inflow hits record Rs 2 trillion in FY26 despite rise in account closures - Punjab Kesari English,https://news.google.com/rss/articles/CBMiwgFBVV95cUxPckt0UlUycG1oNlVPcnE0cmZwNWV0WVlQSzZObXNOZVExUmpFVWcxTDNTLXFDMTVwVUI0X01wMmNmVFM4cnpaYk1DOFZFVW9aLUFZS3E0OWd2NXpiUjduTGhpVXMyZVd1dWJtcThKOTNhbHZzYi1QeURhU3pTYnY2a094ekFSWkRJbDdSQURIMlJQbjRLVF9aeU1WVmREVll4VTl5b1NYQ2JUSnZ3X2lZZW1OQzMyTWFEZE9VZW5uSU9sZ9IBxwFBVV95cUxQWjJNYkE1UnZ1Q2loTWxkTDgycGlHemw0M002cHF4QUhsNUtGU3J4YjdKQ1JNOHJoMzV6TGt1NEFOWU0tMThLM0VYV0tzWXRZN1FiRTVsam85dk1LZzJMcm9QakFOYzhIZ2h5YW5YUUFuX3BLOU9YYzBvQk9saFZoOUhNOEl1X3VfWGpSWTAtZW9MUzdXbXppT3ZWY1FTZmVfTlRCV2xXU3lmNHNSTmpVQ3JXNGNGZnZ3WC1vZ1VtUDhoNjNoY2ZZ?oc=5,Net SIP inflow hits record Rs 2 trillion in FY26 despite rise in account closures Punjab Kesari English,"""(""mutual funds"" OR SIP OR AMFI OR FII OR FPI) (India OR equity OR market) when:1d"" - Google News"
2026-09-09T14:55:21+00:00,3,"['market selling', 'macro / flows']",financialexpress.com,Indices fall for third day as crude oil breaches $100 mark - financialexpress.com,https://news.google.com/rss/articles/CBMiqgFBVV95cUxPRnh4ZkZYYlVhVTdUb2xSYm9NUGhia3o5eWVnMmNuSFR1SnNCelBfaHBraldUSVdLVE5oQUlPMGhTN0c4dThNUXRjU0Z4U0hORXNQQ2RuVThSN0xVZ01FQlBNeTVfdWlLZXlMM3MtaTQxQUh0NlpMSG5aZHNCSnZraVpKMVpnYnFnamtMV09La09HMkRuZGxWZDdVa2xCRU9fc1ZIMm1XektBQdIBsAFBVV95cUxQYXAycjZETnZyNF9vSXdPQnpUZnRYMUhqQ1oxNklpZHZZaGFFbzRVMVBQVTVHQTlkSUtBZVlrMlNlZnpzVVFmdk9rUHZ3aUJKZHF4TXg2RExsdkt6NGEyajhURmhIM2IzbG12TXhLak9NanBtSlFxT2lfbDBEMmZSYm5uUG9rQUQ2TFgxSTZjSzdDNTY4cDdPTzZJZFBfM3VsWVVEWDlMRXNGdWdMQl93ZA?oc=5,Indices fall for third day as crude oil breaches $100 mark financialexpress.com,"""(Nifty OR Sensex OR ""Indian shares"" OR midcap OR smallcap) (falls OR selloff OR correction OR ""risk off"") when:1d"" - Google News"
2026-09-09T13:59:47+00:00,3,[],economictimes.com,Quant Small Cap and HDFC Mid Cap among 9 equity mutual funds that delivered over 130% absolute return in 5 years - economictimes.com,https://news.google.com/rss/articles/CBMimAJBVV95cUxPU0VZejR0eVRDSVJveWZDdW44aDMzVGd0ZXFZZlBrZnVfY0VlLWtiTnhZczRScVZYOWpmRFVuZ0lfaUczMXdwZ2tENDl6bVVYNG1WTnFiZ09oWTJlMjJJUU5sWjFsb3AzZ2pHYlNsemVQeDBIZ1AwVTFuVkhYbWlZaUJ1TzRUUHhXRW9CbHdEelpPZXd6emVGTGFuODhLRDhYVnlNdVBBVWNpcGYyZHRzMnRucTUzVzAyMzg3Y3hPenNCMTdvOWV0SFN3aEhZcFUtZi1MVjAwWEozQVlyZkFYU0sza0xid1k3XzF4OXhDQ2dfSXJINUR6YnRCdU1MbDZuWVV4Q2VyWmt3ZzNlWHRsdXRUM2U4dENw?oc=5,Quant Small Cap and HDFC Mid Cap among 9 equity mutual funds that delivered over 130% absolute return in 5 years economictimes.com,"""(""mutual funds"" OR SIP OR AMFI OR FII OR FPI) (India OR equity OR market) when:1d"" - Google News"
2026-09-09T13:34:37+00:00,3,[],Whalesbook,Indian SIP Inflows Hit Record ₹2 Trillion in FY26 - Whalesbook,https://news.google.com/rss/articles/CBMi1AFBVV95cUxOVUVwTjJNNVFTLV9LRTloaGNKTEx2SGZ6Vk1Cd2dfWkpQMnQ5Wnd6Rk9Sdl90T1hyTlFQOE1vYTBsS2NTR3B5N2pBMzZwbHQ4TDA0WldDblBQMFFmTVNjMDJJQ2JrMDVwNVBydzY0UW1weEt2cXZiNWEyZlJvUGlqSmtha2dObnFPYTk5cVQ5ZXVEUGZNRUIyWERoYUhadDg0dnNWbmluZmEyRmtRM3VRd2VpSWJSWnZxNEJWWG1fdEVQR0wtdFV3MDN4VGtSVlpDRHoxUA?oc=5,Indian SIP Inflows Hit Record ₹2 Trillion in FY26 Whalesbook,"""(""mutual funds"" OR SIP OR AMFI OR FII OR FPI) (India OR equity OR market) when:1d"" - Google News"
2026-09-09T13:27:21+00:00,3,[],ET Now,"₹20,000 SIP To ₹67 Lakh In 10 Years? Expert Explains The Math | Building Wealth | Business News - ET Now",https://news.google.com/rss/articles/CBMi4gFBVV95cUxPR1h3ZDk2c1Y5YXI4WWVOVGtyNVdaY3pkcnNrT3ByWDJWOGxWWVl3Z3h6Z2tmSDVGZ2V2V1E3bVhCd3Q4cHpYakRRNF92dEh4VVVuTkpnUjEyRVZkSUNUVWpsYWFiaVJmcGt5WDN3Y1FmRlZtZVRsZHlDbFNWbmt2dko5VmctaGpSSlB6c2tlNXFTZk13SHY5SFFsdlllUEh4UmlIVjhRUFI1RW94R3FBZy1RSHF4WnAxSVFEZnhCUGlmWWhra3llWTlnMTJkLVlqMmUxZUxxYkxHX1E5RHhCTXZR0gHiAUFVX3lxTE9HWHdkOTZzVjlhcjhZZU5Ua3I1V1pjemRyc2tPcHJYMlY4bFZZWXdneHpna2ZINUZnZXZXUTdtWEJ3dDhwelhqRFE0X3Z0SHhVVW5OSmdSMTJFVmRJQ1RVamxhYWJpUmZwa3lYM3djUWZGVm1lVGxkeUNsU1Zua3Z2SjlWZy1oalJKUHpza2U1cVNmTXdIdjlIUWx2WWVQSHhSaUhWOFFQUjVFb3hHcUFnLVFIcXhacDFJUURmeEJQaWZZaGtreWVZOWcxMmQtWWoyZTFlTHFiTEdfUTlEeEJNdlE?oc=5,"₹20,000 SIP To ₹67 Lakh In 10 Years? Expert Explains The Math | Building Wealth | Business News ET Now","""(""mutual funds"" OR SIP OR AMFI OR FII OR FPI) (India OR equity OR market) when:1d"" - Google News"
2026-09-09T13:24:19+00:00,3,[],Business Standard,Net SIP inflows surge to record ₹2 trillion in FY26 despite closures - Business Standard,https://news.google.com/rss/articles/CBMizwFBVV95cUxNX1FKMjg1ZUt3U0o5UzN1NTdOZ3VnSU5TM2hfeWVIbng5VVFIMzRueHdKekl3V082SEhiaEtiWFhheWdYZXgxdHhGZEZRcGNjQ1lLQUVNM1ZTYjZ6bVU1LWdtRXpSa3VhOFR6VkRUZUY5aFpTMFB0VkF6VVFkZW00MWlZbDlXeTg5UC1PTS1qb2JFa3RxdVBxNldHbGxSYXVyWjB5VXVaNHhSU09DeFczeW9ld053RV9XMWJUTnR1WmVaemFhS0VEcnpMS3dpTTDSAdQBQVVfeXFMTklCWUhDQ3lfSzBheUFWMkU0b3luWk8xZGpoNDB3WmhKUGFiMEVEa2Zvd3FNbkNSMUhTYUdGaGQ1NmM5RkpDbnRnLTctZkVBRWUzODl6YU1haVYtUTBHdkRJa1lNaEhtVmNteDdkV09lZmZtZDhMSWNPd1VhS2psZEZxUHd6c1ZsbkpqR2k1SVNQM2FSX3pEczlQOXBtMWJ0a21YZjhucEMybld6MlU2R0FhOVFzeEN4dlVSel9hZUpDQ3VwakQxR2t0LUVvckhZajZ3bGc?oc=5,Net SIP inflows surge to record ₹2 trillion in FY26 despite closures Business Standard,"""(""mutual funds"" OR SIP OR AMFI OR FII OR FPI) (India OR equity OR market) when:1d"" - Google News"
2026-09-09T12:10:21+00:00,3,"['India market', 'macro / flows']",ET Now,"‘High crude oil prices may not derail Indian markets; FII selling to continue’, says Motilal Oswal's MD | ET NOW Exclusive - ET Now",https://news.google.com/rss/articles/CBMi-wFBVV95cUxOTmNyaEstMFBmbkRTTjhzUVdEOUFHTTJMMHYwV3pFZUZaMW4zQWM3c3JGY21mUWNqdFhsVFIwN1p4cHNYZTRiSFNQdlpUNXI0czliRnhxZmRiVi01TWlVOFVYMlpGaGxPcDNYSkJxb29jZ2pJYVFfTVlQRno5Q21xNXFzeDNldUVjTHU0S01zd21VTmZiRTJWeXNlc1RnX1EwOFpSWEg5R3FlTGtlRHozblEweWJQV3U4NDZsZEVYQW8wTU1CMjZKeEdCYWFDVkJiYllvVGxZTV92bm1YbmFXTXZrVWpHVVZtQURLbExVWjdFbGwydnM1dmx4UdIBgAJBVV95cUxOMmxTMWthWW9NcklWT0NVRE5zN0NTcjlLWGNjLUxMd0piNnd0T3dfZGItMXkwYkFrNzhKLU1MS2N0RmYwdEVta0NmUUZXc190RFpWbHg2N3dRV3c4LWZJT2dnNFNHbE1raVBiVFJYaUUyOEVuWkZadUdtYjBteGpPY3NpNy1Ha2tDb210aXpmRy12bk5malhHVXBuaEI5MDVYdndJNjBjazVOWHNldVNWOWZqR1RVcnpod1FzTE9FWTdyMDQ1YUcwTDVfQWtZYlk2MHRVeGwtVkROUjN5bzZwT25IQ29LeGEwT2I2RzkzekYtSWtMVkY2c0FKR3YtMENv?oc=5,"‘High crude oil prices may not derail Indian markets; FII selling to continue’, says Motilal Oswal's MD | ET NOW Exclusive ET Now","""(""mutual funds"" OR SIP OR AMFI OR FII OR FPI) (India OR equity OR market) when:1d"" - Google News"
2026-09-09T11:58:02+00:00,3,[],Value Research,"SIP Portfolio Rebalancing: Calendar, Threshold or Hybrid? - Value Research",https://news.google.com/rss/articles/CBMirAFBVV95cUxQZ0kzYlRMNFFTb0ZuTEtENW84NVhDMTRwNHlVVldON3RyWGtLOEVTZGFjc1g4YXkzS0d5YV9IWVcwVTNHYjFXY1l2VnpkWEE3SDB2dGxhcUp5dWlnUlY0X2ZWTFJpRnVTRnRKR3lvYU8yRGQwNkpWNGlLcS1XR0JtZ2VBaUtkZEpRYVJKeEhULXlCV05GR0haaUNOOTJBU3hJUFJYZ2dGbGhBMmkx?oc=5,"SIP Portfolio Rebalancing: Calendar, Threshold or Hybrid? Value Research","""(""mutual funds"" OR SIP OR AMFI OR FII OR FPI) (India OR equity OR market) when:1d"" - Google News"
2026-09-09T11:46:40+00:00,3,"['India market', 'macro / flows']",Business Standard,"Sensex sheds 813 pts, Nifty ends below 23,450 as crude boils - Business Standard",https://news.google.com/rss/articles/CBMi2AFBVV95cUxQVG8zcFd5aHl5VjFtZHhTcUFBdjRRRmJVTVdEakxQRGh3N2M5QkJWeW5SUVBETlRNdjZ2eUxaN0lHODFDLVU0OHVwTmZJR3dydFI0aGlGV1BDM3dULXNrSkFfYU16OW51NGFQV0JsZzY5eFFWMGNyRFFKYmxZdEtaVGg2NVZiaGFVWkV5ODU0NEd1QVRoQjRCOHA1cUY1b2ZMYnBhY3R6OEZoMWNVLWNOUWVfY3dQZVVxZ01jS3g1VjY1NURiQlhmS0IwSHEtSlRZYVVPdEUtbzPSAd4BQVVfeXFMT2lSbHhxM1l6MzRZQVlNdVJvWXZQa1VhdzRGaDFzR1JlLWpveFU1SHFXcHJDNnNsckZMTEpfcHZTYzBFZU1RejF4bHJzWm1peXUyYkpSclBpUVJDcjRMcWVMOWgwcjBHd19Ea0hYVnM5Zy1XT1ZCSE96aHVLYXVuQ1IzYmtVOWZLbHVNajFaN2RPd1Mzdmt4SzRvX3g0RFZMRk5MbXVZYlJINEpqUDJ0TDB0dnVpcUxCX1ZjVzBmUlFBLUNxMk9STzFvcmROY0ROMEtpVURnTXE3SmdYbXBB?oc=5,"Sensex sheds 813 pts, Nifty ends below 23,450 as crude boils Business Standard","""(""broader market"" OR midcap OR smallcap) (selling OR correction OR fall OR volatility) India when:1d"" - Google News"
2026-09-09T09:36:45+00:00,3,"['India market', 'macro / flows']",NDTV Profit,"Video | Nifty May See More Downside: Feroze Azeez Flags FII Selling, Crude Risks - NDTV Profit",https://news.google.com/rss/articles/CBMivgFBVV95cUxOZUJjUTEzbnU3UWJsNk8wNDlfRjRqUTM5NHBkVmxHT2dFeEV3QWNCNk0zZlNtdkhwZDFac1EtX2lqS21BRHNWTWRuVDRzUGVLaVdWb2hUMnphQjFUbW1hWHlFUFg3RWNUeHNxeDJuSEh3aFJPdkpDem5GSThrMFBLZThPaHhZRHVud3EwUzV3UzNqQ3BTTTY3czhYaHZEVzlqVmlPaGllbks0YWpqMHdrWnN1NTdmVF92QXZ3YU1B?oc=5,"Video | Nifty May See More Downside: Feroze Azeez Flags FII Selling, Crude Risks NDTV Profit","""(""mutual funds"" OR SIP OR AMFI OR FII OR FPI) (India OR equity OR market) when:1d"" - Google News"
2026-09-09T08:49:37+00:00,3,[],Whalesbook,Evaluating Underperforming Mutual Funds: A Framework for Investors - Whalesbook,https://news.google.com/rss/articles/CBMi2wFBVV95cUxQalBhR1huanJrXzlsM0ZGTUNzRnRzMGxicFBTQmg5MUsyYWxsd25obnloMURtNUJJMy1zZFU5b0VFOVV1elRSNUVla2RvSm5NVTlPN21MYVM4Y3A0U2NUSVVQX2lQVlFvT2VCNG4zYzlXd3ZSTXB1bmdtTzVZMW1NY184Z01rMGtSbWFxQ3BxQUY0QjRrbHNnMHY5MnhlRzFzTm12YU96b3BLNU1sTVlkVGw2cGRrU05PRHZEOWVvZGdMMDFtbWE3Mk1qTDZHcmNzNEVYX3ZqSHJFeVU?oc=5,Evaluating Underperforming Mutual Funds: A Framework for Investors Whalesbook,"""(""mutual funds"" OR SIP OR AMFI OR FII OR FPI) (India OR equity OR market) when:1d"" - Google News"
2026-09-10T07:31:33+00:00,2,['macro / flows'],Business Standard,"Crude oil at $100, but why are OMCs not on a slippery slope? Decoded - Business Standard",https://news.google.com/rss/articles/CBMi3gFBVV95cUxQbEMzVkxZSTNyWDV0Q3NVcWZleGQzSzVMM000YVFMSTV4d1VFc1RtRDNGNGNlT2FRNzFVTTcwWnNEcjdGcGVqMzRUQzZfdzBLRnZQQVpWMUZvSGZNdzBxTzk2VEtET1lINFF6TVpFdzY2OFlYQnFzRVkxclh4VTR2VW9zcGdpSTZjdUJLV2JKWXZIRG5XQkU5ejVRR1g0U2RkdXlLMDlrb3NlLXlXNjBzODBHaDBLQjdKbktGdjBEYmc1eklhMVQ3RTJvSUhlU3hEc21PT2Mta0haWDA3bkHSAeMBQVVfeXFMTTl5X3diaXRSejloVDc4ZHBOVk9PdElkWlp5NHNKV09JRXRXYlo3YVYyTUVLWnoyc21FdWE0ZHc5WjZOT00zd1loM0JrQ3dUWjB1X3loNHhJOUxQaHpiV0d5VTBObWU3cW5oUTBndGI3YkI3a2cteHFBU0FyaE1fT1NmZHZrcFVHOU1ieDhReldpRmtkcXQweGNCQndKd1VCbl95SWt1WGJBQ2EzelNKWWRZZDF5V0NtOURya3VrRmVibVZsX2FiTjFrQm1DbDRKbmhFYTV4ZmNYVGhveUY5Wm9YQTg?oc=5,"Crude oil at $100, but why are OMCs not on a slippery slope? Decoded Business Standard","""(Nifty OR Sensex OR ""Indian shares"" OR midcap OR smallcap) (falls OR selloff OR correction OR ""risk off"") when:1d"" - Google News"
2026-09-10T07:13:53+00:00,2,"['AI / tech risk', 'India market']",EEHerald,The Invisible Layer India's Semiconductor Buildout is Missing - EEHerald,https://news.google.com/rss/articles/CBMid0FVX3lxTFBfUDF4U0pBejl3S0w5TVFDREpRQ2NtMVI4d3pQXzJZcElRelJJcVRqbjd4aHZDbUpmalhqVklCUFpLRjdBWFVxeV96aEFldXF4OGpHYWZESTEwRGRpVThwWXEtVUdpeC15dF9MVUd2dVB6S1A4VVZZ?oc=5,The Invisible Layer India's Semiconductor Buildout is Missing EEHerald,"""(AI OR ""artificial intelligence"" OR Nvidia OR semiconductor OR technology) (selloff OR ""market fall"" OR ""stocks fall"" OR correction) when:1d"" - Google News"
2026-09-10T06:38:07+00:00,2,"['market selling', 'macro / flows']",BBN Times,"Nasdaq: Tech Stocks Fall to 26,506.99 Amid Rising Treasury Yields and US-Iran Strait of Hormuz Tensions - BBN Times",https://news.google.com/rss/articles/CBMi1AFBVV95cUxPS2tGaHFUdmNCem5VSTRWSzNuSEhTZEZZRXZKeTNSbkNnYlYwWGd1cVN3cl9kalNXSEtvT2QxY3RPZUZkZHBYb25jWWI4Q0tiQTcyTzc1ekJQWDlETzRSRzVXX1ExLVV2OW1ZeERNVThBN0h3Sk11UGR3N0FjVmJ0dXpxeHg0MEFkUTFDVjc3cFFlbk5ma0NVZDJOSzRRNWtybjNnbmdDMHBHLTA1R2FjZXF3V1d5elQ3WDhqYlljbzUzT2Z6OWNud0dUTEV2d1VLcDBBWA?oc=5,"Nasdaq: Tech Stocks Fall to 26,506.99 Amid Rising Treasury Yields and US-Iran Strait of Hormuz Tensions BBN Times","""(AI OR ""artificial intelligence"" OR Nvidia OR semiconductor OR technology) (selloff OR ""market fall"" OR ""stocks fall"" OR correction) when:1d"" - Google News"
2026-09-10T03:07:39+00:00,2,"['India market', 'macro / flows']",Moneycontrol.com,Brent crosses $101 | Global markets all on surging US bond Yields | Nifty at 3 month low - Moneycontrol.com,https://news.google.com/rss/articles/CBMi6wFBVV95cUxPMDVqTnNpWXE3YzBLOVhSQ3g2VnVfajNOQi1uR2QtYkcwQS0zVnFfaFpNRzJSOW5nWm9BamdnM0RnVEs1dng1OVdZNC1fdUJBbWZQWG52OG5FZk1aVXN1MFVIbHhzZGh3T2kwbUxyYnNfMkdBUk5xbElNVUVoTWxMTGFad1lGSEV6TGZJV3c4Z3QtaWg1WkZfdHAyMUlzMUFxTm43a1NvMDhlVUgtdTh4UXJfM0pUTDIzdm4zUVRyZlNNSndMdWFSdS0yMGVtSEV5WjFLZjFSc0huRW5TTDI2b2hpSm56U0lYWENN?oc=5,Brent crosses $101 | Global markets all on surging US bond Yields | Nifty at 3 month low Moneycontrol.com,"""(Nifty OR Sensex OR ""Indian shares"" OR midcap OR smallcap) (falls OR selloff OR correction OR ""risk off"") when:1d"" - Google News"
2026-09-10T02:49:23+00:00,2,['India market'],Upstox,"NIFTY50, SENSEX today: Wall Street cues, FII activity, key things to know before markets open on September 10 - Upstox",https://news.google.com/rss/articles/CBMi-AFBVV95cUxOeS1fTmNnak9hR0QxaXhYZlRYdm1td3lhSV9kWkdRc2NDdDBDbVpNeGFkV00zUE9rSGsxU0pDS0k5bFB0WDUxZndXanlUUDY5QXA1YlBqc2tFUEZibGtKVlBfU2VJX3doMV9DYVpvTUNXVDYxckhOeGd6ZWxPblRBa1J6VHNSX0R6RjdtUS0wcmtwZDRqUDUwNjVGZWlmbFM2aVBGQnFHdFlxUWhvczhRS2dIMGNQT3JZUzBIbHZEeXJQVUsyZ205MTlQU2c2MnFOWFRjdWd3eS1DLXh1R1NubGY5MnhUUHdFWkFaREpZUkZFam5mbkZkTg?oc=5,"NIFTY50, SENSEX today: Wall Street cues, FII activity, key things to know before markets open on September 10 Upstox","""(""mutual funds"" OR SIP OR AMFI OR FII OR FPI) (India OR equity OR market) when:1d"" - Google News"
2026-09-10T02:07:04+00:00,2,['market selling'],KuCoin,"U.S. stocks fall as Treasury repurchase falls short of expectations, Meta rises 6.5% - KuCoin",https://news.google.com/rss/articles/CBMiqwFBVV95cUxNekhUMEM1VWZkMmE2LU1sVXNTNXoyR0J3LTAzMGZUZ3hrVnpZX09abXZQYkRSNTVGUUU1U29sQlNGNTBXTXhjSHd5X3BwUUdlemZzZUZiTG0tS2E3M0lwQmF3c0lmOHBFc1JZUVo0TmhJSzJhWGdjSFozeWtVZ0Z5NGVxRURXVU5oSVJjQ1BVdHoyU3ZaMDRzSWd0bVZtVEdiNl9sa21zZlF2bDg?oc=5,"U.S. stocks fall as Treasury repurchase falls short of expectations, Meta rises 6.5% KuCoin","""(AI OR ""artificial intelligence"" OR Nvidia OR semiconductor OR technology) (selloff OR ""market fall"" OR ""stocks fall"" OR correction) when:1d"" - Google News"
2026-09-10T02:04:00+00:00,2,['market selling'],CoinMarketCap,UNI Drops 4.47%: Technical Breakdown Amid Altcoin Selloff - CoinMarketCap,https://news.google.com/rss/articles/CBMicEFVX3lxTE0xNGF0V2JnS3lhN3pNWXN2MkNDRlAzbHI3QXFvY2lycTNINWhBajZTM2Y5aHJNUlpUcnpWdzcxRjJYa2l5VzJTWFhjRU1abC1WTWYzbXlyVXlIVUt6ZzJMRmJ4SEFuTk5NNVpqVEFQdUM?oc=5,UNI Drops 4.47%: Technical Breakdown Amid Altcoin Selloff CoinMarketCap,"""(AI OR ""artificial intelligence"" OR Nvidia OR semiconductor OR technology) (selloff OR ""market fall"" OR ""stocks fall"" OR correction) when:1d"" - Google News"
2026-09-09T21:10:00+00:00,2,"['market selling', 'macro / flows']",WSJ,"U.S. Stocks Fall as War Escalation, Oil Spike Continue - WSJ",https://news.google.com/rss/articles/CBMingFBVV95cUxOMjVoTXMzT3lhWVBCc09vc2xhbnVDMEotYnZZcm11cjgtUjdVTkdhMnI4bWZObWlhX1A0bGhMbWNDUU5HUXYxZ2JhS0JuSlo1OHp2ekF3SjhDR2xqT1NqTVB3M285VXhJNGhQWFRuVmVBRWo5RG1XWUEzbDVxZmFncndZdkx2TUtENjhZcVBMU1JqNEtsSnhKeUs5clZHZw?oc=5,"U.S. Stocks Fall as War Escalation, Oil Spike Continue WSJ","""(AI OR ""artificial intelligence"" OR Nvidia OR semiconductor OR technology) (selloff OR ""market fall"" OR ""stocks fall"" OR correction) when:1d"" - Google News"
2026-09-09T20:49:31+00:00,2,['India market'],economictimes.com,SBI Nifty Midcap 150 Momentum 50 ETF FoF - Direct Plan Portfolio - economictimes.com,https://news.google.com/rss/articles/CBMisAFBVV95cUxQdXZ1MjBRdTdRMERYVUpkX0RSb0NoTHlKZnNwdFVPYUhHSWNRbnJPdkJENldJeDlsWGxWM3lKeUhIVHFRdW9SRC14dkNyNEFBSnA4UjFsdzUyRHIxamFPNU5VTG5TbkU1RVFYdVV4emZpWFhRLVpwaHA0ZlV1MWxGSlZPdTl1TzA0TkpEM2NaY3VnYXhKV2QyREQ4SGloMUpEejlSekdOaDJYUDFWQm5LaA?oc=5,SBI Nifty Midcap 150 Momentum 50 ETF FoF - Direct Plan Portfolio economictimes.com,"""(""broader market"" OR midcap OR smallcap) (selling OR correction OR fall OR volatility) India when:1d"" - Google News"
2026-09-09T20:43:00+00:00,2,"['market selling', 'macro / flows']",Moomoo,"Top News Today: Stocks Fall, Oil Rises as U.S. Strikes Iranian Tankers - Moomoo",https://news.google.com/rss/articles/CBMilwFBVV95cUxPcklBcnZsSkhsaUZtR3c1WWNvRXFXNzVrMDZlQTJJVHMyTm9sd3Z5NG9KLThtaTN6WGZHQlVfQkU0WHM5cngyQTdhcVU5Tm5uVlE2R1ZldVlVOHVRT2I5dmg3Tk1SMTIxaW5BWFJjcVJjLWVQMy1Ub296elRJTzJmT2NqYWtlSWk0ZjVNYUJldEVEOEJ3TWMw?oc=5,"Top News Today: Stocks Fall, Oil Rises as U.S. Strikes Iranian Tankers Moomoo","""(AI OR ""artificial intelligence"" OR Nvidia OR semiconductor OR technology) (selloff OR ""market fall"" OR ""stocks fall"" OR correction) when:1d"" - Google News"
2026-09-09T20:30:53+00:00,2,"['market selling', 'macro / flows']",The Washington Post,Stocks fall on Wall Street as oil prices jump back above $100 a barrel after Iran war escalates - The Washington Post,https://news.google.com/rss/articles/CBMi2wFBVV95cUxObEM5a0wzMEtkRFFVQlFWbFN5NG1tOUNvNzB0d29lQldkMkZiYmhnaHNpSURsdXZSQlJ2bno2SkxTa3dYdTZpVnhlQmZMNFdOS3AzY0VoMXk2VEdqNzlmaU42d1lYWVZLdXgxUlBQNHBrWlhUNnlyMU13RW9pSV9BMmlWSzZVWW5XVFZLRWc2bDJoV242a2ZXQmRlNHc0OGtpYnQzUW55Q3pTdHVzWkVNdXNqTkh2Nkl5QTd5MGgzVE8tTF8tUGtpNWVqczJyNnJOeWoxOThCWWIzSDQ?oc=5,Stocks fall on Wall Street as oil prices jump back above $100 a barrel after Iran war escalates The Washington Post,"""(AI OR ""artificial intelligence"" OR Nvidia OR semiconductor OR technology) (selloff OR ""market fall"" OR ""stocks fall"" OR correction) when:1d"" - Google News"
2026-09-09T20:19:15+00:00,2,['market selling'],TradingKey,"US Stocks Fall for Third Day, Dow Drops 400 Points; Memory Stocks Buck Trend as SK Hynix ADR Surges 7% to Record High - TradingKey",https://news.google.com/rss/articles/CBMi2gFBVV95cUxNdmVDcDZ5WWt4cWw0WU9vdkJxTmxFTFFLWEtWXzlWbXBOeS1ScnVCaVBRcjRwTmJjcHgwbFgzUzJ6TVNyemlEWk02X2x2bWdKT0JHR0NWMXpiaFhYR0hjMnRyZldTR3hvWGhQcnoyaThEZkZlSXQ4Q0hJUXNMZU16bGNhTnd3ZGRYZzFzVU03NVNvTnhJNHhSUUUxUFVNQkNYRDR4bjFIS2ZyR3BEN1laU0FVX19qbkw3ZjZ5ZFQza1lNaHNmaGpPUGZhWlR3ODRfZHVGRU5UQ1VPQQ?oc=5,"US Stocks Fall for Third Day, Dow Drops 400 Points; Memory Stocks Buck Trend as SK Hynix ADR Surges 7% to Record High TradingKey","""(AI OR ""artificial intelligence"" OR Nvidia OR semiconductor OR technology) (selloff OR ""market fall"" OR ""stocks fall"" OR correction) when:1d"" - Google News"
2026-09-09T19:54:29+00:00,2,['India market'],Upstox,"NIFTY50, SENSEX today: Asian market cues, FII activity, key things to know before markets open on September 8 - Upstox",https://news.google.com/rss/articles/CBMi-AFBVV95cUxQYTFyMVZPQ2NvSXptUER2YXFPdDNzSnlKR3o0cElkTVVLZzFZRU5FZ1VwSTNwNjE3dTc2d1V5Ui1lM285c2sxYmZpNHFiZlR5c2tkMHJReWNhV0RrSkwzckRYQXVvRTY3MHBHbTdVb2dZaXhlZndJX1Z0Ql9tcUFOaUNNQTJ6RVVMVWd5T3dXM1NMM3RUcVJDLVNHT1N5UlhZVjdTSTRLSUdoY0gtMU9ZblJNYjFjV0EtMTBkaUNUbkJnVDBheHFyM3M1ZjdSNmxVdm9TOHlQVGk4U3pJV3JKNkMzejd4cUVkeE5yakR2Z1lCb1VjbTJBUQ?oc=5,"NIFTY50, SENSEX today: Asian market cues, FII activity, key things to know before markets open on September 8 Upstox","""(""mutual funds"" OR SIP OR AMFI OR FII OR FPI) (India OR equity OR market) when:1d"" - Google News"
2026-09-09T13:58:53+00:00,2,"['market selling', 'macro / flows']",Livemint,"US stocks fall as oil surges past $100 on deepening Middle East tensions, Meta jumps 5.5%, AMD gains 3.49% - Livemint",https://news.google.com/rss/articles/CBMiwAFBVV95cUxNXzBJdjk3TGttMHNleXo4S3ZSNDBTOV9DNUJiZm03alFVWjB5em5zbWNlTXB3RFBnT1ZpVF8zWl9FQUZsOVF6eFNjeGZCS0Q2LWFnV2o0aUo4aE43eGtIRXRhbjR1RkpLblpRZUNyUzAtQm1TeGdscVF3dHNVQ2VCS2ZwZ1BsU190VU82bXVBay1STzFubFhQbWE4SlRkdmdxZ2N5QUxTOWkxOF9adm9tVld4MkJ3Z0ZMMHlwQjcwZEjSAcYBQVVfeXFMTTg3U1l6V3RwT3NYSFdPNWRhSmZON1FWWEVLSGFScGk2czlHRjFLSlliUlRKYjlOaEN3dmVGY1UxdFBnc1JIVzBSbE5XYjE3Q1JIQmVvSHJxN3RKVkRyRXRsQTdELURLaXRxekdQMGZDNGttal9zVU11WURtdFVWcU5ISmY4VzBad2tPQ1J5U1FpS3lNa2FJTktvYlcyTUFCU2JHUVMtWTZZNkpRNHVGVk1LZ0pMMzNwQzBlZlc4TW5rbWVmdXpn?oc=5,"US stocks fall as oil surges past $100 on deepening Middle East tensions, Meta jumps 5.5%, AMD gains 3.49% Livemint","""(AI OR ""artificial intelligence"" OR Nvidia OR semiconductor OR technology) (selloff OR ""market fall"" OR ""stocks fall"" OR correction) when:1d"" - Google News"
2026-09-09T13:24:45+00:00,2,['India market'],TradingView,"Stock Market prediction: Sensex, Nifty outlook for Thursday | Kospi, Taiwan Index, Nikkei cues to watch | 10 Sept - TradingView",https://news.google.com/rss/articles/CBMi9AFBVV95cUxOZlFuQmtkT1ZMREtBZi1UTzJEN0VvZ1pfUGtUeklvN1EtQ1pHdUtCVG5oblE1eVIzRFRNc3pTOTFraU40QXBTbnJIVGV1SVRKZXYtNHdKVllhZHRMWW9xYVJBNEtJczNwcXcxRjFkOHdzaXBKbWNTU1VhNzdGSlVuQk1PUndVbkRrckxQeFFzUzBlZ3k1MjQtSVZybkEwamRWcjM0cVRjX05MVUw0Q1h1ZXBPZzNYZFFaSFA2aU5RbGpvbk5NTGNoZlhOS0FRUGJkUGNhcEVWbUhmcnZKY0dZOUFRbFlaMVZ5Ync2WXlZNE01MVUx?oc=5,"Stock Market prediction: Sensex, Nifty outlook for Thursday | Kospi, Taiwan Index, Nikkei cues to watch | 10 Sept TradingView","""(""broader market"" OR midcap OR smallcap) (selling OR correction OR fall OR volatility) India when:1d"" - Google News"
2026-09-09T13:18:43+00:00,2,"['market selling', 'macro / flows']",EnergyNow.com,"US Crude Stocks Fall as Refiners Step Up Processing, EIA Says - EnergyNow.com",https://news.google.com/rss/articles/CBMilgFBVV95cUxPa1F2NVZ4NG9Xb3pPZEdDWnljbkkyTVI5NVhhT2JQS0M1RFFENzMxd3lRSFNVd2c4TGFkblNZNExTMC1NRWVjVEV6Z2dRcVA3cHR6VFh3ejNZNUtoOTF6OW51Q1UyV2F4QzFRTHA3N19GNHFwZ1lseDMwaTlTWkdHNVBlT2pvTVVYR2F6SE5ZTndpb1ZhYXc?oc=5,"US Crude Stocks Fall as Refiners Step Up Processing, EIA Says EnergyNow.com","""(AI OR ""artificial intelligence"" OR Nvidia OR semiconductor OR technology) (selloff OR ""market fall"" OR ""stocks fall"" OR correction) when:1d"" - Google News"
2026-09-09T13:02:15+00:00,2,"['market selling', 'macro / flows']",The Mercury News,Stocks fall on Wall Street as oil prices jump above $100 a barrel after US and Iran war escalates - The Mercury News,https://news.google.com/rss/articles/CBMibEFVX3lxTFBEZ0s1YmVXdm5XZGVpSmxUOWFCNUVpcWRuWmdWWW16emFaWXJhUTJURFFHT1Jfc0hrQU84VzFTdlVlc0V1SDBHcFl1Znd1RVh5Y1o4XzJOUnlsdUt2dEN6WFRPN1Rnd09OVFpuStIBckFVX3lxTE1MaWdQcVU0M3p2NGs0Tm9PNXpJVkdyRWhqZDBkOEM2V3hWaGk0b2xoMGR1NzhwVUtvekZIb1ZmYmVBVUx2YTNHYVBXQ2ljZk1oWUZaUVRYSzZNZzlQdzBPN1NWdVZHa0s5Ym5Yb0YtRjZRUQ?oc=5,Stocks fall on Wall Street as oil prices jump above $100 a barrel after US and Iran war escalates The Mercury News,"""(AI OR ""artificial intelligence"" OR Nvidia OR semiconductor OR technology) (selloff OR ""market fall"" OR ""stocks fall"" OR correction) when:1d"" - Google News"
2026-09-09T12:56:46+00:00,2,['AI / tech risk'],Mshale,Dips Never Last: 3 AI Semiconductor Stocks You'll Wish You Bought‼️ Scotland Vs Nepal (KgFNFnAVvA) - Mshale,https://news.google.com/rss/articles/CBMiYEFVX3lxTE9kU0JPRHg1Zmp4bUVOM00ybmdwbXNoYzczQnN2MXBhTzBfeVNNdGNwRkpfM0xud3VyZGdHTncyN0Zvd0NpQXVHT2hYY3VobHlpQ2I4MnI2eGJuR0V4N3RhZw?oc=5,Dips Never Last: 3 AI Semiconductor Stocks You'll Wish You Bought‼️ Scotland Vs Nepal (KgFNFnAVvA) Mshale,"""(AI OR ""artificial intelligence"" OR Nvidia OR semiconductor OR technology) (selloff OR ""market fall"" OR ""stocks fall"" OR correction) when:1d"" - Google News"
2026-09-09T11:43:22+00:00,2,"['India market', 'macro / flows']",The New Indian Express,"Sensex tumbles 813 points to 3-month low amid escalating tensions in West Asia, oil price surge - The New Indian Express",https://news.google.com/rss/articles/CBMi4gFBVV95cUxNRXNtT01oRmtSTlc4eG9pTUthMnhwbExhaGtpcmJfUDlGQlBWSC1YcHZBSnlvT3hvUXNHejlXcHFPNDRyVjlWdXlRYm1rVE5SODlLaDRzYXlGMFNyS3VKTEhDa2M0dVR0Skt6QnNvNVNlUGUxVTltUy1VNFZld2xLOFU0aTFzVHE3YU40V2hSd2NOTExQelJxYzNKY3g0cTJGcmF4Q2Q3X3RyWUxNY2dGWUMtUkR2dHpLUWxVNS13WkdUM01QQ1N2RHVObjBwS1hJUXhTUzI4UFhHMTNhM29LUEdB0gHvAUFVX3lxTE52T0V2UjZnRjk0LVBRMGlYNG1SaHVEQnZuVEhmcHY4Rk4wemtJMERUR3I2UlBuMXdJRGI4MkxrcGlkUHVERzN3RFg0SXpoY2tvN0tPUWRvS3R5MENVTUpmSUhqXzh3RTF1MVlvNVFoa1Y5QTlkWGV5cVlEbER0aVc4STZGRHpJSHY4NnVwNTlPenUzclZLWUhJUXpwZ1ozRzZ2VnYtWlZxdFBBM05TU2FxZHdhcG1nNk9pNnZpQ25TNVQ1MWRBRlZUVW1BazRtZUt2dnhlWnBaSzBZTkFtY2xWNDY5ZGx1aFY0WVhEa2ZN?oc=5,"Sensex tumbles 813 points to 3-month low amid escalating tensions in West Asia, oil price surge The New Indian Express","""(Nifty OR Sensex OR ""Indian shares"" OR midcap OR smallcap) (falls OR selloff OR correction OR ""risk off"") when:1d"" - Google News"
2026-09-09T11:17:04+00:00,2,"['India market', 'macro / flows']",Business Today,Crude Nears $100: Rakesh Vyas On The Impact On Indian Stocks & Nifty - Business Today,https://news.google.com/rss/articles/CBMi0gFBVV95cUxQVEtWeVBTVWJ0aDdxaW9vT29kMVlIcWF4aDBKeEw5VFNDbE9rSDlZNkJJWGtlX0R6bmtOc1F2Z0NCY2xKNk5iVm1Sb0h4aWQwcEc5eWNBTUtkb2I2N1VOdzh5Q0xaN2RyVW5sYlNOYVVrd3R6dXhGU2t5Z2pQSENkbzlvazVGeUVkLUFzUENoNTBLUU1Sczl5MVJkbGZlOFotZDRkYnplcTlNY3hNWThOd0tucS0xMFZTdzBoZVREX25SbWpoV1piSEg3cTZZWWk2RnfSAdcBQVVfeXFMUG9CN3puYW43aDFUaGdmYkxUcnQxLXdJcXZXZ2h0TTNJN3VvdXVCNDFfWWF5SGo2NlY5Wmo1SWM2c2tOY2ZYcE5jcTc0WmN6OHpjTUl0UjExd2Z3blN5MjZIZ0F2LW8wRmlTSnVHX1E5UUhfUUFnRlhBbHl4X1BIckd2SUxybWdJT0xKZjc2SXdYZ2lPb1JNb0hFTl9Bd1V5YzRlcUI0ejRSanMxWjI0ekllZThpaXBHbW4yZmRtbzZGQUhTRGhGNDlzVUd2bHpuMk83dUY4MVk?oc=5,Crude Nears $100: Rakesh Vyas On The Impact On Indian Stocks & Nifty Business Today,"""(""broader market"" OR midcap OR smallcap) (selling OR correction OR fall OR volatility) India when:1d"" - Google News"
2026-09-09T10:55:06+00:00,2,"['India market', 'macro / flows']",The Assam Tribune,Sensex crashes 800 points as Brent crude hits $100 on US-Iran tensions - The Assam Tribune,https://news.google.com/rss/articles/CBMisAFBVV95cUxQM3BOWDBhb1lRR1VzaTU1RlVmdTBPcmJrV3lndE5HblYyWUhaeWszN2xPTnFnX3ZiMVhQai1IQ0UyeDBsOF9NYmJXMmg4WXdDc0R2SFZwSlhjeTNQNmMyZ1J1Z0Q2VjU1c2xRTnM0SGltZ2JFNkJ4bHA4UzVFTVg2TDAxZkFZTzNKczhkYkVMOXlSNndvcmRfV19LdGl3ME9qV19FM25FR0JMT1Jmb0RpTtIBtgFBVV95cUxPWWNLOGJVVmNzM3RPVTJqTEstVm44NkVramE3ek1NamhVSm56d3RqTWNXeC14MGZIU0IyX24yMHR0ZVhfRXZvbmNrRVQtWG1DUzRJSl85VUxtNklHVFVnSERXeVRZOFFlaFdSdkNDYnF6bE1Ud1RhZTdkTVdYSlJlUVkwS1FRazZZYjBCN1hoMUd4bVgzVVJ6ak9DdW1USGRCcUNZZnJ3bnJDREVDODBnS2Jobzhjdw?oc=5,Sensex crashes 800 points as Brent crude hits $100 on US-Iran tensions The Assam Tribune,"""(""broader market"" OR midcap OR smallcap) (selling OR correction OR fall OR volatility) India when:1d"" - Google News"
2026-09-09T09:08:11+00:00,2,"['India market', 'macro / flows']",Outlook Money,"US 10-Year Bond Yield Nears 5%: How Will It Impact Indian Markets, FPI Flows? - Outlook Money",https://news.google.com/rss/articles/CBMitAFBVV95cUxPYVZnTERJbXQzREFFcjhnTnFjeFRkdl9nVmszUVJKOC1rUlVGTHdpR3o2N1FYb2lFSDd6c1pnM0Vma0xRcFBIa2VHOUhuam9qZmxZX3RZbmxYRWp6eEZEOVRlZzdYQXNRZ0JhSC1RT2FZekJSaTRXZi1iWFRkZEJTSGNaOUJId2xON2tmZjBpbTFrU0RzTDlHTXRlUDFLNThJSzhEUXBRZHI1Nk9tMlpFOWR6WXnSAbQBQVVfeXFMT2FWZ0xESW10M0RBRXI4Z05xY3hUZHZfZ1ZrM1FSSjgta1JVRkx3aUd6NjdRWG9pRUg3enNaZzNFZmtMUXBQSGtlRzlIbmpvamZsWV90WW5sWEVqenhGRDlUZWc3WEFzUWdCYUgtUU9hWXpCUmk0V2YtYlhUZGRCU0hjWjlCSHdsTjdrZmYwaW0xa1NEc0w5R010ZVAxSzU4SUs4RFFwUWRyNTZPbTJaRTlkell5?oc=5,"US 10-Year Bond Yield Nears 5%: How Will It Impact Indian Markets, FPI Flows? Outlook Money","""(""mutual funds"" OR SIP OR AMFI OR FII OR FPI) (India OR equity OR market) when:1d"" - Google News"
2026-09-09T08:34:50+00:00,2,"['market selling', 'macro / flows']",خبرگزاری فارس,Stocks Fall as Oil Rally Fuels Inflation Fears - خبرگزاری فارس,https://news.google.com/rss/articles/CBMingFBVV95cUxOdFZta3BNYVNPWHlzSUJJTnYyVEtGRjNXX0dUTldUbmJPQXpDUVpHNkZneFBCVlhFTTF2TWVCZWlxLXJfTm1YcjlFZFhvN3pzNW5JemhlTTZVdTFWWTF3UnNXTnRicDVVSWsyMTRoaFd4VWlkVGwzTkdtdzRYVFBkVXdrZGYtOU9EblZCdE5rNC1wUk9VRWQwT01sZkJiQQ?oc=5,Stocks Fall as Oil Rally Fuels Inflation Fears خبرگزاری فارس,"""(AI OR ""artificial intelligence"" OR Nvidia OR semiconductor OR technology) (selloff OR ""market fall"" OR ""stocks fall"" OR correction) when:1d"" - Google News"
2026-09-10T08:09:50+00:00,1,['India market'],indiatoday.in,"$25 billion out, $5 billion back, and out again: Why FPIs can't make up their mind on India - indiatoday.in",https://news.google.com/rss/articles/CBMi3gFBVV95cUxNUGd5SDRjTjZKZWM2T1JGbzdNcVR0aml3NE5JZVVOWmlSaGVGQ2RYRGxrUnl6ckhfeDMwbGI4cThWWGNSZjFsbF9VeWlJa0NnYkF0TDM0aVJzb29rcEJnWlR4eWV6R2M0Q21SMFViZEhLUGhwU1AyQ3pqWHJ2eTNUdElFaUd0eVpOV1ZxeVZRakJQQ3BaV2dqTW92dUJvNmJDYmFTZkhBZEZndnJGb3c2TlhhUW1EQ1g3Q19oWTVXaDY0WmwyN2wydnVDdmt6RGRZU2JrS3oxQjlSVWd0SFHSAeMBQVVfeXFMUGdmcldma2ppem92US1HRG5VQTNqQzdkSndLZkRMQmFLMWE4QjVmTTRYWnR4a1JzSlBIQjdHTDA1NFUzVU9YNWJPeWxvUmt5MmNYaGdkMTJLMmh3MEhOdjFBRm9HMFFtMWpOTXVud0lma1VBVFhnal84elBEbk9tQmxOUURBTkw0NFY5d0dad3dESzdCZFJqR2RGM2ZJeXRfZi1tNS1Ib0xyLUZSZkZpdUxUU00yN25nSUJZOUZoYWkyRm5ka3h4UG14TWstb3BVNktRQm1RNk1QVUNCT2xySFNOVTQ?oc=5,"$25 billion out, $5 billion back, and out again: Why FPIs can't make up their mind on India indiatoday.in","""(""mutual funds"" OR SIP OR AMFI OR FII OR FPI) (India OR equity OR market) when:1d"" - Google News"
2026-09-10T08:03:45+00:00,1,['AI / tech risk'],The Quantum Insider,IQM Plans Logical-Qubit System for Finland’s LUMI AI Factory - The Quantum Insider,https://news.google.com/rss/articles/CBMiowFBVV95cUxORUpZay1rOXZfSm85T3BkX21XR3ZGcHZIWFNZbndoU2VidXpheklCMW9LUndaWU8tTXVmc1ctTU9JVTVScnBtNVluQ25tekFuQjgtbHU1aERDbHBFREUxdjdxeXZ4eTZaRUVOblNMQ0pnM19tRDJoN2lBbm9ENklRdmVyOXAybUpyRkFNd1lUVWw2QlB5UllhV01hQk9JS25mRWtv?oc=5,IQM Plans Logical-Qubit System for Finland’s LUMI AI Factory The Quantum Insider,"""(AI OR ""artificial intelligence"" OR Nvidia OR semiconductor OR technology) (selloff OR ""market fall"" OR ""stocks fall"" OR correction) when:1d"" - Google News"
2026-09-10T07:57:43+00:00,1,['market selling'],Reuters,Asian stocks draw foreign buyers after nine-month selloff - Reuters,https://news.google.com/rss/articles/CBMisgFBVV95cUxQU1hZbFVuWGRHNnBQVFpNc002T0NsUTZVYU42Z1drNXdMMGpVRnVmS25PVFVNczVYa2t6bHdPbVl6bEh3NHctWmJ1cXN6SnBrWWpDSExFbnA4ZldyS0JmOGFBNEZQZG13T0pYQnZrcFpfUW5yeFh1X0h1WDI2aVBtRFNZM0hmLVItSW80WXFkU2wyY1J6NnpiTXQ5ZngxWktoVThqOTVFamp5RjU0YV9mTE5n?oc=5,Asian stocks draw foreign buyers after nine-month selloff Reuters,"""(AI OR ""artificial intelligence"" OR Nvidia OR semiconductor OR technology) (selloff OR ""market fall"" OR ""stocks fall"" OR correction) when:1d"" - Google News"
2026-09-10T07:09:34+00:00,1,['AI / tech risk'],StreetInsider,LUMI AI Factory Selects IQM's Staged Path to Europe's First Superconducting Quantum Computer With Logical Qubits - StreetInsider,https://news.google.com/rss/articles/CBMi_AFBVV95cUxNU1ltNm92XzB5cHpCYkhHR19iLXFFdExQYjQ4Z0U0Y3RqVWNqM0hVSE1sVVFKTWE0TWtmNDRiUWlBenBDMXBJbVpxM1FZOHBKbkRMYkc1d3lZZTRHM3cxREp0eTFMb21WbGFZZ3RpbXRSTjc5OTRJbWZTbF8zbXdCeFdjUFpUeFRlOUxva3Fpdjk2Yl9uS2l4RkF3QWJ3WUlEU2RGM0ZTTTlsd1FZajdUbG1EUm1wSGRUdWtNbXkta2VnRjJnYzBDc3RRRlJGbTUyMkQwWEw2UUUtWVFJU2JpTV9SZC04STBoakxOY2owSXVNS0ZuMFJ4WmVqMjc?oc=5,LUMI AI Factory Selects IQM's Staged Path to Europe's First Superconducting Quantum Computer With Logical Qubits StreetInsider,"""(AI OR ""artificial intelligence"" OR Nvidia OR semiconductor OR technology) (selloff OR ""market fall"" OR ""stocks fall"" OR correction) when:1d"" - Google News"
2026-09-10T07:07:25+00:00,1,['market selling'],indiatoday.in,"Shashi Tharoor shares '80s pic with sons, makes a correction after 12 years - indiatoday.in",https://news.google.com/rss/articles/CBMi1AFBVV95cUxPbmRkelYzaVlEUnFUWWROLWdmem81SDV2NHd4M0l0akdvUFBEb0xPelgwVzJOOGROTEc3dkc4VHpBOVpCQmNNM2otbk5DUTVsMXZuT3ZDWXhDY0xUaTdyWFF6cnNtU2Z4Z0Z3d05DZzdlZkgtZXRPYng3MHkzTndDZkY0eWZnVERaVGhGQWFLUXNtOUFWZGZXOGFZWXQ1cnBrLXVkQkdqUDE4eTVIb2dNWTdtZ2JIVl8wcGhIbHo4NnF6MVZCN0xxdGFRMG8wX2tWUVRrONIB2gFBVV95cUxNaUtweUx4cTJVSV9ydzVmVWxScXlTQXhJaXdlM1g2M3A5QXdXSUdhaHRZRW9NS1E2dWE4dGFnRDFuWFh5Z2lTRHp0OExwTTVYaVVGYjBFMXliSDVlYXN2QlpPanVBOEpGVGdVUWdmOE43Z0lQMS1FTFVLZU9yTi1JTUpFbG9mN08tZWtwVzBpWFQ5VVRnblBWWFgtNGNrV1BMbUU1VEdLOW5DS2tsbnJyZXBxU3dBMUQ0UXNHQU1ZQjFUYlBRMmo5M3cyOERHSVlvaTYwZFJhOTZ6QQ?oc=5,"Shashi Tharoor shares '80s pic with sons, makes a correction after 12 years indiatoday.in","""(AI OR ""artificial intelligence"" OR Nvidia OR semiconductor OR technology) (selloff OR ""market fall"" OR ""stocks fall"" OR correction) when:1d"" - Google News"
2026-09-10T06:58:55+00:00,1,['India market'],Moneycontrol.com,India links exporters with US buyers in $500 billion trade push - Moneycontrol.com,https://news.google.com/rss/articles/CBMivAFBVV95cUxQNG15RnRraDd6anpITnZPN0RISnphOV9UZkRmWkoxWmhKdlNabC1ZdTFPVzB4MEZIN19uZS1oQTFVYUdWTkRyclpNRzY5SFNlMTRoMW1wU1FKUlBlN0YyS1hSYlZkeExyZVRBdmpKNTh4cXZhMUVjeHROQnFwelhZbDZEa21oYUlMWU9hZHh1VG53eDYxT2w3bDBGTjd5OWZjdEJNbHhMRlZ3Z052RnJFMzd0NDh5VXB4RmZlQtIBvAFBVV95cUxQNG15RnRraDd6anpITnZPN0RISnphOV9UZkRmWkoxWmhKdlNabC1ZdTFPVzB4MEZIN19uZS1oQTFVYUdWTkRyclpNRzY5SFNlMTRoMW1wU1FKUlBlN0YyS1hSYlZkeExyZVRBdmpKNTh4cXZhMUVjeHROQnFwelhZbDZEa21oYUlMWU9hZHh1VG53eDYxT2w3bDBGTjd5OWZjdEJNbHhMRlZ3Z052RnJFMzd0NDh5VXB4RmZlQg?oc=5,India links exporters with US buyers in $500 billion trade push Moneycontrol.com,"""(""mutual funds"" OR SIP OR AMFI OR FII OR FPI) (India OR equity OR market) when:1d"" - Google News"
2026-09-10T06:39:41+00:00,1,['India market'],economictimes.com,"Parag Parikh Flexi Cap Fund increase stake in HDFC Bank, Coal India, and 8 others in August - economictimes.com",https://news.google.com/rss/articles/CBMi6wFBVV95cUxNRXMtOExCb2JsV095Q0VqUVFkbndobDBUUFcyOGFuZ3RMNEFrTXIyNUdGSFJFMURYVERWSjJacG9SNEgxWHpaVlF3MlFzRE0tZU1LdXp0a2tnNmVENjBsa3g2eHYwVmJpVE1qTm1VOXFUU0VyM1lHQXE1NHFOOEtGWjZaN0duc1lVbUNjMDgxNDNxTkh6U3FpTjFrZkdoZTM0Z0ppRXVRb3RUbWdKRHJnb203SjkzQjE1aVQ4ODg0SmpoZFlSNFBmMTRVblBETC1GaThyUkY4Y01PNUxCRXNhUlg5VXhqNkdZcGdZ0gHwAUFVX3lxTE9Sd3BmRlU0TUFTcW1wMlBVb3hPd2FHeHJpR2R5Z2o0aGttYjVDekk5ZlM5ZnR1NzR3YTlSWDVhQmltVFBJVXdxUHoxVnBYMkVMNFM2dV9oOEI2b2tpVXpRTVcweDhKN2ZFOXJuQ3JGR3JvYWpUa1hXSFh3VjRrSm1iRFFVbENlTDRBbkZzTHlCcVlHRUg2U2RqY1M5MzB5dHl2YjdKbFRLajBzdklPbkNLaXlPSVlaWEY5N1pMMzFlZ1ZHMFJzYm5tZGlxbzExZ05NVUdaZGVxaDFXNHNQMDBoaG5xOXJTT0VGX2d3X3JsZA?oc=5,"Parag Parikh Flexi Cap Fund increase stake in HDFC Bank, Coal India, and 8 others in August economictimes.com","""(""broader market"" OR midcap OR smallcap) (selling OR correction OR fall OR volatility) India when:1d"" - Google News"
2026-09-10T06:38:00+00:00,1,['market selling'],economictimes.com,Global Market: South Korean stocks fall over 1% as Middle East tensions weigh on risk sentiment - economictimes.com,https://news.google.com/rss/articles/CBMihAJBVV95cUxQeVZ1TVdRLTZGVFUwUVNDUWlFTm9SN1V0el80VTdqOG03S0pwNjFIR1BER2R3Q3gxVGJxcnE2d1NEYjJlZUVBTFBqaXpQaC1pSnI4MUp2SG1NZGo5b0xwSTRDSkJmS2pENUNJMDhmV25Sd1Fkem1HdVZWaVE1RXdrMW40bXpxOXpnMHBxVklXbEdnQXpvc055dVB5S0RXQTE4WFJad1RGcFZKaURLVVhpNlE0Qmw0V0JVbXFOZFJseUU5eVBYMFluOXR3VkZxbWhOTWF1c012dXhwNEV1eTRrSlJvWnN0a3RHVGRfdThWWXBfaHdaUmdpZmw2RGtfLW11clVjZ9IBhAJBVV95cUxQeVZ1TVdRLTZGVFUwUVNDUWlFTm9SN1V0el80VTdqOG03S0pwNjFIR1BER2R3Q3gxVGJxcnE2d1NEYjJlZUVBTFBqaXpQaC1pSnI4MUp2SG1NZGo5b0xwSTRDSkJmS2pENUNJMDhmV25Sd1Fkem1HdVZWaVE1RXdrMW40bXpxOXpnMHBxVklXbEdnQXpvc055dVB5S0RXQTE4WFJad1RGcFZKaURLVVhpNlE0Qmw0V0JVbXFOZFJseUU5eVBYMFluOXR3VkZxbWhOTWF1c012dXhwNEV1eTRrSlJvWnN0a3RHVGRfdThWWXBfaHdaUmdpZmw2RGtfLW11clVjZw?oc=5,Global Market: South Korean stocks fall over 1% as Middle East tensions weigh on risk sentiment economictimes.com,"""(AI OR ""artificial intelligence"" OR Nvidia OR semiconductor OR technology) (selloff OR ""market fall"" OR ""stocks fall"" OR correction) when:1d"" - Google News"
2026-09-10T06:36:26+00:00,1,['market selling'],Free Press Journal,CTET September 2026 Correction Window Ends Today At ctet.nic.in; Check Steps To Edit Application Form Here - Free Press Journal,https://news.google.com/rss/articles/CBMi3gFBVV95cUxPbWI5WTcxMlg4TlQteVpTZFBrbHdsRkI0TlpvMGFDY1U1RHBGZHd3RmYtY0ZDZmhMaUtIemlJVmw0UWRMdDZ2OWdUY1VnRmJ5RV82ZGNZVmVYNV95SzhoQkhNU3RscmM1VEF4c1AyQUZQRmE2Nmc3Q3JvMnZqdWE3U1loT19UdUpyLUhuenVUaE5TYjhfcElmWkFmM1FVTDhXdzI3UWdIbVQzQy1mY3AyQjNCTGppYzBSbzF3SEVFM0VheEFZbHVxY2xMQlVYcjNFYjROWXlud2tGbWpVRHfSAeMBQVVfeXFMUEFiNl9MNW95ZFlZQ3p1OGJQMGUwUGQzd3FaZjFFRDI1U0Q2blhwS2oxNzNqZTRwaXBmR3JzS0ZlblZpcEpVUFlzcVAzT1FPVTVYdXQwTEZHTHJLdDZlRXlnV3N4dXBoSmZ6SnA3TGxlNW9mRTZ2Yzg4bTJwVTJrb0pVbHpZcmt1cUh5LUFEMHBaYnYteWFzdjVPbUxjTm03YmlOLWJhazZSc0FvNUR4eGYxWWg3Tzhuam1PNEVuX3YxcWI1S2hFaXlWQ0Y0ekszQzIwempIMkNGLVgzeExLTkkxWm8?oc=5,CTET September 2026 Correction Window Ends Today At ctet.nic.in; Check Steps To Edit Application Form Here Free Press Journal,"""(AI OR ""artificial intelligence"" OR Nvidia OR semiconductor OR technology) (selloff OR ""market fall"" OR ""stocks fall"" OR correction) when:1d"" - Google News"
2026-09-10T06:20:01+00:00,1,['India market'],Business Standard,"Nifty above 23,400 level; metal shares under pressure - Business Standard",https://news.google.com/rss/articles/CBMizwFBVV95cUxQczFuQnpkd1B0UExkTVBqYjJGRjk1WkdRbTJSbXh4ZDFySmlocjZxNmpXdUt2WnpwM0lFSnN0SW04cUJFdFBxNkNvZFd3Sng0ZjRfMUVhYlJwNVhfbVpFU0o0eGdKRnlmRjMyMDJZRWJlNGZSRGdkSGFhS3NaR1otcF8zM09fYjFVTDlSSW5YaWduNTFMeHNnWGVVRE5MVUhKYnZhOWlsdkkzNE5wLWpHT1dMUklPM0JxVzYxakkwMDMtZXUzYmRyMUo3MGlWdFnSAdQBQVVfeXFMTWc4ME5uVlJfX1dGRGVLNkFXNDNhRTJZZHZNNzlTSjZLWGRabDVtN3I4bjF3YlpCanhzREt0cWxmUkE3WTRITmRsQW1DbmJVVkZzUkdmYV9JaXYyV2tEenRhQl9NUTFNV0hNemRYd2t3aEpCRUhyOUFNNTBBbFVZQ3VsWXZ4a0NHbU81UXBLeXhfT2F6WTZxWG5vYXJHU21aSkRqVTBBUFhQSkVUaXJaQS1FWjB5Q3drMl8tRjNVZWNIQmZ5bGttMnpQUGszWkF4LW1yUzQ?oc=5,"Nifty above 23,400 level; metal shares under pressure Business Standard","""(Nifty OR Sensex OR ""Indian shares"" OR midcap OR smallcap) (falls OR selloff OR correction OR ""risk off"") when:1d"" - Google News"
2026-09-10T06:15:21+00:00,1,['India market'],economictimes.com,"Invesco India Ultra Short Term Fund Regular-IDCW Yearly (₹ 1,159.57) - NAV, Reviews & asset allocation - economictimes.com",https://news.google.com/rss/articles/CBMiqwFBVV95cUxOWnUyMVdrakRsdWRVTEI4dlY1NUZJR1c2dFRwSDFkZUdiWWdkWFVuYVRwVWNFMG1qSTZncGVaZEN3eUlZQnNkUlRVbmJ2UG5oMG11OHo1NnNKdDljUnZHNzBlSnNLdV9LZG1VWnNiS3dyaXA4VUUyRFBMampZLVZUeWlFUGljR09zMnJUY2xLQ2hUcUFKdDRIRVBlWjVPOWpMcjA5Skw1cHpCRUU?oc=5,"Invesco India Ultra Short Term Fund Regular-IDCW Yearly (₹ 1,159.57) - NAV, Reviews & asset allocation economictimes.com","""(""mutual funds"" OR SIP OR AMFI OR FII OR FPI) (India OR equity OR market) when:1d"" - Google News"
2026-09-10T06:07:09+00:00,1,['India market'],economictimes.com,"Invesco India Medium Term Fund Direct-Growth (₹ 1,362.62) - NAV, Reviews & asset allocation - economictimes.com",https://news.google.com/rss/articles/CBMiowFBVV95cUxNZGJyblMwZEJnY2RtYzkzcDM0QzZva1JmREZZSUFOWUtWSGhPbFFkb0JQSXhwak1oQTVLV2V4aHV1WnBFbEV3cGJ5ZzBXQWpIaGtETV9oaGlJVXBjVVdaV2t5Z1l1RFRrX1Y3ZXFLSmFuRTBUVmFsbGQ5VFVDSHE0NFVBY0VTMXdnTnlTek8xNVRadDdacWtfUUZoa1dUX1c5UW4w?oc=5,"Invesco India Medium Term Fund Direct-Growth (₹ 1,362.62) - NAV, Reviews & asset allocation economictimes.com","""(""mutual funds"" OR SIP OR AMFI OR FII OR FPI) (India OR equity OR market) when:1d"" - Google News"
2026-09-10T05:39:03+00:00,1,['India market'],economictimes.com,"Invesco India Large Cap Fund Direct-IDCW (₹ 35.38) - NAV, Reviews & asset allocation - economictimes.com",https://news.google.com/rss/articles/CBMioAFBVV95cUxNYjhIdFFsR2Uwc0JyQXZ1TTNVSUdoSmxEWFMydkdWcTZHYlpqVU9XVkNNcHdRRHFnTFV0Q1pJVTlQM0RRTjI5UDUtSFFidmNzR2pxQ2tRbkhFNVdSUWFuMGd2Q1pVdGk4dDVNeFMwWjM5VU1lWlBIbWl4eUxic2RYczJTWVhrZVkydUV4Mm1VX2hqT1AzakduUHlIR2JFOHFU?oc=5,"Invesco India Large Cap Fund Direct-IDCW (₹ 35.38) - NAV, Reviews & asset allocation economictimes.com","""(""mutual funds"" OR SIP OR AMFI OR FII OR FPI) (India OR equity OR market) when:1d"" - Google News"
2026-09-10T05:22:00+00:00,1,['market selling'],Business Standard,"Vessel traffic through Strait of Hormuz falls to 7, below 10-day average - Business Standard",https://news.google.com/rss/articles/CBMi0gFBVV95cUxPWUVHMXVJZjBnLVhwVkdyYjRscjN3Wk5yVlgwLUx5ZXE1OXpfbnpZSjc2a3lvR3MxNDJFWlMzT0tiT2ZONmVFMWxaLW1nQWtLdFdDLUtqcDNwbFFKY0hXUDF6ZjRzMm9Cd204aEJkcTBkOHBjQ0taMnFKZEZPYkxFSkk0c29nSURMXzdBWXNuWUpCbXRHZ2FpdEFTdkNyLVAxSk41Ul9xNjU5YzFOLUhONVc1X3lsekkybGtDYXpjZzBWems2U052YVRLX1FNQlEzQlHSAdcBQVVfeXFMTkprOWctbXI3MWttZko2RzVuODg4TDkta0V5MUUyNTYzTzF2eUZkY1VGakZPVjY2YnM0RFJWWVF1cEUyZi14ejNRMXlpVTB5Umg5LVNJclZIeUpoUDI1VmVHYVVJejVab3lUWGQxODlwSE05QjRhUUdxTW04UjJwcUNhcjBGcTN2YzBYbHVGMDhkSmZnMzYwenNWUVNiU3ZqNjlOdW1DVG1qV0pKY0JxNHp2bks1MEF0OUo1VnFFNS1vT1lnMzNIb2g5NV9qZ0p4QThHMlE1NVE?oc=5,"Vessel traffic through Strait of Hormuz falls to 7, below 10-day average Business Standard","""(Nifty OR Sensex OR ""Indian shares"" OR midcap OR smallcap) (falls OR selloff OR correction OR ""risk off"") when:1d"" - Google News"
2026-09-10T04:56:15+00:00,1,['India market'],economictimes.com,Axis Nifty Capital Markets Index Fund - Regular Plan Portfolio - economictimes.com,https://news.google.com/rss/articles/CBMiqwFBVV95cUxOdGtRNUZ2SWl5RFRLeENHdFZMdVhxTlpFQTdqcDlqYVlHcFIzQ1NwOTVGbmtpbEoxclFOQURuWGxEczU0cGdsSXRMTXBhLTdRdVVSaXl6ZThqdklfUzNrMC1CcUhPTTRzeGp4dzVyRTB6Q0J2bGhzekg1Y0VRVmhIMFdhOEYyRGdheFp4c2NIdXppNy1wR0tYYmZLLTFWOElQR0lxaTROUGc4bm8?oc=5,Axis Nifty Capital Markets Index Fund - Regular Plan Portfolio economictimes.com,"""(""mutual funds"" OR SIP OR AMFI OR FII OR FPI) (India OR equity OR market) when:1d"" - Google News"
2026-09-10T04:38:45+00:00,1,['India market'],economictimes.com,Franklin India Government Securities Long-term Plan Regular-Bonus Monthly - economictimes.com,https://news.google.com/rss/articles/CBMimwFBVV95cUxQYzdnRnB0Z2s0RGtiTDhBYXZWb2Q3VUtJS21EVldneFlLMVlnSFhlNDNtclB2RGNfMTZMWHZsM0RPMmRuQnU3OEtSTnhPVkxORTBPQzVxXzVXWjJDN3ZaQXN0eDhVNG9BRUtCWHY2MzFwZHo5amZTdEZyYkpNTGlPMnh6OVBfMFl4anBzUDVrQkJ4dU5xalZaMU01SQ?oc=5,Franklin India Government Securities Long-term Plan Regular-Bonus Monthly economictimes.com,"""(""mutual funds"" OR SIP OR AMFI OR FII OR FPI) (India OR equity OR market) when:1d"" - Google News"
2026-09-10T04:27:55+00:00,1,['India market'],economictimes.com,PGIM India Ultra Short Term Fund - Direct Plan Fund info - economictimes.com,https://news.google.com/rss/articles/CBMipAFBVV95cUxQcDhEVHZxUzNzRXh2N3BXRmY3MWd3MlhkWFFBUTk0NzhpR2NfQldqSlZ3R1ZnS3d5amFBSU41d0lfM0lFcXJRYjZ5bXMyWnNlXzZCLXFJeG15Ul8xSnVGN3doUnlHZnllS0NtR2tXbWZjbmlicXBVOXM4allxNkt4MmVfa1c2X2gtX1pJSWgtN1A3Ry1LcUtFS21FcERWNUZZZUNUVQ?oc=5,PGIM India Ultra Short Term Fund - Direct Plan Fund info economictimes.com,"""(""mutual funds"" OR SIP OR AMFI OR FII OR FPI) (India OR equity OR market) when:1d"" - Google News"
2026-09-10T04:09:13+00:00,1,['India market'],economictimes.com,"Invesco India Ultra Short to Short Term Retail Plan-IDCW Daily (₹ 1,786.04) - NAV, Reviews & asset allocation - economictimes.com",https://news.google.com/rss/articles/CBMitAFBVV95cUxNajRMUGpVbVFpUy1MTHFxcVpYUm9DbWtJVnF6N19HSTZJSnppd1BVU3hHX2MxMFJhYkJiN0dXZUE4TkJMVXNCZlZ6bmdhR2ZQb1JuTGU2Rk4tanY4WDVYWmV1WFh2Tm5nMFYtNTZUUHBfWjJLQXpSZ0VCeG9sN0lZckpBSXZ1em9hNkpMeTlqc2JTaHR1TDc0RTJ3bVBqczloQXdSUHBGb2c3YjI3MFA2UDA3ay0?oc=5,"Invesco India Ultra Short to Short Term Retail Plan-IDCW Daily (₹ 1,786.04) - NAV, Reviews & asset allocation economictimes.com","""(""mutual funds"" OR SIP OR AMFI OR FII OR FPI) (India OR equity OR market) when:1d"" - Google News"
2026-09-10T03:39:53+00:00,1,['India market'],economictimes.com,PGIM India Dynamic Term Fund-Growth - economictimes.com,https://news.google.com/rss/articles/CBMikgFBVV95cUxQalZoZVpMMmxiNWR2ai1PdnBXc1ZvcTN4MFJGWkVfblB1R3JKbjFycHJPeWt4R0c2bUxobWRoUkJoM2JTN2dsLWZUZFlWc0w1VWhUbVBfWXN6bWpXWXctaEVkUkh0TUt4T2lmdTdfMzdhU3o2MW5FV1l6RTlvMU1jT0NRc25sU0huNjFRZjg2TGNxZw?oc=5,PGIM India Dynamic Term Fund-Growth economictimes.com,"""(""mutual funds"" OR SIP OR AMFI OR FII OR FPI) (India OR equity OR market) when:1d"" - Google News"
2026-09-10T03:26:15+00:00,1,['India market'],economictimes.com,Invesco India Ultra Short to Short Term Fund Regular-Bonus - economictimes.com,https://news.google.com/rss/articles/CBMitgFBVV95cUxOeVFvQm81NGltQzVVaHZfUUFSN1RUbzdQQ092U0cyWkh1LWpVcF9BWm41NUVlSVdqQXdXWUx3X0tTbEVPV0doMmJaNGpJSHFkckp4QVBtOWVYU3g3YU82R2dmNXk4S28zOVM5ZU9Lb18yZGIwakxkYzJXcDNTNE5PaGxiVExxbVJTbUtvcU92cHNBcFRGbklxSjNrYURON1hNaUg2ZllrQ3dGZkJsZUNlMEttdnBOQQ?oc=5,Invesco India Ultra Short to Short Term Fund Regular-Bonus economictimes.com,"""(""mutual funds"" OR SIP OR AMFI OR FII OR FPI) (India OR equity OR market) when:1d"" - Google News"
2026-09-10T02:25:13+00:00,1,['India market'],Business Standard,"Nifty could edge lower to 23,300; HAL among 3 stock ideas: Ajit Mishra - Business Standard",https://news.google.com/rss/articles/CBMi4wFBVV95cUxQckhYS1pTRHR3Qmhjb2U5eUc5YXM5Z29pV2FnNkZuQWZTQ0pmRXpTTXdTUTIwdEdxcXVMRDJ2N0tUVk9YamFvR0JSYnpUeEhPZEZfUmw2ejMtai1YeWZOMFBFT2dUaV9mVkNCMnVhQmFTZGJxMWtCMFo4cUtmd2xnNUFQMTZnbVlsVTF3LXF3bEhfZ3A5U2xrX0Uxa05GZnVqREZYejFOU1otT2x6YndDTHdkZ0FaaWZfRnhDZGFiVnZZUlZJN0xiV2VGM1U2bGNENFUycVFqVXdTVjM1UW1oZlRRY9IB6AFBVV95cUxNSGpzLUlVWWhmeEtwTHB1b2VMbWQ3MUw0WEZJeGllazRTN2VjRFpxek9WenBTVVBPcTNYNlEzNEk3UFdOamhTeVZ4Rm5zRnVRUXhKQ1NraE5yVzhIU2s2SGlzSUV4Y0J6aVoyRXZUR00zcHg0dlRVa2hKRVhmaG4xVEpDOVFvTEk1MXFFU3FOSC10OWM3WnJDdzN1b2xLQnJldXd6bzlGMy1nMEhDb1B0OFdSN3JBNXVuLVFma25nYmtZLUZDc3NKbW9XZExfQ0VoUFlPOFc4VmRrRVcxdUpTcEEtWWtCLUZ6?oc=5,"Nifty could edge lower to 23,300; HAL among 3 stock ideas: Ajit Mishra Business Standard","""(Nifty OR Sensex OR ""Indian shares"" OR midcap OR smallcap) (falls OR selloff OR correction OR ""risk off"") when:1d"" - Google News"
2026-09-10T02:21:45+00:00,1,['India market'],economictimes.com,PGIM India Ultra Short Term Fund - Direct Plan Fund info - economictimes.com,https://news.google.com/rss/articles/CBMipwFBVV95cUxQVDQ0VjNvT2t6YnhXaVNwbVZ1akVZS1F3R1M2U2dYeVlYRGQ5cTVNa0NmY0IyTEZRTXdFVHI0VmV1akdNSjR3eFJ6ZEUxVklBQTdXc1JaNVBwOTluQ2N2eUV3LUxONGdvNXpEZGlGWkxwR1lVWWFfVVZNdmQ0Ri1wTVY1bU93bzI1cnNZZy1Eb1FSRVViVi1hRUlLQWxyQ3lkSDZfanNqRQ?oc=5,PGIM India Ultra Short Term Fund - Direct Plan Fund info economictimes.com,"""(""mutual funds"" OR SIP OR AMFI OR FII OR FPI) (India OR equity OR market) when:1d"" - Google News"
2026-09-10T02:18:07+00:00,1,['India market'],economictimes.com,Invesco India Banking and PSU Debt Fund Direct-Bonus - economictimes.com,https://news.google.com/rss/articles/CBMirwFBVV95cUxOLW5MSnJtWkhIa19ZNk1iMEJndkVhaTlIZHBDelRzYmNzQ2pFcmtLODJvX0xoZUx6LWpBMXZZWWlIMWJjSV9lNU5wTW9fNFcwbHdzcm13UklqeUQ4MkNPQXpCN3d4RG5hb1BnSnNmTlMyX1ItVDdTU0pxRFZKQTdMVHg4MFFJSW9zdVZFNVdFdXo0dVE1djJUMmhvRi05UUFDUElndHdGZ0lwOTMtdzI4?oc=5,Invesco India Banking and PSU Debt Fund Direct-Bonus economictimes.com,"""(""mutual funds"" OR SIP OR AMFI OR FII OR FPI) (India OR equity OR market) when:1d"" - Google News"
2026-09-10T02:17:23+00:00,1,['India market'],economictimes.com,"Nippon India Floating Interest Rates Fund-IDCW Weekly (₹ 10.26) - NAV, Reviews & asset allocation - economictimes.com",https://news.google.com/rss/articles/CBMioAFBVV95cUxPSHRBOTdMb1dBa3RPSHo5UG1kWEw1bHZES0piNmhMMl9KUEU3RTM0bkE2NDAzaFVYQUpXZnB6UDZoR0tYT1V3cnA1azJFY28wVEx3eVBaaVR1NUEtcjUtYlRkZExEUUVnWU9laXN2Q1ZaR3A2SFhQUVRjUVR4LUllYXZHa3RWTjY0OWVIX3RFMHpMVHN4VlJJX2FvQkJ5bmN2?oc=5,"Nippon India Floating Interest Rates Fund-IDCW Weekly (₹ 10.26) - NAV, Reviews & asset allocation economictimes.com","""(""mutual funds"" OR SIP OR AMFI OR FII OR FPI) (India OR equity OR market) when:1d"" - Google News"
2026-09-10T02:09:00+00:00,1,['market selling'],TradingView,Hong Kong Stocks Fall to Six-Week Low - TradingView,https://news.google.com/rss/articles/CBMikgFBVV95cUxOaDIzbDEzMjJ2dEFBUWlTU3pGd042NHFnT1hKZ0pKVlVNVG5reXJrT1NaWU1ZVjJnOEJKSVgyelJmMm9lTVJwVVNaT2Y0Q2xhdVJrWWt1ZW9fbGJ2MEx1RnVmVUtrQ0J2c1NwZ2dyVi1iZDVlS0U2UFlyRjV3Yk1fOW5HY0UyT183NVVYUGh4bUJtQQ?oc=5,Hong Kong Stocks Fall to Six-Week Low TradingView,"""(AI OR ""artificial intelligence"" OR Nvidia OR semiconductor OR technology) (selloff OR ""market fall"" OR ""stocks fall"" OR correction) when:1d"" - Google News"
2026-09-10T01:30:56+00:00,1,['market selling'],Bitget,"Bitget UEX Daily | US Stocks Fall for Third Session; Apple’s Foldable Starts at $1,999; Meta Rallies 6.55% (September 10, 2026) - Bitget",https://news.google.com/rss/articles/CBMiY0FVX3lxTFBTZ2o3bGdkelpNSEl2OElGT2lSZ1J4eHcwVEJkZjJQQUdURF9OcExNeC1sOUpvd25lSnR3LURldnF2czRiS2ktekxQWERxWEsyeXZtRGpqUmpsOWMxYlJPbXZ1b9IBY0FVX3lxTFBTZ2o3bGdkelpNSEl2OElGT2lSZ1J4eHcwVEJkZjJQQUdURF9OcExNeC1sOUpvd25lSnR3LURldnF2czRiS2ktekxQWERxWEsyeXZtRGpqUmpsOWMxYlJPbXZ1bw?oc=5,"Bitget UEX Daily | US Stocks Fall for Third Session; Apple’s Foldable Starts at $1,999; Meta Rallies 6.55% (September 10, 2026) Bitget","""(AI OR ""artificial intelligence"" OR Nvidia OR semiconductor OR technology) (selloff OR ""market fall"" OR ""stocks fall"" OR correction) when:1d"" - Google News"
2026-09-10T01:12:51+00:00,1,['India market'],economictimes.com,Invesco India Ultra Short to Short Term Fund - Regular Plan Fund info - economictimes.com,https://news.google.com/rss/articles/CBMitwFBVV95cUxNZU1ZSjJ3S1hPYlBhYUZxWFJUVzFkZXpPZE1HUGl6dFhFZ05DdzFHUGFGcVI5dDc0a05aWHF3LUZSZWVQTTAxaldaU2hJVEhlSm56czJVQV9JSl9EQkJSakQ0SkI3blFURUNnV1I5N0lmWlpqWTRIbXVQNFdPQm5TVjNib3VjYjVYeHg1eUF0QkNpSmU2OThnT3Q0c1hHSl8wNldNM3NKTGhGRk4tTzlJYThtZVNCRW8?oc=5,Invesco India Ultra Short to Short Term Fund - Regular Plan Fund info economictimes.com,"""(""mutual funds"" OR SIP OR AMFI OR FII OR FPI) (India OR equity OR market) when:1d"" - Google News"
2026-09-10T00:23:00+00:00,1,['India market'],economictimes.com,Nifty IT index plunges nearly 5% on US rate hike worries - economictimes.com,https://news.google.com/rss/articles/CBMizgFBVV95cUxNYmtpUFRxNWRZLU90VV9CSm0yS3Z5SG9JTVQwUndrNkFsZ3A5bE5XWTRUbGNpMnhyYk1TTGZ1NklTYXFBT0kxLVBhMXItN1NvX2xYbEM1Q1hmZTc3VXhrd1ZzaG02dWE4UHVlcDlmcUJwdXYtSkxTN1kyVnRnTjNaaVlOWWM3NFZwVjNDTGY0dExsbElGWndfRmlLZHFBZWE3bzhwNHRWTThtaU5Kb2RKc0lmSlJTZHgtQVJDVm9mc2dOU0ZNWVBVYW91eTZ4d9IBzgFBVV95cUxNYmtpUFRxNWRZLU90VV9CSm0yS3Z5SG9JTVQwUndrNkFsZ3A5bE5XWTRUbGNpMnhyYk1TTGZ1NklTYXFBT0kxLVBhMXItN1NvX2xYbEM1Q1hmZTc3VXhrd1ZzaG02dWE4UHVlcDlmcUJwdXYtSkxTN1kyVnRnTjNaaVlOWWM3NFZwVjNDTGY0dExsbElGWndfRmlLZHFBZWE3bzhwNHRWTThtaU5Kb2RKc0lmSlJTZHgtQVJDVm9mc2dOU0ZNWVBVYW91eTZ4dw?oc=5,Nifty IT index plunges nearly 5% on US rate hike worries economictimes.com,"""(Nifty OR Sensex OR ""Indian shares"" OR midcap OR smallcap) (falls OR selloff OR correction OR ""risk off"") when:1d"" - Google News"
2026-09-10T00:14:17+00:00,1,['India market'],economictimes.com,Bank of India Ultra Short Term Fund - Institutional Plan Fund info - economictimes.com,https://news.google.com/rss/articles/CBMiswFBVV95cUxOWTg1d00yQ3RDeEdYa0E0VXhfaTJZbG5PWGVfSmQ4R2VOUzBJcUJiZmgxc3BfVFBHdTU3RlVHcHR6SndBZ29pZ2lJUks3OWdBMTF2b3ZUMzgzWGs5WV9mNTJyNE8xNXd4aG1wRDNINjI3WEs2Q01qcXRFWkdJNmlBaHdxSmdzajNnNjVGSHczOVAtZXZ6TTY3NnFNd25Jc25uczJSVEI2ZkFPX2pQU3lrcktBOA?oc=5,Bank of India Ultra Short Term Fund - Institutional Plan Fund info economictimes.com,"""(""mutual funds"" OR SIP OR AMFI OR FII OR FPI) (India OR equity OR market) when:1d"" - Google News"
2026-09-09T23:08:41+00:00,1,['India market'],economictimes.com,PGIM India Ultra Short Term Fund - Premium Plus Plan Returns - economictimes.com,https://news.google.com/rss/articles/CBMiqwFBVV95cUxQd3E0aTh4S1k5bDhDbXhBYkJSQXJacXkzUk9iTm9OZFFSTmNGaDZ1WWYySHRmRHdzR3hkY0F2ZlMtUFlWR1I3bTlyeDI1ZUY2X3llVC1JbldZR2hNT1FBcHVJdWx3empyTlRyUF92RURnS1hyVG9WbVZwNjBHRUc2WDdfUi1fNVV0RVFacFYzYk5WcmdMem1vMWFIYnkzRHNhXzJDVHFoZUZrM0k?oc=5,PGIM India Ultra Short Term Fund - Premium Plus Plan Returns economictimes.com,"""(""mutual funds"" OR SIP OR AMFI OR FII OR FPI) (India OR equity OR market) when:1d"" - Google News"
2026-09-09T23:07:14+00:00,1,['India market'],economictimes.com,Invesco India Banking and PSU Debt Fund Regular-Bonus - economictimes.com,https://news.google.com/rss/articles/CBMisAFBVV95cUxPVjFFMURRY1Z2NnlQVEs1bmNYQUVtRHZoME1OQWk0V25jYldwMHYyR1RsYTR0RFg4ekNvdDVwVDRIcDBucmRmRHMzUnJfN3MwQVlNY1JUdzFCa3loM2VFZHRZU3JobTVLLTQzNHphdEVrRWZXUHlsQkd5NjVpNnVGU1BuNXZMNlFBbFRuanE3X2hUN2ZtcDRrTGdLa3B0UVBnelVtT1dJc2dFYk1jVGxuNQ?oc=5,Invesco India Banking and PSU Debt Fund Regular-Bonus economictimes.com,"""(""broader market"" OR midcap OR smallcap) (selling OR correction OR fall OR volatility) India when:1d"" - Google News"
2026-09-09T22:51:54+00:00,1,['market selling'],Investment Executive,Global economy vulnerable to market correction - Investment Executive,https://news.google.com/rss/articles/CBMinAFBVV95cUxQOUhiS0NTVWN2SkNWWFBsckxMV3R3OFpkVjFZcDBUMWY1bnR1QTZublNMRGdCNW9BTGJzclJvRGItWEk1NmtxaG9FUUFCTDUwcGhUZGNfcHZ2Unh0U3k2NjZ6NFlUUHFKc1A3YVgxeWVpVjktM2Q2UTRfdS1GYzlmTXFVRzBZOGFKMmUtN2JkRDAzTWNtaUpOZEQxT0k?oc=5,Global economy vulnerable to market correction Investment Executive,"""(AI OR ""artificial intelligence"" OR Nvidia OR semiconductor OR technology) (selloff OR ""market fall"" OR ""stocks fall"" OR correction) when:1d"" - Google News"
2026-09-09T21:38:05+00:00,1,['India market'],economictimes.com,Invesco India Short Term Fund Regular-IDCW Weekly - economictimes.com,https://news.google.com/rss/articles/CBMioAFBVV95cUxPaXFzQ3BUNG0zTi1VOXlmajhPX1ZzYjRTOWZnOUN4bi1XdnQ3NWVaV2prV25BRkUxaFk0UXpwSE55NmNNeU1RNVdZQ3U0VG5qdERXM2ZxWjNwRUlGQXdnWnM1ejVURTR1VEtRdElVRjE1UUJLQmdBRXF3b0l0VGR5MlVXdUx1eS0wRGdSeHYwb0xCU1dYblR1c1FuZjNXbEdR?oc=5,Invesco India Short Term Fund Regular-IDCW Weekly economictimes.com,"""(""mutual funds"" OR SIP OR AMFI OR FII OR FPI) (India OR equity OR market) when:1d"" - Google News"
2026-09-09T21:30:42+00:00,1,['India market'],economictimes.com,Bank of India Ultra Short Term Fund Institutional-IDCW Daily - economictimes.com,https://news.google.com/rss/articles/CBMisgFBVV95cUxONG0zNTctZ05GUDFIM1hWS0N3enRhemFXVE1pdlJoSXZQMXM5NTBLV0gxUmhjQldnOUFjbWtOMFJFX3o0RTh1U2pkZ1RsRktGQmc2ZEZ1VzBXZHUyUkNQYlZ5ZlE5ak15amlWMmhJYURMWUQ0ZHFHaGJWVS1HVUNjdlNVTHlDYUJlTFdfOTkzejZoQWlFZDRoSEEyTVRvOUlyTXJhNC0tb18zUDV4WmhpZ3F3?oc=5,Bank of India Ultra Short Term Fund Institutional-IDCW Daily economictimes.com,"""(""mutual funds"" OR SIP OR AMFI OR FII OR FPI) (India OR equity OR market) when:1d"" - Google News"
2026-09-09T21:27:44+00:00,1,['India market'],economictimes.com,Invesco India Medium Term Fund - Regular Plan Fund info - economictimes.com,https://news.google.com/rss/articles/CBMipgFBVV95cUxOQkhOcjBpUkJpME9Leks0VjB5UVNmZGFSaDNCeTdNTjc2cmFlQ2cxV3hodHF5SHFrdlEtUHA2UTJWcldIaGVhajJuYmMycVV5Qm5DZTVLTm5EVkJLdUtIUkJNWGhRSG5EdW5VSzlDaHA0MnZBWWVkR0RTbnlEQXcxa0czM0Vrd29hdmFWOHo5UExCRTI0WUNFQlFOS2NmYXJfY0xpRWpR?oc=5,Invesco India Medium Term Fund - Regular Plan Fund info economictimes.com,"""(""mutual funds"" OR SIP OR AMFI OR FII OR FPI) (India OR equity OR market) when:1d"" - Google News"
2026-09-09T20:33:41+00:00,1,['market selling'],Fidelity Investments,Bond selloff: What has been causing it and what to know - Fidelity Investments,https://news.google.com/rss/articles/CBMiggFBVV95cUxPbWtQaVR4LUdVRTgxRV9vejN3NUEtYmFrVkFObndIUjFFY3RvQ0x3eENmcXYwbzAwb2JYRERKd3lIX1ItZ2Y5U2loLUtKZ1NMeVhmVFIwZ20ybXJXNnZCU2t6T1Z6YjJFV0RNYURfTmVNbGFEU01uTnBNWHVOdzdrN3Zn?oc=5,Bond selloff: What has been causing it and what to know Fidelity Investments,"""(AI OR ""artificial intelligence"" OR Nvidia OR semiconductor OR technology) (selloff OR ""market fall"" OR ""stocks fall"" OR correction) when:1d"" - Google News"
2026-09-09T20:33:41+00:00,1,['India market'],economictimes.com,Invesco India Small Cap Fund - Direct Plan Fund info - economictimes.com,https://news.google.com/rss/articles/CBMinwFBVV95cUxQa1pySmozZTFWMlVNZjJPS3dsMkpaNFc1bDA1S1Ezb0ZQZHpKNkhqYklrX2dGbTBUTVR5WTdlS0psaERDYnRFS1laSHp4OVA5enJHNlhfajBSbXhRMkVrcEowV0M5SWlCOXVzV2tCT3RHMF9YbE5lbTk1bnJEZHllQ3otVFVHcGI3YzR1ZlVyUHZubW00YUF0VkR1ZHFLWTA?oc=5,Invesco India Small Cap Fund - Direct Plan Fund info economictimes.com,"""(""mutual funds"" OR SIP OR AMFI OR FII OR FPI) (India OR equity OR market) when:1d"" - Google News"
2026-09-09T19:23:34+00:00,1,['India market'],economictimes.com,Bank of India Ultra Short Term Fund Regular-Bonus - economictimes.com,https://news.google.com/rss/articles/CBMiqwFBVV95cUxQSU5RcVdNYU5UYW42d21uaUJVY0JLMm5YT2pmWGdsckoxMHpEb09BQWVrRW9jbWVjLWp1ZFlNaU4tX3kzOXFEeDJST1U2RXhyQm9BM1dpUlZBZ2RGQkFBODRndzFzaHl3Undqb3JUWXpHNkYwNlBsbEJfVk9hTXgyTGtzazhZY09xa2dLeElMREh1Y2pINnJtRjhKSzVielZhWEJsbFdURWpuaGs?oc=5,Bank of India Ultra Short Term Fund Regular-Bonus economictimes.com,"""(""mutual funds"" OR SIP OR AMFI OR FII OR FPI) (India OR equity OR market) when:1d"" - Google News"
2026-09-09T18:14:55+00:00,1,['market selling'],CNBC,"Bond selloff, stock boom: Why rebalancing is a good strategy right now - CNBC",https://news.google.com/rss/articles/CBMiggFBVV95cUxNakxFSVVKX0JidnhsUXREbU9HeVpVT3RDclhuR3NfYWRZdG1zWlQzdGlYLVNsZGo1aTliQW53WnZIcTZmQ0l6WE5CNllHOThzeUVyT1JCdUdWLWRad3NFWEQwZXVQd0QyaUd0ZVlfR0pxdFBzdlBsQ1N0YkhadG1nTGd30gGCAUFVX3lxTE1qTEVJVUpfQmJ2eGxRdERtT0d5WlVPdENyWG5Hc19hZFl0bXNaVDN0aVgtU2xkajVpOWJBbndadkhxNmZDSXpYTkI2WUc5OHN5RXJPUkJ1R1YtZFp3c0VYRDBldVB3RDJpR3RlWV9HSnF0UHN2UGxDU3RiSFp0bWdMZ3c?oc=5,"Bond selloff, stock boom: Why rebalancing is a good strategy right now CNBC","""(AI OR ""artificial intelligence"" OR Nvidia OR semiconductor OR technology) (selloff OR ""market fall"" OR ""stocks fall"" OR correction) when:1d"" - Google News"
2026-09-09T18:03:00+00:00,1,['market selling'],SuaraGarut.ID,Treasury Secretary Bessent's Bond Buyback Sparks Market Selloff - SuaraGarut.ID,https://news.google.com/rss/articles/CBMiY0FVX3lxTE84OThPMExyRHYwdU8zQ0s4TkgwX09yWndWdENmLVBiRjhlWVNCUDl3UHdaaXI5X085azMwSFZUZEItaDNWV0RsZEZocW9iejlKSjdpcmxhSjlrbWMtUEh1RTBvaw?oc=5,Treasury Secretary Bessent's Bond Buyback Sparks Market Selloff SuaraGarut.ID,"""(AI OR ""artificial intelligence"" OR Nvidia OR semiconductor OR technology) (selloff OR ""market fall"" OR ""stocks fall"" OR correction) when:1d"" - Google News"
2026-09-09T18:00:00+00:00,1,['market selling'],24/7 Wall St.,The Credo Selloff Could Be a Huge Buying Opportunity: Analysts Still See $300+. - 24/7 Wall St.,https://news.google.com/rss/articles/CBMiuwFBVV95cUxOWFRTVlV4QnZ5Ti1IM2ttLV9zVmJtRE1LcWRHaXUwT3lBejB5My1qLUpuU0hsSFpvejh3bTlRZ3dseTJOWW51WE51dkVqZE14MWtFY0FIX2ZTay1zcVJDc24tTTFjRVpIMXdvYTN4ajNPMDJfOXZCbUZuSy0ySWVXRW5ONURuYmxPVWFWN0FXMUhjT3BuajdQQnFkQlo0X3FsNjNXc3g1Smc1WGdBb0dhaXJya2lWQ0dFZHlR?oc=5,The Credo Selloff Could Be a Huge Buying Opportunity: Analysts Still See $300+. 24/7 Wall St.,"""(AI OR ""artificial intelligence"" OR Nvidia OR semiconductor OR technology) (selloff OR ""market fall"" OR ""stocks fall"" OR correction) when:1d"" - Google News"
2026-09-09T17:30:22+00:00,1,['market selling'],Independent Newspaper Nigeria,Map Correction: UN Must Give Fair Opportunity For Africans – Ajulo - Independent Newspaper Nigeria,https://news.google.com/rss/articles/CBMikAFBVV95cUxQbEJlR1FnRzZXZHQ4ZUhpcUYxUkFzYU1UVURGbkRLQld2WTFYQkhoNkNaNzZ1WFg1R3BQOUZLRTJqR1BLZF9zdVlOUlRVOWhMWXFqTFY5VHVzYUJMRzFnTldjNzlJdjVfYWxWMjd1UjdzQnhKdjExMV94cy04bkI3ZkFNdG1BOWRoVlJoTG9acFM?oc=5,Map Correction: UN Must Give Fair Opportunity For Africans – Ajulo Independent Newspaper Nigeria,"""(AI OR ""artificial intelligence"" OR Nvidia OR semiconductor OR technology) (selloff OR ""market fall"" OR ""stocks fall"" OR correction) when:1d"" - Google News"
2026-09-09T17:20:00+00:00,1,['market selling'],Currently.com,"If a Market Correction Is Imminent, This Simple Strategy Is Key to Protecting Your Investments - Currently.com",https://news.google.com/rss/articles/CBMimAFBVV95cUxOZHF5S0FiRDdiY0tvMExhdzV2T293VnV1NXoxdjctUE96TFoyb3p3ejNiZUlfOTlXWG5aVG1LWk8zdUtUemZuRTZlbTFhUE91Mmx0cmFZRlc4dThvX1JVQm5qSW9yRTVCUFh2VVdfeFlTNTBMeWJxVnlxOW40MlEwNmN6YmFwRlVBZGJxRC0zYm9ma2NTbVF6VQ?oc=5,"If a Market Correction Is Imminent, This Simple Strategy Is Key to Protecting Your Investments Currently.com","""(AI OR ""artificial intelligence"" OR Nvidia OR semiconductor OR technology) (selloff OR ""market fall"" OR ""stocks fall"" OR correction) when:1d"" - Google News"
2026-09-09T17:15:42+00:00,1,['India market'],Moneycontrol.com,FPIs control a third of trade float; stand essential for India's goal of reaching $10 trillion market - Moneycontrol.com,https://news.google.com/rss/articles/CBMi_AFBVV95cUxPRU92b0xYYUNMOUlfX1UtLWpqT2x6Z2Z3U2h4Q1VkR3Z6Zl91TnhuSDhWazVEUmhxSjVxSldEVFdEWWw2VXljVVVNMEw3ODRJbXoyalBRakVxRFN0eDZycncxdEswWG9idTRlZlhoS2Y5ejJLcG1UWnZRM0FXb0RkT2FiTFJIX3d6Um1lN3pCclZvbl9BSFNpdVl6Uk53NkRabmdEdHNja19aQmdYem01ZURhcndBMjBtSV9BZVlCblo2aEp1ZXNLN014SWU5eXJlNGw0WUNPT1lfTXlDbFk4VHU2RURpZVY3R2dPSUE5cGl3R1BNQ0lVMi1icGTSAfwBQVVfeXFMT0VPdm9MWGFDTDlJX19VLS1qak9semdmd1NoeENVZEd2emZfdU54bkg4Vms1RFJocUo1cUpXRFRXRFlsNlV5Y1VVTTBMNzg0SW16MmpQUWpFcURTdHg2cnJ3MXRLMFhvYnU0ZWZYaEtmOXoyS3BtVFp2UTNBV29EZE9hYkxSSF93elJtZTd6QnJWb25fQUhTaXVZelJOdzZEWm5nRHRzY2tfWkJnWHptNWVEYXJ3QTIwbUlfQWVZQm5aNmhKdWVzSzdNeEllOXlyZTRsNFlDT09ZX015Q2xZOFR1NkVEaWVWN0dnT0lBOXBpd0dQTUNJVTItYnBk?oc=5,FPIs control a third of trade float; stand essential for India's goal of reaching $10 trillion market Moneycontrol.com,"""(""mutual funds"" OR SIP OR AMFI OR FII OR FPI) (India OR equity OR market) when:1d"" - Google News"
2026-09-09T16:39:56+00:00,1,['India market'],economictimes.com,PGIM India Ultra Short Term Fund - Direct Plan Returns - economictimes.com,https://news.google.com/rss/articles/CBMiowFBVV95cUxNa3ZHbnotOGMzTmxnX1hVLTEtYTJKblcyd3lYMlVnb29KUnRIbE5OeUE4YWF6VlczM3VSR08yM01CenF0OEJ2QXAtS1NxWEliSDFveTFheEZMd25YQ2ZlR05nZldYbWo3RDI4Tll5ZTVYbnJ3SHFWWUtRRUhLcGZXbDdhQ2JqajVvSUQ1emhCYXJOTHBXQzR6YUpUYXJfa3pIa2s4?oc=5,PGIM India Ultra Short Term Fund - Direct Plan Returns economictimes.com,"""(""mutual funds"" OR SIP OR AMFI OR FII OR FPI) (India OR equity OR market) when:1d"" - Google News"
2026-09-09T15:42:33+00:00,1,['India market'],economictimes.com,Franklin India Income Builder Regular Plan A-Monthly Bonus - economictimes.com,https://news.google.com/rss/articles/CBMipgFBVV95cUxPUWFFN2FFeXdjSFJxRmRCRWlaTE10UmdoanpiT2RlZko3bkNHbEVMbUlsWTZ5d18wLURTbXZQX2tPNEZOYzNtRVBaTGlYZHpQcnRxaXFjZWU3TUluZGM2OWV0aUVveTYyTkxVQk9yRjZzNjdSeTRIbWtWSUwwUHpDMnI2MnhEUDBtWFNRR3FYUEhndFYzRHg2bWxUZXA5MEJaMjI5cHhR?oc=5,Franklin India Income Builder Regular Plan A-Monthly Bonus economictimes.com,"""(""mutual funds"" OR SIP OR AMFI OR FII OR FPI) (India OR equity OR market) when:1d"" - Google News"
2026-09-09T15:38:56+00:00,1,['India market'],economictimes.com,PGIM India Ultra Short Term Fund - Regular Plan Fund info - economictimes.com,https://news.google.com/rss/articles/CBMiqAFBVV95cUxQdmRlS1BEYk9hSEJ0dFJkYXNWZHlpVlhZTTJlT29JbUtXWHljQmNrdzhNQl96V2hwNFBESkhzYmtKOTJwSHE5MXJRVW1zWGZBMVJZYmZHWGhSVTkwODdKdDBlSzdTY2YxNWJkZ1BSSnBzOXBWX1N1VU9icTNKZWhTVm0tWlJKZk1Kak1GUHFKekJjekh4Um1yM0JCR3VvbTJNYnN0LThXbzY?oc=5,PGIM India Ultra Short Term Fund - Regular Plan Fund info economictimes.com,"""(""mutual funds"" OR SIP OR AMFI OR FII OR FPI) (India OR equity OR market) when:1d"" - Google News"
2026-09-09T15:29:45+00:00,1,['India market'],economictimes.com,Market Watch: Is it time to book profits in midcap stocks? - economictimes.com,https://news.google.com/rss/articles/CBMi4AFBVV95cUxPSmxrUnhHR1ExMWhMZ1VjVk1MQU9lQ1dWcEZORUhaWkNRbGUtYk5zb19uSzZsSkRaVTZILUViYklOcVItUE0wMVpmRG1naXhYalItTzVpR0FrQUNMcDh4dEJob1VzVjVUbW4zaW5EdlExWTVVcHlWQXprVWtDWm5iUjRNR1ptX0dLS2ZuRTJrMVFJOC1vU1QyN2l5dlhMSDlaWXpHb1ZIbUVTQ1hWREF0U2ZPSTdFLWpUblNlcUdPeHZxbFQ2eFVBTWtMSXFuYU1TZURMSzBhdFByY2h1eW0wTdIB2gFBVV95cUxQSG5lQlRScXBhMElQYkZ6djAyZHo2YjM2NWZTWXpBSERPeHFqUy1TQkpydDZnZjdzQVdKT2F4elk5cFJyQVkzeHVta25KUHBxTWphLXp0anZvN1pFR3ZiTVNkcEc2a2Y4RlpaMlZ3eHAxWEtqWkRUaGttR0VaOXdYdXVEbHU1WVNOenVSU0RHLXhQUWpKbzBYS3h0cnhYaTFkYXpXcFNVYi1ocllfbC1sMmZNMTNaT1NoS2F3M0h5M081VVJERV80bDZTMHBpMGk4VDB5ZWN6a1dGUQ?oc=5,Market Watch: Is it time to book profits in midcap stocks? economictimes.com,"""(""broader market"" OR midcap OR smallcap) (selling OR correction OR fall OR volatility) India when:1d"" - Google News"
2026-09-09T15:12:41+00:00,1,['India market'],economictimes.com,Bank of India Short Term Fund - Institutional Plan Fund info - economictimes.com,https://news.google.com/rss/articles/CBMirAFBVV95cUxQTU1Cc3dnQUFvSkwxM2swaldCeDdtQjk3Ymt3czBpei1NVTV6NFhiTUhSTlB6bzRqNUxfbTZVQk9ycWFmeWFuTll5dFluUlN5d1lqQ2pGRVpaWEJrYUNkbGZHQ1M4UjZIaHJHaGxiSDNtLVBhUUh5bHEtVHFOdWpaZGlVUDlacWVFRjVOZ052aXBUNVlmdnhoRWkwNDVRZEJzUkV2eUYtNER1aUtx?oc=5,Bank of India Short Term Fund - Institutional Plan Fund info economictimes.com,"""(""mutual funds"" OR SIP OR AMFI OR FII OR FPI) (India OR equity OR market) when:1d"" - Google News"
2026-09-09T14:59:24+00:00,1,['India market'],economictimes.com,PGIM India Dynamic Term Fund - Direct Plan Fund info - economictimes.com,https://news.google.com/rss/articles/CBMiogFBVV95cUxPdC1GVlVxUVItXzBjdHlBTHJZbjJrTUtOMUNsRVBsdXlCdll1SmdiSDV1Tm5hX3FDNklkZXZjQzN4YWxjS0dRV19kMW9GcDh4aDZiVjdkdVhfTEJLejhhWmdzc1lCRzZLOEZrWFBFcmg3TUlpVTBOQVlUdWw4bVhKVUNqVW5RTEM0T2tQbjk5NW5nM2Y0VzEzZEc0YUNCOFBPa1E?oc=5,PGIM India Dynamic Term Fund - Direct Plan Fund info economictimes.com,"""(""mutual funds"" OR SIP OR AMFI OR FII OR FPI) (India OR equity OR market) when:1d"" - Google News"
2026-09-09T14:52:00+00:00,1,['India market'],India Infoline,Crudeoil Futures Price | MCX Crudeoil Futures expiring on 19-jan-2027 - India Infoline,https://news.google.com/rss/articles/CBMidkFVX3lxTFA0STlfZGF0Ui1GWHU3Nk50ZmdJTVpPVlg2MGxtTnJRWmhIaXdnNnNqSXpEaUZGX3BJWXdLblNNc2J4RlB2UFJpTW56WXJMbDBTUFpiYnY4ZWxuMG9FTFhNUERVc05FZTYwUGxKay12T3NkNGo5WXc?oc=5,Crudeoil Futures Price | MCX Crudeoil Futures expiring on 19-jan-2027 India Infoline,"""(Nifty OR Sensex OR ""Indian shares"" OR midcap OR smallcap) (falls OR selloff OR correction OR ""risk off"") when:1d"" - Google News"
2026-09-09T14:46:31+00:00,1,['AI / tech risk'],Tupaki English,Must Watch: Hilarious Memes On Most Advanced AI! - Tupaki English,https://news.google.com/rss/articles/CBMimAFBVV95cUxNTGIzRXdRQXhkRDhoNy1NNmpuNENMZ0lsREttd3JVdHgyLVJKd0p5LS1vS2JBYVBBTm0tSTM0M2hueVVZZUhXSFJqZW0tYjQ3RHdESmpVYzV5RnFvSk51N2Y0UjNtMzYySjNqNkZjTUw0Rkd3TlFVUThRaTY4cGtOVElnQ0t6Zlk4OE14bE9EbVB4X1RmWXoyaNIBngFBVV95cUxOcV92eFVPVG9JV2tndGRQbDRDOHl3SEhJR1V1Mk9kRDlNUjRiWTBmelFnZDJTLUVrbTBoVFpqOWYyaDBaUHc4UlhISXdFUEgzbVRkc0UteFZtV1RpSHFWelNJeXMwY2RMMGFSTlo2WllhTmtXaUNweTVkcWJ3czBvbkM4Q0hHNUtpdXczZDhCN05fTXowVUNwRFFqOVd1dw?oc=5,Must Watch: Hilarious Memes On Most Advanced AI! Tupaki English,"""(AI OR ""artificial intelligence"" OR Nvidia OR semiconductor OR technology) (selloff OR ""market fall"" OR ""stocks fall"" OR correction) when:1d"" - Google News"
2026-09-09T14:38:45+00:00,1,['India market'],economictimes.com,Invesco India Ultra Short to Short Term Fund - Direct Plan Fund info - economictimes.com,https://news.google.com/rss/articles/CBMitwFBVV95cUxPY2lZYjdCTjNKRUdwTWFudFIyeDlTWDlDR0FRdXJrUHc3eWZGXzlTVHo1M0lWYzJMQm4xUzlZakhxQ2xqbFhlbk1ZMllXRm1KMWwtU0lIOWV2eDNub0NTV0xZZjEzNS1kNkMtdTAtQXFmbW5pbkRQal9SNzRQeVh2SG12eWh6ekFFd0dUeXN0WlFrWERCN1ZsWWpCVTV5bXJQWjFiZW9EM2UzY3NRN0I1ZGItcjAzVDQ?oc=5,Invesco India Ultra Short to Short Term Fund - Direct Plan Fund info economictimes.com,"""(""mutual funds"" OR SIP OR AMFI OR FII OR FPI) (India OR equity OR market) when:1d"" - Google News"
2026-09-09T14:05:44+00:00,1,['market selling'],Corrections1,3 NYC correction captains added to Rikers Island memorial for 9/11-related deaths - Corrections1,https://news.google.com/rss/articles/CBMi0wFBVV95cUxNaE10U3hVbzlfVko0Z1Q4b2Rzblg2bFI5QUt2MGZseTdwbTl1VzcweGFfQ3JUcEh4T2JLR2ExUFZYVHZKQW5mVzdVUk9GRXdZT2w1WVE4M2p4VFpIQXUweWNEMEloN1ZxMXhKaldxcUtBQWotdHVocnRReWZ6aHdUaHVITmdhQTFvQjRlZWd4a2JST0Y0RExTN3FrNjgxNUZvTHFuWVNWWWZZMkhYWllwN0x6WEYwWEJlMWthMzlQNVBvWXhFbzBYTFJIdWhwck1iMmdF?oc=5,3 NYC correction captains added to Rikers Island memorial for 9/11-related deaths Corrections1,"""(AI OR ""artificial intelligence"" OR Nvidia OR semiconductor OR technology) (selloff OR ""market fall"" OR ""stocks fall"" OR correction) when:1d"" - Google News"
2026-09-09T13:38:50+00:00,1,['market selling'],Seeking Alpha,Micron: Debunking The Bear Case Behind Yesterday's Selloff (NASDAQ:MU) - Seeking Alpha,https://news.google.com/rss/articles/CBMingFBVV95cUxOUHBhbEMybHdzNGVza3IwQ2lrS2xXRU0ydVNmZnJzTzlpQ2NFQmNLSmpQcTJ2RHNuRjBwYVpvNE5nZ2c4UV9rckFxTzZWUW5NbW1Ja0FWZ1liNU1fSGkyZDZWV1cwZ1lPUEpOZlpLeXF3cXN4bWNKOGFrYXdQUW92blVxMkRPU0xhclp3cXN5bWRRN0pFZjdiRF93c1pDdw?oc=5,Micron: Debunking The Bear Case Behind Yesterday's Selloff (NASDAQ:MU) Seeking Alpha,"""(AI OR ""artificial intelligence"" OR Nvidia OR semiconductor OR technology) (selloff OR ""market fall"" OR ""stocks fall"" OR correction) when:1d"" - Google News"
2026-09-09T12:42:11+00:00,1,['market selling'],Light Reading,Electric co-ops want a BEAD 'course correction' - Light Reading,https://news.google.com/rss/articles/CBMijgFBVV95cUxQYy1qSUNMVC1Rakd6dG4xZXdxVkJ4NjJ3UllQOEpkdWlHLXJiQnFfNDJkNDBBd1BIa1JGdVpqeS1CRXh3c3hHeGhuM0czaHFqUDJVUlVRZVl6cHVrMmVLajJiNUJycUIwY2o1M0RrNFpTVmVSVTlGM3Fta3Ffc3VCYnFaTTZnS012VXdSeVNn?oc=5,Electric co-ops want a BEAD 'course correction' Light Reading,"""(AI OR ""artificial intelligence"" OR Nvidia OR semiconductor OR technology) (selloff OR ""market fall"" OR ""stocks fall"" OR correction) when:1d"" - Google News"
2026-09-09T12:19:21+00:00,1,['India market'],Outlook Money,"Nifty IT Extends Losses For Sixth Consecutive Session, Here’s Why Tech Stocks Are Falling - Outlook Money",https://news.google.com/rss/articles/CBMitgFBVV95cUxQR3RsTWRaUHUxX0VnNG83TDljbkNyS0NPR3R0ekhUYzlyZU5nN0J1SDdrcnJIdHZVdU9pOEJqMVNvM29QSlpsWC1JN2VWNnVPSmI4bFJlLVliakRlcWRwOHpud0xtaEtNdDBYLVp2VmRjSjZxYnJwVm5VN1NPa1d3eFI4WFp0bkxkZ3ZYcmw0NldMVlQxbGdqaWR2UFVxbHE2UXlPcGJHaHZTTUVkNlFaX2hHelZmZ9IBwwFBVV95cUxPaF9HN3lEa0JXVW1LRTB4MURvOVVUSGNRNFgtZjZEMnhPNk9NRmNrUnJfcXpWS2MzV2NiZFFacXYzcWpnVUtpLUZDeWU0ZFY5cGJjV0lpNC1kQ3NUUW5QZlFXVVFDT2dLVkVualNTckZGLXAzSHlFVGplOGgtX2R3YXJnRDhSS2JUN1kwVGJZVENJQzZLMjlTUHNpcUpabHhVVGNwR2xlZTcyRldpWFVTSnJ4X0VCdU9odzFsZFdsOVYxOEE?oc=5,"Nifty IT Extends Losses For Sixth Consecutive Session, Here’s Why Tech Stocks Are Falling Outlook Money","""(Nifty OR Sensex OR ""Indian shares"" OR midcap OR smallcap) (falls OR selloff OR correction OR ""risk off"") when:1d"" - Google News"
2026-09-09T11:37:28+00:00,1,['India market'],Rediff MoneyWiz,Sensex Tumbles 813 Pts to 3-Month Low Amid West Asia Tensions - Rediff MoneyWiz,https://news.google.com/rss/articles/CBMiuAFBVV95cUxNTDdZYThlRkRyYXNBaWxrWTZIdm9IUHdUa2EwSm9rdmR2dDM2MGVoYkdqOTE1ZmtKRmZhYTlXSFUzNzc4QlNSM2tCc2k3WDluZGk2RXhFSGNVdDFaQXBVMmlpUGpFa2Z5TEJOdlpiN3BoblNWaWExODlQeHRhazQ0bTFwcUZ2TGNQX3J4MkpfWklwblVHcEpvOGhteU9RRkJ0MmFFdklyVE5GdVJtOVNQd0hjbVZYU2NR0gG4AUFVX3lxTE1MN1lhOGVGRHJhc0FpbGtZNkh2b0hQd1RrYTBKb2t2ZHZ0MzYwZWhiR2o5MTVma0pGZmFhOVdIVTM3NzhCU1Iza0JzaTdYOW5kaTZFeEVIY1V0MVpBcFUyaWlQakVrZnlMQk52WmI3cGhuU1ZpYTE4OVB4dGFrNDRtMXBxRnZMY1BfcngySl9aSXBuVUdwSm84aG15T1FGQnQyYUV2SXJUTkZ1Um05U1B3SGNtVlhTY1E?oc=5,Sensex Tumbles 813 Pts to 3-Month Low Amid West Asia Tensions Rediff MoneyWiz,"""(""broader market"" OR midcap OR smallcap) (selling OR correction OR fall OR volatility) India when:1d"" - Google News"
2026-09-09T11:31:00+00:00,1,['market selling'],kalkine.ca,Constellation Software Inc. (TSX:CSU) Sinks 5.63% as Valuation Pressure and Growth Concerns Deepen the Correction - kalkine.ca,https://news.google.com/rss/articles/CBMi2gFBVV95cUxOa2FHMlhQTGtiUUR4bTZrUTlBOExtRmxKU3ZJOWFSZHlzMlRIUTFSSzI2RldtaTU5WUVxRFk3aXJFMEdJMG90R3ZsLXFpd2N2eHprbHZpYWZwZ0w0dTFYRVlJcWhDcUtwR0MzYlpkUnVFWGp0Z1RydUhWU1FEU3ltMlF0bmROYm5uZURKbC0xM09oMDYwYkFlRDBhbDhBaW1PVkdrLWt6YjBXMWxxbEtteGQyNjhZOEdfN1BZcDR2YzBQQnBYb0tpNGYta0ZSX0UwWHp6U0tIdXJqZw?oc=5,Constellation Software Inc. (TSX:CSU) Sinks 5.63% as Valuation Pressure and Growth Concerns Deepen the Correction kalkine.ca,"""(AI OR ""artificial intelligence"" OR Nvidia OR semiconductor OR technology) (selloff OR ""market fall"" OR ""stocks fall"" OR correction) when:1d"" - Google News"
2026-09-09T11:20:23+00:00,1,['market selling'],solarquarter.com,Indian Clean Energy Stocks Show Mixed Performance Amid Market Sell-Off (09 September 2026) - solarquarter.com,https://news.google.com/rss/articles/CBMiwwFBVV95cUxPWGpDaWtIRDZ5Smx3RTJyanZTODRPa2MtTEhtd1JZT0RRX1ctTVFGT1l4ek5qQWlSZG9BS2hhR1pkZDFfZHlTWUNveTRYdkRSaGVtZDNsUGdKWk1jTmhNdTJVRjJuTHB6NHRIbk5jR01YUy1BbXY2X0xiMUpoMFlfX1d0bXhLM2FVUE5DRWVpTTRMUXV0NTNYQVFnYkdZZW9ENndyM21pTGhZOFF3TTYxX2NtcEJZaWlyd3pPS2dVU1RSSVU?oc=5,Indian Clean Energy Stocks Show Mixed Performance Amid Market Sell-Off (09 September 2026) solarquarter.com,"""(""broader market"" OR midcap OR smallcap) (selling OR correction OR fall OR volatility) India when:1d"" - Google News"
2026-09-09T11:13:19+00:00,1,['India market'],Liquide Blog,"Share Market Today: Nifty 50, Bank Nifty | Sep 09, 2026 - Liquide Blog",https://news.google.com/rss/articles/CBMiuwFBVV95cUxNdF9yVm41WVM4dzNEclUySTBwR1E5VjFfa1d2YmtFTXpONjhrQ1FrQ3J6SEx5UGNCTzZGZXFzV1BsdFpaZ19BWWQyOXNodHNvS1ExSkpUSHA0QTVRZTNOUGw4Z0pNVHdVNjNKOGdFYkRvQXpIZGlGdUxxVE9Cek5TMm5GTjEyMnVGZVdVWmhCOHlfUm5CaW1JajVlVnZvRVpTMlMxenFQVUZPNWRDM1A0TkNOWi1aMlRkbGdr?oc=5,"Share Market Today: Nifty 50, Bank Nifty | Sep 09, 2026 Liquide Blog","""(Nifty OR Sensex OR ""Indian shares"" OR midcap OR smallcap) (falls OR selloff OR correction OR ""risk off"") when:1d"" - Google News"
2026-09-09T11:07:50+00:00,1,['AI / tech risk'],Mshale,AI Stocks Are Back—but Wall Street Changed The Rules Ryan Seacrest (lyXfwM7Sy8) - Mshale,https://news.google.com/rss/articles/CBMiYEFVX3lxTE9QV0p3VXB1TU54TjY5RjhicTZMQy0tTTFrOHloUkNuY241cERjdzdrd1Q4ekxPanMxYVczakZxanZVY05wcVk4YTgtZ2Y5a1N2UDVSZWxfLWZ0TVlvdFJzTA?oc=5,AI Stocks Are Back—but Wall Street Changed The Rules Ryan Seacrest (lyXfwM7Sy8) Mshale,"""(AI OR ""artificial intelligence"" OR Nvidia OR semiconductor OR technology) (selloff OR ""market fall"" OR ""stocks fall"" OR correction) when:1d"" - Google News"
2026-09-09T10:59:26+00:00,1,['market selling'],Stocktwits,"ADBE, CRM, NOW, MSFT: Software Stocks Fall After IBM Warns Clients Shifting Spending To Servers, Cybersecurity - Stocktwits",https://news.google.com/rss/articles/CBMi_gFBVV95cUxOTnA0NXRVeFlFT0U3TGJUbGdLa3R4RHVxUWFkTjFiVGxMNFpKUzRfNEpWQzhCWTl1SlpQaHFRMEFMeWJwMXk1SC1BQ3pjMmZCLWlfQ18tNFJIc1h1ZzdET0laQjR1ZzhlaXhnbFhZVG5CZWJnOHVrbExCeGFoVnlFSmNvS3gzNndNNi1wWWNnSVVZUXlUZGgzZTY5cFNTQ3BnYVNzdjNnc1Z1UzRBTTlZdUx0Yy0xOFhBZjRyRlpWZFd6dE9aaU5YZzRtekNIcDdNdFY3WU0yczh0aldORFdLVy1XWUd2REpTUFhTOWoxbzN6SjRoY0FpaW9ncl9mdw?oc=5,"ADBE, CRM, NOW, MSFT: Software Stocks Fall After IBM Warns Clients Shifting Spending To Servers, Cybersecurity Stocktwits","""(AI OR ""artificial intelligence"" OR Nvidia OR semiconductor OR technology) (selloff OR ""market fall"" OR ""stocks fall"" OR correction) when:1d"" - Google News"
2026-09-09T10:45:00+00:00,1,['India market'],Free Press Journal,"Sensex Bleeds Over 800 Points As Brent Touches $100, Escalating US-Iran Tensions Shake Investor Sentiment - Free Press Journal",https://news.google.com/rss/articles/CBMi4gFBVV95cUxQYzYwNFEtZmcwZlhhb0FUeUpGcm1kSDlfRnhSaVdLVy1TTFhaMVFLSTdUaVBiTURrUFA3WWJoQWtqY3IwZzNyYW9FTWkxRFZhMEdrMFpHcno4aGFIWWJmMWpmTU9zbUlpQWJLZG9Sd0s1dXg2LTJKV2ZnN293dVFPc1FWMWpnVXhhT2s5b01yaGFsRkpiSEtQSnlUSkZ0dU5tbFozMXllMXlSMk0wODk1d09IWkFIVmt0Y3ZUM216QjgyeW9tUWpoei1KOGZpZDE1eUVmY0pkd1BaOXN2aEpLR3Rn0gHiAUFVX3lxTFBjNjA0US1mZzBmWGFvQVR5SkZybWRIOV9GeFJpV0tXLVNMWFoxUUtJN1RpUGJNRGtQUDdZYmhBa2pjcjBnM3Jhb0VNaTFEVmEwR2swWkdyejhoYUhZYmYxamZNT3NtSWlBYktkb1J3SzV1eDYtMkpXZmc3b3d1UU9zUVYxamdVeGFPazlvTXJoYWxGSmJIS1BKeVRKRnR1Tm1sWjMxeWUxeVIyTTA4OTV3T0haQUhWa3RjdlQzbXpCODJ5b21Ramh6LUo4ZmlkMTV5RWZjSmR3UFo5c3ZoSktHdGc?oc=5,"Sensex Bleeds Over 800 Points As Brent Touches $100, Escalating US-Iran Tensions Shake Investor Sentiment Free Press Journal","""(""broader market"" OR midcap OR smallcap) (selling OR correction OR fall OR volatility) India when:1d"" - Google News"
2026-09-09T10:10:54+00:00,1,['India market'],businessupturn.com,"Nifty 50 top gainers today, September 9: Adani Enterprises jumps 5%, Max Healthcare rises 4.5%, Adani Port up 3.8% - businessupturn.com",https://news.google.com/rss/articles/CBMi8gFBVV95cUxNMWM0TWZVNzc1VUZRWHlhQ0xsM2VvMjhPa1RqeGw3blBJbDQ0RjVSc0Qta0Y3cTdVYlREM0RyZzMxUHBCQ3gzR0ZnV1VwWjROUmkzc3l6di13Q3JzMHRrRDR1NUdOLW1sWFRPQWt6MEFQS1NGUjhkMmpxRzg2YmhaQ09GTDNBWTAxVWx3ZFlFbUNYWTM1cDJWcklmNmUyQTZlNEhZbHFldEdMc2pmTVJDWlpjYmV4QjdheWxJZG9HZHl0OFBlY0ZiYVZEVU5vWW5yd2RDWDBvWEFsSTBJa2ljUGQ5ZHBIM2JTRnFnUW5rNDU5QQ?oc=5,"Nifty 50 top gainers today, September 9: Adani Enterprises jumps 5%, Max Healthcare rises 4.5%, Adani Port up 3.8% businessupturn.com","""(""broader market"" OR midcap OR smallcap) (selling OR correction OR fall OR volatility) India when:1d"" - Google News"
2026-09-09T09:44:35+00:00,1,['India market'],Passionate In Marketing,Disha Eye Hospitals performs East India’s first SMILE® Pro Hyperopia procedure - Passionate In Marketing,https://news.google.com/rss/articles/CBMitgFBVV95cUxOOFZDZmtaOU84Rl9aVk11V3YtT3l1M2ZlajFKOXJCS05TX1VjU2FUZkZXYWZjMV9LNFh6ZWc5aC00eTFGdXRwaFFGaW93MXhjTkZVdDFvX2gwclRJQm5tMkhMSTY0cmtWZlFuU2ZXS2RhY0NySFozeUhOOUp6UzRtZnIxaXMxVnNLUVRQbWQxSzJrVU42SmRnb0N0aUltZ2prb3AwX0ZxNTdtOVNwT1NvVEluQ1Atdw?oc=5,Disha Eye Hospitals performs East India’s first SMILE® Pro Hyperopia procedure Passionate In Marketing,"""(AI OR ""artificial intelligence"" OR Nvidia OR semiconductor OR technology) (selloff OR ""market fall"" OR ""stocks fall"" OR correction) when:1d"" - Google News"
2026-09-09T09:34:00+00:00,1,['market selling'],kalkine.ca,TVA Group Stock Slides 12.32% as Sharp Correction Revives Downside Risk and Investor Caution - kalkine.ca,https://news.google.com/rss/articles/CBMiwwFBVV95cUxQeVhDZzU2YUtLeWdBNURKNXBMVEo4cVliZXZZVF9INnBkNk5ESy1GcHFYZTRYQXBzQl9pQ2RFZ3lLVHhOVU04b0J0by1OUklMNUxEZVJhTHpGYTBzamx1R1VvTVdjTm5va1FnLUhrVEdZNTd4TEFVYWY2Y29uRWZoVUFXS2tRSWx6aU1JMERTOFdrUnNFa3R5MXp2ZnpPeTU5VXlpZzNtVF9GaWNULTBrQ0J3Y3VTSzNlY2Q0SGNlTzYtOFk?oc=5,TVA Group Stock Slides 12.32% as Sharp Correction Revives Downside Risk and Investor Caution kalkine.ca,"""(AI OR ""artificial intelligence"" OR Nvidia OR semiconductor OR technology) (selloff OR ""market fall"" OR ""stocks fall"" OR correction) when:1d"" - Google News"
2026-09-09T09:34:00+00:00,1,['market selling'],kalkine.ca,Responsible Energy Corporation Stock Slides Into Correction Territory as TSXV:REH Faces Post-Listing Pressure and Cautious Sentiment - kalkine.ca,https://news.google.com/rss/articles/CBMi-gFBVV95cUxOdjdtNTd5OTRiRGFCcGpnREdlUzVSSXVQY19VSVg1eHhUVzFNdGFRYXBZQnM5dldsRndfLWlVTlo2bGJvWU5CYWtFX2JLaFhqazFoUFAxTDlOYVphVWJwa3lkMmE2aEt1MlAtOExKOEtKcVFob1NFak9EQlJYYXhNU1Z5d0Y3bXBQRGphU0pPV1RvOXdIdmRkM1A1ZW9Yd2tvMlA5MDN3dFFSQ3ZrcWo2NGt6NTE0dmNvalZuM2tGR3JueUJfN1EtX25BOVB6ZFl6M1hfeWRTNFdVVWZERTRHUFphS3VUVWdqQkZJeWxXalF2ek9mMlEwd0RR?oc=5,Responsible Energy Corporation Stock Slides Into Correction Territory as TSXV:REH Faces Post-Listing Pressure and Cautious Sentiment kalkine.ca,"""(AI OR ""artificial intelligence"" OR Nvidia OR semiconductor OR technology) (selloff OR ""market fall"" OR ""stocks fall"" OR correction) when:1d"" - Google News"
2026-09-09T09:28:02+00:00,1,['India market'],economictimes.com,HDFC Nifty Metal ETF-Growth - economictimes.com,https://news.google.com/rss/articles/CBMihgFBVV95cUxQMURkUDdXQ3U4ZkxfT3pHaW55R1RCUGpMZFhrbW1mY0RZYjNOTXNhTXdlOHpRZW1qbTA0YkJrckMtYnV0bWJlXy1wRkFXV1VBcXpyQWhya25MUjhfN3ZNWmgwMmkya0tHNkVqTnRHa2w4NW5sd3BlSGViTFAtRTBydUZmYlg1UQ?oc=5,HDFC Nifty Metal ETF-Growth economictimes.com,"""(""broader market"" OR midcap OR smallcap) (selling OR correction OR fall OR volatility) India when:1d"" - Google News"
2026-09-09T09:20:38+00:00,1,['AI / tech risk'],thebanker.com,Banks are warning about an AI bubble and investing anyway - thebanker.com,https://news.google.com/rss/articles/CBMiekFVX3lxTE1KN3Z1MFp2MU1veFgyY3FSY2VjWUpjc19vRWtKMGQ2RGwwMTdObW5KTkEweWlUUFktVTY2M0gzSXJPRW40SlFkV0EtM2hFclBzTjQ0MEpLWDdLUVR6U1dKdVZVeXItOWU1LVpzUDFvWWl3SFZTN0JiWVNn?oc=5,Banks are warning about an AI bubble and investing anyway thebanker.com,"""(AI OR ""artificial intelligence"" OR Nvidia OR semiconductor OR technology) (selloff OR ""market fall"" OR ""stocks fall"" OR correction) when:1d"" - Google News"
2026-09-09T09:04:53+00:00,1,['market selling'],Morningstar,Don’t Panic About a Bond Market Selloff. It Could Be a Sign of Economic Strength - Morningstar,https://news.google.com/rss/articles/CBMiqwFBVV95cUxOblJ5N2t5X3BrMVZFRDZodmI3RUx4WTBTUXM1MnhQZ0xpM1E2WWNmbGxqM1pTU2xlRDJpOVNEbGhhX3YtNUdweDByeE5YQ3c2RUprTkRvdHgxMExBWFVIcnBCaTNtVnp3T2IySHlEblJQaW42b21tSnB3T3JFa3ZYbm1FV1pSRjh3aGk0TkI2My1RY0tlbjhvVmNhQnBnNFo4cjZXQm1UblctTDQ?oc=5,Don’t Panic About a Bond Market Selloff. It Could Be a Sign of Economic Strength Morningstar,"""(AI OR ""artificial intelligence"" OR Nvidia OR semiconductor OR technology) (selloff OR ""market fall"" OR ""stocks fall"" OR correction) when:1d"" - Google News"
2026-09-09T09:00:37+00:00,1,['India market'],MarketsMojo,Linde India Ltd. Technical Momentum Shifts Amid Mixed Market Signals - MarketsMojo,https://news.google.com/rss/articles/CBMiwwFBVV95cUxQRHE3VmQyOVlkV3EwU0lfTnh4SUcxTkhiT3RNU2RET2NXdTRPUk9QdWViZktDUW1jV1ZXUGJoT0RHbFFyZ2RKb1RtWEpyVHNUVDZYMHJ0dk95Q3lOVkVEMndIS19pYUtPdGhGUmN6RkZJbk1wX0YxbUtNa1ptVGw2QmVkakpJTnpOb2x5Vm9JWFJ0SUF5Q1N2NDZOTTVHMmhtMGtKQzY5dy1vd3ZIaUtERFQyclhydTBNcEY4dUpTdGl4aVE?oc=5,Linde India Ltd. Technical Momentum Shifts Amid Mixed Market Signals MarketsMojo,"""(""broader market"" OR midcap OR smallcap) (selling OR correction OR fall OR volatility) India when:1d"" - Google News"
2026-09-09T08:51:24+00:00,1,['India market'],Moneycontrol.com,"Industry backs SEBI’s FPI commodity push, flags gaps in physical delivery mechanism - Moneycontrol.com",https://news.google.com/rss/articles/CBMi4AFBVV95cUxPaFZwR2dYeGN5SEI5Mm1MNGQ1THhiSE9tTHVpbEc5UkVrRWxfYlk0NHlJa1pSWUw3V0h4OGM4Uk9TektUbXljVW9FZGk1U1BIVXpEalE4b0lqYkozaFJqY1VRWUs4dXB6VXZZOW43VUU5QkpjVHVGU1VDal85cjV6SGRHRmxTblVQTkJ3MThHNHVlQ1FoN2dqYnh4Y2lxT3dvUkpFWDhNWHhqblZIeXhnY3RkUUVKU0I1ZFc4RC12MXM0LWpEUHdoYmMtTk1UZVNjSlJIbVFvM291RlJIOVQ2ctIB5gFBVV95cUxQQzlBYnptSGJqaVFWdk5JUkFrMFVndzE5aEpvM2Y0OWhnWTM5cFBsbkJub2pkdDc3ckxURzE1RzZpeWV4TkJ0bUhjdDh6MzA5VklZNVpMS2podEJlN0xXNmdqNzBmSFdqUkNaQ3FteHZnc0dQeUN4UWx4VjlWWVpEYXJfOWd6R08wa1I5aUMwYUVoODZpU3k0dzJyTUh5cHhlV2ZWV0V3b2tFOS10d1ZlbkoxZXJHVllVS2Q2aHU1dmJaRk03TTVNWG5ISWlYaG93V0tFWnpubm9Wel9zdGVDWDh6M3c0QQ?oc=5,"Industry backs SEBI’s FPI commodity push, flags gaps in physical delivery mechanism Moneycontrol.com","""(""mutual funds"" OR SIP OR AMFI OR FII OR FPI) (India OR equity OR market) when:1d"" - Google News"
2026-09-09T08:44:46+00:00,1,['market selling'],economictimes.indiatimes.com,Thinking long term and enduring volatility is the only way out: 5 mid-caps from different sectors with ups - economictimes.indiatimes.com,https://news.google.com/rss/articles/CBMiuAJBVV95cUxOb09CczF5b0NPOXhVcFk3bm54Si1TMVVUd2lqNG1XUG9IYnFGcERyanZBcWNjQ0tBdUFBVU1xYkVvVU9OazVuNWdMSHI5QUxZSl9pMDJWYTY4U2podG9Gb0tFVFJCbHdiSHc3Y1BYSndqSFhHV2taQjNtcXZVUFRuVXpVeWxVYS1abUZFVWNOMVRiR3V3UFB0SzRJZ25YNEhfNzVFcW5BVDhXXzQxdVE5c2hhSlNVZ1ZodkZEanJ0SGhmOFNFa2lZQkJsdDM4eUUzcTNqcGhkM3g2WTRJU0V1Z1RlTV9oMDZiZmJCLUlJajUwakRkX3pUbm5WbDJBel9oVTN6X0xXT2lXMjhkRS1LMG01UnhFdWdCeF91VzJsSHN1N2puaFc5MlB5ZGs1Z19GY3NDdW5EdWHSAbICQVVfeXFMTTdTODA1V1VTUldLMjh6d0ZIN05VbUNqNk5TcWNQU0VCaGwwTktzVTlNblhid2xXSms2dW9pd3k2RE5OQXNhbGw5REx4UmhHZnFCZktwSEZFMTJOYnBYLVpFMFk1bnBYU1QtU1VGM0JMWk1rdk4wOFNnblNXamV5XzRjc1JBUnVSdVhudTBmZUc1SFY3VVRlaG9sMGpsalZITEtPSDRhX2FOd1BSWkRxZkY0Nm1oNkRlRERKbkx3RHdPMEp1M204VGJENE5ncGZNOFY1cnNKRjlFc1psWGc0Q0dvbk11b2tad1FvdHk2TDlWMWdNZFhhMTJBWUUzMmF5YUVlb3dnT0FrelZ0eVl1QmxDdDVHd1VKWUN2a1YwdHloNk03cG1Cd1ZreXNVUEdxbjdR?oc=5,Thinking long term and enduring volatility is the only way out: 5 mid-caps from different sectors with ups economictimes.indiatimes.com,"""(""broader market"" OR midcap OR smallcap) (selling OR correction OR fall OR volatility) India when:1d"" - Google News"
