published,score,themes,source,title,link,description,feed
2026-09-01T13:15:00+00:00,10,"['AI / tech risk', 'market selling', 'macro / flows']",24/7 Wall St.,"Semiconductor Stocks Slide as Global Bond Selloff Lifts Yields: Intel Drops 3%, NVIDIA and AMD Slip - 24/7 Wall St.",https://news.google.com/rss/articles/CBMi1wFBVV95cUxQbjlIRE9lTVVkY2paa1pyQzNBTlVuU3YyRFhHYXowc0tFYXo1M185NUJ4d0VkakRKZ01zN05NNEtDblJMdEJGakh6NWpPaFBTR2dmbDlrMzdfejNyQklrazM3RFplWjlGNjdocUk0WS04elN6Q1Axa0FMUkpLeHJ4N0FFcWs3N19ET0ZFR19BM2ZSMnVOTnF5bjd5VGMtRTFFSFJRNjBPWXBlZmdyTXV3eWZtSXBPWGNTZnhudXFtbWh2YmVKUVlVYm0tSkpWTGFJZnVfY1g2OA?oc=5,"Semiconductor Stocks Slide as Global Bond Selloff Lifts Yields: Intel Drops 3%, NVIDIA and AMD Slip 24/7 Wall St.","""(AI OR ""artificial intelligence"" OR Nvidia OR semiconductor OR technology) (selloff OR ""market fall"" OR ""stocks fall"" OR correction) when:1d"" - Google News"
2026-09-01T12:07:17+00:00,10,"['AI / tech risk', 'market selling', 'macro / flows']",TradingKey,"【US Pre-Market】US Futures and Chip Stocks Fall as Global Bond Sell-Off Deepens; Gold Drops Below $4,400, Brent Crude Tops $92 - TradingKey",https://news.google.com/rss/articles/CBMikAFBVV95cUxNVTRyU0hiQXMxdHFkODNPYkhjVU01cHM1N3dHdmVnRVJxbXFOUjFKQno1c215RkJKLUIxaXlRd1ZQeVNNOFdEN2lTVlR3eEtUbzRFN25JTHgwZnM1ZHR0QVY4bGhkbTNneHRZMk43N0JpSnQ1cHJlN2VIN3JlZ1VDcjZqdEQxYnI0TnZMM2J3T3E?oc=5,"【US Pre-Market】US Futures and Chip Stocks Fall as Global Bond Sell-Off Deepens; Gold Drops Below $4,400, Brent Crude Tops $92 TradingKey","""(AI OR ""artificial intelligence"" OR Nvidia OR semiconductor OR technology) (selloff OR ""market fall"" OR ""stocks fall"" OR correction) when:1d"" - Google News"
2026-09-01T13:38:55+00:00,9,"['AI / tech risk', 'market selling', 'macro / flows']",pluang.com,"Semiconductor stocks fall as global bond yields hit 1-year highs, pressuring AI growth valuations. - pluang.com",https://news.google.com/rss/articles/CBMirwFBVV95cUxQVHo1aHZwaDliYkhsZGNpbzlwRUh0dHUwV1hNUFd5VndsdlI1MW1oZlVPTTIzZ1hlTVpXYkZaSGRzLUcwZzRoSFNEbjZVdThGWTRsc2hxNmZJOXhsMWkzVDlJdUsyRUpzVFNJbzczYTg1X2tRUHBTNU5ZZjY3RUk4V0QxcC1ZZXVxcWk4OURwWVVQRTVGTWgweFpEbmhrSi1jcl9ORTBtem9CYm9WalVr?oc=5,"Semiconductor stocks fall as global bond yields hit 1-year highs, pressuring AI growth valuations. pluang.com","""(AI OR ""artificial intelligence"" OR Nvidia OR semiconductor OR technology) (selloff OR ""market fall"" OR ""stocks fall"" OR correction) when:1d"" - Google News"
2026-09-01T12:36:39+00:00,8,"['AI / tech risk', 'market selling', 'macro / flows']",Blockonomi,"September Opens with Tech Selloff: Intel, Sandisk, and Marvell Decline Amid Rising Yields - Blockonomi",https://news.google.com/rss/articles/CBMirwFBVV95cUxOU2I2YlQ3azV1RkVheThmd0lpU05XU3FxQkFFYzRpZmVwMUF0ZkkxRHU3OU1fd1JERWltMFNtUFl3akVpTGNqYUFqb1kxb1VaTTBtNU1DSl9CU0Jma2daaUYyWjJFeVJWem4yNkRVc2tabmRCcFlxdS1Bb0dpb1NJbWRpZmxnUnJWd1ZWQ29PQjU5dS0tcUx1dEhhWmZ5ZEw0SXNNYXpxSTRRM1pxX0I0?oc=5,"September Opens with Tech Selloff: Intel, Sandisk, and Marvell Decline Amid Rising Yields Blockonomi","""(AI OR ""artificial intelligence"" OR Nvidia OR semiconductor OR technology) (selloff OR ""market fall"" OR ""stocks fall"" OR correction) when:1d"" - Google News"
2026-09-01T10:47:20+00:00,8,"['market selling', 'India market', 'macro / flows']",businessnewsthisweek.com,"Oil Surge, Bank Selloff Keep Sensex and Nifty Under Pressure - businessnewsthisweek.com",https://news.google.com/rss/articles/CBMipAFBVV95cUxQbEtCY3pLdHpDWVFFVEl4aS16akhhUmlqMDlET3pJTFBhYjZDZ2dyZVB0N29aWkZHNGFOa2JrRlozVDZ6bHdlWjVLeDM0ck5nUHdlX3Z1YVJBZFIwNVl1WWhWYWZUZVp6WlNJd2VXTHNvWjRYazZjY21nUW5RTDh0bzA5TUJ6LWhpeUhVZmxMcmtTMHZNOWlHX3ZCUkV0WUJ2Q1dNMw?oc=5,"Oil Surge, Bank Selloff Keep Sensex and Nifty Under Pressure businessnewsthisweek.com","""(Nifty OR Sensex OR ""Indian shares"" OR midcap OR smallcap) (falls OR selloff OR correction OR ""risk off"") when:1d"" - Google News"
2026-09-01T06:57:00+00:00,8,"['AI / tech risk', 'market selling', 'macro / flows']",TradingView,"Japan's Nikkei ends lower as AI stock selloff, rising bond yields weigh - TradingView",https://news.google.com/rss/articles/CBMi1wFBVV95cUxOM2x2cHpDY3ZSTWoxNXl3MkJfdEk3QkR4RGU5bmlnYUNQZTVCb2JFVjZ0ejZSWjVkQnFwR1Y1dE9jWTVFTVFQVGRlelFzdW53MHVxa3piNjFVWFluNlg2SFlEUlMxM3pCSzBncFpUUlJLb1hoRTJ3SWkzMWRmVm1WRXEyU0lJS2QtUDFIYzJETzRsOER1WVN4UVk3d1JpSDVVLTdnb3JEQUt4N0ZyRm1SNVVCRVp2bXRPLWZDYXNtYlRuM1o5MGpuVkNPYVk3MDJaMWNkN01vTQ?oc=5,"Japan's Nikkei ends lower as AI stock selloff, rising bond yields weigh TradingView","""(AI OR ""artificial intelligence"" OR Nvidia OR semiconductor OR technology) (selloff OR ""market fall"" OR ""stocks fall"" OR correction) when:1d"" - Google News"
2026-09-01T05:45:34+00:00,8,"['AI / tech risk', 'market selling', 'macro / flows']",Business Recorder,"Japan's Nikkei wobbles as AI stock selloff, rising bond yields weigh - Business Recorder",https://news.google.com/rss/articles/CBMiUEFVX3lxTE5rWURsYmtEc0MxUl9hcmJsUGJQdmhFM3hHcFNvMUs2TWlaazVCd2tOUUViYVJHOExaQTZXRWVQMHN5amVWOUlfYU56a0s2R3pV0gFWQVVfeXFMUGpHdHFESTA4WlVkRF9PTGRrd043NVJBczhkbFlJZDFBbGtndGVySFpZVU8xMFU4WkJsM3Q3WGpTem51WHdqblllOHc2LU5MLTY3RzltOUE?oc=5,"Japan's Nikkei wobbles as AI stock selloff, rising bond yields weigh Business Recorder","""(AI OR ""artificial intelligence"" OR Nvidia OR semiconductor OR technology) (selloff OR ""market fall"" OR ""stocks fall"" OR correction) when:1d"" - Google News"
2026-09-01T05:35:21+00:00,8,"['market selling', 'India market', 'macro / flows']",NewsX,"Stock Market Today: Sensex Falls Below 77,000, Nifty Near 24,000 As Crude Crosses USD 91 - NewsX",https://news.google.com/rss/articles/CBMiwAFBVV95cUxNTXpqOWFreTFUdk1RMkV2S1dQbFE1WmhmTmhiOENGT1pJanhlZWZ3ZjlYekx0SGNwU2lyLW1tNFpENkgyeDNTdFk0Si01LU96ZmxDUFEycS1LQWFKRGNpal90azBIdFBnbFo4N0ZubXFHTDdMV3FfamVkZzEyY1B1bGU0dGpJa19ONUxrdzJKTTFSVEVjbjFMSlhhSFFnNmgzMDhmVzB2ejlUT192M0I2emhOR2Y2MzJ6VEtwbjBZWGs?oc=5,"Stock Market Today: Sensex Falls Below 77,000, Nifty Near 24,000 As Crude Crosses USD 91 NewsX","""(Nifty OR Sensex OR ""Indian shares"" OR midcap OR smallcap) (falls OR selloff OR correction OR ""risk off"") when:1d"" - Google News"
2026-09-01T02:29:13+00:00,8,"['AI / tech risk', 'market selling', 'macro / flows']",marketscreener.com,"Japan's Nikkei wobbles as AI stock selloff, rising bond yields weigh - marketscreener.com",https://news.google.com/rss/articles/CBMivAFBVV95cUxPd2ZLNFNsTlg2a0J1QktUS21vUXk1Z3BpY3FweW1UUDRtYkg0Q25HZC1wV3JGR2F4WTZUTTlxMjh5bHlMdUd3cjlhNUhmMUk5T0ZCdVgwb2k2WmNoZkhNVDcxbFhIZ09vb0dDVENBMV9lZDlVdWlnY19zNHN4T0tFWExtMkhaaS01c2s0U2xfcThYYmt1a3VHNU1taW9DTDlZamJJQXZ0enJ4ZkpJVzZOcjU2bTJ2ZVRMVnMxVA?oc=5,"Japan's Nikkei wobbles as AI stock selloff, rising bond yields weigh marketscreener.com","""(AI OR ""artificial intelligence"" OR Nvidia OR semiconductor OR technology) (selloff OR ""market fall"" OR ""stocks fall"" OR correction) when:1d"" - Google News"
2026-08-31T22:12:12+00:00,8,"['AI / tech risk', 'market selling']",Stocktwits,SMCI Selloff: Analyst Sees Dell Poaching AI Server Market Share After Super Micro Chip Smuggling Scandal - Stocktwits,https://news.google.com/rss/articles/CBMi-wFBVV95cUxOOHhhZXJrVkpWNGJZVlp5dDB5YWZsLTdNYlpOWEIxV3RIRkpycXhMTE1femVmVk9LZWJHU0RrWHBETFZTbm9IZVFCMG91UGJKbkp6T0tlclNudlp5eUc2OE1VVEllZm93WkNxY0QwVXlXeGlEZ01kSVdJSVRud1ZwTmM0ckNlTXZDdldaM3dlVW1PcExOWGZ0U3pHUFdmajMxT2ZoMm0zMkloelBiMVNIblMyWlJtcmdBU3FWNG1xVzFqcUxkMEl1YUJqTFhSVzZ5TlYtaDlMRVVCZDhQN21PbzdVSFVLX3d3emdYVlZTdnVnZGlGeXByOVZ5Yw?oc=5,SMCI Selloff: Analyst Sees Dell Poaching AI Server Market Share After Super Micro Chip Smuggling Scandal Stocktwits,"""(AI OR ""artificial intelligence"" OR Nvidia OR semiconductor OR technology) (selloff OR ""market fall"" OR ""stocks fall"" OR correction) when:1d"" - Google News"
2026-08-31T21:01:40+00:00,8,"['AI / tech risk', 'market selling']",AD HOC NEWS,FET stock falls as AI token correction deepens - AD HOC NEWS,https://news.google.com/rss/articles/CBMiqAFBVV95cUxNT29YSUVzbmFFTDN5eHVDRkRVVlhKUXpIeEpRNm5vdThXUUlEMTNXOWstazJxemlDVWRiRW1hSGU2cU9vTmhiMGpxX1hOUWdlUC1neldJVVdiX093NUhGcHhWZVJzX1ZWcy1adU5Rem1TMDFvVk12d1hRNFhCVXBmeUtRMDR6dS1PNWhOUVRLdFlBNEdJcS03OGg0dTZfRDhNazdCckNZUzc?oc=5,FET stock falls as AI token correction deepens AD HOC NEWS,"""(AI OR ""artificial intelligence"" OR Nvidia OR semiconductor OR technology) (selloff OR ""market fall"" OR ""stocks fall"" OR correction) when:1d"" - Google News"
2026-09-01T10:29:08+00:00,7,"['market selling', 'India market', 'macro / flows']",India Today,"Markets end flat as oil, global rate fears weigh; IT, FMCG cushion fall - India Today",https://news.google.com/rss/articles/CBMi0gFBVV95cUxQZDVHU3ZiNFhoUHprajBRMW4wcXNodVRhbGQ5ZlRWUWQwNWZkVnE0RC1RR2VGZkVXQjcxTWFVX1pzSktKV2RBWWRBVDFILWsxTV9nWl92MUdYVk1nQWJ6Nl9LZkM1ekt2M2hpa1FMckV4c2tBdVlUR0hiT1hqYVJYTTd4NEI3SGVfWDEtNlE3WTNXeDh3d0prSUlsTWNzZ0pUUExpTG1NdUt4cVJFMkJ3R1RKLUJBQ21OZ2REckpRTzRFSW9FZHI3LTVlQ2FSUGpzNnfSAdIBQVVfeXFMUGQ1R1N2YjRYaFB6a2owUTFuMHFzaHVUYWxkOWZUVlFkMDVmZFZxNEQtUUdlRmZFV0I3MU1hVV9ac0pLSldkQVlkQVQxSC1rMU1fZ1pfdjFHWFZNZ0FiejZfS2ZDNXpLdjNoaWtRTHJFeHNrQXVZVEdIYk9YamFSWE03eDRCN0hlX1gxLTZRN1kzV3g4d3dKa0lJbE1jc2dKVFBMaUxtTXVLeHFSRTJCd0dUSi1CQUNtTmdkRHJKUU80RUlvRWRyNy01ZUNhUlBqczZ3?oc=5,"Markets end flat as oil, global rate fears weigh; IT, FMCG cushion fall India Today","""(""broader market"" OR midcap OR smallcap) (selling OR correction OR fall OR volatility) India when:1d"" - Google News"
2026-09-01T09:19:19+00:00,7,"['AI / tech risk', 'market selling']",Cryptopolitan,Japan’s 10-year bond yield hits 3% as AI selloff rattles Nikkei - Cryptopolitan,https://news.google.com/rss/articles/CBMifkFVX3lxTE1VRWlRaEs4QXFDOFdmUGx0cGp3aTZFSlFUX3pzMF91NE4wVWp0ZXdfVjhmRUFFbnZLMjBlWVI0dG1kQWhJa2hlN3A1TWplcVRqallWZjQzc3pRYWw5LU1WdWdNV1h6M21teDFncGlFclpSTVdPREFneHB6aWo3dw?oc=5,Japan’s 10-year bond yield hits 3% as AI selloff rattles Nikkei Cryptopolitan,"""(AI OR ""artificial intelligence"" OR Nvidia OR semiconductor OR technology) (selloff OR ""market fall"" OR ""stocks fall"" OR correction) when:1d"" - Google News"
2026-09-01T09:08:42+00:00,7,"['market selling', 'India market']",Dalal Street Investment Journal,"Sensex Falls 176 Points, Nifty 50 Down 92 Points - Dalal Street Investment Journal",https://news.google.com/rss/articles/CBMinAFBVV95cUxNTUJVcktQT005RkRGZmV5dV83eTRIaW5UU1lJLVI5UXAtMFUwQ3NBRy1EdlgxUVBGMElrLTI2OExqYms4ZVFRX3dUZ21Ud0U1MENuTml6OFd3NjJ0N1lpTE03UEhqMHFVSkdtSFhidWRNdkc5YWRQSW8wOTlPVFBtZUNwb0ZsRjQ4QjZ2ekdSWGFVUTdJckZ1Y0ttTTA?oc=5,"Sensex Falls 176 Points, Nifty 50 Down 92 Points Dalal Street Investment Journal","""(Nifty OR Sensex OR ""Indian shares"" OR midcap OR smallcap) (falls OR selloff OR correction OR ""risk off"") when:1d"" - Google News"
2026-09-01T08:29:55+00:00,7,"['market selling', 'India market']",Goodreturns,Indian Stock Market Falls Today As Elections Cheer Fade: Why Sensex Fell 620 Pts & Nifty Sank 197 Pts Today? - Goodreturns,https://news.google.com/rss/articles/CBMi2wFBVV95cUxQSEdiSGFqdzRTVWY4bDdEenB6LTJiTjYwNS1RZzVBN2VPdDRyWlFaOGlWdTE5NzJxMm5QNElWbV9Gc0dObGtudGh0alcyNjBYdEtaTThBNjFjT0VRTFFfOXVERjJ1bzVESmp1bzlwT2FpdXFkMzlWQXVCNXFMVHpNdkZEc2QyLWtiNkUyZVNBN2RMU2otemVmc1NHSEx4cUdONjNOb0Eyd3dPRTFxUmxISV9UNUNwUDZOaTFuUEo1NmRmcG1RaG1EeDRRRkh1bjgxWGc0Y1dvdXRtblE?oc=5,Indian Stock Market Falls Today As Elections Cheer Fade: Why Sensex Fell 620 Pts & Nifty Sank 197 Pts Today? Goodreturns,"""(Nifty OR Sensex OR ""Indian shares"" OR midcap OR smallcap) (falls OR selloff OR correction OR ""risk off"") when:1d"" - Google News"
2026-09-01T05:13:00+00:00,7,"['market selling', 'India market']",Mid-Day,"Sensex falls over 120 points, Nifty down over 50 points in early trade amid US-Iran conflict - Mid-Day",https://news.google.com/rss/articles/CBMi6gFBVV95cUxOWmxKSElqbFFxVk12eW9sRW9FdkVTOFR3OWJoeS1XTEVHZXRjU3pxX1BLMHBHekhnVlNWb1RKUlVDYW9wVHNGUjI4U3ZpVkE1UXpHZlZTWW5LOWZZYVlaWV9pTzF3OC0xOURuUzl2VmEwVGV1NGhjb1dDZ0lGeUZJYk8taUUxczFEbnV3TDdYdEpRMk8zTjBOZGVpZFdKWkhOY1RXMHh1WDgwLWxkWGFWQTdiZmVqYXlQR0YtSFhoRnJWbWRyUWotYW51eWtKb205S3dvRkN3TlJLLVctV05OZ0dIWUNQa19uelHSAe8BQVVfeXFMUFAyQ190X1JpeVdpRHl0eWRqeDdsMGlOY2xQMUh3VU15NkJiWU1UN3A5MzhTT0RnUFM0YU85aHF2d1pEajRBWDV1WmEySnlqTk1OYjJ6N2g2eDd1NUx2czJkRWY5LTV4dEhOdzM1bWs1QW83MEVpNGJIeUd2WTE3VG9WdUR3c0YwSl8xUTJMR2pISjhLWm9VdUJWZVIzaFJtWUU0eGU1T2xuOXNPcEFIOXJ5U0FuRHZ5cV9lZlUyQ1Ruc0hFQ0VoN05GTVBMdlpQTmVxOFVZVkRid3V4bkZ0M0JMRUdYOXpYLXFvNjVIdkk?oc=5,"Sensex falls over 120 points, Nifty down over 50 points in early trade amid US-Iran conflict Mid-Day","""(Nifty OR Sensex OR ""Indian shares"" OR midcap OR smallcap) (falls OR selloff OR correction OR ""risk off"") when:1d"" - Google News"
2026-09-01T04:11:35+00:00,7,"['market selling', 'India market']",Bhaskar English,"Stock market falls: Sensex down 100 points, Nifty trades near 24,050; pharma, realty shares under pressure - Bhaskar English",https://news.google.com/rss/articles/CBMiwwFBVV95cUxQYnhtaTV0OFZPdmlOWjZwLXExNkZxY2ExeE5oaVRrWGhDbFFBc1VVOGpJMXYyN2RUcjFHdkFCZWlySm45QklsWERUYkp3S1RPWG5Ib0swVW0yb24td1BjcXNnajh1WFI0Q1FMRHg0NGFHdGNoeGdENGQxZmxxNENwc3QyOWRwd2VQQWQybW5qZmJobnUycFhJR256alhndmNKMWFpWHpzSUUwT0UxTkNBTGpEeWZPdkNXX0p1VU9fNzEzZWvSAcgBQVVfeXFMT3Y5M20xa1lEcld6OV9nOXNUcXFYQjlyaDNHX3J6Z0VZTDBNSjlnNnRFcjZ2U1U5Vkd6YzlzblhSTGlyRmdyRlF2QzJOQWVWSFNuaTFZdW1WcU9Xc2lIMkZ0dHdMdHRxZ3NuSlZ3U090WjNPeElZcnQ5NGhSaDJoeTM1Mnlvd3R4WHdqV01XY1o4bWtzYUpuMjdRczMxR2JUVDZkbVF1ZGE1YkctZ0Q1cDdTaFFCMWlPaFBKSDRRU2tKd3dCeWJWai0?oc=5,"Stock market falls: Sensex down 100 points, Nifty trades near 24,050; pharma, realty shares under pressure Bhaskar English","""(Nifty OR Sensex OR ""Indian shares"" OR midcap OR smallcap) (falls OR selloff OR correction OR ""risk off"") when:1d"" - Google News"
2026-09-01T04:08:18+00:00,7,"['market selling', 'India market']",Dalal Street Investment Journal,"Opening Bell: Sensex Falls 38 Points, Nifty 50 Down 31 Points as Global Markets Decline - Dalal Street Investment Journal",https://news.google.com/rss/articles/CBMizwFBVV95cUxQaUswbmJnZnAzbzh1Y09HejFHdDZQY3hCSlp4Tk5TSVdnRVpfaGhGaGNpZ2gzZlZZaUNvdWNaTmtuLUR6MU5DYlhhSXBxUXFnMFE1R3RYNEFkRVRjVjdSdHc1NUFWOFdUTm5Yc0V4TDROMUdOekZIWXctQ0dTUm1QLU9UYjJ6US16REZjOExVSzNsemFYRGg4OHRNdVNKT0NUVDhPWmpIaVVOS2FwbjZhTk9jVUhlekFPVGF6eHdvUnl6MHZnbDEwaU5RNUotZms?oc=5,"Opening Bell: Sensex Falls 38 Points, Nifty 50 Down 31 Points as Global Markets Decline Dalal Street Investment Journal","""(Nifty OR Sensex OR ""Indian shares"" OR midcap OR smallcap) (falls OR selloff OR correction OR ""risk off"") when:1d"" - Google News"
2026-09-01T02:09:26+00:00,7,"['AI / tech risk', 'market selling']",Stocktwits,"Nasdaq, S&P 500 Futures Sink As AI Stocks Extend Selloff: Why NFLX, NBIS, SPCX, TSLA, DJT, SLS Are In Focus - Stocktwits",https://news.google.com/rss/articles/CBMilgJBVV95cUxOQzZuaXJLQW9qY1I3YkNFclpxdEFoaGxUUGVlcjBLYm1aLWplVUJqekJxU3RETnFUb1cwNDJMdmpueHBOajhXM1lLcHUwVlBscDMtYlFtZHV5MjRTOVhwWXNCcDFvX3BsTm1GbGJ0M0lDMGZDZDlmaEZtYzB1cGpkUW5TLTl3Wkt2dmczRlIzbUM0MkpWQWE0UmRWQXV0cXI0Z0ZQRlI4SF9RVGJHdEVTdWd4eUl4MjRhWXhoSlc3dVFZWjhDNGlFZEM4cDBmVkVvUTNCRldmZUh3MFJRRkFPekR1aF93SWNqeGhoZlZHWUtJN2pMZEN1TFNlbGlPM3Uya0d6UWdKMTVOdm1kXzBCS2hEMkZudw?oc=5,"Nasdaq, S&P 500 Futures Sink As AI Stocks Extend Selloff: Why NFLX, NBIS, SPCX, TSLA, DJT, SLS Are In Focus Stocktwits","""(AI OR ""artificial intelligence"" OR Nvidia OR semiconductor OR technology) (selloff OR ""market fall"" OR ""stocks fall"" OR correction) when:1d"" - Google News"
2026-09-01T01:39:41+00:00,7,"['market selling', 'India market']",financialexpress.com,"Sensex falls 83 points, Nifty slips below 24,050; ITC gains 3.8%, Adani Group stocks rebound - financialexpress.com",https://news.google.com/rss/articles/CBMihgJBVV95cUxPbmFfQXRmbUFUcWNzM0VTU2g0QnEzMnhWZ2Nxc21haUVYcTFlRE10clNVa2dHU05veElWakw3d0ZmMVo1aUMzQ19tYVVqanJRS21iUXNUV3F0Wk9EVEpweTFpcXd0TWFENGVZQ0ZFbUZob1RYMnE0eWdDQjhtcUpydS0zakk1c0ZIcFdjalZoMUpJb0tnNmk5LXc0LXFJLW9CTEMyYnpSZU5qT1VhSmRqc3BYb2Y3anZEX0VoeFcydnhibFVsRXVocVYwMlVwZ2Nuc21PUG8tdW9uaDdFRUs0ZXR2a1h4RTh5TkRfMVRoR1FBRXF0X3dvUWFwQk9STzBkZkpQcm130gGMAkFVX3lxTFBKR1AtNUF0MUpFdGxpY1pzSFdMZmdhZUJlY0g0Y0xyVkFDWFV0T3ZGNlF4S0M3UHNfYlVyNmk5VC1aTGJ4b2l5YmhJNnJ3RHJIemdSS0Rra0tzdHNKMm4yckFZa0ZBSzBxang3N3ByemlFcGlsYzJMNzM2MGduLWh2ZVM1b3V5RWhGQVU3ZVNvN3EtUGdnaWU2SEk4eENmcVlNeGdtMk1NdVRKMWRkOHpETHRsVm1xd1Eyd3RDaGp6b3VJcVJKN1l5NTFrVDdEeDlLRU5xaWkycTdyVEdqaWUzZ0psaDJjYWJjdDFSMHJMQ2E3aUNzbjExWllsZmNaVGNURFMxMHpRdmdCM20?oc=5,"Sensex falls 83 points, Nifty slips below 24,050; ITC gains 3.8%, Adani Group stocks rebound financialexpress.com","""(Nifty OR Sensex OR ""Indian shares"" OR midcap OR smallcap) (falls OR selloff OR correction OR ""risk off"") when:1d"" - Google News"
2026-08-31T21:13:25+00:00,7,"['AI / tech risk', 'market selling']",Stocktwits,"Broadcom-Linked AI Selloff Hits Samsung, SK Hynix Stocks In Korea: DRAM Eyes Second Day In Red - Stocktwits",https://news.google.com/rss/articles/CBMi7AFBVV95cUxPZGdWamN1aDBNUzI2dGpKbWlLTW5pcy1mSWJwUlc1OWNJeG5hZzJOT2RuNWRfN0dYNTZGMkxsVVdiaWlPMW51R0wtNUh1SHRkVGk4RUNSV19nc0tPb0VGd2NpYm9IWDNEc2RmaVlzSjYxOFkwdXFoQTRLVnhuQVVxR3czaFlhUTIxT2NWaklDRE1NZzlJSTY5WDRRcHM2RXRta296X1gzckhMMXlVMWRYTmxnazFnYjYyV1NqcGIycEtfay1UQVZDODdhWnhXeExWOWVEMDQtcExYWjZMRDFleG14UWk3TERFY2NiTg?oc=5,"Broadcom-Linked AI Selloff Hits Samsung, SK Hynix Stocks In Korea: DRAM Eyes Second Day In Red Stocktwits","""(AI OR ""artificial intelligence"" OR Nvidia OR semiconductor OR technology) (selloff OR ""market fall"" OR ""stocks fall"" OR correction) when:1d"" - Google News"
2026-08-31T15:30:16+00:00,7,"['market selling', 'India market']",IndiaIPO,"Sensex falls 307 points, Nifty settles below 24,100; what happened today - BusinessToday - IndiaIPO",https://news.google.com/rss/articles/CBMiuwFBVV95cUxPamRUOXpfcnN5QkFNa1d4RGRJS0ZQTEVhdmJxd3pzZ0hWbThLRVFrSWVUSGlINXNMY1FpZVNNZmYzQ2t4dUhHZUZBYXZhMFhsNkQ2LThyZmdpTXFpbHotN040emJuNVR4bWtPbTIxeG8wRzlIZUc3UFJEQm1JcXhIMmZ5d2hYaWdfY2pOOWoxY0tHREl2XzZDdy1XVUsyMEZFUHJCMnlvLUd1b0kxSTBOZ0lWNDdNT3hKZ0dZ?oc=5,"Sensex falls 307 points, Nifty settles below 24,100; what happened today - BusinessToday IndiaIPO","""(Nifty OR Sensex OR ""Indian shares"" OR midcap OR smallcap) (falls OR selloff OR correction OR ""risk off"") when:1d"" - Google News"
2026-09-01T11:46:21+00:00,6,"['market selling', 'India market']",Business Standard,Quick Wrap: Nifty MNC Index falls 1.57% - Business Standard,https://news.google.com/rss/articles/CBMiuwFBVV95cUxQcThzMzJTRmZhU3ZmckhWZ3ZxanhuWDlhWlY3dVZ2Ym1QejBUc0ZtSlA3NlUtRWJjMkU0MVdWeHFEZEZHZEk2c1d4QlBLbngwa1F0ZHNFdkxMUGswbTJ2WTl1WFRpNkhaZzVYOGdnWmg1QnhQSkRyT1VSOUd0WlZKMWl4ZU5vT1ZlTkxCdlE4ZWFxb3JSTXhWMVVlZjl5a05zaG9ESjNvdXVDNmhkNTFzY0FzM2N5aEdVdWxn0gHAAUFVX3lxTE1ib0FNYXAta29zSkl2WGJJQmNuTlBWNnBWZnlRS29jclY4RjJhTXlpczFfcjgwOU1kLUdQeG8zWmJaQ1NLNHZ6V1dYd3JIbzY3TTFQSTRYZUs2RXpCSUp0dDJpLXhTdUd0MjU3N0FHUS15LWVmSTdXaU1nbHYzUW5nZTZyaGg5VWdYWXlSa3BveWZ4bG5xQ093NFdmeFVmRnZPNkVjQnBHT0tCYkdoMzlPVmZ4T0ctNGlKUnB6Ymhfbw?oc=5,Quick Wrap: Nifty MNC Index falls 1.57% Business Standard,"""(Nifty OR Sensex OR ""Indian shares"" OR midcap OR smallcap) (falls OR selloff OR correction OR ""risk off"") when:1d"" - Google News"
2026-09-01T10:23:39+00:00,6,"['market selling', 'India market']",Upstox,"SENSEX, NIFTY50 fall for a second straight session dragged by banking, auto shares - Upstox",https://news.google.com/rss/articles/CBMi1wFBVV95cUxQZTlQb1VaS3c5Vi1tMWFBUzBIMUJwNGVsbWxWMFRkem9IR3M4VXUwaERjNHNkeTAxeG1ycGlLLXRHOFRrcDZ1LTIyTGE4NW1EbFBjUi1vaV9ncVhqTFo4aWh4RTJRQmgzb096ZXAtU2V1MkdtQm9zSVVYelgwRmVaWTJjRmhva1JTUjhhVnJFQWo3Ml9ZY3ZPWE1nVzdGS2NNZ19aRzA5QzlRTjlWYjRoR2MwbGxSNEYwMlBWUEc3VUJ2LTVnXzNoSWFMMXdDbkQxbWZNTkxuVQ?oc=5,"SENSEX, NIFTY50 fall for a second straight session dragged by banking, auto shares Upstox","""(Nifty OR Sensex OR ""Indian shares"" OR midcap OR smallcap) (falls OR selloff OR correction OR ""risk off"") when:1d"" - Google News"
2026-09-01T09:58:33+00:00,6,"['market selling', 'India market']",Business Upturn,Nifty 50 Falls as Indian Equities Close Lower - Business Upturn,https://news.google.com/rss/articles/CBMimwFBVV95cUxOYWhOS1dLb0dUXzBlY0FuSzRsM3UzZ3N0bnNCLVNWQkpWcXNJcDRSX200elJUOVZKaGhVVzRhTWJlYi11eTBHOWhxdUZnVnlRWDNuMG9UbUNWZmVDblpUMkNpdGxUNmpNR3FfU0NLb0ZyLTBJYXlMU2c5c3Yzb1lxV2ZpRkM4T202cDJsSUpJRGprem1qTjdmRUdBZw?oc=5,Nifty 50 Falls as Indian Equities Close Lower Business Upturn,"""(Nifty OR Sensex OR ""Indian shares"" OR midcap OR smallcap) (falls OR selloff OR correction OR ""risk off"") when:1d"" - Google News"
2026-09-01T08:10:40+00:00,6,"['market selling', 'India market']",Whalesbook,"Nifty Holds 24,000 as IT Stocks Offset Banking Sell-Off - Whalesbook",https://news.google.com/rss/articles/CBMixgFBVV95cUxNSlJFYmxpWjBtNUlYS1M3MzJNVVpmZnFVTXVJM3YzbFZaQ2Y0T1BGVFlUUmRPelpJYVo5Yl9WTXl3NzZTZXRKYlVGS2FGTEdEWmhPa1hMd2JydWp6WTdCZ1dmc0s2MEl3R1hka3BCSlk5YWRnWjVkVzhEcW5XVGdicEFHeGRadTI4RGxVUHB5RFFCTklhVUNRWDdBUE9odlBoYkdLa0Ffd2JoNEZxRXA0VEpLUlR1Vnp0OVRGemVSNUg0Vng5OGc?oc=5,"Nifty Holds 24,000 as IT Stocks Offset Banking Sell-Off Whalesbook","""(Nifty OR Sensex OR ""Indian shares"" OR midcap OR smallcap) (falls OR selloff OR correction OR ""risk off"") when:1d"" - Google News"
2026-09-01T08:07:34+00:00,6,"['market selling', 'India market']",NiftyTrader,"Bank Nifty Falls 700 Points From Monday’s High, Tests 57,300 Support - NiftyTrader",https://news.google.com/rss/articles/CBMie0FVX3lxTE90aEdGVFhzd0FjLXVVTnZVUzI2VkRoYXF5TWo3RHc3S1dOOS1yWWw2ZHBOU3AxaWhzalVucTJTVlRucjI4N3BJM3RTMnl0d3c1Ql9pNnVROFkza1JKVkZEbTM3MEV5cnpFNUZqSjNiWUFMb0dhTk9QTVEyRQ?oc=5,"Bank Nifty Falls 700 Points From Monday’s High, Tests 57,300 Support NiftyTrader","""(Nifty OR Sensex OR ""Indian shares"" OR midcap OR smallcap) (falls OR selloff OR correction OR ""risk off"") when:1d"" - Google News"
2026-09-01T07:27:49+00:00,6,"['market selling', 'India market']",Zee Business,"Bank Nifty plunges 700 pts: Big reversal after CAS rally; Yes Bank, Axis Bank, IndusInd Bank lead fall - Zee Business",https://news.google.com/rss/articles/CBMi3gFBVV95cUxQYzRBVnZSUVVhTm5pZmxIWURYTng1TnI1ZUNOYmxYbTFzT1I4UUZpdXNrVXJHV3k3SHU4ZEJ0UmlMZ0NGWVdHU1lLN3BPNmh0cEhwV0dYSHlmd3l4dGlEdEVBQnl4WW4wVktUZUE5WTRROXNLR0FzOHRHTHE5SlFLNmNOZEkxZTJwZDNyRzdnbVZQSHMybTh5ZE90OVZHTEQybFE0eC1xS2J4QTBuNHUxRG5JSlhmM2l1bkVXODZHZk90Q3FWZF80TlRjNF90Y2pZc0dBdDFIdFVkRjFDYmc?oc=5,"Bank Nifty plunges 700 pts: Big reversal after CAS rally; Yes Bank, Axis Bank, IndusInd Bank lead fall Zee Business","""(Nifty OR Sensex OR ""Indian shares"" OR midcap OR smallcap) (falls OR selloff OR correction OR ""risk off"") when:1d"" - Google News"
2026-09-01T06:59:12+00:00,6,"['market selling', 'India market']",Moneycontrol.com,"Bank Nifty falls nearly 800 points as CAS-driven surge fizzles out; Yes Bank, Axis Bank lead losses - Moneycontrol.com",https://news.google.com/rss/articles/CBMi8wFBVV95cUxQdS03STlnR3VYdGsxS3RYX0dkWENKZHZULXRKeEdDVnNKVHJLVnE5N0t6aVVRLXlIeEc1NjVPQ1ZMWkFBcTF3MnQwYTRPc09MWGc5b2NMWF9lNFRLLWw2VmxtT0tDVmxReWxoazdoTTlzNXdMU3FVaWZyNWE4R2lmZzRoYm83MWN4U0x1NnBsbEJjUDUxOG1NNHhNeHJyYzFBZ1N1bVNtS0lTZGdfeXotSmNoUXVZXzQyQzRITG1VNW1YRDYzaFdUMW1VOW1vN2JHSUtNcmFacXNFc0MyMVFfRnF6VGdCcDhqRTZlWjF2OWtiSWfSAfgBQVVfeXFMTi1yUGVOZ29waFBmdDZRaTFXdUp2c1ZJV0FKWXhDZW1IOFhuMVNIQ19CRWgxWThMQVIyOTNHdDZaNUNGQjU3dno1MnZNZzNtNDdEME5NSDhpUERTeWpvSk9ad0tYQWFWOWF1TTdGaFVrN3VjY29BRExUWFdOTHFPbmltVmI4S2tFOW40ZVYtRVpPZXdHLXRNM2xnWUVMRm5GYUpfSER6YlJrY1NqRGpfZXkzU3BIRlBwSVUxLXp6MW1ZQTNTN1dtX1pCeHlsWmFqc3VVenhYQzdhQXQtRjA2R2dfOUNTTDVlS1FXSXZvTG5kMG5vRTdCWG0?oc=5,"Bank Nifty falls nearly 800 points as CAS-driven surge fizzles out; Yes Bank, Axis Bank lead losses Moneycontrol.com","""(Nifty OR Sensex OR ""Indian shares"" OR midcap OR smallcap) (falls OR selloff OR correction OR ""risk off"") when:1d"" - Google News"
2026-09-01T06:59:00+00:00,6,"['market selling', 'India market']",TradingView,"Bank Nifty falls 400 points today as CAS-driven surge fizzles out; Axis Bank, Yes Bank lead losses - TradingView",https://news.google.com/rss/articles/CBMi8AFBVV95cUxNVTBJQjhZQTFiZFZOai1WTkpVUkV3dkUxdTBQa0NBQ1BfVkxFRHRtX3hYbU9RZmp2eW5vTzNlODNhWHZ5OFBPUl9mclYwSC1TZEp2aTM1R3EyLXdDbFBCdG51RTBydXg1Q051a0FSOUcwaGFVRjRSSTM3akE3OWdWUURwYzhYa3dwQTdpNG5wR1h2YWtZZVhwdDFwX01NeG9BeU10anZJYmo1SU0ySkx0V3U5clJzdDlnUHJNeG9ONEVJeHh3WVlISEFxaG9jNVFacGdoYW5DaEV2anB6Y3dScy0yQzJEOVlxV2pLU1hJZUI?oc=5,"Bank Nifty falls 400 points today as CAS-driven surge fizzles out; Axis Bank, Yes Bank lead losses TradingView","""(Nifty OR Sensex OR ""Indian shares"" OR midcap OR smallcap) (falls OR selloff OR correction OR ""risk off"") when:1d"" - Google News"
2026-09-01T11:15:00+00:00,4,['India market'],The Economic Times,Bank of India Credit Risk among top 5 mutual funds that beat fixed deposits in 1 year - The Economic Times,https://news.google.com/rss/articles/CBMilAJBVV95cUxOVzh0bU9veUxyUjltek1PaER0QXphMTZBTzJKNlEzZU8wQXpuZ2ZzNTh0eGtEcWhpaG5tcV9QS1BSS3YtaXpWTkt5cmhSbUdPMEM5eWFMaWhvNFgwRFZBZmpuZ1lrd0tRQUJNZjJ4NnJXWnNfMUplR1dBQjZrX2dJTHhySHNNMTFJUTNlOGZKM1RKYk10b3huZGNzVlNINkp2cHcwbWdhbEJndlpXSnZfcDJNQ1VGdXN6eUY5bGFCMlZta3lBLVVHOUNKS2VVZHFMa0tfZWtzUkhmNVJNUDVmcDNBQU44d1p0dUV6TzVQbVY0M3RsUkFWdHprSnRMdHVnV0hWdURxbmVGQUV4QTZjRk03aU4?oc=5,Bank of India Credit Risk among top 5 mutual funds that beat fixed deposits in 1 year The Economic Times,"""(""mutual funds"" OR SIP OR AMFI OR FII OR FPI) (India OR equity OR market) when:1d"" - Google News"
2026-09-01T08:52:36+00:00,4,['India market'],The Economic Times,"HSBC Mutual Fund’s RedHex Hybrid Long-Short Fund crosses Rs 1,000 crore AUM with nearly 2000 unique folios - The Economic Times",https://news.google.com/rss/articles/CBMigwJBVV95cUxNQmw0ZnVDOHNOWTRqMDJMNV9TZUNqRjRXTWZSblhCUVRLZnVrWDdZLTZsTjRjUXZ3M1Z0MVN5Tld6T2UxQXRwRi1FbjBCa2JZVG1fa2xoWXdVbnhpWEJoVURhTkQ0UzNQSWtDZWtYY3FoNm5fLTBsck5sSWgxRmJsNlZxMUJURTNYVFdjWjFXT3kwdEhEcDFZMDdKRlZsRVVtZHpWTTdjTFBpN01YeFktcFV5WENQd01DeU0zWlhxdlB4b1VNZDlMTFJIRHpiYlIzbTJDV3BLNGxiU08wbjc5MVIxVXlFWG5QNVBDQ0FrUmFvR3d1Um0wS3U5bUszTkhRR2Vr0gGDAkFVX3lxTE1CbDRmdUM4c05ZNGowMkw1X1NlQ2pGNFdNZlJuWEJRVEtmdWtYN1ktNmxONGNRdnczVnQxU3lOV3pPZTFBdHBGLUVuMEJrYllUbV9rbGhZd1VueGlYQmhVRGFORDRTM1BJa0Nla1hjcWg2bl8tMGxyTmxJaDFGYmw2VnExQlRFM1hUV2NaMVdPeTB0SERwMVkwN0pGVmxFVW1kelZNN2NMUGk3TVh4WS1wVXlYQ1B3TUN5TTNaWHF2UHhvVU1kOUxMUkhEemJiUjNtMkNXcEs0bGJTTzBuNzkxUjFVeUVYblA1UENDQWtSYW9Hd3VSbTBLdTltSzNOSFFHZWs?oc=5,"HSBC Mutual Fund’s RedHex Hybrid Long-Short Fund crosses Rs 1,000 crore AUM with nearly 2000 unique folios The Economic Times","""(""mutual funds"" OR SIP OR AMFI OR FII OR FPI) (India OR equity OR market) when:1d"" - Google News"
2026-09-01T08:50:30+00:00,4,['India market'],The Economic Times,Every equity mutual fund delivers positive XIRR on SIPs in 5 years. Did you exit too soon? - The Economic Times,https://news.google.com/rss/articles/CBMi6gFBVV95cUxPb0ktd2tualNKVzZub242RU5OamtHTUIyWWZnaFl1ckNZOUViaHJwV3ZZMTFnMUEyUUUxVV9qcjQ2SWcybElZQkdvMGJKNlFlWEhQS0Njbk9NZ0VKX2NqWWZmNDhOU0hjZWJ5VS04Y1E0MWxqd3p1VU83cjJjR0RzU2xDZEJfc3JaNklGTU42elo5ZG1lZ2R3R2EzVU9zQXQ0QjVuSXkxWmJMalJmMGJEY1U5RXJUSUNUQXRCUjVuTlM1V1FTTDEyQjdZMm5lakFXYjV5Nl9uaW1BazJEOEdSRG1tQXVSVHBPLXfSAe8BQVVfeXFMT1J1ZVVOa2oxZzE0ZzFPaUpraVBKLWZnOFNDcEQxZUlzaTJKTE1jTXZvaW5hSno4VkJnd0ludjlfNEdEZW9RN3FlUW9Pc19JMEQxc1B6djl2a2RUdmFPeGdRNldYOHYtaVZRamwwTU0wV3NXZUFXc2RlQXNjanRTa2NYcGlIc2dzYXMyRVFCM3o5YW9LMm5UZWNmWUNMWnc5cFZpdGlQRExPQ0czVjFHdlJkNGt4UTl6cVN0Y0RGZWZfa2tfXzN5XzNzN2kzUWVTRW5EQ2tKOUo3UGF6X2tRaVkxLVhoWDBjTkJ1Z1dPZmM?oc=5,Every equity mutual fund delivers positive XIRR on SIPs in 5 years. Did you exit too soon? The Economic Times,"""(""mutual funds"" OR SIP OR AMFI OR FII OR FPI) (India OR equity OR market) when:1d"" - Google News"
2026-09-01T04:22:48+00:00,4,"['India market', 'macro / flows']",Free Press Journal,"Stock Market Opens Cautiously, Sensex And Nifty Slip As Crude Oil, US-Iran Tensions Weigh - Free Press Journal",https://news.google.com/rss/articles/CBMizAFBVV95cUxQd2NTZVVQUFNIYmRJb0huVU4xSG1zZUZOdDFadFpnSjN0UUF5ZEVHWnctQkdjN29PZ09kM3RPMlFqNUFoMXJ4LWc2ZXpBdFJRcllQM2VvRUp6OGZqZHBTMTMxX0lTcDdMZm1YQTAwb20tLUFXRWNiWVYweGVOVmFpeTJnQkVKbU5BTGtodURtWlV3Zl9wTlM3Wm1Db1hlNWV4THF2MTVuQTRwRjBZVDVGUlVGbVp3UE1TN29rRzFhaGtnVVVxc0V3Skc4MkPSAcwBQVVfeXFMUHdjU2VVUFBTSGJkSW9IblVOMUhtc2VGTnQxWnRaZ0ozdFFBeWRFR1p3LUJHYzdvT2dPZDN0TzJRajVBaDFyeC1nNmV6QXRSUXJZUDNlb0VKejhmamRwUzEzMV9JU3A3TGZtWEEwMG9tLS1BV0VjYllWMHhlTlZhaXkyZ0JFSm1OQUxraHVEbVpVd2ZfcE5TN1ptQ29YZTVleExxdjE1bkE0cEYwWVQ1RlJVRm1ad1BNUzdva0cxYWhrZ1VVcXNFd0pHODJD?oc=5,"Stock Market Opens Cautiously, Sensex And Nifty Slip As Crude Oil, US-Iran Tensions Weigh Free Press Journal","""(""broader market"" OR midcap OR smallcap) (selling OR correction OR fall OR volatility) India when:1d"" - Google News"
2026-09-01T04:01:09+00:00,4,['India market'],The Economic Times,Best mutual fund SIP portfolios to invest in September 2026 - The Economic Times,https://news.google.com/rss/articles/CBMiwwFBVV95cUxNM3IzSXBBWVh6SkFQcGt6a2llVlhaOHRPQ2JSd2x4WE5adURkdi1CUDNZaXZackl5cFJ2YTBMMTM1azhnSGNlZ2x5X1l0N3lIY1pWUnp0RFVjaGlrSTJORU13czMyTm5EenBtaHNnRm1fYTdzaFpudXBWOHYyVnI3YlFJYTMzSzcyUDRHR0wzY3BsOTNETnVVdHJxRzJFWERxUUhQcnFFMmhvSWlWdlhZWnBpdFE4ZWVINFFDMjB2dFhtcVnSAcgBQVVfeXFMTXFvVjRJenEteVFwNFVhTHVmaVpCZDZxY0Nxa0t1U1ZDOEh0QmhCbnYxa2ZiTVdKVW14ZVFnc2FFdS1vekt0VHZLMllBNEJuNkNUbUNNNUpyc2ZoQTZXdGRjaFB2djV0VEZZVHd1ZDFKV01PNkNEbEtFVDVrQmFfWXp6U3JHNEduWnBKX1BjS3RIOTVaX09PMXVqdGhhWVBRZnE2U3RyWTA4TF9LYzhMdTJoWXh2M3BsODJDR2hRVEJBeXIyOTNzeHg?oc=5,Best mutual fund SIP portfolios to invest in September 2026 The Economic Times,"""(""mutual funds"" OR SIP OR AMFI OR FII OR FPI) (India OR equity OR market) when:1d"" - Google News"
2026-09-01T02:57:16+00:00,4,"['India market', 'macro / flows']",ET Now,"Stock Market Today, September 1: GIFT Nifty signals weak start - Crude oil, US-Iran tensions, FII selling among 8 key triggers to watch - ET Now",https://news.google.com/rss/articles/CBMikwJBVV95cUxPT1duWHkzSEVxdW5vMXhrTy1nWWpKZ19fUWQxaGIzRFhXVGhYQjNXbTRTRW9QdjBNdnN2XzZLTkRiWVB4V25reEJybUV3MEEtZmZ5QW8yWU1OWS1ZeXE5bDQ5bmJwbVdPSXRjMlFmOHFUb0luN1prRmhFNTFuS3lFeDh0ekpmQTlWUHYyQUt4NHBXWVpreWpPWVBUQU4wMGdiSkh0T1JGbTlfN1FTOG4teHB5eERZUUw1TzBPeHRjOXE2Z1c4eXhPaU5YeU5hU09DLU5Sdktha3VoSXRwZjJUbkZJMXk4bm5TbkpjUzQ3Q2dBRVN4LTZRWF82RDM1QkRYdWY2dl9PNGc2Um04Y0NDd0paZ9IBkwJBVV95cUxPT1duWHkzSEVxdW5vMXhrTy1nWWpKZ19fUWQxaGIzRFhXVGhYQjNXbTRTRW9QdjBNdnN2XzZLTkRiWVB4V25reEJybUV3MEEtZmZ5QW8yWU1OWS1ZeXE5bDQ5bmJwbVdPSXRjMlFmOHFUb0luN1prRmhFNTFuS3lFeDh0ekpmQTlWUHYyQUt4NHBXWVpreWpPWVBUQU4wMGdiSkh0T1JGbTlfN1FTOG4teHB5eERZUUw1TzBPeHRjOXE2Z1c4eXhPaU5YeU5hU09DLU5Sdktha3VoSXRwZjJUbkZJMXk4bm5TbkpjUzQ3Q2dBRVN4LTZRWF82RDM1QkRYdWY2dl9PNGc2Um04Y0NDd0paZw?oc=5,"Stock Market Today, September 1: GIFT Nifty signals weak start - Crude oil, US-Iran tensions, FII selling among 8 key triggers to watch ET Now","""(""mutual funds"" OR SIP OR AMFI OR FII OR FPI) (India OR equity OR market) when:1d"" - Google News"
2026-08-31T16:53:17+00:00,4,['India market'],Rediff MoneyWiz,"India Business News: Fundraise, IBFC, Mutual Funds - Rediff MoneyWiz",https://news.google.com/rss/articles/CBMioAFBVV95cUxQYkVGMVZfNEdZeXV1NC1sTkhoUnlieWVnZ2ZFS3pmU2U0OXVYR3pMSlVBNm85TjdJdDJ1SnNfMHF0MXlaZm5aaThCVFVmdnJ6UUtOYktfeGxPcFRkVFVjbndDcWRibURzclg0ZHRuOFB0bmtGZ040WnVlUWRTT0tOVjY3OElseVM4bVN5UXhuN09GWUJ2bkpUckxYcWxpcWhn0gGmAUFVX3lxTE9iTDQ5c3g4NEMzbDdpVWE2LVhtekhhelFfbml4ZTRjbEZXOVFoQzVvOGwtRG56QmxuZGdwQXVUVXZvMmVBX1hUT0JXcVRkQUxFb3NqcjhOMUYxRmQxMThwN2ptUmJLYkh4R3IzTGM0YkJPRXNLUEROYnFnazFxcnQ4eUFGcHIxcVE1UWo0TTExWlhHUFhxbzI0d1hMa0hQYXphVjBLdGc?oc=5,"India Business News: Fundraise, IBFC, Mutual Funds Rediff MoneyWiz","""(""mutual funds"" OR SIP OR AMFI OR FII OR FPI) (India OR equity OR market) when:1d"" - Google News"
2026-09-01T12:31:14+00:00,3,[],Rediff,"Mutual funds' overseas equity holdings surged to Rs 93,602 crores in FY26 - Rediff",https://news.google.com/rss/articles/CBMiwAFBVV95cUxPMUNMVHFodDR0UWNJQzFYZ3d5YjMyaWpObnltUFlmS3ljV1dTOFc5S1FPc3N0TlptRGlkZUJUTkNYZllJYl9OTTNGUS1SREdOZmwwTk5qZ1lRRVQxcmoyU3pZQU44eHdzUjgtaWFWdTZ1V1l6WEE2STEwQmt5Y3hPZnZHWjJsV2tJVEpxNXEtOTQ2VHZkWW80ZDVMNFVOalJDMnpCMjFzakx6UzhfY2hucXVmZ1loLXRwRGlYYVRZa3HSAcMBQVVfeXFMTzNtZ1hIT0N0b09BZE9MSGNELXVpOEVTR2d5UTBhQXFMcGR6cWpKeV93VkhaOTVDR3Z6OFMwRVAwN0NxRy1wOTRHRG56ZXcwQWxxR3hBOGZxNmhGeHJVT09SR2h4b2dzZkR2NHExaXN4VmF6LTUyNlFHZUhRMWVKTzFUMFFDWVBfa3NxSXdxRlIyLWNUeTdtTGNUQVI4aWR4SHFQcEd5QkNTZTM1UjJNcGRqOEtOVm03ei1XT0QwRHVKcmdr?oc=5,"Mutual funds' overseas equity holdings surged to Rs 93,602 crores in FY26 Rediff","""(""mutual funds"" OR SIP OR AMFI OR FII OR FPI) (India OR equity OR market) when:1d"" - Google News"
2026-09-01T12:05:59+00:00,3,[],financialexpress.com,"Debt funds: 3 credit risk funds with double-digit SIP returns across 3, 5 & 10 years - financialexpress.com",https://news.google.com/rss/articles/CBMi2AFBVV95cUxQX2JKQWp6S1ZPQlNWeWtCZnFxYVd6Y1NIQTl6dmdoYmd0RmsyNjBiVDI4SGlxRzBLSUxCT3JiVDlRUkRyMkticmZNQWJmd2VaRWRCMENleWhXS0tfNHBGWG9wS01mV2JhUVF5VktYeWlLcnpHd0Q5c2lYa2FwZmFzNmJYblV1UFhzU3d6MnhYRmRhWXJsdUt3VnJXY1o0TDZKYTBGWkhHVGpSWmxWMElaMTFySHNZNGM3S0w1MzdmUEt4dExfbG5POHdDd3dPSXVTSHNfNy1xV2rSAd8BQVVfeXFMTzBRSEZ5X0tHSTJpek02TWZkZ0VjemlvUlJ1VUI2eDh0V3ZjdmNKRFBiT1REYzY3NWFVVVZuTjBOV09sVnJhVWgwZ1VTelFjZk5UT1RRZEtVRmxFVTd6M1FfNlBPbFcteHNZN3IwV01IbHJKYnpXNC1KMjZUSjE0N0tWLUk3S0owUzI1UGhpRjg1ODdaWWJSeHctUXBEWjIwNVMxVV9EaFNCTjhBX0liMnZKNlgtOHZ4OGNBaE1qUmM4RG1PMlpkWXlpSEt4VmRfVlZENnBSUkFyVC1pRjJGVQ?oc=5,"Debt funds: 3 credit risk funds with double-digit SIP returns across 3, 5 & 10 years financialexpress.com","""(""mutual funds"" OR SIP OR AMFI OR FII OR FPI) (India OR equity OR market) when:1d"" - Google News"
2026-09-01T11:36:43+00:00,3,['India market'],Dailyhunt,August wrap: NIFTY midcap and smallcap beat NIFTY50; Defence and Metals top sectoral gainers - Dailyhunt,https://news.google.com/rss/articles/CBMigAJBVV95cUxPR0d2ODdOQUJ4VmZYNlFiakVfMFRxUzNLcUNQMTlZLUJWR2FKelRVb3Y4dk1iWVR0Q2RPMms4S3VGWFFWZEtOVFVma1Q3bmJPR2pSeXltaDVmU183TVJGNWFiT1UxTXZzc3k4S2lic093Z2lxU0lHa2NTbFJwVXpBMEJhcVRMRUxWbVotZWduM3FzejZRdzZtNmxCMHRwUmxNSjBmZHcybHNJTVp0VTdRVXZpOEJjVU4td1A2aE9ONVZJdmlrdUxUTzc2cEd6Tm54YTdFcnNaaG5IMDFRVV9tZjRHQ0JsNU04bFJMSXkwMlRNMEdqV1l0dDBDekpKMzEx?oc=5,August wrap: NIFTY midcap and smallcap beat NIFTY50; Defence and Metals top sectoral gainers Dailyhunt,"""(""broader market"" OR midcap OR smallcap) (selling OR correction OR fall OR volatility) India when:1d"" - Google News"
2026-09-01T10:47:31+00:00,3,[],Value Research,Exit Load on Mutual Funds: How It's Calculated & Avoided - Value Research,https://news.google.com/rss/articles/CBMikgFBVV95cUxPbDU0bC00bXptaWRwWV9HcnFvYVpZczlHeko4UFEwRWxjN2NEQU1Xa2lzMEpSOVRoTzJmejRZWWhoN0twSGRHaEJQanB2dWhKTUVBU0JwMW9rVzMzNWxmM2g0UDdCd3JoOVJJbVptLW93Y3NnT2JiXzBSd21vbTVmNXM1MXI0ZlhUc2FPMDBzUUVOdw?oc=5,Exit Load on Mutual Funds: How It's Calculated & Avoided Value Research,"""(""mutual funds"" OR SIP OR AMFI OR FII OR FPI) (India OR equity OR market) when:1d"" - Google News"
2026-09-01T10:35:46+00:00,3,['India market'],The Hans India,"Sensex, Nifty extend losses for 2nd session as bank, auto and realty stocks drag - The Hans India",https://news.google.com/rss/articles/CBMixwFBVV95cUxNSHlSeWRqTmtSRnBndFZRaFZxMHJ5Um82UDJaUkZkdTJJOU1xaXVxWElla2EzbDc1MGdwa1VYcVhuM0ZfWHVOcG04Y3h2TGdTeHB0N25HNGJWTjZtdGRhdW84U1FGRTFWdTlJSllWb0FDWmY3ZHBMenRIMi1YbGMtcVo4R2d1cndMM3lRMzYxU2JuNzREc05yNTNtMlFxazVUVlAyQ2taYjh2WEh0TU1xS1gtaEhiZm1yS1JoeHZ2NUV2MG1NYk9J0gHHAUFVX3lxTE1IeVJ5ZGpOa1JGcGd0VlFoVnEwcnlSbzZQMlpSRmR1Mkk5TXFpdXFYSWVrYTNsNzUwZ3BrVVhxWG4zRl9YdU5wbThjeHZMZ1N4cHQ3bkc0YlZONm10ZGF1bzhTUUZFMVZ1OUlKWVZvQUNaZjdkcEx6dEgyLVhsYy1xWjhHZ3Vyd0wzeVEzNjFTYm43NERzTnI1M20yUXFrNVRWUDJDa1piOHZYSHRNTXFLWC1oSGJmbXJLUmh4dnY1RXYwbU1iT0k?oc=5,"Sensex, Nifty extend losses for 2nd session as bank, auto and realty stocks drag The Hans India","""(""broader market"" OR midcap OR smallcap) (selling OR correction OR fall OR volatility) India when:1d"" - Google News"
2026-09-01T10:23:21+00:00,3,"['India market', 'macro / flows']",outlookbusiness.com,"Sensex, Nifty End Marginally Lower As Crude Surge, Bank Selling Weigh On Markets - outlookbusiness.com",https://news.google.com/rss/articles/CBMiugFBVV95cUxNb0dEZXF0SGtPYi15a3RCVDY5RXFlZVJYcU9xSDZuWk16Z2I5QTQxN05TcVlMazltSFdka2pydDJBeV9NSkdSbC1QYUFZRTRMYkM3SlJSODB4aXN4UVpnR0lTTXJxQjR6ekl0SjZSbEdESWt0LWhsb1VCdkF0RmlSUnZQQ25fb0FBak5RSzYwNjBfWHl6Q0xVUGctZlRfaGhDd3BiVTRiZ05MVlI5Zkd6WWpFNDh3Y2VMVXfSAccBQVVfeXFMT3o1cmducmNYVVFISDNIdGZZSkFoeG83SktIQW44TFNuMGlGM2pzRjdKeU5temNZZlN6SFBNc0JkWTJycGc0eXA3UG1WbTMxeWJZNzNJQk9XQXF0Y1RFUllRRk5hNWRaaWZLZmppX0hGdmRaa1ZGa3dwaXQwU1JBTS1nRHZBZTFlTkY3elhFNXQ3Z0RLQnhVaGFrZjMyRGZTTTJfTUlyS1pWNW4yV3lnSG85UTd0V0F6aG1FN0lVMkt3T1puUHJNTQ?oc=5,"Sensex, Nifty End Marginally Lower As Crude Surge, Bank Selling Weigh On Markets outlookbusiness.com","""(Nifty OR Sensex OR ""Indian shares"" OR midcap OR smallcap) (falls OR selloff OR correction OR ""risk off"") when:1d"" - Google News"
2026-09-01T09:32:34+00:00,3,[],Moneycontrol.com,"Household savings shift towards markets as stocks, mutual funds close gap with provident funds - Moneycontrol.com",https://news.google.com/rss/articles/CBMi7wFBVV95cUxOdTJBbi1hQU5qUEpWY1ZTQ3dfU0NQM2xvMm5IV2tKd1hRNFJuX1dWaEdsMzIzT1dYR3FtUTNOR1FUWDJBclpoXzU1WndoY0puRXhTLWRRa2t4TW1rejE2bm5mN3Y0MXhkLXdDSlZ2NWZlX2NBblMwRVJXWVEwRTdYa1RSR2E1Tk1aNFpwM0xxSS1WNGV4bkRNOTBVUFBVQ1NWVjFjSFhMa2kybk1NTzRrZzVwaE14el9ISFl2V3RfcjlUQV9aMnVCbEJLYld4YmZWWWdSZ1BJbENILXItbFFMWEkwQXF2TUphTGlYNnRaQdIB9AFBVV95cUxQM0JIRDBjci1IOFMySHFNVzdEZ1haTkU3dlo1OThjNkhkVFYwMGFxSDAwLVZ6WHlLeFdJdlhaSVhyVlJtQWlteWttQUplUEl0U3JPT09hUnZ3ZWFGWUdJNDZlOHVWREVqNFk4U1c3UFEwTUVtWThzd2Nma0pWQVNfUmJvSWNrZW5lOUJxWnBvWjZqcXpiZ2RKYU9sXzNHZnZGejROb251MWlmV1JlcGFMcEFzSDVVLTdJX2RnUV9CRlhsVlpVUXlfTnlxdHFIX1g3eVJxNjBXVkt3TUc2OWwyTnBwZlgza3ZiUWphTThlclNIUkRR?oc=5,"Household savings shift towards markets as stocks, mutual funds close gap with provident funds Moneycontrol.com","""(""mutual funds"" OR SIP OR AMFI OR FII OR FPI) (India OR equity OR market) when:1d"" - Google News"
2026-09-01T09:32:10+00:00,3,"['India market', 'macro / flows']",Business Standard,"ONGC, Oil India gain 2% in weak market as crude oil prices spike - Business Standard",https://news.google.com/rss/articles/CBMiyAFBVV95cUxQTjhhbmlSaDZDMElaQnIxN0tvWm1NUkhPRHZwYzNaR1pzSjlEUldDT3I1dFBuaFJiM0psSTI5clUyU0k3WExJeWZYS1ZrRjhITkF2OWwtT1lTaDdMZ25Pai1hb3pmUTR1QXFSaWRER3RYYXRvWjBwUTltaXU5d2FFb2NjWTZvMUhjZF9hdVVMUXNjY3lvc0t5TkZjNW1qWmg0N1FGV3Y4dUc1dHR1QnFkXzktZFlLZzhMcldLeUlTSUJuWHJXb3JPdNIBzgFBVV95cUxOZ2VOOUExX0JoeHk0U3BWdHplSDNGN2JvWnhuaEdycklhNDZ5emZrOUVaM2tzUE9uX3Btdm9peUJvWldIU1RUTlBsWUsxT3NiU1dla0tEUzlPTUhHX2FOZ2RjZENCZ0pSRFRzRlM4UnF4SGVaT0dFNS1Cb1R1VG54ZHBpTFdqMmppdllHTGxKY3Bjbm8tX2pxM3ZMS0Ezd09DRU9MWlRWeVZTX21hSUpSaWk0TF9nWDYtUldoX05DSURNbElDdTk2cU9LbFNmZw?oc=5,"ONGC, Oil India gain 2% in weak market as crude oil prices spike Business Standard","""(Nifty OR Sensex OR ""Indian shares"" OR midcap OR smallcap) (falls OR selloff OR correction OR ""risk off"") when:1d"" - Google News"
2026-09-01T09:22:15+00:00,3,[],The Economic Times,SBI Gold among 5 equity mutual funds that deliver over 25% CAGR in 3 years; top 4 cross 35% - The Economic Times,https://news.google.com/rss/articles/CBMi8wFBVV95cUxNdTBIZi0xMVNJZXZPTjVUSlVxLW5Zb0lyMUpfalA0WGo3V3B6SGZzSHFqU3QyN1pGQV9oN3pzYjdjdEFWOEdlQVF3a0daLTdxLXp4SjZFbERTM2JWb2dpbnQ4bG1GdEtmYWdOalVlX1BPLW1NMFYwM0l4NTlreFpIZkh3cnI1dWlENHZITzdQMTVRMWRsLWZENEM2cmZjbnBSSUllNGJwdFNYdXNMU1A3SXJVcXpEZkxxRWJqbWlhQ3BlSzh1TmNKYW5PbTk3RF9ENEFsQ01TbEQxeFF2NnJfYmtfdFBpNUZyTlFMd0RTdWJuMlU?oc=5,SBI Gold among 5 equity mutual funds that deliver over 25% CAGR in 3 years; top 4 cross 35% The Economic Times,"""(""mutual funds"" OR SIP OR AMFI OR FII OR FPI) (India OR equity OR market) when:1d"" - Google News"
2026-09-01T09:01:29+00:00,3,[],Upstox,"Mutual funds' overseas equity investments rise 37.5% to ₹93,602 crore in FY26: RBI data - Upstox",https://news.google.com/rss/articles/CBMi6gFBVV95cUxOMkFBMWI2WUZHeXZEXzVCN0lKOWlXd0VjaXdoMW45OUdRaGZRNC1xRjRfM3NhUUp5dTN4X1NjNDZWOE9tMnNyUVlzMVc1dWNJbXpYOVdzb1I1VVBLRWNMRVB4VkFieWE3ZXJfWmtUcC1oWk8tOXprNUsyQnR0ZWd1Z0hZZmE3U3pYRkY3dHd0YkhmMlJBQ08xZjdtenRkSldZWVQtb00wMUN5ZU5jMUdOVTFpM09qV1oyd0FTdW5KVmlMY0Q4MW1HSDZ0LVNsbGJ4dm9nSUk5cGlZUzVDdzJNUHk2NXIwMnZjZnc?oc=5,"Mutual funds' overseas equity investments rise 37.5% to ₹93,602 crore in FY26: RBI data Upstox","""(""mutual funds"" OR SIP OR AMFI OR FII OR FPI) (India OR equity OR market) when:1d"" - Google News"
2026-09-01T07:04:47+00:00,3,[],financialexpress.com,"Foreign money in Indian mutual funds is shifting, RBI’s latest survey explains how - financialexpress.com",https://news.google.com/rss/articles/CBMixgFBVV95cUxOMWJrbllMYTcyZ1M4VXZTa0dsbU84WlNlLUc2Uml0WnU3RFlFazlQSEtNbU9wckxERlpTR1o5UlQwWG0xYVlVbVhPZ2dneXd4SjVkM3doVWE2U0otMzZTU0NaSTRZck52ZWh4ak9ZNFd6VFNzUm1UbnpLcHVMOWJYd2VYN2hoR0hoVTlMMlFlc29WX2hWRjI3MXg1RUlvd29wVGk4QzFDR3hXaFVQLS11OGV5bHNDMXZsRDliOUtXMTRMRmRPUmfSAcwBQVVfeXFMTmVhQnk4RGVDemx0a3dhZHQ0VmJDdEplUG85OVZGSWQ2ZWVpclh5bnVfSTdhcXNZZU5fZ2ZMbldlZFNtMEFUREc4dXJ3UnBxTGlseTJUaHFvdjFubW91Y0dyaTJsb0hJNWNjQzBNVzQ3b0EwT1E5NUlWVWFzckJvVUxZQzVyTWtkbjNIS2F4MWxkLUFHVkpFM3BLUGlQX2tQcHE1TXZMWU9pcWFTbWhvMWJxTEFLZ0FnSnlTcXB2emV0OTdYUk1xcEhQTXlZ?oc=5,"Foreign money in Indian mutual funds is shifting, RBI’s latest survey explains how financialexpress.com","""(""mutual funds"" OR SIP OR AMFI OR FII OR FPI) (India OR equity OR market) when:1d"" - Google News"
2026-09-01T06:16:18+00:00,3,[],Moneycontrol.com,HDFC Bank down 25% in a year: Which mutual funds have the highest exposure? - Moneycontrol.com,https://news.google.com/rss/articles/CBMi3wFBVV95cUxOUGZIUEkybmQtVFd3Vnhuel9HWUJ0RXdzMFJlR3BJZkE2cnhiVmRQSk9PRHl2NGhmdHRmYTkyNGs1eFZWeVQzNDBTMzZHNWI1OWlBYkhsTGVzd1lyMV8yOHZ5RTJBZW02SUFRQ3NPRGNxR2M0UXZLQ0I4U21zNE9mZm5mVHpJZzh6SVVRQ3Yzb3dZYTVqWG1CTjA5b2F6bDkxMC04WEE3SXFSN3FxdWNKVjdJUk82a1A3WGxRckhEQk8waW9FMGo1N2ZnYTRybHJRb3FkWFdhbTJKWUJBLVpB?oc=5,HDFC Bank down 25% in a year: Which mutual funds have the highest exposure? Moneycontrol.com,"""(""mutual funds"" OR SIP OR AMFI OR FII OR FPI) (India OR equity OR market) when:1d"" - Google News"
2026-09-01T05:03:43+00:00,3,[],The Economic Times,Largecap mutual funds trail mid and smallcaps in 2026. Should investors change strategy? - The Economic Times,https://news.google.com/rss/articles/CBMi7AFBVV95cUxPekJ5NHBrVm1BeThMdmNJeDVVeFpobnZQeUhkUDM0ZkU3M2hRV3RzVXpoWnVLVnNQWldHdXVxZ1BvdENGLXVHOVppSVVGMDFPeFdLWmdWRUtIZnRTQnFVVFh5b3pwRjdUMGtuWkhnUnYzY2UzODhxNlRqQ0pmZWpaZHRHSTN6RmNSWkJBaFA0OE01b2VEdGJCbHFUT2dYVUdrN2dJUHNSN0k1eldTTDd2ZEdPRWQxZ3Z4RjRqZ29lNDFGejJlazgtb2dSaHB6RU8xTUJQR2xmSHptd1hscVdkTDd2aTdwLTdDTEhiQ9IB7AFBVV95cUxPekJ5NHBrVm1BeThMdmNJeDVVeFpobnZQeUhkUDM0ZkU3M2hRV3RzVXpoWnVLVnNQWldHdXVxZ1BvdENGLXVHOVppSVVGMDFPeFdLWmdWRUtIZnRTQnFVVFh5b3pwRjdUMGtuWkhnUnYzY2UzODhxNlRqQ0pmZWpaZHRHSTN6RmNSWkJBaFA0OE01b2VEdGJCbHFUT2dYVUdrN2dJUHNSN0k1eldTTDd2ZEdPRWQxZ3Z4RjRqZ29lNDFGejJlazgtb2dSaHB6RU8xTUJQR2xmSHptd1hscVdkTDd2aTdwLTdDTEhiQw?oc=5,Largecap mutual funds trail mid and smallcaps in 2026. Should investors change strategy? The Economic Times,"""(""broader market"" OR midcap OR smallcap) (selling OR correction OR fall OR volatility) India when:1d"" - Google News"
2026-09-01T05:03:42+00:00,3,[],The Economic Times,Largecap mutual funds trail mid and smallcaps in 2026. Should investors change strategy? - The Economic Times,https://news.google.com/rss/articles/CBMi5wFBVV95cUxOYzRCT0tIVEgtalFLc3VJRTVaSjFpSWFLaUJ1VW9iaFFwVUt5QzI4UHoyVlJEVEp6UXRVQl80azRpdi1DVnBWd3U2SURLXzRlX050ZHZMa0hER0t5dTJQc0JnMnA0SkNaWGFOMDVJQU9zd3g4WFJORXJFaVp5RFZDanJnWVFxbDdCV09vdUljWVBIb1JJbng2dzZyMkdxV09qT0VOb0tDZnhrek9zSTg3Zkp4VkttWFQ5OGJBX3dhdVhRRWNQUHBNQlVtT2d6VGo0VG9vaUkzQ0hEVGxSVkVaRUlmaFJNNlnSAewBQVVfeXFMT3pCeTRwa1ZtQXk4THZjSXg1VXhaaG52UHlIZFAzNGZFNzNoUVd0c1V6aFp1S1ZzUFpXR3V1cWdQb3RDRi11RzlaaUlVRjAxT3hXS1pnVkVLSGZ0U0JxVVRYeW96cEY3VDBrblpIZ1J2M2NlMzg4cTZUakNKZmVqWmR0R0kzekZjUlpCQWhQNDhNNW9lRHRiQmxxVE9nWFVHazdnSVBzUjdJNXpXU0w3dmRHT0VkMWd2eEY0amdvZTQxRnoyZWs4LW9nUmhwekVPMU1CUEdsZkh6bXdYbHFXZEw3dmk3cC03Q0xIYkM?oc=5,Largecap mutual funds trail mid and smallcaps in 2026. Should investors change strategy? The Economic Times,"""(""mutual funds"" OR SIP OR AMFI OR FII OR FPI) (India OR equity OR market) when:1d"" - Google News"
2026-09-01T04:02:28+00:00,3,"['India market', 'macro / flows']",CNBC TV18,India FII outflows could persist through 2026; rising global yields remain a risk: Adrian Mowat - CNBC TV18,https://news.google.com/rss/articles/CBMinwFBVV95cUxOTlM3X1Vnek44OGJXdl91VVBkeHhuMDhBdjVNOC1Bb1BhZ1hnOE9WcU5zUDNUWmh5N1ozemNLYmd2aWlLYXMyTFg4NnBUWWthaTMyUFZCc3ZZVngxdlduYm5nX0NSS01SWGN1MTFGSkpQazFPbDZpdjltNjUxTUtlbEgyOW1jVEpncWgtRUFINk1yVTFneWhJQkpOejQ4M3PSAaQBQVVfeXFMT3pxQ3daVFluMWhxbXluVHFiUDE5RGV2YUtYUFF4Y3dUS3JxVmtpaUJyR01EMXF4TmpaT3N2SUdlUldFNExfRnFLWVhVaUNzellKMTRLYnBMVWE1ZXNBallYb21DTmFjX3BHVnJ0dXZZSnp1dnNkV2dxZkxQRUgzUDhQSUZpXzJYRllPYTJkT1hGWXhyWUhuNlpVWU52VzNPazc3bGk?oc=5,India FII outflows could persist through 2026; rising global yields remain a risk: Adrian Mowat CNBC TV18,"""(""mutual funds"" OR SIP OR AMFI OR FII OR FPI) (India OR equity OR market) when:1d"" - Google News"
2026-08-31T19:11:37+00:00,3,['India market'],DD News,"Sensex, Nifty post notable losses amid weak global cues, sustained FII selling - DD News",https://news.google.com/rss/articles/CBMipAFBVV95cUxNeDBfOEY0cHFtZF9DZ21MMXk2V1FLMGxqazc4OWVvVzYxV2xLZFdrUVZjTTBWbEJ4Ync5b3VjR05BanZZWFE3YnpORnljeERKV1Zwblo3SFMwYl9sbElpeE4zZDUwUy16SGxkWmw1dEdwNG1Dclc0VXdmY0tFazVsanRwbmluUFl0X2JKZ0hmM3l2a2d1ZEMzVlZfNERSck1DbWRHUw?oc=5,"Sensex, Nifty post notable losses amid weak global cues, sustained FII selling DD News","""(""mutual funds"" OR SIP OR AMFI OR FII OR FPI) (India OR equity OR market) when:1d"" - Google News"
2026-08-31T16:32:44+00:00,3,[],Moneycontrol.com,Mutual funds’ overseas assets jump 24% to $10.2 billion in FY2026 - Moneycontrol.com,https://news.google.com/rss/articles/CBMixgFBVV95cUxNZDBaSFZjZWFvU082bkpVbjNaMndxbjVnaDZhOVZscFBvMUpIckJoaVhDaHM5TV9peVFma2tjMmYzSXZCbW9HRnQxOElVc0RwNnZGejBfRGI0V3BHYWkxTmlweS1wMjNNd29UWWhKMWpOZ3JpQkpTOEo5YnJEeW12djd2S1lzYXItM0ZWMDRkRnZ6WnhMaldfMWtINjJBcl9BOFRMX1ZiMW1mMWN2T3Q4eXRnNEktbjhUa2wwR2xpT2JpbU9NQmfSAcsBQVVfeXFMUFBRVkE1a1pGVlhOWi1INU1FWnFwcWZ3WnM3ekEyNjBSTmFjZ3VDcWw4WlpYNnRwVG9XWENtY0NpQjBEenM0UDVMdkFmbmJtSnBoOEFpdjF4Um5XcnFLOTJsSlpZYlhLaGJlNkhlLWFGZUI3dHhsMlpydGV5eDRlWUlCdVBtdHZfLVVxd2NEZnpyc3AxUUpfNWFzYjNNdWpiOWU1OXJHRTBhbHVuVnl4ZnJwYlJjX0ltMzhreVpkV3pETEJwSVlFVDVobGc?oc=5,Mutual funds’ overseas assets jump 24% to $10.2 billion in FY2026 Moneycontrol.com,"""(""mutual funds"" OR SIP OR AMFI OR FII OR FPI) (India OR equity OR market) when:1d"" - Google News"
2026-08-31T15:51:06+00:00,3,['India market'],INDIA New England News,"Sensex, Nifty Close Lower as IT, Metal and Realty Stocks Drag - INDIA New England News",https://news.google.com/rss/articles/CBMikgFBVV95cUxNNm1veUZJbERCQ3NQZFE0aGc1Tmp3VnlneVhiWDdWTEl5UjJjd0pvSGpUVUNNeklYVVcwV3F1Vmk0Sy1DMXpnblYxZzhDcGVYT3B0bG1RTnA2ci01a0k2c2tER0JlZFEwSDZQZ1B2ODlkMmNQWllIRGFTU2tvVmlUTmVJSHdWZFBtMmpWbUlaa2Zadw?oc=5,"Sensex, Nifty Close Lower as IT, Metal and Realty Stocks Drag INDIA New England News","""(""broader market"" OR midcap OR smallcap) (selling OR correction OR fall OR volatility) India when:1d"" - Google News"
2026-08-31T15:28:02+00:00,3,[],The Economic Times,Planning to invest in largecap mutual funds for 3 years? Check 5 top performers with up to 15% gains - The Economic Times,https://news.google.com/rss/articles/CBMikgJBVV95cUxOTFNZNnU2SWxQeFJpdU9OWEdGWWZSTVN2eVZGbkhUMXMxU1VoZVUySHhrVWtsTHJVWHBpTklaWklNMVBxLW1ma1ZpUTdQbm0zZEFVNWU2RXpuV0htVGZiUngwNzdMcjVxRi03Y1ZzOXZYcnVadXR2UmpmWjdYUFBhbEFkSVRWcDBKQmwxNXZ6S0dNSlhCOEVCS0cwbWNFQUJGTzVpRktHWjg0TGhHLUs2VFNGbF9oT2ZONW1fM0tjRzBaLXRwemtBLUJmWmNpU0E1T0FRWVR6bERLV2pKaGpEMDNwdy1GOGRMYmxITkx0MmdIdHZsZVlRSDJqSEdTclZDN0xPZDRjR01ZQXUzMjN3YkN3?oc=5,Planning to invest in largecap mutual funds for 3 years? Check 5 top performers with up to 15% gains The Economic Times,"""(""mutual funds"" OR SIP OR AMFI OR FII OR FPI) (India OR equity OR market) when:1d"" - Google News"
2026-08-31T15:04:41+00:00,3,[],The Economic Times,"How long will Rs 15,000 SIP and Rs 1 lakh lumpsum take to become Rs 3 crore? Check calculations - The Economic Times",https://news.google.com/rss/articles/CBMikAJBVV95cUxQLWpwWUhHZzkxR0lIQjYyNUUwbTlRRlI1eEV5RzVCejF0QWVneHdUUW1fbFluem03OWRGWUtlVkgtM29pQ05mTGdGY0lQWEEwSnJSRVFEM1RLZUVSeEpCWlZkblRLRE0yaG4xdTc1R0thZFdmUlpzSG9CdjBFRGU2eUdVdHNyVzVyY0NEY1NmTnA2VDdnVHVzVEpuN3h6bGJwSzI2M0x6cndzQ1RQS3dIVF9KSFgxSVZFUUVmZDZyQ3VHQXJQZWhpSmdKLUNHYWI5RWZtd3Z0TUxrVVRQSHY3N1hUUVpVVTRqTXFRQTI4aGZvNXA0dmFmUG5pSXdrV29xTC1zSHhRYzdTYk5ib2VpeA?oc=5,"How long will Rs 15,000 SIP and Rs 1 lakh lumpsum take to become Rs 3 crore? Check calculations The Economic Times","""(""mutual funds"" OR SIP OR AMFI OR FII OR FPI) (India OR equity OR market) when:1d"" - Google News"
2026-09-01T13:31:40+00:00,2,['India market'],CNBC TV18,India’s current account deficit widens to $4.2 bn in Q1; FPI outflow at $9.6 bn - CNBC TV18,https://news.google.com/rss/articles/CBMixAFBVV95cUxOWDF1ZU05MFJYd1hMSFFZT1p2Y2RUcjdON054a2VMUUZPTHp2NGxocEs2Vzg1dXFKYnpyd181ZXIwS3ZVUHB6MHZmalpTSnEtbDdUM2lvYkpWSGMzd1hfVXp2d21vLTREMlVfUUVOZGU3TVlycy1Ga3VsNzQzdFlGSFNtYkdndkFYbU9QZF9QZ29TWjRGVzdoRlkwN2RsbklwVW92NDVlbmJCTkVEMGpqN2ozQXByNDRuMVRyUUw5YXlSMjlC0gHKAUFVX3lxTE9NYU5uNV81bTFQeUtyTjJ0dnhvYU45VWstQTNTd1ZoTjhKQ3dOXzd1dkd1OV9OTUJkcGFWeDRYZmVlUTNWZFZJQjFmN0hVRkxGbEJ6MzUyWHpCd2dmYlZDRFloRzVUUExMUmtZVUtWSHVvdHhDc2ZVRnlCYlJVZnJtUWpmVml1aFpJRWE4SGRuUllUWlFuVXpfVFJWUFhUZGVnSkpmLUhsbjg3TXhPQ1k3dVlsWm5mTU5qZzhmV21OWWRoNWxrTjRqUVE?oc=5,India’s current account deficit widens to $4.2 bn in Q1; FPI outflow at $9.6 bn CNBC TV18,"""(""mutual funds"" OR SIP OR AMFI OR FII OR FPI) (India OR equity OR market) when:1d"" - Google News"
2026-09-01T11:30:10+00:00,2,['India market'],Sahi,Top 10 Stocks With Highest FII & DII Holdings in India - Sahi,https://news.google.com/rss/articles/CBMibkFVX3lxTE1RV0hhUnVkT2lvRTZMTlQ4MGk0UHhZWmpmcm45YkVnQnFsVHdsWHotWjlwNFB3Sl9fbVJCS200QjVaU2dKczU2Nm1YeXFJaDIyR1cwdDlyRHk2Y24wSzd6ems4Mk80ekNrT2NoZ1Z3?oc=5,Top 10 Stocks With Highest FII & DII Holdings in India Sahi,"""(""mutual funds"" OR SIP OR AMFI OR FII OR FPI) (India OR equity OR market) when:1d"" - Google News"
2026-09-01T11:29:57+00:00,2,"['market selling', 'macro / flows']",The United Indian,"Stock Market Highlights Today: Crude Above $92, Iran Tensions and Bank Selloff Keep Bulls Nervous - The United Indian",https://news.google.com/rss/articles/CBMipgFBVV95cUxPUWprdEFkbXJfd1NJWHdZUkgtaUllU2plV1BhNFBTRUdxaHpCanU4U0wtWGVLV3JtTml6ZGRzQ2tMR3k1X01sUXUyaTVhQ09ZUzg5QjctZVJOVndWc1lIalVxTE84UDl1bEtWOTFMNG1UYUY0SFZmWDdlTEpvN2duMUhpbV96TjZzWWs2SEl6QWM2aFVxbktUZHpPU0RGeHlkTE1wTTFR?oc=5,"Stock Market Highlights Today: Crude Above $92, Iran Tensions and Bank Selloff Keep Bulls Nervous The United Indian","""(Nifty OR Sensex OR ""Indian shares"" OR midcap OR smallcap) (falls OR selloff OR correction OR ""risk off"") when:1d"" - Google News"
2026-09-01T10:47:41+00:00,2,['India market'],Fortune India,"Bank Nifty slips over 600 pts as Monday’s CAS-led rally reverses; Axis Bank, YES Bank, SBI among top losers - Fortune India",https://news.google.com/rss/articles/CBMi4AFBVV95cUxOM1RxLUFmMUREN19EUGlEMEVsX3NRc0FJaXMzT3NDNTBwV05qQzlUdkpWbjk0cm9VUWdQWDdOQ0NwMExvcDk3d3BDdEZZRloyeWw4OXRLQWZTWHJ5My10TElYaEhJZVZPQy1qT0ZoUDRPNzhlOUlhc2Z5R1E2NVJNNllXSkU1bFBRbllxR0lhQXNJYVZVYkI4Vl9qT0l2MUh3UkRvc3pKQjhzMk9WRmstbXUyYVhIcUxyeTh2V2lmZlJadklDU2ptMTl6bk5rU1htTm15RjhNSEs3TW5UMml0etIB7gFBVV95cUxPZkk0eEVqQ1doeEtyeWlqVXFTdy1rbmZsZ3lubEQyVGJBbjF0QUd2eldFMk1idEZhbXdsRW55UU1nMUJqZHdXRVhVY3g0ZHNZVFFKeHZwOEZGOXJHRlRRTVZsVG5CT1lFMm5LOUtaNzU2R0ZIZENydVk3WUFZMllZWWk4RUV1eG1IWkRkdmhid3Y3TjBDTTUtWURPeWJsTEE4c1ZWUjRJNWYyX09QYnlqZFhRTHdlZk1XMWYwMVZhUWtRMk9LanExWHR2U2hURUR2eEZxSFRaMnhaQUoyQnc0TUtQcW5aeWdRcnBVazJ3?oc=5,"Bank Nifty slips over 600 pts as Monday’s CAS-led rally reverses; Axis Bank, YES Bank, SBI among top losers Fortune India","""(Nifty OR Sensex OR ""Indian shares"" OR midcap OR smallcap) (falls OR selloff OR correction OR ""risk off"") when:1d"" - Google News"
2026-09-01T10:47:41+00:00,2,['India market'],Fortune India,"Bank Nifty slips over 600 pts as Monday’s CAS-led rally reverses; Axis Bank, YES Bank, SBI among top losers - Fortune India",https://news.google.com/rss/articles/CBMi7gFBVV95cUxPZkk0eEVqQ1doeEtyeWlqVXFTdy1rbmZsZ3lubEQyVGJBbjF0QUd2eldFMk1idEZhbXdsRW55UU1nMUJqZHdXRVhVY3g0ZHNZVFFKeHZwOEZGOXJHRlRRTVZsVG5CT1lFMm5LOUtaNzU2R0ZIZENydVk3WUFZMllZWWk4RUV1eG1IWkRkdmhid3Y3TjBDTTUtWURPeWJsTEE4c1ZWUjRJNWYyX09QYnlqZFhRTHdlZk1XMWYwMVZhUWtRMk9LanExWHR2U2hURUR2eEZxSFRaMnhaQUoyQnc0TUtQcW5aeWdRcnBVazJ30gHuAUFVX3lxTE9mSTR4RWpDV2h4S3J5aWpVcVN3LWtuZmxneW5sRDJUYkFuMXRBR3Z6V0UyTWJ0RmFtd2xFbnlRTWcxQmpkd1dFWFVjeDRkc1lUUUp4dnA4RkY5ckdGVFFNVmxUbkJPWUUybks5S1o3NTZHRkhkQ3J1WTdZQVkyWVlZaThFRXV4bUhaRGR2aGJ3djdOMENNNS1ZRE95YmxMQThzVlZSNEk1ZjJfT1BieWpkWFFMd2VmTVcxZjAxVmFRa1EyT0tqcTFYdHZTaFRFRHZ4RnFIVFoyeFpBSjJCdzRNS1Bxblp5Z1FycFVrMnc?oc=5,"Bank Nifty slips over 600 pts as Monday’s CAS-led rally reverses; Axis Bank, YES Bank, SBI among top losers Fortune India","""(""broader market"" OR midcap OR smallcap) (selling OR correction OR fall OR volatility) India when:1d"" - Google News"
2026-09-01T10:37:00+00:00,2,['market selling'],kalkine.ca,iFabric Corp. (TSX:IFA) Drops 3.61% as Post-Rally Correction and Valuation Concerns Pressure Momentum - kalkine.ca,https://news.google.com/rss/articles/CBMiygFBVV95cUxOeUdsbjRWWG1lcXJUVU9vemhJX3VVMy1NcGotMWdrRG8wRElPRGtzc3hFLU9STHZmdkJ4SldGY1BTTHlGUHhVWmNicWJTclNKSGRINUxWRkVKVVprRnA2Rk9vcWZPbHZlcGx3VC1BMFlKR0x1YmsyTlRvUkljVFpHQ1NvdFJZS2RWbkFod09wdDVWVVlRVVJLd0NZczlXTFppYklxbjdub00tdVFEOE1wYmxoVVg2MldLMWcxMnZOQXNSUVZ6bVZ0RVhn?oc=5,iFabric Corp. (TSX:IFA) Drops 3.61% as Post-Rally Correction and Valuation Concerns Pressure Momentum kalkine.ca,"""(AI OR ""artificial intelligence"" OR Nvidia OR semiconductor OR technology) (selloff OR ""market fall"" OR ""stocks fall"" OR correction) when:1d"" - Google News"
2026-09-01T10:31:42+00:00,2,['India market'],News18,"Market Close: Sensex Ends Flat, Nifty Settles Below 24,100; Broader Market Under Pressure - News18",https://news.google.com/rss/articles/CBMi2wFBVV95cUxNVHRzUXNiUnVteDRkRnA0UHBESjBvZE9reFV3T2hFVTh4aWtzT3VybGR5S0ZkaFlRM1phX0hOdzFsMmlWYW9lLUFNZ1ljVkltUjV0OFNJdFY2TVNlY0lOSlNTc21XT01xVndRVklnYUdtU25xTjdlOXhUT05FSDEtMkJpTWpqcXNFN21na1VaRVRraHdNYXBVcm9SZVhlOUl5b2RIb0s0R0tvaXp1U0N0VmFFNGhJT1BfTFpfazFyMHNsdF9tNDlKbnJTYmdWcWlDNERxSnI5QVZCa1HSAdsBQVVfeXFMTVR0c1FzYlJ1bXg0ZEZwNFBwREowb2RPa3hVd09oRVU4eGlrc091cmxkeUtGZGhZUTNaYV9ITncxbDJpVmFvZS1BTWdZY1ZJbVI1dDhTSXRWNk1TZWNJTkpTU3NtV09NcVZ3UVZJZ2FHbVNucU43ZTl4VE9ORUgxLTJCaU1qanFzRTdtZ2tVWkVUa2h3TWFwVXJvUmVYZTlJeW9kSG9LNEdLb2l6dVNDdFZhRTRoSU9QX0xaX2sxcjBzbHRfbTQ5Sm5yU2JnVnFpQzREcUpyOUFWQmtR?oc=5,"Market Close: Sensex Ends Flat, Nifty Settles Below 24,100; Broader Market Under Pressure News18","""(""broader market"" OR midcap OR smallcap) (selling OR correction OR fall OR volatility) India when:1d"" - Google News"
2026-09-01T10:05:41+00:00,2,['India market'],Zee Business,"Closing Bell: Nifty ends below 24,100, Sensex flat; ITC, HCLTech gain while Maruti, SBI drag - Zee Business",https://news.google.com/rss/articles/CBMizgFBVV95cUxOODBKbVlScjBSOURCYVpRYlB5R0FtR1JrMnVkY0tVdHVRLVNURmktQko1eklyX1NSS0F6T0RNZk9xZ1J0U3NESzQ3aXIxdUR2cTAtUEIwZ3lkSU1lMFhTUjEyM0RZUjVGbEdlRnNCUzdNMEtIY0x6Q0gzZkdzb1pJdmtndklIaWNXU0J4dXQ4dkJkMXpzckI1ajRtOG1fR0RHREZoNVFMMjNNOC1NazRqVlFhdzJGWkVLaEFWSmpDSTZ6dXVNUDJaX0tqa2hqdw?oc=5,"Closing Bell: Nifty ends below 24,100, Sensex flat; ITC, HCLTech gain while Maruti, SBI drag Zee Business","""(Nifty OR Sensex OR ""Indian shares"" OR midcap OR smallcap) (falls OR selloff OR correction OR ""risk off"") when:1d"" - Google News"
2026-09-01T08:49:01+00:00,2,"['market selling', 'macro / flows']",Bloomberg.com,Global Bond Selloff Sends Yields to the Highest Level Since 2008 - Bloomberg.com,https://news.google.com/rss/articles/CBMitgFBVV95cUxQX2x1a1FnUGtqV3YzSFJiWnRQcTI5N21WLU93eDYzb0gxdlZjVU5TUTJLSmhCX3FuT1NhVXMtYkRnc2F6Q3ZldHlVSDEwRnJyaEVfUEtJTDczbHJva3dPLVhmWG1hUTk0aXlXVEdmMXJZTlVSaEtlS0NMTGNzTF9ubUVqSmNPNHZwQnljMmhDYkszREgxSHhPXzY0bF8xcHQ0cWZETUs5bjVKdUV5ZHFUWEJuQXY1QQ?oc=5,Global Bond Selloff Sends Yields to the Highest Level Since 2008 Bloomberg.com,"""(AI OR ""artificial intelligence"" OR Nvidia OR semiconductor OR technology) (selloff OR ""market fall"" OR ""stocks fall"" OR correction) when:1d"" - Google News"
2026-09-01T07:55:13+00:00,2,['India market'],Moneycontrol.com,"Sensex settles 300 pts lower from day's high, Nifty ends near 24,050: Key reasons behind markets closing... - Moneycontrol.com",https://news.google.com/rss/articles/CBMi8AFBVV95cUxQOWVYR0ZpUi05MzREMGQ0dWZpWEo4U2hLdUlsdklVNzVfSXZjTXA0d1NyN1J2cWZmaUtQb0RoSnMzR0gxVnZMTmh0am1fZkExRFVzblVEazk5WW1PQXFOSl9seE05VEJvaE8wa2JCanhGT3o5bklBOUx2aHBOYnhOeDJheHlqMlc0TDJoTnd6cEpVdTJqMmUwTEtpT0E0b3l0eE9XWDY2bkQ1S0tMaWtVd3BRUjB6X3BjSkV5SmxEcXlmWk1xaVFHelZPVXBFdlhhd2RraXRJQVFCcG8zMTNjX3BDSldQYnVYZWVDSFo0aEPSAfYBQVVfeXFMT0hSR21LVEJHdzc1UURTREIzT1J1d1JmYXdLdE5xRUF3NFkxcE5IaTBXVFRQSWd0bG56a3RxRHhVcjZ0UXBYNzlockw4WDFkcFl6UWVucERzV2xyUlRpcU52ZEd2MmFkMVBNX3k0Q284UW8zdnAxU2g1Y2VJZVdSc3V1WGNLcTRadnZubnl4eGQ5QWRyODE3anpOZTdVSkx3QmZDQzhmMnYzeWRCLW9QV2JQS3hObFFTZlQtMWVSMlVKRVI2b0RjT2s4NUZFc3p4cDE0NEQwbWRmNHRKd21nYmMxMzdMTGNISzZRT0xJeUtCU0FUeHZB?oc=5,"Sensex settles 300 pts lower from day's high, Nifty ends near 24,050: Key reasons behind markets closing... Moneycontrol.com","""(Nifty OR Sensex OR ""Indian shares"" OR midcap OR smallcap) (falls OR selloff OR correction OR ""risk off"") when:1d"" - Google News"
2026-09-01T05:40:36+00:00,2,['market selling'],Business Upturn,"IT sector stocks today, September 1: Happiest Minds falls over 7%, TCS down 2.13%, Wipro declines 1.87% - Business Upturn",https://news.google.com/rss/articles/CBMi3gFBVV95cUxPSmhmWGZyWmNrM2pJOEtWaG5mY01qUXNpcm9nNzA5OG9UMmxZQ2lkal9LMWZJUDYzX19PckV6NzU5OU5PUWc5QWNrdHJjai02OGVYZ3dxem1XLVZUTTI2U2RsM09IeTRISFhMYXpUMUhaNkQ0WDVNVUx5YmpPSElaZ0tVNE1oeEUtcTlwRTNPWVVHTVo4Q2FrUk9od1JtbHBMZkxsWjl5bm5jYzRXanVfUWtkUnVwRGEzbW44M2ZxMTZkZGV5c0dIQXNOMkVWenVGNzVnZzMwcWRVdm1LWmc?oc=5,"IT sector stocks today, September 1: Happiest Minds falls over 7%, TCS down 2.13%, Wipro declines 1.87% Business Upturn","""(Nifty OR Sensex OR ""Indian shares"" OR midcap OR smallcap) (falls OR selloff OR correction OR ""risk off"") when:1d"" - Google News"
2026-09-01T05:28:08+00:00,2,"['India market', 'macro / flows']",MarketsMojo,Oil India Ltd. Technical Momentum Shifts Amid Mixed Indicator Signals - MarketsMojo,https://news.google.com/rss/articles/CBMixAFBVV95cUxNX09kU0pQcXVPQTJ3T2ZMTWszVHB1UmtzN3VwZmFzYTdrQzgzRDVSU005RU5VVkRVd24weDZsQXFhRFRJY0JzTnFvdE5jNWZfWnUyblNGRFF0UGpoYlVYSl91SzJkRmtVbElVaEZpUG9rQlBocy1uSEF3RUYyVlRxXzBoT29Eb1AxbEwyNTJ0U0lTWGUyWThTMXVPeGtldno0LUx2NlV2OTdiWXhQZDN5eEpPYUJlUXJMa0VTTVVLQTd5LXhV?oc=5,Oil India Ltd. Technical Momentum Shifts Amid Mixed Indicator Signals MarketsMojo,"""(""broader market"" OR midcap OR smallcap) (selling OR correction OR fall OR volatility) India when:1d"" - Google News"
2026-09-01T05:23:27+00:00,2,['India market'],analyticsinsight.net,"Stock Market Update: Nifty 50 Opens Flat at 24,077.55, Sensex Rises 36.84 Points Amid Renewed US-Iran Tensions - analyticsinsight.net",https://news.google.com/rss/articles/CBMi3gFBVV95cUxQcENjY0tSMnZPZnNSNjVFbWFQbkNVYW9wazYwVGwtcTg5NXdVVlFJVS11bTlzZUhMNE5fWFdhWjZyOVkwR1VXbDN0VVh0SDlEdlVwSEFuQ1F5SHZITDN6UUxudlZ5SXVLdFF6cFJiQ1ZBYnFmZThlUTlJX05aMWpNU0dLenpYWTd4N0FtVnEzeHhFRlItbG4xakQtdTg5bFRRRktTa3VOSHZ3ZHFicGwwMkF2VmhxQTdRZGhFY3dQb3c4SXhRdC12dUdPa2hoMmxIOWNsdllCSFBPcDl0THfSAesBQVVfeXFMT1hSTzNxTWhILTgwRWhWQ1BRREwxRXcxblFSb2FOWEhsZTBqRm9LenE1RVFUUk5TbXI0MmR1aENIZEhvbmI1WFZHd0NBNFpNbHVTYjhTd1Y3Uk5TUU1kZzVueXRUQXhTeklTX1RybjEtcmh4V3JJRG1RbnVXRUdNak10X2ZxUmpzYjc3Ykh0Mi1VVURuY0FlZUpoaThrczRsYk5rb0U4ZWpqWS1oNWRoU0tEaTRGQnZxemJrRDVkdHR5MW5kSFZlNlY0Ykp3NzFwWjZGUnhSdkhoUk44RnBoZEtmaUltdzRacm4wOA?oc=5,"Stock Market Update: Nifty 50 Opens Flat at 24,077.55, Sensex Rises 36.84 Points Amid Renewed US-Iran Tensions analyticsinsight.net","""(Nifty OR Sensex OR ""Indian shares"" OR midcap OR smallcap) (falls OR selloff OR correction OR ""risk off"") when:1d"" - Google News"
2026-09-01T04:45:25+00:00,2,['market selling'],Business Upturn,"Pharma sector stocks today, September 1: Divi’s Laboratories falls 2.88%, Ajanta Pharma down 2.69%, Torrent Pharma declines 2.53% - Business Upturn",https://news.google.com/rss/articles/CBMi_wFBVV95cUxOemRSMjZOQVh4VlgwNW1ldW5PTW9zNUhOeTNvdTNtVWRzV3lBbVVUR3ljX3NaN0pZOUl6dk9DWHdrOUtJRFlmRWxZR2xGRS1TUnlMUHBhNzZORXRfdFZOaE1lMGVhbEQtcWlVSTVsYk5FeVREMjZHUTVTanBOWDVTWV9ZVkNaOTA2SFN6aGFLVUxPYTVRYXgwTWhiRjVWSTdVd1JrRG16b3d6UHNDSXZsbVJJc0h4ZnVBM2pLTnk4ckpfZmFiYzRfalVvXzF0TWF4X25QeHBNcFRRTmlCcEM4UG9SZXNRZXZDWF9CX1FTV1A4NkNNNUFyejhhYmtYU0k?oc=5,"Pharma sector stocks today, September 1: Divi’s Laboratories falls 2.88%, Ajanta Pharma down 2.69%, Torrent Pharma declines 2.53% Business Upturn","""(Nifty OR Sensex OR ""Indian shares"" OR midcap OR smallcap) (falls OR selloff OR correction OR ""risk off"") when:1d"" - Google News"
2026-09-01T04:06:02+00:00,2,['India market'],News18,"Market Open: Nifty Slips Below 24,100, Sensex Flat as Global Headwinds Weigh - News18",https://news.google.com/rss/articles/CBMixgFBVV95cUxQRHhzOUlqQ0pYdElZLTFPQXMxcEpldUh1cnZ5UmtNb3RpZENxenc5d0c4YTJBQWRkejlWN2RZbThJSjdBRzYzbHpoWnBTdEFsWGQ4V0FUY0gyeTZQckp4YnlnMFliczVJMVphbGpwS3lUQzAwRG5FTlhuR2RYSFFHWm9YR0FnVnlqWThGMFlFNC12M0hUcTBOTTNtNXl4VE5EWTdMdVZiUVBPS1FPQmVmbDR2NU84ekdHNGRXazNJNHlfNXZHN1HSAcsBQVVfeXFMTjhad29qZGxGTFRJcHdZb0pjbWlrT1dLLVpud29zOUtKWlhXbmZXTnNlVEZDWmFvbHRWemhZa1N3WXhjdHhQeDNRX25mTnlTQkhZYmVDbllDXzQxdGVtWi14OFV0OWxXalZkOUM3SWtYTkpCZEtTVzQyNTdFYmN6ZnVXYWN0R09kdkIwbmNEd0tqRktlU09ZRmstNUE1V0RtYndUay1FcFFreVRJaXl1RXJRZW81TWdjYjZabDZaUW1Ta2RnSkd4UUZQOW8?oc=5,"Market Open: Nifty Slips Below 24,100, Sensex Flat as Global Headwinds Weigh News18","""(Nifty OR Sensex OR ""Indian shares"" OR midcap OR smallcap) (falls OR selloff OR correction OR ""risk off"") when:1d"" - Google News"
2026-09-01T03:54:01+00:00,2,['India market'],Zee Business,fii selling nifty bank nifty levels market strategy anil singhvi - Zee Business,https://news.google.com/rss/articles/CBMivAFBVV95cUxPbldtamtHeEEybzJIR3dfZlNlVG9wMHU5b2J3cG5wUWtXUEZndTJsOFA4YldMNlNTS0Rqc2NLb1QzT2tFa0pSbThsV05IZzBKZDNQUFNrOERaVlo0ZE82aEJaWXJPOGlNOUdSd2ZfeHhoeW8zVWZINV9sZDZSekQ3bkhFS0dEOURacjJvZ3hlLVE5elhVQUMtWnlob2I0RDlWSGlsRE1tRGNqT0UxOEJlX1RqdEFkVW5ySHFuZw?oc=5,fii selling nifty bank nifty levels market strategy anil singhvi Zee Business,"""(""mutual funds"" OR SIP OR AMFI OR FII OR FPI) (India OR equity OR market) when:1d"" - Google News"
2026-09-01T03:49:49+00:00,2,['India market'],Zee Business,"Stock Market Today: Sensex dips below 77,000, Nifty near 24,000 - Zee Business",https://news.google.com/rss/articles/CBMiqgFBVV95cUxPX0xvaVQwUWg4Vmd2c0k5LTVNcE5sdnNJbUZWdmJ6WkJtanNCYTk4RVF5TUFvSDdoY09ZbzRfZFRPY1ZJUEVjbUhObmxNc2JmR21BRVJaSzBFUktnVWUxUUQ2VE92OEltbDZMYW8wQkhFWUlIeGRuUFMxaW9CaHFZeVpMRWdqcExjZUhQTE45eVJfMkhKUnhBSUJjYmxuUG9uajlUWjh4NDVaUQ?oc=5,"Stock Market Today: Sensex dips below 77,000, Nifty near 24,000 Zee Business","""(""broader market"" OR midcap OR smallcap) (selling OR correction OR fall OR volatility) India when:1d"" - Google News"
2026-09-01T02:47:41+00:00,2,['India market'],Upstox,"NIFTY50, SENSEX today: Wall Street cues, FII activity, key things to know before markets open on September 1 - Upstox",https://news.google.com/rss/articles/CBMi9wFBVV95cUxObkdwRGtmLWRJUXl4cVVOUG5NS3VGOXYycFZfY2dFc19VdjVFNTR2OFdabV9RR0JreldEeTR4dTh3OU00d0V6T0NpbXlOd1RrU3lVZVA0LVlhdkZwYlA5eTZzVkZpNU5ReEh3V2RaQUJsT3lHV2Y3SVVzUHJrYmVhblBwTFpCVTZHN1VnNWlpOExzNXJfa29nSFRpZ2xCNE1Eb3VKRkJuMTZ3TFlDc0hnWWpEbllKS25za3I5dGVSazRNVWRKS0ZtNmJXMXVvVlMtaUtsWkxEUWFOeGZUeDhtZ0RsekJjMnd5NFczQWFXUVVKRlF5bmw4?oc=5,"NIFTY50, SENSEX today: Wall Street cues, FII activity, key things to know before markets open on September 1 Upstox","""(""mutual funds"" OR SIP OR AMFI OR FII OR FPI) (India OR equity OR market) when:1d"" - Google News"
2026-09-01T02:38:00+00:00,2,"['market selling', 'macro / flows']",TradingView,Asian Stocks Fall on Rising Oil Prices - TradingView,https://news.google.com/rss/articles/CBMikwFBVV95cUxNcTFBX1JWMEx2d1RQMUpUbWVDMmJ3R0dza2ljVGI3ZTFsWGRlbHZUemdwcF9sbWNtaGxsZzBWVzNBbVBvUzVTSGN3Vzk2UEQ2dVQ5TWtxRnlyVDRNNGdKY0lTYTNzZFcwcnhlN3o0QlQydUpiQURDZDlIekFZdUxqM3JrcEV4UUp2TXBraWJOQUVVNFU?oc=5,Asian Stocks Fall on Rising Oil Prices TradingView,"""(AI OR ""artificial intelligence"" OR Nvidia OR semiconductor OR technology) (selloff OR ""market fall"" OR ""stocks fall"" OR correction) when:1d"" - Google News"
2026-08-31T23:34:59+00:00,2,['market selling'],Stocktwits,GRRR Stock Slumps 9% After-Hours Despite Doubling Revenue In H1 — What’s Driving The Selloff? - Stocktwits,https://news.google.com/rss/articles/CBMi6AFBVV95cUxQMng0bmowQ09Zc3JuVTJOVVBONG00d3V4bEY5Q2EwZlY1Rl9fbE1hMUlqWHR1RlNmS1Y3OW9mVGVBVGdwZ0w2S1Z1YXB6U3BTYzhGdS1hbU5OQXpCak5ndDFqQkRDbXc4RHpHck5Ec1ZON21DcVVjdHJMU2NoeWJXcFJWVG95d3Q2c0swZ05nNDlZbmtNRTVCbDF5RlZmVjFXdGNvalRQS1ZnQjhWMVpLeS1yX1ZMWTV4WmNEZU1LQ0dWcE5rbV81M2RsaXVyVGlhZ1B1NGMyT2x6dmpRR1c3elZNekhsTjhJ?oc=5,GRRR Stock Slumps 9% After-Hours Despite Doubling Revenue In H1 — What’s Driving The Selloff? Stocktwits,"""(AI OR ""artificial intelligence"" OR Nvidia OR semiconductor OR technology) (selloff OR ""market fall"" OR ""stocks fall"" OR correction) when:1d"" - Google News"
2026-08-31T23:06:12+00:00,2,"['market selling', 'macro / flows']",theedgesingapore.com,Stocks fall as US-Iran strikes spur rally in oil - theedgesingapore.com,https://news.google.com/rss/articles/CBMilAFBVV95cUxQbGlBN1laOC03NWNPT25TTWdyYmhJWTVSMjBPX19OUkZMVEE3V1ZERkNCVFB5RkZjTWVWUGpYRDRNanJDd2YyRjl6U3R5V3dLdVc5YkprY3c2ZHNuTGJIWjgxUW5nZ0NrSVVSdEJlZTBIM2hNVGNMSWlZZ01zRkRzZ0dHZEVQcGJaMjBFU2NzcnZmcjdQ0gGaAUFVX3lxTE4xd254Yk5ZYmdocTNiY0dXcXlNN2luQW1ScXdPZkRqWW82bDZCNTBROFVTVlVwTVVRT0Z0S21PQXpqUzBJeGZ0cXBPTTZVc05UOXUzVk1LeC1KSl9DV0NIOFVWSm9UZHl2VzYtSGd3YW42bWIwUWlCWHBBS0pCUXpkY1F4OVdCSTQtOHRqd2VlRGlIZkhIM0FYQXc?oc=5,Stocks fall as US-Iran strikes spur rally in oil theedgesingapore.com,"""(AI OR ""artificial intelligence"" OR Nvidia OR semiconductor OR technology) (selloff OR ""market fall"" OR ""stocks fall"" OR correction) when:1d"" - Google News"
2026-08-31T21:25:00+00:00,2,"['market selling', 'macro / flows']",finance.biggo.com,Oil Prices Surge as U.S.-Iran Hostilities Resume; New York Stocks Fall on Tightening Fears - finance.biggo.com,https://news.google.com/rss/articles/CBMidkFVX3lxTE1ZYkJ5YkZGZ3BSSGkzNWNXZ1dsbzgwTDlqWkFUSlF2c3V4ZlBaSzI1NmtVYU5pVngzY1ptb2VvTUpZTmh6Yk4zQW9iQVFndGRNSGJoX19KRnRkVjFWbjVtQnZlUzB5ekkybHFRcDF0WlFQc3JBV3c?oc=5,Oil Prices Surge as U.S.-Iran Hostilities Resume; New York Stocks Fall on Tightening Fears finance.biggo.com,"""(AI OR ""artificial intelligence"" OR Nvidia OR semiconductor OR technology) (selloff OR ""market fall"" OR ""stocks fall"" OR correction) when:1d"" - Google News"
2026-08-31T21:16:21+00:00,2,"['market selling', 'macro / flows']",Bloomberg.com,Emerging-Market Stocks Fall as Warsh Stokes Fed Rate-Hike Bets - Bloomberg.com,https://news.google.com/rss/articles/CBMiswFBVV95cUxOQ1pXckZkUnE5bEdXSzk4aUlQYi1POHp5dXJsTy0xeXZveFA2Y0RHWGlVeHVVWjJwenFmbGhaNWxucWwzaV83bFpHV2NNS2FVQS1jS05vRWpHUjdJTHE4VDlBTGN5VDV4elI0eUJFMGJuZk8yOHo1YUh1dDlKdVdZZkJYTzBGSDF3TFVfR2NMam1WOFFjdlhkLVFfUk16QXFRUDQyYlE3emh3Z28xcmFsTE1jZw?oc=5,Emerging-Market Stocks Fall as Warsh Stokes Fed Rate-Hike Bets Bloomberg.com,"""(AI OR ""artificial intelligence"" OR Nvidia OR semiconductor OR technology) (selloff OR ""market fall"" OR ""stocks fall"" OR correction) when:1d"" - Google News"
2026-08-31T20:17:30+00:00,2,['market selling'],TradingKey,US Stocks Fall as Dow Drops 370 Points; CSPs Lead Losses as Cloud Memory Stocks Surge Late; SanDisk and Tesla Rise Over 5% - TradingKey,https://news.google.com/rss/articles/CBMi0wFBVV95cUxOLVN1VVJKTnlBb0k0MVhxa0JwTXpHc1duSk5VQ2xmQ1oya0JZYThYdU5ZaWI0Smg4SXd4VHh5WE5Pa0Z1b3lIckMtVXprZFpJM3Y0UDlVUVJYeERKcXItOUkwT2lFRXJFQ0FGQzRmc25IVW5UZExiMWh1dG1TZC1SM18yTEJocVY5V3N4ak9lNVFZYVF0SkM3WHB0UzhHYndDUEtkcnBZVll6ckJPMXIwei0yMVYxMGZONm1Td1JRdlFpSFpMdTFsd0xnbG5MQzRSU2dj?oc=5,US Stocks Fall as Dow Drops 370 Points; CSPs Lead Losses as Cloud Memory Stocks Surge Late; SanDisk and Tesla Rise Over 5% TradingKey,"""(AI OR ""artificial intelligence"" OR Nvidia OR semiconductor OR technology) (selloff OR ""market fall"" OR ""stocks fall"" OR correction) when:1d"" - Google News"
2026-08-31T20:09:16+00:00,2,['market selling'],Dailyhunt,"Top gainers and losers, Aug 31: Adani Ent falls 10%, Adani Ports declines 7%, Sun Pharma rises 3%; check list - Dailyhunt",https://news.google.com/rss/articles/CBMijwJBVV95cUxOcUV4Y184QXRVRXRfMnBCeVhySDJld2ZEbGhNNlc0aUJRN0xxZzVKcUU1amxfZHctaDdPT2pnVnJuaG44SVY5Z29FUlE3bEpXRlNhcmxwVGxWTTcyTG9acHRNZHpBTnlaT3ZWV3pwNl8xUFhGUE50ZjFnbVkzYWpXMGlKVGpCbTdhVjgxN1BEMW5lSzBicnF6R1VXUjZvRC1POTBWa1ZPQm50aUc2Ui00VXZmN21RMThsSFFSRUtxbXN5ZTU3bWNzQmU2V0F6d0ptbDBVU2dRUlJrbFRTRWJNQ0ZFMXF3VEdCUXREaFRVZ1JxZTN6V2xZVGJmc0pmeUFvNGtmVUd6a2RlVEhId3FJ?oc=5,"Top gainers and losers, Aug 31: Adani Ent falls 10%, Adani Ports declines 7%, Sun Pharma rises 3%; check list Dailyhunt","""(Nifty OR Sensex OR ""Indian shares"" OR midcap OR smallcap) (falls OR selloff OR correction OR ""risk off"") when:1d"" - Google News"
2026-08-31T20:09:06+00:00,2,"['market selling', 'macro / flows']",TradingView,US Stocks Fall as Rising Oil Prices Fuel Inflation Fears - TradingView,https://news.google.com/rss/articles/CBMiqwFBVV95cUxNWTJwd1BNVWhYMTZMYlRJckszblZJb29vb2Q4S2lzZWhtc3prWWdRbWFhaWhBMTBIRDlzUWxCSDM5clloa0tfWWpESGpfNjNzOG9mQ1NVMFlyb21sWndBLTdjSTBFMGZzaVBpUnUwTDdXWTY2RkZiOFFGTjV3SUF0elNXa1FNRXBpcGcxc1BoRE9DZGg4ejRrRnd3VXhXem93VEdsVkdQRmZBQUU?oc=5,US Stocks Fall as Rising Oil Prices Fuel Inflation Fears TradingView,"""(AI OR ""artificial intelligence"" OR Nvidia OR semiconductor OR technology) (selloff OR ""market fall"" OR ""stocks fall"" OR correction) when:1d"" - Google News"
2026-08-31T17:37:05+00:00,2,['AI / tech risk'],WEEX,Cyberattacks: Artificial Intelligence (AI) Could Destabilize Global Finance! - WEEX,https://news.google.com/rss/articles/CBMiygFBVV95cUxPbVRoZzkyaXlPVmFlRTR5VTd3S0libEtjQjNuMG9sSU9YUjFTa0hBaFp3T3hrTGwydlZKM0pqYXFaYVlsMVRBM29pbi1kZndDbm5yRXhaa0d3S0lINWlUYVZBb0I1Umx0VmpaZjBINFJzRlAtdTU4dHpNYmZYSjNQaHA1NWFHVENCQlpsclVxOVFkWnh0VjVtZ3M3TkNCNVktMGQyaVlRa3JRMkpMNTY0UjRrUzlqV2djNldOUFpvT250alZ2YnpLSnFB?oc=5,Cyberattacks: Artificial Intelligence (AI) Could Destabilize Global Finance! WEEX,"""(AI OR ""artificial intelligence"" OR Nvidia OR semiconductor OR technology) (selloff OR ""market fall"" OR ""stocks fall"" OR correction) when:1d"" - Google News"
2026-08-31T16:54:49+00:00,2,"['market selling', 'macro / flows']",The Washington Post,Oil prices rise and stocks fall after US hits Iranian sites in the Strait of Hormuz - The Washington Post,https://news.google.com/rss/articles/CBMi1AFBVV95cUxQNElpSHV1TzVzUTJid0duSW1HRUoxdXVHZFJ3eV9ZeUlQRkFsaEZZWVVMWDMtNGp2YmNWSlB5NFBFV0hYY3FPLVdzMFJpNEtVelVnNU01bUdmeW1HeVhTQnZVbjJKdm9LZFV0MTR4UjZLYWRKaDBjLWZYWVpLUFo1ME85d1Y3SHluV0dBUVMxeXN2ZUxGVVVSQ2htV09EUDZwQ09JNFlsb2FVMGRoQTFRZDVDd1lOaUhqWXV3ZjNULWRtVUtSQXZncDh3YTZmU1E3aWdBMg?oc=5,Oil prices rise and stocks fall after US hits Iranian sites in the Strait of Hormuz The Washington Post,"""(AI OR ""artificial intelligence"" OR Nvidia OR semiconductor OR technology) (selloff OR ""market fall"" OR ""stocks fall"" OR correction) when:1d"" - Google News"
2026-08-31T16:35:00+00:00,2,"['market selling', 'macro / flows']",24/7 Wall St.,"Ulta Beauty Climbs 4%, e.l.f. Beauty Rises 5% as Post-Earnings Selloff Reverses - 24/7 Wall St.",https://news.google.com/rss/articles/CBMiuwFBVV95cUxNRkxRSmFuMzN4dFVURXdnMVR5N2dYb1RYYzZ1THNabUJacFBvMUhaRGctM190cHo1d0YxYVk5UndvaVdpaDJXNjlzY3J0LXpwWlp4V1d3ZGJYV3Fwd3lXVnZfRklRZG1CR3FFcElBNExPSTkxQjl5UFVMbXlDb0tiSk9XT1Fwb0RPU25CUWhOQ0lpQlhFMVh0VkVQUmlCUm5mSEs1dXhXNi1OLTdudThiSGNKS3lSVVBlcFpF?oc=5,"Ulta Beauty Climbs 4%, e.l.f. Beauty Rises 5% as Post-Earnings Selloff Reverses 24/7 Wall St.","""(AI OR ""artificial intelligence"" OR Nvidia OR semiconductor OR technology) (selloff OR ""market fall"" OR ""stocks fall"" OR correction) when:1d"" - Google News"
2026-08-31T14:49:39+00:00,2,"['India market', 'macro / flows']",Whalesbook,FPI Assets Under Custody Rise 12% As Institutional Flows Return - Whalesbook,https://news.google.com/rss/articles/CBMi4AFBVV95cUxNWVAwMG1sMU9zNkVLT1NFdmltOWNuc1hVbEpza1J5SENzakFwZVRsc2lZOTZONnREY1gtUVQ0MlYweER1STVXRkNERE1UUEhITjVVcU9KeEhhYVFuNVRtSUEtOWlndWllcTFIeFdKUEFRM0RnTFJETDFteDQ5Nmx1b0owdFN3NlpLbnBQcUp5OUp3aHpJQU15aGtuZkluRVNFdXQwQnlQaFlEWERDeC1xYVpyVldxd3RMMS1UMUpNUm92ZzRHeDRWQ3BuYXExRFA3ZHFZdXJxdWVlVjBZcklSVA?oc=5,FPI Assets Under Custody Rise 12% As Institutional Flows Return Whalesbook,"""(""mutual funds"" OR SIP OR AMFI OR FII OR FPI) (India OR equity OR market) when:1d"" - Google News"
2026-09-01T13:53:24+00:00,1,['AI / tech risk'],Business Chief,Bank of England Governor warns of AI Economic Downturn - Business Chief,https://news.google.com/rss/articles/CBMijgFBVV95cUxOTS1yb2RWWmJDNFRqWUpIYXczUUVlbFlpTng3bHZ6ZjdDa0NLdXBIeWJ0WDdrT09TWjdETjV6QWE1aUgyRlRHbE4wcUtTR1Z6cGl1QU1yaVFjRnkyMnhLM1hzc0lpczNMWGZybzlFYXVzUUMxV2tMU0ZxOEk3Qmxlem5Rcmd3NHg2b3l6WklB?oc=5,Bank of England Governor warns of AI Economic Downturn Business Chief,"""(AI OR ""artificial intelligence"" OR Nvidia OR semiconductor OR technology) (selloff OR ""market fall"" OR ""stocks fall"" OR correction) when:1d"" - Google News"
2026-09-01T13:33:07+00:00,1,['India market'],Sahi,Top 10 Stocks With Heavy FII & DII Buying Over 3 Years - Sahi,https://news.google.com/rss/articles/CBMidEFVX3lxTE5LZ2FaNzM3c3BwZVdnYURieHlyaEN2a0NEMlRhSV9XSmtsYlBkNzNPSE50NVFkVUd1dUF4SkJLN2NwaWl3cUlZYU1aMGkwTG0yT0NZak5xYld2WlNiVVRKUTlySWQ0bmY3aWZxX1Y1TmxoaFdL?oc=5,Top 10 Stocks With Heavy FII & DII Buying Over 3 Years Sahi,"""(""mutual funds"" OR SIP OR AMFI OR FII OR FPI) (India OR equity OR market) when:1d"" - Google News"
2026-09-01T12:56:30+00:00,1,['AI / tech risk'],EIN News,Venera Technologies Launches Qompli™ - AI-Native Compliance Intelligence for Media Workflows - EIN News,https://news.google.com/rss/articles/CBMizAFBVV95cUxNVXFTMS1HV3BIZjgyMjc4eXloZHFjU0lzbGp2N19OM2RoZ0JuQWpaRy1RMk9xTk9IQzhtLXpkV2V2ejZQZ1RXSmtSSGhhcDhUUW04OUJueXRiUkZsVWdhb192Y2lUMFVSV3B3MWQ3cE9HTEZid2Uwbm1BYjcxYkxxY0hSOWUtUXJFTFB2bER2S083UDU1Y1RUdWxETUkzLTZWQzRrVzgyRU8yYlRpb2ljNTFkZEhON1N5OWNpS29mb3RsOHNyTWVvdEhxNW0?oc=5,Venera Technologies Launches Qompli™ - AI-Native Compliance Intelligence for Media Workflows EIN News,"""(AI OR ""artificial intelligence"" OR Nvidia OR semiconductor OR technology) (selloff OR ""market fall"" OR ""stocks fall"" OR correction) when:1d"" - Google News"
2026-09-01T12:37:36+00:00,1,['AI / tech risk'],Common Edge,How Does Architectural Knowledge Get Passed On in the AI Office? - Common Edge,https://news.google.com/rss/articles/CBMikAFBVV95cUxObnl6OWR4bE9WdEM5ZUNwS3JXcWltM3kwa1V0ZDI2RG9wRk4tN3ZVVkRfZHhoaVFLeUhlMFQ4NmNkcDE1TkdJOXNyc0pyUjlJUkZ2dGtHOC1BaTJCWWlTOGFENnVEaU5IUXVGeWU0aUpLakpCOEdMZ2Jzci10enhPdjVkaXl0dUhDc2g3WUpGZ1k?oc=5,How Does Architectural Knowledge Get Passed On in the AI Office? Common Edge,"""(AI OR ""artificial intelligence"" OR Nvidia OR semiconductor OR technology) (selloff OR ""market fall"" OR ""stocks fall"" OR correction) when:1d"" - Google News"
2026-09-01T11:23:03+00:00,1,['India market'],Liquide Blog,"Share Market Today: Nifty 50, Bank Nifty | Sep 01, 2026 - Liquide Blog",https://news.google.com/rss/articles/CBMiwgFBVV95cUxPaWdlTmF2bEpyOXhXTy1DdmZONzFOMFNtcTk3Q2FyWjlrSU9vN1pCZkNGLWhqUWpBUEs2R01DZ2J0TEo5bkgxMEI2b0Qwd0V1SkFoOWtHeHJWc2NyQmtYQmdQdUFBUnR1MWZUVlNTX0w4alNvN0NUUVJGUl9wUTQwY1c3U0EwYjk0VkV0ZWtHME1CODQ2U2h5MnVjUThxUnl2REItMzJHTHZ3VHlQYVJpV0xPYURobVhxM0U0M2dISlpNZw?oc=5,"Share Market Today: Nifty 50, Bank Nifty | Sep 01, 2026 Liquide Blog","""(Nifty OR Sensex OR ""Indian shares"" OR midcap OR smallcap) (falls OR selloff OR correction OR ""risk off"") when:1d"" - Google News"
2026-09-01T11:11:34+00:00,1,['market selling'],Upstox,"Top gainers and losers, Sept 1: Maruti Suzuki tumbles 5%, Nestle, IndiGo fall 4%, ITC surges 4%; check list - Upstox",https://news.google.com/rss/articles/CBMi7wFBVV95cUxNZFFPRmVidTUzaHV0OGZLbGFwUUpza0VsamQ2aUprbThDcDJheENUWHpQTFhKSzgzUzBKWl9Zdkk3Q1VmdEk5T2xWbjVOaGdsaXlzaE1QY3BrWEJGcmNKaUFDWTZjUDhjbGJvSktTVHNhdzF0WVRLTFRZcHhSM3AzbW5SSXV1NjVEdEM1U2x0T3lVZERmemtlaHlic2VUUlJRWXBobjFZRjl4cjJQM0ZHTXdoXy1YLTBkYlRtX1Y2eVh2b1VRNk1wVDhGZ1hhZlFBc0J4TUNhNXBNRE5EY0lXVEtxbzVmcFJqdENZaFFZWQ?oc=5,"Top gainers and losers, Sept 1: Maruti Suzuki tumbles 5%, Nestle, IndiGo fall 4%, ITC surges 4%; check list Upstox","""(""broader market"" OR midcap OR smallcap) (selling OR correction OR fall OR volatility) India when:1d"" - Google News"
2026-09-01T11:05:11+00:00,1,['market selling'],Bloomberg.com,Gilts Lead Global Bond Selloff as Traders Play Catch Up - Bloomberg.com,https://news.google.com/rss/articles/CBMiqgFBVV95cUxNaDVadzhLc0J0eC11Sm10RFRITkptWWprY3czSjZZOEp2Wld6cWtMTmVDdlFXSzhROUNhbnVqMldkaXJ3bS12ZlJzLVEwWGcxYTFDLUpvcnNXaW9TV2R2SWRoMVcxdThYRDgxdktocjJfZVBJVWlGY2xNRHBMM0t0U01tVGNtelM1ZW9LYVVhVnhXUXVpdXloSGljaXJXZzRtVjZ2UVZWWE9jUQ?oc=5,Gilts Lead Global Bond Selloff as Traders Play Catch Up Bloomberg.com,"""(AI OR ""artificial intelligence"" OR Nvidia OR semiconductor OR technology) (selloff OR ""market fall"" OR ""stocks fall"" OR correction) when:1d"" - Google News"
2026-09-01T10:57:42+00:00,1,['market selling'],Business Today,"More pain likely on HDFC Bank counter, stock may fall to Rs 650 mark, says analyst - Business Today",https://news.google.com/rss/articles/CBMi5wFBVV95cUxNb2U1ZUxfRVNMeFRVNVlOa1hCMkV1OWJ3T1dOck52WHE1RThET2EwUE43cGNYX2VxQUw1QUs0Wk9zb2lSRzhLVXZ5d1E1ZTV3eklDODRIaEthbDdlWEhtMnpzRjc3SDJXX0VLdEZ6dWRVT0I5M0JlYUw0M1dLUGhUcHZlcElBVTJBSWh4MzFucDYzOFg1WDdtS0d6NzB2NFA2SGhYUzBEVXVFM1VudGdFWHRwVjZHVlFuYnJ6eGpBcU1ZUGQyeVNqTm9fQzRoNm1uVUhFVldTZTFCdFotRGpRcWZFX1hLY0nSAecBQVVfeXFMTW9lNWVMX0VTTHhUVTVZTmtYQjJFdTlid09XTnJOdlhxNUU4RE9hMFBON3BjWF9lcUFMNUFLNFpPc29pUkc4S1V2eXdRNWU1d3pJQzg0SGhLYWw3ZVhIbTJ6c0Y3N0gyV19FS3RGenVkVU9COTNCZWFMNDNXS1BoVHB2ZXBJQVUyQUloeDMxbnA2MzhYNVg3bUtHejcwdjRQNkhoWFMwRFV1RTNVbnRnRVh0cFY2R1ZRbmJyenhqQXFNWVBkMnlTak5vX0M0aDZtblVIRVZXU2UxQnRaLURqUXFmRV9YS2NJ?oc=5,"More pain likely on HDFC Bank counter, stock may fall to Rs 650 mark, says analyst Business Today","""(""broader market"" OR midcap OR smallcap) (selling OR correction OR fall OR volatility) India when:1d"" - Google News"
2026-09-01T10:50:00+00:00,1,['India market'],Univest,Nifty Mid Select Today: Down 1.43% at Close - Univest,https://news.google.com/rss/articles/CBMigwFBVV95cUxPcFZDQzdfQmR4RklETVZtUlhEQi1yYUdtMG5ZN2x6aWlkV0hSRHZJM05lblpNRDhmeDhmQXdhU3FIOTVzNTRpcTIyQlFBVkpHN1RpZENuaTJtTGl2bko1OFJxZjR2REc0ZGRJTG52ZXlkekxjR2tfa19FRUZHVHBoaHZCRQ?oc=5,Nifty Mid Select Today: Down 1.43% at Close Univest,"""(Nifty OR Sensex OR ""Indian shares"" OR midcap OR smallcap) (falls OR selloff OR correction OR ""risk off"") when:1d"" - Google News"
2026-09-01T10:48:32+00:00,1,['AI / tech risk'],capacityglobal.com,"Bank of England boss: AI bubble collapse would be a ""disaster"" - capacityglobal.com",https://news.google.com/rss/articles/CBMilwFBVV95cUxOcVYtZjFwR1IzcUd3a05RT3hnNzRQcklIMXllck94b1ZwM3lrMjB2VlhTVFhKOWtmamEtbkEyS3NlUjJyTE5XbWZCc21zT2d6aFNQc3EtX1lPMHpmakhfSVF4Vi1CYnA2Z3JSdHg4bmc4TU8zVUhpZk4yNHhuN1JtWXozYUJHMWhDd2VwZDZZejZMeXN2Sjdv?oc=5,"Bank of England boss: AI bubble collapse would be a ""disaster"" capacityglobal.com","""(AI OR ""artificial intelligence"" OR Nvidia OR semiconductor OR technology) (selloff OR ""market fall"" OR ""stocks fall"" OR correction) when:1d"" - Google News"
2026-09-01T10:48:00+00:00,1,['India market'],Univest,Nifty Pharma Today: Down 1.45% at Close - Univest,https://news.google.com/rss/articles/CBMifkFVX3lxTE5RTmlhRW1Qa2VPa2FYTHJMVE1CRWxMcVNxdU1WNUtUNUNjekwxN3BXVXNxREF5eHJQRHRnUEY4QU9lU0NCR3VHZW1uMVR6Q3Q5Mm9Fd1BPYUdRb0dRd0x2OC1FQmxuc1RVbE9OSTM3TXQtTnJNOW1rcVhwQ0x1dw?oc=5,Nifty Pharma Today: Down 1.45% at Close Univest,"""(Nifty OR Sensex OR ""Indian shares"" OR midcap OR smallcap) (falls OR selloff OR correction OR ""risk off"") when:1d"" - Google News"
2026-09-01T09:46:00+00:00,1,['market selling'],Rediff,August Sees Record IPO Activity Despite Benchmark Index Declines - Rediff,https://news.google.com/rss/articles/CBMi2wFBVV95cUxPaF9iallibUZqX2NnUkdiNXZzX3JCR3RaUldKd1hsQUlNbllNTTc0WGRoY2FUaGxlcU9kWi1oU3RucVVhMGhsYW5LX2tsb1BmTkZyZmEyUEhSNDY1eWQydlpwSkU1bl95X3JaNTZPa204Yl9INGVzZmM1Y1hvbG5UdDJGaUlISTVoN19RcDdBT0dnYXBuVzhGemlzSjdqcnJuc0E5ZVlHeUs5b1Q0UFZIU3ZrTnJGRlkzUlE3amYtR1lUM3FxRnZaQkhacmlxS0JmWjlzUVlMSTk2RXfSAdsBQVVfeXFMT2hfYmpZYm1Gal9jZ1JHYjV2c19yQkd0WlJXSndYbEFJTW5ZTU03NFhkaGNhVGhsZXFPZFotaFN0bnFVYTBobGFuS19rbG9QZk5GcmZhMlBIUjQ2NXlkMnZacEpFNW5feV9yWjU2T2ttOGJfSDRlc2ZjNWNYb2xuVHQyRmlJSEk1aDdfUXA3QU9HZ2Fwblc4Rnppc0o3anJybnNBOWVZR3lLOW9UNFBWSFN2a05yRkZZM1JRN2pmLUdZVDNxcUZ2WkJIWnJpcUtCZlo5c1FZTEk5NkV3?oc=5,August Sees Record IPO Activity Despite Benchmark Index Declines Rediff,"""(""broader market"" OR midcap OR smallcap) (selling OR correction OR fall OR volatility) India when:1d"" - Google News"
2026-09-01T09:36:33+00:00,1,['India market'],MarketsMojo,Sensex Dips Amid Broad Market Weakness; ITC and Caplin Point Lab Shine - MarketsMojo,https://news.google.com/rss/articles/CBMixwFBVV95cUxQZmYwOWNsSkQxLWRFcVI2MGVLSTdSdl9JY2luYnV0LTRHV2FZaU5NdHEwU1o2VWgtazBtRG9QT1FLb2FzVTd0Qk5JXzNaRVZqR0RqbWpEUVVEQTNCNkplOFJNbzdFemk1b2xIUmVuLTNLTDhFcVJ5WTNQcUVqczZGV3pnd1lySng0akdzbnBlWndKOVUzNjRrMXdrYklQSWlMekRiTTNVWnczZ29TLThvTzdVZ2hRVktEa0lOSGxMT0JSanhSTVZj?oc=5,Sensex Dips Amid Broad Market Weakness; ITC and Caplin Point Lab Shine MarketsMojo,"""(""broader market"" OR midcap OR smallcap) (selling OR correction OR fall OR volatility) India when:1d"" - Google News"
2026-09-01T09:05:38+00:00,1,['India market'],The Economic Times,Nippon India Ultra Short to Short Term Fund-Growth - The Economic Times,https://news.google.com/rss/articles/CBMiogFBVV95cUxNVmtNaDlKTGhtZ3NfVElIcTh3aXR2V3M1MHRRX0JpS29RU1JvcjhoNlVoU0pMU2MwUGZFd05BLWkxYXgzRkxWZVpGV1VicFhjcXU4eVJaclRUMEstZHRFenRuSVNBd19rYWNCNGh0aTBMeTRZVWdWS1BfZm9GdFVZNG5nNWhMWFgtMDdpWkxhcEpDWkV3Qld4ZzUzU3pENjBzSmc?oc=5,Nippon India Ultra Short to Short Term Fund-Growth The Economic Times,"""(""mutual funds"" OR SIP OR AMFI OR FII OR FPI) (India OR equity OR market) when:1d"" - Google News"
2026-09-01T09:03:38+00:00,1,['market selling'],Business Standard,Maruti Suzuki share price falls over 5% post tepid August export data - Business Standard,https://news.google.com/rss/articles/CBMi0AFBVV95cUxQeVRNNGs5VjhrcENaWW9vbDBQMGpEWXRCeWpuOWZQcldyOC02X2FScDhMMTBrbkxoZ2FhUkczX3VsbDdWbTdTVEZfNVNGNnBIOEUwM0tsWVcyTTNYck53cFVwdHlJSjMyODVHenNESERZN1c3Vmp4azhvYUJCVXRtRDE3MFhTeHZ2WlB1aHVQSnBTRlNHVFlKUnVYbEdVaFJaR3FiWnp6ZHFFN2NzWHIwaTNvZmVmYXJlaDVTaEtxdHVCZmg0dDd3NE5fZGt1SFVi0gHWAUFVX3lxTE9QLVVnWHQxdHJmekhzSlU2Q3BDY0FqYk1TTDkyUmFBVU5aVFROOEhCSTlONjZIUWpac01Ja0R1ZkQ1dWNLWjEzOTJQdHZ1Wm1aVWxILWFPWkoyMTdiUjZ5enNzU3dpcW83NUZhYWs1VlJRVTAxeklsNDN4dzJiaXBwSW5qbzduaTBSOWUxRmFuQnhoaUVmeWEtWFFNeG9lb3ZxeHNnc1hnR2FsRmZxUVhKc3Q4M2dXQXdQOFBENU9EVHlqeEEyYVYyUDlhWnVTTlh6WVk5aXc?oc=5,Maruti Suzuki share price falls over 5% post tepid August export data Business Standard,"""(Nifty OR Sensex OR ""Indian shares"" OR midcap OR smallcap) (falls OR selloff OR correction OR ""risk off"") when:1d"" - Google News"
2026-09-01T08:19:19+00:00,1,['India market'],Dailyhunt,"SENSEX, NIFTY50 edge lower dragged down by losses in banking, financial services shares - Dailyhunt",https://news.google.com/rss/articles/CBMi-gFBVV95cUxQNklrOUxqM25PNGZGQXozMXFZX2dTUEZacHYtenNUYzl1bkM1VTZDRUlzdy1mUzNRZjh0cXo3QVg2dUIyT3dWbXNxZ2RWWjUxV214bFVXVW01TGhlMy04S0J2VDBabjJhV0xhWldGa3BYWVNuSVI5OTBBVXk0SS1KWm9iS1luV2pvZFYwYnlEc0JuanFTNFdNaVY1V1hsbUVVQXExVDZzMnZQWjk5TGZCTHZZVUs4LXlwTkU1bXNrVXNEOUxpRzN4QzE2N01Nd1pSNFpxZm91eXIyY2JGZmdmOGcybE01ZF8zWG4tcHFyMDRpTUVtWmdjNFdn?oc=5,"SENSEX, NIFTY50 edge lower dragged down by losses in banking, financial services shares Dailyhunt","""(""broader market"" OR midcap OR smallcap) (selling OR correction OR fall OR volatility) India when:1d"" - Google News"
2026-09-01T08:15:52+00:00,1,['AI / tech risk'],standard.co.uk,"AI could cause global economic downturn, Bank of England governor warns - standard.co.uk",https://news.google.com/rss/articles/CBMi0gFBVV95cUxPQ3JUQ2U1WHRTOEc1Mjg5bThzRHR1N2UtYU1DaHhVTUx3akNzY0VYV1ltbC1fZnIyZU5FVHdTa3NTLXhTNDhsYTZ1ejZaLUNzeGUxbEQ1Z3U5czdFNzhaQlJaWkIyN2NNcWdUYkJEOUZ5TGlWdlJCSm5HaGlaNE5nU0NlemtRQndibzlKYlM0UUlGRHFWdU9mVmU0aDBYZVV4RnBLNWJWUXVLNk9LckVDem5YN0RrTnRFM3pvT19nZk5pUmhITDVvLURaM0l0VC0zZXc?oc=5,"AI could cause global economic downturn, Bank of England governor warns standard.co.uk","""(AI OR ""artificial intelligence"" OR Nvidia OR semiconductor OR technology) (selloff OR ""market fall"" OR ""stocks fall"" OR correction) when:1d"" - Google News"
2026-09-01T08:15:00+00:00,1,['India market'],India Infoline,Silver Futures Price | MCX Silver Futures expiring on 05-mar-2027 - India Infoline,https://news.google.com/rss/articles/CBMic0FVX3lxTE5UejQ3RHhfNlNyZTM0Vm5neWZIT1dUdUlNby1EWmlva2UycU5FZW9mbkRHT3gwZEZETEhrbFFQaE5JTC1FNk9rVGFqQUFGbXhlVFRqWmdLV3FOcGhITEZQV3pKNVphSGp2WE9nNi1BSlA5cVE?oc=5,Silver Futures Price | MCX Silver Futures expiring on 05-mar-2027 India Infoline,"""(Nifty OR Sensex OR ""Indian shares"" OR midcap OR smallcap) (falls OR selloff OR correction OR ""risk off"") when:1d"" - Google News"
2026-09-01T07:54:00+00:00,1,['market selling'],The Economic Times,HDFC Bank’s bonds fall to record low after CEO’s shock exit - The Economic Times,https://news.google.com/rss/articles/CBMiyAFBVV95cUxNaEZ5VFJwY1RSVE5ERlRodmpia3R1Z2IzT0ZkX3gxVkhkQ2dFbFN5UEgwWGNpdFhaMWkyVDVqbHR2MWpEcnk5QWlzcDVjSTNQcENTd29yZ3ZyUXo1U1B6ckJmZ29JVjVaOUROX3RCNFQ2ZDMxZm5mMmdGcXBFWnFmWUVvQkUyOUktTFg4OXBCeVBMYmFrNjI3MDZhd2tDbHBxRjJZRjMza2JVd3lnN3hGTUhqdG1nQldPT1MteFd2LU1ZM0N2Vm1tctIByAFBVV95cUxNaEZ5VFJwY1RSVE5ERlRodmpia3R1Z2IzT0ZkX3gxVkhkQ2dFbFN5UEgwWGNpdFhaMWkyVDVqbHR2MWpEcnk5QWlzcDVjSTNQcENTd29yZ3ZyUXo1U1B6ckJmZ29JVjVaOUROX3RCNFQ2ZDMxZm5mMmdGcXBFWnFmWUVvQkUyOUktTFg4OXBCeVBMYmFrNjI3MDZhd2tDbHBxRjJZRjMza2JVd3lnN3hGTUhqdG1nQldPT1MteFd2LU1ZM0N2Vm1tcg?oc=5,HDFC Bank’s bonds fall to record low after CEO’s shock exit The Economic Times,"""(""broader market"" OR midcap OR smallcap) (selling OR correction OR fall OR volatility) India when:1d"" - Google News"
2026-09-01T07:20:32+00:00,1,['India market'],Business Standard,Sensex gains 196 pts; FMCG shares advance - Business Standard,https://news.google.com/rss/articles/CBMivwFBVV95cUxPMTIxbmEtaDZ4QS1jTzF4RTVDMkp1bXV4Ql9CV0ZkZW1hYkhHMFN0NEhhRFV5V2swanBqZEZiQ0hzWU9HMTJYU0FEaVZqT21QZDdfenF0bEJTSDZJVWNGWVR4VzVqRHVUT2RqZ2o5VUVuWlFzUzFPZHVHOEZsOVhkR2NKc1VqSThxZy01YlpzQTI5UEh4aVNBWlh1MlRDS0pQTzhLbmVlaGduX2NiOTNzQ01vMEduOHJmYUxteXpkb9IBxAFBVV95cUxQSmI2UkkxcG5jdGhnbVhnVEZDZFdyS3pKdUlUbjJOWDN4UHVUbkVEbGtjNWVFZTlJWTRTbHE5enhRSFdNSks1Yk1TRFI5T2E1eVh5VDVvanJmWksxVmY3dm1Lb0Q0aWRmR0JoNFE1ektQXzBLYzVWX3B6UUFzMXp5cmhERzBScE1NNUcwUkdtb29PcG1hSmF4NEhoYUVQdWNud21mRERqdXVGaFUzNE83VlJIOUtRM2JGMTdtNENKT0M5RjJV?oc=5,Sensex gains 196 pts; FMCG shares advance Business Standard,"""(""broader market"" OR midcap OR smallcap) (selling OR correction OR fall OR volatility) India when:1d"" - Google News"
2026-09-01T07:17:10+00:00,1,['market selling'],IndiaIPO,Happiest Minds shares fall back towards listing price of 2021 as value erosion continues - IndiaIPO,https://news.google.com/rss/articles/CBMiwgFBVV95cUxQVG53blU2QnNwckNaWDRWRlZxYWtXZm9INllCbW9reXc1SUlPb1pWUG02blR4emF6OVQ4NzlwalE1SHhKaE85VXVyZ3QxTFZ2TnYxNU9rOU54ZXU3WmFHRXg5SGpYVVZkb1N1S1NOcmFvYXEzdmU5blpDNkd0SW5WeFV5U2JlWTZVVlhYUTQxWVd2Z25UVXN0eXEyN19Wb0RwZDZ5SDU1RURCeDY3T18wSTlpcTVRcTZGdi1KaUp1ZU1RQQ?oc=5,Happiest Minds shares fall back towards listing price of 2021 as value erosion continues IndiaIPO,"""(""broader market"" OR midcap OR smallcap) (selling OR correction OR fall OR volatility) India when:1d"" - Google News"
2026-09-01T06:57:25+00:00,1,['market selling'],Bhaskar English,"Gold prices fall after PM Modi's appeal to avoid buying: Yellow metal gets ₹1,000/10 gm cheaper; silver rat... - Bhaskar English",https://news.google.com/rss/articles/CBMivwFBVV95cUxPeG1jRHdHUGxsQ3FvVUc1Zk5DcE5ITVNUUTZFY0VTZ3lPa21rcm90UnhIRFl4SmpJa052dlFpWVlkaUVKODlrWFFPSFZrSjN0elV5RmhxTzVOUlNhOXdfU1hrMFk3b1FfU09Nekp0OEdyLUhpR2tQV2pnekhoWG1SemxDZzdqend5N3UyRlB6bGJZWHJDWlpMNXhRU1RTeTZPYnFzdmJGR1J4czRWdkh5MGNSUXJtckpheXZjVXVjd9IBvwFBVV95cUxPeG1jRHdHUGxsQ3FvVUc1Zk5DcE5ITVNUUTZFY0VTZ3lPa21rcm90UnhIRFl4SmpJa052dlFpWVlkaUVKODlrWFFPSFZrSjN0elV5RmhxTzVOUlNhOXdfU1hrMFk3b1FfU09Nekp0OEdyLUhpR2tQV2pnekhoWG1SemxDZzdqend5N3UyRlB6bGJZWHJDWlpMNXhRU1RTeTZPYnFzdmJGR1J4czRWdkh5MGNSUXJtckpheXZjVXVjdw?oc=5,"Gold prices fall after PM Modi's appeal to avoid buying: Yellow metal gets ₹1,000/10 gm cheaper; silver rat... Bhaskar English","""(Nifty OR Sensex OR ""Indian shares"" OR midcap OR smallcap) (falls OR selloff OR correction OR ""risk off"") when:1d"" - Google News"
2026-09-01T06:41:57+00:00,1,['India market'],The Economic Times,"Invesco India Ultra Short Term Fund Regular-IDCW Daily (₹ 1,470.26) - NAV, Reviews & asset allocation - The Economic Times",https://news.google.com/rss/articles/CBMiugFBVV95cUxOUW1jaHR0SmxmMUxDTU9CdGE0YXJ1ZlFMQkhHMEZZRDhLWFpEWHVZZEF6Zk1USDZTODhaREdhMGpxLWZQM1ZTUmNqY0R4Ri1tOHdFNERkRk9Oc0lVM0k4QkVCeHRsUXdYZkpHWFZRbC00OHBuM3pOUFVXNHVCREFiVWtBakZMRHh6aF9CNENYdzkyOGVXSG1JUWpNTDdmVVJNVDFDdXV5MVNNSHI2Q091Y19QWE0wWUQ2Nmc?oc=5,"Invesco India Ultra Short Term Fund Regular-IDCW Daily (₹ 1,470.26) - NAV, Reviews & asset allocation The Economic Times","""(""mutual funds"" OR SIP OR AMFI OR FII OR FPI) (India OR equity OR market) when:1d"" - Google News"
2026-09-01T06:39:58+00:00,1,['India market'],The Economic Times,"Invesco India Medium Term Fund Regular-Discretionary IDCW (₹ 1,301.72) - NAV, Reviews & asset allocation - The Economic Times",https://news.google.com/rss/articles/CBMiswFBVV95cUxQVE5BcVNjR3ZDY09rU0JKcTQ2MFBvM2RXOTV1T1c3QWpZYUdIRTRWc2dPYnlGZnJ3a0s1TkJDLWhxQ1RNTXJTZXpZLTlCSEFtQXh4Mms3eDZOSlNsTWs0TGRvc1JYX2Q2QmVFdnhrZ3NSdDFCNXJhVjZGeTBnUkxHcmZTaXV5VUVLeGNrWk00VDRGcWVVYVdDTEVJMHhnNlNJR1hpcHdfZ3dzcUhNVTZuT0dINA?oc=5,"Invesco India Medium Term Fund Regular-Discretionary IDCW (₹ 1,301.72) - NAV, Reviews & asset allocation The Economic Times","""(""mutual funds"" OR SIP OR AMFI OR FII OR FPI) (India OR equity OR market) when:1d"" - Google News"
2026-09-01T05:56:51+00:00,1,['India market'],ET Edge Insights,The MFD gap nobody is talking about and why India’s investing boom depends on fixing it - ET Edge Insights,https://news.google.com/rss/articles/CBMixwFBVV95cUxPaXhhZ2tNR055TGhSS1N4TDIxYW1OYWNpMFM2VDY5Y2Jkdl9renBMQVFVcUJ5RkFmVkN5ZUxYeDJsdlR5YUFvNGdhNW5pUEpnTHFEbHIyT1ZKR2NNUkY4a1NUX3Mwb0hndjVYT0NCTXlLNGJWR0VjdkZXZjhHUk9ieEwwMnBRajF3RDFmMEN1Zjc4MHFJT3ppNmhka0pWX0RFamxnYnlqN3ZTZ05ER005V3gzVURzVUlGbFJHeEdTcXprSVdGay13?oc=5,The MFD gap nobody is talking about and why India’s investing boom depends on fixing it ET Edge Insights,"""(""mutual funds"" OR SIP OR AMFI OR FII OR FPI) (India OR equity OR market) when:1d"" - Google News"
2026-09-01T05:22:34+00:00,1,['India market'],NDTV Profit,Stock Market Today | Share Market News | Sensex Today | BSE/NSE Live - NDTV Profit,https://news.google.com/rss/articles/CBMi4AFBVV95cUxOMDZyMGx3RTB2MVBtRlZmOVBhNGdmQzl6UG9yM2RkdXZIWlZTUGVSQlQwcll6OGdYRjZQdjNpbzdoQWNBRUw4dThoaEVyX0R0emFESXZvX0puVFh0WVo3QjdGM05VVzJjR2NNSzZveFZGTXdrb3JwMGxBNjYwNDlNRkdiT2UwWE5keThLM1hKREJWS3JqX3ZOV0FoWVRBdU9RcnktcHdGN2lkd3ExX2JPWkFoTHRTREc3d0JoSW1RTmQ5YWhKN0pJZmkybTYyTThoVFhUSzk2ZU1WUnBsTE56Mg?oc=5,Stock Market Today | Share Market News | Sensex Today | BSE/NSE Live NDTV Profit,"""(""broader market"" OR midcap OR smallcap) (selling OR correction OR fall OR volatility) India when:1d"" - Google News"
2026-09-01T05:07:12+00:00,1,['India market'],Spherical Insights,India’s Rs 85.76 Lakh Crore Mutual-Fund Opportunity: Why Investors Are Starting to Borrow Against Their Investments- Expert View by Spherical Insights - Spherical Insights,https://news.google.com/rss/articles/CBMi5gFBVV95cUxOSV9XaHVuVnhROE5OekVuSmRlbVhlQVRzVEJ1a1p2bHNMMUFybDJPaUNkNkpYN1J6UWM4VWRUTTVzQnVEZzExLTdvenJYNXRZRjZ0a1hZWXcybWRaYVphaFp5NWtTVWlsclZRUDBkV1ZyekIxTUNLMi1NRlMwaFRUeXlGWUptUGVLakloNW9POVlGUVRvVW80cm5pUWl0d0ZOdUdNTFpwdFpTdVpVTUE2M19GS3IwS1FmZi1DYWhCTTBRVXQ5RVBwVF9uQkdUU0NlTHBmOFJvNms0ek40N1NGaGVDM2tuZw?oc=5,India’s Rs 85.76 Lakh Crore Mutual-Fund Opportunity: Why Investors Are Starting to Borrow Against Their Investments- Expert View by Spherical Insights Spherical Insights,"""(""mutual funds"" OR SIP OR AMFI OR FII OR FPI) (India OR equity OR market) when:1d"" - Google News"
2026-09-01T05:06:00+00:00,1,['India market'],Zee Business,stocks in news man infra milkymist leap india shares today - Zee Business,https://news.google.com/rss/articles/CBMiugFBVV95cUxOOWh5ZllkbGFUNkZfQ1JOemJ5bjI2bHFXWl9KSnNxVmtpcVpLb3pHRjRWWTdiM1RKdlJlclJybUhGWjdsUHg5Y1pFNEVsWUhDdWxhM3AzWmpucTA4YkxZZzhHMkJWVXZpa1JCYlFxalgzUTNJUlQ3d2ZlN25BRldIeklFWHhlQ0NMSkRHdlFsaUM1RGdkc3FDTVdjSklVVGx3b3pLWUotWHIxY3lVcFpRSG0wN2U1VjU0M2c?oc=5,stocks in news man infra milkymist leap india shares today Zee Business,"""(""mutual funds"" OR SIP OR AMFI OR FII OR FPI) (India OR equity OR market) when:1d"" - Google News"
2026-09-01T05:03:46+00:00,1,['India market'],The Economic Times,"Invesco India Ultra Short to Short Term Retail Plan-Growth (₹ 3,579.98) - NAV, Reviews & asset allocation - The Economic Times",https://news.google.com/rss/articles/CBMiwAFBVV95cUxQaDBZZkJvb3E0T0hRWkJFdEs3UUlZSE1KYUxoOWJyUVdBMVozMkU3ellUN0pxbkNxVmMzYXJXeDlUNmtJZTlNS1VOdnBXQzV6UEVLZmhkQklxX0pDNmwzZkVJYjlXRmFoOWJ0OWtMajh3UmpFZDdfemJneWdSWi1xdC1CVkJ0eUUzMFZ4ZVU1SUdBQW5zVjYxcUhlWVktd1Z0b1VmVk10Q1hGdllyZ1pNMnBIQlNzVEhmR2h6dl9wLWo?oc=5,"Invesco India Ultra Short to Short Term Retail Plan-Growth (₹ 3,579.98) - NAV, Reviews & asset allocation The Economic Times","""(""mutual funds"" OR SIP OR AMFI OR FII OR FPI) (India OR equity OR market) when:1d"" - Google News"
2026-09-01T05:01:47+00:00,1,['India market'],The Sunday Guardian,"Gold Prices in India Today (September 1): Renewed Inflation Concerns Push 24K Gold Prices to ₹15,693 Per Gram, 22K to ₹14,385 – Check City Wise Rates in Delhi, Mumbai, Bangalore & More - The Sunday Guardian",https://news.google.com/rss/articles/CBMixAJBVV95cUxNQzdLSWVPMHR0TFZSODctUElQMmtHdUtxZDJtRmtUUXU1U3JHMHd6NkVwektWdl82LXJ4RkRuRVpaTmFzaVg0TWVmMGJBU2VkZi04RUNOcEFTTWtGemNsY2RiWmNsS19qOHBkQl9oWlBxWUpLZ3FtR2NuTFUxVG02N2NDYXBPLW5RNUF3Y2I0bzlwZmRBTVY3UUFaVkpGY0VrN1p2RnFpd0w2Tjk0LUFqZzZwZ3NNTUF0U2ZkZmxRVGI0QnNMNDZLOWNpZ1Z1U2tJc0xvM1pBN1E4ZlNhZ1RtOHJZUFMwZzZyS3BpLW5BUjRJMWFtanJjY2dtRU9fRnZveUtxaXQwSFB1aTNSSy1PcTQ0aVFzNlBKOTlISFRRQWNtMTVpVWtuU1VfcjNIVk5wallSTDBmYkw3MDJjWTZERlUwcEnSAcQCQVVfeXFMTUM3S0llTzB0dExWUjg3LVBJUDJrR3VLcWQybUZrVFF1NVNyRzB3ejZFcHpLVnZfNi1yeEZEbkVaWk5hc2lYNE1lZjBiQVNlZGYtOEVDTnBBU01rRnpjbGNkYlpjbEtfajhwZEJfaFpQcVlKS2dxbUdjbkxVMVRtNjdjQ2FwTy1uUTVBd2NiNG85cGZkQU1WN1FBWlZKRmNFazdadkZxaXdMNk45NC1Bamc2cGdzTU1BdFNmZGZsUVRiNEJzTDQ2SzljaWdWdVNrSXNMbzNaQTdROGZTYWdUbThyWVBTMGc2cktwaS1uQVI0STFhbWpyY2NnbUVPX0Z2b3lLcWl0MEhQdWkzUkstT3E0NGlRczZQSjk5SEhUUUFjbTE1aVVrblNVX3IzSFZOcGpZUkwwZmJMNzAyY1k2REZVMHBJ?oc=5,"Gold Prices in India Today (September 1): Renewed Inflation Concerns Push 24K Gold Prices to ₹15,693 Per Gram, 22K to ₹14,385 – Check City Wise Rates in Delhi, Mumbai, Bangalore & More The Sunday Guardian","""(""broader market"" OR midcap OR smallcap) (selling OR correction OR fall OR volatility) India when:1d"" - Google News"
2026-09-01T05:01:09+00:00,1,['India market'],MarketsMojo,Kalyan Jewellers India Ltd Hits Intraday Low Amid Price Pressure on 1 Sep 2026 - MarketsMojo,https://news.google.com/rss/articles/CBMi0gFBVV95cUxPUllmVmZyZmt2VnJDeWI0bm41elFRMmJsM0o2MlNVR0ZrZHVqa2wwLUQ0Mm1BS3JkX1lWaE10ZWh1TmY3d1ZRbWJGNUlCUF80MUlObnc0ZFh1WElJSklNWTgySEJLR0VRM2I1dFFLVXI1ZGUxdENoNnZsT2ZqQ1RwRVV2TzJMUnAxZE1NVEhwdUxsdGRJclRjcjE1eGtwVlhyclV0MlgzbGw4VHJyMy1qaE11YllZcm9taEpTQ0VGZHlad243WkhKZndnd2FNYlotekE?oc=5,Kalyan Jewellers India Ltd Hits Intraday Low Amid Price Pressure on 1 Sep 2026 MarketsMojo,"""(""broader market"" OR midcap OR smallcap) (selling OR correction OR fall OR volatility) India when:1d"" - Google News"
2026-09-01T04:58:57+00:00,1,['India market'],Moneycontrol.com,Happiest Minds shares plunge over 8% after ITC Infotech merger deal; among top smallcap losers - Moneycontrol.com,https://news.google.com/rss/articles/CBMi7gFBVV95cUxPYmhwbld1cjVUVk5IeUxrcTdyMWF5dktaVjdfd0N2RnVoM3VVYnR3ckVTSXkzbEx0cW02VWZCRUx2eEE2TC11c1doOUtMcDkwRks1S25EcktOUVVZYm04NDhZWlZCQ1ZfVVlwQ1FFTl84bXc4eVBkYU1LeHNmU2ZOcjdjMjBuUi1FYkxObmtIU1RjbVFoYktBVWJKNkEtdVlvRktGck1lWGdmVUxTcEk4YXFvc2JSY3RDeGx1cF9KN2ZFRUxCMVU5NkVWbWY2Z2staDBPYVFvalBjM1Z3T1pqbWwyM1Fnc056YVZ2QXRR0gHzAUFVX3lxTE84S0dvdEpfaEJfVFZwZTNwbWhXOEZZczU3bzhEWU9HY1VhMTN0RHkya3RlQk9sU3BEbjZid3d2WVNBVlhSakRjMWFTRlZMZ0dGeEtpUmJiMnM2ME1JcVJscUxWc1JmZm9KcVFoQmZBOGhsZmFJbVkzTkpMMmRnY3pDWGJhRFd2UUlPelBwSzU0WHhWU1pTZmpRZ0c3alR3clRkaWx3MGlLZVNxVUVmenFrRXltX2RZVGhrOS12MGlWUTcySkx5OWUzX2xDdDRwU1E3cXNiQzVlOUhJSUFxOWlhSTVBbDVGb0pMVEpOX3dvY0ZNaw?oc=5,Happiest Minds shares plunge over 8% after ITC Infotech merger deal; among top smallcap losers Moneycontrol.com,"""(""broader market"" OR midcap OR smallcap) (selling OR correction OR fall OR volatility) India when:1d"" - Google News"
2026-09-01T04:55:20+00:00,1,['market selling'],Startup Fortune,"Dow, S&P 500 and Nasdaq Post Their Worst Selloff Since the August 5 Crash - Startup Fortune",https://news.google.com/rss/articles/CBMioAFBVV95cUxPa2I4Z3Rvd0xzVndiUG1DblFsRVlLMWFDelJwUGhWRjRFbjRITUk2dENEN1ZqNlQ1QktqdC1xREhyT1hGV0JLdG0tMzF0bTkzaHZSTHgxSnd0YjB0TTdobG1yOXROcXU2dV9COGJ2UUZhbGlYSlY1M1k5czVnZ0E1VDVzeTE2cVI0S05GSDFTUGlSQV9SNXpwZ3JvcVBqZmls?oc=5,"Dow, S&P 500 and Nasdaq Post Their Worst Selloff Since the August 5 Crash Startup Fortune","""(AI OR ""artificial intelligence"" OR Nvidia OR semiconductor OR technology) (selloff OR ""market fall"" OR ""stocks fall"" OR correction) when:1d"" - Google News"
2026-09-01T04:42:00+00:00,1,['AI / tech risk'],TradingView,KOSPI rebounds as chip stocks recover while Nikkei 225 slides on bond shock - TradingView,https://news.google.com/rss/articles/CBMizAFBVV95cUxPWUIyaVBuTkFFZjA1djBiRjZudFlkbUpJNzR2OWpabHFrOUJfTVNIVXFWZ2UzNWRJaWJnUkdoNFV1bTZpNE9tYkxtNldLaGozWUtDc3NwN2ZHZ0FEUEx5bzdWMUwzODJ3ZjFQNk1fTVlPSlpubnNHenhIWkt3UmJOeDlZbnVOTVpmMUxGM01FUjRlQzRlT3R0Uk9yTE9GaWg4TEhzVWN5ZDF0Zm1peUFCQ05tZFVfdkpxU3p4c2VGTFdMak93MTdkNUQ2cWw?oc=5,KOSPI rebounds as chip stocks recover while Nikkei 225 slides on bond shock TradingView,"""(AI OR ""artificial intelligence"" OR Nvidia OR semiconductor OR technology) (selloff OR ""market fall"" OR ""stocks fall"" OR correction) when:1d"" - Google News"
2026-09-01T04:26:33+00:00,1,['India market'],MarketsMojo,Multi Commodity Exchange of India Ltd Downgraded to Buy b... - MarketsMojo,https://news.google.com/rss/articles/CBMi6gFBVV95cUxQczdGOURlYzJ5MExVNmc1QmdUNDVEc2x1ejNJZEJteVZralRyWm9HVjlPZ3Noa24yOGMtM1ZZZ2U4TWZ5eDdEaDBRSmptZldyUEdrQ29OODdrWGJ4ZW1TQVRLSUM4ZDNSaC1HeXpJZGFFWjNQSFZFejl5UXplQU5GWExZaGVLLVBrTTlHdlJLUzhFZmJfVHBsc0NWY2hid1hwSXplSHJhUTE5S214RTVVUU9LZTlhVTlNWGZlUGp1YmhxRlhXdmpmWUttUHlkMC1GMHJockQyQVJ0R2IwN0ZrTEx6LVRUS3V5eWc?oc=5,Multi Commodity Exchange of India Ltd Downgraded to Buy b... MarketsMojo,"""(""broader market"" OR midcap OR smallcap) (selling OR correction OR fall OR volatility) India when:1d"" - Google News"
2026-09-01T04:18:28+00:00,1,['India market'],outlookbusiness.com,"Markets Open Cautious As Brent Crosses $91; Nifty Trades Below 24,050 - outlookbusiness.com",https://news.google.com/rss/articles/CBMiqgFBVV95cUxQYld3MmVRU1daQnFKdTdUS09ZaDBZY2ZzNGRDYnpiQlh4VV9YalVKbDdzbjhkRlpGNWpUWnMzSXR2d0poS2psMWplakIwdHVicUJOS2dGeFNjREppQmRHckt5Y0FEUkdSWGdUaE93R3ViWFJZNDlvR2h4QlIwYmxDRno5Um0yeHZRVDdtZFp2aThISzQyNklpZUU0SzRDOFdhdXVjZF92a0hNQdIBtwFBVV95cUxOckVuUzR6RllfTDVrenFtd2ZKT0JhZUxqUEU3V3hIb2NnTGRSNjJwZHRlZTRQOERpRG80WnhaOXk0WFZNbVpsSHRCUjVrMS02Z0Q1SVRONk9lbFFMcHJpMTJGbFBPZnV1YkVyVV9YVXBwTjR6c2x3aXVpWXYxbWZKMV9QMjFiWDFNMm5yUU5DRnJXS0k0b3ZnOFJqX21WZDRLb3hrOXB5aFkxdWVsYzBPeE1iV1E3SWc?oc=5,"Markets Open Cautious As Brent Crosses $91; Nifty Trades Below 24,050 outlookbusiness.com","""(Nifty OR Sensex OR ""Indian shares"" OR midcap OR smallcap) (falls OR selloff OR correction OR ""risk off"") when:1d"" - Google News"
2026-09-01T04:15:36+00:00,1,['market selling'],Business Upturn,"Titan, Kalyan Jewellers and Muthoot Finance shares fall sharply after PM Modi’s gold-buying remarks - Business Upturn",https://news.google.com/rss/articles/CBMi3wFBVV95cUxOVjNvSzNoM3ZiMm5JbVA0b1V2WHJGLWY1WUYybGRRYVZXR2ZvU2IyUG9Bb05LUFBQNTBvempUZGNjc3ZhUGQ1S1A5T3plYVp4R2JBdEdUR2UxNDZGa0x4aHZyTk4yeDFxUGxmNmlrWS15VUtSajRQLXVTbXM3RTVRR1ZSa0lfaXVzOTBDMUU1U1JZLUMtM2lwTlk5QmdPNmc4SVcxcE03cUMwaXI4bUw2TUYtbjYtdG03X3ZRTWJ1aVBHQzI3UTNwUzRXTlNkN2J5LWVGMmZNTjNKbGotUWZN?oc=5,"Titan, Kalyan Jewellers and Muthoot Finance shares fall sharply after PM Modi’s gold-buying remarks Business Upturn","""(Nifty OR Sensex OR ""Indian shares"" OR midcap OR smallcap) (falls OR selloff OR correction OR ""risk off"") when:1d"" - Google News"
2026-09-01T03:45:05+00:00,1,['India market'],Business Upturn,Nifty 50 Inches Lower at Open as Indian Equities Edge into Negative Territory - Business Upturn,https://news.google.com/rss/articles/CBMizgFBVV95cUxNV21HdkI1WjZBb000dTJHT3JhX0h0Y1FNakhCeTlrem1GbWdYeTBrLUhNM3dCS0J3TkNRYzA0YW5nWlJpUkQ5T2w3aEdGRlFiYjJ6cjhNVlJsSmxERl9YZUZHWl9wb0lheFEtUEFQZlU3b1NKTHdzYTNsOFZ4S1NuWkNUcnMyNDAzMVdPYzV5WkpDbVV5Tmtpczc2ZTRaT3dJRmN4TUNlYWtlX2VKWkVwRmZQRXFBNi1Jb3NqZ3ZwVnNKQ1dudXJrYjRhQ21LUQ?oc=5,Nifty 50 Inches Lower at Open as Indian Equities Edge into Negative Territory Business Upturn,"""(Nifty OR Sensex OR ""Indian shares"" OR midcap OR smallcap) (falls OR selloff OR correction OR ""risk off"") when:1d"" - Google News"
2026-09-01T03:39:16+00:00,1,['India market'],The Indian Express,How Indian stocks saw highest monthly FII inflow in nearly 2 years - The Indian Express,https://news.google.com/rss/articles/CBMi1wFBVV95cUxNb0J3eENXMXZ4QkZoUERabjQxa3daWjl6Ym1XdVQwZV9NSnNGcmhIM3ZrMDBhX3U0dlF0NTVTcTVGckJrX3N6SVk4US1ESVNFamFHM3ZPNzZnaHpMUm1EVl8zVWdTS3pvNmllRThMY1VXb0hIdlk0aERIVEdVS0w3VlYtODl1N1lUdUprbGdnQjlzZExKcTJJNHJyUTFVejdCWnltaDhwWDhPaEhIcS1fSXlOSTZIdkIzekU0S3AyZHAzVnBobDI3aU16TThJT0xNSGlIZ0ZkNNIB3gFBVV95cUxPVS0zamhwamxkRVJXdzVCX1ZBUmh0VHg1VEl0STdGWDJ5RndZeTlmV0N5U3NxRWlEMW8wQ1JkZ3Fadnc4SWJqZ2xxemlXR3VudVMyYVhIamF5cEJlSjd5UGhLa05YTnFlVWNYMm15SGprQUJTTWQyRGdjSkgxa3RCTTZjQU1uVFBqbXlub1ZDb3hsUmlxRmUxbl84T3lsYWhNaV9kd2dESVQ4c0pMR3B2Q1Ywd3ZvWXBDQmJtT0Z4UlBJc2lVcm0tbTVYZHM2S2RyR3dQQlVvbXhRM2wwNnc?oc=5,How Indian stocks saw highest monthly FII inflow in nearly 2 years The Indian Express,"""(""mutual funds"" OR SIP OR AMFI OR FII OR FPI) (India OR equity OR market) when:1d"" - Google News"
2026-09-01T03:39:01+00:00,1,['India market'],Rediff,India's Biggest Stock Market Booms And Busts - Rediff,https://news.google.com/rss/articles/CBMinAFBVV95cUxOQ0hXOWF3U0w3TFRNZWpFYnBRaTR4cEN2Z3J3VVZyNUtOdkpPWXZPNVdhb18tUjJCdU5BT2FoV2JVZXYzT3pfNFg5b0tKdWhzWGZRU0xKV3hxdmVqS1QxUjdHWFRWV1g1Ynpqalk5NVBBRkN3ZUxvem9hTTkzMkhuTGotR3l0SndMOUQ0WXZsNnY2SEIzYzVmdk9ZZnTSAZ8BQVVfeXFMTjdwUVlndnhPbUI0aHFhYVBmc0hLalFhVXJkWGVhdlNhb0FXRnZGRF9td2VwaVZPY2dwZlYxRlJ4OE5TOGtkVmRoUjI2SU9LMF9uQzI5Rmk5YzljM2lMM2ZJMFRaTDNXbkZkLTNfcFpjODI0N2Mxa0hVTElyOUZfZWJKbGZDUDNidExrdUpaTzN3S0lwQTB6RW9HR1RCUzNn?oc=5,India's Biggest Stock Market Booms And Busts Rediff,"""(Nifty OR Sensex OR ""Indian shares"" OR midcap OR smallcap) (falls OR selloff OR correction OR ""risk off"") when:1d"" - Google News"
2026-09-01T01:53:43+00:00,1,['India market'],The Economic Times,Franklin India Government Securities Long-term Plan Regular-Bonus Monthly - The Economic Times,https://news.google.com/rss/articles/CBMipwFBVV95cUxOLW9seWxQV0hvTEdLQzdnbW9WT0RHa3JZTFo3QTMwS2IybS1pN3JTUXZ3LWR1YmRUeTk5LXkxWElWUklrZ3JmZl93bWVRaXA2bDB3Um1pZzcya3ZDVnBJZ2x3dXMtZE9RMDN0TlpTYUk4M1VJa002M3BiU0FjWl9jUmVNZmpFX2ZySGV1QnpnbXpISFBlTnUzRTVFekktUEtkdnFJMVJlQQ?oc=5,Franklin India Government Securities Long-term Plan Regular-Bonus Monthly The Economic Times,"""(""mutual funds"" OR SIP OR AMFI OR FII OR FPI) (India OR equity OR market) when:1d"" - Google News"
2026-09-01T01:45:59+00:00,1,['India market'],BBN Times,"BSE SENSEX: Mumbai Benchmark Snaps Winning Streak Closing at 77,369.11 - BBN Times",https://news.google.com/rss/articles/CBMipwFBVV95cUxPdkJpT3RWZGRzYUctQWRkanFaZDVoQkFYejdhcFNaYkFZWTFjVHJqU1ZiV1VXeGdwN1plUklOWl9kRkx0azhHLUMyR0RRN2tUYkVqa3hMRkhyWUc5OWthWjJtUVk0OGs5a1IzTS04cFZzQmVIeVNmZ1hzWmhXOFppTGpXTkZXczZYRDdkUzdRUGNxS2ZCYXl2b0w4eGV1TDhHLVh4c2pOOA?oc=5,"BSE SENSEX: Mumbai Benchmark Snaps Winning Streak Closing at 77,369.11 BBN Times","""(""broader market"" OR midcap OR smallcap) (selling OR correction OR fall OR volatility) India when:1d"" - Google News"
2026-09-01T00:15:53+00:00,1,['India market'],easternherald.com,"Nifty Media Index Today — August 31, 2026: Price & Top Movers - easternherald.com",https://news.google.com/rss/articles/CBMia0FVX3lxTE1WZUM5MG83UmZnNnc5UnRUbDEtUTJYOHB5RzZxaldwZXFXWXdPQTdaQmFnUXBYUzdhYzh4WW8xUXlQYjVmTndrdVpvTWh0YkdvWERtVWEwM1d2NjJYM2oxZ252aGxZcFhrVDBv?oc=5,"Nifty Media Index Today — August 31, 2026: Price & Top Movers easternherald.com","""(Nifty OR Sensex OR ""Indian shares"" OR midcap OR smallcap) (falls OR selloff OR correction OR ""risk off"") when:1d"" - Google News"
2026-09-01T00:15:53+00:00,1,['India market'],easternherald.com,"BSE SmallCap Index Rises 0.18% on August 31, 2026 as Small-Cap Stocks End Month in Green - easternherald.com",https://news.google.com/rss/articles/CBMie0FVX3lxTE82Z2pKazBPbnVhenpZVmN6WkVqbmY1TTNhbmZ0ekdMM0ZKUmpqSzRfY1pPX0oybVdPMTZoRlFobl9jVmpRS3d4YjJ1dUdBaGMtS0JLbWxYODM1bzNMWHM2UWpJakI1d0Jnb3VBRktzdmt1dndxMkdDUUxvVQ?oc=5,"BSE SmallCap Index Rises 0.18% on August 31, 2026 as Small-Cap Stocks End Month in Green easternherald.com","""(""broader market"" OR midcap OR smallcap) (selling OR correction OR fall OR volatility) India when:1d"" - Google News"
2026-08-31T23:35:11+00:00,1,['India market'],financialexpress.com,70% profit growth: This smallcap is quietly scaling into a much bigger business - financialexpress.com,https://news.google.com/rss/articles/CBMi6AFBVV95cUxPS3UwdEdHdGZPWlNaU0FVaXhZcmRoXzgyekF6NDMxRTNjQ18zZlkyemx0YWlKOHFpR3FiMEdzQWprcjE3d3BzelhpaVR0UXdNaFN5czJrNHNwT044TzVaQTR6VEljVFhDeHR0YUJvY1I2bngycENFQkxYQ3hZb0g5bW5QSURrbEZwNE1PYnJlb3dVbzBjOXZlLVNBSGhpUTJaMmtFNUtKVWVfLXlaV29jZnFrdE1QVzV6amphNkV3aEt6Y19jSXlXY2hQdUZSRl9rb1ZVWDl0SkhKNkJENzFSTG1pR0RHcXdq0gHvAUFVX3lxTE55aVZPU2I4VGhieUY0b0V5RjNXTWRwUm9LaktSVTRfUFMyT3R6UjBrdWFucy05V3NkbVpTU3V6TUFKbzBmaVYtYjlEeTlWXzlEQ2h6X1pEUDRRYXRnc2lzRVFjTERDQkUzdVZGVWp3eERhaEQ1WW9OZFpvUlZNMFJBdEZadGtxTnJFZHJkQWxhVi1GbHEzZ0Z5Uno2VEhWMjJ2amVuOWFRQ08tMlNBNTlEMWpoem5mbkV5NWVJcmZtMThYbDQxNXl6YlJQS2Q3ZkxvZHJsWFhHOU5hdGNLSDZhZ21CcDNNaFZCU3dsemZj?oc=5,70% profit growth: This smallcap is quietly scaling into a much bigger business financialexpress.com,"""(""broader market"" OR midcap OR smallcap) (selling OR correction OR fall OR volatility) India when:1d"" - Google News"
2026-08-31T22:03:22+00:00,1,['AI / tech risk'],NewsCord,Andrew Bailey Warns G20 Frontier AI Could Accelerate Cyber Attacks and Threaten Financial Stability - NewsCord,https://news.google.com/rss/articles/CBMi6AFBVV95cUxOWU00VHNoVEVaRi1XSFk2cFJsLUlobzBwbGE5dDRRVFZ2UkI0cHdodDRDSzBCb0ZFSW1lcmNCWkpIRUF0QXcwZUt0c0pKUzVaczJaSWVBaVhlZDB6X3BkSE1EZm9PNEs5b1BwVUtmQlVnaWFjN1VEb1Y3SlVyYjRoZnN5elNCcEdncUFlTHdIOGx1ZXh2YXBpR25yb2ttMTNrUUFNcU1NS1doS2ZNWW4taGhfOFpISVlPSWNxaDI5ejBKeUZiV2t6aWZyS182UWVub3VaejltSE5XeXc0QnNac2VSNDRQOGZ2?oc=5,Andrew Bailey Warns G20 Frontier AI Could Accelerate Cyber Attacks and Threaten Financial Stability NewsCord,"""(AI OR ""artificial intelligence"" OR Nvidia OR semiconductor OR technology) (selloff OR ""market fall"" OR ""stocks fall"" OR correction) when:1d"" - Google News"
2026-08-31T18:00:00+00:00,1,['market selling'],The Globe and Mail,"If a Stock Market Correction Is Coming, History Says This ETF Has Always Protected Long-Term Investors - The Globe and Mail",https://news.google.com/rss/articles/CBMilAJBVV95cUxQMkRLYmhIR3BPTVREczNTZWpBMlo2M3ZzanFqMlNpd3BCdlU3ODg3d0c5Qm1jTlFwaUYzTDdNdVZIOVdkS3lwVnJESnJpNzBmU3MzazJ4TGJNODAwcmlGcEVzcTNiMFJJZEs3X2Q0X0Q1VS12bldsV2hWTGp6Mk04NWpobFFLcmVxZmZPZzhYVjJrck9oX2Uzb1lremVFQkFCVjMxYUdhX1VHZWNIUkdFaTdSRk8wY0MtZzhiTGtUeTNBUTdaakIyYkRNRzcxWGtHSUJLN09YNVN3QjlUUXdvRlEwZ2FSYU4yQzJYeTJDVkFxQmFxVUlqWVZsWE9ORkhBMTVwbTlLay10V2NEbmtIdXpGM1k?oc=5,"If a Stock Market Correction Is Coming, History Says This ETF Has Always Protected Long-Term Investors The Globe and Mail","""(AI OR ""artificial intelligence"" OR Nvidia OR semiconductor OR technology) (selloff OR ""market fall"" OR ""stocks fall"" OR correction) when:1d"" - Google News"
2026-08-31T17:56:45+00:00,1,['market selling'],thestreet.com,Bitwave’s CEO puts a clock on the software selloff: “two years at most” - thestreet.com,https://news.google.com/rss/articles/CBMirgFBVV95cUxNRlk3dTYzMDFJSUF0RGphVzk0RjJyVjhHbXRSMkZQYno1d09KWG1vVTdWNXJfd1JPV25CYzVRazVDTEQwTTdkemRIc2NzVVI5VlN6THFGaEpmYURPalQxa2JYTUFUX3BmQ1RWaXVrcjhtVXlxalg5cGVYNXZrUWVNYVlNMl9CQXFPZ0pPcWFHWmVqekI1S1hBVE0wSHNHcDNLSFlCYjdKdUFsVGxOclE?oc=5,Bitwave’s CEO puts a clock on the software selloff: “two years at most” thestreet.com,"""(AI OR ""artificial intelligence"" OR Nvidia OR semiconductor OR technology) (selloff OR ""market fall"" OR ""stocks fall"" OR correction) when:1d"" - Google News"
2026-08-31T16:49:11+00:00,1,['AI / tech risk'],BBC,"AI could cause global economic downturn, Andrew Bailey warns G20 - BBC",https://news.google.com/rss/articles/CBMiXEFVX3lxTE9icFlpb3hZNm0xZ0hoUktoUElja2kycWVjR0NPOXY3aGk2bmQ5TXlqN0VCMlFNNXBkV0dfV0ltNnlZdk43M1M4VmFPRGxwbWhzOUk0SjZSZnVoQkho?oc=5,"AI could cause global economic downturn, Andrew Bailey warns G20 BBC","""(AI OR ""artificial intelligence"" OR Nvidia OR semiconductor OR technology) (selloff OR ""market fall"" OR ""stocks fall"" OR correction) when:1d"" - Google News"
2026-08-31T16:49:11+00:00,1,['AI / tech risk'],BBC,"AI could could cause global economic downturn, Andrew Bailey warns G20 - BBC",https://news.google.com/rss/articles/CBMiW0FVX3lxTE9YcU9lSkxqYUZLUGVISnMzSmFuSVROTEVBNGQ3SHNSdGJaZG1HZ3pBajhXVTBTY1RyMGc5TFdKcXk5U1BSczV4cHBZVUt6YjMtLW9XMWg2dTRaaWs?oc=5,"AI could could cause global economic downturn, Andrew Bailey warns G20 BBC","""(AI OR ""artificial intelligence"" OR Nvidia OR semiconductor OR technology) (selloff OR ""market fall"" OR ""stocks fall"" OR correction) when:1d"" - Google News"
2026-08-31T16:41:27+00:00,1,['market selling'],AD HOC NEWS,XRP's Institutional Momentum Builds While Spot Market Digests a Steep Correction - AD HOC NEWS,https://news.google.com/rss/articles/CBMi2AFBVV95cUxQdFFZeWRyZGRLNHhLS2s5MXRRRllVWXlkSGw0MlFlV3ZEenVVdlBFaVlZTFgzZXN5TTNMTWVBNzBFUU1sV0ZPWHZEZV9zUXdLTUttdHVjaHpUaldncTlsRFd2T1AyN1pWMlhSeU1icnZUNkFPSXhxUmN3dHRpYTY4UmRCMG1QejJrbGRNam5laXVwZjBjZTU3cmVwQ1JtN3dfeXJ5VWpVMmdHWW1wSjQyelF4aXN1b1FRZXpFcE55RE9oTVVvQnBzcnQ2bnNMQWtYMWZ6SVg2R3Y?oc=5,XRP's Institutional Momentum Builds While Spot Market Digests a Steep Correction AD HOC NEWS,"""(AI OR ""artificial intelligence"" OR Nvidia OR semiconductor OR technology) (selloff OR ""market fall"" OR ""stocks fall"" OR correction) when:1d"" - Google News"
2026-08-31T16:29:25+00:00,1,['India market'],LinkedIn,"Top Stories: GDP growth engines fire, PM Modi meets Putin, Nifty outlook, Happiest Minds stake sale & more - LinkedIn",https://news.google.com/rss/articles/CBMinwFBVV95cUxPY1MtNDhDMHAweThZWmVWdzRFQXNvOWhuMGlBQWNOU2dmdHczMVBoZ195ZjB1OUN2NFNnMmkteEt2SC0xYjJUMEdScWZUMTZzeWc4Z2Vxa2Ewa1ZPcFYxUUdDeDZtaW54YWdneUxLOXpHZTkwMTNtWGlfdnRFRDF5UWx4T1o0OGhIdEFzd0RoZHJzWU5pTjBPM29Fb3NKOE0?oc=5,"Top Stories: GDP growth engines fire, PM Modi meets Putin, Nifty outlook, Happiest Minds stake sale & more LinkedIn","""(Nifty OR Sensex OR ""Indian shares"" OR midcap OR smallcap) (falls OR selloff OR correction OR ""risk off"") when:1d"" - Google News"
2026-08-31T15:46:38+00:00,1,['AI / tech risk'],Sky News,"Artificial intelligence could cause global economic downturn, Bank of England governor warns - Sky News",https://news.google.com/rss/articles/CBMixgFBVV95cUxPQm4wTGlraHVrOVBRQ25ta19lQ3AyWWU1YXZQTXhvakhZYU0wWWRabGw3RmZWdmItMTZNcXltR2o4X1ZITWhjbks0WWNyN1JoNWFjLWNQM19iWDhVTDRaMmpjVmRnQmtLWHg0LXhpU3pxZ0x1TTVxNGd1bUQ5emc2dzRzdE1rWllRSVZ1eENQRzd3bngtNWVRTEVremZPcTRGOExoZ0thRnc1S3Vab1VYNjVGT25OVVcxNVQzMzM5S2lSM25qdGc?oc=5,"Artificial intelligence could cause global economic downturn, Bank of England governor warns Sky News","""(AI OR ""artificial intelligence"" OR Nvidia OR semiconductor OR technology) (selloff OR ""market fall"" OR ""stocks fall"" OR correction) when:1d"" - Google News"
2026-08-31T15:11:32+00:00,1,['India market'],The Hindu,"FII inflows into Indian equities hit two-year high of ₹29,631 cr in August - The Hindu",https://news.google.com/rss/articles/CBMixAFBVV95cUxOUy1IcjZXMzRzc3JCZkhMaE5reUlaZ19uZkM2R1dreGhqUlRuUElOX3ZTUVZYUEItVjEzQWl1bG9rRG9HQTJkTng0V0s4b1dVSThHY1kzbjduQXRScDBtLU55MEk0dGZ5TlJSUFduMFNWNllVS0w3N3ZkNE16dVVjRnM3blZYeGJfc05ySVRQU19neUxHOHVOcFlvNU1TMkF4c0pPWl9zSUFuX0o2VWw3R2lLOXlWZ0FmSGphMm1IV0JUdlJw0gHLAUFVX3lxTFA1MERHNUcwUHVGWGlTVnNGeF9nejZQNjRwMndsQUMxQ29nWjh5LVJHcjdsZEtZZGN3ZS15a0dxTjlzdS1yZVMtTEJGTzREQm5ZY25LY3ExUjBNUmM0OEJmcVQ4UTdXTkQ4RUhsNFJsQzN0SWdicmVIb2piNGJ0dFNsdk1qOG5WbjBaUUhpVFNOcGtDVFMxU0pVeTZ5UkVQX1Vmd0ROMXJQQlZTTlNJYnQ5ekY3TnhKalFTbDlwamN6LUc4RXNKRXJ3V21B?oc=5,"FII inflows into Indian equities hit two-year high of ₹29,631 cr in August The Hindu","""(""mutual funds"" OR SIP OR AMFI OR FII OR FPI) (India OR equity OR market) when:1d"" - Google News"
2026-08-31T15:07:47+00:00,1,['India market'],Dailyhunt,"SENSEX, NIFTY50 resume decline after a day's pause, dragged by HDFC Bank, Bharti Airtel - Dailyhunt",https://news.google.com/rss/articles/CBMi9gFBVV95cUxNdWJlb0JIa2xvQ2VoR2ZpdGE4S1MtMFlBckI0Wm5RTzVZOXJaVlh0cVozQWVtQmV2WlM3Nk0tc0ItNFFaSU5tdVFHNENyQVhaZzRDUE5nUEJGQUdUZEtQWXdMYjBwTkpieUI3TldWRDBlRW5aUjRSVERpUHpaTHVHaEhXN1RNN3E1eHpWcHhzTlZ5ZHFaOFJ3UWxia3ZWMF9fUFpzd3ItMGhReUE5QU9aZEFVZDY5Wjl0dGJDSGY0MTllY3ZtX1pfa2hZMkhDWjlTbFVMSG5GRmR1N2w4a3Nsbkk4SVFKUGhnUzlYaXZERVdpUEo3QUE?oc=5,"SENSEX, NIFTY50 resume decline after a day's pause, dragged by HDFC Bank, Bharti Airtel Dailyhunt","""(""broader market"" OR midcap OR smallcap) (selling OR correction OR fall OR volatility) India when:1d"" - Google News"
2026-08-31T14:32:20+00:00,1,['market selling'],AD HOC NEWS,NBIX stock update and fundamentals amid broader market volatility - AD HOC NEWS,https://news.google.com/rss/articles/CBMiwgFBVV95cUxNdEMwWmVscWV3Q1BxaTI2THhxemJlMHhMbG1USk1Mb1haVjdQaFBrNzF4Nmp3aHB6ZUtqQmFzdmRwRHk3NUxVTWV0encxdHE4NjZGbjNlc195YTV1d3hWTk4wUzNEcF9tQTlSQzk1S24wMUN2WFkxWnJqVl9PYy16aFhQLWh3OUlMbGx1bm9OM195QkJDSnhPSkxZY2xCaGU0ekdKRHRCMVVPLTNwN2JwTVdIeFdoMDY3aWdfZ1dNSTRrUQ?oc=5,NBIX stock update and fundamentals amid broader market volatility AD HOC NEWS,"""(""broader market"" OR midcap OR smallcap) (selling OR correction OR fall OR volatility) India when:1d"" - Google News"
