published,score,themes,source,title,link,description,feed
2026-09-25T13:21:27+00:00,9,"['market selling', 'India market']",Business Standard,"PB Fintech's 2-day fall costs mutual fund investors nearly ₹11,000 crore - Business Standard",https://news.google.com/rss/articles/CBMi1AFBVV95cUxPbmdjdWRWS2NUSk9aeWZST2dCMk1OajExRmhZWEdlSHp4OWN1MDBhTnl1N0cxd1o5dDRBeXJJN3lVaG1ET3JfaUNTZVBueE11dnVDNlk0T1NVWlJibmxvQTl3c1R5bVVkcGVONXNiS0hyeXFTckNqQWdpQk8tMExsampHT3RBWnZiZTk3RnM2RmhTZGpIdDBrUjhhTElzYWdVUm5SUTRGTDU2MjV0SFllSU5kank0dng0RDY0djRGenlvLXZfWm40VHlNZHRTZUdLeTVzMNIB2gFBVV95cUxPS2VUbV9QNV9qdkFBOFZ4YXlhOUtPSHlBOEpzVC1FbE1YN3BuT196Sm9mUDBmd2RycE1HUmJnVm5SMnB1bjloQWFvbmUwNVRENUx4Yll2RW5nOFJXYWxnMkV1eGJJQTRtSUlXejliYWFRTjVMRTluUWVpeHhpRl9OeWFuWFhXSUlyMHdZWGNzZ0ZVWHl3dWNDalAyZWxaTzhTNEljOVcxZEo5bU0yYmJESGZyTnZORi01REVDTzI0TlpveTdsVGRjV19iazVCdVVZSVZFRTFRTjNmUQ?oc=5,"PB Fintech's 2-day fall costs mutual fund investors nearly ₹11,000 crore Business Standard","""(""broader market"" OR midcap OR smallcap) (selling OR correction OR fall OR volatility) India when:1d"" - Google News"
2026-09-25T06:50:34+00:00,9,"['market selling', 'India market', 'macro / flows']",The Sunday Guardian,"Sensex Today: BSE Sensex Volatile After 1.67% Fall; Crude Oil, FII Selling Weigh on Markets; Key Drivers and What Investors Should Know - The Sunday Guardian",https://news.google.com/rss/articles/CBMiiAJBVV95cUxOalpUTzMyWnZycXlzTzlkdThlWDc2YU9vQnE3Y2hRa25hNXpuZEJybWpRT2prdm90U3cwMEVhakRzUE5sbjlMLW42MjdtYVpTTFdCcUZrb1dEdnZoQ29hcFc3S1hJNWFmMmgtY2RQemRTRDJKdUZBckhZbjY1NkRCb2hyRUlKWkNYbWZRdHBaVzJzSXlwR2ZBU2R0U0ZlQ1o1OHFFenU3Wkgxa3VjRUZlUl9fN24yOHRLdW5oaUhtd1pBMkIwOVdxdUsyMEllaWxUNEtwdkNxRVJ3eTFOUjBaN1VKMndoNGtKcjRydjcyQ1BGZlJtcEhmZmdEbEdJVjAweWVwa203QjfSAY4CQVVfeXFMTzBaRGVqaWhXUUxTbk9QZlYxYTRZdjRUYnBHUDU0ajlock1RTkh5QWk5TTFZZndhNlZqYTJrc2NicHhMSTVRek1JUElYeDV4NjViRTkxNVBOQTdLWmgxQlhMb1RKNWplQ3N0YlNSQ1VmRHdmZy1tOEhZUDV1ZFU0bjk1cnNrakZOTjY2YWFET1ZIOXY4eFkyZ2RjY2VVQTV1WFV3TkFFcjBqTGdqbHJSX2FEX05HZXJWZTRfbnUtTHFrV2RMZzQ3eFhhX3dxb2VJbXl2dXQ5OWlwVnVtanBueUowUmQyaXBSS0xRbGRpM1lfOTBpVTVmZjU1ajFMdEZ4QkpSWDFLX21nYS1lNVdn?oc=5,"Sensex Today: BSE Sensex Volatile After 1.67% Fall; Crude Oil, FII Selling Weigh on Markets; Key Drivers and What Investors Should Know The Sunday Guardian","""(""mutual funds"" OR SIP OR AMFI OR FII OR FPI) (India OR equity OR market) when:1d"" - Google News"
2026-09-25T03:00:28+00:00,9,"['market selling', 'India market', 'macro / flows']",Moneycontrol.com,"GIFT Nifty signals flat start for Sensex, Nifty after sharp selloff; high bond yields, crude remain key... - Moneycontrol.com",https://news.google.com/rss/articles/CBMigAJBVV95cUxNTGZSVEp2VlNfSEdsc2p2QTBBdURYOXdFazlTRTlHLWxuV0ROVlR1TEwybmpnTzBsaVhCdXhTcGozM25uOXNWZVJuVE9oalE1ZXN0WHl4bWJZZ190U0YtVFBZaE11UHFmcnlNVGJwQzYzTkU4RWRnaE1jYTI0cVlBTmJsbG9JblJEY2J4b28wUF9iS3ZCWFAxdngyRnB3OUNWQ2F5RzY4aTJjWEVTTnpjRW9iU3RIUThaNkxRWUxiemdsMVlMVlE1RW9vbmNISUdRYmlpYmFzVzNrWHczY3M4cWNLTVBmMXo5ZEtqNWhXWW5KRUZDTjg2YVZrZ1pNemd10gGGAkFVX3lxTE9ObmY0XzBiN3FuVVNXWG90c3dpQlMzemI5VlRVZHhIVHBicXpDS0Zkcm5UaHJ0a3hXQkJfQjltR09RVEtTb0VRd2hoQ3ExbnpHWWtlUmhKU1Z2MTY0QnFaUTJNeEZOSm9FblJ5M2VGQ2g0ZWJSOHhSNVdpdTBXRlE0RmZXX3ZCcmdycXRiT2lIbGs0WlI5bnhJTmc3eExvakE1eHZiUHhGanYzRFEtejByeEtoZ1E5eHVZS09aMjZreFoxY01iWFRSMk80bkljWDYzcW0yVGJPQm1vMHkyU3VwWEl6VkFUSG41MVpFb1A3U0REUE9CYk8xNDJlTHRrRnVCa1ZEbkE?oc=5,"GIFT Nifty signals flat start for Sensex, Nifty after sharp selloff; high bond yields, crude remain key... Moneycontrol.com","""(Nifty OR Sensex OR ""Indian shares"" OR midcap OR smallcap) (falls OR selloff OR correction OR ""risk off"") when:1d"" - Google News"
2026-09-24T15:04:20+00:00,9,"['market selling', 'India market', 'macro / flows']",INDIA New England News,"Sensex Falls 1,248 Points, Nifty Slips Below 23,100 on Oil, Bond Market Concerns - INDIA New England News",https://news.google.com/rss/articles/CBMiqAFBVV95cUxQc05XQ3hibzVOcTNkbDd1SFBQUElhb0pQVDVVeXpHT2wtZG9FM2FEZXhJcGdGaVRMWWRuYUdrcnpHS1E2ZU8wR2dBYmN4czBSZ1hXdmhNbVczeTBPR0FOTUF3bFY1eEJ1cmtUaUJuMDhLV2JNeGJPZXFNM1BnWGRRbXByU0JDbHFCMWNoNVVESkJJbThzOWVNYThKb2N2cTIxZmY2eERpYWg?oc=5,"Sensex Falls 1,248 Points, Nifty Slips Below 23,100 on Oil, Bond Market Concerns INDIA New England News","""(Nifty OR Sensex OR ""Indian shares"" OR midcap OR smallcap) (falls OR selloff OR correction OR ""risk off"") when:1d"" - Google News"
2026-09-25T12:52:19+00:00,8,"['AI / tech risk', 'market selling', 'macro / flows']",Межа. Новини України.,Bond Selloff Lifts Yields as AI and Energy Policy Reshape Global Markets - Межа. Новини України.,https://news.google.com/rss/articles/CBMiZkFVX3lxTFAxV09WNDVjcXMxTmRJQkl6OE5HUEhsOUxFd3JfOGZqTUZjdHMzYTR2a2VMUFViRDVzem92M0NSUW92Mmg1VGFxaHlTdEhnZ1dYeGt3ek1Ba09ZSW9zMzIyUXg3OEZkdw?oc=5,Bond Selloff Lifts Yields as AI and Energy Policy Reshape Global Markets Межа. Новини України.,"""(AI OR ""artificial intelligence"" OR Nvidia OR semiconductor OR technology) (selloff OR ""market fall"" OR ""stocks fall"" OR correction) when:1d"" - Google News"
2026-09-25T10:22:54+00:00,8,"['market selling', 'India market', 'macro / flows']",CNBC TV18,"Nifty could fall further unless oil prices ease or Q2 earnings bring relief, says JM Financial analyst - CNBC TV18",https://news.google.com/rss/articles/CBMilwJBVV95cUxPMVdzWE1MU1YwT1NxaEtwTGVvdEtkRU5YU3lQVGx4WHlvLS1vdDdHR3ZabUJaZmd0WDlkNnhWQVE0ZkZ4VUo3Mzk1ckU1LUMyYm45Z3ZPWVBIWW00Qzh3UzZ5aWNNSndPUVM0WUc2d1ZHQzRKakVxZXJWX1M5UTFLNFFtVDdUQlR4RmZxRDBOUnVXbWlydDNtNGNCNkY1QmJfRjNqR2NxMUVobkRtTmxjX2FPYlJRd3g2b3dUSUxxRlJlc1dnOVh1ZzBUeW1ST2ZfVjJwMElSY0E3eXdEaTR2aXo5ZzFmeWZBRjlYUWUybG9oQ3g5dVJMMHU0Wmk5a3FIa0liRG80N2U5SE5fLWx6aS02a3hhOGPSAZwCQVVfeXFMTnRLU29kaEk3ZVQ1UFpmQTRDaVlJZ1p4UlQ5THhWa2Y0RWEwcmxSWkp2YlNTaG5MUGRPY0ZIUDVGQ01zemtYZFNmMXBwbmk3ckhfUkNxLWJlTHBBR21EV3lRSGEzRG9DNmVpMlBBOENLRUN0Mm9ZbVp1RnNKMU90X2U5cFlvcXNVN0diRHhLc09MdldSWG1iZ1F4cnlIS2ZMeVZhSWhLckpqM2szcG5pQ3ZhR3UxNlpXRDZNX2tMOHQwckU2RVMwbklWeHRNb0lqLTRRMFFLTnBPNDhfSEs5NW1Ja3lJWnlSVUdjV2d2eHhUR0lwTjlRSHRMSjlnX19jMkZIVFJlRnJ3d1k2QXl4di1hTGd3SDJQdnU1OUI?oc=5,"Nifty could fall further unless oil prices ease or Q2 earnings bring relief, says JM Financial analyst CNBC TV18","""(Nifty OR Sensex OR ""Indian shares"" OR midcap OR smallcap) (falls OR selloff OR correction OR ""risk off"") when:1d"" - Google News"
2026-09-25T10:07:52+00:00,8,"['market selling', 'India market', 'macro / flows']",NiftyTrader,"Nifty IT Falls for 6th Day Straight; OFSS, Infosys Drag as Crude, Fed Rate Fears Bite - NiftyTrader",https://news.google.com/rss/articles/CBMie0FVX3lxTE9kNXVXSTVrVF9xVnZWeVI3YXpLbVBpenBmejVQSDJMb3R0Z1p4T3luSml1bmJidTRwNUJKbjNyc09lMnVtRXhXNC1CYm1rTzFzRi11TENFMGszYkFJUGwwVFBKNGt6VTlqYTZpSzNfSG9qSWJQZGhFUWJ0RQ?oc=5,"Nifty IT Falls for 6th Day Straight; OFSS, Infosys Drag as Crude, Fed Rate Fears Bite NiftyTrader","""(Nifty OR Sensex OR ""Indian shares"" OR midcap OR smallcap) (falls OR selloff OR correction OR ""risk off"") when:1d"" - Google News"
2026-09-25T09:40:11+00:00,8,"['AI / tech risk', 'market selling', 'macro / flows']",Stocktwits,"Nasdaq, Dow, S&P 500 Futures Slip As Chip Selloff Overshadows Strong Earnings Season: NFLX, SNDK, SPCX, MRVL Stocks In Focus - Stocktwits",https://news.google.com/rss/articles/CBMi5AFBVV95cUxOMDJ4TDYteGNmS0tMeFMwVVZjSmIxdVJseXV4blpMRVZqVXBpMkUzMEg3TDhuTjROMjBhM3VVamNDbnZoMTF0Tm5iUWZjaW9oaDZXaC1qVVkzRzIyWi1ZOWVsTzJZTkVneFNCV0h4UUlUenIxZkJDS3lBUjlKWFJIUmJIMWx5U25oajRBVHNMZGdpY18tblR5TlFPWE85OGxVQkRWeWtOZUd3QWp0Q2NlSUhiT3NRcDVFZFlpNkhfZDRvSjlpb2pZclpldDJRY05DbGhncjk4c21TRHlMckFpRWZmYk0?oc=5,"Nasdaq, Dow, S&P 500 Futures Slip As Chip Selloff Overshadows Strong Earnings Season: NFLX, SNDK, SPCX, MRVL Stocks In Focus Stocktwits","""(AI OR ""artificial intelligence"" OR Nvidia OR semiconductor OR technology) (selloff OR ""market fall"" OR ""stocks fall"" OR correction) when:1d"" - Google News"
2026-09-25T05:04:46+00:00,8,"['market selling', 'India market']",The Sunday Guardian,"Why Is India Stock Market Down Today (September 25)? Sensex Plunges 1.67%, Nifty Loses 383 Points After Sharp Sell-Off: Key Market Drivers - The Sunday Guardian",https://news.google.com/rss/articles/CBMikAJBVV95cUxNM1hmcjhBWlZ5ZHJrX1JyRDBlSWFIX0NzeDFvWW54Um5ELS1aMTExX21SU2R3RG1DMkVYbXZmcnp2SURhN05NaVFqRFptWlRGLXliX2djVTZaMFBDcWNQQXFsdnhNdmliN3hCcVA1UGI5bzFPNmZpa1Z6bm1SejlkeEx1clpnenpXRmxzVU5FcWR4Q1Bqcll2N1RJVmVnYzk3ZUFoMkhBNjY0Y0x4eExZZ3FHdGs2X09mVTI3UExrNXJwSEtOZ0xGMjFkYjVGZWlwaUlfMzhVX2FKZXk4NVQxclRIZmYzbkRxM21ualVFd1JoeEFwNTh0OXlaZWJZQ2FoVWQ5NmVfTmRNNFpYanZIZdIBkAJBVV95cUxNM1hmcjhBWlZ5ZHJrX1JyRDBlSWFIX0NzeDFvWW54Um5ELS1aMTExX21SU2R3RG1DMkVYbXZmcnp2SURhN05NaVFqRFptWlRGLXliX2djVTZaMFBDcWNQQXFsdnhNdmliN3hCcVA1UGI5bzFPNmZpa1Z6bm1SejlkeEx1clpnenpXRmxzVU5FcWR4Q1Bqcll2N1RJVmVnYzk3ZUFoMkhBNjY0Y0x4eExZZ3FHdGs2X09mVTI3UExrNXJwSEtOZ0xGMjFkYjVGZWlwaUlfMzhVX2FKZXk4NVQxclRIZmYzbkRxM21ualVFd1JoeEFwNTh0OXlaZWJZQ2FoVWQ5NmVfTmRNNFpYanZIZQ?oc=5,"Why Is India Stock Market Down Today (September 25)? Sensex Plunges 1.67%, Nifty Loses 383 Points After Sharp Sell-Off: Key Market Drivers The Sunday Guardian","""(""broader market"" OR midcap OR smallcap) (selling OR correction OR fall OR volatility) India when:1d"" - Google News"
2026-09-25T04:55:47+00:00,8,"['market selling', 'India market']",The Sunday Guardian,"Why Is India Stock Market Down Today (September 25)? Sensex Plunges 1.67%, Nifty Loses 383 Points After Sharp Sell-Off: Key Market Drivers - The Sunday Guardian",https://news.google.com/rss/articles/CBMiiwJBVV95cUxPT3htNjk1TXo4NWNJV29Tck9PTXN6aWpPT0V0OGJRbHNVdERHc3VCaS1MamtTeHdXNlhsTlZTT2tuLUZwdEljSDB1TTdXTU02RnRwY0FjeUZrV0xHcy1zTzRYeDBuSHF4c3ZzQ0dMUmo3YTl2dUNoNWFGeTBveV92cG55cGVlVXJoRGhISEFoZHVYVUpMaGxLT1U0RGhHTm1STDRnNWVQWXR1YXk3TTZJWDlrLUhHMUFQWlNoSFh1WGdKc05FUUM2TmZmNVN4aVpyc1Z5QzZrQlY2S3ppblVtNmxVenByaUJ3REJHdldsMExwOGRqbkVFWVI5WlZjVnhIVFAyMXRaQXNIRXfSAZACQVVfeXFMTTNYZnI4QVpWeWRya19SckQwZUlhSF9Dc3gxb1lueFJuRC0tWjExMV9tUlNkd0RtQzJFWG12ZnJ6dklEYTdOTWlRakRabVpURi15Yl9nY1U2WjBQQ3FjUEFxbHZ4TXZpYjd4QnFQNVBiOW8xTzZmaWtWem5tUno5ZHhMdXJaZ3p6V0Zsc1VORXFkeENQanJZdjdUSVZlZ2M5N2VBaDJIQTY2NGNMeHhMWWdxR3RrNl9PZlUyN1BMazVycEhLTmdMRjIxZGI1RmVpcGlJXzM4VV9hSmV5ODVUMXJUSGZmM25EcTNtbmpVRXdSaHhBcDU4dDl5WmViWUNhaFVkOTZlX05kTTRaWGp2SGU?oc=5,"Why Is India Stock Market Down Today (September 25)? Sensex Plunges 1.67%, Nifty Loses 383 Points After Sharp Sell-Off: Key Market Drivers The Sunday Guardian","""(Nifty OR Sensex OR ""Indian shares"" OR midcap OR smallcap) (falls OR selloff OR correction OR ""risk off"") when:1d"" - Google News"
2026-09-25T03:26:54+00:00,8,"['market selling', 'India market', 'macro / flows']",IndiaIPO,"Sensex, Nifty today: GIFT Nifty signals quiet start as Crude falls 1%; US yield stays elevated - IndiaIPO",https://news.google.com/rss/articles/CBMixAFBVV95cUxQeWZkVWp4OHJPLTVRdU9DU1MzYkJlYmYySEYyckxVLXNJZnhjWFFUUHFuNU1CblNhYnBhR0Q0YXJLSWN1cTlWWlU2SVV2bEg5OFFFeDlBU2s1NlM1M2RTbkt4dmlkcjhNTUF6ckR2eHBZalZjNEJQRFBlNmJOLXV3UTRQaGhzLWlCUVVMeG1VU3JtZlh4bXJad2FBUDNtbG9aRHlqRFFka0FEbm5TSkVrM2ctTkVwMGRYZDRsRHdrTzBEMHJu?oc=5,"Sensex, Nifty today: GIFT Nifty signals quiet start as Crude falls 1%; US yield stays elevated IndiaIPO","""(Nifty OR Sensex OR ""Indian shares"" OR midcap OR smallcap) (falls OR selloff OR correction OR ""risk off"") when:1d"" - Google News"
2026-09-24T21:56:35+00:00,8,"['AI / tech risk', 'market selling', 'macro / flows']",BBN Times,SSE Composite Today: Shanghai Shares Track Regional Weakness as Global AI Selloff and Oil Spike Weigh on Sentiment - BBN Times,https://news.google.com/rss/articles/CBMi6AFBVV95cUxNRVNkWmozbEwxTmtTeERTZ05nNGN4VTBsYlZvcGRzZjVyVllORU5fdVZBRFNkckhHN2JhQUZuV2QxaFcybXE4RTR1WTlENTlFc3FpS2RNSXA5UUZhTzYtR1RSVWNIR3NuZ2VWY0M1Y05qR1BZLW5CZ2VnbFYzaDlBMVhkaFNpNjFkS29lZWx0U1ctVjktMjhtbDJKLVh3UF9KZ082bWZaU0VzSVd5Nm1ja05oYUEtZWlmb1hhNGItWkdQZ08xMFZWWWNMXzJ5eDQ5X2Q3a1ZzRHY2MHJWcklfXzJ2elFXdkMt?oc=5,SSE Composite Today: Shanghai Shares Track Regional Weakness as Global AI Selloff and Oil Spike Weigh on Sentiment BBN Times,"""(AI OR ""artificial intelligence"" OR Nvidia OR semiconductor OR technology) (selloff OR ""market fall"" OR ""stocks fall"" OR correction) when:1d"" - Google News"
2026-09-24T17:25:45+00:00,8,"['market selling', 'India market', 'macro / flows']",Goodreturns,"D-Street Mayhem: Rs 15 Lakh Cr Wiped Out As Nifty-Sensex Close 2.5% Lower, Rupee In Free-Fall Amid Iran-US War - Goodreturns",https://news.google.com/rss/articles/CBMi0AFBVV95cUxPT212X0ZjSkRPNU9XTTM0UGphZ2RxOE8tS0JKWjhjcHAtUXFvbmtqa0tSamlrY3pZQUV5SG9PWVNKdkkwMHZsOU1MZzRORWhjRmk3RWZ4YjRoUmhQUFQyNldnYzlJWUZldmF1b29QVUY0NEtXc1oxcHJHYXo4ZDg4OFVWNk13aWZlUWlZUlQtb3ZrMnhvRUdudXpyTWlzYkh0cFR2UGlYcVNCOFN3Q2lxV2dFZ18xQ2o0TW9pMHZRSTFDbzRGUTdreWRoWjBUUlVF?oc=5,"D-Street Mayhem: Rs 15 Lakh Cr Wiped Out As Nifty-Sensex Close 2.5% Lower, Rupee In Free-Fall Amid Iran-US War Goodreturns","""(Nifty OR Sensex OR ""Indian shares"" OR midcap OR smallcap) (falls OR selloff OR correction OR ""risk off"") when:1d"" - Google News"
2026-09-25T12:58:00+00:00,7,"['AI / tech risk', 'market selling']",kalkine.ca,Redwood AI Corp. Stock Slides Into Correction Territory as CN:AIRX Faces Renewed Downside Pressure - kalkine.ca,https://news.google.com/rss/articles/CBMi3AFBVV95cUxPTEVfclBPbWh5SUVseW5KY0xTdEJDQnBab1BOTlFKcGNnX3dieVNLcXBtX1VnclVPdTdnNVQ2UGppYjZHcXlTeXVlUExYcm5DR3lQRVd5ZC1pYkpUbTJnN1lhQmVIakJOZ3ZyMjdYaDlCaDhGY2stNmFuLW8zSXJXQkFaTVZQMlBndm9CUkw4QnpWT09NVjdOa1lsQzJIb2JRRHBad0xzX3FYYy10ajk0dDd4anRmSl9zSUFVNEFKdmtsVXVqVEplRnE5RHQ1XzdiSVlTS2pOZUtveUJi?oc=5,Redwood AI Corp. Stock Slides Into Correction Territory as CN:AIRX Faces Renewed Downside Pressure kalkine.ca,"""(AI OR ""artificial intelligence"" OR Nvidia OR semiconductor OR technology) (selloff OR ""market fall"" OR ""stocks fall"" OR correction) when:1d"" - Google News"
2026-09-25T10:45:32+00:00,7,"['market selling', 'India market']",Devdiscourse,"Nifty closes 77 points higher at 23,140, Sensex gains 315 points on value buying after sell-off - Devdiscourse",https://news.google.com/rss/articles/CBMi5gFBVV95cUxOenc2YktIdEx0U2wya25YRTk4ZUFOZDZqLTh0TmVqT0tvMnVDQzV6dG54cnd5QU83T2t0LWhtSkNXNDI3UEt4NU11Y2Q0ZWlaYXhUeHEtNmlteDZrcTM5a1JVUHl6WGtoU01IaFRrU3FyNUtDZTNuT29XZU1oZHFZWFhMY2tPVFU3SVJrczdUWUZZMXNwVThBTWVMdmZ1ekhOT29JY1hQRlBJOHFGSGJBNE8zVlZDZWlta2kycHk1SS1WSFkzUWJ3RzJTTEo2cnI4YU1QNlBDSXhHMnNZQm1yY2FaTUoxQdIB5gFBVV95cUxOenc2YktIdEx0U2wya25YRTk4ZUFOZDZqLTh0TmVqT0tvMnVDQzV6dG54cnd5QU83T2t0LWhtSkNXNDI3UEt4NU11Y2Q0ZWlaYXhUeHEtNmlteDZrcTM5a1JVUHl6WGtoU01IaFRrU3FyNUtDZTNuT29XZU1oZHFZWFhMY2tPVFU3SVJrczdUWUZZMXNwVThBTWVMdmZ1ekhOT29JY1hQRlBJOHFGSGJBNE8zVlZDZWlta2kycHk1SS1WSFkzUWJ3RzJTTEo2cnI4YU1QNlBDSXhHMnNZQm1yY2FaTUoxQQ?oc=5,"Nifty closes 77 points higher at 23,140, Sensex gains 315 points on value buying after sell-off Devdiscourse","""(Nifty OR Sensex OR ""Indian shares"" OR midcap OR smallcap) (falls OR selloff OR correction OR ""risk off"") when:1d"" - Google News"
2026-09-25T10:06:16+00:00,7,"['market selling', 'India market']",Investment Guru India,Nifty Extends Sell-Off as Bank Nifty Drags Index Lower - ICICI Direct Ltd - Investment Guru India,https://news.google.com/rss/articles/CBMixAFBVV95cUxPdlFvNy1meVlvam5vT3dzS0tVYUhrc1hPV2pKUmZOdGgzLXNvVVB0dTAyMTN2QlNlWnRPTHhQOW9QMkdraTJBNmJnVDZUcFJTaUFqTEZYWGpaTWNvSjhFT0lQVHNHb0pDQnpBV0VadTl4YnFrOEFfMWhnckd4aWhzRk50clhhMmE4R0FCZEU0cUdVa2RpMDgycUJLa2RyYndEZWtWby1scklfZjFaQ2RaZmtqUDlWLVNHa3ZjVEtpODY0TWFj?oc=5,Nifty Extends Sell-Off as Bank Nifty Drags Index Lower - ICICI Direct Ltd Investment Guru India,"""(Nifty OR Sensex OR ""Indian shares"" OR midcap OR smallcap) (falls OR selloff OR correction OR ""risk off"") when:1d"" - Google News"
2026-09-25T09:24:29+00:00,7,"['market selling', 'India market']",Upstox,"NIFTY Midcap 100 tumbles 6% in one month; falls below 200 EMA; PB Fintech, Godrej Properties worst hit - Upstox",https://news.google.com/rss/articles/CBMi7gFBVV95cUxPQlYySUZZWWNwdWUxSlZ4ZGlSNG5fcHY0ZGJyNU83alBuUlZEVEYyY01lV1ptWHRCcnhlMEFYNnM0VmR1OFV2bW1KZGFCeFJRWW5GSlVTWjlWamhlYmlKMTRKRWp0S1dFNTZUSnVSejg4TEZON21HNkdnTlhyRDRZZUVBYm5HMFpZbW1LRThsd2xXNVduLTZMdzdxN2J2VmtfWlNiTnpZRGxpMkFiZTV4UXlBMUxZVTdSV1I3VXFCMXpkbFVLSzlUVmlHc082VHVLOW5IOWFnTG14d05PNmdNQnFndXhra0ZNdmZDTnJn?oc=5,"NIFTY Midcap 100 tumbles 6% in one month; falls below 200 EMA; PB Fintech, Godrej Properties worst hit Upstox","""(Nifty OR Sensex OR ""Indian shares"" OR midcap OR smallcap) (falls OR selloff OR correction OR ""risk off"") when:1d"" - Google News"
2026-09-25T08:09:54+00:00,7,"['market selling', 'India market']",kalkine.co.in,"News | Mid-Day Nifty, Sensex Steady; Healthcare Sector Falls 1% - kalkine.co.in",https://news.google.com/rss/articles/CBMipwFBVV95cUxPd0JJblB4bTJaYURTSUxlLUdvTlZ0WmtSbExZUjFYSlZWU0NGLXlESEZndWdNQ1NGVmVneGdGUFpVRG1CRU1EVF82WHV4VkhtWWZlTkZGSjZrNmEteFJRYk9YRWpTWnFtWU9OdzN2TnZvRGJ1OWJoVGF6ZmZRZ3JpVlpoS1UwMHA0US1GMW9xY2FXYXR3cUk5UGVGUmNHVHV4R0pLSlZEVQ?oc=5,"News | Mid-Day Nifty, Sensex Steady; Healthcare Sector Falls 1% kalkine.co.in","""(Nifty OR Sensex OR ""Indian shares"" OR midcap OR smallcap) (falls OR selloff OR correction OR ""risk off"") when:1d"" - Google News"
2026-09-25T06:48:01+00:00,7,"['AI / tech risk', 'market selling']",tokenpost.com,Swissquote Analyst Warns AI Dependence Could Drive U.S. Stock Correction - tokenpost.com,https://news.google.com/rss/articles/CBMiWkFVX3lxTE8tdlA5cnM3MkI3MHVPdGhwRXNwaUhGUWRvTjg3aW40YUplRU5CMGZ0cmFRY1NMeVFjTjFyRnhKLWhZV05JSTRXb0pjZVJkWUxxd1JEQ0dhclZzZw?oc=5,Swissquote Analyst Warns AI Dependence Could Drive U.S. Stock Correction tokenpost.com,"""(AI OR ""artificial intelligence"" OR Nvidia OR semiconductor OR technology) (selloff OR ""market fall"" OR ""stocks fall"" OR correction) when:1d"" - Google News"
2026-09-25T05:25:16+00:00,7,"['market selling', 'India market']",ET Now,"Nifty, Sensex fall over 5% in a month: What is fuelling the crash in Indian stock market; can Nifty 50 fall below 23,000? - ET Now",https://news.google.com/rss/articles/CBMigAJBVV95cUxPS2pldmlwVmhXQUU0ZlJHTG1ralA5WGFXVGpXNGZtbkJOWmlxZllzZzR2SVJFRXFBZzFVU1Z3bVFuY3VqcHhjcTZBOFdhc243Vkc3enNrU2kwQmpOOEhOYnZMelFTdUItYzF1STZVN3BVMHpQeExxV3YxWXZmQlBydVNhODRHU0hFLWtsemE1dEFIc1puSWZiNy10ODJXZThYT1AyS1dyUko5QUIwNTFoeEtCYWNnbkt5Qnd4QS1vR2pFRVV6Mk9mcTFmUVFxUVRLSEhIMW56MkEtVFFFM1lTYzRMVjdHVk1ra29RQWZycWdEN3NCeE1XQms1VmIySGxk0gGAAkFVX3lxTE9LamV2aXBWaFdBRTRmUkdMbWtqUDlYYVdUalc0Zm1uQk5aaXFmWXNnNHZJUkVFcUFnMVVTVndtUW5jdWpweGNxNkE4V2FzbjdWRzd6c2tTaTBCak44SE5idkx6UVN1Qi1jMXVJNlU3cFUwelB4THFXdjFZdmZCUHJ1U2E4NEdTSEUta2x6YTV0QUhzWm5JZmI3LXQ4MldlOFhPUDJLV3JSSjlBQjA1MWh4S0JhY2duS3lCd3hBLW9HakVFVXoyT2ZxMWZRUXFRVEtISEgxbnoyQS1UUUUzWVNjNExWN0dWTWtrb1FBZnJxZ0Q3c0J4TVdCazVWYjJIbGQ?oc=5,"Nifty, Sensex fall over 5% in a month: What is fuelling the crash in Indian stock market; can Nifty 50 fall below 23,000? ET Now","""(""mutual funds"" OR SIP OR AMFI OR FII OR FPI) (India OR equity OR market) when:1d"" - Google News"
2026-09-25T04:33:11+00:00,7,"['market selling', 'India market']",Moneycontrol.com,"Sensex falls 300 pts from day's high, Nifty below 23,050: IT selling among key factors behind market... - Moneycontrol.com",https://news.google.com/rss/articles/CBMigAJBVV95cUxNaFA5dGRTUzYwWkt0bVY1ODkxaENLNTI3eWEyNTNwank3cUdPdWxxVjFRQ2l2OGhLUnc2N0N6anprSlVjMk9oS1UtR2VhWjNEQ19yQjN3LXBWQTk4NmtsMG9vOF9uNndXOUc4XzJtR1NCU2doeWpidnJsQXVBZXBWNFNEMUI5Zl84N2h1WEE3THZCZGhFeTRWSGI1WlRORlR5eE5hQlpKWWk2bGctc0NSRGhXVUJLejlveVl2LUZjSVMzY1JWVnZrVWZ3bVFrSTk2UmNLTGozOF9NVk0tZFRBVlJ3Z1doT0FqVEF4QVp3RTJPWF9icXpRQkxBVXh5blZf0gGGAkFVX3lxTE8ta3FjUEM0a3pqUVFHV2oyNXN6UV96XzdrUXZDQzlmWFQ2aE51Unc5UmlLV2VQcEUwajVVX01nQVhqcVRhV0pxTWdZMUxqTTFhMU5XMzc5QndjX2NxWDdIVU8yZEN3VkFaMWFkUnlMdW9aRGpxOFlMcThpZ2IyTlNLUGJ6b2cwT3RPMDRldDhudUU2RDY1TVBtN1lpQmNzRnhzT3Y2UXVyMDQtM0JmT1E5VnU1QXBOQUI4OVJYYVQ5czVXYlI1UEVwRUVhUHRlWFFzc1Q2b3RWRnlVUUQ4TzNqcDZfUXIxa05fdnBNcEVzV0hWUFlhUVpwM2E0b0NlYXJ0OHptNVE?oc=5,"Sensex falls 300 pts from day's high, Nifty below 23,050: IT selling among key factors behind market... Moneycontrol.com","""(Nifty OR Sensex OR ""Indian shares"" OR midcap OR smallcap) (falls OR selloff OR correction OR ""risk off"") when:1d"" - Google News"
2026-09-25T03:55:16+00:00,7,"['market selling', 'India market']",Investment Guru India,Nifty Plunges 1.64% Amid Global Risk-Off Sentiment - Tradebulls Securities Pvt Ltd - Investment Guru India,https://news.google.com/rss/articles/CBMiygFBVV95cUxOZ2FLY2lVRGdPTWdqelMtTUt4dFRlTzF3UHdsd2JRVUIxU1pNTnY1eUVJeGxLaHpsQVdmN0NvcnRyaFBZckdoQXhMUVZVaXNiaXdPNmNIdmg0RzZBWGdoYzF6dDRtMWxHM3dENnhNdnN0VmZFblpuUWtBT25WWlV2NllGTEhWYy00VEtkYTB4RVpzc2FpUE5sbU54QVFhQVJMMXh1Z3A2V1ZRSWFEb19LMnAxcXV1V3dnSFh2Y1p2LThnTjlXWVpES2dn?oc=5,Nifty Plunges 1.64% Amid Global Risk-Off Sentiment - Tradebulls Securities Pvt Ltd Investment Guru India,"""(Nifty OR Sensex OR ""Indian shares"" OR midcap OR smallcap) (falls OR selloff OR correction OR ""risk off"") when:1d"" - Google News"
2026-09-25T02:58:03+00:00,7,"['market selling', 'India market']",indiatoday.in,"Sensex, Nifty opening: Will the stock market fall again today? - indiatoday.in",https://news.google.com/rss/articles/CBMi9AFBVV95cUxQTGdOWVNXLVlYOVZOaXJ0QS1ZVGhSX3V1c0RYN0VBTjBlWUxYOVY4VFkzQm5iMFVsVU5tVG50NnlXWmV2R20wQURmZ1J4RDN0TjJsbjk1anZfcGY5cVhIRkM4R0EtanpfbExSa1I2TzBidGV2djk1NVdNamZ5VjJVbnZQUjNaSnR5OWE1dVZGTXFDbW9kV19SN1FqT2lMRm1LcnZMQnp0YTF5OU5ZZDlxd1dsYkxRbzllUFh5aFFHclVkclNzaWx1emdoUWNfVm5zZ3Y5bVJxVElMRFNiSlZfYURKOHY5YlFpaEdyUVJvVlJINGdx0gH6AUFVX3lxTE5IYXFFYmhBbUpvcUdlb3ItY3ZNQUJta0Q4blRFTXBVbjdPZGNDb0pEYnQ4OTlRa3F4elN6NUdJNVAyWjZWa2Y1RkxFVzZyQ2dTMUVpM3FwWi1aQUtEdTl0em9OdGxxQnlUSXV6ZlVVVF81S21yOGlkWUU2X2VQbFBSektTR01TMll3cnFFUTZ3NkNEbDN1QVY4OVRDQ0lMYWlnaXRibXFxWXNOd1ZNeDFIY084dUY1aTRXcXg0SXQzN1hJT0VEdmE2eGxlQUV0bTY2Mmg5aVFWUjBfVmY0N2U4MF9KZkV0XzRGUzlYM2pRYVZGRFVxOFNGREE?oc=5,"Sensex, Nifty opening: Will the stock market fall again today? indiatoday.in","""(Nifty OR Sensex OR ""Indian shares"" OR midcap OR smallcap) (falls OR selloff OR correction OR ""risk off"") when:1d"" - Google News"
2026-09-25T02:58:03+00:00,7,"['market selling', 'India market']",indiatoday.in,"Sensex, Nifty today: Can markets stabilise after Thursday's 1.6% sell-off? - indiatoday.in",https://news.google.com/rss/articles/CBMizgFBVV95cUxQcndNcFFsNFpJYTdiRURHQzlGUHVpVFM5MkxJNU84VHNoYk01SFJSQkpacVpwVVdJTHF2ZTBQX1hJSU5YdmU3M3RxOXpXV3cxSW5EZDZRc0hma0J3WDBwMUFJX1VlV283MnEzVGhaRHdRVncxckJFS2RiQnhEZmVvMlBWc2tXT0dkV3BsZkZVOURMZUpUUV9qbFFpVy1qVkJWRzY4dTZsMHh1RXZwRXJ4VWNvVnZ5RFlueUpBY3FROC1aTm5kUzdiaDBINFVPUdIBzgFBVV95cUxQcndNcFFsNFpJYTdiRURHQzlGUHVpVFM5MkxJNU84VHNoYk01SFJSQkpacVpwVVdJTHF2ZTBQX1hJSU5YdmU3M3RxOXpXV3cxSW5EZDZRc0hma0J3WDBwMUFJX1VlV283MnEzVGhaRHdRVncxckJFS2RiQnhEZmVvMlBWc2tXT0dkV3BsZkZVOURMZUpUUV9qbFFpVy1qVkJWRzY4dTZsMHh1RXZwRXJ4VWNvVnZ5RFlueUpBY3FROC1aTm5kUzdiaDBINFVPUQ?oc=5,"Sensex, Nifty today: Can markets stabilise after Thursday's 1.6% sell-off? indiatoday.in","""(""broader market"" OR midcap OR smallcap) (selling OR correction OR fall OR volatility) India when:1d"" - Google News"
2026-09-24T21:48:02+00:00,7,"['market selling', 'India market']",newskarnataka.com,"Nifty falls near 23,200 as Sensex plunges over 650 points - newskarnataka.com",https://news.google.com/rss/articles/CBMiowFBVV95cUxQYXlEdVFfVTg5UFM2Q1BGbDNhZGtjOUxtZEFwU1JWNlZrLXRqbWY5aXFUbnVXM2ZidGVDMElPNHRCaWdKejN1QzVHbi1QRHpsZzc1RlVGaXpYRDRoaVlVRk5yNER4TDhBa2dZN3FRWFZXbElOdXdmejVzQjEzSmNWTGVUR3dJTG9JeEJPWjNCSE9rcEdGYWNlNnNwUjR6YnotY1I0?oc=5,"Nifty falls near 23,200 as Sensex plunges over 650 points newskarnataka.com","""(Nifty OR Sensex OR ""Indian shares"" OR midcap OR smallcap) (falls OR selloff OR correction OR ""risk off"") when:1d"" - Google News"
2026-09-24T20:52:00+00:00,7,"['AI / tech risk', 'market selling']",Barron's,Videogame Stocks Fall After Meta Announces AI Game Tool. Don’t Be Spooked Yet. - Barron's,https://news.google.com/rss/articles/CBMifkFVX3lxTE5kMnhndzNQbHBMRXFWSll6U0FvUUYwMkM2aWRXUmlsWEZJMEZfdTJYVVdnUU5oM1lvNFVPOExfUjVEMGZCYUphUEY1S2hXaEF3bWxuSDlkYmt6N3ZSeDlDaTVwVDdkMFNrcHhRb2lZMUp1SHJpU29vX1RRWEFSUQ?oc=5,Videogame Stocks Fall After Meta Announces AI Game Tool. Don’t Be Spooked Yet. Barron's,"""(AI OR ""artificial intelligence"" OR Nvidia OR semiconductor OR technology) (selloff OR ""market fall"" OR ""stocks fall"" OR correction) when:1d"" - Google News"
2026-09-24T19:09:33+00:00,7,"['AI / tech risk', 'market selling']",Yahoo Finance,Gaming stocks fall after Meta unveils AI game-building tools - Yahoo Finance,https://news.google.com/rss/articles/CBMinAFBVV95cUxOYV9FSWUyU2FMb2VHd3VIR1l1RXJzd3ZCV0p0UmdGTi1oLTJSYVlQc3ozSTdHSDlCR0toQktvRTNKTHUtZ19rTHRXOURnaXBwdlNELTNQSXFMTVBFOEJtNXpPekNDaXRzZjJ3Znl3UzE3NnBwQl84d3F5NlpjMDNTYUc5WmxrTm5La216QXZaZS1pREhmZzJteXhPSko?oc=5,Gaming stocks fall after Meta unveils AI game-building tools Yahoo Finance,"""(AI OR ""artificial intelligence"" OR Nvidia OR semiconductor OR technology) (selloff OR ""market fall"" OR ""stocks fall"" OR correction) when:1d"" - Google News"
2026-09-24T17:11:53+00:00,7,"['AI / tech risk', 'market selling']",stonex.com,Nasdaq 100 Forecast: NDX slumps on AI warning - stonex.com,https://news.google.com/rss/articles/CBMilwFBVV95cUxQcFpMSnhIWGY4U29tUzBoX2JGVUV0WlRzV3B6QTEtRnRGaG1Ra2VGdGdwa04ySDJkdlg5d0N1MzFOZmN5ZEZQVmcteVhfcWhjb1VoRldZMnVPYXJJa1VHeGt0YmtTbTFGZHFUcWo0dUhRY09mNms1b3JHcWxMQzdnalZmOVBtMDYyTVYwOWFPM29QUzFNM3RJ?oc=5,Nasdaq 100 Forecast: NDX slumps on AI warning stonex.com,"""(AI OR ""artificial intelligence"" OR Nvidia OR semiconductor OR technology) (selloff OR ""market fall"" OR ""stocks fall"" OR correction) when:1d"" - Google News"
2026-09-24T16:10:36+00:00,7,"['AI / tech risk', 'market selling']",ndtvprofit.com,"Chip Stocks Hit By Broader Nasdaq Selloff: SanDisk, Micron, Western Digital, Others Slip Up To 4% - ndtvprofit.com",https://news.google.com/rss/articles/CBMi0gFBVV95cUxOTll1U1Y3bjNyUGF3ekRGMnVaR2RkbDhJUzBkQmdjeTYyRGx1OHptZElWM0diNks1TWFxMU5DNVJqNklUZU5CclJEaU01TmQ2cXhrRE1CTGhxcHNHVDA1M2stYkp4LVRKODV0NXMwTFkzaVQ4WlhHVFptODg0ZzNyTFlTLWpFTFlpUjUyc2FDQ2xUMzRZU1FsTlFGbDJ0dkdYWE1DbHRDMTg1LWhtSzYyOUNYd2UySzJPempqLUM1UjNnMkVrOV93YWw3QlNuMzBlakHSAdoBQVVfeXFMT1NEY0JTbU1DS0NtZTE1Yl9QMTNPbHJyZXFsWVlJQ0NfNDFRNkRTNnIwVFpqNGQwbUNxcUJEakZ2ZHpnNW5fTkl0M1JkMVZReXhnSVhERUt0ZW5xY0pjQ0dDUGVrN0VOZVJGXzJyZnMwb1pta3VQTmpvSTdNaENsYnNqbm5wVlVTT19XTklqNF9HSzFQUHA0c3ZoWkN3Q056QkdwbFN3UWRtLWdMT0Rmb0U1R2piOFpLX2twYXZRMVdNc1FjWG5QT0VEMWpIQ2lhMWUyUzVIRWRtV3c?oc=5,"Chip Stocks Hit By Broader Nasdaq Selloff: SanDisk, Micron, Western Digital, Others Slip Up To 4% ndtvprofit.com","""(AI OR ""artificial intelligence"" OR Nvidia OR semiconductor OR technology) (selloff OR ""market fall"" OR ""stocks fall"" OR correction) when:1d"" - Google News"
2026-09-24T14:57:06+00:00,7,"['AI / tech risk', 'market selling']",Stocktwits,Nvidia In Correction Territory? Investors Parse Fresh Risks From Chinese Rival - Stocktwits,https://news.google.com/rss/articles/CBMi4gFBVV95cUxQSnVqQ2ZlZm56Q2Z0QmxkeXlGMmtHS1dpV3pDZjdLYWxUMU5MaFU5R1BHQWYzS21ObDJBWUpvQXl6eTZ0ZHIyY2FMTDZ3dHlQWFQxcWF0MlVsOWw0cjc5V0F3ZDhOcVZaejU4VWNsaHZzYUFlMHdoTFA0MFRIb01Qb3RvUzVxc0duc1NjX2tBZ0dBUndFZzdPb0RMT3ZYanNZd25KazhGY1JkRm9DbENEQ0RkNU1rYnVoQ1BmclBsVnlKbjNoQVlIeUI0bzVBTGZVU1phYmJaRzdVTHlJYkhJbmxn?oc=5,Nvidia In Correction Territory? Investors Parse Fresh Risks From Chinese Rival Stocktwits,"""(AI OR ""artificial intelligence"" OR Nvidia OR semiconductor OR technology) (selloff OR ""market fall"" OR ""stocks fall"" OR correction) when:1d"" - Google News"
2026-09-25T11:19:16+00:00,6,"['market selling', 'India market']",Free Press Journal,"Sensex Jumps 315 Points, Heres What Helped Markets Recover After Thursday’s Sharp Sell-Off? - Free Press Journal",https://news.google.com/rss/articles/CBMizgFBVV95cUxQaXJrcnpuVlVTMlFnR29qd2NfTkp2WFNUNTNLNTZvWVMxYjJrYTFuZUtldk1YYkUzQjFNcUUxNVplQVpXdC1nT09WRGRwWFVYWk5CbnBjV1l3UVR5UGUyV0c1c19YSExtOHRLNG9hd1FvU1N4akttU3hPQVV4Y016eUtTTDBJUkh1alRZOXZscE1JTXZuR3l6OUszVUpJdGZxWFc4X3BET2U3bDF5YkVXNlpoRTktZTFjWlV6Z2hIVjgwZVpSX3BOWmVCTjV0QdIBzgFBVV95cUxQaXJrcnpuVlVTMlFnR29qd2NfTkp2WFNUNTNLNTZvWVMxYjJrYTFuZUtldk1YYkUzQjFNcUUxNVplQVpXdC1nT09WRGRwWFVYWk5CbnBjV1l3UVR5UGUyV0c1c19YSExtOHRLNG9hd1FvU1N4akttU3hPQVV4Y016eUtTTDBJUkh1alRZOXZscE1JTXZuR3l6OUszVUpJdGZxWFc4X3BET2U3bDF5YkVXNlpoRTktZTFjWlV6Z2hIVjgwZVpSX3BOWmVCTjV0QQ?oc=5,"Sensex Jumps 315 Points, Heres What Helped Markets Recover After Thursday’s Sharp Sell-Off? Free Press Journal","""(Nifty OR Sensex OR ""Indian shares"" OR midcap OR smallcap) (falls OR selloff OR correction OR ""risk off"") when:1d"" - Google News"
2026-09-25T10:14:02+00:00,6,"['market selling', 'India market']",Business Upturn,"Nifty 50 top losers today, September 25: Max Healthcare, Tata Motors and Infosys lead declines - Business Upturn",https://news.google.com/rss/articles/CBMi1wFBVV95cUxQMlhrWjNNMm4wMVJmRDZTOVZNazhha3lPeHR0azNrTzVvNndXNk4zZHVFZWZVTEtkSHhVUmkyT25wS2FuWnZadU9NbkxYeUcxWThueUU0RFRyemY5d1ZvSWFzWDFiNmwxeDlJYnFaZW84OTBaVWFrT20wZWQ0Z2NRa0NCYnVKZDZxanBGRDY5MVdVYXZqczJHcG5jd0hTWWNsOHdXQzVPeGFTOHRFR2lXR0x1Mi1PTDlOajU0V1g5dmFKRk1ObFJGYV80WkhMNFYxWjJsdExNUQ?oc=5,"Nifty 50 top losers today, September 25: Max Healthcare, Tata Motors and Infosys lead declines Business Upturn","""(Nifty OR Sensex OR ""Indian shares"" OR midcap OR smallcap) (falls OR selloff OR correction OR ""risk off"") when:1d"" - Google News"
2026-09-25T09:58:36+00:00,6,"['market selling', 'India market']",Business Upturn,Nifty 50 Falls on Friday as Indian Stocks End Week on a Sour Note - Business Upturn,https://news.google.com/rss/articles/CBMiuwFBVV95cUxQWE45UE1FR1dsc2dCajB5Mm1pTDQ5aDl3ZlFhRU5PV2JPeEFrZExBTHhXMmgxU3ZkNmRxcjFOTWMzYXktQV8xaHpkckhfVXVKUldxbDMwa3F5c1daQVA2UzdTZkc0cXVLNU84a1lydUZIcUN0VkF4czJKM2NHR0J1bExaMjVUVnREOE5FdkExSUZxbTlTWmxjTzJsc3FINHZVMlUzWHJuZ0lfeXNiUW82ZTBBaXJRdlRGUXNr?oc=5,Nifty 50 Falls on Friday as Indian Stocks End Week on a Sour Note Business Upturn,"""(Nifty OR Sensex OR ""Indian shares"" OR midcap OR smallcap) (falls OR selloff OR correction OR ""risk off"") when:1d"" - Google News"
2026-09-25T08:49:12+00:00,6,"['market selling', 'India market']",NewsBytes,Nifty IT index falls for 6th consecutive session - NewsBytes,https://news.google.com/rss/articles/CBMingFBVV95cUxOanV2dVFncFpQRXc1dW1MSEgxUGdaNlMtMkR3TlI1am1DUzFUUEtvbGU0M3czVjZzVU9sSzFTR090UW1WaWc5SWRqRzByVFpQZHctZVNpZ3p3a3h1aGFxVlZvV0hjR1JpOFZQNGtKTW1Nek1XYzVXSVBXSTJ4TW5NV19jNDM0R2JzaEZvYkxMTnFsZWFNRzFQWElUelZ1Zw?oc=5,Nifty IT index falls for 6th consecutive session NewsBytes,"""(Nifty OR Sensex OR ""Indian shares"" OR midcap OR smallcap) (falls OR selloff OR correction OR ""risk off"") when:1d"" - Google News"
2026-09-25T05:32:32+00:00,6,"['market selling', 'India market']",Business Upturn,"Auto sector stocks today, September 25: Ola Electric Mobility falls 8.58%, Hyundai Motor India gains 2.76%, SML Mahindra up 3.35% - Business Upturn",https://news.google.com/rss/articles/CBMigAJBVV95cUxPYUtNYy1FQmZmRnpyTUxQUkxHVW5QdHgwcm9WVjJ0cFI4QkhTM1dDRk9KUmkwcFotUGpXSHRnWUJFbnEyQjJsUGl1cW9mM0ZNSVNJQkRlR0hpU0tlczZiZVJZRVB3QVZuMzNJUktRa0VMZFo1OFItR3FERGpMSE5sUW9jRWU5NkpjNjB2ZlFkQl9hUVdzQ0ROQ1ZEUHZkR2RzSUJZV3pteXh2bUx5cmFaclE5UlEzdTh3ME1sMEs4SFVFZVBjTkJQYXk3d1B4TDVUZzY1cE5KN2F1TEpUSldyQ1NGVkE3b0Q3WlF5Und5WGlNQmFJWkZWazVKZncxczJH?oc=5,"Auto sector stocks today, September 25: Ola Electric Mobility falls 8.58%, Hyundai Motor India gains 2.76%, SML Mahindra up 3.35% Business Upturn","""(Nifty OR Sensex OR ""Indian shares"" OR midcap OR smallcap) (falls OR selloff OR correction OR ""risk off"") when:1d"" - Google News"
2026-09-24T22:27:47+00:00,6,"['market selling', 'India market']",BBN Times,"BSE SENSEX Plunges to 73,580.54 in Steepest Fall in 10 Weeks as IRDAI Proposals Hit Financials - BBN Times",https://news.google.com/rss/articles/CBMiyAFBVV95cUxQdndCcUxtYS1YV2tyenF1cXJkdllLVDNfVURMbEMxWnFld2JNQnVhelExU0V4VF90N1RycTNZUVQ4U1hucXVyc2d3bWpCbktEelBPR3A1Q0Q4QmF1ZExldGQzWlhyOHh2T0U3OXVScU00ZFJOV2lYNDVXQm1FYXlXeC1GamtPZG1NbDlkcS1zNElaOTlQTzJiTHVuTXdXTDVVTXRVcUdGNjdlcUhjbEZrbmp2eWpaVU5MeUYwOGIyM0l3ZHVNTU1iMQ?oc=5,"BSE SENSEX Plunges to 73,580.54 in Steepest Fall in 10 Weeks as IRDAI Proposals Hit Financials BBN Times","""(Nifty OR Sensex OR ""Indian shares"" OR midcap OR smallcap) (falls OR selloff OR correction OR ""risk off"") when:1d"" - Google News"
2026-09-25T08:17:08+00:00,5,['India market'],ET Now,"Mutual Funds in India: Mutual Funds News, Mutual Fund Investment, SIP, Best and Top Mutual Funds - ET Now",https://news.google.com/rss/articles/CBMiT0FVX3lxTE5XaGRoVVRGZThUR211cmNGclBPWGFRQlBNTjVCMktfR1B2Rnc0dHYtalJuak1tOVAxNG5paUFjdlBmakVZM2NFVXZGQUxxaEU?oc=5,"Mutual Funds in India: Mutual Funds News, Mutual Fund Investment, SIP, Best and Top Mutual Funds ET Now","""(""mutual funds"" OR SIP OR AMFI OR FII OR FPI) (India OR equity OR market) when:1d"" - Google News"
2026-09-25T07:00:39+00:00,5,['India market'],The Economic Times,Canara Robeco AMC enters Asia and India Book of Records for largest mutual fund investor awareness campaig - The Economic Times,https://news.google.com/rss/articles/CBMihwJBVV95cUxNMVMwWFlWTzdzZ3Qwbk5Fa1JENXBwWlN4bUZhZHJGLV9QS3RMT19aVWdDamVYWVg5OFdPZWhoaFVaLWlfcnduOUFzS3BqRTN3emF4d0ljNm54NlhFQWpVTG9zUGVCTk1vXzJRdXpnWWczTllmbTFnanJaZXpNU2pWZzVTaWpUU0ZsMjctclNDVmlaX2RyMmpfQVhPZGd4bG51NDJMVmwxc3dyT2tlTTV3RElrRGlobG8xOEJpdk1BWGx2UXc3WHBOXzcyMGdjalNJOWI2STZOQzhwZVBHUmNmQnI2MnhvRnIzSzgtOHhmY0dRN2NlQ0c3SURnQjlFRE04UHBSSFRXY9IBhwJBVV95cUxNMVMwWFlWTzdzZ3Qwbk5Fa1JENXBwWlN4bUZhZHJGLV9QS3RMT19aVWdDamVYWVg5OFdPZWhoaFVaLWlfcnduOUFzS3BqRTN3emF4d0ljNm54NlhFQWpVTG9zUGVCTk1vXzJRdXpnWWczTllmbTFnanJaZXpNU2pWZzVTaWpUU0ZsMjctclNDVmlaX2RyMmpfQVhPZGd4bG51NDJMVmwxc3dyT2tlTTV3RElrRGlobG8xOEJpdk1BWGx2UXc3WHBOXzcyMGdjalNJOWI2STZOQzhwZVBHUmNmQnI2MnhvRnIzSzgtOHhmY0dRN2NlQ0c3SURnQjlFRE04UHBSSFRXYw?oc=5,Canara Robeco AMC enters Asia and India Book of Records for largest mutual fund investor awareness campaig The Economic Times,"""(""mutual funds"" OR SIP OR AMFI OR FII OR FPI) (India OR equity OR market) when:1d"" - Google News"
2026-09-24T19:37:39+00:00,5,"['India market', 'macro / flows']",Cafemutual,Mutual fund SIP flows hit two-year high at 43% of gross equity flows; 12-month flows rise 17% YoY: Report - Cafemutual,https://news.google.com/rss/articles/CBMi3wFBVV95cUxPZE5YcS15dVpKN0t1V1drbW9oWlZjMjQ0M20yckt0SFJRTGp3T2tpVERZM0wxMFFGcVUwcGhZdEhQVklJVzhYNjU2WHNBQVhGamNvdk1ReFlSUk8yQzBzcGhqbTlRUERsWkJZLUxQVEVEUmJwcHZnS0o5RVhlRkotSk52Rk1PeDlHMDNDSFpjTlU2ZlFHR19TeVg5VXN2UUlzNTBFZzY5YXYzaWt4YXlsU05LblIwX0NLWmxDU184Y0pEdHAyb2h0cThWU3pyUVNkbjJGUkJDRlM0WTRHaVRR?oc=5,Mutual fund SIP flows hit two-year high at 43% of gross equity flows; 12-month flows rise 17% YoY: Report Cafemutual,"""(""mutual funds"" OR SIP OR AMFI OR FII OR FPI) (India OR equity OR market) when:1d"" - Google News"
2026-09-24T17:31:00+00:00,5,"['India market', 'macro / flows']",The Indian Awaaz,"Markets: Sensex tanks 1,248 pts, Nifty below 23,100 as US bond yields, crude oil surge - The Indian Awaaz",https://news.google.com/rss/articles/CBMirgFBVV95cUxQUjZGVmhqZlhCQW1BSWt3ZERhZUpLa1RmaVpMZEFNUXlWYTFBN0tldVR6cmE1dlFSSGpfQUY2Vlo5aUxzLTZCbHRPeW9Pa1NrVFVCMm9rMnhidVBGeFRTenBOOUlMeVhJZFNRS0p4a2FhTmVvaGE1Wjd0dU12bHVYRllwUjFlODJraXNsNTBJVVNmLVJCRENmQ1B5OHdoZWVVU0g3ejFXZEJCcnNfcUE?oc=5,"Markets: Sensex tanks 1,248 pts, Nifty below 23,100 as US bond yields, crude oil surge The Indian Awaaz","""(""broader market"" OR midcap OR smallcap) (selling OR correction OR fall OR volatility) India when:1d"" - Google News"
2026-09-25T11:32:13+00:00,4,"['India market', 'macro / flows']",IBTimes India,"Sensex gains 315 points, Nifty rises as crude prices ease, US-Iran deal hopes grow - IBTimes India",https://news.google.com/rss/articles/CBMirwFBVV95cUxNT1JFY19ySl9iallxbGNnVzdCMnBXYXZKSjFVbVZ0MHVocTh2NXNmU0ljSXM2TXI5U2JucU92TEhSbHpjVVB5S1ZuYS1FUlFyT0xGb2lPNnBJWUExcHR1TVFjQzFEaEtYM0ZueGRFSmZxUEJSMFBQWXo2bklkTmt4RTM2UDJfbnZVZ05OcnZOckFlM3RnZHJNQU1vZldRN3cweTk3ZkVacTVyak55THFJ?oc=5,"Sensex gains 315 points, Nifty rises as crude prices ease, US-Iran deal hopes grow IBTimes India","""(Nifty OR Sensex OR ""Indian shares"" OR midcap OR smallcap) (falls OR selloff OR correction OR ""risk off"") when:1d"" - Google News"
2026-09-25T10:57:51+00:00,4,['India market'],Moneycontrol.com,Equity now makes up nearly two-thirds of women investors’ mutual fund assets - Moneycontrol.com,https://news.google.com/rss/articles/CBMi6AFBVV95cUxNbnV2Ul9KdUtQWHFrZnNVUkFLQzF3TnZ0ZWJudGMtQlJnQ0JjaXZRVlFIWDBzNHlIZmdSN0FvRUg1Q25taWpPTjZpcDdCSlV2RVZ4WHlHaFdrZjJ4MmdhUjJISkJDMDB1ckNwNEI1WTV0UzBQVjBEZlZ0WjVtWWtwVHAwWThfUXJpVEZaRzJzRm5qWkRTV0RCWW0yd0dyQ1BRTXdYQzlOSXpXazh0VFR3NTYwTjRSTENYdndpaGpSOXpibEZQbm1FcDROUHRjcG1JemVMZmRlREI1NTFkZzZsN3BrRy1Dc3Q10gHoAUFVX3lxTE1udXZSX0p1S1BYcWtmc1VSQUtDMXdOdnRlYm50Yy1CUmdDQmNpdlFWUUhYMHM0eUhmZ1I3QW9FSDVDbm1pak9ONmlwN0JKVXZFVnhYeUdoV2tmMngyZ2FSMkhKQkMwMHVyQ3A0QjVZNXRTMFBWMERmVnRaNW1Za3BUcDBZOF9RcmlURlpHMnNGbmpaRFNXREJZbTJ3R3JDUFFNd1hDOU5JeldrOHRUVHc1NjBONFJMQ1h2d2loalI5emJsRlBubUVwNE5QdGNwbUl6ZUxmZGVEQjU1MWRnNmw3cGtHLUNzdDU?oc=5,Equity now makes up nearly two-thirds of women investors’ mutual fund assets Moneycontrol.com,"""(""mutual funds"" OR SIP OR AMFI OR FII OR FPI) (India OR equity OR market) when:1d"" - Google News"
2026-09-25T08:54:49+00:00,4,['India market'],Business Today,"Nifty Outlook: Key 22,500–22,800 Support Zone, SIP Strategy & Portfolio Allocation Explained - Business Today",https://news.google.com/rss/articles/CBMi7wFBVV95cUxPMW14bUZFb0xFTDdaX3JWRUdwWEFoY2ZJYi1vaHlLMUpWc2pJV0VSbTJhWmJGSzhnNzM5MlNNN3FST1phdm9TdlQ5Tm9RQWdGWHZORzNOSlhhQlNSRVk3VDhPb2haR3h6R012SkZYYlAwYjFjamdwd1NwTUQ1MWhiWU15VVFrNVg5LXdIcEM2dUdLaVdjWkJFT005YURmQlhjWndLWkZXUXEwQm11TEpmVkFIdzNGTGlINElrRElYOVF0N3FsS0xfUlhTZFh1TnhsbW4yaFZVTEhjWXBnc2dmM241VVBBWkRHVjdmTzZKNNIB9AFBVV95cUxOb1lIRXBHTHlsUHdveGt2dzhxYlI5X3NOeHpzUUlyUVRkcHg1VnFVVFN4Rm5aRWlnc21VU0tORkRDVGZHQ1UtVl9sN2txbUlMMzNpVHA3YWFWOTgtSW01WFREM2hNd0otM3ZuOTRFTTZ6TjlwLTZaV2VTaGdQN1doaGlpWUduYTRiRWE1RnZwc3ltUUgtY2FEQ1JpWGtjdkFzaUpYZmNNWGVZYXF1QlRxYlZQVjBfWjdmeERqa0gwbGpiNDFqRTFYbkFFWm1JRWRKUm01TXBTZFdJcEdLQ0U0NGJZYmdHcEgwVExxNjQ1dkF5YkZr?oc=5,"Nifty Outlook: Key 22,500–22,800 Support Zone, SIP Strategy & Portfolio Allocation Explained Business Today","""(""mutual funds"" OR SIP OR AMFI OR FII OR FPI) (India OR equity OR market) when:1d"" - Google News"
2026-09-25T02:40:19+00:00,4,"['India market', 'macro / flows']",insights.dsij.in,"Pre-Market Report: GIFT Nifty Indicates Cautious Start; Global Yields, FII Selling and Crude Trends in Focus - insights.dsij.in",https://news.google.com/rss/articles/CBMi6gFBVV95cUxPb1ZjRjNvQkFHVHFDNTA2MmsyOEtFV1l0VEN1d09VQ2x2LUJWSTlvZGFidHhyV19mYTVSVnZyY0JFUmVMa2huWnpWNmxMVGlCbFhoS1lzaHlscnJHUFZ5R1JWSWNhNmJkNkxYbWo5OHlpZjhYQ0dhSW5ST3ktS1FUZnlKbnZyT1FqOHRUZUVCb1p6MDVTcFc2aVY2N1BPRHZ0ZXBTaU9iN0xRT2lOUnNqckJJYW4wS2xGRHJmLURDVWY0WEFva0Y4X1U4OEtRT21DaDZWSmtuVXpfOWNsLTFRVFNfZkhmTkgtVlE?oc=5,"Pre-Market Report: GIFT Nifty Indicates Cautious Start; Global Yields, FII Selling and Crude Trends in Focus insights.dsij.in","""(""mutual funds"" OR SIP OR AMFI OR FII OR FPI) (India OR equity OR market) when:1d"" - Google News"
2026-09-24T22:30:00+00:00,4,"['India market', 'macro / flows']",India Tribune - Chicago,"Sensex tanks 1,248 points, Nifty slips below 23,100 amid oil price concerns - India Tribune - Chicago",https://news.google.com/rss/articles/CBMiowFBVV95cUxNX2UzcVdrOXlmMUhVY0p0WkkyVmIwMm9keUptbk5kRW5jTFRnZjFxVldsVlp2aHBzNXpuUkJSdnl2QXBfai1oUGYwNDlyZkNfWVA3clg4VXlJWG5ZVzF2czl1VEVVSjA4SVpzbWVQcFJpZF9rUHN4NHV3VDJLekpYZnVHbUZsbVJoVy1rci1ZZFFIX01Pd0o5ZlVaNUZkWUpHQ280?oc=5,"Sensex tanks 1,248 points, Nifty slips below 23,100 amid oil price concerns India Tribune - Chicago","""(""broader market"" OR midcap OR smallcap) (selling OR correction OR fall OR volatility) India when:1d"" - Google News"
2026-09-25T13:47:08+00:00,3,[],indiatoday.in,Mutual funds | Why financial advice matters - indiatoday.in,https://news.google.com/rss/articles/CBMixAFBVV95cUxNdHItdjFGZmpzZXhKYjZ6RE5FbkNRcmI4VExFemNwYlRoVTljT1NWMjRYV2k3d0pieHZWUDJRRGNXN2Q1dDFydmdYSGxHTGg2UGNNaXZDNW54TXE1a1d4c2pKOHVRZDNTVWNNR0NfdUpHeFlRODhjNG1kQnpUMzVJVGZIamo1N2t5NjUtTW9BenhBNGRGMlVjUlRBZklXRUNFcmFMcktkU1hYajBTVDhZdnA5Nnd1VGY1YzU3ZUxZNFZZQXRI0gHEAUFVX3lxTE10ci12MUZmanNleEpiNnpETkVuQ1FyYjhUTEV6Y3BiVGhVOWNPU1YyNFhXaTd3SmJ4dlZQMlFEY1c3ZDV0MXJ2Z1hIbEdMaDZQY01pdkM1bnhNcTVrV3hzako4dVFkM1NVY01HQ191Skd4WVE4OGM0bWRCelQzNUlUZkhqajU3a3k2NS1Nb0F6eEE0ZEYyVWNSVEFmSVdFQ0VyYUxyS2RTWFhqMFNUOFl2cDk2d3VUZjVjNTdlTFk0VllBdEg?oc=5,Mutual funds | Why financial advice matters indiatoday.in,"""(""mutual funds"" OR SIP OR AMFI OR FII OR FPI) (India OR equity OR market) when:1d"" - Google News"
2026-09-25T12:21:19+00:00,3,[],The Economic Times,Looking for best equity mutual funds to invest for 3 years? Check these 3 funds with over 25% gain - The Economic Times,https://news.google.com/rss/articles/CBMikAJBVV95cUxQRjhzaDZrVUs4UEVUYW9SVWx6ai1SWlh1MFc3U2NUX1BGTjdCR2RwQnBrTmxOb29LR3Bla0I1NVFoR0NMamZCVHB2SkFVT0N0U1VuMHpSYTNrazNYOEFnd09FM3ViWVdDNEhqMUplc3VTZUk2d0pLREFTSXNBSkxDZFg4MXNXYjdfSE13UHF3c19Dems3dG5CNTZRN2l6a2lQT0xTNjZmVVpXZWgwY01BWUVkdVM4WEpCVERGeFVPZ3JNWlp3b1p6RWdRWTRabEM1cjIzNVdObXVnanRON18tLVJFaENfcjZJOUtDM3NJZ3BlQ1JHMnFVYlNoMUFxdTgzTUFpMjVJbFpHYnRCbzl0TQ?oc=5,Looking for best equity mutual funds to invest for 3 years? Check these 3 funds with over 25% gain The Economic Times,"""(""mutual funds"" OR SIP OR AMFI OR FII OR FPI) (India OR equity OR market) when:1d"" - Google News"
2026-09-25T10:22:41+00:00,3,[],The Economic Times,Looking for best equity mutual funds to invest for 3 years? Check these 3 funds with over 25% gain - The Economic Times,https://news.google.com/rss/articles/CBMijAJBVV95cUxPOHRTTjlwYm90Z1VDb2k5aEMzZHhGNW5uZjdPM2h5eEdvSGhLQlh0ZkZnYlJ6LTlzYnIxd0I0QTk4Tml4bTNlc0VycG8wXzR5SUtzUnI4OVB3Y01hVERIMEtTbEpQYmNiaE15eE9uaUFVeGp0NWFQcDVRczBrNmhCRnR4TVB5Z29Kd0psV1hBLVJ0STlHVi10UkZ1cTB3ZTJ0clRKcWV6S2F4dHJxVTB2bjBKcVZ4UnRXUVgtWHRQcEVCUW5zdDRFakpYa2dqNXgxOGl3NTJGOURDSWdDR3VFNllNa1NmTEV5aGNIWW5fVkFnRk50amRKWVVibmF5Q0lLWU9hRFlEcmoxdldh?oc=5,Looking for best equity mutual funds to invest for 3 years? Check these 3 funds with over 25% gain The Economic Times,"""(""mutual funds"" OR SIP OR AMFI OR FII OR FPI) (India OR equity OR market) when:1d"" - Google News"
2026-09-25T10:00:27+00:00,3,[],Myinvestmentideas,15 Mutual Funds With 10-Year Annualized Returns Above 18% (Sep-26 Update) - Myinvestmentideas,https://news.google.com/rss/articles/CBMihgFBVV95cUxOdG5oakoxaWNpNnJsZk9abkFyYnVsWHg4TEtyQ2gzTk1ibTNraHhiVkFpT0xWZXFZOXZrRGJGeXlBY0FGWmFQMjI5b2NKOXVROEx3WWF1SW94ek5yTUVXdkFDc2lWTHVvb0VLMEp5Zk52Y29UYUVuQkIzb01vV0labmFuemtwdw?oc=5,15 Mutual Funds With 10-Year Annualized Returns Above 18% (Sep-26 Update) Myinvestmentideas,"""(""mutual funds"" OR SIP OR AMFI OR FII OR FPI) (India OR equity OR market) when:1d"" - Google News"
2026-09-25T08:57:06+00:00,3,[],The Economic Times,Top 9 equity mutual funds deliver over 30% return on SIP investments in 1 year. Do you own any? - The Economic Times,https://news.google.com/rss/articles/CBMi7wFBVV95cUxPeE9sdjJfM2JBUkE3Q2JXTVZfcWgyOTVpeVg2b2JNTFZjcHlfdWkyYkR4OWdaakw0T3BIa3dHV2phRjJGMlhHNnZWRlE4SllkLXoybTlqd0JTbmsxVmZrTTFYSmdsUzVobWNYMlhibHZrZDQyQy0zWmNEUnZaQ1V1bmEtNHh3dW5OU1F4cU5BTnFnaVpPWWJGSVBaMWZyaWUzal8wRnpRZUV4UUN0M1A2VlpuMmZ4R21SeGxMN2J2ZTJlTDdMTXVsTFZZNGpoMWRCQUtCV0NCV1gwMmptZ1ZEcVBROEVUdVE1WkpLWFFId9IB9AFBVV95cUxNY3VERjc4dzdMUGNtZU5UUHB3UlpvejUtQ2tBUWtXWVkxUDhNelZnSE90cXZ0Yjl4T0JVc2FVMS1NNXdSbDdydDNRUmRDRHVtbWNLMEJZTWd1bFhJaFQwaGV3TXk5Ql9WZ1VQZ2ZyUjhycFQwRkdVSkE2d29YeTIzZ2EwRVR5OHV5MGFFXzdzVW5IanJuczJoZmo5dGYtZ1FtR0RqcW5BSG4zUUdfMDk3ZkhaOHRIRE1CV2VqLThaelBaOUxVSWpxaWdtcWtMV21iZDFXV2RiM2x2YldrQUVRVGliMTlkNUppcXpRNkt1ZFJsRFBS?oc=5,Top 9 equity mutual funds deliver over 30% return on SIP investments in 1 year. Do you own any? The Economic Times,"""(""mutual funds"" OR SIP OR AMFI OR FII OR FPI) (India OR equity OR market) when:1d"" - Google News"
2026-09-25T06:27:17+00:00,3,[],ET Now,"Rs 10,000 monthly SIP would have turned into Rs 40 lakh: These small cap mutual funds delivered 20% returns in 10 years - Check latest NAV, AUM, expense ratio and key details - ET Now",https://news.google.com/rss/articles/CBMixwJBVV95cUxQdGliNHBvV1lva1BSWUlvUy1uNWRWYU02b3dsVGlaSElLbzgtWHNsdVpGS0k3cDNZa1FUdGdFckVqU2ZSaEdnb3dTelJDMFl0TGJYQmM0aDEtbXlZWk9LQnBWWmVSUEJzZHZuSkUzZXRpc1ptM0Y4alAyaUlHZV9MYUozM2MxbjB6bFItemxpTHh0NlhJeUJQMUZlRFZkT0JqZ2hCZUM5aUJKOVRuV0hMZWU0LW1iMGtVZ1VYU09HSE9Ya1g0WDh6Vk5tU041alNFcml4NGU1eEhjRVF3SDZ5VVh4NG1iRFl4VEY4MjAwN2s2VGFFRENYeW16eW94MDRmM3VFRW5QU3p4YWU3WVF1NlpaN0N6cnk0ZEVwSk1rWUpyajdXVy0wSlZ1REFJZ3ZMbm5oVHlLaE9tWjRPdDlDdFB5WjJmeWvSAcwCQVVfeXFMT0w0WG5LazdtZUNnMnBhUXVuQWpJQUZRSnJQQUJicFB4VGlKSnlTdFJlbXoyZnYyeXZPTm5ucXh0RjVHZzIyWjdTT29GX0tUS3Bjd29uZUgzMlZ6Tnd2bDh6TmRZNmw0QkVwQ1ByT0tnbTIxZFhaU2p4ZTRwalE2MEVZVXpKQ0NRczFDQ2tXSUNEbFpSQ2xBT0k1ZGlYS0swbWgyeWRmTEVzQUg4WFJYcmVDTm9weTZDUi15M09nM25abVhNcGJsVVhDcFFyaHZDaHVWVUJySDdFWXlBNmwwaUN0R05CbXY1TmZFSFZUclNmeUJua2ZzLXlnNk1SVHBQOUNOVktSN2FMUmVMZlpJX09wUGlybUw3Q1BCa2tIOHRJYnQwYnk3MkRzV09RRmFvQ1ZhdDZKLTRUcTdwb0QzLVFwQlRlR3VnNDgyWXA?oc=5,"Rs 10,000 monthly SIP would have turned into Rs 40 lakh: These small cap mutual funds delivered 20% returns in 10 years - Check latest NAV, AUM, expense ratio and key details ET Now","""(""mutual funds"" OR SIP OR AMFI OR FII OR FPI) (India OR equity OR market) when:1d"" - Google News"
2026-09-25T06:00:01+00:00,3,"['AI / tech risk', 'India market']",Zee Business,ai market data nifty bank nifty fii dii gold silver trend - Zee Business,https://news.google.com/rss/articles/CBMiswFBVV95cUxOeHhsYzdjVWxaWVlybHFqNHN6QXJkTWhvcGFjNUdvNTJiLU1SMHNWUmt2Tmp6TWhNLTI0N1EwS0k1RnctNVpWdUM2S2J1dW9CTFRQU0hZUElUNXBLam1URzZ1bmljTEI0MDN4TGVFNHEzUGlMS2ROSHJqbU4zaEVjNUtUeUlPOFpnd3BvOTl3cTBkRXc4TjA1cGlSdENhbW5lQXFjODNjSzBZNHdNZEw4QkRWSQ?oc=5,ai market data nifty bank nifty fii dii gold silver trend Zee Business,"""(""mutual funds"" OR SIP OR AMFI OR FII OR FPI) (India OR equity OR market) when:1d"" - Google News"
2026-09-25T02:19:38+00:00,3,"['market selling', 'macro / flows']",International Business Times Australia,ASX 200 Falls for a Second Straight Day as Global Bond Sell-Off Deepens and Oil Prices Climb Ahead of RBA - International Business Times Australia,https://news.google.com/rss/articles/CBMifEFVX3lxTFBJR3RHNW5STlM4RGwyTnZtU1lCR0t4MDF5S1lZb29Pb1RsSHg3YmRVNW1yRk9OdjlVelBvbV9tX0tWNDFxYUFHb3BoN0FvSkFmUFRTNGh5NWZNcndTV1p3U2FJendMRzFXdmRaN1A4SE5hM2lNbGx5V09KMTU?oc=5,ASX 200 Falls for a Second Straight Day as Global Bond Sell-Off Deepens and Oil Prices Climb Ahead of RBA International Business Times Australia,"""(AI OR ""artificial intelligence"" OR Nvidia OR semiconductor OR technology) (selloff OR ""market fall"" OR ""stocks fall"" OR correction) when:1d"" - Google News"
2026-09-25T01:44:19+00:00,3,"['India market', 'macro / flows']",newsdrum.in,"Relief bounce on D-Street? Nifty may open near 23,130, but oil and FII selling remain spoilers - newsdrum.in",https://news.google.com/rss/articles/CBMizgFBVV95cUxQNzRVTjdwcnFwZUZKbFluWUVHRE83dU1JNVFfYy1hMHFBSzFBZklWdHg5ckdUTGZRUUdOREFwY0JSblh4UWxSOFd0dkFIcXBHU2kxVk1MTVNWMEhJUWx6clN2NS1ESmFxZEFWN3hDdUZaNG05UHF0bE9MVDJhUGRzWUg1Xzc3WkR3T2dQZkVwajJucjY5bU9yeHNuOHd5TlRvYUhLOUhjUzh5OVRra0NTN3ZpNmRkcWkzZkRMaFFhSUhHLUlrWWNtU3BjZ25ud9IBzgFBVV95cUxQNzRVTjdwcnFwZUZKbFluWUVHRE83dU1JNVFfYy1hMHFBSzFBZklWdHg5ckdUTGZRUUdOREFwY0JSblh4UWxSOFd0dkFIcXBHU2kxVk1MTVNWMEhJUWx6clN2NS1ESmFxZEFWN3hDdUZaNG05UHF0bE9MVDJhUGRzWUg1Xzc3WkR3T2dQZkVwajJucjY5bU9yeHNuOHd5TlRvYUhLOUhjUzh5OVRra0NTN3ZpNmRkcWkzZkRMaFFhSUhHLUlrWWNtU3BjZ25udw?oc=5,"Relief bounce on D-Street? Nifty may open near 23,130, but oil and FII selling remain spoilers newsdrum.in","""(Nifty OR Sensex OR ""Indian shares"" OR midcap OR smallcap) (falls OR selloff OR correction OR ""risk off"") when:1d"" - Google News"
2026-09-24T21:43:18+00:00,3,"['India market', 'macro / flows']",Social News XYZ,"Sensex tanks 1,248 points, Nifty slips below 23,100 amid oil price concerns - Social News XYZ",https://news.google.com/rss/articles/CBMisAFBVV95cUxOTEt5Ui11ZzQ0Vy12VmRZZ3BHaV9XWEMxM0sydmZRbXZLLThOc29zRWxZLUNCclRCY0VoSW1kel9lU25JQjRYb2FsejBsUmtSWC0wT2lwVS1mLVJlUTNEV201dlpVampGSUJNSjE4c3M4ZHJqSnJQUkpSWXhqUUFmWGlGZjM1bDFJVmtJMUJ0V2s2MHpXR2ZNN1R5WVNiczFIRWlhUWZZUW1JR2prVDc4dQ?oc=5,"Sensex tanks 1,248 points, Nifty slips below 23,100 amid oil price concerns Social News XYZ","""(Nifty OR Sensex OR ""Indian shares"" OR midcap OR smallcap) (falls OR selloff OR correction OR ""risk off"") when:1d"" - Google News"
2026-09-24T19:12:51+00:00,3,[],Myinvestmentideas,"Best Mutual Funds to Invest in 2026 – Live Returns, Updated Daily - Myinvestmentideas",https://news.google.com/rss/articles/CBMiZEFVX3lxTE40RnRaTlJBSWxFVDdNZXJPcVB1VGF4M0h3ajhDYWZlZjFncWdMazFVX2hLRUp4amtsWThkSHdNVXpQYUp2NXZHU2JDU0szQTBlY2gtVTFyQ1dJS3h1MkpxcW5DcVY?oc=5,"Best Mutual Funds to Invest in 2026 – Live Returns, Updated Daily Myinvestmentideas","""(""mutual funds"" OR SIP OR AMFI OR FII OR FPI) (India OR equity OR market) when:1d"" - Google News"
2026-09-24T18:15:48+00:00,3,[],livemint.com,6 international mutual funds are reopening: 5 delivered double-digit returns in 1 year - is it time to invest? - livemint.com,https://news.google.com/rss/articles/CBMihAJBVV95cUxPNHQtMUFudExjR2xEWEotX3BIRl83VjNFRW15UW9ZUzh5a01uUUk0cFdWV0JXOEFDY2Rrd1JBMFB4SkFKdlREZkptb0xVNXJOYWJWa0ZaSy1IM2NqV2lUeUpOREYyMnM4MzNNdWdDajgxempxTkZjSGhvTUlTWVRjb1lGa0pBbldWUGI4MWtWUlAzNWtRMTIzaEFWMDMzTllhb0FORi1JdVl2dXZaN1c4N0FCSWRTRml0ZGNpZkR3dHpaOG9CUFhCUXg1dnZPWE1yZS1EZDZFd1NvV2drS2xmSldrNjMxM3dtNGVnRXppQmxMdlhqVE13UHo3Y09ENFFYVmJuc9IBigJBVV95cUxNQ0ZNVXlJRnZDbDhvZjR0blh0R2EzZzNLUEcteld5Mjl3ODlFR0pvWlJsZS1IQ0hJb1FncHI1YXdub3BlWEFqazZBWGgwdWkzNjk3aGxPdldkMzZMMzBWTUZKZHVPb2Z6eFBVRUlueXhtdUkzdG5jRkhwbEpkS1B6NjFoY3VGaTNWSzIxdXZucy1obThwMVVzanhSVTJHTTlrOWwwQmJsU3NXd0RZU3k4a1NGWVpPaWI1aWFwbDlHSEZyUEcxQ3RLR1J5YktQdHViRW9DTjh5cEhqNUFpNUV5Tm9ldFNPVU9KamxYSnZhZ0JqT3Bhdnh0MHJtYmRMX3FWbVJYOTV6XzRNZw?oc=5,6 international mutual funds are reopening: 5 delivered double-digit returns in 1 year - is it time to invest? livemint.com,"""(""mutual funds"" OR SIP OR AMFI OR FII OR FPI) (India OR equity OR market) when:1d"" - Google News"
2026-09-24T17:19:19+00:00,3,[],livemint.com,SEBI launches portfolio managers route for mutual funds: Here's what the new ₹25 lakh PRIM route means for investors - livemint.com,https://news.google.com/rss/articles/CBMijgJBVV95cUxPZGlYRno3RWVUVzl1N3lNendSRDUzaTRDUmxHbWhTeGxLeGVtNFpOdC0zcjFzenVJZlVsaHhUM1lXZ0dTdU5hMzZ6T1RLSEppT1JrcS1IcWFnM3ZlVnVXZlZnOHlLcWtyY0JkYVloWDQ3YWpNNFdIQ2xKZldEUXVBN2FwM2xmVHFXSHlsVGRSVVZfRGsydU5DbndFVUpXUzRndHRlTzFqVnNpd2JaclIwYkItT1dtdldtX01FdDBNZ1JUeFQ5MkdMejQ2YzJOa1ZiQkw0VW1yUjdYNzlCVERHQWJFN1FmbXc3aUllWGl6M3c0cU92TUhlOFIzd3VNN05seXNwZUMwdEk3LXQySEHSAZMCQVVfeXFMTTljTXplVkdJTVp4ZDdHNkJROVZVS3RMSzlDSmZpLXhjUWVmanVraW11aHhCWE93OXYtZVdON2tDdXpwUjRQbjdhSEEtbzM0VmNOMkFCS3VUa1IzSXd5bkNVbDhKeUlabHY1Q1JpZUZMeWFBb1AwQUpfakhDdEpZQTZtWkFrRlZSa3JQTDRFWHVCTDVibElEVlpvd1dISXdYZjFEalZCb01jTDNMeU5yTlN5ZVplNWREUDUyUkFCUS11SUM4TFZxRS1pSmlyYU5WSmYtaDFySG1xRWluLXl6czZ0YUpjSEFabUo5blptdVNOeFdoTHJJdXQzcGZSRHBta0hIM0ZjYzljd0RVSGJhb2ZQbDg?oc=5,SEBI launches portfolio managers route for mutual funds: Here's what the new ₹25 lakh PRIM route means for investors livemint.com,"""(""mutual funds"" OR SIP OR AMFI OR FII OR FPI) (India OR equity OR market) when:1d"" - Google News"
2026-09-24T16:04:31+00:00,3,[],The Economic Times,"Sebi clears PRIM route for PMS players to invest in mutual funds, SIFs; Rs 25 lakh minimum ticket - The Economic Times",https://news.google.com/rss/articles/CBMi-AFBVV95cUxNU0tlVVNlVU5Vc082QWhNcFVJd1g1TWgtOHlfT19HUFAwOTBEZ045QjlfWGhVemV4eHh3R0gzRk1UeXpmbThZSzQ2bmxfSDhncEZ5ZExzc2xkSU9hSDhrVTFVRXJFVEg5bExzS3M2Qm8weDgwS29qaW42Y3h5ZDNyaFZSZ19POTVmN21zTzlHMWhzcDM0d0JkYmtCbDYtTTVOQW9SVW80QWE4RWJMVVBHckdMRmhuUm00dWREX00xTkNEQkV3eHdHdHoxWFJJOHVwb3VpTVJPaS1aMUJ0MGR1VmdzX2tqeXVudmE5UGktb2c4YUw1dlkzV9IB_gFBVV95cUxOaFpkS3o0bjZmblF5cFdzRjRrSEdKSEpvZTN0R25BanVmeUM1VG9UNHhvS3ExMzkwTGhUOFRfcXdqM091a2Y5QmZCcjB2YVNNRk5lU2xicE9yb0hxaUNXSmt0OFRIUTEyT0lTQm9RTEFuby1rU1R5cTljVEhNMkQyUFZFbzNiQ1lZc1ZRd1FQWUEyY1hhc2RURkxKUDZFYWVQZW9BUVVuSUdialcxbjg4alJrYXhINWJsb213dFVsdWR6R3pTZkJta04ydXlaeF9CeW94anZLRkx2aFVuaFRtaVNoek0wOUJlSXUwa0FTV1FHd2tETVJoc21NSkVOQQ?oc=5,"Sebi clears PRIM route for PMS players to invest in mutual funds, SIFs; Rs 25 lakh minimum ticket The Economic Times","""(""mutual funds"" OR SIP OR AMFI OR FII OR FPI) (India OR equity OR market) when:1d"" - Google News"
2026-09-24T15:40:49+00:00,3,[],Cafemutual,"Soon, celebs could promote mutual funds - Cafemutual",https://news.google.com/rss/articles/CBMiiAFBVV95cUxOcnNjYmx0cEhvbEdjNFZBQ0tWT2ExdW12OGlHdlh6WWRmRHZIZERBX0hseTdNZ2w3VDFVQXRFTGJoWGVpaS1VQWVtaXFLa0pmWjV1cUN2SDNDNnlJTEl1VGk4UVplMkZoWjI3M0VGRUJOM25KVjdlQjNocF9XOElHNDdiVWVodGx5?oc=5,"Soon, celebs could promote mutual funds Cafemutual","""(""mutual funds"" OR SIP OR AMFI OR FII OR FPI) (India OR equity OR market) when:1d"" - Google News"
2026-09-24T15:09:28+00:00,3,[],Myinvestmentideas,18 Mutual Funds With 1-Year Returns Above 20.0% (Sep-26 Update) - Myinvestmentideas,https://news.google.com/rss/articles/CBMiiwFBVV95cUxQZkVIRG0tQ25Sa0xaYU8xN0hjUHpZdTlxRE05ZGVHNWNZM2lZRUtFRUNyN3hqZlFJYXJOZE1JWVM1Tm9YU1Z0b3lvdmo4V2duVU9OLWtuSmpHOHhRb3VSUUwtX2xnZHdZSkMyOTVRNWNLcTVUZjZLM2hqTXQ1N0JIMVJMWUdBeklGVkhN?oc=5,18 Mutual Funds With 1-Year Returns Above 20.0% (Sep-26 Update) Myinvestmentideas,"""(""mutual funds"" OR SIP OR AMFI OR FII OR FPI) (India OR equity OR market) when:1d"" - Google News"
2026-09-25T10:33:40+00:00,2,['India market'],MarketsMojo,Sensex and Nifty Gain Amid Mixed Sector Performance; IT Leads Advances - MarketsMojo,https://news.google.com/rss/articles/CBMixwFBVV95cUxPVF9mYUVGUUNMMkhPTUtvOWMyUTM3dThjallWWkNuNG9aVXBYVWlfYUY5Z0FfMnhhZ045U0VvMTdhUy1iVVgxbjlwMTFkQl9EZTZDdHBBMUJJckZJWmZqQ3JITTMtQjRVTEoxOE95NmZvblVsM1BvcUVOaGtqU3Z5RkxYVGR2RVZrbS1VZnRuZHN1S0lTVVQtQ2JwLWtYXzBOVk96YWxLZzlVTXh1N3l1bVc0OEN5MTZkQmN0ZjNkclBlRmlDWWJn?oc=5,Sensex and Nifty Gain Amid Mixed Sector Performance; IT Leads Advances MarketsMojo,"""(""broader market"" OR midcap OR smallcap) (selling OR correction OR fall OR volatility) India when:1d"" - Google News"
2026-09-25T10:06:11+00:00,2,['India market'],Zee Business,"Stock Market Closing Bell: Sensex gains over 300 points, Nifty ends above 23,100; Auto, realty shine - Zee Business",https://news.google.com/rss/articles/CBMi2gFBVV95cUxNUTB2RzlxaUFvY2lzVE1ETDE1cVNaUkk0RjlvQlpHVEdoTFJfZkhLbVExQW10cEpnTzF1QzhyNEdfZ0VqZDBfLWJKODc1ZFh1VWdxbWY1UFJ4OEFOeWR1OUtmRDJkY1NyS2lMVkR4bzVibzFXNmxaSWtvY3pOTms4TDM3Y0J0MjdOalpnVkRDSUs1OEpuZDNyYlIwT19WZXp5b0dHd0VqajIzcW04NjBUS3ZVMGlPc3IzdG1uZDdKSk9WU1hVZGwxX2RFMjZYcGNzZFJ1RnFtNUx3QQ?oc=5,"Stock Market Closing Bell: Sensex gains over 300 points, Nifty ends above 23,100; Auto, realty shine Zee Business","""(""broader market"" OR midcap OR smallcap) (selling OR correction OR fall OR volatility) India when:1d"" - Google News"
2026-09-25T08:34:02+00:00,2,['India market'],Business Standard,"Sensex, Nifty slipped into negative territory; European shares bounce back - Business Standard",https://news.google.com/rss/articles/CBMi7wFBVV95cUxPYlFiLVZYSk1YekxOUU40a3NNb3BjbUYxaWxhUFN6WnlyNUJYdDhTU0VTanFXanU0LTlpY2JKT3pMNUhLeGlBZGlJZWFrMTFhYnRBc0szdTdyNVZhTkV1b3dfS1FIMlZUZTkwNnR3Y0p3b1RUZ09rLU5uSWNkUV8xOTU1c0NNb3UxUU9uTlg3MURLOVI4NW9hMkQ2QmpDeDJrSS1HVTFXZVd0M2hUY09tVWRMdjlZd1F6RG0tQmhNRjFLTl9FMmE4VzhHaEJoWW03WkdZLXlnWlhoTHVHbXlWS2JxVjgyWjNwTVpwcU44RdIB7wFBVV95cUxPYlFiLVZYSk1YekxOUU40a3NNb3BjbUYxaWxhUFN6WnlyNUJYdDhTU0VTanFXanU0LTlpY2JKT3pMNUhLeGlBZGlJZWFrMTFhYnRBc0szdTdyNVZhTkV1b3dfS1FIMlZUZTkwNnR3Y0p3b1RUZ09rLU5uSWNkUV8xOTU1c0NNb3UxUU9uTlg3MURLOVI4NW9hMkQ2QmpDeDJrSS1HVTFXZVd0M2hUY09tVWRMdjlZd1F6RG0tQmhNRjFLTl9FMmE4VzhHaEJoWW03WkdZLXlnWlhoTHVHbXlWS2JxVjgyWjNwTVpwcU44RQ?oc=5,"Sensex, Nifty slipped into negative territory; European shares bounce back Business Standard","""(""broader market"" OR midcap OR smallcap) (selling OR correction OR fall OR volatility) India when:1d"" - Google News"
2026-09-25T08:30:00+00:00,2,['India market'],Analytics Insight,"India's GDP Hits 7.8%, but Sensex Sinks 3,300 Points: Why? - Analytics Insight",https://news.google.com/rss/articles/CBMikwFBVV95cUxNeUdMN1lHZXlaeFNQQWJ3WVh4cnUta2p3Q2pKa0JYOVJOaXk4b1NoMHZJZnozRDZPQTN6NGs3bHRiNDVac1l2U21uSm9Xc0tSVjN1ZUNTLW9fZEJiTnFfZWtoMEV5S1k3WUlQRml4RzNoUnozOGNScDZNQU95NDhEWjNTeWhLQlRpSEQ3azFMdDMzbDTSAaABQVVfeXFMTldkVWRGY3A3aEVCenlzMUlwVm0xb1NqT0xsQ21uU0tpMjlHSk9vSHl5ckt1UE01ZnVrOVFvb1p0R2FwRWhoU1UwZHZfZ2MtbndCNDFwdFdlU01OQ2R5UUtGUGg3dERiSlREdWdXRUJ2YU1WNUlBdFZwN2ZTTVJuQU43cm1tNFJyU3M5T2liTXROTnBLYzh4V0M5YllMek9jag?oc=5,"India's GDP Hits 7.8%, but Sensex Sinks 3,300 Points: Why? Analytics Insight","""(Nifty OR Sensex OR ""Indian shares"" OR midcap OR smallcap) (falls OR selloff OR correction OR ""risk off"") when:1d"" - Google News"
2026-09-25T07:20:01+00:00,2,['India market'],Business Standard,"Sensex, Nifty trade near flat line; realty shares jump - Business Standard",https://news.google.com/rss/articles/CBMizwFBVV95cUxOdk1VMW9ocThUQlpFU2RBUjZLa3dmdXd2NHhZZXdLY1VOX0U4WEI3Ny14R2JoVFFWZW1IeXcxMU9FUnFERWplMUh6UTF0VE9oSWx5ODg0Yk5FM2VIS0RZUV9MQzY4SWt2cWNiTGQwaG1tc0NVOTBnMGk1TkpsUmF0dXRXZmxlWW1qbDk5QUdpZlkyYkNPdS10bmNFdi1BMkdRcjJPcl9TcDFieVJVYWpnd0JtRUk4ZDVJQ05iaE14NFJITVBfSGRudHJ2eUVFNEnSAdQBQVVfeXFMTU0yY1hCcThLeTdfalhzdXdHdDM2UkoxS1lWTW0ybjVpQVJaVXN1Z29lS0RZTDBEc1FocFJ5MmlNVXlvbFVSSTgyek91OHhZRVVHa1FqNHFWNXV1VWNWNjJHQlJCa3ZSdG9jaGxUejNSeE4zS2Y4MnJSSHNBa05MbUVBd25wU0lDSHBreTIwdXRram0wTzZoUTNfaGtqTG94aW5CeDZfb0V2UV9HNm9PeDYyV2hObDdqNERmV2czVTBDcXJEQTR0U2lqOVFYUHBqRXJZYl8?oc=5,"Sensex, Nifty trade near flat line; realty shares jump Business Standard","""(""mutual funds"" OR SIP OR AMFI OR FII OR FPI) (India OR equity OR market) when:1d"" - Google News"
2026-09-25T07:19:32+00:00,2,['India market'],IndiaIPO,"Sensex Today | Stock Market Live: Sensex rises 150 pts, Nifty eyes 23,100; realty gains, IT slips - IndiaIPO",https://news.google.com/rss/articles/CBMixAFBVV95cUxNNGZNa1lkSGVudThjR01EUWh3cTNHTVVPQ0NNcGRHZ1JmSndlS25UZTZXRWs2TjBqSnE1RzZxbTRfWWJMWEtSTUsyLWFoMUVvODMzdVVVSzl3WGRNeHZQYnFfazBWT1BJbmdjcFRVb09xTFh2Qkk2eEx4RFc4MzVFX2tzQXE2ODJvUTVkeXBqWGZScVlXaGRpZkJBaUNGZU82QUlzWVZRaVkza2dDa0dZbE4zcHB0S2FyYUVxZU9mQVZZVUdk?oc=5,"Sensex Today | Stock Market Live: Sensex rises 150 pts, Nifty eyes 23,100; realty gains, IT slips IndiaIPO","""(Nifty OR Sensex OR ""Indian shares"" OR midcap OR smallcap) (falls OR selloff OR correction OR ""risk off"") when:1d"" - Google News"
2026-09-25T07:18:36+00:00,2,['India market'],The Economic Times,Invesco India Nifty India Defence Index Fund - Regular Plan Fund info - The Economic Times,https://news.google.com/rss/articles/CBMiuAFBVV95cUxOR2RWVTNpNjZPQkZLT0xWMWdDcFQyenNZZW1abnlpWFJQSTB1Njl0OW5NeGVqSTJHR0JjcGliMUNHeXJud2s3QlZ2VG9KVjhWUUxtalZ4UGg1MVRzWGN0UTN1c2ZqMllRQ0wtMTNFb0FGc2p3NmZIemFkcWN6cE9wN0p0aHE5SUdMM1dMN1phZVpKNXYwZWFIYk9iLXE3QmY5X0dpQ0NTLUJqdnFzOWE0VzVRRUFPSTlS?oc=5,Invesco India Nifty India Defence Index Fund - Regular Plan Fund info The Economic Times,"""(""mutual funds"" OR SIP OR AMFI OR FII OR FPI) (India OR equity OR market) when:1d"" - Google News"
2026-09-25T05:14:52+00:00,2,['India market'],Analytics Insight,"Stock Market Update: Nifty 50 Opened 28.1 Lower at 23,035, Sensex Declined 54.62 Points to 73,580.54 - Analytics Insight",https://news.google.com/rss/articles/CBMizgFBVV95cUxQUEQ5cDRFTmZTMHg4YUhTQ0dac0pKcW0zSmNnNF9LU0VwaTd3X0RnU3NtYVJmQ1BYU0FqZU40bTV2Ny14bXFHSW9aOFY3NGtHSHI3b3BYSVRYa0ZaOWVvcm5fN1daMWg2SzkyMUdrdmdmVEpVeHktcjdOQ1I1UmNzaWtGbUo0R0FjelVGYnd6RE5hN3l0UnlEWl9aN0hiaUNyR2poTk8wQUU0N0M0QWx5UGk0MVAxdW1wZFQ1OEpWanJ5eENTamlMYzgwQ0kwUdIB2wFBVV95cUxNczNtYTcwOWRwWlZJUXc2V2dNbHlqeFpEQzQwVmtwSTBmTVJGa0JWb01IbkVPQWtGcHJhUUd3N1NsQ3dmNlZnWmFhb2pibmxra29iY2owX09VV19uZTcxeExxb1pGcUZ3U000dmk4QmJzUUVtLWJEVzJCemkwWXd3MzB6STdJb0J3QlptVWJWQm5KX3Bla1hsaTBVSUd1OVI0SEtJd3FiWHliNVZKWDhBcVhBcUtHbXVobFRPSk1BOHF6VElPUWVDb2hPcDl6TE5NSDI2aFA4Y1BuZjA?oc=5,"Stock Market Update: Nifty 50 Opened 28.1 Lower at 23,035, Sensex Declined 54.62 Points to 73,580.54 Analytics Insight","""(Nifty OR Sensex OR ""Indian shares"" OR midcap OR smallcap) (falls OR selloff OR correction OR ""risk off"") when:1d"" - Google News"
2026-09-25T04:42:40+00:00,2,['market selling'],Business Upturn,"IT sector stocks today, September 25: Oracle Financial falls 4.56%, Aurionpro Solutions down 1.61%, Infosys declines 1.58% - Business Upturn",https://news.google.com/rss/articles/CBMi9wFBVV95cUxOQXpDTXpBdlBaUmZLNnZ3VElvZloyZXNsbjZYOTVNRW1RTXFmYWtva2tqanZEdlFKUVFNT1RwSDFaY1lON0xnUnVsVk1ZMHhsV1lBZGwwV25MbVRMWE40bTFWQm13ZEdiZ05MYUdWcXR2d1dwWjA3UHBRXzU2X01ZLWV0NEJsQU5pY2NJbnc3TFZGOW1EaVNZa0kzNHM1Rm9NUW1HeV9tOVJJaFdnRU53cnJGSUVORms5R0JYWkFhNXFUNTVsOGpoZEZlYzFlTnk5WU0yOHZsd1c2SzdzOEc0Zi1BZXQ5ZmhRMmw5MlNZc0JNeUo2dU9J?oc=5,"IT sector stocks today, September 25: Oracle Financial falls 4.56%, Aurionpro Solutions down 1.61%, Infosys declines 1.58% Business Upturn","""(Nifty OR Sensex OR ""Indian shares"" OR midcap OR smallcap) (falls OR selloff OR correction OR ""risk off"") when:1d"" - Google News"
2026-09-25T03:38:50+00:00,2,"['market selling', 'macro / flows']",Business Standard,Asian shares steady as bond selloff lifts US yields to two-decade highs - Business Standard,https://news.google.com/rss/articles/CBMi2gFBVV95cUxNRy13aUZJOG15Nm9DS3NabS1yVnU5QXZSTmpDUUdENlNfTGdleW04UURoRHJyVTloNmVWeVg2MENBSXl3X3pHeGwzRWUxVGR6ODBMd2R0d2tzRHhsazJOQlZlZmV5VkVNZXpwS2R1MUU3TVdrRnRXY0ZnS0s5T19qUkhiQUw2MVdXZnJmTXplUm8tVWFZZFhDaV9FOWs4YWh6YzdjeXdvVm9xTnk4MUZsQ2FxS0tYQUlnRE94YkFhV3Q5NkdLNGpic3BMUzRsNV9tQTJXeG04M0FtUdIB2gFBVV95cUxNRy13aUZJOG15Nm9DS3NabS1yVnU5QXZSTmpDUUdENlNfTGdleW04UURoRHJyVTloNmVWeVg2MENBSXl3X3pHeGwzRWUxVGR6ODBMd2R0d2tzRHhsazJOQlZlZmV5VkVNZXpwS2R1MUU3TVdrRnRXY0ZnS0s5T19qUkhiQUw2MVdXZnJmTXplUm8tVWFZZFhDaV9FOWs4YWh6YzdjeXdvVm9xTnk4MUZsQ2FxS0tYQUlnRE94YkFhV3Q5NkdLNGpic3BMUzRsNV9tQTJXeG04M0FtUQ?oc=5,Asian shares steady as bond selloff lifts US yields to two-decade highs Business Standard,"""(AI OR ""artificial intelligence"" OR Nvidia OR semiconductor OR technology) (selloff OR ""market fall"" OR ""stocks fall"" OR correction) when:1d"" - Google News"
2026-09-25T02:58:00+00:00,2,"['India market', 'macro / flows']",scanx.trade,"Trade Setup for Today: Nifty Holds Steady as FIIs Sell Off; Gold Shines Amid Crude Dip as of September 25, 2026 - scanx.trade",https://news.google.com/rss/articles/CBMigAJBVV95cUxPbzg0RFN5WEdlSnlBTDdYY2pTdzBpMDRTUHFTdGc4aGtvd3NITHJ2S1RhZjJfakdTQVNlV090Y2liaXV2UDdPa0tSYjRyRGR0Yms5RFpUZkFYRHVOcjFMWFRjQVY0eUhNTDJpeWtGVFlYUm9GLUVZTFYxb05aQjBtS0JUa3RTMWM2eEhUUXBGXzhJdHc2MFZ5RnJLakdwZUVKeEowd0M0S0xVZllxSjRab25DSU5sMjUtS09HYXBQQTlKZGVyMnNTNjhsZUlzZDJFYmJEdk5XRFZSM1ZZSGZoYTZ2cGwxNmdJSHBEMVI1QlhtZ0tsSVZFcTJRM29pUnFf?oc=5,"Trade Setup for Today: Nifty Holds Steady as FIIs Sell Off; Gold Shines Amid Crude Dip as of September 25, 2026 scanx.trade","""(Nifty OR Sensex OR ""Indian shares"" OR midcap OR smallcap) (falls OR selloff OR correction OR ""risk off"") when:1d"" - Google News"
2026-09-25T02:18:31+00:00,2,['India market'],BusinessLine,"Stock market today: Sensex, Nifty may open flat amid key headwinds - BusinessLine",https://news.google.com/rss/articles/CBMi0AFBVV95cUxPUTZ0WFk4RmRvMGxLQ1NEcHdMTU5ZWWI5a2V4Uld4WVNIU3FsWmJpVXJXZFJaNnVXRTd3WjBKdDMwUmtoMktHVHlSekRoT1dsTjJTZjdrbDJYM3FGa1BTdVdIaUxOZ0o0U1NWaC1fZm4xbXJsWkJzZ3c3MTBtX1VhTjZkUHY0MmZQYWtMOEFrREZhTmstUUZ0eDdfRGx0aFZGNTRPU1VIcG8yTEVjNEF5NzJnUm82Q2hVYzNncS1qOEVDV0QyWG9mbW92elNEZ2tr0gHXAUFVX3lxTE5tQlVCbVlxQndqM1Zmd2ZtZWdldjZ6WXBqWjZiVEhjLTFKamtwNXhXbG9KWXZ1bUFuN19PMzFtdlNxS1N5UzRIckttOFBINUlKWnE1SmpYWHQ3MDlIUDRkVVR2eWwyQUMzMmNVSFM0UEZvTDR6Z0NBS2E1bzZoM3dDWlBJNkp6OGo5V2FZRHBzWVZBdUNYeTFPaGxyMkxpREF6enktNGFkbWRNVWZQVDNVVGo2WVhWTzd6YXM5MVA3YzlhM2RzMVJRTDM1emRDUVdPM0xObzRv?oc=5,"Stock market today: Sensex, Nifty may open flat amid key headwinds BusinessLine","""(""mutual funds"" OR SIP OR AMFI OR FII OR FPI) (India OR equity OR market) when:1d"" - Google News"
2026-09-24T22:07:25+00:00,2,"['market selling', 'macro / flows']",Qatar Tribune,US stocks fall as higher yields weigh on markets - Qatar Tribune,https://news.google.com/rss/articles/CBMipAFBVV95cUxQcHZES1R0SExNRTlzUjNTdXJpd1ItN1d2TXpNaEVPcnZEN0xaTm1hOE8xUG1udzhwd3RhMDNYdDJCVGRSSW5CT1U0SnJzWnRSTkYtclhsNFBud2VOYTBlYmxRQmlYMFF4VkU5UEozampvSmdBYkZWZEZ3aHdBSVR1SVVIVWF5QnFsb293VFdYLWg2YS1TMTF6dUNWaDAzRnBENWxnSdIBqgFBVV95cUxQTG15cFUtaHV5NzREbE0xbUc3VjdUSVg1RmpwT3Y0ZkE5WWZWanRzQXFqX0VfUW9Dd09ET2NmYk41ajZFN2pMcURlVl9JYVk0MUJWRHhCbF9Hb0pnU3JORWZFVVBOaWVQMHBrRHpzWUFpeFZCcjNhaVdDeDVjb2VqbU1qX0FTaTVqU3VQZXBaaDNGVmhjYlFnOFF3TkxocmY5WldUNTdyODdpQQ?oc=5,US stocks fall as higher yields weigh on markets Qatar Tribune,"""(AI OR ""artificial intelligence"" OR Nvidia OR semiconductor OR technology) (selloff OR ""market fall"" OR ""stocks fall"" OR correction) when:1d"" - Google News"
2026-09-24T20:09:46+00:00,2,['macro / flows'],bloomberg.com,"US Stock Futures Drop as Yields Climb Further, Oil Rises - bloomberg.com",https://news.google.com/rss/articles/CBMiqgFBVV95cUxOd3ZMbU5FQ0R4c05IN01wbUpvamhqLXVkR1djVk1WSzB0OFd4bHFsc2x0U2FWT2h6RHVWdTJPczh0bVRYYVZiUk5Lb3ROV3RGVElnWkM4aHUwQ2JHbWNPQVZvRjliY1c4bm1hUnlibzhUMFltX2lyQ3owYW0wQnp3aXdwLV9TRFdhcFM5cVBaR2FjMVdoeWhQdEpWb0tZS2FBTUVSU0FrbEpDQQ?oc=5,"US Stock Futures Drop as Yields Climb Further, Oil Rises bloomberg.com","""(AI OR ""artificial intelligence"" OR Nvidia OR semiconductor OR technology) (selloff OR ""market fall"" OR ""stocks fall"" OR correction) when:1d"" - Google News"
2026-09-24T19:43:11+00:00,2,['AI / tech risk'],tipranks.com,Tower Semiconductor Sinks As AI Hype Trade Unravels - tipranks.com,https://news.google.com/rss/articles/CBMilAFBVV95cUxNTEpia1ltZ0JSQzFlQ1dhUjZsVllmcW5laEZxQUFzX2FjQTgtT0pBMllEWXhUbUswUzJFbVBMNUplN2Y4OHJtdG9jN1VQNjd3T3hsNGlKTDJYdm1rQS0tWjhxVzhaaGdpX0UzSWFBTUM2bEdLSkRub3lpNHI5Z1dRakhKcS1CZVowbU8wMVVPaTk2NHh0?oc=5,Tower Semiconductor Sinks As AI Hype Trade Unravels tipranks.com,"""(AI OR ""artificial intelligence"" OR Nvidia OR semiconductor OR technology) (selloff OR ""market fall"" OR ""stocks fall"" OR correction) when:1d"" - Google News"
2026-09-24T15:48:49+00:00,2,['India market'],tradingview.com,"Stock market prediction for tomorrow: Sensex, Nifty outlook for Friday | Kospi, Taiwan cues to watch | 25 Sept 2026 - tradingview.com",https://news.google.com/rss/articles/CBMi-AFBVV95cUxQbWVRQ3lKVnlHSFJ1clY0Vzd2SDFtd3NiQzMzRW9DNlAtUDE2MHhNUWUtR29WOU81MU5xU1N0cEhRZ2dvLWRqYUt5emM2X2YzREpOSDNRUjRGZVN5MjhQUFdDRWZnUVBzS2NlZDdRcFlMeE9TUzlCMnE1RENLVFMyR2pRcUhSTFNqb3dfQ0paSy1ZWXpTUVJCeUZlWFVQanVfUVNwZ3gtdm9LdDRlX1lXV3hLcmZoUVVBTFlkeGVwSV9sQUhmWUd5WXJLMFR5Mm1IWndpVUt4em1rc2FhYWlSVzcwSEtiSjd5VHg3dUZlR1g0eHJwZTFTWQ?oc=5,"Stock market prediction for tomorrow: Sensex, Nifty outlook for Friday | Kospi, Taiwan cues to watch | 25 Sept 2026 tradingview.com","""(""broader market"" OR midcap OR smallcap) (selling OR correction OR fall OR volatility) India when:1d"" - Google News"
2026-09-24T15:06:00+00:00,2,['India market'],kalkine.co.in,Midcap and Smallcap Indices Lead Broader Market Performance - kalkine.co.in,https://news.google.com/rss/articles/CBMiugFBVV95cUxPWlZNLUlOZ2hOMWZhNTE0T2p6a0pGUzBMelFXSDVacWhDZ3pYOTJvSEZJQWFNdWNpM2ZJQnQ4X0N6QVN1Z29xT21obmpueldqcHZSUHBNdDRtaHZMWUZmVzVfOU9FU2MySUlIOXZWNlNDMUFiS29RLUJtM1drenF6SGZDcjRsN3VDdk96dWhjN2RPQmdvUHdKMHk0THJjejNhV2Z4d2luOXpvaVZFRWNteTJwdkhuUG1ZdWc?oc=5,Midcap and Smallcap Indices Lead Broader Market Performance kalkine.co.in,"""(""broader market"" OR midcap OR smallcap) (selling OR correction OR fall OR volatility) India when:1d"" - Google News"
2026-09-24T14:53:21+00:00,2,['India market'],Fortune India,"Sebi clears PMS, FPI, accredited investor reforms; broadens avenues - Fortune India",https://news.google.com/rss/articles/CBMirAFBVV95cUxOWmRqTnlMVmtPWnc2MnJjOUlxQWxDdXo3aktTVXplam5NTEpFREpudDI5bkQyZTdxTHNRM1ZrZ0FucDBFdHpMeVlRLTJnc3pqY1FMSHY2bm9KeG5YWmhwQlJXZnV2NkJmSE9TMkRRN1FtVVJTQVlVS29oeS05ZE9ZUHI4REdjNHBFdGZFY0xfbmFta2ZEVlhTQm9CV2E1V2xtWUNmYk0yTFZBbmVy0gG6AUFVX3lxTFA3WnViQ3Z5Yks5TDVNaWFKRnI5S3RFSFQ0UklsazhSVDNxNHliSm11dHNVZDBLUmtmMllOS05VS3ZRZEU3Q19ScldmODRKbHhVcFh3UlRvdnhDaC1pbHFleWhZRGlINlJ2aUE3S2s2QzlSVWhMWTNKeUZaXzZlS0tnSnJIZm04UENFMHA2RkVqLWNZWnUwU2U2cy1TZ0xQSHBMclJzSUJlcUxjcnVncUlITmMzLTdFS3FuZw?oc=5,"Sebi clears PMS, FPI, accredited investor reforms; broadens avenues Fortune India","""(""mutual funds"" OR SIP OR AMFI OR FII OR FPI) (India OR equity OR market) when:1d"" - Google News"
2026-09-24T14:50:00+00:00,2,['India market'],IndiaIPO,India’s market regulator SEBI widens FPI access to commodity derivatives - IndiaIPO,https://news.google.com/rss/articles/CBMiqwFBVV95cUxPcFV1Y2E2TVpjS1lBZFpzbTZ1cjlMQTZIN1NLTXpIa2lVTjVUdl9sSm96VWpwY1VwUFJURWpKaE9DZHZOTTZSUlBQOF83N1lyNVRnNnBfdTJVSGdkbFZ0RnpZZ3Z2aWhmRFE1eGNwSVRNSU5vLTd6SEF1elBGdXdVYTJJcHc5bXZpYWRoajJaVUc5ZW9LR3MyVnc5UEhrV1ZPY1MyemZBaHNNTVE?oc=5,India’s market regulator SEBI widens FPI access to commodity derivatives IndiaIPO,"""(""mutual funds"" OR SIP OR AMFI OR FII OR FPI) (India OR equity OR market) when:1d"" - Google News"
2026-09-25T13:40:15+00:00,1,['market selling'],financialexpress.com,Forex reserves log sharpest weekly fall since Nov 2024 - financialexpress.com,https://news.google.com/rss/articles/CBMitwFBVV95cUxQeGhkUVlkWXpHRnkyUFJxc3RCYTVMYVl5QUlEamVaRnlqMnB2bGgzYzJPM3VBdTdTVVJOeUhlYjlkaFdBNm5rNXNiaVhmV0twWjRFVnpRYzd1bVdyQXQzWGZ4OWZ1Rkd1cXlKZGYtNXlXbkxhUmhuUGUtNGlGNGZWY2IwRUJCM2J3Y0hzX0xUM3hWa1FVZzdXNDF5OVBnQUVialUyTXc5Zm5pazJqa3haUnMxSm5TVkXSAbcBQVVfeXFMUHhoZFFZZFl6R0Z5MlBScXN0QmE1TGFZeUFJRGplWkZ5ajJwdmxoM2MyTzN1QXU3U1VSTnlIZWI5ZGhXQTZuazVzYmlYZldLcFo0RVZ6UWM3dW1XckF0M1hmeDlmdUZHdXF5SmRmLTV5V25MYVJoblBlLTRpRjRmVmNiMEVCQjNid2NIc19MVDN4VmtRVWc3VzQxeTlQZ0FFYmpVMk13OWZuaWsyamt4WlJzMUpuU1ZF?oc=5,Forex reserves log sharpest weekly fall since Nov 2024 financialexpress.com,"""(Nifty OR Sensex OR ""Indian shares"" OR midcap OR smallcap) (falls OR selloff OR correction OR ""risk off"") when:1d"" - Google News"
2026-09-25T13:23:50+00:00,1,['market selling'],The Next Platform,IonQ: There Is One CPU To Rule Error Correction Decoding - The Next Platform,https://news.google.com/rss/articles/CBMisAFBVV95cUxQQ1JDQk9pdTVCaGlsRHlsYnFPdWcwWENDTlQ1NFMxOVlHSVc0V1dJcWl5NU9qWTRCa2J5MTJoQmlXRjZZMVR2UzBlbFhURDdUVEJIcVE1VjRVRzNmdnZSdDNSd2RsVTg0Tld5QU1VZVN3SWkxOUJxVkR5ajNEdnV5NnNnTmNDLUVCWC1tSDRrWFJsQzNJY3BrSXVZcXZXLTFXQk9oOUhWajVpak9zby1VTw?oc=5,IonQ: There Is One CPU To Rule Error Correction Decoding The Next Platform,"""(AI OR ""artificial intelligence"" OR Nvidia OR semiconductor OR technology) (selloff OR ""market fall"" OR ""stocks fall"" OR correction) when:1d"" - Google News"
2026-09-25T12:53:41+00:00,1,['India market'],The Economic Times,Bank of India Value Fund - Direct Plan Fund info - The Economic Times,https://news.google.com/rss/articles/CBMiogFBVV95cUxQZlVCdWVGTWN5V3NZT0JtbjByUlQxT3o2OXlZTFNpR1I3MVJ3WkMtTGtpMGZQY1o5QlM5SHVLS2MzNnMzRW5qc3I1cHBXUmRjQkRhU1RnZVNSNUNEZ01tTDhhNUtaa25nemp6MHcxZm1ZMHFkN2huN01xSEI2X2NRYXl2Q21ya04tLTluaWx0ckF5ZjVJbzNOYVY3emNHS01nSkE?oc=5,Bank of India Value Fund - Direct Plan Fund info The Economic Times,"""(""mutual funds"" OR SIP OR AMFI OR FII OR FPI) (India OR equity OR market) when:1d"" - Google News"
2026-09-25T12:00:01+00:00,1,['India market'],ndtvprofit.com,"'Cheaper Does Not Mean Cheap': India Still Trades At Premium, Says Dheeraj Gaur - ndtvprofit.com",https://news.google.com/rss/articles/CBMi_gFBVV95cUxPc2tvOFRYWWcxTWtEdWZGRWcwcWk5a05heGxreVptTGxNbWp1cl9BSHM5X1VpdVpMWVc2V0ljNTJqZVJJWHN5aThWaDQzMURwM21DZzJ1WFRjZ0hOSUo5blRIa2VRdXR5Y0dxTDdYeGFULTdZTVFjRlpFSUtVWlFDUE1VTnZsYVRlSG9faG5kOGJCZnVQNE1FUmJZZG51ak1rUHlxc1RZQmxOa0FrUEg3YW5YOUJCRFdibnN4X0dQOU5uSTZQaV90RTNVbUloc1AtQ1JBS1J6V25ESmpUdE1IQWl4UVdqeXJleXItZzVjS0FGWnRmLWcyMmhYVjBuUdIBhgJBVV95cUxOOFhIajRJSVBELVJySHhlajRvNXp1YVNWelVqR3VuWlZSdm5DYzlnNElqcVVNS2o4aUdFTzA0djFGYnBqNUlKQ0M1alpjR0pSOC12Z212QS1jUGx5VFExaUl6eEhpUG1ZMVczSEdfVVpEbXQ4QjAtZXdjRGpuSjNpZWpQLVp4TEc3UXQxLTVSRjJDYjlqZ0ZLNm56UzB5dE9tU0N0b1EtM1dKcjNodFdmR0Z4eko4bXFidkdrZUdKZllyVnFET0hiNEhoSU5rRE9mbXlsZFBRaDVyX2U1TEVHemQtbk9LdzhiRHQ2UFp6MXNKRHhjNWpScVJ1eUozcGNLdEZEM1hn?oc=5,"'Cheaper Does Not Mean Cheap': India Still Trades At Premium, Says Dheeraj Gaur ndtvprofit.com","""(AI OR ""artificial intelligence"" OR Nvidia OR semiconductor OR technology) (selloff OR ""market fall"" OR ""stocks fall"" OR correction) when:1d"" - Google News"
2026-09-25T11:56:00+00:00,1,['India market'],timesofindia.indiatimes.com,Two years ago Sensex hit lifetime high: What went wrong after that & what’s the road ahead? - timesofindia.indiatimes.com,https://news.google.com/rss/articles/CBMiggJBVV95cUxPNjg3MGJpYWo0SHZZNlZLX09hOHJTTU1CZm9FYzZTejdsbWl1bmZfY2t4SVEyNTFLM01ZcVZueHJhZlVtRC1zdWo5ZXZaRkhWOUtJc193NnZOZVhXUDcxcWpzcXQ0eHlmdG1TWEQ1R3NfaElGZjc3eldBcmtIbmphT3F4VFZoMWFwOFZQZ1ctWjAzRlZNTlZOOVVrVFVGcVJkSHo2WVBleXNYWi1VU3VaMk1teVJnVGgtN3BKdXY4U1cwTXYyUXJ6Q21YWmhZbTI5QkdCUG5xaDdyUVFvMi13SGVteFl5a2lSNUhYSTN1ZFo2Vkk1X2lURTB4QXpmc253ZmfSAYcCQVVfeXFMTUwxbE9YTjB4WVN6V0dfcWpHRGRGZG9zMFhZaU41RzlzalNGUW9ZbDEtYmJocldWYk8tYWQ1Zmlad2M3YlJfMkUyOFdua1pSRnp2U25PbHgzcWk1WThrSHhuQmRZUi13Z1JMOFF4M0JJMWlOSlVXOWZPclQ0ZW9Vd193SGI1WDZZNnZRTFdhYzFUWW1EUTNwZkN0a0xZWWhGX2J6YnFrN3VKbm80dFoxRXVmMmR4YzVLQ1l6VTkxZkt3SkdoNjBNenJuU3RuQmhCbWVSNzAwU3U1XzN5NXlmeENia2xOZHFoNlNLd2FtbGlpSGw3MDdxV1EyQXRac3NKUXQ5bmZxMDQ?oc=5,Two years ago Sensex hit lifetime high: What went wrong after that & what’s the road ahead? timesofindia.indiatimes.com,"""(Nifty OR Sensex OR ""Indian shares"" OR midcap OR smallcap) (falls OR selloff OR correction OR ""risk off"") when:1d"" - Google News"
2026-09-25T11:00:00+00:00,1,['AI / tech risk'],Wealth Club,Could AI be heading for a dot.com moment? Read article - Wealth Club,https://news.google.com/rss/articles/CBMikAFBVV95cUxNMVh6MEFYa1ZZM2QwdERSazctbGItSFlXajlsUmRGSTJFcHdSeGNtcFNaVmVtQWVwRUFjWkwxQVRvNGNEUWctTDZVV05PMVdINU03c09pbXA5WU9WVGRETmlsOW5sQ3FWY2ppTTFrRU9NOC13MjB3LWJCeTlLWmNsTzdMMGQzeFpBUXhYOExwRWY?oc=5,Could AI be heading for a dot.com moment? Read article Wealth Club,"""(AI OR ""artificial intelligence"" OR Nvidia OR semiconductor OR technology) (selloff OR ""market fall"" OR ""stocks fall"" OR correction) when:1d"" - Google News"
2026-09-25T10:24:33+00:00,1,['India market'],livemint.com,"SEBI board clears a number of reforms; expands FPI access to commodity derivatives, relaxes advertising norms - livemint.com",https://news.google.com/rss/articles/CBMiiAJBVV95cUxOd0wzS3VIODNObkEzRnN4MHBVejlhdnRtOXowUU5jY3JyZkpiM0s0S3MxOXU0OVYxSW90bnNvcHVzbXdqdXdZcVd5MWVwRzg4MTUxQ3h1ZVVlZDIzUWZrdEhyZzJZbXdfMnNtV0hqbVNBV1g5MzlpTG42MUk3T1A0VjJaRXdiTm5TaElsQWd5bm1sdGJ3ZFRkMjRMWFJsZzg0LTBRUDVQUzg4V0Y1X3U0dHNvX3JhNWZvVUkzT0FKczUydW95MGpFTlRjT0lldmFzM1ZjU1JnZ2c3T29FYXdtT2VxYkloVXZlendDN0JYVXNiM1RpRnFqZDl6c19CNFBqNDVOZEllWXfSAY4CQVVfeXFMUEpJbTl2cVlFenZubnZCaTllX2RuZDBjOXEwemMweVdmRnR1SWRYWllUeDBmN1AwbjdseWczdzJnQWh1cUtaR0xhdGVtUG95NjlpZmNiOTB5MkQ2NXNxZWdFQUlnTnozWGdZallZZnJxMVJWaWxkTEs0QWFrZ3pxeUxRQUZrbk1GZ1pDSUxHU04zNnpkeDJQMmh2OXh5ak9ORUZ5VVluUDJoUDVwV2pOVzRJN3djR2gzZHlwcWd4QjMtUGVWQkgyaXlJbW9pbzVyR05qZ0F5dUtObGhVVmRzSDBpRWhJRjVRT0l1eVFBUUJoVWhqaERRWFB3M1VjOG9vMUR5TVZISE5MVldrV0Fn?oc=5,"SEBI board clears a number of reforms; expands FPI access to commodity derivatives, relaxes advertising norms livemint.com","""(""mutual funds"" OR SIP OR AMFI OR FII OR FPI) (India OR equity OR market) when:1d"" - Google News"
2026-09-25T10:07:20+00:00,1,['market selling'],reuters.com,"The Week in Numbers: Global bond selloff deepens, VW crisis worsens - reuters.com",https://news.google.com/rss/articles/CBMiekFVX3lxTE9VS1k5RktRdW9KeHczVkNZQzBfUXdDLUxIT0ZCTVhsZmh5VUdIMzRQWlh0RXVsdDlfazdUcnFPWGpaWXpPTUl5Uk0tLTZ2OXJDMy1yd0xrdGZNTFdXZkJHQVR5bG5UdUxKZ0FJM3ZRTnB1d1dDb25vc3Z3?oc=5,"The Week in Numbers: Global bond selloff deepens, VW crisis worsens reuters.com","""(AI OR ""artificial intelligence"" OR Nvidia OR semiconductor OR technology) (selloff OR ""market fall"" OR ""stocks fall"" OR correction) when:1d"" - Google News"
2026-09-25T09:32:39+00:00,1,['India market'],DD India,India’s capital markets set for 16% annual growth through FY30 on rising financialisation: Macquarie - DD India,https://news.google.com/rss/articles/CBMixwFBVV95cUxPM2NtM2JMejNnUFhjRHJBTTMwZDRTdGRJREI3NWkzSVlaeHFybVZlZHhRdDFkLWFTRl9VOG1jZ1VodVNxYVdMekJ0czE5dnV3ZlQtYVdxLTBOUWM0VHlrY3kzWkxKTEQtT09mT25YaWx3dDNvcVZ4UG85a2ZodGF5OWc3UU1YZ1FPNDMyc2RZaG1ZVUZ5dmduUjItbklCV3BFaDl2UXN1ekFYclVQek5QeHFQQ3M0c3V2UWVZamJod2JPZk9uXzZn?oc=5,India’s capital markets set for 16% annual growth through FY30 on rising financialisation: Macquarie DD India,"""(""mutual funds"" OR SIP OR AMFI OR FII OR FPI) (India OR equity OR market) when:1d"" - Google News"
2026-09-25T09:20:14+00:00,1,['India market'],Business Standard,"Nifty trades above 23,100 level; auto shares jump - Business Standard",https://news.google.com/rss/articles/CBMiygFBVV95cUxPMUU2T1pRVjJMamhXaU5YMzVHdlZtUEd3dU5ZZENEYXBDTXNqU2RsMDlRcWhoUXFpRDRyY2pzQkw5cm9PWHhEdHJkLTZmaFhra2tQSFpUQU9KdkVVX3B2R3ZtaFp3OGxpR0lXWnEzYjd2SlQweXVDa1lBWmtIM3BPVmNVdVd3MmN1aDA0VXZzaDREbVp1bTBKUF9SNE9ITnN6b3drWGZXUG11NXlyLXEyZGlPN1oxOFNIV3R4dTZ5OGZablVSaGs5WkVR0gHPAUFVX3lxTE5DMXZ3VUwwTTdLT2dkNmN1bS1qeTdNbGFhMXVGdm16YXIyU0tqSjdpeWVkYThlWC1RNm1sWDhLdUxOcnJIQUVUQ3Y2UDFMNnc1amM0S2NTeEI0aXVFT1BQTWhXQ1pTZFFxSC05dzluTDVyMDRKNjBFRjFDeHJJdS13UTFVamtFTTdTV2lCdmh0MHZ1REJfTjhGbzJZNW9iUHFUUEtxVDZBNWxRRU1XVC1ZSTRJaURmWk5GNHZaaHJTNDM1WW5rYkdLWlRGR1lXOA?oc=5,"Nifty trades above 23,100 level; auto shares jump Business Standard","""(""broader market"" OR midcap OR smallcap) (selling OR correction OR fall OR volatility) India when:1d"" - Google News"
2026-09-25T09:06:29+00:00,1,['market selling'],NST Online,Vietnam stocks fall 2.2pct in first week after FTSE market upgrade - NST Online,https://news.google.com/rss/articles/CBMiugFBVV95cUxNTGw2cUR1V2cxcW9oS0xiVUtPLVhJdHluYWw2VE5WT25vN1dlVW9kYVh4M3hESHV6b25wY1hHUGNyS0I1SFdNVlRrM3dnN0xXVldjUVZZYkZFWlRjTGtyZm1fOXhaX3hLX21KbXpsNFpZbkdKSFJqcUhJdVAzM1A1NnhKblpPeFV0VVVJNWdBLWdudGZmVUcxd3dfQnB4cHM3NUczWHQwelcxWnpRWFVLal9jMW9WODVON0E?oc=5,Vietnam stocks fall 2.2pct in first week after FTSE market upgrade NST Online,"""(AI OR ""artificial intelligence"" OR Nvidia OR semiconductor OR technology) (selloff OR ""market fall"" OR ""stocks fall"" OR correction) when:1d"" - Google News"
2026-09-25T09:03:18+00:00,1,['market selling'],Devdiscourse,Hong Kong stocks fall amid thin trade; Trump-Xi summit in focus - Devdiscourse,https://news.google.com/rss/articles/CBMiwwFBVV95cUxQeGVkcVBtb1hibHBUbUcxaXhiWlhaZXRDRzZ5Sng1REc1bG52Z3dmZHd1OWFUTlA5MzhlQmZBR1RfNXBtREs2d3d4TlRvUmE5ZmJzZWtZcjBNYkdNYmlfSDRHZ2NiYjlteUxjRk1rMW80eDc3MW5qdkI2SlFrY3hNUVJhMTlCVXVSRlAzMGJ3UU1FWl9yMWhzNllOdEhDTkZUOWtaV1o2ejA4WWxINnFYN1J3Z0ZfblBBa09UaHhfeDRrOEnSAcMBQVVfeXFMUHhlZHFQbW9YYmxwVG1HMWl4YlpYWmV0Q0c2eUp4NURHNWxudmd3ZmR3dTlhVE5QOTM4ZUJmQUdUXzVwbURLNnd3eE5Ub1JhOWZic2VrWXIwTWJHTWJpX0g0R2djYmI5bXlMY0ZNazFvNHg3NzFuanZCNkpRa2N4TVFSYTE5QlV1UkZQMzBid1FNRVpfcjFoczZZTnRIQ05GVDlrWldaNnowOFlsSDZxWDdSd2dGX25QQWtPVGh4X3g0azhJ?oc=5,Hong Kong stocks fall amid thin trade; Trump-Xi summit in focus Devdiscourse,"""(AI OR ""artificial intelligence"" OR Nvidia OR semiconductor OR technology) (selloff OR ""market fall"" OR ""stocks fall"" OR correction) when:1d"" - Google News"
2026-09-25T08:47:07+00:00,1,['market selling'],reuters.com,"The Week in Numbers: Global bond selloff deepens, VW crisis worsens - reuters.com",https://news.google.com/rss/articles/CBMiZ0FVX3lxTE1QNGpxZU1jaDF2WHBuWUhtRzdzdUhZZElCOHI5d2ZyaDIwS2RmcDFHRHpqQ0dhLVh0TVZ2ZVd0ZVUxOXRaUHZSX29RN0NvVUZkVTRacmNyUnRodldvS1RFekJENTgxMlU?oc=5,"The Week in Numbers: Global bond selloff deepens, VW crisis worsens reuters.com","""(AI OR ""artificial intelligence"" OR Nvidia OR semiconductor OR technology) (selloff OR ""market fall"" OR ""stocks fall"" OR correction) when:1d"" - Google News"
2026-09-25T07:14:16+00:00,1,['India market'],Alice Blue,"FIIs Offload ₹5,000 Cr Equities — FII DII data today September 25 - Alice Blue",https://news.google.com/rss/articles/CBMic0FVX3lxTE5QamNXaDRUWDdERXM4ZzA3em16b3FOZzVnMjNFQUZjTzM3MGROZVdWYXltUnFLdDg4V1BtSDQwOU8tUnM1MXY3UEx5OU1kM0dEZVQ2eDdON3B1cnhEWllaLUhrVDV1UjNuUDRXZGVQckJ0bkU?oc=5,"FIIs Offload ₹5,000 Cr Equities — FII DII data today September 25 Alice Blue","""(""mutual funds"" OR SIP OR AMFI OR FII OR FPI) (India OR equity OR market) when:1d"" - Google News"
2026-09-25T06:20:02+00:00,1,['India market'],Business Standard,"Nifty above 23,050; consumer durables share in demand - Business Standard",https://news.google.com/rss/articles/CBMizwFBVV95cUxQdEFVb3JxdmczWHYxeEFWZlVOa0JyYmJiWkpWMkV2aVJydGZZODJpSHJGWmljUjJWd3BxaEF0aGtLME54TGNlU1ViNU5oUE5TazdKM3hmcGhVSVlOay1VRVhabmRnaGpWeDN3emlnSE5TZ2I4X3M5eEh1U3A2NW82dlkwQXB5VzhXWlNIRHN0M2I4X2tKTjJiY29FNXdEMklSNjJOMEJtVTREdmxiY1M5VXJOeGxPNzVJUEwwS3ZyZ2MweHJtRDh0TGVCWHpwMVXSAdQBQVVfeXFMT21PQU90dDhZNHg5TGNOOWNYOC1wVldCM1VxZkpxa2Jkd1ZzSDM5c2ZwaDhZMGU3QXBlSkVxaWN2SzZSZ2VZcjFRaWRyMzYta0taNFVSQjRMeDdIY1NCUzhjZ0VzZ0dBN1RQZXFwRzNkQl83cWVqdW5oa01uN216Nk1Ua2x6VUNqQ3ZBVFJobjhWclJ3VFE4N0JJQWVjZE90TzNFWm9iamE3QTh1UmpsLXdGSUhZNHp3aVlYMHZKV0ZCOXlkaWY5WG82SjJVOGZuMVpRWVE?oc=5,"Nifty above 23,050; consumer durables share in demand Business Standard","""(""broader market"" OR midcap OR smallcap) (selling OR correction OR fall OR volatility) India when:1d"" - Google News"
2026-09-25T06:19:39+00:00,1,['market selling'],Business Standard,US 30-year Treasury yield hits highest since 2004 as global selloff deepens - Business Standard,https://news.google.com/rss/articles/CBMi4AFBVV95cUxQNmhMa2R3UldtQTRna0xQS1Z4S1dDd1h3ZXRSZTg3eTFuM3UzSy1JWDNNVVZ4Zno3RGRZeGh5dG1OZ3FfSGxkNEdKemFNUlQ1bDNUZTZiYkMzdmhhVW5WTVRCWExHLUpfS2ZTYUhya2RBUGppb3BpbG4xT3QzMkpKSEIwZWprZEFheW9iSmxZMnRPUl8yanJydHRRQnJoaHh5SmF2N2RhX0tFWDRRcEtRcEh3YUp6dWg0UU9zdkxZMkZ2UWI5ZmRuMWxWam13ZER6Q0QxZmdjdmtQU2VndTd4VtIB4AFBVV95cUxQNmhMa2R3UldtQTRna0xQS1Z4S1dDd1h3ZXRSZTg3eTFuM3UzSy1JWDNNVVZ4Zno3RGRZeGh5dG1OZ3FfSGxkNEdKemFNUlQ1bDNUZTZiYkMzdmhhVW5WTVRCWExHLUpfS2ZTYUhya2RBUGppb3BpbG4xT3QzMkpKSEIwZWprZEFheW9iSmxZMnRPUl8yanJydHRRQnJoaHh5SmF2N2RhX0tFWDRRcEtRcEh3YUp6dWg0UU9zdkxZMkZ2UWI5ZmRuMWxWam13ZER6Q0QxZmdjdmtQU2VndTd4Vg?oc=5,US 30-year Treasury yield hits highest since 2004 as global selloff deepens Business Standard,"""(AI OR ""artificial intelligence"" OR Nvidia OR semiconductor OR technology) (selloff OR ""market fall"" OR ""stocks fall"" OR correction) when:1d"" - Google News"
2026-09-25T06:14:04+00:00,1,['market selling'],Upstox,OFSS shares fall after report of parent Oracle triggering 'force majeure' on data centre project - Upstox,https://news.google.com/rss/articles/CBMi6AFBVV95cUxPbHh4QVdNOEl4eFRDb2tCMlllUkM3S2tnWWk4VGlRMHNwazBXY2RoaWtkNHhKcmhlN3NPYzRaNTVBMFpCM0xkNlY0YWo3VnM2NjcxRW5tUmowcDNOTkFpZkZkYm4yX0FmZnZUeFcyTW1WUzFkckRYeGFSdkYtRmlmb1loLUtzMWQxYU9QX21lbGQyTF9Hd0ptN3R1U0V1aUZlNV9TS2V6TEhtTEpTWjFodWdtTXlWa01RX2x2cWNxcDlUZ0dnTHc5M0U0MUQ5UE9yd3FNMmtWS3U3aUZWOEJiUGRKNGpmYlcz?oc=5,OFSS shares fall after report of parent Oracle triggering 'force majeure' on data centre project Upstox,"""(""broader market"" OR midcap OR smallcap) (selling OR correction OR fall OR volatility) India when:1d"" - Google News"
2026-09-25T06:02:35+00:00,1,['market selling'],Business Upturn,"Metal sector stocks today, September 25: Welspun Corp jumps 3.46%; Maithan Alloys falls 1.58%, MOIL down 1.08% - Business Upturn",https://news.google.com/rss/articles/CBMi5wFBVV95cUxPMkNBWnY3M0Ixc2o2c2d5c2RmdWs3MjUtTE9pSjlUZmxnazl3NzBzNGFpVEk5M2hfeG5VeVJpLVlHVFRYd3RJSkRQcEhncnZ0aFkxX2xKdlM5MXFUZzVDSWxMSjRsampielVBMzlTTFJ4V0kwQkExUDZ1S2thN2FlNTMtcDluWldjbExBY0RLRGJ6R3JDLWVFbnFWU2g3LWFZY3A5SEEtQ29wbmJmUm9pS3Z2NVhWaWRyZVdXVjk3SFZzYm1ZVXdpYVlGNWNPenNuU0ZSNWNPX1hGUkFfd2Q3Sy1kUkhTRHM?oc=5,"Metal sector stocks today, September 25: Welspun Corp jumps 3.46%; Maithan Alloys falls 1.58%, MOIL down 1.08% Business Upturn","""(Nifty OR Sensex OR ""Indian shares"" OR midcap OR smallcap) (falls OR selloff OR correction OR ""risk off"") when:1d"" - Google News"
2026-09-25T05:29:00+00:00,1,['India market'],Moneycontrol.com,"Not just PB Fintech, this smallcap stock fell 40% in two days on IRDAI proposals - Moneycontrol.com",https://news.google.com/rss/articles/CBMi2wFBVV95cUxPRTMtUDl1UTRuVDUxNXdCcFN2VU1vMkFCbGl4LTYtaDNwN204RFB3eUU5dnZ5blZSM3hENS1GMWtVT3FhUGdxbUhLVWNyZmdHNGJzQms3WWpXR0JLaTJRQlN5QnlaYy1IcTFyN0FOSXpFNXVmMTBRd2lLazFMTUdzU1pHYy1OcDN2N05IRkdaTmZpOEZnMGctX3VpYzVWMW14NHNSUTBFUk5wcUJncHQ3V04td0ZETnU1SWZjUUViUEplajBabS1fVmxEaW93bFdMWkd4UTNDZ3lyVjjSAeABQVVfeXFMT2V0RnJLYmswRVhOdUlWV3doSFlzQXhvaGVDVzlQX2NRMFRpcnBrcVZyTmNCVHBGMUVxZXBod0V4bm5ZWDN2Y0dpS0VZd2pCMy1yYWc0d0V1eHIyV21FWnRERjg1Z2Fmai0zcVpneldaaUZCOXBfU0dUNF81VGFXelN6aEJ5NHRXNW5lc25LUzRKdDdfb0sxRTIxVGs2b2Y0X3lqQnp4LTRKUktwSTBocGZKNUtTa0VxYUk4dUdFTTY4RGNqMU95WTdSem9KVEZBVXdhel85YkRMaUdUSEowTG4?oc=5,"Not just PB Fintech, this smallcap stock fell 40% in two days on IRDAI proposals Moneycontrol.com","""(""broader market"" OR midcap OR smallcap) (selling OR correction OR fall OR volatility) India when:1d"" - Google News"
2026-09-25T05:25:04+00:00,1,['market selling'],Business Recorder,"Hong Kong stocks fall as tech shares slide, Trump-Xi summit in focus - Business Recorder",https://news.google.com/rss/articles/CBMiVkFVX3lxTE1FVG9HNWNaSTAtLS04S2VPeDhfck9FeGI3Q3FFTmF0emtkd1VRMVEzRnVZYllOQUFSVGFYUnFxTHNMaEx6dWtIUU1TVk55R19oS2dQcm130gFWQVVfeXFMTUVUb0c1Y1pJMC0tLThLZU94OF9yT0V4YjdDcUVOYXR6a2R3VVExUTNGdVliWU5BQVJUYVhScXFMc0xoTHp1a0hRTVNWTnlHX2hLZ1BybXc?oc=5,"Hong Kong stocks fall as tech shares slide, Trump-Xi summit in focus Business Recorder","""(AI OR ""artificial intelligence"" OR Nvidia OR semiconductor OR technology) (selloff OR ""market fall"" OR ""stocks fall"" OR correction) when:1d"" - Google News"
2026-09-25T05:11:16+00:00,1,['India market'],fintechbiznews.com,FII Investments In G-Secs Tax-Exempt: RBI Takes Measures To Attract Foreign Capital - fintechbiznews.com,https://news.google.com/rss/articles/CBMilwFBVV95cUxNRkhHMUVxbll3RktrQjBhZERGdUxfb2VhSmpDeWxVbXRlbVBLQTZac25wRjZqdnpmdE80N05TTGhod04xSjhTT2xtQ0lzLU50ZFNlVWpycXRCSlpZX0FCX3hXWnhMNjV1bHotY1kxYnlWOUNfMk5EUjFYN0xMSGswb3ZFa2VFM1AwbE9iREFINnRLdDRoaWJ3?oc=5,FII Investments In G-Secs Tax-Exempt: RBI Takes Measures To Attract Foreign Capital fintechbiznews.com,"""(""mutual funds"" OR SIP OR AMFI OR FII OR FPI) (India OR equity OR market) when:1d"" - Google News"
2026-09-25T05:02:30+00:00,1,['market selling'],Business Upturn,"Pharma sector stocks today, September 25: Glenmark Pharma falls 1.94%, IPCA Lab down 1.41%; Zydus Lifesciences gains 1.03% - Business Upturn",https://news.google.com/rss/articles/CBMi9wFBVV95cUxNV09INHhOWk5QQ2ktaW10UjdJc2lvZGZYUFN5SnVKYlpaVEJkV2NiYWpCa2dOOEsxd1JZbHNUTXhmeVlJUTV1WjlmVmxvZWpsSlkweDNuUlJHS0V4QU43YU9aSUFTTGN5YTRITFhfR0xTcVkxa3BVcTNfRG41X2M5VnpTRE1WR2pjNFNvUlQ5aFFsMDZ4Y1k2SGJBRkdDU25KekNrOG56SWtpejlZNDE4MzA0WWkxaVA0UGhpY2NhdVdZbDR4U05xOTRQNUgtRENmdE1GcG83SnNlRnQ1RGxTdFdRUWFpdmowN1ZWRGVCOEZnTFZyZjJr?oc=5,"Pharma sector stocks today, September 25: Glenmark Pharma falls 1.94%, IPCA Lab down 1.41%; Zydus Lifesciences gains 1.03% Business Upturn","""(Nifty OR Sensex OR ""Indian shares"" OR midcap OR smallcap) (falls OR selloff OR correction OR ""risk off"") when:1d"" - Google News"
2026-09-25T05:01:00+00:00,1,['market selling'],tradingview.com,Nikkei rises through the bond shock: is Kospi walking into a selloff after Chuseok? - tradingview.com,https://news.google.com/rss/articles/CBMi1AFBVV95cUxObkRCT3BnampSVmlZc29adUR2ek5zU3M5T1lCanFoLVUwQ0duT2VmNEprd1BuUFozaGNvYks2VHJqb3BuYXliaVVDazVINlhPWXA2XzhzMTVmRG9NTlZjVk5Xa2Z2WDZteWV3TTFKNFl1U0VqUC10bV96SzlFTzRpMkF4elM0MXNqRFpuLUtlWm9wSGxFRkhlTnE3ZGFUQUdRNkNVNDVlQUUyeVFlazJRMS1fT0NVbXhTZmtIWVBSWExrQk5vZXNoWnl6dVM5eks3T1hNaQ?oc=5,Nikkei rises through the bond shock: is Kospi walking into a selloff after Chuseok? tradingview.com,"""(AI OR ""artificial intelligence"" OR Nvidia OR semiconductor OR technology) (selloff OR ""market fall"" OR ""stocks fall"" OR correction) when:1d"" - Google News"
2026-09-25T04:49:01+00:00,1,['India market'],MarketsMojo,Arfin India Ltd Technical Momentum Shifts Amid Mixed Indicator Signals - MarketsMojo,https://news.google.com/rss/articles/CBMixwFBVV95cUxNUGhmOEFIWktMQTQ3bFd5cHBpamctQmNqcjZtanZLbjYwcmdvYmQ0YWFmSDFaR21EZ1lkaERET2d6cHZ2NmhoSVVNSmhFZmIxT2NqVy1CRFJ6OWVDUHFqT3FXb1M5a3VPTDd1X1l3c3FBSHhsaUZmSUVoWXN4RnUteU9OUzhlX1pVWEZ4TmVxS191a3hleHhmc1Q0WEo5a0djZ0ZZWHZvay14TDRRbEFRV1gtYlFBVk5ET2xBc1IxTzdXRzd5T3U4?oc=5,Arfin India Ltd Technical Momentum Shifts Amid Mixed Indicator Signals MarketsMojo,"""(""broader market"" OR midcap OR smallcap) (selling OR correction OR fall OR volatility) India when:1d"" - Google News"
2026-09-25T04:42:37+00:00,1,['India market'],MarketsMojo,Sensex Holds Steady Amid Mixed Sectoral Trends; IT Sector Leads Gains - MarketsMojo,https://news.google.com/rss/articles/CBMixgFBVV95cUxQUy12dzFwTDQwandYWnZXSWF1dHYtV2tyRjhQUXB1Vklyc2I4SklGRnF4bzRyUm43Rm5GWTh2TGotMWFhSVdNZDRBTWxPak1QeWZNaTc0RUlzR2xyMW8zLUYzSVF1NmhOYUZoSFFabERNM1ZnRTlnZWlGbEV0VlJSRHBGc3l5RzBTNXpEc3ZOWEpIR1k4LUhZdk1vNkRrcHhmWlhnTnV4bjNzcXZORFRmQlpLdlNrVlpxRU9NMGdXbnUxTlNQU2c?oc=5,Sensex Holds Steady Amid Mixed Sectoral Trends; IT Sector Leads Gains MarketsMojo,"""(""broader market"" OR midcap OR smallcap) (selling OR correction OR fall OR volatility) India when:1d"" - Google News"
2026-09-25T04:37:03+00:00,1,['market selling'],Seeking Alpha,"Oracle Japan jumps 7% on record Q1, bucking U.S. parent selloff (ORCL:NYSE) - Seeking Alpha",https://news.google.com/rss/articles/CBMingFBVV95cUxQaUtyZmRFUkdsM19YSUhrZy00RW45VXF6cjdXWXNrSkxzNzBvMHlHMUwzRlZlQkNJeWMwMWh0dG9GVWVSSmFZRFFfbTB2WlVISHluSm8xRkwwcVV0UGVwbm54Tk1walpIbUFvYVBTSEdMa0FDRVcyM1NhMHQxeElXdTI4MGthdVZsWXBUMTR0M2d2a2FDTThqTnhDQjZ0UQ?oc=5,"Oracle Japan jumps 7% on record Q1, bucking U.S. parent selloff (ORCL:NYSE) Seeking Alpha","""(AI OR ""artificial intelligence"" OR Nvidia OR semiconductor OR technology) (selloff OR ""market fall"" OR ""stocks fall"" OR correction) when:1d"" - Google News"
2026-09-25T04:34:12+00:00,1,['market selling'],Business Standard,Intense Technologies Ltd Falls 5.2% - Business Standard,https://news.google.com/rss/articles/CBMivAFBVV95cUxOUnFHVDNkVmZRY0xkbjhuXzZKRFlnbTMzV0JhcE5RMlNNY0tncUtzbXpITENZSTJKYldSYnNOOTVsT2ZzZkF6UDZJZnRfbUFuMkhNRmtVRGhyNlMyT3ZxcUxSSGNKNXV2bkJmQWJtbE9HX01PakFud2pQdndSMWFKb0JsaGJiSzY5TWVfTEtOUW1MTnVYRWZnWkJzYm1KNzRmLTlWZ3kzdUczVmFudXk1S09NZWpCbW0wbl96UdIBvAFBVV95cUxOUnFHVDNkVmZRY0xkbjhuXzZKRFlnbTMzV0JhcE5RMlNNY0tncUtzbXpITENZSTJKYldSYnNOOTVsT2ZzZkF6UDZJZnRfbUFuMkhNRmtVRGhyNlMyT3ZxcUxSSGNKNXV2bkJmQWJtbE9HX01PakFud2pQdndSMWFKb0JsaGJiSzY5TWVfTEtOUW1MTnVYRWZnWkJzYm1KNzRmLTlWZ3kzdUczVmFudXk1S09NZWpCbW0wbl96UQ?oc=5,Intense Technologies Ltd Falls 5.2% Business Standard,"""(Nifty OR Sensex OR ""Indian shares"" OR midcap OR smallcap) (falls OR selloff OR correction OR ""risk off"") when:1d"" - Google News"
2026-09-25T04:31:24+00:00,1,['India market'],ET Now,"Nifty IT slips over 1%; Infosys, TCS, Wipro lead losses - ET Now",https://news.google.com/rss/articles/CBMiywFBVV95cUxOVGh6SHhRb3JIbThHZ183eVpOazYxdFVXYnl3YTkxbVFYa0E5aUpodXNzazRna2ItNDBhTXB4M04xZ2djYkN5ZFdnb1hfZGI2R0sxUndVSjJCektJYWlmZk5yTXVLR3pJRzBmWWtteW5Ld19zTlJtdVpsbVdyU3VNbFlHSlJJcGdLWHV3TkhrSnRpUTdQTmVoWHlEN1JQUzVkeEoySVo3VDRMTjQ0a1FSNU5zQVE4R2ZITW5XWldDaDA1MENRcVRmRVRxONIB0AFBVV95cUxQMGRBZXF6anJXZ1dTdy1DdTdZa0MxRTBfYzBTN2k2T0tncGlWSG9qWWozUTdMNm1hSDdmX3pJR0MyQkpUcDBTaXQ5R2JrYjRpaUNiUjhoS2FUWERWblFHcXdJSHdXTzVCWk9qZVpISlVQdzctRndWTkxZUHVHMTlCTzc4MF96ZERsbWk5N2hETGh3YjRBanFlQ1FiRU9lcGRXMjlOQXZFN0RnektVMjFaa3lvWFdqSDkzOUFOUkdrc2gxM3NldTlaTlYyMk5kOXJX?oc=5,"Nifty IT slips over 1%; Infosys, TCS, Wipro lead losses ET Now","""(Nifty OR Sensex OR ""Indian shares"" OR midcap OR smallcap) (falls OR selloff OR correction OR ""risk off"") when:1d"" - Google News"
2026-09-25T04:17:46+00:00,1,['India market'],Business Upturn,MCX shares may rise 11% as Macquarie flags SEBI's FPI approval - Business Upturn,https://news.google.com/rss/articles/CBMi2gFBVV95cUxQVnBGNUw5SmxyamwxcFFxUDNfa2hJR2Y2bnpDZzBNcXBBZF9PY3hWS09hVWxGQ1dzeDJoLVdoZWdsM1ZCOS0wd0tJNy01U21PZVBtYVFmY3ZQbGg3cmlkWDJnaVg0c0VBYlBMX0hJdm1ybVo0UEc2RkhYeVNqYjA4RGJvcHVScjM0eV9fYzNydWpDeDdGUWpic2p0WnpuZHNQZ3VNNVpzV3BrWDhNTVZGQ2JPTmp3ZFo5Wk5uaFBTckpIc3dPTjJva3pscVB0RkVGNUVvdHc0ZlJEQQ?oc=5,MCX shares may rise 11% as Macquarie flags SEBI's FPI approval Business Upturn,"""(""mutual funds"" OR SIP OR AMFI OR FII OR FPI) (India OR equity OR market) when:1d"" - Google News"
2026-09-25T03:53:00+00:00,1,['market selling'],Yahoo Finance Singapore,Asia stocks slip as bond selloff weighs; Trump-Xi summit offers little relief - Yahoo Finance Singapore,https://news.google.com/rss/articles/CBMihAFBVV95cUxPYjF0NXFaQkQxR01KRWNPRTRvY3kyVkN2Y3lyOTF3NDE4bkhySXo2QkZiZzd6NWttLU1wLXZqTWVoMzRYRExrLS1JTzdkeW9ub2lWVUVlQTRUUVVGUHhsWkU3d21rbVRaVzIycmhZb2w3RzB0TUNzQU1pTFhPQ1c2ZGI1THM?oc=5,Asia stocks slip as bond selloff weighs; Trump-Xi summit offers little relief Yahoo Finance Singapore,"""(AI OR ""artificial intelligence"" OR Nvidia OR semiconductor OR technology) (selloff OR ""market fall"" OR ""stocks fall"" OR correction) when:1d"" - Google News"
2026-09-25T03:52:30+00:00,1,['market selling'],Moneycontrol.com,"PB Fintech shares crash up to 7% today, extend yesterday's 36% fall as regulatory worries persist - Moneycontrol.com",https://news.google.com/rss/articles/CBMi2gFBVV95cUxNQ25SZzBnNmJwLTFJVGtjRzdjUWFjUmxSOUJBdkJKVEI4eDROREZxa2x6ZVhzdHVFTlI4VG5BR2dKNTZTVWdmYkp5aDg5WWFad3hSTlBSSXJnWDl4c2tvRGhhSHdwbHFJc01lZ2l4VVRNbmtPX2VSNDZqY2tvYWtfM1IzUzRlTV9hdmhXRm9zN1oxT2p5cnJjcmgtRkU2VmU3c3pWNzZIZ1ZQTnNqMXRFQ1ZHNHZyaHpUTHhTNk5fLTM2UTRWRllFWl9GVjZ3UVFUOW16MTVNYTBnQdIB3wFBVV95cUxQelpvNGgtU0F1M0RJVm00V1hreU1LTWtBUHE3TU8yWHcyLVJwRGZkMDlCSjcyRGJLN1NwaFJtbDVZYzE1dG5CN2NZRU83Wl9YM2lwb09pUmowRWxwX1R1dTk5a0VCZHA2LVlzRzR6WUtsVlFhaDlBeUl4WXltdkU5M0k1dEdsS3BTOXRpTHJKOGlEU1lPdHhGSEVBbzdXcEJXWlFRTFRiUElHZnQ1b3c3dEpRbjZtdFB0VTEwQkY3Z0hOdktNdkZ1cWtHOXdramNBcEpkR3h1S05YZmJ6Uk5r?oc=5,"PB Fintech shares crash up to 7% today, extend yesterday's 36% fall as regulatory worries persist Moneycontrol.com","""(""broader market"" OR midcap OR smallcap) (selling OR correction OR fall OR volatility) India when:1d"" - Google News"
2026-09-25T03:48:21+00:00,1,['India market'],Wealth Awesome,What's Going On With Fairfax India Holdings Corporation Stock Thursday? - Wealth Awesome,https://news.google.com/rss/articles/CBMirAFBVV95cUxOZHRHZTBJZGpqX003Z2t4SzZ2ajJxZUFfWDB4NE9TUU9MVTQ4WTM5c1FZdnhWRnVxbWdmejZGMEdJVkZyVlY5bF9wVUVNQ0xlYmRpTW80Q3RvdDlIVVAySlZZZEhISkJVQUZBVklieEZsRXNaTmNDbmkwdkVFV0VnT0o3T29DV2VINlhfcVFnY3liV29qbGdaRVFJc2hJcVpsMEZZM3FxTEhoazY1?oc=5,What's Going On With Fairfax India Holdings Corporation Stock Thursday? Wealth Awesome,"""(""broader market"" OR midcap OR smallcap) (selling OR correction OR fall OR volatility) India when:1d"" - Google News"
2026-09-25T03:44:00+00:00,1,['India market'],Zee Business,MCX shares jump as SEBI approval broadens FPI participation; Macquarie sees 11% upside - Zee Business,https://news.google.com/rss/articles/CBMi0AFBVV95cUxOa0R0aUlSZUE2ZHR6SWJFQzZwcy01eFVxT3JWdVNuVDRIVS05QmdVR0JvS0NRRHBZeTJ5X29uSDktcV9qaHEwRkZHbFM4bnY4ZS1QRjhaSTdHOHNWNV94LUpGRVBMczdxVm5SRDNqNDdXQ01DY3lycktlYUZUdWxHQXBpYlJwNkpDM3JjXzRCdmNNVEMxT0J6bWs5cGJsT2FOTmdlaTJfMGczMzJfcGF5LXhKa2prQTcyeHphc3ZiRDBFUGIxT2dCUEFRNm92NURL?oc=5,MCX shares jump as SEBI approval broadens FPI participation; Macquarie sees 11% upside Zee Business,"""(""mutual funds"" OR SIP OR AMFI OR FII OR FPI) (India OR equity OR market) when:1d"" - Google News"
2026-09-25T03:01:51+00:00,1,['India market'],Univest,Nifty Mid Select Today: Down 2.21% in Early Trade - Univest,https://news.google.com/rss/articles/CBMic0FVX3lxTE5JVkZFMGVYNXFhdGtzRUdwSnVOTlJrRmtBeDVmaUVJTnhIdUFQUnVld0dDTXJPb08tcjExOHBkaFp2QS16b3JKLWw5RGQ0TTJxbHZTWGh5dTZUNElpNmNoNno0c0FYZ2FVZEdTNnU1V0RNMkk?oc=5,Nifty Mid Select Today: Down 2.21% in Early Trade Univest,"""(Nifty OR Sensex OR ""Indian shares"" OR midcap OR smallcap) (falls OR selloff OR correction OR ""risk off"") when:1d"" - Google News"
2026-09-25T02:50:28+00:00,1,['India market'],News18,"Sebi Board Meeting Outcome: PMS Overhaul, FPI Commodity Access, REIT-InvIT Depository Receipts And More - News18",https://news.google.com/rss/articles/CBMi6gFBVV95cUxQNEJfWHpCYzNhOENJaHFLMy1ibVlLTDI0Zks4NVd3Ti1MQUR1aDZMckl6Z1AxUUZZWGpzOC1mOUc4RnNzcGktOTVXdW90R2RzR0R0cFVxNFpFX0xITUtEZzhiNkhKMDROWk5FS1Q4NmJsUjVEWGVVTGZycGl3M244UDhGUlE5NEpWeXo4TWVLTHNjR2dnQllRQjNGMlljdkVYdE13bTQ1ZXlXUmRuUFY4ejFGZUwwTmJndTNvNTQzalNfTWYwTFhlX3VRcUpvODFZblhsOEFvamlMMEFsVl8yNlNpX3IyZDc2cVHSAe8BQVVfeXFMTW1kSFhSSHpnWEpNSnUwYzNHbDlzcXJXNVJpQmJpWnlUd2xHZTBuUGNKNl96N2JWclBnR3otQUZiU21zMVlBWWdpZFBpN210Yjd5TXJ2U1h3XzFtM3BJUDdmcURFZlpuR1B1cUo5TXhQT3dleDVFMk1ad2twSzVlRmNtTm8yUzhCT3d6ekRMdmVkWWFQYTlKN3BVY0tFWDBqSnhzWWppeXZqa3RRdlVYb2swZnY1Qk40TlBwZXh3eGgxektHUm9tcWM3Ny1xa1BsN3BpLWFIdHNxNzRpOWJWZkRHa1dNU1RCU3dNMVJNX1k?oc=5,"Sebi Board Meeting Outcome: PMS Overhaul, FPI Commodity Access, REIT-InvIT Depository Receipts And More News18","""(""mutual funds"" OR SIP OR AMFI OR FII OR FPI) (India OR equity OR market) when:1d"" - Google News"
2026-09-25T01:58:02+00:00,1,['AI / tech risk'],bloomberg.com,Goldman’s Moe Says He’s in ‘Stronger-for-Longer Camp’ on AI - bloomberg.com,https://news.google.com/rss/articles/CBMirAFBVV95cUxNM2FUbWJjRllNM2xGVFl2WWdNOVlraFFfT2J0SjEtT1NMa3BpYUt2TFZNSjBYdDhxeVF1VDlpUEdrM2Z1V1BIdzU3Q1pBcFh0T0tKZkVWQ2RkSWV3bDI0TElvWjRyWHQ3Sk5fdVVmOWNUQ0pOY0pVMXBZQndtSVlGR0xKV1JaTXZmZlI1V0RLRzdlQTNfWTlnSm9DS3lHbl9uQVNhaGNOR3RtR0VZ?oc=5,Goldman’s Moe Says He’s in ‘Stronger-for-Longer Camp’ on AI bloomberg.com,"""(AI OR ""artificial intelligence"" OR Nvidia OR semiconductor OR technology) (selloff OR ""market fall"" OR ""stocks fall"" OR correction) when:1d"" - Google News"
2026-09-25T01:56:00+00:00,1,['market selling'],CNBC,"Oracle Japan shares surge 7% after record fiscal first quarter, bucking selloff of U.S. parent - CNBC",https://news.google.com/rss/articles/CBMic0FVX3lxTE9zQjZwVGhKUXNUSndKSnk1N1hjT0lFdnpXbGtVcTVsVktQZUpyaG1oNXZlanZta2dNWHFYY0hZY25EMHk2T3R3Q0RxdWFfRGRadTFTaWVvMHFVeHNjMi1sM2R2STdBRklNWEVHWHFjTU9MVWPSAXhBVV95cUxQdFZjQndmTDlMSjBqQWFtbkdCMVk2c0dVVjMzb0N6SGNueUxfVm94QzdnQS0tOTVjd3plUTBXZFVxY2otY3c5ZkgxeGxscDlqLTlrWVBoLXFoN2NoOEE2WFNYSW9KMk5Lc2kxVWtYcWdXWmhXbHhwWXI?oc=5,"Oracle Japan shares surge 7% after record fiscal first quarter, bucking selloff of U.S. parent CNBC","""(AI OR ""artificial intelligence"" OR Nvidia OR semiconductor OR technology) (selloff OR ""market fall"" OR ""stocks fall"" OR correction) when:1d"" - Google News"
2026-09-25T01:08:13+00:00,1,['market selling'],Stocktwits,"Why Did CRWD, OKTA, NET, PANW And Other Cyber Security Stocks Fall Today? - Stocktwits",https://news.google.com/rss/articles/CBMiwAFBVV95cUxNZVl6dzN2SnpGRzlRc0U2NVZxdHhNS1hzSnkxajdQMjloTUw5LWoydl95czQ2YVIwaFVCQXBuMU1Hcm9vT1I5OFRKdy05RDhrNm9GU0RtU2ltbnBvby1RVWpCX2VaNWwxb291OWJmOFIyNlhMM3VXNGcwV2NnR25BQ0hjOGFGTC1CUloxc3BobDdicU4xV3NFb1MzVldMaEV4dEhOV1hfZnBMV1c2cC1wVDZZUDFPaFJxNGlDYjlrQ1M?oc=5,"Why Did CRWD, OKTA, NET, PANW And Other Cyber Security Stocks Fall Today? Stocktwits","""(AI OR ""artificial intelligence"" OR Nvidia OR semiconductor OR technology) (selloff OR ""market fall"" OR ""stocks fall"" OR correction) when:1d"" - Google News"
2026-09-25T01:07:39+00:00,1,['India market'],News9live,"SEBI overhauls rules for bigger FPI participation in commodities, widen investment avenues - News9live",https://news.google.com/rss/articles/CBMi2AFBVV95cUxQTDR2OEE0bE8yTk9LdFlhUjhZTDdSWWEwTW1XTEdfQm43Y2d5R281d1VFbnZWVjlqUy1tNmRJQnNYMG5JZFlxVVNfZ0RESjdPb0VIZnhFMkVDMFBMcjJEN1RRU1ZIVHBSUzFNYy0yZWVRUlQ0Ujl5THEyc3UzYjJIeDBSSTExZzFtbXlEamZjQnBpeEZCMTlhR1NiSEJ6NWp3VGNzSkpSSl9hM0hwb3JHRFA2X2llMlM0MVR0ajFtSjJoWXVQcTlFeEVHQlNBY1J6OGk1Vjh6UzDSAd4BQVVfeXFMTXU1Y3pDZXhhMEpseGRXaFF0NWZ1UDNFMWh6dzV5MUdMemRKVkFheUxtY0tybkRRaUFtUHZ5UVE0QVRaVnMweFVCU0k0cnBfWENFWmRySFRUcWtTa1dxZ2FXdF8zenVsTV9BUFI2M2RZWUlnV2dKV2FZb3VWeTdoTkdTVEFYaTl3UjlUSG9PNmRrZ2R5MnZhcm5mQXhRbUJ2X3F1c3E3SUVUZWctTDV5RnUxRXlUWXQxXzJ3TUpTb1JUSnhudnM3MWE0dGRDZmRzZFhsbkd0WHZIZGZKMHBB?oc=5,"SEBI overhauls rules for bigger FPI participation in commodities, widen investment avenues News9live","""(""mutual funds"" OR SIP OR AMFI OR FII OR FPI) (India OR equity OR market) when:1d"" - Google News"
2026-09-25T00:42:21+00:00,1,['market selling'],Stocktwits,Duolingo Stock Heads For Worst Day In Months As CEO Flags Slower Growth — Retail Calls Selloff ‘Stupid’ - Stocktwits,https://news.google.com/rss/articles/CBMi0AFBVV95cUxQank2bUhPUi1Gd0pCUXZVZjVfVWpib21GV2VLWF95Z1JUTmY2VER1NWlZT2dQdnItak13SExnbEF4M3p4cEprcGx2S2N2NE40SkxndVdIeWpydFhMWGRoQ0dlSTVoR0phbm55Wi1CUnhWb1d2c0dvZ2x0LVFlemxrYkV1Z2wzZ3pTaXMtN0ZScGU3cnIyYXZleXZwX21OMDhLUERwSlU3U1F6aElBcG9rS2JuRWpDT01nZFp0a3MxQTZZVHpPYTkzTlRhalRqYzRf?oc=5,Duolingo Stock Heads For Worst Day In Months As CEO Flags Slower Growth — Retail Calls Selloff ‘Stupid’ Stocktwits,"""(AI OR ""artificial intelligence"" OR Nvidia OR semiconductor OR technology) (selloff OR ""market fall"" OR ""stocks fall"" OR correction) when:1d"" - Google News"
2026-09-25T00:00:00+00:00,1,['market selling'],bloomberg.com,"Watch Bond Selloff Fades, US-Iran Said to be Exploring Phased Deal, Trump-Xi Summit - bloomberg.com",https://news.google.com/rss/articles/CBMiiAFBVV95cUxNUjA4bFkzUk1sSDdtM3lKN2NDZTVDT05tZjBFN1pkdmRVV19sVkNCZHhqRWVTTEdkcVVrVW8tZ2FaaTI0ZjBpeFFJR3hoQ0Q0UEZYRTMzR2U0enN2T1hVUnlLdjc1RHdnbFYtRFdSR0tQcTF1UXVPRjZWR212ZUJyakFQRGxVMWp5?oc=5,"Watch Bond Selloff Fades, US-Iran Said to be Exploring Phased Deal, Trump-Xi Summit bloomberg.com","""(AI OR ""artificial intelligence"" OR Nvidia OR semiconductor OR technology) (selloff OR ""market fall"" OR ""stocks fall"" OR correction) when:1d"" - Google News"
2026-09-25T00:00:00+00:00,1,['AI / tech risk'],bloomberg.com,Watch AI Boom Can Withstand Higher Rates: Goldman's Moe - bloomberg.com,https://news.google.com/rss/articles/CBMipgFBVV95cUxQWExPTVNOMU1fQlo4RWlJZWRheTNYbXBIejU1eXZZd1pjR0xOVVZGVC1LVGRFTFl3QWpSTjBjRlM1NG4tM3I1V2lHSkdLNEdwaTI3MGhJak1TdS16c3YxYWpPUUZkQmt1MkxDdmdRS21zeFlEcXFCMGtVYXZuMWlVaEUtRWlKdVFlYTd1ODVsVlNLaHdxOWFlYnZ5eDd5dkpzS0tqbmV3?oc=5,Watch AI Boom Can Withstand Higher Rates: Goldman's Moe bloomberg.com,"""(AI OR ""artificial intelligence"" OR Nvidia OR semiconductor OR technology) (selloff OR ""market fall"" OR ""stocks fall"" OR correction) when:1d"" - Google News"
2026-09-24T21:19:00+00:00,1,['AI / tech risk'],Quiver Quantitative,Why Tower Semiconductor Stock Is Falling Today - Quiver Quantitative,https://news.google.com/rss/articles/CBMihgFBVV95cUxNdDBvTTExbnJTeFl0OUpNUmxJOHV3cDBnVHEya0h2SVRuanNSb19RXzBuZVRhTUx3NTM5RTF4LUhYTmZTLVFYQllocFZwQWtGVWxkNGdPeGtyR0IwN2RwdE8ybzBHXzRTMk1RY2JkOHlLUWRnS3ZEYmJKbkh0M0hQRUxqM2hDdw?oc=5,Why Tower Semiconductor Stock Is Falling Today Quiver Quantitative,"""(AI OR ""artificial intelligence"" OR Nvidia OR semiconductor OR technology) (selloff OR ""market fall"" OR ""stocks fall"" OR correction) when:1d"" - Google News"
2026-09-24T21:10:04+00:00,1,['market selling'],bloomberg.com,US 30-Year Yield Hits Highest Since 2004 as Bond Selloff Deepens - bloomberg.com,https://news.google.com/rss/articles/CBMitgFBVV95cUxQdEFpMWlQaUVHX2JoQnVVRk5MUkI5MWN0cjB4ZEQ2WHZRdjM3ZTk2WnlISDlpQ05PaW5pQ1B1OWNOREdxNWRvcFZUeVp2MzA0WnFBY1R6SHFBWGlRZkg3VXhyV2J3ckt6dnJuZU1EYVczV1V2R3NXOUVUVDVGN3lDWWxDQU1TVHdMbHhHWFVTbmw1Ujd0c1pheTE0VUFZZHpVSkdjSWN0Mll3TDlCWjJXNnZlSUVCZw?oc=5,US 30-Year Yield Hits Highest Since 2004 as Bond Selloff Deepens bloomberg.com,"""(AI OR ""artificial intelligence"" OR Nvidia OR semiconductor OR technology) (selloff OR ""market fall"" OR ""stocks fall"" OR correction) when:1d"" - Google News"
2026-09-24T20:54:49+00:00,1,['market selling'],Capital Brief,Global bond selloff deepens on inflation worries - Capital Brief,https://news.google.com/rss/articles/CBMixAFBVV95cUxNSlFQZzBkUk1oXzV0X293VjZLOU1RSVl1Q2Q3YmIwSEFWZ3Jldm9uVV8yVjdxTGRhZGpFTndsdnozSXZiMTJYb2RyOVlTcXd5Tjl1VXY3M0VZZl9DVjFtRnh5ZTM2b0ZHVWcwOXEyRnYzRDRvcW95VWJDdDhZMW5aUG5mb3ZiaHJsZGhTNjQ4SG9qWEFxRFpmcHBYZVc1bjhqd1MwYmpQX1VZbGpxakhneDNJcG9BZDNVNk9vbXdYa21NZThF?oc=5,Global bond selloff deepens on inflation worries Capital Brief,"""(AI OR ""artificial intelligence"" OR Nvidia OR semiconductor OR technology) (selloff OR ""market fall"" OR ""stocks fall"" OR correction) when:1d"" - Google News"
2026-09-24T20:44:01+00:00,1,['AI / tech risk'],The Malaysian Reserve,Basecamp Research raises $140M to advance AI-designed therapeutics - The Malaysian Reserve,https://news.google.com/rss/articles/CBMirgFBVV95cUxOYU5BbmZkZy1waFBXWUU0czYzM2hiM2p3Qnc5akVCY00waGNRbmMwMEI4MzNUVGdDTjA4UE8zbFczRWNwcV9vTzJvMFVMSXhmZENPR29ONFVCWi1iMGtPbmNLZV8zbHZiZUFVZDY0RHFuUnRtQmllWUZNWWxkbC1HY3dkZHp4RnQxU0I0QXVqS3VxenByWDRfYzhENzBkX3dVcXlSQjQxNmgwMV9XQ1E?oc=5,Basecamp Research raises $140M to advance AI-designed therapeutics The Malaysian Reserve,"""(AI OR ""artificial intelligence"" OR Nvidia OR semiconductor OR technology) (selloff OR ""market fall"" OR ""stocks fall"" OR correction) when:1d"" - Google News"
2026-09-24T20:22:44+00:00,1,['India market'],ET Now,SEBI committed to fast-tracking FPI onboarding and streamlining access: Chairman Tuhin Kanta Pandey - ET Now,https://news.google.com/rss/articles/CBMi6gFBVV95cUxQcXlqSnE2V1ZFdWNadHptbVI5b1VpM0FtRzdfMW96Q3BzV3JFWkJOYXVnWE92NmY0NzVJXzlqUWFvUkNPSUR0WTFLaWtOMFRVSkVrNG1ic3c0S1RlV0prbTNqTHVnenAwOUZMWlpkdlQyWVlBeFF2UC1ZU01wUV84Y2l3Z3VwU3JrX2xhTFVNcWdkdmJqTGNFSFRiQUxyVnF5TnRLV1NZSGxuOEc2RmtISjhTYy14ZW5TZ2czNGNDLU5FajFIM1dKTkVVQzc2MEo4cTIxcGZ2WV85VG94RFR0eXhYbmYyZE5pSHfSAeoBQVVfeXFMUHF5akpxNldWRXVjWnR6bW1SOW9VaTNBbUc3XzFvekNwc1dyRVpCTmF1Z1hPdjZmNDc1SV85alFhb1JDT0lEdFkxS2lrTjBUVUpFazRtYnN3NEtUZVdKa20zakx1Z3pwMDlGTFpaZHZUMllZQXhRdlAtWVNNcFFfOGNpd2d1cFNya19sYUxVTXFnZHZiakxjRUhUYkFMclZxeU50S1dTWUhsbjhHNkZrSEo4U2MteGVuU2dnMzRjQy1ORWoxSDNXSk5FVUM3NjBKOHEyMXBmdllfOVRveERUdHl4WG5mMmROaUh3?oc=5,SEBI committed to fast-tracking FPI onboarding and streamlining access: Chairman Tuhin Kanta Pandey ET Now,"""(""mutual funds"" OR SIP OR AMFI OR FII OR FPI) (India OR equity OR market) when:1d"" - Google News"
2026-09-24T18:18:19+00:00,1,['India market'],The New Indian Express,"Sebi board approves slew of reforms; widens investment avenues, FPI access - The New Indian Express",https://news.google.com/rss/articles/CBMixwFBVV95cUxNZEtXUWppbG1qYjRTa0VtNl96QmJCTk5YRE5oRFg1QlJTUFliZ1M2dU5jVmxsaURrTEttSTlHSjBoX1lPem55d0g4STV6ajdGbDAyNFNTZDBpMWozS2tfZWd3Skl2SlV4UjMxZl9lZlRmTGtFMmRtc2toSkx0RkxVMzhablROcjhoQlZwdWVJWmd2RE1MMm5RQTlabV94Wi0xazdCZEp2SVpOQk9KZFd3SDF2TkhwNkl4UGhwcWVZYlZ6LVpkd0JB0gHUAUFVX3lxTE1hY3U5Q042SFM3bmpfdGZnZF9xV2FiMnM4Wmp6OTFwM3gyclRVTGM5ZXUxbGdWa0dONzJkcmNGTWJ4NmRTMkNoZW80WWk5SE1SWXBlRXJsNk9tVkRiYzNDNUMtYmRteVoxek9PSDB4TC0yNV9PMV8tLTM1cnc2LUxLUFF5bko2Q01lSnhSNU5Vamw2bnVRaFZRU3dlY0RlcG8wOW1UZktTRHd2VDk4Z0tId1VEY2hHVl95UEI2TGNCdFNFRkdBRFZISEtPZVlNWTBtQkd2?oc=5,"Sebi board approves slew of reforms; widens investment avenues, FPI access The New Indian Express","""(""mutual funds"" OR SIP OR AMFI OR FII OR FPI) (India OR equity OR market) when:1d"" - Google News"
2026-09-24T18:11:41+00:00,1,['market selling'],Stocktwits,"Nasdaq, S&P 500, Dow Futures Crack On Tech, SpaceX Selloff: Why SPCX, TSLA, INFQ, MU, HOOD, ADTX Are In Focus - Stocktwits",https://news.google.com/rss/articles/CBMi2AFBVV95cUxPR09MeVQyb05DcnZrUzRLQzlPSldDUFJrcTRPYWFLckRYOVJpd2x4VW5SUzJERjgxaGJpSUo1RFRsWW1fUVdPeXdWR3hsQXNCOXlKNjczRzZiRkRLZFV3RlFXWHBtMXFnNWtCSXdnY203ZmFZRXVMQjNTeHVZRmpuSkM4WEFSOXhzYmFUZjV6QUNRcXhOWEphM2djeC1zWGRDT0NvU3F2ajA1T1dCcEZlLWl1R1l2bHpIZ1BNOElTOWxMcXpwMGxvVXk4RFNDeE1zc1BIeW1CNXE?oc=5,"Nasdaq, S&P 500, Dow Futures Crack On Tech, SpaceX Selloff: Why SPCX, TSLA, INFQ, MU, HOOD, ADTX Are In Focus Stocktwits","""(AI OR ""artificial intelligence"" OR Nvidia OR semiconductor OR technology) (selloff OR ""market fall"" OR ""stocks fall"" OR correction) when:1d"" - Google News"
2026-09-24T17:42:21+00:00,1,['India market'],MarketsMojo,Grauer & Weil (India) Ltd Downgraded to Sell Amid Mixed Financial and Technical Signals - MarketsMojo,https://news.google.com/rss/articles/CBMi3gFBVV95cUxOZWtLZVFNQmswbWdiR0ltZ0JSVDBYNWw5ZThoOWtZSkF1WE5HUVltdTJlNGNlMlZqN3pJOTE4V1dXbktCV2ZzWGZ6a3dSQnk3QkJzd1JGbVdaVXk5cWZzTEhaMG11bzJiVE5MVF9FLS1NdEY2T1VVREtmeEdjYXNKOFZUbnhJVWNDNXRfeGp5QzVjWnRNMzFxSlR2eV93eWFhdjE1ZGFoNmRUdnZZdk9JWk8yZjZBVUY0ZVdrRnFIeGVDSzNpWkZDWV8yclNfN25fZ1JaV3o2aTBXTE4tbkE?oc=5,Grauer & Weil (India) Ltd Downgraded to Sell Amid Mixed Financial and Technical Signals MarketsMojo,"""(""broader market"" OR midcap OR smallcap) (selling OR correction OR fall OR volatility) India when:1d"" - Google News"
2026-09-24T17:41:00+00:00,1,['market selling'],Business Insider,The bond turmoil is ratcheting up calls for an imminent stock-market correction - Business Insider,https://news.google.com/rss/articles/CBMiowFBVV95cUxQMEJXaU5xYXltR0hudlAxV0FMdXZoZzFRYVFBdWJ3elFULXplZm0zUjBmVWRxR21QWTJ5bFZVTkItLUM1WnA5NDZ1UjVNSW12VXhxRzltNTk5M1FGQnJjY1l5eGJOMVh5ckpwUDkxU2lnQTFHVkRkLTNXZkZha1VTSWNhUGdUa0FjbnlVbUV5Z29TRndWMnNTTEljQXcxdzJNLVRz?oc=5,The bond turmoil is ratcheting up calls for an imminent stock-market correction Business Insider,"""(AI OR ""artificial intelligence"" OR Nvidia OR semiconductor OR technology) (selloff OR ""market fall"" OR ""stocks fall"" OR correction) when:1d"" - Google News"
2026-09-24T17:13:31+00:00,1,['India market'],Moneycontrol.com,FII/DII Trading Activity - September 2026 - Moneycontrol.com - Moneycontrol.com,https://news.google.com/rss/articles/CBMiYkFVX3lxTE56cE9YY19Lc2pZMXo3SjNmMWd4VlVVOE5xTERzQXk3N0NvMUxraDI3TDhUekdPc2FCM1ZFT05hWTRRTi03TUQxRk9IeEFCa1cwVHM5S01USGdnSFEwbHZMV0xR?oc=5,FII/DII Trading Activity - September 2026 - Moneycontrol.com Moneycontrol.com,"""(""mutual funds"" OR SIP OR AMFI OR FII OR FPI) (India OR equity OR market) when:1d"" - Google News"
2026-09-24T16:31:30+00:00,1,['India market'],newsable.asianetnews.com,"SEBI, RBI working to make FPI onboarding 'as fast as possible': Pandey - newsable.asianetnews.com",https://news.google.com/rss/articles/CBMixwFBVV95cUxOdDFta3NINzlMOXVzdE9xOEJhX0NVX1FEM09KQXVlTFREY2NuN0ljcDFNOVhKMDltTTZMZk9xaG9UYjVjU2ctOS1nLVJZMGE4dHZ5RVdNLXFHOE15c0ZCYWlpQVdzdy0zaUc5RTd3UWszalQxdEdmU19TYXQzTmVITUprOE1JNmlYVGJ4NlZ2cTBpaGVQc2pkZGRTVW5GMjNyQjUxQzRNRXVYalFHYTNPMGxNaFJXRDl2VnZ0bVg1YjlxeXV4OVY40gHMAUFVX3lxTE9GaWZfTTd6bWhuOHhsWEJhc3BJS1FJTGwxMEdHa3JBRUNTRjBQOHlkN1l0WjlINlpSZFV5MlJFX0ZTYVNlb281RXNoeVNmeUhZU2MtYmtzWm93MDVTeWstTmFFMHE5QXJEWmVXNFZBZjZFQ0pPY0JlQ0NFclpEN1JpdjdZbW02c1Foc3VrTy14MkJXMEFlOEhHWi1NUTNFY3h6T2NMS0dMZFlnYTdHU3d0RUEtbHpOenA0OEllWm1ySThoV3dWdlVyaUJBaQ?oc=5,"SEBI, RBI working to make FPI onboarding 'as fast as possible': Pandey newsable.asianetnews.com","""(""mutual funds"" OR SIP OR AMFI OR FII OR FPI) (India OR equity OR market) when:1d"" - Google News"
2026-09-24T16:16:58+00:00,1,['India market'],ET Now,"Stock Market Crash: Why Sensex Sank 1,200 Points As ₹10 Lakh Crore Wealth Was Wiped Out | ET Now - ET Now",https://news.google.com/rss/articles/CBMi3AFBVV95cUxNd3piUlVBUUV0NzIxRnFYYUlZcWY4RlM2bEJhMnJfVGlxRFdRNDlpQjBYS1pqM0hwUnEzZzlTQWJ5bnlUNHFtaEllR01CNTVQLWl1ZFZ1d0tEV1NwQkRKUVZXelZKbVhtQl9HNHE0SFZjTmxtX1V0amdpWjRKeUNzblpleEtJVWtMQXNpeW9GSnRqWHVocVk5U3JKeXFtLWVlWEFhLTFBczl6SjZVUnlwM29fYzVIc1I5ZVRXTUs0VlFYZHdTQ1NZZGF2MnE5cVhDaDVzc3RtbG5XTWNV0gHcAUFVX3lxTE13emJSVUFRRXQ3MjFGcVhhSVlxZjhGUzZsQmEycl9UaXFEV1E0OWlCMFhLWmozSHBScTNnOVNBYnlueVQ0cW1oSWVHTUI1NVAtaXVkVnV3S0RXU3BCREpRVld6VkptWG1CX0c0cTRIVmNObG1fVXRqZ2laNEp5Q3NuWmV4S0lVa0xBc2l5b0ZKdGpYdWhxWTlTckp5cW0tZWVYQWEtMUFzOXpKNlVSeXAzb19jNUhzUjllVFdNSzRWUVhkd1NDU1lkYXYycTlxWENoNXNzdG1sbldNY1U?oc=5,"Stock Market Crash: Why Sensex Sank 1,200 Points As ₹10 Lakh Crore Wealth Was Wiped Out | ET Now ET Now","""(""mutual funds"" OR SIP OR AMFI OR FII OR FPI) (India OR equity OR market) when:1d"" - Google News"
2026-09-24T16:11:00+00:00,1,['market selling'],Kalkine Media,Is IonQ (NYSE:IONQ) Rewriting the Quantum Error Correction Playbook? - Kalkine Media,https://news.google.com/rss/articles/CBMiwAFBVV95cUxON0hqeGVKZ3Zpa1J2ZmRRaWlTNWIzdUppelkwd2loUTVtcFdUY2tqSkJxQnVFWk5uajJGT0toMjVIUFlOWGg2LTRLUEY3c1V4MjU2YVdsVUJoemRBMmJLNGVTMlNwZlJLWjl0VGZJZ1hYRmQtZWpvT0l3UnVtTFJyX3p0LU5qdHVubE5PNEZfMVZXaHpBanpVcXZYSmN6T0pKZzNrTnpKYlhQdFc0NmZnLTMtOUJVWVFmZ1NVV2RJWkQ?oc=5,Is IonQ (NYSE:IONQ) Rewriting the Quantum Error Correction Playbook? Kalkine Media,"""(AI OR ""artificial intelligence"" OR Nvidia OR semiconductor OR technology) (selloff OR ""market fall"" OR ""stocks fall"" OR correction) when:1d"" - Google News"
2026-09-24T15:58:00+00:00,1,['India market'],aninews.in,SEBI committed to fast-tracking FPI onboarding and streamlining access: Chairman Tuhin Kanta Pandey - aninews.in,https://news.google.com/rss/articles/CBMi4wFBVV95cUxOU1VMa2hnckcyM25WTnhlcEVVenBsWDhHZjFta05vOHZFci1Mazh4NUtkRG1PZU51NWVJMTZtWXM5X1VBN3VhUWM1YmxJRThneTJVckRCN2x2OTVNa2FFY1gxOWp3YThjeHh4Z3NoM2RfNUdUbGpTUllkWWFvSTZQZl9CTzlRaEdYWnAydTljdzliVXBMa1FXSE9sTUFFSmZocXRsNUR3Y2psWXRrMVphdjN1aTFaM2IyVFNLY3Y3WTBFcHNMMHQ4N3U3TTByQ2g1LTZmQ1FDMUtabnkwV3VEcnJwWQ?oc=5,SEBI committed to fast-tracking FPI onboarding and streamlining access: Chairman Tuhin Kanta Pandey aninews.in,"""(""mutual funds"" OR SIP OR AMFI OR FII OR FPI) (India OR equity OR market) when:1d"" - Google News"
2026-09-24T15:53:38+00:00,1,['India market'],NiftyTrader,"SEBI FPI Commodity Derivatives: Wider Access, ₹25 Lakh PRIM Route - NiftyTrader",https://news.google.com/rss/articles/CBMihAFBVV95cUxNM3BlRTBCcWdhLTZWSGN3ay1PZ1NlUW1fVUFnYWFTRU1vWG11RGZ2Rm10YVI2OEtYNURUYVpyZ2lScW4wbm9iZmg1a0MwTUlFT2lxY1U1OHJUeDJxVkJESU1va2EyOWYtYlZLZm9NTi1kNlZoVEVRbWswSkxGc1htSV8tNkU?oc=5,"SEBI FPI Commodity Derivatives: Wider Access, ₹25 Lakh PRIM Route NiftyTrader","""(""mutual funds"" OR SIP OR AMFI OR FII OR FPI) (India OR equity OR market) when:1d"" - Google News"
2026-09-24T15:20:01+00:00,1,['AI / tech risk'],Phys.org,AI can help correct medical misinformation—when it uses the right tone - Phys.org,https://news.google.com/rss/articles/CBMic0FVX3lxTE44VENMeVplbmtxcmlvanYzdE5ob2Npb0pVVkhEV0g2ZDRETmdCQWRXXzc2cEVhbW1UcmJPSVF0NFdMZ2NhU2dyRkoyXzJianR6X200ZTFFNWRtWk93R3k5QllIbXdaS3NFY1J4Q0V2RWt2Ukk?oc=5,AI can help correct medical misinformation—when it uses the right tone Phys.org,"""(AI OR ""artificial intelligence"" OR Nvidia OR semiconductor OR technology) (selloff OR ""market fall"" OR ""stocks fall"" OR correction) when:1d"" - Google News"
2026-09-24T14:59:12+00:00,1,['market selling'],livemint.com,Financial stocks lead correction as insurance overhaul plan sparks fears - livemint.com,https://news.google.com/rss/articles/CBMi2gFBVV95cUxQNjFNdFEtem9ZdFMxWjNyZTVaaHRTcGwxYmdJMVd6UmxUT2RFQ2FqaTZjMEI5RVdKZmRHTUhqWTRYQ3VaZlpscG54dlpnWUVpUU0wZHJPaEZNYTV6anJjYm05djRlVXhLVVR2cVF4TTdQN1NWNGdaSzBzbGdSRHM4bHU5VTN2TGxaSUU2TzNWUWwtS2EwVGl2amxMZEFiU2lSbVdKcGEwWFpMNklqQkNDdHFPVGRSVi1WZUI5Yll1RmZfWHpQMU5hTmRIeDdmTl9Ma1k1dVVqZFVtd9IB3wFBVV95cUxPT2FiNFdsMC1sd0FlWWgtRzNwc19KTEF5OUtDZHBzRmo3WG43SDh0Vk15SzFsc0FMYkI5UGcyLTdLdEdzeXgwYzdEbktvZERPdUkySWc4VTk3R2N4VTFqZExqYlZNaHV3ZjRMNnlHelFjU1JNWFptNUs5LTdPYXd6WkViOWZTbEZmVUVkcmVUNjlNaHFnYmJxMW1ySnItM0g3eEFlS0R4VWtCVzNBQXZMTk1SeFdMby0wbGlyS3phdDlkMlBUWWVZYTNGSjMwUDdEM2VMZ3pVTXU1OWt0Wkpv?oc=5,Financial stocks lead correction as insurance overhaul plan sparks fears livemint.com,"""(Nifty OR Sensex OR ""Indian shares"" OR midcap OR smallcap) (falls OR selloff OR correction OR ""risk off"") when:1d"" - Google News"
2026-09-24T14:50:01+00:00,1,['India market'],IndiaIPO,SEBI widens FPI access to commodity derivatives; delivery rules laid out - IndiaIPO,https://news.google.com/rss/articles/CBMiqwFBVV95cUxQV1dTdXppMUczU25mOTJLd3ZXbVNrLW94OGJDWUVJcjFYazdzZzlGb0JrMG52REpManA3Vy0yS3hhOGRNTTNjbUNBRV84bmwtdnBGZXcyYUpfaHQ4MUlXZmtWOWVWeTBBRkFPYUxXZVlKTDZMcGU2YVpVSnJXOXlON0RXNHlMWF8yYjlEcXhjbDlwcF9MQ2tWUTdjN0hEMXhQZUVtc2xmWU5Rczg?oc=5,SEBI widens FPI access to commodity derivatives; delivery rules laid out IndiaIPO,"""(""mutual funds"" OR SIP OR AMFI OR FII OR FPI) (India OR equity OR market) when:1d"" - Google News"
