published,score,themes,source,title,link,description,feed
2026-09-18T07:07:00+00:00,12,"['AI / tech risk', 'market selling', 'India market']",Univest,Nifty IT Stocks Fall on AI Rotation From Wall Street - Univest,https://news.google.com/rss/articles/CBMilAFBVV95cUxQdzRxR0NERy1MRmtzZFgxTmgwMllBZDFJV3NRSG5qY3NiMWRkZzFsMWhPZDBBZTR0UHIzS3VHSXZ5RVpuVFFIZXgzOUhLRHRFV2c3YUxGdVgySE11Y1hHTUtHaHlaaXV4NGlnODk2ZUZuMWRlYXVRRFRlVms2VkVGN0d6RnppTm81N1FzdUQ4anJDZnJ2?oc=5,Nifty IT Stocks Fall on AI Rotation From Wall Street Univest,"""(AI OR ""artificial intelligence"" OR Nvidia OR semiconductor OR technology) (selloff OR ""market fall"" OR ""stocks fall"" OR correction) when:1d"" - Google News"
2026-09-18T06:39:07+00:00,12,"['AI / tech risk', 'market selling', 'India market']",financialexpress.com,"Nifty Falls 11% in 2026, But AI Midcaps Surge 60%: Inside Goldman, Chris Wood’s next big bet - financialexpress.com",https://news.google.com/rss/articles/CBMi1wFBVV95cUxOOTFUeUs4TXFOaFk5eG5lVkxzbkYzcjNaVGFDQjl5SXppeG41R2dwLXdNZFJkX21zNVRjTDBBZHVNaUFGVjczMV9XWE5YdnY2ckZDTTFjSmIwYzkycm9mcUFGWVpMVGVZZ3ducHhNWFBWa3VIaVZpY2ZGczF0aTYyWm5sUjFGQ1VuLWR0RDdrdXhTWnFnWHdWbUxta0tqRVY0NW44MjdIMFc3anpGd3VTZEIyWDJxYWxmMnhCZnRfSHp3LVY0czdGMW9WcWxiUkNPdkM4RXpvVdIB1wFBVV95cUxOOTFUeUs4TXFOaFk5eG5lVkxzbkYzcjNaVGFDQjl5SXppeG41R2dwLXdNZFJkX21zNVRjTDBBZHVNaUFGVjczMV9XWE5YdnY2ckZDTTFjSmIwYzkycm9mcUFGWVpMVGVZZ3ducHhNWFBWa3VIaVZpY2ZGczF0aTYyWm5sUjFGQ1VuLWR0RDdrdXhTWnFnWHdWbUxta0tqRVY0NW44MjdIMFc3anpGd3VTZEIyWDJxYWxmMnhCZnRfSHp3LVY0czdGMW9WcWxiUkNPdkM4RXpvVQ?oc=5,"Nifty Falls 11% in 2026, But AI Midcaps Surge 60%: Inside Goldman, Chris Wood’s next big bet financialexpress.com","""(Nifty OR Sensex OR ""Indian shares"" OR midcap OR smallcap) (falls OR selloff OR correction OR ""risk off"") when:1d"" - Google News"
2026-09-18T06:39:07+00:00,12,"['AI / tech risk', 'market selling', 'India market']",financialexpress.com,"Nifty Falls 11% in 2026, But AI Midcaps Surge 60%: Inside Goldman, Chris Wood’s next big bet - financialexpress.com",https://news.google.com/rss/articles/CBMi0AFBVV95cUxPUFVwbldpMGZCbk1WS0FhMWpIX3lkVV9jVlQtWV9wNVlLaTZKOTlhVWhUam1BVVU0MmxydlRGdFBxZWFPdmJHX2MyNEM2VEpDcjFtMTNxWWlXNGtVckpUWGt1QlZqN1ZsSzFmeEZaWlEyeEVwak45UmxGVnZFNmFXaGNjSTFTSmVyMDhIQ2xjVkJmWS15dWZWM0ctUjdHbVpmRGJrMVhtM2xTRmpkc3piSEdOWFBtVlE1UnA4NDN0dTVFZzI2TGRaQW1HLUh5WDYy0gHXAUFVX3lxTE45MVR5SzhNcU5oWTl4bmVWTHNuRjNyM1pUYUNCOXlJeml4bjVHZ3Atd01kUmRfbXM1VGNMMEFkdU1pQUZWNzMxX1dYTlh2djZyRkNNMWNKYjBjOTJyb2ZxQUZZWkxUZVlnd25weE1YUFZrdUhpVmljZkZzMXRpNjJabmxSMUZDVW4tZHREN2t1eFNacWdYd1ZtTG1rS2pFVjQ1bjgyN0gwVzdqekZ3dVNkQjJYMnFhbGYyeEJmdF9IenctVjRzN0Yxb1ZxbGJSQ092QzhFem9V?oc=5,"Nifty Falls 11% in 2026, But AI Midcaps Surge 60%: Inside Goldman, Chris Wood’s next big bet financialexpress.com","""(""broader market"" OR midcap OR smallcap) (selling OR correction OR fall OR volatility) India when:1d"" - Google News"
2026-09-18T03:51:00+00:00,8,"['market selling', 'India market']",India TV News,"18 September, 2026 Stock Market Updates: Sensex jumps 260 points, Nifty above 23,300, TCS falls 3.34% - India TV News",https://news.google.com/rss/articles/CBMijwJBVV95cUxNX200MVR4dTEtTW83ZWd0WVhyN2Y0cXNZdTlfSWhXV05mUkFmaXkteWp4NXdzdUlEOVU4Nm9WaEFFcjFIMkkyUEl6MkNxMVRnODFRZXQ4MXUxU01Dek11YXUzMFUzRlN1WTVSZ0tHX2l4MTJCZzlRaVNuZXkzT3NZV05BM0lWdU1IMHM0MkZ2Z0pmMzk2S3dYYm55YmhlUWFDMVBBNnBYYXlKcTVTMWtJVkk5dEluUmotTGdCdV9ud0VGS3l0eHlZN2hEeE5iOFdNbllUOW5YRFZGMTJiOUkxQWdBUXEwakd3Nm9SXzBFRkpPeEt4NUZlQ180NEkwS3Mzd3p4aTdtbl9ZSkpndDE00gGUAkFVX3lxTE1BZFFJbVd6VXo4ZmhqZWJtSElzeDlJNXMtNksyTEVtQUJDbjU4M0pOMHROZWNhME9uN0FZeHBXSFU4bVJQUkd6ZXlaT0lONW1PMGhaN1dKcUV6RjN6dGNfd2FhVkRDUE5hczlISm5wYUc3Z1RTZXIweXRPaDRkNzNsbWhKVEwyLTRVaG4xZXp3WnhsVWlhUmVUdDNhMEhrblpJQmI4YnU2T2ZoOG5MajJhanZlTkxJTUFKSm1YRUlnc3Y1Zld2OGFFamNsZHZKUTc4c1Z4VHcwYTlLTkU2RFExeWZlX3BpZHJDQ3FmMTV4MVJIMkR1cnI2cUhKMDZ6emdNQm5GUHpZX2UyeGktQ09nbTZUTQ?oc=5,"18 September, 2026 Stock Market Updates: Sensex jumps 260 points, Nifty above 23,300, TCS falls 3.34% India TV News","""(Nifty OR Sensex OR ""Indian shares"" OR midcap OR smallcap) (falls OR selloff OR correction OR ""risk off"") when:1d"" - Google News"
2026-09-18T10:06:38+00:00,7,"['market selling', 'India market']",ABP Live English,"Stock Markets Close On A Muted Note, Sensex Falls To 74,294, Nifty Ends At 23,346 - ABP Live English",https://news.google.com/rss/articles/CBMiyAFBVV95cUxOOG9yYVdTS2J3NmcyZURfOTM2UWxyVk8zVFBGS2pFS0dubnh4V2tEMnlkazBlUERhQ1pMLUZFYlozeXRadk52YUt4bXhvQ1lZbzJFNmpQNXAyN3lfWXVzWUU1Ni1LNXZWY21jalZiTnRWWW1CMllBMW5MRFZhWnBmT2pGNndDellaemFyMUVrc2lwRWdzSUx2VkpFY193UkZyYWlmM1pzOUZEZGxWVVNlY0hXVll1RUJJUkt1RVpiQm45QVBUNUNyNdIByAFBVV95cUxOOG9yYVdTS2J3NmcyZURfOTM2UWxyVk8zVFBGS2pFS0dubnh4V2tEMnlkazBlUERhQ1pMLUZFYlozeXRadk52YUt4bXhvQ1lZbzJFNmpQNXAyN3lfWXVzWUU1Ni1LNXZWY21jalZiTnRWWW1CMllBMW5MRFZhWnBmT2pGNndDellaemFyMUVrc2lwRWdzSUx2VkpFY193UkZyYWlmM1pzOUZEZGxWVVNlY0hXVll1RUJJUkt1RVpiQm45QVBUNUNyNQ?oc=5,"Stock Markets Close On A Muted Note, Sensex Falls To 74,294, Nifty Ends At 23,346 ABP Live English","""(Nifty OR Sensex OR ""Indian shares"" OR midcap OR smallcap) (falls OR selloff OR correction OR ""risk off"") when:1d"" - Google News"
2026-09-18T04:50:33+00:00,7,"['market selling', 'India market']",hdfcsky.com,India VIX Falls 1.55% to 12.09 as Nifty Gains 0.20% - hdfcsky.com,https://news.google.com/rss/articles/CBMixwFBVV95cUxNN05IRC1qTUlCRDlmTXhheTlRdWZUel9QcXpiVWdCSHVqUE5adDlReXdnYjljaGFSTkstQ24wWTd1RWVoTHpiczF1ZmJwLURrd0NwUzlwMjU2aS05UkZWSUdlUHR5QUxqa21CRXoxbkVTM0ZWS3otWGVEREppQko1amg3TlJKNktpRFhqWG9nOUlQYlJhd3pjNWxkb3NqOVNqM2dwU2lXbzdzdV9rOEFRQzFuSkVpdUo0SzNrZFJtTlYwM0hxeFNv?oc=5,India VIX Falls 1.55% to 12.09 as Nifty Gains 0.20% hdfcsky.com,"""(Nifty OR Sensex OR ""Indian shares"" OR midcap OR smallcap) (falls OR selloff OR correction OR ""risk off"") when:1d"" - Google News"
2026-09-17T18:22:45+00:00,7,"['AI / tech risk', 'market selling']",The Economic Times,Global Market: Japan’s Nikkei rises 1% as SoftBank rebounds from AI selloff - The Economic Times,https://news.google.com/rss/articles/CBMi4wFBVV95cUxOQ3J6Rm83dmdPRGZTSjVDWEtBb3NmdmlqWDhyM3RqQk5WaVNDaWlZWE9QUVdqcXJjQTJUcXdnVE9BNER1QlpOaWpVaXF5SEcxVnlBSkc2dUF1bVhVQWk2V1JQVG1YRUtTWnp4Z0NSY1YtcFlEWldwRWUzTmRtWGpJM1FWTkVLU0tFQ2JwWWU4dDZTZVlQclNlSDUzQ0x5bEU5OV9DbW4yZDB4enVXNERnTGpqUGp6VFJ4VkVrVFE3QmVSVHpmTGl0RlZSQTFaOGlob19Nckk2MHpmOE9Kc3g3Zl9yb9IB6AFBVV95cUxPZ1B5Y1lndlNYZkk2Y0xoT0VlQ2F5aDMwTHluQVdpWElNTExlUUREUWliOTE3MXJPZ1FGTnQyNFhUSWdyVzlPTEp0cmtaOEtndV9pR1A2VUpLWXNNUXNMYXlfZ0w2aW44eW8tMnBDZXFNcS1XVWVrXzllbnpNTmFtN19Vcmx0cnE3YXgzTE5CSk9UWG1fVUg1cDR6NTZ6MGhvOTlKNktTYm9SVDNBcFVmOUNZUllnNkd1RF83a2JfWUhhNkllcUs4MzdZQkpuSUE3RUd2dHZqZWJ3SVF4d1RNSGIxRnl2VEtT?oc=5,Global Market: Japan’s Nikkei rises 1% as SoftBank rebounds from AI selloff The Economic Times,"""(AI OR ""artificial intelligence"" OR Nvidia OR semiconductor OR technology) (selloff OR ""market fall"" OR ""stocks fall"" OR correction) when:1d"" - Google News"
2026-09-17T17:52:34+00:00,7,"['AI / tech risk', 'market selling']",BW Businessworld,"Microsoft Drafts AI Rules Requiring Models To Accept Correction, Shutdown - BW Businessworld",https://news.google.com/rss/articles/CBMitwFBVV95cUxNZFl0OEVGa0c1RDNwSlpVS1l6RHFxaElMNHhrWXUzbzNicGJLaVVyLWRMcFI2RlY0cEc2LUlUdktlLURxU0pZMDE3NS1ZNHo1QUhxa0llZGxjcDhYdVRuU2pIUk9adjJmVk1BbFVsNWl5dlZaU3JsLW5tWWcyUGthWmhfUUhCQ3l2YzlNTlJObFZkeDNxVmY1QklDSmtFclFwSEZDd2J5NUNJVFgyV242QXIxak4zWjQ?oc=5,"Microsoft Drafts AI Rules Requiring Models To Accept Correction, Shutdown BW Businessworld","""(AI OR ""artificial intelligence"" OR Nvidia OR semiconductor OR technology) (selloff OR ""market fall"" OR ""stocks fall"" OR correction) when:1d"" - Google News"
2026-09-17T17:43:10+00:00,7,"['AI / tech risk', 'market selling']",Pluang,"Oracle's stock set for 50% gain despite recent selloff, driven by massive AI backlog and strong cloud growth. - Pluang",https://news.google.com/rss/articles/CBMinAFBVV95cUxNSE1nTllxbjJZc3RUeXFSNG5LSXJCX1EtMEV5ZWFEZEtESXpSdHNoVkQ1OURoQmJKS24teTU1dGZDMWlHdkw1ZENIa0dPWmFKY3JfNnV0YjNSaTYxSVpxUVNVcGdRbXdmazhOVE1XMTVsSk4xR0EtMTljYnhDb1BNUXNvQlNoU3haVVBpMlR5czhKdmViV2d1cDhqaW0?oc=5,"Oracle's stock set for 50% gain despite recent selloff, driven by massive AI backlog and strong cloud growth. Pluang","""(AI OR ""artificial intelligence"" OR Nvidia OR semiconductor OR technology) (selloff OR ""market fall"" OR ""stocks fall"" OR correction) when:1d"" - Google News"
2026-09-17T15:04:19+00:00,7,"['market selling', 'India market']",Goodreturns,"D-Street Bloodbath: Nifty Crashes 500 Pts, Sensex Down 2.2%; HDFC Bank Falls 5%; Why Is Stock Market Falling? - Goodreturns",https://news.google.com/rss/articles/CBMi0gFBVV95cUxPbl83MmNpN3o2NEo1US05b2FPNlBrMU5SLUp4NmJEXzZySDhQSU5KTTBTRG5xbVZ0U1RUZVVBZHdEc2czdnc0VjVIMlh2NDRIVnNWSkFzUTZ4OGJQV0pSY1VaWXNkUTlQM2ttOU51R1ZSR0dyTHhYRUZwNzRHR016aU8tRG9iMEYzQlVTNHNuc3U4UFk4RzY0ODNQSXMxU25uUEdrX0ZjdDFYSWw0NExCeEFBQ2pFNnphS0pGWHoxY01QN3lwajNUeTZMSDN5b0pTc0E?oc=5,"D-Street Bloodbath: Nifty Crashes 500 Pts, Sensex Down 2.2%; HDFC Bank Falls 5%; Why Is Stock Market Falling? Goodreturns","""(Nifty OR Sensex OR ""Indian shares"" OR midcap OR smallcap) (falls OR selloff OR correction OR ""risk off"") when:1d"" - Google News"
2026-09-18T12:20:19+00:00,6,"['market selling', 'India market']",Livemint,Midcap roller-coaster: Sharp falls of over 20% can happen once every 4.2 years — here's what you need to know - Livemint,https://news.google.com/rss/articles/CBMiggJBVV95cUxObUwyMmdiOVNxbzlET3QtV1lKNGhfU1E4clFTSU9nMkRXYW5lRUExTG9QRW5RWko4UkRoT0ROUHNEcGNscS1HOVFxUzdHenJxLU4za1czOS0yOUF4QXlRbVExNDBsU0FheHo4Nk1FM3ppZ3pTSlZmTkhyUEtHVHJPTjViVEs4bURHRmlJSEpBVk0yVndDV01FU2luWVFjSkJ2VV9YY1NKdVFlUHZfZVNGdE5VUng5Z1oxTHpRV0RCZU1PNjVQb1F1S3R2S2hwMGNVMHNsbjZCcDE1NzBtQV9INVFUVTBtNXFxcjdpbWhxRmJWcFBiM0NQY3BkOHhGZDktT1HSAYcCQVVfeXFMUEpaZHhzTEdBeFpqMGQyQ1ZDSmdRWVhPaXVTZ0ZjMkVwVGVmaXpIcF9jb2dqMUw0bFVRUnRUYTg0YkVQT1UtVUZVdl8xZTNweDJaZk1USl9MOXVUM3g4RWVXWGQwZUVYU0lCZ0d4NmJadzFrSlNFajJWYUVWVTVFZ3E1d1IzTzc4M2dMQ1o3d0FhX0tFOWc0UEc4eFlEcjhCQ1Z5NHJJVTlQNzZocHJMUXB1UzU0TjkybGpFS2RlSmVMYVF6c3IzQkZDRDN1Ny11NFM3bWU4b0VWb2V1eHVvanVYbGtla0FwNEVkY3pDdkdfa1NHNFU0UE4wcllzS1NpS0FhaVlvcTg?oc=5,Midcap roller-coaster: Sharp falls of over 20% can happen once every 4.2 years — here's what you need to know Livemint,"""(Nifty OR Sensex OR ""Indian shares"" OR midcap OR smallcap) (falls OR selloff OR correction OR ""risk off"") when:1d"" - Google News"
2026-09-18T08:41:13+00:00,6,"['market selling', 'India market']",ET Now,"Nifty 50 Outlook: NSE benchmark falls 4% in 1 month - What drove the decline, and is more pain ahead? - ET Now",https://news.google.com/rss/articles/CBMi4AFBVV95cUxQcTJJd3JVUXV5eGctN2N4RFdqZUdLVWNSMHVqWThXRWg3UzRjbHNoMk84bjFISnZBU25vVGFpVnBNMDQ2dmpNaGNVakJhZlJxZWxJc3YyTF9RcnEzcHNpUkhjd1NzN3E4Y01UZ3kzNDk2UGkwQ0h0M3lTTmE1YmFoOGlCWnhRYURJMmZoM0E5ckN2aWttYVE5NGtuSjctZXJWRWlzRV95RGtJd0dUQ0NPd1RFMm9VQldVSmpMU0Q3VVpfU2RjNU53aFE4S3ZQZlNLOTQza1A3OHRCT09vMjNNadIB5gFBVV95cUxOa0wyS1d1SGhpRGJPbFl3c3JLZ1Aya05TQjByWUtfbW9pT3FGdDJfYjRsUXhEVXFTNDZNbDVJQUJKNE8zNGdXbEFsQXBpcEl0bkRVZ3gtS0k1UTFnTzdGMFFDR0N1cmRpdGRLMVNGWVVmRGxqekktOWEyQnI5VEM5dFdlazZxaDlWeVNaTE0wVTFpRlJveXBaNDM3bG5DN1NQMHJyVnVJNXpDZDNkb3dzMUlnal9kWTU1Y25NMmxxVTFGZEs2eUZDMXJjY1pjM2tLOExWRUtjZFdkUVRfcjJiTkdjb3VoQQ?oc=5,"Nifty 50 Outlook: NSE benchmark falls 4% in 1 month - What drove the decline, and is more pain ahead? ET Now","""(Nifty OR Sensex OR ""Indian shares"" OR midcap OR smallcap) (falls OR selloff OR correction OR ""risk off"") when:1d"" - Google News"
2026-09-17T19:24:32+00:00,6,"['market selling', 'India market']",MarketsMojo,Coal India Ltd: Valuation Shifts Signal Renewed Price Attractiveness Amid Market Volatility - MarketsMojo,https://news.google.com/rss/articles/CBMi4gFBVV95cUxObjl0UExKRnYzTFVNMnp3aEFlQzZ3cVVJV3JHc0dnbmdxMVhUclh6dHNEbzRzeVVUMWlPbzZrUG1NTUFsRUw1UURPZ2VyNXVIRTRCV2swN21BbGdjXzhoV0NNdGlrNjkyeHRCS0xtT2F0RHd4dDF3WDRZdUNQT256WnFXSjlXVS1rQVF0N1ZCSnNlRkFtT0hfcTFqVktrX0s2aDlCejhxWDFrR2xwMGZOaWFLZHRWTW1qelhCY2F3RF9pVmJrNWJOSVFyOEdYOEUtbGFraEVvZldWR3FVMC0wMWJB?oc=5,Coal India Ltd: Valuation Shifts Signal Renewed Price Attractiveness Amid Market Volatility MarketsMojo,"""(""broader market"" OR midcap OR smallcap) (selling OR correction OR fall OR volatility) India when:1d"" - Google News"
2026-09-18T09:16:59+00:00,5,['India market'],ET Now,"Mutual Funds in India: Mutual Funds News, Mutual Fund Investment, SIP, Best and Top Mutual Funds - ET Now",https://news.google.com/rss/articles/CBMiT0FVX3lxTE5XaGRoVVRGZThUR211cmNGclBPWGFRQlBNTjVCMktfR1B2Rnc0dHYtalJuak1tOVAxNG5paUFjdlBmakVZM2NFVXZGQUxxaEU?oc=5,"Mutual Funds in India: Mutual Funds News, Mutual Fund Investment, SIP, Best and Top Mutual Funds ET Now","""(""mutual funds"" OR SIP OR AMFI OR FII OR FPI) (India OR equity OR market) when:1d"" - Google News"
2026-09-18T00:00:00+00:00,5,['India market'],financialexpress.com,The ex-Goldman fund manager building India’s new mutual fund challenger - financialexpress.com,https://news.google.com/rss/articles/CBMixgFBVV95cUxNczk4RlR4OW1wSlFZR1VnM3FvUGpuRUI5Tlh3dEsyMHVoYUNPem5XUlpoQW44dmlOSW5oZ0owSE90N0dPS2RKY0loRU5yYTRBZHpzd1ZQYWIyRzdXNUVxT0Q1Q04wcWxId2k0RW9QTmE3S1Z2LVVBem9yeWc2eDBCTVk5Y09BYkpiekRvWmxPbjVZX2N5RWx0VnVYZkoxeDdDdktERE5DX3pINnVISzFhTlVoamQ5RThfSFV2UkpvelNHb2RHdnfSAcwBQVVfeXFMTWxRZXJkYlYxaGFDTm8zOWlKaXF5RVZCYV9lTnUzQ2tMZ1cySWxXR3oxaE5aNl8tRmEzR0VvRFlWWnJNZzBKeUh3bXdiaERBMlFTSjhaTm9DdW9RRHV5U05aZUdhZTlfN2d4dkZzS2x3d2QwbThHU2VDODctZ0VSSUVVYkEtbk00QnhianpHTzE4YnBsbjlPSG91Y2hqRTdWLWdWRlU5S0RKelZfQnJ1Ny01X1R5Z3E0bTYta1dyc2ROWXRmNW9uRkxhU1Y5?oc=5,The ex-Goldman fund manager building India’s new mutual fund challenger financialexpress.com,"""(""broader market"" OR midcap OR smallcap) (selling OR correction OR fall OR volatility) India when:1d"" - Google News"
2026-09-18T09:36:40+00:00,4,['India market'],Moneycontrol.com,"3-year SIP returns remain subdued: How 11 equity mutual fund categories performed over 1, 3 and 5 years - Moneycontrol.com",https://news.google.com/rss/articles/CBMihgJBVV95cUxPa2Z5eUFHemN5aW5aY1ZxVnBIU0h3c0hNZGFGeTNncm9ZaVN3RGRZQ3pHaVBFcTZ5WmlpMHpNVXNKZEE1dW9wcjBlbkNidmZ0VGgyaTFDUHBva2MzOXc2eDQ3dTdTdzZueUo2RmoxZ0FBcVdGN2Nqcm14U1Y4WVVLLWhxcFZuT1dRcEJkaUdud1lyWmpybHRrMGJDZi0ydkVGQjBIZnJSbTJyaWk4NjhYbmNtT2xZRHNVMDRnWU9qY3FOY0hfdmpCdnl0eGZTWHctYnBpVTRSaWhrY3kzdjVyU0tjSTgwb3hHRUU1QU1oRnk0bDhnS1lFLWVxeENpSE1XcGNWWUlB0gGLAkFVX3lxTE1aaUhlWHZsODMtalJMTzYtUmdpNVR5cDYydUJKdTJrc3gwSjBTc1VjYzVadHMtSjNFOHRTRlpqNG1PbEFZM3FpdFJxbEdGU2cyenZDeGlfdkFuem9IZHZnSDdCQ0VvdTNnaElYbnZFa2VJcmZ1TGNkTjdhYkZsazF4OTQ3MW1iM2VlOWN1d0pBaVpqbUJPMWppTDVkOVZ3MElUTWFqczNVUWVha3RacWg0c0g2X3BnZkYzNXNyWVBlakRvdlZBLWJoX0dRV3VqQ3VrenNyUW1WN3AzN1FqYmV0bHEteFpCSVFfTGl6RUNRLXNBSFl1YUNKbEduWURmRXFJQnJIUkktZm0tdw?oc=5,"3-year SIP returns remain subdued: How 11 equity mutual fund categories performed over 1, 3 and 5 years Moneycontrol.com","""(""mutual funds"" OR SIP OR AMFI OR FII OR FPI) (India OR equity OR market) when:1d"" - Google News"
2026-09-18T08:57:46+00:00,4,['India market'],The Economic Times,"SBI Mutual Fund: SBI, RIL, HDFC Bank among top 10 stock holdings in August - The Economic Times",https://news.google.com/rss/articles/CBMi3AFBVV95cUxQU0RwYlJmSWFWT2t3TXNhWXQwd1RFSEp0R25BQktZZ3FXNktkUkFEMzFVc25UVVo0YjlzMFdXTmJDaHFRZGpneE5Gd3pRUVMyRUptZ1JQVDJ5QV9nNTNEbi10U0tHUFlMa3pKR1hBNkQ2SUpYLWxVdUNVTm02Q0NoeHVNX19KVGdtVTY5UHEyMm42T3BiTUdhcWt0bFg0NzN3MDQtbDQyLUp6RWoyWGRLZVI0WnFSaGYwS0FFQ2xvX3FKN21fUEZGWTNNd3hqZnN2aktJMXJMZEhGMW9B?oc=5,"SBI Mutual Fund: SBI, RIL, HDFC Bank among top 10 stock holdings in August The Economic Times","""(""mutual funds"" OR SIP OR AMFI OR FII OR FPI) (India OR equity OR market) when:1d"" - Google News"
2026-09-18T07:58:19+00:00,4,['market selling'],Business Today,"Gold, Stocks Or Mutual Funds? Investment Strategy For Retail Investors Amid Market Volatility Explained - Business Today",https://news.google.com/rss/articles/CBMiiAJBVV95cUxQM0FXZUthOGMzYWo4dXdDN1BYZUFsSlRzdW9DRENKX2k2VllmaUtILTRTcHFGdFVTZzh1WVU5N0paWlFFT1RXSDh0WmZsWGN4aDh5OXFvd3laeU1kMVFMRFZOV2VmYnBRUVVQaVNadFBkaEdDa3NORjN0bmRfM1cyNWs3YnljZWJrczh1U2ZYbXNsVEV1RVc1YUFFaG9sbGhQM0NURU15ZEYwQU15S1YyZVNvbkszRW9ySHdxU3g1bXhhLVdmLUdLWUNYN21lYnhrN0dJNk9wTUdwZ2JGVUZNc0cwbE9YQkl1dUZVX2sxTldNOUUyYm81aDVDcGR6c1hYczNfTEVJX3jSAYgCQVVfeXFMUDNBV2VLYThjM2FqOHV3QzdQWGVBbEpUc3VvQ0RDSl9pNlZZZmlLSC00U3BxRnRVU2c4dVlVOTdKWlpRRU9UV0g4dFpmbFhjeGg4eTlxb3d5WnlNZDFRTERWTldlZmJwUVFVUGlTWnRQZGhHQ2tzTkYzdG5kXzNXMjVrN2J5Y2Via3M4dVNmWG1zbFRFdUVXNWFBRWhvbGxoUDNDVEVNeWRGMEFNeUtWMmVTb25LM0Vvckh3cVN4NW14YS1XZi1HS1lDWDdtZWJ4azdHSTZPcE1HcGdiRlVGTXNHMGxPWEJJdXVGVV9rMU5XTTlFMmJvNWg1Q3BkenNYWHMzX0xFSV94?oc=5,"Gold, Stocks Or Mutual Funds? Investment Strategy For Retail Investors Amid Market Volatility Explained Business Today","""(""mutual funds"" OR SIP OR AMFI OR FII OR FPI) (India OR equity OR market) when:1d"" - Google News"
2026-09-18T07:37:41+00:00,4,['India market'],The Economic Times,Lenskart and Paytm among 5 midcap stocks bought by mutual funds in August - The Economic Times,https://news.google.com/rss/articles/CBMi3wFBVV95cUxNSk1yZjllQkNhd1FPUWQ1UGhvM21XQ0dLTjc3MTBDY0RNRDQybjdPT1p6c1huUGJnU2pFV0l4WURKUDZtWUFEOGFhbnZtT3QzdUNIWUtjTG9wd2NSQ195SDBGdFJ6MlZIMVJOOEJGUUw5bmVkZHA2RW0tMUlJSWlCT2llU1BiYUF3bmpKcDBwcHlBUDNRZ0ZLMm1RckdnMTM0RThzRjNfZnVsUnpCdnc1bl9aRElnRXFZY2E0VHFQWDU3TlJlaWhHUndKMm56bExTMTM2SGFCZ3pxblZYeFJj?oc=5,Lenskart and Paytm among 5 midcap stocks bought by mutual funds in August The Economic Times,"""(""mutual funds"" OR SIP OR AMFI OR FII OR FPI) (India OR equity OR market) when:1d"" - Google News"
2026-09-18T04:47:45+00:00,4,['India market'],The Economic Times,3 smallcap mutual funds returned over 23% in 2026. These 5 stocks feature in all their portfolios - The Economic Times,https://news.google.com/rss/articles/CBMi_gFBVV95cUxPbmdKRlMzVmV4ODVSU0RVYWx5NmdIQWZIMkI0QXh3WXd2ank5VjVPVi1iSzFrYlEtcUl6bXlzYkxNSlZORTVHY0xjUDRjRnl6ZmI4UzFBNGhocGJWUUg5TmIwZGllNUJ0WU5ScEIybmRJMkJNaEtlYW84OWxzOS1IcnVKV0luRm9ORG5DUFFDbl9hMTh6dkw3Y2plSC0zOVpmZ0pxalBOT09KMFNTdmFheFdnZmU5OXlsYmhKTHVPRmtMUUJGcGV6WXdZZTN6UGliYS05czFkT01UcWozNlEyLVBCSlcxQjNsNEktUjFqRjZEN0g3YTdyeGNVWUk3d9IBgwJBVV95cUxPSVNPVF9oWGc4YmtVbGJjY2oybkl6MVBRdFlJVzNZaE5LdnV3NDBtODRldlBhLUlvaGZTUHpzdlRRQmZJQW1kUWxrdVh5QlFKWklrOHhsSnlNM2xWYUQyR3M4VGFoRGkyWlBaSlZqN1QzWE5ZYXg4cXlKSnV5UWM4Y2VfMFoyY0ZVQ0g5R0szVUxSRERoWFdkZWxpSlh6SzM4RWNvTUtxeHdGdnBZaW5mU0EtRkFoMmU4QWFpeUVBWlNwYXBET19YYm1uQ3dtTGE5RHF2cElHaXQwdnZrZHJKUjhKNS1mZGNOZzdDWjlwQU95RmxUT1FqM2tlM1k4UDZ5QXRv?oc=5,3 smallcap mutual funds returned over 23% in 2026. These 5 stocks feature in all their portfolios The Economic Times,"""(""broader market"" OR midcap OR smallcap) (selling OR correction OR fall OR volatility) India when:1d"" - Google News"
2026-09-18T03:06:27+00:00,4,"['India market', 'macro / flows']",Zee Business,"Nifty Outlook: Anil Singhvi on support, resistance, crude oil and FII selling - Zee Business",https://news.google.com/rss/articles/CBMivgFBVV95cUxNeTlPU2VwdExrLUJwYTRyXzl5bThHYWhMaGVJbDlaUU9SV3NRX2VobmJPZXJhbjU2Z3pYa1dJUVVVcXBaM2Y5cnY5QUxrSWxNbFRZMlh3QnhfMlhlTExpYlZMVEtmdXdmWWhGd1A0b3hFWlVaYzNPc3IyNFFQYWhHcHdvaVN5VEIxTDBFWldVVC01ZVpxaWNCaEJuVmdYaUJ1U1lIZDUtME1ab1l1aE9VRmhTNm9DaWFlSlNFZFVR?oc=5,"Nifty Outlook: Anil Singhvi on support, resistance, crude oil and FII selling Zee Business","""(""mutual funds"" OR SIP OR AMFI OR FII OR FPI) (India OR equity OR market) when:1d"" - Google News"
2026-09-18T02:19:12+00:00,4,"['India market', 'macro / flows']",News18,"GIFT Nifty Signals Positive Opening For Sensex, Nifty; Crude Oil Retreat, Global Cues In Focus - News18",https://news.google.com/rss/articles/CBMi3gFBVV95cUxOd3gzNFJ6NWJ6OFVQVDdSZm95MmFYVldCQWtnWUIxSU5QNE00QlptSERKdjNuc0pXalBUd0xSbWlwd3IyVVF1ZklVME5heTlhZldadlRlWlY3SXMwWmU2NEtNOTRRcmtpcG1uOEtQOV84Vm9ybENVWkYtQkdRa2pjaWRIaW1BV0hvLVdKc0l0djI1U2EyOTFDdENsY3BwVjhWeWJhcDNTQV9NWUxab3VQVEdUV1prSDNWUUxRNjU3b1BONWRHSG1uV0gwaXJ3TnBoWXF1MGNWNGJSYTVSc1HSAeMBQVVfeXFMUHhBSzRtMm56TkVJVWFZWkF1QTRQZ0NnMHVCNng3SVg4UXJMeUhFTUJqX3dSX0VhbUlxUlNLVmlXenZMeDRncWJaQjFXYkNCcVd4aG5oMS1CdTJFeUpTLTZISmZHeWNjZktaMmFfSFJXdFhaQ1JjU3prVVR3OFlZOWdTU3djdEpldFRfZnZaZ1NHVlR1UUFvZDVwYUFYUFJURGFTUXl2dVBNMGR6X05nY3BFR01lZk01VUNnVFEtMDdFQ2htVDlreC1TbWVoTWpQcjVOZ2dkYWN1ejVtVDBvTUxVajA?oc=5,"GIFT Nifty Signals Positive Opening For Sensex, Nifty; Crude Oil Retreat, Global Cues In Focus News18","""(Nifty OR Sensex OR ""Indian shares"" OR midcap OR smallcap) (falls OR selloff OR correction OR ""risk off"") when:1d"" - Google News"
2026-09-18T00:30:52+00:00,4,['India market'],Livemint,Mutual funds are avoiding big trades in India's new closing auction — here's why - Livemint,https://news.google.com/rss/articles/CBMimgFBVV95cUxNMThJTm1Cell4UW12a256a3NTbDlaWlZqR2kyTXlTSlFWdTBMb0JTZXFCbkl2OXlOdDh1RUNWYjJHQkJ3MEE5TFlqTU1ub1hTUFZpMXBQZ3hNaWVmN1lDaEc3WkhFRHFlTHc4VmhudTZ0WHRuNll0WnFva0xIVnRoTXZrZ2NzSkdtNlBVR1BMdDdSNTJhWndhVGlB0gGfAUFVX3lxTFBDWmhiUm1pdHZtXzItVUpFQ05lT0NnUVV0Y2tlRjdpcXMydWpld0I5QVppT1g3cU5pUEVVNVRmVnJFNjdaOWxQT05WUkdMbjJZaTBNUlNlM1poaW5LLWRHYkI0UnE3RVB2eDhGQkRhWmRHY0dlbGVDeEl3RjNPZ2dKRm5CdERBb0hjNFdPV0lha1huaFZEalBzTGczeGFyVQ?oc=5,Mutual funds are avoiding big trades in India's new closing auction — here's why Livemint,"""(""mutual funds"" OR SIP OR AMFI OR FII OR FPI) (India OR equity OR market) when:1d"" - Google News"
2026-09-17T17:21:00+00:00,4,"['India market', 'macro / flows']",WION,"Fed hikes rates to 4%: Why India’s rupee, FPI and stock market face pressure - WION",https://news.google.com/rss/articles/CBMirwFBVV95cUxPYVhaZGxHTXBDMjJoelBvaFRTVWQ3MUFtdnoxYWdkcktsMlpZdzNWS2gwb0kzd3VPeHl6bzlhQmJVdGs1XzFtYi1EbXU3NDFQVjFRaUYzdjVDaV9pWEJLcWxDRGFjckNwUWxiSHJVOWw2UlpubmF5MFlSOXFCOFEyWVQxbmkzOV9TUEFIZHBoSGJFQUJXd2dQbXNYN2szZzhLQ21rRS1oTXJfNFNzNGsw0gGvAUFVX3lxTE9hWFpkbEdNcEMyMmh6UG9oVFNVZDcxQW12ejFhZ2RyS2wyWll3M1ZLaDBvSTN3dU94eXpvOWFCYlV0azVfMW1iLURtdTc0MVBWMVFpRjN2NUNpX2lYQktxbENEYWNyQ3BRbGJIclU5bDZSWm5uYXkwWVI5cUI4UTJZVDFuaTM5X1NQQUhkcGhIYkVBQld3Z1Btc1g3azNnOEtDbWtFLWhNcl80U3M0azA?oc=5,"Fed hikes rates to 4%: Why India’s rupee, FPI and stock market face pressure WION","""(""mutual funds"" OR SIP OR AMFI OR FII OR FPI) (India OR equity OR market) when:1d"" - Google News"
2026-09-17T15:06:01+00:00,4,"['India market', 'macro / flows']",IBTimes India,"Sensex ends flat, Nifty gains 0.23% as investors assess US Fed policy outcome - IBTimes India",https://news.google.com/rss/articles/CBMiqAFBVV95cUxQc29GeTFoNlBuM2o2WlVlUDg5TFl6TjZhX28zdVh3eEFWLVVpZEMtN2thWWd6VU9VNDJqaWtUR3VWdjBhZWZsNXhqWUFGQThSWVFSTDNZYjNOWEFNWDJ2YWdHTXdOMkV2WFpaaFRHZ2hfNG9kNXAyZWt0d0dVYWpGWG5wLVFGZnlWT2txNTBXYnhLR3FTSHlEM2pmd1hrNERPMlRpZGhjenY?oc=5,"Sensex ends flat, Nifty gains 0.23% as investors assess US Fed policy outcome IBTimes India","""(Nifty OR Sensex OR ""Indian shares"" OR midcap OR smallcap) (falls OR selloff OR correction OR ""risk off"") when:1d"" - Google News"
2026-09-18T12:52:11+00:00,3,['India market'],IBTimes India,"Sensex ends marginally lower, Nifty gains 0.33 pc as broader markets outperform - IBTimes India",https://news.google.com/rss/articles/CBMirAFBVV95cUxNSVhNRFBtRXFDaDVmUHR5MENPQjlseUEzZTNRMlhLbVQzamU2SWVTX1dJanltb1dsazhTcnZqQ3BycTI0RkNwV0VGS0lvZEl0NFVySzByalZyeGE1VkJzTGtjeXNfVUozTkZYUFFlaS1iaHR5ampVLTFvWGJ1cDBZSFo1UURTMmEzZjd4NEZra0hPNWJSRXVPaFFvZUpFWEYxZ1lwUFNhVFRKUmxz?oc=5,"Sensex ends marginally lower, Nifty gains 0.33 pc as broader markets outperform IBTimes India","""(Nifty OR Sensex OR ""Indian shares"" OR midcap OR smallcap) (falls OR selloff OR correction OR ""risk off"") when:1d"" - Google News"
2026-09-18T12:07:14+00:00,3,[],Nairametrics,Best performing Equity mutual funds in Nigeria as of August 2026 - Nairametrics,https://news.google.com/rss/articles/CBMiowFBVV95cUxOb01VcDRqT3YwXzUzdGlKVTJZb2NGbUdKb2c5czJTNlVNUGxLT3RRQWpmdUZyaGhFZWhwVEZQb3pzUHFTeUNLX3dlOEhSTmVHWm9MYXhSOTlKOHVvRVozdEM3ZVZfNUhzUWN1TGh0NjczemxkUEhjSlFFYnl6TlkyWGk3blp1U3RFQ0JZRkpIY2pDWHlaR3BsTlk2aGtsUFNwVmI4?oc=5,Best performing Equity mutual funds in Nigeria as of August 2026 Nairametrics,"""(""mutual funds"" OR SIP OR AMFI OR FII OR FPI) (India OR equity OR market) when:1d"" - Google News"
2026-09-18T11:50:37+00:00,3,[],SMEStreet,"Tata AIA Shubh SIP Combines Wealth, Protection and Retirement - SMEStreet",https://news.google.com/rss/articles/CBMinwFBVV95cUxNa3ZnTWNsMmp0THpNdnc5SW5FUHJ6V1NPYjM2aEZLckItekV5aHc1cV9jdzNiTXJ4OVlCcWw1a1VaRmZua1NuTldIaXhoeHNCRDcyMFJwN1N0REVxSldsVHBwUjNkUzBrNkNEZDUtN3VnV1NyVHhWaHBwRFI1Rk1ZaGd6TElreHdqc1JWYV9CbkhGcHdpV0pjeDNoT2J0cXfSAZ8BQVVfeXFMTWt2Z01jbDJqdEx6TXZ3OUluRVByeldTT2IzNmhGS3JCLXpFeWh3NXFfY3czYk1yeDlZQnFsNWtVWkZmbmtTbk5XSGl4aHhzQkQ3MjBScDdTdERFcUpXbFRwcFIzZFMwazZDRGQ1LTd1Z1dTclR4VmhwcERSNUZNWWhnekxJa3h3anNSVmFfQm5IRnB3aVdKY3gzaE9idHF3?oc=5,"Tata AIA Shubh SIP Combines Wealth, Protection and Retirement SMEStreet","""(""mutual funds"" OR SIP OR AMFI OR FII OR FPI) (India OR equity OR market) when:1d"" - Google News"
2026-09-18T10:19:33+00:00,3,[],Exchange4Media,AMFI’s Venkat N Chalasani to be keynote speaker at Pitch BFSI Summit 2026 - Exchange4Media,https://news.google.com/rss/articles/CBMiygFBVV95cUxQLUtFRmpsNGlvVEIzY29XdXhXa29OTjVsRkhhTWtVdjliTEdkYTRrdmJ5Q3FzNG9uaDlEdERTcTRsdGFpZF9xT2VBZi1SaGhiYnBleGZBLWx6RTFOWV9GZGNoVUl0c0pHTGdjMkhFSElvNjhZOGctVkJuOWRGT0JYWjhLR2hKUmxzVk9pQ25ydktOU1loRlB6VExLS0ZvcFB2eXVkbHpRWVdYYzZGTVBwUGVKcnlmMFRvV1c0Qmw4LVFOMHhOZmxRczFB?oc=5,AMFI’s Venkat N Chalasani to be keynote speaker at Pitch BFSI Summit 2026 Exchange4Media,"""(""mutual funds"" OR SIP OR AMFI OR FII OR FPI) (India OR equity OR market) when:1d"" - Google News"
2026-09-18T09:59:54+00:00,3,"['AI / tech risk', 'India market', 'macro / flows']",Business Today,"BTTV Exclusive | Jefferies’ Chris Wood On AI, US Bonds, Oil & India’s Market Outlook - Business Today",https://news.google.com/rss/articles/CBMi4wFBVV95cUxPOG14UnFTbDhuWWpzVGV2NDItUTFzNkRURlNRajlwb1pBeVpNQWp2eXcyYkRZb1U4cjFBWFNPcTRsRXR3Q1FsQkVseEk1dThqOW5uV0ZTMm9NOWFiSUxHSVNhZW5KdzVUZXQxQWt2NDJDN2RybENfQXR5b1pQRHBpcTlXdHlKaS1WSnd5aHZhbEM4M0JKSlBXb3FsQnB2NGxvWUZzSHQyMlhpbGJUUGQydFdORUpsRy1IU2t1N1JUT3J2eUIzMy10bk9iVnNzZEF0cVlRUEFVNXl0Sm03Qzk4OFphVdIB4wFBVV95cUxPOG14UnFTbDhuWWpzVGV2NDItUTFzNkRURlNRajlwb1pBeVpNQWp2eXcyYkRZb1U4cjFBWFNPcTRsRXR3Q1FsQkVseEk1dThqOW5uV0ZTMm9NOWFiSUxHSVNhZW5KdzVUZXQxQWt2NDJDN2RybENfQXR5b1pQRHBpcTlXdHlKaS1WSnd5aHZhbEM4M0JKSlBXb3FsQnB2NGxvWUZzSHQyMlhpbGJUUGQydFdORUpsRy1IU2t1N1JUT3J2eUIzMy10bk9iVnNzZEF0cVlRUEFVNXl0Sm03Qzk4OFphVQ?oc=5,"BTTV Exclusive | Jefferies’ Chris Wood On AI, US Bonds, Oil & India’s Market Outlook Business Today","""(AI OR ""artificial intelligence"" OR Nvidia OR semiconductor OR technology) (selloff OR ""market fall"" OR ""stocks fall"" OR correction) when:1d"" - Google News"
2026-09-18T08:51:35+00:00,3,[],The Economic Times,"PPFAS and SBI MF among 6 mutual funds with over Rs 10,000 crore cash in August - The Economic Times",https://news.google.com/rss/articles/CBMi5AFBVV95cUxNZ0hIVFN5elRMTEphYnd0ZVAzWEtHUXljUndDQVNOd0hQdFI2SW1saTQ4M29jVENxeEhYY3JsZGp3X3oxVXNBTm1FVnR3NDQ1UGptejdfSnF4RXZHYl9mOWloR1V4dTVWS2FMZ0d3SUxFODN1OERGX1FTUTVQTEVVblJBaHNOUTJnbEFjQUt6VGRybEN4NWNyR0RVNmFyODFTeTNHZnRFNm01QnFvQ0EtWThzWk1sbFRubk8yMm1PX3FpU1RrOHRsZzlwREVjUHFpZ0xsdkFhaVdiWElwSkpjM18xRE8?oc=5,"PPFAS and SBI MF among 6 mutual funds with over Rs 10,000 crore cash in August The Economic Times","""(""mutual funds"" OR SIP OR AMFI OR FII OR FPI) (India OR equity OR market) when:1d"" - Google News"
2026-09-18T08:17:20+00:00,3,[],ET Now,"HDFC Balanced Advantage Fund: Rs 2,000 monthly SIP grew to Rs 2.82 cr at 18% CAGR - What drove the returns? - ET Now",https://news.google.com/rss/articles/CBMi9AFBVV95cUxPb3Y3TURKeU5ZbzBrUHBxVkJITVRqbzZFR1NabENxNUxWWkx6T2xNRWM0dlZQRGFZQ3EyTzFXcTFrZ1dLNHVoOTg2cm5PM0Y2SElGSEVyTHotaVgtTUNtQ3QzOTZLRVhENF9lNFNtYTB0MDdCWFZUMWxROTJhaHpYbXJPaVlReHdvV0UxTDRTWDd6bU5seUdaMTNhMWlnb3pYam5Fb3RMeV81N3VJN3NBS1hPVGZwNE1rS0l6OHd6cHhOdHpyamI0WmJ3RWdSa29SRHdGM1gxUFZiT0t5aFNCVHVXOUdPbkk1b2t2NVEza2dLdzJq0gH0AUFVX3lxTE9vdjdNREp5TllvMGtQcHFWQkhNVGpvNkVHU1psQ3E1TFZaTHpPbE1FYzR2VlBEYVlDcTJPMVdxMWtnV0s0dWg5ODZybk8zRjZISUZIRXJMei1pWC1NQ21DdDM5NktFWEQ0X2U0U21hMHQwN0JYVlQxbFE5MmFoelhtck9pWVF4d29XRTFMNFNYN3ptTmx5R1oxM2ExaWdvelhqbkVvdEx5XzU3dUk3c0FLWE9UZnA0TWtLSXo4d3pweE50enJqYjRaYndFZ1Jrb1JEd0YzWDFQVmJPS3loU0JUdVc5R09uSTVva3Y1UTNrZ0t3Mmo?oc=5,"HDFC Balanced Advantage Fund: Rs 2,000 monthly SIP grew to Rs 2.82 cr at 18% CAGR - What drove the returns? ET Now","""(""mutual funds"" OR SIP OR AMFI OR FII OR FPI) (India OR equity OR market) when:1d"" - Google News"
2026-09-18T07:54:55+00:00,3,"['India market', 'macro / flows']",Business Today,"Indian Stock Market Outlook: Fed, BOJ Rate Hikes And FII Selling Put Nifty Under Pressure - Business Today",https://news.google.com/rss/articles/CBMi9gFBVV95cUxNdEc2SGRPcDI4OEFORlNfWXppNDJFbnFpTTR0dW1uVXVUcFd3RW9Va3g0ZjR3WVVLNndNd0xBcUNKNUdMM3N6X0I3Z2lOV1gzS2tBV3k2bjMyZ1dYdkhYbGduM2dFaWIxeGlwLVIxajdOeUhCOUViemh0WDJ1aEpRNkFzTnJOUHB4R2NqZTRmQTM4Y2NmeVNlMzltM3FSZDBFNTBydWg5X0pWUXMxVG5hcVluYm1WZTZyRzY4RUdFeFRUTi1PYWkyR3ZyUzBLcFk3c2ZhZEpEOFcwWExkM0h3VVhoc25QRGhEQzhfUU9ZcjF3eGcydVHSAfYBQVVfeXFMTXRHNkhkT3AyODhBTkZTX1l6aTQyRW5xaU00dHVtblV1VHBXd0VvVWt4NGY0d1lVSzZ3TXdMQXFDSjVHTDNzel9CN2dpTldYM0trQVd5Nm4zMmdXWHZIWGxnbjNnRWliMXhpcC1SMWo3TnlIQjlFYnpodFgydWhKUTZBc05yTlBweEdjamU0ZkEzOGNjZnlTZTM5bTNxUmQwRTUwcnVoOV9KVlFzMVRuYXFZbmJtVmU2ckc2OEVHRXhUVE4tT2FpMkd2clMwS3BZN3NmYWRKRDhXMFhMZDNId1VYaHNuUERoREM4X1FPWXIxd3hnMnVR?oc=5,"Indian Stock Market Outlook: Fed, BOJ Rate Hikes And FII Selling Put Nifty Under Pressure Business Today","""(""mutual funds"" OR SIP OR AMFI OR FII OR FPI) (India OR equity OR market) when:1d"" - Google News"
2026-09-18T06:24:51+00:00,3,[],ET Now,"Rs 4 crore in 12 years: Is Rs 32,000 monthly SIP enough? Expert suggests 4 mutual funds - ET Now",https://news.google.com/rss/articles/CBMi3gFBVV95cUxNeks3QThFSVVTQ2dHSzNRRTlyaG04TV9xbWZFaHNVV3pRbGw4NFV6WXlGdE5ZWDZyaFFLcnJvVHNBS083RWhYR1dFZ0UxcFFOLXliMFVaZ2NhYk1HRHBIN3FKc0h4aDVWVXUzV1JBeGctZVN1eWRxMloxSGtPdWNJSGVEQ0hEemxBbzczaXlDNGY5OVQ3UGJEWU1xRFRBSEJyZlNnd3BMYVc1RXJqUzl3YmRKbHNZZ2NnSmdPMzEyLU1vc2V6Nm9xVXVramNBRFhFVFhGaXZ1UG16RHZzZWfSAd4BQVVfeXFMTXpLN0E4RUlVU0NnR0szUUU5cmhtOE1fcW1mRWhzVVd6UWxsODRVell5RnROWVg2cmhRS3Jyb1RzQUtPN0VoWEdXRWdFMXBRTi15YjBVWmdjYWJNR0RwSDdxSnNIeGg1VlV1M1dSQXhnLWVTdXlkcTJaMUhrT3VjSUhlRENIRHpsQW83M2l5QzRmOTlUN1BiRFlNcURUQUhCcmZTZ3dwTGFXNUVyalM5d2JkSmxzWWdjZ0pnTzMxMi1Nb3NlejZvcVV1a2pjQURYRVRYRml2dVBtekR2c2Vn?oc=5,"Rs 4 crore in 12 years: Is Rs 32,000 monthly SIP enough? Expert suggests 4 mutual funds ET Now","""(""mutual funds"" OR SIP OR AMFI OR FII OR FPI) (India OR equity OR market) when:1d"" - Google News"
2026-09-18T06:21:37+00:00,3,[],Trade Brains,Top 6 Consumption Mutual Funds That Have Delivered Up to 33.05% Returns in 6 Months - Do You Hold Any? - Trade Brains,https://news.google.com/rss/articles/CBMitgFBVV95cUxOZHRxQXFsekFFRGhEZWJueTVLMGJCaHFhYndYQzdDVktQNkpaVlNoWm5UUmh3QzNRd0hUSDQ3bHpjR0xiZHZWX3ZoMjVPRlJCbkJMZ0FiZnNCbE9udHMzMGxtR2tHVHpTWGt1VXFNWnhMVXlZZ0lnMHpvM0lsTDY3UkZaY2UyMzQ1WUpXN1p5aFdxZlFiekM5Uy1sdXlKMTZ1QUR3RWlHZmQ0OXV2Mm14MERrYk4wZw?oc=5,Top 6 Consumption Mutual Funds That Have Delivered Up to 33.05% Returns in 6 Months - Do You Hold Any? Trade Brains,"""(""mutual funds"" OR SIP OR AMFI OR FII OR FPI) (India OR equity OR market) when:1d"" - Google News"
2026-09-18T05:57:32+00:00,3,[],Outlook Money,The Rs 1 Lakh SIP Club: How High-Income Indians Are Changing The Way They Build Wealth - Outlook Money,https://news.google.com/rss/articles/CBMiywFBVV95cUxPd2VrVTUzeDctOFF4dlgwRE14VjZlUVFYS0lWTC1NRzlzSzRPWUVGWEN4R3E5MC15bkVvQWpua1hzZWozaGpHVlVSdWVKY2x5RGdaRlR4TV9ZWUNxSU8zNGRqUXEzalJ2ank5dlRKMGVYVlRzU3dFWUY5c3pDaUlUeC1OclpHV1lBQmFSaXJqY3E5Qlo1RGVTcHI3WTdUYlZxR2RlWFl1b1BMbDlKR2VEM09TUWV6cHZHMTNiWHlKQUxHQ1pkU2llalNiRdIBywFBVV95cUxPd2VrVTUzeDctOFF4dlgwRE14VjZlUVFYS0lWTC1NRzlzSzRPWUVGWEN4R3E5MC15bkVvQWpua1hzZWozaGpHVlVSdWVKY2x5RGdaRlR4TV9ZWUNxSU8zNGRqUXEzalJ2ank5dlRKMGVYVlRzU3dFWUY5c3pDaUlUeC1OclpHV1lBQmFSaXJqY3E5Qlo1RGVTcHI3WTdUYlZxR2RlWFl1b1BMbDlKR2VEM09TUWV6cHZHMTNiWHlKQUxHQ1pkU2llalNiRQ?oc=5,The Rs 1 Lakh SIP Club: How High-Income Indians Are Changing The Way They Build Wealth Outlook Money,"""(""mutual funds"" OR SIP OR AMFI OR FII OR FPI) (India OR equity OR market) when:1d"" - Google News"
2026-09-18T05:46:27+00:00,3,[],News9live,Mutual funds: Know how SIP-SWP combination can pave the way for financial independence - News9live,https://news.google.com/rss/articles/CBMi3gFBVV95cUxOSVBVdmxUX3JSXzNvNTdwb3Z0MXNpS0VrWU1fQWpiOHdmc2MyaGJUeUVXcTExMlpWOW5tZHRiS1ljcEhBUk9NNmNHUkIwa1Z5X1F0WUhybldSU01KYkpZVUhRTnU4SzVNMks1QWhoV0QybFJFM2VUc25vSkZZWE9kMXZvWHpYZUF4SnZqTmZsN1VlRzBmNmpOYlhtX1NnejYxX3N1enU0RUZBZ3RCQnFMRlhmdTBNQ0hIZ2VoR1ZfMGFlRkZjVUMwS2lVN3dIQTBVcGoyVGowY0ZEVTNYZHfSAeMBQVVfeXFMUG9qZzRKUXhadVpEYU43TGVQX2U2dXp5VVNHRVhyNnlMckZHUHlSalhoTVVuZ2lqVlhPN3hvTk5Bd3lSWTJlLVFxdVZZcnBwYThnejBPdE9DSnJqVmNzMVlGcnI0MlZtX2RVRDVNZERnd0pMNzEwYndiZ3M1c2Z1eGN5RnhjdHhxa2ZuT3V3UW5OcXVaamVHa21SeWdkVlFZZ2JnOXNvZ2VqMDFUZjFsOHltbHhwV2dpaGVtOElNeExXaGZCbkxwZzBNRXZGazBnYXFUMmRkLVFWUkRUYmd3MVF0QjA?oc=5,Mutual funds: Know how SIP-SWP combination can pave the way for financial independence News9live,"""(""mutual funds"" OR SIP OR AMFI OR FII OR FPI) (India OR equity OR market) when:1d"" - Google News"
2026-09-18T05:06:17+00:00,3,"['India market', 'macro / flows']",Analytics Insight,"Stock Market Update: Nifty 50 Opened 64.1 Points Higher, Sensex Climbed 260.5 Points Amid Drop in Oil Prices - Analytics Insight",https://news.google.com/rss/articles/CBMi3AFBVV95cUxPeFc0eXN5WGZUM0xfeXNTeXhLSThMc001WnA1d3haV3F2TnJjSm1KVzJSSkpjUy1xY0RGUjg3MlBRU1NtTGtQakdZbDBheGRpd2dZd0Q2UU04YVktdmp5YWdtemF1NDVYMWsxU2tZMldTSWRhdDBETFZqdjd1eWgyaW9SSHRhZU96YlN0QUJGTlpjTXVjRnpGQ0Y2cHhFWURSRUlFN2JrNkIwUkZZaHFpMGlaSXJZSEZrVUN4cF9kT3dQbS1aSElDSkVScXVNVUNscGk4OTY3eFdkNGxm0gHqAUFVX3lxTE9FSThLc3dFV3ZDSzl4Ul9NM0JUSnU3ZlkzVllWcm4zT2Jwd3p3YU53N2N6WHhUVHlFb3EyOU0zU0R0YUxhN1NuMjRjQ283S0RxZThJdHBSQU42M3lvVEJJUENKb2g1WTB6WHFjYkdrNGtidmVJa3FVeG9VWWZMTTFaSFhHMkNpWXhuQjJReUpsWkY5cFZzZ2VZd2dxUHhNQ1BIQU03ZHA5a0VNbExIT3NVSzNRYXNubXpVWG0tc0g3dFhvSXRTZW9qdkN5Z05vZWhvaEJHWFptNXR0TlE1YTQxU0w4dWg5NThFdw?oc=5,"Stock Market Update: Nifty 50 Opened 64.1 Points Higher, Sensex Climbed 260.5 Points Amid Drop in Oil Prices Analytics Insight","""(Nifty OR Sensex OR ""Indian shares"" OR midcap OR smallcap) (falls OR selloff OR correction OR ""risk off"") when:1d"" - Google News"
2026-09-18T04:45:32+00:00,3,[],The Economic Times,Best conservative hybrid mutual funds to invest in September 2026 - The Economic Times,https://news.google.com/rss/articles/CBMiywFBVV95cUxOUjJZNXhDUEhHZGNQMG9vcHJya1lrS3BHU0p5bE1qdTJrS25XbnZKcVlEcWVxOHh6aFQtdC1zRHhlNDIyTElQNDA4TWRjdXpoMWJ2Z0VDRTdQak1CMWhMYlhRcjNIcEo1azgyR0V2THUwZUVoZTNsMkN0OU8xUm5GcHFtUENSTW90d25YRXNzRUJYeXVPcVB1T2htYVRjek9Tb1dpOW5xMEJXZ3c5czR0ZjlVUllfUFdEdVBjR0s1UTdiTFVUNkVXdzh1VdIB0AFBVV95cUxPbFVMNTUxZVdTWDFqaGdwZExNYW5rLTJqQXZ3Y25RU1ZIWUFYZ0FVZ08tX1l6LXhUN0dJY2xDZGZ0RXVMVlBHRmQ1cTRqZ1BadmdPVU0wZ3pZQ2NfaWpqalJGZFRQb25OMFJEaEtkM0ZLOU85Ql9PUUduNllmYWpuVEs4ek9rYjd3bDd3b2ZiUVlmZEdKb0pyeE14TVZmRXZCd2ZjdVZMMDRiVWNzVDg5c3pFVkdQbmxlZVFzc3d4UzNZb0VwVmpUNWFrS3RNN29I?oc=5,Best conservative hybrid mutual funds to invest in September 2026 The Economic Times,"""(""mutual funds"" OR SIP OR AMFI OR FII OR FPI) (India OR equity OR market) when:1d"" - Google News"
2026-09-18T04:41:03+00:00,3,['India market'],sundayguardianlive.com,"Why Is Indian Stock Market Up Today? Sensex, Nifty Rise Despite FII Selling and Middle East Tensions; What Investors Should Know - sundayguardianlive.com",https://news.google.com/rss/articles/CBMi2gFBVV95cUxOcWJrMnZJOHJ2RDcxNGVlamM0OVFHMWdYQkw3NU1tRXRhTDRHaW5qNFhLRFY5V1JtNTlhVUM0bTdvUU1rdDhTYUl0WS1QMjFyeEktdnhWdGZmaF9EandJZWhXbFZ6MHcxaHg0TzhXZ3R4TkljZkR2S21mS25kdWpUWmdKU3BsV2dDSFBzaHZvWEJhbHdUR29yZXdNMVBVZVlIeXBEUmhTWHM5M1RxcUF5djdSYkYwMGJNTHZjZnMwdXVnRXJvemFGWV93MmkzTFVvcHJtMTJYMVVLZ9IB2gFBVV95cUxOcWJrMnZJOHJ2RDcxNGVlamM0OVFHMWdYQkw3NU1tRXRhTDRHaW5qNFhLRFY5V1JtNTlhVUM0bTdvUU1rdDhTYUl0WS1QMjFyeEktdnhWdGZmaF9EandJZWhXbFZ6MHcxaHg0TzhXZ3R4TkljZkR2S21mS25kdWpUWmdKU3BsV2dDSFBzaHZvWEJhbHdUR29yZXdNMVBVZVlIeXBEUmhTWHM5M1RxcUF5djdSYkYwMGJNTHZjZnMwdXVnRXJvemFGWV93MmkzTFVvcHJtMTJYMVVLZw?oc=5,"Why Is Indian Stock Market Up Today? Sensex, Nifty Rise Despite FII Selling and Middle East Tensions; What Investors Should Know sundayguardianlive.com","""(""mutual funds"" OR SIP OR AMFI OR FII OR FPI) (India OR equity OR market) when:1d"" - Google News"
2026-09-18T02:41:16+00:00,3,"['India market', 'macro / flows']",Moneycontrol.com,"GIFT Nifty signals flat-to-positive start for Sensex, Nifty; Asian markets rally, softer oil lend support - Moneycontrol.com",https://news.google.com/rss/articles/CBMi-wFBVV95cUxOd0xnWlpoR01tTS1lT1hfUDBTV0tFaTRleEVrX0kwcmU0UXRfbFZNMFpnejlRdmNZUkV3OG05cTNJV1BKZ3duVzlkeXJNR3RCSkxfaUpyUXFGZHdoY3lQLUpWTFBuaEN3aDZueGJIeDVOSXVoYUo5c3BpY1lRQTBJcHhIV3k0elBvelNPRXM4UGxFVUJJejNxU1VWSEdJTmhZLVczUTFXRGRvTElBb3hDOXNXSnZwajFoMlZPemlmTlUzaWtmQmhvZ0xpaXVGM2dYR2xjYnhPdEdMTHBqN0dnWEgwU0NBa2RDeTZYclcxaG9XZlo4XzluZ3pJc9IBgAJBVV95cUxNRlUyVmRRQTVXa3ZFNGhoT0swWGkwVVhucFo0dG5CUjVwUWgwc1dfQmFucEdtTDM3TXJqWHVRMVRIREZJaV9aMU9oTHFWNVh6VXBkXy1jLVFLT1FJOUlid3FyN2lnZVZMVDBRM015OUFKTnFZalhWaGxtUGxiUlZUUTI1aTlDWWw0SWRoV2N6U2RDcHRWZ3BDM0JSZEwxX0VKY0dmeEI3ejU3aTl2SXVYNl9jdVBVQjZ0VDJiTXFEZ2dRcVVoYi1RTHBtem1OTlBrOHE3emhqMmUtdVpkLWk2TVl6Ul8zWmQ1cUFYa2lPRW84UFpPLUVTVUU3VEp6V081?oc=5,"GIFT Nifty signals flat-to-positive start for Sensex, Nifty; Asian markets rally, softer oil lend support Moneycontrol.com","""(Nifty OR Sensex OR ""Indian shares"" OR midcap OR smallcap) (falls OR selloff OR correction OR ""risk off"") when:1d"" - Google News"
2026-09-18T01:41:46+00:00,3,"['India market', 'macro / flows']",NDTV Profit,"Stock Market Today: Gift Nifty, US Tech Stocks Rally To Oil Prices — Five Key Factors For Sensex, Nifty 50 On Sept 18 - NDTV Profit",https://news.google.com/rss/articles/CBMi8wFBVV95cUxNOEZfY3I5SGg4cUZBVy1QZzg0aVZTc09zRFJXS0w3OVdIRnVNR2RNRlJwMF9PTHpmQy1YRGhQOUgyS19ZU0xocFRFeXJLVEJ0Y3haNHFDN2w4QjJGYjZIclN0TFQtUnNsdDhvdUZzOE1Qd2FLbkxsaHhOSnVhdGk2dXBhYWRZalNSM0xXalNWR2M5cmZzX0FoWUZoU1ZKWk9CeEt4LUw1blpoYjFWMjFkRTdZT3Z1cllRVUE1SUt1b24yNXg5bTBDRTZXbW5adEhUc3Raa25zVkR2WjVqbWdOd19oaXRNTU9RTXIzYmotX3M5YlnSAfsBQVVfeXFMUG1QLW5sRWZYdTJYYlhXa2M0RllwYWFJalpQLWJUZjZpbGRWUXRibDByQkhOX3dTQkVaMTJFTUJZRVV1b2hLcHJ3aEIxYnJEa01tRlp0V1ZtbXE2ZHF2djI5b3J0WEJFX1RjVnF1Y25zM2YtcDlnN1FKcHhjN3QtLXFxVkZRTVJ5bHpkQTZnZmk5S3hRaUlpMFRqLXZ3VkUybURieWpERUFWVXBCd3ZNZmVBclhTUjNsQzBtcVo4XzVyVTZpQnJ0R3NRaU4wR2NZamFiRWlEdjZSeVNpRXF5YjBwNE5DMjlVdUw5NE5Cbjh6bDdtaThtMjd3MDA?oc=5,"Stock Market Today: Gift Nifty, US Tech Stocks Rally To Oil Prices — Five Key Factors For Sensex, Nifty 50 On Sept 18 NDTV Profit","""(Nifty OR Sensex OR ""Indian shares"" OR midcap OR smallcap) (falls OR selloff OR correction OR ""risk off"") when:1d"" - Google News"
2026-09-18T01:39:00+00:00,3,[],vietnamnews.vn,Mutual funds get back losses and more as stock market rebounds - vietnamnews.vn,https://news.google.com/rss/articles/CBMiqgFBVV95cUxObFEyaUI0Yi1yMUQtR3o1WHJlODUtS1pMNEd5NTlHZ0VJbzI1b0JoeWlmUGVwMFlGRnRRd0xpa2xfbkkwbS1ZYlhZenVKWE9YYlhfbnZvYmtiMFJXZm1QdV9JenRLcExHQnZhRFBJS0hscjJJTTFsQWFBVll0b2F3QkRTZ0JMTC1YXzRFR0pRMC00amRTdEVVR2R6cC1ORkJ5TzEwN2JWQlRIQQ?oc=5,Mutual funds get back losses and more as stock market rebounds vietnamnews.vn,"""(""mutual funds"" OR SIP OR AMFI OR FII OR FPI) (India OR equity OR market) when:1d"" - Google News"
2026-09-18T01:30:00+00:00,3,[],Equitymaster,Are Your Mutual Funds Doing Justice to Your Portfolio? - Equitymaster,https://news.google.com/rss/articles/CBMiwAJBVV95cUxQZm5MUUxGVm5KdjNFb2pMMG5hN05zcmZSSVFULVlXUjRXMEZQTmlzcUNVRjRuaWtIVTUxZzJxM0ZDbTc1d2NmYzlvSVdxTVBHdnRXQXBwTTVUYkQ3QUJ0d0p2OXJkUWVzZEM4UFZoMC1jSnBLUW9HWnYta2RkcTBRZE0zRHJDMEpzN3ZEU3ppdWhhOUtmTXBnZWg2VDliakRjd1hFTC1yX0dCdmlTTkFhcGF0bnN5VV9mZVFYdkk3M2ZfbGlMbkUzRHB2eERuQm42RXVJcjF0VFJVVGdBTlZRdUcyXzAtRkk3RWtPRFd3Q01IYkQ4ekVTVVJxWDFOelN0d1Mwd3hTZDlYcUZXOFJEZTZyMVc3elZkeGJJVEJmZ1RxNExNR3B5Z3EwNzNhVl9OdUxXUUpPZ3FZaVhiLUpmTQ?oc=5,Are Your Mutual Funds Doing Justice to Your Portfolio? Equitymaster,"""(""mutual funds"" OR SIP OR AMFI OR FII OR FPI) (India OR equity OR market) when:1d"" - Google News"
2026-09-18T00:00:00+00:00,3,[],financialexpress.com,"67% MF share, 6.7 crore SIP accounts: Is this 36%-RoE stock undervalued? - financialexpress.com",https://news.google.com/rss/articles/CBMi0gFBVV95cUxPS3RvaHdpZ1FjQml0cEpTTUpkY1k4elZMSWw4WEg2Wkc5QnJ4X2FJX1I0Qm9hMkVzOXdtRnppak5oN2x6OEd5Tl9rM00zbDB1Zl94UkpIZnZHNDVhNVRjdnpxM2ptNHo2TXFmTW5jbEVFeHVCVkh4cFVHTVRKdEd6VldueXRhdllTaFFkMFhZVlBHZzdRQUhQWm8za2lzSHdXMTdQOWFxdWdxcURPN0J6WlRjTVhncFhDVThQVHNjc1ZCUDVsTUVWQ0p1NlFCRmZBaFHSAdIBQVVfeXFMT0t0b2h3aWdRY0JpdHBKU01KZGNZOHpWTElsOFhINlpHOUJyeF9hSV9SNEJvYTJFczl3bUZ6aWpOaDdsejhHeU5fazNNM2wwdWZfeFJKSGZ2RzQ1YTVUY3Z6cTNqbTR6Nk1xZk1uY2xFRXh1QlZIeHBVR01USnRHelZXbnl0YXZZU2hRZDBYWVZQR2c3UUFIUFpvM2tpc0h3VzE3UDlhcXVncXFETzdCelpUY01YZ3BYQ1U4UFRzY3NWQlA1bE1FVkNKdTZRQkZmQWhR?oc=5,"67% MF share, 6.7 crore SIP accounts: Is this 36%-RoE stock undervalued? financialexpress.com","""(""mutual funds"" OR SIP OR AMFI OR FII OR FPI) (India OR equity OR market) when:1d"" - Google News"
2026-09-17T19:42:10+00:00,3,[],Livemint,Mutual funds with the highest BSE exposure: Could we see a major reshuffle after NSE's listing? Experts weigh in - Livemint,https://news.google.com/rss/articles/CBMiiAJBVV95cUxNU2REM0pUZ0tyOTRKa2l6cVJPdE5yWTZVS0lTTk9raHlMM1dZa0hHdmNvQUY0ZVdrTUpZZnE1cjNGYklaZzVxbndOcUlOT2pWejhxbFBpMDFGYXkxN1NIZ2ZCSmtTLWFjbFp2V2xTNTFDc1RaWkNEREljaWg5ekdOV2hjZFNmTmZyY25yUlhZSC1aWXRMck1PTFhRVGFRVTYyWHdYSVF3N2FjeFEtVk1QZnlaTmJiZXgwai1KNkFOMkZ4X3NMdDFnZHF4N0NFN3IzUVowbC0wTGhkRll1YW94RS1iSEVBWUI1aXI2cVhBZnNsSzM2QlMxWGxubzNUdXVDUkZSYVNYdXTSAY4CQVVfeXFMTUdwbkNMWUppUVlGM1Npc2hHZVpGRW5KMVFjU2hFdDhyUW0tTzl3MTQ4WDFmQjdwT28tZjlFVlVzX1A4ZURQaEpYdVFzelV2VTVSV28zVWhFSDZsMjhwTlR2UVRlcTlLMXVoVTBpYlZ4WWZjcEpsZHp4TzEyRENlNDFHOHVzVUdfcjk5WlkxcjBTUlNxTk1Lc0x5Z3k0Ri1yY1JWNzA4OVN0aXdkN0FBbXBLeGJXeWJSb2VsTW9vVVJYTGlpU25JR3BCd3lxWDhRQmFwbURDdnZpbGw1T3pWS3lPb1pwQ0RhQTR0U2ZBaEFZdFpMZnQ1aDE5S05kLXpKcmdVb282S2piQWl2YzhB?oc=5,Mutual funds with the highest BSE exposure: Could we see a major reshuffle after NSE's listing? Experts weigh in Livemint,"""(""mutual funds"" OR SIP OR AMFI OR FII OR FPI) (India OR equity OR market) when:1d"" - Google News"
2026-09-17T19:06:00+00:00,3,[],WhatNow,Sip Coffee and Tea to Debut in Market at Katy Park - WhatNow,https://news.google.com/rss/articles/CBMilgFBVV95cUxQVG01aDN2LVJuejF5ZDItblAwS1ZRaHpuVGNVTjZJMEhjbzgxZTgzRzk3b1htVUE3R1hGZFNzRkxkeG5MUy1wWDJtQUo0Qnpid09GbVMyQTQyZW0xaVMteUY3VDRBcDRTV3pQYkFUR201dVp0UVVqOEEzV0pmOGhhTGk5SjI1Nk10X3I1Wmt3RVR0a0cxbUE?oc=5,Sip Coffee and Tea to Debut in Market at Katy Park WhatNow,"""(""mutual funds"" OR SIP OR AMFI OR FII OR FPI) (India OR equity OR market) when:1d"" - Google News"
2026-09-17T17:43:00+00:00,3,[],Investor's Business Daily,"Best Mutual Funds: News, Performance Reports And Investing Ideas - Investor's Business Daily",https://news.google.com/rss/articles/CBMiswFBVV95cUxOOGh3UmNfU0JQZ2thTDdMbjBhbzVBS01uWWo5aXYxYUE2eHZVVV9yT0hJT2Z6TXY3czdXX1R1QlFZd3h5S0tYTE5UVUVqSFU5cWFtZFJxY3VGa01HT3BUZ3FqS1NkeTFYNEZKdnZWX1BCYUhzRDkzWlg4ZVNjMzFYVmgzd1luU1ZOQnRkYlBJamRFWnYxU0hORjMxM09WUHVuczktZ3M1cHh1cGhuaEI2elBLTQ?oc=5,"Best Mutual Funds: News, Performance Reports And Investing Ideas Investor's Business Daily","""(""mutual funds"" OR SIP OR AMFI OR FII OR FPI) (India OR equity OR market) when:1d"" - Google News"
2026-09-17T14:56:42+00:00,3,"['market selling', 'macro / flows']",AD HOC NEWS,Robert Half stock falls after Fed-driven selloff and valuation debate - AD HOC NEWS,https://news.google.com/rss/articles/CBMixwFBVV95cUxPMW9DdGpBdEZsM0RJM1NvRnpzRjN5Y0Z3SVFYQ2VxbkhMWHNVYWVCMmtfN1VvdGs3VXFvaFBKZWk1emJxcGxhY0Z6QkY4cHVFT2dfNmFKUWo2Zy1ZdWxsVU9FN2IwakczNlhrVDVzcDBFcTlZZVBGdHJBcnJpQzh6V2J4ekZHWnY2b0h2XzQtLUZteTdfZVVxVnB5WEFjOHkzSmFaSGgxazZNYVVEV1MxekNtNWllU0Z6NDJ3c1QyOERDN2ZFdVhj?oc=5,Robert Half stock falls after Fed-driven selloff and valuation debate AD HOC NEWS,"""(AI OR ""artificial intelligence"" OR Nvidia OR semiconductor OR technology) (selloff OR ""market fall"" OR ""stocks fall"" OR correction) when:1d"" - Google News"
2026-09-17T14:45:32+00:00,3,"['India market', 'macro / flows']",Goodreturns,"Stock Market Opens Strong: Nifty Up 1.5%, Sensex Rallies 1,516 Pts; Rupee Recovers as Trump Delays Iran Strike - Goodreturns",https://news.google.com/rss/articles/CBMi1wFBVV95cUxOcm00Zl9MbkdZSWxpRF9NVm41U0xDRUpqaHRVWDN3MjNYeUJZYTQ4WExLQVJ4N1lyRXlnTGhqeDVBNk5OOWctVXgxRzZGdGEteFM0OUtrYlU0ajRCajJKWVdwWHduWHRISGRVNkpTMnFBYmREdi1jTW81b3JtRVJscUpNcGJzSGdnNVU4REFBWDVoZHNtSFY3VDBMaS0xb1hKX3ZQZ2ktOTdqenV6TFFTcV94R240c25YTXlZTU5RSVZ6ZG1hY19nVnFJQV9IcWl4Ym5UZ1d6WQ?oc=5,"Stock Market Opens Strong: Nifty Up 1.5%, Sensex Rallies 1,516 Pts; Rupee Recovers as Trump Delays Iran Strike Goodreturns","""(Nifty OR Sensex OR ""Indian shares"" OR midcap OR smallcap) (falls OR selloff OR correction OR ""risk off"") when:1d"" - Google News"
2026-09-17T13:31:00+00:00,3,"['India market', 'macro / flows']",malaysiasun.com,"Nifty, Sensex close flat on Thursday as high crude price concerns offset value buying - malaysiasun.com",https://news.google.com/rss/articles/CBMixgFBVV95cUxQeko5elU4eGlmcUwwck1JZEJvOGl0N1hORmFaV1VvS0EtQTJUV2xrZ0UyMllRWWhjclNuMUM1Z1pfaVZBS0pfbkdhZ19NNG5qMTcwUEFJQWplV2VSTkg3dVNWSGt2TGx5SDAxQXRUM3E5ZTdYN2FoN25uRE1zSlZVOVhVeEJxT2ZqWVo5YTBxOEs4dGlUVHFkVWJMX1hwRjRESVExVDBoMGhBZDlIcFhUZFg5WGk3U0NFbzVVSUlMNTFWelM3RHc?oc=5,"Nifty, Sensex close flat on Thursday as high crude price concerns offset value buying malaysiasun.com","""(Nifty OR Sensex OR ""Indian shares"" OR midcap OR smallcap) (falls OR selloff OR correction OR ""risk off"") when:1d"" - Google News"
2026-09-18T11:52:03+00:00,2,['India market'],orissapost.com,"Sensex, Nifty close on mixed note amid selling in IT, Tata group shares - orissapost.com",https://news.google.com/rss/articles/CBMingFBVV95cUxNcUFwOUFpem9XNDFrZ3pwR3haV3NnT1hVWllUYUozWUQ4SWdtSThCRnlRUHhOZXd3X0tvYmZHbG1pTFB4cVE4V0JsdzViZXJlRmlsMXEteFE0VklIa1doM0t5aTM3VlMwNzZQNllLWktKNzd3ejdSaC1pbDB5NmlVY21vb2VhejhKR0lOOU9JTW5kX0lXUU5XbThuNlNMUdIBngFBVV95cUxNcUFwOUFpem9XNDFrZ3pwR3haV3NnT1hVWllUYUozWUQ4SWdtSThCRnlRUHhOZXd3X0tvYmZHbG1pTFB4cVE4V0JsdzViZXJlRmlsMXEteFE0VklIa1doM0t5aTM3VlMwNzZQNllLWktKNzd3ejdSaC1pbDB5NmlVY21vb2VhejhKR0lOOU9JTW5kX0lXUU5XbThuNlNMUQ?oc=5,"Sensex, Nifty close on mixed note amid selling in IT, Tata group shares orissapost.com","""(""broader market"" OR midcap OR smallcap) (selling OR correction OR fall OR volatility) India when:1d"" - Google News"
2026-09-18T11:30:18+00:00,2,['India market'],theweek.in,Sensex logs longest weekly losing streak since 2020 but Nifty gains for 3rd straight session: Why it happened - theweek.in,https://news.google.com/rss/articles/CBMimwFBVV95cUxQZF9IbldPMU10WGhrVE9Oc0ZXOHNtQTBTTFQzTVVmMExSeVZlamFuRUlHaVQtN20teXk0UUpiQ1VoakZEc0RTQVZNVVRZR01uNWYxMlZaWE1BclcwQmxSN1NlR1RhVVBCalJpeUVOSnI3T1RzdlBKQ21fU21WTVFRNEVjSzZuYTRpNWF3OHNyVHdGLTlWYnZ0SUI2a9IBoAFBVV95cUxOZ2xLbGVpQVR4RlU1dTlvbHpsM1k3VE5rSHRHZE44bUNJd1ZUaHlJSU5qWXZyd09mS2c2WEFNZEdfWmZwVGdSSndRN0ljdnE0M3BqQ1pRaWRteUZXTEx4WUZKVkJtdXl4ZFBhZ3hnVUo5XzNUSTFTVWpDWmd1Y3hVM0dfSzlOM1VhXzVKNzljR2VFeTE1YjRwWEtHR1pZN0ph?oc=5,Sensex logs longest weekly losing streak since 2020 but Nifty gains for 3rd straight session: Why it happened theweek.in,"""(Nifty OR Sensex OR ""Indian shares"" OR midcap OR smallcap) (falls OR selloff OR correction OR ""risk off"") when:1d"" - Google News"
2026-09-18T10:56:49+00:00,2,['India market'],Deccan Herald,"Markets end on mixed note; Nifty up 76 points, Sensex dips - Deccan Herald",https://news.google.com/rss/articles/CBMirwFBVV95cUxOSG5HMkN6WlUzbEhya2VQYjAzMlh5NHVsUzlDQWkzcHAtOXFuYkdFUzZhdXhONDFqRW9TUFdrVkRrN3IwcnNrMFh6aDRpUkdVa29CWHlRRm5MU3Y3RnlBX3N5SlczZkhwWktiaWVXaEtIcXJnX1FHRVR2MU8xQ1ZYUGlmQ2JWYXlCakI2SWFhWG5jY0tpWHNYd24ySXp0RS1LRTd3VzhsSjFqRW1aMi1v?oc=5,"Markets end on mixed note; Nifty up 76 points, Sensex dips Deccan Herald","""(Nifty OR Sensex OR ""Indian shares"" OR midcap OR smallcap) (falls OR selloff OR correction OR ""risk off"") when:1d"" - Google News"
2026-09-18T10:47:04+00:00,2,"['AI / tech risk', 'macro / flows']",Yellow.com,"AI Stocks Roar Back After Fed Hike, Nasdaq Jumps 1.7% - Yellow.com",https://news.google.com/rss/articles/CBMiXkFVX3lxTFBTbnJCX2d4ZnNoZHptU2dOTExwbGRoX1VkWnFQUmhmTURiWUlua3FiTlpaYXppMC1Vck5uQzJrWFhpNUp6THBsc0NYNDZmUWJaVUFld0djZGhWdUFiVFE?oc=5,"AI Stocks Roar Back After Fed Hike, Nasdaq Jumps 1.7% Yellow.com","""(AI OR ""artificial intelligence"" OR Nvidia OR semiconductor OR technology) (selloff OR ""market fall"" OR ""stocks fall"" OR correction) when:1d"" - Google News"
2026-09-18T10:30:32+00:00,2,"['market selling', 'macro / flows']",Crypto Briefing,US Treasury yields remain above 5% amid ongoing selloff - Crypto Briefing,https://news.google.com/rss/articles/CBMiekFVX3lxTE43Ulg5WUZ5ODJsVS1xeW1zOGRpSEN1VjFjNkxmU19Qb1dqTFZmOF9oSHBRTDFMVUhpM20xTVdOS00ydmVoMXd3Y3pBVjh1WFJVY1ZHZTZmRzlPeGR5TEI3b3BNWFVYdTd1WU9BTEt1Um55djdmd2RraUVn?oc=5,US Treasury yields remain above 5% amid ongoing selloff Crypto Briefing,"""(AI OR ""artificial intelligence"" OR Nvidia OR semiconductor OR technology) (selloff OR ""market fall"" OR ""stocks fall"" OR correction) when:1d"" - Google News"
2026-09-18T07:38:02+00:00,2,"['market selling', 'macro / flows']",sundayguardianlive.com,"UK Stock Market Forecast Today (September 18, 2026): FTSE 100 Outlook as Oil Falls, BoE Turns Hawkish and Retail Sales Rise - sundayguardianlive.com",https://news.google.com/rss/articles/CBMi-gFBVV95cUxOVDFlVmIzMEVUeWJ2bEJ3WWxJMGJJcTFLWG4yMHFIcGlGYWF5RGp2eXJGMjdFUGRiUi1FVFFDTHVFbnEtNGFuR05zbW8zNnU4VzZmZU9DUFYwdzhfc1FDU2I3SVdaalZEblBvemFCRTFOa0NiT2VTNDN0OVpsb3lXV1o2VF9Wc1NEbWxDVm5CZHRKcVdwcE52aTZNLVc3MVl3Tm03a1c5Y0FOM1I0UXpzeEJ6a0xVcmV2a3Z2alFCZFZxYXRudVBsNjJQT2M5WFJFQjFESVplakp5OGN5NGpiazV0QjFVbTRzbWk1WmRDYUV4bHhaakhjdndn0gH_AUFVX3lxTFBSZERocmZTTlI0WG1fUHY4aDBfSnRLR2JpTHotdnUxaUZ4Tk9QY2VCNnJ2UVpwOXVURnM2NklwSnQ0MkRTMnB0RTg2YmN2QWFrcUJrR1dydEh3NGlRcWZhMDZvOFdRZUVGQnJwc0l4dU5wY3oyRVB2MU5wZXkyVTNrWnR6UnZrRmVjUFBDQ3M3UjNlUTJ2dWNvRW9ZbFMzdkVQUk9nMWc4SzVfSzE5UlJOWDI0SzcyN2lhd01mcUU4UVdpSmh2TGpnX3ljWTllcEF4SElXcmx0bkJSYmtxekpJSVpwRm9hVkZTWWFxX2VZcVZRNUd1ZU9OWVRicFpBbw?oc=5,"UK Stock Market Forecast Today (September 18, 2026): FTSE 100 Outlook as Oil Falls, BoE Turns Hawkish and Retail Sales Rise sundayguardianlive.com","""(Nifty OR Sensex OR ""Indian shares"" OR midcap OR smallcap) (falls OR selloff OR correction OR ""risk off"") when:1d"" - Google News"
2026-09-18T07:36:03+00:00,2,['AI / tech risk'],simplywall.st,Arm (ARM) Stock May Be Overvalued On Fresh AI Chip Revenue Confidence - simplywall.st,https://news.google.com/rss/articles/CBMi0gFBVV95cUxPSUFzeFpIOFRjUDkwYTFKVWVfcVNGd0ZtVlhQNlZ2aDJYa1R3eU9LQklGZHk0TDNuQ0NtS3E3Yk4zRlM5UXI4VkhaUG9oSEZOUUpGRFVmVkY4UVhZTXhfNUZOeGs0eUVBQ01TenEwUDZxUkhhMk5LbWRLUnp4aU95VWYyRkNyMERtbk0xMk9DSWFrLW02WnV2X2owZi1jN3dudExxaHFXSXFIOFAxLVM3NV9MTExEZS0zbC1vaW5nOGpkV2ZBUGV1X1BPM2tHYS1jMEHSAdcBQVVfeXFMTzZIMVRfaWRUb2FiZ282dkNwX1FXZWY0SG04SGJnajhJcG1seHdEbG1fYVg3YmxpYnVyNmgyZlVRVmdxMWVkMXFDN1BWRmM4MGV4X3JycTlDX1FBbmd5VGNBNDlNVzB2ZUItQjdSNjh5S21FZGZmN19iRlhDcHZVWTVMS2M1Q0M0LVhxb0J6cXhRbTV3VGNYblIwNGFmbHBmaWNHUDU2RkFCZ1daMFdCYkRPbWVId2k1aUJPZ0hLSGZvdnFkanRFSU8yU3Jzd29CMFJGdE1SOHc?oc=5,Arm (ARM) Stock May Be Overvalued On Fresh AI Chip Revenue Confidence simplywall.st,"""(AI OR ""artificial intelligence"" OR Nvidia OR semiconductor OR technology) (selloff OR ""market fall"" OR ""stocks fall"" OR correction) when:1d"" - Google News"
2026-09-18T06:46:32+00:00,2,"['India market', 'macro / flows']",sundayguardianlive.com,"Sensex Today (September 18): BSE Sensex Rises as Oil Prices Ease, but IT and Tata Stocks Limit Gains - sundayguardianlive.com",https://news.google.com/rss/articles/CBMi3AFBVV95cUxPUzY4cG40ZzJVQ0RQTXBzSFNBeTVnY2VZV3FzRUxveUNDVTZLUm1FZ2VhYmZGak5EcmJWb1ExMUt6cFZ2bzZheDBIWDJHU2FBSUVtdUlHaWp3cnZfcDM5ekstSXUxU3gxa0pDTkRIdnAwTEhQTUFyQnBLWFY2N2NLWnBzMmR6b3kzdUpIQ0I1TlEzU2UyZzdRTURKZjJWOF83NjRQY1otS3I0c3ktLTZRTkY4SUFLZW1Gd2tDRUxkc05haHo2aVpRSUxjMEVUc21Bb21uZ2VyZG1pY0VE?oc=5,"Sensex Today (September 18): BSE Sensex Rises as Oil Prices Ease, but IT and Tata Stocks Limit Gains sundayguardianlive.com","""(Nifty OR Sensex OR ""Indian shares"" OR midcap OR smallcap) (falls OR selloff OR correction OR ""risk off"") when:1d"" - Google News"
2026-09-18T05:28:23+00:00,2,['India market'],DD News,"Sensex, Nifty extend gains in early trade amid positive global cues - DD News",https://news.google.com/rss/articles/CBMilwFBVV95cUxQVkpKWndPbXpadG5ER1VXOWhrV2ROWHVmdnA2QzF4NkdoRFZVdnc1UmNIcWlvTUV4UjlXN3ROU2dpa2hySVRBbjFBYzExblNwMnJMX1hTQy1pZG1Gb2JoZHFVNG16emtuSUxyVEZZdXpDY0VNazVJNjdXbThGaW5ESGp4bTVaRGoxZHg1Vl9WcjA3ZEttZUNR?oc=5,"Sensex, Nifty extend gains in early trade amid positive global cues DD News","""(Nifty OR Sensex OR ""Indian shares"" OR midcap OR smallcap) (falls OR selloff OR correction OR ""risk off"") when:1d"" - Google News"
2026-09-18T05:00:56+00:00,2,['India market'],Moneycontrol.com,"FII selling isn't the only reason India has lagged, say market experts - Moneycontrol.com",https://news.google.com/rss/articles/CBMi1AFBVV95cUxNWmRnZWMtVXp0OWlfSlVHTm8zY3pieEh3TFF4QnF2TXdkdXRDNDNZNWRoWnJtX0ZxMTBzNjVYejJlamJCNHRya0JQRFBvTGpSYW9Uc1FrUFBGbFJpMG1VcFRxdmxrRTRYS2NOVi01bF9JclQ0WWJqbm13U0JoSld0RDQwUkp1VEFYM19jc3Ywd3l3dTRwNTlmdmhGcF9qZUVvN0VTQmE0UnpERndBRldDbmtlRnpaUWNYeHNHSmpzMVhxMVFsSllBWlZrNHVXNUpWNmh3dtIB1AFBVV95cUxNWmRnZWMtVXp0OWlfSlVHTm8zY3pieEh3TFF4QnF2TXdkdXRDNDNZNWRoWnJtX0ZxMTBzNjVYejJlamJCNHRya0JQRFBvTGpSYW9Uc1FrUFBGbFJpMG1VcFRxdmxrRTRYS2NOVi01bF9JclQ0WWJqbm13U0JoSld0RDQwUkp1VEFYM19jc3Ywd3l3dTRwNTlmdmhGcF9qZUVvN0VTQmE0UnpERndBRldDbmtlRnpaUWNYeHNHSmpzMVhxMVFsSllBWlZrNHVXNUpWNmh3dg?oc=5,"FII selling isn't the only reason India has lagged, say market experts Moneycontrol.com","""(""mutual funds"" OR SIP OR AMFI OR FII OR FPI) (India OR equity OR market) when:1d"" - Google News"
2026-09-18T04:29:25+00:00,2,['market selling'],Business Upturn,"IT sector stocks today, September 18: TCS falls 3%, Sonata Software down 1.69%, Infosys declines 1.31% - Business Upturn",https://news.google.com/rss/articles/CBMi3AFBVV95cUxPdmU2eGRORGZEQ2FJV0I1c1JYeVpLd3h3UjNnTVJFTXUwVFgtdUVsbU5Gd1RqZkhjX1BEX1pPUGFqTFJjekg2QkxYWlJrRUVfUzUxbkozMzd4WHBlZ01tOVJMZ0M1dEJZck1FRjZ6OXBqakdtYWVCMzJJcVZOR2F5QlhSNnQ3U0ZnX21xUHlRMUlhX3Atb2I5ZDBvNk00aGl6ckZoWV9pTVpxdXdCSVdOUC10TGZRc19wRXgxMUJaQmdMbHlQU1d4ZFdTcTFNRm1XZGRjRFFETkpCbWZG?oc=5,"IT sector stocks today, September 18: TCS falls 3%, Sonata Software down 1.69%, Infosys declines 1.31% Business Upturn","""(Nifty OR Sensex OR ""Indian shares"" OR midcap OR smallcap) (falls OR selloff OR correction OR ""risk off"") when:1d"" - Google News"
2026-09-18T03:34:26+00:00,2,['India market'],Business Standard,"GIFT Nifty signals weak start as FPI selling tops Rs 20,000 crore in September - Business Standard",https://news.google.com/rss/articles/CBMi9wFBVV95cUxOdF9ESUtlTG80US0zNlhJYlVJZFdkczVNODZrcmh2M09TbWlnTFhZS18xdVJLLXBGREo1b1Rsa0tJc2ZZV01jSjF3ZUROdDU2LUdtQlhrX3hxWEoyeDBhcS03dl9SeXJ6MW05S3drTDhVZ3k5MDhzNjRqeFFuVDRJSVVvV2xxenE4QkNvdWtOc2ZyVTl6V1NxYVFmdXlkN3dMUDdtS2tjUmlEUnhWUUI0OWZUbHZYY3FUNXdleHFnLTdLVi1WajdURVlDTkNwbndJLVFTV2tJV09LODF5amNNVHNJLXdPcnJyNmMxR1llQXYyZjNoRVA00gH3AUFVX3lxTE50X0RJS2VMbzRRLTM2WEliVUlkV2RzNU04NmtyaHYzT1NtaWdMWFlLXzF1UkstcEZESjVvVGxrS0lzZllXTWNKMXdlRE50NTYtR21CWGtfeHFYSjJ4MGFxLTd2X1J5cnoxbTlLd2tMOFVneTkwOHM2NGp4UW5UNElJVW9XbHF6cThCQ291a05zZnJVOXpXU3FhUWZ1eWQ3d0xQN21La2NSaURSeFZRQjQ5ZlRsdlhjcVQ1d2V4cWctN0tWLVZqN1RFWUNOQ3Bud0ktUVNXa0lXT0s4MXlqY01Uc0ktd09ycnI2YzFHWWVBdjJmM2hFUDQ?oc=5,"GIFT Nifty signals weak start as FPI selling tops Rs 20,000 crore in September Business Standard","""(""mutual funds"" OR SIP OR AMFI OR FII OR FPI) (India OR equity OR market) when:1d"" - Google News"
2026-09-18T02:46:43+00:00,2,"['market selling', 'macro / flows']",Business Standard,"Asian stocks rise as oil prices fall, yen wobbles ahead of BOJ meet - Business Standard",https://news.google.com/rss/articles/CBMi0wFBVV95cUxObE5LWXZEVDN5cmZXTG45a2VpUlFlR0Q3bVFuamdCMVFQbXp6TGs4Q21GRVJfcDBoMVZGaXN2Z3pTcFRneE9QUFNjTDFYYXRzLU9nZTd4d2RnN2UzMWQ3T184UjZrX2JhRnFmNDB1cHZ6cEVISGxWUko5VVFVZkRIR2lxSHhmY0dhTjJWY2tpeS16aHZmek9BNXl0OFktUHFqWl9hUndxRjMzWDMtVFkycW5QdVAwTm96c19ZNGxRU0ZGWUl1b0k2b251ZVFraThqUjZr0gHTAUFVX3lxTE5sTktZdkRUM3lyZldMbjlrZWlSUWVHRDdtUW5qZ0IxUVBtenpMazhDbUZFUl9wMGgxVkZpc3ZnelNwVGd4T1BQU2NMMVhhdHMtT2dlN3h3ZGc3ZTMxZDdPXzhSNmtfYmFGcWY0MHVwdnpwRUhIbFZSSjlVUVVmREhHaXFIeGZjR2FOMlZja2l5LXpodmZ6T0E1eXQ4WS1QcWpaX2FSd3FGMzNYMy1UWTJxblB1UDBOb3pzX1k0bFFTRkZZSXVvSTZvbnVlUWtpOGpSNms?oc=5,"Asian stocks rise as oil prices fall, yen wobbles ahead of BOJ meet Business Standard","""(Nifty OR Sensex OR ""Indian shares"" OR midcap OR smallcap) (falls OR selloff OR correction OR ""risk off"") when:1d"" - Google News"
2026-09-18T02:44:05+00:00,2,['India market'],Upstox,"NIFTY50, SENSEX today: Wall Street cues, FII activity, key things to know before markets open on September 18 - Upstox",https://news.google.com/rss/articles/CBMi-AFBVV95cUxQUGo4Q1ZBNkozbFAycTJmTEZCUjJGRUdZRXBUWEpyZE4zTEhab0FOZzZqcmlodVVfLUNGWFRZZXNuNlRvR2d1ajFXOGpxb2IycjNteFpVQkR1cGY0SThKUU4xMlFtRHJ1c0xGZjJUclRhZnN1bTUxRmtZSkZSUkU4MnhvdUI3Vnd0X01LV2haX0pyVGtsVXZWZ3U5NlpoN3FEaDVpOFd2TG9kbUNZMElEQi1VaGZmTFBrYXRHbUp0Wnp4LVVEM3VnMjVxRHkxbGFxdTdNd01kVU9kelFzRFlxMXRLV1NtMjJuekZZQS1NdEVZSURLUWo2dQ?oc=5,"NIFTY50, SENSEX today: Wall Street cues, FII activity, key things to know before markets open on September 18 Upstox","""(""mutual funds"" OR SIP OR AMFI OR FII OR FPI) (India OR equity OR market) when:1d"" - Google News"
2026-09-17T22:30:11+00:00,2,['India market'],Univest,Invesco India Midcap Fund(G)-Direct Plan - Univest,https://news.google.com/rss/articles/CBMie0FVX3lxTE5GVXUtUWtnQXBlUGdsemZpT21ucEQ2VWo3VjJtVWpaMTQ2SVpIemN4VEhhRHlRQ3F5Y1RfX3RDdjlsaDJja2hDTUN3TUNHUWYwYUJxSGZPS2J0UVJfZl9BTFJTa25fajBNN2NoY3hnaDloOVVYT2VKaVYtNA?oc=5,Invesco India Midcap Fund(G)-Direct Plan Univest,"""(""mutual funds"" OR SIP OR AMFI OR FII OR FPI) (India OR equity OR market) when:1d"" - Google News"
2026-09-17T21:59:56+00:00,2,['market selling'],Stocktwits,META Stock Drops Nearly 7% In Afternoon Trading — Here’s What’s Driving The Selloff - Stocktwits,https://news.google.com/rss/articles/CBMiwAFBVV95cUxQNFR6TC10NFV6RzgxcTJrRGtIdEF0eWFYcTc3Z0JZNHpnUWtPWVN6UG5xemh4Wm1mQzZBZ3ZHWHF4R05nbXQwTWo4SlZzMjl1Q0ZON1NHTHpoYkJPUXhNY2FXY0pNYWlIS05nU3hIRzZQaDJMSUR5TnpWQWNHblpsZWtxOFEwcUgzNUZYOTY1d3Z2UHJpZ2VuWkpzRk9CVkZHaFdYclB3ZHdrRE9UMFdBTllkTEQ2c2ZyTHZCVi1IMDE?oc=5,META Stock Drops Nearly 7% In Afternoon Trading — Here’s What’s Driving The Selloff Stocktwits,"""(AI OR ""artificial intelligence"" OR Nvidia OR semiconductor OR technology) (selloff OR ""market fall"" OR ""stocks fall"" OR correction) when:1d"" - Google News"
2026-09-17T20:48:08+00:00,2,['India market'],Univest,Invesco India BSE Sensex Index Fund(G)-Direct Plan - Univest,https://news.google.com/rss/articles/CBMiiAFBVV95cUxPblVMZ0diY0U0cld5LU9uM3JyWlBjSFdOZks1MW1jcEcwVGFpNDEwVmVEUy1jcnhvOU5XcGhOTjFCZTRJZ1NuaFdVV3Zmc1ZRdDZlRDNkUU5Fa2tRYktHYXNQdDNSWGIydWo2NWNhUDBabEp6SEpodFZ1aFZCMG9hTG5URE1Jc0Z6?oc=5,Invesco India BSE Sensex Index Fund(G)-Direct Plan Univest,"""(""mutual funds"" OR SIP OR AMFI OR FII OR FPI) (India OR equity OR market) when:1d"" - Google News"
2026-09-17T20:22:59+00:00,2,"['AI / tech risk', 'macro / flows']",BBN Times,"S&P 500 Close Today: 7,619.98, Down 0.48% as AI Safety Warnings and Oil Surge Rattle Wall Street - BBN Times",https://news.google.com/rss/articles/CBMixwFBVV95cUxOWEljS2pFNkJLNnZ2aUVrU0U0T0h6UmVKWU00Z05DcHg5WWtuVkF1NnAybTFuSWJVd1lpNlBRUTBoT1RtdTRZLVY0MUVrUF9Pd3FrQ1JqdW8tbEFVQVpqOWRiQUZyRC1fMmtKMHVUYTFjeG9vUVVseVJVeVNXZEVSbTdFcEZtMHNqZkRaOFZhdjFRNmJpaG8yN0JIdUxJZVVqSFBiWmFQSFZjaGE4OXI1cGVmRUF1LUxWeDktUkFDTDk2TlNVenFn?oc=5,"S&P 500 Close Today: 7,619.98, Down 0.48% as AI Safety Warnings and Oil Surge Rattle Wall Street BBN Times","""(AI OR ""artificial intelligence"" OR Nvidia OR semiconductor OR technology) (selloff OR ""market fall"" OR ""stocks fall"" OR correction) when:1d"" - Google News"
2026-09-17T18:03:54+00:00,2,['India market'],Univest,Nippon India Nifty India Manufacturing Index Fund(G)-Direct Plan - Univest,https://news.google.com/rss/articles/CBMimwFBVV95cUxOS2xPNHRJQXZuYUpxYmoycDJPMzFCaFFaTURMX2wzVFVQWnV5SDBDRmpVUU1seTJFMGtCVHlqbkE0Q01meG9SNjVRM2hjRTFWV21zMnY1eDhweXpiR2ctR3NxMU1CSTlRbVJnOFJEcEJYbFhOMEw0N29ROWhjMi1xczVLazU0QzNDOXdqQXRTMlFMWkxieWN4Y24taw?oc=5,Nippon India Nifty India Manufacturing Index Fund(G)-Direct Plan Univest,"""(""mutual funds"" OR SIP OR AMFI OR FII OR FPI) (India OR equity OR market) when:1d"" - Google News"
2026-09-17T17:52:32+00:00,2,"['market selling', 'macro / flows']",CryptoRank,Dow Jones Stock Market: Roars Back After 630-Point Fed Selloff - CryptoRank,https://news.google.com/rss/articles/CBMioAFBVV95cUxNRzFBTDY1WV9mSkdwUUFDSGxRRmYyTDhBMmxHV0FCcWxyVmp2Yk9PZFE0RzQ2YjliRXQ1M3RkcWJWUU8xazFQRXlib2M1dllrcGdzanZRQS1tTWxFQkY0OVA5WDR0Y2hHek9GZzRvRkVobnFyTERFSmp2eWpoeDByRThrSy1fRlgwRUhuR0huYURPRDc5em9QMEN0NTFXcDVZ?oc=5,Dow Jones Stock Market: Roars Back After 630-Point Fed Selloff CryptoRank,"""(AI OR ""artificial intelligence"" OR Nvidia OR semiconductor OR technology) (selloff OR ""market fall"" OR ""stocks fall"" OR correction) when:1d"" - Google News"
2026-09-17T17:50:00+00:00,2,"['market selling', 'macro / flows']",The Motley Fool,"Stock Market Midday, Sept. 17: Stocks Rebound From Post Fed Sell-off, Generac soars 20% - The Motley Fool",https://news.google.com/rss/articles/CBMi2gFBVV95cUxQYzhtaGNScXJHWFYzVXg5V1RDM0RoTVVIT05iUnJJazluNVhMT2FxeWExMERTa2huWjJ4MlZRMFJTNnY1UUlqQzNZZU5QTXd1LUxTc0xwandmNGFSVlpZX3pnSm0yOFZTbzJ6ZjFtM3hpR3gzTjkteE0yR0dTWTBObEZQZHZiRGtDVmFOYTMta1I2LWNnRzZETE9zSG9MaUFmV1JfRmRWeDhkQTE3a1d6YUM5cUdMVGczMnlocHVaY2FpZi1QZjF2bm5VWm1WTzY2b3F3RU8wODkwZw?oc=5,"Stock Market Midday, Sept. 17: Stocks Rebound From Post Fed Sell-off, Generac soars 20% The Motley Fool","""(AI OR ""artificial intelligence"" OR Nvidia OR semiconductor OR technology) (selloff OR ""market fall"" OR ""stocks fall"" OR correction) when:1d"" - Google News"
2026-09-17T17:28:04+00:00,2,"['market selling', 'macro / flows']",Coinpaper,Dow Jones Stock Market: Roars Back After 630-Point Fed Selloff - Coinpaper,https://news.google.com/rss/articles/CBMikwFBVV95cUxNb2VCcDZyWlB1VkludkhLcFdlbEFJZzlEemxxOGltSk82alRYcjRhWnJiaHQ5S3lWLTRFanQxOFNaM2JxOTY5VmFnQ0ljYVZPMzJDNWFkMk14czBob1VfdG01SGloQ21VLWRnNFhnWlF0TEg2WFlFOGw3WUlhalVWak5QaVJJMXBnS1NYS2VOUXhYTWs?oc=5,Dow Jones Stock Market: Roars Back After 630-Point Fed Selloff Coinpaper,"""(AI OR ""artificial intelligence"" OR Nvidia OR semiconductor OR technology) (selloff OR ""market fall"" OR ""stocks fall"" OR correction) when:1d"" - Google News"
2026-09-17T17:22:35+00:00,2,['macro / flows'],TradingView,"Nasdaq 100 Rallies as Oil Slides, Yields Retreat: Stock Market Today - TradingView",https://news.google.com/rss/articles/CBMiwwFBVV95cUxPdEI1ZE9Ra3hkWVMzM2M0My1NTnZvaFJ4SjF2eXhEX1FCczNLUFlKWkd2Sm14TzNpRWkwc1VlME4yMUdyNEdaeHNJUGZ0RUYyN1diRkpCMEN6M0VsTDd1Sl9PMGRKc3dmakFtaHBVSjlLT2phT3g1a2t4anBUVTVVMndMYlFOSDFZVGNxZ2o0U0RsZ1lfZGo1M3BXNURTLWdRYTV1ZTkzUkhaUXBFYmV2c1ZfeEJnWDB3TmJoOG5BM0drdzA?oc=5,"Nasdaq 100 Rallies as Oil Slides, Yields Retreat: Stock Market Today TradingView","""(AI OR ""artificial intelligence"" OR Nvidia OR semiconductor OR technology) (selloff OR ""market fall"" OR ""stocks fall"" OR correction) when:1d"" - Google News"
2026-09-17T15:31:26+00:00,2,"['market selling', 'macro / flows']",Crypto Briefing,Schwab muni ETF faces record outflow as bond selloff lifts tax-exempt yields - Crypto Briefing,https://news.google.com/rss/articles/CBMid0FVX3lxTE9JMDFEMDl5alNlVV9QTU9qbTVPT1FlZldLaHM1Q3ZtT2J2M2ZuUDhIaDBnbUp5UkdHdzBjdUdnMTY1UE1jOEZyNDNMQUlySFFoYkc4WEVLVlJDdzlER2xQb3JobzRnZnFNYXMxenM5ZS15dWhNZnhr?oc=5,Schwab muni ETF faces record outflow as bond selloff lifts tax-exempt yields Crypto Briefing,"""(AI OR ""artificial intelligence"" OR Nvidia OR semiconductor OR technology) (selloff OR ""market fall"" OR ""stocks fall"" OR correction) when:1d"" - Google News"
2026-09-17T15:02:26+00:00,2,['India market'],IndiaIPO,"Sensex slips, Nifty settles higher; Tata stocks gain after N Chandrasekaran reappointment - BusinessToday - IndiaIPO",https://news.google.com/rss/articles/CBMi0wFBVV95cUxOV2VsUDBCREJaV0dUSWN5NWtyZFhPUzQza21SS3BZSUdyTXpNQ3pEVmVlcWZfVUIwWDc4ZjVBZVYybVdoLXdlcmE2RXJLLWRYSFBGTnpSaVVJbm1PMl91QmtOUnJTYWY4NUlHOV9XeDBON2E2MDRrUXptV0NRY19pZFJoejU1cDZSYWRidWVIOU84VTJObDV3cDlMM2lKRjZFdmF5LUlUSWRaQ3ZUNVhlUTZYMF9oY0ZNSjhzRUlWVzluX0lPY0g5QlJ4Qi1hSDlyRkVr?oc=5,"Sensex slips, Nifty settles higher; Tata stocks gain after N Chandrasekaran reappointment - BusinessToday IndiaIPO","""(Nifty OR Sensex OR ""Indian shares"" OR midcap OR smallcap) (falls OR selloff OR correction OR ""risk off"") when:1d"" - Google News"
2026-09-17T14:48:11+00:00,2,['India market'],Univest,Axis Nifty India Defence Index Fund(G)-Direct Plan - Univest,https://news.google.com/rss/articles/CBMiiAFBVV95cUxNTEJlVmtyYk85aW9ocHBCVUNUMGhxZmVvOU5DY0U3OHo1bkVyZEF5ZlY5NXR2cGJFNWN2TEU1M3hjR0FTNFhWZnBqcVBSTHl6ZjdFVXNvUDVNNXVCUWdUZkZtbW4wUDVTbWdXLUNmU0FzS2R0X3MwTmJjaE5uWGhEcnVwaTdMbTBQ?oc=5,Axis Nifty India Defence Index Fund(G)-Direct Plan Univest,"""(""mutual funds"" OR SIP OR AMFI OR FII OR FPI) (India OR equity OR market) when:1d"" - Google News"
2026-09-17T13:38:17+00:00,2,"['market selling', 'macro / flows']",NDTV Profit,"US Stock Market Today: S&P 500, Nasdaq Rise Up To 1.5%, Dow Jumps 400 Points As Bulls Return Post Fed Selloff - NDTV Profit",https://news.google.com/rss/articles/CBMi6wFBVV95cUxOTHJsQ0FsWGZmRExhb3N4REZMbm9RU2pqSlZKclJqakd0aFFScjM4YmJkZm13QUY0bUNnNzdfTDNWdE9ncEZwTWdSUzNrYzhpNzNTTjlaRDhvMEpYWWZpQzNIT0llVHl5OEQwWndhQXdYRW95LWtHeVFQNWZoWUN4MDZ4UnNiR2ZDd0U1d0lKbGUtZW9BVFItVlhFOURhbHpnRjU3QVhiQUdqeGo3Qzh5S2UxeGk4Q0FlTGVyaE0zMy1DaThxbUg1RUpvcFRRd2l4MDBQcDhlQUNiMi1Dd1RGdHZLZUpnWkFQaDI00gHrAUFVX3lxTE5McmxDQWxYZmZETGFvc3hERkxub1FTampKVkpyUmpqR3RoUVJyMzhiYmRmbXdBRjRtQ2c3N19MM1Z0T2dwRnBNZ1JTM2tjOGk3M1NOOVpEOG8wSlhZZmlDM0hPSWVUeXk4RDBad2FBd1hFb3kta0d5UVA1ZmhZQ3gwNnhSc2JHZkN3RTV3SUpsZS1lb0FUUi1WWEU5RGFsemdGNTdBWGJBR2p4ajdDOHlLZTF4aThDQWVMZXJoTTMzLUNpOHFtSDVFSm9wVFF3aXgwMFBwOGVBQ2IyLUN3VEZ0dktlSmdaQVBoMjQ?oc=5,"US Stock Market Today: S&P 500, Nasdaq Rise Up To 1.5%, Dow Jumps 400 Points As Bulls Return Post Fed Selloff NDTV Profit","""(AI OR ""artificial intelligence"" OR Nvidia OR semiconductor OR technology) (selloff OR ""market fall"" OR ""stocks fall"" OR correction) when:1d"" - Google News"
2026-09-18T13:00:31+00:00,1,['AI / tech risk'],news24.com,King Charles warns tech bosses of ‘existential dangers’ of AI - news24.com,https://news.google.com/rss/articles/CBMi0AFBVV95cUxOdE55WTNNYXZrcU9yMEpLNkpqbmxyM3JCSTVPZVk0aXFCZDlNUzJOakFaVXZEMzVieVZxWS0ydVh4aC1DdXZOd0xRQ244ajJPMDNGMV9fdHVpbG1rb01tRkNnbEFzYWxhaTZfamVVUGRycXhMUUxQeVFxXzFrc0Nvc0UwVUVoZy16UEdhZ3luUmwxcXNmVWQ4Mi1SUjNwSm9IYlluNkRLc2VOc3Z2TFNrQ3hrWUd3eHRuRjRaVk5LVkNBajl0VDFBTmpfcnVSbTYx?oc=5,King Charles warns tech bosses of ‘existential dangers’ of AI news24.com,"""(AI OR ""artificial intelligence"" OR Nvidia OR semiconductor OR technology) (selloff OR ""market fall"" OR ""stocks fall"" OR correction) when:1d"" - Google News"
2026-09-18T12:32:00+00:00,1,['market selling'],kalkine.ca,Evertz Technologies Stock Under Pressure: Correction Risk Rises as Investor Sentiment Weakens - kalkine.ca,https://news.google.com/rss/articles/CBMixgFBVV95cUxOS0RocjBtRHJ6dnVRel9oUjBlMkVyRVVDR05kUUEtcEpZN0E4ZURrdFBrdjRkUmRqa001djNEQ2Q5Vm9KaGlqQmZaaXd6Unhqa2MyZjRYOTBReXZqc2trRG1oNDd6NXI2MGhqUkhBYmEtZmtXTTFLT0t3Uy1IWDc4eUpLT0tGZkNXSVBDRkhMZXZ0YmNhWnJZdHF4X3NOWjQyNnQzekltTjBHQW1PV0J0WmhCbHZvYzhoclJMalRudUR6dEVCMEE?oc=5,Evertz Technologies Stock Under Pressure: Correction Risk Rises as Investor Sentiment Weakens kalkine.ca,"""(AI OR ""artificial intelligence"" OR Nvidia OR semiconductor OR technology) (selloff OR ""market fall"" OR ""stocks fall"" OR correction) when:1d"" - Google News"
2026-09-18T12:19:00+00:00,1,['market selling'],kalkine.ca,C-COM Satellite Systems Stock Under Pressure: Market Transition Raises Correction Risks - kalkine.ca,https://news.google.com/rss/articles/CBMivgFBVV95cUxNbGd5RjF4bThzWVJ5Q28xLUkyMlNuMGdRWnN0SjIyUmNuWGwxVFk0dEI4YVFkMWxfSmlxcGx2WExyOTVnWW1TeFUxUEg1Yjg3QmVNZVc4Y3I1VUVFdE9wN2l3eGhycXE1OUhsUm1hZHFnN2FwSjlqUS1lVGRyNjRpYTRRczV6cGxsVHdocmc1UHpzQnFoRkpNUUlwU1ktNDl6VkJwTUswT2E1d3BValdHNFd0UUhNQjU2bk04eVFR?oc=5,C-COM Satellite Systems Stock Under Pressure: Market Transition Raises Correction Risks kalkine.ca,"""(AI OR ""artificial intelligence"" OR Nvidia OR semiconductor OR technology) (selloff OR ""market fall"" OR ""stocks fall"" OR correction) when:1d"" - Google News"
2026-09-18T12:17:42+00:00,1,['AI / tech risk'],The Crypto Basic,AMD Stock Extends Chip Rebound as AMDon Trades Near $550 - The Crypto Basic,https://news.google.com/rss/articles/CBMiiwFBVV95cUxNRFRySTd0MXFrcmIzTHNfQS1PVDJSWlJJaXdyVnkyNkFUbWFLT1ZJcklLQnJBaWNTaWFtZ3JTdFNzYV9kLXJVODducTlIVmMtUU02WXZtWFp4X1lwVnkyZXVPZW1CMGdPWnZoVG1sZFduSXdENmZrTjd0dWNWcmFKTFZMZVJhX2JScmpZ?oc=5,AMD Stock Extends Chip Rebound as AMDon Trades Near $550 The Crypto Basic,"""(AI OR ""artificial intelligence"" OR Nvidia OR semiconductor OR technology) (selloff OR ""market fall"" OR ""stocks fall"" OR correction) when:1d"" - Google News"
2026-09-18T11:46:00+00:00,1,['market selling'],kalkine.ca,Highwood Asset Management Stock Under Pressure: Modest Decline Reflects Cautious Sentiment Amid Small-Cap Energy Sector Volatility - kalkine.ca,https://news.google.com/rss/articles/CBMi9gFBVV95cUxNODlOZEdieF8xd1pnZ1dyM0VLNmRJNW1PRF9PZlpTOWFRbm8xV1V5a190b3Vsdmh6bWlsT05VbG0xQ3VPZnVUdFZfZXhSU0hLM3Z1UWJlYTZnbXE0Y2c5V3ZlZ0lXbWNoalk5ZHJxLVg0bFhoS0pzVE8xSWR5TWNiNEFtNlJJVzdOa1k3bGJHWGpRb1lfaUlkczRjOWNxeDM4ZjVkUi1McGtlemRqMkI1dDRDMEtwZHJ0MnhiLUNycFFTNUFqTXp1a2JDN3NMWnhXVjdRUWc3NGlJazQxVnItN3VRYVVzRDZkOE1lR2UxM1hRU3lMb0E?oc=5,Highwood Asset Management Stock Under Pressure: Modest Decline Reflects Cautious Sentiment Amid Small-Cap Energy Sector Volatility kalkine.ca,"""(""broader market"" OR midcap OR smallcap) (selling OR correction OR fall OR volatility) India when:1d"" - Google News"
2026-09-18T11:23:26+00:00,1,['India market'],The Economic Times,"Invesco India Ultra Short Term Fund Regular-IDCW Yearly (₹ 1,159.38) - NAV, Reviews & asset allocation - The Economic Times",https://news.google.com/rss/articles/CBMiqwFBVV95cUxOWnUyMVdrakRsdWRVTEI4dlY1NUZJR1c2dFRwSDFkZUdiWWdkWFVuYVRwVWNFMG1qSTZncGVaZEN3eUlZQnNkUlRVbmJ2UG5oMG11OHo1NnNKdDljUnZHNzBlSnNLdV9LZG1VWnNiS3dyaXA4VUUyRFBMampZLVZUeWlFUGljR09zMnJUY2xLQ2hUcUFKdDRIRVBlWjVPOWpMcjA5Skw1cHpCRUU?oc=5,"Invesco India Ultra Short Term Fund Regular-IDCW Yearly (₹ 1,159.38) - NAV, Reviews & asset allocation The Economic Times","""(""mutual funds"" OR SIP OR AMFI OR FII OR FPI) (India OR equity OR market) when:1d"" - Google News"
2026-09-18T11:22:23+00:00,1,['India market'],Business Today,"Jefferies' Christopher Wood sees gold at $10,000 'sooner or later'; likes India's small, midcaps - Business Today",https://news.google.com/rss/articles/CBMi7AFBVV95cUxPa2lZbkkxSGthaVJkcmRiX3Q3R2NqWGFWbGtRZ0x6LVRvVmxVOHM1aWwxenBmZGxoTGNxVmRMUlUyU21mQkZvb1JDbkp6d1Eycnlvb25ucGoyMnJIWkUxSWVBbjNlekJTSndpcWJXdkVkbVhfZUFxYUc1UDR4OUxzbVBPM1ZPNUh3RTQyemdhZEhFRkdBM2JQYjR6a1ZFdVhmUlNvLVEybWdXa2cxNnlmbGJxV2tZS3RTT1NkNU9kNzQ1ZElUeVJac1J6eFQ2WFl2QnhYV0pPOGNmZXBqdnI1S1IwTlRzc0dfd2VyUNIB8gFBVV95cUxPTk9ISDlsekpidF9tQmtwYk9QcjdCVDdEMWkzdEFEOXdvc21zMFNXWXFldmkwQWNqTC1HdmwzNjNrS3RqbzNvZjBvcVU5NXU2YnI2eVpxUTRQeU1kemJpLW9qZXNBSFlnemM4N2h5QVFTc3lMSVdaVlppaTJwUFJhdVpZekpscWY2aVIxSHRudzlCUGpmZzIyWmtfSjBBY1h2T1J5eW1hRnhjUTJtVmROMFdTVlk2ZVJLZFB2R0E1OVBCWngtUFVBb3V0dWpYY1Q3U1ZFNVZ1Si1IT1FaNmRqNnczeXpBWW1ZZkxIMG9oM0JLZw?oc=5,"Jefferies' Christopher Wood sees gold at $10,000 'sooner or later'; likes India's small, midcaps Business Today","""(""broader market"" OR midcap OR smallcap) (selling OR correction OR fall OR volatility) India when:1d"" - Google News"
2026-09-18T11:21:38+00:00,1,['India market'],The Economic Times,"Nippon India Nivesh Lakshya Long Term Fund Direct-IDCW (₹ 18.63) - NAV, Reviews & asset allocation - The Economic Times",https://news.google.com/rss/articles/CBMiswFBVV95cUxPYUVHNjZ1WTFqNG9MR0gwWnJfRy1mSXAxVFJTTXUwbDVzVGcxUEJUcF9CWWZzYjlheEJLMTMtX2JDYldEcUVGeXVUZU5pakFCcTZvV3FzUjl3QjBvTTVNTDc4dkdpUHhDakVkNmhueUtzNVVaSzVWaTF3S2tvQTNkUk9weWNuOW12QnJzelRrenduLU5QUXlOX2ZYWTl6UF9jaUYtZ085SVZVZW0xUzdETGQzcw?oc=5,"Nippon India Nivesh Lakshya Long Term Fund Direct-IDCW (₹ 18.63) - NAV, Reviews & asset allocation The Economic Times","""(""mutual funds"" OR SIP OR AMFI OR FII OR FPI) (India OR equity OR market) when:1d"" - Google News"
2026-09-18T11:03:19+00:00,1,['market selling'],Upstox,"Top gainers and losers, September 18: Adani Ports jumps 5%, AEL up 3%, TCS falls 4%; check list - Upstox",https://news.google.com/rss/articles/CBMi3wFBVV95cUxPMXRRUXozejh5bW51bV9zYU5oRFpaUWRheXJDMzV0N0xCbkdKUE1YTUhiTnZ6Sk1ES1hRQW5RbjU1SmlwS0NQRkFwSGN3YUdWWmhobHR0Z0JMMFZtdG9BaUh6eEU2cDh4NjFjQVlzZkdsYWYwRDNyTkxNclhLSkhsTHlLNUVjSVFrX1ZIOHRDRFdmWDR2MDFodExXVC1RczB3UjFrWUc5eUI2ZG9WOFR1VUQ2WmtNaGgwM3pKVlB1S1VxTkhpZEdrSUZJYjlrc1FKU01PRi1DOFI4SWhIdThR?oc=5,"Top gainers and losers, September 18: Adani Ports jumps 5%, AEL up 3%, TCS falls 4%; check list Upstox","""(Nifty OR Sensex OR ""Indian shares"" OR midcap OR smallcap) (falls OR selloff OR correction OR ""risk off"") when:1d"" - Google News"
2026-09-18T10:49:33+00:00,1,['AI / tech risk'],Analytics Insight,"Nvidia Stock Price, Performance & Key Factors to Watch - Analytics Insight",https://news.google.com/rss/articles/CBMilgFBVV95cUxOZkt2UndJYUZhc2MzMjlEajJWb3QyMG92bUg3MUxONjJhMFZFUGNlLXpEOXEtNl92YVNGQ0JkTDNZRU5mVkRHcWVNeHdsa3ZycUFmb05PNG5iSV93S01MdDgyNlpqLTdqVHliVDVZeHRUQkZFdHE4dEVwMFZjeUR2M294c2JPb3JaNFV4OUVHVk9nNW1lR1HSAaMBQVVfeXFMUHdNZnZ2WmltQ1RWeHQ1QXNCZDk4RmVTdVRwUXowUk9TSnM4cVRCVVUwWlBjbjRDejBpTEZDZmlXVEp4Zl9ZSUJoQW1XRkh3NTFRUzFQdXhOcVVQS0Q5OEV0c0ctR1ZLNEFBNUdSUm9UVDF6ZHFPX0ZYYW9xS05renpwLURYUFpFR2cwNDdWYUxESHJNLVhJaTJhc0ZXdS1LNmRLUQ?oc=5,"Nvidia Stock Price, Performance & Key Factors to Watch Analytics Insight","""(AI OR ""artificial intelligence"" OR Nvidia OR semiconductor OR technology) (selloff OR ""market fall"" OR ""stocks fall"" OR correction) when:1d"" - Google News"
2026-09-18T10:49:29+00:00,1,['India market'],The Economic Times,"Invesco India Medium Term Fund Regular-Discretionary IDCW (₹ 1,302.28) - NAV, Reviews & asset allocation - The Economic Times",https://news.google.com/rss/articles/CBMipAFBVV95cUxQdzk3dE4yajBNTDlJeEdRYVJPY0xJSDJLbG44dzYzRnFQVkNYb0x3VVFWY0RiaUNOWlNUSmRPWnRKRXlqdUc4UHN1endVSlF6anJxNDdLcGVvMnltVTJDNWdOM09pN2QwSXNlZFkwSTEwX2FDNjJUMmZud0RBV2xoYkNZNHMxRTQ5enlTY0hsU1Jwbzg3MXFRblBfclEzUF9xM0tCdQ?oc=5,"Invesco India Medium Term Fund Regular-Discretionary IDCW (₹ 1,302.28) - NAV, Reviews & asset allocation The Economic Times","""(""mutual funds"" OR SIP OR AMFI OR FII OR FPI) (India OR equity OR market) when:1d"" - Google News"
2026-09-18T10:45:00+00:00,1,['AI / tech risk'],finance.yahoo.com,"Sam Altman, Elon Musk and Dario Amodei want AI slowed as tech stocks tumble. Is your retirement fund overexposed? - finance.yahoo.com",https://news.google.com/rss/articles/CBMilAFBVV95cUxQVDFxUDBhR0lVVzkycE5QOHlwN1JneWxrMG5nMEtCU3lmQW1VOGktVnlmUjF5VVF5QzBVQm9IU1k2d3JLWERVZ3BjSmYzZnRKaExoMm9VUnRFLURZcEljdGpZQml0NXBIak8tTkF6LUIzaTQzWWp4MkVwbzcwWEx1YjQ5Y0hHMDVtd25sUy1fYncySEls?oc=5,"Sam Altman, Elon Musk and Dario Amodei want AI slowed as tech stocks tumble. Is your retirement fund overexposed? finance.yahoo.com","""(AI OR ""artificial intelligence"" OR Nvidia OR semiconductor OR technology) (selloff OR ""market fall"" OR ""stocks fall"" OR correction) when:1d"" - Google News"
2026-09-18T10:24:42+00:00,1,['market selling'],Bloomberg.com,Bond Income Is Easing Some of the Pain in Treasury Selloff - Bloomberg.com,https://news.google.com/rss/articles/CBMizgFBVV95cUxNV3FaX1NaZWVVNG1SWWxXcGY4OTJqZUgtTmNWOXRyOE9CWm9KckZndE1JRFBrZWxjaTEwSWUwMlBRd0lFc1M2SVJjeHB0TXhxdWNKSTFCTDhFWGZOQUNmTnhMaFA4bldnN05rUk90R2lya1JrQmw1VnE5RmNRZm0yTk9RNklXSzI2NURTV2hzYVZlMFM0SlhpdHJiQXJGTkkzRWptTUIwM1ZGZVJKUklUTEZvOE54bEVzREZIaTFCQTNfVE9kU0I1bXFPSzdBUQ?oc=5,Bond Income Is Easing Some of the Pain in Treasury Selloff Bloomberg.com,"""(AI OR ""artificial intelligence"" OR Nvidia OR semiconductor OR technology) (selloff OR ""market fall"" OR ""stocks fall"" OR correction) when:1d"" - Google News"
2026-09-18T10:11:13+00:00,1,['market selling'],Moneycontrol.com,Four indicators would confirm that the market is moving from a macro-led correction back to an... - Moneycontrol.com,https://news.google.com/rss/articles/CBMiowJBVV95cUxPRnprdjd4Zjc5bnFpX2Qtby1NT2FjVW1CM2o1WTZiWGVfMEZQQjRMOWxFVzlwVjMzR2V3Q1BZR2FLS0xsTzhYVG0tWXR3dG1ISUpaLTIySnFpM1pTZFdlRF82SzBPUHBDWnQ2RG12ZEpUN0dXN2xYcGF4RUZiME5zZ2YxWjduaXhNM2lHd1FZWUZfYjVRZlJaSjVuSHozYzc5YkV2TlRuMEE1eTZudHNrWElCQ1l4SEd6X0duN0pEOE1GYWdiNjFOVVgwOTlOU0I3MU8zdDV1RW4wbGhkUjY0a3lMQ0FuVm5WaWswdHVIaEFTRnUyUFF2ZmNLR3FNMVRuU0RQbFhsTmJhYWZqaFlCdG91S2R3bmViM011WVl5QU9GXzjSAagCQVVfeXFMUGpxc3Y0azhlWnZMNEl3YW9KNG9PTkI2U1RiMDlVVWpUWEdCMmg3a1lVYlJBZzEwTlM1d1ktc2huZ1ZXcEFJQjVZdDQ2alNpVWliYS1WZDZZenBNZzJ2c1UtdEJyVUd0TC1iQmpZTXpGVHhjUEF1bTlIZWtTR1NXQU1tekxGTldSXzNXcU04cC1SMl9Ed1lVZ2RlcllXczdycXVpS1ptcEtXZWZSRjJuRWk0WGdueS00UHlSUEZxbm4wQzdqSEJFYTB1WGxLa3F3a3NHSnJEbXVPYS1jcUVtaTNJYVVpdHhiMDctemFwTVdmUFNyMlcyaElKalYzaWp6NlhrWktjZUVDR1ZFNWRJRXhBZXE4cEpiRmRWVXVaQW10SlhwZ0JxM1g?oc=5,Four indicators would confirm that the market is moving from a macro-led correction back to an... Moneycontrol.com,"""(Nifty OR Sensex OR ""Indian shares"" OR midcap OR smallcap) (falls OR selloff OR correction OR ""risk off"") when:1d"" - Google News"
2026-09-18T09:37:26+00:00,1,['market selling'],Moneycontrol.com,Live: Tata Group stocks fall amid rift over Tata Sons listing | Closing Bell - Moneycontrol.com,https://news.google.com/rss/articles/CBMi4wFBVV95cUxNUldFejJVSklnOUl1bkczTXA0V2NNQUF2QjB2UlFRdWNOejVHRUpDR2ZhejRkQktsdlVwc0cwUEFTWk1aV2RUNlVRZjNQdkZ2NUhnd25YTmo3Wnhtcm8xTFcwOTV1RVN6REFCbFBNT0s0X05CZFhvdEJKbzdianR1X0lEbGExV2szb0dfLVNWRGxidEx4NmJUSTdZUG9zRzhQd05yN210ZWRnZnpXdE40Nk9YTWduMXpjWnE1d1NiNi1GaHdJLUNlcVNsb201NjRqS1lLTXB3SW5qTzJyR1ZnU094UdIB4wFBVV95cUxNUldFejJVSklnOUl1bkczTXA0V2NNQUF2QjB2UlFRdWNOejVHRUpDR2ZhejRkQktsdlVwc0cwUEFTWk1aV2RUNlVRZjNQdkZ2NUhnd25YTmo3Wnhtcm8xTFcwOTV1RVN6REFCbFBNT0s0X05CZFhvdEJKbzdianR1X0lEbGExV2szb0dfLVNWRGxidEx4NmJUSTdZUG9zRzhQd05yN210ZWRnZnpXdE40Nk9YTWduMXpjWnE1d1NiNi1GaHdJLUNlcVNsb201NjRqS1lLTXB3SW5qTzJyR1ZnU094UQ?oc=5,Live: Tata Group stocks fall amid rift over Tata Sons listing | Closing Bell Moneycontrol.com,"""(AI OR ""artificial intelligence"" OR Nvidia OR semiconductor OR technology) (selloff OR ""market fall"" OR ""stocks fall"" OR correction) when:1d"" - Google News"
2026-09-18T09:15:00+00:00,1,['market selling'],Analytics Insight,"FTSE 100 Falls 453 Points To 10,710 After Bank Of England Holds Interest Rates, Brent Hits USD 102.5 - Analytics Insight",https://news.google.com/rss/articles/CBMi0wFBVV95cUxQSHRrRHRDS2JoalFpSzZiS1N3RGRzOHgwYW1YUnh4ZDJzZzlDMXlGOVI5NGhFM1NJOWlFcUtvb1AzSi1feXhCLV80U0wzUTM4cTBfMWFaYnM5R1hFOERBMzBBaFRsS3ctY1R5UUl3UjB4dVl5cTRxcVgwZjJ1TEZrd3dSdEdkZllhTVJjNmFCQURzRE56d3dOdkxTeVVFcFNubDZwYTJVMlEzS0h2R0hhbm54UGlMV1RYMHVONm5mbWpOUGZiMjhJdmhxQ2ctSzJoNFBJ0gHgAUFVX3lxTE1YdTVMUUk5cFlkWFlmMk9PcDBvQk1iSHM4RTVPTzhNMU83X2J0UUhoZUIzUy1rN1hYLWF3TFpwWUNtRUF2cnJ6WmlGeENhT0VhTi1WVXQwWnk4SGk0N0ZhdkdqbzA1UXhEQktDS3piT0JVZ09zQWZVZkpZWXhDcjlmX0Z5alM1M1N3b3haN25ZeUhkMFlrLXlVWTZJdHZiNTRhT1lPTmxreTQzbXFIdUF3aE90dkY1bFZEYmJJU05meE54UmZZYkdVZDNxeVNGY1dONG91Rl9RT2RkYVZjWjh4?oc=5,"FTSE 100 Falls 453 Points To 10,710 After Bank Of England Holds Interest Rates, Brent Hits USD 102.5 Analytics Insight","""(Nifty OR Sensex OR ""Indian shares"" OR midcap OR smallcap) (falls OR selloff OR correction OR ""risk off"") when:1d"" - Google News"
2026-09-18T08:21:32+00:00,1,['India market'],Moneycontrol.com,"INDIA VIX Stock Price, India VIX Market Indices, India VIX Price, Stock Performance & Comparison - Moneycontrol.com",https://news.google.com/rss/articles/CBMibkFVX3lxTFAxeUVHdTFQTm14bW5VMU1Fc3dSV3NWYXNscUNWM0YzelRRNEZwR1BIbDR4N0pfZ0FHcnBDQ1RoanFqcTZpdDRIZXd1UkMxYVMwME5RVklOV1FERzY3aUY1dUgxOW90U0p6ZDQ5TTF3?oc=5,"INDIA VIX Stock Price, India VIX Market Indices, India VIX Price, Stock Performance & Comparison Moneycontrol.com","""(""mutual funds"" OR SIP OR AMFI OR FII OR FPI) (India OR equity OR market) when:1d"" - Google News"
2026-09-18T08:15:02+00:00,1,['India market'],Univest,PGIM India Large and Mid Cap Fund(G)-Direct Plan - Univest,https://news.google.com/rss/articles/CBMihgFBVV95cUxQSC1SLWxPeGVwZndMUU5scmlOWXZRNk5KRXZqaVJXYWNPTFdrdGY5S2RrWWxUM2NSNHRSWEZkTnNscHp1UjBGaTE3RTZCb0xfLWp5S3JmOGY3WkltR0FuNlZDMHhzc0lQZVpGaUVWcFkxa0x6dHBrcFU1WEx2UngxakRDSzZZUQ?oc=5,PGIM India Large and Mid Cap Fund(G)-Direct Plan Univest,"""(""broader market"" OR midcap OR smallcap) (selling OR correction OR fall OR volatility) India when:1d"" - Google News"
2026-09-18T07:45:51+00:00,1,['market selling'],The Economic Times,What investors are watching - Why CoreWeave is raising $3 billion; stock falls over 4% - The Economic Times,https://news.google.com/rss/articles/CBMi7AFBVV95cUxPWWNrY0F5dWNCZXVKNkY3anFJRnlwUC1LMHZIeFhiRVVDSzdlWTNFT3ZaUmVCY1ZvbGJsNFdpcmh6R3lUVXA2R2lILW9CZTMwYjQ3SmpXSGx5VHZCcnRrVklaNzQzYlFfV1ZyVks3amlRLXZweXg2cXE3Yy1XOVMyZktwR2tWbG51OHFYbkpiWVhycTFCOVFjbWhGdGNydjBfdWs1S00wRVUtVHd0Z2llVGRSOGFHdEVPYlJVSG42dkpLOWFzNnRfTWFlMzBQdmROZGR2MzlaYlY4a3dxaTVKTUx4VW1DV0J0bWg1cA?oc=5,What investors are watching - Why CoreWeave is raising $3 billion; stock falls over 4% The Economic Times,"""(Nifty OR Sensex OR ""Indian shares"" OR midcap OR smallcap) (falls OR selloff OR correction OR ""risk off"") when:1d"" - Google News"
2026-09-18T07:25:05+00:00,1,['market selling'],TradingKey,"SanDisk Stock Price Prediction: Correction Over? Up Over 6% in a Single Day, SNDK Stock Poised to Challenge $2,000 Again - TradingKey",https://news.google.com/rss/articles/CBMi1AFBVV95cUxPeXgzQWVnR3puNFZZY21rUlVNazFId1dieGdEbUNzcjJaTVJTS3dnUkJZVTVKeHA4dHFuRUdUeVMwV3hrVTJQU2tMNlI5NlNRd19mbnNYWnY2ZHl2RkJUV3V3Y0JSUXdYelh1THFlRWl1WS1iX2RDdVdObzFwek9SOWw1Vll2ZzJ2eXM4cWN5VVZ2NmZJcm9Ja0dqNUE0RXo1U1FNTHRQSThMQmw5cFNqQ1RWOEhsM2dsb1hqYW9SSnNCeVV6UDJqVVcyaTFnb1Y0MzgwMw?oc=5,"SanDisk Stock Price Prediction: Correction Over? Up Over 6% in a Single Day, SNDK Stock Poised to Challenge $2,000 Again TradingKey","""(AI OR ""artificial intelligence"" OR Nvidia OR semiconductor OR technology) (selloff OR ""market fall"" OR ""stocks fall"" OR correction) when:1d"" - Google News"
2026-09-18T07:20:02+00:00,1,['India market'],Business Standard,"Nifty regains 23,300 mark, midcaps, smallcaps gain - Business Standard",https://news.google.com/rss/articles/CBMiygFBVV95cUxOS2VtdFFJcHg0Z0NBcnlkdGZwSHhNSjVqZHcydmwxeG5FMFhSNnNSQTJwZ2N1SjlLUWhiUzlfQW1ETUQzaUU3aTFNSjQ3TnJ2ZVJUVU5meVBQZ2RDMkNjbUFkSXVnNG82dXRZTnViUnVJVkpvdkN4TTc0WlNnMHRrdTRoTjBkZUNGRnVjRC1qRVBaSGNnUmk1SjNETWhCRERFVTNjMGdoenVMYnVQMUpMd0tJX21UbzFGY0h5X3NXMUY0emtWQkFVcm9B0gHPAUFVX3lxTFA3RzBQQXJQVDFOQTQ5VGd1bS1pVGVwLWNvcW1CeVZGUHlzYmpjbnRqRElGcHNyajhaZmpNaWtxUjlkZEIxSzBMeGoxZHB6WVJnQndDOExmSl9WQ1lUcXlOeGZSVVltcTdwR2ZrNDRZNEtRcmNVOFBmTW01dHJfZ0VRT3lXcVpubUwwMUZ4MktVdlZRNDhrQXJNbXExVjdvLVcxR3RtcjNBekpqUWw3Vm9BcUtrcGZIZU9DRTZHRU0waU5UU0ZhcVdVMUt2bXRFdw?oc=5,"Nifty regains 23,300 mark, midcaps, smallcaps gain Business Standard","""(""broader market"" OR midcap OR smallcap) (selling OR correction OR fall OR volatility) India when:1d"" - Google News"
2026-09-18T06:45:00+00:00,1,['market selling'],Analytics Insight,"Brent and WTI Fall 1%, Markets Assess Middle East Supply Risks - Analytics Insight",https://news.google.com/rss/articles/CBMinwFBVV95cUxPVS05RmJRb254dHVZRi1lVzNyZnZvc2FSU25kb21Cd0YzTldHZVRlQ2prWjlQcVhSVkN6N0tSdE1ZbW9aOTVtQ3hjYTB4SXV5RlhzX3FLdXFTR1ZxMm5RRzVmTGtDNENBYlhyZTJwMTF2ZHZRMkpsTWFkRURCRmlQNC12VmNMWWVDbFBGY2FjbDhicmgxTzNsbnlWeWtrNkHSAawBQVVfeXFMTVQ5cHZnVkpkNEFRaGZ2S054NkZMd1hEXzVMX0RDeHAxTzd6OGlfenZUOFpGU1l6bGJRZEtZMTlEaGNnMjZmMXVhR2JaN3hWUzRVNEcyakN3SERtVnBrcXQ0MHNmaVlOQ0VEVmc4SnBidUJpaC1Jd2FnNlg2TWRIN2lEX01EMF83RW82QmktOTl3Sk5KdWlFUmh3XzBnaks2dE5FMUk5ZTduVFJjTw?oc=5,"Brent and WTI Fall 1%, Markets Assess Middle East Supply Risks Analytics Insight","""(Nifty OR Sensex OR ""Indian shares"" OR midcap OR smallcap) (falls OR selloff OR correction OR ""risk off"") when:1d"" - Google News"
2026-09-18T06:45:00+00:00,1,['India market'],Univest,"PGIM India Large and Mid Cap Fund Direct Growth Review 2026: NAV, Returns, Portfolio & Should You Invest? - Univest",https://news.google.com/rss/articles/CBMijAFBVV95cUxNZlJXNjY3UE1BbmdpZ0I5V3gzeDZTUkRVdnZBRVM0WmNjWnl6V1k2T3BackdGcmFDQXFUOFItSHRNU2s4M19EQjczY19RVnQ0aVZ1b1otSmtZbGdNQ1JMbFk3MjJOQ2NTd1pzZ3NGYkducGZfeUp5ZWJyN3JoSWZxZ21xcERNWlNpczIwZg?oc=5,"PGIM India Large and Mid Cap Fund Direct Growth Review 2026: NAV, Returns, Portfolio & Should You Invest? Univest","""(""broader market"" OR midcap OR smallcap) (selling OR correction OR fall OR volatility) India when:1d"" - Google News"
2026-09-18T06:27:02+00:00,1,['market selling'],Deccan Chronicle,"Tata Group Stocks Fall, Tata Chemicals Tumbles Nearly 9% - Deccan Chronicle",https://news.google.com/rss/articles/CBMiswFBVV95cUxQRDlNNnh2dEF2ODV6U2EzblZNeUZpWDlQT3gwYUZEZnZzb3FFU3drdzVYMnZCeDJsV3VSVUJ3MjFKSVV6c2JfOUNEMmFYakVzYVZ5ek9WR0VVNk4tYzl0bUg3Um1MSmtEVDJlTzdtU19IOWhScHgzdkI2eFBKX2pER1g5Z1d3SjJXWTB4LXM4Q0RZdGJ2MGVXWDZzenAwQWw3dzRyeFR2SkVqV3FJaEdhb2cwVdIBuAFBVV95cUxQSVRsNVBFVldDVWFWa3VCSXE5X3FOWTQ0VFNLQnlZd3R6cHhuSG1HcVpuQmpsRU11OVhJV0lQNzFYam50SG5jbGlGWElWUHQyTHBsXzJCNzktamVfQ1VOYXJCZjVFREtDdmpIUjg1cGtNaWJvUDh6ek9wempIV0RzMkJPQkRfYkFURmE0dFUwaUlkOUM0dXNsTjREMW03TnZaV1U1d0xBTThVNWpVRGMzUDJ1eE5sOHMy?oc=5,"Tata Group Stocks Fall, Tata Chemicals Tumbles Nearly 9% Deccan Chronicle","""(AI OR ""artificial intelligence"" OR Nvidia OR semiconductor OR technology) (selloff OR ""market fall"" OR ""stocks fall"" OR correction) when:1d"" - Google News"
2026-09-18T06:12:06+00:00,1,['India market'],The Hans India,India’s wealth‑management sector likely to surge over 2-fold to $436 billion by 2034 - The Hans India,https://news.google.com/rss/articles/CBMi2gFBVV95cUxQU2tLNGRUUFV4dUFETXdfY3Y4XzViSzJQZEpyYk9QWEtqNldzSUNwTUNSSXh3VjJDRFRDOTNrVERuTkhxR2p5QW1ockliU2JjelI4NTY2aE9jbzVLbFZ4anppNF9xTXd6c3N0S0FNd0ZxS01Ga0t1a2V0NzNabXgySDk5b2xKOGlwVllkaGVoSDc5LU13ZlkzS3I4LXZtYU1oN3RhM3RBODI2ZFJfaHh0czZYUjV6REhWRlQ4UjlldldMdzJlcWVGbE41NS1tVFJITzRRM01YVW1EQQ?oc=5,India’s wealth‑management sector likely to surge over 2-fold to $436 billion by 2034 The Hans India,"""(""mutual funds"" OR SIP OR AMFI OR FII OR FPI) (India OR equity OR market) when:1d"" - Google News"
2026-09-18T05:43:57+00:00,1,['AI / tech risk'],The Edge Malaysia,"Emerging Asia stocks ride AI rally, currencies inch higher - The Edge Malaysia",https://news.google.com/rss/articles/CBMiUEFVX3lxTE1WNkhVSm5PbF9ZLXRLOXdibzFIMVN2YWZXc04zWW9lb0w1dU1vd1FmMXhPTXBTVXp6Q1RBN19YYlctMUN2a0xrd0hzLW5FVjI3?oc=5,"Emerging Asia stocks ride AI rally, currencies inch higher The Edge Malaysia","""(AI OR ""artificial intelligence"" OR Nvidia OR semiconductor OR technology) (selloff OR ""market fall"" OR ""stocks fall"" OR correction) when:1d"" - Google News"
2026-09-18T05:26:25+00:00,1,['India market'],Trade Brains,Sector Rotation Explained: Where Is Money Rotating in Indian Equities as Capex Stocks Lose FII Interest? - Trade Brains,https://news.google.com/rss/articles/CBMi4wFBVV95cUxQTGt2Z29SR3d6ZVZWb2s2eHdKVUktYlBOdmVXVzVKamNtV2hodFdrb1AzQlhaYTBOeGV6U1hTY2Nla005ellVQmxjOThfbVZLRFFmSnBrRlNOYjEtV3pfdXhGcmR4YXNzV0xvVDhEa1lEZDJOVTVHcFRDaVQ5UUFIZXNfZmlzb3N6c2dsQ0c4ZDNCamV6UFdPVF9JaldNV0ZsMDBuZ3ZNYVBPdUh4eFpaUjJ0VUk3MmU1UmRNaFhPZHYtb2tfd1RiZl9VbVhmUDZmSG5hb3ZEN1drQzczdjdiR3JLaw?oc=5,Sector Rotation Explained: Where Is Money Rotating in Indian Equities as Capex Stocks Lose FII Interest? Trade Brains,"""(""mutual funds"" OR SIP OR AMFI OR FII OR FPI) (India OR equity OR market) when:1d"" - Google News"
2026-09-18T05:10:45+00:00,1,['macro / flows'],The Economic Times,"Global Market: Morgan Stanley turns hawkish, sees two Fed rate hikes in 2026 - The Economic Times",https://news.google.com/rss/articles/CBMi9wFBVV95cUxPamxFa2tnSkY1Zk85eURFMHM0WlFwaE9QWE8tS0RBVmtBa0NPZEgtSmo0dDREb0dINk5jLWo2V2JvdGFhUFFSZ2stNm1aZURHOEJta2xlSEZuUmwtVmR0bzQ3bXZBRDA3TXNzUzJqdkptaTh0SE9ObU1lTWhNVEF3SFM4TUx3eUNjSVNlb1lmMmtaLXVhaFN6alRqamlsOE9LVWFiSV9memV0RldGTVpGN0tERFlTN0E0UWxMYUJyUlFiMDFNN1E4VEEwdzVEdEJ0WElBbDdyWk1JS0h5WHBoOEUwS0pRdUI0cG40b21heXRyMUphU1JN0gH8AUFVX3lxTFBGY2IwQzB4cFB4X3lfYUdhN2dvNHl6ZTFkZGFHc04tVk1wTFBsQ0dQLXJDX3d5U2ZJelI5VFFWTUdGaS1xV3NqazlQeXYxT3QyMEpvQU5qVjh0dkRGZmM1RnNuZFNIWnZjNG5SWms1SklrT2pZUnd5bUtuUGFwWWd3YzJOMTZkWFJjQk0xX1lRVl9vUGRnb3ZhLXZCNG1SY0RqQU00VHJsanE3S1p5d3VaalA5ZWMwUFhnbW5NQjRVMEpGYnJEU1ZIZHhkN2N0Sm9hc2RTd0NnSEpTa2NVdHlHeVBPanBJQmFSVnJIQ2JYMjFvclF2YWhFM0psbw?oc=5,"Global Market: Morgan Stanley turns hawkish, sees two Fed rate hikes in 2026 The Economic Times","""(AI OR ""artificial intelligence"" OR Nvidia OR semiconductor OR technology) (selloff OR ""market fall"" OR ""stocks fall"" OR correction) when:1d"" - Google News"
2026-09-18T04:40:21+00:00,1,['AI / tech risk'],The Economic Times,Global Market: China’s AI boom lifts factory output as property slump deepens - The Economic Times,https://news.google.com/rss/articles/CBMi-AFBVV95cUxNNnk4aU5vdGxmMlJCU2c5YVA1QW9WdHVJSjd5WkdJelhaNkJjeXo3dHlNWFpNY3lNd0hZWTlVcGltMWJCWWxsX2ZkS3dScUpkcDBMcDhCNlI4OExtY1I4bE1pVllxUng5aGhnSmZPa2hrQ2dOX1JQWVUwaldCWTUyOEYwZWhuRkE5Zk9ad2RzN2JBRGRPWENZc1plRGR1dXM1ZldVMXRRV3NqeUFkMW1CcXpvTVJnQUdkMzlQc0lTOU5SSlZTdUl2em80bzBqOTZrUGdKY1NiY0Z5N0dNbnRMSjJQd0tUbEZ5bWt6RHUzSXRDN3d6TE5hSdIB_gFBVV95cUxNLVZNVlFseERZV19JS1NLNDBGeUR4d3lQVHBhYmNIN293OC15NloxVk1QdTFYWUlaR3dwZGFNaTJHMTdTOEpxMWlRWEpGTTM0MXFKZEdqQmV4TWJGY2R2SzJFMmlmVGlQYmxHRjVBR09iVUdUZnVDQkUzQjhnbWVCQmVLTmVPMmVqd1JyczZENDBDODBrdTJ2R096YWVCTjRQa2RIaklOT1E5bThUT2pIN3RCR0xnbnZoWDBzb2xSVl9KTVFLOF96by1iWkhMdDlDT2ZWQzhvUDhBaEkyQ2NlV2JJSkMwTG41ekZRYkhRcU5mOGFjcDJUdXd6cDJyZw?oc=5,Global Market: China’s AI boom lifts factory output as property slump deepens The Economic Times,"""(AI OR ""artificial intelligence"" OR Nvidia OR semiconductor OR technology) (selloff OR ""market fall"" OR ""stocks fall"" OR correction) when:1d"" - Google News"
2026-09-18T04:26:55+00:00,1,['India market'],Free Press Journal,"Sensex Jumps 260 Points At Opening Bell, Metal and Realty Stocks Power Dalal Street Rally - Free Press Journal",https://news.google.com/rss/articles/CBMizgFBVV95cUxQR2pWaXlNb0ZLZnFWSjlPMUdlbm9KeHR6ZE1TSXB6X3NHbVJ3aVlPanQ0NTV4SXBZcXZvcUVDUEdXV1BnY3BFQWUyWUNSTHI4bGpPR3U2Vnljb1FKRzhiOXVLQ3Zqa2hmVjNlNlpPZFo1cDRoOWRWeldnc0dqX1NnOUdGM1YwQ2syLTVyZlBEV1U5WVlFZlVEVjcxZEhkemthWmRnZlVHU3cyS0hjSTNaa1NRWFlDZWMydWZyQTRfMVdFMDV6dnNqb3NJZFhoUdIBzgFBVV95cUxQR2pWaXlNb0ZLZnFWSjlPMUdlbm9KeHR6ZE1TSXB6X3NHbVJ3aVlPanQ0NTV4SXBZcXZvcUVDUEdXV1BnY3BFQWUyWUNSTHI4bGpPR3U2Vnljb1FKRzhiOXVLQ3Zqa2hmVjNlNlpPZFo1cDRoOWRWeldnc0dqX1NnOUdGM1YwQ2syLTVyZlBEV1U5WVlFZlVEVjcxZEhkemthWmRnZlVHU3cyS0hjSTNaa1NRWFlDZWMydWZyQTRfMVdFMDV6dnNqb3NJZFhoUQ?oc=5,"Sensex Jumps 260 Points At Opening Bell, Metal and Realty Stocks Power Dalal Street Rally Free Press Journal","""(Nifty OR Sensex OR ""Indian shares"" OR midcap OR smallcap) (falls OR selloff OR correction OR ""risk off"") when:1d"" - Google News"
2026-09-18T04:15:00+00:00,1,['India market'],TradingView,"Market Rides Out 'Expected' US Rate Hike, Nifty up 0.2% - TradingView",https://news.google.com/rss/articles/CBMirAFBVV95cUxOVTVzajNnMFFXMVB2amtmeEpOX2ZDVE5vQlhrNmxWeFNjTFQ0bmRiSnF3Ym5GVFRpeDJycEx2WnN1VzJYbXdZRG9JVWhqNW1xaXJvd0FlUlRET280TkoydWFJbnVXLVNtaVlKVGZqTE45SV9vSUJWOVFhMU5vdmJEYk80eXB0cXBBTFE0TE50MmVydkI4RGp3cklObjZQZlF3bWxzWjRueVR6eEFT?oc=5,"Market Rides Out 'Expected' US Rate Hike, Nifty up 0.2% TradingView","""(Nifty OR Sensex OR ""Indian shares"" OR midcap OR smallcap) (falls OR selloff OR correction OR ""risk off"") when:1d"" - Google News"
2026-09-18T03:55:37+00:00,1,['market selling'],Business Standard,"Tata stocks fall up to 8% amid rift over Tata Sons listing, Chandra's term - Business Standard",https://news.google.com/rss/articles/CBMi1gFBVV95cUxPV0JZWTJsa2tockJmUWJQWXluWGc2M0RoUzE2c3lCYTdCN2pUSjJTaHB6VjFKMTZBWDRfclo4T0QzU1YxWktSQUhmbnRlc3doMUdlOUZodERFc0NFVUpYTGg4c2w1d2xWYkJnUTY1dnlhVVQ0WXNUV2xFcUlzWjNLN2FXTHhmV2h5QTBmU1NhWkV0dHlTQmNMb3VJY1VmVWdtN195d0NZV2RYLVcyUER4TTFtU1c2bDNZM0xtNTVXSTd0MWdqWkNrOExxaXVqMmo3dWpneE5n0gHWAUFVX3lxTE9XQllZMmxra2hyQmZRYlBZeW5YZzYzRGhTMTZzeUJhN0I3alRKMlNocHpWMUoxNkFYNF9yWjhPRDNTVjFaS1JBSGZudGVzd2gxR2U5Rmh0REVzQ0VVSlhMaDhzbDV3bFZiQmdRNjV2eWFVVDRZc1RXbEVxSXNaM0s3YVdMeGZXaHlBMGZTU2FaRXR0eVNCY0xvdUljVWZVZ203X3l3Q1lXZFgtVzJQRHhNMW1TVzZsM1kzTG01NVdJN3QxZ2paQ2s4THFpdWoyajd1amd4Tmc?oc=5,"Tata stocks fall up to 8% amid rift over Tata Sons listing, Chandra's term Business Standard","""(AI OR ""artificial intelligence"" OR Nvidia OR semiconductor OR technology) (selloff OR ""market fall"" OR ""stocks fall"" OR correction) when:1d"" - Google News"
2026-09-18T03:38:18+00:00,1,['India market'],The Economic Times,"Small and midcap trade at up to 50% premium, says Bajaj Life CIO. Why largecaps look better now - The Economic Times",https://news.google.com/rss/articles/CBMi-gFBVV95cUxQMHVpUldUTGJxVWlVd2V3Wkh5YW9GajVUUGhXdUppaXJSTXZjSzNmTzkwNGZMRHFoT1hsZVpPX3lHbDkxMUhFNFphSzZDRy1tcWc2RkJOYTFVZ0NRNWlOMk4xMEtrMjdzMElHYU9VWHhoUjRYaXRIb096MnV1UDQtSkZQa3ZmZ3NlemdwbXNaTFVYZG5MamtoN1h6eGk2dkdnVXFpVWw1LVdhVjRpQTI0YVZzSUpnWTh1enVMZ2FRY1NDNjk4d1ZXN01FMFJHb2tXbVJtczc1R2dEeUdCTlVhekxNUDRoZmN2STd1WVFUendWZDR2MVgtaTV30gH_AUFVX3lxTE55cGpUNEhIT1c5OEwwR3lDd09Mbkg3TmZDNUFWV2NKWG82UDBEMXNnVFc0d1JZSGlmV2x3OU5TVjdyajdQR1Q3YzdKaFg0SEJ2WXRiVlFSV0ZGQkVERFdQSGVuT25TNDlya3FUMDVrZl90c2xRazlzekx3NVBxNFJIRlBvQ0UtS0g2WVR2NTdaVjNlZjN2X1dUSktJSWN3Rmc5TXR1LVBPX0dDNnl2MVJHRzY2SDhnZWwtNENsT2lIQ2dDZDZpazVkZm92Ymt6N01hM3QydjZnSV9Fd1E4djlGcFdIOExrZWJUZVJpZko3ZlMyT2MyNzVla3NITWFlRQ?oc=5,"Small and midcap trade at up to 50% premium, says Bajaj Life CIO. Why largecaps look better now The Economic Times","""(""broader market"" OR midcap OR smallcap) (selling OR correction OR fall OR volatility) India when:1d"" - Google News"
2026-09-18T03:23:15+00:00,1,['AI / tech risk'],Morningstar Australia,AI stocks stumble amid growing safety fears - Morningstar Australia,https://news.google.com/rss/articles/CBMiiAFBVV95cUxQQ2dMVV9oVW10cEhUbkNQYWxJQ3AzQVNOMWhsTUJpNWR5Y0FQd05xWWVVQUR1QnljMXFxUkJqX0F0NHEyLWtTNWlLZEhuQ1ZhTzFpMzN3a1huTkthR2c0UkgxVTBZQ3hnSGJ3LWpmWWlwRnF3UU4yUlI1bGJRaHh3cW1UakdWdmZp?oc=5,AI stocks stumble amid growing safety fears Morningstar Australia,"""(AI OR ""artificial intelligence"" OR Nvidia OR semiconductor OR technology) (selloff OR ""market fall"" OR ""stocks fall"" OR correction) when:1d"" - Google News"
2026-09-18T03:03:54+00:00,1,['India market'],Univest,Nifty IT Today: Down 0.50% in Early Trade - Univest,https://news.google.com/rss/articles/CBMiaEFVX3lxTE43Nm5zbXJ0dFFWY0FJY01odHk4T0dLSjAyWkRMaTdxanF0MkxKUmFkWUh4QlB6ZF95VUNmY0xSR1p3NENmUTBEZGVpbDByUGZtWWZsRWZha3BMSEJnTkhWSFdhX1JDX3FW?oc=5,Nifty IT Today: Down 0.50% in Early Trade Univest,"""(Nifty OR Sensex OR ""Indian shares"" OR midcap OR smallcap) (falls OR selloff OR correction OR ""risk off"") when:1d"" - Google News"
2026-09-18T02:06:00+00:00,1,['AI / tech risk'],New York Post,Forget the doomsday fears: AI danger is already here — in its DEI-drenched ‘soul’ - New York Post,https://news.google.com/rss/articles/CBMilAFBVV95cUxNRWljM0puVkduaFRER2F2aVdqWnhEV1FRam5hbHJhVEduV1MxXzVPQWhEeGlMVG1RSnE4bHVTNFB4WFk1Z1BNdElkaWxsbWZFTTBtTFZLVkV4eUstd0tfTU5LZGlGN0pnNWRJR05sZVdBaWpIaHVGXzhkZUtfUGVlRmRsZ2JUYlphOWhjM3FVWjl2QWtF?oc=5,Forget the doomsday fears: AI danger is already here — in its DEI-drenched ‘soul’ New York Post,"""(AI OR ""artificial intelligence"" OR Nvidia OR semiconductor OR technology) (selloff OR ""market fall"" OR ""stocks fall"" OR correction) when:1d"" - Google News"
2026-09-17T23:32:00+00:00,1,['India market'],The Economic Times,"Market rides out 'expected' US rate hike, Nifty up 0.2% - The Economic Times",https://news.google.com/rss/articles/CBMiyAFBVV95cUxOZTIxekxja0NDdFZZb0dnQTA4V2RibV9RNFlPVGJCTmRhUmkyR1lWZi1EaDZZSmNEWU1CWVMzMFhfS3NHVEpRSmVOdmdsT3pQV1VzWjNNVjRNRnlpekFRV3hmZmQxSXp0RGF3a0VudW16RUdmR1dJbTZWdlQ0VXNTcG94Tmg2OUdOeE13RmEtZjY0Tk1mM05ieUdrMWZtQlBMSXdqbllCSmloT3NZc1lYcW1sbXFCb3Z3T0NMNm9BbWxvNURFam1fZdIByAFBVV95cUxOZTIxekxja0NDdFZZb0dnQTA4V2RibV9RNFlPVGJCTmRhUmkyR1lWZi1EaDZZSmNEWU1CWVMzMFhfS3NHVEpRSmVOdmdsT3pQV1VzWjNNVjRNRnlpekFRV3hmZmQxSXp0RGF3a0VudW16RUdmR1dJbTZWdlQ0VXNTcG94Tmg2OUdOeE13RmEtZjY0Tk1mM05ieUdrMWZtQlBMSXdqbllCSmloT3NZc1lYcW1sbXFCb3Z3T0NMNm9BbWxvNURFam1fZQ?oc=5,"Market rides out 'expected' US rate hike, Nifty up 0.2% The Economic Times","""(Nifty OR Sensex OR ""Indian shares"" OR midcap OR smallcap) (falls OR selloff OR correction OR ""risk off"") when:1d"" - Google News"
2026-09-17T22:50:21+00:00,1,['market selling'],Stocktwits,"Dow Falls Over 500 Points, Nasdaq Sinks As Tech Stocks Tumble — Wells Fargo Warns 'Sugar Rush' Behind Recent Surge Likely Over - Stocktwits",https://news.google.com/rss/articles/CBMixAFBVV95cUxNRmFZRzViR0FveVlHR1l5VFQ1cUZYZXgtRlpxV0ZTZElYTnZndWh6OGVodUJ2eWZhb2RhNkEycnFfSHdKQ3VnMDlibDJrWU1OVGZHMmlzOEwtSlJ6NzZmNVpueHpQZGZBNWxSemJtQzV6RF9FajBYc3piQ2taOGY4SFkxMmE1Y2xrUVFDQ05RajlTMGMzMXk2aEJ2UDRWdi1POGplVFpqaHlaeU9rSDBpeVRMcXliX3B1cUNPSVlvRUJnR2pz?oc=5,"Dow Falls Over 500 Points, Nasdaq Sinks As Tech Stocks Tumble — Wells Fargo Warns 'Sugar Rush' Behind Recent Surge Likely Over Stocktwits","""(AI OR ""artificial intelligence"" OR Nvidia OR semiconductor OR technology) (selloff OR ""market fall"" OR ""stocks fall"" OR correction) when:1d"" - Google News"
2026-09-17T22:13:11+00:00,1,['India market'],Univest,Nippon India Diversified Equity Flexicap Passive FoF(G)-Direct Plan - Univest,https://news.google.com/rss/articles/CBMinwFBVV95cUxNTU1QNFJOOFNEeUVTNXFoWHc1RHliTFVHSWxHYzM4QkEyV195TUZRV0pqdVViY1VSbERSZ3o2ZVNPM2Q3VVNuWXU5aVZ4b212cVBOR24xVUc0djNUT2JGWUVSMUxLWUJsOTNNVXRCdmdBcHRPMndmYzZXTVNEVEp2Y2lmS0dRS2tjY0RqNDR6dFBCbTBSRkt6Y2dIMHVIZDg?oc=5,Nippon India Diversified Equity Flexicap Passive FoF(G)-Direct Plan Univest,"""(""mutual funds"" OR SIP OR AMFI OR FII OR FPI) (India OR equity OR market) when:1d"" - Google News"
2026-09-17T22:11:54+00:00,1,['India market'],Univest,Invesco India Focused Fund(G)-Direct Plan - Univest,https://news.google.com/rss/articles/CBMifEFVX3lxTE02cUVnRVVacTBDVFYtcVZlVVh6WkFCNXI5RlZNNVd5UWt5d2NYVUhiZmgwdGplbmJId0VtUUJQblpxUHRSSUFjVFRtd2VFZlBpVmpxRHpyZGJaLXQ0TU50OFZKT0Exd25fdmxucnBnbjFpcjkyM2JCaGtJdjI?oc=5,Invesco India Focused Fund(G)-Direct Plan Univest,"""(""mutual funds"" OR SIP OR AMFI OR FII OR FPI) (India OR equity OR market) when:1d"" - Google News"
2026-09-17T20:57:49+00:00,1,['market selling'],Seeking Alpha,Restaurant stocks: Where the selloff creates value vs. valuation traps (MCD:NYSE) - Seeking Alpha,https://news.google.com/rss/articles/CBMiqgFBVV95cUxNUkxjMGdWYWdPMlFmSmRrRVlQeEtGLU9aVFNCVlAtQnhtaU1QLUJvSUM2eDJsMC1lSXUtcXluSTQwd0ZmTHgxUkFUSVluUnpnd1R4ZHJvdHJEMVFYM21rNVBDd2VxM2IwTEJ6d202ODFidmpTVVliUmxLNDJXbGJKXzdLc2hNWjJNVFpoU25SY0J2R3dhSmlJRnB4X216aGVBUF9fcWVqblNIUQ?oc=5,Restaurant stocks: Where the selloff creates value vs. valuation traps (MCD:NYSE) Seeking Alpha,"""(AI OR ""artificial intelligence"" OR Nvidia OR semiconductor OR technology) (selloff OR ""market fall"" OR ""stocks fall"" OR correction) when:1d"" - Google News"
2026-09-17T20:40:00+00:00,1,['market selling'],TradingView,"CORRECTION: Emerging Growth Research Issues Quarterly Update on Newton Golf Company, Inc. - TradingView",https://news.google.com/rss/articles/CBMi3wFBVV95cUxQcFktcjRtNjBfeTdOaXJURDhPUGJIUkZYOWQ1OUNNVzVnTmlBcExYZl85cjR2bXcwVGF0UUx1UTdVcEhvVkdZdlJadTlaRU1LZElXZVJaWGZVUDJFVWY5R1VQY05sZjg0UHkzcFlkLWlMYXEtbFpUc3Mtb2ZiLTFfVVd5RndnenlCYmpFSmh4azA4dlRSS3JtaWVta0FYYzFyZWdSY3dEZ0xQRUZVWU9CekJlUEdPdC1za3NyRUdUdzNKajhFa0lEUEE3ZGlleXFxZE53QUsxU19LWjhzNEJr?oc=5,"CORRECTION: Emerging Growth Research Issues Quarterly Update on Newton Golf Company, Inc. TradingView","""(AI OR ""artificial intelligence"" OR Nvidia OR semiconductor OR technology) (selloff OR ""market fall"" OR ""stocks fall"" OR correction) when:1d"" - Google News"
2026-09-17T20:28:01+00:00,1,['India market'],Univest,Bandhan BSE India Sector Leaders Index Fund(G)-Direct Plan - Univest,https://news.google.com/rss/articles/CBMikwFBVV95cUxObE5iQ21JMVBwOHluclFFVmNfeTlqSEhXR1VYcFJGSVlmLTV2bEFhZmlQYUZub1h5SWI0NEpMRzVNQlhtZlIzcXpRQnJBNG0yQmtxcG5maFYxcTVOWmFVWVp4UHhNN2VONlJEZENNajNXNExocllCX0lsRml4Wng4eHdSYkh4SVlBMGljeE1EQktHUGs?oc=5,Bandhan BSE India Sector Leaders Index Fund(G)-Direct Plan Univest,"""(""mutual funds"" OR SIP OR AMFI OR FII OR FPI) (India OR equity OR market) when:1d"" - Google News"
2026-09-17T19:10:26+00:00,1,['market selling'],Curzio Research,Is the selloff in financial stocks a warning sign? - Curzio Research,https://news.google.com/rss/articles/CBMiiAFBVV95cUxPNmxBVUhfQ0p2dmEtVDZwQkZYZVNEdE9KRmNkUGdzQTdsc2NTVWdYbmQtU1cyeFl1S1dYa1Jsa21MSGhGb1NucUhrLVlHVTAyam5POWNld1ZmY3pZNlZ0a2JObWlJNlJlMzNfRFpGVkNESzZCSWlpUEJLUjdsMFUxNTdKbmMxOWxp?oc=5,Is the selloff in financial stocks a warning sign? Curzio Research,"""(AI OR ""artificial intelligence"" OR Nvidia OR semiconductor OR technology) (selloff OR ""market fall"" OR ""stocks fall"" OR correction) when:1d"" - Google News"
2026-09-17T18:28:03+00:00,1,['India market'],DD News,"Indian stock markets shed over 1% amid FII selling, weak global cues - DD News",https://news.google.com/rss/articles/CBMimwFBVV95cUxOQ0xENFBGZUdFS2ktWFpSckRxNng5M09tdEVGWEIzWEVHTzBuMjl3OHpPTTl0dHVwaG1tamtkRVE4eUNGM3RwQWctcTZmdG9FeEdjcUlmaEJ6T1cweWlYcmdPek9EcWhTS0FVUUxPZ3I4czZwejRiRnZhVUlsOURkb1VDUGpIUDBSZS0wdlh2aHZQR3JwZHRBc3Z0dw?oc=5,"Indian stock markets shed over 1% amid FII selling, weak global cues DD News","""(""mutual funds"" OR SIP OR AMFI OR FII OR FPI) (India OR equity OR market) when:1d"" - Google News"
2026-09-17T18:20:20+00:00,1,['India market'],Univest,Nippon India Retirement Fund-Income Generation(B)-Direct Plan - Univest,https://news.google.com/rss/articles/CBMilwFBVV95cUxNcHZoalJIazJPUWY1ZXY4S3B5bEk1OURpa1plR3l3LVBxV0I4WXllZjk2czZrTFdpenZnb1ZBdlQtTG80MWEtRHFGS3NuRUYteE1xSzY3U0hWckxIYVNwWlFrN1VaTzdmX25SYmNKNTAtU1RMdkFGZFlDQnVadEhwak05Sk9iVVFyY3RoRWtYWVRVd01BeVl3?oc=5,Nippon India Retirement Fund-Income Generation(B)-Direct Plan Univest,"""(""mutual funds"" OR SIP OR AMFI OR FII OR FPI) (India OR equity OR market) when:1d"" - Google News"
2026-09-17T18:15:00+00:00,1,['market selling'],TradingView,Aeluma’s Selloff Could Be Setting Up Its Next Big Move - TradingView,https://news.google.com/rss/articles/CBMitgFBVV95cUxPODQyOWpkSGdVWlB2RGV6ZG1CQkp3ak1VY1diYmMxdVg4OUNMeGlzSEhsNnZOeFpQY0lGaWhQQlhwTHdmbnZ2ajFpMm9qbnlMUThNN3ZVVXpvUFB4eE9zeGhLdkdlWVFwaEw4V0Q1QWtway1LbC1tYVJOQ2lrM2tna0FyUTY1YjJOMU9STUxvbVFTNzhINmctVXowU0hrRlV3SVhZXzRRQzBFVF9vek5jenYtT0hkdw?oc=5,Aeluma’s Selloff Could Be Setting Up Its Next Big Move TradingView,"""(AI OR ""artificial intelligence"" OR Nvidia OR semiconductor OR technology) (selloff OR ""market fall"" OR ""stocks fall"" OR correction) when:1d"" - Google News"
2026-09-17T17:56:56+00:00,1,['India market'],Univest,Mirae Asset BSE India Defence ETF FOF(G)-Direct Plan - Univest,https://news.google.com/rss/articles/CBMiiwFBVV95cUxPdFJUU1NSdDl2WWNFT25mRlc1OWFTaG1iSW83ZFpNRWFjZV9ocjl3TmtQQXJPMjc5T0Ntb2doNjVJb0lnb2hSTjRWX0ZpeXBpN0hqZFRQOGgtU0E5ZEFTSlJOblcydlExUUdhZGNORWNXSS1RVlR6NUliYlpJODk1anZDWExJZS0xTndz?oc=5,Mirae Asset BSE India Defence ETF FOF(G)-Direct Plan Univest,"""(""mutual funds"" OR SIP OR AMFI OR FII OR FPI) (India OR equity OR market) when:1d"" - Google News"
2026-09-17T17:56:00+00:00,1,['market selling'],24/7 Wall St.,Sunrun and First Solar Rise 6% as Solar Selloff Unwinds; SolarEdge Climbs 4% - 24/7 Wall St.,https://news.google.com/rss/articles/CBMiuAFBVV95cUxQUVJIX0ZiSkdWT0xOU0c0OUtnZFQ3UVdURE1ZUmNyNnZjeXhKOUNlX3ZSSHV4Q05jNUlCdXFJa2FzNU5tbUwzNnVKVi1JZ2RETE8wRW51SXBiQVg1c0lFaXFXNmo3ZHhoRm0wUGZjVWlHRGtFeW96aTNsR2NhZzdWTExHSFFYSWwyUkU5R0xndkpaaG0ySkZ4czQ3TGM5UTNGTjdYb045TUtSckNyR0twMi1ENElHdHNj?oc=5,Sunrun and First Solar Rise 6% as Solar Selloff Unwinds; SolarEdge Climbs 4% 24/7 Wall St.,"""(AI OR ""artificial intelligence"" OR Nvidia OR semiconductor OR technology) (selloff OR ""market fall"" OR ""stocks fall"" OR correction) when:1d"" - Google News"
2026-09-17T17:55:38+00:00,1,['India market'],Univest,Franklin India Balanced Advantage Fund(G)-Direct Plan - Univest,https://news.google.com/rss/articles/CBMijAFBVV95cUxONzFZT3hORG1mSWtLd2RiMkdVQVpxOUxZM1ZLN2ZyZzliRzN0Tm01QUpVZGxTYzNWajNGem1Kem9kUEVLRWlWVzg1a2hqTndBN05lX29KalREbnl3Yl9XbDh6bkp5cTZaUzNOeGFFZDJ5bUlfUjJMMmd4MEN6dG5EVVk3ZU5VVllkcnl3Rg?oc=5,Franklin India Balanced Advantage Fund(G)-Direct Plan Univest,"""(""mutual funds"" OR SIP OR AMFI OR FII OR FPI) (India OR equity OR market) when:1d"" - Google News"
2026-09-17T17:36:44+00:00,1,['India market'],Univest,Nippon India Income Plus Arbitrage Active FoF(G)-Direct Plan - Univest,https://news.google.com/rss/articles/CBMilgFBVV95cUxNekJtWmhPdU94VGFxY0VUU2ZQd1JUTERYOEJRc1ZNR2d2TG92dmpackNNMVBUU1pzdHE0UWRSQWltLVdDd1RXQjY1SUhoMEI5UTRFNlIxLXhWODdqVnluWV95UE1jLXM3NnNNVmJsc3B5aFNmNFlxTVdiVnpOMm9FeFRjVXlQbXNJUEN2dDhtbnB6VmNPdXc?oc=5,Nippon India Income Plus Arbitrage Active FoF(G)-Direct Plan Univest,"""(""mutual funds"" OR SIP OR AMFI OR FII OR FPI) (India OR equity OR market) when:1d"" - Google News"
2026-09-17T17:33:00+00:00,1,['AI / tech risk'],finance.yahoo.com,Elon Musk warns one AI milestone dwarfs nuclear weapons - finance.yahoo.com,https://news.google.com/rss/articles/CBMijwFBVV95cUxQLV8tRHBYcktTMTlldlE4X216VjhObGNYU0YwZ2d5UlJyb1FOUmRPZkxqbGxNUnI5YnlLS3UzN0N2TTBkSFF6Nk9yWTJXUWZ5QklGR3RPSzBWY0dBTnB0UjB3cUhZcm5nRlBRRjlVbW16R09jWmxNaFdPTDRWQXRMenBTTGNLVF9oSXVjNkRBZw?oc=5,Elon Musk warns one AI milestone dwarfs nuclear weapons finance.yahoo.com,"""(AI OR ""artificial intelligence"" OR Nvidia OR semiconductor OR technology) (selloff OR ""market fall"" OR ""stocks fall"" OR correction) when:1d"" - Google News"
2026-09-17T17:11:20+00:00,1,['market selling'],The Globe and Mail,Stock Market Sell-Off: Is It Really Safe to Invest Right Now? Here's What History Says. - The Globe and Mail,https://news.google.com/rss/articles/CBMigAJBVV95cUxOVE9YczVBX2lsTWhSOFNocjdYQThCNnk5Rk5IRHNkYTNwYVpTXzA1ZXk4M3d5R3p5RWN3aGdvVDNhOXBKdFk3UVp2cFNINUdjNWJOSmFscFoyWWRYQlJXTG9YMENCQjJZYWFZdE9zeURTVFEwd00tZndQR1c1UmtvdmotdlFsaEk1R1IzN2VjRTNOZGtmemIxN0w1X0g4V2ZTLU9COEhWVXVmNXZHY1VjMHBEbFVCRzFJMEpwU3lNT043Q21OMU1EMkJpRkJ5b0JWa29rN2h1YVA4VlhRX1gtQ1pOcTlCMFVKRTJpZ043YnpLQlhJWGRCczdOS0pCRVlK?oc=5,Stock Market Sell-Off: Is It Really Safe to Invest Right Now? Here's What History Says. The Globe and Mail,"""(AI OR ""artificial intelligence"" OR Nvidia OR semiconductor OR technology) (selloff OR ""market fall"" OR ""stocks fall"" OR correction) when:1d"" - Google News"
2026-09-17T17:08:55+00:00,1,['India market'],NDTV Profit,"Trade Setup For Sept 18: Nifty Faces Key Test At 23,100, Breach May Trigger Bear Attack, Say Analysts - NDTV Profit",https://news.google.com/rss/articles/CBMi4gFBVV95cUxNdUtZd29sTWF5LUFwMjlIWTBLckcyLXJnMWFwR0IycnA5NXRsZEs4ZHFYN1dOZjBhdEpTdUl5X01zM3EwZjZYbkotYTlTM3ZZLXREeGJaWWw2Z1QzRGFnOEdYTzMyWC14NXh5d2JnMm9sUTV4VllPQkszMjlOdklOTldQVlQ1enJjUi1kMk92WHpnY3YwWXpfUDVLUXMzaWJJT0Jod2ppb1M2aUNHa1I2TUVKWjlNajJiaFRyZU5wSlVlRm95WWtCckduS0xyelZyTWVYTjdfT0s0YjZ2UjVNZWRR0gHiAUFVX3lxTE11S1l3b2xNYXktQXAyOUhZMEtyRzItcmcxYXBHQjJycDk1dGxkSzhkcVg3V05mMGF0SlN1SXlfTXMzcTBmNlhuSi1hOVMzdlktdER4YlpZbDZnVDNEYWc4R1hPMzJYLXg1eHl3Ymcyb2xRNXhWWU9CSzMyOU52SU5OV1BWVDV6cmNSLWQyT3ZYemdjdjBZel9QNUtRczNpYklPQmh3amlvUzZpQ0drUjZNRUpaOU1qMmJoVHJlTnBKVWVGb3lZa0JyR25LTHJ6VnJNZVhON19PSzRiNnZSNU1lZFE?oc=5,"Trade Setup For Sept 18: Nifty Faces Key Test At 23,100, Breach May Trigger Bear Attack, Say Analysts NDTV Profit","""(Nifty OR Sensex OR ""Indian shares"" OR midcap OR smallcap) (falls OR selloff OR correction OR ""risk off"") when:1d"" - Google News"
2026-09-17T16:38:35+00:00,1,['AI / tech risk'],TIKR.com,Forget the AI Doom Headlines. Watch This AMD Number Instead. - TIKR.com,https://news.google.com/rss/articles/CBMipAFBVV95cUxQSDBtcTgyUzBmQWRFNHk3eUdxMTFEalRoQi1DSDhoby1BWG9JU0laMjFVcDdNX3hKX0pjWG40c1Z1eVVMdGhoRWsxZlZYTE9RTnBEb2FIQlJwNXpBWkI4TDNrZ3lUaDhGRlNfVGJmQ1dPaUZVZFRsWHZxLUFzaEprcEttWVJGZkV2OHZYbWRYWGJPUHZ4eHQxX2x5cllRUHEzT0U0TQ?oc=5,Forget the AI Doom Headlines. Watch This AMD Number Instead. TIKR.com,"""(AI OR ""artificial intelligence"" OR Nvidia OR semiconductor OR technology) (selloff OR ""market fall"" OR ""stocks fall"" OR correction) when:1d"" - Google News"
2026-09-17T16:30:11+00:00,1,['AI / tech risk'],finance.yahoo.com,"OpenAI, Anthropic Slowdown Call Won't Derail AI Infrastructure Demand, Why One Fund Manager Sees No Spending Pause in Sight - finance.yahoo.com",https://news.google.com/rss/articles/CBMioAFBVV95cUxQUF8xSmt4UVhQX1NObTVILVZwdDl6MTBaYWFXaTJEYklBQUhXemNKQm5nQ29VazJLNWhRY01CekI4WlpEY1dhS0ZoazBLdEpsTFNRcDdWMVFzODhtd2hvd0FZakwwak5DOGEzQWNyQUlmNm1Sby1JQTJ1bktJWGF6SzUyMUlnYzdHSVZFaHdQQmNZenpHTnlHZ3VjZHFrcWJN?oc=5,"OpenAI, Anthropic Slowdown Call Won't Derail AI Infrastructure Demand, Why One Fund Manager Sees No Spending Pause in Sight finance.yahoo.com","""(AI OR ""artificial intelligence"" OR Nvidia OR semiconductor OR technology) (selloff OR ""market fall"" OR ""stocks fall"" OR correction) when:1d"" - Google News"
2026-09-17T16:05:00+00:00,1,['AI / tech risk'],finance.biggo.com,Citadel Securities: Worst May Be Over for US Stocks; AI Sector Could Lead Rebound in October - finance.biggo.com,https://news.google.com/rss/articles/CBMidkFVX3lxTE42R215em1CdUd0UDBEaWozQVdRSG5EbFRWcDJsVFc4MjBxcGFKLTNHa2tYeEhleUJXWTdTQzBBXzU4UXVBd1laRGtydUg5YjcxOXc4STRyMTRzeXBCQ1hKQmh1bFc2MGF1UTZKTEJPSW5RcGsxNEE?oc=5,Citadel Securities: Worst May Be Over for US Stocks; AI Sector Could Lead Rebound in October finance.biggo.com,"""(AI OR ""artificial intelligence"" OR Nvidia OR semiconductor OR technology) (selloff OR ""market fall"" OR ""stocks fall"" OR correction) when:1d"" - Google News"
2026-09-17T15:36:47+00:00,1,['market selling'],Investing.com Australia,Copper prices rise as Chinese buyers return after selloff By Investing.com - Investing.com Australia,https://news.google.com/rss/articles/CBMiugFBVV95cUxNSWp3VTQ4T05zMGpqV2tLUGZHT0VvczRleEFGYjdPQ1QtZXNZbnlWbVhLWVE0TjRTaHNKUHlvRmhOSi1EeEMzVlNJUjBSTndMNEhnVjVGZzN3T0FJZ0J2bDdCQ3hNcWVpZW9iYWVjZ0xvNlBVOVNJMzk1Z1VQVWJiNW13Q1ozWHVPM1BhUHV0S21pT2NsM3gtcl92V0Z3NV9pZV9DMDEzMTUybGpFVUJySFYybGZmM1Z2WXc?oc=5,Copper prices rise as Chinese buyers return after selloff By Investing.com Investing.com Australia,"""(AI OR ""artificial intelligence"" OR Nvidia OR semiconductor OR technology) (selloff OR ""market fall"" OR ""stocks fall"" OR correction) when:1d"" - Google News"
2026-09-17T15:22:45+00:00,1,['India market'],Univest,PGIM India Money Market Fund(G)-Direct Plan - Univest,https://news.google.com/rss/articles/CBMif0FVX3lxTE1YYjB3UF9qTWJrX3MxNWhXWDRRbXFQYldLWm41VEtYSjhCX0VGblZ4WnoyTWpvbWkyQ2ZHWVM4WGYta29Cck5rUGZqUTJoeXVDbTd0RE1vaUZMQkM2eGp6cDZBYWdBd1p3RXlpdGloWm5IRXFvaGNnSnBkU3lvMXM?oc=5,PGIM India Money Market Fund(G)-Direct Plan Univest,"""(""mutual funds"" OR SIP OR AMFI OR FII OR FPI) (India OR equity OR market) when:1d"" - Google News"
2026-09-17T14:41:16+00:00,1,['India market'],Univest,Invesco India Liquid Fund(G)-Direct Plan - Univest,https://news.google.com/rss/articles/CBMie0FVX3lxTE1EWktsSjJlYUh4cHFxU3dIWlplemRqaExsaXpRekxHbFlrSElqWTVvNURUVGc5TVktTFMxWWh3R1lpMW5RLTNqWVpnQzFRakRoWnROMXVWeVlCNU5BLVVqaloxdzBvVjRsVGZKWVlPNWlLVVR5d1oxamFtWQ?oc=5,Invesco India Liquid Fund(G)-Direct Plan Univest,"""(""mutual funds"" OR SIP OR AMFI OR FII OR FPI) (India OR equity OR market) when:1d"" - Google News"
2026-09-17T14:38:39+00:00,1,['India market'],Univest,HDFC BSE India Sector Leaders Index Fund(G)-Direct Plan - Univest,https://news.google.com/rss/articles/CBMijwFBVV95cUxQRGJCMHNINm9IQS1qQmRIMGhrVFBGWHJLSU5kRTlTejlPUXNxeGQ3cEh3U1U2Mk90Q1h6eE9kNGFIMjRBWmY4OFFMZmZtb2sxTjNRcGpRVkFGdkV2OXo0SkpuQkNnMDFhLXJjNWo0YldMdTFWcy1LSVRiUHhLNFhoOVdKS256M0daaTFNOS01MA?oc=5,HDFC BSE India Sector Leaders Index Fund(G)-Direct Plan Univest,"""(""mutual funds"" OR SIP OR AMFI OR FII OR FPI) (India OR equity OR market) when:1d"" - Google News"
2026-09-17T14:32:20+00:00,1,['India market'],Univest,Bank of India Mid Cap Fund(G)-Direct Plan - Univest,https://news.google.com/rss/articles/CBMifEFVX3lxTFBsZnkxN1h5M3k2My1nVWc1MkhpNFlhWVRVMmJyX3BaWTZOU3FraDJKWG9sd3BmZlBZc3c5ZVpFOWVzSkdja0RObmpsaGFKUi1HTGJxaGtfMUtCTEt4Tmg3eVJ6MVN5eVNZRUFtbVRVTi1vYk1ZMkVlZF9vQUc?oc=5,Bank of India Mid Cap Fund(G)-Direct Plan Univest,"""(""mutual funds"" OR SIP OR AMFI OR FII OR FPI) (India OR equity OR market) when:1d"" - Google News"
2026-09-17T13:28:17+00:00,1,['India market'],CNBC TV18,"FIIs step up India stock selling to ₹3,209 crore - CNBC TV18",https://news.google.com/rss/articles/CBMitAFBVV95cUxNS1lESnp3T3F1WkZyU2NPNVI1TzVkaVVDNzFSaDlxREkwb0lUd043SXZRRnRfRkdTQ2FVaHBYMzkwNVNUN3QwUkJ2VC1XVHo1dlZhQ3NDeTlJbHg1b0xVYmE4Q0hmLVVHUF9pY1U1UU54U2ZVRTRwWDl6QkplN1k0bDQ2b3V1eHlBU1dBWE52NGtzUmpON3VQUnVwWlJkeTFEbFZBRVdqMmFJei1BbG12QjkzZEnSAboBQVVfeXFMT1UzaVY3SWpxeUtzbHE0NVlFSlg3c2xNaXlDcjdHT2N5TjBxc0YzbzdfYUxfZjIzRS1nU1pXWnA0QUVldjZZZndtTmVPNk54YWtYQi1MVEFwcXkwZU1FNy1NdlU1OHdob0pMWXVjYVdpeTAxaUJnaVpIR0dMVTNJSmN4R3hTWFN1eXFuVlU1eXY3ZFdxRWllZGFHc01sb2RsV0l2aXp3a3loVjBSb1lCWWd1Mlp1d3dYOHhn?oc=5,"FIIs step up India stock selling to ₹3,209 crore CNBC TV18","""(""broader market"" OR midcap OR smallcap) (selling OR correction OR fall OR volatility) India when:1d"" - Google News"
