published,score,themes,source,title,link,description,feed
2026-10-07T06:33:05+00:00,10,"['market selling', 'India market', 'macro / flows']",The Sunday Guardian,"Sensex Today Live: India Stock Index Falls After RBI Rate Hike; Crude Oil, FII Selling Weigh on Stocks As Titan, Asian Paints Lead Losses; What InVestors Should Watch - The Sunday Guardian",https://news.google.com/rss/articles/CBMiswJBVV95cUxQMTFRNVU2MlhXRXRKTnFjd1RXVlR3RzNaS2dPblZqcXVzV2t3T0JDbW80RkFGYURGZHBVMm51dk1aZWdBRmQ5d08yXzlpRXBRSW5vMnZpUkQzQ3Z2eS1Pcm9ISXZQNENaZkRtdTlYWmQ5T2xJT085eUk0Qk9Sb3VmMnJFSVZDT3BLQjZjeHN3bmVlUHJfd3lWZzh6ekE2MFI2UVJiNm9mNVFua1htZW1lTEphM0lUQi1CNzhpWnRnaElSNUpqd0lXSThNMDB3NW8zc2FRQVRPaTNJOV91RDlXYnI2ZDBLMW9iUDhVeEJuSGFpWl9GS21tTkFfLW02eEpJeEdQMHZmOER0UE0zQzJER0FRVm9Iak1sWnRqLTRWdkhFZTRSczRud1dMRGFQa3FKZWhF0gG4AkFVX3lxTE5hWmpheDE4V0RxYXZZRHU0Rk5ha0dqM0p6SFlSWlB6RlBab0NoRXhIc0JkOUpFQXBfamFJeWpWOWNBZHZ4ZkdCX2dKYkxaRXZkRmVsX01aQWZHMVlCd2QxUnlNRjhjVFB1THlTWEpwdGRpTl9DNThINFZUVE5SaDdJU1M3SFFBb0xkZkxxWi1kZENObzhDbFFudnlVRmZZNGRpMlBURkxHeTE5ZEdfZ3NQdkx4dWcteVFwVW9xQUdmVU9ZQ2FQNU13ZXAtcWczS1J0ZHJwNmlTVzhHanl5YzR1bGJYYmhvVXUydlFGcTliYUk3cWl5MXhCX2hoT2RiRGJ1VTdkZjRTY2xTWnNtU3V0ZndSRFhuY0dCdnp5VDlfN25OV2VyRlEyRTdmbVh6SGNuSzV3WTdFYg?oc=5,"Sensex Today Live: India Stock Index Falls After RBI Rate Hike; Crude Oil, FII Selling Weigh on Stocks As Titan, Asian Paints Lead Losses; What InVestors Should Watch The Sunday Guardian","""(Nifty OR Sensex OR ""Indian shares"" OR midcap OR smallcap) (falls OR selloff OR correction OR ""risk off"") when:1d"" - Google News"
2026-10-07T03:52:09+00:00,9,"['market selling', 'India market']",India TV News,"6 October, 2026 Stock Market Updates: Sensex, Nifty fall ahead of RBI MPC outcome, Titan drops 3% - India TV News",https://news.google.com/rss/articles/CBMihwJBVV95cUxOSkdvMmhHS0cza01jelM5dGRmcUh5cWVwMWZ3OVJkUGlLVmVoaUhjQnBfY2dweFREOHd3RzV4TGJQYzI1X1l5ZzJZZ1hVcERzckd0REdkSXh1V2N4ZE5TQUQ5NHZ1TTh6dU1La2VGNjFCTG5fWGJBSkNNX0VOUXgtUkdoQmlmM2NkektqaU45UU40X1JCdU91NjQzdHNEZnYtOHJsRmpEQ2stSWhKbnpDR08yWXpJbmdjbHpDN1JvcVdqTzY2T3FHcW5CdjF0bjF6OHNleERmMnFoeFhKblFldzlxcnJWNjVqT1dzbjFUeHF4aVlWZjZ6ellEVXQ4cUtYS2l2TzM1WdIBjAJBVV95cUxNUXpOUktpNzV0M00tanUySzdnYThncGt4X0dwNG9VNjRsZ1lLUGQyemNXby1kU2ZOQldIajZ5dEo4SjVOOGFEV2k5NnpZZVFtUHNwdWZjamhibFEwZDgxeUhzaE1peHFzV0owRDFWQzk3MTRXU2hzQnZUUHNnQzhuaks4UUYzdzFMSGZ4Wk9GU1RDbG13OFVMeWZhU0c2dkNQM2V2SHZDbXl6M0RSbVMzVTRvdURia1FNTHhuLU9QTDJTd0pnU1hCclk5SXZHekx2eDVEWlhnbW1pYUE0SHUwVjFZc3hNeE41eEdrczRwN3FrRlBDMDBMYXpEeVdYQ1RSekwyTUFRNDFoUHVM?oc=5,"6 October, 2026 Stock Market Updates: Sensex, Nifty fall ahead of RBI MPC outcome, Titan drops 3% India TV News","""(Nifty OR Sensex OR ""Indian shares"" OR midcap OR smallcap) (falls OR selloff OR correction OR ""risk off"") when:1d"" - Google News"
2026-10-07T07:52:30+00:00,8,"['AI / tech risk', 'market selling']",毎日新聞,"Tokyo stocks fall on AI, chip losses as gains locked in after recent rally - 毎日新聞",https://news.google.com/rss/articles/CBMic0FVX3lxTE1FcHZkNnhDdy1vSGpyeXFOaHN1dWNzT0JKeG94eEVRV0MzR3dSdjZuQmwwNGIxRWlMM2p6U2h5eWtFSGdBWFVNbXVsRl9GTjhlLUhFYklXb1dBckVpbV9vT0N4T1o2Rmg4b0tyWFd5dDBBaEk?oc=5,"Tokyo stocks fall on AI, chip losses as gains locked in after recent rally 毎日新聞","""(AI OR ""artificial intelligence"" OR Nvidia OR semiconductor OR technology) (selloff OR ""market fall"" OR ""stocks fall"" OR correction) when:1d"" - Google News"
2026-10-07T04:32:25+00:00,8,"['market selling', 'India market', 'macro / flows']",Rediff MoneyWiz,"Markets Fall: Sensex Drops 460 Pts Amid Oil Spike, RBI Policy - Rediff MoneyWiz",https://news.google.com/rss/articles/CBMitgFBVV95cUxOb2ZPNVViRGVEYnM4aGJVeTBxMlRXU1MzdW4yam0yWEptY1lwSUdteDJBQ1IxWGQ4bms3bXdRWmxBV21UWF9SNzZ5c2oySTRzTTlzS0NkczZFWHdPZHJsUFdEcFA5NjlkSDk1YW95VVpDZ2N4cFBOUWpuS29seHZQckJBUXl6cDB6UUphUHMyX2QwRkNoLWppRXYzM095S0tpUElyRnRjQnRkZFpjSVFWd3dBR05hQdIBtgFBVV95cUxOb2ZPNVViRGVEYnM4aGJVeTBxMlRXU1MzdW4yam0yWEptY1lwSUdteDJBQ1IxWGQ4bms3bXdRWmxBV21UWF9SNzZ5c2oySTRzTTlzS0NkczZFWHdPZHJsUFdEcFA5NjlkSDk1YW95VVpDZ2N4cFBOUWpuS29seHZQckJBUXl6cDB6UUphUHMyX2QwRkNoLWppRXYzM095S0tpUElyRnRjQnRkZFpjSVFWd3dBR05hQQ?oc=5,"Markets Fall: Sensex Drops 460 Pts Amid Oil Spike, RBI Policy Rediff MoneyWiz","""(Nifty OR Sensex OR ""Indian shares"" OR midcap OR smallcap) (falls OR selloff OR correction OR ""risk off"") when:1d"" - Google News"
2026-10-07T03:04:32+00:00,8,"['market selling', 'India market']",India Today,"Sensex, Nifty opening: Will markets rise or fall with RBI MPC decision today? - India Today",https://news.google.com/rss/articles/CBMi-wFBVV95cUxNTG8xTFZOUHVFLW5zSncyMTJ3MHlDSmdMWGg1SW1TS0F3TEVkanJmc2hndExKOEcweGtZYWtoVFh2NF9CaF8xZXVnNDlWV21LamdOdXVXVUhjMmFmVFVVZG5nbGF3VlVLMkd0NGNsYzhKSmZNSHVPbnBQcXNxWkI1cDVQa2lUamtrdEtuemZLc2x4WEN2VmRsaERsYzAtRmhvdDMxcnF3aDdMdDRLNGlNUGFleFRqZUZDTXpvNm5Hel9xbERzOUZqU3B3eXNPTDZTYy1lal9GQnlYWGdfRVVob3hfQXZ2dFl6YkUyUXctZnhuU1M3emhBME5XONIBgAJBVV95cUxQUVliY2pyaXFFWmpST3Z6aVhZb2FHQzZZZjNyYVVyaWdtbkFvd2NCSTZZQkZ4ZG9XSjRNdWhiaVV0WFZTVzc4U1ktOHhJSVRWVExrZFNZT3VDZ3czSWdwSmVOaHhwNXVOMGVkUW1Oa2RFZzdWODFfMGNQNlYyRHpyT2dENC1VVklwVjRteUJaVjBGRWF3cmdQaHZHb2ZqLVFnTjYwUV9OMXZUU0xGc29HZFc2bDFwdHd2T3dJcjU4X3ItczNycTBUQ2ZLTDVyd2tWMWZ4WTFfWVdLSU81cEZEaDF1N0lqMzl5NlVNQmZZWm1WMWx1MGtqTTV2WlZtMF9R?oc=5,"Sensex, Nifty opening: Will markets rise or fall with RBI MPC decision today? India Today","""(Nifty OR Sensex OR ""Indian shares"" OR midcap OR smallcap) (falls OR selloff OR correction OR ""risk off"") when:1d"" - Google News"
2026-10-07T01:43:51+00:00,8,"['AI / tech risk', 'market selling']",Stocktwits,Nvidia's Reported $5B SSI Investment Fails To Lift NVDA Stock Amid Chip Stocks Selloff - Stocktwits,https://news.google.com/rss/articles/CBMiywFBVV95cUxPYXVSZWxiMm45VWUycHYwNFZ6UV9uQXV3T1paTVVnWU11YnkwM2NfTDNMLXhyUlhkLXlKRWptNzRDUjZNNE9USkZWQXpHa2pIZUZlUE5LZGJ2TldoUkVZaWxHNjdVVG9BTjMzVlRqVmlBOXVXN1A5cWh3T0JBVTVKZzdOUDdkWlBUeFJrNUZtejl0dEJqVVhybGZzQXNtNWtBY0YzSGNfNS1sSGp2ZzhUa2ZDX09sa2hVTDhBMXB5NTZNVGYyYkhQNmMyQQ?oc=5,Nvidia's Reported $5B SSI Investment Fails To Lift NVDA Stock Amid Chip Stocks Selloff Stocktwits,"""(AI OR ""artificial intelligence"" OR Nvidia OR semiconductor OR technology) (selloff OR ""market fall"" OR ""stocks fall"" OR correction) when:1d"" - Google News"
2026-10-06T12:50:32+00:00,8,"['market selling', 'India market', 'macro / flows']",NewsBytes,"Sensex rises 685.34 points, Nifty closes 22,776.10 as oil falls - NewsBytes",https://news.google.com/rss/articles/CBMiqwFBVV95cUxQMzNkRmRNYU13RDVBcTZ5enZUcGNFQmRuT015V3J3RVNiWk83aHhodEhJajk1WGtHTzNjTFY0NmNjNnNaZ0NsLVJRV3R5Qm4zSW5ZTllRT1UyR0NVQzdXV1RLbDBhUXVlSkowREZjSTRMNXNBWnRKRUxlVzJqLTVEZHA4dUxUM1YzTnFwcVVfVDVyUEcxSzV5T2xnS1U5RkpmbjhsX2lVUGlhUGc?oc=5,"Sensex rises 685.34 points, Nifty closes 22,776.10 as oil falls NewsBytes","""(Nifty OR Sensex OR ""Indian shares"" OR midcap OR smallcap) (falls OR selloff OR correction OR ""risk off"") when:1d"" - Google News"
2026-10-07T08:05:28+00:00,7,"['market selling', 'India market']",The Economic Times,"Sensex falls over 500 pts, Nifty below 22,600 after RBI rate hike. What lies ahead? - The Economic Times",https://news.google.com/rss/articles/CBMi_gFBVV95cUxORVE0SmZ5V2Utbm5DTDViQWIwLVNFRk8xOTN3X3JIYjVBRWVFcWVSTE1faXNSZGFNUE1yeHhqLWxpRFlMSndzdUNxY1pxVjhrMWZXbW1MSElUam9IbWNyTjlBd0lvSFJ2N1VJM29FVUtXWDVHeXN6N3JBZXA2N29DTEZRRndEVDByc1JjN241TlA1X0tBenU1TU9lc25BbXJab3V2bDk2T3VKQVRkTHBvdkVQcU9tRlowbzdZbFBBajJGeE5hcEVLSlljbnFPSGJaQ1FPZ3daeE5neVNIRnJTQlB1ak5nczhxekR3UDQwTkRVR2g0dDF0RVVJX01CQdIBgwJBVV95cUxOOEFBTkhlOHZPYTdDUW41djA0RlBDQTZNZTRmb2MzbkJvdk5ETzBCR1FyOTAwdnF2Y1J2YXM2WWFlekVHTGVJQlJwVmdhUmV6ejdGNTdnR2lJYnMyLW9LeDh2SGVhTlNiQ2pfWUtHT2Rfc3A0N2Y1ZVpmUnc3eW5Cdm13TWlocld5VUFEMUpIQUYwTjdPQlFPQnhBUnNJcnRkNmpKVE9HOXNjRC1NejNLS3A2eV9uak5rb2duNXFJWUc2YkF2WWwzb3JrcnU1MUdiQktFRk9HazFGTDBfX2dQWmFwNC0yUzRKOTdpN3ZZRWsxa201NTBGU3RDbXNoOUpWV2dz?oc=5,"Sensex falls over 500 pts, Nifty below 22,600 after RBI rate hike. What lies ahead? The Economic Times","""(Nifty OR Sensex OR ""Indian shares"" OR midcap OR smallcap) (falls OR selloff OR correction OR ""risk off"") when:1d"" - Google News"
2026-10-07T07:56:49+00:00,7,"['market selling', 'India market']",Livemint,"Small-cap stock under ₹50: IT share jumps 14% despite volatility in Sensex, Nifty 50 - Livemint",https://news.google.com/rss/articles/CBMi-wFBVV95cUxNaG5mTXd0SHZKa3hzM1hwMEMxTnNkZVJoLTd5MFZZcWM5Z1ZwbTZid2RTdE9uMWtVUllGa2tPYXNJMVUyR1Q3VVV3S0xwRWl4REdrWWhvZFBrVWF1NVh0TVM1UjRYQ0tTVFpVRVY0a29RTjI3U3RwV2dRakYtcU5QTlI0WTNvOW1FWUdVVkhWUTNnY3dCV2lhT20zUEI0NXphekphQk5JVGFnLUNVaWo0c2kycWs1NXFFdHlLN3FYYkU0SVVxbWRscG5NUUFERWhqMkhrbThNa0FwNFZEWXVJdWlSTDJyUlE1SXgxYVJkWTRSd0Ria0ZQcnYtSdIBgAJBVV95cUxQY2FyWXB1eGdpNV9sNVByV2c5ald5TDR3WGd0TzAyczRGTTBqYTJQYjZ1dVctaHZjUVNEVUk3d3VLVWRhcWJCT3ZNUzgxaW0zV1VzczFUNEN2bndneFRERV9WdmR4ck5sZ0w0TWFmSllaczJ4c1Zab01wOF8wQm52S3FyRkJWN0F0RWpjSUVRbDhlTF9TMG1Kc0syeWJ4aTBJWm1kd2VHZldITzNCblZwMG9hWmo4SEotbExheE1UY1VCMFVBaEczd0E0UjYzQmhfMTAzZFpJRmtUR3ZvNEQ0RTVLS3h0dk5JZkp4YktzRTg4Q3RvZl8yY2NXN0JHc1h4?oc=5,"Small-cap stock under ₹50: IT share jumps 14% despite volatility in Sensex, Nifty 50 Livemint","""(""broader market"" OR midcap OR smallcap) (selling OR correction OR fall OR volatility) India when:1d"" - Google News"
2026-10-07T07:30:48+00:00,7,"['AI / tech risk', 'market selling']",AD HOC NEWS,"Jefferies Lifts Allianz Target, Calling AI-Driven Selloff Overdone - AD HOC NEWS",https://news.google.com/rss/articles/CBMi0wFBVV95cUxPa1BkbjhhNzl4MF9tYUs4X0xkYUlXbERUU2EzUVFhdHJpaHZoQXB2eWFnLTZ2X3c2VnRjRFcxbndfRUFjaV9yNzNqM2NWZUdBZkYtRW02N1p2elRGYmdiQkY4dnpGeGR2NnNGcWNZTHd0V0l6SjE1LXotMUZuUHphMmtseDZZSHV3Z1pQWHR5VU0zWnN6bzJQRkYtNzJYVEhhcHM4MEFxWVZ4VkNIb3lTdS1ha0dVeW1CTzYzUHZDczhCQ2l3VGEyeW9pV0tocWRJTFBr?oc=5,"Jefferies Lifts Allianz Target, Calling AI-Driven Selloff Overdone AD HOC NEWS","""(AI OR ""artificial intelligence"" OR Nvidia OR semiconductor OR technology) (selloff OR ""market fall"" OR ""stocks fall"" OR correction) when:1d"" - Google News"
2026-10-07T06:46:37+00:00,7,"['market selling', 'India market']",The Hindu,Markets fall in early trade after two days of rally; Sensex falls 460 points - The Hindu,https://news.google.com/rss/articles/CBMi0wFBVV95cUxQcEFINGp1aE5TdjhOMmJlbG41Z2ZoNVJlb0RkZGVqbG1EX3Y5OXp1VmV0dG00S2o2R3NPc2hzR1FUaXplOG9GU0lPS3hkVlpNRUtLb2tmSXhoSVdnZHlPYUwyX0o0b0pkVTAwUWNkQzRWVVAyRFRRd1VNSjkzczE5RzZBWEJ6dkc3a3NCWnBjS0JBYWNuLU1wYkpSdkE1YVI0ZHIzZFRxWXRLTUJTalhLT1hOckxwbmZoNmNkVXJLWkZXdTZ6VFNkWW5DWWJGcFVQeHdv0gHaAUFVX3lxTE1NR3QyeHNVWDhpNTY5MWxKTWF5X0JFYXFqN3pUZ2k2TWx5ZzV3WkZFN1pUWDJ5bUo5Mkh4aTUybEh2VWwwUDBTZlJXWnVESEdqcWpueWRBUTBfdU1pWFVtcjgxcVFpc1k2R1BybFlXTWtaSWFIeEdrdktsSDktTkJheHF6aVJ0MmZkVFB5dTFtUjh2eWQyT3piUWlyM01wZldaaTBUenJ4VWFjMTktdWh0YlVFemZsczhhQVN3eXZMWFlfc2lNc1dJQm5iZjlPUThoYm9HLUNHX3hR?oc=5,Markets fall in early trade after two days of rally; Sensex falls 460 points The Hindu,"""(Nifty OR Sensex OR ""Indian shares"" OR midcap OR smallcap) (falls OR selloff OR correction OR ""risk off"") when:1d"" - Google News"
2026-10-07T05:52:46+00:00,7,"['market selling', 'India market']",Udayavani,Markets fall in early trade after two days of rally; Sensex falls 460 points - Udayavani,https://news.google.com/rss/articles/CBMivgFBVV95cUxQOFVQcVVVel9MTkEzZC1hWnFWY1BLMTc0N1Y4TTBnazBLZlljLWY5SXpsbDBCWkVBXzVuRFFDbE1vZ29iUTVoNmdRdGRwYUVuSTNNMGhkRVZvak1SUUZTT2l3X3U2b2JzMVk5WGlDaWR5QWhsSE9OYUpVb1c1YmYyU1BVWkRuYzhmSTBMWjN6bFFEcVVXQ2V2RVNiYi1SUHlwSG9Nd1hLcklZTkpaLWFOZDJMVkMtZlJaMFQzbHVn?oc=5,Markets fall in early trade after two days of rally; Sensex falls 460 points Udayavani,"""(Nifty OR Sensex OR ""Indian shares"" OR midcap OR smallcap) (falls OR selloff OR correction OR ""risk off"") when:1d"" - Google News"
2026-10-07T05:26:22+00:00,7,"['market selling', 'India market']",Revoi.in,Markets fall in early trade after two days of rally; Sensex falls - Revoi.in,https://news.google.com/rss/articles/CBMilAFBVV95cUxQSGRlSFFPbTR5emtXYVd5VG9pZTQwVURJLUJHSWhaQjNDNGVPRWx5ckt0MXNUVTRMdFZjbk1maFZJcG5SdDZIWnRZSWJlMnJyQXZOb0E0cC0wa2ZpMmVuWGd6OWtvckZSNmlBZldXVElyREJ1UEFielh1M2c1MTdPXzBudk5oS19wRDBmRTRGXzhWVVps?oc=5,Markets fall in early trade after two days of rally; Sensex falls Revoi.in,"""(Nifty OR Sensex OR ""Indian shares"" OR midcap OR smallcap) (falls OR selloff OR correction OR ""risk off"") when:1d"" - Google News"
2026-10-07T05:07:20+00:00,7,"['market selling', 'India market']",NewsBytes,"Sensex falls 446.22 points, Nifty down 161.10 before RBI meeting - NewsBytes",https://news.google.com/rss/articles/CBMirgFBVV95cUxOSk9YdDY0bjlUZWkweTctNDdNTlN0bDRJMklpN2Z4MjRoM3NQZUxnM3kzYW03eXlXOUw4MTBOM0Q0SXJpTnI5a2cwVlFwMUFsQmd1VERWc1hIODd1RWpPQ2dxb0ZYdzQzb0tlZklOYmhfZ2JvQjhkNGtSR3B4N3ZoLUVCMkJHMmZrY1lFVEhadE9oRDVVTnFDckpwQkdpaWZEWFkycFVkclpDOXNKVEE?oc=5,"Sensex falls 446.22 points, Nifty down 161.10 before RBI meeting NewsBytes","""(Nifty OR Sensex OR ""Indian shares"" OR midcap OR smallcap) (falls OR selloff OR correction OR ""risk off"") when:1d"" - Google News"
2026-10-07T04:48:53+00:00,7,"['market selling', 'India market', 'macro / flows']",HDFC Sky,"India VIX Rises 3.89% as RBI Policy, Crude and Global Risks Lift Opening-Session Volatility - HDFC Sky",https://news.google.com/rss/articles/CBMi0gFBVV95cUxQMFVyMTJOaFZNaloyYWpvajVUY0lodGxXNHFveGxXSVBXZjFDVklsV3diRnhqek1JYksxRXo2ZFdQR1h3SGRJWnFqbU45NlIwdG41eGNmZVBrRFh2UlpRMlhXcnItSTFNRm9UT1JldDM4a2FJcDVtOUFUM0d1c3M0bUp2andtQVFhdWVyTlNpQVA3Xzh4aVF5OUZqSEtjWDFJTnJOYk0yaWo2ZlBBeFVPMEFvdzNlU1pSMHB5YlNxNlZMUGNHRk5lTEt0LTcxZ2FZcEE?oc=5,"India VIX Rises 3.89% as RBI Policy, Crude and Global Risks Lift Opening-Session Volatility HDFC Sky","""(""broader market"" OR midcap OR smallcap) (selling OR correction OR fall OR volatility) India when:1d"" - Google News"
2026-10-07T04:25:08+00:00,7,"['market selling', 'India market']",Telangana Today,"Sensex falls 462 points, Nifty down 176 points ahead of RBI policy decision - Telangana Today",https://news.google.com/rss/articles/CBMiowFBVV95cUxQSTZSUXpRSVhPUEJ4RUJGckN5NlowUTFtTVBrbGNLR1pkVDBEb1dkdnlWbVEzWTVtTi1fdG14WUIwbmRjc1k4TncySTJ2NXRKeEhTSElwc2ZJLTUxS3FLNGVyUmJXX1FmbEtuTzFaM2R4NGpLbUtqeE1EMUxJMG96N0FfVXlJSWp4QWM4bDltTWlIUnZHNnpFd3ZvMTFBRUxYYlhF?oc=5,"Sensex falls 462 points, Nifty down 176 points ahead of RBI policy decision Telangana Today","""(Nifty OR Sensex OR ""Indian shares"" OR midcap OR smallcap) (falls OR selloff OR correction OR ""risk off"") when:1d"" - Google News"
2026-10-07T04:07:59+00:00,7,"['market selling', 'India market']",BusinessLine,"Nifty falls on RBI rate decision day; Titan, SBI Life lead declines - BusinessLine",https://news.google.com/rss/articles/CBMizgFBVV95cUxONXpjbTFYRnpPdGVicm9zZzRfamxlVTdLbzZXdWM2a3VmaENkZ2VKcnFGRlU0a1R4QjJHdk5fc0luaS02ODRPZTZkc0k5cnExaGVyeDJWbGN0bE1KUHA0dGVoRkVXdVVMLVBQVlkxeDlsODdhSDRRTk5JVDZJZFduWmNEVklhRXVXTkJTLVlBMWZicnhYODFhLVVod3JCSjBVSlNYRFVKeklSaXZWNm8yRnJvUW5MZ2FwQVhTU1dzTmRXQWpVOFE3WGFaZkJMQdIB1AFBVV95cUxONDZZRHpwU24wZGNkb1MwY3Z4SU9weGJMRGFoU0taaGlPdXkwSWpDQmM3d0FqeDZPUkd3NEpLem5oVnNfbWFYcGdXYW4tLU1XU1NXR2YybjU3TXpWNWJ5dlZoVXc5WDA4LXBkZzFicnJ2bTZUTDBNak1UX2dybk5ERnhvN1ZIYjdlUHZuYTF2alAzZmplQUpnNVlJQVQ1aVhnWVoxbkxINmNWTTlqVTRsNUVoNjBEakxiVTFoY3lkeW9nbjJYQWV1LXEzTzlTQzhkdWVpLQ?oc=5,"Nifty falls on RBI rate decision day; Titan, SBI Life lead declines BusinessLine","""(Nifty OR Sensex OR ""Indian shares"" OR midcap OR smallcap) (falls OR selloff OR correction OR ""risk off"") when:1d"" - Google News"
2026-10-07T04:05:18+00:00,7,"['market selling', 'India market']",Bhaskar English,"Sensex falls 400 points to 72,600: Nifty also down 150 points; heavier selling in auto and metal shares - Bhaskar English",https://news.google.com/rss/articles/CBMitwFBVV95cUxQMGFGMW14cktTM1h3cmtXMTBWbHZyZm5nQjc2Qms5ZzZod3hqbURRcFBMNlJpdVhyU01JYl9ZVWVDdk5IVzRra3Atbkt5bzlpSERFd2hQQXJVYWllMTNBNUw1LXAzNVdTWTMyS3NVS09XS0UtTlZwXzRyZFhhQ2dMQ0x6TEliRGVqM3c4QjB4NFdXZk5iQ0FuTFFZMkpTaGx6VHJac0pqZGhZSENqSmtIaWdtYzZxYkXSAbwBQVVfeXFMTUZVcWNmRVpYMlpBb0Y3QWhyWkdVVnVUVDhTSFptc3JycWlEYWt6eXZWcFY5Mnh5MmpQSnJ5eUxOMUpNVTdtNk5zUHhpYThETjdkTFpmSEhHeU5oQ3lvU0h0ZFpuMTMxT29ZVXdWSTNzTlQ5eldpRHY0RGFfdHdubU9aUF93YnpBRS01cS16VjFRZUtzc1YzU1VRT1lLYkllcFMtdTFXbDhYSzBxNlBJbmtjRTF4TzhhWmlKRFY?oc=5,"Sensex falls 400 points to 72,600: Nifty also down 150 points; heavier selling in auto and metal shares Bhaskar English","""(Nifty OR Sensex OR ""Indian shares"" OR midcap OR smallcap) (falls OR selloff OR correction OR ""risk off"") when:1d"" - Google News"
2026-10-07T03:55:13+00:00,7,"['market selling', 'India market']",News18,"Market Today: Sensex Falls 447 Points, Nifty Opens Below 22,650 Ahead Of RBI Policy; Auto, Consumer Stocks - News18",https://news.google.com/rss/articles/CBMi-AFBVV95cUxNVDZXcDZ1X1BQZHZoSEVDZUJiTWZwVjU1S3ZFSXNrZnBxcmRFN2V3b1VQSUYwaXJjWVpUTmlQLWxYVGNjNTU2OXR4VXZuRG5PeUtXT0V1VmpDOXZHTHhZbHRNSGdYaWFhaGY4U0FrSGc1enpITUdFVVNOOTRxRmZGRGt6NHhweEpkdmZrdmwzM2F1dlBYY24xeC1oQklVQW1BX1RTOU9YaWl2bnVsRVhqWDYyYkNaX1F0R2g0Yk5hRnZoa3M1QnQ3TVJwVEFYeFBpa2lGY0JCa0ZmNE9RZWo0QnJ0V3FOamRXN2VzbGZvNGthaVJDakJBbtIB_gFBVV95cUxNcngxUXRxV1BCZnZfX3hmU0pIYko1WHcyUGFkeVhKdG1leXFDY2c2THVnazVtVndZR1NIaFZxam41X29KRVByVnZtVE05NE9BSjR4dlNVd3Y3R3BTZDhwb2RJOWEzRWdLXy1iN3BxYlhrcEM4M1NTSFI3NWs5b3FjUURkUU5YSzBpVndISW1EaE5xbm9mM0gyU0p2VGtfYWFBSHozcVV0cjl5SUxJTjM0R2NRS3pGZnU5cmZJZjVRYW0wMEItLTJSNElQWGhLUjFmbnAycHdxOXJadXlRMklNQ3YtVUYzS3d0MG91RU5iMHo2NmlyazNGVEFSN0kxdw?oc=5,"Market Today: Sensex Falls 447 Points, Nifty Opens Below 22,650 Ahead Of RBI Policy; Auto, Consumer Stocks News18","""(Nifty OR Sensex OR ""Indian shares"" OR midcap OR smallcap) (falls OR selloff OR correction OR ""risk off"") when:1d"" - Google News"
2026-10-07T03:49:45+00:00,7,"['market selling', 'India market']",Hindustan Times,"Sensex, Nifty today: Markets open lower ahead of RBI policy; Sensex falls 446 points, Nifty slips 161 | Business News - Hindustan Times",https://news.google.com/rss/articles/CBMi7wFBVV95cUxPdFdwVDJnTmJTOVZVN2tsdDlkMXdYZGh5Y1cwWlpjWHh5MDV1QVdVam9Cc0dHTFFfMDEzUlN4NV9mWExqRGVScUtqRjdXNHRxSVMyLXRVeTFEd3A0WWNxXzlHemh0ZXVRN1lYYkZtb1FUOWNVWkR0ZDVzVWJqWHpDSzZCVUVfOTBWbzRQVk5ORi0wTnBldTdfMS1iekdTczg5WXVRR1ZKek9MNjFMM3JCY2ZxOVRkX0xsVzd1c1Mza0ZfdzRudHRGNVFxX1FrZE1NLVVPVGZPdi0yZzQ4TjBINS1JTENtaDVxZWJNNjQtWdIB9AFBVV95cUxQOUx6SXhTb0t4MkVhajJxcmxOTUkxdjdXTTgtLW5KOUNmRHFMSDJfTlFia1ktYU41Uy14dmhZME5JLXRxSm5NeGpMb0N5UkZWTkg4X2drLUNXUl9acy1pNEtyeWhVcnZVVjBjZFZ2dEZxdXBOOGZIMG1ucS15UVpSSHpFczBYSFljYmcxQzBnbFphRzJZR2tlUUFZTjQwTEdWYW1Yc3FfX0RPcEpYUkF4b2FvTUxuYmY5UDR2SG0wOWJDeUQ3dmNxZkEweDIzSHM4MjcwZm9RUGNuNXZkNERGcDg1TXg0WkVLTklZekJYUUxjVHpq?oc=5,"Sensex, Nifty today: Markets open lower ahead of RBI policy; Sensex falls 446 points, Nifty slips 161 | Business News Hindustan Times","""(Nifty OR Sensex OR ""Indian shares"" OR midcap OR smallcap) (falls OR selloff OR correction OR ""risk off"") when:1d"" - Google News"
2026-10-07T03:49:03+00:00,7,"['market selling', 'India market']",Zee Business,"Stock Market Today: Sensex falls 100 points; Nifty slips below 22,700 ahead of RBI Policy decision - Zee Business",https://news.google.com/rss/articles/CBMi2gFBVV95cUxPWjNYZndxSU9PN2IxVkY4X0drWjI1bDJMblBnMFFOM3NWclNyRlFMNWx5ejVaQV9xTnRZSTNOR0RqRjJIR2NoZ0NTdTYtdTBnYUI0QkRPNEFIOEc1NVJydTdPc3RpeHRVc3IyUkdYUkc0X0k4R3dCckRmalE2VXpFZ1hFOF9GLXdiQmxnYVlpUXpoQlN1X2MyalNrZjBKLWFlcGJSc3NMc1J6RTBIclZoVFpFQmdMSENsWTRCamdRZmtLQVBJQjhiWjNXU0FLV055V1d1aU1JWXZxQQ?oc=5,"Stock Market Today: Sensex falls 100 points; Nifty slips below 22,700 ahead of RBI Policy decision Zee Business","""(Nifty OR Sensex OR ""Indian shares"" OR midcap OR smallcap) (falls OR selloff OR correction OR ""risk off"") when:1d"" - Google News"
2026-10-07T02:46:19+00:00,7,"['market selling', 'India market']",Moneycontrol.com,"GIFT Nifty falls 100 pts, signals weak start for Sensex, Nifty ahead of RBI policy; Asian markets decline - Moneycontrol.com",https://news.google.com/rss/articles/CBMi-wFBVV95cUxNd0o4d2tXQ0JpZXNhY3UwQ0VFdnl2UHpjQlpvUk9wSm1Zb19pY1VLQVFZT3lkRjRVamR1cUYxb0xwNEViX21veFFoanYyLXlIUHVoUXRwRDRpckt5SjlOWTU1RjBHSE04cUI2aGN3Z2VvUUFqYmNxLTZxckViWWhvM2s5Ri1iWkMtNUpYREpSVkJvdTJpeGVLX2dWZFFXSzI2MHdjYzRKcHJIbEFLMy10Y2tuZ3hybHZWVzlCSTA4ZkY2aGRHQXUxRUd1eDZQOVc4T1VQQm1ORVgyNFBweWtYQVQwTEpaY2VBTnlTTVdwS3JsZ3VFcXV5aWpSUdIBgAJBVV95cUxQNU5JU2J5VVJXNjg0Vk9fWFNzbXAxaEdHTHZvV19oYTdmcm0yWkQzRnJxSmtzYTVtdk9MbFpDN0dlUzhLX2FhQUhRMXllTVlXVDZhQmdBdEplVTJ6bTdEbTZKMThvNlNlOFpfalFOQXRGWHlzUWphRGVSdk9GZmhpTDJiZ1A4T3UxSkpvWE9JZFF4dXlzNEZha29lXzVsQjJmdF8zeE03MFF0OXFWSkExdlJUNWQtTVdDaC1tSEl6dm9SejhUREJKX3lwVHJaYUhzTlRxbUNnMTd2blAwVW92T1hGMS1xZmxUaGt5YWZxa2NvNkdZZlY5SFRqeHhoM3JB?oc=5,"GIFT Nifty falls 100 pts, signals weak start for Sensex, Nifty ahead of RBI policy; Asian markets decline Moneycontrol.com","""(Nifty OR Sensex OR ""Indian shares"" OR midcap OR smallcap) (falls OR selloff OR correction OR ""risk off"") when:1d"" - Google News"
2026-10-07T02:14:52+00:00,7,"['AI / tech risk', 'market selling']",The Economic Times,Global Market: BOJ's Uchida warns AI boom could trigger market correction - The Economic Times,https://news.google.com/rss/articles/CBMi4gFBVV95cUxOQlhMVlZxUzdNRkJBZVlvUFp5NEpqOVYtOFZmRHZDWi1PQXlKc25EbWVKT0tvYURvSTI4amNwNGFwYk14ODRtM0lvU1pob0U2ZklDLWV6Vnc1UkJ5TTFZZnRkS2hYNUJFRDBmQlFxeTlLVlZUTkhhb0pNLXZUVUc0dXd1WlYwR0FfZG5hcExQWWc5RWRHUjBGQkFEXzlQeXFqMkJETnlsT0J3U0xmUC00b2Q5T3hoMTRhdjU2QXRmZU1GbnpOdm42QjZxeXJTN21WanhGUjA3WVZ1dzVDcU14SW9B0gHnAUFVX3lxTE9pVG40TzZFc3JiSWV1ODhZX0VUWW4tVEd2ZXF2dUpIZElZTGZEQUdZZk5rTnFLbkhMc1hoZUpFX0tSRGxqREdUX0NicmVjZWRtV1l6dU9Famg3NjhXM1dBQ2s0aTdibjZOMjlqZzAxdGVVY1k5ZzdqbzdQM2dVMG0yRV9PUXViWlh4dDFvT29FYVEwRWdoQzhpVVA0RWtvNnFjOVdRT2lZN2w3T0k3Vy1mQjZSM25WZS1yZEVVZWlSaTJmbHJmUkdXQzZDMEc2cmhsVENsR2FLdjdwczltRWhlQjdzV2xtOA?oc=5,Global Market: BOJ's Uchida warns AI boom could trigger market correction The Economic Times,"""(AI OR ""artificial intelligence"" OR Nvidia OR semiconductor OR technology) (selloff OR ""market fall"" OR ""stocks fall"" OR correction) when:1d"" - Google News"
2026-10-07T00:03:41+00:00,7,"['AI / tech risk', 'market selling']",Crypto Briefing,RBA warns an AI stock correction could hit Australian household spending - Crypto Briefing,https://news.google.com/rss/articles/CBMidkFVX3lxTFBXOFZOQURKOVc5Y3cxQi1EV2dtS2tidVdCWWp1cHkxUkRoTWdiVXdMQlJXM28yV1lfR1FVSXdQYnJoX0ZDanBxLXRmUWxyRUVub3lTQ0llSmktN3NhMjUwOGpiaFVIeHNlc2dzVXZxYzJMbDVrTVE?oc=5,RBA warns an AI stock correction could hit Australian household spending Crypto Briefing,"""(AI OR ""artificial intelligence"" OR Nvidia OR semiconductor OR technology) (selloff OR ""market fall"" OR ""stocks fall"" OR correction) when:1d"" - Google News"
2026-10-06T22:15:50+00:00,7,"['AI / tech risk', 'market selling']",Stocktwits,Nvidia In Correction Territory? Investors Parse Fresh Risks From Chinese Rival - Stocktwits,https://news.google.com/rss/articles/CBMi4gFBVV95cUxQSnVqQ2ZlZm56Q2Z0QmxkeXlGMmtHS1dpV3pDZjdLYWxUMU5MaFU5R1BHQWYzS21ObDJBWUpvQXl6eTZ0ZHIyY2FMTDZ3dHlQWFQxcWF0MlVsOWw0cjc5V0F3ZDhOcVZaejU4VWNsaHZzYUFlMHdoTFA0MFRIb01Qb3RvUzVxc0duc1NjX2tBZ0dBUndFZzdPb0RMT3ZYanNZd25KazhGY1JkRm9DbENEQ0RkNU1rYnVoQ1BmclBsVnlKbjNoQVlIeUI0bzVBTGZVU1phYmJaRzdVTHlJYkhJbmxn?oc=5,Nvidia In Correction Territory? Investors Parse Fresh Risks From Chinese Rival Stocktwits,"""(AI OR ""artificial intelligence"" OR Nvidia OR semiconductor OR technology) (selloff OR ""market fall"" OR ""stocks fall"" OR correction) when:1d"" - Google News"
2026-10-06T18:44:28+00:00,7,"['market selling', 'India market']",Goodreturns,"Sensex Falls 100 Points, Nifty Slips Below 22,500: Top Reasons Why Stock Market Is Down Today - Goodreturns",https://news.google.com/rss/articles/CBMi0gFBVV95cUxQMzBqUTZlWklTM1lWSzNBUFlYTUdXRi1hS05KX3VWVFBxQ1NMNTJoNnJiaVFkam1paV9Td3k2NWhMenJHWTA5eXpHSWx5ejJYMkV3amloSkhmWWF2aThBdG9qanBXNms1ZnBDRmczMTNBeGlmaC1rQkN2M2VZbzZEWm9rS2ZxdmN3LVBoTXJ1N1EyZkVMMWxvOHRwMGdjal9jbWlDNmJkelY3ZGZ6U3ZOcTJuZVdzS29PX29idFlSRU1OTnRZT3BjQUt2dElXSXNXRVE?oc=5,"Sensex Falls 100 Points, Nifty Slips Below 22,500: Top Reasons Why Stock Market Is Down Today Goodreturns","""(Nifty OR Sensex OR ""Indian shares"" OR midcap OR smallcap) (falls OR selloff OR correction OR ""risk off"") when:1d"" - Google News"
2026-10-06T15:12:09+00:00,7,"['AI / tech risk', 'market selling']",ProVideo Coalition,Retouch4me Lab: AI color correction for a whole shoot by Jose Antunes - ProVideo Coalition - ProVideo Coalition,https://news.google.com/rss/articles/CBMikAFBVV95cUxOZ0JuMVYzV0tnSmFSRnRxOWZ2UDd1VnpXSXdPTmlhOXh6ejZ5Um1UbXEwYmVNR25yUFJLWXVyUVR0NVV6SlFTV1NKT3JjRUJrQmdNckhYM1o5RWZKVG5HNVlpVmRmT2NKYnZCeGc2Wk83d3cyZTAzQ3NCNkxobmdDTGNhOEdIVHlJWTVWTHFjOUrSAZYBQVVfeXFMUF9CeC1pY2hDM01GNFFVUjR1emdicVRBWDJzNFVYT0szTElsWE1xNTk4bWkxclJaamxjVVYwNkZyUG5STVEzS0VJMzlmQjRncjI5VWdRalpqN0R3dVFhSnl0RWxzYzhEWkJiRnUybHZxMG9PdFRMMnFaU0NFQUVfV1F1VU9VSnFVZ3VDUzhxZUhsVE1BV2VR?oc=5,Retouch4me Lab: AI color correction for a whole shoot by Jose Antunes - ProVideo Coalition ProVideo Coalition,"""(AI OR ""artificial intelligence"" OR Nvidia OR semiconductor OR technology) (selloff OR ""market fall"" OR ""stocks fall"" OR correction) when:1d"" - Google News"
2026-10-06T09:25:38+00:00,7,"['market selling', 'India market']",MarketsMojo,General Insurance Corporation of India Falls to 52-Week Low of Rs 313.55 as Sell-Off Deepens - MarketsMojo,https://news.google.com/rss/articles/CBMi1wFBVV95cUxONl9JUlRhYXB0bE9SQzBOY05rZ3oyN2s3V1Y1MjFrVFdHandWemxtU2QyckJ4ckY1RUE1SzI5emhITFl5X05GcnpORTFnSVNCc1pSVkNBQnRnRjM5OV9MaW9kd3VjYjduM0VlY05xVkt0QmhPS1VaYXQ1X0VRMmswbFJLVWVERUR0dHczTGQySHVNQm81T0d4T1VtODdwT2pmRnE2XzUycDc4dzJJNFJtcFJSZmc2VUFiVndyYmhSdWdfTFFKWnhLLUw4Y1BybDJGSS1nU0hmdw?oc=5,General Insurance Corporation of India Falls to 52-Week Low of Rs 313.55 as Sell-Off Deepens MarketsMojo,"""(""broader market"" OR midcap OR smallcap) (selling OR correction OR fall OR volatility) India when:1d"" - Google News"
2026-10-06T09:22:00+00:00,7,"['AI / tech risk', 'market selling']",kalkine.ca,SPARC AI Stock Faces Fresh Downside Pressure as Investor Caution Builds — Is the Correction Deepening? - kalkine.ca,https://news.google.com/rss/articles/CBMi4AFBVV95cUxNaE5xS1hCMEJta1dPcVVRYzZWTmZYZWlNcDZzY0VzVktsX0QxbFo3UThVS3BYRHZ1ZUJsQVQxdy1KRGdmclplU1BCZkVwNUhYQ2RROEoxY1BSdkhKYjlFWTFmVG9aM1I3ZUhPV1Y1Q2dRR1BEN3hGeVhVTDVOalM3TTdNRFNUTW5YWnVmYWM5RkdZSnZDYjA4UGlWckR4aDV4dEpjMHVsZ09QcEFaZkhRX090eUFySE9TdnB1SlREZFI3VVA4WnBWX0ZiY2FjaGlqbU9WM2hYUjJNbzFjcjdPQg?oc=5,SPARC AI Stock Faces Fresh Downside Pressure as Investor Caution Builds — Is the Correction Deepening? kalkine.ca,"""(AI OR ""artificial intelligence"" OR Nvidia OR semiconductor OR technology) (selloff OR ""market fall"" OR ""stocks fall"" OR correction) when:1d"" - Google News"
2026-10-06T08:57:31+00:00,7,"['market selling', 'India market', 'macro / flows']",Rediff,"Nifty gains on Brent crude pullback, but analysts warn of continued volatility - Rediff",https://news.google.com/rss/articles/CBMizwFBVV95cUxOZWZFZzRyTWVFejdPQmtwRERIR3J0dGRDaUpPaFEwbWMyR3E2TGlITU0xeHRCNFpSaDEyODJoU0lGNkFYbzQyUnlDX0szUmlNS3NScE5WalBnMENRRlVWaEswaHJnaHd6Mm9kSWJzNDB5RThESjkzdlhaMUFRb3RmLUlkMDRDVkJFa2otLURrU3FsZUFlSklyei1NYUU1c0dvaHB3N05ET1Z6Sy1mSkd1cnJXYVJWQUN0UlpMa051QlBCSmk3Z2VScGVWYkpsdWfSAc8BQVVfeXFMTmVmRWc0ck1lRXo3T0JrcERESEdydHRkQ2lKT2hRMG1jMkdxNkxpSE1NMXh0QjRaUmgxMjgyaFNJRjZBWG80MlJ5Q19LM1JpTUtzUnBOVmpQZzBDUUZVVmhLMGhyZ2h3ejJvZEliczQweUU4REo5M3ZYWjFBUW90Zi1JZDA0Q1ZCRWtqLS1Ea1NxbGVBZUpJcnotTWFFNXNHb2hwdzdORE9WekstZkpHdXJyV2FSVkFDdFJaTGtOdUJQQkppN2dlUnBlVmJKbHVn?oc=5,"Nifty gains on Brent crude pullback, but analysts warn of continued volatility Rediff","""(""broader market"" OR midcap OR smallcap) (selling OR correction OR fall OR volatility) India when:1d"" - Google News"
2026-10-07T07:09:19+00:00,6,"['market selling', 'India market']",The Sunday Guardian,"Nifty 50 Today Latest Live News: Indian Stock Market Index Falls After RBI Rate Hike; Top Gainers, Losers, Market Drivers and Key Stock Weights - The Sunday Guardian",https://news.google.com/rss/articles/CBMilgJBVV95cUxQR0lvOU54S1V4bHBMRmJjQnpvM0tvTkpHWHNsUklwUWZ3R3VqbVIxMnZyejVQVU9iMG1pZ2pIWmNRam4xdUNhUE9TeXg5LTJtRFJOSVlMRlpVUTE1NjNPLWllcktubXk2Sk9UMTZCM2x3NHJad05xLVk0R3A0eHdEdVFiQkFhLUNwcHVPZ01aYWlzTTJJTENIWU5YVEZMWUtSWktIcHByNHdST1ZlR2h4cWE4bGVBYTB6akJwWEhzZTdxQmF0VWVjclZWak9MeUVwd2JMS1RRVHBrLTFHX3MxdE02Z19rTG5UV0RJRE5JdjE0cWxUc005UVRTTFI3ejNldDhrd1hLclV4dkJhaklycERWT1NPZ9IBmwJBVV95cUxOTGNqZzNlNkdWenRaZ1JPc0FEUE5ybjFwWk9xdkM2b2hwdjZJTmVPbmJ5OV9jaE5CbkNBQ04wVnJKa09hS3JWbGVJQnZ6YjJfZjJ4WmNfWTVoMzRTTGV1TTNHMkMxc2pHS2NhajBsVmlsN1NWMWVZS056QkMxS1BFc0lhR05oeXVXc094dXNURVRUU3lQR1VwakFqTXA2OG5yU3djOVVyTzBhRlNqMFZlZnIzQjJGT2xFZ1VvSWo4cXVDZF9jNy1PWExxYl84WmVGS2c1WUItaHhFUEZVR2o5cGhPb20wTXRfTTFyYTBuWjFwOTRhWXpoYUtvUFJfa0RMeTVuS1pfaXRObkFXU19LMDVLTV81ZFF4Qng0?oc=5,"Nifty 50 Today Latest Live News: Indian Stock Market Index Falls After RBI Rate Hike; Top Gainers, Losers, Market Drivers and Key Stock Weights The Sunday Guardian","""(Nifty OR Sensex OR ""Indian shares"" OR midcap OR smallcap) (falls OR selloff OR correction OR ""risk off"") when:1d"" - Google News"
2026-10-07T06:56:10+00:00,6,"['market selling', 'India market']",Dalal Street Investment Journal,RBI Hikes Repo Rate by 25 Bps to 5.5%; Nifty 50 Falls 0.37% at Noon - Dalal Street Investment Journal,https://news.google.com/rss/articles/CBMisAFBVV95cUxQem1yLWNFSUFKN1lwdFEyQ00tR0lEelh2QXo5cXJSU1I0b05fTTdSM2ZXeEFhZDJXUVZudF9BbGJuYThfeUJ0WXdqWFRzMmVpSF9nRkNhZFRjOTZLUDNIRG04akhsZXhiNG5xRUVPVW1QQTBkaGRkWXRMcVRlWVFUbnJ5ci04S1JvZS0zOG14OFdTX1NnRlkyYnd6VG9SdGpfVE5hdlBCb3JNMTQtc1VRQw?oc=5,RBI Hikes Repo Rate by 25 Bps to 5.5%; Nifty 50 Falls 0.37% at Noon Dalal Street Investment Journal,"""(Nifty OR Sensex OR ""Indian shares"" OR midcap OR smallcap) (falls OR selloff OR correction OR ""risk off"") when:1d"" - Google News"
2026-10-07T06:01:10+00:00,6,"['market selling', 'India market']",India News Network,Indian Stock Market Declines as RBI Raises Repo Rate by 25 Basis Points - India News Network,https://news.google.com/rss/articles/CBMirwFBVV95cUxNcEkxU0xsSERuX1piUS1wT0tiVHNMcVIzWHljc2VHaTVBNXlac2xEQkNGYlo3eXd4WHluVUUtckpBR1ktbXZ6Z1F2d00zLWJCTVhCczllUEZPVGpTbXppU19iOFNvT2thcTZQVk1IMTlmaUdCMEUxeTRXZ1Y3d0x2RmgyOWI1QmJqOGJ0NUUxbThxYWJtYlkxWlU3OVpYaFFoTnR4dFNqenk5YXBJZUkw?oc=5,Indian Stock Market Declines as RBI Raises Repo Rate by 25 Basis Points India News Network,"""(Nifty OR Sensex OR ""Indian shares"" OR midcap OR smallcap) (falls OR selloff OR correction OR ""risk off"") when:1d"" - Google News"
2026-10-07T04:28:38+00:00,6,"['market selling', 'India market']",CNBC TV18,"Nifty 500 stock reactions: PTC Industries hits record high, Titan falls despite strong Q2 update, check others - CNBC TV18",https://news.google.com/rss/articles/CBMi8wFBVV95cUxNR1FmUGNrSGgzY0tOUVZGamwtNEZEamdwbnZvN3BoaUtweG1xamQ0UFUzbTBrbmFKSFRkRG1iSGp0RXFYWGVRcGN6ZWR4Y2xuempRRWsxZXlpS3ExVU42OGQtZXpFRktHX2NoWlo0N1IyX2QzbVFFTjR4MlJnUmVDLW1wWFFQamR5bzFnMGFBX0o1ejVKTDlRcS00d1c1djhHZTNrTEV2UmRNMGh3SVRYVXdGNnBxMU11a25PalROY0RhWHJUd1pIWHdOTndBdnlVdXQ0aXI4VkoyM3FHNnRuOU82R3k1dkFUYXBzMXMyN2dibXPSAfgBQVVfeXFMUGVXU0hyNmFGaFBqb1Frb3Bub05fYUhna1NXQnN5cEpjZWltb2Z6Z1Y2U1RSYWdsYkxicGVVMlhYUy1ucU44TkNhSldUVWN6SXdxVHlSOU1yUjJvanBUNG41S05PdTYzaHpKMG1QWW1Zb0Zub0FDc1ZFQkxOWlBlaUNqZGc0Q0Vjalh2TlQxNDU0MDdKZTU0RzNPOTdCLTR2TDlLWGRlcmJzcDZ2VHhQX2RGX1ctZzFySXZGQVpxRVZNeGh4bWZJU1Fyb3dCUVZONHFNTGUwR09nS05paU50MzBnbUNTYXJ0WkFUTmhzZmxxRHl4Sk1zRFM?oc=5,"Nifty 500 stock reactions: PTC Industries hits record high, Titan falls despite strong Q2 update, check others CNBC TV18","""(Nifty OR Sensex OR ""Indian shares"" OR midcap OR smallcap) (falls OR selloff OR correction OR ""risk off"") when:1d"" - Google News"
2026-10-07T04:03:52+00:00,6,"['market selling', 'India market']",NDTV Profit,"Nifty Bank In Red Ahead Of RBI MPC; Union Bank, IndusInd, AU Bank Fall Up To 2% - NDTV Profit",https://news.google.com/rss/articles/CBMiwwFBVV95cUxNM3RDMjdQanc2c2RrX2RONTVhRVdiOTRBOXl5LUpNN0J5Q1hrSlJ5eXRJbGZaeHFHNjNSaGhHcFRxcjBmZnhNcEh4MmRqbGVzcTdkeTV3Tm5KSjRtYjRYWmZjblVON2NJbFo0enMxdWZGSmRHcDNSU003X1JFUHNiYkpDd3ZXcGlFTDdWQlZsY3U5bldjUzRlOWR1WU9nYTdNUE50R1dvaHUyQWY1T1JscURYeHk4Rk1BRXB6bGh3TV9VSWvSAcsBQVVfeXFMT0c0RXhrenBla1pQQmdfd0NqbEdFM29JNnRodF96LURISk9xbm5QYkU5MVJDbU1Yci1sQWMwWTN6UzMwelJIbE16Y3JmSy1mLVFXSmd4QVlMWVpXTVQwbllRTTI3LUhPaWFJUUZmZ051X1M1WEROckFTQzJnTnEyYnlTb25ZMnhEWVdkbTVTTDVxNW5ma3NTYVZ0d1FCOHRNTXFrRjNhT2kwWTBFMlNrWUlEOFRyRlRsMDlQR0xBTXlkYTl0dTh6OUV2Qlk?oc=5,"Nifty Bank In Red Ahead Of RBI MPC; Union Bank, IndusInd, AU Bank Fall Up To 2% NDTV Profit","""(Nifty OR Sensex OR ""Indian shares"" OR midcap OR smallcap) (falls OR selloff OR correction OR ""risk off"") when:1d"" - Google News"
2026-10-07T03:58:10+00:00,6,"['market selling', 'India market']",Livemint,Why is stock market down today? Sensex crashes 500 points - Top 3 factors behind market selloff explained - Livemint,https://news.google.com/rss/articles/CBMiggJBVV95cUxQcTVBbXFKdXd0b3pQV3dfcmZfZUpnamxSbHpNaEtXTVplR1lMb0FVUlhQOEU4V2p0TW1NTXFmVUExY1c4WThlTzlkVVNXa3lkVTBwTzNseFh2UkM0dzVIS0R2aTBUWmYzZHRhYnoxbS02Ym96UWFqdWpmaGVWbDFyekJ3dzhIRTFCNE5GRGRIUzRwVEdkdERDbVlFMWFvYm1PSkFVTU81RnhaN01XVEpQQ0ZlRFJvVzY4ajZza2Z0TE1qWlpCZTZ2d3RZT0Rha19FYWFESWNfVXNra2lDOEhoQWxBTGNrRUhGQVYxd2xRX0hqMk1uSzRpWGU0TXRrZGl0U1HSAYcCQVVfeXFMTWYxSFBpcEhQVVlUcmtuNDR1LUZ2Q3RDeG5ycUlYbTd1d21wYW5jLXZZenJBc0FEbFA5dE9zSUpQLVJ0M0k0NUd0N1BKdlI5YTJXeWp0Vi0ySWpwNkwtNzdNd014UTBRNVY5ZXdxdG1xSjhmaFVDNURFb0h3NElZalBlZ3ktLWxBTmF3NVlwWGtyalNqeGE1R3FjVGw4QzlUMDlpcWwwYUVrZUY4SDhsUFRaV1p2MzhjbjdjVkZ2WG5pa3B5MnBTWktHVHZaNDZ3OGdSTDg0UmJwcXFzaHdaa2w4OFVTT3RKRHZuUkZLUU00bWNGTE1zUzJKUzNGd3FuTDhOMXBlSlk?oc=5,Why is stock market down today? Sensex crashes 500 points - Top 3 factors behind market selloff explained Livemint,"""(Nifty OR Sensex OR ""Indian shares"" OR midcap OR smallcap) (falls OR selloff OR correction OR ""risk off"") when:1d"" - Google News"
2026-10-07T03:55:31+00:00,6,"['market selling', 'India market']",Upstox,"SENSEX falls over 500 points, NIFTY50 below 22,600 ahead of RBI's monetary policy decision - Upstox",https://news.google.com/rss/articles/CBMi4wFBVV95cUxPd19rVU11WDFmUU9ILXJVVDh6TjVuaXp4V21faURNbDdtVHlQWXR2UzdnakNTSTJ5cHNxSF9kYzhQbDNmZzBrM0VVZ0ZvSFliUjBycjcwSWJ2MkpHNGFOLU94WG1tWmQ3Y3hTX0pET2JmNUtJUXdfdGRvMDRCMW5PNnBrNFVmMDlwM3o3aXhfczg3b0tSZ3hmUVowbDFfLVUtcXJuMTRmMHlJQ3Z2TTdmOERUUkdwOFFQRGlhaXptcVN4TEpWOGphZWYxUG5CdHpKWm9zamQ2Y2ZDLWgtc3BOWnhRRQ?oc=5,"SENSEX falls over 500 points, NIFTY50 below 22,600 ahead of RBI's monetary policy decision Upstox","""(Nifty OR Sensex OR ""Indian shares"" OR midcap OR smallcap) (falls OR selloff OR correction OR ""risk off"") when:1d"" - Google News"
2026-10-06T09:42:26+00:00,6,"['market selling', 'India market']",Business Today,Dividend Yield Funds After Nifty Fall: Is This the Best Entry Point? - Business Today,https://news.google.com/rss/articles/CBMi1AFBVV95cUxPMHdwaXBGUVBlaS1YZWtVdVpxUDgyV1ZZdTF3WWFLQ1FNNld4bGhBQVhnazFMaEF1WTZtZEpRZS1uNW9FYUNEZkJzWmpLLV95RHFBSVZYdFp1SllpWjQ5cEZiRUNRcjhhSVFRNlBDX1lpRkRZZkt0eVEyYXBhdnlYRDdkRDZZWlV0eDlraUJRaklYai1UUi1rUVRaRUh5X3J4M2hrWjF2MlB4N3l3QmJIR2lWUEZPQUtGdFRONVphOE5KREFGZUFwUGltRUFSUkM5d1B2Z9IB2gFBVV95cUxPREMtVnl4ellLXzRtZWY2aG45QXBZUjJzTkhrRzdvSmZmUThGcGxWWHpKdG5ONUpxaWVjMTFEMkJCbUpkT3lPVF8tOEhCcjJNSzV3NXI4dktMQTlaWW1nYmZPT0E5RDZSN3hrVlJFSDlBWDVGTWp3QzZrWkpHTF9qLVRCcDlwRnZNVkZXSktXVDh5djJoY18tUjZNaDdRME5zSXFYT2dMazFidVhNRGRxT080d2l1TmhPTnlOWWFhVUZIOUttdVZ2MEdEXzhGdVk4RjhTb3hodUNmZw?oc=5,Dividend Yield Funds After Nifty Fall: Is This the Best Entry Point? Business Today,"""(Nifty OR Sensex OR ""Indian shares"" OR midcap OR smallcap) (falls OR selloff OR correction OR ""risk off"") when:1d"" - Google News"
2026-10-07T05:33:02+00:00,5,"['India market', 'macro / flows']",The Sunday Guardian,"Why Is Indian Stock Market Down Today? Sensex, Nifty Slide as RBI Decision, Crude Oil and FII Selling Weigh on Trade - The Sunday Guardian",https://news.google.com/rss/articles/CBMi8wFBVV95cUxOdUhqNWFMVmViOHJRMHBtREpBV0hhY0EyZWxJRHRQQ3FnMDc5XzlCb3hkcUNNTXhCMDRlUzZXZDJaQWc0Y2hqc1J2VTlOakhyTnNPQlpyQ3RwR1BTWDBMSDFwVW9KNmJfbWIyVTlNdnp0LVVRRGxlaFdqRUJZdFJ2dGwxUlh3WDhHWmlkWFMtRkpTcDJpNTRlLVdMcy1fZElZTlF1NjBBb1p4MlNmNmxTZjdVeHByOUp1TWJqU0xXbkVnamtBX2xkelNkck5Ub1pxN2pmV3ZiU1JpaXpUS3BYVGlZcVliekFudjFyR2pYSWEwS2fSAfgBQVVfeXFMUERkdzY4MDJRNmMtbjRaV3FpSDdsWVJDT2RUYkpZMWxOdUtidTQ3WS1WRm9ld0ZVYlRFcGd4anV1aHB4Wnd4ckhBcWFOdGc4eFJxcFk0TXF2eENIQXlwWlBlek5NOWwyeUdyOW1TYkRZc3o1VldNeW44VEpzbDE3YXp0eWhGRjJBSHFTX01QaEF2R3BxVnphdXgycWlWZUFkd3hLZS0wWS1rZFpueHN4TkItX3hDbFBBSl9kYlJaakVtWTdHcDhrU0tsbEFLYjVVaVdDVkxmaVh5NEpjdWRYTkVNRzdybmo0bXFCTlJ0YVRsLU1FVXB1MVk?oc=5,"Why Is Indian Stock Market Down Today? Sensex, Nifty Slide as RBI Decision, Crude Oil and FII Selling Weigh on Trade The Sunday Guardian","""(""mutual funds"" OR SIP OR AMFI OR FII OR FPI) (India OR equity OR market) when:1d"" - Google News"
2026-10-06T11:42:42+00:00,5,['India market'],The Economic Times,"AMFI Reshuffle: Cupid, Sterlite Technologies among 12 smallcap stocks that may get upgraded to midcap - The Economic Times",https://news.google.com/rss/articles/CBMilgJBVV95cUxOQ2taVVlILW8yX2QyQncybnoxWjFGUkRBVThrUFZqRlh3V0N4X3pfWmJ4czg2dTROUlE5WWtjNERpOHgzVnpKOGpLbUY1U2FkZVNCWGtrREozMFROdjRnbUlNWXF6SGptM3Z3Ujh0OG1qNG5mazJIVnNsYVgyYVVUbHhSYVg5MWlfWFJtVWFJYlR0V3ZHWVlqV2FyemlyRTNCMTZyY2lySDVDMDgyekM2VGh3eVZRTnV0SU9mRDYydkpNaXRUNWZKMHNraWtjc2pNVkllM1czNENac2VVZVQzYzZZOUNBcDY5SFJ2VHNTTlNkYWNHa1l1UHNxMDAxZXpYX0oxTG5uX1dhLVFwcXV6TFlZSlhpZw?oc=5,"AMFI Reshuffle: Cupid, Sterlite Technologies among 12 smallcap stocks that may get upgraded to midcap The Economic Times","""(""broader market"" OR midcap OR smallcap) (selling OR correction OR fall OR volatility) India when:1d"" - Google News"
2026-10-06T10:08:30+00:00,5,['India market'],The Economic Times,"AMFI Reshuffle: Cupid, Sterlite Technologies among 12 smallcap stocks that may get upgraded to midcap - The Economic Times",https://news.google.com/rss/articles/CBMirgJBVV95cUxOTHR6Uy1jMDQyNGlxYm5VSVk1LTNjSWZRT3REcVJVS2VOYkt5T2ZPVWFaQTBOOE5pZllRc1ByMTZMa0JDNS1Ba0ZGNU9CYnJPcmRhVHo5VFFURDBHX1k2Z3Rwek9DNGQxZWlnV3AyWEpPYVE5RHA3Umh0SHd2QkwxS0RJdnpKamxxRk16QzdqaDF6RGFDbVNPczVVeDd2ajNHNGFMcTZMTktRRXdOMWIwdkZjUVNfRGx5TFRMNmdDN3dxVW1adWtkd2xOSnVTMDQwSW0zUnUxN0VFQmd1WEFCYnp2LV9idk10aWZsenJsLXZIblBwd1doVVdnZjV3dVQtTjRSeWtTeUJZbkxuT3pvRVJPTXRyZ1I5OGpTdjhLMkxDYURUT0JLSmNSWlFaUQ?oc=5,"AMFI Reshuffle: Cupid, Sterlite Technologies among 12 smallcap stocks that may get upgraded to midcap The Economic Times","""(""mutual funds"" OR SIP OR AMFI OR FII OR FPI) (India OR equity OR market) when:1d"" - Google News"
2026-10-07T06:35:07+00:00,4,['India market'],The Economic Times,"AMFI Reshuffle: Lenskart Solutions, Siemens Energy among 6 midcap stocks that may get upgraded to largecap - The Economic Times",https://news.google.com/rss/articles/CBMi_AFBVV95cUxNeUY3MlU5VXp6aC1KOWc0SkVFYWNUcVNESy12dkxKU0VKOEdZWXlFcGZnMFZhNmFMYUZLWFFtd3pmcDZRSzEteFpRd1pWT21ac2laY09aVFRsUDY2MFpCaXFndHR0YWlTS0ZWbHFBNGE1d1pYYnpRNTRwaWJSSEJQRGFyMHF1bzZlZS1BU3I1OU1BUHhEU09meDgxeVlMR2VqU1NtWTZKM09BOEZfaENRVGdid2h3ckdIdnJYWVY2ZnJMQ2w5ZWlBRVlldXlhUnNhSWh6MkF1SHlEQk4xejdUQWN2MlVvcjZvemotNGN6R3JMUlVqb3FaX2hTc0Y?oc=5,"AMFI Reshuffle: Lenskart Solutions, Siemens Energy among 6 midcap stocks that may get upgraded to largecap The Economic Times","""(""broader market"" OR midcap OR smallcap) (selling OR correction OR fall OR volatility) India when:1d"" - Google News"
2026-10-07T06:10:46+00:00,4,['India market'],The Economic Times,"AMFI Reshuffle: Lenskart Solutions, Siemens Energy among 6 midcap stocks that may get upgraded to largecap - The Economic Times",https://news.google.com/rss/articles/CBMiogJBVV95cUxPa1ZDMDRGaFBqUUxKLUstMnJRbzJpTkpyQUVJdk1DR25lUkRWdkdSZ1R4clRPTUxvMzJieTZIREJxSHVYbkVqNVBPc25FclkwamRaaUljTEptX3BrTWNJbnNmWWVydnlKSEI3ZGRPaDN4LUJfZGdMQ0kwV0N5MWtVNmVob0hfRFNkQi13T2lPSE5fY2FqZFU1RnhKdGlFN2c1UkRwZXhmdWg2N0hvaVVFMVRueVZ1V1hzNGdBNEMtdGM0Y3Bxbmo4S19hSmNQejNZX3lRTHo2NnNnZHcya1VoVVVEU1F2eUNCaWtWLW5GdGY5ODhDVUhMR1lKbHBRdXhLSmVDQlJQOU1vRlo4MzdpeUQ3VDlndlN2SkNPUmRWNm1vUQ?oc=5,"AMFI Reshuffle: Lenskart Solutions, Siemens Energy among 6 midcap stocks that may get upgraded to largecap The Economic Times","""(""mutual funds"" OR SIP OR AMFI OR FII OR FPI) (India OR equity OR market) when:1d"" - Google News"
2026-10-07T05:20:40+00:00,4,"['India market', 'macro / flows']",PSU Watch,"Sensex, Nifty snap two-day rally ahead of RBI policy; crude oil spike weighs - PSU Watch",https://news.google.com/rss/articles/CBMivwFBVV95cUxNd2w0UXVpYnZLeTRZeW5QdWdiY2RNY3pzTzFnTVM2QkJnems3Z0NEcXh4Vmczc3pobFJsb2ZhT1RESzV6M01jU0Z6SEsyS3A0OTltWDFvbTNQamxOcVZkdkxRTXNVYW5tM21aYzQ2bXQxWVFlV0hlT09laFpNMzdZLWpjZXRETXlFVWotRGxNRG9YdUhNdkFTaHlPb19uNGRyNl93eE5iYjA1anhtVmRvTUc4azRGMjFnOUpSNERBWdIBzAFBVV95cUxOeG1kSVdsNlZsNnJYUGxJQTNfTlN4ZWhrX0NWMXlmTkQ2d2pudmtWSWVGQldjZ2RrV3hGWnkxRHBSRE54eXZXcDNHOXhlb0Q4djV3SVljQXlOSUdOZ3JRT054WGlkVzNiQ3E0cHRSbFg2RWdtYzc5X1ZPUXFRNnRaakRReFRtUnJMVno2X0stdHhtMEpwWjkyVVZ3ZkFuaGJ2dWJmZERibUkzNjN6OUxfZTd2LUdIYmpBUjhxQ2pTcnFsM29IODZUc1BpLVg?oc=5,"Sensex, Nifty snap two-day rally ahead of RBI policy; crude oil spike weighs PSU Watch","""(Nifty OR Sensex OR ""Indian shares"" OR midcap OR smallcap) (falls OR selloff OR correction OR ""risk off"") when:1d"" - Google News"
2026-10-07T02:43:37+00:00,4,['market selling'],Cafemutual,Mutual funds log 5% AUM growth in Q2 despite equity market volatility - Cafemutual,https://news.google.com/rss/articles/CBMiswFBVV95cUxOekN0S09MN1NzS3dDbGRPUTJ1UnNPSnBkWWxuRGVscnozSjhMVl9ncGRzQmxqUW1ROEdrNVhNNW9FeU1RX2tabk1uckMwMHd0X3E2WVpDbzJYUmdZbjZ1V0tlal9ycDFqaGhIMTBYUTRneVMzQXotWnJ2TDBteWlPOWRWdFZqeFBidWtBRHloNnRuR0NRTThVaWRKdGRhRUxPaU8zUnpGLUJ6UEhQbEtHZkJvMA?oc=5,Mutual funds log 5% AUM growth in Q2 despite equity market volatility Cafemutual,"""(""mutual funds"" OR SIP OR AMFI OR FII OR FPI) (India OR equity OR market) when:1d"" - Google News"
2026-10-06T19:43:16+00:00,4,['India market'],Livemint,"₹10,000 SIP to ₹46 lakh in October 2026: Which mutual fund scheme created most wealth for investors over 10 years? - Livemint",https://news.google.com/rss/articles/CBMijgJBVV95cUxPYTFUSkVsbTVPOWFKSkwyS0pkaFVlYjA4RzJ6MWprT1c5c0pKdC0wTmsyNDA5REd0NXdyaWJiM3dtbERBRkdPd1NQOVdnbHBvdlZLZ2oyVGJPQThHbjVNOEczcktMeTdtNDRHazd1clFjOFgtby1yQUJkU3BCOHNoZGcwVFlXa2Rpd0hJZVB2R3U2cmtncDVFOHYzeU1jeFRPZWlMUkZwMFZFbE9lY2U3SEZfWHBvcjhmZkVmWFNJX3hSUlFPX0MySUhib21pVERRWnlhelM0QnoxR1dQRldmRWl2T29BRVZRMHU4Skt6RlF3eHV1YjM0MWM0aVcwVkxfOHJIcFdESXR5MEpJYUHSAZMCQVVfeXFMTkMyNVhhTHJiLWRYQ0dEcm93R3hqVFdWTVNCUE9oTjNGeVRxR09XRU5qbzVQTTlrRWVMUjZST0prX3dFWHlHRWFRS0ptN0VXMHpHcTl3TTVuckNiNG1ScFk2S0VtRTNmVS1uMUZ0cm94YUlMc2RZeUF4N19rSzA3bTZoT2ZmVDBmb1Y2X0RBcWZnSW9FREx0bmpzaUlwRzJIelI5cEFJdjBjUVhlMmxEanhtdllFM2piczgzdkQwVG44NXRUYTRnRlF4QmRfNE9qNEhDc1otbnk3SzVSMGFNTTlvbWxxZ0VGS2tFdXVOeURLMG1kSXJseVAxRlhSd3dzaTJPQmxmOW1BLW02LWdjYTN3WEU?oc=5,"₹10,000 SIP to ₹46 lakh in October 2026: Which mutual fund scheme created most wealth for investors over 10 years? Livemint","""(""mutual funds"" OR SIP OR AMFI OR FII OR FPI) (India OR equity OR market) when:1d"" - Google News"
2026-10-06T18:57:29+00:00,4,['India market'],Value Research,Highest Return Mutual Funds in the Last 1 Year in India - Value Research,https://news.google.com/rss/articles/CBMilAFBVV95cUxPVzNSN0pXbUMtRHJTM09IYXVjSWFmZWtaajlhUXI4ZUlxZHFQWGIyRTNMU0w5UXA4a2d4d0RpekpqZi05WUVSLUhiR2hXWFNDZ3dTN2tWN0NvN09yb0hnbkVMM1RuSkpZdEdHNHZLekFjX3VRMUh4T3FMbDAwdDJqQjRyLTBSQkxkT1Vuck1mbkNWZ2pF?oc=5,Highest Return Mutual Funds in the Last 1 Year in India Value Research,"""(""mutual funds"" OR SIP OR AMFI OR FII OR FPI) (India OR equity OR market) when:1d"" - Google News"
2026-10-06T14:26:15+00:00,4,['market selling'],Business Standard,Mutual funds log 5% AUM growth in Q2 despite equity market volatility - Business Standard,https://news.google.com/rss/articles/CBMi2gFBVV95cUxOcHl5bXlKdHdxbml3Q0tkQTNqeGtERG02Wk1obGJ5MFd3T1Z0RjZRMVR3ekVaNzgwTk5hYU9aclVaYkgwaDlyNTM3NWlGN0g1a1RacjQ4eXFDUHBUQko1d3E1NFJ0dUVEWElXMEZwUl84b2k2MmdOaXFZSGhESEo5UWc4QkxFdGNrZVN4enVnX3pLdWR0X3FKamNpS3NUcXJRTndOb0stNmdLbDdUaWNTT1ZTblR2Q3pPc1lPUzM5Y25idEFhN0dOS0NqN0FDTlNubThjWFdIa2NLZ9IB3wFBVV95cUxQYzl2dGFmWlptcDU3TkVGbGs0ZHZ6M0hWdTZUcGFnZ2RFVFhRT3NibHBQZ3I5NlVhUXBNV3hNX1dsVm5sS2pvU3RDT09LN01ScXNsS3RieXliT01tM0hJX3FKVTZWeFZrajVjRWs2dmVLZzBFYWg2SUxtSndXVkJhSHNkYmJueGpBeldMX053OTZKYXZwWHV6SUFMZlV0a2FTLUx2NTdqclV6YUpMNk5RT3BqZXBBak1INXo5NEVNcWR0dnlaSGlINjhqdU8zQXNUb2NCV0pTTWxKRHFhZWcw?oc=5,Mutual funds log 5% AUM growth in Q2 despite equity market volatility Business Standard,"""(""mutual funds"" OR SIP OR AMFI OR FII OR FPI) (India OR equity OR market) when:1d"" - Google News"
2026-10-06T14:17:34+00:00,4,['India market'],The Economic Times,Aggressive hybrid mutual funds - Planning your mutual fund investments in October? Here are 10 top picks to consider - The Economic Times,https://news.google.com/rss/articles/CBMiiAJBVV95cUxQdEx5VTJfaEhOc3ZVZnVON1JNc2dYSi1mckZZNW92YnVoSEk4Q29hVUU2RGJ3M2dNZkVfTXJ5SzZLdWxYaHlCTkY2SHI3SnFFYUw2MS1tVHNqV1NMeklyTnQzNmZoeHF0UEJtVWpmdDg4STVvN2VmRDZDMFIyYjN5MkJFWE5mc0k1SWVWMFVDcmdaTjBlUDhYd1RDUWNBZVczT3I5OHg4YjRXTV9CTTJlVEhQNFNGODVRcFk0YmlCV01nUXlic1h1QW1zeXN2OWRxVXJFYUhmcmYwcVEtZWN3c2l3dFdRbzJjemppQnk0MVozWGVYRVNGNU40UUs0bzJUdXVCS2sxcU4?oc=5,Aggressive hybrid mutual funds - Planning your mutual fund investments in October? Here are 10 top picks to consider The Economic Times,"""(""mutual funds"" OR SIP OR AMFI OR FII OR FPI) (India OR equity OR market) when:1d"" - Google News"
2026-10-06T13:55:00+00:00,4,['India market'],Analytics Insight,Top Mutual Funds Built to Capture India’s Next Big Growth Trends - Analytics Insight,https://news.google.com/rss/articles/CBMipAFBVV95cUxQVTVhNDZtYTFXbDk3dV9pY21FVFl3NmsyRC1ZRF9icXhCTFAwX2dxZWVEUllzWEtiTHNSQjE1eHlleVI0VmVTekhOUWl2aE1fbU1PYVhlcjlWUUNiV2VMVWV0aEpmT3NvVldMRVR3Y2xJdXh5SF9uYzhMLWgzTjUtNUtQV2tKOXZJWWMtY0h0c3A1MW9RQnRtWS11YkdqUXNwQnFNZdIBsgFBVV95cUxOTVcyaVFhcEozOTBNQUp1UGFhNHU1MXpDVmpRbzJNLXhpMEY1WVNudHVsamdoRGJ0LXh6Q1NCV0pFZUl5Z0NwWnBVbVY2WUVxRS1mbWlCZGQzRGRySnUxek1IN1FQaGhrUUJEbWxRV2tLT2FPdlZYb3c3SXdCdGJqcFFveExnNGliblhDaGZDdVBYajN5NFZjMm8wc1lSRllBWDBvLUxBMUZaVzlGYnBvWXpn?oc=5,Top Mutual Funds Built to Capture India’s Next Big Growth Trends Analytics Insight,"""(""mutual funds"" OR SIP OR AMFI OR FII OR FPI) (India OR equity OR market) when:1d"" - Google News"
2026-10-06T11:53:22+00:00,4,['India market'],The Economic Times,"Franklin India Small Cap Fund turns Rs 10,000 SIP to nearly Rs 2 crore in 20 years, crosses Rs 14,000 cror - The Economic Times",https://news.google.com/rss/articles/CBMigwJBVV95cUxQcmdodW5icVotSTgydGstb0Vnb3J0QTBRRm1jd1hnOEp2UkxrMEZlQ3pRRmtHdl9wZmVDN1plZGIwRS1ucUh3azVfd3pabGNrZnpVMFhob3oxczd6TkE4U21EaUZrTmwzaHhBUWJqT3ZGRS1fYUVuOWxjc1ZaZU9sMlctQnpBUkJKNVdBNkVxZV9WbDBuM2RXbkYwc2Q5c0ozanZrVTFqcUkzcmR6UUM0M1dNSWEyYm8tLUZNcGZpRDM3dWJKTzlIM2F4QldQVmMzNFNxS2ZTLUhyREp3OHRTcE5OT3R1RkMtRGNXUnl4Q2s4aTZ2TEFUMEFUU1JoWDVFVmRV0gGIAkFVX3lxTE9iOVppQWNWUmZCOWJIbE5lc0x3LTBQbVY0UUtjX1BIdk1zSm9TdDRQcDM1TFJ0bkVoSFVNVzlUdkE2NnU3X3h3TjcxMmc4Sm1pWkxvcVpoVzFTQmNFUkZ4cTF6TDRPYW5kOTl1Slp2cHliMlAyV2VOMm5acXJWcnh6a3pFaTRfendHSGRaZzdSX0J4bzA3UjF5WmJDRzd4VTNhSUd1MVlJbUk1WUZxc2hFUVJCNDlrNDZueUZ6ajJQMlQ1LV96X1hCNHNvOGVoal9DdGlzMGhZNmlSalRlemxrd2FJc3lCRDlRMTc4N2RVY0Ywd29SdkxqME5pLVktQnhHVlBjT1FjTg?oc=5,"Franklin India Small Cap Fund turns Rs 10,000 SIP to nearly Rs 2 crore in 20 years, crosses Rs 14,000 cror The Economic Times","""(""mutual funds"" OR SIP OR AMFI OR FII OR FPI) (India OR equity OR market) when:1d"" - Google News"
2026-10-06T11:04:31+00:00,4,['market selling'],Business Today,"SIPs Stay Strong Despite Market Correction, Why Investors Are Increasing Their Monthly Investments - Business Today",https://news.google.com/rss/articles/CBMigwJBVV95cUxOSlVuS1JmUU0wcVo2RWo4eFhhMEYwOGI2cl9iaTMyNjJYMlgtRENRNFpfSnhBRnBXbnU3Z3FmTm1DWm9qUjlRelo5ZnBRMlpuQVBDd241NUtoQ2R0YkVtajRQZ3Jka0h0Y09rVjY0VUdBWXVaTFBtb0FFb1htY3pNOS0zNmpCU0d2ZHFIcmdQVVRueS1VUWNsTTJiU256TFNiRU43X3p2cVRzSmJhdmJUaGQ2YVN0VkJhNGU4dVhPZnJhcjNWRzZCT3BWSmZhR0VRUHpHTjBHQjVYLXZ3ZXl1dEc5LUszd0RRdWVHUGZlMjNyVVY4TnNWRUluNjJudXVSazQw0gGDAkFVX3lxTE5KVW5LUmZRTTBxWjZFajh4WGEwRjA4YjZyX2JpMzI2MlgyWC1EQ1E0Wl9KeEFGcFdudTdncWZObUNab2pSOVF6WjlmcFEyWm5BUEN3bjU1S2hDZHRiRW1qNFBncmRrSHRjT2tWNjRVR0FZdVpMUG1vQUVvWG1jek05LTM2akJTR3ZkcUhyZ1BVVG55LVVRY2xNMmJTbnpMU2JFTjdfenZxVHNKYmF2YlRoZDZhU3RWQmE0ZTh1WE9mcmFyM1ZHNkJPcFZKZmFHRVFQekdOMEdCNVgtdndleXV0RzktSzN3RFF1ZUdQZmUyM3JVVjhOc1ZFSW42Mm51dVJrNDA?oc=5,"SIPs Stay Strong Despite Market Correction, Why Investors Are Increasing Their Monthly Investments Business Today","""(""mutual funds"" OR SIP OR AMFI OR FII OR FPI) (India OR equity OR market) when:1d"" - Google News"
2026-10-06T10:58:08+00:00,4,['India market'],Value Research,Highest Return Mutual Funds in India Over the Last 20 Years - Value Research,https://news.google.com/rss/articles/CBMilwFBVV95cUxONmV3ZWtYdm1ZY25HMElLZC1VZ2pTNm5kYmdISzZMN2RNWnJkOGRpMUZxOFlXTEtrejQzNXZCZF83cXY2VUZxSUpHc1RZX2dvcDd2YUhjOWhScktZR0VQSDh1NnpKTWxHcm0xWVlyQmd5b2VtaGpfQnQ1NFlIV0VaN3BKV2dNTHc0SkdnOEE0MFZCQVNaX2VN?oc=5,Highest Return Mutual Funds in India Over the Last 20 Years Value Research,"""(""mutual funds"" OR SIP OR AMFI OR FII OR FPI) (India OR equity OR market) when:1d"" - Google News"
2026-10-06T09:51:02+00:00,4,['India market'],TradingView,Weak equity returns may test India's SIP momentum - TradingView,https://news.google.com/rss/articles/CBMiqgFBVV95cUxPb05DaktOV1lTTGF0UTNlUDVSLXB3VlM3ZTcxS3RpMDlWYm85Y2tPWUVaVXZ2bWRyTHkyczdjdmotOHVfaGRHMDEwY2E4dU55SVVkRXV0M21qb0RBV2tBempib09pLTVoS08tNUxFejliVUdLcTVlOGJUZjhDVkktU2I5UWZtdEJ5QkR2N3dCUURjaHRZbkE5M2x3a2sxNmtZOVFBMVNDSDhjdw?oc=5,Weak equity returns may test India's SIP momentum TradingView,"""(""mutual funds"" OR SIP OR AMFI OR FII OR FPI) (India OR equity OR market) when:1d"" - Google News"
2026-10-06T09:31:02+00:00,4,['India market'],CNBC TV18,"₹10,000 monthly SIP in this mutual fund has grown to ₹81 lakh in 15 years - CNBC TV18",https://news.google.com/rss/articles/CBMixAFBVV95cUxQQVVOakVmNnUyNXFud0gzckVVNkFZUEkwekd2QnhJS24wcEZTdDhLUDFPV3RpSnhweGFWWGdHMk1JWTRvaVFpYXdYVFE4eldDY18zeUw5TmxtczJibHRFRVlsNnVseHhpU19samtBMnJTeThOdTBNSExPVWRORk9wMUpWOFJ6cFpuNlBEMGFoTWNLWUhYYUo3VmJGZy1DcW16ek9fQWd2aFFLa2wxYkM5MlFPU1BQaldyS0NzOGd2ejRBbHkt0gHKAUFVX3lxTE5fZ0Vya3c1SmZtNGx2UDhnRjNNTDJnY01BdnBBTXRFZGhDTGY0TEI1WTZUUHFqUFh3NTgza1E2YVdwWUpkLVRiQmxnbktpbWNSQUt6aEMwbkVXUjk1b0tOU0xiaVZQWG9EdDBsQ3BFWE8yc0pCeWdVdzlCYjBIaFZ2Zk15SV9KUk9MQXNiR2I2eTdJWWljbUFWR1dZcVV5cDdZOEpMY0xoeGF4ZWJQSG1SVGFPZTM5Yk5lLUt5UFFmSXRsVFZoZ3Mzd1E?oc=5,"₹10,000 monthly SIP in this mutual fund has grown to ₹81 lakh in 15 years CNBC TV18","""(""mutual funds"" OR SIP OR AMFI OR FII OR FPI) (India OR equity OR market) when:1d"" - Google News"
2026-10-07T06:00:56+00:00,3,[],The Economic Times,Rs 4 crore portfolio with ULIPs and multiple mutual funds. Should you simplify and consolidate your invest - The Economic Times,https://news.google.com/rss/articles/CBMijAJBVV95cUxNNFRqS3YySm5USC1xb0wwbmoteFgyZUdSdV9zc1dCWWxtci1aVUdZZnlQdnA1ZFdwZDBSRXZyQlVnNjUtUjVfX0FSckstZVdva0RkMTZ2NjRPSWxURnRVY0IySVZvNmFsQ2V1Tmpnd3VrNGc2bVFpS0s3WU1zcmRWSlJMZEcwc0xWTmFqRjllUVczLWtmc3JrUGtfMnl4bUlyTHh1cDEtWFl6YUQxLUo2WDE4T2ZvdHRIcHNNbmpCZTNTU3U3M2lXYTFraFZWMnFXUVlraHh5U1ZISThzbkM5Rk1IbDNOWHYzMVZVQ1Q2SWJCLVBrWHgyVlRWVm4tQ1FKajI0alFpQl9QazNi0gGMAkFVX3lxTE00VGpLdjJKblRILXFvTDBuai14WDJlR1J1X3NzV0JZbG1yLVpVR1lmeVB2cDVkV3BkMFJFdnJCVWc2NS1SNV9fQVJySy1lV29rRGQxNnY2NE9JbFRGdFVjQjJJVm82YWxDZXVOamd3dWs0ZzZtUWlLSzdZTXNyZFZKUkxkRzBzTFZOYWpGOWVRVzMta2ZzcmtQa18yeXhtSXJMeHVwMS1YWXphRDEtSjZYMThPZm90dEhwc01uakJlM1NTdTczaVdhMWtoVlYycVdRWWtoeHlTVkhJOHNuQzlGTUhsM05YdjMxVlVDVDZJYkItUGtYeDJWVFZWbi1DUUpqMjRqUWlCX1BrM2I?oc=5,Rs 4 crore portfolio with ULIPs and multiple mutual funds. Should you simplify and consolidate your invest The Economic Times,"""(""mutual funds"" OR SIP OR AMFI OR FII OR FPI) (India OR equity OR market) when:1d"" - Google News"
2026-10-07T04:27:43+00:00,3,[],The Economic Times,Best mid cap mutual funds to invest in October 2026 - The Economic Times,https://news.google.com/rss/articles/CBMiuAFBVV95cUxQX1p5dGpaR21ZRVpWQndUbjBncjNrbHRMQWppSkpOM2F4azd0ZEZoaHdyeXNLV0t0VWFfRWZjcnhhOEgzZ2N2RndFbGt4dXFlWlpyUkR1U3V2N2tpNDQ0Y1d4b3p3T21ZVkxXWkhRZW5mVDROODhnaExIOEd5UEJXcjlBRTltLUo4OExPbVBXb1JfT0l0UF9fR2x5UUsxbkRTMnJaZlYyeUJ3Zk1jbUVvbDNDd1R0OENv0gG-AUFVX3lxTE5UQUlCYVZvby0tU1NudURWQ0Q5VGU4Q1I1NEd6dzZOZlp6SUM4LWZ4SDk0NWVnNzdwaThJUm1fWS1wUnlSVnlhMlBzNG8xSUpfamZPRDNUWEZ2Y1hlTml4bGJFYndxa1RUVWw4VEJvWlFubGZadHl5UE9pSDh2UmF6RkJXRG1mM01zVXN0WUhXcmlDYm5nWFhaVWpyNnZmRHFxLXlpLThkNFRrcnU0eGJuZ09XMy04TWxLSDk1bUE?oc=5,Best mid cap mutual funds to invest in October 2026 The Economic Times,"""(""mutual funds"" OR SIP OR AMFI OR FII OR FPI) (India OR equity OR market) when:1d"" - Google News"
2026-10-07T04:17:30+00:00,3,"['market selling', 'macro / flows']",The Economic Times,Rupee falls 10 paise to 96.45 against US dollar ahead of RBI monetary policy decision - The Economic Times,https://news.google.com/rss/articles/CBMi6AFBVV95cUxPVndDRWt4U002N2xyU2R4V3BOTFR0TTBTSkZON2J4WFVoc2ZSeTVZT1hfQ0ZvemtWeTdNbWpabXB5ckxwWVRCUDAxQjM1SnZJYWlqSHg3WE04TUt3cHB6N3huSEx5ZHlKbGV6VW1ZZlR2S1FZdmZvaW1sN0FyLXpBUWxsdGVpZDhIeFpVeW5oTENSaF9WSl9CbTVUbVF5bDZBZnN5dURYVTJWX0NRRkpmeGRacFpPdzdqd1FPRUxOd2FMQ2NiWGxHOVVRdTZXc3dpU252WmVPeE5DX1R3VDhDZ1VmM2xrS3Zq0gHuAUFVX3lxTE4tbUg5SWNxTGNQZnRsd2xHbjFaV2VCQ0dJNkxvUk8tSTdHc0xJSVpydHlrX1FfY3ZtNGkzLWN0d2R4dExhMEE2aUhHZFBRRm51MTR6TmRHcmpndHBSZzgyYUlCRS1HbWM0S2lzc0NZOW8zVnpGNlE2a3YxX0dfOGlEWW1BYklTS0dabHREaGJndmtWcjFBLXZLSnZTb0hrQ1NRUEZ2TVdIaEM2bmR0cmlrcm5mRnYyUE92RjU5cU5sZ2xSdk9iUmRBX0lIbzVubEYweGxZcnNBYlhqZ0tCcnlWdFVsQU1SRFNPbmdqUHc?oc=5,Rupee falls 10 paise to 96.45 against US dollar ahead of RBI monetary policy decision The Economic Times,"""(Nifty OR Sensex OR ""Indian shares"" OR midcap OR smallcap) (falls OR selloff OR correction OR ""risk off"") when:1d"" - Google News"
2026-10-07T02:49:54+00:00,3,[],Cafemutual,Mid-cap and small-cap mutual funds have outperformed: Why should investors favour large-caps at this stage? - Cafemutual,https://news.google.com/rss/articles/CBMi5AFBVV95cUxNeVZZdjVlbm1PakplNlJ0dGFuUzZHNFRKd3VrX0RDVlh0UzJXRmVfLUlpeC1KSTktbzQ5V3J3NHFGcmJ6ZEgyT0MxYTdENVZCS3BrT1Z6YXJzWUI3WUU1ZjR4QXdGWVZ2WWNBZ1FhQ3g0bU56bUF0QkxSV3VUd1RhMGk4cDFhNF9vbENPWWE2a0RHcXBlUVNqMTYtLUxiWjhndXp4bmxQVDc1Zzl4dkxwQnhsNkRVZndaaTNwQlBYM0FhQlNtTWN2WGxLRVZRVEZhMmVxMXlrRDZEWW0ySUlVTEk1NHM?oc=5,Mid-cap and small-cap mutual funds have outperformed: Why should investors favour large-caps at this stage? Cafemutual,"""(""mutual funds"" OR SIP OR AMFI OR FII OR FPI) (India OR equity OR market) when:1d"" - Google News"
2026-10-07T00:22:59+00:00,3,[],The Economic Times,"SIPs in the Red: Should you stop, stay or invest more? - The Economic Times",https://news.google.com/rss/articles/CBMivgFBVV95cUxPVzl1MU9IVm1NU0Z2SEp1ZUxDcGFyZ25WWWVYcW51QXd5bnk0Qjh0MmNpS1pMWVg4LU1zNmZEOXRfVzgwLWZ2SmtJYjZtQXRHYU5yTENGTUpGWEozNlFsZkNPZk1PR2h6Nmk4eTZPTUp6REk4YmJUYnc1XzB3dGoxWFNUaEtEQVp4bzBGTkFMZUdTaEdjTlFaNHA4dWgyazJ4bFF4WWlCM3VjRmtFSl9WWU10cUV2M0hmbWxGbWNB0gG-AUFVX3lxTE9XOXUxT0hWbU1TRnZISnVlTENwYXJnblZZZVhxbnVBd3lueTRCOHQyY2lLWkxZWDgtTXM2ZkQ5dF9XODAtZnZKa0liNm1BdEdhTnJMQ0ZNSkZYSjM2UWxmQ09mTU9HaHo2aTh5Nk9NSnpESThiYlRidzVfMHd0ajFYU1RoS0RBWnhvMEZOQUxlR1NoR2NOUVo0cDh1aDJrMnhsUXhZaUIzdWNGa0VKX1ZZTXRxRXYzSGZtbEZtY0E?oc=5,"SIPs in the Red: Should you stop, stay or invest more? The Economic Times","""(""mutual funds"" OR SIP OR AMFI OR FII OR FPI) (India OR equity OR market) when:1d"" - Google News"
2026-10-06T17:26:52+00:00,3,[],Livemint,Mid-cap and small-cap mutual funds have outperformed: Why should investors favour large-caps at this stage? - Livemint,https://news.google.com/rss/articles/CBMiggJBVV95cUxOUWdpcjlWOHZMdHdqci1sMzFvLWcxaXk2NWd3M2lLMHdFdmtaeHZfa0JoWElrNm9oeGpSRThmS21fMm5JSE4tTzJhc29Jd29wa054NjhrUkZUVHhQcmJLQUthVXRtSnY2WnhWNkhQa1I3NjE2ZHczMWU5WG5JTWxzVXh5U1hXbldyQmtELU9Qd3JRSmQ0NW1kN0syZzVIS2J6dTlkYTBYU19hWkY3aXBvbHpGbkNkTGVkRXBtRHpXWTVEVUo3WFNuN2d5blVzUnNnaUJyUk83VE1YcEFiRlJpYm5vWFlUc1lUbFZGLVZuVXhNcGpkamRFdS03NTNiLVB2QVE?oc=5,Mid-cap and small-cap mutual funds have outperformed: Why should investors favour large-caps at this stage? Livemint,"""(""mutual funds"" OR SIP OR AMFI OR FII OR FPI) (India OR equity OR market) when:1d"" - Google News"
2026-10-06T17:26:52+00:00,3,[],Livemint,Mid-cap and small-cap mutual funds have outperformed: Why should investors favour large-caps at this stage? - Livemint,https://news.google.com/rss/articles/CBMihwJBVV95cUxOTjNQd1gyUk1KeWwwY0YzNmlib0NFS3dURjRUUV9LS3BMbkEySG9pNE85VVR1VUp1ZnZvOTVVYnFPalpnQ3E1aW1KWElIdS05MVlORWNWSFdTQ2FNWlFSZFJiV0txUlgzUkpoUnFiY214RkU4ajJvYXRpUkw4Q0JzcXVEX0FDdGdjZ19faEVvRWdLdmpPdnprc3lHd3phVUg1Z0c3S0NXRFNhNllJMDhBajlxaE5Cd1ZJZDhaRXotMzVfUE03eXBLWEEzOXdySk5EWjRGNmlySXA5SFA3YjNBVEdlSk9wR3JMQl9Jc0lTWTExdTZxX0djRU8tYVc2dWV2QXJLd2w0TdIBhwJBVV95cUxOTjNQd1gyUk1KeWwwY0YzNmlib0NFS3dURjRUUV9LS3BMbkEySG9pNE85VVR1VUp1ZnZvOTVVYnFPalpnQ3E1aW1KWElIdS05MVlORWNWSFdTQ2FNWlFSZFJiV0txUlgzUkpoUnFiY214RkU4ajJvYXRpUkw4Q0JzcXVEX0FDdGdjZ19faEVvRWdLdmpPdnprc3lHd3phVUg1Z0c3S0NXRFNhNllJMDhBajlxaE5Cd1ZJZDhaRXotMzVfUE03eXBLWEEzOXdySk5EWjRGNmlySXA5SFA3YjNBVEdlSk9wR3JMQl9Jc0lTWTExdTZxX0djRU8tYVc2dWV2QXJLd2w0TQ?oc=5,Mid-cap and small-cap mutual funds have outperformed: Why should investors favour large-caps at this stage? Livemint,"""(""broader market"" OR midcap OR smallcap) (selling OR correction OR fall OR volatility) India when:1d"" - Google News"
2026-10-06T16:54:19+00:00,3,[],BusinessLine,How mutual funds play across market caps - BusinessLine,https://news.google.com/rss/articles/CBMiwgFBVV95cUxOS2pfNGRmY1lYMkwxUWRhTDRBNWMxZFE2c2VuVXNYSmRDQ29teXJlVmcxZEJFRV9fVlhMcFZieEdodXVLZVZBdVdqekpVaDJoUWZHUEVMT29yN25uVER3TjRfaEg2R2xBdHIzaXNUQ09abTlHVktUU0tLOTVGOFJMNUN5TVl3SVpqM2paMVVCTHlYc2h5WnRyVWRKU0J3QUgxVlZVUkxLMnQ0WV9rc2NkcU9jbE9DX2k4TDdnbnFudkdGUdIByAFBVV95cUxPcW44WTBCMzMwTXgzU1BGZUE3anlpLVV5aUt1NzQxVThCQjhVSlhkaXpINGNYM3Znb1BOR3ZMMkQtNWgwLW5MVnM2aHB5b3V3NkZheFBFdG5EU2FHb3A2cFlqZ3pGNDFCZTBDdDJjWHp0bEEzUFphaEJ2dlZGNFhxc2J6NEpVVVVIcTRRWnBPd3piVHBNYzE3bzc5WW80TUJQNkRtMWVNYmtGaGxYOVc5NzZIb25ZSWJRTHNJdnZsb3hkend5RXJSRg?oc=5,How mutual funds play across market caps BusinessLine,"""(""mutual funds"" OR SIP OR AMFI OR FII OR FPI) (India OR equity OR market) when:1d"" - Google News"
2026-10-06T15:39:55+00:00,3,['India market'],INDIA New England News,"Sensex Jumps 685 Points, Nifty Reclaims 22,750 Ahead of RBI Policy Decision - INDIA New England News",https://news.google.com/rss/articles/CBMipAFBVV95cUxOb1RXTG9KWG5fNkd3cFppOEpDOE9pTnBoN292TnNKX2Y2Uzg1Zl9sWjBlUUFEMlFoaTZIUUxKYzRnVnhIejlacWJ4ZzNoRFRMVDZPTEpqdFZVeW1NZlAzMkNUQlZRc1hBSFZGczlnTEx2VDRpUEFaeU9pMVdFeGpkVUxNakl0UDUwTXB6Zy01UHJ3ZXNFWi1RV080X25saE5lUHJodQ?oc=5,"Sensex Jumps 685 Points, Nifty Reclaims 22,750 Ahead of RBI Policy Decision INDIA New England News","""(""broader market"" OR midcap OR smallcap) (selling OR correction OR fall OR volatility) India when:1d"" - Google News"
2026-10-06T15:14:00+00:00,3,[],Livemint,"Best large and mid-cap mutual funds October 2026: Consistent performers across YTD, 3- and 5-year returns—and their beta - Livemint",https://news.google.com/rss/articles/CBMikwJBVV95cUxNQnFvb1d2bXVYYXVHbGUyS3h1bXo4WThZakkxbFdBckM4Qm5teXpNbExlaDJGeGxSaWZrYkxnMWZWN1RHOVJTNG16YldMRFRrQnF2bnR0VDMtUkpkVG1hZnl6V0I1SEJuVFdpeXRkMmw4Z2thekJmWVZocVF5MVY5RGFEalFNSU1vR3FFVUxxWXJ3VVFvbHJTQzZERkRMdTdCb2xldmZRQlR3Wk13NjRqdmJocm9iZ1dMLV9zSHA2ZHNNR0thOF8zMGpGcFlycVRBTlVRam9FYko1eXdTRUVuNmpzYU1HMFVjVHhaNDRHVnM1QkxTRHl2UDVuTkpVdVd1M2NGcUdVUUhIeFpIc25pMGlmRdIBmAJBVV95cUxPcWdxUXVaX1loamxXQUFXRVJ2WVhDOU5Ya1d0QlVTaXBuLTR1VFZ4S1NkSzNBbVQzNUdWRHFmVGZ1bVpYc2k4dk5iLUpVcW5FWTRyTUlfYk41QXpnelhhNHV1eDBmNExRc1lnUm8yOVpsNmVLa0hwNi1pN2Uwc01SQmpVWmt5aTJtcEVjd3JQWWh1RDl3Rkd5SFc2cWdMaHR3WTg1N0JNNkRFVU5ldXJtNXNndHNRYUZLM3FQMEYxZUJVem9HRFZYQUwxekx1dGtlR2NGeUpPdHFCVnlYR0JVaGh4aU1UV3FjMV9zRTY5OTl3XzFZRGVzM1ppZ2Z6Q3NWNG91LXFZbWZGZW5pRkducDNDM3Vjd0NH?oc=5,"Best large and mid-cap mutual funds October 2026: Consistent performers across YTD, 3- and 5-year returns—and their beta Livemint","""(""mutual funds"" OR SIP OR AMFI OR FII OR FPI) (India OR equity OR market) when:1d"" - Google News"
2026-10-06T12:47:17+00:00,3,"['India market', 'macro / flows']",PSU Watch,"Sensex jumps 685 points as crude slips below USD 100; Nifty tops 22,750 - PSU Watch",https://news.google.com/rss/articles/CBMiuAFBVV95cUxPajRTdHhZUUJNc1dBX2pudzlQX29tdWhCSFFOZzhDYktvU1lrci12cHdnZW1hZ3kwZkk2a3gwSUhPWTVZME1yTnZfVGphbE1SQnR2VVc0TmNJVGhPMUo0Mk5KVzBXUGhkWlV3VE1ucDJxOVBpTUJ6ZS1HSTBfZllrY0dpb1gweEpuM3JEeG9hZ08tcjZmU0pSZ2dweXFWM0k2NDNabFBnclh1Wjl4SWNibU1HVHU3RG9s0gHGAUFVX3lxTFBZdTBBeldpdEItQ3Vhb200N2w0d0ZyeXJmMDN3MDJ3N0d0UGVrNnh5V0RPTEtSLVhXVEZpejQwclpaVzJEem1sUllUNFRWTDBwYTJQVzBsN3BuQzZKbHdFcVZtRjFiclBUQV8tb3RPVWw4aW5fdE1mNGo2SWNOOUpOdWsyZ2RmZUtkMS0wWGZtZmtQNm04bW4xNkdwSE45bFdQdlZiZmhIVHFKdnFHTU9GSFJJVkt5aDFlUkJiOWpHRnZ5VzZwdw?oc=5,"Sensex jumps 685 points as crude slips below USD 100; Nifty tops 22,750 PSU Watch","""(Nifty OR Sensex OR ""Indian shares"" OR midcap OR smallcap) (falls OR selloff OR correction OR ""risk off"") when:1d"" - Google News"
2026-10-06T11:58:43+00:00,3,['India market'],The Economic Times,"Market wrap: Trent, BSE, Coal India, Tech Mahindra top gainers and losers on Nifty and Sensex on Tuesday - The Economic Times",https://news.google.com/rss/articles/CBMihAJBVV95cUxPQWVMMEhXd095Z3UxMlhGVy10S0lrRFJ6Wm5YREdvanh4bElfWVFLLWkyOGVyTF9Hb1lnZTRRcWV1aE5UUHhtWk15YVhXdm9ZNUpYZHc1MGhJYlVFeFV6RC1CN1RtOWpBTU1McUd3RFFqZ3BZekgtSWJzSjZqMjdzZmdpZ0VZbERENVFFYm54Y3QybkNkdkpzZUJkU0JLQVpNNVR0WVlUVTViLThZQmlUQmJaZTZ2bWdVaFFES2VLdkkxeXUxTUthREd1QjhWajFXMEZJSlNJOEd6dHZhNnRDaTkyZGkwN1Q4MEd6elNJZkZEUnpqTF9jcjZfdlludzNVSEhZNdIBigJBVV95cUxNVG91Wk0wNnVNNTdjNHJSSVludTZCbmRsbDZzbTcwUFBSWm16WkF4bENrUEVleWlYbkdVRXpIQUExMW54RUN3WTV2VUFWMFh0ajBZRktoVkxnaUl1bTc5N3hhOU5nRUk5RWlHcmVuTml2OUk2Y2U4Zi1vWExySS02T2c4Z3M2bVhtVnFCQ1NLcWZOUWFjVTFOZmM4NUxpTlZYNTQ3ckxvWVRFOWNjZUhCMmxUV1R3bGpSdWhpYXozNWtIcmtNU3dRanR0Wi1WSlNGLTFadHRVTm5waUc1Y2NWRWRvSzBTY3VETFJoYUJQNVFxdk0tU3Eya09sSWhjYTBlelBYRHhjYVBRdw?oc=5,"Market wrap: Trent, BSE, Coal India, Tech Mahindra top gainers and losers on Nifty and Sensex on Tuesday The Economic Times","""(""broader market"" OR midcap OR smallcap) (selling OR correction OR fall OR volatility) India when:1d"" - Google News"
2026-10-06T11:33:12+00:00,3,[],Cryptonews.net,DFA Converts Cloned Mutual Funds into ETF Share Classes - Cryptonews.net,https://news.google.com/rss/articles/CBMiWEFVX3lxTE1VVFBjN0Y3Ulo4bVF2Zlo3X0VRbU5XSVExeU85UlE4aWc3MXpqa1BhRUNQcE8wMEx5aGdod1pIQnRXaFROak1yUG1wLTdwOUpqVGwzZ08xWkg?oc=5,DFA Converts Cloned Mutual Funds into ETF Share Classes Cryptonews.net,"""(""mutual funds"" OR SIP OR AMFI OR FII OR FPI) (India OR equity OR market) when:1d"" - Google News"
2026-10-06T10:03:00+00:00,3,"['AI / tech risk', 'India market']",Zee Business,ai market data nifty bank nifty india vix anil singhvi analysis - Zee Business,https://news.google.com/rss/articles/CBMiwAFBVV95cUxPZDZPMjVCVVlVTEYyZFRjQ0t4X3BLa2NRMEJSR1o4Q19MLWt6YkV6cjBpQUQ5M1ktMC1VVk1RS3dtZmpkRXg2eHdyRl92bmhNOHVpWUp3VHZMTDdLb3JuOEhUUTBaOTBCeW1tLW5TdmpkaTVqVjI2Zlg4SVVjTnVEWGduR3NOYVRNQmJjMURJY0NwWTQzbC01cXVXSTJ3TFNsRlV1d185ZzB3YWkwV1dpS2NkcGktdUhRWFI1RGRVT0M?oc=5,ai market data nifty bank nifty india vix anil singhvi analysis Zee Business,"""(""broader market"" OR midcap OR smallcap) (selling OR correction OR fall OR volatility) India when:1d"" - Google News"
2026-10-06T09:51:01+00:00,3,[],TradingView,Small caps have beaten large caps by 21.5% in a year. Should SIP investors rebalance now? Experts explain - TradingView,https://news.google.com/rss/articles/CBMi8AFBVV95cUxPZGk0V181bzc1QzY0eHdlWndkV0hQZEI5NTJFbWdFT3Q3LTRHMXJfXzV4RDdUVW1hUnJ1bF9USllPU2dBWDhFWXdqZm1ZN1M0NkFOVXBNVUx0VGFqWWhjRUU0dldWeDBOXy1GdDc1WVNwRE5xUlZrdjRmUVZHR3I4b1drR01OLWp4VkpMV1RldXNsbGlJVEJkUFo2VFU5M1Vac1BWYzFwVXhqT19KcnZ6cWxZZWhmRlc5c1NTNU1aZExQdlg0WGZ5Y1ZPdkhjMHFhNU1uMEVDWlg4QUVmcDdWZnd0OE1xYzVHeWxsVkhoaTY?oc=5,Small caps have beaten large caps by 21.5% in a year. Should SIP investors rebalance now? Experts explain TradingView,"""(""mutual funds"" OR SIP OR AMFI OR FII OR FPI) (India OR equity OR market) when:1d"" - Google News"
2026-10-06T09:33:51+00:00,3,[],Business Today,"SIP Investments: Where Is The ₹30,000 Crore Monthly Flow Going? Mid & Small Caps Lead - Business Today",https://news.google.com/rss/articles/CBMi6AFBVV95cUxPX0tNOWVYQmktaGV3dXo0SjY2bEpINzFfTm00alFTaHUwcmFhUDFmZVY2Xy1yb0pVRlRIRG5XUy1mOGFVQS13SEJfRHlkRWJKZGU4NjFUSUl2NUpGVHhqQjVjMUx5akJ3dFRXMFJBYUtmX08xc3NJREYtODVfSV8taW9BTEx5VXp3NlppbFZ0RHQ2V2dvbjBJTEk2ZGtQTVVOeV9TVC15N01OYk9aS25sS0JUTG9jMWI3dzFzS2RfcFN4YkgzWU5OMFc4QWw1dmRuNkZ6MWIyTzBLUHlYcVZnZG9KR3BHbzhX0gHuAUFVX3lxTFBoSHk0dW15RVlkOVA4LVBpTzZPeGZpS0FnMTh3Z3gtZlQxM05OUVcyYmJ5WVZLU1lSWi1VRWtvc3h3RFdSYkJLU2RLa19fcFVVMms5eEJRdkpjTDF0Y3RCUkotZDdReEdnYUF3OEJuMzYyV1dEdl9aeU9JcVFVQ3ZlUVFEdDNWZUVPYUhGNFlCQklEdFlrY25sQmxjY0cxUXhxb2pHWWRSTFpma0xCaHdKMW5hZzBNUE15U19XdzNFbGdqQXROUDVxVmpYR1pfc1pmNjNHNk16MmZaUU9GQzU0dUk1VWRILXd1akdpbkE?oc=5,"SIP Investments: Where Is The ₹30,000 Crore Monthly Flow Going? Mid & Small Caps Lead Business Today","""(""mutual funds"" OR SIP OR AMFI OR FII OR FPI) (India OR equity OR market) when:1d"" - Google News"
2026-10-06T08:47:37+00:00,3,[],Curly Tales,"Odisha’s Similipal Tiger Reserve Now Has A Dedicated Cafe To Sip Coffee, Read & Relax - Curly Tales",https://news.google.com/rss/articles/CBMitwFBVV95cUxPVDNIOEVrUk9obk9FZ0w3LUNoUm4yS0ZqTEFiR2xxbVFQcmJSRHdKc25CYldYYkwtRXo0dWszVE1DNnJoUEhSRUlvYmN5UF8zM3Rqal8yMGtueTc5V05rMVZtLWNfRjF3MHFmRnlJN25yVHNOY1NDbE9NVl9PWGpvOTlOOXpGN1ZBMFpuLWotX00yTEt1SXZWM1NFUlJWdlZDWEhYdE8yMGg4OEwxLTA0ZVpRYVhBWnPSAbwBQVVfeXFMTnFXU1ZraEthaVhHbC11SG5Td1NSMHFxRU9PaFBDS2lTUUMyTVZ3Z2hMeHNkNWc5UldSX3dJeWpYNjByVEkzdTEzOGo0UWFSQW5lal92S0pZeGlCVGRXRVNGbTNUczU0bW1EWDE3b0VoNmZoZ3ZmUnVrTVNRQ3ZmZ0s3MUQtVUJONU5PSGsxaVpiVUFlbTF1blYyWFNSbEpWYU5vMmFmNWMwTUdhS2FZQjF5OXAxQTF3RXBBOUI?oc=5,"Odisha’s Similipal Tiger Reserve Now Has A Dedicated Cafe To Sip Coffee, Read & Relax Curly Tales","""(""mutual funds"" OR SIP OR AMFI OR FII OR FPI) (India OR equity OR market) when:1d"" - Google News"
2026-10-06T08:46:08+00:00,3,[],Trade Brains,Top 5 Mid Cap Mutual Funds Delivering Up to 18.6% CAGR: Up to ₹11.01 Lakh in 10 Years - Should You Consider Them? - Trade Brains,https://news.google.com/rss/articles/CBMi2wFBVV95cUxPSE5SVjNUaXZGRjVZV19NUGxUMEl0R0VOc011ZEJPbXFTSEpRMmJTb0dFRTR4TUtVVGJyemhRcER0UzE4X3BiZ3pJazE5OW1DMlZVNjFDWU81a1FmU0NTY1lWMVFMQmVWVU9PcjVCMTBfZ0h0T085UGZ3ejZ5SDVZREpqMlduSWFOTVR2Z0t2TmpqVGJ4TzZ6dmFLbDdWTWRVV1RKTHdGTkE3VGNHMExSNkpsNlpIZE1udGFubHR2aURNb0hZY2tDOXFyNjdMSHEzem9iWmZaNlNjdU0?oc=5,Top 5 Mid Cap Mutual Funds Delivering Up to 18.6% CAGR: Up to ₹11.01 Lakh in 10 Years - Should You Consider Them? Trade Brains,"""(""mutual funds"" OR SIP OR AMFI OR FII OR FPI) (India OR equity OR market) when:1d"" - Google News"
2026-10-07T08:06:42+00:00,2,"['market selling', 'macro / flows']",Business Today,Rupee Fall: RBI Governor Sanjay Malhotra Says Markets Can Be ‘Irrational’ - Business Today,https://news.google.com/rss/articles/CBMi0AFBVV95cUxOSXhBSm5CV2ROc1lVYjR5cEkzeDlNc2JHeE9fUXppNm9haS1CNUFuVExuT2p2ajF4S3Z2cVBDdWdRMmFoQnNIemFyOGg4Q2tMYjFobUpORFJqdVJuOXlxOUh6N1lCRklESjFXUWlFeklCMmdaWjkwVlVPSURFcG03Nl9ydGV3cW9YWVhFSGFSeHE2c1BVNGpMdUlna25JcGJucklyQnU1NXFPZFVWb2lVbXByUkRBWEJDdzZKWXN6bUJCUnA4Wk0wT2EyaGd6UkVU?oc=5,Rupee Fall: RBI Governor Sanjay Malhotra Says Markets Can Be ‘Irrational’ Business Today,"""(""broader market"" OR midcap OR smallcap) (selling OR correction OR fall OR volatility) India when:1d"" - Google News"
2026-10-07T05:49:02+00:00,2,"['market selling', 'macro / flows']",The Economic Times,"Global Market: Hong Kong stocks fall as oil rises, tech and biotech shares drag - The Economic Times",https://news.google.com/rss/articles/CBMi6gFBVV95cUxNVFI1dEJfbnl2QmtJdk52YkhFanJtTVkwcnZHTk1UZzZwUllmcFpORTQ1YWxXQXhtdTQzUGowc1FaaHhTSXVCdmRsVWxxNGYtR3FvVUpwbDB1aDlwcU1IeEpwN1g3bTN1bkhLbWYyQlkwM0xZaTlaM0hXWTVmSHB3eUEyRkVPMGc0V1kwQk9QV0ZZQzRUTk91MmRodHNNYVV0VXV1WWFDUGJkdzN0Ym13NEdSdE5sNDI5cWo3NDFWR0lpUjBVNXZ6TzJNLWJScDJRUndXNTdVZVAzWDNiMWtPMGxmX1loeF96aGfSAe8BQVVfeXFMTW45WE5OOE9DeE5XVVNKUkF3bk9JVFNsYVNTT0gySV9EOFdSOUs5REJQb0IxejRDMVBQdGIzSGtqbGJwVVNvM1Vjc1FQa2NWSUZUVjdmVzdvSmJ5QTk1RzNiYk4wSjF3TDVSakVjcV82VXJ3MGNuaWc3ekhxRUdTZjJCWjltRFdFNDZCc2QzdFlNWFZZZXdCT2FHemp1MDd5ZEVlT1NxbHNjbklISTBCbDN2MS1DNThRTFktRHM1VzJkUEJ1YlBNdmg1dXdveHh3RG5jWTV4ZE5EX3VLdUpqRDVGNUVIelFmSW4yRXhJaWM?oc=5,"Global Market: Hong Kong stocks fall as oil rises, tech and biotech shares drag The Economic Times","""(AI OR ""artificial intelligence"" OR Nvidia OR semiconductor OR technology) (selloff OR ""market fall"" OR ""stocks fall"" OR correction) when:1d"" - Google News"
2026-10-07T05:32:21+00:00,2,"['India market', 'macro / flows']",CNBC TV18,JM Financial AMC's Deepak Gupta sees export sectors leading as FII flows could improve over next 2-4 quarters - CNBC TV18,https://news.google.com/rss/articles/CBMinwJBVV95cUxQWmdXU0hjcTNHR0ZFS1lPYnY0OGx2UmZ5QzhHa3RjTDF6Wk5KLVBscU43MlpCQl84bUdVcVM0SkZLNHdpVWx4b3EyWDYtbXRKWWVGMGJxb2xka2x5cWxyV2FnMkNQbGE5RXdLTmc1cmpXOGY3cGc2UTh5WTIwRTVzbjdkY1lUSVdMeVZwQ1gyNWJrVDFfcFBOQmRFQnk4bWxLU2xCa2R4RUJFNnozQ2FYb0YxZjIwYVIwVTNhVlAyOEZPZEtTcFZ4MVU1RXpVZWVFYXZTWm1JSmEtbmVGMWJWSE9RamU1TXp3VGpfYU51M3lJOEZ4cXpyWGVxdzB6TFZxU3N0aDdyblVtZG5SeUo2UzE0SVFMc2dOZkJ6cVNJOA?oc=5,JM Financial AMC's Deepak Gupta sees export sectors leading as FII flows could improve over next 2-4 quarters CNBC TV18,"""(""mutual funds"" OR SIP OR AMFI OR FII OR FPI) (India OR equity OR market) when:1d"" - Google News"
2026-10-07T05:27:08+00:00,2,['market selling'],Business Upturn,"Metal sector stocks today, October 7: NALCO declines 3.34%, Hindalco falls 2.16%, Jindal Steel down 1.92% - Business Upturn",https://news.google.com/rss/articles/CBMi4AFBVV95cUxOMlYwZDJTWDI2NEpsY3FmQXlZOHdMYlphS1FnaUFoQXpLaHByQVVIVUhIQXlaaExfczdoUmxwaFZueDFLbFFiNkNmQml0d3o3RVBKMlVNYWZBWVNzNDAybVU1U1RTUkJaVUdpd2dRQlpDN0xINGVKdnA1b0o4N3NyT3VfQVZfWTJzRVNkbnVrQnhzRDRFOGMwNThwcU9PcTRFNXNoak5fZFdSdGYwa2lVUm96Rlg5OGFmU3p5Y2d1My13bWlINDdudTFKS1FtdkowdU5CLVlNWnBxclJSOVNmbQ?oc=5,"Metal sector stocks today, October 7: NALCO declines 3.34%, Hindalco falls 2.16%, Jindal Steel down 1.92% Business Upturn","""(Nifty OR Sensex OR ""Indian shares"" OR midcap OR smallcap) (falls OR selloff OR correction OR ""risk off"") when:1d"" - Google News"
2026-10-07T05:17:08+00:00,2,['market selling'],Business Upturn,"Auto sector stocks today, October 7: Ashok Leyland falls 2.66%, Bajaj Auto down 2.64%, Hyundai Motor declines 2.01% - Business Upturn",https://news.google.com/rss/articles/CBMi7gFBVV95cUxPM3paaW1nbkFiU0RQT3E3c052VTI3MEFNeUVKQTBHX01QVGpIZXhMQm1kXzVvVjlJVzRjc2stb0pKeXZVRnlONUZzcEVlR0dybDFwYUhNWXRRRWF3bDhGV2syVDBzMndvbjc0UjVobUlmaGVKdjVBMGxrLXhwWnV3RnJJRnBrN1l2c0NidC1CTHBRck1EbHZwMjRCaXJNUTB6MmV4RE5PLU5RTEdET09ISC13cHFGVTlDeThiLXBkX044NGkteGh1VkRGQU95RndrQ3BRejYxSndkVmpOWWtyUEdfOW5DSk8xcXpjWHZn?oc=5,"Auto sector stocks today, October 7: Ashok Leyland falls 2.66%, Bajaj Auto down 2.64%, Hyundai Motor declines 2.01% Business Upturn","""(Nifty OR Sensex OR ""Indian shares"" OR midcap OR smallcap) (falls OR selloff OR correction OR ""risk off"") when:1d"" - Google News"
2026-10-07T05:15:00+00:00,2,['India market'],Zee Business,"Stock Market Update: Sensex rebounds over 450 points from day's low, Nifty recovers 120 points after RBI rate hike - Zee Business",https://news.google.com/rss/articles/CBMi9AFBVV95cUxPbjdWMnpFamJCeno2QWQwem8xSjZEUnB1dkxLVmZPZTM5MDZMekVwY0lkOU56a19fZl9INkNxOEFjNUVqU0dsX2FLQ3FETUFTdERrdGpxTV9mV0NIbV9iRnlZd01USVZMcUVXdE5rZzl5OTVsWm1nOWZfdjdFOFVqTWN3bGFjeDhwTE9FWHZPY1o3UFJuWlk1QlhvQThJVmg3RmJab05aSVZuRjh2UVRGcnU3UHBZaG95TkpJLWRNYTBzMENsTjhkZi0xUlpnZmxDWldNZEtSMnlzczFpTWplSS0ySG5pcW9fV3EwdTBWM0FEZS1p?oc=5,"Stock Market Update: Sensex rebounds over 450 points from day's low, Nifty recovers 120 points after RBI rate hike Zee Business","""(Nifty OR Sensex OR ""Indian shares"" OR midcap OR smallcap) (falls OR selloff OR correction OR ""risk off"") when:1d"" - Google News"
2026-10-07T04:26:22+00:00,2,['market selling'],scanx.trade,Intel stock falls 3% in premarket amid broader market selloff - scanx.trade,https://news.google.com/rss/articles/CBMitAFBVV95cUxNX19PRENFdlItaUlkTUUxS2RfNWJoeXlvdWNCSWtlOXpWMGl5aFp6dUhFd3FsYU1ONHJvcUQ4TmU4ZVp1SGwwZVJla2c3Vkp3YzQtUmR1OWxyRkpVVlpQaU0wRmZkcHptZUp6R1lJaFhyajVyYkRQeVRCY1JwMUg5VmRmczF1dUtCRFQ1ZHBFTmtzNWYzMmsxRHpKeUxQV3VfZXdIa3JkbGRBMGhPeGNqeTZSWWw?oc=5,Intel stock falls 3% in premarket amid broader market selloff scanx.trade,"""(AI OR ""artificial intelligence"" OR Nvidia OR semiconductor OR technology) (selloff OR ""market fall"" OR ""stocks fall"" OR correction) when:1d"" - Google News"
2026-10-07T04:20:44+00:00,2,['India market'],Mathrubhumi English,"Nifty, Sensex open lower as markets await RBI MPC decision today - Mathrubhumi English",https://news.google.com/rss/articles/CBMingFBVV95cUxQc2hVaEM2SDZ1bW9qTmM4U044RUFkbzdKZ3JzOVdNOVlzMEpDOGpsbzl2Mk55Um5xNmY0aFdxVnB2MFJLdlBIeVNKVExPaGx3a09zRDB2a2tyVWNTb2dSZzNJQTNIN3liNUNTcmFGUnlLdnBZUXNCcWZ0anV4OXFkUlNYZlZHLXotSTZ4ZnVjXzFHbFZxN1BjNS1WU1BfQdIBowFBVV95cUxPbWJCWlU2cHdscGFVNHNiOGVaNVI0WDRkQ3F2cFVVWWRhay1SVm5hc0YxSUF1OHlfemlNUHZOcmJwTnYzcjVjTERNQzBZTzF1YWk1RWFManJ3THkxWDMzY0hLdU9KUVo2WFAwOUVIYS1TdHVXb2FXVHRjZDVYVl9HRFFTZFZGdmQ5TlVEYkEyeDNXVlZiMXI1RTctS1lmUkhGWWYw?oc=5,"Nifty, Sensex open lower as markets await RBI MPC decision today Mathrubhumi English","""(Nifty OR Sensex OR ""Indian shares"" OR midcap OR smallcap) (falls OR selloff OR correction OR ""risk off"") when:1d"" - Google News"
2026-10-07T04:16:08+00:00,2,['India market'],Outlook Money,"Sensex, Nifty Open Lower, Snap Two-Session Winning Run Ahead Of RBI Policy Decision - Outlook Money",https://news.google.com/rss/articles/CBMikAFBVV95cUxNS3o5cFM5bWVMWldVUkVDOUx1Z3I2ejJTMkZfVm9FWHkzX25MRFZ0d0pqLVUyLTMxa0NnOHVzU3dMM3llSk1GZTZKSWhYTUlfdjN6M1c4MVdoVEdtNDN1ZUxsZW03Skw2Z25vN29oRGYweHFuQ05GbHJ1WmptYVNkdFhDdDNvVlVxbXE5c3NkeS3SAZ4BQVVfeXFMTzZIZ295aG9GSTAxNHBFZ1pZZkZza3M4SzQ5X2NBMzBIUWZyeG9OMjA2N2JOOWctUWNFUy1uTlFDclotcjNrMEprOGtOOGtvbzJBazY0Vzh0MzJFdjhxSThzNlc0bnhPV1p3bWFVR0IzMXpCM0JfN1FPLTF4Ri1rTXQ2MHFhc1B3d1BuRkVjWnV0UVo0cU1xNEtSSTlfZXc?oc=5,"Sensex, Nifty Open Lower, Snap Two-Session Winning Run Ahead Of RBI Policy Decision Outlook Money","""(""broader market"" OR midcap OR smallcap) (selling OR correction OR fall OR volatility) India when:1d"" - Google News"
2026-10-07T04:13:48+00:00,2,['India market'],Ommcom News,"Sensex, Nifty Trade Lower In Early Deals Ahead Of RBI Policy Decision - Ommcom News",https://news.google.com/rss/articles/CBMiqgFBVV95cUxPbHlyWXZZR0p5WWJqSWVFTEZHQms2d19uYkZQbU9wOU1rNXhCUmZqRk5kNFJJamJtTjJ5dkU3NTN4NGp5aXY2QldhNF9CdXdmWTB6d0M3Ym9QV1AwRUhocXhybllrNnprZENCelE0QmFUdEhlME82LUttX3hxZzJTZXltMGdrZXdvck1QQW9vUndSNzd1THpvbXB2Tkl5MkJIVExiQU0tVk5YZw?oc=5,"Sensex, Nifty Trade Lower In Early Deals Ahead Of RBI Policy Decision Ommcom News","""(Nifty OR Sensex OR ""Indian shares"" OR midcap OR smallcap) (falls OR selloff OR correction OR ""risk off"") when:1d"" - Google News"
2026-10-07T03:52:00+00:00,2,"['market selling', 'macro / flows']",Kuwait Times,"Oil rises, stocks fall as Hormuz attack fears flare - Kuwait Times",https://news.google.com/rss/articles/CBMiowFBVV95cUxPLW4wdVo5alJGSGRrNEx2am9zQXFrMzNzMHJCNW83bkkxT2poZXJCQ3RaMjRWeGNYT0JidFNCZ1BhbHRvVFdselhSaXNiMUZvTE53VmF1aTFBOXNXR0dvbkc0eUN6RHE0T0NUQ3c5OU1ZeFpDc3ZPbkJMUUZZNm0yMjBMYkxpUXEtQUw2LTVKRDB5LVJZQWZoaF93LWItSDZjc29N0gGjAUFVX3lxTE8tbjB1WjlqUkZIZGs0THZqb3NBcWszM3MwckI1bzduSTFPamhlckJDdFoyNFZ4Y1hPQmJ0U0JnUGFsdG9UV2x6WFJpc2IxRm9MTndWYXVpMUE5c1dHR29uRzR5Q3pEcTRPQ1RDdzk5TVl4WkNzdk9uQkxRRlk2bTIyMExiTGlRcS1BTDYtNUpEMHktUllBZmhoX3ctYi1INmNzb00?oc=5,"Oil rises, stocks fall as Hormuz attack fears flare Kuwait Times","""(AI OR ""artificial intelligence"" OR Nvidia OR semiconductor OR technology) (selloff OR ""market fall"" OR ""stocks fall"" OR correction) when:1d"" - Google News"
2026-10-07T02:38:00+00:00,2,"['market selling', 'macro / flows']",Yahoo Finance Singapore,Oil rises and stocks fall as Hormuz worries flare - Yahoo Finance Singapore,https://news.google.com/rss/articles/CBMigwFBVV95cUxNYW5lXzFGUTA4bjJDeXFCS3Z5Y09qZGV3V3JaVnFyWVhPOHVPUU5ic1FoQTZqTFpSdXBBUkVqUGgtRDhWSjFzZG5ESnJEd2ZqYlJqQTNPM21INmdZWXUxMnNMMzJFZTQtVXhGM1ROQlB0dFdaZG5jZjNHQ0RIV05TbTdicw?oc=5,Oil rises and stocks fall as Hormuz worries flare Yahoo Finance Singapore,"""(AI OR ""artificial intelligence"" OR Nvidia OR semiconductor OR technology) (selloff OR ""market fall"" OR ""stocks fall"" OR correction) when:1d"" - Google News"
2026-10-07T00:17:16+00:00,2,['market selling'],The Economic Times,September demat account additions fall to 2.89 million amid market selloff - The Economic Times,https://news.google.com/rss/articles/CBMi4gFBVV95cUxQempkdndGeG41eTdrdmdlT2lKbFAxeWVZak53WFItaWplTy0zLU84SU1RNk5SbnlXY2ZoWE9ZdTh4cEZ4aFdFN0NVT1E4TFZEN3lhUU5kay1nMFJ1RzU2RHJPM0YtTVFxTjV3eDU0QXZaOEVyMGdfNndOdnpoR2dUcEoybFR1dmFMdjNTLVdseTN2T3Z1TnA3aUNNdk1FXzdjR0VwcUQzbWQ1S1ZETUdYQUFhejJISVpqZnIxeFZEUWJHeGMyc0E2NnVLN2FyZVYya2dQTU1Vc0VNX1dSZDNRQ21R0gHnAUFVX3lxTFAyYm9pelZxU09xNzRfdzdTZU9EY0NfTWpiR3pHSG8wY2toSkRxdWVNem9WVHA5c3VaZUlVaG9PdzlJMFlFQm8tRUhiWTJES2t3NGxSY19jTWZuSzNva3VwT2ZMUjhuaHVKZjF0aG9pTHprZGI5dFVVLXBTcjd1Yy01emM2WmdITVZWTWdSYS0zRklOQmY0VWpxaEFaS3QxTlBKTWRQc1U3R2hzU2Jva1h2b0RwY3BKSWZ0ekJBUVlSUUtiQ1dqWE1YbU5fR0FQeXBteGxwOTN1MHdRRVdyRWVmVXFsMXNOVQ?oc=5,September demat account additions fall to 2.89 million amid market selloff The Economic Times,"""(AI OR ""artificial intelligence"" OR Nvidia OR semiconductor OR technology) (selloff OR ""market fall"" OR ""stocks fall"" OR correction) when:1d"" - Google News"
2026-10-06T23:20:13+00:00,2,['India market'],ET Now,FII exodus from India: Foreign investors withdraw record Rs 4.17 lakh crore so far in 2026 - 5 global forces behind the massive outflow explained - ET Now,https://news.google.com/rss/articles/CBMimgJBVV95cUxPUjhBZk5sYUNYVzJTNW81WS1RSE04eWlFbWhDZ3h2MUxqSnBqRVpZWTlpU0NydEwzclhGNFFWbTRFYmFKcVpKc2NCMGVndm85YUE5RlhHWkFRMXU5OGFEODZRbGMtUW1OeElyREs1ZGVqX2tIa3FZQXJSc0l6NzF3NjBXUDJWS0E3NENMdGZ1Mm5VQzAxbTZSS1RnX2lvaDFKMms0RXpjZ2V2aERZS0lxMi1qbkN3V0s2NTVXMi1TOUJyWE9rY2RQYm9CVHhlWXF4TGZTdmVjNWNnLV94b0ZOOVZHRUNzVnBBTXZCZW9DeDNuWWY5bVdJLUQzcllzYXR6WHM4bFM4WDl2b250a3FGelNxb2pJTU9FbVHSAZ8CQVVfeXFMTnBtdldPNGdieUNFd3pYam8xTWVyZ3dHQ3pRcDhtLTNycTNFMUc5UDdWVkFIZlFybW5fZ18wdGdJWk5HbWNZMnVhU3ZZS0lUVnJCY2REdWN4NV9KSWxEOTlkdkxhR2tEOUM0UHRtazBnTTF4QlVxdTZtczZqNm1scUhfUHdGX2xuSEx1Y1VmaXZfaDBtWmVBd0RiVGx0OEI0bTdYaGhUVW5fdm1YVklxZTdkTE02QkpxcmFncFVVYjJ5NGFhcS1RQ2JrMk94ZWstbWx3cVg3RnFySUZ2S0RaZXdDTktpbk5OT0pPWnlrcGo3d3dWU1VENGZfMnNody1ZZXhkdjNDc1F1TWhJbVRKaTh1dTlHaFhmZkoybEMyVnc?oc=5,FII exodus from India: Foreign investors withdraw record Rs 4.17 lakh crore so far in 2026 - 5 global forces behind the massive outflow explained ET Now,"""(""mutual funds"" OR SIP OR AMFI OR FII OR FPI) (India OR equity OR market) when:1d"" - Google News"
2026-10-06T23:04:00+00:00,2,['market selling'],CoinMarketCap,NEAR Drops 3.15%: Routine Correction or More? - CoinMarketCap,https://news.google.com/rss/articles/CBMicEFVX3lxTFA0ZWU5YURBeWlQbHFySjVEbGZLYk11ZVdUYUJQaTNEbzZGcUZ5bFVES3BWckF2REdNV2dyUExHWmx6dV80cGxvODZvNndWYWk1ekVma3ltZjhzVU9iMC11bGVpeEFzblZhT2I3b25Kbzg?oc=5,NEAR Drops 3.15%: Routine Correction or More? CoinMarketCap,"""(AI OR ""artificial intelligence"" OR Nvidia OR semiconductor OR technology) (selloff OR ""market fall"" OR ""stocks fall"" OR correction) when:1d"" - Google News"
2026-10-06T19:44:43+00:00,2,"['market selling', 'macro / flows']",EnergyNow.com,"US Crude and Gasoline Inventories Rise, Distillate Stocks Fall – EIA - EnergyNow.com",https://news.google.com/rss/articles/CBMinwFBVV95cUxOcXFFSnU0NWhLZW9aYlRzVVhoaVFRQjdsc0VuaFhfNmtNRWlQUi16UlRjNFBFN3ZwSm5WOE9SUkk2aVpCLW1jRGt5WG5tbmUwSFJTUDU4TUJheWJia1lJZW9UYkVkVkJtU3dyOWtjM3lmWGxuTk1pUDlKcnU0a0tUMkE2Wk50dV9LR3R5dEplcEhfM1dYTE0wZ05Xb3Z0Qkk?oc=5,"US Crude and Gasoline Inventories Rise, Distillate Stocks Fall – EIA EnergyNow.com","""(AI OR ""artificial intelligence"" OR Nvidia OR semiconductor OR technology) (selloff OR ""market fall"" OR ""stocks fall"" OR correction) when:1d"" - Google News"
2026-10-06T19:05:02+00:00,2,['India market'],Business Today,"Mid cap funds sink in Sept, but 6 schemes beat the Nifty Midcap 150; Taurus Mid Cap emerges as best performer - Business Today",https://news.google.com/rss/articles/CBMigwJBVV95cUxOOXBoQ2hacmY4SkxwWkIxQ0lvaERtSzZzOEI5QUt2NHEwVTNaZFNQUWtCSi00YVlTQW9fRjNzLUhtUk9kZkxrM3AwYWJ1cDZscXVoVDlvU0tHaGJIdFZmU3dQX04yZnBQZ2pHUFUwQUtITjN3R29fVUUyS2hWSTkwVmlLT0VNUUFOellGRUg5QzRYOWNIVE9UcnNkNlNlUmNhUGxTcWZRZXNKVVJNT1NkbWtxdE1RRk4xSFUwVlVSRFVERFFFR1AzT3pMTlkzSVE4SUhuTk1vejVrNU9zLWs3SDd6UmJ0SlRnbHhBVkNoVzJhWkhNWk45WXZGeVpneEFyTjI0?oc=5,"Mid cap funds sink in Sept, but 6 schemes beat the Nifty Midcap 150; Taurus Mid Cap emerges as best performer Business Today","""(Nifty OR Sensex OR ""Indian shares"" OR midcap OR smallcap) (falls OR selloff OR correction OR ""risk off"") when:1d"" - Google News"
2026-10-06T13:02:10+00:00,2,"['market selling', 'macro / flows']",Bloomberg.com,Ford Selloff Tests Wall Street’s Faith in an Earnings Recovery - Bloomberg.com,https://news.google.com/rss/articles/CBMiswFBVV95cUxNMnFDRm5tNVRyUkFaVUNhVUpDUF91VGNMeG95dHNCWXpwUExwX2lDVk0ta0ZSTU9YVW9WMDlldVlnS0R6MmxXV01Ed2NIR1V5TFVmand0UHFhU1pMRldYYjdSLThqOTIydVdvdW54X2dYMW4za3FZY1ltcmVsVVVrUlFIak0xZ1VacW0zMGlqWjltemI1M1JsRDMxN2tSaHluQXhCelR0S25yb3ZSYVpzYnVPSQ?oc=5,Ford Selloff Tests Wall Street’s Faith in an Earnings Recovery Bloomberg.com,"""(AI OR ""artificial intelligence"" OR Nvidia OR semiconductor OR technology) (selloff OR ""market fall"" OR ""stocks fall"" OR correction) when:1d"" - Google News"
2026-10-06T12:46:31+00:00,2,['India market'],Editorji,"Sensex gains 685 points, Nifty rises 220 points to cross 22,700 - Editorji",https://news.google.com/rss/articles/CBMiwAFBVV95cUxQSEVVZnhZR0llYllrVlhNTVktemVLUjM1NjAzV2FmZzNTNTA1Q3Z1WGE3SC1nc0QwOEV6Q3hJN19mbzZ4SFFKSFNBNG1nYVhzbWFwajZKbEwtTnVKZndodjQyaGxhaHl2cE5WeVdZeUNHWW16SGF4MHdqcjZMZVdYcGwtdk9hMVZEMDNMdXFYN010dUlYcWdpbEpweXJyZGkxeHlwaUhzTWlVaXdvWFMyQlljUms4LUlkblV3SFlfRUTSAcYBQVVfeXFMUDJlOHVQUXNHOGlra19iTnR4Ni05MWh5ZFFvTEpJNEFwRDRMU2pVODVFbzRGbFRxaFBmRWY1cVVNU2FaSHBmQWdmQU5JcXhwSzhVcFhPblktbGZtRnpCLV81WjVHdDRuTlBSZUUxQXpWOUdOT29FUHNyOEdadktXRlRmMmhud09jcGpzUFNtQVFsUlYzMFNiZV9tY28yZWpoekY4WmRVSmJydzYxb3hUaVk4b2x1ajNEM05mMFZVRjF6RDN0LVNn?oc=5,"Sensex gains 685 points, Nifty rises 220 points to cross 22,700 Editorji","""(Nifty OR Sensex OR ""Indian shares"" OR midcap OR smallcap) (falls OR selloff OR correction OR ""risk off"") when:1d"" - Google News"
2026-10-06T10:45:50+00:00,2,['India market'],Free Press Journal,"Sensex Jumps 685 Points, Here’s Why Nifty Rallied Towards 23,000 - Free Press Journal",https://news.google.com/rss/articles/CBMiqgFBVV95cUxNdWFVdndYUFN0cHZQN1g2UzZNT2Q1WDQwYjhZWXNnOEFfd3VQcWhRZmRwOTNRQjZsX2pjOXhxVVpCM1QySnVtU1A3bmozNmVGU0dQUDJIYnpMd1M5c0RGYnFTQnEyWWJYNFp0d2szRHZzbllmZmFxV1lKSVBOMVkxaW9NdllsbnYxdWhnMFFGZW11LXhPZEdwU0lxVklvVWh2dTQ4UlVQOW5rQdIBqgFBVV95cUxNdWFVdndYUFN0cHZQN1g2UzZNT2Q1WDQwYjhZWXNnOEFfd3VQcWhRZmRwOTNRQjZsX2pjOXhxVVpCM1QySnVtU1A3bmozNmVGU0dQUDJIYnpMd1M5c0RGYnFTQnEyWWJYNFp0d2szRHZzbllmZmFxV1lKSVBOMVkxaW9NdllsbnYxdWhnMFFGZW11LXhPZEdwU0lxVklvVWh2dTQ4UlVQOW5rQQ?oc=5,"Sensex Jumps 685 Points, Here’s Why Nifty Rallied Towards 23,000 Free Press Journal","""(Nifty OR Sensex OR ""Indian shares"" OR midcap OR smallcap) (falls OR selloff OR correction OR ""risk off"") when:1d"" - Google News"
2026-10-06T10:31:38+00:00,2,"['India market', 'macro / flows']",Free Press Journal,"India’s GDP Grows 7.8%, Investment Momentum Holds As Oil Risks Loom - Free Press Journal",https://news.google.com/rss/articles/CBMirAFBVV95cUxOeW1yR3FCRlVGQ3lPWG9JVi0tQVB3QWplWGZIM2JSSWRtLVBnMGc0b1NTRnVKUlBtZGlhRnpQU0pzdzhpal84SllPdWc2RVVrdVlUdFY2ME9qRmtJeE83WndDZ2hiYzB2UGwwM3V6bUFaZHY2Q0cySnlmdGlic0oycEMxak1remhyU21ORlRIR1U3VlpsaVgwYmFHMkFQWEVWZjV1RU1EZTV0dnhu0gGsAUFVX3lxTE55bXJHcUJGVUZDeU9Yb0lWLS1BUHdBamVYZkgzYlJJZG0tUGcwZzRvU1NGdUpSUG1kaWFGelBTSnN3OGlqXzhKWU91ZzZFVWt1WVR0VjYwT2pGa0l4Tzdad0NnaGJjMHZQbDAzdXptQVpkdjZDRzJKeWZ0aWJzSjJwQzFqTWt6aHJTbU5GVEhHVTdWWmxpWDBiYUcyQVBYRVZmNXVFTURlNXR2eG4?oc=5,"India’s GDP Grows 7.8%, Investment Momentum Holds As Oil Risks Loom Free Press Journal","""(""broader market"" OR midcap OR smallcap) (selling OR correction OR fall OR volatility) India when:1d"" - Google News"
2026-10-06T10:18:21+00:00,2,"['market selling', 'macro / flows']",Business Today,"IPO valuations, stock market correction, Q2 earnings: Anand Rathi's Samir Bahl on what investors should watch - Business Today",https://news.google.com/rss/articles/CBMi-gFBVV95cUxNNWg5RllBbzJPb040SFVRckVOSjlBbXVEZ2NsdldrNl9FSTlCTWVCRDRoQ3B4OWNld1NGOUJXamNMbGVUSmVqSHJySlNQc2JjSEdjQUVHbmtUM0xpS2dnaVkwNVI2T0FoVzNxeWNpQjRjVU1JYnJMYWdqQTA2WUUzYWZvM1Y5QTRaNnBlcjltRzBLU1JEcmh2cDJ5dmFGbklwRjlNZzg3SGVlOHJteVpjeEFadE4wMXVTS1FyeVljWlNWMVcycmJCTlRRRVljWThiOVdVeHBhQXFwcEoxb295SEVhMXZPNjExYXU4angtY081bWRKT2I2NkNB0gH_AUFVX3lxTE5GY1ZNd2ptakdIZGV2cWhsODVqX1UwTk1leEtDZjVGSXFaMy1iRi1uem9sYkIyc2Q5MGY5dUVHN3F3V0dabzktV1U3VEEtMWdRLVA2N3o5RU5uNFpwZmc0NXRSZExBWHJfSGdWRHYwVnhsdTh4cDdBcVE4RVZaX2t3RnNyZDNwcElMZWVpZVRnT2FOcU9nc1BUVUdRdEltN0pfckxiQVM3QVhJczJVUFV2bV8yMFVXYXUydzFWLVUza1Jnd05VQzhuUHM5Rl9KTUo0S2JIclR2eHctR2FNeEd4Mk5yNGpqZEtPZWxvNmJtZ2c4OVVQZVhDUHJhb293MA?oc=5,"IPO valuations, stock market correction, Q2 earnings: Anand Rathi's Samir Bahl on what investors should watch Business Today","""(Nifty OR Sensex OR ""Indian shares"" OR midcap OR smallcap) (falls OR selloff OR correction OR ""risk off"") when:1d"" - Google News"
2026-10-06T10:09:00+00:00,2,['India market'],Univest,Why Is FPI Selling Continuing as India Looks Better Valued? - Univest,https://news.google.com/rss/articles/CBMihwFBVV95cUxOczhGLXJIT3JEbGRvZW42R0VCa2ZVUEpvMXhPVlFoMVRzVDhkZlNSUk1pTFRzakZpT2g3eXBCYTBqQVpvTmhFTmg0bk9nZFhtV0xqbkE4WGVNSG1zSlZsS3FfQlgtNWswOUJEV2pXUkxGaC1MNUM4aDNMcnl6VkNmYk8tdDk0bVk?oc=5,Why Is FPI Selling Continuing as India Looks Better Valued? Univest,"""(""mutual funds"" OR SIP OR AMFI OR FII OR FPI) (India OR equity OR market) when:1d"" - Google News"
2026-10-06T09:48:09+00:00,2,['India market'],NDTV Profit,"Sensex, Nifty Rally Decoded: Three Big Reasons Fueling The Pre-RBI Policy Upswing - NDTV Profit",https://news.google.com/rss/articles/CBMiwAFBVV95cUxOWThVcnJlSWpkU0QzNDF0WnY1Q0IybkhlSVRmdGpFMFE1dDFvZ2lxYnpXVnVoclVpbUFneTA5cDJ2Y3k1akphYkhYaEl6MU4tc3paVjZLQ25Xa2oyN3dadFJVemtDYmlHbzA1dVZfaU9iYnFDOHN0QklwRmdmWkpLTDVkcW8zZlpYZDNvVEE5amlIYlR3VnRkR0xFYWtsRW90MGN4dmxxa1p3U09ud1FLcGxsS25DQW1IVkNCbWxiX1jSAcgBQVVfeXFMUGtCLTkyQlZmNFhiNWYxY2dnUnVYOU15WGp3Zlp5RUJNLTNReU5uTWlXNHZ6Qk5XMVZXdzNFQWp6MkhHamFZRWVmay03bTV0RjlTdWIySUloSU16ckdtckt5SEI0Yk9HOG9BWnRoSG5EMTJKeENZaTRpZEZpMzJPZFFoLWtvb0lCVXllcFFaWlZlNTRRUE9obXdFSlNSNjF3QktiTjhJUTFENEk1VExSUUV3RmI2amxuVC02YW43VEd3UnVQemJrZHY?oc=5,"Sensex, Nifty Rally Decoded: Three Big Reasons Fueling The Pre-RBI Policy Upswing NDTV Profit","""(""broader market"" OR midcap OR smallcap) (selling OR correction OR fall OR volatility) India when:1d"" - Google News"
2026-10-06T09:35:00+00:00,2,['India market'],Zee Business,"Closing Bell: Bulls roar back! Sensex rises 685 points; Nifty above 22,750 - Trent jumps 13% - Zee Business",https://news.google.com/rss/articles/CBMi0gFBVV95cUxNMTN5SmhfMFNrc2pwVk1Sb18tRWVHSk5qaE5pTlJzbldmN1hGMXZFTU1QN3FpZzc5WldFWUFsQkh5UUVQbU5laXE3dVUzZ012b0hvNmVXbWZObVU5Uzl0bWNsb2J5Q201QU9EMVlIRmc2XzExcHNPOGpadkotNG5xdURTTHhIR3Y0ME9DdmxnLVNXODE5NENhN3ZwN1RlczFmdkpsLTV6QnB0NnI3Q0lZZDh5U0NPd3hfbTBHd2VFNUhVMmxvVVNCTDFiaXR5eVVSUFE?oc=5,"Closing Bell: Bulls roar back! Sensex rises 685 points; Nifty above 22,750 - Trent jumps 13% Zee Business","""(""broader market"" OR midcap OR smallcap) (selling OR correction OR fall OR volatility) India when:1d"" - Google News"
2026-10-06T09:11:00+00:00,2,['market selling'],kalkine.ca,Liberty Defense Stock Falls 6%: Is HEXWAVE Growth Facing a Near-Term Correction? - kalkine.ca,https://news.google.com/rss/articles/CBMisgFBVV95cUxOamZYMHk2cUw5N2c5bUQ2TXEyZTluWHVnVXFzeFRFNE5pSUJSSGdoa0NkVzVMOVJnQm9ZZ25ERnVMWFdfNGVnemI3ZW95U0RDcFJyY19xelk2d0J0UWdQQVhqaE54VzJkamE1QkVrNHVSbkVycm9QcV85VDQwY2xnXzFDeXQxVXNCd2NsYzBvampNZjVlbnkwWGNvUHpnVm55QmtRckZuTzdkSVFhNWQxVlpB?oc=5,Liberty Defense Stock Falls 6%: Is HEXWAVE Growth Facing a Near-Term Correction? kalkine.ca,"""(AI OR ""artificial intelligence"" OR Nvidia OR semiconductor OR technology) (selloff OR ""market fall"" OR ""stocks fall"" OR correction) when:1d"" - Google News"
2026-10-07T06:55:00+00:00,1,['market selling'],The Straits Times,Activist Kokila Annamalai on trial for alleged failure to comply with POFMA correction direction - The Straits Times,https://news.google.com/rss/articles/CBMi8wFBVV95cUxNVDg2X2o3SzlfVHpScVZkamJMV01XVjVaaGZyaU0xWG8xeE8wdHBkMzlQdXluN3kyVVJlRHVWd2tHbURwU1kxdEwxZE1xWlZ2UVhpUG9nX2pnNjM5enJQVzc4OEl6TG9Qd1RvM1dXSVpSWTJleWlfQ0UtT1U1TEEzSDNPQnlmMlRNdGRscUdYQlpFQmFBX0M2RGpydVpIRXNaUm1mSi1DWUtMZ2hVdzBBeEFnSjFfQWU3YTBBc3JBZHhTR3VVUGtvSUpPZ1FOUy1EQm9ILXZFRkR5WEt0V184R0J5TTQyNE93cjVhWmZDMFJpa28?oc=5,Activist Kokila Annamalai on trial for alleged failure to comply with POFMA correction direction The Straits Times,"""(AI OR ""artificial intelligence"" OR Nvidia OR semiconductor OR technology) (selloff OR ""market fall"" OR ""stocks fall"" OR correction) when:1d"" - Google News"
2026-10-07T06:34:59+00:00,1,['India market'],IndiaIPO,"Nifty valuations hit 4-year low: CLSA reveals 14 picks; banks lead, tech gets 1 spot - IndiaIPO",https://news.google.com/rss/articles/CBMiuAFBVV95cUxPZG1FbkZtdExqaGV3cFpCUENIaXZGUVdTM0pHMG1mQ21uM0twbkNRY2swZHhLeXhLZFE3Ty1rSHEyQjVLVFc0NGlldWdXSnVZLWNMY3dtcTdYc19FMThUQkdGdlhMYVU4SUFJSTVvajRJWUx6Y2FENmhvZHFUWllaZk53MU1jY203amxCUUJ5amN6ZW1hVnJ5Qk5qUnNPandOc3J3LXYxdGNQZGF4UVFLYlZmWWVTa3dK?oc=5,"Nifty valuations hit 4-year low: CLSA reveals 14 picks; banks lead, tech gets 1 spot IndiaIPO","""(Nifty OR Sensex OR ""Indian shares"" OR midcap OR smallcap) (falls OR selloff OR correction OR ""risk off"") when:1d"" - Google News"
2026-10-07T06:10:54+00:00,1,['macro / flows'],The Economic Times,"ETMarkets Smart Talk| Rising US yields could hit expensive mid, smallcaps harder: Harish Krishnan - The Economic Times",https://news.google.com/rss/articles/CBMikgJBVV95cUxNV2FUU1BZMlpKZnRJQ3NiSzlGNU9WMFJqdlFJaVdJYnpBTGw0RzgzV1VWamRjUlBwd2Y5bE5tUWRuT3htTFdUYi1XRkt6SWd5Q2JxRVpwNnZuWXR3ellhNUJGelBKZmJVR1lEa29Ob190SlRTMFY3THRhRXpLRDNZZFlPeDYybUZWWGZBQ0pPd3h0ekd6NTZEa0hJMFpmekFpM05TRUFTUVdHMmp2cTNIdk9wLW9FdGo2S3lBdFdDUVc2QWxHb0Z1MWVUczlXVnJhbV8yTEtqNUEtUHA2TXhNSzM2cXZMVTd6aXJYRUNMeW1mOWtGd0Vna09xbXpRR2RlengwU3hIYk9UQnhhZE51b1ln0gGXAkFVX3lxTE5FQ2hiSVM0MUlfV0s1OWVoQTkwLTlmbEZVemRnVDlwWnJyVk0tUFo4bm9LbnBNcmF2Vlp0bkFRX3FKYVE3NWJlaEVPUTdHMHR1WURhWDVQM2JpeUllckhqQTFGRUFlU256OXFWSFFJRVpYWnlZLTc1WVRQSmh4TTc0dFpVaTM4UU9zdmRyeGhla1ZqVDhPbjRvYVhueC1GSG1fTW9RcWMyUGs1aDhUeFJKTllWVFJsTVZ3MmFvLTdwYTRPZk9UcWsyXzhLSHZUX2ZKQ1U2UzVoNzVzdFo2bkMwR054STdRM0JwMldaYkwtRXpnUXZuT2RCdUk0R2xRMUFrc0IxdFRRc1ZZQ2ZUSll2MkJtdlFRdw?oc=5,"ETMarkets Smart Talk| Rising US yields could hit expensive mid, smallcaps harder: Harish Krishnan The Economic Times","""(""broader market"" OR midcap OR smallcap) (selling OR correction OR fall OR volatility) India when:1d"" - Google News"
2026-10-07T05:43:45+00:00,1,['macro / flows'],Alice Blue,"Share market opening today October 7: Crude Spikes, FIIs Sell - Alice Blue",https://news.google.com/rss/articles/CBMieEFVX3lxTFB5ZHdPNnhLQWo2LWtEcEN0Z0JQczRsZmlzcEthSXB0LXhYX1pUVU1NQi04UEZyanpQajc4clE5dHFqaDJMQnN0UGJTVzZxcmdWMjdHdHFVaU9fNTFwMUw2ajlCN2JOSGtkQmZjbnhUQWptdDFyYWVDVQ?oc=5,"Share market opening today October 7: Crude Spikes, FIIs Sell Alice Blue","""(""mutual funds"" OR SIP OR AMFI OR FII OR FPI) (India OR equity OR market) when:1d"" - Google News"
2026-10-07T04:42:09+00:00,1,['India market'],NDTV Profit,Stock Market Today | Share Market News | Sensex Today | BSE/NSE Live - NDTV Profit,https://news.google.com/rss/articles/CBMi1AFBVV95cUxOTDJVSXVoWWNqakh4cV9qQzFmTTFFVDIzQ010WkhHU29Cc3FENzNfU3VYVUtjXzRnb202Vno5ems0cXdhY0Zsalhsd0RzUGUxY29tUlVqX0RMbGJzUTJJSHlSZTBscWprazFxd0ZTVXVPVFlHZk1YQ1Jnek5McWM1T1JyYUtVUFlMbnhGdld1X3V5SkpqU0tmWkVmLUtwNnhjZHpCdlZvbXFzbW9qY1BIZTJ2dFRxb0tnZTE3MS1iOHZxQmVZZTc0Z2tMZWhiSUVSZmdFOA?oc=5,Stock Market Today | Share Market News | Sensex Today | BSE/NSE Live NDTV Profit,"""(AI OR ""artificial intelligence"" OR Nvidia OR semiconductor OR technology) (selloff OR ""market fall"" OR ""stocks fall"" OR correction) when:1d"" - Google News"
2026-10-07T03:57:03+00:00,1,['India market'],Upstox,HDFC FTSE India Equity ETF Direct growth - Upstox,https://news.google.com/rss/articles/CBMikgFBVV95cUxQdTFzRk5pbzBTa1dLVml3cW4tYmZ2cl9qYjNhMGlZc1UtOWFiZnBrbmxNR2ZXVVhqb08xNTM4dWtSUGJtcm12U0I2cDF6ZkhfcEFHRVg0UHNfdEJQVEFmVm5wNDdXYnRnbi1DU2pmdmtxamN0VDJ2dzVxcmZrWDUtczNEVHVwTjlEWllpc19pMkpLdw?oc=5,HDFC FTSE India Equity ETF Direct growth Upstox,"""(""mutual funds"" OR SIP OR AMFI OR FII OR FPI) (India OR equity OR market) when:1d"" - Google News"
2026-10-07T02:00:13+00:00,1,['AI / tech risk'],Crypto Briefing,Samsung Electronics expected to post nine-fold Q3 profit jump on AI demand - Crypto Briefing,https://news.google.com/rss/articles/CBMic0FVX3lxTFAtSUxpSU1wOVJSaF9LclBQNXV0YVVtTWk3UkNDQjRJMDJ4RHd5OTJ3eFhGT0tlc3liNF9TZTdhdy1TNHdIcDdsTVhfTVNCOS1DVzRnRGRndFh3OEwzMXhxck5LNnpnOElveC1sTnZ6WTN2U1E?oc=5,Samsung Electronics expected to post nine-fold Q3 profit jump on AI demand Crypto Briefing,"""(AI OR ""artificial intelligence"" OR Nvidia OR semiconductor OR technology) (selloff OR ""market fall"" OR ""stocks fall"" OR correction) when:1d"" - Google News"
2026-10-07T01:03:43+00:00,1,['market selling'],NDTV Profit,"Asian Markets Today: Nikkei Flat, Kospi Down 0.6%; ASX 200 Falls - NDTV Profit",https://news.google.com/rss/articles/CBMi_wFBVV95cUxNZ01kRVVHZE9tU3BTckZhN1J4OHVDcjhuNWFJREJoN3ljYmFrcnJvQUQ0UFdHem5XV2VuRnNJWllHOVR0VW9yNV9fZ1lmUDBQTG9rT0JYZXZyaGV3QVRWMXFRYzY1aWdyVFFvQmpwQ3FMTkJHVVQ4UkxHVWUtZDdBandUY2dVRlkxcnlKeHpCeFZucGg2aEVocVJpMHZSRU5yMG9MSV9pNG1FWGYwM254N3BkWHRBV1pVRGhfRnBua21kYzRrNTNIOUZkNWlsQmN5eXhja3dKbXpja2YxUHhacnpZTm1nbG9ULTliQ0V4TVdrZ0JkS25nbldCTTFROUnSAYcCQVVfeXFMUFVkYWNZb1pHV2hXdHY4dU84RmFLQjBQWW1QRmFiVVlWNnZNSzBsekhzWGlnSVlwLURaT3pQc2p0YmpQeVgwTlRoVVpjcUVpSjZuT29DZG5mckhuNWYxMmp1eWVfd0FMSlZQYnJHRVBSV2RqZHpLbmxGQnkzRmtVWGFnd2pralA3X3FpN0Yzck1fdmZ2QWJoY1dTNjgzenFGUlZSTHlfNE5pSW1OVzRmYnl1bDF1RnRXN1dQME1VZ0Z3Q2tDbURuMjdONUtDYWRCNlJGV0hGbGg2VDFRbHRzLTBmZDRGa3kxbXNpWXdyQnBWVjdkYTVJOUxPSWpWYmRranpEd1c4UFE?oc=5,"Asian Markets Today: Nikkei Flat, Kospi Down 0.6%; ASX 200 Falls NDTV Profit","""(Nifty OR Sensex OR ""Indian shares"" OR midcap OR smallcap) (falls OR selloff OR correction OR ""risk off"") when:1d"" - Google News"
2026-10-07T00:14:19+00:00,1,['macro / flows'],The Economic Times,"Bank stocks lift Indian markets as crude prices ease, RBI decision eyed - The Economic Times",https://news.google.com/rss/articles/CBMiugFBVV95cUxPUnpnX2I1MzJjTElVRmVpcGVXVlozVkR1ZDhSUGkyak9QYXMzTFQwcEZ2aElVMkhJams4VGtUMDZGTXA4ZXNfekNPbzNVOUNKS1E3Z1lOWHkwVDItQ1drS0pMZFN5YlhVMVNUanppYVczc2RfR2hUOTEzNXVWdHpRaWJ5RzM4cE4tMUt5eFJER19jRXA1dEhIdVF0T0NZeWZYWW41NEE4ZlNvbEMxS3FNdkRuUUpWMW1jSmfSAb8BQVVfeXFMUFBsR2pJem9udW4wanJsMzB5U1M3SFU2RzNKbWl2NkF4R3RQQWRKVXFsMVBYUE9RTjlhR1dMMkxHSXZWT1c5LTFCUV9DSG5xUWFhTVBMbDltLXhGb2xOVTl0Sk1mZWI2VVhfSUszSHk3bEpTZWJCaFNJWnlpRXczbEhod1RWX2xfM1hTZzUzSzh1amQ5WXZ3WVppQjJDaVRGcmtJT0M4ODV5M3hsZDVZc3dsemY4d0N5OGVGTWMtaFU?oc=5,"Bank stocks lift Indian markets as crude prices ease, RBI decision eyed The Economic Times","""(""broader market"" OR midcap OR smallcap) (selling OR correction OR fall OR volatility) India when:1d"" - Google News"
2026-10-06T21:59:31+00:00,1,['AI / tech risk'],investingLive,RBA papers show a 20% AI stock slump could cut Australian spending by about 2.5% - investingLive,https://news.google.com/rss/articles/CBMiuwFBVV95cUxQMlJ2eHlHeW1GeG1wNHV0X0JDa09PU0lxSVZTd2lDQ1I1ckVvWUVNa2JreEg0dzZ3VG1hSWswR3VRNUY3Vm5BdTdxTjNZVXhTMURtRHpLanYwTjBzVlVKX0Raa0FBNEdKRjN2YjJ0ZlhweS1MVXF0cHAySlBJR1pIVVo5M1ZrLUtXbTdfMFgwNGJKOWZnYzMtM19tX1NTRlAzcmZGTy1VQjgxcGJ5RHBNQ0x4aFk5S0FCYWtr?oc=5,RBA papers show a 20% AI stock slump could cut Australian spending by about 2.5% investingLive,"""(AI OR ""artificial intelligence"" OR Nvidia OR semiconductor OR technology) (selloff OR ""market fall"" OR ""stocks fall"" OR correction) when:1d"" - Google News"
2026-10-06T21:04:54+00:00,1,['market selling'],Stocktwits,"SNDK, WDC, MU: US Memory Stocks Rebound Overnight After Anthropic-Driven Selloff; Traders Eye Samsung Results Next Week - Stocktwits",https://news.google.com/rss/articles/CBMiiwJBVV95cUxQNGRiTXRzcl91M2JFU091Q0R5U0hfRUFWUlV0cGN6VVRUNnBnTGtNcUlrV3A4THYwbUV4U3c3UG1jeW5Xb1JKSGlkbThjdDRoVWlxYUNKVjhMV0x0S19SSjdzR21nZUc3ME85NmhrbXVwVzJLdEMxU1VQT3A3T2hEYlVCWEF5ZjVZV2piZWVjcy1jamtfbHdxZFhsU0R2Wkp1TGVzWWxxOVZ2MTRaMzNDV3VETURtVUFXa3UzcEZpelJja1lKYXN3WmM1MGJLU29IRzh4dUJOOXFZYVlkWTU2ZU9keXl0dVRCRlZhUWJVUGFublBjMUd2NS0xcjh6RDg0di01ZU40SFpJQ3M?oc=5,"SNDK, WDC, MU: US Memory Stocks Rebound Overnight After Anthropic-Driven Selloff; Traders Eye Samsung Results Next Week Stocktwits","""(AI OR ""artificial intelligence"" OR Nvidia OR semiconductor OR technology) (selloff OR ""market fall"" OR ""stocks fall"" OR correction) when:1d"" - Google News"
2026-10-06T20:34:27+00:00,1,['AI / tech risk'],Livemint,RBA Frets Potential AI Stock Slump Could Hit Australian Spending - Livemint,https://news.google.com/rss/articles/CBMizwFBVV95cUxNYVRVUUh6X1FRV05uNmhmMjJmLUFld040eTkxaWxPNEZKOWUzWHFoblZPbjJQcWRERmM4Ty1PU2JpM2tFallQdWtleEVCQzYtTGJzUGtRbklRYlcwVmdZVGhCLWRMWlctNkU5b1U3WjdlQ0pia2JETDk5Z0trY0pNbFlUZm53a1dwYkZKTVZtZDdEeWR6MW44Vy1IbTRrZ05xbHk5dEFOWndRN3J0SWZNcThrTlBDamlET1duTWtrdkdibTZIRjkyX21VemRIaTjSAdQBQVVfeXFMUHZBeUVZV0dISTlod3Nrc0MtUWo4VTZ0QlFHR3FsZC14MkhsLTR0cUQ4Rm9CSmk4YXhNN1BYS0gxSEpPOHdPMGpWSVJGWFdQNndpQUN3Q25TTVRIUXltTUtoXzFhYWFfYk9CcEdUUWs0clJrdlFhUWxoZDRPdi1NV1BvZWQ4b25TX1dQNkxZZkNxMzAxcEZMUkZUYmozR1g5ejI5VHJlWXU0NzNyQXg1c3N5eHZQZ2pWaDdER1hZZThua0xXX3pTUEZwaUdlT2lxWW9XN2M?oc=5,RBA Frets Potential AI Stock Slump Could Hit Australian Spending Livemint,"""(AI OR ""artificial intelligence"" OR Nvidia OR semiconductor OR technology) (selloff OR ""market fall"" OR ""stocks fall"" OR correction) when:1d"" - Google News"
2026-10-06T19:47:33+00:00,1,['market selling'],Stocktwits,'Big Short' Investor Michael Burry Initiates PYPL Position At $49 — And Says Software Selloff Was Not A TACO Trade - Stocktwits,https://news.google.com/rss/articles/CBMiygFBVV95cUxNQ2VmSDgwWG53Wl8tWEgzMks3andfUFltMkhwMXRzWDJVM00yanMtU0R2NlpvdjBFUGpOaDVqTTdOcEVySXkta2ZOX0FYY1pLcTdUbl8wSHFJR1dsOXh3OEJaNjZ1NzYzTkE3Z2hraU9hNTVha1JmS1FvRjJSajNaMGJUN1RrSnM2M05lZFpEUF9rM1pPbjFLbkRIelo1UmljS093OFZ6eGVXRFZCWkc2NUhPTlRSMHVybXhpX0ZrY0cxQnF5RnVDbEd3?oc=5,'Big Short' Investor Michael Burry Initiates PYPL Position At $49 — And Says Software Selloff Was Not A TACO Trade Stocktwits,"""(AI OR ""artificial intelligence"" OR Nvidia OR semiconductor OR technology) (selloff OR ""market fall"" OR ""stocks fall"" OR correction) when:1d"" - Google News"
2026-10-06T19:19:55+00:00,1,['India market'],Equitymaster,Bandhan Small Cap vs Nippon India Small Cap Fund: Which is Better? - Equitymaster,https://news.google.com/rss/articles/CBMi4gFBVV95cUxNeG0wYnpPLVJoU1FSVEU1cXZjZXJId2FwcnN3VzVxRkkzcUpuNFFxRXhsT3l4YWZfQjBrTGtlSTd1NUtoV0FDSDBCbGRYQ0pSUEZ4Rk5DWVg1N3NDZEJpbHduM0k1eXBjbzJiNXdWazNQRFlKYllBNk1lekx5SFRVNTlhMlg1ekRVN0dCQUNNblB1cXkzZUJiRl9WWFhqT0h1RC1rNENwWjdGNzlWTGNpakVXRjNQX1pmaGlydEdLRWUxRDB6QWVSQS0wT3drd0x3cHFUNE85anczZFVuUDNDQXF3?oc=5,Bandhan Small Cap vs Nippon India Small Cap Fund: Which is Better? Equitymaster,"""(""mutual funds"" OR SIP OR AMFI OR FII OR FPI) (India OR equity OR market) when:1d"" - Google News"
2026-10-06T18:54:31+00:00,1,['India market'],Moneycontrol.com,"FII net sell Indian equities worth Rs 2,961 crore while DIIs net buy Rs 5,089 crore on Oct 6 - Moneycontrol.com",https://news.google.com/rss/articles/CBMi7gFBVV95cUxOUi15T2M1bW1IaHZfOVRfQ292Sm9sR1liS0w2WFFJYmVYaHZIbEJ4U25nZzJTZmFUSkYtU2ZXT2ZFQ3VrTlBFaklGZE8xSGVJelA5RUE5a3F2QXhNMVlFSGVBOGNGU1M0SlpzS2pfRGNRZlJpcFNpaEpSVi1sLTVVeU5PSlhhQjlWb3V5cDlrOHVPQXRQeTJQeUQyRnNyTEpyOS10Q2QtVEV5bmJkS1k1Z3RIMUN1MUdFN1NodUFHRW5DVzdDdkx2QmpHQnYyNWF6R1dkbk5uTHRIVFpkdzBwRGdpN282MklOM3RBUmJn0gHzAUFVX3lxTFBVRlkxM2xkenRNNExuZmkwT2R4OHdaV05POG1IR0VlTnNsWWZwVzRqRUozeUV2cDBPOWJSdloyYWtIVUFnSXgzaGhHbXM3WmlnVXlMa0Q1T2FTdU9MWjBqZ2lQNlFRalM1cUdsaDFfV1AxYlNHT2N1dTlQTG5QMTVpSkZ3Z3pQamxwOUdIQWZRaThkMjQ1MmdtdVNMREFYZEJEVnFBTnNTNG9PS3lFQTQ3M1V3ck5zNVFlQXJ0N3hOTENZZDkxMVZMMlRTeEJ5Y3RWTVg5d2EyU0ZJM3BBN3JrTkVZX0YyME83M2pSbElkUXZQQQ?oc=5,"FII net sell Indian equities worth Rs 2,961 crore while DIIs net buy Rs 5,089 crore on Oct 6 Moneycontrol.com","""(""mutual funds"" OR SIP OR AMFI OR FII OR FPI) (India OR equity OR market) when:1d"" - Google News"
2026-10-06T18:05:22+00:00,1,['India market'],ANI News,"Asia's Premier News Agency - India News, Business & Political, National & International, Bollywood, Sports - ANI News",https://news.google.com/rss/articles/CBMi0wFBVV95cUxOdzVlQzN3dFpaZUw1WUNBNUc3VVVCX2hnaUVySGIwejBndFhIOUtpZ1A3VU5aTmFtWVFGY0FnRkgwX0c2R1FOQ2hPRDBIcW9Cb0owdFRmeS1NYTh6MW1qTjdLd3ExcVlBQnJrdU1WWnVQd2IyVkotbkJDWUVOenM3LS03bXJtMFY4NUV5Nks1TTdUcVRaWFd2Tk1XenhpVFdYaG94Z1ZoMEdPc1VfYUJTQTR3S3Z0WVM5c1d2cnlHVTJ3QzZ4YUQ5bmN3bDVRajVDS1F3?oc=5,"Asia's Premier News Agency - India News, Business & Political, National & International, Bollywood, Sports ANI News","""(""mutual funds"" OR SIP OR AMFI OR FII OR FPI) (India OR equity OR market) when:1d"" - Google News"
2026-10-06T17:40:00+00:00,1,['macro / flows'],The New Indian Express,Market rises for second straight session as crude prices dips below $100/barrel mark - The New Indian Express,https://news.google.com/rss/articles/CBMi3wFBVV95cUxQREo2SW4wclBOSnBDdnR2bG9WLXVZS0N5aTNkRzRGN01mVHhHX3dFMEY5V2ptTi1oZC1kazdKYVhGRW54ZWNTeWFucG5QRXN0Y1FERXJDZDZYUF9keHF2RTdhSjI0cDFmVGhZSDlPb0VGeEhNWktEdy1kdC1hc2lZN3pfYjZwS3dHZ1JTMlhPeF95R2p2YlgwRUc0a1FLOGJYZjFZQ3VuckQyeklKa0dPYXhUQUxHaFEzNlZROHY4NUFLYjJUXzA3YTF3dWRBN1I0ZS1JWlg4ZS0xcTliYVhv0gHfAUFVX3lxTFBESjZJbjByUE5KcEN2dHZsb1YtdVlLQ3lpM2RHNEY3TWZUeEdfd0UwRjlXam1OLWhkLWRrN0phWEZFbnhlY1N5YW5wblBFc3RjUURFckNkNlhQX2R4cXZFN2FKMjRwMWZUaFlIOU9vRUZ4SE1aS0R3LWR0LWFzaVk3el9iNnBLd0dnUlMyWE94X3lHanZiWDBFRzRrUUs4YlhmMVlDdW5yRDJ6SUprR09heFRBTEdoUTM2VlE4djg1QUtiMlRfMDdhMXd1ZEE3UjRlLUlaWDhlLTFxOWJhWG8?oc=5,Market rises for second straight session as crude prices dips below $100/barrel mark The New Indian Express,"""(""broader market"" OR midcap OR smallcap) (selling OR correction OR fall OR volatility) India when:1d"" - Google News"
2026-10-06T17:12:00+00:00,1,['AI / tech risk'],PR Newswire,/C O R R E C T I O N -- Upstage AI/ - PR Newswire,https://news.google.com/rss/articles/CBMi8wFBVV95cUxOaHNfdDdGZDdMNGVwRkNVc2VzUzF6ajBvRElqNzRkNEZpZkUyZ3l1MUNYbjR5RzZHWlZDaGNRc1c0aENCMEdXMG9uSlA3bm9KOXdWQjNtN05EY0dwMHUySEZ6emF3UkFRekFNVnE3NDkzSWZoRHduRTNiTnJzblFCWVdHcjlFTlJTRkxCNUVScEZyYWZMbW1PXzhLSVBfeU1HMXhGbElqMjVlYklRQk5IRVp3VHhkOGt6bFU5bzhIdkVDODNaSkIxMHdFRW5DNmZZdTV0d25xenE4UEx1VWN6ZDRFa0xZMUhGWDBzaWFZOVhGa3M?oc=5,/C O R R E C T I O N -- Upstage AI/ PR Newswire,"""(AI OR ""artificial intelligence"" OR Nvidia OR semiconductor OR technology) (selloff OR ""market fall"" OR ""stocks fall"" OR correction) when:1d"" - Google News"
2026-10-06T16:12:00+00:00,1,['market selling'],Investor's Business Daily,Seagate And Western Digital Stocks Fall. There's A New Twist To Toshiba Competition Fears. - Investor's Business Daily,https://news.google.com/rss/articles/CBMirwFBVV95cUxNMm5OZ05jUDRIYzhSS2VBdU8wOHZGRGwxTVZjeExjU2RPcDdBSlI1OGhLWXVNQXUtZkpiR1FLMWFNYVc1aEtwTDRnRUtHZzhNbUh4YzRKbXJkQ1k1WWVLdTg5WXdmeURGQ0w2UjNkYmhzREJueVJuaUtxNlRxWFAxQndqWklhcC1rUHlyV01HTVktRG16RGFTd3ZzaVVLWmFteEZfendGOVV5cy1NMkxv?oc=5,Seagate And Western Digital Stocks Fall. There's A New Twist To Toshiba Competition Fears. Investor's Business Daily,"""(AI OR ""artificial intelligence"" OR Nvidia OR semiconductor OR technology) (selloff OR ""market fall"" OR ""stocks fall"" OR correction) when:1d"" - Google News"
2026-10-06T15:52:00+00:00,1,['market selling'],24/7 Wall St.,"Western Digital Sinks 6% as Toshiba's Drive Expansion Hits the Group; Seagate Drops 8%, Micron Holds Flat - 24/7 Wall St.",https://news.google.com/rss/articles/CBMi3AFBVV95cUxOcU9TVGJ4ZVU5Ni00WDVLUlRaYWdfYkh2RnV0MnUtYkVBcUVUY0JyZnhPTGZ5dzVRblNoSXY0b1h5QXN4ZjNoZFYzengwYVNBY2RSbWVYRnVTUDRVZktUclQ4cVRhU2thNTlac0dvdUFHZXppNFk5RGh5OTdoaWlDa0RtREk4RlEycERHWmhfYm1lTnVFU0xjaUJlN0d1MVZ4Y0Z3SHhETDkwdU85Nkg3cjQxNlZBa3BZeThESXFjSGlKRTJIbHdCTnltMXJCNU5BYVpxLUNVdnVrdEJW?oc=5,"Western Digital Sinks 6% as Toshiba's Drive Expansion Hits the Group; Seagate Drops 8%, Micron Holds Flat 24/7 Wall St.","""(AI OR ""artificial intelligence"" OR Nvidia OR semiconductor OR technology) (selloff OR ""market fall"" OR ""stocks fall"" OR correction) when:1d"" - Google News"
2026-10-06T15:24:20+00:00,1,['macro / flows'],Business Standard,Mkts post best 1-day gain in 2 months as easing crude prices lift sentiment - Business Standard,https://news.google.com/rss/articles/CBMi2gFBVV95cUxPcnRwb1ZEemdfUXlWdm94cEhrLV9hMlhWSlNTVEF4c3BsaHlQTGo0dG5udmFKZDgxMFZSaWNMS0U5Ul9JeEFUbmtBejdqUTEtYzBaVGZCMHFzQWx0U3lPM1V3NnFKR3ZwN2ZNNDN3N1BGZHZQZko2cmZlZU5uZzFQd3Z4Z0dtMTRLbnM2cGxjX3BNTWxZc1NyeS1BTElMdnVHQ3I0WDVDa2lVNTlNNTRaRFp6Z0Nwd0kzcUQxTWU0ek9EMmE5dWU0a0JJclN6NW13amFGTkpsUjBPUdIB3wFBVV95cUxNMTVrMkxEVjJ2SHZVMHl4Rmp0M2U0Zlc3WmxtN2EwTUhvNVpKNjc0UDMwUzcySDY3ejc1czB4TmVNU3ZWaC0yTUdrZ3hFX0RVQWVBaDJYYjY5ZU5vWWhRLTl4Smx1NWYyLW1NdGxWbDY3X0x0WkhsM3hsdGx0cEM4Mnd0VlBQRlZKeWh2Y0hwZEdOTnlkSjRvMEFCcmgzQWRyNXlzZ19BZ0hlOHpWVnJ0aHh4UUlPdFVyY1ZBZ3pWWTdnRktMOVpsNmhlR0p4WVJBa1BvWUl0Qk9vWEVTbnNj?oc=5,Mkts post best 1-day gain in 2 months as easing crude prices lift sentiment Business Standard,"""(""broader market"" OR midcap OR smallcap) (selling OR correction OR fall OR volatility) India when:1d"" - Google News"
2026-10-06T15:14:00+00:00,1,['AI / tech risk'],Yahoo Finance UK,/C O R R E C T I O N -- Avarra.ai/ - Yahoo Finance UK,https://news.google.com/rss/articles/CBMiakFVX3lxTE15bE5rQzR6NC14cFZOSlVjTG5jdFpSeFMtdXlvV1VsUTZrVWFob0lWQmZFbFZ2aWVBVHRfa1R6S0Nuc0ZrLVRoQUZVTWJ2NU9kQWNqNGU3bE84WFRfUVdhTkxnSmxQWkJoV0E?oc=5,/C O R R E C T I O N -- Avarra.ai/ Yahoo Finance UK,"""(AI OR ""artificial intelligence"" OR Nvidia OR semiconductor OR technology) (selloff OR ""market fall"" OR ""stocks fall"" OR correction) when:1d"" - Google News"
2026-10-06T14:29:24+00:00,1,['India market'],CNBC TV18,"FII selling moderates to ₹2,961 crore as market extends gains for 2nd straight day - CNBC TV18",https://news.google.com/rss/articles/CBMixgFBVV95cUxOTWJSOVNFdXh5UEkxUlV2WFpBOU1RUFgtUkdTUmRtb2puX1VZZlYtcmRUeWpHekdTSEh3d1MxejQ0Sk00XzNablJWNUtoTmJPd01sNjBHVU1jU3ZRNExGaW5EaU1uZkVTNUZfRGJsLUw0NFZZOE5RMzNSNDdrVDlsdHJzSEVlbWJKZ29hcXRpR2kybm94YmdDZjdRSDBzNURUdnBKTm11NThZWmZjeW1YTW9ITXY0NzVkTGRZOTRMeVJLeVpmdEHSAcsBQVVfeXFMUDVPb0VFSE90THpxOURacHo5dGhVN0dwakc4dzR2RmR2dXB6UHgwWXliVU1fb1lFd3dpUHBYbGo4YWVpc3FxbFZzd1IyTXhPQ3FsUFhPNWhlS2dNbWtGOFhPaUJvUkFyYjRvLTJGMDBuU3QzX2w2eXhHU0VWNVJwX0NHWkpXQWJONzlwcUllN3hQMk5WV2xiYUM0bmlQSUtROFZPdm52Vl82NlFvdERoNFVuY1lRNjFKZzB0UE56SFpRdjRhQzBNSnMyaTQ?oc=5,"FII selling moderates to ₹2,961 crore as market extends gains for 2nd straight day CNBC TV18","""(""mutual funds"" OR SIP OR AMFI OR FII OR FPI) (India OR equity OR market) when:1d"" - Google News"
2026-10-06T14:21:32+00:00,1,['AI / tech risk'],The Financial Express,"IT rebounds, but AI clouds large-cap outlook - The Financial Express",https://news.google.com/rss/articles/CBMilwFBVV95cUxOZU5lU3dwYzNYNU56dG5YVjhkTEdja0xVSzZ4VE4za3FZWWM4ejR4c3ZwaGpZMlZyMGZXM0VMN3RUNlQtZjhaWTJXVnYyaEhyVEg5LUxJSld3d0RSclp5aW5QZkh1emJEbEdEWEQwMVhuekdfc0c5MTlpQkFTQVpPNWtuTXBUeTZlZ0VDZjV4U1R6MW9WX0RJ0gGeAUFVX3lxTE9MZzdMdUEtOC1lQXdUQ2E1RnFQNFRrVXhxandDQlNLbHpnZi1RTFpVcVdWQUxOMGpRV3JPeEVYZFp5cnJiUWtjTFJHN1JjWDdaVUhtcGhZNGJId1BTN0Mtbk91VTYzMWNWM1ZTd3BjVkdnQkgyTHV3MXM4RWYwSzluNE5WU29NOTVPYloyMi1CVU5kOEdLT1lPcFJ0a3VB?oc=5,"IT rebounds, but AI clouds large-cap outlook The Financial Express","""(AI OR ""artificial intelligence"" OR Nvidia OR semiconductor OR technology) (selloff OR ""market fall"" OR ""stocks fall"" OR correction) when:1d"" - Google News"
2026-10-06T14:04:52+00:00,1,['India market'],Equitymaster,Bandhan Small Cap vs Nippon India Small Cap Fund: Which is Better? - Equitymaster,https://news.google.com/rss/articles/CBMiWkFVX3lxTFBuZXhMakhiSWV3bEtjbHJ5NlBQTU04TjhnSjViZkFSUFJ2VTRmYmFhdEJIZWp3WUEtVVhPUTljakJVOEcxeTU1RjRtaURRbmpQdTUtZVVfbVVYZw?oc=5,Bandhan Small Cap vs Nippon India Small Cap Fund: Which is Better? Equitymaster,"""(""broader market"" OR midcap OR smallcap) (selling OR correction OR fall OR volatility) India when:1d"" - Google News"
2026-10-06T13:47:47+00:00,1,['market selling'],Outlook Money,Smallcaps Are Bucking The Market Sell-Off While Largecaps Suffer: Here’s Why - Outlook Money,https://news.google.com/rss/articles/CBMiugFBVV95cUxQdlZhUGV4Xzl1ZFl4azhoYlM3NHppSy1DeEpmOUJwVm9IZmNWTHViYmZ1WU0xSnpMQ3FmQm9jWDZUcnJmcmY4RU1GS3YxLS05czNuR2ktTnFnOE0yRW5faWxKbDJmY1hxQnllM1NkeDF5SnRNRjg3ZG5qZV9tYjNOeEtIZXJUN3JqV2NkX3hSSHQ2QmRLT2ZPeUY0N2I5Y3Y3MnNBWGxjN2hPdVNTN1hsWW5nVGFnZ0FzdXfSAccBQVVfeXFMTnNWamp6enJGbm9KZElqNXFVMkRiRUZLY0xoS3pneEM2OTN2c2dHSTE5UUNKNnJKd3prNmdqOV9SVDNVS3NMZWU1Uk9Bd1UyT1lPSjN4eEU1U1F5THNKQ1RkbHgwV3VPemMySEp4X0piREJNMEJQV2NfZXJwNFp5eFd6NHQySi1wSGp1aDhRS3ZoZndSNTBCbXpfa2FxTHRtVDhlWXNGQVdXbWRvOHNsTWhlU2ZRR2VxZUdzcjlwUC1YRGc5dFZ2QQ?oc=5,Smallcaps Are Bucking The Market Sell-Off While Largecaps Suffer: Here’s Why Outlook Money,"""(AI OR ""artificial intelligence"" OR Nvidia OR semiconductor OR technology) (selloff OR ""market fall"" OR ""stocks fall"" OR correction) when:1d"" - Google News"
2026-10-06T13:30:00+00:00,1,['AI / tech risk'],The Hill,"Privatized gains, socialized losses: Congress must forcefully say no to Big AI - The Hill",https://news.google.com/rss/articles/CBMijgFBVV95cUxNYlJPd01JOWFGVkhYT3BubE5mOExraGlwMExDNVNrMVR2M24xWnlMSTFYVUI3ajNLWnBhWGpmbVM3a1FkSXQ1el9MMzBhNmJwWTlyLTM2Y01IczNETTBxNk1OYWkyWWpXaENQbnVwU05PMmxyQzBwUWRrcmE5dzdRN1JiMmVxbUdnOTRZQzhn0gGOAUFVX3lxTE1iUk93TUk5YUZWSFhPcG5sTmY4TGtoaXAwTEM1U2sxVHYzbjFaeUxJMVhVQjdqM0tacGFYamZtUzdrUWRJdDV6X0wzMGE2YnBZOXItMzZjTUhzM0RNMHE2TU5haTJZaldoQ1BudXBTTk8ybHJDMHBRZGtyYTl3N1E3UmIyZXFtR2c5NFlDOGc?oc=5,"Privatized gains, socialized losses: Congress must forcefully say no to Big AI The Hill","""(AI OR ""artificial intelligence"" OR Nvidia OR semiconductor OR technology) (selloff OR ""market fall"" OR ""stocks fall"" OR correction) when:1d"" - Google News"
2026-10-06T12:38:03+00:00,1,['macro / flows'],TradingView,"Bulls hold for second day, but rupee bleeds near record low - TradingView",https://news.google.com/rss/articles/CBMitgFBVV95cUxOWkE3RnpsS3FxTkhVY0s0ZHZzdmlfYVdTeTZqZWRyaDZvY1o3UUhqbkVMMXF3WDBvUENTVlh5LW10RnVrbE11NlRUYk5DeGw5SVkzX0U2Z0k4YlRmTEFrZ3puY1E5anU4Y3NHMXFuWnp5YS1YbGt4QmhkZ3o3VmpuRHY2MXFVQVVWRTFNYmwzWmE3eGJrdGhOZTJvSTcwTjBPTXd2WWh1Z0o2V0U5QmFtYkJFYmRZZw?oc=5,"Bulls hold for second day, but rupee bleeds near record low TradingView","""(""broader market"" OR midcap OR smallcap) (selling OR correction OR fall OR volatility) India when:1d"" - Google News"
2026-10-06T10:35:00+00:00,1,['market selling'],kalkine.ca,Electrovaya Stock Faces Renewed Pressure as Bearish Momentum Raises Correction Risk - kalkine.ca,https://news.google.com/rss/articles/CBMiugFBVV95cUxNRXJvM2pscm1wYnk4d3VNWXZJOXV0T3BGLTdKTlU3X3pxVlpBVXRBNjdfUVJjR2loVlRCT01YSXJnOS1sbkxvT1hiYURWWHc5amJLTlB6LTVtdjNaRml4cHdXajY5bjdQMTFXaHc0MHVaS0ZMdVQ2Sm9lcW9pMjV6S1NvaVFRTWZOMDJCUW1XazViZm1IOTE4c05WUGo2RGFhcUZOT0lmSlJSV2l4OEprcERnc2cwZkQzVHc?oc=5,Electrovaya Stock Faces Renewed Pressure as Bearish Momentum Raises Correction Risk kalkine.ca,"""(AI OR ""artificial intelligence"" OR Nvidia OR semiconductor OR technology) (selloff OR ""market fall"" OR ""stocks fall"" OR correction) when:1d"" - Google News"
2026-10-06T10:35:00+00:00,1,['market selling'],kalkine.ca,Carrier Connect Data Solutions Stock Under Pressure: Bearish Momentum Raises Correction Risk - kalkine.ca,https://news.google.com/rss/articles/CBMixAFBVV95cUxQc2pBMGtmRUp4YWFseHM1UVFGbjFQS2FQMDdwZm96bXdMdGlzRzRlQ3BTTmttUTg2RzBNaUdiemlYLTRjMm1feVVCeFI3ejJIcGdHWTY4Wm4wd1B4Yi1vNjRSOEtiYVBlZXFlSTVPNnBQTF90QkVzeEJZc3l5NEdfS2JybXRwRXRKZU4yeXV6eEMyTWhTYWNBTHBnLXpIeWlzSVJhMFlRLXVKQjRUcldBbExzU0RvSU5GdDZkWWtNVkQ4cFlG?oc=5,Carrier Connect Data Solutions Stock Under Pressure: Bearish Momentum Raises Correction Risk kalkine.ca,"""(AI OR ""artificial intelligence"" OR Nvidia OR semiconductor OR technology) (selloff OR ""market fall"" OR ""stocks fall"" OR correction) when:1d"" - Google News"
2026-10-06T09:57:03+00:00,1,['India market'],The Economic Times,JioBlackRock Nifty 8-13 yr G-Sec Index Fund - Regular Plan Fund info - The Economic Times,https://news.google.com/rss/articles/CBMitwFBVV95cUxQZko5c3l1VDVjS1FwS1pOYWpKWmwwUE9GTFhLSnQtcWl6NWQ1Y1NzUTBUZ2liQnVBQjAwMDdGQXZTRzNUMjRSNWg0QUtaTjl2LWREYVk0M20xbU5MVGhHbE55bS1JaE9DTGIwSGQybWZZVU1nY0thT2czZklVY1NmOEFQdTJmSlphSlYzcFpfNGtraVdrYzNIOHlNZ1NLb2tTbHBhTHJIOHpjUko2U05GNkZNRE1RNlU?oc=5,JioBlackRock Nifty 8-13 yr G-Sec Index Fund - Regular Plan Fund info The Economic Times,"""(""mutual funds"" OR SIP OR AMFI OR FII OR FPI) (India OR equity OR market) when:1d"" - Google News"
2026-10-06T09:45:15+00:00,1,['market selling'],Stocktwits,"NVDA Stock Bucks Selloff Premarket On SpaceX Boost, Foxconn’s Sales Update - Stocktwits",https://news.google.com/rss/articles/CBMi1AFBVV95cUxNZ1BhVk5SS2pwdGRmM1l6aHBRMUtKTnZCemdjT1BqTzhTVThPQVpYTk1JbFhkeWxVTUJkZzJtZF96S0JFMDkwRXJhNVpNUkswV1pnWklfaUZnVzhWTWFqLUlYMGU1V2t1RzFSbXFrYlpjYmRoSFJqSHBlU251N3g2MzZudEdvMFVOWGV2cF96RFVhZW50Tk5hTDhUcHpJd3dUVkNPUWkxZnQ0YzJyNTdtRU14YlBzZnVRSXdjajN4eXhneVVOWnNDY0ZFallEQ1dFc0l2Xw?oc=5,"NVDA Stock Bucks Selloff Premarket On SpaceX Boost, Foxconn’s Sales Update Stocktwits","""(AI OR ""artificial intelligence"" OR Nvidia OR semiconductor OR technology) (selloff OR ""market fall"" OR ""stocks fall"" OR correction) when:1d"" - Google News"
2026-10-06T09:45:00+00:00,1,['market selling'],kalkine.ca,Argo Graphene Solutions Stock Faces Renewed Pressure as Investor Sentiment Weakens — Is a Correction Risk Emerging? - kalkine.ca,https://news.google.com/rss/articles/CBMi4wFBVV95cUxNeWY3Z09RV0Z2QklKa1hJMXY0cGZnYVJaTkRjR2NjVXl2bFR2Tnh1V3pUc2U2TXVvcy1ZYzItR2ZqUTVMeXY5alVLVlE0RlNHeHpJV1ZDNXZNVFJRY2pSUV9fU2VuN3Y5VERNLU80V0NSQzBTOHFFR1NHNGN1ZXR0dUMxcllJZV92cS16a2ZQLWwwUDVTbzYzTFVEMjdINzd5bldMZlA3N2VRWjZPbC02QmcyTjh6SnNRNVdlbVVGekR1SEpENURlTGRpR01kOHVqRVNCRWNYOEczUjZGWElZeVlyUQ?oc=5,Argo Graphene Solutions Stock Faces Renewed Pressure as Investor Sentiment Weakens — Is a Correction Risk Emerging? kalkine.ca,"""(AI OR ""artificial intelligence"" OR Nvidia OR semiconductor OR technology) (selloff OR ""market fall"" OR ""stocks fall"" OR correction) when:1d"" - Google News"
2026-10-06T09:31:33+00:00,1,['India market'],Moneycontrol.com,"Live: Nifty above 22,700 on expiry day; Q2 update cheers Trent, Kotak Bank | Closing Bell - Moneycontrol.com",https://news.google.com/rss/articles/CBMi7AFBVV95cUxPSFFhWXZXYVRwMWpiakRYZmR4QXEwU1hMRDg0ZXN6Szhhbml1dlM2d01rc2FRdWxhT01DZHFLX2s3Um9yQkFtLW9jZF9SRm9FX0psY3k2Ti1nSjZibXBJdGc0UWZqNk4wSnlrMXNvRlU2SjBQNUNsdVY0UXk0SGJIS2pJOUhzUmY0V2d1WlJjRUNPeHRnUzZJb3lLZ3Q5cUtMX2ZkdjRyeW9tQmpSOEp4a2h5Q0R4VlRLN05jTVBnVlYwUXM3MUZaUUh0Q3ZOd2s0VlFnVk05V2c5MThrLWQ2Z2Yyc1NoNXFoNmNRZdIB8gFBVV95cUxPaEEtbHpZc3NYNWNUMEVNZTZic2tzaXVPa1o1VU5YdGkyQnBJVmxOcEcxVlZCaU9UZTBfcTAydkJEaTRnY0ctamZSRWtWblVhV2pDOThsOXp6RlM4VUZHNTYtam1xSFJZZTNfSnp2X050YzRXdXZHZk1sY0MwQl9rbHgxRlE1b3RGZnJoWEJHcjB0Z19FYWlxbW1BUzJFX3VCTV8yYmNiV21rMVhRckJNdXVhTFR1b0g1ZkMtd1RHWG8tUXVnZzBkVl8xLTVUcGFiRVVWak11MUxJR2lEWXZJa3QyVEdsU0lUcmRpaURfVHFkZw?oc=5,"Live: Nifty above 22,700 on expiry day; Q2 update cheers Trent, Kotak Bank | Closing Bell Moneycontrol.com","""(Nifty OR Sensex OR ""Indian shares"" OR midcap OR smallcap) (falls OR selloff OR correction OR ""risk off"") when:1d"" - Google News"
