published,score,themes,source,title,link,description,feed
2026-09-24T04:24:16+00:00,9,"['market selling', 'India market', 'macro / flows']",BusinessLine,"Sensex, Nifty fall 0.8% as rising crude, US bond yields rattle markets - BusinessLine",https://news.google.com/rss/articles/CBMi8gFBVV95cUxPZFpLb3ZXeEppVlE2VGtnMEg0cWRSaUpvS2NxYXpuNnVORnVHS0ZlSkVXc24xZEtReVJVY3JiU0h2RURMLWV5bm1zSWJwVUNwbktOdzQ5N3BNR3Y0MTliVlU1RUZnZnRPLUJ4WkFfNnNVc2lFNzVnd0FXUk9nX3dVMU9NbUpFV0tFanpLbjc0UmU5aDJJS1A0VldMMXlnamV5RUlKcFFTZ0E2cWl1OEtJc2pkY25zNEsxaGFzUU9OR1ZfYVlzd3VzbU1UWUxlVlNDZWg2V0dFRG9qSmNUS0JZRFFJMkhfLUtWM3hwMWljWGg0QdIB-AFBVV95cUxNRUJoUzdUSTk3dWhob3V2bDlGMEZOZVFJVWdfSGkyVTF1a1BVcWVDel95eGJMRmEydTR6M1FnZzNVWWYwSDJoZVZya1BQSjVsYzhsR1RMaWIxZTZuNzFZUHBoWGNfQ3BtUW83eDNCZ0dpN05CQzFTQTk1VTB5eG5rM1FTME8xSG5GZl96U2N1QWtaU0lfMkNjTnhwVGtiYjlzUVRCTUNRMXBjLTZNbE9sMHBQVll2QkwwSXV6ZVpwbmhza3E2MUFydXNIa3dsXzV5RnlIUFFtbkc5V21pRk9wVHI0NWUtTktHOTZneHFFTjhoOElvR3BnOQ?oc=5,"Sensex, Nifty fall 0.8% as rising crude, US bond yields rattle markets BusinessLine","""(Nifty OR Sensex OR ""Indian shares"" OR midcap OR smallcap) (falls OR selloff OR correction OR ""risk off"") when:1d"" - Google News"
2026-09-24T03:55:44+00:00,9,"['market selling', 'India market', 'macro / flows']",News18,"Market Today: Sensex Falls Over 550 Points, Nifty Below 23,250 As Global Bond Yields, Crude Prices Weigh - News18",https://news.google.com/rss/articles/CBMi6gFBVV95cUxQRGpMNHYtUC04WVpzeE5xUjk0UWVoMzVfWkNVTVp0WjFYekRobGlLMWUwX1BpRXZOQjB2eEthRW1uaTBqdXVpaVV1LUc3SUVuYXhKTWNUeFJ0YjNQSXg1dElvTlhUYi1yQ2YwcHBIVFFVUzhQMXFMS2hTa3owZG8wRmFlRURzTnlwWFc2NG9PV3pWdFhqU0R3MUNIbDhvbDl2OGp2OUZkd2ppV19EbXRzay1UOTRkVGRYeWJneTRFQkU0U3ZlRThJMmxYSnJEeVRRR0dnenJ4MjQwcjMtUGR6MXltWmp0Q1lsc1HSAe8BQVVfeXFMUElweXM1dlpibU5SbF9OaHEyUlpCZmIyQTc2OUxzcDlqcTFjQmdFaDRld19Lckw2ZkxwUUdUX0htMF9QeVpyanozd2p1MXktQ3RVaHRWSXRlalFOcmFTRWJxMVJ4QzFzejFKV3Bfb29TSERRa0JZNUhoM2NzRTA3VW54cXJVNlpxUmdSX01SVmVDUHZmVHJfRlMwX0JwODFMTVdlUmxwZ2VXOTFRVjRwOV9rUlRqQ09hYmxLd25mTFVhcmRPc2w1YmhVaEhXRFRaWjFqSHhuZnVBQWhWQzNkSXlrVV9kaWZYc183Nm9Yazg?oc=5,"Market Today: Sensex Falls Over 550 Points, Nifty Below 23,250 As Global Bond Yields, Crude Prices Weigh News18","""(Nifty OR Sensex OR ""Indian shares"" OR midcap OR smallcap) (falls OR selloff OR correction OR ""risk off"") when:1d"" - Google News"
2026-09-23T18:27:22+00:00,9,"['AI / tech risk', 'market selling', 'macro / flows']",Pluang,"U.S. stocks fall as oil, bond yields rise; Meta's AI and crypto innovations draw investor focus. - Pluang",https://news.google.com/rss/articles/CBMijwFBVV95cUxQcVo3ZlRpb1hpT2tINHFXeE1sTFNfbEs2bmdyejR1eXp5czVQMHM1UjhYZ1VMbnZ4ZVZ1RWYwb0tiVWpJTlNBb1poS2J5VE1pd2xSRFlvYnFEd3M2VEZyTUVXTUJ1T3VGRUF2YzhTTlN1RWNETTNINTR4UExQckxxWHZldG1ZamI2Q3hkNUcwbw?oc=5,"U.S. stocks fall as oil, bond yields rise; Meta's AI and crypto innovations draw investor focus. Pluang","""(AI OR ""artificial intelligence"" OR Nvidia OR semiconductor OR technology) (selloff OR ""market fall"" OR ""stocks fall"" OR correction) when:1d"" - Google News"
2026-09-23T14:01:23+00:00,9,"['market selling', 'India market', 'macro / flows']",DD India,"Sensex, Nifty open marginally higher over crude price correction - DD India",https://news.google.com/rss/articles/CBMimgFBVV95cUxOaDhlWUhXSS1jTkx6SUhVQU1uRWM4VlY0Sl9oSUV2VHU1WEMwbXNyempYc1VFbmlMMU1FQ1pidkozcUljU3g4eU9LckNNc3A5YmZzNXVTeml4ZHkzMy1GdS1vdTNYQlJHeV9LdUtWYWlPMWRRN09fNmNDTW4yTVhjZ1JYbkdNcl9aY21tZHNuU2tKTC1BcF9hOGhn?oc=5,"Sensex, Nifty open marginally higher over crude price correction DD India","""(Nifty OR Sensex OR ""Indian shares"" OR midcap OR smallcap) (falls OR selloff OR correction OR ""risk off"") when:1d"" - Google News"
2026-09-24T05:22:37+00:00,8,"['market selling', 'India market']",Business Upturn,"Metal sector stocks fall today, September 24: Hindalco declines 1.72%, Vedanta slips 1.14%, Coal India falls 0.84% - Business Upturn",https://news.google.com/rss/articles/CBMi7AFBVV95cUxNZmQ3WTh1dGtFQkxxWGlfTUNraWlTbDQ4OXE3N19qZHVHbVBZY0V2Qm8wanplWjdJLTFqcFdKTVk3LUVKWlZiRTVCQV8xOEZLRWM3LWJEN1hoM1JOdEhobVNuWFJCUlBoRHRYY1RRYTczQ0lHb094T1hIcV9tS2l0eUlydjEtVkJHWno1WndCNzBhOURkQlY5U3VBc1Y2dEdZYzYwamg1MWt6SWRUMWxyeXEwUnFMVEMwOWVSSEhqc0hFWXE0X2xxdFhiSFREVnB0QTEzSXVoQjl3U2luWktyN3kzYzk0elVBNHRDUA?oc=5,"Metal sector stocks fall today, September 24: Hindalco declines 1.72%, Vedanta slips 1.14%, Coal India falls 0.84% Business Upturn","""(Nifty OR Sensex OR ""Indian shares"" OR midcap OR smallcap) (falls OR selloff OR correction OR ""risk off"") when:1d"" - Google News"
2026-09-24T04:38:24+00:00,8,"['market selling', 'India market']",NDTV Profit,"Stock Market Crash: Nifty Falls Near 23,200, Sensex Slumps Over 650 Points — Three Reasons Why - NDTV Profit",https://news.google.com/rss/articles/CBMizwFBVV95cUxNYXZZWUFaZDJubkw5MXlOdzhyNEVlSUpEcHdkVGJNbmtyRmVpQWJMOG9iVTRqQmZFd3o3MXdlSXEtakZ4ZXJOY041cFBRcWRyak5OWkdlRDNHVEt2TFplbHFkVXlQeHJrQWJuZnBkMzc3Z2dBQ3JyWFY1T08xY1FOZjZubFppLUFsSUdJZHdGd25OTjBoUHVrc1RIcUIzMzM0ZWsyODlMM21rS1JfU3hYbWdObGFMYkRrLWw1QUo0NVRPVUlFRFJfQnRxZHVPa1XSAdcBQVVfeXFMTnVVb2lYWThkYzFVZGhvZnprRlFaYlh2QkFnb1RiWXJPMWlKSzBfN19NNlhlMzlRRG1FSk54ZzlJMlhJN19Pc0dzNVAtdHhIWGhxZ0pSVmFvdEszTTRZOHQzZXpzczBOdTRYUVNRSFFleXl2UjhlY0ljc2M0bzFfZmtZdHI0OWpJTy1rUm83ZzFQWldUSzZ5ZmhObUE1Sy1KUXJaWkczbDdTdWs1R2N3OVNhdEZMNUtNWThiSzFvLV9LdWpOcGtCX0VERlBFenVKQjlFMWRuVjQ?oc=5,"Stock Market Crash: Nifty Falls Near 23,200, Sensex Slumps Over 650 Points — Three Reasons Why NDTV Profit","""(Nifty OR Sensex OR ""Indian shares"" OR midcap OR smallcap) (falls OR selloff OR correction OR ""risk off"") when:1d"" - Google News"
2026-09-24T04:11:36+00:00,8,"['market selling', 'India market', 'macro / flows']",oneindia.com,Markets Open Lower As Crude Oil Crosses $100; Sensex Falls 600 Points - oneindia.com,https://news.google.com/rss/articles/CBMivAFBVV95cUxQckNpTUVoVEdkQTBnN3Bpd1lGS21nVDg4Y3I3X1Z1VWV2ZXZ3Si1jeFFHaV9uRkJwWVdkM1VaZUhyM2QwRm5QY1BzNVFaT3V0cXZvRW5Vc3huT3ZqWXNIS2dMd3BhNU1VY2hpWDBnS3FBdUpSdkRZQ1U3bmxBZTNvVzE0WXVDajh1bkVzSVpEbUtWc25KUzE2ZFlmUUl1S0VmdU5iTUtTZXZEZnl2NU5zZmpDQ0JvU2t6TkdLSA?oc=5,Markets Open Lower As Crude Oil Crosses $100; Sensex Falls 600 Points oneindia.com,"""(Nifty OR Sensex OR ""Indian shares"" OR midcap OR smallcap) (falls OR selloff OR correction OR ""risk off"") when:1d"" - Google News"
2026-09-24T02:38:29+00:00,8,"['market selling', 'India market', 'macro / flows']",Moneycontrol.com,"GIFT Nifty crashes nearly 200 pts, signals gap-down start for Sensex, Nifty; US selloff, rising yields... - Moneycontrol.com",https://news.google.com/rss/articles/CBMi_gFBVV95cUxOT0tVTzVLRFhsRHJ6QVB0WV85ZGh4RHFXTEdKY1R3Snp4T1VIcXVyQmNMOGpKeDF2aVdfckZKRGVqMzVpaDlTMDU0Q0lVemMzLUxFblYwQkIxcFFvalhLYng4bVdZbUhqTnFDSDFweU93akx6V3ViVXF5cEtCbk9QSFJQTjNobXRLQUpPTGNuSlc3UkVfNGdnQ0hWbXJldU11M3hadi1FU1o5azNRZ3pIUldvMkV3b1FQYVktMldOcWZkVFhPcHI2QUdMOXQxOEY1aGN6TG13WW1yMjlQWHNYd0p5LTFkRGZqOHhHNlJIcW9pWU1VQ1k0Yy01VDRPQdIBgwJBVV95cUxOdVk4MlI1LWY0aGw5azFlQ3UtdkF1V2lVYjJBaC1UYUtRNi1FT1lTeWpTbG1jZ2dPeGtBVnFYcTdISXFqaUxJcnpuZ29EWml0UkJEN0VfeHRONWRtcGo5dG9ZTDhOWGlvemZrUWZHRWtxUVBwcFRaRno4UmpWSDIwdHh6Si1LbFFDS1E3R3hvTTRGSFA4T256enl3RjBfb1hWNEFaTEkyOHJNRXBMVng1YnJMd01TMW51ZGhta1dRRmNnc3p4TC0xa2lsMDVOQ3VoZFZzUzRGV2IzYTVzajR1Mm11ZXZ6NkNfNjJjSG5iOVNmSkVXaWozaDNwaHVTNS1MNjRF?oc=5,"GIFT Nifty crashes nearly 200 pts, signals gap-down start for Sensex, Nifty; US selloff, rising yields... Moneycontrol.com","""(Nifty OR Sensex OR ""Indian shares"" OR midcap OR smallcap) (falls OR selloff OR correction OR ""risk off"") when:1d"" - Google News"
2026-09-24T01:56:09+00:00,8,"['market selling', 'India market']",Goodreturns,"Indian Stock Market Crash: Sensex Falls 5,035 Pts, Nifty Drops 1,453 Pts From Peak; Can Budget Revive Bulls? - Goodreturns",https://news.google.com/rss/articles/CBMi3gFBVV95cUxNaTRicEdpc2xjWnRrZGlDQmVHYUhyYlk5bE5VeU9FSWtwWEQ2MzFWMGtmeDJ3NFo2R0dEX3cwblVQemxEWFp0U3dwalVQTnFWOGlWb08zbGNVSlYyQzUtM244eWJPeGFXTHZMMm9RdVlHaTJqb0NJeFNiekM0TmxJbnhRSl82YWFUNlpyaWR0Q0NsMEVkb05jQXVOQTI1Vlpmb1FCZzVrcjcybUpJX1NON3dMRUVDbE9jV2FHQXd1OU1FRll5Rm40NVpkYmdlZTVpUFZ1b2dEb1VXU3FKaWc?oc=5,"Indian Stock Market Crash: Sensex Falls 5,035 Pts, Nifty Drops 1,453 Pts From Peak; Can Budget Revive Bulls? Goodreturns","""(Nifty OR Sensex OR ""Indian shares"" OR midcap OR smallcap) (falls OR selloff OR correction OR ""risk off"") when:1d"" - Google News"
2026-09-23T12:30:24+00:00,8,"['AI / tech risk', 'market selling']",AD HOC NEWS,Xiaomi stock falls 3.75 percent as buybacks meet tech selloff - AD HOC NEWS,https://news.google.com/rss/articles/CBMiwgFBVV95cUxOd1RhNFZ3c0c4ZHh1dlpEbkx0NFJ1R28wNjhZQWxiUGhWcEpjZGt0WnVDYWxudE9EUllaNVFrUTNUV0UyVUhoVEg4Sk9SRktUeUEzMUdOOUNPMmdsU0RvQ20xUllhd1FNVzlKUDA4TDR3RnJZSVFoWXVta1pseHUyR2R6eDNPNDZEM1I0MUlNWnN4MjBaRGZaZXlITnNOM0VnQzhZVjJJUTZab3FrMWJ6cURCLWZxZk5QT2FMMlBydG53dw?oc=5,Xiaomi stock falls 3.75 percent as buybacks meet tech selloff AD HOC NEWS,"""(AI OR ""artificial intelligence"" OR Nvidia OR semiconductor OR technology) (selloff OR ""market fall"" OR ""stocks fall"" OR correction) when:1d"" - Google News"
2026-09-24T05:37:56+00:00,7,"['market selling', 'India market']",NewsBytes,Sensex falls over 650 points: Factors behind today's market selloff - NewsBytes,https://news.google.com/rss/articles/CBMitgFBVV95cUxPOXE2SUQ2VFZjSW1nNjFETDNGXzBPZ241NGhEQmhiaVFIMXZYR0dJRWNVS2VwYkdhSkptQmJHcWVuWC0td0pqTE5oWVBKbzljR1VLcHpEci0wTFI0WlZNZ0JOcHU2amFtcTFKcFQ2QzlVcm5WNGtIRk5feHJVU1JNa0xSNDN5bGR1Mm10Z1RWNmYzb2tfUTI0cmY4V3VjMTNpdGh3di00THVaQV9XcUZraTdpUmV3dw?oc=5,Sensex falls over 650 points: Factors behind today's market selloff NewsBytes,"""(Nifty OR Sensex OR ""Indian shares"" OR midcap OR smallcap) (falls OR selloff OR correction OR ""risk off"") when:1d"" - Google News"
2026-09-24T05:27:55+00:00,7,"['market selling', 'India market']",Business Upturn,"PSU stocks crash today, September 24: HUDCO falls 2.82%, Engineers India down 2.47%, RVNL drops 1.47% - Business Upturn",https://news.google.com/rss/articles/CBMi2wFBVV95cUxQRlEzdnZQeGJfT3lpMGxtQi0yU0hoTTM5WVVOUzRkWGVPX2dqaUxVQm51cUdMQVRURGUxS2VqSlNhdFdwTnJ3UlpWMGsyNWlhYVVEZEFENVBMVHM5bldzNDVfQ3EtMEFjUFZMTHVSSUdkY2R6bUdRMlMyaWE0UkdnMktJakRFSjR0alZBV0RqTXFfdUZ3cThBa1VjVTZveGxkWnNHLXV6aDdIdzF1dTBWeGNPRjc5RF9HYUFMd2tBU2lCc0VFRjBKa0hmZFprZ3JqYkNSOVFrcmVXV28?oc=5,"PSU stocks crash today, September 24: HUDCO falls 2.82%, Engineers India down 2.47%, RVNL drops 1.47% Business Upturn","""(Nifty OR Sensex OR ""Indian shares"" OR midcap OR smallcap) (falls OR selloff OR correction OR ""risk off"") when:1d"" - Google News"
2026-09-24T05:12:52+00:00,7,"['market selling', 'India market']",sundayguardianlive.com,"Nifty 50 Today Live: Nifty Opens In Red As HDFC Life Plunges 7% After IRDAI Proposal, Bajaj Finance Drops 4% And Axis Bank 3.5%; Check Top Losers And Key Reasons Behind Market Fall - sundayguardianlive.com",https://news.google.com/rss/articles/CBMiwwJBVV95cUxNNnJnek1VMktvOWlUQmN4WEZHaG1qd1JPR0NXbU1zZzJCM3FQdGVDZl9sb1NYU2Y2Z3AwNkNleGdiZC1lcmloWTFFSFJzR1B4SHZpU3A0bDRuWHhoZEs2RzJEOWpZQnBYMUcwZ3ZxdmMtNWJKcTVkeFBFWnJ4Z3haaUtZQ244dk85Q2dZLUhHWVQ4M2dEQ01LdkFUZC1wY3FqenlDN3FUaDBVcUM0ekFzNXBFdG1xSEdsZF92dlpmS2tRbUZDMUxvUmJDZExOMm1QbG5xOXVaa2FyNFJkS0xmQnBoU0JxckJzbC1rREs2dEVLSUhoSmNqY1h3MzAxTTdzSjlVbXBfd1p2NUN1R2xBdVp0UTNXQWtZMzNWZUVNLUxITGhGYkpJcnhmOU1DR2VxekZBWlNzVkFSdzRPR09lTGpjONIByAJBVV95cUxObnJpWDhFMFBVTUtSQmxUWUFwbDNNY0hTZXJHVG9qUlRCclViM1JwdXZwRExkZ0dOYjNCM2FjYm9KbGNldmZvd1ZiQ29xeTREUUt3VEhxbmlfLUtWQjhsZDg1c0tsLUROY1k5dC1VY1V0dVYzX1ZPODBRNThzdUxqLU1kS1E1RFFlUXEyQlUxRGwxSkdRSEg1bEFybFFWQ2UzNk5lNy01QTFRQmtiSEZ0MmppR0o5WGVGMzhGeDdDWnlhb2pzWkZxZW9ub2tVN3ppbmhLeTV5anNiMjh0eDl6WWRxQXU1NXVBdDMwNFNNeUdoTy1RWmJ6RlpIVHcxMF8wUkZsVW9tbjVqNERGcnhnMjN3Nm8wVjQ0dzJIMG43ay1oa1RPVWRhWmdRT19Sb1pTZmVHT2RUX2VVWGJYUTlPSWtnWEVXM2ZP?oc=5,"Nifty 50 Today Live: Nifty Opens In Red As HDFC Life Plunges 7% After IRDAI Proposal, Bajaj Finance Drops 4% And Axis Bank 3.5%; Check Top Losers And Key Reasons Behind Market Fall sundayguardianlive.com","""(Nifty OR Sensex OR ""Indian shares"" OR midcap OR smallcap) (falls OR selloff OR correction OR ""risk off"") when:1d"" - Google News"
2026-09-24T04:50:05+00:00,7,"['market selling', 'India market']",HDFC Sky,"Sensex Falls 528 Points; Nifty Slips Below 23,300 - HDFC Sky",https://news.google.com/rss/articles/CBMi4AFBVV95cUxNdmFiOXVKVHNEdUo4R1ZPM1ZseDF0Q2JtbWhaQTBqZ3lRT2dmcnNsZlpNNUNaUE1BY29sSERoYnNuQXpZdGxvZnFJZzNfRXNIZ0U1X0Z4UEx5QnB0RkhyeHVGX3VsNEFySjJsWU5IZ1FTem9SVC1DVEhoQkNaQXNrdzNfR3BJMXRCSHNsbFkzcWpsc3NteEE5UElCX3ViRmlvcWJkSDhsNm1UYnJZOUZvUUJEcTd6TDFkWFdJa1VlRHIxWWhCWm9TMmtTSGZTdVllaDVVU0JaRzRXT0hNdmt6aA?oc=5,"Sensex Falls 528 Points; Nifty Slips Below 23,300 HDFC Sky","""(Nifty OR Sensex OR ""Indian shares"" OR midcap OR smallcap) (falls OR selloff OR correction OR ""risk off"") when:1d"" - Google News"
2026-09-24T04:20:28+00:00,7,"['market selling', 'India market', 'macro / flows']",english.mathrubhumi.com,Sensex falls 600 points as Iran tensions lift crude; Xi-Trump talks add to market focus - english.mathrubhumi.com,https://news.google.com/rss/articles/CBMi1AFBVV95cUxQRGNVWVd2cU9ibWxaYkJ0WU1xZHNlWGEteGxnaG9qdWhjQTJGbkQ3dUxxQXUzWWR4dEhKRV9iZ0xKWWFDdFFGYXVLSWsySENGeksyWFc5d2F2UTNkZzRJLUJjRHpJU0hpT054MGtrR1o3VjZSNjZkZmpJMHFNZGcyN3dRVl9ZNTNmUXoyREVlMHdrM2JnZFJJVkRWWFhYTE5sN3lYTXY0RXYyTS1zX2RJN3pmNVYxNWhSWGdjN1BubGlOU2pfLURsSHh0empaV0NrYmVTddIB2gFBVV95cUxOUTBKQzlGczliUW16dFhsZUJONFpQNEs2RU5NZlY4cFZ1NGstLV95ZDJxTnpzS3Y2VGp0ZzJTcnFlRjN1WGg4NWdnNmY1VUpMUnNQZGNCbG5nNG5iY2dJcTdZSmotNE9EMl9xX3hGTmxGbk5CWHJJYzYxcy1fMy1WRms0UUFSUXUxWDNCZDZrMTc5THBPek1XblJFblNHdkM5OHpWUlktRWZ0Nk03NVR2aFk3WWZCZi1DMFpRUGswV3lsNnhjTDFnUmlaWkgycWVKMVYxeTM5TzVUdw?oc=5,Sensex falls 600 points as Iran tensions lift crude; Xi-Trump talks add to market focus english.mathrubhumi.com,"""(Nifty OR Sensex OR ""Indian shares"" OR midcap OR smallcap) (falls OR selloff OR correction OR ""risk off"") when:1d"" - Google News"
2026-09-24T04:12:03+00:00,7,"['market selling', 'India market']",Business Today,"Sensex, Nifty fall sharply at open; here's what's weighing on market; NSE listing in focus - Business Today",https://news.google.com/rss/articles/CBMi6AFBVV95cUxNaVpzbmsyQ3dYS3hZSmRIblVLZm1lSVg3YjVFcm1xUFNGclEzTFB6NG9PU1BIRFVYeUVUYmxYQUJwN2twUXcyQkxWNjVVdzJXcm9QWTA0WWFVeGk2TG9yR29YX0NqYTMwYnU2N2lHNFRsUHg4S0FZNUZhMEhKdmxfMjdNdkVKRVV0bWs0UDYzQi1KY2FmWHBhVlYtTERKTGViQlJ0QWE1OU5HbzRiNkpoSndudWJtT293LVN0LWJyUlpfYmJ5ZEpwMTB5RzFqQURkS3pVdjFCbUxqN2pYOFhVOXBOZEdDTm5f0gHuAUFVX3lxTE9LTGJVVzEzYktodXp2Y2YtMlV2RmFSVnNEdFg5WFJxZTZmaVNQY3VxamdkV1JqMnhqdUVkOXQ3eUpXNkhwZ1hNTnE3RHZ0VWNvMEN1aUlMbDh4TndkWFNfRGlmdlQ5SU1jUnNzdUg2ZXlZY3l3ZFV2NlNrZHQ4QjBfU1NnY3h5TjM5X21CLW1jVmZmdE1oRXItU2p3aEx2SmlqQ1NIU0EzUzljSXpMLS1SNkxZalhpZW90WUFsdGg0aTFNeF9BUUEtZll4TDRxckdHU0JncmdfeVZaZ1g1aXNNMXdoQUNWd0dDR18ySUE?oc=5,"Sensex, Nifty fall sharply at open; here's what's weighing on market; NSE listing in focus Business Today","""(""broader market"" OR midcap OR smallcap) (selling OR correction OR fall OR volatility) India when:1d"" - Google News"
2026-09-24T03:25:00+00:00,7,"['AI / tech risk', 'market selling']",Stocktwits,Nvidia In Correction Territory? Investors Parse Fresh Risks From Chinese Rival - Stocktwits,https://news.google.com/rss/articles/CBMi4gFBVV95cUxQSnVqQ2ZlZm56Q2Z0QmxkeXlGMmtHS1dpV3pDZjdLYWxUMU5MaFU5R1BHQWYzS21ObDJBWUpvQXl6eTZ0ZHIyY2FMTDZ3dHlQWFQxcWF0MlVsOWw0cjc5V0F3ZDhOcVZaejU4VWNsaHZzYUFlMHdoTFA0MFRIb01Qb3RvUzVxc0duc1NjX2tBZ0dBUndFZzdPb0RMT3ZYanNZd25KazhGY1JkRm9DbENEQ0RkNU1rYnVoQ1BmclBsVnlKbjNoQVlIeUI0bzVBTGZVU1phYmJaRzdVTHlJYkhJbmxn?oc=5,Nvidia In Correction Territory? Investors Parse Fresh Risks From Chinese Rival Stocktwits,"""(AI OR ""artificial intelligence"" OR Nvidia OR semiconductor OR technology) (selloff OR ""market fall"" OR ""stocks fall"" OR correction) when:1d"" - Google News"
2026-09-24T01:05:02+00:00,7,"['AI / tech risk', 'market selling']",Bisnow,"AI Buildout To Cost $10T, With Market Correction Likely - Bisnow",https://news.google.com/rss/articles/CBMirwFBVV95cUxNdXN5Nzd2QVMzT29PZ05tRkE4bXh3UDBZNDNIdFVaVElkS0xEUTVDbzZyajZLVkNtU1hnenRWdkg2ak1nXzdPZDVZaWEzQ0xBVHI4X2N5VF8xa3FROENFZThuenlCZnFMTjZJVUd3bnA4ZEVfZEdKVEczU3JzRE0zcUlVSEtvOFNwXzV5SmVfamlGSXFtQ2VNZktQNmtFeUVPUjFpcEVQNHY3RzNuQUY4?oc=5,"AI Buildout To Cost $10T, With Market Correction Likely Bisnow","""(AI OR ""artificial intelligence"" OR Nvidia OR semiconductor OR technology) (selloff OR ""market fall"" OR ""stocks fall"" OR correction) when:1d"" - Google News"
2026-09-24T00:42:00+00:00,7,"['AI / tech risk', 'market selling']",kobaran.com,IonQ Stock Rises on Nvidia Research Deal and Real-Time Error Correction Result - kobaran.com,https://news.google.com/rss/articles/CBMipgFBVV95cUxPa2pydExmV2RYemM1VkUxNGpQdzM1YlRyZ254Y1RIZE5DVGItVzBSVUdUVmZnWmJCZHgxamV2SmNoeXJQYVNielBPQ1lBem4wUnhNRlFuS1lpaWU1bTc3SHM5aXk4NVZsd0JzTkY0eEhuN09ad1c0am5jc2FYWnl6Y0pHdXM1ZDM4ZEJNZ1BRRHpSa1hYQlM3YU0zNTZHcUlLdjEwT1VB?oc=5,IonQ Stock Rises on Nvidia Research Deal and Real-Time Error Correction Result kobaran.com,"""(AI OR ""artificial intelligence"" OR Nvidia OR semiconductor OR technology) (selloff OR ""market fall"" OR ""stocks fall"" OR correction) when:1d"" - Google News"
2026-09-23T23:16:19+00:00,7,"['AI / tech risk', 'market selling']",Yahoo Finance,Why IonQ (IONQ) Is Up 15.5% After NVIDIA Deal And Real-Time Error Correction Breakthrough - Yahoo Finance,https://news.google.com/rss/articles/CBMiiwFBVV95cUxPMGo1TWViWng5ckFndUx6bnVSYTNaMlFVVXA3RU00OVVDMkxUTU5RRGt6QWVhaVUxbG5UOVNQMlA5ODlHSDVnUEx5MWlNLVZZc2xnakNObWlWV3NwSHpMWlpWZ2J3cDg1RmFxMEw4OU1UZlBFVFRRZ0oyMFVkN3E5emFmU1R6bFJHa2Zn?oc=5,Why IonQ (IONQ) Is Up 15.5% After NVIDIA Deal And Real-Time Error Correction Breakthrough Yahoo Finance,"""(AI OR ""artificial intelligence"" OR Nvidia OR semiconductor OR technology) (selloff OR ""market fall"" OR ""stocks fall"" OR correction) when:1d"" - Google News"
2026-09-23T20:37:03+00:00,7,"['AI / tech risk', 'market selling']",Yahoo Finance,"Debt-Financed AI Investment Boom Risks Equity Market Selloff, IMF Says - Yahoo Finance",https://news.google.com/rss/articles/CBMinAFBVV95cUxOVEkzNWE5eDRQaVp2Mld2NzdfV1JnaUlYRnhCaDluZXFEaENJb2xBZVlFbUdUMDNDY3E4dkpQSW4ycm9zTk50QXZYbXFDSVhjQTlqZUtYWkpVWllKSW0zUTdVaG5IYzNiMHhORnB4ejBBWml6dWNPY3dmbEZUeGQwcXZGNVdFZ0ZXVENtd2ZiTTFyeGJQSkVrU05RVjg?oc=5,"Debt-Financed AI Investment Boom Risks Equity Market Selloff, IMF Says Yahoo Finance","""(AI OR ""artificial intelligence"" OR Nvidia OR semiconductor OR technology) (selloff OR ""market fall"" OR ""stocks fall"" OR correction) when:1d"" - Google News"
2026-09-23T18:27:00+00:00,7,"['AI / tech risk', 'market selling']",TradingView,Alphabet stock falls 3% as Meta’s Muse AI raises competition - TradingView,https://news.google.com/rss/articles/CBMitwFBVV95cUxQZVUtZDZXTE1wblR1V1ZNNDhBeFdrYnhyOWthaXc3ang5OG5qSjdYYy1pRDVua05NRTRxcXRFa3RXS1Z5bzNieFUyclVEUmE2WHhDWm01U0VzLTR6bXBRSzBaempidHhGZVlkVVdLaHhoQmJ2ck9qNWplOW5yZXhuY19GZFRNaC1uQ0RBdGhXWS0wRFFlSE55TUlLVzZDRnRUNGxtVFhGRVhWOUpKekRKNFFzRC0yZWs?oc=5,Alphabet stock falls 3% as Meta’s Muse AI raises competition TradingView,"""(AI OR ""artificial intelligence"" OR Nvidia OR semiconductor OR technology) (selloff OR ""market fall"" OR ""stocks fall"" OR correction) when:1d"" - Google News"
2026-09-23T17:31:23+00:00,7,"['AI / tech risk', 'market selling']",Yahoo Finance,"Sandisk Falls 3.2% While $2,400 Target Tests AI Storage Faith - Yahoo Finance",https://news.google.com/rss/articles/CBMikgFBVV95cUxPVmhkTGc0Q1VaX01QQTMzSUZET2duWlllbVN5UldPV0tfdlhhYnVXSXZPeHRXdXk1OEdORFg0elFISVlYdmZNSV9xd0I1eGJWSTZGNEFBLVJibnZkN2NST3BkT0dOb213QnFMUDRTMkFOV2ctQmY5WXZyaG1RWk1wN2Fad1BUYUdBX3B3dDFyQU1Jdw?oc=5,"Sandisk Falls 3.2% While $2,400 Target Tests AI Storage Faith Yahoo Finance","""(AI OR ""artificial intelligence"" OR Nvidia OR semiconductor OR technology) (selloff OR ""market fall"" OR ""stocks fall"" OR correction) when:1d"" - Google News"
2026-09-23T15:12:02+00:00,7,"['AI / tech risk', 'market selling']",Scientific Computing World,IonQ advances real-time error correction and announces NVIDIA integration - Scientific Computing World,https://news.google.com/rss/articles/CBMitAFBVV95cUxOUVluYWNuZjlOdGhpcEpFSkVvbXlyeDdoUm1LOE51UGR1dHVCY3FIaGUzM1ExNk5jVnlsUk02UHRwWXNfenhLdHU0U1doUkVTOUlVN0xwZzhESy00YV9qT3g5V3NtTDMxTE9abk1vcjVrSDFRWlRCMEt1Qy1fMmRkYzFpSFN5VXdGUDJ5RGZMdjhQbEczN0RhZXJOZGFNY3NGZVpQVk9iN0JCbHMyc05WSEJzLWc?oc=5,IonQ advances real-time error correction and announces NVIDIA integration Scientific Computing World,"""(AI OR ""artificial intelligence"" OR Nvidia OR semiconductor OR technology) (selloff OR ""market fall"" OR ""stocks fall"" OR correction) when:1d"" - Google News"
2026-09-23T11:32:42+00:00,7,"['market selling', 'India market']",DD News,"Sensex falls over 560 points, Nifty slips to 24,052; US-Iran conflict weigh on Dalal Street - DD News",https://news.google.com/rss/articles/CBMitAFBVV95cUxNbGlwR1FLaHFGVFIya2xQS042d2hLZmRCV0hENEoyRDZDeFdETkpuVlYtSVlwY2hYM1BLNEZaNVozb0JoV2ktMDdPTUVJQS04SFlVRkNmOXcwUDlpOGk0Wmw0QS0tT3gxX1B0ZjZwNThPV3ROeS1KRkdxSmJYRkJOUThrbEhtOTFudFAzSzBQRktJRERqTEZ2NGxxTndYN3FKWVJubS1GTm9jR2ZLNGtLM2hUTmw?oc=5,"Sensex falls over 560 points, Nifty slips to 24,052; US-Iran conflict weigh on Dalal Street DD News","""(Nifty OR Sensex OR ""Indian shares"" OR midcap OR smallcap) (falls OR selloff OR correction OR ""risk off"") when:1d"" - Google News"
2026-09-23T10:34:53+00:00,7,"['market selling', 'India market']",Goodreturns,"Stock Market Crash: Sensex Sinks 950 Pts, Nifty Falls Over 265 Pts | Why Stock Market Is Down Today? - Goodreturns",https://news.google.com/rss/articles/CBMi1wFBVV95cUxQRmFBckJVVWt1UVVHT25qaENybTU0UDFGRFU1cnpaYUhnMWR5T3ZDRERydk5tcWtHeDFXMFpOTVRkZHctOF9VUzlWejRTa2V1Sm5GWHdFcUVQVTBNNjYwTW5sdzNLQXZtb1dPSUpvcmtjVEoxMkhTNVFNcVBjOFgxU1FQc2EwbGo3MXVmdU9fLVY0QzN5V091cVhsd0xyOFVyRnVWYk0wcWtrRDFOa29neGVlY2VJd0lZM2g5cjJKV2FGa0Jhd3hzX3RDWlgxNDJHSlZUY0lVVQ?oc=5,"Stock Market Crash: Sensex Sinks 950 Pts, Nifty Falls Over 265 Pts | Why Stock Market Is Down Today? Goodreturns","""(Nifty OR Sensex OR ""Indian shares"" OR midcap OR smallcap) (falls OR selloff OR correction OR ""risk off"") when:1d"" - Google News"
2026-09-23T09:11:06+00:00,7,"['market selling', 'India market']",MarketsMojo,Mini Diamonds (India) Ltd Falls to 52-Week Low of Rs 4.1 as Sell-Off Deepens - MarketsMojo,https://news.google.com/rss/articles/CBMiyAFBVV95cUxQUmt3cVR5ZnlISTRoWUVJVXJobXlZTVdIeGF0cGVFaVU2SWgxMWxVZ0tldU1RWERPMTk2SnVZT3Fhc2dLTTdYMkduc0NNeUl4eURTZ3ZLWjhNSFRMWWlzZG9Pd1NCeXZFSFVVLVBRMHIzMmYtSWlzMy1KSU1vSVF4end4YW1KWFpMcHlLWlA5S2Z3Tk9STWpRNDZsQkV5ci1OakRRQTYteVQxcGVPemlMR1lIczBHSUJoOVRmdkJERjJNZTg1cjljTQ?oc=5,Mini Diamonds (India) Ltd Falls to 52-Week Low of Rs 4.1 as Sell-Off Deepens MarketsMojo,"""(""broader market"" OR midcap OR smallcap) (selling OR correction OR fall OR volatility) India when:1d"" - Google News"
2026-09-23T07:42:17+00:00,7,"['market selling', 'India market']",ahmedabadmirror.com,"Sensex falls 330 pts, Nifty snaps rally - ahmedabadmirror.com",https://news.google.com/rss/articles/CBMijAFBVV95cUxPcXptZzVVU1lQYnJOU3hFZnFrQUNQWFdmdzYtN1NObkpmcWJ4OEMzN2htUG5hR25fVHpmeTJjdkU1bF92TWJyLXQyanVOeUVuSXY4RFJMbmpkQlFWcWJSbUlyVEhzQkQ2LUtGVmZzZ3F5bE5xZFQtZWlTdFNUak5OdU90S1ZSdUx5MWYyZA?oc=5,"Sensex falls 330 pts, Nifty snaps rally ahmedabadmirror.com","""(Nifty OR Sensex OR ""Indian shares"" OR midcap OR smallcap) (falls OR selloff OR correction OR ""risk off"") when:1d"" - Google News"
2026-09-23T07:30:44+00:00,7,"['AI / tech risk', 'market selling']",Bloomberg.com,"Chinese AI Stocks Fall on Report of DeepSeek, Moonshot Probe - Bloomberg.com",https://news.google.com/rss/articles/CBMirgFBVV95cUxPWlNBRnBPUi0zNVlHUUNlTUU2dHk0c3ZDNG8wNUh6T0hFb1pfLW5BeXFYUWFHRGczeEFEeDRKbzZ5dHhHRFp5cjZPRU5jOEJpdFZLdFM3a0x3bVlLYUJsYWZSRDc1bkZDM09lQ2Q5Y3R5QU1yYmFhSHFhUkRORkttMEI0YmJ1RlpXN0VPc2g1Vy1NbDlSSkxna1d5MHF2MXowWFBSS1BPT0pqbjVYZFE?oc=5,"Chinese AI Stocks Fall on Report of DeepSeek, Moonshot Probe Bloomberg.com","""(AI OR ""artificial intelligence"" OR Nvidia OR semiconductor OR technology) (selloff OR ""market fall"" OR ""stocks fall"" OR correction) when:1d"" - Google News"
2026-09-24T06:04:12+00:00,6,"['market selling', 'India market']",Business Upturn,"Nifty falls sharply today: HDFC Bank, Axis Bank, Bajaj Finance, Reliance and L&T emerge as biggest index drags - Business Upturn",https://news.google.com/rss/articles/CBMi5gFBVV95cUxQaHR0Zk81S1lHa3djcXRDbzRacnU2SzVPNWVIODlNYWFMUUtpU2MzSmVKamtaLV84QWhSOS1TbjJ4N2w3cC1kTUdBdkJyaWpNUk91Mkt2aE00OGYwS3llazdUMFlxN3hOdjhOY1o3ekFKNUhkank3Y1ZzNGdvRC0tMDVOb05CQjI2WGx2MFN6c1ZHNmJ0T1JIMXBFQXVWRktOdWNMLVN2bWVMUF9MSHZhbzZ0MjcxVlhGQjVnUERBTFZUWVJFMjcyWkFzeE1taEtBY1ZhMmVNM1dycFhuSTNrS056d0ZYZw?oc=5,"Nifty falls sharply today: HDFC Bank, Axis Bank, Bajaj Finance, Reliance and L&T emerge as biggest index drags Business Upturn","""(Nifty OR Sensex OR ""Indian shares"" OR midcap OR smallcap) (falls OR selloff OR correction OR ""risk off"") when:1d"" - Google News"
2026-09-24T04:47:00+00:00,6,"['market selling', 'India market']",TradingView,Sensex Falls to Over 1-Week Low - TradingView,https://news.google.com/rss/articles/CBMiigFBVV95cUxOQkdQSW9ZdklZaW5fLWxWYW5TRHRhakw0YXhweTVCQzJ0MFA4UHNTOHZVWHF3ODlnOEJTZ1IzdktxZGdJczNnVHVzR3FNUUNjMExReTMzelBRbTQ0d0lyTTNqTkx5VG8yYjdaUXNEcWZmM3FGSjhKbFdXdmV4TVQ5R1k1TDRyQnNQRWc?oc=5,Sensex Falls to Over 1-Week Low TradingView,"""(Nifty OR Sensex OR ""Indian shares"" OR midcap OR smallcap) (falls OR selloff OR correction OR ""risk off"") when:1d"" - Google News"
2026-09-24T04:27:46+00:00,6,"['market selling', 'India market']",newsdrum.in,Why did Sensex fall nearly 600 points at open as HDFC Life plunged 7%? - newsdrum.in,https://news.google.com/rss/articles/CBMirwFBVV95cUxOY0JjMWxTbGdPNk1Lel9JeW9oT0ljbGZmRnFVNi1yV1BSQmd1UG8weVBSbVBWS1Nmeldka0ZOVnpUZlBHekktWWtQYl9VclRibl9wRlVHdlphOU40bjdZLWh6WmxTRFBSUy1xNmc0VnVwcENJeTNxdXk5TjhteDhkaUJlN1RvTWpKTnZRdXhYelViMmQ1bWV1cmdxN3UybEttUVVXMHlhOUo1ZnhVWW040gGvAUFVX3lxTE5jQmMxbFNsZ082TUt6X0l5b2hPSWNsZmZGcVU2LXJXUFJCZ3VQbzB5UFJtUFZLU2Z6V2RrRk5WelRmUEd6SS1Za1BiX1VyVGJuX3BGVUd2WmE5TjRuN1ktaHpabFNEUFJTLXE2ZzRWdXBwQ0l5M3F1eTlOOG14OGRpQmU3VG9NakpOdlF1eFh6VWIyZDVtZXVyZ3E3dTJsS21RVVcweWE5SjVmeFVZbTg?oc=5,Why did Sensex fall nearly 600 points at open as HDFC Life plunged 7%? newsdrum.in,"""(""broader market"" OR midcap OR smallcap) (selling OR correction OR fall OR volatility) India when:1d"" - Google News"
2026-09-24T04:07:37+00:00,6,"['market selling', 'India market']",Business Upturn,"Why are Nifty stocks falling today? HDFC Life crashes 7%, Bajaj Finance, Axis Bank lead financial-sector selloff - Business Upturn",https://news.google.com/rss/articles/CBMi7gFBVV95cUxOTmx5RVdwOGtiemdPelVqSE5NTWI2TVJ3Sk5BX0ZfemlMQ0lWd1JBV3BvbF9oZkswdHVSZmxzNF92cjRDZ01iMmdSS0c0TkIxMV9BNERGcUJzc2dlWjg1c21jNFV2cUJlLXQydjR3bmpXV1daRVVXOWFMTUlOdmY4VGhOOU5BVEp2OWgxeEJGa3ByQmxELUdHQnFNMkYzSlFXMW8wemU3WkwyellEOE5rS1hWVHp1dC0tTTRFUVhDWTE2VjRNWjBBX2E2TzFCUmJ3cE9oSFpWQVdwdy03WDh4T2Rxa3Y3ZDRuWnRRb3ZR?oc=5,"Why are Nifty stocks falling today? HDFC Life crashes 7%, Bajaj Finance, Axis Bank lead financial-sector selloff Business Upturn","""(Nifty OR Sensex OR ""Indian shares"" OR midcap OR smallcap) (falls OR selloff OR correction OR ""risk off"") when:1d"" - Google News"
2026-09-24T04:03:51+00:00,6,"['market selling', 'India market']",timesnownews.com,"Stock Market Today (September 24): Sensex Falls Over 500 Points, Brent Above $102; Iran Says 'Won’t Be Bullied - timesnownews.com",https://news.google.com/rss/articles/CBMipgJBVV95cUxQUG9GTGd3dzVpUUNXMV9BLXVhcmV4RUk4XzA5bnBaOTQtUFN5bnVmVGpGTzJjSGFBOEd0RDFmQXZmMFY3NGprMjV1ckgyMHZHN1J2UGVRdm9GekY3U3d2ZTlEN1hfRUNpanVhdmlGSjdUTVBkUVpjQW5oRjVNdERMZE9NYlI4TDc4eGVXNnRIdi1KZVBWbElsZGFuSzNlZUp0ZldEbDE4dnNLSXRJaG00VDdka29kdjdLc1MxSGcybFhMVVBBb0JDX2psbnh6VFdWNEFNQV9Ucjdka3psamRUbVBnWXJjcEFqRmxIT195amhMVWYtUGJUbjFfWDl4bVIwVTgtRjZEbmRzemQ2RkFsUWlFVW94alZ5NUpyYXdhT2xxUlBsNUHSAaYCQVVfeXFMUFBvRkxnd3c1aVFDVzFfQS11YXJleEVJOF8wOW5wWjk0LVBTeW51ZlRqRk8yY0hhQThHdEQxZkF2ZjBWNzRqazI1dXJIMjB2RzdSdlBlUXZvRnpGN1N3dmU5RDdYX0VDaWp1YXZpRko3VE1QZFFaY0FuaEY1TXRETGRPTWJSOEw3OHhlVzZ0SHYtSmVQVmxJbGRhbkszZWVKdGZXRGwxOHZzS0l0SWhtNFQ3ZGtvZHY3S3NTMUhnMmxYTFVQQW9CQ19qbG54elRXVjRBTUFfVHI3ZGt6bGpkVG1QZ1lyY3BBakZsSE9feWpoTFVmLVBiVG4xX1g5eG1SMFU4LUY2RG5kc3pkNkZBbFFpRVVveGpWeTVKcmF3YU9scVJQbDVB?oc=5,"Stock Market Today (September 24): Sensex Falls Over 500 Points, Brent Above $102; Iran Says 'Won’t Be Bullied timesnownews.com","""(Nifty OR Sensex OR ""Indian shares"" OR midcap OR smallcap) (falls OR selloff OR correction OR ""risk off"") when:1d"" - Google News"
2026-09-24T03:52:32+00:00,6,"['market selling', 'India market']",MarketsMojo,Sensex Slips 0.8% as Market Breadth Weakens; IT Sector Shines Amid Broad Declines - MarketsMojo,https://news.google.com/rss/articles/CBMi0wFBVV95cUxOaUxUa210bGxSeGpqVWFZMTIyWkh2em0yOVJicm9QMFBqc0x6RUJqcmcyMjRkNlVCRERWZVAxRkxiQjZGZ0Q2cE0yRGpxYzlEU0JvaUhya2s5TjU4Q2NHd1ZidkNobjd3MVdDY25KcFJlNWlkd2ZIUTRNWU5DZ0pwQ2ZKZ1FhcUJiOV9jN3pIV2hINTJ6cnloYkllTnRfTlFXWkVlbW43alVNMXFnaE1qREx0QU5SYmRuV2hsMmdhMVAyNTZaVHpFTml6TWRtbWFidVpn?oc=5,Sensex Slips 0.8% as Market Breadth Weakens; IT Sector Shines Amid Broad Declines MarketsMojo,"""(""broader market"" OR midcap OR smallcap) (selling OR correction OR fall OR volatility) India when:1d"" - Google News"
2026-09-24T02:24:31+00:00,6,"['market selling', 'India market']",business-standard.com,Stock Market LIVE: GIFT Nifty down over 100 points; Asia markets mixed on global bond selloff - business-standard.com,https://news.google.com/rss/articles/CBMi-AFBVV95cUxPUXQ1RmhXZzdmRmZMWHU1STQzd3Zma2U1M1U3eEI5blBrd0tCbmdtamtPbXpkZFNoN2g1WnVBM2pOZk01X3hHTk5LSlJVTFZSYTh3VUo2UGg4OXV3NmJQQ1RnMzFFWkR1SjMtSTBCdmJKakNHemR5aHUtQWxKVFFabXFZVmg5ajYxOGRlSVVmZm01QzZUTk9LTWoxVTFlV1I4ZXFRY2dlNUJYRWZuS2ZmaWdURFdIMWpZZFM5NDVSRXhDYnlyelowdkxJVzdqeVQyNGRsUWdhWEpBcU4xQmZEemNES2dSZzNydGo0UW12dVlqUkF3RVNOd9IB_gFBVV95cUxNUTJEd1pMVTJWNU9mU29vaVFMdHZvZUpSV2JiYWQyaFNHVEpXWF85ckd0TzBVQkZ2QVM3RE5NNmpUWGNieThYS1hEc05DdDc0a2hlS1NuSEoxWGhDUVBUeUNyTG5jWWZYQ0ZZS1p0SjdtbU1iTWNaMFFhMFl6LUlMZlEzaVhGVU9kNng2VjRMV0lFWmxZZUhtZ3NzZkxqSFdoR2JqWi1FUDRRaG8tbDBFd0tWR29DY1BCSzFOVVpwQjBvY2U2VXBSc3VmSVlSOGtnSU0yOXVyM2cwSVM1YlU5aGdWTUZTZmNCLS12QjV1S0ZoX3hPQjJyOU9UbjN5Zw?oc=5,Stock Market LIVE: GIFT Nifty down over 100 points; Asia markets mixed on global bond selloff business-standard.com,"""(Nifty OR Sensex OR ""Indian shares"" OR midcap OR smallcap) (falls OR selloff OR correction OR ""risk off"") when:1d"" - Google News"
2026-09-24T02:17:07+00:00,6,"['market selling', 'India market']",insights.dsij.in,Pre-Market Update: D-Street Set for Weak Opening as GIFT Nifty Falls Nearly 200 Points; NSE Listing in Focus - insights.dsij.in,https://news.google.com/rss/articles/CBMi6wFBVV95cUxPQTViell3YWFwZURTRGVOcmxLSHZmYm1kVEU2OHo0RmVUZDZYaGZEYVZ3cDRYQ2swNXk5UVRWQVZLZ2JNQ3Q3OWN2WF8yemFBa2FYekhnYWJET1Itc2NQNlJUb1NqSnI1QXdnaWtsWF9CSEZYVkpvR0tZTnF0b1hHb2RNOUdKbkpyd2hETnhnQjhsYmswV2c5ZDkwYmNXY1Uya2lWZjIwQzFaMkRvdVlkcWQzQTNhMEs2VTV1UXRPNFAxRl8yVTlZVFJBVzVjY1h0ODB1QW9BeDJmZjBXTGZ4b2JIUlZ1MWRBcXNF?oc=5,Pre-Market Update: D-Street Set for Weak Opening as GIFT Nifty Falls Nearly 200 Points; NSE Listing in Focus insights.dsij.in,"""(Nifty OR Sensex OR ""Indian shares"" OR midcap OR smallcap) (falls OR selloff OR correction OR ""risk off"") when:1d"" - Google News"
2026-09-23T18:01:00+00:00,6,"['market selling', 'India market']",kalkine.ca,Fairfax India Holdings Stock Slides as Market Volatility Weighs on Sentiment: Is TSX:FIH.U Facing Further Downside Pressure? - kalkine.ca,https://news.google.com/rss/articles/CBMi6gFBVV95cUxOZVdndDFuVmhZZEdjVjJIY3k3WlY5ODctVXRmYU1CYXVidndRSEJYRHl0T3dYaW5ZY1NJQTZfak92ZTVMWUhUVUprR2FWNFY0eFI4Y2VIUFNTU1plMUhLVUVLRXJtZjRJYnBKMEdoaVRSZWJDbGVVY2lGcGZtOEZMRlpiU3hfU2V5TUxKdnZaR3FSVzZGM3p0X2RucFN4ZW9KV2JBYkZ4Q2VYRGV0UEF2Vno1bnFlTHhGT2NBdjF5cUF3QjRISDFlS2tOTnlxR2VKUUhrOXZrNEFRaVA5V0pTRHlTTEVERDlNZGc?oc=5,Fairfax India Holdings Stock Slides as Market Volatility Weighs on Sentiment: Is TSX:FIH.U Facing Further Downside Pressure? kalkine.ca,"""(""broader market"" OR midcap OR smallcap) (selling OR correction OR fall OR volatility) India when:1d"" - Google News"
2026-09-23T07:18:14+00:00,5,['India market'],Goodreturns,SIP Math Behind India's Mutual Fund Mismatch: Are Investors Chasing the Wrong Returns? - Goodreturns,https://news.google.com/rss/articles/CBMi1wFBVV95cUxNcTRDSFpIeHlxSG1odEI0b0VQWjBQTE5tSWlIUWdabC1URVFtYXFSMFdZNldlZ2s2VXBMYUs3R0REZkhMRXBNN1J0UjdhQWg4SGY2MnBTbmszUkdsX1NSbHI3UklKWjE0U3dzTUtkOG1EdHZqUElQRm9jTUtRMnZXV0Q2cmVGeC14SENDNDhUc2UxNFJtMzlhN3BUN0w4SUluM3JkWVNxaHpUbEtMUmRZc2Q2UGRDQ3RyM0Z1NnRCTXJuX0pWal81RldCUlNJeXRtcnpmWkFScw?oc=5,SIP Math Behind India's Mutual Fund Mismatch: Are Investors Chasing the Wrong Returns? Goodreturns,"""(""mutual funds"" OR SIP OR AMFI OR FII OR FPI) (India OR equity OR market) when:1d"" - Google News"
2026-09-23T06:45:39+00:00,5,['India market'],The Economic Times,Helios Mid Cap among top 5 midcap mutual funds with highest mid and smallcap exposure in August 2026 - The Economic Times,https://news.google.com/rss/articles/CBMijAJBVV95cUxPa2I1VFhnSDFLNllvUXM3WXlQWDZwOXZrd1BEbjFZZFRYZldhTVZCb280dVRLSEdHSzBicHlqeFMzRmFFS04yc0x3QXRDdGV1MEEydTNDaHk2WFRzeXRCUmV6Q0pRYks2UkwxVW90SEVqUmhfd2RGTDVlYVNKOXR3Mnc4akwzaWZwdVZtYkJzZmZsZ0lTR0ZTSUtsdVEzMlFPcnU4Q0Nua0dZXzRqUlZvTHQxNHY1SEM0WGFrWTJSMkVsRkhsRmJDWXMySlB3TFd4V0p1MmtRNmt3a3VzY0piZERzSGtVQWw2Rk10bTZycXBtQkY4WV9oZjllOHBqYlFLUGk5Ui1wZnZTWFB4?oc=5,Helios Mid Cap among top 5 midcap mutual funds with highest mid and smallcap exposure in August 2026 The Economic Times,"""(""broader market"" OR midcap OR smallcap) (selling OR correction OR fall OR volatility) India when:1d"" - Google News"
2026-09-23T06:44:32+00:00,5,['India market'],The Economic Times,Helios Mid Cap among top 5 midcap mutual funds with highest mid and smallcap exposure in August 2026 - The Economic Times,https://news.google.com/rss/articles/CBMiowJBVV95cUxQb19HcjU0TXE1cURoNlJNUWY3MW0wV1pQR0h5Q3BJT3MtOHRKUzlNbXZuYjMyRGl2VEI3a1RFb0dJRUNoelFwTUtEYlJ5QkptbTNEV2RFX1JuaXF3M2ZNRlpFaWFwMnFlR0R4czJQWUlDTGg1VkRFaEFpLVhiVWVDTE15YkZjQkN2UzBwR2JiQ1paVjdXRXAwZndDa2lsRDFuSnhKUG4ycVNDNHRwbjU1VUlKN0w4akNZVXJ0TlhYS29ETGxrc1JscUJSV2loWlJTaHNSLVVaSVljODl0cDRXczZKZjRsQ1FERGZoOUJpTW8yZ1FlaVNiaXQzb2lGTE5xMkVFVmRhYktZVzlQLXdoX2p1aEZKNGVPWVlrRDY0c0JRXzQ?oc=5,Helios Mid Cap among top 5 midcap mutual funds with highest mid and smallcap exposure in August 2026 The Economic Times,"""(""mutual funds"" OR SIP OR AMFI OR FII OR FPI) (India OR equity OR market) when:1d"" - Google News"
2026-09-24T02:20:08+00:00,4,['India market'],financialexpress.com,"‘Large IPOs will not affect secondary-market inflows’: Anand Vardarajan, CEO & MD, Tata Mutual Fund - financialexpress.com",https://news.google.com/rss/articles/CBMi5wFBVV95cUxQRk5VVk9NdGU2N3lNa3owSnlxLVNjWG1kc1JUMmRWZWhmYmZQSjRMV1hWWUttQURsejU1N0loQ0V3RVNMOG9NXzI0TmU3cEdSTmExcXNhazlCT1ZBNzczaEFBUmRzeE1jQlJrMjluZ2VNUThyZ0RCV2lPZ2FON0pLaG5Vck43c2RXSXNJTnplMWE3R3Y4Zk5MN1FLS2xiVnZ4UERiWXFFb3RTNm05el9iYWI1UHBHY2REN1JjUXlrM1ZTeUdGcHplMFVZa3ZmX0xjTEJTa1hjN1FpWHZzeXU5VmhQNHhOUjDSAe4BQVVfeXFMT09lZDFfT3RZaFN2Qll0d3FhaGVoSXEyWWpwRjd4R1FLVkdIYjZLQWNzaEc0Ujh6NVpEUzNWZWRBNFZaeGJjTUhudzhjc29COHpKUVpYdUdqaGhXdW1aUXlvc2hEeFJRdDc0UzRKNWc0RlVQT0diVHJLb2FQLWpLamFIV29xdnFsRS02OExTa19MeWZEREd6S2NZVnRfNjllaWgxdEVBODltdHpGVG9vb0d6dElTSEhzNTZwUjNRdENIWmZYRDhCRjlfZzhyQld4LTFSZllXc21vZTRMVTFsVjlVSjY2STZJRmpJOTUzQQ?oc=5,"‘Large IPOs will not affect secondary-market inflows’: Anand Vardarajan, CEO & MD, Tata Mutual Fund financialexpress.com","""(""mutual funds"" OR SIP OR AMFI OR FII OR FPI) (India OR equity OR market) when:1d"" - Google News"
2026-09-23T21:40:14+00:00,4,"['India market', 'macro / flows']",India Tribune - Chicago,"Sensex, Nifty rebound as oil prices stabilise; metal stocks lead gains - India Tribune - Chicago",https://news.google.com/rss/articles/CBMitAFBVV95cUxPM3FQMWFIREQ3cndOdnZHcEJ5SjMwaVVidEE5MzdrTGNBQVNPLV9TMDNWUDQ3Sm9QOHozRUlYbGJsS3NzR3VsdjFxRlJ0X0cwcktYT0pKVEN3LW9acERmVGpPb1FHdVNXam9PdEFkdmlYSHNaVERaM255U1duN2JqcmY1clZ0S0hzV3RQenl3SllFaXF4MkVYa1NZdWdiWnBhRWpKVFZIOHkyX1F1RVJJWnRaX00?oc=5,"Sensex, Nifty rebound as oil prices stabilise; metal stocks lead gains India Tribune - Chicago","""(""broader market"" OR midcap OR smallcap) (selling OR correction OR fall OR volatility) India when:1d"" - Google News"
2026-09-23T15:10:21+00:00,4,"['India market', 'macro / flows']",INDIA New England News,"Sensex, Nifty Rebound as Oil Prices Stabilize; Metal Stocks Lead Gains - INDIA New England News",https://news.google.com/rss/articles/CBMingFBVV95cUxNR1ZId25kZjNVbGhfRHZLY3JGbFh3MWVvU1liMGxuUDBSMV8tM1lPOEVtbjRxc1RwZlFCQk50bUNqTEgzMUZveEJlYVNGa0IyM3dTM0tlbzdVMDVuZERqMEFYQjE1bzIxS2pvenBpTENsZWtkbTdWSFFQTzg5M1pEOFFzZnFDcTVfRjdVeXU0dlNMbHhaaGp4Sld4dm1OQQ?oc=5,"Sensex, Nifty Rebound as Oil Prices Stabilize; Metal Stocks Lead Gains INDIA New England News","""(""broader market"" OR midcap OR smallcap) (selling OR correction OR fall OR volatility) India when:1d"" - Google News"
2026-09-23T12:55:33+00:00,4,['India market'],curlytales.com,Sip Mumbai’s Favourite Cutting Chai On Your Next International Air India Flight! - curlytales.com,https://news.google.com/rss/articles/CBMiuAFBVV95cUxNM3JLZHJIaHkxVDBzVndOdVdPSWNSaUhZT1YxSm1tQWRSTzN4ZDhoNUkzSG1BT2xvQUJ1dDQ2SjFoYTBxMFBmMnEwYjRUYTRKQTU2SlR4UDBQZEp2YWk4emhYU1RqN2syME1DQ05MdjROOV9FVFdZaUsyajR3c2RRWjR5cU1YTF9qb3VkUmlPSUhXRmduRWNlcnZrUWtTTXRKQUJqLWx4UWtWeWxONkRlZHNNd1ZTeVdI0gG-AUFVX3lxTE05a2JrWWtEWkpBdjVxVldvMEgwU09FVGItQ0R4RmdtUHB4NUY2VUVMVmJ5dldueldHMndCbTNJR3J0cS03T2l5RzRWalliLVZsaFJXcF84MDJpWEt2VHBYbERRMEt2eTNzQjVtanN6X25xZElGMTJ3ZkNGZ2FqN0ViZXRWSW53WUVUbG4zSFItSFdrcWlyNHp4VHRMMGdJZ0F2Z2NDeUhhYUhNVTc5ZWpkTXpfaGxaN2lPMUVWQXc?oc=5,Sip Mumbai’s Favourite Cutting Chai On Your Next International Air India Flight! curlytales.com,"""(""mutual funds"" OR SIP OR AMFI OR FII OR FPI) (India OR equity OR market) when:1d"" - Google News"
2026-09-23T12:46:45+00:00,4,"['India market', 'macro / flows']",IBTimes India,"Sensex, Nifty rebound as oil prices stabilise; metal stocks lead gains - IBTimes India",https://news.google.com/rss/articles/CBMinwFBVV95cUxOcG0xcENhcDk5QmhiX3c2TlhmajU5OG5STk5xZDZ4XzMzWHRYeGx1aXBTNXhwRG9QVXNjZXNaRUJ3Y0VZMURkM0RzRUxVOGh6OFFHOHQ0Y1BUeC1oV0l6aHdPQUMwaUtPTmNGOU1TRVlYLWIwelh4ODdqU3h0NGZqczNiTEtiTzh3VTlDSElCeEJoNzFBWHhCZExSejdTZjA?oc=5,"Sensex, Nifty rebound as oil prices stabilise; metal stocks lead gains IBTimes India","""(Nifty OR Sensex OR ""Indian shares"" OR midcap OR smallcap) (falls OR selloff OR correction OR ""risk off"") when:1d"" - Google News"
2026-09-23T12:16:00+00:00,4,['market selling'],TradingView,4 J.P. Morgan Mutual Funds to Navigate the Current Volatility - TradingView,https://news.google.com/rss/articles/CBMitwFBVV95cUxPbUFZRXF0V2RSTTRzVDl4aWNfdHBHZTZYM3lyLXRaZGxxTmtTUG1ma01SdXpxRW5fTjNZbWsySWRaaDhkQThNa1dfbG1tWlhPTl9SVWVZOTlEREJCUFJaMVp2UVlja2dhaDJCa0FTbk9VUUVhbEpOX2Npa1V2NjhCRi1NYlY1VGhYci1hdTNMZTVmdllSbDdWUldweE9kVlhEWlZfM3VLNDFsWFp4cmItQUdMUy1MRXc?oc=5,4 J.P. Morgan Mutual Funds to Navigate the Current Volatility TradingView,"""(""mutual funds"" OR SIP OR AMFI OR FII OR FPI) (India OR equity OR market) when:1d"" - Google News"
2026-09-23T11:37:12+00:00,4,['India market'],India TV News,"Mutual funds vs direct stocks: Expert explains which one is actually for you, check details - India TV News",https://news.google.com/rss/articles/CBMi9AFBVV95cUxPQW9HT2o4aVhDUVZ6UnlKMmVyVXQ2amF5S3h6aTFZNjdzOGh5OUxWbUs3STcybmZQU2R0MDRFVDY1OTZETUc5dmV3Y1UyRTZLUXBWR1ZSTHNDUXZIU2hqRlh2blZDZDRzSEg1Zmo0bGFSQVJuM0UwQmJJOU5wLVV2QnNzRldnWUJpUmdKR1VDVVl6VGRmQXgtNU1CeDZtYmVhQVo1R1V2Z0x5cFloUWNyd0ZzYXNHVWFnWjQ3Q2dvX2VIajBFVmRJVTBJM3dJSVh3dmhMQkFmb2ttVXd4Q3RhUHViZld5MEJHdWxmcnRBWllUV2Qz0gH6AUFVX3lxTE0zMlRqVTBRRVpuVmJndzVTVm96UzRTTWk4RlM4MUU5OW14ZS1JUHVkMzN5NUdiN2o2N3c2V3NlWVMtZjBUbk5EcENXaUlVQXU0bHhZdHVsUTFyWjg4aXFydUg0dWpxM09NQkJMUlBoam5LSzFhMURRT3A3c3VESU0yQTc5V2k5QWo4akVUSlNxUHRwTFlMUTJodDJ1d0xwQTJkclZTdzAwWV9ZWGh0UmVITU81Q2RycEJLMEFRZzZreUFtWGtzck9ENlJreVBibFRNRi1neVotZWk4bFpQYnU2bzBaTHhwaGxBaHBEdzYyeC1nRXY3akhFUVE?oc=5,"Mutual funds vs direct stocks: Expert explains which one is actually for you, check details India TV News","""(""mutual funds"" OR SIP OR AMFI OR FII OR FPI) (India OR equity OR market) when:1d"" - Google News"
2026-09-23T07:26:31+00:00,4,['India market'],The Economic Times,NFO Alert: Tata Mutual Fund announces launch of Titanium Active Asset Allocator Long-Short Fund - The Economic Times,https://news.google.com/rss/articles/CBMi9gFBVV95cUxNU0Z5UTVYelJFX3BnOU01Sk5QTjNHeThLXzQ0RHo5MTZxRk9md0ZfMHYwdzY1X2RXTXpYQm8wVVdNTmJsU0FXWlRISk03S3hmZ09GTE9kNzgwdG1KeGVvazc2Xy1nYlZTblE4N1NXNXBTTmtVaExsYU1oMEtYU1o1a3FXY05LUF9XLWRtdGV6LXBsWFpId0ZwVExoZWEzVTlSc3Fta09QbWwteEFkbkR3SlAwOEUwUXhvbDZsT2pfSk5nYVcwZEdnZ2tZdklPcHBVbFBvZjdsQlRrY0RCTXBUcG9YZzNaTEJFcklBV2J2OWR6QmItQ3fSAfYBQVVfeXFMTVNGeVE1WHpSRV9wZzlNNUpOUE4zR3k4S180NER6OTE2cUZPZndGXzB2MHc2NV9kV016WEJvMFVXTU5ibFNBV1pUSEpNN0t4ZmdPRkxPZDc4MHRtSnhlb2s3Nl8tZ2JWU25RODdTVzVwU05rVWhMbGFNaDBLWFNaNWtxV2NOS1BfVy1kbXRlei1wbFhaSHdGcFRMaGVhM1U5UnNxbWtPUG1sLXhBZG5Ed0pQMDhFMFF4b2w2bE9qX0pOZ2FXMGRHZ2drWXZJT3BwVWxQb2Y3bEJUa2NEQk1wVHBvWGczWkxCRXJJQVdidjlkekJiLUN3?oc=5,NFO Alert: Tata Mutual Fund announces launch of Titanium Active Asset Allocator Long-Short Fund The Economic Times,"""(""mutual funds"" OR SIP OR AMFI OR FII OR FPI) (India OR equity OR market) when:1d"" - Google News"
2026-09-24T04:36:42+00:00,3,"['market selling', 'macro / flows']",Free Press Journal,"Rupee Loses Ground Against The US Dollar, Falls 11 Paise To ₹95.84 in Early Trade - Free Press Journal",https://news.google.com/rss/articles/CBMiwAFBVV95cUxPQTJZOEswN25oMnNBcHR4SFB2UDgwcnBOSENEVTAwTzQyS0hQcWNIU29jTmVxSE1nQ1lzZnFSc25DRm54aGtEblp6cmdkMnB0WFJVZzhSYjJGSnJQTzFPRDl1bzNTb2xNcTBaOWRnQWZzRkdmRVFTSDFVRURoMXJ0QjFPRnBNc2h5ekNYU2pOVXB3YUw5ZjNwcHZnSkE1Rm5ON2tHQzJLdzlrRHVVekRNNDU2eGxmMUlPLUNIS3d6SDnSAcABQVVfeXFMT0EyWThLMDduaDJzQXB0eEhQdlA4MHJwTkhDRFUwME80MktIUHFjSFNvY05lcUhNZ0NZc2ZxUnNuQ0ZueGhrRG5aenJnZDJwdFhSVWc4UmIyRkpyUE8xT0Q5dW8zU29sTXEwWjlkZ0Fmc0ZHZkVRU0gxVUVEaDFydEIxT0ZwTXNoeXpDWFNqTlVwd2FMOWYzcHB2Z0pBNUZuTjdrR0MyS3c5a0R1VXpETTQ1NnhsZjFJTy1DSEt3ekg5?oc=5,"Rupee Loses Ground Against The US Dollar, Falls 11 Paise To ₹95.84 in Early Trade Free Press Journal","""(Nifty OR Sensex OR ""Indian shares"" OR midcap OR smallcap) (falls OR selloff OR correction OR ""risk off"") when:1d"" - Google News"
2026-09-24T04:32:37+00:00,3,['market selling'],Business Upturn,"Banking sector stocks fall sharply today, September 24: IndusInd Bank declines 4.39%, RBL Bank down 3.76%, IDFC First Bank falls 3.65% - Business Upturn",https://news.google.com/rss/articles/CBMihwJBVV95cUxQS1drUUt2QVZwcy05QkRUc0djRXJUS1B3TjFGa283MUtzaGhjdkRiWHdZWnVSaUhBYWkzQmswRmgydjQ1dUpxc2QySXNzX0JMaTFWb1A5QXpnZGcxTXlUdFB0QTFFeUlKaGZKNUY1UWdBXzZTRXdXb1M0eC1ZSjZyQUdHM0FSUFQycUtEZEFRM216X3g2M3RpZmVsMGQ5RUdJZzNPQ2VfOTE4WWVfcUw4YURTQklfRkxSaDZuRlJXUlB3enNpMGN5NG53Z1VZWWpwUHRKMEMzd19jaDQzNnZpd3dxbFJMY2htVjNucm9WNWlpeDQ2b3RibUdKc1ZheEdhOWhBWjhfYw?oc=5,"Banking sector stocks fall sharply today, September 24: IndusInd Bank declines 4.39%, RBL Bank down 3.76%, IDFC First Bank falls 3.65% Business Upturn","""(Nifty OR Sensex OR ""Indian shares"" OR midcap OR smallcap) (falls OR selloff OR correction OR ""risk off"") when:1d"" - Google News"
2026-09-24T03:56:00+00:00,3,"['India market', 'macro / flows']",TradingView,"Sensex down 700 pts, Nifty below 23,200: Rising bond yields among key factors behind market decline - TradingView",https://news.google.com/rss/articles/CBMi8gFBVV95cUxPTzE0eGdQSDdYVUo0dDloTEozcEJWb0FVbUNiLXBIRUJNM01meVY5Q1pjZ0JFSGZXbjctYVAydW5KclNRNHRPeDlDeGxXdWQzemtieWRkOERJYWpyQ1ZHTmYtb0Z1TEN3QWh5dFl0VTh3QXVnNUt0UHdjdzdJV182dTJZQ1k2clZCWWdlQWFlQnBacURNS2x3eUNIcmNYSV9UTVFlWkg4WU1fYS1wOW5mbHZRQk1aQWwtTGpzMnVkOXhkakdKUVQ5QkFzR0dHcktsZV8yWjdiX01QQUdUUG9ZQnQxRmxzXzdKeUc1YVJVaDBBUQ?oc=5,"Sensex down 700 pts, Nifty below 23,200: Rising bond yields among key factors behind market decline TradingView","""(""broader market"" OR midcap OR smallcap) (selling OR correction OR fall OR volatility) India when:1d"" - Google News"
2026-09-23T23:55:00+00:00,3,[],financialexpress.com,Rakesh Jhunjhunwala’s stock-picking partner is bringing his playbook to mutual funds - financialexpress.com,https://news.google.com/rss/articles/CBMi1wFBVV95cUxOby1kRUMteDlpUS1nWXB1UkIzTzJJN25UUGk2Tkl5dk92RVVYX1VPYThUTS0zN2lyZGV1WWdhcHQzREVNc2ppOGVOODhBU2VLc2FwTG9vN3dLamhwLS14YjFpamVEcjhTUmZmd2dGZDh6WmtGeTZwa1MzVFdMVUZlVU9rTVAwaUIwbHl1T0lxblNiVkEycXNhdjJEcTFhSndkQkZuc25kdDFhblp1NGljRjhXVkNlbVhhaTYwLVRRUlVWQzFSRWVDbkhwcG1FWm81WkxTWGVSQdIB3gFBVV95cUxQVk1wbkdtX2VwTjZVMVdUb1BfdDgyYkZhY1k5bzA4aEZnVUJHeXhRZDJBY0l2Wld4dVU2NWVjdWZGc3Q5OE1zMm4yMktJaVRMemp4U1RQcFRRdXczNk9obWNZdkpkOG9MMnBqOEhjOTVsODVudTJ6TGxsZkt0V0owYk94Z1g2NEVHb2QxdVhxYzJQQTZwdExvb2dSVXNxbXZTYndtQXdMMzhvbzBFQkJWY3F3ZTQtTkZCSnduajJ2c1RZN2RXQ0UyWm9HSW1GN1JrcVpWeWJrcDhITlNUSWc?oc=5,Rakesh Jhunjhunwala’s stock-picking partner is bringing his playbook to mutual funds financialexpress.com,"""(""mutual funds"" OR SIP OR AMFI OR FII OR FPI) (India OR equity OR market) when:1d"" - Google News"
2026-09-23T23:05:00+00:00,3,"['market selling', 'macro / flows']",香港電台新聞網,"US Stocks fall as oil, bond yields rise - 香港電台新聞網",https://news.google.com/rss/articles/CBMib0FVX3lxTFBFaXY3T0JKckVLdkUta05CTnNXemp5enlqeUVDcWRjaHZ5aTlrYV9qS3RnVHVHR1dSZTNkRzdxRVZVLW16cy1Fa2xtN3ZDZXZmN3JkbUppOXN2a1RFX2dHalFZNlZTdkN6Vms4ck1Gcw?oc=5,"US Stocks fall as oil, bond yields rise 香港電台新聞網","""(AI OR ""artificial intelligence"" OR Nvidia OR semiconductor OR technology) (selloff OR ""market fall"" OR ""stocks fall"" OR correction) when:1d"" - Google News"
2026-09-23T19:13:12+00:00,3,[],Exchange4Media,AMFI’s Venkat N Chalasani to be keynote speaker at Pitch BFSI Summit 2026 - Exchange4Media,https://news.google.com/rss/articles/CBMiygFBVV95cUxQLUtFRmpsNGlvVEIzY29XdXhXa29OTjVsRkhhTWtVdjliTEdkYTRrdmJ5Q3FzNG9uaDlEdERTcTRsdGFpZF9xT2VBZi1SaGhiYnBleGZBLWx6RTFOWV9GZGNoVUl0c0pHTGdjMkhFSElvNjhZOGctVkJuOWRGT0JYWjhLR2hKUmxzVk9pQ25ydktOU1loRlB6VExLS0ZvcFB2eXVkbHpRWVdYYzZGTVBwUGVKcnlmMFRvV1c0Qmw4LVFOMHhOZmxRczFB?oc=5,AMFI’s Venkat N Chalasani to be keynote speaker at Pitch BFSI Summit 2026 Exchange4Media,"""(""mutual funds"" OR SIP OR AMFI OR FII OR FPI) (India OR equity OR market) when:1d"" - Google News"
2026-09-23T17:09:49+00:00,3,[],StockMarket.et,"Ethiopia Clears Path for Mutual Funds, ETFs and REITs as Long-Awaited CIS Directive Takes Effect - StockMarket.et",https://news.google.com/rss/articles/CBMiwAFBVV95cUxNbmIta3NOeW1Yb0JzOEFLelVSQkRObUZUQnRNT1h2aEhIVy1Wc2NRVm9CcWtTYVdBYjVVcjdVZklBYk9EZms4d2tYaVRvdWtHaXdsQWlEbUVpQWI0YjNXbWRZb0toOTQwUmNwSjJOMWY0OXhmMkhnbjRGc3lrRGNiOXA3TTltWE96ODF2d05RVkZpa1ZzUzA5dzJDNzZEVzZwR09xMmdDZWpoWExUSDQ1ekxIMGJRaDhzTk5qdkx4SU0?oc=5,"Ethiopia Clears Path for Mutual Funds, ETFs and REITs as Long-Awaited CIS Directive Takes Effect StockMarket.et","""(""mutual funds"" OR SIP OR AMFI OR FII OR FPI) (India OR equity OR market) when:1d"" - Google News"
2026-09-23T16:24:00+00:00,3,[],Investor's Business Daily,"Best Mutual Funds: News, Performance Reports And Investing Ideas - Investor's Business Daily",https://news.google.com/rss/articles/CBMiswFBVV95cUxOOGh3UmNfU0JQZ2thTDdMbjBhbzVBS01uWWo5aXYxYUE2eHZVVV9yT0hJT2Z6TXY3czdXX1R1QlFZd3h5S0tYTE5UVUVqSFU5cWFtZFJxY3VGa01HT3BUZ3FqS1NkeTFYNEZKdnZWX1BCYUhzRDkzWlg4ZVNjMzFYVmgzd1luU1ZOQnRkYlBJamRFWnYxU0hORjMxM09WUHVuczktZ3M1cHh1cGhuaEI2elBLTQ?oc=5,"Best Mutual Funds: News, Performance Reports And Investing Ideas Investor's Business Daily","""(""mutual funds"" OR SIP OR AMFI OR FII OR FPI) (India OR equity OR market) when:1d"" - Google News"
2026-09-23T14:22:39+00:00,3,[],Value Research,Alpha in Mutual Funds: What It Is and Why Most Funds Miss It - Value Research,https://news.google.com/rss/articles/CBMiqAFBVV95cUxOeXJNVV9XR3ZYa21HVUZkdUlhRXl6X3JOR3J0QlZJM0FUSnZPbVNEUXV6ZHBiQk56LThJN1NaeklwdnRPNjRyZHR2M2JabDRxUnNGYkhrSFBPb3czWDRKbENGSHFDNzVOQUhXcFNfdlUxR2l4MllrbjlQU3FNZ21MU0ZvcjlsS09DWGZGa05wUFVRNXFDeWd5Y3RCMFVqSW5xZnNLaldUSXk?oc=5,Alpha in Mutual Funds: What It Is and Why Most Funds Miss It Value Research,"""(""mutual funds"" OR SIP OR AMFI OR FII OR FPI) (India OR equity OR market) when:1d"" - Google News"
2026-09-23T11:26:54+00:00,3,"['India market', 'macro / flows']",newsdrum.in,"Softer crude oil, strong growth cues lift Sensex 299 points; IT remains weak - newsdrum.in",https://news.google.com/rss/articles/CBMitwFBVV95cUxNQnZ2T1pKNnhEWFNscVdVWVZvT2o3MjdoSEM0QnVkalZpc3VYSTdrX1lyT19PVGtBTmExYTlkdWU0QVBaMzF6eHhKVmtsV0NyMkhHQTdCaUwtclJ2OVRsaE05eDM4QkVOcnRyZ2JNVUVaTmdCRTItc2g0SUpfZlUtVjZZOUVLM0JzYWY3NExsMG9YOUoxZzRsQzd3dlNYTm9GZGlDVkJYZnBKTDBVdmRVOTVZN0JMVUnSAbcBQVVfeXFMTUJ2dk9aSjZ4RFhTbHFXVVlWb09qNzI3aEhDNEJ1ZGpWaXN1WEk3a19Zck9fT1RrQU5hMWE5ZHVlNEFQWjMxenh4SlZrbFdDcjJIR0E3QmlMLXJSdjlUbGhNOXgzOEJFTnJ0cmdiTVVFWk5nQkUyLXNoNElKX2ZVLVY2WTlFSzNCc2FmNzRMbDBvWDlKMWc0bEM3d3ZTWE5vRmRpQ1ZCWGZwSkwwVXZkVTk1WTdCTFVJ?oc=5,"Softer crude oil, strong growth cues lift Sensex 299 points; IT remains weak newsdrum.in","""(Nifty OR Sensex OR ""Indian shares"" OR midcap OR smallcap) (falls OR selloff OR correction OR ""risk off"") when:1d"" - Google News"
2026-09-23T09:55:37+00:00,3,[],CNBC TV18,"₹10,000 monthly SIP for 3 years: This multi-asset fund has delivered over 14% annualised return - CNBC TV18",https://news.google.com/rss/articles/CBMixwFBVV95cUxQYkI2UExvVS02QWxjcGpUazVwTlg3Wi14aDRCaTlXZGJlMng1UmZXSFR2aW0xeHZDR2RPc2lqT3BTbS1pSFR6T2RqMk5TcExuVGlSWnVMcmpmZmN2VkRaOC1wXzN3MEIxT2ZKcW5RNGs1bkw5Mk9NdG51Nm81YVF3UjNobERiNUMxeXRVNzBZTWs0VFVneU4wZ2ZFcjhyTExIQ3FBQWloZnF2YlQ0eTNJQlRreG9sZGdFTGJZZUFKVTkzLWgwVjZr0gHMAUFVX3lxTFBfTWlZdDRsNUdXa0R6WF92d01EWkJ1cHA0N3hYeTNaWnltT2JVeHhWWEh1Vm1wMlJjRVpoX0pPSVBIRnNvME9UUFc4RUZ1NnNXUzZiRnpfenBHMkJISzMzOHFVUEV4bWVqbHZNaHp4QTdWNjVKYmJIQ3FQQ0VldEpxUGZJbld2dUpnNFE5dVlRdEQwVm1McVRVZ1B2SFJXZHJFMlZWeVpOd0dfa3J2OWMwSmFsM1REU1FhMVBDNnRWajV2S1ZfanVFazZ3cw?oc=5,"₹10,000 monthly SIP for 3 years: This multi-asset fund has delivered over 14% annualised return CNBC TV18","""(""mutual funds"" OR SIP OR AMFI OR FII OR FPI) (India OR equity OR market) when:1d"" - Google News"
2026-09-23T08:31:09+00:00,3,[],ThePrint,"Paisabazaar Expands Financial Marketplace with Mutual Funds, Introduces Daily SIP for Accessible Investing - ThePrint",https://news.google.com/rss/articles/CBMi6AFBVV95cUxPdEdjUi1tdVRhUlNsa2dOUjhxWXhOcVo3d01uYkhSZ3NKZ0hJRlI3aEpaWmUzTjNudlhGRHJjblJEcFBLOHZLb3ZVel83WVpQTFIyUzNwbzdTZlN5LTlvSnFITm5xal9saWVBeThqUGpfQUdDd0N0bGdLRnRlTzNJeE1FaVIzTGhHRmtMblB4UDQyZm5Xak1ZN0ZwdUlqT204SlQyN1d4RURzQjB2cXdEZXdCeGJuMTdwN2t4cU5GNFZHWGNiODNONGhVM2VPU3VCRHJXdlFnZ0VvZW5rOTlPcDY3NDlUMFhF0gHuAUFVX3lxTFB4S2hvbWtMVG1YTWIxalNSX3lqZ2ZMTC1MNG1OOFdhZ0xYT2hYd01VZXNWc0tRRVNQWlhSeVJxbEpHcFRsTWhjWWlFbHFwMWNqOEFjYXBHV2paWXAyc0VybUdVdHBCYnIwSllBeDZScWl6am1MMGlDRnJVVFhPcHNfWllfU3M0aEp4UGtmbFpEdllBWWdwelFPdU1OcDdEQWRwMU9JVGt1U3kwUVFfdlp1LUpVYVd4em9xVTdLbXE4WjlvckNsYUlGUURiOTVneFlHMWVBeXhfMm56SVFENkcxZHB6TDRGTTBISTdvQWc?oc=5,"Paisabazaar Expands Financial Marketplace with Mutual Funds, Introduces Daily SIP for Accessible Investing ThePrint","""(""mutual funds"" OR SIP OR AMFI OR FII OR FPI) (India OR equity OR market) when:1d"" - Google News"
2026-09-23T08:30:48+00:00,3,"['AI / tech risk', 'macro / flows']",Moneycontrol.com,"Yields, Earnings and the AI debate - JPM's Sanjay Mookim on what next for Indian stocks - Moneycontrol.com",https://news.google.com/rss/articles/CBMi8gFBVV95cUxNWW5ESEJuVko5c0lRd3JQV2V2c0N4VU1FSW50bzA5LVBqUFB0RVpqeXdQUlpkaTRmUXh6eW9lTGU4UVN1T2tpd2VSdUtKQ1dBbWtRYkdhaXppY3ZZWG50bTNwN29vMjhOS3RUNHpPX2pZcS14bUdOdW1palppaW1EMVBndEsxc3dwOGxFTmo5VVluRUFtMzgyV0FlaW1senJBZ3o3Y1U3MENTVWQzNThSUm1wOC1NX0phM2o1dVprM2w0MTlIQnAxTnRKTTBRaFJobUxNcHZ5eG9NWFZ2cHdQdUdTMnd4TkxuelZnd2YtWnJiZ9IB8gFBVV95cUxNWW5ESEJuVko5c0lRd3JQV2V2c0N4VU1FSW50bzA5LVBqUFB0RVpqeXdQUlpkaTRmUXh6eW9lTGU4UVN1T2tpd2VSdUtKQ1dBbWtRYkdhaXppY3ZZWG50bTNwN29vMjhOS3RUNHpPX2pZcS14bUdOdW1palppaW1EMVBndEsxc3dwOGxFTmo5VVluRUFtMzgyV0FlaW1senJBZ3o3Y1U3MENTVWQzNThSUm1wOC1NX0phM2o1dVprM2w0MTlIQnAxTnRKTTBRaFJobUxNcHZ5eG9NWFZ2cHdQdUdTMnd4TkxuelZnd2YtWnJiZw?oc=5,"Yields, Earnings and the AI debate - JPM's Sanjay Mookim on what next for Indian stocks Moneycontrol.com","""(""mutual funds"" OR SIP OR AMFI OR FII OR FPI) (India OR equity OR market) when:1d"" - Google News"
2026-09-23T07:12:32+00:00,3,[],The Economic Times,12 equity mutual funds deliver over 70% absolute return in 3 and 5 years. Were they added in your portfoli - The Economic Times,https://news.google.com/rss/articles/CBMigAJBVV95cUxPMENUaDFXWUxxeDlIdUNYUzVGQXNTak9vUEZWNzIyOUNzTWVSaG5yb2NlQ3FqWjJseEl6dzRDQkM2ZVE2OHpUczFaUnFuQVRBMjk3LWxQc3I1QmsweDJoV1ZDQ085U2NBejc2SmgxakVsdERjWUd6RzduOHRPOVViUXhKMmtONGtGSHphcnhDQ2NFRTNZRXlnRG1lM0JIVF9MRXk1di1ZMExNU0lHMVJ6ZlVxVEZac1NvS082TDhjU3BaQUs4Mlk3c0daRmtxTjlmTnFwWnZha3JsWFFFR21IRVVTUzhsOTFCWkVQWklLaVptdTNSZWNLbnhfRm81Tkk50gGGAkFVX3lxTE00YkVYT0U2ZHk3R1lZNUU5NkN4dmJUSVZLVTZ6d3l4Yk9TalhjbXJ4QmNXem1wVVhzOExYQVNieGRaTXRfRDBtRDhTeVRSaFZwS2RpY0VtOHJuMUh0YW9kb0NmSkN6ZXZ4ZG5xRmRvMmotNGpJRVZtVDQ4bTdmbGtWU1Bta2VZbmpjb2VuZi1vRGZqUnA1eHVWNEFXUWV0Z1JBTjBxRzhsMGJSX1pQSmVDeGp4SzgxS1FqdWd5bjdwREI3NG5LMC13N01KckNaYUI2Uk8yMjVQeXJ1U2lJMzZBQXBBWlhsWUJrd2lnbWNfTFV0cklkYlhjTW1mOEQ0LUdiSUlmdGc?oc=5,12 equity mutual funds deliver over 70% absolute return in 3 and 5 years. Were they added in your portfoli The Economic Times,"""(""mutual funds"" OR SIP OR AMFI OR FII OR FPI) (India OR equity OR market) when:1d"" - Google News"
2026-09-23T07:12:32+00:00,3,[],The Economic Times,12 equity mutual funds deliver over 70% absolute return in 3 and 5 years. Were they added in your portfoli - The Economic Times,https://news.google.com/rss/articles/CBMihgJBVV95cUxNNGJFWE9FNmR5N0dZWTVFOTZDeHZiVElWS1U2end5eGJPU2pYY21yeEJjV3ptcFVYczhMWEFTYnhkWk10X0QwbUQ4U3lUUmhWcEtkaWNFbThybjFIdGFvZG9DZkpDemV2eGRucUZkbzJqLTRqSUVWbVQ0OG03ZmxrVlNQbWtlWW5qY29lbmYtb0RmalJwNXh1VjRBV1FldGdSQU4wcUc4bDBiUl9aUEplQ3hqeEs4MUtRanVneW43cERCNzRuSzAtdzdNSnJDWmFCNlJPMjI1UHlydVNpSTM2QUFwQVpYbFlCa3dpZ21jX0xVdHJJZGJYY01tZjhENC1HYklJZnRn0gGGAkFVX3lxTE00YkVYT0U2ZHk3R1lZNUU5NkN4dmJUSVZLVTZ6d3l4Yk9TalhjbXJ4QmNXem1wVVhzOExYQVNieGRaTXRfRDBtRDhTeVRSaFZwS2RpY0VtOHJuMUh0YW9kb0NmSkN6ZXZ4ZG5xRmRvMmotNGpJRVZtVDQ4bTdmbGtWU1Bta2VZbmpjb2VuZi1vRGZqUnA1eHVWNEFXUWV0Z1JBTjBxRzhsMGJSX1pQSmVDeGp4SzgxS1FqdWd5bjdwREI3NG5LMC13N01KckNaYUI2Uk8yMjVQeXJ1U2lJMzZBQXBBWlhsWUJrd2lnbWNfTFV0cklkYlhjTW1mOEQ0LUdiSUlmdGc?oc=5,12 equity mutual funds deliver over 70% absolute return in 3 and 5 years. Were they added in your portfoli The Economic Times,"""(""broader market"" OR midcap OR smallcap) (selling OR correction OR fall OR volatility) India when:1d"" - Google News"
2026-09-23T06:58:03+00:00,3,[],Hindustan Times,Your Money: Patience can pay when SIP returns disappoint | Hindustan Times - Hindustan Times,https://news.google.com/rss/articles/CBMiywFBVV95cUxNZTNHcFFGa3hhNUV0VEdfS2swcGVZZUc1UjdRR0RSRWl5b2dmMjg2V2IwcnNGLVU0OVFhQWdGZWVxSkNTTlNuMEpKR1RIY2RNSGFtV0xVbnJpQTJ6dVk5OHR3ZGRWaDQ5djJ3c05CVDQ1NUU5dFY0NEtWZ1R5UkVoU3I1MnQwSmtHblptaFlxeWlCZWhDbEhHenpqeEFBOUEzS0JSWE9XX1VzWXAtbmozTjVlUHFKejlPbFFiUVBlQXptN2RCblRFcEY5a9IBywFBVV95cUxNZTNHcFFGa3hhNUV0VEdfS2swcGVZZUc1UjdRR0RSRWl5b2dmMjg2V2IwcnNGLVU0OVFhQWdGZWVxSkNTTlNuMEpKR1RIY2RNSGFtV0xVbnJpQTJ6dVk5OHR3ZGRWaDQ5djJ3c05CVDQ1NUU5dFY0NEtWZ1R5UkVoU3I1MnQwSmtHblptaFlxeWlCZWhDbEhHenpqeEFBOUEzS0JSWE9XX1VzWXAtbmozTjVlUHFKejlPbFFiUVBlQXptN2RCblRFcEY5aw?oc=5,Your Money: Patience can pay when SIP returns disappoint | Hindustan Times Hindustan Times,"""(""mutual funds"" OR SIP OR AMFI OR FII OR FPI) (India OR equity OR market) when:1d"" - Google News"
2026-09-23T06:55:57+00:00,3,[],Moneycontrol.com,Two years of SIP and still in loss? Don't judge the investment too soon - Moneycontrol.com,https://news.google.com/rss/articles/CBMi3AFBVV95cUxPNkdNRDdqWGdZWjJKRkV6TWtyalljLVZOUHVDMV9GSHNiNjgxZmstV3QtMGtmVmhGRzI0eHFrUjJ4d3o3ZWxhNFU2SUJZYVdaS0FqaUlESTY5SDZqVExzanpLQWNWcHpZdWZQUnlZRnBRV1o3enc5bDJYM1dSUEdMSnhCVkFEbERHUUZjbGctVy1Yb1A4UFdPcWtSUDJMVEJMaHZ0MVFjYTVmRFBjR3NKVllWSTFLbkpHcVZvMFotdHU5VTR1Ym5qbVVacmV3a3VSWER2TkNsUV9ZeS1n0gHiAUFVX3lxTE5YQ1JheFJNU3BvcjFFbW50Z3ZXZmJEVjJGSDB3eTdWVFRnZTNSQk9ZUVVkMG5KX2p1NU5yTzhTeHdUNFBrNWEzVWh4cnM4RWp2X29fTHNTT3N2N28tTl9ucHlfYTk5SGdFQi1rSVdKaF9pYVZxRXR3NHl0STFIdzZUc0ZQWm1NUTZxWV81anhoMDRPYTNhaW1WN3Q4RDZseXlQT1p3M2RzblpKV3hYT1h1LUpnaGJiMkdJZ0tXSW0xU0tXV1lGQXI5N205LUNfZkp3NXVtUU1lTTA0VVp6el9LTWc?oc=5,Two years of SIP and still in loss? Don't judge the investment too soon Moneycontrol.com,"""(""mutual funds"" OR SIP OR AMFI OR FII OR FPI) (India OR equity OR market) when:1d"" - Google News"
2026-09-24T05:24:00+00:00,2,['market selling'],CoinMarketCap,ONDO Drops 3.21% Amid Broader Crypto Market Correction - CoinMarketCap,https://news.google.com/rss/articles/CBMicEFVX3lxTE5WNzFrWkhNNHR5aDByUDd1VkFvQkliUXhEMDRPZmpHTG1UNl9nM0JfSEtPYW8wV0NfbjRuSW4tNE40TktESDRKczVXQ0F1R0ZfUU5ubm9HVkFFb3MzaU9KQ1ozWHV4QTJKWmZMY3Rxbzk?oc=5,ONDO Drops 3.21% Amid Broader Crypto Market Correction CoinMarketCap,"""(AI OR ""artificial intelligence"" OR Nvidia OR semiconductor OR technology) (selloff OR ""market fall"" OR ""stocks fall"" OR correction) when:1d"" - Google News"
2026-09-24T05:07:37+00:00,2,['market selling'],Business Upturn,"Adani Group stocks today, September 24: Adani Energy Solutions falls 2.09%, Adani Power declines 1.39%, Adani Enterprises down 1.17% - Business Upturn",https://news.google.com/rss/articles/CBMihAJBVV95cUxQU1AtV0lIY0VpOWxZMVhEUS1OVU0zSENXd1ZUUi1pVXpCMklVNHhGeWpGYjVyX0lKd1Z5TWpDRDI0ek1ZSW9pb1h3NDhUbDRvVDVzVWMzNEhEdWtpRkFIbmV4eVFiWnIxRnd3S1Rrb2JCTzdOR0tfRU5UaTJVWTNhb3dDaHp1ZGdfcUNic1RuT2VQcERiM2tnS0NTSkg5SEdoOGFwZVpIeU5TTC1ZQ1BieTNHcEJjREZKVW9ITWowMDRNM3RMOEdGYU1IUFkteVMtdk5MbEN5SHJycGlpbEdPai1iZ2RKUExMc29kSDJBX0ZRbGcyVm1JMHFUWW1kVFhpaUJvcw?oc=5,"Adani Group stocks today, September 24: Adani Energy Solutions falls 2.09%, Adani Power declines 1.39%, Adani Enterprises down 1.17% Business Upturn","""(Nifty OR Sensex OR ""Indian shares"" OR midcap OR smallcap) (falls OR selloff OR correction OR ""risk off"") when:1d"" - Google News"
2026-09-24T04:46:17+00:00,2,['India market'],News18,"Why Is Share Market Falling Today: Know Key Reasons Behind Sensex, Nifty Decline On September 24 - News18",https://news.google.com/rss/articles/CBMi6AFBVV95cUxPc3ozYnZjWDdoX2lkV3phdXZyTWVpN0wyQ0d5Wi0xeTJVRm11QnpZa0IzdHRybkZpd0dObnFIWFl5b1JGSFlhNXFhWWF3MkF2SUs2NWlPazlMaVJtTzNqM3Nienp4QzVCUWFvWVZfR0NCMUNPV1RNck5JdkVqamlEMk5tUElYSHdHZmRaaDNPX2QxVTY3endzU2o0YXo4SXp0Tnl1VzVlajFkQXdMdTRzRHhpY29rQXJGeWszU2JUQXdMc252c3EwbVpCd1pGS3AxUmp4dm5QSFFsN0NpQ0RDSTdodGRsRTlf0gHuAUFVX3lxTE9fSXQ2ZXVWQlNPdXVaTEhXZWlxdXZJdXh3ckpYRjNKdDNSa3BjXzRtNUdpQ3djV0RRVFlnU0E2UmlYZ0pMdFk1cDJCcjhFWEFQa25DWjdEWks2SGZYRkIyZFBhVVBZNmlLR3V1X0NXelZKNVRrdVNlWDBMcF9MM0FwRklWQ0Q0YUpBSm9EamhVU1pNOWp1elpGMERyZkphMFpEaWJzcEZvN0ZubnFmT1pwbWFDOXE2RWdTa1pibnZZWHZWRVQ1X1VUZXdNUjFCZHVyaTQzcXBiY3dKYVlHdzJJUDdBNFVvNjJHZTNiU2c?oc=5,"Why Is Share Market Falling Today: Know Key Reasons Behind Sensex, Nifty Decline On September 24 News18","""(Nifty OR Sensex OR ""Indian shares"" OR midcap OR smallcap) (falls OR selloff OR correction OR ""risk off"") when:1d"" - Google News"
2026-09-24T04:44:56+00:00,2,['India market'],India Today,Sensex down 700 points: Why is stock market falling today? - India Today,https://news.google.com/rss/articles/CBMi8wFBVV95cUxQXzVxaEFRS2NOd2NZVUNtWHNQaTgwaVc1bGJhLTZVWVZFTjREMnJhVXllcllTYlZKTWM3TmVudWo3MXVfcnpTazhIX2RZWWZ5YjJ3XzMxNnZkemlkMjduaEExRXVRWjY3M2ZSNmo0c3BhRmZsSW82ampNRVBpVkJ3YWtvWVFSM0pPcl9tTGlKVDF0dUhNYmgzN2MtWTFGWHBpV1liRHFZVEYwdURaNkFiNnBaUHNoVW5aTjhOVG82Qm9tQXhIV2VqN0RWT2gyYW1yb0xEdEFpdG4ya0tFOVVtSTQ0aWdYQkQyS1liNWJOelMzdFXSAfgBQVVfeXFMTUFQcXZjUk93LXBGOGZqOHlmcXFNR2RoSkdCc2F2bVdPM0hGQ2lqQy04bG50MzZWY0JoUU1uRFFlME92NjFueGpyNFpBREFKTC1pMzZ1eGJlSWF5dGNjVXlFZ21JS0NjZmYtNWUzVG02ajRXbi1nWWtwSktpU3VxektCa3BpbTI2Sk9fZUFKbUIzYkM1V0tScExKMmgxM0l1SmhUTkpMYXVIMlZ2R1I2TkJ5emtlQ3BNXzBfWTRERkNLRW5tYWxnNjdqV29GUldwMExmU3pGaVJ5LWNaZHpnQ2Fsa2p3dE03QTZCU1c3Zkt1QzNLSWlyUk8?oc=5,Sensex down 700 points: Why is stock market falling today? India Today,"""(Nifty OR Sensex OR ""Indian shares"" OR midcap OR smallcap) (falls OR selloff OR correction OR ""risk off"") when:1d"" - Google News"
2026-09-24T04:42:37+00:00,2,['market selling'],Business Upturn,"IT sector stocks today, September 24: Intellect Design drops 2.81%, Tanla Platforms falls 1.72%, Newgen Software falls 1.23% - Business Upturn",https://news.google.com/rss/articles/CBMi-gFBVV95cUxQT201di1hOEN6TmJ6Q1hTWjJvMHZOTGlqdEVuNkh6cXpqcGtuWmtMQWhkNFVqdUZXOFF2d1hPSC1OTHRtTVhvclJRTHUzR3R5TVZvZTB4TERET19wMGZod0VpQ0swbkFDUV92ZFB3Rm1hTk0wQlZkdEdhUzhZZXBUTnFROEVTNVdPaDdTRVQ5RFBNT0EtU0Zvc3paQURRMjdtQ2xIZEpsbDBVUE9LemxoaWt2aDR0eGhpYnZoSjlkc0xOTTBlYXhCcGtmUk8tTGhNWkFMY0xUR1czQ1BxSUR5V3laQ3hXRkt4N0RhWWczd3htVEVOWUZGbjh3?oc=5,"IT sector stocks today, September 24: Intellect Design drops 2.81%, Tanla Platforms falls 1.72%, Newgen Software falls 1.23% Business Upturn","""(Nifty OR Sensex OR ""Indian shares"" OR midcap OR smallcap) (falls OR selloff OR correction OR ""risk off"") when:1d"" - Google News"
2026-09-24T04:34:01+00:00,2,['market selling'],business-standard.com,"IDFC First Bank Ltd Falls 3.53%, BSE BANKEX index Drops 1.12% - business-standard.com",https://news.google.com/rss/articles/CBMi1wFBVV95cUxNNzdOSWtxUnpGcXhoV1dHZjlLcnJYdkZMSmU0b3VxZ0lkbGY1V0ZaRms1eHh2RVpsZl9RS3IyOEVqeWRXMzBwZUsxdGVIZktIaHByVlhHcnVXSVVFcVRITDI3VTVhazY0M2ZtbWVpRmpHeHVNTjB1MkY3R1RlSm83MXZ0VDRPbUNNRm9tNDJFQnZZMDN1YlA4bzZmVEZ4VWI1RHB3RXo0SUt5UkRhVFVNQjMxTUpTRS12TTdud3hDZ1JEcm8wcnFxWDlXLVRCVWw5YVlWUTV4VdIB3AFBVV95cUxNaWtKaERzQVVmeVptMTlrYnktWUJiNWNFd3pIdDk1QUpNWVE0dGFvNzhwUnlsc2UwYlBEQ3VVc3pEQkhJeGRYZG0tR25fVnhmMGNFNUZ5QlkxNTVmS0FRbjhQUHoxQUdIS1I0ZHU5bWZqUG5nUC03d3F6ZW1mampFZEFwdVlDS2hOWll4QWxlck1SWjY5Y3FiQ2Z0YnVVbnUzMDYwYjZKaGdCQ2ljQ3pxNnFJaXlteGZqU01rUnk3WTNuN2pKNTZFeVpidWt3X2tkdjNGX2pGVzhwR0dU?oc=5,"IDFC First Bank Ltd Falls 3.53%, BSE BANKEX index Drops 1.12% business-standard.com","""(Nifty OR Sensex OR ""Indian shares"" OR midcap OR smallcap) (falls OR selloff OR correction OR ""risk off"") when:1d"" - Google News"
2026-09-24T04:09:39+00:00,2,['India market'],The Economic Times,"Why is market falling today? Sensex tumbles over 700 points, Nifty below 23,200. 5 factors behind Rs 4 lak - The Economic Times",https://news.google.com/rss/articles/CBMimwJBVV95cUxNblY5UUJKckZ0My1hbEZrdS1NbjFpR0Vyam1YUHcxd1BSMDdzWkpVZzVyN0ptcnZWZ0EwRElGTEdLV1pWNFd3a05HeEpBOC1UN0NCandyUjlzUVpsUXpKZElQajdHYUoyc2dvLXdMVkNQSW5lZHNFVG1aMzVJQ0tUcENOcmR3QWIyUFNWOFo1RENRX29SbEZLVmNGdVdjSVdkYVZyM1l6dUNtaE9KYjk1VmhIVTlWUlVZNUVFekwwRGZETkw1NTFzbWhSX2xVc2RTdzdCRExjMW5LZ05EbFZRODJvcXRnbmpKZGdPRGlpeGgza1BVNFA1V0xkR2ZJUEpCNWpPZnh5aXR2MW5aQ1EzTEJBdGY5Mi1UTkZF0gGgAkFVX3lxTE9GWEM2U2ttbzdkc05MdlJqN2tFU2pGUmxYbmVIeHktdHRhWVpuaWRnUE1RN01WREtsT2x1cTBBbExxTi1sRE93d3FvWDljRGJzWHNxMW9jek9KTklxUEdnbUk1a0t0YXdlMVZvbzc4Mnh0c3hUUXMzdV9VOWV3UXdqSnRQZFJNaVNRZ1RybmpKR19rS2dNdm5HVkNlUmRUTzJrbkRuYy1fR3pRLTFLUDBZcVAxMjRrdXg5ZVF2M2NDMjgwTXZ4bktqUXNidVU1dmJKWXEzUi1NLUwxUjliSG1vU2lQeWM2S1lRdkMxbW1qSGI4M1lpSHRVS1FVXzNja3B5Q3BYalFYLXV0T3d6VXlWVVdEWTdfUVRsWFV0RlVkdg?oc=5,"Why is market falling today? Sensex tumbles over 700 points, Nifty below 23,200. 5 factors behind Rs 4 lak The Economic Times","""(Nifty OR Sensex OR ""Indian shares"" OR midcap OR smallcap) (falls OR selloff OR correction OR ""risk off"") when:1d"" - Google News"
2026-09-23T22:56:48+00:00,2,"['market selling', 'macro / flows']",Eurasia Business News,Stock Market Today: Treasury Selloff Sends 10-Year Yield Above 5.1% as Oil Rebounds - Eurasia Business News,https://news.google.com/rss/articles/CBMiwwFBVV95cUxQVnZWWE5KWTZCNllnclY4VFNYMHVNa0RIcmw5d04wbFJXLU5pX3ROVWNEYzU1QUZHWHc4SmNvZ3hBaERGZjJUc2pvSTkyS2JMSF92dmE3VUZNOFNNblBKVnJwTVZWcGRuTHRBVGdRMnRubkFkbjF5S3hZVWY5eVluWWNjQlY1RFc4a1BBTndHYVR6S0MwcFY2ME9WcG9Pd1FBY2syeGNkWFpTSGpXTnl0ckVtalZlSWRZVTFqeVhwZnpGSTg?oc=5,Stock Market Today: Treasury Selloff Sends 10-Year Yield Above 5.1% as Oil Rebounds Eurasia Business News,"""(AI OR ""artificial intelligence"" OR Nvidia OR semiconductor OR technology) (selloff OR ""market fall"" OR ""stocks fall"" OR correction) when:1d"" - Google News"
2026-09-23T22:08:25+00:00,2,['India market'],IndiaIPO,"Closing Bell: Nifty at 23,450, Sensex rises 299 pts; mid, smallcaps rally - IndiaIPO",https://news.google.com/rss/articles/CBMipwFBVV95cUxOODEyZDFlU29xMlVrWnFRbzNWZTAxSjhhQVlCLUM1X3lPWUc1bDhYQUJEM0pXTTJieUpnSjAzR3djS0dhdXZUZ05ORGJlQWYyZlBCQmFRcnFnMzJWYVZzMVNta2NCWkROSVlTU0ZiRm1wSVp6d2NlLUJ4c3p1X2pfcnZWaVlHVWVtbUJwSWJWSVVsRy1hdmNLSWJzSFhZcDl5NG16eEpRbw?oc=5,"Closing Bell: Nifty at 23,450, Sensex rises 299 pts; mid, smallcaps rally IndiaIPO","""(""broader market"" OR midcap OR smallcap) (selling OR correction OR fall OR volatility) India when:1d"" - Google News"
2026-09-23T21:58:43+00:00,2,"['market selling', 'macro / flows']",Barron's,Why Wall Street Is Buying Navan’s Post-Earnings Selloff - Barron's,https://news.google.com/rss/articles/CBMihgFBVV95cUxNcEFqUGJMWkoxa0QybnV1S24tSWhsNlgzU0FQd3d2eEZFLXpncTJzaWZzOUF2VzRKWUNTMW9NNFA2QWx3UFNMRkV0c3hkV3c5NXNQa3JJbmFfRXkyWF9MeVJBNk5wTWcxUFNtRHpJV0NSOGRWV1pXdHBRN0tId1N0SUNMYmR2dw?oc=5,Why Wall Street Is Buying Navan’s Post-Earnings Selloff Barron's,"""(AI OR ""artificial intelligence"" OR Nvidia OR semiconductor OR technology) (selloff OR ""market fall"" OR ""stocks fall"" OR correction) when:1d"" - Google News"
2026-09-23T20:19:16+00:00,2,['market selling'],TradingKey,"US Stocks Fall, Nasdaq Drops 1.13%; Tech Shares Lead Decline, Software Stocks Buck Trend; SpaceX Drops Over 4% - TradingKey",https://news.google.com/rss/articles/CBMi3AFBVV95cUxPYjZfVU1JY0w0cUZDcjh2S1RrNV9PSUNrQ2lpM25JaEFubUpkdUpiQVVCc1JUMzBYNHZaNWd4TmJKUVFUTTRXLWlxd2czNDNTaTZGZ1lQeUU3WXFDUEMzN3gyeGtLRzQ2eS1VRy01anBDMEtfTV91ZHZBVHg4cmJyN25iZkIxMnluUzZVRkd0V0J3eEJOaWdNTjZCZmlxR1RCcnhPSnZfRVRtdXM4dG92dXRud214LXZuZE1EQzl1TmUtV3ZZR2FNclpfMzBHTWtQTHZ5RmgyQkMwZWI0?oc=5,"US Stocks Fall, Nasdaq Drops 1.13%; Tech Shares Lead Decline, Software Stocks Buck Trend; SpaceX Drops Over 4% TradingKey","""(AI OR ""artificial intelligence"" OR Nvidia OR semiconductor OR technology) (selloff OR ""market fall"" OR ""stocks fall"" OR correction) when:1d"" - Google News"
2026-09-23T20:07:32+00:00,2,"['market selling', 'macro / flows']",TradingView,US Stocks Fall as Yields Hit Multi-Decade Highs - TradingView,https://news.google.com/rss/articles/CBMinwFBVV95cUxOZG4zcEFiQnBJdGM0T3YyY3dYeTl3b245c2l0REJPZFdJUkRfTm50eXQ0YnhNR1dfU0VadnNrMTg3WnVnblYtQmZ2ZWcxa24tS09ZYWttWTFudC10bGt2VGQxNTlhVnJOQmhPaUVYTTFiQ2xLSTZtSE1SYmZ4bEtiZm9NR3dsSmpWaTUyUHlCRXAzd2tDYktyZmYyM2liYTg?oc=5,US Stocks Fall as Yields Hit Multi-Decade Highs TradingView,"""(AI OR ""artificial intelligence"" OR Nvidia OR semiconductor OR technology) (selloff OR ""market fall"" OR ""stocks fall"" OR correction) when:1d"" - Google News"
2026-09-23T16:14:59+00:00,2,"['India market', 'macro / flows']",Moneycontrol.com,Oil India’s premium over ONGC looks stretched as mid-cap bias drives outperformance: Kotak - Moneycontrol.com,https://news.google.com/rss/articles/CBMi5AFBVV95cUxQcG9ZYlVTOVRsdTYxQWEzU2RmMXdTU0VEYl81VHpuRGo4RjBZRTV3UkMzdXF5amUtUlNmc2VEbG44QWZqWTJDeUJEZkhjdGdQU1NkcnVsRlpFUHZHZnh2T0xJNmpRTVpsaG1QVWxUWXFrdUJqd0dKbTY3MWluNE1BdUFpTmJuSVJrVGVpM082NldzWnJ4aG1RUTdIMm1CQVBlLVhRdFkwYUlBLV9NVmpSY3dPUS1iVUFUd1dJRzlldGRCdnF0eUxqRlBneVdHSHozOEV2RW8wcllfMUtnaVR1WHBBSGrSAeQBQVVfeXFMUHBvWWJVUzlUbHU2MUFhM1NkZjF3U1NFRGJfNVR6bkRqOEYwWUU1d1JDM3VxeWplLVJTZnNlRGxuOEFmalkyQ3lCRGZIY3RnUFNTZHJ1bEZaRVB2R2Z4dk9MSTZqUU1abGhtUFVsVFlxa3VCandHSm02NzFpbjRNQXVBaU5ibklSa1RlaTNPNjZXc1pyeGhtUVE3SDJtQkFQZS1YUXRZMGFJQS1fTVZqUmN3T1EtYlVBVHdXSUc5ZXRkQnZxdHlMakZQZ3lXR0h6MzhFdkVvMHJZXzFLZ2lUdVhwQUhq?oc=5,Oil India’s premium over ONGC looks stretched as mid-cap bias drives outperformance: Kotak Moneycontrol.com,"""(""mutual funds"" OR SIP OR AMFI OR FII OR FPI) (India OR equity OR market) when:1d"" - Google News"
2026-09-23T15:06:00+00:00,2,['market selling'],CoinMarketCap,WLFI Drops 3.69 Points Over 13 Hours Amid Ongoing Selloff - CoinMarketCap,https://news.google.com/rss/articles/CBMicEFVX3lxTFAyV09RWDNlM3RSeHREcFBnTXctOXBaT0M2U0RjMUZpTVJVcmJHWnNGY2gyTnFJN3FKRU4wY2FpdjRMbUFaTEZoTG1zTXIydDdob1BSM3hoUUJ6WHFzZkdnYjdjcjhwaks3cXJpQ0dHTmo?oc=5,WLFI Drops 3.69 Points Over 13 Hours Amid Ongoing Selloff CoinMarketCap,"""(AI OR ""artificial intelligence"" OR Nvidia OR semiconductor OR technology) (selloff OR ""market fall"" OR ""stocks fall"" OR correction) when:1d"" - Google News"
2026-09-23T14:23:59+00:00,2,['market selling'],tokenpost.com,U.S. Stocks Fall in Intraday Trading as Nasdaq Drops 1.02% - tokenpost.com,https://news.google.com/rss/articles/CBMiWkFVX3lxTFBlWXUwZW9fdjdUTTRBZmhNbkVHS3laT0piNzlRbkotVnNzZXZZRFdud210SU96M1NZczlZSnVVZ2hHcW5sZVpfSHo4M3NiZ1Z6N1dicjY3eTRodw?oc=5,U.S. Stocks Fall in Intraday Trading as Nasdaq Drops 1.02% tokenpost.com,"""(AI OR ""artificial intelligence"" OR Nvidia OR semiconductor OR technology) (selloff OR ""market fall"" OR ""stocks fall"" OR correction) when:1d"" - Google News"
2026-09-23T11:14:36+00:00,2,['India market'],DD News,"Sensex, Nifty open 1 per cent lower amid West Asia tensions, weak global cues - DD News",https://news.google.com/rss/articles/CBMiowFBVV95cUxPVTNRcWRZZERCMTF5QzZsbzF3dFVSVHJJWkctWkJaTGpLbmw3b0x6ZGo0ZFdkSzFWaXd2N21LaXZ4VVhBVjkxUnBpWUl0dXc4SmVoc3RGUl83bmdGR3R0bGlBdDZyWlZwSTZGQXE4Q1p6UEhuOHlYeVlHczZFbG01c3V1cWFoMmFqSHo4azdnRG0xZkwyTVZCUVVMUVJsakFVeU5z?oc=5,"Sensex, Nifty open 1 per cent lower amid West Asia tensions, weak global cues DD News","""(""broader market"" OR midcap OR smallcap) (selling OR correction OR fall OR volatility) India when:1d"" - Google News"
2026-09-23T10:34:01+00:00,2,['India market'],business-standard.com,"Sensex settles 299 pts higher; Nifty ends above 23,400 level - business-standard.com",https://news.google.com/rss/articles/CBMi6AFBVV95cUxQZE9FUWZyek9lVHd5UmdQZHNCaUZySnl1a1piMUJhRVROSHI0QnRIcXdCcmhIT3lsczR0bUx6WndxNUNqcF9jakszQ1dHd2hzT0JpbVp3VC1vZnhtMUhjeGluTUNSb01qOW9GUzhoVUpGQ1Z0MDY3NnloSExpTG9VYmtwc2NLR0JuTWNwNFptRlctcUF4bmJCUGxTSU04NlU2bjdEZ3JCR3dnNUpxYzNnZGV6bVZISWZBeFJ5cklKUEMyQ3hFdXpYOVZaNU9FTTdUU1FSMDhJSnE4VDZQSDdPd1JTWlZfN2ZT0gHoAUFVX3lxTFBkT0VRZnJ6T2VUd3lSZ1Bkc0JpRnJKeXVrWmIxQmFFVE5IcjRCdEhxd0JyaEhPeWxzNHRtTHpad3E1Q2pwX2NqSzNDV0d3aHNPQmltWndULW9meG0xSGN4aW5NQ1JvTWo5b0ZTOGhVSkZDVnQwNjc2eWhITGlMb1Via3BzY0tHQm5NY3A0Wm1GVy1xQXhuYkJQbFNJTTg2VTZuN0RnckJHd2c1SnFjM2dkZXptVkhJZkF4UnlySUpQQzJDeEV1elg5Vlo1T0VNN1RTUVIwOElKcThUNlBIN093UlNaVl83ZlM?oc=5,"Sensex settles 299 pts higher; Nifty ends above 23,400 level business-standard.com","""(""broader market"" OR midcap OR smallcap) (selling OR correction OR fall OR volatility) India when:1d"" - Google News"
2026-09-23T10:33:00+00:00,2,['India market'],indiagazette.com,"Smallcaps nearly twice expensive compared to Nifty 50 index on valuations, FII buying key to reset gap: VK Vijayakumar - indiagazette.com",https://news.google.com/rss/articles/CBMi8gFBVV95cUxNbVdTMm0weWF5VzZvSWtRLVJrNkpMbjR4UTVxR1ZmRF9HQU1icGRlZHBYYXhCR3VrMmRoY25obC1hVXk1T2dGWExQakUtbXExc2VVQzk1Vk02Y3hkUklsejdYaHFfWWNJTllZRDVaT0xJMEJjNGZUUS1iMU12elVTMFVnc0czb3N1RlEyRkszQ3JHYWl6a2tfWTVfaGxjaTc0dnNFcjAxWFIyLW8tUXJZSTFTaVlmUW5jWm5ZNFlKYnFJUzVBeFo4ODBsQmNHemtLZU8tMFNnc2hjX1ZwSGIyb3BJTExqdDVaMGlpdEE4MXAwdw?oc=5,"Smallcaps nearly twice expensive compared to Nifty 50 index on valuations, FII buying key to reset gap: VK Vijayakumar indiagazette.com","""(""mutual funds"" OR SIP OR AMFI OR FII OR FPI) (India OR equity OR market) when:1d"" - Google News"
2026-09-23T10:23:11+00:00,2,"['market selling', 'macro / flows']",timesnownews.com,Stock Markets Rebound As Oil Prices Fall For Sixth Straight Session - timesnownews.com,https://news.google.com/rss/articles/CBMi2wFBVV95cUxQTjFHTnZveml3YWR4T0VSWjJfUHhvQmh6RTJuX2I4eDFtU1lYd2hGXzlLWFFIY3pxR1lta2R1NWh2S05xODZZUzFuUDBpcGRzbnU0QkJBY3lQSjU1RjRsT0lhTDlMWmg3RlBqMTVKRVBVNUVoVW5CaFd1cXU2dGN3WkhUMWFlMGJiSjFrY2V5bzE5dVJSUHlMOEJ4RHRocGJNVzdEcHZvXzZwb09qTUJIa29CVURGdERmYUpGcVhncEU2V0VEb0FIbTVCZTFJTmEwY2o1V09fV21wajjSAdsBQVVfeXFMUE4xR052b3ppd2FkeE9FUloyX1B4b0JoekUybl9iOHgxbVNZWHdoRl85S1hRSGN6cUdZbWtkdTVodktOcTg2WVMxblAwaXBkc251NEJCQWN5UEo1NUY0bE9JYUw5TFpoN0ZQajE1SkVQVTVFaFVuQmhXdXF1NnRjd1pIVDFhZTBiYkoxa2NleW8xOXVSUlB5TDhCeER0aHBiTVc3RHB2b182cG9Pak1CSGtvQlVERnREZmFKRnFYZ3BFNldFRG9BSG01QmUxSU5hMGNqNVdPX1dtcGo4?oc=5,Stock Markets Rebound As Oil Prices Fall For Sixth Straight Session timesnownews.com,"""(""broader market"" OR midcap OR smallcap) (selling OR correction OR fall OR volatility) India when:1d"" - Google News"
2026-09-23T10:22:43+00:00,2,['India market'],The Tribune,"Nifty closes at 23,446, gains 118 points, Sensex ends at 74,828 on stronger domestic growth momentum - The Tribune",https://news.google.com/rss/articles/CBMi2wFBVV95cUxPX1VxQzF6RHVTTUhGWC1SLWF2WkdyN01XSC1DQkg2WE1HRGZUWlRKY3dXaDB2R3U3WWI2eklXaGtZamRHNnJIb3BRRURScktPVjJLclAwZmlDUGt0TUVBdWFDUkN0aVpOYkhPa2g4QS1JQnlVT0RLMXVMUXpWQnhZMWZGRC1pdVlGMVo2b3I3MnVmOGRScXA1eEY0cHZ1VGdReTNJLUpTcXJOTGtHY2NqYm5hVkNZNFBtQV8tX1dHZ183T01yWFptWnowV0s3Qzh2UFpiOVBZclJCV3fSAdsBQVVfeXFMT19VcUMxekR1U01IRlgtUi1hdlpHcjdNV0gtQ0JINlhNR0RmVFpUSmN3V2gwdkd1N1liNnpJV2hrWWpkRzZySG9wUUVEUnJLT1YyS3JQMGZpQ1BrdE1FQXVhQ1JDdGlaTmJIT2toOEEtSUJ5VU9ESzF1TFF6VkJ4WTFmRkQtaXVZRjFaNm9yNzJ1ZjhkUnFwNXhGNHB2dVRnUXkzSS1KU3FyTkxrR2NjamJuYVZDWTRQbUFfLV9XR2dfN09NclhabVp6MFdLN0M4dlBaYjlQWXJSQld3?oc=5,"Nifty closes at 23,446, gains 118 points, Sensex ends at 74,828 on stronger domestic growth momentum The Tribune","""(Nifty OR Sensex OR ""Indian shares"" OR midcap OR smallcap) (falls OR selloff OR correction OR ""risk off"") when:1d"" - Google News"
2026-09-23T10:16:09+00:00,2,['India market'],TradingView,"Taking Stock: Market rebounds; Nifty above 23,400, Sensex up 299 pts; metals, realty lead - TradingView",https://news.google.com/rss/articles/CBMi4AFBVV95cUxPaFQ5d1dIcXF1QVE4Vy1DM0lnWXVMbDhwcGpYTElYdzhvUWNvUklfUTN1WUEtNGhqdDJzVVRnWHQ2el9TR3RXT2lzM1VITk5uWW5iRHBIeTJNcHRUUktRalJZcHVheHBrWHVDX2RLOEtnSmlIc2hZQkpHVDQ5V0w5NVJHUTRCb2RqVjFtOHhoNWtnd296M3k0b1dVajY3aHR5cEdJS2NuZUI0bkxDUWlzNmVmTmZGVWRxdEZRRVVnMU9IYy05XzNXT2F0U3hxTnZDcHgydjhMZUlWRzlWNWxRQw?oc=5,"Taking Stock: Market rebounds; Nifty above 23,400, Sensex up 299 pts; metals, realty lead TradingView","""(""broader market"" OR midcap OR smallcap) (selling OR correction OR fall OR volatility) India when:1d"" - Google News"
2026-09-24T05:52:41+00:00,1,['market selling'],Business Upturn,"Auto sector stocks today, September 24: Ola Electric gains 2.27%; Ashok Leyland falls 1.81%, Olectra Greentech down 1.73% - Business Upturn",https://news.google.com/rss/articles/CBMi9gFBVV95cUxNNWJHZFJvZFNlQWRLVWR6dGZWT1IyZUN5REo1ekQ5X2RtelZwZlkwRFUzTUdqSllEaUNfSzBLQVppeEI3WVJBZGZwZ0RmMzBWTll4blRtYV9Tc05hd1M5WV9hTnJGendqbDdGbmFUVmhMNFZsRjd4QUtfYVpWYVFVcjJlLWtBeWJmLW03eDVLeVBIc1JCc2FyYnV4ME5WM2hsMUEyV2w5UGc1REFoYmE5b3VHOTJkZFlWUmVnMmxQUS1lT1V6LXEybGg4Zjc0cklqc09wNzFJSnRxNjJlVTJGRDV2YXpyZU9KX29hZmZ3Q3N3ejloVHc?oc=5,"Auto sector stocks today, September 24: Ola Electric gains 2.27%; Ashok Leyland falls 1.81%, Olectra Greentech down 1.73% Business Upturn","""(Nifty OR Sensex OR ""Indian shares"" OR midcap OR smallcap) (falls OR selloff OR correction OR ""risk off"") when:1d"" - Google News"
2026-09-24T05:43:08+00:00,1,['AI / tech risk'],Invezz,Nikkei jumps 1.8% but broader market barely moves as AI stocks mask rate risk - Invezz,https://news.google.com/rss/articles/CBMivgFBVV95cUxOZXRWZEdmR0R0T3R0SFptYWdOQkV5dW02MExVYmRrWmlFU1RMaWQ5ZzdoVm1oWXdpMTFVd0lLRC15MmZpQWFfTHBZZUtISkx6MkI3SnBEQU9CcXF3ZDktNzlWZlcxQ0RPcVhZamE5d0pSNHpIeDdyOUFTMTUxcUtHc241UVhrVWREVVVnRVNoQmg4UDRyZ2p2cVh3NVVFMTBNcm80OGhHN2I1SnFHSHdGT1FsT3pRUXB5OWxTeG1R?oc=5,Nikkei jumps 1.8% but broader market barely moves as AI stocks mask rate risk Invezz,"""(""broader market"" OR midcap OR smallcap) (selling OR correction OR fall OR volatility) India when:1d"" - Google News"
2026-09-24T05:12:52+00:00,1,['market selling'],Business Upturn,"Defence sector stocks today, September 24: Avantel jumps 6.42%; Paras Defence falls 1.62%, BEML down 1.53% - Business Upturn",https://news.google.com/rss/articles/CBMi4gFBVV95cUxOMEhTZy1xelFHWnpESWNUbVZiZDdJX3YwWlF3dkR1TDhOTEJ5ZjJlMUxFVEVRVzl6NHFtRTZ1QWJWc0lQbGxHMVFhMGo3UHJMbE1Ra0pkOWpYTUFhSW9yMDFTOWFRWGlCSk1RYjltcGlLMHFpUG1FeFVzZFprZXMzSFJiWUl3Ujluejh4TV9ZbjQ1bTlTY3NqNDdZY1VKVEVzdE00cXJXOE54RHZGaEhjd01pMWFvS3hMVkxNRjFWYVBmbHZTZUkyckpfWlZXQ3RTWDFnd0szUDVCSWZlZWQyYVpB?oc=5,"Defence sector stocks today, September 24: Avantel jumps 6.42%; Paras Defence falls 1.62%, BEML down 1.53% Business Upturn","""(Nifty OR Sensex OR ""Indian shares"" OR midcap OR smallcap) (falls OR selloff OR correction OR ""risk off"") when:1d"" - Google News"
2026-09-24T04:23:09+00:00,1,['market selling'],NDTV Profit,HDFC Bank Share Price Falls Over 1% In Early Trade: What's Dragging The Stock? - NDTV Profit,https://news.google.com/rss/articles/CBMiugFBVV95cUxPMU5uelBXX2pBQ0ZnejVGWmdCTy1lX1ZNTmhhZ2Zxb1J0NHNFSXpZMUt6VE0tY3VXdGJhYXI4anRZams2eC14eXFNcnpuTUQwZzR4S0YxUl9sd1RYLXFMZmpGclVoMWJ5YURIWDZ0amhpQmx0eU5sX0RIN19PcWJpci1TTW5FSlJpbE5LSEJJR3J5ZzQ2OGtjUkxFMjNqWkktdzhJYVd2Ri1Halp4OVpLWndJRlpySTdKNUHSAcIBQVVfeXFMT1VPYU9OS0dJRTdMR1N6ZVROM2tnUG5tWG9GUUEzNEJsa2Jkd3Y1YUZPQXJzaXFEWEtudTEzQl9hbXRQQnB5dWhGaGtJV2hqS2VNaGNHZTc5bVl5MndEQ1dFMFZNaU4xWjRJcG1DbHlkeTlVOHMwUWs4WnhQb280SzB2WUdSNXBCT0QyVHdhRXRqLUFUWW03dzBEaWtJdTVicXkxVmxVY0NDWVNObnhRcDRQLWJsTEdrdnFNTjRaejQxSmc?oc=5,HDFC Bank Share Price Falls Over 1% In Early Trade: What's Dragging The Stock? NDTV Profit,"""(Nifty OR Sensex OR ""Indian shares"" OR midcap OR smallcap) (falls OR selloff OR correction OR ""risk off"") when:1d"" - Google News"
2026-09-24T03:52:52+00:00,1,['market selling'],AD HOC NEWS,Vontier Corporation stock heads into the open after Nasdaq selloff - AD HOC NEWS,https://news.google.com/rss/articles/CBMiyAFBVV95cUxNdG1LamEtX2dUaG4xeHhhOEJsOFc1UzZKU2dSeXdfUGdnNVpmcFVIM2d1WmpjWElHOXJEeEJNM2t1b21CZF83OTdFdlJXVUl3SklEYlJIVEgyM20ybG95dXMxVXV6NlpqZTYwZS1Za2RfU1BBMkhpMTJ1aXNmVndidS03c1NnTVhDczZqMzBBblpqVmNKWndseUU2cG9ITjVDUmNvaVNnOWZ4bG9YeUlhdjJ0cEw3d05HczJ6NG5Zbk5WZjdlc2FwMA?oc=5,Vontier Corporation stock heads into the open after Nasdaq selloff AD HOC NEWS,"""(AI OR ""artificial intelligence"" OR Nvidia OR semiconductor OR technology) (selloff OR ""market fall"" OR ""stocks fall"" OR correction) when:1d"" - Google News"
2026-09-24T02:19:58+00:00,1,['India market'],univest.in,Nippon India Multi-Asset Omni FoF(G)-Direct Plan - univest.in,https://news.google.com/rss/articles/CBMihgFBVV95cUxOTmFndFJlMnBfWW9hTlFCWEwtbFZsRGU5UmU5QmQ5UDYtUHRyUzlvUlV5RmJDMkswdmU0cnJPVlFObXktMXpvYk80WlFHeTA2ZXh0U1BzalJvTUs4a3Mwc1k4RmtFLXJITWk1WTRabm1rOW85Y0w2dnNlbTBUVkNoemQ3NkxwQQ?oc=5,Nippon India Multi-Asset Omni FoF(G)-Direct Plan univest.in,"""(""mutual funds"" OR SIP OR AMFI OR FII OR FPI) (India OR equity OR market) when:1d"" - Google News"
2026-09-24T01:17:16+00:00,1,['market selling'],NAI500,Quantum Error Correction Breakthrough Fuels IonQ Rally — Is a Multi-Bagger Trade Just Beginning? - NAI500,https://news.google.com/rss/articles/CBMixAFBVV95cUxPdGZkc1BUTjlGbkFwX3ljM0k4dS1UMG1RYU1IZC1raXNiMW1zbUVibXhvOWwwc2lFVUZESHVGWUlxYzltRTVuaGYweWdrQWcySXpNR1RSZUthdXp0bTJ1UjZET2JBWUwzVGE0eW8zcFhhcnJ2U0dzQmZYbWpreTRRbnl2b1h0cDRkUzJfbEVnUFdfS3hzU3g4SUN6SXQwc18yS0FVblRVdWZfWFFCOXhHX3RBRnc1ZVZUUS1rV3h5QmtKcXJz?oc=5,Quantum Error Correction Breakthrough Fuels IonQ Rally — Is a Multi-Bagger Trade Just Beginning? NAI500,"""(AI OR ""artificial intelligence"" OR Nvidia OR semiconductor OR technology) (selloff OR ""market fall"" OR ""stocks fall"" OR correction) when:1d"" - Google News"
2026-09-24T00:12:38+00:00,1,['market selling'],ABC30 Fresno,Vision correction options expand as LASIK technology continues to evolve - ABC30 Fresno,https://news.google.com/rss/articles/CBMioAFBVV95cUxPNEhBNVdZRmtCZGR6bjdyZ29vdnp1TGoyMEhYSTlveDMzOFRZY1FqdkI3NTkyNVlBSDR6eF95RnFCMEJabFdLRl83YjZnOU15VHZ3aHF2QlJfdndvbXBoTFdMZGhRTzBOWnRwMFlaejhvRm9vTVFGTHpkemctYlBqbi1Qa1VTWFNiNTQyS2RuT05aanZNRUlUcnY1cTVoQ3pj0gGmAUFVX3lxTE5CdGliZ1A4a19wVzVQNk9qSUlRSVlibXdXdDJ2TFY4eVY1Zzg0NFFUYXBReTk5WFBkeWY0VHRLdVlvWU51d0lOcHpVNW1TejNLZkFIczc0a0s3dEpfRGh1N3k1REVDNlp0eTNxTzhsZ2xQMVN6UTNmUVBOT0s2Zk41YTVZY2JoNkQwTTJQVFFVMmVCUmhEek5qOGpzOWxKaEJySjZBZWc?oc=5,Vision correction options expand as LASIK technology continues to evolve ABC30 Fresno,"""(AI OR ""artificial intelligence"" OR Nvidia OR semiconductor OR technology) (selloff OR ""market fall"" OR ""stocks fall"" OR correction) when:1d"" - Google News"
2026-09-24T00:01:28+00:00,1,['India market'],univest.in,Nippon India Growth Mid Cap Fund(B)-Direct Plan - univest.in,https://news.google.com/rss/articles/CBMihAFBVV95cUxPUGZSZmM1MWduX3R4RDh2cWRnaEhmRGUxUUZZZkpDd3NXTUEya3NLYzdXa0lzeDZyVEY4NUtEdFB5XzhSZzFYU2lEZFJJRmE1enlqMWNJTlNIUTA4YnB5MS1MUHhQdklNZmtTZnNTZnlCMDBlYWJMRnQ0YkVSRUVyTmtiZG0?oc=5,Nippon India Growth Mid Cap Fund(B)-Direct Plan univest.in,"""(""broader market"" OR midcap OR smallcap) (selling OR correction OR fall OR volatility) India when:1d"" - Google News"
2026-09-23T23:20:50+00:00,1,['market selling'],Reuters,US stocks fall as 10-year Treasury yield hits highest since 2007 - Reuters,https://news.google.com/rss/articles/CBMigwFBVV95cUxPSzB2Vlh0Nm9MZUlDRnA2S1pIMUJXWmZtdlZEVUdFRDV2WEJ1U3pLQnJKUFNBU3YyZGxXZ0trVk1tdm9lVFp0aEh5N0VpVUdOZDNWYjRzOTdUVW84bEYwYnZHNEQ1X213dHl5OGlpQWNSUEFkdXRpRC1rUTRDaDRBMFh2Zw?oc=5,US stocks fall as 10-year Treasury yield hits highest since 2007 Reuters,"""(AI OR ""artificial intelligence"" OR Nvidia OR semiconductor OR technology) (selloff OR ""market fall"" OR ""stocks fall"" OR correction) when:1d"" - Google News"
2026-09-23T23:01:21+00:00,1,['India market'],The Economic Times,"A-One Steels India Share Price Today, A-One Steels India Stock Price Live NSE/BSE Updates - The Economic Times",https://news.google.com/rss/articles/CBMihgFBVV95cUxNazFLNll5dnZBUXZ1b3NPcnNpNW5HSmw5VXcxWHNDQk1JSURZZC1fclZKb01EeEtuY0xVTmo0VG0zYngydWF0NEdjNll6ZTF0TWx1cm9QUzhGWVp4dUppaGEteHZrRDRGRWQ5dVFXbHEtTzVsWGdhVWxmWUhmWU9DT3plZTdiZw?oc=5,"A-One Steels India Share Price Today, A-One Steels India Stock Price Live NSE/BSE Updates The Economic Times","""(""broader market"" OR midcap OR smallcap) (selling OR correction OR fall OR volatility) India when:1d"" - Google News"
2026-09-23T21:31:41+00:00,1,['India market'],BW Businessworld,"RBI Eases FPI KYC Rules, Allows Overseas Certification - BW Businessworld",https://news.google.com/rss/articles/CBMingFBVV95cUxNNWZpUHk3ZDAyZnh2T0pRX0dId1NrZEtaS25jTm1CVjBlZURRenNCbWNtZmdpeE9mdlI1YnMtbl8zejcycHlSemNYV2hjOUVPWkhPNmhISDN3cWFKUjQ1emI0UFZJZVdCYkNRWGdUZlhpQVFSazFPY1ZseWNkRm1kLTdhcUJiTGdJcnV6bGdkdVJTRXRRaHA1UmhmaEk1Zw?oc=5,"RBI Eases FPI KYC Rules, Allows Overseas Certification BW Businessworld","""(""mutual funds"" OR SIP OR AMFI OR FII OR FPI) (India OR equity OR market) when:1d"" - Google News"
2026-09-23T21:31:33+00:00,1,['AI / tech risk'],The Globe and Mail,"Stock Market Today, Sept. 23: IonQ Surges on Quantum Breakthrough and Nvidia Partnership - The Globe and Mail",https://news.google.com/rss/articles/CBMi9wFBVV95cUxPUG1UT0pNazhYRUVNZkItbXgtSTZ3Tm9QT0d2dzB5UFRqYkhNR3FYTW5kbnBlcGRWcVJBMWl6WHJyUHdoOG9XMVlhOGUtUXpJcm43ZWk4UHZkWHpiZkdVUWhTak5YMlF1T1lDUk5nS2h0ZVllM21DV2Q0VVI2RnZ2XzhwVEpDYVU5VEdqa1dQM0kxS0g3U0dzMFRmc2JXSnIzLXJEZWR5bUNqbTJTU0pPMGV3MjhzWGVPeENuWXI2Q3doSTVRZGJJN25FdlJfdk1TQ1FUM0JyTjVjY3Y3TVFpc25SZXNVb1RRUEhpTjhQb2U0TjZhcV9V?oc=5,"Stock Market Today, Sept. 23: IonQ Surges on Quantum Breakthrough and Nvidia Partnership The Globe and Mail","""(AI OR ""artificial intelligence"" OR Nvidia OR semiconductor OR technology) (selloff OR ""market fall"" OR ""stocks fall"" OR correction) when:1d"" - Google News"
2026-09-23T21:14:59+00:00,1,['India market'],The Economic Times,"Invesco India Medium Term Fund Direct-IDCW Quarterly (₹ 1,034.32) - NAV, Reviews & asset allocation - The Economic Times",https://news.google.com/rss/articles/CBMiowFBVV95cUxNQWE4WkpDNzVhZjFfbzlENmpmWlFGWE0xcFRlakVib2wtR1pzS1RxMFpjQ0NUallJY2xHc2p4bG5vbmhUNjJiT0J3endEQ1pHcXQ1S3FDNWxNd1JJRGVTdlhXcDZkUktpVkIwQm05S0RnTGYzb3ZIT01NZWN5Ykx6LXRiQnYyX0s0OUJNWDZ1UHlmX1RobnVjOU9sRm16amhEbDlZ?oc=5,"Invesco India Medium Term Fund Direct-IDCW Quarterly (₹ 1,034.32) - NAV, Reviews & asset allocation The Economic Times","""(""mutual funds"" OR SIP OR AMFI OR FII OR FPI) (India OR equity OR market) when:1d"" - Google News"
2026-09-23T20:39:38+00:00,1,['market selling'],Livemint,US stocks fall as 10-year Treasury yield hits highest since 2007 - Livemint,https://news.google.com/rss/articles/CBMivAFBVV95cUxQZ05HX3lmQ2tiOUV1NnJpNzNTU21KcWJIVGhnY094VTM1el96XzVjRnVQV0tJQVJ2Z2ZpaWNPOEJfNWFjamVoTnl0em84WmlmVU9Ya0RSUUZXYXh4N3l1Szd3Y21vNWhRM3hxUko0U3p2NHlMa20xUW1DOWI5QXkzOGc3M0NKWE9UUFJ6cVBnUzc1eUVVLVVVcVREOWFjM1NWcEhQRC1ubEJ3VDZVM2NKNG1CN0RkVi1ZRlhvc9IBvAFBVV95cUxQZ05HX3lmQ2tiOUV1NnJpNzNTU21KcWJIVGhnY094VTM1el96XzVjRnVQV0tJQVJ2Z2ZpaWNPOEJfNWFjamVoTnl0em84WmlmVU9Ya0RSUUZXYXh4N3l1Szd3Y21vNWhRM3hxUko0U3p2NHlMa20xUW1DOWI5QXkzOGc3M0NKWE9UUFJ6cVBnUzc1eUVVLVVVcVREOWFjM1NWcEhQRC1ubEJ3VDZVM2NKNG1CN0RkVi1ZRlhvcw?oc=5,US stocks fall as 10-year Treasury yield hits highest since 2007 Livemint,"""(AI OR ""artificial intelligence"" OR Nvidia OR semiconductor OR technology) (selloff OR ""market fall"" OR ""stocks fall"" OR correction) when:1d"" - Google News"
2026-09-23T20:37:42+00:00,1,['market selling'],TradingView,Stocks Fall as the 10-Year T-note Yield Soars to a 19-Year High - TradingView,https://news.google.com/rss/articles/CBMivwFBVV95cUxNR1VIZ0ZCeGNoNFBOVmRGZDE4VWtVelcxTFpNcGU3dEpZem5iQTR0bmJpMHhRTzF1bzdieFY5TXkzOEVRNHdmZFVJdWE4eGhtSlM0UkF3dW02TUVSRmdQWXlSdW5DSUg0WEVQMlkxRmdkVXlzTW1qVXhCTlBjemNRNk5xZ3hld2FRSXZ6d2FNUDY5S3VoeWw2NXhkSHpicDdJaUwzWDhtTmdVa3Rvb0Fjek5YaDRVXzhsWXh6OVMydw?oc=5,Stocks Fall as the 10-Year T-note Yield Soars to a 19-Year High TradingView,"""(AI OR ""artificial intelligence"" OR Nvidia OR semiconductor OR technology) (selloff OR ""market fall"" OR ""stocks fall"" OR correction) when:1d"" - Google News"
2026-09-23T20:25:00+00:00,1,['market selling'],Investor's Business Daily,"Stock Market Today: Small Caps, Gold Miners Spanked Amid Sell-Off; Meta Makes A Bullish Move - Investor's Business Daily",https://news.google.com/rss/articles/CBMirAFBVV95cUxPQ1FiOVdEVEtTNHJ0OE1RQm5wXzJrbkg4cloxSmtreGtnR3Q3WlNNS1ZidDZwWjItSENaWXJpSDl1b3MySjVqUE9oTUxSd0lMY0ZxMDNiVGZtN3I2c2x5dzJvQ0NJdllKbjZva2VZQlpvV0hpb1JBbWxJVTdIclFLd2c5UE5UdUtBVHdQVklnWndnaVk0NmxYYkpSTG1NOXpWNG9yZDN2NDVLcjNC?oc=5,"Stock Market Today: Small Caps, Gold Miners Spanked Amid Sell-Off; Meta Makes A Bullish Move Investor's Business Daily","""(Nifty OR Sensex OR ""Indian shares"" OR midcap OR smallcap) (falls OR selloff OR correction OR ""risk off"") when:1d"" - Google News"
2026-09-23T19:32:49+00:00,1,['market selling'],SecurityWeek,IonQ Targets Quantum Error-Correction Bottleneck With Single-CPU DecoderIonQ Says Sin - SecurityWeek,https://news.google.com/rss/articles/CBMitgFBVV95cUxOMDB2Q3JmZThJU2JUa2lpTDlvYk5BYi1xa1g2a29TS3ZGcmdUeWlzeGdJbXdnd3A4U3YzbG9fNWUzSWZ6cjhWM2pfODQzYWFpRGJsSE43Nng4Q25wVHpONHhuaTk5Z1JlUm1RRWUwVXdPc1ByVElvVHNxbzhjTVlLUzZxWi1IYldYZE82Vkx0ZVlSb1VDdDkwNlNPV0lIR0lzV3h4QlItRGNLUWNockpPQjFTb1h4Z9IBuwFBVV95cUxPZFRWMDdhRXVBbG9MZTRUMExLWV9XMlUzYjlrbDY3VlJkanllVkpwM2lJMjlxbGY3VUFVcDRxcDJZT3ZGN3Y1YmY3OFMxc1owdVpmYkxzMGIzYVdMdzZaTGQ2ZXcwaEFDeGRuVFBtSGNEZkZDVld4LWdTeDZFTFFuWlVYbWRXY3VaZVBYXzZsczF1NW5NOUNFOGFiaFhBRWZGSW8zcUF0RTh2QW9SREs0N084Q0Q0SHRmb0p3?oc=5,IonQ Targets Quantum Error-Correction Bottleneck With Single-CPU DecoderIonQ Says Sin SecurityWeek,"""(AI OR ""artificial intelligence"" OR Nvidia OR semiconductor OR technology) (selloff OR ""market fall"" OR ""stocks fall"" OR correction) when:1d"" - Google News"
2026-09-23T18:40:01+00:00,1,['market selling'],Asianet Newsable,These 2 Stocks Are Bucking The Broader Market Selloff To Hit New Multi-Year Highs — Here’s What’s Driving The Enthusiasm - Asianet Newsable,https://news.google.com/rss/articles/CBMiiwJBVV95cUxNRUxnZlN5MjhsalZuNjhsbkhodTZnMGt6bEItVDVKaGJoVk5yOFZxS0Y5NVdINm40NEJ4OWJMY09uWElHSks4V19kZzNJZFNZNlF1Y2hicTdaem5hbTdfTkh0d2phQndJb3Jfem8tNDRINjBUVFdxN3hqcDROSEQzY2t5NVRkajEwT09aUENRZ1JFR0hVcXVMeHVSX1hzdFkxRlZEN0ZzaGo4Mmx3UHZyRDl4dlJLa25nUEFYNkp2Y3lJbzhwck9TQlRvd0pVLUJoMmhvckN1WHJFOEllb24yUDdLSDgtWnkyek56WmtHeG1GeGpDV3VxTHRYZjNuTHZkdzI3bDBwdGZDRE3SAZACQVVfeXFMUGJzSURLcHgtcG02Slcxano0dWw2VmxjS0pXWl93Q09zOUxCQ2dUVHZocDcwbmhGdWo2V1FQQ2txcjcybWk2TkYtY0tKc3pYOUZYQXdObkZSN2RlVXp2NldDSmV0U2dMLU1aamhpdkxLbGIwNDd1OWxFRnlWT0l0NmlHZHlFTHBhb1hGV3Uxc2xlQ3h0NnZzeW5nTVlmVlZjSmx2WHlEMkxNOXNTZXNSZWNvWHlqM3E2SHgwY3dJVVZva1VsZE54bVFrY3ZVNVY3X015dVNrWDNQMnB3VWZDazRveHdUMnVfajdlSkx3Y1VKZmwyZWpMLTAycG5OWldMa3BTWmx5STJ1Tm5uREhBWjQ?oc=5,These 2 Stocks Are Bucking The Broader Market Selloff To Hit New Multi-Year Highs — Here’s What’s Driving The Enthusiasm Asianet Newsable,"""(AI OR ""artificial intelligence"" OR Nvidia OR semiconductor OR technology) (selloff OR ""market fall"" OR ""stocks fall"" OR correction) when:1d"" - Google News"
2026-09-23T18:33:59+00:00,1,['market selling'],TradingView,Gene editing stocks fall after Anthropic’s CRISPR-like discovery - TradingView,https://news.google.com/rss/articles/CBMixgFBVV95cUxOTDVRamdPWHdONW1tQ1oxOE5ra3BYTXdGTTA2V0N5RHgtMl9rUTNVR0ZEN3RhVFFZdHkzSVVManc3eFJBMFJZV3FzVTVlWFZGRjFCeF9zRkFQbGlfd0RXeFlsMEw0Z1Nxc2F0MzR2X0V4dnFCMXdISUlKbmt2cXo0aEZJcXFZZ3FIN0FMOUlJUkpoZmYxbXFhVW9KTGhfTXBqRUtjMkdJZng3RkotcXdPdFh5WHE3Vm8zbjFldnlvOW4xZGNXSVE?oc=5,Gene editing stocks fall after Anthropic’s CRISPR-like discovery TradingView,"""(AI OR ""artificial intelligence"" OR Nvidia OR semiconductor OR technology) (selloff OR ""market fall"" OR ""stocks fall"" OR correction) when:1d"" - Google News"
2026-09-23T18:33:59+00:00,1,['market selling'],Seeking Alpha,Gene editing stocks fall after Anthropic’s CRISPR-like discovery - Seeking Alpha,https://news.google.com/rss/articles/CBMimgFBVV95cUxOY1lTUGRabXF1anFYVnFxUXpGOHdlNUlGNHltSEtBWVRqa2dTMW85Z05FZ0xhdzJ3bXdQQV9FRERZYnJFX0VtYVFBTnhQemtLYklYQk1GTG9PcHpBMExuYmkySlhMNmFhNzVzZXBWbWFweDlqN2JFamVzTjVuemR2U1RpNGN1RHJXaVZDNHl4RVFocklaR0ZuN1N3?oc=5,Gene editing stocks fall after Anthropic’s CRISPR-like discovery Seeking Alpha,"""(AI OR ""artificial intelligence"" OR Nvidia OR semiconductor OR technology) (selloff OR ""market fall"" OR ""stocks fall"" OR correction) when:1d"" - Google News"
2026-09-23T17:51:28+00:00,1,['market selling'],Yahoo Finance,Sector Update: Tech Stocks Fall Wednesday Afternoon - Yahoo Finance,https://news.google.com/rss/articles/CBMimgFBVV95cUxQVFVlWGxlX1lSM2QybVA5bE9GVVA1ZUNqOTVWN09PV3NVOXB0NDgyVS1LUDFlczMxREJmMHAwaC1MRUhjNHp5TVVsd05JTkdlLVJrenRkOGJwWkY4dkVhM05CQWhvRjFkR1NzY0NOZ0hKVlVTbC1iM1pnMjB2NjlGWW42aHlZcUNqTVNoQVRnYURnVVE5Nnk4SGxR?oc=5,Sector Update: Tech Stocks Fall Wednesday Afternoon Yahoo Finance,"""(AI OR ""artificial intelligence"" OR Nvidia OR semiconductor OR technology) (selloff OR ""market fall"" OR ""stocks fall"" OR correction) when:1d"" - Google News"
2026-09-23T16:38:06+00:00,1,['India market'],univest.in,Nifty IT Today: Down 0.61% in Opening Trade - univest.in,https://news.google.com/rss/articles/CBMiaEFVX3lxTE43Nm5zbXJ0dFFWY0FJY01odHk4T0dLSjAyWkRMaTdxanF0MkxKUmFkWUh4QlB6ZF95VUNmY0xSR1p3NENmUTBEZGVpbDByUGZtWWZsRWZha3BMSEJnTkhWSFdhX1JDX3FW?oc=5,Nifty IT Today: Down 0.61% in Opening Trade univest.in,"""(Nifty OR Sensex OR ""Indian shares"" OR midcap OR smallcap) (falls OR selloff OR correction OR ""risk off"") when:1d"" - Google News"
2026-09-23T16:27:36+00:00,1,['market selling'],Quantum Zeitgeist,Photonic’s Error Correction Helps Microsoft Estimate Quantum Costs - Quantum Zeitgeist,https://news.google.com/rss/articles/CBMiiwFBVV95cUxQRnEyYWYyUVhQNlNPMUZ4Qjloa0tIOG9xcmN2Z0JOT0h2aUxjWlBYWmRITVNBbEhVUngyNkNvTmhyNXMxZGdNQVlfRE94ZzROVlZCaEJ1MFJxYzlaazNhYmRJXzR5eEdHRW1Pa1ZsYTVUemotUVp2Y09ubGFWSEw3b1h2d2hSQVp5NHE0?oc=5,Photonic’s Error Correction Helps Microsoft Estimate Quantum Costs Quantum Zeitgeist,"""(AI OR ""artificial intelligence"" OR Nvidia OR semiconductor OR technology) (selloff OR ""market fall"" OR ""stocks fall"" OR correction) when:1d"" - Google News"
2026-09-23T16:26:08+00:00,1,['AI / tech risk'],TradingKey,NVIDIA (NVDA) at $205: Why Jensen Huang’s $1 Trillion Blackwell-Rubin Vision Matters More Than the Pullback - TradingKey,https://news.google.com/rss/articles/CBMiwAFBVV95cUxOQ0l0Z1U0RWwtZmFTdVlhZngtdU5OejFYU05Kd0lCejVFWlpWN2hrWElyUjFEWU1MdVhWVGNXUnFBU3VRTE9fUFNpSm5nVURIczhsa3dmWV8tazdtcnhGQ29jM01sMU9UclkzbkV1U09uQVhLeUU4UVd5bHpzZXJRYW02S3F3ODIzSzRCU1FrNUJsTHdBNC1sdW12aUZ1VVQwakwzdF83dVp3cko4MEhsREphaHNGTEhHbGNMSHZKa0g?oc=5,NVIDIA (NVDA) at $205: Why Jensen Huang’s $1 Trillion Blackwell-Rubin Vision Matters More Than the Pullback TradingKey,"""(AI OR ""artificial intelligence"" OR Nvidia OR semiconductor OR technology) (selloff OR ""market fall"" OR ""stocks fall"" OR correction) when:1d"" - Google News"
2026-09-23T16:10:16+00:00,1,['India market'],The Economic Times,"Invesco India Banking and PSU Debt Fund Direct-IDCW Monthly (₹ 1,012.40) - NAV, Reviews & asset allocation - The Economic Times",https://news.google.com/rss/articles/CBMirwFBVV95cUxPUXZuOURhNEZBdGlkaFd3WXBrbUljcVRuaXJVUGhVanFFeGthaUpoV042ZGtuVGs5T3pxWUlBS0gyWlhROEVJaGJkQ2E1LU55TnlNc0ZuSUtKSHhzWVA0MXp3d20xN2R0NzJHWWc4aGp1NWw0REZSdkFBV0daa0tWcWJXNzhxems4TjFzS0NrYnFnMy11dmp1d1JPbzNQb0h1RUhuYWZyU2tSV3VaV0tB?oc=5,"Invesco India Banking and PSU Debt Fund Direct-IDCW Monthly (₹ 1,012.40) - NAV, Reviews & asset allocation The Economic Times","""(""mutual funds"" OR SIP OR AMFI OR FII OR FPI) (India OR equity OR market) when:1d"" - Google News"
2026-09-23T14:17:53+00:00,1,['AI / tech risk'],Yahoo Finance Australia,IonQ (IONQ) Will Deploy Superion 256 On Premise At A Major AI Research Center - Yahoo Finance Australia,https://news.google.com/rss/articles/CBMihAFBVV95cUxQdm1HcnlKYU8tZURsckVyMGNubUVMcVByNW0zYlMtT1F6SC1TMXIzRkdvZ0hyWmZVR2szZHhweV9JaVRVRmh3RXZBTTlqNlhlVHNOYU1tWHk2R193dlc1cjR5QmJVdHNjOFJsb19zMG9IZVBOcHhQZDZlbi02b3Awc25jRlo?oc=5,IonQ (IONQ) Will Deploy Superion 256 On Premise At A Major AI Research Center Yahoo Finance Australia,"""(AI OR ""artificial intelligence"" OR Nvidia OR semiconductor OR technology) (selloff OR ""market fall"" OR ""stocks fall"" OR correction) when:1d"" - Google News"
2026-09-23T14:06:02+00:00,1,['market selling'],TradingView,US Stocks Fall Pull Back - TradingView,https://news.google.com/rss/articles/CBMigAFBVV95cUxQU04zWGlEM2FZZ1c3NjYteHpLdk00N0gtamdtRURvX01MbU4teG9BZ2ljVFB0OEhkeFRvQ1dhSXhBUWlGX0ZPUk1CR2c4VDYzU3JFNmV6RTQ3VDZRUS1BSE1SdkMyUWJINlR2SU1wNDZrcmg1UXZHRVplLUx3azhHcg?oc=5,US Stocks Fall Pull Back TradingView,"""(AI OR ""artificial intelligence"" OR Nvidia OR semiconductor OR technology) (selloff OR ""market fall"" OR ""stocks fall"" OR correction) when:1d"" - Google News"
2026-09-23T13:34:36+00:00,1,['market selling'],Benzinga,Quantum Stocks Catch a Bid After IonQ Shows Real-Time Error Correction - Benzinga,https://news.google.com/rss/articles/CBMi1AFBVV95cUxNaHZ2bnJTNXdJRnFvYlAzeEUxeUVFem0xSVJmeGRscHQycTNEZFFia2Vwekh1eDJTU2E2aUFpbzZ6Z2FLTkVmMHN5WWxPbXAzSjkzZHBCQzJ2YWNERFkyZFBCMm9oRUl2Q01YUnp6ZDltWmg5dXZmdjk3WEFSZktjSUZlMW9BTHk2MjItOEdJcWRuZ2VRejNRU25MVWxXRm16djY4amVGb0ZFX3htRHBwdHF6RFpfX0NyNHBKY3lYMVF5TG8wUEhEdi1RZDRTMkNJX1VCeQ?oc=5,Quantum Stocks Catch a Bid After IonQ Shows Real-Time Error Correction Benzinga,"""(AI OR ""artificial intelligence"" OR Nvidia OR semiconductor OR technology) (selloff OR ""market fall"" OR ""stocks fall"" OR correction) when:1d"" - Google News"
2026-09-23T13:05:06+00:00,1,['AI / tech risk'],Finbold,"Nvidia to crash to $135 on this date, according to expert - Finbold",https://news.google.com/rss/articles/CBMiggFBVV95cUxNQVR6U1NaUkRHcTRHOFpReTR4MmZtc2xHTEtfejBDVktIbXpabl83UlZHUW5WOXRTeVZ0RFN3cGpGMzQ1R2JUVkRpS3dtbDVlelpaZFAyTjZCR3pDWVBfQ2E5ZEd2SkdVOHJPeEozcEpTSHBqa0RlakVESngwOVJSWkV3?oc=5,"Nvidia to crash to $135 on this date, according to expert Finbold","""(AI OR ""artificial intelligence"" OR Nvidia OR semiconductor OR technology) (selloff OR ""market fall"" OR ""stocks fall"" OR correction) when:1d"" - Google News"
2026-09-23T12:27:00+00:00,1,['India market'],The Economic Times,Invesco India Ultra Short to Short Term Fund Regular-IDCW Monthly - The Economic Times,https://news.google.com/rss/articles/CBMiugFBVV95cUxNZWV3QzlLeE82ZG1HYVJkNU5QUkpqTGN3TFlqZnUtSk1nZ3FjeHVZSzdlUG1IeExMV1FPNElxOENGLXR1UlgwWWM1Mk5jRHVhTVUza2UxUThlTTlRZE40QWNlLTI1YkIwN3dOVTYyY1BScTN1YVpURURkVG5FQnpOYklpN2JQZmxvZDJjNUdWWWJpSG1WeHNrTEJtSXFDbUZLUDRNdzJ4TGQ4YUI4dklpTDM0dWZEN2JXZGc?oc=5,Invesco India Ultra Short to Short Term Fund Regular-IDCW Monthly The Economic Times,"""(""mutual funds"" OR SIP OR AMFI OR FII OR FPI) (India OR equity OR market) when:1d"" - Google News"
2026-09-23T12:26:23+00:00,1,['India market'],Mangalorean.com,"SEBI board meet likely to consider PMS revamp, broader FPI access: Report - Mangalorean.com",https://news.google.com/rss/articles/CBMiqgFBVV95cUxPSnF3YXdIc3dQR1psMC1iWVlEeGhtRHA4OHlpUFltVy11amU3eExlRko0SjJtWjl2OEdRYlI3a3VoR045QjFkVHRlaURMMm85M0V3Vnk4SmRsX1BQUjlId3Y1SWZOemFhNnRSWHNmb3ZTQ2RqdnBaME9hMWlma3lZOFJhLVRWakNZLVJVLXljSkZSd2U0VjBDcnZ0WWxaNTA0RGlITkdIUHdBZ9IBqgFBVV95cUxPSnF3YXdIc3dQR1psMC1iWVlEeGhtRHA4OHlpUFltVy11amU3eExlRko0SjJtWjl2OEdRYlI3a3VoR045QjFkVHRlaURMMm85M0V3Vnk4SmRsX1BQUjlId3Y1SWZOemFhNnRSWHNmb3ZTQ2RqdnBaME9hMWlma3lZOFJhLVRWakNZLVJVLXljSkZSd2U0VjBDcnZ0WWxaNTA0RGlITkdIUHdBZw?oc=5,"SEBI board meet likely to consider PMS revamp, broader FPI access: Report Mangalorean.com","""(""mutual funds"" OR SIP OR AMFI OR FII OR FPI) (India OR equity OR market) when:1d"" - Google News"
2026-09-23T11:51:23+00:00,1,['AI / tech risk'],CNBC,Meta's Muse reignites AI disruption fears. Traders are targeting this brokerage stock as next casualty - CNBC,https://news.google.com/rss/articles/CBMifEFVX3lxTFBtRTVFTXJpb0lqMXZCM2ZJc08tVUFWQjd1dTdKOUhhVjFFV1REOXQ3SjlrNURZWnJfeVRRQTZ4S0d5anRKSk9QYWU2NjN6bzhfRHlrRTR4eEpiQnVuOHdudkdCMndLNkJhR3dna2tIQTdkVlpKYUNaMm42a3fSAYIBQVVfeXFMT0x1cHFQZ01KbDdkY1ozMTduSVk1TGhtRVZPS3RXMHR1YXMyNTNFbld1elJrVy1WdjlhMlZTamZKbzM2UXpFWVN4a2JMbEpjc01HNGR2aW9jZUc4RHo5ZjJZQ2V6clp3QTRyNnhLa0NxSEVUS0ZTTzZqQXU5U0xhOG45Zw?oc=5,Meta's Muse reignites AI disruption fears. Traders are targeting this brokerage stock as next casualty CNBC,"""(AI OR ""artificial intelligence"" OR Nvidia OR semiconductor OR technology) (selloff OR ""market fall"" OR ""stocks fall"" OR correction) when:1d"" - Google News"
2026-09-23T11:16:36+00:00,1,['India market'],Livemint,"Sensex slips over 11,000 points from record high in 10 months; 3 triggers that may fuel the Indian stock market - Livemint",https://news.google.com/rss/articles/CBMijAJBVV95cUxOUExzY0ZPTTBDblhZUWV1SjVUZWd0amE1STlQN1N6bm9VajdoT2NVb1ZvVjJrcHg2WTNBYlI1SGkwMlVOU3o4NDY2ZVpRMHRkRUhVUWVaS0N5QUdNbzRLa1I4UkRhNkVwOWpaVVNxOHhFV0NxZFhGOUx4anFCRDlDb0ptMHlzWFhvTmhMTEFvSk1ybFBSTzA1SG1KQnczZVdTX1NmUktxYURuVTBFbk0ydGhjNVBNN1d0Q1lUWkZlQVBJWWJLd0NhVml5amI0STBVcEs5WW4tN1pTajJSbU1wYm5ydUdIUjdvSW04MWVkdl85NmpZVmVVVFl1YmxZaWxBTVB5bkhUSFVaMXFu0gGSAkFVX3lxTE5LZmlZbUxuSjFGRzllWHk1R0RmZ0tla0huTUZYM25TUGxFMXpWLU5rTXc0WXdXM3lTWW1nYUNmNTI2elJWcEhZOTRhZ3A2X2JOUHZ1XzBuSmRRX2ZsNGZrQVBkVDlFSExzbHc3Z0VPYjRTekszODB5QndnS1Q3NmVvRmpfdmc4QzhRcGZScWlZZ01KUE1ZVWZmSFQ0UnpKVFllOFZxY3ZIME1LX2xaZ2o5bUxoYkR6Q0JQTlN0b3ZWU19IRHRCaTRmdFZLVXo1dG1oODdLOWJhSkQ4akVrODVaQTUxZnZtLWxUNDhyTGdxMDBkS3ExQXJwbnRPQlpxTFdReTZxNEtLWGRwNnIwTEhCcGc?oc=5,"Sensex slips over 11,000 points from record high in 10 months; 3 triggers that may fuel the Indian stock market Livemint","""(""mutual funds"" OR SIP OR AMFI OR FII OR FPI) (India OR equity OR market) when:1d"" - Google News"
2026-09-23T10:03:10+00:00,1,['AI / tech risk'],bloomingbit,"UN AI Rules Debate Heats Up, Adding a New Variable for AI Stocks - bloomingbit",https://news.google.com/rss/articles/CBMiVEFVX3lxTE1PN0Jkd0RCbGNoZXAxXzA2TlFkNlg5ZVR5NVBZMDBYNFRuSmFza0k2YlJUblZ1anVIR1QyclNsOVhHdjdDN3NpdmZoNXZ6NU9xb0dqaQ?oc=5,"UN AI Rules Debate Heats Up, Adding a New Variable for AI Stocks bloomingbit","""(AI OR ""artificial intelligence"" OR Nvidia OR semiconductor OR technology) (selloff OR ""market fall"" OR ""stocks fall"" OR correction) when:1d"" - Google News"
2026-09-23T09:17:39+00:00,1,['AI / tech risk'],Bloomberg.com,"AI Rally, Weaker Yen Set the Stage for Japan’s Market Return - Bloomberg.com",https://news.google.com/rss/articles/CBMirwFBVV95cUxNbW5heHhsVnBYQ2tkX1NqTEZiQzFsOFdOR2c2eE92M1RmYTg3Z3I0SXBkZldRRDZNOEd2Nk9wbmExOEI0S2hfNUY3WWM0eHZja3RFelA3X2ZtcHNScUxDREtpR0t4RXB6aW5QM1JDM2Vra0ZPRUNORllZYXlXbmo0S1BCUWdwM2hSdU5hQUo2Wjl2cjM0M1RkOTV6dkVJNzBmaF8wQnAwUkpnRmVLRDZB?oc=5,"AI Rally, Weaker Yen Set the Stage for Japan’s Market Return Bloomberg.com","""(AI OR ""artificial intelligence"" OR Nvidia OR semiconductor OR technology) (selloff OR ""market fall"" OR ""stocks fall"" OR correction) when:1d"" - Google News"
2026-09-23T08:56:56+00:00,1,['India market'],Moneycontrol.com,"SEBI board meet on Thursday: PMS revamp, wider FPI access, AIF and REIT reforms on agenda - Moneycontrol.com",https://news.google.com/rss/articles/CBMi5gFBVV95cUxPN3ZOSkpiXzJHd2pGNVVyTWtreVV5VGk3YmwxRXpzd2pYcGc3UU82aEJ1SEExcnVXLUNMQ0hrbDg1VTI2UkUxRHctSXBvc2UzaUhscC1lQ29DYzZZdDlMVl95elpXWGduLTBidWVvNFprQ3hDRnFxbEZfdENJclFsMHV3Mk85SE5EZmlTbDlZYTVpYlFwRmdMNG5TaFE1b0VRZGhiS01McDRVT21KR1NwcDlPN2ZGenBoVVg3WFk4dThfUzhDUE1LVmxEWHFIQUtYOW1GWW9TMzlPNjVEM3ktWlplaHhmZ9IB6wFBVV95cUxORkRkY1IwT2lfd25uZHN3MktOd0N0ZWMwZkxITF9XQWloUkhfYW1YX19ERmFCdnlpOE5XMGZzUkREekJGRFNmTDRxWWtsOUpwOHMyQ0V1R2JQbzZyVkp5dkxHOHQxdjd2Y1pXRGx6V0w5S3lPSTlwYUpVUENGMW0zVTdIZDd5SWhLNE1PT3RzLUtjc2hjT3ZHSGhTVTZJeEdVSWJQQUd0bGNyclcwV0VkOFE3bnByMzdpNnpOa1d1TzFudEVmVzJHMmxMSTdRLXJwSEo2eEZ4a3J5SW1GTks2WWs4YVZiaFY0ck9z?oc=5,"SEBI board meet on Thursday: PMS revamp, wider FPI access, AIF and REIT reforms on agenda Moneycontrol.com","""(""mutual funds"" OR SIP OR AMFI OR FII OR FPI) (India OR equity OR market) when:1d"" - Google News"
2026-09-23T07:46:55+00:00,1,['AI / tech risk'],Hospitality Net,She's the only one who knows what the AI got wrong about your hotel - Hospitality Net,https://news.google.com/rss/articles/CBMiswFBVV95cUxNaHhoUXptdkRLVTJFdll0VkRhWnlkNzdEODRSTVd2bFNPYVc2LUJXNElFUlp6cXFuTUdyRFRIWC03dTdmTS1zaXUxQjZNajVfa0NsZ0VOYXljZmVrT3RHLWlscXB0WkVVSnpkd0ZFLXExVDRsa0s5R0tCMUN5bF94aVdndFE1QkFGWFVBTEhzTm9mQnhHYjJTcUlJeTI4WmU2TnY2S2Q3MTdwc2JWa3lCbUNGMA?oc=5,She's the only one who knows what the AI got wrong about your hotel Hospitality Net,"""(AI OR ""artificial intelligence"" OR Nvidia OR semiconductor OR technology) (selloff OR ""market fall"" OR ""stocks fall"" OR correction) when:1d"" - Google News"
2026-09-23T07:18:47+00:00,1,['India market'],univest.in,TENNECO CLEAN AIR INDIA L Share Price Today: 2.34% Drop - univest.in,https://news.google.com/rss/articles/CBMikgFBVV95cUxOR1p2WUdDX1BEcHVHVmtROGw3bEZVaGJuREt1eTgzcmJJNGp5eWZUUnNVZWZfTEJKNGw3M3dic2FXZFBNY2RISEFjVEdvN2xLbDVocmhqVGY0WU9KTXFtcDZIb0tIU0hEOXNSZFdfTUUwTHFJeVEtT0ltNUNlbkhOT3UxU0JsVEd6UV96VC13WUFSZw?oc=5,TENNECO CLEAN AIR INDIA L Share Price Today: 2.34% Drop univest.in,"""(""broader market"" OR midcap OR smallcap) (selling OR correction OR fall OR volatility) India when:1d"" - Google News"
2026-09-23T06:49:02+00:00,1,['market selling'],Livemint,BlueStone Jewellery share price falls 9% today | What's behind the plunge? - Livemint,https://news.google.com/rss/articles/CBMi4wFBVV95cUxPcFlkQ29IR0dCc2ZtNjJHS1BCV3h0RWlXdndKb2xZeVlsNUw3aW51T3hHTDZUanAyaml4UmhsSG02WnJscDhaTF9FcmpzSWtaRk90UFg0MW1nUDZCYmFCNGZDeXRtNXo4SnBCQXZ6SF90bWRacHAtMmtBYU1YQlpNZ3UxSEdYV0w4M1lEelJncUNBTXJLZ0ppTUR0ZFB2WTVpNGFRMmVwOFVJV2RFUmtHU2UzczQ2S1Z1c2hXNjRfRk44cXZMU08wcXhJbFdCdkVXa2k0XzdfQ1dISUtPQjMyV1p2UdIB6AFBVV95cUxOR1RsUkhPRHRLQUFhWmZLYTZwSlpRTUFwSmoyVkVQSWh6X044Rzd2TjBBWkxxd3NUOFdCVmNxV1NDUlJSYWJaOGJFc0JPM0xqdmFIT21BT3ExX3R2dlFBZVhPekhzY2NkSXhjdzVrTkt0LU5kY1Q3YldvdWJnVTVRNlBjMFlndnE0WXVyemFtOXBoQXZjQ29kblZaaWR5S2ZhMWNmTXllSlZsbTNndWZXX2lZemNRQ0NESm9iMllZQ1pJZ012Z2d1Skp0UXo3TVdrWnlYT1E5M3NCUG12N1ExOVNIVE1mWmEx?oc=5,BlueStone Jewellery share price falls 9% today | What's behind the plunge? Livemint,"""(Nifty OR Sensex OR ""Indian shares"" OR midcap OR smallcap) (falls OR selloff OR correction OR ""risk off"") when:1d"" - Google News"
2026-09-23T06:42:20+00:00,1,['market selling'],business-standard.com,Domestic air passenger traffic falls 6.34% to 12.13 million in August: DGCA - business-standard.com,https://news.google.com/rss/articles/CBMi3gFBVV95cUxPWTZaeWJXNS1mUF9RVTgxeGdFNUxHUXpveUtzcXNCUkx1WjlLTWlWMDJyYW9SUWQ5bG5uQnpFNjJVSVdzT0kxYzctYllFVnhVYmVvOG9jRWh6R0VqY093ci14Qmt3Vl9tU3hCeFk0MlVieGh2Rm92MmZ0N05xbkJueE1LZG5nNWRCRW5JOEFCcGxlUUV3VWt0ZGs4blVyRHBLM2czR2pNZmhwN2FyRVdRbmxDamVJX0VVSE5Qc2NKQVBSbzVNLTY4YWdRakJ1cmtMdzZGYW1lR3RGMFZmNkHSAeMBQVVfeXFMTUNUTHdQakxwOU5lLWhFSmhhX1hGdUlaTFdJdVBMS0EzSDlNUS0wN2NKVFM1Wndpb3EtX2xxMUhGYWN4aUs4NUMyMWlodzJZUGZmS3JrMkdZcnFOVjhlQjRMRWg1T3ZUdmNYa3FNdGEzdExYNTI1ajBheDd2cmpMWExPRjlEN3dnT0ZzY0N2Z1ZWaFY0SV83TjFsWTlGWXNTZUpzZ1BuNXpwbVN3UTRiOWdWamh3MkxjN1gwUTZTSDVWSXVIakpzRE13SG5kS2U0c3dPaU44Yk9QSklMVjc2c3JiVXM?oc=5,Domestic air passenger traffic falls 6.34% to 12.13 million in August: DGCA business-standard.com,"""(Nifty OR Sensex OR ""Indian shares"" OR midcap OR smallcap) (falls OR selloff OR correction OR ""risk off"") when:1d"" - Google News"
2026-09-23T06:10:14+00:00,1,['India market'],MarketsMojo,Abbott India Ltd. Technical Momentum Shifts Amid Mixed Indicator Signals - MarketsMojo,https://news.google.com/rss/articles/CBMiyAFBVV95cUxNWkdldG1KUDQwV01vT1VySS1fWGpDYlVTNl9zUDZTbEVZWFRaNGdpYTZvNEdRbWNXLTNId2J1VkNlbmhZUUlmTjRYaG4wbnp3aU9lQ1U0WXVsTFhPcXBjT3VGUXFLRGoyMEdDbVZrdF9reVRmVnR3YWxFUFMtem5MVEhrUlQ0ZDNTV3E4dlc1bEU1OUVDbjBCc09Mb3I1YXI5T1pZUFl0MjY1OUtuLUZhZHg0TGgzRDhvbXZWUEFCRjFvTVpIY0ZYNg?oc=5,Abbott India Ltd. Technical Momentum Shifts Amid Mixed Indicator Signals MarketsMojo,"""(""broader market"" OR midcap OR smallcap) (selling OR correction OR fall OR volatility) India when:1d"" - Google News"
