published,score,themes,source,title,link,description,feed
2026-09-08T18:26:16+00:00,13,"['AI / tech risk', 'market selling', 'India market', 'macro / flows']",MillenniumPost,"Markets fall for 2nd day, Sensex tanks 555 pts on rising oil prices, selling in blue-chip stocks - MillenniumPost",https://news.google.com/rss/articles/CBMi3AFBVV95cUxOWGpZQU84TXRMOTdITS1KR0hEVlozUU03WFNTQUpOYzRlVVY0OGJ4UkJEUURaN0dXUVM2NmFMUEJMcGZJZy1rUm1EZmgwc2xFbE12UWxrMzBiYXNJbUZuUG9WamdRcWluWUkwd3hqaG4yT0pNb1VZazJRZU1vRjBvS0JEV2RrNnhJME1tcm9rT05KLUJZTlhtRXpIVkpIVTVWcnozWXJkclBNamFXdzdEZFhLUk03MTVUODhPSUR5LThBaVJRYW01eFlhSmxzdC1qb1NzT21aV2NwV0dP0gHcAUFVX3lxTE5YallBTzhNdEw5N0hNLUpHSERWWjNRTTdYU1NBSk5jNGVVVjQ4YnhSQkRRRFo3R1dRUzY2YUxQQkxwZklnLWtSbURmaDBzbEVsTXZRbGszMGJhc0ltRm5Qb1ZqZ1FxaW5ZSTB3eGpobjJPSk1vVVlrMlFlTW9GMG9LQkRXZGs2eEkwTW1yb2tPTkotQllOWG1FekhWSkhVNVZyejNZcmRyUE1qYVd3N0RkWEtSTTcxNVQ4OE9JRHktOEFpUlFhbTV4WWFKbHN0LWpvU3NPbVpXY3BXR08?oc=5,"Markets fall for 2nd day, Sensex tanks 555 pts on rising oil prices, selling in blue-chip stocks MillenniumPost","""(Nifty OR Sensex OR ""Indian shares"" OR midcap OR smallcap) (falls OR selloff OR correction OR ""risk off"") when:1d"" - Google News"
2026-09-09T06:55:44+00:00,11,"['market selling', 'India market', 'macro / flows']",India Infoline,"Sensex Falls 600 Points, Nifty Slips below 23,500 as Crude Oil Nears $100; Rupee Hits 94.83 - India Infoline",https://news.google.com/rss/articles/CBMiygFBVV95cUxOakg4X3RQaDZMNU9Zb3NpWHBXc29WamxXd0ZpeENweGhnTjBNNzZFN29Od3ZVRGJvRGRUa0pkekZ0bGQ5eXpSTUthY0Z0RmZmaFgxZm8yNEVFWTQ4WEtEUFdPVWUybVZXQ3dvNndXTEphNm1UNXpJMFpHUHd5SXllQTFJbWROdHVZVGtIZWxPRWxqSERDLWluVG1pY3pRbFF0UHhRRUVlbUVDQWNqcnBwa25fbld0V1k1eFFxWTBZZk53SE1ZVjBlYmhn?oc=5,"Sensex Falls 600 Points, Nifty Slips below 23,500 as Crude Oil Nears $100; Rupee Hits 94.83 India Infoline","""(Nifty OR Sensex OR ""Indian shares"" OR midcap OR smallcap) (falls OR selloff OR correction OR ""risk off"") when:1d"" - Google News"
2026-09-09T09:37:37+00:00,10,"['market selling', 'India market', 'macro / flows']",dailypioneer.com,"Sensex Falls 555 Points, Nifty Drops 144 as Crude Oil Rises - dailypioneer.com",https://news.google.com/rss/articles/CBMiY0FVX3lxTE9obGVfVzN5N1djT3NpdUhFWlROZnNtZVEzTFI1QjJnVHZCcmxJckh6Z2ZzWEdxR2hOQWc2T1NCeHdJSm4zR0NnNURSYmwzcjJVcm1HV0xBbklxUzNaQkdQVlRnOA?oc=5,"Sensex Falls 555 Points, Nifty Drops 144 as Crude Oil Rises dailypioneer.com","""(Nifty OR Sensex OR ""Indian shares"" OR midcap OR smallcap) (falls OR selloff OR correction OR ""risk off"") when:1d"" - Google News"
2026-09-09T09:01:07+00:00,9,"['market selling', 'India market', 'macro / flows']",Dalal Street Investment Journal,"Nifty 50, Sensex Fall Up to 0.56% as Crude Oil Prices Rise; IT Stocks Drag - Dalal Street Investment Journal",https://news.google.com/rss/articles/CBMiuwFBVV95cUxOUlItZWw5dGFQSy1iaVJFbmIzTHg4d2xzLUxweW1TaTdTTWpYdlEtWHdrVG9zbU5Uc0RfVzhsM0JtbEV0aFFqOUhfaHRtNFFqV01tTTZyNEM3bjdGOXRuR2tENFJSTzR1SGZnclRQTVlxWUl2bThaeFNqVHJMb0FBZnhIY2ItYlhCNktBWE5KaEFFOHJsVGVORW1RcUxiaEJvYnZTNTlnVE5SV1MwdThDMHI0RDFvRFRaNDdn?oc=5,"Nifty 50, Sensex Fall Up to 0.56% as Crude Oil Prices Rise; IT Stocks Drag Dalal Street Investment Journal","""(""broader market"" OR midcap OR smallcap) (selling OR correction OR fall OR volatility) India when:1d"" - Google News"
2026-09-09T08:02:47+00:00,9,"['AI / tech risk', 'market selling', 'macro / flows']",毎日新聞,"Tokyo stocks fall as higher oil prices trim AI, chip gains - 毎日新聞",https://news.google.com/rss/articles/CBMic0FVX3lxTFBzTkdjbXVneElEUVZfd0gzeHFUTjZOVE5RSUtIOHgtM1NoV2NvU3JlWmU1LTJlV29idnpNODVhMFhSQ2d6MVRuMmRXRXhhSHBEMFZnbmpVRzZPNUh3bmp0WjdBRmdQdlBlSTR5OEl0ZGZhcG8?oc=5,"Tokyo stocks fall as higher oil prices trim AI, chip gains 毎日新聞","""(AI OR ""artificial intelligence"" OR Nvidia OR semiconductor OR technology) (selloff OR ""market fall"" OR ""stocks fall"" OR correction) when:1d"" - Google News"
2026-09-09T03:56:59+00:00,9,"['market selling', 'India market', 'macro / flows']",News18,"Markets Today: Sensex Falls Over 527 Points, Nifty Opens Below 23,550 As Crude Oil Nears $100 - News18",https://news.google.com/rss/articles/CBMi2wFBVV95cUxOZUlXZGs3enljLU51a3hLbFR4SVItOXBBX3F5RnlKQlFkMkFkRlVGcURXdXRnazZicTZFY3dMV212WXJ3MEdZLTc0MTlVQXp3Z0JIY3FVS1Z1RGZvQWVPZmdwbERaakx0Z1Q5eVl5MFFmdVNNTUxXNFR3ci1naW5NSVhwZ3J5ZHhiMFI4YkkxbkZnQ0Nua2RGQUNOdDVSVlJGTUdsNXc1SEg0NmhhbGxybGlQV1g1Z0F2cUNKaGxQVEg0OXlMZnFqQWFuZkhRZkR1WFZwRVUxN1NYVGfSAeABQVVfeXFMT1Q5ak1tdEtmOTd5MmNTV29JWjdJanp0dEhuX0gyY1c1TlA2UnIwQ0hvRmdZR0JWczdsd0NaMUt2Ujg4elU5eUV1amVSWGNZQ2JkSURvY1U0ZFQ5ZEUtTlR2NlUxZ2pYMDc1c2NaSU9rZHNfbEZvdzBtbnM1cmlVTmhneEFDWEZYbFRNYWhncjZXTktWbm1iUGJMdWdkbEVOd2FtM1RtNUN3eUdEUHdGWUtITm5Db3J3bVFtaXRYbmtKNU16TkNiM2FjR3hYS3gtaTlUTUhudDJ4elEtaVc0MUc?oc=5,"Markets Today: Sensex Falls Over 527 Points, Nifty Opens Below 23,550 As Crude Oil Nears $100 News18","""(Nifty OR Sensex OR ""Indian shares"" OR midcap OR smallcap) (falls OR selloff OR correction OR ""risk off"") when:1d"" - Google News"
2026-09-09T00:39:45+00:00,9,"['AI / tech risk', 'market selling', 'macro / flows']",TradingKey,"Today’s Market Recap: Oil Nears $100, US Stocks Fall, AI Chip Stocks Buck Trend as Intel Surges Over 9% - TradingKey",https://news.google.com/rss/articles/CBMi0wFBVV95cUxPb2d3Y0dGWUpOTng0bC14T1BCbmxlYlpFNmh4MVBwNVE3V2N6cWZfOUV0RHlqTUF3MHVoby02U3RrVG9jeHV5TG45X1JiLW9qMjZaWVIwT0gtTC0yV3Fac2MxUzJVaWJBMFJvQTNrbXZzYW5EejlCV0Nrb3N0OThpOVBLLVVaaEp3QzdlNVhfcDVyLXI5MjVDUjM2SFNXMHV1eHNHd0xpYi1tMnotanNMNWNaMjBPMWttUkdVbzVpNk5jNHU1RWNGQVpDU2hSLVNETzF3?oc=5,"Today’s Market Recap: Oil Nears $100, US Stocks Fall, AI Chip Stocks Buck Trend as Intel Surges Over 9% TradingKey","""(AI OR ""artificial intelligence"" OR Nvidia OR semiconductor OR technology) (selloff OR ""market fall"" OR ""stocks fall"" OR correction) when:1d"" - Google News"
2026-09-09T11:38:25+00:00,8,"['market selling', 'India market', 'macro / flows']",LatestLY,"Business News | Nifty Closes Below 23,500, Sensex Falls over 1% as Brent Crude Crosses USD 100 Per Barrel - LatestLY",https://news.google.com/rss/articles/CBMi5AFBVV95cUxOMFFMcHdLb1pLWlNBc1UzTEUzVk5IVXRUZ01SUm5EZlQtNW12Q3oxNVo2SXNYc0VqNnZTWnM1Tk1QUW5SWDQwUEtDazE1dnI0WHJpVE55QURKVV9IeEJWMHZTa0IySTJLWm9XY3ZhR0tsd01yN3NmWlBDd044eEJYdVE1QWliVzJnS1gtWnp3WGNHMThhQ3NjQ3dfRkg0VmhLSUZxaUlvZWtyR3g2RnFsZ3JiTkltQV9ONk9udk9rdmx0dFgxR1FYMndXTlJ0TXBqUjZ3UWtPNVZtUGQ4djlfS0piOEjSAeoBQVVfeXFMT2EyZU1YRXZQbmxwT0dtQjRFeUVvOC1vS2xSeDVaTGlFemZSYjFUbDk1bFRVNEVkV2RBYVdtVVZUUFBUWW8td1RNYWRpVURQRjYzMDFOLUh5V2FBNDMxdFFQWVphRVBYZk4zSjR6aWFqSTFYeVVSM2hZb0FqeVEzUDhyT091b2gwSlRTTmkzcVd6bm5XSHVLUEZYZXYzcW8tdl9KX0hOZWZ4N0d6bnl1Z2RxNEkwZC02NDEwVHdqMVdFTTlGTGhzeXJ5QVo2V1didElSNUttREZXbHAwcHpBd3QzckFXTVNrT3lB?oc=5,"Business News | Nifty Closes Below 23,500, Sensex Falls over 1% as Brent Crude Crosses USD 100 Per Barrel LatestLY","""(Nifty OR Sensex OR ""Indian shares"" OR midcap OR smallcap) (falls OR selloff OR correction OR ""risk off"") when:1d"" - Google News"
2026-09-09T10:30:00+00:00,8,"['market selling', 'India market', 'macro / flows']",ANI News,"Nifty closes below 23,500, Sensex falls over 1% as Brent crude crosses USD 100 per barrel - ANI News",https://news.google.com/rss/articles/CBMi0wFBVV95cUxQM1JGTlJUVnRTZDBhbFZnYjZ3YjlGTlFfNlQ0WkVIMGxxLWd1Zmt0RnQ3OXhNaGpWQllfTjhzNURSX2VwWlNVTHlzM3BEZldSMGxhRmZuZUtmM2liSlBCR0IxOGtoUWNDY1lIdk9zQnBLTlV2UFh1TkJfdzlMWnVjbjktTVdWajhhZDhueGptVGgzbGdNMlN4b3QyZVVIV21zYlVoeXBDSDBDTzdocnVCUzRYbGstak81ZGRjX2Z6eTljRU52QmV3cnpxTFVIOFAzU19v?oc=5,"Nifty closes below 23,500, Sensex falls over 1% as Brent crude crosses USD 100 per barrel ANI News","""(Nifty OR Sensex OR ""Indian shares"" OR midcap OR smallcap) (falls OR selloff OR correction OR ""risk off"") when:1d"" - Google News"
2026-09-09T10:12:16+00:00,8,"['market selling', 'India market']",ET Now,"Stock Market Closing Today, Sep 9: Sensex falls 813.35 pts, Nifty below 23,450; reasons behind the sell-off, check top gainers and losers - ET Now",https://news.google.com/rss/articles/CBMikAJBVV95cUxQSUVHOWVsU1ZEZjVUMXE1dlVRLUJhZEVwOVJKSnhMMkFQOHVJUVlzbGpsMWNoYTlKOHo0Vy14d20tclpfYXVPcldSaVdWMGVnWEIxZ3UzN1lDR2NaOWlLR1pYcDU3dzZ5Mm9lMGhlUmFLLWRuaFRNajQxVFRvN1FNUGcyS0daM2J3bEphMmVac1A1S3NEcTBQYllrRURCZEhZc3JyV2Z4UlFTRG1lazlrd1ZOeFNTRDhhME5kM05NM1pfejNSUGJIaXhUbEpRNkxtazMteWpOV0pXZWVKaEZzRHV1WjRLM2NWVVlQNHJ3TmJDdnRrUFAzTHdUNTFJdWM0dnJQWk81R0oyZ0VucFA5Y9IBlgJBVV95cUxPajNwcW1KTmNtNTFkOFZoVEd5ZFVYckJrSGcwU1g5U2tPakQ0WlF3R3dMeFNpN0JYYTd6VTlJdFJTRGRobHl6WngtTmNzcTU4dFl0SXhfdWV4N0V1ekVfbFVtQTZtalRLZnV3YUJwdHl1TTRqTEtUTU41Y0JRYXlPVk96U1NrbXA2b2VHWEVaeWR3b3hib08zTF9DS0NwdldlcVhZbU03Zkk3d2RMUkJ6d2NzU3ZXRXZZSGo2bWh3LVNnUlFVUF9vN2ZOcXdQMXdIN1lRdk41eHN2a1d2bmUyUHhKZjRIN2hhMHBWWEZnLWhsMkd1WEozMUhJUFZrUHo2RGRsOGFRN09WZWpBbGFaYW9MRjRQZw?oc=5,"Stock Market Closing Today, Sep 9: Sensex falls 813.35 pts, Nifty below 23,450; reasons behind the sell-off, check top gainers and losers ET Now","""(Nifty OR Sensex OR ""Indian shares"" OR midcap OR smallcap) (falls OR selloff OR correction OR ""risk off"") when:1d"" - Google News"
2026-09-09T07:14:52+00:00,8,"['market selling', 'India market', 'macro / flows']",BusinessLine,"Sensex, Nifty off day’s low, crude prices & IT stocks selloff weigh sentiment - BusinessLine",https://news.google.com/rss/articles/CBMixwFBVV95cUxPYnpxWWFwNXAtcmZ3UlZPM1NkV05XWXE1aFFndWJKbU1TTnlVOS11S3FRcGl5cnJBOUwyU3FmOFVna2p2UmhBVlNKNEpzYWxXbVd1UkhjZ1ptcjAySE10RnRxTWl1SEFWd1liTzRNOUhxc0VEX0kyWmJUN2FJNFZBNVBVTFVZNjRIOEsyYVFCMjR1anRuZGtvNHRQU09TeWpWSWVkejZPLXFqeTRsX0F1UWFxbERYdWlzVDJtY3lVeDcxRXBFT3lJ0gHOAUFVX3lxTFBmb1VTMUU2ZW5uOHRwM0R2eXl1cGJCNTFsNUM0blNqR3AydUxXWHppSnRBVE1aLXgyTnFjYWQ3OUE1akNrVmJ1WGFvV3pydmcwVmVMd3RJUVpNdGs0d21lY1FkMHdzSFlWQnVUZWZZVi1oaUhxZER5aWNJbHZrMHBxSzN1aEdKU29nb2g0RXFSSUphaHEwdFcxaEZiSFI4N1J2amJ0bHB3Q2VJWkpzb18zaE5BRERqemE0Rkw1MTFZMWw3SlJBa0NXVWVYZk9B?oc=5,"Sensex, Nifty off day’s low, crude prices & IT stocks selloff weigh sentiment BusinessLine","""(Nifty OR Sensex OR ""Indian shares"" OR midcap OR smallcap) (falls OR selloff OR correction OR ""risk off"") when:1d"" - Google News"
2026-09-09T07:14:52+00:00,8,"['market selling', 'India market', 'macro / flows']",BusinessLine,"Sensex, Nifty off day’s low, crude prices & IT stocks selloff weigh sentiment - BusinessLine",https://news.google.com/rss/articles/CBMizgFBVV95cUxQZm9VUzFFNmVubjh0cDNEdnl5dXBiQjUxbDVDNG5TakdwMnVMV1h6aUp0QVRNWi14Mk5xY2FkNzlBNWpDa1ZidVhhb1d6cnZnMFZlTHd0SVFaTXRrNHdtZWNRZDB3c0hZVkJ1VGVmWVYtaGlIcWREeWljSWx2azBwcUszdWhHSlNvZ29oNEVxUklKYWhxMHRXMWhGYkhSODdSdmpidGxwd0NlSVpKc29fM2hOQUREanphNEZMNTExWTFsN0pSQWtDV1VlWGZPQdIBzgFBVV95cUxQZm9VUzFFNmVubjh0cDNEdnl5dXBiQjUxbDVDNG5TakdwMnVMV1h6aUp0QVRNWi14Mk5xY2FkNzlBNWpDa1ZidVhhb1d6cnZnMFZlTHd0SVFaTXRrNHdtZWNRZDB3c0hZVkJ1VGVmWVYtaGlIcWREeWljSWx2azBwcUszdWhHSlNvZ29oNEVxUklKYWhxMHRXMWhGYkhSODdSdmpidGxwd0NlSVpKc29fM2hOQUREanphNEZMNTExWTFsN0pSQWtDV1VlWGZPQQ?oc=5,"Sensex, Nifty off day’s low, crude prices & IT stocks selloff weigh sentiment BusinessLine","""(""broader market"" OR midcap OR smallcap) (selling OR correction OR fall OR volatility) India when:1d"" - Google News"
2026-09-09T06:12:00+00:00,8,"['market selling', 'India market', 'macro / flows']",Univest,Sensex Today: Markets Fall as Crude Oil Nears $100 - Univest,https://news.google.com/rss/articles/CBMijwFBVV95cUxORXY1MjZtLWhBWGVzcXlOVWxiLVRzX3U5U0s1ckxSQVBYT2VVZzJLWExGbHhuUDdoc3d2aTl2TjFtM0JWZzlKYmJ1VFowU3lpVWlpNEx4UzhVQVREano1eWJ5bG9KMU1EOWM5X2FvSXE3bGFicU4zR0FJN2NGZVJHVE83SW9MUWFkejhEZTZabw?oc=5,Sensex Today: Markets Fall as Crude Oil Nears $100 Univest,"""(Nifty OR Sensex OR ""Indian shares"" OR midcap OR smallcap) (falls OR selloff OR correction OR ""risk off"") when:1d"" - Google News"
2026-09-09T05:23:21+00:00,8,"['market selling', 'India market', 'macro / flows']",Inshorts,"Sensex falls 500 points, Nifty below 23,500 as oil prices near $100 per barrel | Coforge shares fell over 5% on Wednesday | Inshorts - Inshorts",https://news.google.com/rss/articles/CBMiwwFBVV95cUxNV1JzY2lPcnFkc1lmLW1yaElONFdOazlreF9neHNYNHd2bFpmNUtiS0RtMFFVdXk5VTkycUpvZ0RLTG9KcWtueHRXSjg4R0VGNFcxdWlreFJIR1VIZEVkczU5S3FZZGs1OTE4QTQ5MnE3dDA3UFc1VnQySUE3OU1yVW5tdjBDX2VEWnpUNWx6N3h6X0xOWEZ4SHg0Y2NsbzVlcU1uMEhEV2V1ajBqQ3FsR1JMbWJpbkxWQ0E4ZHRMX3dZZDDSAcMBQVVfeXFMTVdSc2NpT3JxZHNZZi1tcmhJTjRXTms5a3hfZ3hzWDR3dmxaZjVLYktEbTBRVXV5OVU5MnFKb2dES0xvSnFrbnh0V0o4OEdFRjRXMXVpa3hSSEdVSGRFZHM1OUtxWWRrNTkxOEE0OTJxN3QwN1BXNVZ0MklBNzlNclVubXYwQ19lRFp6VDVsejd4el9MTlhGeEh4NGNjbG81ZXFNbjBIRFdldWowakNxbEdSTG1iaW5MVkNBOGR0TF93WWQw?oc=5,"Sensex falls 500 points, Nifty below 23,500 as oil prices near $100 per barrel | Coforge shares fell over 5% on Wednesday | Inshorts Inshorts","""(Nifty OR Sensex OR ""Indian shares"" OR midcap OR smallcap) (falls OR selloff OR correction OR ""risk off"") when:1d"" - Google News"
2026-09-09T05:06:38+00:00,8,"['market selling', 'India market']",Fortune India,"Sensex plunges 655 points to slip below 75K, Nifty down 168; Infosys, TechM, HCLTech, TCS lead IT sell-off - Fortune India",https://news.google.com/rss/articles/CBMi3gFBVV95cUxQRHg0cm9PVTRDR21VNHkzNndYOVc3MG02NGZsUUE3Nmx6LUVOeXMzMjRSb0trLTlQSEM4TEliS2ZuQldSNWpMQWYyTVRnLURydzlNaU4zb1dhUkViT09SbFU2ei13Rmd1YUtJTjVoYVlyVWJHb1pBQzNUSVVacGtaeUdILXh2Q3U4ejJFejkzUGI4QXd1aGRZN3U5MUU1bDJPcFRsZ05henZEZ2VTMGdFYkRfQktOVlNIQlZzdzJsRjNaeHFBdE5pUFlJOGlEbHNfcEY2QnpBYTFfRG5yNWfSAesBQVVfeXFMT29RV0FTNFJkWHJfR0NVSXFVSFY5MENhdjlYMHc5RzI2S2luejdVY3Z5blM2UGdiZjN1WGZIWENiTTd5eDhGTjN4SnpURV96SW5hbGQwbFFhcUpLdGlVRXJrakVaaXBsazZSRWM2WkhxWGRRR1hzLVZMX1NTYVItcU5pLWFTcWtwWl9mNXZxNVh6SXFEYTd2NW5LdnE4Sk96SXV3MUdFYkxOeTNoQ1VnVkUzRExUeDlzcTFFZ2pvdzZwZkphSXl6TDFfOXR1UEMzMkp0bDgtVWM2UHVLN0NPYVNPWElfTlpFS1R3UQ?oc=5,"Sensex plunges 655 points to slip below 75K, Nifty down 168; Infosys, TechM, HCLTech, TCS lead IT sell-off Fortune India","""(AI OR ""artificial intelligence"" OR Nvidia OR semiconductor OR technology) (selloff OR ""market fall"" OR ""stocks fall"" OR correction) when:1d"" - Google News"
2026-09-09T05:06:38+00:00,8,"['market selling', 'India market']",Fortune India,"Sensex plunges 655 points to slip below 75K, Nifty down 168; Infosys, TechM, HCLTech, TCS lead IT sell-off - Fortune India",https://news.google.com/rss/articles/CBMi6wFBVV95cUxPb1FXQVM0UmRYcl9HQ1VJcVVIVjkwQ2F2OVgwdzlHMjZLaW56N1VjdnluUzZQZ2JmM3VYZkhYQ2JNN3l4OEZOM3hKelRFX3pJbmFsZDBsUWFxSkt0aVVFcmtqRVppcGxrNlJFYzZaSHFYZFFHWHMtVkxfU1NhUi1xTmktYVNxa3BaX2Y1dnE1WHpJcURhN3Y1bkt2cThKT3pJdXcxR0ViTE55M2hDVWdWRTNETFR4OXNxMUVnam93NnBmSmFJeXpMMV85dHVQQzMySnRsOC1VYzZQdUs3Q09hU09YSV9OWkVLVHdR0gHrAUFVX3lxTE9vUVdBUzRSZFhyX0dDVUlxVUhWOTBDYXY5WDB3OUcyNktpbno3VWN2eW5TNlBnYmYzdVhmSFhDYk03eXg4Rk4zeEp6VEVfekluYWxkMGxRYXFKS3RpVUVya2pFWmlwbGs2UkVjNlpIcVhkUUdYcy1WTF9TU2FSLXFOaS1hU3FrcFpfZjV2cTVYeklxRGE3djVuS3ZxOEpPekl1dzFHRWJMTnkzaENVZ1ZFM0RMVHg5c3ExRWdqb3c2cGZKYUl5ekwxXzl0dVBDMzJKdGw4LVVjNlB1SzdDT2FTT1hJX05aRUtUd1E?oc=5,"Sensex plunges 655 points to slip below 75K, Nifty down 168; Infosys, TechM, HCLTech, TCS lead IT sell-off Fortune India","""(""broader market"" OR midcap OR smallcap) (selling OR correction OR fall OR volatility) India when:1d"" - Google News"
2026-09-09T04:35:07+00:00,8,"['market selling', 'India market', 'macro / flows']",The Sunday Guardian,"Why Is the Indian Stock Market Down Today? Sensex Falls 555 Points, Nifty Slips 0.61% as Brent Crude Nears $100; What Investors Should Watch - The Sunday Guardian",https://news.google.com/rss/articles/CBMijwJBVV95cUxOYWoyWHNDbVpMSG5JbWNhYUZnTm16S3MwRWx5blJ5Mko5MmNQUUR6UjBYOW5XQlZDcElFLVNxdTRLQ3ZIVmNjY0tvZGE4WTJ3Q0NhRlYwSGZzWFFNVDJlZDZPRjdWRXF2Nlc2U0UzTFNROUZnZV9GVVpnVE5OYzJxQ19SYmlsQXRTdXhmeUpMeDk3NDZBVUp3M3JrcjUtbnhqNl93YlZmeHY4R3g0YjE2b05qWUhReGg0MnpvZGRRR0x5Mlc4MEFtWXowakl0S1pHdUNzLWdxQ1ZZa1V4eThzdjVHaU5SMUtHdm95b0VNMG5mQzhUUXdOa1ZkekE0TVBmTzdOQkxIa0dkdmJiWVRF0gGUAkFVX3lxTE8xYlA1N0N0V0xnazhQb1RTNThiOUlScGc5cEhpZVFQMFhvZ2k5S3ZEUm5fWm13M2ZRbVUxaVNVSng0c2U5N0V6bV8xS01ZM2dlelcwY190cFVxQlJPTmlOSWdkMnUwSHdSTWIzNDA1NzJkaFVxQ21fSUh0VkROdVBzcE5WcmJod0VQc1BSdzAzSWpSX2NnZVJrNGZ4ZTRvMmxzZHBGdU1tNGJydVBIcnQ2UmV4VGtVbWRVRlVUT2JWb1RNb2N4SU1HSkVSeG5BN3JPS3BJUklCTzNhMktaWnJNd0F6Z3ppMjBiYWk1cWg3YzNVdzJvYWR0XzlfYmZmenl6TFQ4VHhMQVQ4bk9HRWc0NV94cw?oc=5,"Why Is the Indian Stock Market Down Today? Sensex Falls 555 Points, Nifty Slips 0.61% as Brent Crude Nears $100; What Investors Should Watch The Sunday Guardian","""(Nifty OR Sensex OR ""Indian shares"" OR midcap OR smallcap) (falls OR selloff OR correction OR ""risk off"") when:1d"" - Google News"
2026-09-09T04:33:21+00:00,8,"['market selling', 'India market']",Investment Guru India,Nifty Extends Fall Amid Geopolitical Tensions & FII Selling - Religare Broking Ltd - Investment Guru India,https://news.google.com/rss/articles/CBMizgFBVV95cUxNQ3N6M2JiV3htelVSMHNpU2ktWVdlbURCY1FoSDVJTHFwUElmOU91Y0VqR0xZNGY3cGRnTjNZczdrc3g1VW9OM3ptZEFGSkdWQ3VmekdSNU5rdFllZmpKVzY5ZmdKYzVmajZUR3dpVTFBb1N2elRxSkowMmFZLThDalljU2NSNXBiNlZDSl9GeVYzdnh0OTREUGxKTVJCcG5mUGtIZjhqYnJGellJMXAzdXFEbGE3dVI1ejJOd1M3c2pJYUJrcmd5RFNGYWZDUQ?oc=5,Nifty Extends Fall Amid Geopolitical Tensions & FII Selling - Religare Broking Ltd Investment Guru India,"""(Nifty OR Sensex OR ""Indian shares"" OR midcap OR smallcap) (falls OR selloff OR correction OR ""risk off"") when:1d"" - Google News"
2026-09-09T04:21:54+00:00,8,"['market selling', 'India market', 'macro / flows']",Whalesbook,Sensex Falls 578 Points As Crude Oil Prices Near $100 - Whalesbook,https://news.google.com/rss/articles/CBMiywFBVV95cUxOR1dzbHRGUFRiWjZQb1NqajcxSm91VG1zSVM0OTNxMTN5ZXZ6ZVE1b291ZVJIakY5bHdhMVdJSVdFNXV5Uk0zYTlNb2lZNjRJanMtVHB1LVR6T2x4OWZCQWNrNElDckIyR0hBSE1PZEt0MGpULVlxMDFZX21rREp4ZmR6R0sybGt0c1FTTjItdWdxVFhsc25ERGtLUXRMbVR2SmwyQ2hPb3F5eVljcUZZZGFwUW9PWENEdmMyTmt4Z3p4MTJsR3J6VVk1UQ?oc=5,Sensex Falls 578 Points As Crude Oil Prices Near $100 Whalesbook,"""(Nifty OR Sensex OR ""Indian shares"" OR midcap OR smallcap) (falls OR selloff OR correction OR ""risk off"") when:1d"" - Google News"
2026-09-09T03:49:25+00:00,8,"['market selling', 'India market', 'macro / flows']",Zee Business,"Stock Market Today: Sensex falls 525 points, Nifty below 23,550 as oil nears $100 - IT stocks drag - Zee Business",https://news.google.com/rss/articles/CBMi2wFBVV95cUxQQmJHak1SZ09kUW9rZTV4SThqQnZERmFMS0NoNmQ4V1lWUmx5MzNubEhldEgyWk5JVnk3T09RdUo5Mk0wWWdxRkEzMFlhd3VmWWFkUDhyTzlqZGgzRkprT2ZUM0hxaXF5bk5lZ291VDJSREN6b3g2WHN5ZHU5bjVLbi0xZmIzZHdhcEFzcy1GelYtcG53WDBJVzVDbzhiZkhYQUpTTGZSek53SzFkcGE5WTBkd0JKTzg5LUNTLWUwVTI0SGZUTHlxUGNINjltSmZsWlEwMGxNWnVoNFE?oc=5,"Stock Market Today: Sensex falls 525 points, Nifty below 23,550 as oil nears $100 - IT stocks drag Zee Business","""(Nifty OR Sensex OR ""Indian shares"" OR midcap OR smallcap) (falls OR selloff OR correction OR ""risk off"") when:1d"" - Google News"
2026-09-09T03:48:59+00:00,8,"['market selling', 'India market']",India Today,"Sensex opens 500 points lower, Nifty falls below 23,500; IT stocks tank - India Today",https://news.google.com/rss/articles/CBMi-gFBVV95cUxPVTd6bkV5RkxKLVNOZmtZWHQ3U1VDRFRHYXp2TUVta0E0emNyY3VDaEJnbTk1VG9lLWEtUVhuZS1sYVFIa2FjeXIyUHNQTlJUZnRrRU1oRXhLOTB2OUh4NWlrV19ORVpUZEVVYm56dlFId1JKUVEwVXgwR1Y5ODFjdTRrV0ZaWmI5b3dfRFZHdlVfU3BPTWdhdmdJc1NqSXFIRElsLTRNOG9GcTRjb0x1LWZoemhIT00wUVE4UDMwYjN4T0xZb0hYU3JmUW5OaC0tNkxOVDVZX0huRi11alRfeXlzbnV1V0hlYUFQTGkzZUxPY3kyYk85RTZn0gH_AUFVX3lxTFBNOVlNZ0xLLV9rRXc5Rm9kSDBIT1hGZktrMGhQbHhJVVozNk9yRFFXcUNHT0NhQ1I4X2F1UkdGaHBDUU52ejhwak5jblNmZGN0c2FHZEg1N1FkYm9ZWjF3ZXMzUTQyVG1FR09pM2I3WFVUOFJCa2tWRDVhN1hYeG1FdG9DZHE4M1UxaE5Wci11WlN3bFdwdUNQM3M2c21QNnF4UmwzeVNQTzNMcTlKanprdEtqeFhVY0NPSmNYQkduR1Z4WFV0ZlpRdThtWGtMQUlvS1hKdUNsSC1aSzREd0lJOUdlcXI2MzhDZlYxQm42VVcwQ0gzVDBwLVhlcDZySQ?oc=5,"Sensex opens 500 points lower, Nifty falls below 23,500; IT stocks tank India Today","""(Nifty OR Sensex OR ""Indian shares"" OR midcap OR smallcap) (falls OR selloff OR correction OR ""risk off"") when:1d"" - Google News"
2026-09-09T02:38:32+00:00,8,"['market selling', 'India market', 'macro / flows']",Moneycontrol.com,"GIFT Nifty falls, Sensex, Nifty may open with losses as Brent crude near $100 offsets Asian markets gains - Moneycontrol.com",https://news.google.com/rss/articles/CBMi-AFBVV95cUxQOTVtR29sUmZzbUN6Smp3SVV1cUZaRGJUeFZZX29MZWRlMTh5VWY3OEJLZDFKeWZCRkljZ0pWTnB3Ni04RGJJdE1HYXlxUXlkdjRsS19jOGhTLVpIRmZKMUVKdTd4aVpfUmdXclJKSlg5ZHpxdHNNR2wtWlp4ODJEX2NGWnZ6U3k0eVdFTEZMczVEWjhOeDJHQWdvc01aNGNUWDVuYzRjLTQ3eWNZemZFMlFlcUY3amRXcFR2b3J4SXZySG81eVdmV0hfQzBJYk9LVXVIc3FRbmdGNlBhRTFMMklvN0Q1NVA4RzhSa0ZiLWkwY05YVHVVM9IB_gFBVV95cUxPU29QcHVxOGl0Nm80cEFRNUlkN09RN2xrNk1seTMtYjlzUnVUWEhCVmZBeGJLYVpoR0FHLXc2UjFWQUx0alpRRXMydjlzXzJQeFEwMnVTclQ0WGo0RFQtSVdFbzlXUVlwdTBVSUlyR1VuOHJQQzRhMzZQZjNwT3RVaVNsYTlMVUtmeU1hNWp6RjJ1TWR3RE1aSFJOQjJPd1Q3b01Xak5mT0dRbDU4WVZNU2FHX3FaZzhDdVk5ZlVQNDM0RllGRTNZMk80ZXgxVXlIRUV2bHlSZUFZNWpERExvWGpZYkFVRGlYSHgxREI5UlRRS3RhNHJURzhSTFJRQQ?oc=5,"GIFT Nifty falls, Sensex, Nifty may open with losses as Brent crude near $100 offsets Asian markets gains Moneycontrol.com","""(Nifty OR Sensex OR ""Indian shares"" OR midcap OR smallcap) (falls OR selloff OR correction OR ""risk off"") when:1d"" - Google News"
2026-09-09T02:02:15+00:00,8,"['AI / tech risk', 'market selling']",Moomoo,"The three major A-share indices rose amid early-session volatility, with the optical communications sector surging and Yangtze Optical Fibre and Cable hitting its daily limit up. AI applications underwent correction, while the Hang Seng Index and the Hang - Moomoo",https://news.google.com/rss/articles/CBMingFBVV95cUxPYTdZcTdaSUItdExseC1PQXVTLWNvUmRGYkZlaWZNSnZmclRVMGlCTUo2VV9ERDhjNGJyeXJVQUhVazNSLTFtTWk5Si1fY2ltT2FzOW0wc1FrX05BT2ljQnFNZGdDVml5UVRvQ3g3b1d1ZUY5MzI4U1JNaDhXMTVxMHNydmF6emRZazl6TWJWdWFWeDdoN0t5LUVJcWNWZw?oc=5,"The three major A-share indices rose amid early-session volatility, with the optical communications sector surging and Yangtze Optical Fibre and Cable hitting its daily limit up. AI applications underwent correction, while the Hang Seng Index and the Hang Moomoo","""(AI OR ""artificial intelligence"" OR Nvidia OR semiconductor OR technology) (selloff OR ""market fall"" OR ""stocks fall"" OR correction) when:1d"" - Google News"
2026-09-08T20:19:38+00:00,8,"['AI / tech risk', 'market selling']",TradingKey,"US Stocks Fall as Dow Drops 600 Points, Philadelphia Semiconductor Index Bucks Trend Up 1.3%; Semiconductor Stocks Strengthen, Intel Rises 9%, SK Hynix Gains Nearly 5% - TradingKey",https://news.google.com/rss/articles/CBMi2AFBVV95cUxNLW13YmdESnNacDhCVWtpeGk3UXM4d2cwSTZwVExEbTRyZGJBYjczVnJqRU1VSGtBemROMGZlSTBoSzYxYU8ySjhjeVVoSEFFcVdGTGZkLXotcW9pVnVfVUJXRWVhX1Q1cGZuNzJlbTNPN2RUWEJYOGY1TWpNSWtScWt0OFF3WWxwbTVYQzVNYmR5ZWJhTnZjWGVkVDNYUmVvaWVqZ3JiVDVWMzd0a1pGNFlEMVFCZExlZmhxRWpveERMV09PY0tPMHlnX1BuWlF5blM3UkQ5MjQ?oc=5,"US Stocks Fall as Dow Drops 600 Points, Philadelphia Semiconductor Index Bucks Trend Up 1.3%; Semiconductor Stocks Strengthen, Intel Rises 9%, SK Hynix Gains Nearly 5% TradingKey","""(AI OR ""artificial intelligence"" OR Nvidia OR semiconductor OR technology) (selloff OR ""market fall"" OR ""stocks fall"" OR correction) when:1d"" - Google News"
2026-09-08T19:08:46+00:00,8,"['AI / tech risk', 'market selling', 'macro / flows']",DD News,"Global stocks fall for 4th day as higher yields bite, all eyes on Nvidia results - DD News",https://news.google.com/rss/articles/CBMisAFBVV95cUxNaXhOT1JHOTNGUmdtQ2pKTWx2aTNzRGlGRVNMUXdvRVNNUkpXSGZMWWpPNzhuVW1rOHBCRlVnX0R1Nkh2Wm83aE9OMVJZRjd3eXFNQk40djdORS1QcHRsMWRUUU9ENUJsWjYxQUhSNW1CZDdPeGN6cF80dURJR3BHNmtsRFVTWlBaYzlJUl83Y0pqLTVCNVpOdDlIS3VIOFRKUUdZNmJURC1ScFB5U3Y4Qw?oc=5,"Global stocks fall for 4th day as higher yields bite, all eyes on Nvidia results DD News","""(AI OR ""artificial intelligence"" OR Nvidia OR semiconductor OR technology) (selloff OR ""market fall"" OR ""stocks fall"" OR correction) when:1d"" - Google News"
2026-09-08T15:13:12+00:00,8,"['market selling', 'India market']",IndiaIPO,"Sensex slumps 555 points; Nifty briefly slips below 23,400 amid CAS volatility - BusinessToday - IndiaIPO",https://news.google.com/rss/articles/CBMixAFBVV95cUxOZkVHMUUwMkc4UmUxVS0tM2I1Y2pEWlZBajdpSmZ5VjQ3WnZSSi1iSk01MklrTzVxQW9MR0duRGF0bDZ2ZlA2aFZGU2ZRNG5zcEJjQU5xV3g5XzV6NUhFa2MyUWJXSHN1MFFsaTVxYzRQNk4ta2NLTmR5cE4yN0ZRcnQzeVZ4bkdDb1RabXRTZWlKcGN1R1A4R3VUT1NvVDBkZ3JaeE52eV83X3p4eWFvWGRxbEEtMGc0ZXFsTFE4bnJSaUZ6?oc=5,"Sensex slumps 555 points; Nifty briefly slips below 23,400 amid CAS volatility - BusinessToday IndiaIPO","""(""broader market"" OR midcap OR smallcap) (selling OR correction OR fall OR volatility) India when:1d"" - Google News"
2026-09-08T13:40:46+00:00,8,"['AI / tech risk', 'market selling']",Stocktwits,SMCI Selloff: Analyst Sees Dell Poaching AI Server Market Share After Super Micro Chip Smuggling Scandal - Stocktwits,https://news.google.com/rss/articles/CBMi-wFBVV95cUxOOHhhZXJrVkpWNGJZVlp5dDB5YWZsLTdNYlpOWEIxV3RIRkpycXhMTE1femVmVk9LZWJHU0RrWHBETFZTbm9IZVFCMG91UGJKbkp6T0tlclNudlp5eUc2OE1VVEllZm93WkNxY0QwVXlXeGlEZ01kSVdJSVRud1ZwTmM0ckNlTXZDdldaM3dlVW1PcExOWGZ0U3pHUFdmajMxT2ZoMm0zMkloelBiMVNIblMyWlJtcmdBU3FWNG1xVzFqcUxkMEl1YUJqTFhSVzZ5TlYtaDlMRVVCZDhQN21PbzdVSFVLX3d3emdYVlZTdnVnZGlGeXByOVZ5Yw?oc=5,SMCI Selloff: Analyst Sees Dell Poaching AI Server Market Share After Super Micro Chip Smuggling Scandal Stocktwits,"""(AI OR ""artificial intelligence"" OR Nvidia OR semiconductor OR technology) (selloff OR ""market fall"" OR ""stocks fall"" OR correction) when:1d"" - Google News"
2026-09-09T13:09:12+00:00,7,"['AI / tech risk', 'market selling']",Seeking Alpha,"ICE: AI-Driven Selloff Overdone, The Valuation Case Is Stronger (Upgrade) (NYSE:ICE) - Seeking Alpha",https://news.google.com/rss/articles/CBMi3AFBVV95cUxOQWdDZEp1WTYtWk1talVtSVBCZGprVFd6ZzBuaGl3UG40SmgzTmJMeFNrUkhobFE0cTNXZlVnS1IzTmZET1BRRl9DanZrU1k5RnNNc044TzRGYkJ4eWhwM2lfOEczWWdXdUV3a0dpeG1uNXl6dnlrV3VFeWwwX2tfQmMtbF94WWtJLUxVVXB6OEN5ZnlORVNXQndPZ1p1QmEzRDEyTjktRzhuZmpsU1E2MEk2dENyN3F5VnY5Vk1PUXIwaDBMWlNiZGNIMGJ0NjhKSDhzRkZCTW9yZlBk?oc=5,"ICE: AI-Driven Selloff Overdone, The Valuation Case Is Stronger (Upgrade) (NYSE:ICE) Seeking Alpha","""(AI OR ""artificial intelligence"" OR Nvidia OR semiconductor OR technology) (selloff OR ""market fall"" OR ""stocks fall"" OR correction) when:1d"" - Google News"
2026-09-09T11:10:01+00:00,7,"['market selling', 'India market', 'macro / flows']",NewsBytes,Indian Sensex falls over 800 points as oil tops $100 - NewsBytes,https://news.google.com/rss/articles/CBMioAFBVV95cUxQRzItRl9EVHZVdDdYdmw1LWc5ZkN4V29oRnRRVnlJVmt5RVJ1cjh6bFdKa0VhZVV6NFV4bmhJU2FrODJGTG9VbmVBaG5oRTFqdXo5aTVIZWhqczFObi1pSjBXbm54cXNRcEZsTzdUZWhnazlmOGxaMW8tVm1SOWg4VFRnMTJqVzljQzVfdUdua2cwWW1kOEkyekVqWkMzWlBt?oc=5,Indian Sensex falls over 800 points as oil tops $100 NewsBytes,"""(Nifty OR Sensex OR ""Indian shares"" OR midcap OR smallcap) (falls OR selloff OR correction OR ""risk off"") when:1d"" - Google News"
2026-09-09T10:42:29+00:00,7,"['market selling', 'India market']",IndiaIPO,"Sensex falls 813 points, Nifty gives up 23,500: 5 reasons why market hit 3-month low - IndiaIPO",https://news.google.com/rss/articles/CBMiuAFBVV95cUxOYmx4NlQwT3gzSUplbDliOExXb0JPUXNPQzRlYWtFU3JvRWp4QTZOTDhFRmhaX1VnTVU3eWVBc0wwZUJBeXE3Nk5sT1FVTmFYSVRhbFdRLTN4eTB6UXZYZC1zelJYMWgxbll0aHZ6RS1jVy1PM0RDN0ZqLUZSMks0WHlINWJEWGdHR2wtNFNTNXZ1VGZwMG5lVVVybTVCZzlieVdCeFhYUjgzbnJrUzM4YkRMLXNrc3ZI?oc=5,"Sensex falls 813 points, Nifty gives up 23,500: 5 reasons why market hit 3-month low IndiaIPO","""(""broader market"" OR midcap OR smallcap) (selling OR correction OR fall OR volatility) India when:1d"" - Google News"
2026-09-09T10:26:48+00:00,7,"['market selling', 'India market']",TradingView,"Taking Stock: Markets hit 3-month low as Nifty closes below 23,450; Sensex declines 813 pts - TradingView",https://news.google.com/rss/articles/CBMi5wFBVV95cUxNWXV1Q0UyNGQ3ZE5ycTVqbTNUTDNIakc0ck10T1BLcTE5c21RSUw0V1Y2cHRJNk82TDR6dGtHbDJKcnFxVnN0NF9lZGxyU21HQzQ5andQZ1pqanBrZkZCcFdHWFY2eXZMZHJRZG9sbUdoT005OHo0MGRSVHJMSWZvOG5UbWpMQXpfdnA4aHZIaUtHYk1ZR1hnZHRLZUYxYjUyLWtoNUlXalpxS3pHYlJVbkw1anJPeTVtWTFEWGVoQXVwS1VDZVRGNFo5XzE0czdwVmVhQUZLNUVJVUdNeUEyZms2OTFYckk?oc=5,"Taking Stock: Markets hit 3-month low as Nifty closes below 23,450; Sensex declines 813 pts TradingView","""(""broader market"" OR midcap OR smallcap) (selling OR correction OR fall OR volatility) India when:1d"" - Google News"
2026-09-09T10:22:32+00:00,7,"['market selling', 'India market']",LinkedIn,"Sensex falls 813 points, Nifty gives up 23,500: 5 reasons why market hit 3-month low - CNBC TV18 - LinkedIn",https://news.google.com/rss/articles/CBMiuwFBVV95cUxPMTloS1dBb3RRbm9sWWJMMnpBREhuVm5ZWjZyWFY0NzRfZGN4OGszZ05YaldTMC1oUVQtY082cjZfa1cyeWJTQ2NxNklWYk5XdmF1ZktvY0otWmtZLWpoTEtFN1BiSklFTVN1X01QaGdkbnU4WTd0TnJvWFE0aWtNZ2xUbW5lZmkzUmFrOXdIOTJZUENERkc2R3hyNGdKb25VT0dXVG1uREstbnlWQzF2bEh3TE9CaFJtUnRV?oc=5,"Sensex falls 813 points, Nifty gives up 23,500: 5 reasons why market hit 3-month low - CNBC TV18 LinkedIn","""(Nifty OR Sensex OR ""Indian shares"" OR midcap OR smallcap) (falls OR selloff OR correction OR ""risk off"") when:1d"" - Google News"
2026-09-09T10:20:15+00:00,7,"['market selling', 'India market']",CNBC TV18,"Sensex falls 813 points, Nifty gives up 23,500: 5 reasons why market hit 3-month low - CNBC TV18",https://news.google.com/rss/articles/CBMixAFBVV95cUxNOVlqTUhPdC1yVWxsNW4ycVM3bXVvOFBUWlVQWFJYZTl0Q2I3d1Uta1Yzd3FSR19Jd0VjN1gwanRjVXlFb2IxY3NaZE94aXpmWGd3elFJOVUtaFdkbUZIT2xoOUx3X1pDNUZlcVJXMjg0b3VNR3picDM3SVFoY1Nkb256a2E5NkQ3RUgwQXRuU3M5OExrbU9BeVdZRExwSUZENFJJUmJTdjlWTVh1NkduSl8tM0x3c09MTmJ4VlgzalNxTGNT0gHKAUFVX3lxTFBaTVRUblMyeV9PeFpQUy1fMHlRVUJFZ2hpa2V3cFltVnRWR1pCS2RTSTVOcWs1S21DZ2YwYzRVN2RlUVk3dVhzaWR2UlZCTFh6eUpVMXZhSXQtWkZlOGxDWlF2S3dXWnNySUJLOFRtSjlQeDB5R21Hc3ZTYlNkSXVvLU0wR05WWW54TEs3SFlzU0NvOHF0cE5UUjA5UWhwckJ4Wnc3UlZfUl9GcmNpMUprR1pIQm9ycXUwSHJfZ0JQWlRxZmJKTzRHZWc?oc=5,"Sensex falls 813 points, Nifty gives up 23,500: 5 reasons why market hit 3-month low CNBC TV18","""(Nifty OR Sensex OR ""Indian shares"" OR midcap OR smallcap) (falls OR selloff OR correction OR ""risk off"") when:1d"" - Google News"
2026-09-09T10:15:12+00:00,7,"['market selling', 'India market', 'macro / flows']",The Economic Times,"Why did stock market fall today? Oil spike, IT rout among 6 key factors behind 800-point Sensex slump; Nif - The Economic Times",https://news.google.com/rss/articles/CBMilgJBVV95cUxQTENPNGJWdFhWSVZpN055X3NDV25Pd2NQbkROcmxSdWdQZnp0TVQ1cVJWQ2ltSG51VnpaR0ZuN3B0Y0tuVzljdGRkUWFuX1ZNQ3Nhal82ekc4alhOVmNDX242bEJXMWE3ZWkyV3NhMVhTWE9wdTVYVThKYVF0X0Q3VHJkOVBoSExaTTJReDdzNV81c09JeWJPcVZtMTkybUJrSDRyR3Q0eEFjNXAtdndmSHRfLUpwZ05WMVRRdE1lbUNocjR6QU5KaE1iUFJKcFVZclFrbXd1YmpjdE54bWtTbm9reUlHTGRoX1dsM2pDM2VoXzJQcm9ISThPbTN3Yzg5LVJHUF9qT3l2aU8zNFJ5OFl2VE55Z9IBmwJBVV95cUxOdVVTZzZUNEJCdm8weUc2OFpvZEpValdyWXFFUXhXbmFycTZ1U3I5ZnpybnRhWjUyNl9TR3JiQVk3MkVleHJkN1UyYzVFRmtDcktlVlZaRlFVYzBpXzFoZThsVURGdVRJMU1hdWpBbVBXNEdsTjdyd3dvVkpnUW0xMXN6YzNTZEp4YkhZTjBtMHd6SGN6d2staDBqWWVEM0xMVW5FV084Vm90Nldyekpva2l0bGRiN0FDTFA0enZWOEVESFF5VHlrNFBweFlkUndmSTduQ05ZZ0NGanh2WUxFa2pZenNIWjRRbVZ2NlZvVnF4SC1uVzV6VlRFMWs3T2x6Q19ncmZTSktseGpWeXdfSmd1bHA5TWQzOTVj?oc=5,"Why did stock market fall today? Oil spike, IT rout among 6 key factors behind 800-point Sensex slump; Nif The Economic Times","""(AI OR ""artificial intelligence"" OR Nvidia OR semiconductor OR technology) (selloff OR ""market fall"" OR ""stocks fall"" OR correction) when:1d"" - Google News"
2026-09-09T10:00:45+00:00,7,"['market selling', 'India market']",Business Upturn,Nifty 50 Falls Over 1% at Close as Indian Equities Face Broad Selloff - Business Upturn,https://news.google.com/rss/articles/CBMivwFBVV95cUxPMDl0eXNJcEdpRkVYX0FHTUlXMkFkdUFYa2NvOFVibndUaVhqT2NLalVfa0Y2ZEc5REpyRE9pb3ZhdkxQVUt2MGdxV09XQ0h4dGlrQjktQ1JCbkJCTXdOMkdVYmpPbGFRUmViOHNVdk1td1ZUdElaeG5xenl0R09WNUoyWEFXdndVQ2FlRkpfWTlmbVVvOXlTekxVdjBISmNHNDVhTXZ4bGEySVh5akQtbzBoeVhqVnR5bnRJRm9oVQ?oc=5,Nifty 50 Falls Over 1% at Close as Indian Equities Face Broad Selloff Business Upturn,"""(Nifty OR Sensex OR ""Indian shares"" OR midcap OR smallcap) (falls OR selloff OR correction OR ""risk off"") when:1d"" - Google News"
2026-09-09T07:10:52+00:00,7,"['market selling', 'India market', 'macro / flows']",analyticsinsight.net,Sensex Falls 555 Points as US-Iran Tensions Push Crude Higher - analyticsinsight.net,https://news.google.com/rss/articles/CBMirgFBVV95cUxPM29idTV6T0l2b295YVFNSTdmUV9heGdzMVdDVldYSkJieHkyZ0tRczFnSWR6VkJiU1FQcWlxNmMxR1NyZUJ6NzIxVGt5SXVPWUNlbjhmdHNnWmZjS216TVduTW9KbHAwRzRld1lYSFpQTzRUaUZ5elB3RlBhcjlILTg4cGRuaWZMc0UzenEycHFwR3ZHSUhXUnZzd2VhNElZSnV0YlVWRW5fd3YyR1HSAa4BQVVfeXFMTzNvYnU1ek9Jdm9veWFRTUk3ZlFfYXhnczFXQ1ZXWEpCYnh5MmdLUXMxZ0lkelZCYlNRUHFpcTZjMUdTcmVCejcyMVRreUl1T1lDZW44ZnRzZ1pmY0ttek1Xbk1vSmxwMEc0ZXdZWEhaUE80VGlGeXpQd0ZQYXI5SC04OHBkbmlmTHNFM3pxMnBxcEd2R0lIV1J2c3dlYTRJWUp1dGJVVkVuX3d2MkdR?oc=5,Sensex Falls 555 Points as US-Iran Tensions Push Crude Higher analyticsinsight.net,"""(Nifty OR Sensex OR ""Indian shares"" OR midcap OR smallcap) (falls OR selloff OR correction OR ""risk off"") when:1d"" - Google News"
2026-09-09T06:00:48+00:00,7,"['AI / tech risk', 'market selling']",finance.biggo.com,Yen Carry Trade Unwinding Risk Reignites as Wall Street Braces for Concentrated Selloff in AI and Tech Stocks - finance.biggo.com,https://news.google.com/rss/articles/CBMidkFVX3lxTE55cnVDdXBpOVpRdkc1S3hueXFVQko4U0tXUlJkaFZPMEVIclpfME5SSlBxRGZNLXpzT0ZMRmIxa2w0dG42OTMwYzRXOVRFMENpa0p2Slk1Q1UxSTg4T0JEZ09fd1dYbXJraUNGdDNvUFZFSzdwcmc?oc=5,Yen Carry Trade Unwinding Risk Reignites as Wall Street Braces for Concentrated Selloff in AI and Tech Stocks finance.biggo.com,"""(AI OR ""artificial intelligence"" OR Nvidia OR semiconductor OR technology) (selloff OR ""market fall"" OR ""stocks fall"" OR correction) when:1d"" - Google News"
2026-09-09T05:53:21+00:00,7,"['market selling', 'India market', 'macro / flows']",The Sunday Guardian,"GAIL Share Price Today: GAIL India Stock Falls 0.59% to ₹174.05 as Oil Nears $100 – Check Intraday Range, Valuation and ₹205 Analyst Target - The Sunday Guardian",https://news.google.com/rss/articles/CBMijgJBVV95cUxNa0RwSEoxcU9xSFFFSFlHN1dYY2ZuVU5DMXU4d1N4T0hObUV2eVl4aG1McUxvTmdOVVktUDg3akVuTnlkWHM5NFAtS0FxMWR5cngwcDJUZk8zajBRMlhHV0hWYXdwd3BMR2Y4V2xEeS1CYnRxby1xbTFkODVIYU5kX09zUEVEdjhWMVo5elRCbHFoaGZ3YlpVSUFhcElNdVlLQk5tZC1hMVVWOUlHeG0tbXNZT012cGFLaXRMOFI3bF8yX1c4dm1QVHlxSkIwQkJ2b05NSC1LSWN6NGc4eHRRcEhLMmNwM1ZGemlJZkM1M0RuNGQ3a0JiSk1IazRsek9Ea0FjdHNZeDNlOUJEbVHSAY4CQVVfeXFMTWtEcEhKMXFPcUhRRUhZRzdXWGNmblVOQzF1OHdTeE9ITm1FdnlZeGhtTHFMb05nTlVZLVA4N2pFbk55ZFhzOTRQLUtBcTFkeXJ4MHAyVGZPM2owUTJYR1dIVmF3cHdwTEdmOFdsRHktQmJ0cW8tcW0xZDg1SGFOZF9Pc1BFRHY4VjFaOXpUQmxxaGhmd2JaVUlBYXBJTXVZS0JObWQtYTFVVjlJR3htLW1zWU9NdnBhS2l0TDhSN2xfMl9XOHZtUFR5cUpCMEJCdm9OTUgtS0ljejRnOHh0UXBISzJjcDNWRnppSWZDNTNEbjRkN2tCYkpNSGs0bHpPRGtBY3RzWXgzZTlCRG1R?oc=5,"GAIL Share Price Today: GAIL India Stock Falls 0.59% to ₹174.05 as Oil Nears $100 – Check Intraday Range, Valuation and ₹205 Analyst Target The Sunday Guardian","""(""broader market"" OR midcap OR smallcap) (selling OR correction OR fall OR volatility) India when:1d"" - Google News"
2026-09-09T05:53:20+00:00,7,"['market selling', 'India market', 'macro / flows']",The Sunday Guardian,"GAIL Share Price Today: GAIL India Stock Falls 0.59% to ₹174.05 as Oil Nears $100 – Check Intraday Range, Valuation and ₹205 Analyst Target - The Sunday Guardian",https://news.google.com/rss/articles/CBMiiAJBVV95cUxPaXNVTVBzWHVha1ZneG1tOFB3TGg2SGtpN2JnMzB4X0RHSGZNV2U2TVNoSFNwZlkxYmJwRWdVMWVLa1ZnamQzT2VPNC1kSjQ3c1hPbUROM3ZKNGhsWFMxWU9wTWMyVHRMZ1dlRExmY1FNdEFSTWIweVBXdWJvT01fVUltQ2RvTTZBUC1qUWhaYUxxOEZNRUFid3VaNTNVUHJYMUc1OXlPUHBIdHlSM25qeXNZaFE5R0F2ZmxJMkJXSDVtZTFtdmFEaEFGZDBaU0pia2E2Y3c2NkxXRGFtVjhaOHhmdnBReFJBQUVlTTEwQ2V0OWtFYVNYeHdUclEtT1Q1ZFlCaXdMbkTSAY4CQVVfeXFMTWtEcEhKMXFPcUhRRUhZRzdXWGNmblVOQzF1OHdTeE9ITm1FdnlZeGhtTHFMb05nTlVZLVA4N2pFbk55ZFhzOTRQLUtBcTFkeXJ4MHAyVGZPM2owUTJYR1dIVmF3cHdwTEdmOFdsRHktQmJ0cW8tcW0xZDg1SGFOZF9Pc1BFRHY4VjFaOXpUQmxxaGhmd2JaVUlBYXBJTXVZS0JObWQtYTFVVjlJR3htLW1zWU9NdnBhS2l0TDhSN2xfMl9XOHZtUFR5cUpCMEJCdm9OTUgtS0ljejRnOHh0UXBISzJjcDNWRnppSWZDNTNEbjRkN2tCYkpNSGs0bHpPRGtBY3RzWXgzZTlCRG1R?oc=5,"GAIL Share Price Today: GAIL India Stock Falls 0.59% to ₹174.05 as Oil Nears $100 – Check Intraday Range, Valuation and ₹205 Analyst Target The Sunday Guardian","""(Nifty OR Sensex OR ""Indian shares"" OR midcap OR smallcap) (falls OR selloff OR correction OR ""risk off"") when:1d"" - Google News"
2026-09-09T05:24:58+00:00,7,"['AI / tech risk', 'market selling']",TipRanks,"AI and Memory Stocks MU, SNDK, AMD, and INTC Extend Their Slide in Pre-Market Today — Here’s What’s Driving the Selloff - TipRanks",https://news.google.com/rss/articles/CBMi4gFBVV95cUxNcG1SXzU3eFVFZmpacEZ3YlZtcTV3eFlXWkhya3A1MDJoTXNOOXFpSktWdVdOWnJmMzJGRW5DdURxSXlobGo1cmJvYzdaaEdyQmwxcHZvS1pBQlZ0SzBxVW9xNDQ3clZYYmFTVDFiMmxobWdjNzRPV1YxZVFJVS1ISkxnYUwzb2J1WVpucXpLUG90bDZ3NTgwSVJmTEJGWlpTanFqRDFDT2JoNjluZkdia2xqQnJpRVFhZHRBQ1VDUWJxMkVMVlhraGdkS05fLTg5YzZ1SEhPbHh5YndyMV8xYUJ3?oc=5,"AI and Memory Stocks MU, SNDK, AMD, and INTC Extend Their Slide in Pre-Market Today — Here’s What’s Driving the Selloff TipRanks","""(AI OR ""artificial intelligence"" OR Nvidia OR semiconductor OR technology) (selloff OR ""market fall"" OR ""stocks fall"" OR correction) when:1d"" - Google News"
2026-09-09T04:54:16+00:00,7,"['market selling', 'India market']",Deccan Chronicle,"Sensex Tumbles 500 Points, Nifty Falls On West Asia Tensions - Deccan Chronicle",https://news.google.com/rss/articles/CBMi2gFBVV95cUxPLThWbk9YLWZyN2FlNUVJeEpKQVpIc1RGenBzMzJycTB1OTZ5THVkT19VLWxtd0Z3QWVRRTBDeDd6Z0xsX0xsT3V2WmwwaVFxX2Jyd1FUYmpjOHEzVGViYWRNd2FjM2VrQW4zNURVdFNaT0hzMUZXWjVyMzBJSk05Wll3OVctdVRSSjliNDJtVGJERlJtOW9RMkRwSEpKdFVoaFRXdU1CYjE1bld2cTc3ZS14a1BlZlhiTHFlQmpUVy1nSk5vMEIzaGZIdWNzczdkbTF0bURaUmxRQdIB3wFBVV95cUxNYTFZYUZSdmd3MFFFMW94S0ttMHYyUFFNUVNiZk1WRDlFUjZPOUNfdHRUU0NHMjEzWEFJb3Z6a1Z5TEgyQlRNLXJ6WnJSN284NXIwcHBnRXJ6djFUbENHU3FDS21ObUN0VFdmMUYtUXFHM2hfOXI5VUxnZ3RLamRJbTQxS2M5YkZDeW9tYlM0R3d0SzkxQWEyVmpSNW5mekVUd3JYMG9UQXBjNVlES1JmcnRlQk5pOHk3cTlDMlVNLVN2T3N4MndHdERiOHliS0ZBcnh5Zl9NSmF3TW96cV80?oc=5,"Sensex Tumbles 500 Points, Nifty Falls On West Asia Tensions Deccan Chronicle","""(Nifty OR Sensex OR ""Indian shares"" OR midcap OR smallcap) (falls OR selloff OR correction OR ""risk off"") when:1d"" - Google News"
2026-09-09T04:52:47+00:00,7,"['AI / tech risk', 'market selling']",TechStock²,Nvidia Stock Falls 2% While Chips Rally—The $108 Billion Test - TechStock²,https://news.google.com/rss/articles/CBMihwFBVV95cUxNRzdxeEV0b1FxMjU4ZmdQdFhQNy05R08wZWxZQWhxa3FTbDNpWlU1VlpNeTJkMDR2YTY0c1lnRjhsRml4VnpwT2s2enREWHdFMmstckFVLU9uWUM2QTg1SmFad0Fic2xDOG0yczJVZDllM1RfQTdaV1JjbjRsaFQ5Z0R3UWQtN0k?oc=5,Nvidia Stock Falls 2% While Chips Rally—The $108 Billion Test TechStock²,"""(AI OR ""artificial intelligence"" OR Nvidia OR semiconductor OR technology) (selloff OR ""market fall"" OR ""stocks fall"" OR correction) when:1d"" - Google News"
2026-09-09T04:44:00+00:00,7,"['market selling', 'India market']",Zee Business,"IT Stocks Crash! Nifty IT tanks nearly 3%, Coforge, Infosys, Wipro, TCS fall up to 5% — What's driving sell-off? - Zee Business",https://news.google.com/rss/articles/CBMi5wFBVV95cUxNbWdfenFNbFotbEswbWhPR1RFTkNHN0pNOHNhMTBSSzVXZ2VvRDdFdlBWdmtOZm9kY21CbDk3UUlPU3FGbzU2R3N6RDNvYmVfWjg2aVpRVzFpbU9YODBlRmtrMVFuN21WX0t0MWhvQkYzR0YzTEpZMDFZYzZXbEpoTlk2MVNtUDhISktkLUhkTFV5UHhXbl9Pd0lFczZtMW9Xb0sxcVVldVFWemdPQ1JlMXZfU0xxZVhsaHJQaG0zZ2ExY3BDMEZoN2sxOHA1Skh0ZHYzblZlUC1DYXpBQnpsSVVkeVkzUGc?oc=5,"IT Stocks Crash! Nifty IT tanks nearly 3%, Coforge, Infosys, Wipro, TCS fall up to 5% — What's driving sell-off? Zee Business","""(Nifty OR Sensex OR ""Indian shares"" OR midcap OR smallcap) (falls OR selloff OR correction OR ""risk off"") when:1d"" - Google News"
2026-09-09T04:20:16+00:00,7,"['market selling', 'India market']",Telangana Today,"Nifty, Sensex open lower as IT stocks fall amid Middle East tensions - Telangana Today",https://news.google.com/rss/articles/CBMimgFBVV95cUxPV1hBWHBPMjdlNE4ycF9wT3JMMnpEV2cyREx6QWk0T3h1ZlhsUWthWFlqUTkwblpueGgwbnNmYmk2d3dnc2lXVmVCMXF2RXJJMUdxX2NJT2kxNUJsQXhKaklBdWc1c1B3MDVoS0dIZm1yRTRDdVdIaVJCOUJ6WDltdWRQUEVGbUZsSU9pelFjc2xRcnJZX0JvM3Zn?oc=5,"Nifty, Sensex open lower as IT stocks fall amid Middle East tensions Telangana Today","""(AI OR ""artificial intelligence"" OR Nvidia OR semiconductor OR technology) (selloff OR ""market fall"" OR ""stocks fall"" OR correction) when:1d"" - Google News"
2026-09-09T04:20:03+00:00,7,"['market selling', 'India market', 'macro / flows']",NewsBytes,"Sensex falls 555 points amid oil rise, U.S.-Iran tensions - NewsBytes",https://news.google.com/rss/articles/CBMipAFBVV95cUxQYUtpRWxtSVV3bkxUSXN2UUtlVVJhME5FV3FyaEdlUlBWNEllbUNaeFlaaWY1bEpWU1k3QkYzc09ucVNxTTNURWdieW9pWjdhaVZ4WnY0eTNpdVRNYllEampmT1Q0aDh2WEVXMm1DZnlIWkVXanFsUGpBWjFBWEtoYTl6Nmo0dzJ2Z0phV09zcXdIZE5Bb255YzZudlFCT0Zqc3Q5Uw?oc=5,"Sensex falls 555 points amid oil rise, U.S.-Iran tensions NewsBytes","""(Nifty OR Sensex OR ""Indian shares"" OR midcap OR smallcap) (falls OR selloff OR correction OR ""risk off"") when:1d"" - Google News"
2026-09-09T04:13:33+00:00,7,"['market selling', 'India market', 'macro / flows']",The Eastern Herald,"Nifty Settles at 23,635 as Crude Nears $100 – Indian Stocks Fall for Second Session - The Eastern Herald",https://news.google.com/rss/articles/CBMikAFBVV95cUxQQTR0SVg4RWV1cDlnMkFaZW4tc1lEUU5UQ3VyQVZLR0piRjh1UGJFVno0OE9oR1Z6bFM1a2JGQmZ2VHhtUmVDTzBRaDhoSWJzQUxoTnF6VE5CbmFCY2t0b2ZKYVFPZExSTmpfTjdDNUhRWWQ2R3NJY3k1Y09qVG5Sakx4bEdCWWk1TlB3V21jYjg?oc=5,"Nifty Settles at 23,635 as Crude Nears $100 – Indian Stocks Fall for Second Session The Eastern Herald","""(Nifty OR Sensex OR ""Indian shares"" OR midcap OR smallcap) (falls OR selloff OR correction OR ""risk off"") when:1d"" - Google News"
2026-09-09T02:24:43+00:00,7,"['AI / tech risk', 'market selling']",KuCoin,"U.S. stocks fall amid geopolitical tensions, while chip stocks rise - KuCoin",https://news.google.com/rss/articles/CBMilwFBVV95cUxNSnYtY2F6UnpFM1lxZ3p0M3BBYXNFRWUyRXRlMVA1VWtaWTFBbkpQeGo0TFFtamJNb3ZNMHBYYkNpY0ZJakxVUVZCdWRLYnIydExBS0x3TmVzYjY3QUxaZDRQYVZwUEM4dzFVakRHdDU1Q2Z3N3k3YTJJckNuenBqVWhhRFZIeHo2NGhPcE4tUTF3Wjc1WjJF?oc=5,"U.S. stocks fall amid geopolitical tensions, while chip stocks rise KuCoin","""(AI OR ""artificial intelligence"" OR Nvidia OR semiconductor OR technology) (selloff OR ""market fall"" OR ""stocks fall"" OR correction) when:1d"" - Google News"
2026-09-09T02:18:32+00:00,7,"['market selling', 'India market', 'macro / flows']",News18,"Gift Nifty Falls 52 Points, Signals Subdued Opening; Crude, US-Iran Tensions Keep Investors Cautious - News18",https://news.google.com/rss/articles/CBMi5gFBVV95cUxPNWlUZXJNWVBZd3A0aUVVdWozZUlQSF8yTWVRUUlKZ2tTOEZ4akFQQjVpcHlodGFGVTEyNkl4Wm9kWWxPMWNnaXJNX25HZ1hNSU1ROVowRFNxWjVqSXptRUhvYU12RGh2NmxNeHVHOW1weFdGRVY1Y3psSUQ3MlhYa3BrNkxGRkVmSXNTcXpvd25EblFJQTRYcmhlelU1V3JVSE82QUpYODdUYjMwdktfN3hCaEN2eFZhaV9YN3h3VC1RMUxOaWRGSlMtRTlxOEtrZGl1UEFwREllTTdkUWpsTjR2QndtQdIB6wFBVV95cUxPZDJ4bkdTZTlxRVZudzd5VmdOdTRfaXNuNS1jSDB3dHRUSzZkOWl2R2Vibi1oaEZnUFNaUDdaSm5BeEpqVXZMMElOTGZhVl9tVkU4X0VkOHlGYkNxYURwTVdoa25GbVVfbktPVE8zYUJqNHVRWk5ObDIwTzNJMW9oaVg1ZllIVTQ4NEFGUWdMLTJLNWpNOHJmMWtja3dLSVhmRkFKUGkyV3Y1T1R1NHFNRmFvclpoSWNBX1RiV1BuSEVYYlU1N0YwOWZmMEJKRlJWNm5Xa0p1TjJueTlEZ2xna2w0dFVnYmZfcUkw?oc=5,"Gift Nifty Falls 52 Points, Signals Subdued Opening; Crude, US-Iran Tensions Keep Investors Cautious News18","""(Nifty OR Sensex OR ""Indian shares"" OR midcap OR smallcap) (falls OR selloff OR correction OR ""risk off"") when:1d"" - Google News"
2026-09-09T01:48:37+00:00,7,"['market selling', 'India market', 'macro / flows']",Moneycontrol.com,"Trading Plan: Will Nifty 50 breach July low, Bank Nifty fall below 56,500 as oil prices near $100 a... - Moneycontrol.com",https://news.google.com/rss/articles/CBMi_AFBVV95cUxPYUY3ZFZvaDdxNVJ3NGtPdlRaUVpjVkNKaGRheFEtNkZGUFJwa0NVc2ZCTkFuak5EazVYaUlWTV94dnBMbmkzVkR0TG9lMGtiVU9vSld0ZzdJYk9PYnIzem1VMGxJS3JHeERzaG5XMWhma3NrU1M2azhRTU53NG5mVWdVUHVfZ3duMGVjbzl2T2o5Z1hWRlhjYTJTTlplM1VjNTllVnNPaFRKUkRfZi1iRVg4UU8yeVIwQ3pNRGMtOXZCV0FRQkpjZmQ0cUw4ZGk0WUdIOXRBdGZmY2FXaG5kTUJsa0Z2eEVDUUlndVp2ekcxV0RwaHd1QkVtM2vSAYICQVVfeXFMT3VRTDJUTjZKeXlxaEpjV21ZVE5kYVpkcTI2YmI1S2t5ZGMwLXdWaER6Yi16N1VSV3MxczNDSVlCU2FuTWRneEp5X3k5cDBLalk4VGJlMmYxcmx3TW5UWUR2aTYzUWd3WDFLTHRVb3BiZHRwNEN1WnJPQm5NVjdTWFhSclhDSEpxWlZOaDc5VWJxbE8xOGd3cll6VXdNN2VQYlgzZlR6ZW5QdXBvVEZZNmxuOGdscmZCUHBnOVNvaEFZM0h3X3ZnNFNhZWp3VEM4WmZwS0QybmRHMnNuTVJHQ3pNX1Z6NGowOGRVSE9nWWZ5YUk3Yml3UkdaMFpmUDNrUDZB?oc=5,"Trading Plan: Will Nifty 50 breach July low, Bank Nifty fall below 56,500 as oil prices near $100 a... Moneycontrol.com","""(Nifty OR Sensex OR ""Indian shares"" OR midcap OR smallcap) (falls OR selloff OR correction OR ""risk off"") when:1d"" - Google News"
2026-09-09T01:36:20+00:00,7,"['market selling', 'India market']",financialexpress.com,"Sensex slides over 600 points; Nifty falls below 23,500 pulled lower by tech; Nifty IT cracks 3% - financialexpress.com",https://news.google.com/rss/articles/CBMihgJBVV95cUxQQUpXTzJCRkFvQ0tPUEF6R1hqYWtXWHowbTJUVlV6UmN5YzRmak5xelZDTGFjQXZBYXJhT2FDdXRyMHF3Zy1veHhLYVRLVklOLUxYcUJIVWVwZ2l1YVZKZHFWakFITVVOTTBUbTBxMUJpdGVaeTJhdDRnMGF1UUd5RHBlYUxfU0hnTjF1bWZzeDRLMTVuUVBmWVBENDZncmVfS1BOSHI1UnhGZFNNOXNwT056TVFBNHF3Q0plWGZBODJTVk5ZWV9zR2JvRzd6Nko3SGdoTTYtZzE1MjhrYmlsOC03SVFuak5fRXpMbFNieFJpOUl2SFl5OFY0LUFjT2E4YkM3RjZB0gGMAkFVX3lxTE9hR1JHZERPYm45UFU5cTRDMHZaQ0ZSVlNQOE1kNGkxMkdUUVdiWkFoRWhuLXhuSjBsNWRhck9uMGVkUTdLaHp0eGRkUmgxLTh2YnhZdGtucXlwYXFkTklDUG9YNmJGWVk4ZVFxUEE1a0ExRjZ3ZGY0OERCR1RyY3VPeVdiRmQ5T3Jkc2dHYk95QlpVcHJZVG1US29PZzlXc2V3RFp1UkVIRjVMR2ZMeDFOZjJuOG9tMExDNm5iN2Jia1BiNjl6clNjdzJobWdkVUQtdlcycTBaR3pZNEtmY2t2c21xQ205NnpRZ0d3ZHVoQ3pvNHYzZXlLUkk3X1o3YXlfR1hPT1hmUm1DSmk?oc=5,"Sensex slides over 600 points; Nifty falls below 23,500 pulled lower by tech; Nifty IT cracks 3% financialexpress.com","""(Nifty OR Sensex OR ""Indian shares"" OR midcap OR smallcap) (falls OR selloff OR correction OR ""risk off"") when:1d"" - Google News"
2026-09-08T20:39:23+00:00,7,"['AI / tech risk', 'market selling']",Mshale,Apple Defies Tech Selloff—Why AAPL Surged Over 3.5% Today Prabhsimran Singh (2Ezz9pWYUl) - Mshale,https://news.google.com/rss/articles/CBMiW0FVX3lxTE0xV0wtOTJSYXdraHJ4UkRubXZZdmhlOHF5clpkWDNrVEhHZnFOZEpzZGR3c2JXMjFhN19uNUdyVGJzNUFIZWlkX0JsS1dVVzVUcW8zbElPTXdBNmM?oc=5,Apple Defies Tech Selloff—Why AAPL Surged Over 3.5% Today Prabhsimran Singh (2Ezz9pWYUl) Mshale,"""(AI OR ""artificial intelligence"" OR Nvidia OR semiconductor OR technology) (selloff OR ""market fall"" OR ""stocks fall"" OR correction) when:1d"" - Google News"
2026-09-08T17:19:14+00:00,7,"['market selling', 'India market']",The Eastern Herald,"Nifty IT Falls Again as Infosys Slides 0.85%, India’s Worst Sector in 2026 - The Eastern Herald",https://news.google.com/rss/articles/CBMigwFBVV95cUxQX1BWemc0YlQ0aWVtREJsQmJ2cnVHR3N2cVFLdU1ZOVRWLUxQQXc4UmNKWmgyZUV0Y19iOVZXRjk0MmtDZWplV3doMXFmVWVmWGFxZTdIRHZYVHRfSENscC0xcGc4eUtwY2JyU29BS3ZGcHRBRVJYX1NuRWlxVkIzRmJ6OA?oc=5,"Nifty IT Falls Again as Infosys Slides 0.85%, India’s Worst Sector in 2026 The Eastern Herald","""(Nifty OR Sensex OR ""Indian shares"" OR midcap OR smallcap) (falls OR selloff OR correction OR ""risk off"") when:1d"" - Google News"
2026-09-08T16:40:00+00:00,7,"['AI / tech risk', 'market selling']",Investing.com Canada,"After an 18% summer selloff in chip stocks, Citi asks what comes next - Investing.com Canada",https://news.google.com/rss/articles/CBMiwAFBVV95cUxQbUtqTk1CWWNScWFOMUx5TkVhQ3ZlTWhjV19UZS0xQWJRLWtzY0YxcTEzczlCay13ZGZLZmV3REN5WkJnSDR5UUVONWVnQzVYNjJ2aUcxMkpkUE9CN0htaTRocEN3a1FxbWVNVlY2Z3I1Y0ZQZS02dlBKYVB3R3Bka1dJX182U3U3RWQySU1UQmlLeEZXazlrSGFlYm05LXh0S3lsVHN3QnlLZjR3TlBNSmthOFcwQ1FPTWJpcHBZNi0?oc=5,"After an 18% summer selloff in chip stocks, Citi asks what comes next Investing.com Canada","""(AI OR ""artificial intelligence"" OR Nvidia OR semiconductor OR technology) (selloff OR ""market fall"" OR ""stocks fall"" OR correction) when:1d"" - Google News"
2026-09-08T13:33:05+00:00,7,"['market selling', 'India market']",The Eastern Herald,"Bank Nifty Rises to 57,380 on September 3 as Private Banks Outrun Sensex Selloff - The Eastern Herald",https://news.google.com/rss/articles/CBMiggFBVV95cUxOU0dLQTIwM25LM0k2NUJOSUFXRTFYQkZObFI1VUJJS3VMWHpLNnBGbFd5NVp6dU9BSDVtWGE0QU9sZmhINmVjeWRyQ1BwbnNheERNbmNVa2trTzhseGJTRF9jOTdmeWVJczdPWVVDX2Jma0pBU3pYSS03Z21IVzhLU0JR?oc=5,"Bank Nifty Rises to 57,380 on September 3 as Private Banks Outrun Sensex Selloff The Eastern Herald","""(Nifty OR Sensex OR ""Indian shares"" OR midcap OR smallcap) (falls OR selloff OR correction OR ""risk off"") when:1d"" - Google News"
2026-09-08T13:22:08+00:00,7,"['market selling', 'India market']",Outlook Money,"Sensex, Nifty Decline 4.5% From August Highs: What's Behind The Selloff And What Investors Should Watch Next - Outlook Money",https://news.google.com/rss/articles/CBMiwAFBVV95cUxQSU40STFJQmQ1aXNjQ015amhZN1NZVjlmeG5EemZicFBQbm5odlV5bFBnN2RjdndXNmM5V1FFdUliUl9RQ1Z4b1k1N2tOWjhjaURNREZQSFg1SEM5Sm5VM1VvWFQ2QWVfeXNUaXJXVDd5VnhrQjd4RFMxd0otWU4ybVBzUjhWWk5hXzIyTjdENUJLLUJIVHBYczA0NnlCcXdsYlJNSFZEM3pUcGI4dlhOZUh5dmUwY3pqOC1WWTk4V1rSAc4BQVVfeXFMT2xmdi0zWlZ3U0toS1pLczIxNk1GZFg5TkRmajVmb2pTMktxYzEyTEN3eVNyVFdJdksyWVhyZHRCMnZjT1R2NEppNWVtczEwUGJRWVFZb2dSa3IzaFA1a1ZsUzZ3dElaN0d6cFN4bDRmNl9tZkRSeWhwZzEyUVJqVU5MS0tLOTVxNHRxdUlJang5U3JUQmIxNFpWVlkwZzh5MVV1X2Iwam9ob0FrX3drc2tNTGxacXA1UTJrbTNGY3FJRnZxZnBCazFpVW1BOHc?oc=5,"Sensex, Nifty Decline 4.5% From August Highs: What's Behind The Selloff And What Investors Should Watch Next Outlook Money","""(AI OR ""artificial intelligence"" OR Nvidia OR semiconductor OR technology) (selloff OR ""market fall"" OR ""stocks fall"" OR correction) when:1d"" - Google News"
2026-09-08T13:22:08+00:00,7,"['market selling', 'India market']",Outlook Money,"Sensex, Nifty Decline 4.5% From August Highs: What's Behind The Selloff And What Investors Should Watch Next - Outlook Money",https://news.google.com/rss/articles/CBMizgFBVV95cUxPbGZ2LTNaVndTS2hLWktzMjE2TUZkWDlORGZqNWZvalMyS3FjMTJMQ3d5U3JUV0l2SzJZWHJkdEIydmNPVHY0Smk1ZW1zMTBQYlFZUVlvZ1JrcjNoUDVrVmxTNnd0SVo3R3pwU3hsNGY2X21mRFJ5aHBnMTJRUmpVTkxLS0s5NXE0dHF1SUlqeDlTclRCYjE0WlZWWTBnOHkxVXVfYjBqb2hvQWtfd2tza01MbFpxcDVRMmttM0ZjcUlGdnFmcEJrMWlVbUE4d9IBzgFBVV95cUxPbGZ2LTNaVndTS2hLWktzMjE2TUZkWDlORGZqNWZvalMyS3FjMTJMQ3d5U3JUV0l2SzJZWHJkdEIydmNPVHY0Smk1ZW1zMTBQYlFZUVlvZ1JrcjNoUDVrVmxTNnd0SVo3R3pwU3hsNGY2X21mRFJ5aHBnMTJRUmpVTkxLS0s5NXE0dHF1SUlqeDlTclRCYjE0WlZWWTBnOHkxVXVfYjBqb2hvQWtfd2tza01MbFpxcDVRMmttM0ZjcUlGdnFmcEJrMWlVbUE4dw?oc=5,"Sensex, Nifty Decline 4.5% From August Highs: What's Behind The Selloff And What Investors Should Watch Next Outlook Money","""(""broader market"" OR midcap OR smallcap) (selling OR correction OR fall OR volatility) India when:1d"" - Google News"
2026-09-09T10:10:52+00:00,6,"['market selling', 'India market']",Business Upturn,"Nifty 50 top losers today, September 9: Infosys falls over 4%, HDFC Life and HCL Tech drop 3.7% - Business Upturn",https://news.google.com/rss/articles/CBMi1gFBVV95cUxNU0huVmhYNG05N1ZJSUxCSDd3bWhKUzliaERvZktkRmVXRkthTHJSSFVSWkV6V0NGTF84aThlZ0ppQmF4UUZDT0x6N3lROTRBMWxselFveVU3eW1XVEVtSW1Pa2ExNllyMHNZZ0locmstSDA4M2x4aUVfbDBNVDhwazUzSnVFbTFhR2ZfZkd2TksxWXcyZXZiU2daSE1JQS1Kd0dhSkZSSHlZdjZnRkllLVpRUzVmTUNWQVZ1Zm1RYWdrai1LVUp5Y1ZWcE1IUmt4dnpuX1V3?oc=5,"Nifty 50 top losers today, September 9: Infosys falls over 4%, HDFC Life and HCL Tech drop 3.7% Business Upturn","""(Nifty OR Sensex OR ""Indian shares"" OR midcap OR smallcap) (falls OR selloff OR correction OR ""risk off"") when:1d"" - Google News"
2026-09-09T09:33:21+00:00,6,"['market selling', 'India market']",x.com,"Live: Risk-off mode returns, Nifty slips for 3rd day; IT top underperformer | Closing Bell - x.com",https://news.google.com/rss/articles/CBMiUkFVX3lxTE1kV2lMcnYtVGwzOTZwOXpKYW90OFRYcDNGQXhpODIzYmVkd0VRcFlfdzFZLUtXWFZuaE9Va2h6SEhSZjQyeHZ5d2I3cHk5QkJzeEE?oc=5,"Live: Risk-off mode returns, Nifty slips for 3rd day; IT top underperformer | Closing Bell x.com","""(Nifty OR Sensex OR ""Indian shares"" OR midcap OR smallcap) (falls OR selloff OR correction OR ""risk off"") when:1d"" - Google News"
2026-09-09T09:33:17+00:00,6,"['market selling', 'India market']",Moneycontrol.com,"Live: Risk-off mode returns, Nifty slips for 3rd day; IT top underperformer | Closing Bell - Moneycontrol.com",https://news.google.com/rss/articles/CBMi7gFBVV95cUxQMUlFcWc2aDAwOE5vdTh1ZUhVb0FQT2tuWTdGSFJJd0d0b2tLS2sxRi1YS3lIRDY3b2N1VjdDU3hSUHU0a0ZkV3F4dzVXU3B0WUxpQ25Rd1NDUWJrYTRqTDJiT0o3RHdaWE12RHdKRTJVYTdjMFhpRUEtemUtdXd6LXJUMmd5ckptYjhIVDV3N1BoMkhQOE1IWTdqWUM0SWpNS0J6ZFVvaXFza3JxbjUtVHVxLVFDMWlUX2xudm8wQ3BtNGV5bnRLUHIwRGpZNTdvUE9ESUdiR2dpQmpxSi1NSmFmaEJLZEwwS3VWSExR0gHzAUFVX3lxTFA1LUt0ZkhmU3h2bzlrYWFtd011YmgzZjh5ZTZremlxR0Z1SEw5cjJObWpnNnlmcW5pWERzc010d2kyQUdXcEFVdnlHM1lkMFdIRU43TzZ2Zmc2Tmp1ZXg3SWplZjV6cmRyOUFSenk2U3Vrd2pKUnV5RlEzNTBRaC1RVzZ4N3lkRjRaQ3FqbUtEZlU1V3ZaOEd3YVdzaW9tSndNQk1UVF9PbFhzSW1EXzljX09iY0Vtb2taYnNWU3RfczRkTW1KOUtpMkxWVzJoS21McVJOWlIzamJNem5xZzc1SVg4Q1N2TG84MWpXdWxuZ0ZmNA?oc=5,"Live: Risk-off mode returns, Nifty slips for 3rd day; IT top underperformer | Closing Bell Moneycontrol.com","""(Nifty OR Sensex OR ""Indian shares"" OR midcap OR smallcap) (falls OR selloff OR correction OR ""risk off"") when:1d"" - Google News"
2026-09-09T08:12:56+00:00,6,"['market selling', 'India market']",MarketsMojo,"Markets Rise, But Shree Ganesh Biotech India Ltd Slides to All-Time Low Amid Stock-Specific Sell-Off - MarketsMojo",https://news.google.com/rss/articles/CBMizgFBVV95cUxNbHYwMlFJYmo0Qlo3elJURFFwMWVqbjRuWE1kdUpNdnI4bmpGU09IUFRzdS05SDNLaWFTVkdscnZ5MzhUNlFveHllTE5neTNhenZIU0tjc3hQbzVWUGpWT0daZk05Q2YtLUZvdHpwSWxWMXo5Z0pXaTdmRkFRR05xVUlTdGFlYUNzYmFaMGRVRjNOQ2M1U3NrZVZQVWtpNnlyT0IzcU1lVVQ1RzdLanJnQmJuOTkzekNSOEY4YzQxNUl6ZHo2RHU4TkJpa0IwZw?oc=5,"Markets Rise, But Shree Ganesh Biotech India Ltd Slides to All-Time Low Amid Stock-Specific Sell-Off MarketsMojo","""(""broader market"" OR midcap OR smallcap) (selling OR correction OR fall OR volatility) India when:1d"" - Google News"
2026-09-09T07:59:41+00:00,6,"['market selling', 'India market']",ET Now,"Nifty IT index falls 3%; Infosys, HCLTech, Coforge among stocks facing selling pressure - ET Now",https://news.google.com/rss/articles/CBMi0AFBVV95cUxQNUhyS1JWN2NMcktBd0N0MGFCQ0M1eHc1eDdudGlqNy1NR2tWMFIwUXVKS2V1T0Z0OGJPVG13d2lxdUNQb3dqQmN5WmM1NXYtRTN5a20tUUlxVGdJUlZhQzNpZnhxenN2Y0d5NkQwcUgzRGUwNUNjTHNHX0gyTWwzd3NHUlEtMlctRXZZTmlJcEVqdU1jekF1THQtVEVmdDBQMXVnU1FkSHpDcHh3OGJmNm10Vmw5Y0dlRlpxdlJyTFJwdS1MLTlhVUQ2NkhKY2Fh0gHWAUFVX3lxTFBnWWpCMFA2WHV3ZWlaQW5fb084dXh2a29aa3lGQWJxd05UVkU3bDZIazZ3eVpqRHg3dzRkMnpMZ0xmLU1sQ3dYV0p0Zk4tNEREV3hEQ0xaVDBfVlhhRnVhRTJxRkpIREY0MnZwTVZ0SjhhdlVuSjJCbmRMSERpZG9XVXpUVml6ZXBmRVd4d2p5eWhtdWF5a1dIdkQySzNaRFdrQ25GUkFqdjlwXzlsUXpYYlZtYmdSNFZBMV80WTVvR1MwdDNxMHpOWmdGZlVXYXVHdnQ0amc?oc=5,"Nifty IT index falls 3%; Infosys, HCLTech, Coforge among stocks facing selling pressure ET Now","""(Nifty OR Sensex OR ""Indian shares"" OR midcap OR smallcap) (falls OR selloff OR correction OR ""risk off"") when:1d"" - Google News"
2026-09-09T06:59:12+00:00,6,"['market selling', 'India market']",Business Upturn,"Auto sector stocks fall today: Hero MotoCorp, Hyundai Motor India, Ola Electric among top losers - Business Upturn",https://news.google.com/rss/articles/CBMi3wFBVV95cUxNTFpzLWlpdWkwcWZYYlJOdFR6YzVrNVBrWmQ3RlFwTnBLTWQxSUxVeW1ZM3F4aXF2RlM4X181RUZMV20tUGFBaVpKS3l1aTVBcDBZRzl4bDBOS0EzQmxUZXpZT1R3Qm9RdFJmdlhZd0FiYkxvSFQ1YXQtbFJhSkRMZ1JCQ0J0bUs1MmZYX044NmJySmJTWXo2VS1yVGZNdE9NUUR5dGxwNUhyR2RBTGQ0cVVxWnZ3dXp4cEZ6Ml9xWlZRME1FbWc0cUltemVwb2NLTHFRY0doQzNPT09sWm5V?oc=5,"Auto sector stocks fall today: Hero MotoCorp, Hyundai Motor India, Ola Electric among top losers Business Upturn","""(AI OR ""artificial intelligence"" OR Nvidia OR semiconductor OR technology) (selloff OR ""market fall"" OR ""stocks fall"" OR correction) when:1d"" - Google News"
2026-09-09T06:59:12+00:00,6,"['market selling', 'India market']",Business Upturn,"Auto sector stocks fall today: Hero MotoCorp, Hyundai Motor India, Ola Electric among top losers - Business Upturn",https://news.google.com/rss/articles/CBMi2gFBVV95cUxOcVZGaWxXNFNIMHR2SUxXQmF1RlM1aVlVSWtPQVhVR2wyY2dBRGtLUmdGbld3RUJqeUVPZDFrRGxpaVVwOXBhcmlMUEVpRlJtcnF1Q2FTbV9nS2o2R244SFJGYnlQOUxvZzFoc1VFelZyVkxoeEJIYmJDVklNOUJTTm9vbmpCRWdKYkFodEFaUDA2QVItbGstd0lIbHBCSG14VWMxVFg2X29FeFcwcXRXUTBSUFYwZWExdWlxeTFZZGEyMGVpbDRiNnNZSHlKWkNYTllLUG9icWVBdw?oc=5,"Auto sector stocks fall today: Hero MotoCorp, Hyundai Motor India, Ola Electric among top losers Business Upturn","""(Nifty OR Sensex OR ""Indian shares"" OR midcap OR smallcap) (falls OR selloff OR correction OR ""risk off"") when:1d"" - Google News"
2026-09-09T06:47:25+00:00,6,"['market selling', 'India market']",Zee Business,"After 47% YTD fall, smallcap stock set for a bounceback? See what brokerage targets indicate - Zee Business",https://news.google.com/rss/articles/CBMi9AFBVV95cUxOVmt5ZEF3VHI2NlFEQVVtNGJZWmdTSkszdTBJamdEdW5PZTRqODIxZjFPbnBpcDlLZVV3RWRucHVxUUk5cTZfM3F3VHNsclJya3FuWFdqNC1ueXdkejhWWEZneVp0MW9DUVBPS2hGZXhTd1NBZGxQU1M5c0plckdHM0VyS0U0dEVuNC1VZEZrRW1tV1FSY2xtVm9LbkNTRS1hemNDNWt4d3p1RnRNMmU3QjliUG9CMnBZcnhmUzVKU29pOGhXaEFaSXI2Y0VlbUtNUHR0LVhqNl9sQ3oycXZsanpRRm5LS3JsUlEzMmZjeHVvazF6?oc=5,"After 47% YTD fall, smallcap stock set for a bounceback? See what brokerage targets indicate Zee Business","""(""broader market"" OR midcap OR smallcap) (selling OR correction OR fall OR volatility) India when:1d"" - Google News"
2026-09-09T04:52:05+00:00,6,"['market selling', 'India market']",Whalesbook,Nifty IT Falls 4% As Coforge Leadership Crisis Hits Stocks - Whalesbook,https://news.google.com/rss/articles/CBMi3AFBVV95cUxPbEtMZ2Voa0M3WFEydklxUS01V3lheWhROUppRmdwVmFlQ2FRdlhmVWVJRkI5REMwUnYzWFpodnhPZ1NCcWF1ZWNRS0UwRjZBWnU5MUhrcnBTVWtObkJIVmFyUkRzaVJPeHkydHlSc0Q3VXZhZFNrb01fMFNoWFA3ZVRVY25Rc1VHSXlVeDNnQ0Z5NjdITUw0X2RTMnN3eE1rdEdHLU56QldyMVZ6cjNSSkpVZHFMei15SFdFLXkwVVhnZFBQZEwwZFQycmNfdVlSZENqZUJrV0lsOUNM?oc=5,Nifty IT Falls 4% As Coforge Leadership Crisis Hits Stocks Whalesbook,"""(Nifty OR Sensex OR ""Indian shares"" OR midcap OR smallcap) (falls OR selloff OR correction OR ""risk off"") when:1d"" - Google News"
2026-09-09T04:06:12+00:00,6,"['market selling', 'India market']",Upstox,"SENSEX falls over 500 points, NIFTY50 below 23,500 weighed down by IT stocks - Upstox",https://news.google.com/rss/articles/CBMi0AFBVV95cUxNOVUycGdqeDlpSkduSXk3OXVXeTJocDRXRWR6dVVOX3Axd3FMWGdMdWxMVTd4SEl6Z3h5YVNfbDBRT1NfMDBEMFVFUnFPSXV2SkNKNG5pNlZkVGNaR2Q5LW9KREh3YUlXQ1dJdFlIakVSbFBoZ291d3dCNDhwRy1zNExPR0NuVG9NTG9iZWZEaHV0eWRySVRFb1hjV0tjQnNDdWh6RmRSVzlQQW5ELURGc3RlcDJmaFdoclBoX044aWZjazZVdzZYZndzZExEcUtP?oc=5,"SENSEX falls over 500 points, NIFTY50 below 23,500 weighed down by IT stocks Upstox","""(Nifty OR Sensex OR ""Indian shares"" OR midcap OR smallcap) (falls OR selloff OR correction OR ""risk off"") when:1d"" - Google News"
2026-09-09T03:45:12+00:00,6,"['market selling', 'India market']",Business Upturn,Nifty 50 Falls Over 1% at Open as Indian Equities Come Under Pressure - Business Upturn,https://news.google.com/rss/articles/CBMiugFBVV95cUxPcFAydUdYMmRUUEVyaUZ3bzU3YXAycFBuQmxGTDQ0OHBNV1dZa2I3SkE2YVJhVDI3N0tMT3I5TmJyMnJ0ZjF1TW9aSWdKVHRmRlZ5aldKazJBY1NzWHBtQTE4UlRDRERaTkZuOUJibTlyaGZyMzhscTJWcFdRYWh0Y2tOU3NNNHBGMERmVDh1QXhJTGFjT0hpRFFDbWMwUk84amtnV2szYXhZNlROMHdzbjRsMXI0OW5OOEE?oc=5,Nifty 50 Falls Over 1% at Open as Indian Equities Come Under Pressure Business Upturn,"""(Nifty OR Sensex OR ""Indian shares"" OR midcap OR smallcap) (falls OR selloff OR correction OR ""risk off"") when:1d"" - Google News"
2026-09-08T21:46:33+00:00,6,"['market selling', 'India market']",BBN Times,"BSE SENSEX: Indian Benchmark Falls to 76,570.35 Amid US-Iran Negotiations - BBN Times",https://news.google.com/rss/articles/CBMiqwFBVV95cUxNN2VoQ0puYkpJc3IxclhibHVUMlZtY1RkbzdyVDJ1QW9qckpjdWU0c1BET19WQjdQNlBXMUdVbVhpcnBVX2tFVUNuaVhCSkRnZWZTTXRmN285OUo2NE9McUdJOEZLRFRtcl8wUC1sRU5SMDdUV05XYmxtT2VEQlFKa3U1NFN6OEZrVWZIQ0Z1R0NneU55Ulk3cnh4eVNFdDhVbHBlZ3l3T0pGeHM?oc=5,"BSE SENSEX: Indian Benchmark Falls to 76,570.35 Amid US-Iran Negotiations BBN Times","""(Nifty OR Sensex OR ""Indian shares"" OR midcap OR smallcap) (falls OR selloff OR correction OR ""risk off"") when:1d"" - Google News"
2026-09-08T17:53:27+00:00,6,"['market selling', 'India market']",NDTV Profit,"Trade Setup For Sept 9: Selloff To Worsen If Nifty Support Of 23,600 Breached, Analysts Warn - NDTV Profit",https://news.google.com/rss/articles/CBMizwFBVV95cUxOYlZja0w0Zi1xWkFwS0VISWVGd1dSWkFqLVIzNWNfMUJkRmZUbjF4Y2RUdUI4YUNkYlcxRG16aXNmUFRiSXE0djJYZFRKSVdWejl1RTY3R2xCdG9BSmRQaDBBWktITDJoQ2ppQnlrTHZyY0hjQnVrRW05bGZvWTM1cXVVWTVKcEZKUDJ0SEFVcHI3NGstY2FoMklKdmJuWGhlWWNUWW82a05lSGlOTVdENzc4VWdqV3hHYlZFby1weDJuY3NQWlRCSzY0akZ0bk3SAdcBQVVfeXFMUEdDbmpGT0hHRnVyaWtmblZXTl91ZjI4VFF6XzlOWXJfSUNHTWdDeXd4VUhlWlJfWG01ZVJnN0ktUlpTZjFac1pXaVB2TGU3MzZnemt4U1h1QkNXOC1DN1pIRGdGNkVkT0xaNkdJQmp4eUpGUG1wR2drUTRTVTloWGRhNnhSNVk4TE14QmlVT2wzMU9QblpqVi1XS21tbm90ZDZjYXRsMTgzdFdEQ3QxVjUwcXBydGNWNmx3bjl1S00wYXlmVXFiWDlhNXhEWmdsNTJtcmtvUkU?oc=5,"Trade Setup For Sept 9: Selloff To Worsen If Nifty Support Of 23,600 Breached, Analysts Warn NDTV Profit","""(Nifty OR Sensex OR ""Indian shares"" OR midcap OR smallcap) (falls OR selloff OR correction OR ""risk off"") when:1d"" - Google News"
2026-09-08T17:19:14+00:00,6,"['market selling', 'India market']",The Eastern Herald,Nifty Auto Falls September 3 as M&M Slides 1.25% — Festive Season Test - The Eastern Herald,https://news.google.com/rss/articles/CBMihAFBVV95cUxPUlFMbTdtMEo4WHpfVzUwZnBfUktMbVJoTGwxc1NnS01CeHFIcENLNC1jOUZzMGhNNUxzNEJCTG1EZ0wtT2l3N1Z6UEItSTRabmZVZzQwZU5GR0FpNExPTTF5eEFVS1ZDb1hyYVdWd004cEhESU5STXF3aXBjdU40VExyZTg?oc=5,Nifty Auto Falls September 3 as M&M Slides 1.25% — Festive Season Test The Eastern Herald,"""(Nifty OR Sensex OR ""Indian shares"" OR midcap OR smallcap) (falls OR selloff OR correction OR ""risk off"") when:1d"" - Google News"
2026-09-08T14:38:09+00:00,6,"['market selling', 'India market']",NewsBytes,"DIIs net bought ₹1,349.64cr as Nifty falls to 3-month low - NewsBytes",https://news.google.com/rss/articles/CBMipwFBVV95cUxPTGg0TU1DTHk2eW02aldxeHVRTUZORFZIa3hjM19DSWhiRFdkQjZOcDFoY2NrWDJSeG5mX0lrSlhBZzBYOTNOZFM4NDhGWlhpR3NUX2Zyd0NHdlFLbGZLT0xiN1lTbUVuNlhtSGt3RzJkcEpWVUlNWDRVUW91dkprM09ISjdBaUpPaXJNWDdyTXo0MElXZHNKdi0zVnUycjN3VklvNmI5RQ?oc=5,"DIIs net bought ₹1,349.64cr as Nifty falls to 3-month low NewsBytes","""(Nifty OR Sensex OR ""Indian shares"" OR midcap OR smallcap) (falls OR selloff OR correction OR ""risk off"") when:1d"" - Google News"
2026-09-09T09:10:44+00:00,4,['India market'],Livemint,Is your mutual fund sitting on too much cash? Experts explain what the cash level actually tells you - Livemint,https://news.google.com/rss/articles/CBMi-wFBVV95cUxPYnVTTW9DeGh2OHg4ckdJcTJoTEdNTWctUWxRb0hjUFo1ZXV1aUQ0M3RqR1RMOHZuR0xqWmpFMGdDbThNZjJ2Y21mLXJKeXZxR0lnTWY5Z0JpZTVQcXBObHNLU1hVSTd0Tl8ybGZIRGZxcHhlajdSejdvdlQ3TmtmUzdIM2pmQjMxRXBocjN0X2FWd01DYVhIaHgzclptN2lqbTNoc2ZEa2F0SEhqS09FVUhxamI3Nl9MSjBaRUhma3dXUE43Q3p1bzBYMzgzUlhPU3dqcDltSGFCY0RrTlUwQUZGTzRiRjYxSEJkRkZ3a2Q2bkg4YjZzbkExMNIBgAJBVV95cUxPelROd0pWSGlnSnJEZlFmeHlBRHhscTQ2UER2VkhRZWJtSDNZQ2hzWTcxSV9VcTladEtRTFZJeF9vTjRFMXZWQTVnRS1uZzIwdGtzS0poNVc0V3hhQTdNbkxYVEpaQUNYUEYxVHlnTjlLcXdzWXFMWUNzT2RrZTJaNHNRbGQtd2hFQ0xiM2RqSFhYQmRqWFJYbFFxenZqWjMzMVUtcVBYdHowb2NzWGJpYkxGODg4Q2Z1c0tTOVNyUDdQb2d6OHVsZmlKQmlRU0dUdzFqakZZQVFZTmhCV3k4TUxyYzJVRmFJRm04V2Rxa0hMY1piYTB5QU1PMVROTnp0?oc=5,Is your mutual fund sitting on too much cash? Experts explain what the cash level actually tells you Livemint,"""(""mutual funds"" OR SIP OR AMFI OR FII OR FPI) (India OR equity OR market) when:1d"" - Google News"
2026-09-09T09:08:37+00:00,4,['India market'],ET Now,Mutual Fund's foreign equity holdings jumped 38% in FY26: US to South Korea - Check exposure to top 10 global stock markets - ET Now,https://news.google.com/rss/articles/CBMi_wFBVV95cUxPaWo5THl6MDdMODNFcUlfZTI5cUhXbWs2cnBUWmdxNnNfdFM5M0h5M1Z1M2xTSVZVWkhaNVBHRXFCSm9FQWxBaEZ3NmZCMWpLTE1pS0JlWGF6blRfcUxZU1hEb2tpdmtpaExXb1U0VF9lbVR2M1lqeGZWQkdlYjYyUHJoRWtXbGtVSDlJaHlwQTdWSC1zalhrenR4Q0JBWGdITTJwTm1fTy1MLUotSnBYdW11RVZIcFU5QW9HRGptclRRWmRqc2NMRGtubGFtRG9BV04wS1UwS2U3TFpZTWM5UlBqc0pXa195bmo2ZHRqeEJmOWhZZXpUMWNHU1FUMFXSAYQCQVVfeXFMTllvN2xnc2FvZjFjUXpEN2czMUxDc0ZEZm9VUmpsQ3RTaWVRNUJKaENXbklsTW5GbS1VR3BWZUtKOXlfaDR5WlNSY050d1RkS0hRX1BrUFNuaGZCR0s0M3Zjak8zbEJDQUZCTVpuNkd0NmhWdzJzUC0wQkRRbjJyODUtUFJaamFWZDlwUFR3UGJhOWdhR2lNalQzYkRkNXhiYkM2dkNwUmtSUUVvU09hZXlsTVlVeGsydktEZ3pRLWx0VnM3Q3dhcmNyRndGNDNtVHA3aTF1QWwwVTFaM2lSOGZtcDVBS0RxYklGNnNaSnJ2cldCNl81LXVNU1FIbmM5Yk9JXzE?oc=5,Mutual Fund's foreign equity holdings jumped 38% in FY26: US to South Korea - Check exposure to top 10 global stock markets ET Now,"""(""mutual funds"" OR SIP OR AMFI OR FII OR FPI) (India OR equity OR market) when:1d"" - Google News"
2026-09-09T05:52:29+00:00,4,"['India market', 'macro / flows']",ommcomnews.com,"Sensex, Nifty Open Lower Amid Escalating Crude Oil Prices, Middle East Tensions - ommcomnews.com",https://news.google.com/rss/articles/CBMitgFBVV95cUxPQ2RvQzN6Tkl3NVF4dUFXalZkeC1pTEExWFJ6VGZPSW1tNHJ4UURicXpzX090WktxeURsYnlTMncyaGY3M29nLUgxMXZtYXQ0MFV4WjdseEFCcWNHRVRYU0pDUEUtREFhREZBc3g3N2xsc2hnWk1HaHRzU042ZXphZkMxemh3czhvUzM0LWJkcTl5ZkZkNm1pOTg4U3dqOVRCS0xzOE5PYVFndWQxZWhmTUFhcmZqdw?oc=5,"Sensex, Nifty Open Lower Amid Escalating Crude Oil Prices, Middle East Tensions ommcomnews.com","""(Nifty OR Sensex OR ""Indian shares"" OR midcap OR smallcap) (falls OR selloff OR correction OR ""risk off"") when:1d"" - Google News"
2026-09-08T19:59:55+00:00,4,['India market'],Myinvestmentideas,Best Mutual Funds to Invest in 2026 – Top Picks India - Myinvestmentideas,https://news.google.com/rss/articles/CBMiZEFVX3lxTE40RnRaTlJBSWxFVDdNZXJPcVB1VGF4M0h3ajhDYWZlZjFncWdMazFVX2hLRUp4amtsWThkSHdNVXpQYUp2NXZHU2JDU0szQTBlY2gtVTFyQ1dJS3h1MkpxcW5DcVY?oc=5,Best Mutual Funds to Invest in 2026 – Top Picks India Myinvestmentideas,"""(""mutual funds"" OR SIP OR AMFI OR FII OR FPI) (India OR equity OR market) when:1d"" - Google News"
2026-09-09T12:10:21+00:00,3,"['India market', 'macro / flows']",ET Now,"‘High crude oil prices may not derail Indian markets; FII selling to continue’, says Motilal Oswal's MD | ET NOW Exclusive - ET Now",https://news.google.com/rss/articles/CBMi-wFBVV95cUxOTmNyaEstMFBmbkRTTjhzUVdEOUFHTTJMMHYwV3pFZUZaMW4zQWM3c3JGY21mUWNqdFhsVFIwN1p4cHNYZTRiSFNQdlpUNXI0czliRnhxZmRiVi01TWlVOFVYMlpGaGxPcDNYSkJxb29jZ2pJYVFfTVlQRno5Q21xNXFzeDNldUVjTHU0S01zd21VTmZiRTJWeXNlc1RnX1EwOFpSWEg5R3FlTGtlRHozblEweWJQV3U4NDZsZEVYQW8wTU1CMjZKeEdCYWFDVkJiYllvVGxZTV92bm1YbmFXTXZrVWpHVVZtQURLbExVWjdFbGwydnM1dmx4UdIBgAJBVV95cUxOMmxTMWthWW9NcklWT0NVRE5zN0NTcjlLWGNjLUxMd0piNnd0T3dfZGItMXkwYkFrNzhKLU1MS2N0RmYwdEVta0NmUUZXc190RFpWbHg2N3dRV3c4LWZJT2dnNFNHbE1raVBiVFJYaUUyOEVuWkZadUdtYjBteGpPY3NpNy1Ha2tDb210aXpmRy12bk5malhHVXBuaEI5MDVYdndJNjBjazVOWHNldVNWOWZqR1RVcnpod1FzTE9FWTdyMDQ1YUcwTDVfQWtZYlk2MHRVeGwtVkROUjN5bzZwT25IQ29LeGEwT2I2RzkzekYtSWtMVkY2c0FKR3YtMENv?oc=5,"‘High crude oil prices may not derail Indian markets; FII selling to continue’, says Motilal Oswal's MD | ET NOW Exclusive ET Now","""(""mutual funds"" OR SIP OR AMFI OR FII OR FPI) (India OR equity OR market) when:1d"" - Google News"
2026-09-09T11:46:40+00:00,3,"['India market', 'macro / flows']",Business Standard,"Sensex sheds 813 pts, Nifty ends below 23,450 as crude boils - Business Standard",https://news.google.com/rss/articles/CBMi2AFBVV95cUxQVG8zcFd5aHl5VjFtZHhTcUFBdjRRRmJVTVdEakxQRGh3N2M5QkJWeW5SUVBETlRNdjZ2eUxaN0lHODFDLVU0OHVwTmZJR3dydFI0aGlGV1BDM3dULXNrSkFfYU16OW51NGFQV0JsZzY5eFFWMGNyRFFKYmxZdEtaVGg2NVZiaGFVWkV5ODU0NEd1QVRoQjRCOHA1cUY1b2ZMYnBhY3R6OEZoMWNVLWNOUWVfY3dQZVVxZ01jS3g1VjY1NURiQlhmS0IwSHEtSlRZYVVPdEUtbzPSAd4BQVVfeXFMT2lSbHhxM1l6MzRZQVlNdVJvWXZQa1VhdzRGaDFzR1JlLWpveFU1SHFXcHJDNnNsckZMTEpfcHZTYzBFZU1RejF4bHJzWm1peXUyYkpSclBpUVJDcjRMcWVMOWgwcjBHd19Ea0hYVnM5Zy1XT1ZCSE96aHVLYXVuQ1IzYmtVOWZLbHVNajFaN2RPd1Mzdmt4SzRvX3g0RFZMRk5MbXVZYlJINEpqUDJ0TDB0dnVpcUxCX1ZjVzBmUlFBLUNxMk9STzFvcmROY0ROMEtpVURnTXE3SmdYbXBB?oc=5,"Sensex sheds 813 pts, Nifty ends below 23,450 as crude boils Business Standard","""(""broader market"" OR midcap OR smallcap) (selling OR correction OR fall OR volatility) India when:1d"" - Google News"
2026-09-09T10:59:20+00:00,3,[],The Economic Times,Looking to start a SIP in September? Check these mutual funds for high-risk investors - The Economic Times,https://news.google.com/rss/articles/CBMi4gFBVV95cUxNOHY0SDZmWHVfNnZwcTNGWkhKNllGcGNPVTZlU1BuQmpCQ1RSV0lTVXIyNGY1VWlRdFVqU1g1TkMxVC01TjhVZ3ZkVUxORVNlckpON1VzNFZESWlucHZpTm1VSHBCMUVpTjVwTGJraUdrZUJtOWhpc0ZzMy1fWUx4allma3NrMXFDR3hULUlkaFZJS0d3Vy1SU0pPaDhhd2ZCTGVsV0tfUGFieDRWYWZQSDRDcDViZE40MkdYVm0yRXVjd18xZVhvMXFiM1BpU3VRXzNVNU54Sm1sN0ZXZXB5Q0J3?oc=5,Looking to start a SIP in September? Check these mutual funds for high-risk investors The Economic Times,"""(""mutual funds"" OR SIP OR AMFI OR FII OR FPI) (India OR equity OR market) when:1d"" - Google News"
2026-09-09T10:27:06+00:00,3,[],The Economic Times,Quant Small Cap and HDFC Mid Cap among 9 equity mutual funds that delivered over 130% absolute return in 5 years - The Economic Times,https://news.google.com/rss/articles/CBMinAJBVV95cUxOdkN0T3dza3Jnc29WZFZOZjFQLUF3QUpIaFhOdjdNWF9UWFhmanFRNjlERE5qR2pRa2pMRDd1Z1BXMjBVOVlHbmg0NXdzc2NEZlJpUE40ZzFzcGRJNXd4SHZLakNFZlN0Q3FyTnI3N0JJUW44amdma25ZdFdnVFdPbVQ5dGNFaGJ1d1FtRmZOX2pxWU1xYTkyY041UGw2SFVoQXIzb3JZa1Q5bGtrRlVRdXZEaHMyd3VqY3loWW9MYThrZlFObThVRi1BRXgxVHBzMkhlREpIQ1A2dC1Udm1nUW5xeWhlU2xnV09nU0R1SVJGeE9lRkpoeW56VlA4Qm9GZ1VxYnhneWxmcGdCS2R2R0dZRXptQ0I2NnVSQQ?oc=5,Quant Small Cap and HDFC Mid Cap among 9 equity mutual funds that delivered over 130% absolute return in 5 years The Economic Times,"""(""broader market"" OR midcap OR smallcap) (selling OR correction OR fall OR volatility) India when:1d"" - Google News"
2026-09-09T09:57:35+00:00,3,[],The Economic Times,Quant Small Cap and HDFC Mid Cap among 9 equity mutual funds that delivered over 130% absolute return in 5 years - The Economic Times,https://news.google.com/rss/articles/CBMikgJBVV95cUxOUlI0U3RpcGlka0g0R3BaYV9RTGI5MURoM3RYT3BzY3RuNkZ5SHpHTmNPY2dCWU9UbWtRMlk5cllFLXF6WWh6bzFfTEtIbF9mRmU5bDU0eTNvd29PN2RKWGl1a2xaYTBBUjFsUUdCSG5aQmdfZ0V3dGpDUHFHejdtVjNpOUNHRk8zUV9mRUFzOHpKb1Nrd2tra1B1THRJdThGSy1JZF9Ed1ktc25vbnlEYjNRcjdVc2xCdTlDcFVqeFUzdzhoWUNGLTZaaVVOVldWbC1qaGZvSlh2Z3JhUXZ5RnlkX0NyNTRKWTR6d2wxeWM4RUR1THFPXzNXLXNIcEhBRFIyTmtLRDFWeWtvU1BjdnBn?oc=5,Quant Small Cap and HDFC Mid Cap among 9 equity mutual funds that delivered over 130% absolute return in 5 years The Economic Times,"""(""mutual funds"" OR SIP OR AMFI OR FII OR FPI) (India OR equity OR market) when:1d"" - Google News"
2026-09-09T08:33:12+00:00,3,"['India market', 'macro / flows']",Business Standard,Brent Crude hits $100/bbl after 3 months; Nifty Oil & Gas stocks then & now - Business Standard,https://news.google.com/rss/articles/CBMi0gFBVV95cUxOczM0QnpSY3VkSkp0SzN5VmdYSWUwTVZ4UWktTjdTdXdfV1VFMmh1cHdDSFZ1eWlOMUhlR0Z3bTVVNGVMYjlWWFA2SlluX3dZc09LUk9WMC1DS0djblYzeGtxVnJ4bEVleHlQaWRIYy1BeDkxOGJOQmh2TU9nMG5DQUpyOVBzUWFjbG5JUXB1NVB0T0lMNFg5MFdpSVcyNDlIanhBa2R1Z2c5N2Q5Q0RnOTR0V3BZOWF1djhzY3VmTFMxUTZ2OXhmRjFQSHZPbXNmUmfSAdcBQVVfeXFMTWRzZTVCaWpRQkZlczlIN0pqMWhQTlNZSE95QnVEbHpGV3hCZ2xZWGdIUnh5WW1qdjBHTlRzcGRwNE1ZcmdDS0xWMVlpZ29NNVlBc0owbDhhRlByOGs5N05JR0VWaXBtRUNLelVOTzgyeWZMZVczbVQ2RTExQk5lSnNvY3pCM2d3MXJLNGlSUkd1emNUbm1QQUxtUEFGc0QzSFgtdjRPbXdfZnRWTmNCeDRsQWhOdl9hTmpsTmtKYlF6MjhQRDlPMTlTeDFkTUxTNWZjYi1wYm8?oc=5,Brent Crude hits $100/bbl after 3 months; Nifty Oil & Gas stocks then & now Business Standard,"""(Nifty OR Sensex OR ""Indian shares"" OR midcap OR smallcap) (falls OR selloff OR correction OR ""risk off"") when:1d"" - Google News"
2026-09-09T06:37:09+00:00,3,"['AI / tech risk', 'India market', 'macro / flows']",financialexpress.com,"Why are tech stocks falling today: Nifty IT cracks 3% on US yields, H-1B visa fees, AI risks - financialexpress.com",https://news.google.com/rss/articles/CBMi0wFBVV95cUxQWk55RUhTZmdPelpSVXlqR0Fuai1IRVQ0ZFNHWWRQUFZaYkRmWU1MeHFJSk5FYkRNRTl1TWF0ck84RUgtYTJ3LUYtMmlaOEw5VkpEeUlna0U1aGNlaTNTN19iTG0wY2YzYWdzUG82TmlEVmh6NkZNQ1Bhb0FFMl8tRzk3UUVsNlgxSzFhakx1QUpUXzBmQUh0SDJiOUFiOFM1dXAzRDBKM1FMQXk3Vm9Ea3dRSXdlckpxT183UjkyLWU0OXlFX1lIaTJ0ZU9IeGM0d19z0gHaAUFVX3lxTE11YVc2eGdDems5RmJDajM5UnBLNHY2Y2V4M3U2YV90WlVSUjJsYWJHZlJEY216NkxtSy1Hbm1mYnZSM1MwRzR6VzZpNW9sM2JUNDA0dC1XSWUxV0k1ZnQ0OHVfNGlVdGpSV011VUV6d1dJYjhRYjFDTkQ4NmstczlFU0VSXzBhb3ZWZFA3RWVpR1VmS055Rk8yNFZneHVma2Nrb2dpY1FyanoyT1RBRGVra2k3V2EwVjYtZzBiTFd3V1J0SlpnS0h0YXpNVGZoX2padzA2VmFIN3dR?oc=5,"Why are tech stocks falling today: Nifty IT cracks 3% on US yields, H-1B visa fees, AI risks financialexpress.com","""(Nifty OR Sensex OR ""Indian shares"" OR midcap OR smallcap) (falls OR selloff OR correction OR ""risk off"") when:1d"" - Google News"
2026-09-09T05:25:06+00:00,3,[],The Economic Times,"This 58-year-old invests Rs 50,000 in 8 mutual funds. Expert flags portfolio imbalance, suggests rejig - The Economic Times",https://news.google.com/rss/articles/CBMi-AFBVV95cUxNN2tQZG1wYjNxVE1ZcEllamJGVmo1YmlIaFQyb3BBM3lkVDdFZF9uMFlKb3FCS1l4TVZDb2VkTkdEVUpnY3FIVWdod0tUcE5NeFhkYXhQelpmMTVOWWdWci1Hdmx3ZW9zczVmSWdoTE1Ud2tHN1gxLV9YSTRUTWptZ1E1UTUxZUZMbWdXR3U0MTJCV1VDc2pPUVQxX20xUUItc3hkN0tIRmhIbHByeWIwYUVTTUFyLVFrQnQ1MFRCM1BJeDJKR1pJSW5nUllZandZVThXLXlvOUQ2eWp5LXZUYkZCX2JZYVkwN1lsUWNyWm1iSVQ3dmxxcdIB_gFBVV95cUxPTzVjUWIzX1EwOVVUc3h3V1RHWjlSTlJvRmU3NkVWSEtNYmhTejAzODZaTXJkdVZRMWo4cThPb0tROUl1WThRaUdYYi1XUzY0ejRObFJZTEJ1MmFaWGtIdGdMZEthelpVZ1pNZHNYMnBOaUxBNjJoQ1QtVmRDSHpKbF9zZzV0empWMmp0dHFORHVucjdaTGpOLTl0S0Q0Tkk5QlFSSzlySHlvbi1TMUthNUhKWnFBUy1oU3B1QWd3Y0d1aExDb0lDNWo5cld5VDhtc1AtWFMxNjlJaU82N3ZRaVlMdFU1ak8wU1JWbUdEUDkzN0ZaZDNmTEdycEJsZw?oc=5,"This 58-year-old invests Rs 50,000 in 8 mutual funds. Expert flags portfolio imbalance, suggests rejig The Economic Times","""(""mutual funds"" OR SIP OR AMFI OR FII OR FPI) (India OR equity OR market) when:1d"" - Google News"
2026-09-09T04:57:15+00:00,3,"['market selling', 'macro / flows']",Deccan Chronicle,Rupee Falls 21 Paise To 94.95 Against US Dollar - Deccan Chronicle,https://news.google.com/rss/articles/CBMirgFBVV95cUxOQ215MXZqSkZWdEpVNnJaLUpUelNwempoUWM2SUFSSV82ZENOLVBLZ2EtTHR0aV90QW9kTGJWNUlXd2d1OWE5WXA2U1NkNkQ0ZExNUFl1RWZqSkNpdy1TbUc2Ny1jY2d5Smx4Q0NEekszYUlCNGxNR1FOS1JZZzNPZ0lJTUthTXNOS1oySDlSUTA5REh4aTBuNGczcEdUS2NkWXFaZ2ZXUlRNYW1yNkHSAa4BQVVfeXFMTkNteTF2akpGVnRKVTZyWi1KVHpTcHpqaFFjNklBUklfNmRDTi1QS2dhLUx0dGlfdEFvZExiVjVJV3dndTlhOVlwNlNTZDZENGRMTVBZdUVmakpDaXctU21HNjctY2NneUpseENDRHpLM2FJQjRsTUdRTktSWWczT2dJSU1LYU1zTktaMkg5UlEwOURIeGkwbjRnM3BHVEtjZFlxWmdmV1JUTWFtcjZB?oc=5,Rupee Falls 21 Paise To 94.95 Against US Dollar Deccan Chronicle,"""(Nifty OR Sensex OR ""Indian shares"" OR midcap OR smallcap) (falls OR selloff OR correction OR ""risk off"") when:1d"" - Google News"
2026-09-09T04:56:39+00:00,3,['market selling'],Business Upturn,"IT sector stocks fall sharply today, September 9: Coforge declines 5.24%, Infosys down 3.62%, Tech Mahindra falls 3.29% - Business Upturn",https://news.google.com/rss/articles/CBMi-AFBVV95cUxOdEp4VnhIN1dwcEFiNG5RSldQX2VkTm1Wc0tyVE9TVXJuY2k3WEQ0a2lEbU5ScTNzamlOaEw0UXFQblZoMWY2WWxneDBEWmNTb2pMX2xYNzU3bzd0WmZtcXVEQ2pBZ1hWc21YeDJvNk9QQjJ3VTFSWENyNTZoaDhVYmZfZ1ExWjlna2RXaThrOHp1UFFtaDlhMmlOaVZPWHpMX0ZlalBNS0NZZGFicmhDUFpqNm5XNnE2djdNVFVtWVdXM3IxampETW83bkJaczJBTHFQTEl3enY1Z0s5a05iajZqdHBLNkdKc0k3bVdxR2NjZWxleG0yZg?oc=5,"IT sector stocks fall sharply today, September 9: Coforge declines 5.24%, Infosys down 3.62%, Tech Mahindra falls 3.29% Business Upturn","""(AI OR ""artificial intelligence"" OR Nvidia OR semiconductor OR technology) (selloff OR ""market fall"" OR ""stocks fall"" OR correction) when:1d"" - Google News"
2026-09-09T04:56:39+00:00,3,['market selling'],Business Upturn,"IT sector stocks fall sharply today, September 9: Coforge declines 5.24%, Infosys down 3.62%, Tech Mahindra falls 3.29% - Business Upturn",https://news.google.com/rss/articles/CBMi8wFBVV95cUxPUFh3RTBQVUJjd0lfaFE4QjU0X3l1cno1OVUtQ1BjM2diRHpySVF3ZjBObUYwUm1FNkZmeGQ3SC1hUUw0V3BJaDltZllxdVJLN2RPcXU5Y3d5dmU4OG5TRE9xWFdBYlE4RzdndWM2bTc3c21PRzNIYUN0d0UtRkFvZ0ZMcWFHbGN6U1J5NDVjQnZIT0JSZ25tMGppRnl2TXJxa19Qd0pGTE8wU3lWRVB3UDFLMXlSblFrdV8yUEtXVDZ6LVFMd3B1Q0lPWlR3NEVaZE1MTXJCYkhEZV8wclRHdHhTbGVlRE1Ldk1WV3c1OHprZWM?oc=5,"IT sector stocks fall sharply today, September 9: Coforge declines 5.24%, Infosys down 3.62%, Tech Mahindra falls 3.29% Business Upturn","""(Nifty OR Sensex OR ""Indian shares"" OR midcap OR smallcap) (falls OR selloff OR correction OR ""risk off"") when:1d"" - Google News"
2026-09-09T04:45:07+00:00,3,"['India market', 'macro / flows']",newsdrum.in,"Sensex slides 640 points, Nifty breaks 23,500 as oil nears $100; what investors should watch - newsdrum.in",https://news.google.com/rss/articles/CBMiygFBVV95cUxOTFA2VmNVZmtMYWlqdjktbkJTQnN0NHNrallfRzhUTjAxUk9USFRFUlRxaWdYYUstenpkRGxiQ2RIWllUbkJmWjk2ckI4blJEX29La25KMmVid3NaT09wTzI1cWQ3VktoMjJuSTlJUGduSzRsTUhHRHdwZTFiZFlUR19XTmNmaldScGtfX1dUdlRVb2JzN0xEQmhtLWlnR0czRlY5cnpWWGNuS2xkaDdKQUFrY2hfS1d4RWp3Q3duaG9ZSkVxVV82TnNR0gHKAUFVX3lxTE5MUDZWY1Vma0xhaWp2OS1uQlNCc3Q0c2tqWV9HOFROMDFST1RIVEVSVHFpZ1hhSy16emREbGJDZEhaWVRuQmZaOTZyQjhuUkRfb0trbkoyZWJ3c1pPT3BPMjVxZDdWS2gyMm5JOUlQZ25LNGxNSEdEd3BlMWJkWVRHX1dOY2ZqV1Jwa19fV1R2VFVvYnM3TERCaG0taWdHRzNGVjlyelZYY25LbGRoN0pBQWtjaF9LV3hFandDd25ob1lKRXFVXzZOc1E?oc=5,"Sensex slides 640 points, Nifty breaks 23,500 as oil nears $100; what investors should watch newsdrum.in","""(Nifty OR Sensex OR ""Indian shares"" OR midcap OR smallcap) (falls OR selloff OR correction OR ""risk off"") when:1d"" - Google News"
2026-09-09T04:04:00+00:00,3,"['India market', 'macro / flows']",TradingView,"Sensex down 600 pts, Nifty near 23,450: Surging crude prices among key factors behind market decline - TradingView",https://news.google.com/rss/articles/CBMi8wFBVV95cUxQOVdrOGhBalcwUGQwZG5iLWdzY3IwNl8wMTdmOG9MWjdiRmd5UUpUMWYwYV9NT3FoR3NSR1ItOVEzZnpob0tVRlNpWTEzNFFhLU5yY3Bkek5SNnZobE9XMi1NanFvMU5oNk0xT0c3c0RCMlNseDZqbFRGVHFSYlQ4Q1A1ZjJidnJPNDFUdG5XOHFUck4zSkJSY0J5c1lDNjg0eHpHQmozM2EydTlaZGJFY2NOeEZmMWg1R1hvNHNTTC1Ma2hIZHp6amRuTWEzOWpwN0gtaHMyaXBfMlZuV1J2aGxxcDhmcWR5M0hNdW9pTXVsRVU?oc=5,"Sensex down 600 pts, Nifty near 23,450: Surging crude prices among key factors behind market decline TradingView","""(""broader market"" OR midcap OR smallcap) (selling OR correction OR fall OR volatility) India when:1d"" - Google News"
2026-09-09T04:04:00+00:00,3,"['India market', 'macro / flows']",TradingView,"Sensex closes 800 pts lower, Nifty ends below 23,450: Surging crude prices among key factors behind market decline - TradingView",https://news.google.com/rss/articles/CBMihgJBVV95cUxNdzlTMnlRTlo2bTFCWnVNRWRDSHI4Mk8tTnNKa2lVNzFWUHNubFMzc05jNUpqcVMyREtTZFFTMlllMC1XU083d0xpbUU1OVI3RlNtdDhlWUNER3FmTGplb2tlRzRwU2l1Z3dKdXhmZnJXZ2pEMGlSOHdORy1XRmxhVHVIOVZ2LXpJMi1UTUY4RmVJMmN6ajI1ZVFGQy1oQWZqYVVtby1qdjRfU29xMk5CYmVLbVhtcmV5cXFXa29zUm1KNUkzY29WVllQaXh0LWh4RklHOWtqY0YxX1hDbTlPRUstQ2ZzYnI2WkpQOHBZVV9ZdjltNmRCNVNPX19rZTQyRlVGYnhn?oc=5,"Sensex closes 800 pts lower, Nifty ends below 23,450: Surging crude prices among key factors behind market decline TradingView","""(""broader market"" OR midcap OR smallcap) (selling OR correction OR fall OR volatility) India when:1d"" - Google News"
2026-09-09T03:58:27+00:00,3,[],The Economic Times,Best tax saving mutual funds or ELSS to invest in September 2026 - The Economic Times,https://news.google.com/rss/articles/CBMiygFBVV95cUxQRXlEUkU2M2ZyOWtXeWpxa252VEdKclhYZkpFTUNvbDIySFdnaFRLVS1XQkRrS2FJdGVIQi1yQ2VnV0Nlc3IyQXpSTzdvQUtQTkthMXp2a09Jazl3NzR4VnF3UGFGU0FBUmhjcy1hN1c2WVpTWTRmUDNjT0dST1QxcTJCWm9WRlA0S2tkT3MtM0lqUERCS0lfdFk0bGE4VkhjenE0Z0pZUDJvdDlzNGZzal9nbVdlMkduV2FuMUVPdWVhaUw4c1hTcEtR0gHPAUFVX3lxTFBNS2JJcVd0MXRhckFxSXc0el9RR2pRVy1XUFNUZGsyYzFFUEstcFZxRXBvVEZYUUR2ZWNsa0ZGOVU0VTFKTmNaWHhoTWIxN282MnJJV2ZjbEthTGp0dHpwZ0NKZVhmYndGbWlnaGVSb0xicnYxWHhfSExscFVqY2x2ZEJpbFFJamc3aVZ3LW50cWQwSFlqYnBPUXlfWU9hYktHbnhkRWQ1TGJ3b2hILXdrNlJ0ekx0eEo2cmdJSXBrWl93R25Qd1ZSWFhKVzBWYw?oc=5,Best tax saving mutual funds or ELSS to invest in September 2026 The Economic Times,"""(""mutual funds"" OR SIP OR AMFI OR FII OR FPI) (India OR equity OR market) when:1d"" - Google News"
2026-09-08T22:34:06+00:00,3,"['market selling', 'macro / flows']",BBN Times,"Nasdaq Falls to 26,421.41 as Qualcomm Surges on AWS Deal Amid Oil-Driven Selloff - BBN Times",https://news.google.com/rss/articles/CBMitwFBVV95cUxPbURWSnBUM244RThSS0Q4bWNmVVB5dVFjOHVNZ2NnVWRBNlVyZGp3NTVyeHpUcXM1UUYzWE50SnpfQ2hzbmRfTzkxa3Fwc05HRUxQU2phS21fNFk4ZUg5LV9OM1ZDLXJ4bHFqTm93RWpleUdRVGdIcEhzbGNzenA4R0VzMHBaY1k5NVV3MmU2UG90Ujc5MXhFZDI3LUN0dThfS0RZUGV0NGxsSGdXa2tTVkhwalh2ZHM?oc=5,"Nasdaq Falls to 26,421.41 as Qualcomm Surges on AWS Deal Amid Oil-Driven Selloff BBN Times","""(AI OR ""artificial intelligence"" OR Nvidia OR semiconductor OR technology) (selloff OR ""market fall"" OR ""stocks fall"" OR correction) when:1d"" - Google News"
2026-09-08T21:20:38+00:00,3,"['market selling', 'macro / flows']",Seeking Alpha,Guidewire Software falls 8% amid post-earnings selloff (GWRE:NYSE) - Seeking Alpha,https://news.google.com/rss/articles/CBMioAFBVV95cUxQQS1YaVFGWEpIN3c4ZFFwQTRkZG15N2dpMlR2T3h4Qkg1d090YWhRc0kySnlHSHNYQjlXenRvM3FQRmI2M2NDYnZGbzk1bkFudVp4TlBpZG1lbk5BeGMtcHl4a19ZTjE1UlkzMThmQWtnd0lSRkdudVBXVUJ4b0lyS0JuU3ZjdGQ2cU9FUGxESEUtQjBKMWJKOFJ6S0I5aUh1?oc=5,Guidewire Software falls 8% amid post-earnings selloff (GWRE:NYSE) Seeking Alpha,"""(AI OR ""artificial intelligence"" OR Nvidia OR semiconductor OR technology) (selloff OR ""market fall"" OR ""stocks fall"" OR correction) when:1d"" - Google News"
2026-09-08T20:58:39+00:00,3,[],News18,"AMFI June 2025: Equity Fund Inflows Rebound 24% To Rs 23,587 Crore, SIP Inflow Up To Rs Rs 27,269 Cr - News18",https://news.google.com/rss/articles/CBMizAFBVV95cUxPZUxvcTgyNktQejR1SEZNZ1M0Ymg2eVcxejZ2X3h5MHI5ZWJ6M3RURlAzN0NUN1E1c3ltMTJqVkpmbUlmb2V3dF9jTnR0d24yX0IxdFpGNlgzSWl1OE10VXZJdEJENU5Rcm1aNU43WWNnLTJ5bkVaYU53ajhJNDFNTDNNWUd1c2FqSUNFc3BDWEx5NjhVNmstUW43ZnAzZ3o0WjRkWHVmMms5VFhNb3dTa3J0Y2tlSkJGVl9ndks5X3B0MzdKWjZLU1ZlWkvSAc8BQVVfeXFMUDU0OExNRUFveTNldFV0VHYxa0JMSWllR2JabzdvWTNoTGFBSVk2dkFHbHk2NDBVOXgtVEl0WG54bUtNb1NnZEowN3JTeTZqb0NmMU5uNUY2V2FLR0ZrVEVxZVIyT2M3cW5JMnlvajJJdUtUcWpqSnBhUkdyLVhDMFNyX0x6bTBlTloxN0R0MzdYMXBOSFlwenRLUHZHZFA3b3Q3TWtLRUV4Z3ktWm4wTDNZaEpWcUhwbnk2SHhYSlB0aVVUN09RNy12OHdFSmd3?oc=5,"AMFI June 2025: Equity Fund Inflows Rebound 24% To Rs 23,587 Crore, SIP Inflow Up To Rs Rs 27,269 Cr News18","""(""mutual funds"" OR SIP OR AMFI OR FII OR FPI) (India OR equity OR market) when:1d"" - Google News"
2026-09-08T17:00:29+00:00,3,"['India market', 'macro / flows']",indianewengland.com,"Sensex, Nifty Extend Losses as Rising Oil Prices Weigh on Markets - indianewengland.com",https://news.google.com/rss/articles/CBMimAFBVV95cUxQdTlTekdXTGZMVGtWdWdGTDRfT3hSSVRiSWl5dVFKYnY0d3RxTE1sdG5xSFh5eVIyQk5jaEZqY1lkRFRMUDMtYjR0Skd4cWtNUnphYnZiSVkwekVXZS1BdjBuaGZUR0R3UHF3cTZURDRmSm5IMFJSOGhrdXJDc2JCZ3dnT01VLWpTcjZFRG94LTctMzNGMm1xZg?oc=5,"Sensex, Nifty Extend Losses as Rising Oil Prices Weigh on Markets indianewengland.com","""(""broader market"" OR midcap OR smallcap) (selling OR correction OR fall OR volatility) India when:1d"" - Google News"
2026-09-08T15:44:25+00:00,3,"['India market', 'macro / flows']",Whalesbook,Rupee Struggles Near 94.80 as Oil Prices and FPI Outflows Rise - Whalesbook,https://news.google.com/rss/articles/CBMizwFBVV95cUxPR3l1ZERGQTE1azVlZFdfOHVXRnB5bldmbVFwSWdHNzR1eGhvTFRCRHZQYzlTU3ZyVDg4UE1xMVdUaWZhLUNMblMyZVhGSzdCY0tPZG1MQnoxUk56T3ZhMnRtYm02OExHSWdTSUdYR21XTE1Ea3hYVkpjbEs2VzczcmJ1cWl5dm1iOEtnN0Q3S1hONGtfcnN6WTkzMUxjZ0doOUh3V2ZqNldLTTJzcmhvWTRDcHlZMkxxa20ya2ZEdVdxODhhMDlXdlZHQ0ZydGs?oc=5,Rupee Struggles Near 94.80 as Oil Prices and FPI Outflows Rise Whalesbook,"""(""mutual funds"" OR SIP OR AMFI OR FII OR FPI) (India OR equity OR market) when:1d"" - Google News"
2026-09-08T14:52:22+00:00,3,[],Whalesbook,SIP Industries: अस्तित्व बचाने की जंग! 36वीं AGM में कर्ज को Equity में बदलने की तैयारी - Whalesbook,https://news.google.com/rss/articles/CBMi3gFBVV95cUxPSjZ4SHR3ZkRqNUxtenhfVXVqVHM3OHZZVVc1TlRoa2dwWWVfMFROQUxEUml5OEVLV2VZZWw3T1RQUnpsOG9TWGpaR3hSX3h5WEJpTVc5SHFybVBDSzVqSDF3YWdpbmE4UmlZWndBV1dOLTZBU2tzcWJFNVNXZV91X01NNFhncUxFUmRFZUdnTVFrZjVsUjg1S2F1QmFFeTN5SEFETjZ3SzY5R3ZUQWJkV3VoNkxhajJodDQxRHpDSVlTd0NpSmFQMV9hVHlwNzJPb3UtTHB5ekMzQWpzVVE?oc=5,SIP Industries: अस्तित्व बचाने की जंग! 36वीं AGM में कर्ज को Equity में बदलने की तैयारी Whalesbook,"""(""mutual funds"" OR SIP OR AMFI OR FII OR FPI) (India OR equity OR market) when:1d"" - Google News"
2026-09-08T14:50:58+00:00,3,[],Equitymaster,Best Mutual Funds to Keep on Your Watchlist for Long-Term Investing - Equitymaster,https://news.google.com/rss/articles/CBMiWkFVX3lxTFBuZXhMakhiSWV3bEtjbHJ5NlBQTU04TjhnSjViZkFSUFJ2VTRmYmFhdEJIZWp3WUEtVVhPUTljakJVOEcxeTU1RjRtaURRbmpQdTUtZVVfbVVYZw?oc=5,Best Mutual Funds to Keep on Your Watchlist for Long-Term Investing Equitymaster,"""(""mutual funds"" OR SIP OR AMFI OR FII OR FPI) (India OR equity OR market) when:1d"" - Google News"
2026-09-08T13:32:00+00:00,3,"['India market', 'macro / flows']",areporterlive.com,"Sensex Crashes 555 Points, Nifty Slips Below 23,650: Oil Prices and West Asia Tensions Rattle Investors - areporterlive.com",https://news.google.com/rss/articles/CBMixgFBVV95cUxOdmh4T0tvbkY2VU1XcFdJUC1KVjFDWkw3LTJfenFoVHFFQlZhbGpNWnFuWlY5TFQ2Yk5uRXpaSkQ0bkNJNjY1VEFvUVY2UGthSzNkYndRcmhiZHhmRlFBS2RWTTBUX2F3T0VLTGZmMmRhei1Ib3RWZUtrLVh6dXpxTE9lWmYzMkg5Q1VaLUVGUzlyQlNEWjhYLWw4ZWVVMFl2VEZuNVc0T1RJRWlVMG5rWG1vSTNzeEVDME40YXpMZXZ3MDFsdWc?oc=5,"Sensex Crashes 555 Points, Nifty Slips Below 23,650: Oil Prices and West Asia Tensions Rattle Investors areporterlive.com","""(Nifty OR Sensex OR ""Indian shares"" OR midcap OR smallcap) (falls OR selloff OR correction OR ""risk off"") when:1d"" - Google News"
2026-09-09T11:43:22+00:00,2,"['India market', 'macro / flows']",The New Indian Express,"Sensex tumbles 813 points to 3-month low amid escalating tensions in West Asia, oil price surge - The New Indian Express",https://news.google.com/rss/articles/CBMi4gFBVV95cUxNRXNtT01oRmtSTlc4eG9pTUthMnhwbExhaGtpcmJfUDlGQlBWSC1YcHZBSnlvT3hvUXNHejlXcHFPNDRyVjlWdXlRYm1rVE5SODlLaDRzYXlGMFNyS3VKTEhDa2M0dVR0Skt6QnNvNVNlUGUxVTltUy1VNFZld2xLOFU0aTFzVHE3YU40V2hSd2NOTExQelJxYzNKY3g0cTJGcmF4Q2Q3X3RyWUxNY2dGWUMtUkR2dHpLUWxVNS13WkdUM01QQ1N2RHVObjBwS1hJUXhTUzI4UFhHMTNhM29LUEdB0gHvAUFVX3lxTE52T0V2UjZnRjk0LVBRMGlYNG1SaHVEQnZuVEhmcHY4Rk4wemtJMERUR3I2UlBuMXdJRGI4MkxrcGlkUHVERzN3RFg0SXpoY2tvN0tPUWRvS3R5MENVTUpmSUhqXzh3RTF1MVlvNVFoa1Y5QTlkWGV5cVlEbER0aVc4STZGRHpJSHY4NnVwNTlPenUzclZLWUhJUXpwZ1ozRzZ2VnYtWlZxdFBBM05TU2FxZHdhcG1nNk9pNnZpQ25TNVQ1MWRBRlZUVW1BazRtZUt2dnhlWnBaSzBZTkFtY2xWNDY5ZGx1aFY0WVhEa2ZN?oc=5,"Sensex tumbles 813 points to 3-month low amid escalating tensions in West Asia, oil price surge The New Indian Express","""(Nifty OR Sensex OR ""Indian shares"" OR midcap OR smallcap) (falls OR selloff OR correction OR ""risk off"") when:1d"" - Google News"
2026-09-09T11:17:04+00:00,2,"['India market', 'macro / flows']",Business Today,Crude Nears $100: Rakesh Vyas On The Impact On Indian Stocks & Nifty - Business Today,https://news.google.com/rss/articles/CBMi0gFBVV95cUxQVEtWeVBTVWJ0aDdxaW9vT29kMVlIcWF4aDBKeEw5VFNDbE9rSDlZNkJJWGtlX0R6bmtOc1F2Z0NCY2xKNk5iVm1Sb0h4aWQwcEc5eWNBTUtkb2I2N1VOdzh5Q0xaN2RyVW5sYlNOYVVrd3R6dXhGU2t5Z2pQSENkbzlvazVGeUVkLUFzUENoNTBLUU1Sczl5MVJkbGZlOFotZDRkYnplcTlNY3hNWThOd0tucS0xMFZTdzBoZVREX25SbWpoV1piSEg3cTZZWWk2RnfSAdcBQVVfeXFMUG9CN3puYW43aDFUaGdmYkxUcnQxLXdJcXZXZ2h0TTNJN3VvdXVCNDFfWWF5SGo2NlY5Wmo1SWM2c2tOY2ZYcE5jcTc0WmN6OHpjTUl0UjExd2Z3blN5MjZIZ0F2LW8wRmlTSnVHX1E5UUhfUUFnRlhBbHl4X1BIckd2SUxybWdJT0xKZjc2SXdYZ2lPb1JNb0hFTl9Bd1V5YzRlcUI0ejRSanMxWjI0ekllZThpaXBHbW4yZmRtbzZGQUhTRGhGNDlzVUd2bHpuMk83dUY4MVk?oc=5,Crude Nears $100: Rakesh Vyas On The Impact On Indian Stocks & Nifty Business Today,"""(""broader market"" OR midcap OR smallcap) (selling OR correction OR fall OR volatility) India when:1d"" - Google News"
2026-09-09T10:55:06+00:00,2,"['India market', 'macro / flows']",The Assam Tribune,Sensex crashes 800 points as Brent crude hits $100 on US-Iran tensions - The Assam Tribune,https://news.google.com/rss/articles/CBMisAFBVV95cUxQM3BOWDBhb1lRR1VzaTU1RlVmdTBPcmJrV3lndE5HblYyWUhaeWszN2xPTnFnX3ZiMVhQai1IQ0UyeDBsOF9NYmJXMmg4WXdDc0R2SFZwSlhjeTNQNmMyZ1J1Z0Q2VjU1c2xRTnM0SGltZ2JFNkJ4bHA4UzVFTVg2TDAxZkFZTzNKczhkYkVMOXlSNndvcmRfV19LdGl3ME9qV19FM25FR0JMT1Jmb0RpTtIBtgFBVV95cUxPWWNLOGJVVmNzM3RPVTJqTEstVm44NkVramE3ek1NamhVSm56d3RqTWNXeC14MGZIU0IyX24yMHR0ZVhfRXZvbmNrRVQtWG1DUzRJSl85VUxtNklHVFVnSERXeVRZOFFlaFdSdkNDYnF6bE1Ud1RhZTdkTVdYSlJlUVkwS1FRazZZYjBCN1hoMUd4bVgzVVJ6ak9DdW1USGRCcUNZZnJ3bnJDREVDODBnS2Jobzhjdw?oc=5,Sensex crashes 800 points as Brent crude hits $100 on US-Iran tensions The Assam Tribune,"""(""broader market"" OR midcap OR smallcap) (selling OR correction OR fall OR volatility) India when:1d"" - Google News"
2026-09-09T10:47:16+00:00,2,"['India market', 'macro / flows']",LatestLY,Stock Market Today: Sensex Plunges Over 800 Points As Brent Crude Hits USD 100 Amid US-Iran Tensions - LatestLY,https://news.google.com/rss/articles/CBMi5wFBVV95cUxPdUFheTVVcTVuN01VdUtoX0hpT2xBVUZYZFkwYTAzMVdOR21rblh6MVlPOWpjX1EtWVIzQmJUNzRieW5ndFpoUmN1ZlA5UXlFaGU0NlF5Y3FNQ18zWGZzeWZ6ellGaExySUduaUc0c1FMd3BDVUdZYnJ2OTdsMjd1S0l0elVyUXNoRWI5dlhLXzI1Uk9wSUl0Vm9JN0tVOHNCTy13bzNiZ003bFQwYnJMX1o4X2N5VFVUOHVwUWNMeDFyZmxtQVVBU2FfLUZhRDdIRWl5LXA2ZUR3TjFyUHFoZUUzR2gzMGvSAecBQVVfeXFMT3VBYXk1VXE1bjdNVXVLaF9IaU9sQVVGWGRZMGEwMzFXTkdta25YejFZTzlqY19RLVlSM0JiVDc0YnluZ3RaaFJjdWZQOVF5RWhlNDZReWNxTUNfM1hmc3lmenpZRmhMcklHbmlHNHNRTHdwQ1VHWWJydjk3bDI3dUtJdHpVclFzaEViOXZYS18yNVJPcElJdFZvSTdLVThzQk8td28zYmdNN2xUMGJyTF9aOF9jeVRVVDh1cFFjTHgxcmZsbUFVQVNhXy1GYUQ3SEVpeS1wNmVEd04xclBxaGVFM0doMzBr?oc=5,Stock Market Today: Sensex Plunges Over 800 Points As Brent Crude Hits USD 100 Amid US-Iran Tensions LatestLY,"""(""broader market"" OR midcap OR smallcap) (selling OR correction OR fall OR volatility) India when:1d"" - Google News"
2026-09-09T10:42:29+00:00,2,['India market'],IndiaIPO,"Stock Market prediction: Sensex, Nifty outlook for Thursday | Kospi, Taiwan Index, Nikkei cues to watch | 10 Sept - IndiaIPO",https://news.google.com/rss/articles/CBMi2AFBVV95cUxNdGhRdXVLN2RaNnFuNzdUSm5EUWNYblI1Yy1EQXNOcEg2dkpYVVZsXzZwQ3BIX0ZQSTJrN3RrZm9ydWVnZGRyTXAzOFVHbjlrTTQ1TXdQTTBBenFPRmZQU3p5NDRwUE1VaUU0VjhxNTNUZ3lQMHVKVmNLYWxvSHpWano1ZFRRbnZheDVtcGx1UzgyYmotOTFRQmdkLThUajZKN245eDJiRmh0c1llZDFfakNzRlVZYUlmNzMxTDVLYTl5Vmk5M2VQdkR5aXR6R2xJSHRxeXB1M2o?oc=5,"Stock Market prediction: Sensex, Nifty outlook for Thursday | Kospi, Taiwan Index, Nikkei cues to watch | 10 Sept IndiaIPO","""(""broader market"" OR midcap OR smallcap) (selling OR correction OR fall OR volatility) India when:1d"" - Google News"
2026-09-09T10:18:35+00:00,2,"['market selling', 'macro / flows']",investingLive,Global Bond Selloff: Why Yields Are Surging and Why Investors Shouldn’t Abandon Bonds - investingLive,https://news.google.com/rss/articles/CBMivgFBVV95cUxNem9NZnlrTnB1MEZ2Qy1pZWhOQXlVNTM5a3JyeUR3N3RQM28ycE1uM210NGtOc0JyT0FYTzg1RWdxczlsaFRVQW9ObmJ1ekQtZlNoSWFYNUQwQTBvVUF2czdKeEdqeFFTU3RqQWM5ZnI4YzNscWtvOUVPVWJoN2E5cF9jN0UyWjhHQV9CeTR5REdYMTlfXzNLWTdjdS1kN3ZtT2RVV1ExRmJIcUFfZFp2a2VwV2lQc1I5NlZUeXBB?oc=5,Global Bond Selloff: Why Yields Are Surging and Why Investors Shouldn’t Abandon Bonds investingLive,"""(AI OR ""artificial intelligence"" OR Nvidia OR semiconductor OR technology) (selloff OR ""market fall"" OR ""stocks fall"" OR correction) when:1d"" - Google News"
2026-09-09T09:08:11+00:00,2,"['India market', 'macro / flows']",Outlook Money,"US 10-Year Bond Yield Nears 5%: How Will It Impact Indian Markets, FPI Flows? - Outlook Money",https://news.google.com/rss/articles/CBMitAFBVV95cUxPYVZnTERJbXQzREFFcjhnTnFjeFRkdl9nVmszUVJKOC1rUlVGTHdpR3o2N1FYb2lFSDd6c1pnM0Vma0xRcFBIa2VHOUhuam9qZmxZX3RZbmxYRWp6eEZEOVRlZzdYQXNRZ0JhSC1RT2FZekJSaTRXZi1iWFRkZEJTSGNaOUJId2xON2tmZjBpbTFrU0RzTDlHTXRlUDFLNThJSzhEUXBRZHI1Nk9tMlpFOWR6WXnSAbQBQVVfeXFMT2FWZ0xESW10M0RBRXI4Z05xY3hUZHZfZ1ZrM1FSSjgta1JVRkx3aUd6NjdRWG9pRUg3enNaZzNFZmtMUXBQSGtlRzlIbmpvamZsWV90WW5sWEVqenhGRDlUZWc3WEFzUWdCYUgtUU9hWXpCUmk0V2YtYlhUZGRCU0hjWjlCSHdsTjdrZmYwaW0xa1NEc0w5R010ZVAxSzU4SUs4RFFwUWRyNTZPbTJaRTlkell5?oc=5,"US 10-Year Bond Yield Nears 5%: How Will It Impact Indian Markets, FPI Flows? Outlook Money","""(""mutual funds"" OR SIP OR AMFI OR FII OR FPI) (India OR equity OR market) when:1d"" - Google News"
2026-09-09T08:34:50+00:00,2,"['market selling', 'macro / flows']",Fars News Agency,Stocks Fall as Oil Rally Fuels Inflation Fears - Fars News Agency,https://news.google.com/rss/articles/CBMingFBVV95cUxOdFZta3BNYVNPWHlzSUJJTnYyVEtGRjNXX0dUTldUbmJPQXpDUVpHNkZneFBCVlhFTTF2TWVCZWlxLXJfTm1YcjlFZFhvN3pzNW5JemhlTTZVdTFWWTF3UnNXTnRicDVVSWsyMTRoaFd4VWlkVGwzTkdtdzRYVFBkVXdrZGYtOU9EblZCdE5rNC1wUk9VRWQwT01sZkJiQQ?oc=5,Stocks Fall as Oil Rally Fuels Inflation Fears Fars News Agency,"""(AI OR ""artificial intelligence"" OR Nvidia OR semiconductor OR technology) (selloff OR ""market fall"" OR ""stocks fall"" OR correction) when:1d"" - Google News"
2026-09-09T08:25:14+00:00,2,"['India market', 'macro / flows']",CNBC TV18,"Market’s oil pain: Brent surges to $100, Nifty at 3-month low - CNBC TV18",https://news.google.com/rss/articles/CBMiqgFBVV95cUxQMEdFTWdXS2JJcmNtZmc0ZGMyMTI2RG5aQ3RjN3gxcnY0ODhRN2FXR2ptRk9CQ2YteUlpQnNvMGRYX1ZtQVRqQWJ1RUVCNFFma3E0WEZYdzdGSWpKRjNyeFdjSlBkME10elBkamxsN1BrY1dFTHhMZHdtOFN1aUFSLVRydi1fbkdCRVpHLUUzczRDRFpxejAzZjdYMXdSaVVLMXp4MnlDT3NGd9IBqgFBVV95cUxQMEdFTWdXS2JJcmNtZmc0ZGMyMTI2RG5aQ3RjN3gxcnY0ODhRN2FXR2ptRk9CQ2YteUlpQnNvMGRYX1ZtQVRqQWJ1RUVCNFFma3E0WEZYdzdGSWpKRjNyeFdjSlBkME10elBkamxsN1BrY1dFTHhMZHdtOFN1aUFSLVRydi1fbkdCRVpHLUUzczRDRFpxejAzZjdYMXdSaVVLMXp4MnlDT3NGdw?oc=5,"Market’s oil pain: Brent surges to $100, Nifty at 3-month low CNBC TV18","""(Nifty OR Sensex OR ""Indian shares"" OR midcap OR smallcap) (falls OR selloff OR correction OR ""risk off"") when:1d"" - Google News"
2026-09-09T07:08:58+00:00,2,['India market'],News18,"Why Is Share Market Falling Today? Know Key Reasons Behind Sensex, Nifty Decline On September 9 - News18",https://news.google.com/rss/articles/CBMi4AFBVV95cUxNTTBOZTJ6VERqaV9lazZ5NXhVY3JZeWdhVkp4SWxnZVZtVmV1QmlEdlZRaWNZaWNCVWpDNDJkX2VBbXYybjZpUnJoQWRyVHh0WmFfNmF3OXg2ZUNPYzRyQjlNMjlrazlmam90ZWhVbFlLZ0d3Q1FucGIycWRBbE1JX3N5bi1HQVpyTy1femFXakZmWHNRUVdoVWtNblVmZ2E0WVNXQktLckEwU3ZxaVdKYThTNHJ0T1JIOXBkRzJTeHNCaElkc1JsVFR1enBRd19xX1dSNDNCSGxvc01zUXBKUdIB5gFBVV95cUxQaGpYeFEtVGl6dF9abk80ai11LWFKbEdocjFXd1dhQ29TaVlxQzhkWEQ5UDllS0xMSnhOZ2dDTzVIcmw1NGhfTDRMNEhJT3F5T2YzX21TZDk5QTlWQ0ZFU2xIakZsSnEzWUY3LUVvTUIzYnRBbGd1NVNtUUpDbUhvUWtwOVZQQ0pNY2M0SmhCTnBEX1JlN0ZEM3I3eTk3TEpGR1MweWEzZ1hLZ1VHV3JzZWZ4M1U5MmxPT1ZHdGpwUzRESHg3dFU4RGdTNzZ3U1kxajBuR1M2ZkRNcmc2RklSV2JULUw0UQ?oc=5,"Why Is Share Market Falling Today? Know Key Reasons Behind Sensex, Nifty Decline On September 9 News18","""(Nifty OR Sensex OR ""Indian shares"" OR midcap OR smallcap) (falls OR selloff OR correction OR ""risk off"") when:1d"" - Google News"
2026-09-09T05:14:12+00:00,2,"['market selling', 'macro / flows']",NewsX,"Stock Market Today: Dalal Street Falls As Crude Nears $100, IPO Rush Drains Liquidity - NewsX",https://news.google.com/rss/articles/CBMiwwFBVV95cUxNV3RnSmhCMWlDUmRpQTVIZS1xUmRjNWhQWUtGdGVIOGx5RXkwbi1EMUkwMHFEUmZHaU9zLWpVMm1HUWMxM3RpbTBhUURIenNuNUtPYi00aGJGZmlpVjdaUDV1SWRscGFsSkduVk9aV2RKZV84SFpQbHppZ3JHZ1JUNFZQOUlLcTZIYUNKZjVUM3BBMm9yUzlwN01rcFZ6ZnZ3bWpILUxYZlFOVW04NHREQ2UyanplRU41YUhkWXBQV0pkMnfSAcMBQVVfeXFMTVd0Z0poQjFpQ1JkaUE1SGUtcVJkYzVoUFlLRnRlSDhseUV5MG4tRDFJMDBxRFJmR2lPcy1qVTJtR1FjMTN0aW0wYVFESHpzbjVLT2ItNGhiRmZpaVY3WlA1dUlkbHBhbEpHblZPWldkSmVfOEhaUGx6aWdyR2dSVDRWUDlJS3E2SGFDSmY1VDNwQTJvclM5cDdNa3BWemZ2d21qSC1MWGZRTlVtODR0RENlMmp6ZUVONWFIZFlwUFdKZDJ3?oc=5,"Stock Market Today: Dalal Street Falls As Crude Nears $100, IPO Rush Drains Liquidity NewsX","""(Nifty OR Sensex OR ""Indian shares"" OR midcap OR smallcap) (falls OR selloff OR correction OR ""risk off"") when:1d"" - Google News"
2026-09-09T05:06:57+00:00,2,['India market'],analyticsinsight.net,"Stock Market Update: Nifty 50 Opened 0.48% Lower, Sensex Fell 361.36 Points - analyticsinsight.net",https://news.google.com/rss/articles/CBMirwFBVV95cUxPQzZEdzI1ZnJGLTZZZU8yOFAzTkpFd2VzM0hyeFJSaDBxX3hJR05LSmN2WWxHYzhZUXhCNmRkbG5aX0x5QldtdGZ0RjhJdGJ2cjJkQTJDa2pxZ0hyXzdNeEhWaXV5NjNTa0hCQzBiMDNNMUswUGhzVlZDTkVHUV8xeUtVa0VGOHd5a0VhOUdiNGt1WXAxUzJwN2NiYXpwTjFXNG5xT1FNYkpjTWRFMDdF0gG8AUFVX3lxTE85QXd1UW0tRWFQWkpsSURFS2tpNnlGeHdmc2lqRkllendFRks2YlF3QzdLd3NPUHEwTnhSdTNvT2JmSkdic1RfV29zUmxjNUh3ejNmY3FUdkFDak11azVtMUlJb2JET0wwdWsyUm1OaWtMNlUxdTBfYmxvbFlGTW1LSmtTTHhTSWVPdlY3eThEQ01odkVsTGF6RlkybHBzbUgwOTNSTU5lTFZxRmR3NGg4OHhIQjZleEdHWUpH?oc=5,"Stock Market Update: Nifty 50 Opened 0.48% Lower, Sensex Fell 361.36 Points analyticsinsight.net","""(Nifty OR Sensex OR ""Indian shares"" OR midcap OR smallcap) (falls OR selloff OR correction OR ""risk off"") when:1d"" - Google News"
2026-09-09T04:54:00+00:00,2,"['AI / tech risk', 'macro / flows']",TradingView,"KOSPI rockets above 7,000 as AI stocks overpower yen and oil fears - TradingView",https://news.google.com/rss/articles/CBMiwAFBVV95cUxObU5RMmJaaTE0MHZpS0wwdi15eGxvcjNDTGpnSkFONEk3WmRMU0NlZDMzNzJTR3h1SkdCUGFkbmRRUlowaUE2N29ycF8zTlFXTUZyYnQ2NVdadjcxdWc1MkdRUm1wS1NzSFdiV0tpWEFXQzkwTHRJQ2Y2ZlJEeXY1S1BLT05xUmVVZEMzTHRMRGptV0Z6ZkZIdERSRzRBb3VmT2VHWWZXMGFxSFN5VE1UdGkyU2Y4cFZjWDN0VmQ5YUM?oc=5,"KOSPI rockets above 7,000 as AI stocks overpower yen and oil fears TradingView","""(AI OR ""artificial intelligence"" OR Nvidia OR semiconductor OR technology) (selloff OR ""market fall"" OR ""stocks fall"" OR correction) when:1d"" - Google News"
2026-09-09T04:33:36+00:00,2,['India market'],India Today,Sensex down 500 points: 5 reasons why stock market is falling today - India Today,https://news.google.com/rss/articles/CBMi8gFBVV95cUxOY3NmM3FlUXFQdzQ5U2VuMmNZY2JhQy1tNVhBT25YOU5yOVBVMlZKYkdTYVh6TzBPSXpKNmZ6R21rMmZPTVFGZFFOSmxPYklseDc5WERLZVNLLWtPNm5QTlJRSFZ5Y3Q3NmE2NHdsS2lNV2tYbE5HM2ZtZFRwVnJYdHlrYWRoZmxIN19wemg0cS1weHBjLXBVazNvcjAzTFN4SndfMTNHZmZOQ0V2a0pWMkMwZjZqWXdUdE5qeFkxUGFyRHdpcHVlbUNCU3hITmJvM3NkX2JEYkQ5RjFaOXQzQ3ktTGtuSGFYQUwtUTZ5V1RDQdIB9wFBVV95cUxQQ3ZidEtvYWJCd1M3ZE93bW9rMUZvUTRjdC11TGhOT21LRklvSmJBUmcyRFdIYjY3aTM0dmVEaU9OUkF6UkVJZllHUkJEaHlrYklkMDFDblhPUkRZSEc0TE43ZUUwTWpzMjdheVZiVjNlc1dCSUxTMVRweV9wTWtvd00yRW9QZXZxa1ctSHVXLXRIbF9DZG1YNHhMUUJiUFVqNWRMUWljZ2Z3R2lyMVdWVzFNRlE2TGF3XzYteUxkeF9hM2JrNDNDT2dMbXBXaGF4NlpFWHhYTGR6bmhJWWwxdGthbm9KcXNrY1ZDNEtINzdSZktjTGhn?oc=5,Sensex down 500 points: 5 reasons why stock market is falling today India Today,"""(Nifty OR Sensex OR ""Indian shares"" OR midcap OR smallcap) (falls OR selloff OR correction OR ""risk off"") when:1d"" - Google News"
2026-09-09T04:33:36+00:00,2,['India market'],India Today,Sensex down 500 points: 5 reasons why stock market is falling today? - India Today,https://news.google.com/rss/articles/CBMi9wFBVV95cUxQQ3ZidEtvYWJCd1M3ZE93bW9rMUZvUTRjdC11TGhOT21LRklvSmJBUmcyRFdIYjY3aTM0dmVEaU9OUkF6UkVJZllHUkJEaHlrYklkMDFDblhPUkRZSEc0TE43ZUUwTWpzMjdheVZiVjNlc1dCSUxTMVRweV9wTWtvd00yRW9QZXZxa1ctSHVXLXRIbF9DZG1YNHhMUUJiUFVqNWRMUWljZ2Z3R2lyMVdWVzFNRlE2TGF3XzYteUxkeF9hM2JrNDNDT2dMbXBXaGF4NlpFWHhYTGR6bmhJWWwxdGthbm9KcXNrY1ZDNEtINzdSZktjTGhn0gH3AUFVX3lxTFBDdmJ0S29hYkJ3UzdkT3dtb2sxRm9RNGN0LXVMaE5PbUtGSW9KYkFSZzJEV0hiNjdpMzR2ZURpT05SQXpSRUlmWUdSQkRoeWtiSWQwMUNuWE9SRFlIRzRMTjdlRTBNanMyN2F5VmJWM2VzV0JJTFMxVHB5X3BNa293TTJFb1BldnFrVy1IdVctdEhsX0NkbVg0eExRQmJQVWo1ZExRaWNnZndHaXIxV1ZXMU1GUTZMYXdfNi15TGR4X2EzYms0M0NPZ0xtcFdoYXg2WkVYeFhMZHpuaElZbDF0a2Fub0pxc2tjVkM0S0g3N1JmS2NMaGc?oc=5,Sensex down 500 points: 5 reasons why stock market is falling today? India Today,"""(""broader market"" OR midcap OR smallcap) (selling OR correction OR fall OR volatility) India when:1d"" - Google News"
2026-09-09T04:33:21+00:00,2,['India market'],Investment Guru India,Nifty Likely to Open Gap-Down on Weak Global Cues - ICICI Direct Ltd - Investment Guru India,https://news.google.com/rss/articles/CBMivgFBVV95cUxQTXpzOGROSWc2bzdUUXFYUzE0RWpVcHh5ZEtxTDA0YXNvSkhaLUlPNUJzVGhnTnFjS1BEaDRhSU1hWE9YWktKekJlMFVFNm1XNG5yRGpzbFRPUEhJUVpUblRQZUxfb3hjYU92Nk5Sei14TlprOEVJaHhwRVV0T3dyTjVtUFQ2ckFwYVBkT3hHWUFCNElBVURxeDVGdy1MdEdjZnk3TmpxU2JFbGNVcGQyeXlEQnpDcVRIMjluQ19B?oc=5,Nifty Likely to Open Gap-Down on Weak Global Cues - ICICI Direct Ltd Investment Guru India,"""(""broader market"" OR midcap OR smallcap) (selling OR correction OR fall OR volatility) India when:1d"" - Google News"
2026-09-09T04:33:02+00:00,2,['India market'],IndiaIPO,"Closing Bell: Sensex down 555 pts, Nifty below 23,650; banks drag, media gains - IndiaIPO",https://news.google.com/rss/articles/CBMirgFBVV95cUxPTFpKVGJSR0JlSUswNS1PQzVjVFkwY3A5bjNTdHdaX0lhTFdRS3djWEtJcHFqSHBmeG1CNmYtMFZnRHlCakpVRnNxN2hpNEJRem9TZ2xJZkdLcDJBeXpPSHlpb1FrYjNyb1VDRHZBZk5XWjRRVlZWa3ZzR1dhMktzaTh5S0E1Q3lGN0tzX2lJS0V2b0x2R1pMdTR2VzR1N3Z4RDI4eFhueVVRdXY2dXc?oc=5,"Closing Bell: Sensex down 555 pts, Nifty below 23,650; banks drag, media gains IndiaIPO","""(Nifty OR Sensex OR ""Indian shares"" OR midcap OR smallcap) (falls OR selloff OR correction OR ""risk off"") when:1d"" - Google News"
2026-09-09T04:20:42+00:00,2,['market selling'],Business Standard,"Coforge Ltd Falls 7.91%, BSE Information Technology index Drops 2.83% - Business Standard",https://news.google.com/rss/articles/CBMi4gFBVV95cUxOcGgyd0cxQzdDeDM0YXE4N09IbUpQRVdSbHVqRXNmQ2tXSENZY3V1YWd6S3RjTjdLOW83LXZsTmFnaWZKUUpsNlFpLW1MeVpsRDJTcUEybWNhV2FDRjJtdTI4YXFGcjBVZEJER2E4RXNOdnZ3TVRBckJ3bF94MHdUMXZmVnFaTDdJaXY0MzFNWDZ5NGdRSzFPQUVoOEVCZElLVEd0QTFXWkgwWkpxcDd3cFNUZ0Y5SFJrMzRzUkdEZ29ZRFBBYkpTSXJmMDRfenhzR3c2TmlDcEVhdFpxaVVwb1RR0gHnAUFVX3lxTE82NmUyZDdHM3VGcWNtQkNoTlh3YzhfdzFFVkhJOERkR0lpdWpJeF9TcjF2YTN3SG5RcUEwQ3ZpYXJfQWlYMlBxWS1CeUh4alc5TU9VeGJIaG5tUWlkVzB1Tm4wTnRtTUpmVzdfUEhqUFJKYzJPbkVGdGtMM0RMWGJVdHZIcm5LcUpjRWRxMEY5ZlZqY1B0Y3NERU9zdGNXbkRJUUpPaWpKa0FaNGtkNmYtVmJvVEZzUmk4aU54X1IxYVBWSmUtZ2dialJCa3JqMUh0WlpLVXRacEhFYzdmNTViYU5uSkpMQQ?oc=5,"Coforge Ltd Falls 7.91%, BSE Information Technology index Drops 2.83% Business Standard","""(Nifty OR Sensex OR ""Indian shares"" OR midcap OR smallcap) (falls OR selloff OR correction OR ""risk off"") when:1d"" - Google News"
2026-09-09T04:09:41+00:00,2,['India market'],The Economic Times,"Why stock market is down today? Sensex plunges 600 points, Nifty below 23,500. 6 key triggers behind D-Str - The Economic Times",https://news.google.com/rss/articles/CBMi_wJBVV95cUxPMnJRd0ZnYUpPcGh2eGc4N3dqanJnanpEZW9XdHE3aHYwcWlLaUVEWFN5d1BRc0JHSzdUN1dGUXFFbDFOZTl5NUU3cW5OYUthTlkwbWQ1YmxVWkxLcFdWc0tsVVZ1T1FnemZOeXBVdmhLMVBjbElSajFMd0NNLXJNY1FVVEt3MjlTTWJ2bHRuekpIajdRMm1CYWM5Q2hST2N4SUZFVEhqUmgxbGlQMUFfdlNoaEgwQnlNWXR1bTVEXzNzN1k0THFBci14VlF6WUU1bW1ocE5QWWlJbzR4c19ueHNCd1NaOEp2YUdES2hrQWVFZHFoSVExc2ZVMDVkbVhBQ1I4VFhaNnU3bUJVdGZCaFdJeElSN181VkNHU3JlTXE4M1M3SklvbFFzQlFFZloxNDhXWm1tQmktTlQyck9GdVdveHdxN0lKMV9uT0NsTUFKN09wX3I1VG1ZTmktYkpxUUZSMzFvOGo2LWlrZ2Q0SEZJSUx2ZTZoZThIMTBWd9IBmwJBVV95cUxOdVVTZzZUNEJCdm8weUc2OFpvZEpValdyWXFFUXhXbmFycTZ1U3I5ZnpybnRhWjUyNl9TR3JiQVk3MkVleHJkN1UyYzVFRmtDcktlVlZaRlFVYzBpXzFoZThsVURGdVRJMU1hdWpBbVBXNEdsTjdyd3dvVkpnUW0xMXN6YzNTZEp4YkhZTjBtMHd6SGN6d2staDBqWWVEM0xMVW5FV084Vm90Nldyekpva2l0bGRiN0FDTFA0enZWOEVESFF5VHlrNFBweFlkUndmSTduQ05ZZ0NGanh2WUxFa2pZenNIWjRRbVZ2NlZvVnF4SC1uVzV6VlRFMWs3T2x6Q19ncmZTSktseGpWeXdfSmd1bHA5TWQzOTVj?oc=5,"Why stock market is down today? Sensex plunges 600 points, Nifty below 23,500. 6 key triggers behind D-Str The Economic Times","""(Nifty OR Sensex OR ""Indian shares"" OR midcap OR smallcap) (falls OR selloff OR correction OR ""risk off"") when:1d"" - Google News"
2026-09-09T03:09:30+00:00,2,['India market'],Upstox,"NIFTY50, SENSEX today: Wall Street cues, FII activity, key things to know before markets open on September 9 - Upstox",https://news.google.com/rss/articles/CBMi9wFBVV95cUxOV29wN0Z5STZUeXl1Qmo2bXJrTndBc0Y5QkZnTWpsWW43VVZSSWZhWUZVOHBGSnZnSHpiMHV6ZFhxSS1WWFBPT0paeERVX3l1WDVlUlZZNkRKSVp3V1pWd2EwWC1ERzZDZ3ZWdEo5WjRURjc0Zjh6Qzljc2xRNDIyTDNBX1VwbzAxWFhha05OTVBGSjJ1c09aMzBEOGp1aThJY0ZQaWdLWlZDQnBQNDlEY0tLVm5HY1UzRXZxT2tick5iZmQ3cFM2ZVFkY09oSGRlZWxJS2U1bV9ERUthbExxdHMzZUw3UmpaaHNZT0tNQWItRHg0c0lZ?oc=5,"NIFTY50, SENSEX today: Wall Street cues, FII activity, key things to know before markets open on September 9 Upstox","""(""mutual funds"" OR SIP OR AMFI OR FII OR FPI) (India OR equity OR market) when:1d"" - Google News"
2026-09-09T02:55:02+00:00,2,"['market selling', 'macro / flows']",BBN Times,"Nasdaq: Tech Stocks Fall to 26,506.99 Amid Rising Treasury Yields and US-Iran Strait of Hormuz Tensions - BBN Times",https://news.google.com/rss/articles/CBMi1AFBVV95cUxPS2tGaHFUdmNCem5VSTRWSzNuSEhTZEZZRXZKeTNSbkNnYlYwWGd1cVN3cl9kalNXSEtvT2QxY3RPZUZkZHBYb25jWWI4Q0tiQTcyTzc1ekJQWDlETzRSRzVXX1ExLVV2OW1ZeERNVThBN0h3Sk11UGR3N0FjVmJ0dXpxeHg0MEFkUTFDVjc3cFFlbk5ma0NVZDJOSzRRNWtybjNnbmdDMHBHLTA1R2FjZXF3V1d5elQ3WDhqYlljbzUzT2Z6OWNud0dUTEV2d1VLcDBBWA?oc=5,"Nasdaq: Tech Stocks Fall to 26,506.99 Amid Rising Treasury Yields and US-Iran Strait of Hormuz Tensions BBN Times","""(AI OR ""artificial intelligence"" OR Nvidia OR semiconductor OR technology) (selloff OR ""market fall"" OR ""stocks fall"" OR correction) when:1d"" - Google News"
2026-09-09T01:17:18+00:00,2,"['market selling', 'macro / flows']",energynow.com,"US Commercial Crude Stocks Fall to Lowest Since 2018 on Higher Exports, Refinery Processing, EIA Says - energynow.com",https://news.google.com/rss/articles/CBMiygFBVV95cUxOX2tvbWFHeFJtczBRS3dQSzAzLWl5bFVhQU5MNC0zYjJ3VElYOVhrNGJYbkZObVFBQTlNUUdLZktCUExiUVpteFNTM20wUFp5c3gzMzBIbHJ2M0ZFX2dXdkRFMHhRcEJwZHIyRWU4QlRjYnU0YzVNcElfaEpvUTdBLVlfNVVtYUlwTm90QjJINDdSVm9tRzFzTnphN0g1R1NsUjJpREpaOFQxQ2FiNTQxc0s2bzR2UG1KejdmTjNkbnZhMzVDTEdCVEhB?oc=5,"US Commercial Crude Stocks Fall to Lowest Since 2018 on Higher Exports, Refinery Processing, EIA Says energynow.com","""(AI OR ""artificial intelligence"" OR Nvidia OR semiconductor OR technology) (selloff OR ""market fall"" OR ""stocks fall"" OR correction) when:1d"" - Google News"
2026-09-09T01:09:20+00:00,2,"['market selling', 'macro / flows']",Moomoo,Morning Wrap | U.S. Stocks Fall as Oil Surges on Middle East Tensions; DBS Completes Tokenised Cross-Border Payment - Moomoo,https://news.google.com/rss/articles/CBMinwFBVV95cUxOZDhMMUxhc1dGYTNTczdyWVZRWVJfUzdVQWxlbnNqN0lmdF85N19feVJ5YzBCVjFWdFluczI5N2VWUmpPRkNGd0FXNkdCM1FvS0lyODdfd2FyZnA4NnVsakw5bWIwa0tRMEhJbGtpdkx3RmU4MHY2bzBwQVUteGJnMkJ6S3htRGlGQVV0QmFPLUVPc3ZTOTZIRnljMXB0eUk?oc=5,Morning Wrap | U.S. Stocks Fall as Oil Surges on Middle East Tensions; DBS Completes Tokenised Cross-Border Payment Moomoo,"""(AI OR ""artificial intelligence"" OR Nvidia OR semiconductor OR technology) (selloff OR ""market fall"" OR ""stocks fall"" OR correction) when:1d"" - Google News"
2026-09-09T00:38:05+00:00,2,"['market selling', 'macro / flows']",IndiaIPO,"US Stocks Fall on Oil Price Surge, US-Canada Trade Tensions, Inflation Concerns; Dow, S&P 500 Decline - IndiaIPO",https://news.google.com/rss/articles/CBMizAFBVV95cUxQQ09SWWJYSlVpV3B2UnowMVZLMW9sc1ZxMjU4b2RjRUkteUY2aTN2S1MwY3piOW1LcWJxelI5dy1xMUxVR3lQR3pBeXlqWHh0Rm1BYV8zZk9xd1ZIQXR6VV96S1FXQ3pxMHZxTTN1U0szUUs5XzR6dlBZY0NhNkVmMkNyMEd2YmwtZk9sMy13MS1pQWhGOFJnTlVsQXFCbXhPWVIzMzJWWU1vVFcwZVR6NEFBVC1zU3pmNUJGbzZVUU5oNEF2Q2xSWDNnLU0?oc=5,"US Stocks Fall on Oil Price Surge, US-Canada Trade Tensions, Inflation Concerns; Dow, S&P 500 Decline IndiaIPO","""(AI OR ""artificial intelligence"" OR Nvidia OR semiconductor OR technology) (selloff OR ""market fall"" OR ""stocks fall"" OR correction) when:1d"" - Google News"
2026-09-08T22:53:55+00:00,2,"['market selling', 'macro / flows']",energynow.com,"US Crude Stocks Fall as Refiners Step Up Processing, EIA Says - energynow.com",https://news.google.com/rss/articles/CBMilgFBVV95cUxPa1F2NVZ4NG9Xb3pPZEdDWnljbkkyTVI5NVhhT2JQS0M1RFFENzMxd3lRSFNVd2c4TGFkblNZNExTMC1NRWVjVEV6Z2dRcVA3cHR6VFh3ejNZNUtoOTF6OW51Q1UyV2F4QzFRTHA3N19GNHFwZ1lseDMwaTlTWkdHNVBlT2pvTVVYR2F6SE5ZTndpb1ZhYXc?oc=5,"US Crude Stocks Fall as Refiners Step Up Processing, EIA Says energynow.com","""(AI OR ""artificial intelligence"" OR Nvidia OR semiconductor OR technology) (selloff OR ""market fall"" OR ""stocks fall"" OR correction) when:1d"" - Google News"
2026-09-08T20:59:15+00:00,2,"['market selling', 'macro / flows']",Seeking Alpha,"UiPath retreats 8%, extending post-earnings selloff (PATH:NYSE) - Seeking Alpha",https://news.google.com/rss/articles/CBMikAFBVV95cUxNRzFUSlp6WEM4OHdJbFJua1RzWEc4U01vbmJ5dVNzMzk3QXMzMGI1aHdiRmM2WjkzVmdrMTNQLTQ5OU5USkgyVjgwVG02dk4xOXZVbXdQbTBORml1dE83T1VQeG9Ka1F2U2tDelpzYUtFWEtYYU9HMFUzSUZsQ21lbjI3VGZjUTRaa2pRempGVG0?oc=5,"UiPath retreats 8%, extending post-earnings selloff (PATH:NYSE) Seeking Alpha","""(AI OR ""artificial intelligence"" OR Nvidia OR semiconductor OR technology) (selloff OR ""market fall"" OR ""stocks fall"" OR correction) when:1d"" - Google News"
2026-09-08T17:19:14+00:00,2,"['market selling', 'macro / flows']",The Eastern Herald,HDFC Bank Falls 0.47% as U.S. Jobs Beat Tightens Fed Rate Odds - The Eastern Herald,https://news.google.com/rss/articles/CBMie0FVX3lxTE1TMVdsWlJzSWU3RTFFak5Ick1ZTk81UTM0NE1ETExYdWF1anFFdzNac0M2VjBKdE1WTTQxRUdmYUNpUzZTREJIQmE4cWFTSW9hbnBqaVpIMjF0NU1weUhObk52T183bjRXUHN1cHJMWjFYWTJpb0JQRnBCUQ?oc=5,HDFC Bank Falls 0.47% as U.S. Jobs Beat Tightens Fed Rate Odds The Eastern Herald,"""(Nifty OR Sensex OR ""Indian shares"" OR midcap OR smallcap) (falls OR selloff OR correction OR ""risk off"") when:1d"" - Google News"
2026-09-08T16:23:34+00:00,2,['market selling'],TradingKey,SpaceX (SPCX) Falls 31% From Its High — Why $100B in Cash Isn't Stopping the Selloff - TradingKey,https://news.google.com/rss/articles/CBMizgFBVV95cUxQWTN5Sll1bDhZQ2p1bWVjWHZhbmhkcjJLTGk4aDhaMTJaQVh0QzdOTkw1TGswbDdNbnZvSWRGeFozX3lqODRmeVRMNmZ0dVpSWkJYTEZ1YWNNbFRHd1JJVm8yM2ZNWE92RFJnYkNZVEszMG0zdHRWb2V5RzZHQnlFZ0J4cTJ1Zk9RN2h0OGx4OWhrMi1XN1ppNGlnWW9GZndqVEJ6NUNRNnpRaTdIZ0Y2elRUakRIWU9GOGcxcVpxdEdILVI5SnpiWU1YbnpHQQ?oc=5,SpaceX (SPCX) Falls 31% From Its High — Why $100B in Cash Isn't Stopping the Selloff TradingKey,"""(AI OR ""artificial intelligence"" OR Nvidia OR semiconductor OR technology) (selloff OR ""market fall"" OR ""stocks fall"" OR correction) when:1d"" - Google News"
2026-09-08T15:25:00+00:00,2,"['market selling', 'macro / flows']",finance.biggo.com,Oil Nears $100 as Middle East Conflict Escalates; New York Stocks Fall Across the Board - finance.biggo.com,https://news.google.com/rss/articles/CBMidkFVX3lxTE10N19aRi04c0xSYmdTMHhFVzB0SEhZQXVIRUswNEN0NFRxM1RqUWU1eHE0cXlSenNPM2VhWHNPN1pUdU90UUs0aGlCaklHNmQwOUNhNWRfRGNyMzVrWWtROE9PclRRSVNfYjBkVm1ETzNlMklab3c?oc=5,Oil Nears $100 as Middle East Conflict Escalates; New York Stocks Fall Across the Board finance.biggo.com,"""(AI OR ""artificial intelligence"" OR Nvidia OR semiconductor OR technology) (selloff OR ""market fall"" OR ""stocks fall"" OR correction) when:1d"" - Google News"
2026-09-09T12:42:11+00:00,1,['market selling'],Light Reading,Electric co-ops want a BEAD 'course correction' - Light Reading,https://news.google.com/rss/articles/CBMijgFBVV95cUxQYy1qSUNMVC1Rakd6dG4xZXdxVkJ4NjJ3UllQOEpkdWlHLXJiQnFfNDJkNDBBd1BIa1JGdVpqeS1CRXh3c3hHeGhuM0czaHFqUDJVUlVRZVl6cHVrMmVLajJiNUJycUIwY2o1M0RrNFpTVmVSVTlGM3Fta3Ffc3VCYnFaTTZnS012VXdSeVNn?oc=5,Electric co-ops want a BEAD 'course correction' Light Reading,"""(AI OR ""artificial intelligence"" OR Nvidia OR semiconductor OR technology) (selloff OR ""market fall"" OR ""stocks fall"" OR correction) when:1d"" - Google News"
2026-09-09T12:19:21+00:00,1,['India market'],Outlook Money,"Nifty IT Extends Losses For Sixth Consecutive Session, Here’s Why Tech Stocks Are Falling - Outlook Money",https://news.google.com/rss/articles/CBMitgFBVV95cUxQR3RsTWRaUHUxX0VnNG83TDljbkNyS0NPR3R0ekhUYzlyZU5nN0J1SDdrcnJIdHZVdU9pOEJqMVNvM29QSlpsWC1JN2VWNnVPSmI4bFJlLVliakRlcWRwOHpud0xtaEtNdDBYLVp2VmRjSjZxYnJwVm5VN1NPa1d3eFI4WFp0bkxkZ3ZYcmw0NldMVlQxbGdqaWR2UFVxbHE2UXlPcGJHaHZTTUVkNlFaX2hHelZmZ9IBwwFBVV95cUxPaF9HN3lEa0JXVW1LRTB4MURvOVVUSGNRNFgtZjZEMnhPNk9NRmNrUnJfcXpWS2MzV2NiZFFacXYzcWpnVUtpLUZDeWU0ZFY5cGJjV0lpNC1kQ3NUUW5QZlFXVVFDT2dLVkVualNTckZGLXAzSHlFVGplOGgtX2R3YXJnRDhSS2JUN1kwVGJZVENJQzZLMjlTUHNpcUpabHhVVGNwR2xlZTcyRldpWFVTSnJ4X0VCdU9odzFsZFdsOVYxOEE?oc=5,"Nifty IT Extends Losses For Sixth Consecutive Session, Here’s Why Tech Stocks Are Falling Outlook Money","""(Nifty OR Sensex OR ""Indian shares"" OR midcap OR smallcap) (falls OR selloff OR correction OR ""risk off"") when:1d"" - Google News"
2026-09-09T11:37:28+00:00,1,['India market'],Rediff MoneyWiz,Sensex Tumbles 813 Pts to 3-Month Low Amid West Asia Tensions - Rediff MoneyWiz,https://news.google.com/rss/articles/CBMiuAFBVV95cUxNTDdZYThlRkRyYXNBaWxrWTZIdm9IUHdUa2EwSm9rdmR2dDM2MGVoYkdqOTE1ZmtKRmZhYTlXSFUzNzc4QlNSM2tCc2k3WDluZGk2RXhFSGNVdDFaQXBVMmlpUGpFa2Z5TEJOdlpiN3BoblNWaWExODlQeHRhazQ0bTFwcUZ2TGNQX3J4MkpfWklwblVHcEpvOGhteU9RRkJ0MmFFdklyVE5GdVJtOVNQd0hjbVZYU2NR0gG4AUFVX3lxTE1MN1lhOGVGRHJhc0FpbGtZNkh2b0hQd1RrYTBKb2t2ZHZ0MzYwZWhiR2o5MTVma0pGZmFhOVdIVTM3NzhCU1Iza0JzaTdYOW5kaTZFeEVIY1V0MVpBcFUyaWlQakVrZnlMQk52WmI3cGhuU1ZpYTE4OVB4dGFrNDRtMXBxRnZMY1BfcngySl9aSXBuVUdwSm84aG15T1FGQnQyYUV2SXJUTkZ1Um05U1B3SGNtVlhTY1E?oc=5,Sensex Tumbles 813 Pts to 3-Month Low Amid West Asia Tensions Rediff MoneyWiz,"""(""broader market"" OR midcap OR smallcap) (selling OR correction OR fall OR volatility) India when:1d"" - Google News"
2026-09-09T11:34:42+00:00,1,['AI / tech risk'],Seeking Alpha,Credo: Market Is Mispricing A $1 Trillion AI Infra Catalyst (Upgrade) - Seeking Alpha,https://news.google.com/rss/articles/CBMiqgFBVV95cUxNY3hZMXI1UXBMVXJRZW9JdEg2bzVhZUNoRU13SGNXLUpmeHpmaWhTQUg2TGlKREVYT1V6NEpaZkNXVXpNTVA3VEpGZmR6ZVB6Nlp1cUx4Nk1QbHJ3cFp3VlFJSmlPMS1zQ0dSU2RXLXNmaGJDVHhFc3QzUXVVcFlGSEVHaEJvOHJ4ck5VUjg3MjFFcVlVQzVmQU1waUIxWHQ4R1liSjhfWTNBZw?oc=5,Credo: Market Is Mispricing A $1 Trillion AI Infra Catalyst (Upgrade) Seeking Alpha,"""(AI OR ""artificial intelligence"" OR Nvidia OR semiconductor OR technology) (selloff OR ""market fall"" OR ""stocks fall"" OR correction) when:1d"" - Google News"
2026-09-09T11:31:00+00:00,1,['market selling'],kalkine.ca,Constellation Software Inc. (TSX:CSU) Sinks 5.63% as Valuation Pressure and Growth Concerns Deepen the Correction - kalkine.ca,https://news.google.com/rss/articles/CBMi2gFBVV95cUxOa2FHMlhQTGtiUUR4bTZrUTlBOExtRmxKU3ZJOWFSZHlzMlRIUTFSSzI2RldtaTU5WUVxRFk3aXJFMEdJMG90R3ZsLXFpd2N2eHprbHZpYWZwZ0w0dTFYRVlJcWhDcUtwR0MzYlpkUnVFWGp0Z1RydUhWU1FEU3ltMlF0bmROYm5uZURKbC0xM09oMDYwYkFlRDBhbDhBaW1PVkdrLWt6YjBXMWxxbEtteGQyNjhZOEdfN1BZcDR2YzBQQnBYb0tpNGYta0ZSX0UwWHp6U0tIdXJqZw?oc=5,Constellation Software Inc. (TSX:CSU) Sinks 5.63% as Valuation Pressure and Growth Concerns Deepen the Correction kalkine.ca,"""(AI OR ""artificial intelligence"" OR Nvidia OR semiconductor OR technology) (selloff OR ""market fall"" OR ""stocks fall"" OR correction) when:1d"" - Google News"
2026-09-09T11:20:23+00:00,1,['market selling'],SolarQuarter,Indian Clean Energy Stocks Show Mixed Performance Amid Market Sell-Off (09 September 2026) - SolarQuarter,https://news.google.com/rss/articles/CBMiwwFBVV95cUxPWGpDaWtIRDZ5Smx3RTJyanZTODRPa2MtTEhtd1JZT0RRX1ctTVFGT1l4ek5qQWlSZG9BS2hhR1pkZDFfZHlTWUNveTRYdkRSaGVtZDNsUGdKWk1jTmhNdTJVRjJuTHB6NHRIbk5jR01YUy1BbXY2X0xiMUpoMFlfX1d0bXhLM2FVUE5DRWVpTTRMUXV0NTNYQVFnYkdZZW9ENndyM21pTGhZOFF3TTYxX2NtcEJZaWlyd3pPS2dVU1RSSVU?oc=5,Indian Clean Energy Stocks Show Mixed Performance Amid Market Sell-Off (09 September 2026) SolarQuarter,"""(""broader market"" OR midcap OR smallcap) (selling OR correction OR fall OR volatility) India when:1d"" - Google News"
2026-09-09T11:13:37+00:00,1,['India market'],Liquide Blog,"Share Market Today: Nifty 50, Bank Nifty | Sep 09, 2026 - Liquide Blog",https://news.google.com/rss/articles/CBMiuwFBVV95cUxNdF9yVm41WVM4dzNEclUySTBwR1E5VjFfa1d2YmtFTXpONjhrQ1FrQ3J6SEx5UGNCTzZGZXFzV1BsdFpaZ19BWWQyOXNodHNvS1ExSkpUSHA0QTVRZTNOUGw4Z0pNVHdVNjNKOGdFYkRvQXpIZGlGdUxxVE9Cek5TMm5GTjEyMnVGZVdVWmhCOHlfUm5CaW1JajVlVnZvRVpTMlMxenFQVUZPNWRDM1A0TkNOWi1aMlRkbGdr?oc=5,"Share Market Today: Nifty 50, Bank Nifty | Sep 09, 2026 Liquide Blog","""(Nifty OR Sensex OR ""Indian shares"" OR midcap OR smallcap) (falls OR selloff OR correction OR ""risk off"") when:1d"" - Google News"
2026-09-09T10:58:19+00:00,1,['India market'],The Economic Times,Invesco India Ultra Short to Short Term Retail Plan-Bonus - The Economic Times,https://news.google.com/rss/articles/CBMitAFBVV95cUxQVjQ4MEs2SThmcS1jRkVpRTNyMTRzVjdzdEpWWlFnSDFpS0xLd05DM2N1RU1aQmdhOFRGNG5EVzJjR0dJazdLMXZwdXl6dFlEVGZMeWd6REtWWUxVNEs0RGJQNkJ0dUVkX242SUg5RFYtUlZ2eUlORUlxTUNQUXFJYVJDeU1mNFd3VFRnRUIwVkUyRjNNZ01CSC00VFRXZ25obkVXZlRMQTM0V1JBa0RKVVJEcjI?oc=5,Invesco India Ultra Short to Short Term Retail Plan-Bonus The Economic Times,"""(""mutual funds"" OR SIP OR AMFI OR FII OR FPI) (India OR equity OR market) when:1d"" - Google News"
2026-09-09T10:54:45+00:00,1,['India market'],Business Today,"Market Commentary: Sanjay Sinha On Nifty, Stocks & The Next Big Market Move - Business Today",https://news.google.com/rss/articles/CBMi4AFBVV95cUxPTlVfZjFPaVNnbEV6NHQ5ZHhzZ0ZXeXZDRzFFWE5Lc0F4V1o3aUtBdUh2Q2tXU05KNDc1bno3NFdhRUxhVmxSQUVoR0lOazhCSnJfdnUxdEVtZ2w5WGRUZkZXanZNM1c5ZzVwTWRfY0FYdVhScDVDRnFhckdEZ0cxcXR6Z0o0bUhCTUYwd3VheEV2RmdIY0JkR3RaRDVyX1JUQmwzVkZ4c25Mcjk3MkgzSk93N3VRaGFKdWZURmlyZEtKblJLLVItVElHSUlfd0lSZXNSQlhtYVVhSExrZ2E3Z9IB4AFBVV95cUxPTlVfZjFPaVNnbEV6NHQ5ZHhzZ0ZXeXZDRzFFWE5Lc0F4V1o3aUtBdUh2Q2tXU05KNDc1bno3NFdhRUxhVmxSQUVoR0lOazhCSnJfdnUxdEVtZ2w5WGRUZkZXanZNM1c5ZzVwTWRfY0FYdVhScDVDRnFhckdEZ0cxcXR6Z0o0bUhCTUYwd3VheEV2RmdIY0JkR3RaRDVyX1JUQmwzVkZ4c25Mcjk3MkgzSk93N3VRaGFKdWZURmlyZEtKblJLLVItVElHSUlfd0lSZXNSQlhtYVVhSExrZ2E3Zw?oc=5,"Market Commentary: Sanjay Sinha On Nifty, Stocks & The Next Big Market Move Business Today","""(""broader market"" OR midcap OR smallcap) (selling OR correction OR fall OR volatility) India when:1d"" - Google News"
2026-09-09T10:45:00+00:00,1,['India market'],Free Press Journal,"Sensex Bleeds Over 800 Points As Brent Touches $100, Escalating US-Iran Tensions Shake Investor Sentiment - Free Press Journal",https://news.google.com/rss/articles/CBMi4gFBVV95cUxQYzYwNFEtZmcwZlhhb0FUeUpGcm1kSDlfRnhSaVdLVy1TTFhaMVFLSTdUaVBiTURrUFA3WWJoQWtqY3IwZzNyYW9FTWkxRFZhMEdrMFpHcno4aGFIWWJmMWpmTU9zbUlpQWJLZG9Sd0s1dXg2LTJKV2ZnN293dVFPc1FWMWpnVXhhT2s5b01yaGFsRkpiSEtQSnlUSkZ0dU5tbFozMXllMXlSMk0wODk1d09IWkFIVmt0Y3ZUM216QjgyeW9tUWpoei1KOGZpZDE1eUVmY0pkd1BaOXN2aEpLR3Rn0gHiAUFVX3lxTFBjNjA0US1mZzBmWGFvQVR5SkZybWRIOV9GeFJpV0tXLVNMWFoxUUtJN1RpUGJNRGtQUDdZYmhBa2pjcjBnM3Jhb0VNaTFEVmEwR2swWkdyejhoYUhZYmYxamZNT3NtSWlBYktkb1J3SzV1eDYtMkpXZmc3b3d1UU9zUVYxamdVeGFPazlvTXJoYWxGSmJIS1BKeVRKRnR1Tm1sWjMxeWUxeVIyTTA4OTV3T0haQUhWa3RjdlQzbXpCODJ5b21Ramh6LUo4ZmlkMTV5RWZjSmR3UFo5c3ZoSktHdGc?oc=5,"Sensex Bleeds Over 800 Points As Brent Touches $100, Escalating US-Iran Tensions Shake Investor Sentiment Free Press Journal","""(""broader market"" OR midcap OR smallcap) (selling OR correction OR fall OR volatility) India when:1d"" - Google News"
2026-09-09T10:11:03+00:00,1,['India market'],The Economic Times,"Invesco India Ultra Short to Short Term Fund Regular-IDCW Monthly (₹ 1,479.67) - NAV, Reviews & asset allocation - The Economic Times",https://news.google.com/rss/articles/CBMitgFBVV95cUxQSTU4VTh0Q3JQVkZ5M2t4cGFPVzdjbEoteUd3VDlmVWMwaW9jd296OG1mQTI3bG9jOExPM3MxcFpvdTloMG5qeFh6WVVWRzRQQW05eS1RZ3IyQkFWektsLTdHeU1vOVdlWWNaeFJmLVpEcVByV2lNZS1vQTQ2SDMwMERacUhvQ3hHZUV6eUVXa2RLSVAyeU53TUFZTnkzRUVEbkhBc3ppekR3Xy1UYUVxcDB6bGs4QQ?oc=5,"Invesco India Ultra Short to Short Term Fund Regular-IDCW Monthly (₹ 1,479.67) - NAV, Reviews & asset allocation The Economic Times","""(""mutual funds"" OR SIP OR AMFI OR FII OR FPI) (India OR equity OR market) when:1d"" - Google News"
2026-09-09T10:10:54+00:00,1,['India market'],Business Upturn,"Nifty 50 top gainers today, September 9: Adani Enterprises jumps 5%, Max Healthcare rises 4.5%, Adani Port up 3.8% - Business Upturn",https://news.google.com/rss/articles/CBMi8gFBVV95cUxNMWM0TWZVNzc1VUZRWHlhQ0xsM2VvMjhPa1RqeGw3blBJbDQ0RjVSc0Qta0Y3cTdVYlREM0RyZzMxUHBCQ3gzR0ZnV1VwWjROUmkzc3l6di13Q3JzMHRrRDR1NUdOLW1sWFRPQWt6MEFQS1NGUjhkMmpxRzg2YmhaQ09GTDNBWTAxVWx3ZFlFbUNYWTM1cDJWcklmNmUyQTZlNEhZbHFldEdMc2pmTVJDWlpjYmV4QjdheWxJZG9HZHl0OFBlY0ZiYVZEVU5vWW5yd2RDWDBvWEFsSTBJa2ljUGQ5ZHBIM2JTRnFnUW5rNDU5QQ?oc=5,"Nifty 50 top gainers today, September 9: Adani Enterprises jumps 5%, Max Healthcare rises 4.5%, Adani Port up 3.8% Business Upturn","""(""broader market"" OR midcap OR smallcap) (selling OR correction OR fall OR volatility) India when:1d"" - Google News"
2026-09-09T10:05:13+00:00,1,['market selling'],MarketsMojo,Micro and Small Cap Stocks Deliver Exceptional Half-Year Returns Amid Market Volatility - MarketsMojo,https://news.google.com/rss/articles/CBMi3wFBVV95cUxQSmpyQVBEUW5XOXRoVS00S19fWmcyOEdldEFFNW41UWY3M2NDTWlrVVpucC0zX1k2VHNCbjNIeHk5dzJoVXZ2Q1FQVlo3Y2pVZmVqWnlRYlNhR3FrOHcwaXFKMU1TSzVQRDlXUGszYnRuQ1E1U2JhbkpJZElsN2RVc3hldzZLbkJpNllSUHlJNjkyNFAxX2l2cXJlcHJ1U0lFemcxVEhBekIxRGZwMkN5alhveGpxMzdadjZVcms3NGs1NkJiT0NHY0tvbmU5Nk1DaGF0ZmZURjE0ODRzODVB?oc=5,Micro and Small Cap Stocks Deliver Exceptional Half-Year Returns Amid Market Volatility MarketsMojo,"""(""broader market"" OR midcap OR smallcap) (selling OR correction OR fall OR volatility) India when:1d"" - Google News"
2026-09-09T09:34:24+00:00,1,['India market'],MarketsMojo,Sensex Dips 0.85% Amid Broad Market Weakness; Metal Sector Shines - MarketsMojo,https://news.google.com/rss/articles/CBMivgFBVV95cUxNMFQyUlh2ZEtiLVFsOGtlc3Ywb2tMZXB2cldzYWNQM2JyMDFVZTk1bzdCZlhzNXNnU0pjanBQanRkaDdGUGxPcVE5Y2RYejF2QVI1WnNibXFIS1U3ZlNkVE5sRUpZd29iTFhaMHpJX1JhcUY0bUl1bmFmclEtLTFZYnNiNGFBWk1rcU1rVGpmM0djR25wWmhHVmhUdnpPRHZyQ0plOGZlRU1rZFB0eENTWktnRkFOclZuazNZZWdR?oc=5,Sensex Dips 0.85% Amid Broad Market Weakness; Metal Sector Shines MarketsMojo,"""(""broader market"" OR midcap OR smallcap) (selling OR correction OR fall OR volatility) India when:1d"" - Google News"
2026-09-09T09:34:00+00:00,1,['market selling'],kalkine.ca,TVA Group Stock Slides 12.32% as Sharp Correction Revives Downside Risk and Investor Caution - kalkine.ca,https://news.google.com/rss/articles/CBMiwwFBVV95cUxQeVhDZzU2YUtLeWdBNURKNXBMVEo4cVliZXZZVF9INnBkNk5ESy1GcHFYZTRYQXBzQl9pQ2RFZ3lLVHhOVU04b0J0by1OUklMNUxEZVJhTHpGYTBzamx1R1VvTVdjTm5va1FnLUhrVEdZNTd4TEFVYWY2Y29uRWZoVUFXS2tRSWx6aU1JMERTOFdrUnNFa3R5MXp2ZnpPeTU5VXlpZzNtVF9GaWNULTBrQ0J3Y3VTSzNlY2Q0SGNlTzYtOFk?oc=5,TVA Group Stock Slides 12.32% as Sharp Correction Revives Downside Risk and Investor Caution kalkine.ca,"""(AI OR ""artificial intelligence"" OR Nvidia OR semiconductor OR technology) (selloff OR ""market fall"" OR ""stocks fall"" OR correction) when:1d"" - Google News"
2026-09-09T09:34:00+00:00,1,['market selling'],kalkine.ca,Responsible Energy Corporation Stock Slides Into Correction Territory as TSXV:REH Faces Post-Listing Pressure and Cautious Sentiment - kalkine.ca,https://news.google.com/rss/articles/CBMi-gFBVV95cUxOdjdtNTd5OTRiRGFCcGpnREdlUzVSSXVQY19VSVg1eHhUVzFNdGFRYXBZQnM5dldsRndfLWlVTlo2bGJvWU5CYWtFX2JLaFhqazFoUFAxTDlOYVphVWJwa3lkMmE2aEt1MlAtOExKOEtKcVFob1NFak9EQlJYYXhNU1Z5d0Y3bXBQRGphU0pPV1RvOXdIdmRkM1A1ZW9Yd2tvMlA5MDN3dFFSQ3ZrcWo2NGt6NTE0dmNvalZuM2tGR3JueUJfN1EtX25BOVB6ZFl6M1hfeWRTNFdVVWZERTRHUFphS3VUVWdqQkZJeWxXalF2ek9mMlEwd0RR?oc=5,Responsible Energy Corporation Stock Slides Into Correction Territory as TSXV:REH Faces Post-Listing Pressure and Cautious Sentiment kalkine.ca,"""(AI OR ""artificial intelligence"" OR Nvidia OR semiconductor OR technology) (selloff OR ""market fall"" OR ""stocks fall"" OR correction) when:1d"" - Google News"
2026-09-09T09:20:38+00:00,1,['AI / tech risk'],TheBanker.com,Banks are warning about an AI bubble and investing anyway - TheBanker.com,https://news.google.com/rss/articles/CBMiekFVX3lxTE1KN3Z1MFp2MU1veFgyY3FSY2VjWUpjc19vRWtKMGQ2RGwwMTdObW5KTkEweWlUUFktVTY2M0gzSXJPRW40SlFkV0EtM2hFclBzTjQ0MEpLWDdLUVR6U1dKdVZVeXItOWU1LVpzUDFvWWl3SFZTN0JiWVNn?oc=5,Banks are warning about an AI bubble and investing anyway TheBanker.com,"""(AI OR ""artificial intelligence"" OR Nvidia OR semiconductor OR technology) (selloff OR ""market fall"" OR ""stocks fall"" OR correction) when:1d"" - Google News"
2026-09-09T09:05:20+00:00,1,['India market'],The Economic Times,PGIM India Dynamic Bond Fund-IDCW Monthly - The Economic Times,https://news.google.com/rss/articles/CBMijwFBVV95cUxQRTlOZXNCYXM3bWJPVkFPY1BqRHVYb0J3SlpaRWQ5XzVyZDYyWTdjdncyRjJxaVJrcmZFYnM4MEdMVHI5eXJzWTh2ZUJmel9tUTJDQnFjNkVrMXRCbDhEak5EclVMa0JUSFh3OE1CZU13OFhEbmVhdmp2ZGtKTXdFMDlUellmWVVhUF91V2tYbw?oc=5,PGIM India Dynamic Bond Fund-IDCW Monthly The Economic Times,"""(""mutual funds"" OR SIP OR AMFI OR FII OR FPI) (India OR equity OR market) when:1d"" - Google News"
2026-09-09T09:04:36+00:00,1,['India market'],The Economic Times,Invesco India Banking and PSU Debt Fund Regular-Bonus - The Economic Times,https://news.google.com/rss/articles/CBMisAFBVV95cUxPVjFFMURRY1Z2NnlQVEs1bmNYQUVtRHZoME1OQWk0V25jYldwMHYyR1RsYTR0RFg4ekNvdDVwVDRIcDBucmRmRHMzUnJfN3MwQVlNY1JUdzFCa3loM2VFZHRZU3JobTVLLTQzNHphdEVrRWZXUHlsQkd5NjVpNnVGU1BuNXZMNlFBbFRuanE3X2hUN2ZtcDRrTGdLa3B0UVBnelVtT1dJc2dFYk1jVGxuNQ?oc=5,Invesco India Banking and PSU Debt Fund Regular-Bonus The Economic Times,"""(""mutual funds"" OR SIP OR AMFI OR FII OR FPI) (India OR equity OR market) when:1d"" - Google News"
2026-09-09T09:00:37+00:00,1,['India market'],MarketsMojo,Linde India Ltd. Technical Momentum Shifts Amid Mixed Market Signals - MarketsMojo,https://news.google.com/rss/articles/CBMiwwFBVV95cUxQRHE3VmQyOVlkV3EwU0lfTnh4SUcxTkhiT3RNU2RET2NXdTRPUk9QdWViZktDUW1jV1ZXUGJoT0RHbFFyZ2RKb1RtWEpyVHNUVDZYMHJ0dk95Q3lOVkVEMndIS19pYUtPdGhGUmN6RkZJbk1wX0YxbUtNa1ptVGw2QmVkakpJTnpOb2x5Vm9JWFJ0SUF5Q1N2NDZOTTVHMmhtMGtKQzY5dy1vd3ZIaUtERFQyclhydTBNcEY4dUpTdGl4aVE?oc=5,Linde India Ltd. Technical Momentum Shifts Amid Mixed Market Signals MarketsMojo,"""(""broader market"" OR midcap OR smallcap) (selling OR correction OR fall OR volatility) India when:1d"" - Google News"
2026-09-09T08:51:24+00:00,1,['India market'],Moneycontrol.com,"Industry backs SEBI’s FPI commodity push, flags gaps in physical delivery mechanism - Moneycontrol.com",https://news.google.com/rss/articles/CBMi5gFBVV95cUxQQzlBYnptSGJqaVFWdk5JUkFrMFVndzE5aEpvM2Y0OWhnWTM5cFBsbkJub2pkdDc3ckxURzE1RzZpeWV4TkJ0bUhjdDh6MzA5VklZNVpMS2podEJlN0xXNmdqNzBmSFdqUkNaQ3FteHZnc0dQeUN4UWx4VjlWWVpEYXJfOWd6R08wa1I5aUMwYUVoODZpU3k0dzJyTUh5cHhlV2ZWV0V3b2tFOS10d1ZlbkoxZXJHVllVS2Q2aHU1dmJaRk03TTVNWG5ISWlYaG93V0tFWnpubm9Wel9zdGVDWDh6M3c0QdIB5gFBVV95cUxQQzlBYnptSGJqaVFWdk5JUkFrMFVndzE5aEpvM2Y0OWhnWTM5cFBsbkJub2pkdDc3ckxURzE1RzZpeWV4TkJ0bUhjdDh6MzA5VklZNVpMS2podEJlN0xXNmdqNzBmSFdqUkNaQ3FteHZnc0dQeUN4UWx4VjlWWVpEYXJfOWd6R08wa1I5aUMwYUVoODZpU3k0dzJyTUh5cHhlV2ZWV0V3b2tFOS10d1ZlbkoxZXJHVllVS2Q2aHU1dmJaRk03TTVNWG5ISWlYaG93V0tFWnpubm9Wel9zdGVDWDh6M3c0QQ?oc=5,"Industry backs SEBI’s FPI commodity push, flags gaps in physical delivery mechanism Moneycontrol.com","""(""mutual funds"" OR SIP OR AMFI OR FII OR FPI) (India OR equity OR market) when:1d"" - Google News"
2026-09-09T08:48:09+00:00,1,['India market'],Business News Week,Disha Eye Hospitals performs East India’s first SMILE Pro Hyperopia procedure - Business News Week,https://news.google.com/rss/articles/CBMisgFBVV95cUxQQU9DTW56R1d2LV9OVmpiVFZTdTJHWGswYzNsUXJCOGhZN05YUlJVNG0xWlBUWFlUQ3NDOG5GOEFnOVU4RHZZUHJGM3VLaUg4aVZOZUk3TEJidmVlTzVscGNoY2dJNlFqZGR0eFZDSWtPbW9DZjF6ZjB5YlJhd2VFSWR1VUZhR3pHZlplRHdPR3N3XzRsT1FVWEFkYWZLRGdMZmd1VTZ3MV94bXo4NTFqRDB3?oc=5,Disha Eye Hospitals performs East India’s first SMILE Pro Hyperopia procedure Business News Week,"""(AI OR ""artificial intelligence"" OR Nvidia OR semiconductor OR technology) (selloff OR ""market fall"" OR ""stocks fall"" OR correction) when:1d"" - Google News"
2026-09-09T08:44:46+00:00,1,['market selling'],The Economic Times,Thinking long term and enduring volatility is the only way out: 5 mid-caps from different sectors with ups - The Economic Times,https://news.google.com/rss/articles/CBMirAJBVV95cUxNU19PUkoybl9PSFYxR1djWk96bDhmUjZpaXQ0NXowSHZWdEpBNHY3TjBGcW1QNUwyZ3U5VDRYSmpja2IxSmFuX1NDLU5sWDRRdWdwQlItS3p2MEFzVVQxaEdFdFFuTlNyNUZjNlZWak1GVHBBZk92VWNXQXZiVVYyalhNM3RMa1RNVUI4dzM3MTFudjRyNW9fa2hfVnA1UWU1NlBXUEJtT1RjLXUzTElGTlh6YVlHdi1Bb0JISlU5OXY2anhWWVpHWlNKUFgzSjJGV3V3dmNWWG9tMjEzTGRpRXp6em9QdWVUXzBQbldKcHlTU3B1SmpBQ054NVpyZENDOUt3Ml9maFlDVjVITXQ2NUNqV3ZwT2lEWnBKOE9hYXRzSzZ5VWVJbEdYa3TSAbICQVVfeXFMTTdTODA1V1VTUldLMjh6d0ZIN05VbUNqNk5TcWNQU0VCaGwwTktzVTlNblhid2xXSms2dW9pd3k2RE5OQXNhbGw5REx4UmhHZnFCZktwSEZFMTJOYnBYLVpFMFk1bnBYU1QtU1VGM0JMWk1rdk4wOFNnblNXamV5XzRjc1JBUnVSdVhudTBmZUc1SFY3VVRlaG9sMGpsalZITEtPSDRhX2FOd1BSWkRxZkY0Nm1oNkRlRERKbkx3RHdPMEp1M204VGJENE5ncGZNOFY1cnNKRjlFc1psWGc0Q0dvbk11b2tad1FvdHk2TDlWMWdNZFhhMTJBWUUzMmF5YUVlb3dnT0FrelZ0eVl1QmxDdDVHd1VKWUN2a1YwdHloNk03cG1Cd1ZreXNVUEdxbjdR?oc=5,Thinking long term and enduring volatility is the only way out: 5 mid-caps from different sectors with ups The Economic Times,"""(""broader market"" OR midcap OR smallcap) (selling OR correction OR fall OR volatility) India when:1d"" - Google News"
2026-09-09T08:18:12+00:00,1,['India market'],The Economic Times,Invesco India Short Term Fund Regular-IDCW Weekly - The Economic Times,https://news.google.com/rss/articles/CBMioAFBVV95cUxPaXFzQ3BUNG0zTi1VOXlmajhPX1ZzYjRTOWZnOUN4bi1XdnQ3NWVaV2prV25BRkUxaFk0UXpwSE55NmNNeU1RNVdZQ3U0VG5qdERXM2ZxWjNwRUlGQXdnWnM1ejVURTR1VEtRdElVRjE1UUJLQmdBRXF3b0l0VGR5MlVXdUx1eS0wRGdSeHYwb0xCU1dYblR1c1FuZjNXbEdR?oc=5,Invesco India Short Term Fund Regular-IDCW Weekly The Economic Times,"""(""mutual funds"" OR SIP OR AMFI OR FII OR FPI) (India OR equity OR market) when:1d"" - Google News"
2026-09-09T08:12:32+00:00,1,['India market'],The Economic Times,Bank of India Ultra Short Term Fund - Institutional Plan Fund info - The Economic Times,https://news.google.com/rss/articles/CBMiswFBVV95cUxORHJqS2s0dDJuTkdSQ0ZBTnhBbmJidnVVMEUwcTExVEVkWF9OcVR3Y0VWOUJCbkhCbEZ0XzBoZTNZVGZMMDBJNzdYRUtLbEN0eV81Zmh6aXVmcU9hYzNKelhqS2V6WVZEaUVnSFNWbHdfNHdUMnM4YnBwM20tUmxFUld4MHNHY0FLMkpicVZUTy1vYlBmWUFVQ0x2MDhTUktjNzBmS1BZUnB4QjJNMDJoaUtVWQ?oc=5,Bank of India Ultra Short Term Fund - Institutional Plan Fund info The Economic Times,"""(""mutual funds"" OR SIP OR AMFI OR FII OR FPI) (India OR equity OR market) when:1d"" - Google News"
2026-09-09T08:00:00+00:00,1,['market selling'],Continuum Economics,U.S. Equity-Treasury Strains and Correction Risk - Continuum Economics,https://news.google.com/rss/articles/CBMikgFBVV95cUxQalZTMkY1clIwQjBoXzJHbkt2WWRLUko5eklUX1ZHSWE5Vi1oS1dlR214UFVsc09DU0lqUThxcHZjb1ZYQy02RkR6Mm52VTNlbVdDQ1ZIMk1nOGNNakVGQTZDRTl2aDMwZU1yZE1EMm9yeFhpMFNjdjdrc1VMdVBfTjJQRHdNakhOQ2Z5QzFvUkJPZw?oc=5,U.S. Equity-Treasury Strains and Correction Risk Continuum Economics,"""(AI OR ""artificial intelligence"" OR Nvidia OR semiconductor OR technology) (selloff OR ""market fall"" OR ""stocks fall"" OR correction) when:1d"" - Google News"
2026-09-09T07:58:04+00:00,1,['India market'],The Economic Times,Axis Nifty Capital Markets Index Fund - Regular Plan Portfolio - The Economic Times,https://news.google.com/rss/articles/CBMiqwFBVV95cUxOdGtRNUZ2SWl5RFRLeENHdFZMdVhxTlpFQTdqcDlqYVlHcFIzQ1NwOTVGbmtpbEoxclFOQURuWGxEczU0cGdsSXRMTXBhLTdRdVVSaXl6ZThqdklfUzNrMC1CcUhPTTRzeGp4dzVyRTB6Q0J2bGhzekg1Y0VRVmhIMFdhOEYyRGdheFp4c2NIdXppNy1wR0tYYmZLLTFWOElQR0lxaTROUGc4bm8?oc=5,Axis Nifty Capital Markets Index Fund - Regular Plan Portfolio The Economic Times,"""(""mutual funds"" OR SIP OR AMFI OR FII OR FPI) (India OR equity OR market) when:1d"" - Google News"
2026-09-09T07:39:24+00:00,1,['India market'],The Economic Times,Invesco India Ultra Short to Short Term Fund - Direct Plan Fund info - The Economic Times,https://news.google.com/rss/articles/CBMitwFBVV95cUxPY2lZYjdCTjNKRUdwTWFudFIyeDlTWDlDR0FRdXJrUHc3eWZGXzlTVHo1M0lWYzJMQm4xUzlZakhxQ2xqbFhlbk1ZMllXRm1KMWwtU0lIOWV2eDNub0NTV0xZZjEzNS1kNkMtdTAtQXFmbW5pbkRQal9SNzRQeVh2SG12eWh6ekFFd0dUeXN0WlFrWERCN1ZsWWpCVTV5bXJQWjFiZW9EM2UzY3NRN0I1ZGItcjAzVDQ?oc=5,Invesco India Ultra Short to Short Term Fund - Direct Plan Fund info The Economic Times,"""(""mutual funds"" OR SIP OR AMFI OR FII OR FPI) (India OR equity OR market) when:1d"" - Google News"
2026-09-09T07:09:29+00:00,1,['India market'],MarketsMojo,Eveready Industries India Ltd Upgraded to Hold by Markets... - MarketsMojo,https://news.google.com/rss/articles/CBMi8wFBVV95cUxQZ0dvc0E2YTlIVzZmVk11WVJzT24tb240V015VGY0M0ZzVkpESks1cWtXSEpCVjBFZW9wNEk5c3BBZDBYVHFQUllUUzI2cVNYVTJKUUIxbWozY0tVTDVhcnhIUEVCRmpQM2s1NGpjLUM0RGJXZmVZSHlTdTNIc0l6SU5jaUNUTFVfNkJMUmQtZGQ5MWttMWJvTlNHdEh1V19zWnd5TE5fU0pwLVdvSUllSEU4blA3SXJUaVJ3UnVrdVpyOU1VeUdIbmlLZkxlaW1UMGtnM0k1WG4wY3NONk5pOG5EeWZHSUhzTXNRYWdva1JvWWc?oc=5,Eveready Industries India Ltd Upgraded to Hold by Markets... MarketsMojo,"""(""broader market"" OR midcap OR smallcap) (selling OR correction OR fall OR volatility) India when:1d"" - Google News"
2026-09-09T06:41:55+00:00,1,['India market'],The Economic Times,Invesco India Medium Term Fund Direct-Discretionary IDCW - The Economic Times,https://news.google.com/rss/articles/CBMipAFBVV95cUxPSTQzUTZKTE5wUGt6aFM5ZWhUenk2enFkSkwzdjlfNVFtQ3BLUWtyYXByXzlXNVdQU1ZzbTFHX2dZRGhPWjlOS2tQQW1CRU16VnpyaEpDUHVQQUdVcVZ6UV9ZeldtdWNvaFMyenhLV2lBZTQ4bHRlRENnWjlKc3JBOUtBV3RRLVpDeGdvVzlKSGgtSUZEMTcwRS1xWUVpUzBzbnpiZQ?oc=5,Invesco India Medium Term Fund Direct-Discretionary IDCW The Economic Times,"""(""mutual funds"" OR SIP OR AMFI OR FII OR FPI) (India OR equity OR market) when:1d"" - Google News"
2026-09-09T06:41:00+00:00,1,['India market'],The Economic Times,Invesco India Small Cap Fund - Direct Plan Fund info - The Economic Times,https://news.google.com/rss/articles/CBMinwFBVV95cUxQa1pySmozZTFWMlVNZjJPS3dsMkpaNFc1bDA1S1Ezb0ZQZHpKNkhqYklrX2dGbTBUTVR5WTdlS0psaERDYnRFS1laSHp4OVA5enJHNlhfajBSbXhRMkVrcEowV0M5SWlCOXVzV2tCT3RHMF9YbE5lbTk1bnJEZHllQ3otVFVHcGI3YzR1ZlVyUHZubW00YUF0VkR1ZHFLWTA?oc=5,Invesco India Small Cap Fund - Direct Plan Fund info The Economic Times,"""(""mutual funds"" OR SIP OR AMFI OR FII OR FPI) (India OR equity OR market) when:1d"" - Google News"
2026-09-09T06:13:09+00:00,1,['market selling'],Business Upturn,"Banking sector stocks today, September 9: HDFC Bank falls 1.61%, ICICI Bank down 0.55%; IDBI Bank up 1.47% - Business Upturn",https://news.google.com/rss/articles/CBMi4gFBVV95cUxOVXptUGNoSmFSQV9iRExwNFBENTloVHkwbmxlN3FtOVN5bHRiMGdwOHl0aXZrTV91VFRUdENRQXVKTEtKa3pkYTBmX0ZoRjJ6ZFBEMmdhUXl1V2NqTEM1U0RJOEttZDdjRnU1N29MdVgwaHZud0E5dXJuZmM2Q1JCQjFjYUdJcEtEa1RJMExNSElZZkIxc0N1bjR6bEE2blRQeFRkOU9aZk1LV0wycWlGU2dfZDZ6OHJmN0RuRWNsMS1WbGZCNEYwbnZGY2pIV3p6ZkRycmVaZURaNHZDelhHOFVB?oc=5,"Banking sector stocks today, September 9: HDFC Bank falls 1.61%, ICICI Bank down 0.55%; IDBI Bank up 1.47% Business Upturn","""(Nifty OR Sensex OR ""Indian shares"" OR midcap OR smallcap) (falls OR selloff OR correction OR ""risk off"") when:1d"" - Google News"
2026-09-09T05:49:04+00:00,1,['India market'],The Economic Times,PGIM India Dynamic Term Fund-Bonus - The Economic Times,https://news.google.com/rss/articles/CBMijwFBVV95cUxPN0VGNjQ2VkgySHVXb0d4dGxvVFYyR1doOWZsdERSNFYtRWN6ajk0ZmxXa0FxQXlxcHZJdzhCd2JwS25Cd2lRRWFlTEFYQnhRU0ZINGlCWnNUeWloMjF4U21HT1A0LVhNSjgwOFNZdW5SWVNSYXNsTkVWMFJRcVFTTFg4RFlXX0xJc1pIdnJRWQ?oc=5,PGIM India Dynamic Term Fund-Bonus The Economic Times,"""(""mutual funds"" OR SIP OR AMFI OR FII OR FPI) (India OR equity OR market) when:1d"" - Google News"
2026-09-09T05:44:48+00:00,1,['India market'],The Economic Times,Invesco India Ultra Short to Short Term Fund Regular-Discretionary IDCW - The Economic Times,https://news.google.com/rss/articles/CBMiuAFBVV95cUxORDh5V2UyaFF2OTRRMm5lTl9UWTM1dGd5bFZlQkNxT2Z4a3pldHN2cld4UWF6UWxBUk40UDUtTnpKUTBFQlRnazVzWVdwZjF6dTVxRzMxUGNLV3dsY3NFeWozcWtlR1A2Z0pZMXJLbFdPeTZRcnh6NVY3SjVQdjNydEg4NmZ6TFFvNVdSZ3M0LVpQY05MbVMxdVVCVHItYlkzN21UTW9jT19RUTFVMDZtbzMzeFd4TFIy?oc=5,Invesco India Ultra Short to Short Term Fund Regular-Discretionary IDCW The Economic Times,"""(""mutual funds"" OR SIP OR AMFI OR FII OR FPI) (India OR equity OR market) when:1d"" - Google News"
2026-09-09T05:22:02+00:00,1,['market selling'],Business Upturn,"Defence sector stocks today, September 9: IdeaForge falls 4.47%, MTAR Technologies down 3.51%, Bharat Dynamics 2.46% - Business Upturn",https://news.google.com/rss/articles/CBMi7wFBVV95cUxOckpIQlJabXNXbFVtajRzQ1FWVXd5V1dNVERYdVVIWDNPQnl3Tk85TFBrZW43cEVjOVRVczRhdmkxblpiZ2VEVEFFTGhCMFg1SmZzN2pYeklfUjdJYXpmVW1WQWVCSjQ4b1l5NUM3T3VWSUtpM2NLd2MxMFp5WEI3SWxUNXgwWktmakFzQ0pEVl9UbDhTWkNjVTY3ZjBLY3o3bXQxR3V2c2RrYmRyeEZLek80My1OdE9mMGZvT2VyaHoyMkxQMjhpTjBlNG1PSndsQy15b2ZnanhOOHptdl9vWFF2VW11ajAwLUowOHJiMA?oc=5,"Defence sector stocks today, September 9: IdeaForge falls 4.47%, MTAR Technologies down 3.51%, Bharat Dynamics 2.46% Business Upturn","""(Nifty OR Sensex OR ""Indian shares"" OR midcap OR smallcap) (falls OR selloff OR correction OR ""risk off"") when:1d"" - Google News"
2026-09-09T05:19:10+00:00,1,['India market'],The Economic Times,PGIM India Ultra Short Term Fund - Premium Plus Plan Fund info - The Economic Times,https://news.google.com/rss/articles/CBMirwFBVV95cUxOWkQ3NHNXNmFOeXBVc0V2X2k2a3dBYWVWbjJOdkU1eFhfN3E4aEZ1T3N4S1dKSmtrT0dheU9YSnBFUENicnZwOHJkNE5hNGRYU0xoamdkZEtJRWFxd3Y4eEY5SlJ4dFFfVExWY3BSVmJlemMyeHVtSThfZmo2dDFjaVJRRFBXckhlX3VNTVNCUVJ2QmpLN01FVzlsLThGcVdYdmJCX1NZUm1Fb2w5MS1v?oc=5,PGIM India Ultra Short Term Fund - Premium Plus Plan Fund info The Economic Times,"""(""mutual funds"" OR SIP OR AMFI OR FII OR FPI) (India OR equity OR market) when:1d"" - Google News"
2026-09-09T05:09:18+00:00,1,['India market'],The Economic Times,Bank of India Ultra Short Term Fund - Institutional Plan Fund info - The Economic Times,https://news.google.com/rss/articles/CBMiswFBVV95cUxOWTg1d00yQ3RDeEdYa0E0VXhfaTJZbG5PWGVfSmQ4R2VOUzBJcUJiZmgxc3BfVFBHdTU3RlVHcHR6SndBZ29pZ2lJUks3OWdBMTF2b3ZUMzgzWGs5WV9mNTJyNE8xNXd4aG1wRDNINjI3WEs2Q01qcXRFWkdJNmlBaHdxSmdzajNnNjVGSHczOVAtZXZ6TTY3NnFNd25Jc25uczJSVEI2ZkFPX2pQU3lrcktBOA?oc=5,Bank of India Ultra Short Term Fund - Institutional Plan Fund info The Economic Times,"""(""mutual funds"" OR SIP OR AMFI OR FII OR FPI) (India OR equity OR market) when:1d"" - Google News"
2026-09-09T05:07:00+00:00,1,['market selling'],Zee Business,"HDFC Bank shares fall nearly 30% in 2026, hits fresh 52-week low - Zee Business",https://news.google.com/rss/articles/CBMiswFBVV95cUxPOEpjTktoYXFvWHdBVGV1dU9YWXVDb183VVpxRlRHbXc5bk5xNkFSV19ZNUZGekJBZVBGV25rLVlfeWt2ME9DNXN6bDl0MXFYaXdLM3pfbDREeEFVX2ozTTd2WkpOMlJXTUEzTWtZM0N3WGZ2RVROWTFsOTVSQXBSMVJmdjBaVmJwZlhHZ1BzZ0xncjQxSW45MGpJbktrZ0JJMEYtWTl5aDFueVpHcUt2MFBOWQ?oc=5,"HDFC Bank shares fall nearly 30% in 2026, hits fresh 52-week low Zee Business","""(Nifty OR Sensex OR ""Indian shares"" OR midcap OR smallcap) (falls OR selloff OR correction OR ""risk off"") when:1d"" - Google News"
2026-09-09T05:02:13+00:00,1,['India market'],The Economic Times,Invesco India Ultra Short Term Fund Regular-IDCW Yearly - The Economic Times,https://news.google.com/rss/articles/CBMiqgFBVV95cUxPWGI3SXJpbWpucXd0ZTJVaUZrYkl4UGQyM3ljSHljbUtTdUFleXVyM04xbjZwYWREUHk4UnRBSkpRRC1GV0lwWEZTdE1taFJ2Q0pJeC0wSDVpWkIwU1FuamFfM01EYkF6YkZsanNTRzZQTDl5RHhSOWhhUmFMZzdHbHFsUWRxd25sMnREVG5henVJeTBlWDRUQ0RHeUJCVGVGT19acl9oUmtUUQ?oc=5,Invesco India Ultra Short Term Fund Regular-IDCW Yearly The Economic Times,"""(""mutual funds"" OR SIP OR AMFI OR FII OR FPI) (India OR equity OR market) when:1d"" - Google News"
2026-09-09T04:58:25+00:00,1,['AI / tech risk'],CoinDesk,"Moonshot, whose Kimi model rattled markets, accused of extracting U.S. AI capabilities - CoinDesk",https://news.google.com/rss/articles/CBMixgFBVV95cUxPd21CaVhrWUg3Y2RjOVAyOGFSSzN6TzBEVHdRMEVzd3hDNWMxX1dPX3dkX0FLZjJ1OHh1SFAzODFsUldJUWMzR0RlT1VzQ0lpNXB6U05VUlVJZ1BDOTNRdE9oUEtyU2hBMTFLQUFQNmxCRDkteUlkRHJhcWJVNlBmUUw5dWFUbUZGZ0l0VDhpaElLMkFTdU5zQk5zMXJRc3Vjc3liM1Zsd2xRYkdnWURhYUp3Smg5OEcybnplRkl3RjZITWxRQXc?oc=5,"Moonshot, whose Kimi model rattled markets, accused of extracting U.S. AI capabilities CoinDesk","""(AI OR ""artificial intelligence"" OR Nvidia OR semiconductor OR technology) (selloff OR ""market fall"" OR ""stocks fall"" OR correction) when:1d"" - Google News"
2026-09-09T04:53:54+00:00,1,['India market'],The Economic Times,Invesco India Small Cap Fund - Direct Plan Fund info - The Economic Times,https://news.google.com/rss/articles/CBMiogFBVV95cUxNWk1hSHNvOGswS2xNOWR6M3lLRHRvajdPeW5SSTIyVndTcFRvdGt5WDE4bnFJcWZSX19HVkNzUG9mSDV6dnVyTllXc0dyQ1hyOVFVUTduZ3hxM2xiWDR6WEJlQXh4SEZITEJTeUo3cUxYZndSOFN2OWFrNmxuSFpQZUpjdUhEUEJvVVBkY1VIeHViSGZKdGdkX19yQjYyU25iakE?oc=5,Invesco India Small Cap Fund - Direct Plan Fund info The Economic Times,"""(""broader market"" OR midcap OR smallcap) (selling OR correction OR fall OR volatility) India when:1d"" - Google News"
2026-09-09T04:51:09+00:00,1,['India market'],scanx.trade,"Nifty Slips 145 pts as Insurance Sells Off; Energy, Services Rally - scanx.trade",https://news.google.com/rss/articles/CBMi-wFBVV95cUxQWU0wVm9fd0MyR2o1QmlXeFJoVlczbnBKT2pxbm9Cb1JLSGhUcEtqYk5RZTNYdHhXQnlWSlZDWktWb1g2RHZ5aWxtWkJLSjRhM2JZNlVLbmRza1ZuWjR4bXktbW9feDRseFQwV2t2bDNFempia0hRVG5vYVVrZUFSSkdzbkp1aUItYTVRQURRcXZFXzBSSUQtX1RNSEZlZTMwLTJBNnRBRWJzb2RRemhILVJ6SnROY3dpRnducHg2WTFzdl9KRlg0MFVtalF1ZU5BaV94dEpKT0ZWT2d0NVpFd1JldTNrbmV2VlFPMmgyY2d3QVJ4aVcyaVFsdw?oc=5,"Nifty Slips 145 pts as Insurance Sells Off; Energy, Services Rally scanx.trade","""(""broader market"" OR midcap OR smallcap) (selling OR correction OR fall OR volatility) India when:1d"" - Google News"
2026-09-09T04:51:02+00:00,1,['market selling'],Business Upturn,"Pharma sector stocks today, September 9: Orchid Pharma gains 3.28%, Biocon rises 1.73%; Indoco Remedies falls 2% - Business Upturn",https://news.google.com/rss/articles/CBMi6gFBVV95cUxPRkJXaTN3amtfenBJeWVCcWl1UjR4RlhTZHd4MVZ4LU1DcVRoYUNFanpralh6ZHdxbmhTSUF3S2ZqaWsycElTVERSMVA4Wm04N25QRzhGNXFsUVN6MS1PLXFSTkt1a1BXak1mSVRCM0FKSFU0SUFQUlp4OFZqTnZlSlFGU2VPOHA5S0FVQnFab1M5bE05LXl1ckhCMHZ1Zk1EcC1lZkVmSkVVdDVYQzdMM2hBLVM0RUJiQ1pWNk1XR3ZmNVF1TUpIR1ZDbWNPeVBtNXBRWVFyZ3hkQXVCbkpmUU94b28teVBCLUE?oc=5,"Pharma sector stocks today, September 9: Orchid Pharma gains 3.28%, Biocon rises 1.73%; Indoco Remedies falls 2% Business Upturn","""(Nifty OR Sensex OR ""Indian shares"" OR midcap OR smallcap) (falls OR selloff OR correction OR ""risk off"") when:1d"" - Google News"
2026-09-09T04:42:52+00:00,1,['India market'],The Economic Times,Invesco India Large Cap Fund - Regular Plan Returns - The Economic Times,https://news.google.com/rss/articles/CBMinwFBVV95cUxNVEVuWktHbjlNSTJXY3pOWjhBUHZrSVVQeE0tbkFSOVdFaU1mTW9lMkcwelZtUUxhS3RyUW1YUWRsOTRBb1dRY2F3WDNxcW1TSHBxMW1QajhUYUtzMXdTLTJzWmhqejlDN3cwT2hWVHlrTU9VZ0pjR21HVXh4RWUyYTFrVEdIeWF3aW1aN3A5V2RfQWhRY3hXVkZyczdRQTA?oc=5,Invesco India Large Cap Fund - Regular Plan Returns The Economic Times,"""(""mutual funds"" OR SIP OR AMFI OR FII OR FPI) (India OR equity OR market) when:1d"" - Google News"
2026-09-09T04:41:13+00:00,1,['India market'],The Economic Times,Invesco India Small Cap Fund - Regular Plan Fund info - The Economic Times,https://news.google.com/rss/articles/CBMiowFBVV95cUxPeFVnRUd6SzRDMnh5VmZxcHZJd2NxXzA2cDlEQ3BqdlpEa3lTMFpWWW1SSVZnOU1GRVg1cXdqSkNLaDEzTmdyODFOWWQxZW11QWtPdkMyQ180N2pMMEc0N0phOXNQNkV5OTRDRjh3Y3lzZVM4TFJ6c1pFSERHX19OOTlnWE14ZERZZktZblJTRHBSQjlZTFh5ZGxxVXJtUWtwaEVF?oc=5,Invesco India Small Cap Fund - Regular Plan Fund info The Economic Times,"""(""mutual funds"" OR SIP OR AMFI OR FII OR FPI) (India OR equity OR market) when:1d"" - Google News"
2026-09-09T04:36:01+00:00,1,['India market'],The Economic Times,Nippon India Ultra Short Term Fund-Daily IDCW - The Economic Times,https://news.google.com/rss/articles/CBMimAFBVV95cUxPemV0TlI5OGM0S1lyTko2eXFXR1lpN1RYYVg2NlN5akJiejNwLUpNSUEza2FwNVhjeXhIUS05VGpYMVRuMmlvS3hhX2xTSXJDeDdMUlVzZl9SM3hnamdLZXE4Y2d1NXV5MEpyU2htSmlFUmxWa1RHTEg1c0xQT0xCbndsdnNiWGEzODF6ZE8zeldkUEVpcE1IRQ?oc=5,Nippon India Ultra Short Term Fund-Daily IDCW The Economic Times,"""(""mutual funds"" OR SIP OR AMFI OR FII OR FPI) (India OR equity OR market) when:1d"" - Google News"
2026-09-09T04:36:00+00:00,1,['India market'],Univest,Nifty Auto Today: Down 0.91% in Early Trade - Univest,https://news.google.com/rss/articles/CBMia0FVX3lxTE5qSFlyVndRdXJFRUNVUEFtVmdwOTgxSzNJVkZNRllkY3UwSk5kRWc3TkVLRUNGZ3FVTmNXbkFBZFVFYUZSOGJzSS01U2tTVGc3OTFXcF9tYng0R1lOc3RRVlZzRUh3YlN5ZFE0?oc=5,Nifty Auto Today: Down 0.91% in Early Trade Univest,"""(Nifty OR Sensex OR ""Indian shares"" OR midcap OR smallcap) (falls OR selloff OR correction OR ""risk off"") when:1d"" - Google News"
2026-09-09T04:34:20+00:00,1,['India market'],The Economic Times,Nippon India Dynamic Term Fund-Growth - The Economic Times,https://news.google.com/rss/articles/CBMikAFBVV95cUxQOTEtb1ItdzZla1pjRldVSGMtUWpyNm13UUlLQW5iYUZpNmhUMElNV1F4R1g1ZEFUUC05dlgxQjJMZmtUWWVTTDJfcFMyUV9sRkE2c3pDRHV4cnoxR0ZZcmpfT08tYVNoVVZXSU9FdlZhdDBuanRNS1h0U0djcTZMaW9ueVFlVndncHU1bzNxVkg?oc=5,Nippon India Dynamic Term Fund-Growth The Economic Times,"""(""mutual funds"" OR SIP OR AMFI OR FII OR FPI) (India OR equity OR market) when:1d"" - Google News"
2026-09-09T04:27:28+00:00,1,['India market'],The Economic Times,Invesco India Ultra Short to Short Term Retail Plan-IDCW Monthly - The Economic Times,https://news.google.com/rss/articles/CBMiuAFBVV95cUxOaE0tQWVJU3RiRVUxOU53Y01RWjdUTkRhempyYXNFYzFFSV82WVBOTEVOMUttS3dFVnQtcjJoV3F3NGgteWxJRVkzWDJ4XzV2a3BBbGtVck1BVkRqbHA4ZTVURmxXcHE2b1h4dU53QjY5cDMxcjkzSGtWZEt2dERLRmNVREhYdU9uMFhZdG4yS0JxRGNGdkVpOE9INUJjQVdjNS1zLXN5TEFuOGNaTk1YTEpOZWJqM3Z2?oc=5,Invesco India Ultra Short to Short Term Retail Plan-IDCW Monthly The Economic Times,"""(""mutual funds"" OR SIP OR AMFI OR FII OR FPI) (India OR equity OR market) when:1d"" - Google News"
2026-09-09T04:24:29+00:00,1,['India market'],The Economic Times,"Invesco’s ₹16,000 crore midcap fund delivered 426% return in 10 years. Aditya Khemani reveals the strategy - The Economic Times",https://news.google.com/rss/articles/CBMihgJBVV95cUxQUU9IQWprRW9DNUdWNGh6VlpmZ2U3YjlrX255S2xBelN3WHNGNWNuRVg3dF9VR3dyWjkxNGJXcU1qekZNWi1PRDZVZDBLWHptd2IyM0ppNHd1VnRVSFFPYmVhT0V6RDRqSWx6c3JrVFlMTE8zVk9PcEk1MVVzM2ZfQkJrOEtlZWVQTDVES0lfdlhJQmtJSWxMT3BMejd4VGlvQVN4bnBVRlktcEZVdWl2R0hNdXNQQzhRZlNIblVBTkdZRXlONjN6Q2xUclVPNnFJTEVCLUt2YWhGLVl0UHlBcjVaZDR5WEhRdlY1bVVxNFpMOTV3Nm1HNVdoU0M0U3hQLUJLZ1BR0gGLAkFVX3lxTFBDb1FMVEV1SFptR3oyWTdsZEQ2dmJva1hEYzZjVUNoQ0pVLUh3WkN5d19vcTVXU2ItLVB0aDJUNTdNS01rTEsxYTBTLWhGOXVaRUVOWFBHLTd4NlZPbHRIREFVa1JhSEZmcTZ1RlFIV1lJVkt0bG11VlJacEQ5U1RydUdYNzRuU2pZeXlHUlpMSTdNZ3F1Q2RDVGIxdGd6SWlLdU0zc3Fqdlp2c1lKdWVid2ltRzlBUDVRSElvUlhPeE9QSEZvbHVsMU5fT1hYMGFGeDhpd2ZxYTJBRDR3amJobTFNVzRkWncteXBpRlZHMVRSclFRMVFhODJTQVphbUZNQUpRamFCR21GZw?oc=5,"Invesco’s ₹16,000 crore midcap fund delivered 426% return in 10 years. Aditya Khemani reveals the strategy The Economic Times","""(""broader market"" OR midcap OR smallcap) (selling OR correction OR fall OR volatility) India when:1d"" - Google News"
2026-09-09T04:02:09+00:00,1,['India market'],Upstox,"IT stocks crash: Coforge, Tech Mahindra, Infosys, others drag Nifty IT down nearly 4%; what investors should know - Upstox",https://news.google.com/rss/articles/CBMikAJBVV95cUxNa1ltWmk0RnQ2QkR6dWtJZEhpeXRGMFFxUldIMlZLTGQyUGotSXNieFNMVVJOU2xSa09ZMjJBMUZmbFVTLVd3WGUtYXF5ZEtpYTZBa2xDVkxQYi1XeEdlWXVfX3BqNTF1NWgzT0pFNVlkT1ZLc2tYaDJBY2lJbWVQdEN0a2hzZVlYY2NvUjljY1FuOUVOOHRBa3UyOGtnenV2bnc2dFpsUHdTNFRYR2U0RkdheVhHQi1zclREWWNraU1LUzZhTFhBQnluMjNIa2ZnX1FMUlJZME5JLVhZMS1JaUVuR3pCYzl1OXMtaVZ0U2syLXVRYmZCWEgyS2VKdkFISmMxcVlGVldZTWUzcE05SA?oc=5,"IT stocks crash: Coforge, Tech Mahindra, Infosys, others drag Nifty IT down nearly 4%; what investors should know Upstox","""(Nifty OR Sensex OR ""Indian shares"" OR midcap OR smallcap) (falls OR selloff OR correction OR ""risk off"") when:1d"" - Google News"
2026-09-09T04:01:00+00:00,1,['India market'],The Economic Times,Largecap safety trade? 8 Nifty stocks test investor patience with losses for two years - The Economic Times,https://news.google.com/rss/articles/CBMi8AFBVV95cUxNbHBydXN3SGVGcWFZTEl5bzZpRjFITEtLQ0x3LU1XQmNmNkJBZEZJVHpOMkNZaWdCcGtleEQ0dTVrNWdoaDMtVWRGbXIxb21rZDdyQTRJVHY2dVR2eFlTekVtU2dTLXVIZUZKbFZ4UGVvcmJmQVV4aG83dHFwT195NFFzQlY4NzdHcGc3RS1mYmZFR1B0OGhoRW9FWTE2dU90VjRheVRoOTJFQ3pvWlZCWjRrZU5fT2pBTzU3OUx6SGJYWWgwcFkweno4UWxsX24yZDQ0YW9DN2tWdGZwWFZOMnIzSFI1aFJ4cmRvYXFQRmHSAfYBQVVfeXFMTldQb2FhQlpUbXlZRG1ZNS1MalhOc0h2Nl83NXp0clZZTlJKRzNUNkJ5MjduamJrMTAwdlNNUmgwemxqYnc1Y3BUZUhXZmJWaEVnWVRRc2ZEbXBGWmN6bWNxSEJRUnJUS1dJZzFrenE1Z3dBUC0tQndCSFIteWZpUmdhNFV0WVJoellTekxOdFFQeklrTF9jcE1BM0xQakpCbnJlTEhKZ0p3VTA0bW83NzFFMzlqQUF2NzZoU1hEY2Y3dE5LQmhCUlVkbjdGSEd2YVUyTC1DT1FWZ2ZvNUFfSU8tZFJ3WDhlRFF5akNtZ1NNNVNHdXFn?oc=5,Largecap safety trade? 8 Nifty stocks test investor patience with losses for two years The Economic Times,"""(Nifty OR Sensex OR ""Indian shares"" OR midcap OR smallcap) (falls OR selloff OR correction OR ""risk off"") when:1d"" - Google News"
2026-09-09T03:14:15+00:00,1,['India market'],MarketsMojo,Capillary Technologies India Ltd Downgraded to Sell Amid Technical Weakness and Valuation Concerns - MarketsMojo,https://news.google.com/rss/articles/CBMi8gFBVV95cUxQbXdoRVJSYllyejVjSGVBZW5QNkxuS2tyUnpDeG1CTTFfZi1keVRjeHltVG5RdEtPaXF0ZWF4M0lOTG5lWWk3b3NqLXlnQ244UWtnMV9jTFFJdkxBX0xScWFXOXRwaW9TUHVjZHc2bFdGRUNwY1VFNEVHQlIyX1E4R2ItdzdXc2RTQmRqS3JSamlJYlBpdkwyRzhqa3J3N3Nwb294YzJrTjcwS0plNVp5d2hUb1RCcWRjLXVNcVVqY0c2N2U3Q0h5U01Wb21WSUlOVmt0Rzlka0RvNmd1MGJVZFhSbFVGZTZZN1Z3TGtvTWVqdw?oc=5,Capillary Technologies India Ltd Downgraded to Sell Amid Technical Weakness and Valuation Concerns MarketsMojo,"""(""broader market"" OR midcap OR smallcap) (selling OR correction OR fall OR volatility) India when:1d"" - Google News"
2026-09-09T02:42:40+00:00,1,['India market'],Whalesbook,"Nifty Nears 23,600 Support; HDFC Securities Flags Stock Setups - Whalesbook",https://news.google.com/rss/articles/CBMi4gFBVV95cUxOc2d4cGZvOVFTbUFGQ2sxRENtNC1KUU9kYnFHWmx6ZjBwNjh2blZFVUZEZzlTVHpNLVlXU0pOWG5CN05BTnUyT3BBNEFvTFNMekh2Y214UkNrUUVXU2tBazFBUXlYRWNYU2hzeE1ZLUtOM1BGQk5UVm5EWUVuWXZET2p2R2VSRUNpOGtWTkh4WHNoR0VpUDhpS2luZDdTS1JiSFVvcVQ4NEZtZmlrSVBwb3Bvd2tRQTM0V2lmVlRLTUdXRy1pVjhhbkI2WHF3eGNJNWF1aHh1MXVFeXRIS0ZFbnNR?oc=5,"Nifty Nears 23,600 Support; HDFC Securities Flags Stock Setups Whalesbook","""(""broader market"" OR midcap OR smallcap) (selling OR correction OR fall OR volatility) India when:1d"" - Google News"
2026-09-09T02:16:47+00:00,1,['India market'],Upstox,Invesco India Short Term Fund Direct growth - Upstox,https://news.google.com/rss/articles/CBMilgFBVV95cUxNY3Jtc2xWSlZzbk9xakJTbDlHWV94LVVYc19aeWpLUVVNMG91NVBSMjFDWV8tY0ZYOWRuTGxhSWV5SV95ODNaSjNOMEVxU1c0WGZQZnU1V01Kc1Z5ZFJKZkZBYnBhdWxJSjBkT3ZxMGYzcWJEeFhkdGlFQkxLdHhxMG1JTlh0bXh5TVpieVJMQlNqNGZQNXc?oc=5,Invesco India Short Term Fund Direct growth Upstox,"""(""mutual funds"" OR SIP OR AMFI OR FII OR FPI) (India OR equity OR market) when:1d"" - Google News"
2026-09-09T01:22:26+00:00,1,['market selling'],Stocktwits,"Nasdaq, S&P 500 Futures Tick Up After Correction Week: Why MU, META, MP, RCAT, ANNA Are Keeping Traders Engaged Today - Stocktwits",https://news.google.com/rss/articles/CBMixAFBVV95cUxQN211dUcwMUVCR21HY2FQVXdBSTZtVDczbWkybWRmYXVFOTc0TldHQ2NoaF9WZXZMNnhIV0t2QzNhTm1DVW1ybXFGVklIVTJGelAxRXZiTk02RW1nWE5XektEeDVRYnJwc1ZSU3gzTm5PTEFRSC1HYjFnUGVwZEhvMEZwVFVUdlBUaDBFN2ZQUUk4NU1XWDQ0RXlVQjB4NHVvOW5qZ3I1ZXVXQnk1enRrbWdXSnk2NkZFMlJKbnY1RE1GM2dM?oc=5,"Nasdaq, S&P 500 Futures Tick Up After Correction Week: Why MU, META, MP, RCAT, ANNA Are Keeping Traders Engaged Today Stocktwits","""(AI OR ""artificial intelligence"" OR Nvidia OR semiconductor OR technology) (selloff OR ""market fall"" OR ""stocks fall"" OR correction) when:1d"" - Google News"
2026-09-09T01:11:26+00:00,1,['India market'],The Economic Times,Franklin India Government Securities Long-term Plan Regular-Bonus Monthly - The Economic Times,https://news.google.com/rss/articles/CBMimwFBVV95cUxQYzdnRnB0Z2s0RGtiTDhBYXZWb2Q3VUtJS21EVldneFlLMVlnSFhlNDNtclB2RGNfMTZMWHZsM0RPMmRuQnU3OEtSTnhPVkxORTBPQzVxXzVXWjJDN3ZaQXN0eDhVNG9BRUtCWHY2MzFwZHo5amZTdEZyYkpNTGlPMnh6OVBfMFl4anBzUDVrQkJ4dU5xalZaMU01SQ?oc=5,Franklin India Government Securities Long-term Plan Regular-Bonus Monthly The Economic Times,"""(""mutual funds"" OR SIP OR AMFI OR FII OR FPI) (India OR equity OR market) when:1d"" - Google News"
2026-09-09T01:07:11+00:00,1,['India market'],The Economic Times,"India-listed US equity ETFs surge up to 19%, defying Wall Street - The Economic Times",https://news.google.com/rss/articles/CBMiywFBVV95cUxQWk9FZHNnMHpCd1BQSGlkQlBIZU44RHFwMXdYQjd3X2d2NGNwVWdoLVhVX3ZTWlZjUTRIOXk0bld1V3lKRHVuN2RNc3YzXzcybXdwbnRlWU5iNzNtdGlIVGZ4RnJJVWNpS2tULTFWNXpuU08yTHdiU09WcjBRUDJyVk52ZDMyMWVsOFVNeHZXRExpaVo3TFk4elR0eGRYelZ3UEpKVklvOHRnb1F6TjExekRwM2l0eXVyMjBieTFnMHpiR3YxMHlhc3hXc9IBywFBVV95cUxQWk9FZHNnMHpCd1BQSGlkQlBIZU44RHFwMXdYQjd3X2d2NGNwVWdoLVhVX3ZTWlZjUTRIOXk0bld1V3lKRHVuN2RNc3YzXzcybXdwbnRlWU5iNzNtdGlIVGZ4RnJJVWNpS2tULTFWNXpuU08yTHdiU09WcjBRUDJyVk52ZDMyMWVsOFVNeHZXRExpaVo3TFk4elR0eGRYelZ3UEpKVklvOHRnb1F6TjExekRwM2l0eXVyMjBieTFnMHpiR3YxMHlhc3hXcw?oc=5,"India-listed US equity ETFs surge up to 19%, defying Wall Street The Economic Times","""(""mutual funds"" OR SIP OR AMFI OR FII OR FPI) (India OR equity OR market) when:1d"" - Google News"
2026-09-09T00:51:17+00:00,1,['India market'],Livemint,Is a relief rally possible in Nifty as RSI nears oversold region? - Livemint,https://news.google.com/rss/articles/CBMizwFBVV95cUxOQmxJOFNKRmNfZlJRaDQtZnRrUzBBbkl6RjRXRzdwVElnUUxkZmZoNC1NZ1JZN2VDNGsxVTloV2VscXNRM09uNThQSWpYWHZfRU9oYTFpVWZ2akNOY2pHNkpiU0FwQy1XNmdhMFdDRlc2VWY5Y0JSZ3JxQjFLc1pzT1h5SlZBZldvZEFMRE90V092S3dfMVJFa21MWDhvUmY5R0czeUljOHV3b2M3d01YZkl3WG5DU21VeHR4LXJDc211RDlJUk9NZVFqYnFvQWPSAdQBQVVfeXFMUFpLTk5EY1loZlBnNE9XSHo1X3NHbEZYbzBidG9MbVRTLXFxSlZuc2NtNFdITExHQ2hzdjNUMnIzVVItbVlBRFluSmZBSV80eUxpUzdRc3k1NFZLbnBXMWdXUTV3clk2VmRsRUp3QmloQi11QXJ0cHRkZGRaeXJFd2Qta3ZLaDl6SE5adjR4RjgweDJ6NjVPQkVZRGRac0pZZjQ5WW52SUpla0ViTld5M0phV0VfUkFha0dIbGlvZUE0eFhoV0R5TFVDVjNpY1pDNUFvVGo?oc=5,Is a relief rally possible in Nifty as RSI nears oversold region? Livemint,"""(Nifty OR Sensex OR ""Indian shares"" OR midcap OR smallcap) (falls OR selloff OR correction OR ""risk off"") when:1d"" - Google News"
2026-09-09T00:43:37+00:00,1,['India market'],The Economic Times,PGIM India Ultra Short Term Fund - Regular Plan Fund info - The Economic Times,https://news.google.com/rss/articles/CBMipwFBVV95cUxNdmNtQURFUHVZdWZKSzJJRFVGVEp3VW0zNEMwTFZIcFV3UzF2STAtMGVuNXdDbFRBYVA0UzQxNV9vVlpNN3BNemwtOF9qd1JJTktGeExqZUtYOGdzRG9VVDJ2dy1pMl8xWE51WUVXTVgtdFNNTWQ3TWp0RTZpWTdubUZ1OHVQQnBZX3h4OHgwckZZOUx2eEhva0I1bFBqNEJMUHVkN0FwRQ?oc=5,PGIM India Ultra Short Term Fund - Regular Plan Fund info The Economic Times,"""(""mutual funds"" OR SIP OR AMFI OR FII OR FPI) (India OR equity OR market) when:1d"" - Google News"
2026-09-09T00:30:00+00:00,1,['India market'],The Economic Times,D-Street braces for weak opening on negative GIFT Nifty cues - The Economic Times,https://news.google.com/rss/articles/CBMizAFBVV95cUxQcnFXZlM3ZmFaQ0lsbW01a2hpNE9BeFVqckZNYkY3b054bm5MT3JlajhqNkNELS1CXzZQdjI4WVlQN29QYURDa3R0bVdtSGFkZTVid3YzbjhNYmNKZ0VURG1vMVRZYXZ3RlB3Mkc0LVYtTVc1M0dyRzJNQXV2T1RJdkFiSWc3LTc4YXpTdVlvaERQZmwtNkU0cjBrTDJKcjRxSFlKTk9kQWRVSFJ1UW4xSF9yNktMYWhqV1U0ZlItWHBxTUQwOGhCUkRKNEXSAdIBQVVfeXFMTzJaZzBJa1VjWE1YY3VBR1cwcWZQM0dzXzBROEVMTkNpNEV4WmgtYkxEU3E2eFFVcUpFTUxxTzh2b09LTHd0dEdnRlowUllEenF3VE1mSmo5dlVCRVpSTDNhQWVzckFCU0pyajZNX2VBNmloMnJsMmVJalNzRU1NLXVvNXQ1a2lUeGJtMzg2UEpjWUZCclBLSDluNXdfV3JfZTdHRTMxRGNtZmluUDV2bVJ5NmFRUldmX2xGZmVaZVdWRGN4M1hTVWNNNmJEbFVWeGFR?oc=5,D-Street braces for weak opening on negative GIFT Nifty cues The Economic Times,"""(Nifty OR Sensex OR ""Indian shares"" OR midcap OR smallcap) (falls OR selloff OR correction OR ""risk off"") when:1d"" - Google News"
2026-09-08T22:11:28+00:00,1,['AI / tech risk'],Bloomberg.com,"Asian Chip Stocks Set for Gains, Brent Nears $100: Markets Wrap - Bloomberg.com",https://news.google.com/rss/articles/CBMilAFBVV95cUxQcUpPZmR3LWhaVnhvUllFQWJDUGYtQkY2YkJOdW5YY2dnUUZZTXd5VWFIQ0VpQ1JJMG9mc1k4X2I4WjRYN0JHdzlpOTd4Zzllb1d4dElvUkJJU0VsUUFyNmF2bzd6RzFsOWZiY0FBQjNEQm1TbWl2cm1mRXVTX2hObDRIZ3p5WUV2QlhGNzlpaEozX0Iy?oc=5,"Asian Chip Stocks Set for Gains, Brent Nears $100: Markets Wrap Bloomberg.com","""(AI OR ""artificial intelligence"" OR Nvidia OR semiconductor OR technology) (selloff OR ""market fall"" OR ""stocks fall"" OR correction) when:1d"" - Google News"
2026-09-08T21:47:43+00:00,1,['India market'],The Economic Times,PGIM India Ultra Short Term Fund - Regular Plan Fund info - The Economic Times,https://news.google.com/rss/articles/CBMiqAFBVV95cUxQdmRlS1BEYk9hSEJ0dFJkYXNWZHlpVlhZTTJlT29JbUtXWHljQmNrdzhNQl96V2hwNFBESkhzYmtKOTJwSHE5MXJRVW1zWGZBMVJZYmZHWGhSVTkwODdKdDBlSzdTY2YxNWJkZ1BSSnBzOXBWX1N1VU9icTNKZWhTVm0tWlJKZk1Kak1GUHFKekJjekh4Um1yM0JCR3VvbTJNYnN0LThXbzY?oc=5,PGIM India Ultra Short Term Fund - Regular Plan Fund info The Economic Times,"""(""mutual funds"" OR SIP OR AMFI OR FII OR FPI) (India OR equity OR market) when:1d"" - Google News"
2026-09-08T20:49:13+00:00,1,['India market'],The Economic Times,"Invesco India Ultra Short to Short Term Fund Direct-IDCW Weekly (₹ 1,209.31) - NAV, Reviews & asset allocation - The Economic Times",https://news.google.com/rss/articles/CBMitgFBVV95cUxONDY0WmtYZVd3S1VJeXdvVTdETHZaVjNseTh3Sl9FbkUyV0J4LVMwYm1qdXozSzRfWFdGYXZ4NHVkbndBblJZWHpQTmNvMTRkS2VNYVhTTk5YbW04U2hYRGdlbDE4clIyUjNITjhHa2RERmFiZUhEQmF0X3VNWkpnOFJkSHBpcDdpcG1udnpZQ0gtcWRRMUswTDdZTUNUd3Z5MUJjVnVzVXl6aS1qeUVDSkE0ekd5QQ?oc=5,"Invesco India Ultra Short to Short Term Fund Direct-IDCW Weekly (₹ 1,209.31) - NAV, Reviews & asset allocation The Economic Times","""(""mutual funds"" OR SIP OR AMFI OR FII OR FPI) (India OR equity OR market) when:1d"" - Google News"
2026-09-08T20:27:53+00:00,1,['India market'],The Economic Times,"Nippon India Medium Term Fund-IDCW (₹ 14.45) - NAV, Reviews & asset allocation - The Economic Times",https://news.google.com/rss/articles/CBMikgFBVV95cUxNcjJUU21LUU1vcXh4SE5QM0FYQUdjYlpKMmNtQ0ZKQS1HejEwMUpab1p3Z1FsZU5hSDRacFJvbkFzYkFiRWhZWXB3WTJWcER0V3Z5MlFVZ284bEdsdHJfRzVLbVRMcDE1YU1MRXY3NUNTWjlaWWI3Zi1rcW1jMlluTVVqNWFOaHhLWkhocjVmcWxxQQ?oc=5,"Nippon India Medium Term Fund-IDCW (₹ 14.45) - NAV, Reviews & asset allocation The Economic Times","""(""mutual funds"" OR SIP OR AMFI OR FII OR FPI) (India OR equity OR market) when:1d"" - Google News"
2026-09-08T20:10:55+00:00,1,['India market'],The Economic Times,Franklin India Income Builder Regular Plan A-Monthly Bonus - The Economic Times,https://news.google.com/rss/articles/CBMipgFBVV95cUxPUWFFN2FFeXdjSFJxRmRCRWlaTE10UmdoanpiT2RlZko3bkNHbEVMbUlsWTZ5d18wLURTbXZQX2tPNEZOYzNtRVBaTGlYZHpQcnRxaXFjZWU3TUluZGM2OWV0aUVveTYyTkxVQk9yRjZzNjdSeTRIbWtWSUwwUHpDMnI2MnhEUDBtWFNRR3FYUEhndFYzRHg2bWxUZXA5MEJaMjI5cHhR?oc=5,Franklin India Income Builder Regular Plan A-Monthly Bonus The Economic Times,"""(""mutual funds"" OR SIP OR AMFI OR FII OR FPI) (India OR equity OR market) when:1d"" - Google News"
2026-09-08T20:10:50+00:00,1,['market selling'],TradingView,US Stocks Fall Amid Rising Energy Prices - TradingView,https://news.google.com/rss/articles/CBMilgFBVV95cUxQSXBKeFdzQTVCV1JtZ3pDR1puSXB0aTJwVGxvdHF4Y2VlenlxS2ZZam1hWEtCaTI2X005UDdRYkpZTG9JaVhNb2lzZWZIRVBFRjhmbFZxeTl3QzJvbFBlYWVES3lOemZWeHg5WUt4RTNJYzJGZXFMcG0yZll0OUttbml4T0F2cWdiSElnRUpkOVNhY2l5SXc?oc=5,US Stocks Fall Amid Rising Energy Prices TradingView,"""(AI OR ""artificial intelligence"" OR Nvidia OR semiconductor OR technology) (selloff OR ""market fall"" OR ""stocks fall"" OR correction) when:1d"" - Google News"
2026-09-08T19:55:01+00:00,1,['India market'],The Economic Times,PGIM India Ultra Short Term Fund - Regular Plan Returns - The Economic Times,https://news.google.com/rss/articles/CBMiowFBVV95cUxOXzVWcG1CNUNqQWFXTzlEazJ1ZTI4MjRDRnZzV0dVSnRMWHp5X0JUVjY1VGlzQTBYRVA4U2tDeTl5b1BRSlFsUGJrX0pWMWtzSmVDUUFTbmhqVnR0U3pjQlQybjhsakxBeGNWMVpzUGlqTGMwdFZEOV9VX1NLejlDTlE2Ym5iNmhFSE5hTTNHT3ROZnJBaTlaaHAzUW03UFVMeTUw?oc=5,PGIM India Ultra Short Term Fund - Regular Plan Returns The Economic Times,"""(""mutual funds"" OR SIP OR AMFI OR FII OR FPI) (India OR equity OR market) when:1d"" - Google News"
2026-09-08T19:34:31+00:00,1,['India market'],DD News,"Indian stock markets shed over 1% amid FII selling, weak global cues - DD News",https://news.google.com/rss/articles/CBMimwFBVV95cUxOQ0xENFBGZUdFS2ktWFpSckRxNng5M09tdEVGWEIzWEVHTzBuMjl3OHpPTTl0dHVwaG1tamtkRVE4eUNGM3RwQWctcTZmdG9FeEdjcUlmaEJ6T1cweWlYcmdPek9EcWhTS0FVUUxPZ3I4czZwejRiRnZhVUlsOURkb1VDUGpIUDBSZS0wdlh2aHZQR3JwZHRBc3Z0dw?oc=5,"Indian stock markets shed over 1% amid FII selling, weak global cues DD News","""(""mutual funds"" OR SIP OR AMFI OR FII OR FPI) (India OR equity OR market) when:1d"" - Google News"
2026-09-08T19:11:32+00:00,1,['India market'],The Economic Times,Franklin India Government Securities Long-term Plan Regular-Bonus Monthly - The Economic Times,https://news.google.com/rss/articles/CBMinAFBVV95cUxOR20ycmxIdFEySWZETk9aMWxhVkhJYXFvcFNVb2xyOXdmNVZkVnBKaW10QW5GdW9XSkRuWDg4TEsyYjBBeDRPYXhvUlZNZUw1eXdCY05FT0NjTjJYRXJhTG5UV3pxb2Q0QjFTZVlGTHluU3o1MUV3LU1Cak1mNWw2ckprVFV5c01obkgxdmRHUUtNcG5QWFNqVUdyT3M?oc=5,Franklin India Government Securities Long-term Plan Regular-Bonus Monthly The Economic Times,"""(""mutual funds"" OR SIP OR AMFI OR FII OR FPI) (India OR equity OR market) when:1d"" - Google News"
2026-09-08T19:04:00+00:00,1,['market selling'],DD News,"Indian stock markets fall amid IT rout, West Asia tensions this week - DD News",https://news.google.com/rss/articles/CBMimAFBVV95cUxQTXllZUlvTzZvUjduUy1scm9WSkhic2lsUllXLW1ydUR0QXlfNzVMNTBvbzQzZkI1cm1rZEktQnMyWEh4RnVMQmlwWXMtU0RROEpSVkZYc2JrbC1CRE04ell5b2hFdzBTWDR4enFoWHRwNXJBOEtkd0dOUlJNdEtGbG94SEVtaFhOblc0NWNLQnFxbnYxRVFucg?oc=5,"Indian stock markets fall amid IT rout, West Asia tensions this week DD News","""(""broader market"" OR midcap OR smallcap) (selling OR correction OR fall OR volatility) India when:1d"" - Google News"
2026-09-08T18:11:55+00:00,1,['India market'],The Economic Times,PGIM India Ultra Short Term Fund - Premium Plus Plan Returns - The Economic Times,https://news.google.com/rss/articles/CBMiqwFBVV95cUxOYXJwQ1E2UkxXNVhPU1pmVVo1ZzZNenlyQWxCQUNuSm5wZ09lYWI0bHd0ZkM0aHBhYXkwYzhmQ0J1SHBjWFpneHgweXlYT21QRDdpVE1VTHY1dGpKTTluWTYwUDZISld5Mk9saFZfSmhGOU0yVnZic21YX1hsQXE0ME04ekgxNGowOUdqU3ZNaUd3T3llRlY5Q1IxTGxJTHhIREptVTB0TVpiTHc?oc=5,PGIM India Ultra Short Term Fund - Premium Plus Plan Returns The Economic Times,"""(""mutual funds"" OR SIP OR AMFI OR FII OR FPI) (India OR equity OR market) when:1d"" - Google News"
2026-09-08T17:39:16+00:00,1,['India market'],The Economic Times,"Franklin India Ultra Short to Short Term Fund Direct-Growth (₹ 11.15) - NAV, Reviews & asset allocation - The Economic Times",https://news.google.com/rss/articles/CBMitwFBVV95cUxOOUhrajV6blRIY1JoS1hqR09rM093blB3MEFKdno3bFh4RGRvVGljNTVSbDJ3aXFwdUM3UzNCejRFcm5uRFYtbHJxWXlvVW9TRXJ1U0phNU42VUxFTUZRRjRzTDE3eDdqaktXTW5LVzFnbXUzTTAyMS03SGhZcm9VU185cVdkcVVXZVZmLUF3NlM4bUtzazhxeW9wTlVhVWNyRWVRYkQzSWZwNDZkYWs4em85Nmg1WTg?oc=5,"Franklin India Ultra Short to Short Term Fund Direct-Growth (₹ 11.15) - NAV, Reviews & asset allocation The Economic Times","""(""mutual funds"" OR SIP OR AMFI OR FII OR FPI) (India OR equity OR market) when:1d"" - Google News"
2026-09-08T17:30:41+00:00,1,['market selling'],IndexBox,U.S. Bond Selloff Pushes 10-Year Yield Toward 5%: Market Impact Analysis - News and Statistics - IndexBox,https://news.google.com/rss/articles/CBMimAFBVV95cUxPSTljT1ZwNE1zQm1XU0d3cU0zWWE0aFBUVFdxd1dNVmI3VmstUXpla052RnJfY1R1WVI4TW5QczdISGlRUTN5ZXgzc3pPdkx4TzF1QmhTRDh3c25PYVFoUmlhQ2V5Xzk0bkZkRG1GdG9oY2tiN3JOQ1pKUXZUWlNUVEVnVDFnWm1pLVJCb1BfamtnQktDckVybA?oc=5,U.S. Bond Selloff Pushes 10-Year Yield Toward 5%: Market Impact Analysis - News and Statistics IndexBox,"""(AI OR ""artificial intelligence"" OR Nvidia OR semiconductor OR technology) (selloff OR ""market fall"" OR ""stocks fall"" OR correction) when:1d"" - Google News"
2026-09-08T17:19:14+00:00,1,['India market'],The Eastern Herald,Nifty Metal Retreats September 3 as China PMI Weighs on Steel and Aluminium - The Eastern Herald,https://news.google.com/rss/articles/CBMihgFBVV95cUxNLTRldGhjTkUxSHNjcXJ4R3hRR2dvVXVvbnM5dS1TdzUxMzdlUFBxS1U5eXJkLXJpOE1OdXF6QjZibHlpTjFYUHJxcjd1d0l0V1c5ZzRWUUp0UVNhUFEzWkl0UTRncVNOLXR5SVNwSXlKaFh2NW1tUUpZSEtDZkZjeXR1TDVkUQ?oc=5,Nifty Metal Retreats September 3 as China PMI Weighs on Steel and Aluminium The Eastern Herald,"""(Nifty OR Sensex OR ""Indian shares"" OR midcap OR smallcap) (falls OR selloff OR correction OR ""risk off"") when:1d"" - Google News"
2026-09-08T17:18:08+00:00,1,['market selling'],Stocktwits,SPCE Stock Bucks Space Sector Selloff Ahead Of SpaceX IPO — Richard Branson's Virgin Galactic Torches $64M In Short Bets - Stocktwits,https://news.google.com/rss/articles/CBMivAFBVV95cUxQcG1pSlVKd3Z0S1lRbzNGZ1FvM1dnTVNNZzNTX3g0RzljZTI0ZXByYl9MZWRENklCWDY1OUVJdWlXNTdmeE9aZlgxMW9oSTFpQk9Wd28xcGxvWTdUeHVLa3A2X1d0d3dZaE5INElzUUxZMV9qcTJxdGNILXZZekN2T2NwbGVUMmU4akpzMjN5WmJHbDNldlFhUnFsb0ZTRzN6amdlaml1RG4yLVJuNGhQQlUycXZHempkY29adw?oc=5,SPCE Stock Bucks Space Sector Selloff Ahead Of SpaceX IPO — Richard Branson's Virgin Galactic Torches $64M In Short Bets Stocktwits,"""(AI OR ""artificial intelligence"" OR Nvidia OR semiconductor OR technology) (selloff OR ""market fall"" OR ""stocks fall"" OR correction) when:1d"" - Google News"
2026-09-08T17:09:00+00:00,1,['market selling'],Free Press Journal,UN Map Correction: There’s No Easy Way Out - Free Press Journal,https://news.google.com/rss/articles/CBMiiAFBVV95cUxNZEFNYkxscEc4NFpsTGNDdmQ3Q2JydVVnQ3E4Vk1oWUo5MVFOdmRnNk10MFFiQ2pGQ2FLLXB0TTNvXy13VTRqcUFWWnRueGlMNFNtRnVhYjRyREFheE9weUZrZ3owaGhacHZ6WjUzQ1VoT0NzbkZ1M0NnS09MY2oweXUwTEc3X1No0gGOAUFVX3lxTFBXY25oUksxU3VmZXFUdm4tRHRpN1dRWW1YQlNBWDRYNVhWQ1NOOHZLbXFwUVc3SlZhbHJJS2sybVQ3QlBVSDdjWWN6R2NTUTNpOXRST3NBOHZ6aUJBbnQ4TkotR1R6bjFJN0cxQnE2R281X3ZMQV9ZR0NhZ0ZPSmZodUNxUVB6cjVoNHNaZEE?oc=5,UN Map Correction: There’s No Easy Way Out Free Press Journal,"""(AI OR ""artificial intelligence"" OR Nvidia OR semiconductor OR technology) (selloff OR ""market fall"" OR ""stocks fall"" OR correction) when:1d"" - Google News"
2026-09-08T17:08:39+00:00,1,['market selling'],Corrections1,‘We were there’: The overlooked 9/11 role of NYC correction officers - Corrections1,https://news.google.com/rss/articles/CBMivgFBVV95cUxNUjhiblYxMDVVNko0eHEtWTRURE5FQWJBd0stekNTZEZGXzZMbkN4T1JqM3NVN3RFclhHbHdsRUREczNLajljN2NfODQ5M0VVelo2bUFsdUI1aVhrZ25sVG9DSDNLODRkUmRqMWlqMjdpV242RmxaWkt1eUJ6N3g5R1VpcnJlcDBXNmZwWlVPMnpVSm1wUHI3LUJtWHFYRjk1ejJoX0Z4VXBNZVlfNEs2SmtmWE1nNkl0U0xUTlpn?oc=5,‘We were there’: The overlooked 9/11 role of NYC correction officers Corrections1,"""(AI OR ""artificial intelligence"" OR Nvidia OR semiconductor OR technology) (selloff OR ""market fall"" OR ""stocks fall"" OR correction) when:1d"" - Google News"
2026-09-08T16:37:00+00:00,1,['India market'],India Infoline,Lead Futures Price | MCX Lead Futures expiring on 30-oct-2026 - India Infoline,https://news.google.com/rss/articles/CBMicEFVX3lxTE5aRE5qV3oxZWRVS0I3Y01MUG5TQ3Z4eUpfSVdEbVlic0xkNjZ5em1KUjVMM2lveGx0Rkp3WmpETFh3UjBGZm9wSGY1TThOSTZsTjI2ZllLVU1MUmwwRmpDT0hJSExiLWhxVEppeExvaDg?oc=5,Lead Futures Price | MCX Lead Futures expiring on 30-oct-2026 India Infoline,"""(Nifty OR Sensex OR ""Indian shares"" OR midcap OR smallcap) (falls OR selloff OR correction OR ""risk off"") when:1d"" - Google News"
2026-09-08T16:32:52+00:00,1,['India market'],The Economic Times,PGIM India Ultra Short Term Fund - Premium Plus Plan Fund info - The Economic Times,https://news.google.com/rss/articles/CBMirAFBVV95cUxPcU5YalJkVktEUVNsb3YxZjRXRXhZY3dEMkNJR1Y5aTEyaGRIRTlHeFNPRndKTjFtZUdTaHpBNVU3STRRRUVIeW9YWnQ1RnUxZ1lLTENVOHd4dmdEQkFCOHZ4ZEVhMTZhcHcxRzBQWmJmcGduR0FlSVlXS2NFUWlHdy1IX05QWFFBdXFDZk5NelFYU1ppamd5NENfNEhVZVFfelpNOHE5NUMxaC12?oc=5,PGIM India Ultra Short Term Fund - Premium Plus Plan Fund info The Economic Times,"""(""mutual funds"" OR SIP OR AMFI OR FII OR FPI) (India OR equity OR market) when:1d"" - Google News"
2026-09-08T16:30:38+00:00,1,['India market'],LinkedIn,"Top 10@10: Nifty at 3-month low, Biocon’s $1 billion insulin bet, GFF 2026 kicks off and more - LinkedIn",https://news.google.com/rss/articles/CBMingFBVV95cUxPX2NUMUVmN1ZpSy14NWo5T1lYbUUtV0I2bkFmV1lWRWVPSHN5eFBZamtBWTBCdUx0NndWTFVocGtQeFAzU3NrVy1fRUxUR0lfbEV4Y1FybnFYR1dMVi01UE5XenUtTWZqRV94YlJjRmdSTmJJNmt6Tzhmc1JWaS1Yc1ZTRG1LZDNvbXQtS084c0lQZjdXWWN1bWFJeldPQQ?oc=5,"Top 10@10: Nifty at 3-month low, Biocon’s $1 billion insulin bet, GFF 2026 kicks off and more LinkedIn","""(Nifty OR Sensex OR ""Indian shares"" OR midcap OR smallcap) (falls OR selloff OR correction OR ""risk off"") when:1d"" - Google News"
2026-09-08T15:52:00+00:00,1,['AI / tech risk'],24/7 Wall St.,"Corning Landed Amazon, Nvidia, and Now Verizon, So Why Did Its Stock Crash 46% in July? - 24/7 Wall St.",https://news.google.com/rss/articles/CBMixAFBVV95cUxQeEpoeHhUVXlXUUZCY1VSRWZNU0xzTjZRSVpHS2xuOWJQSUR6M2dxYWczSkxtVE5OY3FJSFRiS2xKaHBJVU1GeGppYlRmS2MweWpzS2JXTHFadmlPYmQ2TGNReF9NR1ljMWJPUEQyRTFfSzIwN29XbV9kdHNSWGtKb3E3NjM1dThFcnROVmRsQVg3XzlRTEd2SzdUYVFHazJQenJ0ZG91cXVmelNESmZoNjRZanhZQmt2QVNMOGdoeXlsUjZ6?oc=5,"Corning Landed Amazon, Nvidia, and Now Verizon, So Why Did Its Stock Crash 46% in July? 24/7 Wall St.","""(AI OR ""artificial intelligence"" OR Nvidia OR semiconductor OR technology) (selloff OR ""market fall"" OR ""stocks fall"" OR correction) when:1d"" - Google News"
2026-09-08T15:40:00+00:00,1,['market selling'],indiagazette.com,Wall Street ends sharply lower Tuesday in broad selloff - indiagazette.com,https://news.google.com/rss/articles/CBMioAFBVV95cUxObXk4TE4xUWpmeHFRSnNRcjFTQXVzc0VyUXJkQzlMR3VhQ0ZPNE5HTUdFbmwxdjhZR2hzMzd6WFI1WUluTk9ZNGhsQktFVlBWWUhPM0VnbW1VNG4xUFQwdDdUcktXZlFmSWIwMFZ4OXFwVVAwZExyOWlwRHc0UFZ4UF9lbGFyMm4xWmdtNm9fOHZlbENlSHpxc2tYOWRlSkNr?oc=5,Wall Street ends sharply lower Tuesday in broad selloff indiagazette.com,"""(AI OR ""artificial intelligence"" OR Nvidia OR semiconductor OR technology) (selloff OR ""market fall"" OR ""stocks fall"" OR correction) when:1d"" - Google News"
2026-09-08T15:26:06+00:00,1,['macro / flows'],The Statesman,"Stock markets extend losing streak; selling seen in IT, oil and gas - The Statesman",https://news.google.com/rss/articles/CBMiwAFBVV95cUxQV0R0N1NqWjJVVnhxMzZXZndraVJFUnQ4WlZuY0t6VGFxWS11Y3VGZzRjSkwwUHF0UFo4MDNTUVZvXzVITF9QcEZqMVdIOFBreFd3ckNIQ2JMNW9SRHhaVk55MDJZb01rbWg2bjRzMnpCRDNVRlZ1WWZDUFhoMlA2bDVHRVBzSXk2aHZmbnlYcmlHVjU2eGg1RUhGYjJXNzBfVV9PU2JRT3lnRjV5QXlLYmt5U19aa0luUkdsdXd2T3TSAcABQVVfeXFMUFdEdDdTaloyVVZ4cTM2V2Z3a2lSRVJ0OFpWbmNLelRhcVktdWN1Rmc0Y0pMMFBxdFBaODAzU1FWb181SExfUHBGajFXSDhQa3hXd3JDSENiTDVvUkR4WlZOeTAyWW9Na21oNm40czJ6QkQzVUZWdVlmQ1BYaDJQNmw1R0VQc0l5Nmh2Zm55WHJpR1Y1NnhoNUVIRmIyVzcwX1VfT1NiUU95Z0Y1eUF5S2JreVNfWmtJblJHbHV3dk90?oc=5,"Stock markets extend losing streak; selling seen in IT, oil and gas The Statesman","""(""broader market"" OR midcap OR smallcap) (selling OR correction OR fall OR volatility) India when:1d"" - Google News"
2026-09-08T15:07:11+00:00,1,['AI / tech risk'],TradingKey,NVIDIA (NVDA) at $205: Why Jensen Huang’s $1 Trillion Blackwell-Rubin Vision Matters More Than the Pullback - TradingKey,https://news.google.com/rss/articles/CBMiwAFBVV95cUxOQ0l0Z1U0RWwtZmFTdVlhZngtdU5OejFYU05Kd0lCejVFWlpWN2hrWElyUjFEWU1MdVhWVGNXUnFBU3VRTE9fUFNpSm5nVURIczhsa3dmWV8tazdtcnhGQ29jM01sMU9UclkzbkV1U09uQVhLeUU4UVd5bHpzZXJRYW02S3F3ODIzSzRCU1FrNUJsTHdBNC1sdW12aUZ1VVQwakwzdF83dVp3cko4MEhsREphaHNGTEhHbGNMSHZKa0g?oc=5,NVIDIA (NVDA) at $205: Why Jensen Huang’s $1 Trillion Blackwell-Rubin Vision Matters More Than the Pullback TradingKey,"""(AI OR ""artificial intelligence"" OR Nvidia OR semiconductor OR technology) (selloff OR ""market fall"" OR ""stocks fall"" OR correction) when:1d"" - Google News"
2026-09-08T15:00:00+00:00,1,['AI / tech risk'],FinancialContent,MineLink AI Launches AI-Powered MSHA Compliance Platform for U.S. Mines - FinancialContent,https://news.google.com/rss/articles/CBMiyAFBVV95cUxOeVREUEFGWG9EVUJ3Q05KaDVjZlNDaFduRUFfaG1XOUc5UXJBZGpNenRFRVpYR2xTYWhRQkQ3TFNJWlVwOWhYMVZEOGVoX2Fzc0tRcEtxWGVjY0llRFljUF85SE1zYTRSV2wtNWlfVkFaRExBaGRRcE01OE11UHZJbDJvS3MwOEppZi0xUXVBeE0zRXNJbDFmbmdYZ1Y3dU1wT3lLVHJxcXBMQjU2Q3p3LVdHNld1bE9vYnlLSTN6eVFQR2hudWNNWg?oc=5,MineLink AI Launches AI-Powered MSHA Compliance Platform for U.S. Mines FinancialContent,"""(AI OR ""artificial intelligence"" OR Nvidia OR semiconductor OR technology) (selloff OR ""market fall"" OR ""stocks fall"" OR correction) when:1d"" - Google News"
2026-09-08T14:51:35+00:00,1,['market selling'],Business Standard,IDBI Bank shares fall 10.6% as Fairfax deal price weighs on investors - Business Standard,https://news.google.com/rss/articles/CBMi1gFBVV95cUxPMEwyRXdzQ3lremJORjd1OWRrTTZWSVMtWEdOWFhKNmltSURYV0JKT2tDOWVibTFaWVpWbnRuLVBKOWg1Q0ljajlBVWVmczdmWUNkX2llRWpvZ2tGS0xKdTd4MnpDWmNQak0tNzBVSks3Q3JxNG5jTVZCYU1KbVU3cW5SZ2FOeU9qNUdTbFl6RjhiSW16UWVHQ0hUQnExSGUzUG03T0pTbWtDeWNwWHhybUo5MXMwTGtUOV91MnV2VnAyTDFhY2lCQ29XUnhWdVMwQm9QQTFn0gHWAUFVX3lxTE8wTDJFd3NDeWt6Yk5GN3U5ZGtNNlZJUy1YR05YWEo2aW1JRFhXQkpPa0M5ZWJtMVpZWlZudG4tUEo5aDVDSWNqOUFVZWZzN2ZZQ2RfaWVFam9na0ZLTEp1N3gyekNaY1BqTS03MFVKSzdDcnE0bmNNVkJhTUptVTdxblJnYU55T2o1R1NsWXpGOGJJbXpRZUdDSFRCcTFIZTNQbTdPSlNta0N5Y3BYeHJtSjkxczBMa1Q5X3UydXZWcDJMMWFjaUJDb1dSeFZ1UzBCb1BBMWc?oc=5,IDBI Bank shares fall 10.6% as Fairfax deal price weighs on investors Business Standard,"""(""broader market"" OR midcap OR smallcap) (selling OR correction OR fall OR volatility) India when:1d"" - Google News"
2026-09-08T14:22:55+00:00,1,['market selling'],Bloomberg.com,UK Pays Most Since 1998 to Borrow After Gilt Selloff - Bloomberg.com,https://news.google.com/rss/articles/CBMiswFBVV95cUxOa0F0S3A2cTJNTmE1NWxKR09kNDdjT3AxMy1kNDNYdlBONGxJYV9CX3VkNm5iNXJpb3otR1BuTVh4UzRFUUd0Mjlhd1JObVF2aVZISFA5STB1V09VazFneG1ORW1SRFg1eHdXa2w3QVF2RjU2bG9JSDFhRXJTV1puUU9hcm9pRHdSZmZxUHlwY3pDcWoyQno1WmVPREpwdXFZWDFyMnhlQ1NBSWt5MFptTkJqaw?oc=5,UK Pays Most Since 1998 to Borrow After Gilt Selloff Bloomberg.com,"""(AI OR ""artificial intelligence"" OR Nvidia OR semiconductor OR technology) (selloff OR ""market fall"" OR ""stocks fall"" OR correction) when:1d"" - Google News"
2026-09-08T14:18:30+00:00,1,['market selling'],Blockonomi,UiPath (PATH) Stock Rebounds as Citi Analyst Spots Buying Opportunity Post-Selloff - Blockonomi,https://news.google.com/rss/articles/CBMipwFBVV95cUxOMDBHTW5DXzA3dmNGSFEtWXA3dk54LTdwSFRjZXlFeFJ4Skl5b053eDRQVGVELWVhUG56YWlZUXFCRU1NSzVlaXp1LWN0dDFFSkhOSUQwaUJpdmlHRDlPOUVyNzlOR3dWMFlmczN3cXdYS2h2WmU2Z1RDNm5EX0cxR3BhMzdaTjQwNDJFLWtwbmlLUDRURE5LVFFNdDRYZW9iRi02WWsyRQ?oc=5,UiPath (PATH) Stock Rebounds as Citi Analyst Spots Buying Opportunity Post-Selloff Blockonomi,"""(AI OR ""artificial intelligence"" OR Nvidia OR semiconductor OR technology) (selloff OR ""market fall"" OR ""stocks fall"" OR correction) when:1d"" - Google News"
2026-09-08T13:58:41+00:00,1,['India market'],The Economic Times,Franklin India Corporate Bond Fund - Direct Plan Fund info - The Economic Times,https://news.google.com/rss/articles/CBMiqgFBVV95cUxNNjF4YVp3NjR6OHNxcFpkVnJOZTBmd0FBYnNnMjFKUzhNTDFvdXplRDIxQ3NyVWhHQkw4b29VbU9LREJRQk9yWi1vdXJVR25GZ1hDSE45ekJsSWpvRk5BajNkQzNQNDZ0UWE2WXBvTUZiYktnUC1UeFBKTFZBOE5HejVDeGQ5dlRvc0ZYTkxLTDFhTEZmSVZIMENTRTB3MkNGcEdEWWwzVVNMUQ?oc=5,Franklin India Corporate Bond Fund - Direct Plan Fund info The Economic Times,"""(""mutual funds"" OR SIP OR AMFI OR FII OR FPI) (India OR equity OR market) when:1d"" - Google News"
2026-09-08T13:54:38+00:00,1,['India market'],Upstox,"Top 5 midcap funds in September 2026 by CAGR, rank and AUM; how they stack up on risk ratios - Upstox",https://news.google.com/rss/articles/CBMi8gFBVV95cUxOY0xVMFRJdmluNXJ5S0hQR29UVjF2QjFBVmpzeDNjNEtVUHdWczBYdk1hN2xmeTBqVnNzSEhqaE91Zk1DNU9XN3NlNktMNks2ME40OURKcWJvRlRWanl0aS14aThLZWdUX05xQWZpbkxZQmtYdExTOEhoLXBsYXlNSHRQcGNlWlNUN0s1Sk56Y3JqUUd5TFpjZEZzWkxSVUxhSlFVbGh4dzFwb2ZIMklCSWowbmxBVXRfUkZaUHhKcHlfanZtTlB4eU1KV2JVN0RIZ3BMdF9QVGM0aEJoMXh6S1d6NHVXVXF2SVlPa3M2ZVJfQQ?oc=5,"Top 5 midcap funds in September 2026 by CAGR, rank and AUM; how they stack up on risk ratios Upstox","""(""broader market"" OR midcap OR smallcap) (selling OR correction OR fall OR volatility) India when:1d"" - Google News"
2026-09-08T13:35:00+00:00,1,['India market'],India Infoline,Silver Futures Price | MCX Silver Futures expiring on 05-mar-2027 - India Infoline,https://news.google.com/rss/articles/CBMic0FVX3lxTE5UejQ3RHhfNlNyZTM0Vm5neWZIT1dUdUlNby1EWmlva2UycU5FZW9mbkRHT3gwZEZETEhrbFFQaE5JTC1FNk9rVGFqQUFGbXhlVFRqWmdLV3FOcGhITEZQV3pKNVphSGp2WE9nNi1BSlA5cVE?oc=5,Silver Futures Price | MCX Silver Futures expiring on 05-mar-2027 India Infoline,"""(Nifty OR Sensex OR ""Indian shares"" OR midcap OR smallcap) (falls OR selloff OR correction OR ""risk off"") when:1d"" - Google News"
2026-09-08T13:22:10+00:00,1,['India market'],The Economic Times,"Franklin India Corporate Bond Fund Regular Plan A-IDCW (₹ 17.05) - NAV, Reviews & asset allocation - The Economic Times",https://news.google.com/rss/articles/CBMipwFBVV95cUxQd3hTZDJtdmwyQUplWUpObE42eTNtWEZ1MHplVGl3WGlab0FCZ3UyOG1GNFlfdGVQcE94anVPeFF3U0pXc1FSb2pIZjFnRGsycTZyOUlrem50ZXRDMXJCUXJUdjB1blIzbFlsalNoM1ZJb0llaHl3aHdGazFLalFkYnItZ2NoLW5BanFCaFlsa3dqdV82Y0Zqbkc4bU5wVUhiY1E2WjlqVQ?oc=5,"Franklin India Corporate Bond Fund Regular Plan A-IDCW (₹ 17.05) - NAV, Reviews & asset allocation The Economic Times","""(""mutual funds"" OR SIP OR AMFI OR FII OR FPI) (India OR equity OR market) when:1d"" - Google News"
