symbol,name,ticker,sector,downloaded,download_note,source_index,benchmark_ticker,last_date,last,return_1d_pct,return_5d_pct,return_20d_pct,volume,avg_volume_20,volume_ratio_20d,turnover_proxy,rsi_14,rsi_5d_ago,above_sma_10,above_sma_20,above_sma_50,above_sma_100,above_sma_200,distance_sma_20_pct,distance_sma_50_pct,ma200_roc20_pct,supertrend_bullish,new_high20,within_3pct_ath,at_ath,rs_acceleration_pct,rs_ratio,rs_ratio_sma_50,rs_distance_sma_50_pct,rs_return_20d_pct,rs_above_50dma,trend_raw,breakout_raw,volume_raw,setup_score,setup_quality,primary_setup,setup_tags,setup_pivot_level,setup_breakout_date,setup_volume_ratio,setup_retest_gap_pct,setup_flag_depth_pct,setup_impulse_return_pct,setup_neckline_level,setup_commentary,rotation_signal,rotation_score
CHENNPETRO,Chennai Petroleum Corporation Ltd.,CHENNPETRO.NS,Oil Gas & Consumable Fuels,True,,NIFTY 500,^CRSLDX,2026-10-08,1531.0,-5.04,13.71,-5.87,6075729.0,2881759.0,2.11,9301941099.0,58.82,42.09,True,True,True,True,True,6.57,8.89,5.22,False,False,False,False,-3.58,0.07082667,0.06029625,17.46,14.67,True,1.0,0.0,2.11,5.1,Actionable watch,Breakout retest,"breakout, retest, pivot, volume",1496.0,2026-10-07,9.17,1.68,,,,Prior resistance has been cleared on higher volume and price is back near that pivot. This is the kind of retest zone where follow-through can matter more than chasing a stretched candle.,Strengthening with volume,7.9
PNBHOUSING,PNB Housing Finance Ltd.,PNBHOUSING.NS,Financial Services,True,,NIFTY 500,^CRSLDX,2026-10-08,1150.0,1.68,5.31,-2.46,1912599.0,1081368.0,1.77,2199488850.0,56.07,41.86,True,True,True,True,True,2.48,0.94,2.02,False,False,True,False,-1.25,0.05320096,0.04912241,8.3,4.22,True,1.0,0.5,1.77,5.1,Actionable watch,Breakout retest,"breakout, retest, pivot, volume, inverse-head-and-shoulders, base, reversal",1089.02,2026-07-07,2.6,3.87,,,,Prior resistance has been cleared on higher volume and price is back near that pivot. This is the kind of retest zone where follow-through can matter more than chasing a stretched candle. Secondary patterns: Possible inverse H&S.,Strengthening with volume,7.54
ENGINERSIN,Engineers India Ltd.,ENGINERSIN.NS,Construction,True,,NIFTY 500,^CRSLDX,2026-10-08,289.0,-6.26,-7.59,6.23,14479246.0,7179610.0,2.02,4184502094.0,49.3,69.67,False,False,True,True,True,-1.62,7.61,4.34,False,False,False,False,-2.82,0.01336963,0.01151052,16.15,11.75,True,1.0,0.0,2.02,5.1,Actionable watch,Breakout retest,"breakout, retest, pivot, volume, flag, continuation, uptrend",265.53,2026-09-01,18.69,4.6,,,,Prior resistance has been cleared on higher volume and price is back near that pivot. This is the kind of retest zone where follow-through can matter more than chasing a stretched candle. Secondary patterns: Bullish flag.,Strengthening with volume,7.2
ABDL,Allied Blenders and Distillers Ltd.,ABDL.NS,Fast Moving Consumer Goods,True,,NIFTY 500,^CRSLDX,2026-10-08,693.45,-0.12,2.06,13.41,845151.0,1266882.0,0.67,586069960.95,57.7,56.85,False,True,True,True,True,2.36,8.79,1.11,False,False,False,False,25.33,0.03208018,0.0276252,16.13,23.81,True,1.0,0.0,0.67,5.1,Actionable watch,Breakout retest,"breakout, retest, pivot, volume, flag, continuation, uptrend, inverse-head-and-shoulders, base, reversal",647.38,2026-09-23,5.81,5.17,,,,"Prior resistance has been cleared on higher volume and price is back near that pivot. This is the kind of retest zone where follow-through can matter more than chasing a stretched candle. Secondary patterns: Bullish flag, Possible inverse H&S.",Strengthening,7.1
GESHIP,Great Eastern Shipping Co. Ltd.,GESHIP.NS,Services,True,,NIFTY 500,^CRSLDX,2026-10-08,1529.7,-2.44,-0.06,9.25,808062.0,949839.0,0.85,1236092441.4,59.99,67.74,False,True,True,True,True,2.82,9.41,2.85,False,False,False,False,12.86,0.07076653,0.06046748,17.03,19.03,True,1.0,0.0,0.85,5.1,Actionable watch,Breakout retest,"breakout, retest, pivot, volume, inverse-head-and-shoulders, base, reversal",1478.92,2026-09-28,3.87,3.32,,,,Prior resistance has been cleared on higher volume and price is back near that pivot. This is the kind of retest zone where follow-through can matter more than chasing a stretched candle. Secondary patterns: Possible inverse H&S.,Strengthening,7.1
MEESHO,Meesho Ltd.,MEESHO.NS,Consumer Services,True,,NIFTY 500,^CRSLDX,2026-10-08,232.19,-1.83,6.17,6.55,14862375.0,26086952.0,0.57,3450894851.25,58.73,52.06,True,True,True,True,True,3.99,10.68,,False,False,False,False,5.96,0.01074151,0.00901092,19.21,18.28,True,0.6666666666666666,0.0,0.57,5.1,Actionable watch,Breakout retest,"breakout, retest, pivot, volume, flag, continuation, uptrend, inverse-head-and-shoulders, base, reversal",224.62,2026-09-22,5.41,2.13,,,,"Prior resistance has been cleared on higher volume and price is back near that pivot. This is the kind of retest zone where follow-through can matter more than chasing a stretched candle. Secondary patterns: Bullish flag, Possible inverse H&S.",Strengthening,7.1
CARBORUNIV,Carborundum Universal Ltd.,CARBORUNIV.NS,Capital Goods,True,,NIFTY 500,^CRSLDX,2026-10-08,1209.4,-3.76,-2.44,10.93,172823.0,659823.0,0.26,209012136.2,52.7,59.92,False,True,True,True,True,1.4,5.73,3.54,False,False,False,False,16.37,0.05594891,0.04945172,13.14,17.35,True,1.0,0.0,0.26,5.1,Actionable watch,Breakout retest,"breakout, retest, pivot, volume, flag, continuation, uptrend",1189.8,2026-09-22,2.71,1.28,,,,Prior resistance has been cleared on higher volume and price is back near that pivot. This is the kind of retest zone where follow-through can matter more than chasing a stretched candle. Secondary patterns: Bullish flag.,Strengthening,7.1
PWL,Physicswallah Ltd.,PWL.NS,Consumer Services,True,,NIFTY 500,^CRSLDX,2026-10-08,140.48,0.65,16.9,10.85,15456696.0,14174084.0,1.09,2171356654.08,62.71,39.91,True,True,True,True,True,6.86,11.06,-0.18,False,True,False,False,11.79,0.00649884,0.00547381,18.73,16.06,True,0.6666666666666666,0.5,1.09,4.93,Actionable watch,Breakout retest,"breakout, retest, pivot, volume, inverse-head-and-shoulders, base, reversal",131.38,2026-09-11,2.06,3.78,,,,Prior resistance has been cleared on higher volume and price is back near that pivot. This is the kind of retest zone where follow-through can matter more than chasing a stretched candle. Secondary patterns: Possible inverse H&S.,Strengthening,7.1
THELEELA,Leela Palaces Hotels & Resorts Ltd.,THELEELA.NS,Consumer Services,True,,NIFTY 500,^CRSLDX,2026-10-08,586.95,-2.57,3.16,5.92,253791.0,378817.0,0.67,148962627.45,61.91,60.18,True,True,True,True,True,6.3,8.54,3.12,False,False,True,False,5.77,0.02715331,0.02325692,16.75,15.69,True,1.0,0.5,0.67,4.76,Actionable watch,Breakout retest,"breakout, retest, pivot, volume, inverse-head-and-shoulders, base, reversal",579.42,2026-10-07,1.72,0.8,,,,Prior resistance has been cleared on higher volume and price is back near that pivot. This is the kind of retest zone where follow-through can matter more than chasing a stretched candle. Secondary patterns: Possible inverse H&S.,Strengthening,7.1
WELSPUNLIV,Welspun Living Ltd.,WELSPUNLIV.NS,Textiles,True,,NIFTY 500,^CRSLDX,2026-10-08,225.07,-4.57,-5.9,6.92,2311267.0,6104321.0,0.38,520196863.69,56.31,80.11,False,True,True,True,True,1.32,13.5,6.12,False,False,False,False,-18.52,0.01041212,0.0084717,22.9,13.76,True,1.0,0.0,0.38,4.08,Actionable watch,High-tight flag,"flag, continuation, uptrend, high-tight, inverse-head-and-shoulders, base, reversal",239.17,2026-10-01,1.4,,7.18,54.67,,Price has made a sharp impulse move and is now consolidating near the highs. A controlled pullback with quieter volume keeps the continuation setup alive. Secondary patterns: Possible inverse H&S.,Strengthening,7.1
CASTROLIND,Castrol India Ltd.,CASTROLIND.NS,Oil Gas & Consumable Fuels,True,,NIFTY 500,^CRSLDX,2026-10-08,196.08,-0.54,-1.49,4.26,2531668.0,3658739.0,0.69,496409461.44,53.24,63.01,False,True,True,True,True,0.22,2.65,0.46,False,False,False,False,10.94,0.009071,0.00826153,9.8,11.13,True,1.0,0.0,0.69,5.1,Actionable watch,Breakout retest,"breakout, retest, pivot, volume, inverse-head-and-shoulders, base, reversal",188.65,2026-09-17,2.94,3.0,,,,Prior resistance has been cleared on higher volume and price is back near that pivot. This is the kind of retest zone where follow-through can matter more than chasing a stretched candle. Secondary patterns: Possible inverse H&S.,Strengthening,7.1
GLAND,Gland Pharma Ltd.,GLAND.NS,Healthcare,True,,NIFTY 500,^CRSLDX,2026-10-08,3079.1,-2.27,7.12,4.49,495007.0,447731.0,1.11,1524176053.7,61.79,48.8,True,True,True,True,True,4.91,7.32,6.05,False,False,True,False,-3.44,0.14244442,0.12334169,15.49,10.9,True,1.0,0.5,1.11,5.1,Actionable watch,Breakout retest,"breakout, retest, pivot, volume, inverse-head-and-shoulders, base, reversal",3028.45,2026-10-07,2.96,0.7,,,,Prior resistance has been cleared on higher volume and price is back near that pivot. This is the kind of retest zone where follow-through can matter more than chasing a stretched candle. Secondary patterns: Possible inverse H&S.,Strengthening,7.1
BHEL,Bharat Heavy Electricals Ltd.,BHEL.NS,Capital Goods,True,,NIFTY 500,^CRSLDX,2026-10-08,429.6,-4.21,2.04,0.02,12838774.0,8875779.0,1.45,5515537310.4,51.77,49.72,True,True,True,True,True,0.93,1.68,4.33,False,False,False,False,3.54,0.01987403,0.01826372,8.82,9.2,True,1.0,0.0,1.45,4.01,Actionable watch,Breakout retest,"breakout, retest, pivot, volume",422.26,2026-08-17,1.81,1.7,,,,Prior resistance has been cleared on higher volume and price is back near that pivot. This is the kind of retest zone where follow-through can matter more than chasing a stretched candle.,Strengthening,7.1
APARINDS,Apar Industries Ltd.,APARINDS.NS,Capital Goods,True,,NIFTY 500,^CRSLDX,2026-10-08,17816.0,-1.89,0.95,2.73,99697.0,138134.0,0.72,1776201752.0,52.41,51.95,True,True,True,True,True,0.16,3.4,7.52,False,False,False,False,-2.86,0.82419857,0.73779668,11.71,7.66,True,1.0,0.0,0.72,4.6,Actionable watch,Breakout retest,"breakout, retest, pivot, volume, flag, continuation, uptrend",18224.0,2026-09-18,2.21,2.24,,,,Prior resistance has been cleared on higher volume and price is back near that pivot. This is the kind of retest zone where follow-through can matter more than chasing a stretched candle. Secondary patterns: Bullish flag.,Strengthening,7.1
PETRONET,Petronet LNG Ltd.,PETRONET.NS,Oil Gas & Consumable Fuels,True,,NIFTY 500,^CRSLDX,2026-10-08,288.5,-2.86,1.05,-0.07,2877618.0,1973581.0,1.46,830192793.0,50.56,49.03,False,True,True,True,True,0.42,0.55,0.44,False,False,False,False,-0.32,0.0133465,0.01241136,7.53,6.22,True,1.0,0.0,1.46,3.98,Actionable watch,Breakout retest,"breakout, retest, pivot, volume, inverse-head-and-shoulders, base, reversal",286.26,2026-10-05,1.76,0.61,,,,Prior resistance has been cleared on higher volume and price is back near that pivot. This is the kind of retest zone where follow-through can matter more than chasing a stretched candle. Secondary patterns: Possible inverse H&S.,Strengthening,7.09
RRKABEL,R R Kabel Ltd.,RRKABEL.NS,Capital Goods,True,,NIFTY 500,^CRSLDX,2026-10-08,2696.4,-0.96,7.08,10.64,281306.0,349480.0,0.8,758513498.4,59.5,49.01,True,True,True,True,True,7.25,2.05,5.7,False,False,False,False,32.22,0.12474007,0.11469605,8.76,21.0,True,1.0,0.0,0.8,3.4,Actionable watch,Possible inverse H&S,"inverse-head-and-shoulders, base, reversal",1549.1,,,74.06,,,1549.1,A possible inverse head-and-shoulders base is visible. The setup improves only if price clears or holds near the neckline with better volume.,Strengthening,6.89
AEGISLOG,Aegis Logistics Ltd.,AEGISLOG.NS,Oil Gas & Consumable Fuels,True,,NIFTY 500,^CRSLDX,2026-10-08,1382.3,-5.33,-1.34,5.71,880592.0,1032118.0,0.85,1217242321.6,51.77,55.56,True,True,True,True,True,0.1,3.11,7.4,False,False,False,False,21.73,0.06394756,0.0578657,10.51,18.11,True,1.0,0.0,0.85,3.4,Actionable watch,Possible inverse H&S,"inverse-head-and-shoulders, base, reversal, flag, continuation, uptrend",761.75,,,81.46,,,761.75,A possible inverse head-and-shoulders base is visible. The setup improves only if price clears or holds near the neckline with better volume. Secondary patterns: Bullish flag.,Strengthening,6.89
AIIL,Authum Investment & Infrastructure Ltd.,AIIL.NS,Financial Services,True,,NIFTY 500,^CRSLDX,2026-10-08,550.1,0.08,2.0,7.38,115992.0,775354.0,0.15,63807199.2,52.38,48.28,True,True,True,True,True,0.66,0.26,-0.27,False,False,False,False,24.36,0.02544857,0.0237993,6.93,14.44,True,0.6666666666666666,0.0,0.15,3.4,Actionable watch,Possible inverse H&S,"inverse-head-and-shoulders, base, reversal",521.12,,,5.56,,,521.12,A possible inverse head-and-shoulders base is visible. The setup improves only if price clears or holds near the neckline with better volume.,Strengthening,6.89
LAURUSLABS,Laurus Labs Ltd.,LAURUSLABS.NS,Healthcare,True,,NIFTY 500,^CRSLDX,2026-10-08,1997.9,-2.67,0.7,2.72,1394208.0,1764093.0,0.79,2785488163.2,55.78,58.38,False,True,True,True,True,0.46,4.61,7.28,False,False,True,False,10.25,0.09242626,0.08232365,12.27,14.04,True,1.0,0.5,0.79,3.4,Actionable watch,Possible inverse H&S,"inverse-head-and-shoulders, base, reversal",1124.2,,,77.72,,,1124.2,A possible inverse head-and-shoulders base is visible. The setup improves only if price clears or holds near the neckline with better volume.,Strengthening,6.89
HFCL,HFCL Ltd.,HFCL.NS,Telecommunication,True,,NIFTY 500,^CRSLDX,2026-10-08,258.31,-5.0,8.37,10.71,6335883.0,8060061.0,0.79,1636621937.73,62.5,58.93,True,True,True,True,True,13.01,13.62,12.35,False,False,False,False,-3.13,0.01194986,0.00974588,22.61,13.87,True,1.0,0.0,0.79,3.4,Actionable watch,Possible inverse H&S,"inverse-head-and-shoulders, base, reversal",243.1,,,6.26,,,243.1,A possible inverse head-and-shoulders base is visible. The setup improves only if price clears or holds near the neckline with better volume.,Strengthening,6.89
LGEINDIA,LG Electronics India Ltd.,LGEINDIA.NS,Consumer Durables,True,,NIFTY 500,^CRSLDX,2026-10-08,1723.0,-3.22,0.07,4.42,388141.0,695662.0,0.56,668766943.0,54.56,60.88,False,True,True,True,True,1.39,3.89,0.96,False,False,False,False,3.55,0.07970892,0.0714994,11.48,12.01,True,1.0,0.0,0.56,3.4,Actionable watch,Possible inverse H&S,"inverse-head-and-shoulders, base, reversal",1636.55,,,5.28,,,1636.55,A possible inverse head-and-shoulders base is visible. The setup improves only if price clears or holds near the neckline with better volume.,Strengthening,6.89
PTCIL,PTC Industries Ltd.,PTCIL.NS,Capital Goods,True,,NIFTY 500,^CRSLDX,2026-10-08,24470.0,-0.87,11.1,9.31,31950.0,28109.0,1.14,781816500.0,67.56,50.42,True,True,True,True,True,7.92,14.08,2.5,False,False,True,False,-15.4,1.13202397,0.91806837,23.3,10.35,True,1.0,0.5,1.14,3.4,Actionable watch,Possible inverse H&S,"inverse-head-and-shoulders, base, reversal",17825.0,,,37.28,,,17825.0,A possible inverse head-and-shoulders base is visible. The setup improves only if price clears or holds near the neckline with better volume.,Strengthening,6.89
PVRINOX,PVR INOX Ltd.,PVRINOX.NS,Media Entertainment & Publication,True,,NIFTY 500,^CRSLDX,2026-10-08,1309.2,-2.57,7.73,7.2,661907.0,763539.0,0.87,866568644.4,57.81,47.4,True,True,True,True,True,3.57,7.04,2.11,False,False,True,False,17.61,0.06056583,0.05277583,14.76,21.27,True,1.0,0.5,0.87,2.74,Watch,Bullish flag,"flag, continuation, uptrend",1349.3,2026-09-21,1.25,,14.23,26.82,,Price has made a sharp impulse move and is now consolidating near the highs. A controlled pullback with quieter volume keeps the continuation setup alive.,Strengthening,6.66
NAVINFLUOR,Navin Fluorine International Ltd.,NAVINFLUOR.NS,Chemicals,True,,NIFTY 500,^CRSLDX,2026-10-08,8417.5,-0.85,3.45,-3.25,89654.0,114004.0,0.79,754662545.0,51.5,41.63,True,True,True,True,True,0.44,0.87,3.6,False,False,False,False,-2.82,0.38940792,0.35950231,8.32,4.81,True,1.0,0.0,0.79,3.4,Actionable watch,Possible inverse H&S,"inverse-head-and-shoulders, base, reversal, flag, continuation, uptrend",6933.0,,,21.41,,,6933.0,A possible inverse head-and-shoulders base is visible. The setup improves only if price clears or holds near the neckline with better volume. Secondary patterns: Bullish flag.,Strengthening,6.65
TRENT,Trent Ltd.,TRENT.NS,Consumer Services,True,,NIFTY 500,^CRSLDX,2026-10-08,2876.3,-0.48,11.48,2.04,1348808.0,1129677.0,1.19,3879576450.4,59.66,24.39,True,True,True,False,True,5.06,0.65,-0.12,False,False,False,False,14.08,0.13306255,0.1244002,6.96,9.48,True,0.6666666666666666,0.0,1.19,0.0,No clear setup,,,,,,,,,,,Mean reversion bounce,6.6
MAHABANK,Bank of Maharashtra,MAHABANK.NS,Financial Services,True,,NIFTY 500,^CRSLDX,2026-10-08,82.05,-2.5,1.93,-2.73,9505081.0,14425691.0,0.66,779891896.05,50.21,45.65,True,True,True,False,True,0.26,0.36,3.25,False,False,False,False,-7.08,0.00379577,0.00353862,7.27,3.41,True,1.0,0.0,0.66,4.23,Actionable watch,Breakout retest,"breakout, retest, pivot, volume",82.92,2026-10-07,1.46,1.05,,,,Prior resistance has been cleared on higher volume and price is back near that pivot. This is the kind of retest zone where follow-through can matter more than chasing a stretched candle.,Strengthening,6.58
MOTILALOFS,Motilal Oswal Financial Services Ltd.,MOTILALOFS.NS,Financial Services,True,,NIFTY 500,^CRSLDX,2026-10-08,1014.3,-5.02,2.46,-0.07,789291.0,964818.0,0.82,800577861.3,50.59,46.96,False,True,True,True,True,0.08,3.21,1.84,False,False,False,False,-19.65,0.04692325,0.0422155,11.15,2.99,True,1.0,0.0,0.82,4.68,Actionable watch,Breakout retest,"breakout, retest, pivot, volume, inverse-head-and-shoulders, base, reversal",977.7,2026-08-25,1.56,3.43,,,,Prior resistance has been cleared on higher volume and price is back near that pivot. This is the kind of retest zone where follow-through can matter more than chasing a stretched candle. Secondary patterns: Possible inverse H&S.,Strengthening,6.5
TEGA,Tega Industries Ltd.,TEGA.NS,Capital Goods,True,,NIFTY 500,^CRSLDX,2026-10-08,1958.1,-7.79,-6.46,13.74,654228.0,887113.0,0.74,1281043846.8,51.66,67.92,False,False,True,True,True,-1.46,10.08,0.33,False,False,False,False,30.17,0.09058505,0.07636482,18.62,30.81,True,1.0,0.0,0.74,5.1,Actionable watch,Breakout retest,"breakout, retest, pivot, volume, flag, continuation, uptrend, inverse-head-and-shoulders, base, reversal",1854.48,2026-09-17,11.67,5.26,,,,"Prior resistance has been cleared on higher volume and price is back near that pivot. This is the kind of retest zone where follow-through can matter more than chasing a stretched candle. Secondary patterns: Bullish flag, Possible inverse H&S.",Strengthening,6.4
GRAPHITE,Graphite India Ltd.,GRAPHITE.NS,Capital Goods,True,,NIFTY 500,^CRSLDX,2026-10-08,802.15,-3.82,2.04,-2.75,1148572.0,1937987.0,0.59,921327029.8,52.19,51.6,False,False,True,True,True,-1.1,5.92,3.75,False,False,False,False,18.12,0.03710883,0.03249653,14.19,19.83,True,1.0,0.0,0.59,5.1,Actionable watch,Breakout retest,"breakout, retest, pivot, volume, inverse-head-and-shoulders, base, reversal",757.33,2026-09-09,34.9,4.87,,,,Prior resistance has been cleared on higher volume and price is back near that pivot. This is the kind of retest zone where follow-through can matter more than chasing a stretched candle. Secondary patterns: Possible inverse H&S.,Strengthening,6.4
WELCORP,Welspun Corp Ltd.,WELCORP.NS,Capital Goods,True,,NIFTY 500,^CRSLDX,2026-10-08,2651.3,-1.97,1.75,-4.52,1394511.0,2105652.0,0.66,3697267014.3,53.39,52.22,False,False,True,True,True,-0.24,12.13,14.97,False,False,False,False,-34.78,0.12265366,0.10040186,22.16,9.33,True,1.0,0.0,0.66,4.68,Actionable watch,High-tight flag,"flag, continuation, uptrend, high-tight",2842.0,2026-09-29,0.78,,16.0,54.72,,Price has made a sharp impulse move and is now consolidating near the highs. A controlled pullback with quieter volume keeps the continuation setup alive.,Strengthening,6.4
ACMESOLAR,ACME Solar Holdings Ltd.,ACMESOLAR.NS,Power,True,,NIFTY 500,^CRSLDX,2026-10-08,420.4,-3.61,-2.81,5.83,1067095.0,2502535.0,0.43,448606738.0,47.68,56.39,False,False,True,True,True,-2.92,3.51,6.88,False,False,False,False,-6.8,0.01944842,0.0174689,11.33,9.0,True,1.0,0.0,0.43,4.94,Actionable watch,Breakout retest,"breakout, retest, pivot, volume, flag, continuation, uptrend",395.95,2026-08-21,2.09,5.1,,,,Prior resistance has been cleared on higher volume and price is back near that pivot. This is the kind of retest zone where follow-through can matter more than chasing a stretched candle. Secondary patterns: Bullish flag.,Strengthening,6.4
USHAMART,Usha Martin Ltd.,USHAMART.NS,Capital Goods,True,,NIFTY 500,^CRSLDX,2026-10-08,503.95,-3.13,2.49,1.65,510088.0,1112109.0,0.46,257058847.6,48.99,43.06,False,False,True,True,True,-0.54,0.16,1.32,False,False,False,False,8.64,0.02331359,0.02185188,6.69,7.91,True,1.0,0.0,0.46,4.7,Actionable watch,Breakout retest,"breakout, retest, pivot, volume",519.37,2026-09-21,3.31,2.97,,,,Prior resistance has been cleared on higher volume and price is back near that pivot. This is the kind of retest zone where follow-through can matter more than chasing a stretched candle.,Strengthening,6.4
PNB,Punjab National Bank,PNB.NS,Financial Services,True,,NIFTY 500,^CRSLDX,2026-10-08,115.29,0.61,5.22,-1.34,20438240.0,13613449.0,1.5,2356324689.6,52.63,33.95,True,True,False,True,True,0.41,-0.09,-0.44,False,False,False,False,2.41,0.00533351,0.0049928,6.82,6.84,True,0.3333333333333333,0.0,1.5,0.0,No clear setup,,,,,,,,,,,Mean reversion bounce,6.4
JYOTICNC,Jyoti CNC Automation Ltd.,JYOTICNC.NS,Capital Goods,True,,NIFTY 500,^CRSLDX,2026-10-08,1009.9,-5.7,-2.15,0.6,1726011.0,1192292.0,1.45,1743098508.9,47.85,53.39,False,False,True,True,True,-2.7,3.82,0.96,False,False,False,False,-24.6,0.0467197,0.04174449,11.92,6.0,True,1.0,0.0,1.45,3.53,Actionable watch,Bullish flag,"flag, continuation, uptrend, inverse-head-and-shoulders, base, reversal",1113.85,2026-09-21,0.73,,12.72,42.02,,Price has made a sharp impulse move and is now consolidating near the highs. A controlled pullback with quieter volume keeps the continuation setup alive. Secondary patterns: Possible inverse H&S.,Strengthening,6.23
SYRMA,Syrma SGS Technology Ltd.,SYRMA.NS,Capital Goods,True,,NIFTY 500,^CRSLDX,2026-10-08,1680.9,-3.77,-2.15,5.14,904837.0,2390924.0,0.38,1520940513.3,53.11,58.94,False,False,True,True,True,-0.01,7.9,9.14,False,False,False,False,-0.4,0.0777613,0.06692442,16.19,10.15,True,1.0,0.0,0.38,3.48,Actionable watch,Bullish flag,"flag, continuation, uptrend",1782.9,2026-09-30,0.83,,7.56,38.39,,Price has made a sharp impulse move and is now consolidating near the highs. A controlled pullback with quieter volume keeps the continuation setup alive.,Strengthening,6.22
FINCABLES,Finolex Cables Ltd.,FINCABLES.NS,Capital Goods,True,,NIFTY 500,^CRSLDX,2026-10-08,1402.2,-5.48,-3.88,-1.14,719704.0,1020320.0,0.71,1009168948.8,50.93,62.08,False,False,True,True,True,-2.2,7.56,7.06,False,False,False,False,3.51,0.06486817,0.05548173,16.92,22.42,True,1.0,0.0,0.71,3.4,Actionable watch,Possible inverse H&S,"inverse-head-and-shoulders, base, reversal",1225.0,,,14.47,,,1225.0,A possible inverse head-and-shoulders base is visible. The setup improves only if price clears or holds near the neckline with better volume.,Strengthening,6.19
ACE,Action Construction Equipment Ltd.,ACE.NS,Capital Goods,True,,NIFTY 500,^CRSLDX,2026-10-08,1179.8,-5.61,-2.68,5.23,394361.0,367191.0,1.07,465267107.8,47.43,58.01,False,False,True,True,True,-2.31,1.97,2.78,False,False,False,False,11.04,0.05457956,0.04992151,9.33,13.53,True,1.0,0.0,1.07,3.4,Actionable watch,Possible inverse H&S,"inverse-head-and-shoulders, base, reversal, flag, continuation, uptrend",935.75,,,26.08,,,935.75,A possible inverse head-and-shoulders base is visible. The setup improves only if price clears or holds near the neckline with better volume. Secondary patterns: Bullish flag.,Strengthening,6.19
REDINGTON,Redington Ltd.,REDINGTON.NS,Services,True,,NIFTY 500,^CRSLDX,2026-10-08,388.0,-4.55,-2.5,-1.02,2996766.0,4869565.0,0.62,1162745208.0,48.87,57.88,False,False,True,True,True,-2.97,4.18,4.76,False,False,False,False,0.11,0.01794954,0.01590571,12.85,9.9,True,1.0,0.0,0.62,3.4,Actionable watch,Possible inverse H&S,"inverse-head-and-shoulders, base, reversal",264.25,,,46.83,,,264.25,A possible inverse head-and-shoulders base is visible. The setup improves only if price clears or holds near the neckline with better volume.,Strengthening,6.19
DIVISLAB,Divi's Laboratories Ltd.,DIVISLAB.NS,Healthcare,True,,NIFTY 500,^CRSLDX,2026-10-08,9361.0,-2.37,1.21,-0.82,441895.0,510753.0,0.87,4136579095.0,53.05,51.28,False,False,True,True,True,-0.29,3.63,4.38,False,False,True,False,-7.42,0.43305584,0.3875997,11.73,7.65,True,1.0,0.5,0.87,3.4,Actionable watch,Possible inverse H&S,"inverse-head-and-shoulders, base, reversal, flag, continuation, uptrend",6766.25,,,38.35,,,6766.25,A possible inverse head-and-shoulders base is visible. The setup improves only if price clears or holds near the neckline with better volume. Secondary patterns: Bullish flag.,Strengthening,6.19
IPCALAB,Ipca Laboratories Ltd.,IPCALAB.NS,Healthcare,True,,NIFTY 500,^CRSLDX,2026-10-08,1938.4,-0.01,-0.25,-1.65,320842.0,267735.0,1.2,621920132.8,49.18,50.38,False,False,True,True,True,-1.04,1.8,3.3,False,False,False,False,-13.17,0.08967369,0.08209448,9.23,5.99,True,1.0,0.0,1.2,3.24,Watch,Bullish flag,"flag, continuation, uptrend",2009.6,2026-09-18,0.45,,6.85,19.21,,Price has made a sharp impulse move and is now consolidating near the highs. A controlled pullback with quieter volume keeps the continuation setup alive.,Strengthening,6.13
SPLPETRO,Supreme Petrochem Ltd.,SPLPETRO.NS,Chemicals,True,,NIFTY 500,^CRSLDX,2026-10-08,783.65,-2.85,0.41,-5.37,130060.0,269774.0,0.48,101921519.0,45.14,43.79,False,False,True,True,True,-5.23,2.29,2.66,False,False,False,False,-14.0,0.03625299,0.03305709,9.67,4.61,True,1.0,0.0,0.48,5.1,Actionable watch,Breakout retest,"breakout, retest, pivot, volume, flag, continuation, uptrend, inverse-head-and-shoulders, base, reversal",741.38,2026-09-04,11.91,5.46,,,,"Prior resistance has been cleared on higher volume and price is back near that pivot. This is the kind of retest zone where follow-through can matter more than chasing a stretched candle. Secondary patterns: Bullish flag, Possible inverse H&S.",Strengthening,6.12
DEEPAKFERT,Deepak Fertilisers & Petrochemicals Corp. Ltd.,DEEPAKFERT.NS,Chemicals,True,,NIFTY 500,^CRSLDX,2026-10-08,1390.2,-1.78,6.86,4.09,269941.0,261687.0,1.03,375271978.2,53.24,39.47,True,True,False,False,True,3.64,-1.69,0.8,False,False,False,False,20.73,0.06431303,0.06197258,3.78,10.79,True,0.6666666666666666,0.0,1.03,3.96,Actionable watch,Breakout retest,"breakout, retest, pivot, volume",1381.1,2026-10-07,1.72,0.2,,,,Prior resistance has been cleared on higher volume and price is back near that pivot. This is the kind of retest zone where follow-through can matter more than chasing a stretched candle.,Setup watch: Breakout retest,6.09
KPIL,Kalpataru Projects International Ltd.,KPIL.NS,Construction,True,,NIFTY 500,^CRSLDX,2026-10-08,1401.5,-3.9,3.32,-2.13,120298.0,170544.0,0.71,168597647.0,50.67,41.93,True,False,True,True,True,-0.08,1.26,1.86,False,False,False,False,-5.63,0.06483578,0.05970335,8.6,5.4,True,1.0,0.0,0.71,3.4,Actionable watch,Possible inverse H&S,"inverse-head-and-shoulders, base, reversal",1262.25,,,11.03,,,1262.25,A possible inverse head-and-shoulders base is visible. The setup improves only if price clears or holds near the neckline with better volume.,Strengthening,6.07
NUVAMA,Nuvama Wealth Management Ltd.,NUVAMA.NS,Financial Services,True,,NIFTY 500,^CRSLDX,2026-10-08,1737.4,-4.85,2.12,-1.17,245430.0,533525.0,0.46,426410082.0,50.07,47.8,True,True,True,True,True,1.47,0.2,1.71,False,False,False,False,-13.3,0.08037509,0.07539606,6.6,1.57,True,1.0,0.0,0.46,3.4,Actionable watch,Possible inverse H&S,"inverse-head-and-shoulders, base, reversal",1369.55,,,26.86,,,1369.55,A possible inverse head-and-shoulders base is visible. The setup improves only if price clears or holds near the neckline with better volume.,Strengthening,6.0
INDGN,Indegene Ltd.,INDGN.NS,Healthcare,True,,NIFTY 500,^CRSLDX,2026-10-08,586.15,-3.45,-1.24,1.52,303851.0,510974.0,0.59,178102263.65,47.83,53.26,False,False,True,True,True,-1.21,1.06,1.29,False,False,False,False,-3.29,0.0271163,0.02497231,8.59,4.77,True,1.0,0.0,0.59,3.4,Actionable watch,Possible inverse H&S,"inverse-head-and-shoulders, base, reversal, flag, continuation, uptrend",510.1,,,14.91,,,510.1,A possible inverse head-and-shoulders base is visible. The setup improves only if price clears or holds near the neckline with better volume. Secondary patterns: Bullish flag.,Strengthening,5.94
PAYTM,One 97 Communications Ltd.,PAYTM.NS,Financial Services,True,,NIFTY 500,^CRSLDX,2026-10-08,1641.5,-5.23,-0.88,-5.61,17399723.0,5213714.0,3.34,28561645304.5,45.16,46.45,False,False,False,True,True,-5.16,-0.57,3.43,False,False,False,False,-2.03,0.07593859,0.07052833,7.67,5.68,True,0.6666666666666666,0.0,3.34,3.4,Actionable watch,Possible inverse H&S,"inverse-head-and-shoulders, base, reversal",1191.5,,,37.77,,,1191.5,A possible inverse head-and-shoulders base is visible. The setup improves only if price clears or holds near the neckline with better volume.,Setup watch: Possible inverse H&S,5.93
MCX,Multi Commodity Exchange of India Ltd.,MCX.NS,Financial Services,True,,NIFTY 500,^CRSLDX,2026-10-08,3255.6,-3.18,1.61,-1.35,2036568.0,1924902.0,1.06,6630250780.8,50.71,48.09,False,False,True,True,True,-0.4,3.49,4.35,False,False,False,False,-19.02,0.15060961,0.13508755,11.49,4.72,True,1.0,0.0,1.06,3.4,Watch,Bullish flag,"flag, continuation, uptrend, inverse-head-and-shoulders, base, reversal",3427.7,2026-09-24,0.84,,8.82,31.91,,Price has made a sharp impulse move and is now consolidating near the highs. A controlled pullback with quieter volume keeps the continuation setup alive. Secondary patterns: Possible inverse H&S.,Strengthening,5.93
GROWW,Billionbrains Garage Ventures Ltd.,GROWW.NS,Financial Services,True,,NIFTY 500,^CRSLDX,2026-10-08,192.6,-2.6,6.93,-1.65,21260958.0,33079801.0,0.64,4094860510.8,53.03,32.4,True,True,True,False,True,1.62,0.07,1.95,False,False,False,False,2.68,0.00891,0.00833787,6.86,5.95,True,1.0,0.0,0.64,-2.0,Risk review,Head-and-shoulders risk,"head-and-shoulders, risk, distribution",186.06,,,3.52,,,186.06,"A possible head-and-shoulders top is forming or breaking. This is a caution signal, not an entry setup.",Risk review,5.89
PERSISTENT,Persistent Systems Ltd.,PERSISTENT.NS,Information Technology,True,,NIFTY 500,^CRSLDX,2026-10-08,5468.0,-0.71,1.88,-0.75,332743.0,417741.0,0.8,1819438724.0,51.81,47.64,True,True,False,True,True,1.19,-0.76,-1.69,False,False,False,False,1.96,0.25295901,0.23866576,5.99,5.73,True,0.3333333333333333,0.0,0.8,3.4,Actionable watch,Possible inverse H&S,"inverse-head-and-shoulders, base, reversal",5202.45,,,5.1,,,5202.45,A possible inverse head-and-shoulders base is visible. The setup improves only if price clears or holds near the neckline with better volume.,Setup watch: Possible inverse H&S,5.84
CPPLUS,Aditya Infotech Ltd.,CPPLUS.NS,Capital Goods,True,,NIFTY 500,^CRSLDX,2026-10-08,3972.2,-2.28,4.54,3.74,272957.0,278274.0,0.98,1084239795.4,59.87,55.78,True,True,True,True,True,5.87,8.48,9.11,False,False,True,False,11.17,0.18376075,0.1577308,16.5,13.38,True,1.0,0.5,0.98,0.0,No clear setup,,,,,,,,,,,Strengthening,5.7
KOTAKBANK,Kotak Mahindra Bank Ltd.,KOTAKBANK.NS,Financial Services,True,,NIFTY 500,^CRSLDX,2026-10-08,435.0,-1.14,3.98,4.43,22068818.0,24499260.0,0.9,9599935830.0,65.33,57.55,True,True,True,True,True,4.5,6.2,-0.42,False,False,True,False,0.41,0.02012384,0.0176826,13.81,10.4,True,0.6666666666666666,0.5,0.9,0.0,No clear setup,,,,,,,,,,,Strengthening,5.7
LICHSGFIN,LIC Housing Finance Ltd.,LICHSGFIN.NS,Financial Services,True,,NIFTY 500,^CRSLDX,2026-10-08,537.0,4.19,5.5,-2.77,14555953.0,4621110.0,3.15,7816546761.0,50.52,34.5,True,False,True,False,True,-1.11,1.35,0.17,False,False,False,False,-8.99,0.02484254,0.02298647,8.07,4.21,True,0.6666666666666666,0.0,3.15,-2.0,Risk review,Head-and-shoulders risk,"head-and-shoulders, risk, distribution, inverse-head-and-shoulders, base, reversal",533.52,,,0.65,,,533.52,"A possible head-and-shoulders top is forming or breaking. This is a caution signal, not an entry setup. Secondary patterns: Possible inverse H&S.",Risk review,5.64
PINELABS,Pine Labs Ltd.,PINELABS.NS,Financial Services,True,,NIFTY 500,^CRSLDX,2026-10-08,169.79,-4.44,1.31,-1.95,21356083.0,60155272.0,0.36,3626049332.57,46.08,43.26,False,False,True,True,False,-6.57,0.14,-2.98,False,False,False,False,6.43,0.00785478,0.00724386,8.43,10.58,True,0.3333333333333333,0.0,0.36,5.01,Actionable watch,Breakout retest,"breakout, retest, pivot, volume",163.68,2026-08-11,2.21,3.05,,,,Prior resistance has been cleared on higher volume and price is back near that pivot. This is the kind of retest zone where follow-through can matter more than chasing a stretched candle.,Strengthening,5.6
HONASA,Honasa Consumer Ltd.,HONASA.NS,Fast Moving Consumer Goods,True,,NIFTY 500,^CRSLDX,2026-10-08,467.5,-2.0,9.25,-1.71,710408.0,3127854.0,0.23,332115740.0,51.92,33.42,True,True,False,True,True,1.2,-0.42,5.37,False,False,False,False,6.03,0.02162735,0.02032323,6.42,6.8,True,0.6666666666666666,0.0,0.23,0.0,No clear setup,,,,,,,,,,,Mean reversion bounce,5.6
CYIENT,Cyient Ltd.,CYIENT.NS,Information Technology,True,,NIFTY 500,^CRSLDX,2026-10-08,1084.7,-2.72,-1.8,0.77,425447.0,583976.0,0.73,461482360.9,52.61,60.34,False,True,True,True,True,0.15,7.1,-0.57,False,False,False,False,-27.45,0.05018007,0.04335731,15.74,5.12,True,0.6666666666666666,0.0,0.73,0.0,No clear setup,,,,,,,,,,,Strengthening,5.52
GILLETTE,Gillette India Ltd.,GILLETTE.NS,Fast Moving Consumer Goods,True,,NIFTY 500,^CRSLDX,2026-10-08,7263.5,0.55,5.28,-1.65,37501.0,24514.0,1.53,272388513.5,55.12,31.16,True,True,False,False,False,2.25,-1.13,-1.37,False,False,False,False,6.52,0.33602191,0.31972143,5.1,5.43,True,0.0,0.0,1.53,0.0,No clear setup,,,,,,,,,,,Mean reversion bounce,5.49
RBLBANK,RBL Bank Ltd.,RBLBANK.NS,Financial Services,True,,NIFTY 500,^CRSLDX,2026-10-08,400.7,-2.74,-2.6,-2.46,2517494.0,3603219.0,0.7,1008759845.8,45.97,54.15,False,False,True,True,True,-2.42,0.43,3.14,False,False,False,False,-5.4,0.01853707,0.01719694,7.79,3.43,True,1.0,0.0,0.7,2.67,Watch,Bullish flag,"flag, continuation, uptrend",428.0,2026-09-23,1.07,,6.81,21.28,,Price has made a sharp impulse move and is now consolidating near the highs. A controlled pullback with quieter volume keeps the continuation setup alive.,Strengthening,5.42
KARURVYSYA,Karur Vysya Bank Ltd.,KARURVYSYA.NS,Financial Services,True,,NIFTY 500,^CRSLDX,2026-10-08,329.2,-0.27,1.2,-1.82,2066032.0,1977251.0,1.04,680137734.4,49.95,45.01,True,True,False,True,True,0.71,-1.74,2.56,False,False,False,False,-2.58,0.01522935,0.01453804,4.76,3.21,True,0.6666666666666666,0.0,1.04,3.4,Actionable watch,Possible inverse H&S,"inverse-head-and-shoulders, base, reversal",311.82,,,5.57,,,311.82,A possible inverse head-and-shoulders base is visible. The setup improves only if price clears or holds near the neckline with better volume.,Setup watch: Possible inverse H&S,5.33
BALRAMCHIN,Balrampur Chini Mills Ltd.,BALRAMCHIN.NS,Fast Moving Consumer Goods,True,,NIFTY 500,^CRSLDX,2026-10-08,689.45,-2.43,6.22,-2.23,1408394.0,1313445.0,1.07,971017243.3,54.1,43.52,True,True,True,True,True,2.06,2.94,4.51,False,False,False,False,-7.55,0.03189513,0.02884424,10.58,3.8,True,1.0,0.0,1.07,0.0,No clear setup,,,,,,,,,,,Strengthening,5.26
AEGISVOPAK,Aegis Vopak Terminals Ltd.,AEGISVOPAK.NS,Oil Gas & Consumable Fuels,True,,NIFTY 500,^CRSLDX,2026-10-08,285.2,-3.08,-1.91,-2.28,1013795.0,1971556.0,0.51,289134334.0,45.04,49.02,False,False,False,True,True,-4.22,-0.47,2.05,False,False,False,False,1.27,0.01319384,0.01241474,6.28,7.07,True,0.6666666666666666,0.0,0.51,3.4,Actionable watch,Possible inverse H&S,"inverse-head-and-shoulders, base, reversal",244.72,,,16.54,,,244.72,A possible inverse head-and-shoulders base is visible. The setup improves only if price clears or holds near the neckline with better volume.,Setup watch: Possible inverse H&S,5.19
RKFORGE,Ramkrishna Forgings Ltd.,RKFORGE.NS,Automobile and Auto Components,True,,NIFTY 500,^CRSLDX,2026-10-08,700.75,-2.18,0.76,-3.62,647988.0,581383.0,1.11,454077591.0,47.3,44.85,False,False,False,True,True,-0.93,-2.39,3.38,False,False,False,False,7.93,0.03241789,0.03092512,4.83,6.29,True,0.6666666666666666,0.0,1.11,3.4,Actionable watch,Possible inverse H&S,"inverse-head-and-shoulders, base, reversal",559.27,,,25.3,,,559.27,A possible inverse head-and-shoulders base is visible. The setup improves only if price clears or holds near the neckline with better volume.,Setup watch: Possible inverse H&S,5.19
GABRIEL,Gabriel India Ltd.,GABRIEL.NS,Automobile and Auto Components,True,,NIFTY 500,^CRSLDX,2026-10-08,1335.4,-0.85,1.55,-0.25,168589.0,669957.0,0.25,225133750.6,47.82,44.93,True,False,False,True,True,-0.46,-4.18,3.07,False,False,False,False,9.8,0.06177788,0.06054354,2.04,4.92,True,0.6666666666666666,0.0,0.25,5.1,Actionable watch,Breakout retest,"breakout, retest, pivot, volume, inverse-head-and-shoulders, base, reversal",1288.65,2026-07-15,5.47,2.19,,,,Prior resistance has been cleared on higher volume and price is back near that pivot. This is the kind of retest zone where follow-through can matter more than chasing a stretched candle. Secondary patterns: Possible inverse H&S.,Setup watch: Breakout retest,5.18
IKS,Inventurus Knowledge Solutions Ltd.,IKS.NS,Information Technology,True,,NIFTY 500,^CRSLDX,2026-10-08,1751.1,0.79,-1.42,-1.83,236677.0,241686.0,0.98,414445094.7,45.84,48.48,False,False,False,False,True,-1.8,-1.88,0.7,False,False,False,False,-1.13,0.08100888,0.07741288,4.65,4.91,True,0.6666666666666666,0.0,0.98,3.78,Actionable watch,Breakout retest,"breakout, retest, pivot, volume",1746.68,2026-08-14,1.36,0.25,,,,Prior resistance has been cleared on higher volume and price is back near that pivot. This is the kind of retest zone where follow-through can matter more than chasing a stretched candle.,Setup watch: Breakout retest,5.11
COHANCE,Cohance Lifesciences Ltd.,COHANCE.NS,Healthcare,True,,NIFTY 500,^CRSLDX,2026-10-08,442.4,-2.87,-1.97,-0.65,847656.0,1148663.0,0.74,375003014.4,46.11,50.95,False,False,False,True,True,-1.28,-1.33,-2.05,False,False,False,False,2.3,0.02046618,0.01939819,5.51,5.42,True,0.3333333333333333,0.0,0.74,3.4,Actionable watch,Possible inverse H&S,"inverse-head-and-shoulders, base, reversal",329.7,,,34.18,,,329.7,A possible inverse head-and-shoulders base is visible. The setup improves only if price clears or holds near the neckline with better volume.,Setup watch: Possible inverse H&S,5.07
ADANIPORTS,Adani Ports and Special Economic Zone Ltd.,ADANIPORTS.NS,Services,True,,NIFTY 500,^CRSLDX,2026-10-08,1708.0,-2.41,-1.71,-3.39,3344747.0,1991146.0,1.68,5712827876.0,44.03,47.92,False,False,False,False,True,-3.36,-0.84,1.71,False,False,False,False,4.64,0.079015,0.07460766,5.91,7.99,True,0.6666666666666666,0.0,1.68,2.99,Actionable watch,Possible inverse H&S,"inverse-head-and-shoulders, base, reversal",1688.0,,,1.18,,,1688.0,A possible inverse head-and-shoulders base is visible. The setup improves only if price clears or holds near the neckline with better volume.,Setup watch: Possible inverse H&S,5.05
FLUOROCHEM,Gujarat Fluorochemicals Ltd.,FLUOROCHEM.NS,Chemicals,True,,NIFTY 500,^CRSLDX,2026-10-08,4440.1,-2.54,2.27,-7.23,109797.0,113040.0,0.97,487509659.7,45.23,35.23,True,False,False,True,True,-1.46,-3.06,2.54,False,False,False,False,1.39,0.20540661,0.19814127,3.67,4.99,True,0.6666666666666666,0.0,0.97,3.4,Actionable watch,Possible inverse H&S,"inverse-head-and-shoulders, base, reversal",3481.05,,,27.55,,,3481.05,A possible inverse head-and-shoulders base is visible. The setup improves only if price clears or holds near the neckline with better volume.,Setup watch: Possible inverse H&S,4.99
TBOTEK,TBO Tek Ltd.,TBOTEK.NS,Consumer Services,True,,NIFTY 500,^CRSLDX,2026-10-08,1666.5,-2.23,-0.3,-0.31,146903.0,269794.0,0.54,244813849.5,48.1,49.22,False,False,False,True,True,-0.78,-0.43,0.07,False,False,False,False,-4.47,0.07709513,0.07210701,6.92,4.68,True,0.6666666666666666,0.0,0.54,3.4,Actionable watch,Possible inverse H&S,"inverse-head-and-shoulders, base, reversal",1282.95,,,29.9,,,1282.95,A possible inverse head-and-shoulders base is visible. The setup improves only if price clears or holds near the neckline with better volume.,Setup watch: Possible inverse H&S,4.93
SHYAMMETL,Shyam Metalics and Energy Ltd.,SHYAMMETL.NS,Capital Goods,True,,NIFTY 500,^CRSLDX,2026-10-08,1066.8,-0.05,1.81,-1.78,357787.0,589034.0,0.61,381687171.6,51.45,43.93,True,False,True,True,True,-0.38,1.9,2.84,False,False,False,False,-5.04,0.04935199,0.04529924,8.95,5.59,True,1.0,0.0,0.61,0.0,No clear setup,,,,,,,,,,,Strengthening,4.92
SUNTV,Sun TV Network Ltd.,SUNTV.NS,Media Entertainment & Publication,True,,NIFTY 500,^CRSLDX,2026-10-08,614.2,-3.5,2.38,34.83,1100802.0,3897521.0,0.28,676112588.4,73.49,80.48,True,True,True,True,True,15.34,23.16,-0.58,False,False,False,False,50.1,0.02841394,0.02162274,31.41,45.29,True,0.3333333333333333,0.0,0.28,0.0,No clear setup,,,,,,,,,,,Strengthening,4.9
ICICIGI,ICICI Lombard General Insurance Company Ltd.,ICICIGI.NS,Financial Services,True,,NIFTY 500,^CRSLDX,2026-10-08,1624.0,2.14,3.9,10.85,896637.0,982412.0,0.91,1456138488.0,61.16,53.84,True,True,True,False,False,6.37,3.63,-2.37,False,True,False,False,23.62,0.07512901,0.06830987,9.98,16.49,True,0.3333333333333333,0.5,0.91,0.0,No clear setup,,,,,,,,,,,Strengthening,4.9
VBL,Varun Beverages Ltd.,VBL.NS,Fast Moving Consumer Goods,True,,NIFTY 500,^CRSLDX,2026-10-08,432.0,-1.99,1.58,5.24,4361263.0,5874768.0,0.74,1884065616.0,52.68,49.64,False,True,True,False,False,1.15,1.18,-1.11,False,False,False,False,20.57,0.01998506,0.01856213,7.67,14.0,True,0.3333333333333333,0.0,0.74,0.0,No clear setup,,,,,,,,,,,Strengthening,4.9
LEMONTREE,Lemon Tree Hotels Ltd.,LEMONTREE.NS,Consumer Services,True,,NIFTY 500,^CRSLDX,2026-10-08,110.05,-2.2,2.21,4.12,5897444.0,5685436.0,1.04,649013712.2,58.14,54.66,True,True,True,False,False,3.41,2.18,-4.54,False,False,False,False,7.98,0.0050911,0.0046772,8.85,9.89,True,0.3333333333333333,0.0,1.04,0.0,No clear setup,,,,,,,,,,,Strengthening,4.9
HDFCLIFE,HDFC Life Insurance Company Ltd.,HDFCLIFE.NS,Financial Services,True,,NIFTY 500,^CRSLDX,2026-10-08,544.5,-0.28,1.93,3.49,2480224.0,5034892.0,0.49,1350481968.0,53.16,48.23,True,True,True,False,False,1.18,0.9,-3.52,False,False,False,False,8.15,0.0251895,0.02344391,7.45,9.39,True,0.3333333333333333,0.0,0.49,0.0,No clear setup,,,,,,,,,,,Strengthening,4.9
GODIGIT,Go Digit General Insurance Ltd.,GODIGIT.NS,Financial Services,True,,NIFTY 500,^CRSLDX,2026-10-08,261.45,-1.25,2.01,4.27,280849.0,1133392.0,0.25,73427971.05,54.53,50.84,True,True,True,False,False,3.1,1.46,-2.94,False,False,False,False,11.12,0.01209512,0.01115163,8.46,9.15,True,0.3333333333333333,0.0,0.25,0.0,No clear setup,,,,,,,,,,,Strengthening,4.9
FSL,Firstsource Solutions Ltd.,FSL.NS,Services,True,,NIFTY 500,^CRSLDX,2026-10-08,266.35,2.76,6.37,5.97,19362338.0,3722097.0,5.2,5157158726.3,53.56,40.15,True,True,False,True,True,1.74,-1.66,-3.03,False,False,False,False,14.74,0.01232181,0.0117872,4.54,9.91,True,0.3333333333333333,0.0,5.2,-2.0,Risk review,Head-and-shoulders risk,"head-and-shoulders, risk, distribution",257.1,,,3.6,,,257.1,"A possible head-and-shoulders top is forming or breaking. This is a caution signal, not an entry setup.",Risk review,4.8
ECLERX,eClerx Services Ltd.,ECLERX.NS,Services,True,,NIFTY 500,^CRSLDX,2026-10-08,1846.8,-2.59,2.43,-2.79,73080.0,148562.0,0.49,134964144.0,46.76,41.03,True,False,False,True,True,-1.87,-1.93,-2.39,False,False,False,False,-5.09,0.08543612,0.08172045,4.55,4.74,True,0.3333333333333333,0.0,0.49,2.84,Actionable watch,Possible inverse H&S,"inverse-head-and-shoulders, base, reversal",1833.75,,,0.71,,,1833.75,A possible inverse head-and-shoulders base is visible. The setup improves only if price clears or holds near the neckline with better volume.,Setup watch: Possible inverse H&S,4.74
BHARTIHEXA,Bharti Hexacom Ltd.,BHARTIHEXA.NS,Telecommunication,True,,NIFTY 500,^CRSLDX,2026-10-08,1500.7,1.54,8.81,-2.5,373610.0,219855.0,1.7,560676527.0,53.51,30.19,True,True,False,False,False,1.97,-1.63,-1.85,False,False,False,False,1.15,0.06942494,0.06645354,4.47,5.16,True,0.0,0.0,1.7,-2.0,Risk review,Head-and-shoulders risk,"head-and-shoulders, risk, distribution",1453.9,,,3.22,,,1453.9,"A possible head-and-shoulders top is forming or breaking. This is a caution signal, not an entry setup.",Risk review,4.73
URBANCO,Urban Company Ltd.,URBANCO.NS,Consumer Services,True,,NIFTY 500,^CRSLDX,2026-10-08,160.25,-4.74,2.5,-2.62,3360124.0,5871488.0,0.57,538459871.0,46.97,41.86,False,False,True,True,True,-3.05,0.31,2.91,False,False,False,False,-32.09,0.00741344,0.0068502,8.22,-2.5,True,1.0,0.0,0.57,5.1,Actionable watch,Breakout retest,"breakout, retest, pivot, volume, inverse-head-and-shoulders, base, reversal",151.3,2026-08-21,5.89,5.63,,,,Prior resistance has been cleared on higher volume and price is back near that pivot. This is the kind of retest zone where follow-through can matter more than chasing a stretched candle. Secondary patterns: Possible inverse H&S.,Setup watch: Breakout retest,4.7
NTPCGREEN,NTPC Green Energy Ltd.,NTPCGREEN.NS,Power,True,,NIFTY 500,^CRSLDX,2026-10-08,90.8,2.59,-0.32,3.51,6500219.0,3051625.0,2.13,590219885.2,50.37,50.43,False,True,True,False,False,0.35,0.24,-0.14,False,False,False,False,11.95,0.00420056,0.00393291,6.81,10.33,True,0.3333333333333333,0.0,2.13,-3.0,Risk review,Head-and-shoulders risk,"head-and-shoulders, risk, distribution",92.16,,,1.47,,,92.16,"A possible head-and-shoulders top is forming or breaking. This is a caution signal, not an entry setup.",Risk review,4.65
MRPL,Mangalore Refinery & Petrochemicals Ltd.,MRPL.NS,Oil Gas & Consumable Fuels,True,,NIFTY 500,^CRSLDX,2026-10-08,173.85,-4.93,5.52,-4.12,13192536.0,11646872.0,1.13,2293522383.6,53.07,43.78,True,True,True,True,True,2.72,1.21,1.23,False,False,False,False,-1.44,0.0080426,0.00742631,8.3,7.53,True,1.0,0.0,1.13,-3.0,Risk review,Head-and-shoulders risk,"head-and-shoulders, risk, distribution",176.7,,,1.61,,,176.7,"A possible head-and-shoulders top is forming or breaking. This is a caution signal, not an entry setup.",Risk review,4.65
ASAHIINDIA,Asahi India Glass Ltd.,ASAHIINDIA.NS,Automobile and Auto Components,True,,NIFTY 500,^CRSLDX,2026-10-08,938.8,-3.84,-0.58,-3.83,75267.0,129806.0,0.58,70660659.6,45.43,46.75,False,False,False,True,True,-2.02,-0.72,-0.45,False,False,False,False,-3.07,0.04343049,0.04074347,6.59,5.35,True,0.3333333333333333,0.0,0.58,2.2,Watch,Possible inverse H&S,"inverse-head-and-shoulders, base, reversal",972.5,,,3.47,,,972.5,A possible inverse head-and-shoulders base is visible. The setup improves only if price clears or holds near the neckline with better volume.,Setup watch: Possible inverse H&S,4.64
ANGELONE,Angel One Ltd.,ANGELONE.NS,Financial Services,True,,NIFTY 500,^CRSLDX,2026-10-08,295.0,-2.32,6.58,-0.77,7127359.0,4877727.0,1.46,2102570905.0,52.93,37.18,True,True,True,False,True,1.33,0.84,1.42,False,False,False,False,-1.64,0.0136472,0.01268573,7.58,4.02,True,1.0,0.0,1.46,-2.0,Risk review,Head-and-shoulders risk,"head-and-shoulders, risk, distribution, inverse-head-and-shoulders, base, reversal",286.2,,,3.07,,,286.2,"A possible head-and-shoulders top is forming or breaking. This is a caution signal, not an entry setup. Secondary patterns: Possible inverse H&S.",Risk review,4.6
LENSKART,Lenskart Solutions Ltd.,LENSKART.NS,Consumer Services,True,,NIFTY 500,^CRSLDX,2026-10-08,653.95,-4.01,-5.38,-5.68,5023579.0,7736754.0,0.65,3285169487.05,42.67,58.4,False,False,True,True,True,-4.11,0.39,4.86,False,False,False,False,-18.53,0.03025284,0.02792228,8.35,1.82,True,1.0,0.0,0.65,3.4,Actionable watch,Possible inverse H&S,"inverse-head-and-shoulders, base, reversal, flag, continuation, uptrend",540.15,,,21.07,,,540.15,A possible inverse head-and-shoulders base is visible. The setup improves only if price clears or holds near the neckline with better volume. Secondary patterns: Bullish flag.,Strengthening,4.55
SAGILITY,Sagility Ltd.,SAGILITY.NS,Information Technology,True,,NIFTY 500,^CRSLDX,2026-10-08,43.35,0.56,0.42,-2.39,22661142.0,13993471.0,1.62,982360505.7,45.16,41.28,True,False,False,True,False,-2.18,-2.05,-1.52,False,False,False,False,-6.9,0.00200545,0.0019172,4.6,1.06,True,0.3333333333333333,0.0,1.62,4.82,Actionable watch,Breakout retest,"breakout, retest, pivot, volume",43.11,2026-07-29,1.85,0.27,,,,Prior resistance has been cleared on higher volume and price is back near that pivot. This is the kind of retest zone where follow-through can matter more than chasing a stretched candle.,Setup watch: Breakout retest,4.41
JSWINFRA,JSW Infrastructure Ltd.,JSWINFRA.NS,Services,True,,NIFTY 500,^CRSLDX,2026-10-08,333.75,-5.69,-6.63,-2.54,4831830.0,5051830.0,0.96,1612623262.5,40.84,58.63,False,False,False,True,True,-4.6,-2.22,2.54,False,False,False,False,8.87,0.01543984,0.01473083,4.81,8.06,True,0.6666666666666666,0.0,0.96,3.4,Actionable watch,Possible inverse H&S,"inverse-head-and-shoulders, base, reversal",281.87,,,18.41,,,281.87,A possible inverse head-and-shoulders base is visible. The setup improves only if price clears or holds near the neckline with better volume.,Setup watch: Possible inverse H&S,4.39
LALPATHLAB,Dr. Lal Path Labs Ltd.,LALPATHLAB.NS,Healthcare,True,,NIFTY 500,^CRSLDX,2026-10-08,1898.9,-2.38,-5.3,-0.93,271926.0,393775.0,0.69,516360281.4,42.77,67.58,False,False,False,True,True,-2.07,-1.33,3.22,False,False,False,False,7.15,0.08784636,0.08316585,5.63,6.96,True,0.6666666666666666,0.0,0.69,3.4,Actionable watch,Possible inverse H&S,"inverse-head-and-shoulders, base, reversal",1460.25,,,30.04,,,1460.25,A possible inverse head-and-shoulders base is visible. The setup improves only if price clears or holds near the neckline with better volume.,Setup watch: Possible inverse H&S,4.39
INDHOTEL,Indian Hotels Co. Ltd.,INDHOTEL.NS,Consumer Services,True,,NIFTY 500,^CRSLDX,2026-10-08,711.65,-2.69,-0.88,-0.57,2320806.0,3550200.0,0.65,1651601589.9,44.1,46.84,False,False,False,False,True,-1.84,-2.0,-0.1,False,False,False,False,5.67,0.03292214,0.03151787,4.46,6.44,True,0.3333333333333333,0.0,0.65,3.4,Actionable watch,Possible inverse H&S,"inverse-head-and-shoulders, base, reversal",676.9,,,5.13,,,676.9,A possible inverse head-and-shoulders base is visible. The setup improves only if price clears or holds near the neckline with better volume.,Setup watch: Possible inverse H&S,4.39
SOLARINDS,Solar Industries India Ltd.,SOLARINDS.NS,Chemicals,True,,NIFTY 500,^CRSLDX,2026-10-08,19870.0,-0.9,2.42,-11.18,133296.0,269785.0,0.49,2648591520.0,50.38,46.21,True,True,False,True,True,0.85,-0.18,4.68,False,False,False,False,-22.61,0.91922012,0.8567256,7.29,-3.03,True,0.6666666666666666,0.0,0.49,5.1,Actionable watch,Breakout retest,"breakout, retest, pivot, volume",18896.4,2026-08-13,8.39,3.78,,,,Prior resistance has been cleared on higher volume and price is back near that pivot. This is the kind of retest zone where follow-through can matter more than chasing a stretched candle.,Setup watch: Breakout retest,4.29
ANANDRATHI,Anand Rathi Wealth Ltd.,ANANDRATHI.NS,Financial Services,True,,NIFTY 500,^CRSLDX,2026-10-08,2138.9,0.55,1.01,-2.89,1335549.0,428283.0,3.12,2856605756.1,46.34,40.16,True,False,False,True,True,-1.08,-1.12,3.78,False,False,False,False,-3.96,0.09894917,0.09336668,5.98,3.03,True,0.6666666666666666,0.0,3.12,0.0,No clear setup,,,,,,,,,,,Neutral / watch,4.21
WHIRLPOOL,Whirlpool of India Ltd.,WHIRLPOOL.NS,Consumer Durables,True,,NIFTY 500,^CRSLDX,2026-10-08,823.15,-2.64,-4.47,3.46,426408.0,3136356.0,0.14,350997745.2,49.13,58.52,False,True,True,True,False,0.61,2.24,-1.24,False,False,False,False,4.0,0.03808032,0.03490132,9.11,8.15,True,0.3333333333333333,0.0,0.14,-2.0,Risk review,Head-and-shoulders risk,"head-and-shoulders, risk, distribution, breakout, retest, pivot, volume, flag, continuation, uptrend",798.67,,,3.06,,,798.67,"A possible head-and-shoulders top is forming or breaking. This is a caution signal, not an entry setup. Secondary patterns: Breakout retest, Bullish flag.",Risk review,4.2
SUPREMEIND,Supreme Industries Ltd.,SUPREMEIND.NS,Capital Goods,True,,NIFTY 500,^CRSLDX,2026-10-08,3462.0,-2.48,2.43,-1.37,87986.0,159517.0,0.55,304607532.0,49.52,43.85,True,True,False,False,False,0.7,-1.08,0.31,False,False,False,False,-2.48,0.16015803,0.15183215,5.48,3.08,True,0.3333333333333333,0.0,0.55,2.2,Watch,Possible inverse H&S,"inverse-head-and-shoulders, base, reversal",3657.15,,,5.34,,,3657.15,A possible inverse head-and-shoulders base is visible. The setup improves only if price clears or holds near the neckline with better volume.,Setup watch: Possible inverse H&S,4.09
AXISBANK,Axis Bank Ltd.,AXISBANK.NS,Financial Services,True,,NIFTY 500,^CRSLDX,2026-10-08,1245.0,0.2,2.29,-0.08,7360960.0,6072556.0,1.21,9164395200.0,52.8,44.52,True,True,True,False,False,1.07,0.26,-0.15,False,False,False,False,1.28,0.05759583,0.05379209,7.07,5.35,True,0.3333333333333333,0.0,1.21,-2.0,Risk review,Head-and-shoulders risk,"head-and-shoulders, risk, distribution",1216.35,,,2.36,,,1216.35,"A possible head-and-shoulders top is forming or breaking. This is a caution signal, not an entry setup.",Risk review,4.07
NIVABUPA,Niva Bupa Health Insurance Company Ltd.,NIVABUPA.NS,Financial Services,True,,NIFTY 500,^CRSLDX,2026-10-08,77.83,0.58,6.65,-2.0,10991966.0,2041263.0,5.38,855504713.78,48.85,29.58,True,True,False,False,False,0.27,-3.92,0.3,False,False,False,False,7.61,0.00360055,0.00352645,2.1,3.35,True,0.6666666666666666,0.0,5.38,-3.0,Risk review,Head-and-shoulders risk,"head-and-shoulders, risk, distribution, breakout, retest, pivot, volume, inverse-head-and-shoulders, base, reversal",79.53,,,2.13,,,79.53,"A possible head-and-shoulders top is forming or breaking. This is a caution signal, not an entry setup. Secondary patterns: Breakout retest, Possible inverse H&S.",Risk review,4.02
DEEPAKNTR,Deepak Nitrite Ltd.,DEEPAKNTR.NS,Chemicals,True,,NIFTY 500,^CRSLDX,2026-10-08,1584.1,1.94,6.12,-3.75,631015.0,216598.0,2.91,999590861.5,48.52,28.66,True,True,False,False,False,1.12,-4.9,-0.45,False,False,False,False,8.71,0.07328317,0.07236263,1.27,3.34,True,0.3333333333333333,0.0,2.91,-3.0,Risk review,Head-and-shoulders risk,"head-and-shoulders, risk, distribution",1641.35,,,3.49,,,1641.35,"A possible head-and-shoulders top is forming or breaking. This is a caution signal, not an entry setup.",Risk review,4.02
ANTHEM,Anthem Biosciences Ltd.,ANTHEM.NS,Healthcare,True,,NIFTY 500,^CRSLDX,2026-10-08,872.55,-1.63,1.96,-7.4,324946.0,774905.0,0.42,283531632.3,45.95,38.87,True,False,False,True,True,-2.14,-1.98,3.09,False,False,False,False,-12.08,0.04036565,0.03823652,5.57,0.13,True,0.6666666666666666,0.0,0.42,3.4,Actionable watch,Possible inverse H&S,"inverse-head-and-shoulders, base, reversal",731.67,,,19.25,,,731.67,A possible inverse head-and-shoulders base is visible. The setup improves only if price clears or holds near the neckline with better volume.,Setup watch: Possible inverse H&S,4.02
SONACOMS,Sona BLW Precision Forgings Ltd.,SONACOMS.NS,Automobile and Auto Components,True,,NIFTY 500,^CRSLDX,2026-10-08,793.0,-2.16,-1.49,-1.31,1805058.0,2533409.0,0.71,1431410994.0,47.06,50.85,False,False,False,True,True,-1.38,-1.34,5.39,False,False,False,False,8.36,0.03668553,0.03466288,5.84,7.8,True,0.6666666666666666,0.0,0.71,0.0,No clear setup,,,,,,,,,,,Neutral / watch,4.0
NYKAA,FSN E-Commerce Ventures Ltd.,NYKAA.NS,Consumer Services,True,,NIFTY 500,^CRSLDX,2026-10-08,332.3,-2.62,2.26,-2.82,4233718.0,5066218.0,0.84,1406864491.4,49.47,44.32,True,False,False,True,True,-0.21,-0.43,2.83,False,False,False,False,1.61,0.01537277,0.01444494,6.42,7.0,True,0.6666666666666666,0.0,0.84,0.0,No clear setup,,,,,,,,,,,Neutral / watch,4.0
ETERNAL,Eternal Ltd.,ETERNAL.NS,Consumer Services,True,,NIFTY 500,^CRSLDX,2026-10-08,319.05,-2.73,1.64,-0.95,18044786.0,22676337.0,0.8,5757188973.3,45.56,39.24,False,False,False,True,True,-2.18,-1.14,1.47,False,False,False,False,0.52,0.0147598,0.01396465,5.69,6.54,True,0.6666666666666666,0.0,0.8,0.0,No clear setup,,,,,,,,,,,Neutral / watch,4.0
KIRLOSENG,Kirloskar Oil Eng Ltd.,KIRLOSENG.NS,Capital Goods,True,,NIFTY 500,^CRSLDX,2026-10-08,2163.0,-3.04,-3.55,-2.08,409305.0,745801.0,0.55,885326715.0,47.37,53.77,False,False,False,True,True,-1.13,-0.05,5.81,False,False,False,False,1.91,0.10006407,0.09383221,6.64,6.54,True,0.6666666666666666,0.0,0.55,0.0,No clear setup,,,,,,,,,,,Neutral / watch,4.0
RADICO,Radico Khaitan Ltd,RADICO.NS,Fast Moving Consumer Goods,True,,NIFTY 500,^CRSLDX,2026-10-08,4415.0,-1.78,4.2,-1.01,202947.0,307194.0,0.66,896011005.0,49.31,38.67,True,False,False,True,True,-0.1,-1.85,3.46,False,False,False,False,6.28,0.20424544,0.19486127,4.82,6.43,True,0.6666666666666666,0.0,0.66,0.0,No clear setup,,,,,,,,,,,Neutral / watch,4.0
KAJARIACER,Kajaria Ceramics Ltd.,KAJARIACER.NS,Consumer Durables,True,,NIFTY 500,^CRSLDX,2026-10-08,1210.6,-1.27,-1.18,-2.68,385389.0,524300.0,0.74,466551923.4,47.96,52.18,False,False,False,True,True,-0.25,-0.67,1.73,False,False,False,False,0.62,0.05600442,0.05275194,6.17,6.26,True,0.6666666666666666,0.0,0.74,0.0,No clear setup,,,,,,,,,,,Neutral / watch,4.0
ZYDUSLIFE,Zydus Lifesciences Ltd.,ZYDUSLIFE.NS,Healthcare,True,,NIFTY 500,^CRSLDX,2026-10-08,1112.0,-3.56,-2.94,-0.52,1746342.0,1672241.0,1.04,1941932304.0,40.62,47.69,False,False,False,False,True,-3.51,-2.83,2.35,False,False,False,False,-3.04,0.05144302,0.04956244,3.79,2.97,True,0.6666666666666666,0.0,1.04,4.7,Actionable watch,Breakout retest,"breakout, retest, pivot, volume",1116.21,2026-08-11,8.18,0.38,,,,Prior resistance has been cleared on higher volume and price is back near that pivot. This is the kind of retest zone where follow-through can matter more than chasing a stretched candle.,Setup watch: Breakout retest,3.99
EMCURE,Emcure Pharmaceuticals Ltd.,EMCURE.NS,Healthcare,True,,NIFTY 500,^CRSLDX,2026-10-08,1851.5,-3.47,-4.79,-5.67,65719.0,203771.0,0.32,121678728.5,35.62,50.99,False,False,False,False,True,-5.08,-4.07,3.32,False,False,False,False,3.92,0.08565355,0.08343752,2.66,2.94,True,0.6666666666666666,0.0,0.32,4.8,Actionable watch,Breakout retest,"breakout, retest, pivot, volume",1837.13,2026-07-27,1.81,0.05,,,,Prior resistance has been cleared on higher volume and price is back near that pivot. This is the kind of retest zone where follow-through can matter more than chasing a stretched candle.,Setup watch: Breakout retest,3.99
HAL,Hindustan Aeronautics Ltd.,HAL.NS,Capital Goods,True,,NIFTY 500,^CRSLDX,2026-10-08,4647.4,-2.08,1.01,-6.11,521431.0,704139.0,0.74,2423298429.4,44.01,39.22,False,False,False,True,True,-2.03,-3.81,0.92,False,False,False,False,1.52,0.21499666,0.20886778,2.93,2.54,True,0.6666666666666666,0.0,0.74,4.65,Actionable watch,Breakout retest,"breakout, retest, pivot, volume, inverse-head-and-shoulders, base, reversal",4487.22,2026-07-22,1.5,2.97,,,,Prior resistance has been cleared on higher volume and price is back near that pivot. This is the kind of retest zone where follow-through can matter more than chasing a stretched candle. Secondary patterns: Possible inverse H&S.,Setup watch: Breakout retest,3.91
NETWEB,Netweb Technologies India Ltd.,NETWEB.NS,Information Technology,True,,NIFTY 500,^CRSLDX,2026-10-08,4715.1,0.63,4.31,-5.95,2348245.0,1008312.0,2.33,11072209999.5,48.14,38.21,True,True,False,True,True,0.72,-4.26,3.87,False,False,False,False,-9.9,0.21812858,0.21213904,2.82,-2.05,True,0.6666666666666666,0.0,2.33,0.0,No clear setup,,,,,,,,,,,Neutral / watch,3.89
VIJAYA,Vijaya Diagnostic Centre Ltd.,VIJAYA.NS,Healthcare,True,,NIFTY 500,^CRSLDX,2026-10-08,1431.1,-2.14,0.22,-4.52,87062.0,133432.0,0.65,124594428.2,42.89,40.84,False,False,False,True,True,-3.59,-2.68,4.03,False,False,False,False,-7.88,0.06620513,0.06347413,4.3,2.37,True,0.6666666666666666,0.0,0.65,5.1,Actionable watch,Breakout retest,"breakout, retest, pivot, volume",1418.18,2026-08-12,6.55,0.12,,,,Prior resistance has been cleared on higher volume and price is back near that pivot. This is the kind of retest zone where follow-through can matter more than chasing a stretched candle.,Setup watch: Breakout retest,3.87
ICICIBANK,ICICI Bank Ltd.,ICICIBANK.NS,Financial Services,True,,NIFTY 500,^CRSLDX,2026-10-08,1349.0,-0.63,2.93,-2.56,11277755.0,9934790.0,1.14,15213691495.0,48.46,33.7,True,True,False,False,False,0.83,-2.98,-0.17,False,False,False,False,-0.99,0.06240704,0.06041705,3.29,1.23,True,0.3333333333333333,0.0,1.14,0.0,No clear setup,,,,,,,,,,,Mean reversion bounce,3.85
SCI,Shipping Corporation of India Ltd.,SCI.NS,Services,True,,NIFTY 500,^CRSLDX,2026-10-08,280.75,-1.61,5.13,-1.56,3562846.0,2894485.0,1.23,1000269014.5,50.14,34.53,True,True,False,False,True,1.52,-2.05,2.04,False,False,False,False,0.27,0.01298797,0.01242603,4.52,2.38,True,0.6666666666666666,0.0,1.23,-3.0,Risk review,Head-and-shoulders risk,"head-and-shoulders, risk, distribution, inverse-head-and-shoulders, base, reversal",284.11,,,1.18,,,284.11,"A possible head-and-shoulders top is forming or breaking. This is a caution signal, not an entry setup. Secondary patterns: Possible inverse H&S.",Risk review,3.83
PATANJALI,Patanjali Foods Ltd.,PATANJALI.NS,Fast Moving Consumer Goods,True,,NIFTY 500,^CRSLDX,2026-10-08,355.0,-1.65,-0.04,4.49,3092753.0,6270376.0,0.49,1097927315.0,44.01,43.57,False,False,False,False,False,-4.0,-0.82,-3.83,False,False,False,False,13.09,0.01642291,0.01553264,5.73,11.56,True,0.0,0.0,0.49,4.7,Actionable watch,Breakout retest,"breakout, retest, pivot, volume",364.25,2026-09-21,6.99,2.54,,,,Prior resistance has been cleared on higher volume and price is back near that pivot. This is the kind of retest zone where follow-through can matter more than chasing a stretched candle.,Setup watch: Breakout retest,3.8
HEXT,Hexaware Technologies Ltd.,HEXT.NS,Information Technology,True,,NIFTY 500,^CRSLDX,2026-10-08,511.4,1.17,4.27,1.68,360274.0,180549.0,2.0,184244123.6,50.71,36.28,True,True,False,False,False,1.67,-3.75,-4.52,False,False,False,False,10.77,0.02365824,0.02323433,1.82,4.78,True,0.0,0.0,2.0,-2.0,Risk review,Head-and-shoulders risk,"head-and-shoulders, risk, distribution",504.25,,,1.42,,,504.25,"A possible head-and-shoulders top is forming or breaking. This is a caution signal, not an entry setup.",Risk review,3.76
ASTRAL,Astral Ltd.,ASTRAL.NS,Capital Goods,True,,NIFTY 500,^CRSLDX,2026-10-08,1408.5,-1.34,4.8,-3.46,579289.0,528091.0,1.1,815928556.5,49.32,31.27,True,True,False,False,False,1.39,-3.09,-0.16,False,False,False,False,-6.19,0.06515961,0.06316446,3.16,0.71,True,0.0,0.0,1.1,0.0,No clear setup,,,,,,,,,,,Mean reversion bounce,3.74
AWL,AWL Agri Business Ltd.,AWL.NS,Fast Moving Consumer Goods,True,,NIFTY 500,^CRSLDX,2026-10-08,182.81,-2.3,4.21,-1.56,1298637.0,2228856.0,0.58,237403829.97,48.03,30.62,True,True,False,False,False,0.23,-2.98,-3.03,False,False,False,False,5.59,0.0084571,0.00817434,3.46,4.02,True,0.0,0.0,0.58,-2.0,Risk review,Head-and-shoulders risk,"head-and-shoulders, risk, distribution",177.88,,,2.77,,,177.88,"A possible head-and-shoulders top is forming or breaking. This is a caution signal, not an entry setup.",Risk review,3.7
MOTHERSON,Samvardhana Motherson International Ltd.,MOTHERSON.NS,Automobile and Auto Components,True,,NIFTY 500,^CRSLDX,2026-10-08,153.08,-3.84,-2.52,-6.2,14700252.0,13342568.0,1.1,2250314576.16,38.62,42.51,False,False,False,False,True,-4.74,-6.04,3.11,False,False,False,False,2.35,0.00708174,0.00702222,0.85,1.23,True,0.6666666666666666,0.0,1.1,5.1,Actionable watch,Breakout retest,"breakout, retest, pivot, volume",153.04,2026-08-06,2.62,0.02,,,,Prior resistance has been cleared on higher volume and price is back near that pivot. This is the kind of retest zone where follow-through can matter more than chasing a stretched candle.,Setup watch: Breakout retest,3.65
BANKBARODA,Bank of Baroda,BANKBARODA.NS,Financial Services,True,,NIFTY 500,^CRSLDX,2026-10-08,234.0,-0.23,1.38,-1.52,14608595.0,6962397.0,2.1,3418411230.0,47.84,41.15,True,True,False,False,False,0.28,-2.24,-2.06,False,False,False,False,7.71,0.01082524,0.0103828,4.26,5.77,True,0.0,0.0,2.1,-3.0,Risk review,Head-and-shoulders risk,"head-and-shoulders, risk, distribution",262.6,,,10.89,,,262.6,"A possible head-and-shoulders top is forming or breaking. This is a caution signal, not an entry setup.",Risk review,3.6
COFORGE,Coforge Ltd.,COFORGE.NS,Information Technology,True,,NIFTY 500,^CRSLDX,2026-10-08,1814.3,-0.43,-0.64,-1.03,1849205.0,2268413.0,0.82,3355012631.5,49.55,52.06,True,True,False,True,True,0.59,-1.27,0.01,False,False,False,False,-9.17,0.08393262,0.07933772,5.79,0.44,True,0.6666666666666666,0.0,0.82,0.0,No clear setup,,,,,,,,,,,Neutral / watch,3.59
MPHASIS,MphasiS Ltd.,MPHASIS.NS,Information Technology,True,,NIFTY 500,^CRSLDX,2026-10-08,2303.4,0.63,2.36,0.51,753211.0,505593.0,1.49,1734946217.4,50.69,43.4,True,True,False,False,False,1.38,-2.89,-2.48,False,False,False,False,7.3,0.10655922,0.10283693,3.62,4.15,True,0.3333333333333333,0.0,1.49,0.0,No clear setup,,,,,,,,,,,Neutral / watch,3.53
INDIGO,InterGlobe Aviation Ltd.,INDIGO.NS,Services,True,,NIFTY 500,^CRSLDX,2026-10-08,4813.1,-3.55,-2.37,-2.67,748671.0,675717.0,1.11,3603428390.1,40.66,46.47,False,False,False,False,True,-2.2,-5.3,-0.24,False,False,False,False,6.96,0.22266222,0.22097709,0.76,3.1,True,0.3333333333333333,0.0,1.11,2.26,Actionable watch,Possible inverse H&S,"inverse-head-and-shoulders, base, reversal",4862.3,,,1.01,,,4862.3,A possible inverse head-and-shoulders base is visible. The setup improves only if price clears or holds near the neckline with better volume.,Setup watch: Possible inverse H&S,3.41
BSE,BSE Ltd.,BSE.NS,Financial Services,True,,NIFTY 500,^CRSLDX,2026-10-08,3334.8,-0.63,9.48,0.87,4342269.0,6035155.0,0.72,14480598661.2,54.6,37.03,True,True,True,False,False,3.34,0.13,1.67,False,False,False,False,5.4,0.15427354,0.1448654,6.49,3.66,True,0.6666666666666666,0.0,0.72,-3.0,Risk review,Head-and-shoulders risk,"head-and-shoulders, risk, distribution",3598.5,,,7.33,,,3598.5,"A possible head-and-shoulders top is forming or breaking. This is a caution signal, not an entry setup.",Risk review,3.38
BAJAJHLDNG,Bajaj Holdings & Investment Ltd.,BAJAJHLDNG.NS,Financial Services,True,,NIFTY 500,^CRSLDX,2026-10-08,10600.0,-0.58,-0.62,-3.57,54532.0,45131.0,1.21,578039200.0,40.59,40.96,False,False,False,False,False,-3.02,-5.12,-0.18,False,False,False,False,5.71,0.4903741,0.48356603,1.41,3.64,True,0.3333333333333333,0.0,1.21,4.29,Actionable watch,Breakout retest,"breakout, retest, pivot, volume",10828.0,2026-07-31,1.57,2.11,,,,Prior resistance has been cleared on higher volume and price is back near that pivot. This is the kind of retest zone where follow-through can matter more than chasing a stretched candle.,Setup watch: Breakout retest,3.33
BELRISE,Belrise Industries Ltd.,BELRISE.NS,Automobile and Auto Components,True,,NIFTY 500,^CRSLDX,2026-10-08,234.8,-4.67,-1.14,2.8,1764665.0,3098331.0,0.57,414343342.0,47.34,49.42,False,False,False,True,True,-1.41,-1.33,3.47,False,False,False,False,15.81,0.01086225,0.01030857,5.37,9.22,True,0.6666666666666666,0.0,0.57,-2.0,Risk review,Head-and-shoulders risk,"head-and-shoulders, risk, distribution, breakout, retest, pivot, volume",225.1,,,4.31,,,225.1,"A possible head-and-shoulders top is forming or breaking. This is a caution signal, not an entry setup. Secondary patterns: Breakout retest.",Risk review,3.3
LLOYDSME,Lloyds Metals And Energy Ltd.,LLOYDSME.NS,Metals & Mining,True,,NIFTY 500,^CRSLDX,2026-10-08,1795.6,-2.65,1.06,-1.03,473935.0,470568.0,1.01,850997686.0,45.14,41.86,False,False,False,False,True,-1.68,-4.14,3.3,False,False,False,False,16.63,0.08306752,0.08169004,1.69,6.68,True,0.6666666666666666,0.0,1.01,-2.0,Risk review,Head-and-shoulders risk,"head-and-shoulders, risk, distribution",1718.05,,,4.51,,,1718.05,"A possible head-and-shoulders top is forming or breaking. This is a caution signal, not an entry setup.",Risk review,3.3
TORNTPHARM,Torrent Pharmaceuticals Ltd.,TORNTPHARM.NS,Healthcare,True,,NIFTY 500,^CRSLDX,2026-10-08,4617.1,-2.1,-3.15,-6.35,253761.0,369911.0,0.69,1171639913.1,32.48,40.85,False,False,False,False,True,-4.89,-6.04,2.41,False,False,False,False,-1.67,0.21359493,0.21287812,0.34,0.65,True,0.6666666666666666,0.0,0.69,3.32,Actionable watch,Possible inverse H&S,"inverse-head-and-shoulders, base, reversal",4519.0,,,2.17,,,4519.0,A possible inverse head-and-shoulders base is visible. The setup improves only if price clears or holds near the neckline with better volume.,Setup watch: Possible inverse H&S,3.29
BLUESTARCO,Blue Star Ltd.,BLUESTARCO.NS,Consumer Durables,True,,NIFTY 500,^CRSLDX,2026-10-08,1519.0,-0.73,4.07,0.33,232039.0,709922.0,0.33,352467241.0,49.43,41.04,False,False,False,False,False,-0.63,-0.37,-1.39,False,False,False,False,7.05,0.07027153,0.06648725,5.69,8.77,True,0.0,0.0,0.33,0.0,No clear setup,,,,,,,,,,,Neutral / watch,3.2
PCBL,PCBL Chemical Ltd.,PCBL.NS,Chemicals,True,,NIFTY 500,^CRSLDX,2026-10-08,319.25,-2.34,-0.7,-4.64,919958.0,1074076.0,0.86,293696591.5,43.09,43.92,False,False,False,True,True,-3.35,-1.78,0.8,False,False,False,False,7.08,0.01476905,0.01412394,4.57,7.73,True,0.6666666666666666,0.0,0.86,0.0,No clear setup,,,,,,,,,,,Neutral / watch,3.2
AUROPHARMA,Aurobindo Pharma Ltd.,AUROPHARMA.NS,Healthcare,True,,NIFTY 500,^CRSLDX,2026-10-08,1645.0,-2.2,-1.9,-1.4,439291.0,801771.0,0.55,722633695.0,42.85,50.08,False,False,False,True,True,-2.56,-0.81,3.55,False,False,False,False,2.87,0.07610051,0.07161038,6.27,6.16,True,0.6666666666666666,0.0,0.55,0.0,No clear setup,,,,,,,,,,,Neutral / watch,3.2
HEG,H.E.G. Ltd.,HEG.NS,Capital Goods,False,Quote date 2026-09-21 did not match aligned market session 2026-10-08,NIFTY 500,^CRSLDX,2026-09-21,248.5,4.83,4.76,-8.01,1813114.0,3134316.0,0.58,450558829.0,49.89,36.14,True,False,False,True,True,-2.41,-0.58,2.73,False,False,False,False,-15.5,0.01087049,0.01067312,1.85,-3.95,True,0.6666666666666666,0.0,0.58,3.4,Actionable watch,Possible inverse H&S,"inverse-head-and-shoulders, base, reversal",241.08,,,3.08,,,241.08,A possible inverse head-and-shoulders base is visible. The setup improves only if price clears or holds near the neckline with better volume.,Setup watch: Possible inverse H&S,3.2
GAIL,GAIL (India) Ltd.,GAIL.NS,Oil Gas & Consumable Fuels,True,,NIFTY 500,^CRSLDX,2026-10-08,167.7,-1.76,-2.06,-3.89,7163700.0,7107377.0,1.01,1201352490.0,40.62,45.5,False,False,False,False,True,-2.28,-3.27,0.1,False,False,False,False,-2.54,0.00775809,0.00751561,3.23,2.07,True,0.6666666666666666,0.0,1.01,2.2,Watch,Possible inverse H&S,"inverse-head-and-shoulders, base, reversal",173.28,,,3.22,,,173.28,A possible inverse head-and-shoulders base is visible. The setup improves only if price clears or holds near the neckline with better volume.,Setup watch: Possible inverse H&S,3.18
WOCKPHARMA,Wockhardt Ltd.,WOCKPHARMA.NS,Healthcare,True,,NIFTY 500,^CRSLDX,2026-10-08,2029.6,-5.62,-2.61,-8.6,769434.0,1043738.0,0.74,1561643246.4,44.21,47.79,False,False,False,True,True,-5.48,-0.5,4.76,False,False,False,False,-18.76,0.09389276,0.08792825,6.78,-1.53,True,0.6666666666666666,0.0,0.74,4.7,Actionable watch,Breakout retest,"breakout, retest, pivot, volume, inverse-head-and-shoulders, base, reversal",2056.35,2026-09-04,5.08,1.3,,,,Prior resistance has been cleared on higher volume and price is back near that pivot. This is the kind of retest zone where follow-through can matter more than chasing a stretched candle. Secondary patterns: Possible inverse H&S.,Setup watch: Breakout retest,3.09
JUBLPHARMA,Jubilant Pharmova Ltd.,JUBLPHARMA.NS,Healthcare,True,,NIFTY 500,^CRSLDX,2026-10-08,932.2,-4.35,-6.71,-9.11,417017.0,262911.0,1.59,388743247.4,34.91,48.44,False,False,False,False,False,-8.92,-2.78,-0.46,False,False,False,False,3.87,0.04312516,0.04147037,3.99,5.08,True,0.3333333333333333,0.0,1.59,0.0,No clear setup,,,,,,,,,,,Neutral / watch,3.02
FEDERALBNK,Federal Bank Ltd.,FEDERALBNK.NS,Financial Services,True,,NIFTY 500,^CRSLDX,2026-10-08,321.0,-0.77,0.88,-7.23,10087249.0,6764739.0,1.49,3238006929.0,39.59,30.4,False,False,False,False,True,-2.31,-6.44,2.17,False,False,False,False,2.69,0.01485001,0.0149056,-0.37,0.55,False,0.6666666666666666,0.0,1.49,3.4,Actionable watch,Possible inverse H&S,"inverse-head-and-shoulders, base, reversal",298.45,,,7.56,,,298.45,A possible inverse head-and-shoulders base is visible. The setup improves only if price clears or holds near the neckline with better volume.,Mean reversion bounce,3.0
CLEAN,Clean Science and Technology Ltd.,CLEAN.NS,Chemicals,True,,NIFTY 500,^CRSLDX,2026-10-08,796.8,-2.08,-0.78,-6.09,230719.0,290193.0,0.8,183836899.2,44.55,45.78,False,False,False,True,True,-2.37,-2.49,-0.96,False,False,False,False,-6.66,0.03686133,0.03516681,4.82,1.09,True,0.3333333333333333,0.0,0.8,2.2,Watch,Possible inverse H&S,"inverse-head-and-shoulders, base, reversal",843.45,,,5.53,,,843.45,A possible inverse head-and-shoulders base is visible. The setup improves only if price clears or holds near the neckline with better volume.,Setup watch: Possible inverse H&S,2.99
KALYANKJIL,Kalyan Jewellers India Ltd.,KALYANKJIL.NS,Consumer Durables,True,,NIFTY 500,^CRSLDX,2026-10-08,553.5,-2.72,4.73,-10.03,6140158.0,7130688.0,0.86,3398577453.0,44.06,29.13,False,False,False,True,True,-3.04,-6.12,2.0,False,False,False,False,-0.63,0.02560585,0.02564294,-0.14,0.33,False,0.6666666666666666,0.0,0.86,3.4,Actionable watch,Possible inverse H&S,"inverse-head-and-shoulders, base, reversal",419.93,,,31.81,,,419.93,A possible inverse head-and-shoulders base is visible. The setup improves only if price clears or holds near the neckline with better volume.,Mean reversion bounce,2.96
PAGEIND,Page Industries Ltd.,PAGEIND.NS,Textiles,True,,NIFTY 500,^CRSLDX,2026-10-08,36450.0,-2.98,-0.57,1.96,18034.0,25407.0,0.71,657339300.0,47.62,50.97,False,False,False,False,True,-0.12,-0.95,0.0,False,False,False,False,13.98,1.68623922,1.60682792,4.94,8.99,True,0.3333333333333333,0.0,0.71,-3.0,Risk review,Head-and-shoulders risk,"head-and-shoulders, risk, distribution",36985.0,,,1.45,,,36985.0,"A possible head-and-shoulders top is forming or breaking. This is a caution signal, not an entry setup.",Risk review,2.95
ANANTRAJ,Anant Raj Ltd.,ANANTRAJ.NS,Realty,True,,NIFTY 500,^CRSLDX,2026-10-08,582.5,-4.84,0.8,-4.33,1898871.0,1665282.0,1.14,1106092357.5,43.07,38.98,False,False,False,True,True,-2.95,-4.63,1.13,False,False,False,False,-10.54,0.02694744,0.02651286,1.64,-2.23,True,0.6666666666666666,0.0,1.14,4.96,Actionable watch,Breakout retest,"breakout, retest, pivot, volume, inverse-head-and-shoulders, base, reversal",572.12,2026-07-10,2.11,0.8,,,,Prior resistance has been cleared on higher volume and price is back near that pivot. This is the kind of retest zone where follow-through can matter more than chasing a stretched candle. Secondary patterns: Possible inverse H&S.,Setup watch: Breakout retest,2.95
NEULANDLAB,Neuland Laboratories Ltd.,NEULANDLAB.NS,Healthcare,True,,NIFTY 500,^CRSLDX,2026-10-08,21015.0,-2.96,-2.28,-11.7,28994.0,50466.0,0.57,609308910.0,34.97,38.77,False,False,False,True,True,-5.1,-6.28,3.9,False,False,False,False,-7.12,0.97218977,0.96263635,0.99,-1.56,True,0.6666666666666666,0.0,0.57,3.4,Actionable watch,Possible inverse H&S,"inverse-head-and-shoulders, base, reversal",14811.5,,,41.88,,,14811.5,A possible inverse head-and-shoulders base is visible. The setup improves only if price clears or holds near the neckline with better volume.,Setup watch: Possible inverse H&S,2.88
ABSLAMC,Aditya Birla Sun Life AMC Ltd.,ABSLAMC.NS,Financial Services,True,,NIFTY 500,^CRSLDX,2026-10-08,1004.9,-1.04,1.33,-7.68,254248.0,232913.0,1.09,255493815.2,45.96,42.39,True,False,False,False,True,-2.31,-2.22,2.69,False,False,False,False,-2.26,0.04648839,0.04442125,4.65,3.32,True,0.6666666666666666,0.0,1.09,-2.0,Risk review,Head-and-shoulders risk,"head-and-shoulders, risk, distribution",976.2,,,2.94,,,976.2,"A possible head-and-shoulders top is forming or breaking. This is a caution signal, not an entry setup.",Risk review,2.76
STARHEALTH,Star Health and Allied Insurance Company Ltd.,STARHEALTH.NS,Financial Services,True,,NIFTY 500,^CRSLDX,2026-10-08,545.5,-1.51,1.45,-5.34,407450.0,1220436.0,0.33,222263975.0,45.65,38.9,True,False,False,False,True,-0.37,-3.53,1.73,False,False,False,False,2.32,0.02523576,0.02461311,2.53,3.25,True,0.6666666666666666,0.0,0.33,-2.0,Risk review,Head-and-shoulders risk,"head-and-shoulders, risk, distribution",522.62,,,4.38,,,522.62,"A possible head-and-shoulders top is forming or breaking. This is a caution signal, not an entry setup.",Risk review,2.75
ITC,ITC Ltd.,ITC.NS,Fast Moving Consumer Goods,True,,NIFTY 500,^CRSLDX,2026-10-08,255.0,-4.03,-0.35,-1.66,53680318.0,18203333.0,2.95,13688481090.0,39.7,36.34,False,False,False,False,False,-3.25,-5.15,-4.44,False,False,False,False,8.08,0.01179674,0.01171165,0.73,3.67,True,0.0,0.0,2.95,0.0,No clear setup,,,,,,,,,,,Neutral / watch,2.73
BEML,BEML Ltd.,BEML.NS,Capital Goods,True,,NIFTY 500,^CRSLDX,2026-10-08,1911.2,-4.74,-2.6,-5.81,188955.0,278390.0,0.68,361130796.0,41.17,45.18,False,False,False,True,True,-5.17,-2.46,1.44,False,False,False,False,-16.49,0.08841537,0.08440285,4.75,-2.38,True,0.6666666666666666,0.0,0.68,3.4,Actionable watch,Possible inverse H&S,"inverse-head-and-shoulders, base, reversal",1857.5,,,2.89,,,1857.5,A possible inverse head-and-shoulders base is visible. The setup improves only if price clears or holds near the neckline with better volume.,Setup watch: Possible inverse H&S,2.71
HBLENGINE,HBL Engineering Ltd.,HBLENGINE.NS,Capital Goods,True,,NIFTY 500,^CRSLDX,2026-10-08,725.15,-4.89,-6.95,0.59,1321528.0,1929890.0,0.68,958306029.2,42.93,58.86,False,False,True,False,False,-4.66,0.39,-1.16,False,False,False,False,6.44,0.03354668,0.03122007,7.45,10.36,True,0.3333333333333333,0.0,0.68,-2.0,Risk review,Head-and-shoulders risk,"head-and-shoulders, risk, distribution, breakout, retest, pivot, volume, flag, continuation, uptrend",710.6,,,2.05,,,710.6,"A possible head-and-shoulders top is forming or breaking. This is a caution signal, not an entry setup. Secondary patterns: Breakout retest, Bullish flag.",Risk review,2.7
BHARTIARTL,Bharti Airtel Ltd.,BHARTIARTL.NS,Telecommunication,True,,NIFTY 500,^CRSLDX,2026-10-08,1804.6,-1.6,3.65,-1.87,6582419.0,6377896.0,1.03,11878633327.4,47.36,32.29,True,False,False,False,False,-0.1,-3.53,-1.52,False,False,False,False,6.43,0.08348388,0.08132647,2.65,4.27,True,0.0,0.0,1.03,-3.0,Risk review,Head-and-shoulders risk,"head-and-shoulders, risk, distribution",1822.5,,,0.98,,,1822.5,"A possible head-and-shoulders top is forming or breaking. This is a caution signal, not an entry setup.",Risk review,2.7
TATACOMM,Tata Communications Ltd.,TATACOMM.NS,Telecommunication,True,,NIFTY 500,^CRSLDX,2026-10-08,1677.4,1.07,-0.33,-4.93,514789.0,236648.0,2.18,863507068.6,44.06,43.47,True,False,False,False,False,-1.71,-2.31,-0.56,False,False,False,False,0.88,0.07759939,0.07447391,4.2,3.36,True,0.3333333333333333,0.0,2.18,0.0,No clear setup,,,,,,,,,,,Neutral / watch,2.67
CGPOWER,CG Power and Industrial Solutions Ltd.,CGPOWER.NS,Capital Goods,True,,NIFTY 500,^CRSLDX,2026-10-08,862.05,-3.63,-1.93,-5.74,1549328.0,2352805.0,0.66,1335598202.4,44.12,48.59,False,False,False,False,True,-2.37,-2.52,2.85,False,False,False,False,-1.22,0.0398799,0.03819124,4.42,3.18,True,0.6666666666666666,0.0,0.66,0.0,No clear setup,,,,,,,,,,,Neutral / watch,2.64
AARTIIND,Aarti Industries Ltd.,AARTIIND.NS,Chemicals,True,,NIFTY 500,^CRSLDX,2026-10-08,478.05,-2.69,2.78,-5.16,700924.0,528984.0,1.33,335076718.2,45.47,36.37,True,False,False,False,True,-0.76,-4.65,2.53,False,False,False,False,3.85,0.02211541,0.02171775,1.83,4.36,True,0.6666666666666666,0.0,1.33,-3.0,Risk review,Head-and-shoulders risk,"head-and-shoulders, risk, distribution",483.52,,,1.13,,,483.52,"A possible head-and-shoulders top is forming or breaking. This is a caution signal, not an entry setup.",Risk review,2.62
CAPLIPOINT,Caplin Point Laboratories Ltd.,CAPLIPOINT.NS,Healthcare,True,,NIFTY 500,^CRSLDX,2026-10-08,2548.8,-3.79,-3.16,-8.82,69987.0,190810.0,0.37,178382865.6,40.12,44.43,False,False,False,True,True,-5.77,-3.55,3.83,False,False,False,False,-12.94,0.11791184,0.11434601,3.12,-2.97,True,0.6666666666666666,0.0,0.37,3.4,Actionable watch,Possible inverse H&S,"inverse-head-and-shoulders, base, reversal",1784.9,,,42.8,,,1784.9,A possible inverse head-and-shoulders base is visible. The setup improves only if price clears or holds near the neckline with better volume.,Setup watch: Possible inverse H&S,2.6
CARTRADE,Cartrade Tech Ltd.,CARTRADE.NS,Consumer Services,True,,NIFTY 500,^CRSLDX,2026-10-08,2837.9,-2.63,1.12,-6.48,162253.0,272549.0,0.6,460457788.7,43.35,39.87,False,False,False,True,True,-3.38,-3.12,0.7,False,False,False,False,-22.45,0.1312861,0.1266533,3.66,-4.4,True,0.6666666666666666,0.0,0.6,4.7,Actionable watch,Breakout retest,"breakout, retest, pivot, volume",2869.0,2026-08-21,3.41,1.08,,,,Prior resistance has been cleared on higher volume and price is back near that pivot. This is the kind of retest zone where follow-through can matter more than chasing a stretched candle.,Setup watch: Breakout retest,2.52
ZENSARTECH,Zensar Technolgies Ltd.,ZENSARTECH.NS,Information Technology,True,,NIFTY 500,^CRSLDX,2026-10-08,441.8,0.57,1.72,3.37,2373992.0,3866943.0,0.61,1048829665.6,48.63,44.21,True,True,False,False,False,1.44,-4.37,-5.24,False,False,False,False,10.99,0.02043842,0.02023165,1.02,4.28,True,0.0,0.0,0.61,-3.0,Risk review,Head-and-shoulders risk,"head-and-shoulders, risk, distribution",510.18,,,13.4,,,510.18,"A possible head-and-shoulders top is forming or breaking. This is a caution signal, not an entry setup.",Risk review,2.51
DRREDDY,Dr. Reddy's Laboratories Ltd.,DRREDDY.NS,Healthcare,True,,NIFTY 500,^CRSLDX,2026-10-08,1180.0,-1.98,-2.17,3.24,2278637.0,2426052.0,0.94,2688791660.0,45.38,53.96,False,False,False,False,False,-1.3,-0.15,-0.6,False,False,False,False,9.23,0.05458881,0.05112586,6.77,10.48,True,0.0,0.0,0.94,-2.0,Risk review,Head-and-shoulders risk,"head-and-shoulders, risk, distribution, breakout, retest, pivot, volume",1134.25,,,4.03,,,1134.25,"A possible head-and-shoulders top is forming or breaking. This is a caution signal, not an entry setup. Secondary patterns: Breakout retest.",Risk review,2.5
MANKIND,Mankind Pharma Ltd.,MANKIND.NS,Healthcare,True,,NIFTY 500,^CRSLDX,2026-10-08,2380.0,-4.8,-6.11,6.33,783247.0,632730.0,1.24,1864127860.0,44.75,62.24,False,False,False,False,True,-1.77,-0.95,1.1,False,False,False,False,12.5,0.11010286,0.10470503,5.16,9.99,True,0.6666666666666666,0.0,1.24,-2.0,Risk review,Head-and-shoulders risk,"head-and-shoulders, risk, distribution, breakout, retest, pivot, volume, inverse-head-and-shoulders, base, reversal",2277.3,,,4.51,,,2277.3,"A possible head-and-shoulders top is forming or breaking. This is a caution signal, not an entry setup. Secondary patterns: Breakout retest, Possible inverse H&S.",Risk review,2.5
ENRIN,Siemens Energy India Ltd.,ENRIN.NS,Capital Goods,True,,NIFTY 500,^CRSLDX,2026-10-08,3180.0,-4.9,-4.62,0.03,420238.0,508277.0,0.83,1336356840.0,44.63,57.3,False,False,False,False,True,-1.15,-3.55,1.42,False,False,False,False,19.39,0.14711223,0.14269527,3.1,9.12,True,0.6666666666666666,0.0,0.83,-2.0,Risk review,Head-and-shoulders risk,"head-and-shoulders, risk, distribution",3133.85,,,1.47,,,3133.85,"A possible head-and-shoulders top is forming or breaking. This is a caution signal, not an entry setup.",Risk review,2.5
ALKEM,Alkem Laboratories Ltd.,ALKEM.NS,Healthcare,True,,NIFTY 500,^CRSLDX,2026-10-08,5249.5,-1.89,0.57,2.17,281234.0,191953.0,1.47,1476337883.0,48.23,46.11,True,False,False,False,False,-0.15,-1.77,-0.59,False,False,False,False,11.25,0.24285083,0.23285601,4.29,7.27,True,0.0,0.0,1.47,-2.0,Risk review,Head-and-shoulders risk,"head-and-shoulders, risk, distribution",5063.0,,,3.68,,,5063.0,"A possible head-and-shoulders top is forming or breaking. This is a caution signal, not an entry setup.",Risk review,2.5
SCHNEIDER,Schneider Electric Infrastructure Ltd.,SCHNEIDER.NS,Capital Goods,True,,NIFTY 500,^CRSLDX,2026-10-08,1191.4,-5.16,-6.59,-0.29,286019.0,351321.0,0.81,340763036.6,43.2,57.86,False,False,False,False,True,-2.77,-4.68,4.77,False,False,False,False,21.04,0.0551162,0.05430247,1.5,6.93,True,0.6666666666666666,0.0,0.81,-2.0,Risk review,Head-and-shoulders risk,"head-and-shoulders, risk, distribution",1154.6,,,3.19,,,1154.6,"A possible head-and-shoulders top is forming or breaking. This is a caution signal, not an entry setup.",Risk review,2.5
CRISIL,CRISIL Ltd.,CRISIL.NS,Financial Services,True,,NIFTY 500,^CRSLDX,2026-10-08,4404.0,-2.33,-0.56,-6.73,12843.0,42007.0,0.31,56560572.0,40.06,40.3,False,False,False,True,True,-3.07,-3.59,0.45,False,False,False,False,-7.32,0.20373656,0.19756239,3.13,-1.44,True,0.6666666666666666,0.0,0.31,2.2,Watch,Possible inverse H&S,"inverse-head-and-shoulders, base, reversal",4570.25,,,3.64,,,4570.25,A possible inverse head-and-shoulders base is visible. The setup improves only if price clears or holds near the neckline with better volume.,Setup watch: Possible inverse H&S,2.48
SAILIFE,Sai Life Sciences Ltd.,SAILIFE.NS,Healthcare,True,,NIFTY 500,^CRSLDX,2026-10-08,1505.6,-3.6,-2.31,-5.37,513978.0,534536.0,0.96,773845276.8,43.92,49.12,False,False,False,True,True,-3.76,-0.24,6.08,False,False,False,False,-11.46,0.06965163,0.06480241,7.48,2.11,True,0.6666666666666666,0.0,0.96,0.0,No clear setup,,,,,,,,,,,Neutral / watch,2.42
CANHLIFE,Canara HSBC Life Insurance Company Ltd.,CANHLIFE.NS,Financial Services,True,,NIFTY 500,^CRSLDX,2026-10-08,145.56,-0.34,1.19,-4.46,1139709.0,928025.0,1.23,165896042.04,41.75,34.35,False,False,False,False,False,-2.62,-3.56,1.11,False,False,False,False,-4.41,0.00673385,0.00652696,3.17,1.27,True,0.6666666666666666,0.0,1.23,0.0,No clear setup,,,,,,,,,,,Mean reversion bounce,2.35
BERGEPAINT,Berger Paints India Ltd.,BERGEPAINT.NS,Consumer Durables,True,,NIFTY 500,^CRSLDX,2026-10-08,467.95,0.87,3.44,0.89,545378.0,440773.0,1.24,255209635.1,50.34,39.1,True,True,False,False,False,2.69,-4.86,-1.75,False,False,False,False,11.83,0.02164817,0.02143359,1.0,3.47,True,0.3333333333333333,0.0,1.24,-3.0,Risk review,Head-and-shoulders risk,"head-and-shoulders, risk, distribution, inverse-head-and-shoulders, base, reversal",468.4,,,0.1,,,468.4,"A possible head-and-shoulders top is forming or breaking. This is a caution signal, not an entry setup. Secondary patterns: Possible inverse H&S.",Risk review,2.34
HSCL,Himadri Speciality Chemical Ltd.,HSCL.NS,Chemicals,True,,NIFTY 500,^CRSLDX,2026-10-08,660.05,-1.92,-0.77,-0.56,1268759.0,2049300.0,0.62,837444377.95,44.0,45.22,False,False,False,False,True,-0.91,-4.91,3.36,False,False,False,False,15.78,0.03053504,0.03031166,0.74,5.12,True,0.6666666666666666,0.0,0.62,-2.0,Risk review,Head-and-shoulders risk,"head-and-shoulders, risk, distribution",640.02,,,3.13,,,640.02,"A possible head-and-shoulders top is forming or breaking. This is a caution signal, not an entry setup.",Risk review,2.32
ADANIGREEN,Adani Green Energy Ltd.,ADANIGREEN.NS,Power,True,,NIFTY 500,^CRSLDX,2026-10-08,1235.7,-7.88,-3.17,-4.88,7489433.0,2353957.0,3.18,9254692358.1,41.57,46.59,False,False,False,False,True,-3.77,-5.51,2.27,False,False,False,False,6.31,0.05716559,0.05688394,0.5,2.77,True,0.6666666666666666,0.0,3.18,-3.0,Risk review,Head-and-shoulders risk,"head-and-shoulders, risk, distribution",1331.2,,,7.17,,,1331.2,"A possible head-and-shoulders top is forming or breaking. This is a caution signal, not an entry setup.",Risk review,2.3
DLF,DLF Ltd.,DLF.NS,Realty,True,,NIFTY 500,^CRSLDX,2026-10-08,636.95,-2.9,-3.26,-2.88,4391406.0,4011126.0,1.09,2797106051.7,41.56,48.77,False,False,False,False,True,-2.86,-3.91,-0.58,False,False,False,False,-3.08,0.02946639,0.02876876,2.42,1.43,True,0.3333333333333333,0.0,1.09,0.0,No clear setup,,,,,,,,,,,Neutral / watch,2.29
AJANTPHARM,Ajanta Pharmaceuticals Ltd.,AJANTPHARM.NS,Healthcare,True,,NIFTY 500,^CRSLDX,2026-10-08,3435.6,-3.76,-4.06,-2.4,83212.0,100418.0,0.83,285883147.2,40.9,54.44,False,False,False,True,True,-2.95,-3.21,2.82,False,False,False,False,2.0,0.15893672,0.15337046,3.63,4.75,True,0.6666666666666666,0.0,0.83,-2.0,Risk review,Head-and-shoulders risk,"head-and-shoulders, risk, distribution",3339.9,,,2.87,,,3339.9,"A possible head-and-shoulders top is forming or breaking. This is a caution signal, not an entry setup.",Risk review,2.25
CHALET,Chalet Hotels Ltd.,CHALET.NS,Consumer Services,True,,NIFTY 500,^CRSLDX,2026-10-08,825.55,-2.58,-0.57,-5.71,102997.0,178876.0,0.58,85029173.35,41.63,38.36,False,False,False,False,True,-3.4,-4.07,-0.3,False,False,False,False,-13.99,0.03819135,0.03722289,2.6,-2.68,True,0.3333333333333333,0.0,0.58,2.2,Watch,Possible inverse H&S,"inverse-head-and-shoulders, base, reversal",852.02,,,3.11,,,852.02,A possible inverse head-and-shoulders base is visible. The setup improves only if price clears or holds near the neckline with better volume.,Setup watch: Possible inverse H&S,2.23
CRAFTSMAN,Craftsman Automation Ltd.,CRAFTSMAN.NS,Automobile and Auto Components,True,,NIFTY 500,^CRSLDX,2026-10-08,10038.0,-1.57,-2.22,-15.3,56037.0,53809.0,1.04,562499406.0,34.41,37.67,False,False,False,True,True,-6.33,-6.59,4.25,False,False,False,False,-17.47,0.46437502,0.46226171,0.46,-4.81,True,0.6666666666666666,0.0,1.04,3.4,Actionable watch,Possible inverse H&S,"inverse-head-and-shoulders, base, reversal",8933.75,,,12.36,,,8933.75,A possible inverse head-and-shoulders base is visible. The setup improves only if price clears or holds near the neckline with better volume.,Setup watch: Possible inverse H&S,2.23
JINDALSAW,Jindal Saw Ltd.,JINDALSAW.NS,Capital Goods,True,,NIFTY 500,^CRSLDX,2026-10-08,270.2,-4.15,-0.04,-14.9,1083251.0,1481595.0,0.73,292694420.2,39.96,37.6,False,False,False,True,True,-5.15,-5.42,5.5,False,False,False,False,-20.24,0.01249991,0.01228897,1.72,-6.49,True,0.6666666666666666,0.0,0.73,5.05,Actionable watch,Breakout retest,"breakout, retest, pivot, volume",268.71,2026-07-09,2.3,0.54,,,,Prior resistance has been cleared on higher volume and price is back near that pivot. This is the kind of retest zone where follow-through can matter more than chasing a stretched candle.,Setup watch: Breakout retest,2.2
SAREGAMA,Saregama India Ltd,SAREGAMA.NS,Media Entertainment & Publication,True,,NIFTY 500,^CRSLDX,2026-10-08,481.85,-4.35,-2.61,-4.61,315892.0,362823.0,0.87,152212560.2,42.06,48.28,False,False,False,False,True,-2.97,-4.58,3.47,False,False,False,False,8.81,0.0222912,0.02194528,1.58,4.43,True,0.6666666666666666,0.0,0.87,-2.0,Risk review,Head-and-shoulders risk,"head-and-shoulders, risk, distribution",459.18,,,4.94,,,459.18,"A possible head-and-shoulders top is forming or breaking. This is a caution signal, not an entry setup.",Risk review,2.19
ESCORTS,Escorts Kubota Ltd.,ESCORTS.NS,Capital Goods,True,,NIFTY 500,^CRSLDX,2026-10-08,2773.6,-0.43,3.99,-6.25,46619.0,107729.0,0.43,129302458.4,43.35,27.24,True,False,False,False,False,-0.69,-5.98,-2.8,False,False,False,False,2.08,0.12831147,0.12820828,0.08,0.47,True,0.0,0.0,0.43,0.0,No clear setup,,,,,,,,,,,Mean reversion bounce,2.19
POWERINDIA,Hitachi Energy India Ltd.,POWERINDIA.NS,Capital Goods,True,,NIFTY 500,^CRSLDX,2026-10-08,30935.0,-2.14,-1.13,-0.83,72074.0,101762.0,0.71,2229609190.0,44.62,47.56,False,False,False,False,True,-0.83,-4.67,4.44,False,False,False,False,13.92,1.43110591,1.40509598,1.85,4.29,True,0.6666666666666666,0.0,0.71,-2.0,Risk review,Head-and-shoulders risk,"head-and-shoulders, risk, distribution",30797.5,,,0.45,,,30797.5,"A possible head-and-shoulders top is forming or breaking. This is a caution signal, not an entry setup.",Risk review,2.16
JAINREC,Jain Resource Recycling Ltd.,JAINREC.NS,Metals & Mining,True,,NIFTY 500,^CRSLDX,2026-10-08,281.05,-4.78,-0.51,-3.57,839305.0,1752794.0,0.48,235886670.25,45.19,45.95,False,False,False,False,False,-1.35,-4.1,-3.0,False,False,False,False,11.58,0.01300185,0.01283915,1.27,7.01,True,0.0,0.0,0.48,-3.0,Risk review,Head-and-shoulders risk,"head-and-shoulders, risk, distribution",350.35,,,19.78,,,350.35,"A possible head-and-shoulders top is forming or breaking. This is a caution signal, not an entry setup.",Risk review,2.15
INDUSTOWER,Indus Towers Ltd.,INDUSTOWER.NS,Telecommunication,True,,NIFTY 500,^CRSLDX,2026-10-08,373.0,-3.13,-0.86,0.27,2309118.0,6135763.0,0.38,861301014.0,46.33,49.24,False,False,False,False,False,-1.42,-1.56,-0.87,False,False,False,False,1.25,0.01725562,0.01642797,5.04,6.14,True,0.0,0.0,0.38,-3.0,Risk review,Head-and-shoulders risk,"head-and-shoulders, risk, distribution",382.93,,,2.59,,,382.93,"A possible head-and-shoulders top is forming or breaking. This is a caution signal, not an entry setup.",Risk review,2.15
GRANULES,Granules India Ltd.,GRANULES.NS,Healthcare,True,,NIFTY 500,^CRSLDX,2026-10-08,815.05,-3.58,-0.82,-9.36,671015.0,1605009.0,0.42,546910775.75,40.84,40.25,False,False,False,False,True,-4.76,-4.48,3.84,False,False,False,False,-3.32,0.0377056,0.03689111,2.21,0.67,True,0.6666666666666666,0.0,0.42,0.0,No clear setup,,,,,,,,,,,Neutral / watch,2.13
DCMSHRIRAM,DCM Shriram Ltd.,DCMSHRIRAM.NS,Diversified,True,,NIFTY 500,^CRSLDX,2026-10-08,955.75,-1.4,5.39,-5.14,50809.0,136767.0,0.37,48560701.75,45.74,22.23,True,False,False,False,False,-1.43,-4.8,-2.44,False,False,False,False,-0.8,0.04421463,0.04368294,1.22,1.25,True,0.0,0.0,0.37,-3.0,Risk review,Head-and-shoulders risk,"head-and-shoulders, risk, distribution",1035.1,,,7.67,,,1035.1,"A possible head-and-shoulders top is forming or breaking. This is a caution signal, not an entry setup.",Risk review,2.1
BANKINDIA,Bank of India,BANKINDIA.NS,Financial Services,True,,NIFTY 500,^CRSLDX,2026-10-08,132.35,-0.9,2.22,-6.13,5494158.0,5729337.0,0.96,727151811.3,40.64,28.5,True,False,False,False,False,-2.16,-5.29,-0.41,False,False,False,False,-3.45,0.00612274,0.00605308,1.15,-0.17,True,0.0,0.0,0.96,0.0,No clear setup,,,,,,,,,,,Mean reversion bounce,2.07
JKCEMENT,J.K. Cement Ltd.,JKCEMENT.NS,Construction Materials,True,,NIFTY 500,^CRSLDX,2026-10-08,4966.5,-1.6,0.29,1.04,68549.0,72753.0,0.94,340448608.5,46.75,45.65,False,False,False,False,False,-0.12,-3.34,-1.12,False,False,False,False,9.36,0.22975877,0.2244455,2.37,5.42,True,0.0,0.0,0.94,-3.0,Risk review,Head-and-shoulders risk,"head-and-shoulders, risk, distribution",5093.0,,,2.48,,,5093.0,"A possible head-and-shoulders top is forming or breaking. This is a caution signal, not an entry setup.",Risk review,2.03
CIEINDIA,CIE Automotive India Ltd.,CIEINDIA.NS,Automobile and Auto Components,True,,NIFTY 500,^CRSLDX,2026-10-08,371.65,-1.86,-1.25,-2.66,172401.0,236772.0,0.73,64072831.65,37.19,40.09,False,False,False,False,False,-2.69,-5.38,-0.45,False,False,False,False,7.76,0.01719316,0.01709494,0.57,3.8,True,0.0,0.0,0.73,0.0,No clear setup,,,,,,,,,,,Neutral / watch,1.96
CENTRALBK,Central Bank of India,CENTRALBK.NS,Financial Services,True,,NIFTY 500,^CRSLDX,2026-10-08,29.99,-1.48,-0.03,-2.69,4709484.0,6920223.0,0.68,141237425.16,41.37,39.62,False,False,False,False,False,-2.21,-2.82,-1.76,False,False,False,False,1.43,0.00138739,0.00133825,3.67,3.77,True,0.0,0.0,0.68,0.0,No clear setup,,,,,,,,,,,Neutral / watch,1.95
PPLPHARMA,Piramal Pharma Ltd.,PPLPHARMA.NS,Healthcare,True,,NIFTY 500,^CRSLDX,2026-10-08,196.43,-3.24,-0.78,-7.56,1896685.0,3031768.0,0.63,372565834.55,40.63,38.97,False,False,False,True,True,-4.37,-6.05,1.89,False,False,False,False,-9.64,0.00908719,0.00903121,0.62,-4.2,True,0.6666666666666666,0.0,0.63,2.2,Actionable watch,Possible inverse H&S,"inverse-head-and-shoulders, base, reversal",199.61,,,1.59,,,199.61,A possible inverse head-and-shoulders base is visible. The setup improves only if price clears or holds near the neckline with better volume.,Setup watch: Possible inverse H&S,1.93
NAVA,Nava Ltd.,NAVA.NS,Power,True,,NIFTY 500,^CRSLDX,2026-10-08,544.5,-4.55,-1.45,-2.48,569066.0,323788.0,1.76,309856437.0,43.72,47.73,False,False,False,False,False,-1.62,-3.01,-0.12,False,False,False,False,6.04,0.0251895,0.02433494,3.51,4.86,True,0.0,0.0,1.76,-3.0,Risk review,Head-and-shoulders risk,"head-and-shoulders, risk, distribution",546.48,,,0.36,,,546.48,"A possible head-and-shoulders top is forming or breaking. This is a caution signal, not an entry setup.",Risk review,1.92
ACUTAAS,Acutaas Chemicals Ltd.,ACUTAAS.NS,Healthcare,True,,NIFTY 500,^CRSLDX,2026-10-08,3056.7,-3.7,-4.37,-11.44,358872.0,353756.0,1.01,1096964042.4,38.81,45.21,False,False,False,False,True,-6.37,-5.69,6.17,False,False,False,False,3.52,0.14140816,0.14040247,0.72,2.92,True,0.6666666666666666,0.0,1.01,-2.0,Risk review,Head-and-shoulders risk,"head-and-shoulders, risk, distribution",2992.6,,,2.14,,,2992.6,"A possible head-and-shoulders top is forming or breaking. This is a caution signal, not an entry setup.",Risk review,1.88
TARIL,Transformers And Rectifiers (India) Ltd.,TARIL.NS,Capital Goods,True,,NIFTY 500,^CRSLDX,2026-10-08,282.75,-2.21,0.69,-2.48,1397291.0,7365090.0,0.19,395084030.25,47.58,45.62,True,True,False,False,False,0.8,-2.93,0.05,False,False,False,False,-1.64,0.0130805,0.01264479,3.45,1.08,True,0.3333333333333333,0.0,0.19,-3.0,Risk review,Head-and-shoulders risk,"head-and-shoulders, risk, distribution",286.05,,,1.15,,,286.05,"A possible head-and-shoulders top is forming or breaking. This is a caution signal, not an entry setup.",Risk review,1.87
SRF,SRF Ltd.,SRF.NS,Chemicals,True,,NIFTY 500,^CRSLDX,2026-10-08,2485.2,1.02,-0.04,-1.34,303720.0,243852.0,1.25,754804944.0,45.5,43.66,True,False,False,False,False,-0.36,-2.6,-1.95,False,False,False,False,4.55,0.11496959,0.11087882,3.69,4.57,True,0.0,0.0,1.25,-3.0,Risk review,Head-and-shoulders risk,"head-and-shoulders, risk, distribution",2580.2,,,3.68,,,2580.2,"A possible head-and-shoulders top is forming or breaking. This is a caution signal, not an entry setup.",Risk review,1.86
POONAWALLA,Poonawalla Fincorp Ltd.,POONAWALLA.NS,Financial Services,True,,NIFTY 500,^CRSLDX,2026-10-08,437.9,-2.45,1.04,-2.56,1123865.0,1400823.0,0.8,492140483.5,42.47,37.61,False,False,False,False,False,-2.88,-6.08,-0.23,False,False,False,False,3.41,0.020258,0.0202784,-0.1,2.17,False,0.3333333333333333,0.0,0.8,5.1,Actionable watch,Breakout retest,"breakout, retest, pivot, volume",431.67,2026-09-18,8.39,0.36,,,,Prior resistance has been cleared on higher volume and price is back near that pivot. This is the kind of retest zone where follow-through can matter more than chasing a stretched candle.,Setup watch: Breakout retest,1.83
INDIANB,Indian Bank,INDIANB.NS,Financial Services,True,,NIFTY 500,^CRSLDX,2026-10-08,807.8,-2.47,1.85,-5.69,2115065.0,994370.0,2.13,1708549507.0,40.34,27.43,False,False,False,False,False,-2.08,-5.51,0.41,False,False,False,False,-1.29,0.03737021,0.03701565,0.96,-0.47,True,0.3333333333333333,0.0,2.13,-3.0,Risk review,Head-and-shoulders risk,"head-and-shoulders, risk, distribution",823.85,,,1.95,,,823.85,"A possible head-and-shoulders top is forming or breaking. This is a caution signal, not an entry setup.",Risk review,1.76
GODREJCP,Godrej Consumer Products Ltd.,GODREJCP.NS,Fast Moving Consumer Goods,True,,NIFTY 500,^CRSLDX,2026-10-08,865.0,-0.06,2.98,-0.56,892378.0,983838.0,0.91,771906970.0,44.7,29.13,True,True,False,False,False,0.16,-5.44,-2.91,False,False,False,False,21.96,0.04001638,0.04014037,-0.31,7.51,False,0.0,0.0,0.91,-3.0,Risk review,Head-and-shoulders risk,"head-and-shoulders, risk, distribution",984.27,,,12.12,,,984.27,"A possible head-and-shoulders top is forming or breaking. This is a caution signal, not an entry setup.",Risk review,1.75
FIVESTAR,Five-Star Business Finance Ltd.,FIVESTAR.NS,Financial Services,True,,NIFTY 500,^CRSLDX,2026-10-08,502.2,-1.4,-0.8,-5.36,444955.0,823940.0,0.54,223456401.0,42.01,42.67,False,False,False,False,True,-4.33,-5.35,-0.83,False,False,False,False,3.52,0.02323263,0.02304788,0.8,2.24,True,0.3333333333333333,0.0,0.54,-2.0,Risk review,Head-and-shoulders risk,"head-and-shoulders, risk, distribution, inverse-head-and-shoulders, base, reversal",485.27,,,3.49,,,485.27,"A possible head-and-shoulders top is forming or breaking. This is a caution signal, not an entry setup. Secondary patterns: Possible inverse H&S.",Risk review,1.75
TATATECH,Tata Technologies Ltd.,TATATECH.NS,Information Technology,True,,NIFTY 500,^CRSLDX,2026-10-08,694.65,-0.42,-0.59,-10.83,1754369.0,868920.0,2.02,1218672425.85,34.37,34.34,False,False,False,False,True,-3.4,-10.44,1.0,False,False,False,False,3.22,0.03213569,0.03356154,-4.25,-5.22,False,0.6666666666666666,0.0,2.02,3.4,Actionable watch,Possible inverse H&S,"inverse-head-and-shoulders, base, reversal",605.28,,,14.77,,,605.28,A possible inverse head-and-shoulders base is visible. The setup improves only if price clears or holds near the neckline with better volume.,Setup watch: Possible inverse H&S,1.75
APLAPOLLO,APL Apollo Tubes Ltd.,APLAPOLLO.NS,Capital Goods,True,,NIFTY 500,^CRSLDX,2026-10-08,2040.0,-4.45,-3.58,-7.05,253118.0,649882.0,0.39,516360720.0,38.09,44.58,False,False,False,True,True,-5.49,-3.98,1.75,False,False,False,False,-13.77,0.09437388,0.09140387,3.25,-1.34,True,0.6666666666666666,0.0,0.39,0.0,No clear setup,,,,,,,,,,,Neutral / watch,1.73
JSL,Jindal Stainless Ltd.,JSL.NS,Metals & Mining,True,,NIFTY 500,^CRSLDX,2026-10-08,705.6,-3.63,-3.7,-7.42,721953.0,1044417.0,0.69,509410036.8,39.52,47.61,False,False,False,False,False,-4.71,-3.89,-0.75,False,False,False,False,-0.51,0.03264226,0.0317913,2.68,2.59,True,0.0,0.0,0.69,0.0,No clear setup,,,,,,,,,,,Neutral / watch,1.72
PARADEEP,Paradeep Phosphates Ltd.,PARADEEP.NS,Chemicals,True,,NIFTY 500,^CRSLDX,2026-10-08,150.55,-3.11,-0.44,-4.18,1424165.0,1752385.0,0.81,214408040.75,44.19,44.81,False,False,False,True,True,-2.06,-1.71,-0.35,False,False,False,False,-6.0,0.0069647,0.00663049,5.04,2.09,True,0.3333333333333333,0.0,0.81,-2.0,Risk review,Head-and-shoulders risk,"head-and-shoulders, risk, distribution",143.66,,,4.8,,,143.66,"A possible head-and-shoulders top is forming or breaking. This is a caution signal, not an entry setup.",Risk review,1.72
ICICIPRULI,ICICI Prudential Life Insurance Company Ltd.,ICICIPRULI.NS,Financial Services,True,,NIFTY 500,^CRSLDX,2026-10-08,457.0,-0.11,2.0,-2.97,1477630.0,1607146.0,0.92,675276910.0,41.26,34.23,True,False,False,False,False,-1.9,-6.22,-3.2,False,False,False,False,7.45,0.0211416,0.02122301,-0.38,4.02,False,0.0,0.0,0.92,0.0,No clear setup,,,,,,,,,,,Mean reversion bounce,1.7
IFCI,IFCI Ltd.,IFCI.NS,Financial Services,True,,NIFTY 500,^CRSLDX,2026-10-08,66.43,3.75,1.98,-21.98,216192035.0,71893380.0,3.01,14361636885.05,37.02,31.42,False,False,False,False,False,-8.36,-16.01,3.47,False,False,False,False,-68.84,0.00307317,0.00341224,-9.94,-30.58,False,0.6666666666666666,0.0,3.01,3.4,Actionable watch,Possible inverse H&S,"inverse-head-and-shoulders, base, reversal",62.0,,,7.15,,,62.0,A possible inverse head-and-shoulders base is visible. The setup improves only if price clears or holds near the neckline with better volume.,Mean reversion bounce,1.69
ADANIENT,Adani Enterprises Ltd.,ADANIENT.NS,Metals & Mining,True,,NIFTY 500,^CRSLDX,2026-10-08,2596.0,-5.36,-7.84,-15.64,4400475.0,1641298.0,2.68,11423633100.0,30.34,40.12,False,False,False,False,True,-10.62,-12.53,2.63,False,False,False,False,-6.22,0.12009539,0.12872576,-6.7,-5.73,False,0.6666666666666666,0.0,2.68,3.4,Actionable watch,Possible inverse H&S,"inverse-head-and-shoulders, base, reversal",2401.95,,,8.08,,,2401.95,A possible inverse head-and-shoulders base is visible. The setup improves only if price clears or holds near the neckline with better volume.,Setup watch: Possible inverse H&S,1.64
ABBOTINDIA,Abbott India Ltd.,ABBOTINDIA.NS,Healthcare,True,,NIFTY 500,^CRSLDX,2026-10-08,25580.0,-1.97,-4.69,1.27,5523.0,9025.0,0.61,141278340.0,37.06,53.04,False,False,False,False,False,-3.53,-3.97,-0.67,False,False,False,False,9.04,1.18337447,1.15772022,2.22,5.64,True,0.0,0.0,0.61,-2.0,Risk review,Head-and-shoulders risk,"head-and-shoulders, risk, distribution",25527.5,,,0.21,,,25527.5,"A possible head-and-shoulders top is forming or breaking. This is a caution signal, not an entry setup.",Risk review,1.63
MRF,MRF Ltd.,MRF.NS,Automobile and Auto Components,True,,NIFTY 500,^CRSLDX,2026-10-08,122465.0,-0.5,-1.01,-4.53,2651.0,3071.0,0.86,324654715.0,33.29,35.56,False,False,False,False,False,-1.71,-5.2,-2.03,False,False,False,False,3.05,5.66543996,5.61309176,0.93,1.78,True,0.0,0.0,0.86,0.0,No clear setup,,,,,,,,,,,Neutral / watch,1.56
GVT&D,GE Vernova T&D India Ltd.,GVT&D.NS,Capital Goods,True,,NIFTY 500,^CRSLDX,2026-10-08,4200.0,-2.69,-1.25,-7.59,517368.0,601981.0,0.86,2172945600.0,43.93,46.23,False,False,False,False,True,-2.42,-2.88,3.21,False,False,False,False,-0.39,0.19429917,0.18678449,4.02,3.02,True,0.6666666666666666,0.0,0.86,-3.0,Risk review,Head-and-shoulders risk,"head-and-shoulders, risk, distribution",4275.55,,,1.77,,,4275.55,"A possible head-and-shoulders top is forming or breaking. This is a caution signal, not an entry setup.",Risk review,1.55
RHIM,RHI MAGNESITA INDIA LTD.,RHIM.NS,Capital Goods,True,,NIFTY 500,^CRSLDX,2026-10-08,367.1,-0.64,-4.61,-3.06,602781.0,1114900.0,0.54,221280905.1,40.01,54.45,False,False,False,False,False,-2.56,-3.7,-1.72,False,False,False,False,14.67,0.01698267,0.01655661,2.57,5.2,True,0.0,0.0,0.54,-2.0,Risk review,Head-and-shoulders risk,"head-and-shoulders, risk, distribution",352.65,,,4.1,,,352.65,"A possible head-and-shoulders top is forming or breaking. This is a caution signal, not an entry setup.",Risk review,1.54
ITCHOTELS,ITC Hotels Ltd.,ITCHOTELS.NS,Consumer Services,True,,NIFTY 500,^CRSLDX,2026-10-08,154.63,-2.85,-2.45,0.32,1255360.0,1704852.0,0.74,194116316.8,41.55,47.66,False,False,False,False,False,-2.16,-4.27,-2.21,False,False,False,False,9.2,0.00715345,0.00701175,2.02,4.99,True,0.0,0.0,0.74,-2.0,Risk review,Head-and-shoulders risk,"head-and-shoulders, risk, distribution",153.43,,,0.79,,,153.43,"A possible head-and-shoulders top is forming or breaking. This is a caution signal, not an entry setup.",Risk review,1.5
IDFCFIRSTB,IDFC First Bank Ltd.,IDFCFIRSTB.NS,Financial Services,True,,NIFTY 500,^CRSLDX,2026-10-08,78.46,-1.36,-2.4,-9.65,17426267.0,23963971.0,0.73,1367264908.82,35.5,38.14,False,False,False,False,True,-5.76,-7.27,-0.02,False,False,False,False,-6.91,0.00362969,0.00366738,-1.03,-2.77,False,0.3333333333333333,0.0,0.73,3.4,Actionable watch,Possible inverse H&S,"inverse-head-and-shoulders, base, reversal",71.98,,,9.0,,,71.98,A possible inverse head-and-shoulders base is visible. The setup improves only if price clears or holds near the neckline with better volume.,Setup watch: Possible inverse H&S,1.44
ICICIAMC,ICICI Prudential Asset Management Company Ltd.,ICICIAMC.NS,Financial Services,True,,NIFTY 500,^CRSLDX,2026-10-08,3066.4,0.26,-0.58,1.08,562837.0,411465.0,1.37,1725883376.8,44.13,45.29,False,False,False,False,False,-1.78,-1.36,,False,False,False,False,7.82,0.1418569,0.13474188,5.28,9.0,True,0.3333333333333333,0.0,1.37,-3.0,Risk review,Head-and-shoulders risk,"head-and-shoulders, risk, distribution",3119.15,,,1.69,,,3119.15,"A possible head-and-shoulders top is forming or breaking. This is a caution signal, not an entry setup.",Risk review,1.35
DABUR,Dabur India Ltd.,DABUR.NS,Fast Moving Consumer Goods,True,,NIFTY 500,^CRSLDX,2026-10-08,376.8,-1.76,0.68,0.09,874845.0,2320584.0,0.38,329641596.0,42.31,35.24,False,False,False,False,False,-1.55,-3.75,-2.51,False,False,False,False,14.54,0.01743141,0.01707705,2.08,7.5,True,0.0,0.0,0.38,-3.0,Risk review,Head-and-shoulders risk,"head-and-shoulders, risk, distribution",427.48,,,11.85,,,427.48,"A possible head-and-shoulders top is forming or breaking. This is a caution signal, not an entry setup.",Risk review,1.35
EMAMILTD,Emami Ltd.,EMAMILTD.NS,Fast Moving Consumer Goods,True,,NIFTY 500,^CRSLDX,2026-10-08,367.25,-2.18,-1.45,-0.97,511099.0,2408679.0,0.21,187701107.75,40.87,42.93,False,False,False,False,False,-2.79,-4.84,-3.38,False,False,False,False,15.01,0.01698961,0.01680286,1.11,7.04,True,0.0,0.0,0.21,-3.0,Risk review,Head-and-shoulders risk,"head-and-shoulders, risk, distribution",385.3,,,4.68,,,385.3,"A possible head-and-shoulders top is forming or breaking. This is a caution signal, not an entry setup.",Risk review,1.35
EIHOTEL,EIH Ltd.,EIHOTEL.NS,Consumer Services,True,,NIFTY 500,^CRSLDX,2026-10-08,291.2,-1.79,-2.23,2.16,133690.0,374104.0,0.36,38930528.0,43.09,49.02,False,False,False,False,False,-2.16,-2.99,-2.22,False,False,False,False,6.66,0.01347141,0.01310762,2.78,6.1,True,0.0,0.0,0.36,-3.0,Risk review,Head-and-shoulders risk,"head-and-shoulders, risk, distribution",306.88,,,5.11,,,306.88,"A possible head-and-shoulders top is forming or breaking. This is a caution signal, not an entry setup.",Risk review,1.35
TORNTPOWER,Torrent Power Ltd.,TORNTPOWER.NS,Power,True,,NIFTY 500,^CRSLDX,2026-10-08,1214.6,-1.77,-2.28,-6.3,386016.0,209897.0,1.84,468855033.6,35.92,42.87,False,False,False,False,False,-3.23,-4.81,-0.19,False,False,False,False,4.59,0.05618947,0.05563509,1.0,1.99,True,0.0,0.0,1.84,-3.0,Risk review,Head-and-shoulders risk,"head-and-shoulders, risk, distribution",1335.05,,,9.02,,,1335.05,"A possible head-and-shoulders top is forming or breaking. This is a caution signal, not an entry setup.",Risk review,1.35
ELGIEQUIP,Elgi Equipments Ltd.,ELGIEQUIP.NS,Capital Goods,True,,NIFTY 500,^CRSLDX,2026-10-08,579.0,-3.83,-0.97,-6.85,245828.0,321061.0,0.77,142334412.0,39.73,40.02,False,False,False,False,True,-3.77,-4.6,2.34,False,False,False,False,-16.52,0.02678553,0.02620407,2.22,-3.45,True,0.6666666666666666,0.0,0.77,0.0,No clear setup,,,,,,,,,,,Neutral / watch,1.31
JSWDULUX,JSW Dulux Ltd.,JSWDULUX.NS,Consumer Durables,True,,NIFTY 500,^CRSLDX,2026-10-08,2989.1,-1.29,-1.04,-5.99,14829.0,36933.0,0.4,44325363.9,40.24,40.28,False,False,False,False,,-3.41,-3.7,,False,False,False,False,-6.47,0.13828087,0.1340642,3.15,0.48,True,0.0,0.0,0.4,0.0,No clear setup,,,,,,,,,,,Neutral / watch,1.3
UTIAMC,UTI Asset Management Company Ltd.,UTIAMC.NS,Financial Services,True,,NIFTY 500,^CRSLDX,2026-10-08,877.2,-1.69,-0.74,-4.8,71495.0,81929.0,0.87,62715414.0,40.54,42.48,False,False,False,False,False,-2.28,-2.24,-2.3,False,False,False,False,5.08,0.04058077,0.03888452,4.36,5.59,True,0.0,0.0,0.87,-3.0,Risk review,Head-and-shoulders risk,"head-and-shoulders, risk, distribution",914.77,,,4.11,,,914.77,"A possible head-and-shoulders top is forming or breaking. This is a caution signal, not an entry setup.",Risk review,1.27
FORCEMOT,Force Motors Ltd.,FORCEMOT.NS,Automobile and Auto Components,True,,NIFTY 500,^CRSLDX,2026-10-08,16700.0,-1.51,-0.6,-8.12,49079.0,65216.0,0.75,819619300.0,40.27,38.96,False,False,False,False,False,-2.88,-5.49,-0.45,False,False,False,False,0.45,0.77257051,0.76537328,0.94,0.34,True,0.0,0.0,0.75,0.0,No clear setup,,,,,,,,,,,Neutral / watch,1.27
PGEL,PG Electroplast Ltd.,PGEL.NS,Consumer Durables,True,,NIFTY 500,^CRSLDX,2026-10-08,510.6,-2.18,6.13,-5.79,1883752.0,1168448.0,1.61,961843771.2,43.61,22.89,True,False,False,False,False,-0.9,-9.04,-0.93,False,False,False,False,5.48,0.02362123,0.02450488,-3.61,-2.25,False,0.3333333333333333,0.0,1.61,0.0,No clear setup,,,,,,,,,,,Mean reversion bounce,1.25
SAPPHIRE,Sapphire Foods India Ltd.,SAPPHIRE.NS,Consumer Services,True,,NIFTY 500,^CRSLDX,2026-10-08,205.11,-4.61,-2.24,-8.48,613198.0,815616.0,0.75,125773041.78,34.31,35.81,False,False,False,True,True,-7.28,-8.7,-1.06,False,False,False,False,-9.75,0.00948874,0.00965531,-1.73,-3.71,False,0.3333333333333333,0.0,0.75,3.4,Actionable watch,Possible inverse H&S,"inverse-head-and-shoulders, base, reversal",178.45,,,14.94,,,178.45,A possible inverse head-and-shoulders base is visible. The setup improves only if price clears or holds near the neckline with better volume.,Setup watch: Possible inverse H&S,1.25
BOSCHLTD,Bosch Ltd.,BOSCHLTD.NS,Automobile and Auto Components,True,,NIFTY 500,^CRSLDX,2026-10-08,43155.0,-2.83,-5.11,-11.52,21529.0,24582.0,0.88,929083995.0,32.15,41.54,False,False,False,False,True,-7.62,-7.52,2.75,False,False,False,False,-16.93,1.99642397,2.00700856,-0.53,-3.74,False,0.6666666666666666,0.0,0.88,3.4,Actionable watch,Possible inverse H&S,"inverse-head-and-shoulders, base, reversal",37925.0,,,13.79,,,37925.0,A possible inverse head-and-shoulders base is visible. The setup improves only if price clears or holds near the neckline with better volume.,Setup watch: Possible inverse H&S,1.24
DOMS,DOMS Industries Ltd.,DOMS.NS,Fast Moving Consumer Goods,True,,NIFTY 500,^CRSLDX,2026-10-08,2057.4,-0.07,-1.91,-5.0,15910.0,23646.0,0.67,32733234.0,37.06,43.23,False,False,False,False,False,-1.7,-5.2,-2.03,False,False,False,False,-0.21,0.09517884,0.09435636,0.87,0.11,True,0.0,0.0,0.67,0.0,No clear setup,,,,,,,,,,,Neutral / watch,1.22
MEDANTA,Global Health Ltd.,MEDANTA.NS,Healthcare,True,,NIFTY 500,^CRSLDX,2026-10-08,1276.5,-1.36,-5.95,-12.54,144593.0,244505.0,0.59,184572964.5,28.68,37.25,False,False,False,False,True,-9.68,-10.62,2.05,False,False,False,False,-2.69,0.05905307,0.06186845,-4.55,-3.88,False,0.6666666666666666,0.0,0.59,3.4,Actionable watch,Possible inverse H&S,"inverse-head-and-shoulders, base, reversal",1210.6,,,5.44,,,1210.6,A possible inverse head-and-shoulders base is visible. The setup improves only if price clears or holds near the neckline with better volume.,Setup watch: Possible inverse H&S,1.21
LTFOODS,LT Foods Ltd.,LTFOODS.NS,Fast Moving Consumer Goods,True,,NIFTY 500,^CRSLDX,2026-10-08,405.45,-3.05,1.58,-8.17,250683.0,419469.0,0.6,101639422.35,42.22,34.65,False,False,False,True,True,-2.73,-4.95,0.57,False,False,False,False,-12.14,0.01875681,0.01837555,2.07,-3.26,True,0.6666666666666666,0.0,0.6,-3.0,Risk review,Head-and-shoulders risk,"head-and-shoulders, risk, distribution, breakout, retest, pivot, volume",412.17,,,1.63,,,412.17,"A possible head-and-shoulders top is forming or breaking. This is a caution signal, not an entry setup. Secondary patterns: Breakout retest.",Risk review,1.2
VEDL,Vedanta Ltd.,VEDL.NS,Metals & Mining,True,,NIFTY 500,^CRSLDX,2026-10-08,253.1,-3.18,0.42,-5.93,13299826.0,8755812.0,1.52,3366185960.6,41.79,37.82,False,False,False,False,False,-2.86,-5.65,2.33,False,False,False,False,4.29,0.01170884,0.01163097,0.67,1.17,True,0.6666666666666666,0.0,1.52,-3.0,Risk review,Head-and-shoulders risk,"head-and-shoulders, risk, distribution",270.59,,,6.46,,,270.59,"A possible head-and-shoulders top is forming or breaking. This is a caution signal, not an entry setup.",Risk review,1.18
TECHNOE,Techno Electric & Engineering Company Ltd.,TECHNOE.NS,Construction,True,,NIFTY 500,^CRSLDX,2026-10-08,942.7,-4.61,-5.6,-3.59,191306.0,145575.0,1.31,180344166.2,38.85,50.86,False,False,False,False,False,-4.84,-5.01,-0.9,False,False,False,False,12.04,0.04361091,0.04300938,1.4,4.92,True,0.0,0.0,1.31,-3.0,Risk review,Head-and-shoulders risk,"head-and-shoulders, risk, distribution",980.8,,,3.88,,,980.8,"A possible head-and-shoulders top is forming or breaking. This is a caution signal, not an entry setup.",Risk review,1.13
NESTLEIND,Nestle India Ltd.,NESTLEIND.NS,Fast Moving Consumer Goods,True,,NIFTY 500,^CRSLDX,2026-10-08,1319.0,-0.38,0.86,-4.85,1344650.0,1321339.0,1.02,1773593350.0,38.56,30.12,False,False,False,False,False,-2.31,-7.24,0.75,False,False,False,False,7.3,0.06101919,0.06192887,-1.47,1.07,False,0.6666666666666666,0.0,1.02,0.0,No clear setup,,,,,,,,,,,Mean reversion bounce,1.11
BAJAJHFL,Bajaj Housing Finance Ltd.,BAJAJHFL.NS,Financial Services,True,,NIFTY 500,^CRSLDX,2026-10-08,82.14,-2.31,-0.93,-2.47,3402612.0,3607007.0,0.94,279490549.68,44.42,46.96,False,False,False,False,False,-1.22,-2.29,-1.38,False,False,False,False,3.4,0.00379994,0.00364822,4.16,4.7,True,0.0,0.0,0.94,-3.0,Risk review,Head-and-shoulders risk,"head-and-shoulders, risk, distribution",82.67,,,0.65,,,82.67,"A possible head-and-shoulders top is forming or breaking. This is a caution signal, not an entry setup.",Risk review,1.09
COALINDIA,Coal India Ltd.,COALINDIA.NS,Oil Gas & Consumable Fuels,True,,NIFTY 500,^CRSLDX,2026-10-08,409.35,-1.24,-2.63,-5.24,5463875.0,6448874.0,0.85,2236637231.25,41.87,50.39,False,False,False,False,False,-2.67,-1.38,0.71,False,False,False,False,0.2,0.01893723,0.01796115,5.43,4.69,True,0.3333333333333333,0.0,0.85,-3.0,Risk review,Head-and-shoulders risk,"head-and-shoulders, risk, distribution",420.23,,,2.59,,,420.23,"A possible head-and-shoulders top is forming or breaking. This is a caution signal, not an entry setup.",Risk review,1.09
ELECON,Elecon Engineering Co. Ltd.,ELECON.NS,Capital Goods,True,,NIFTY 500,^CRSLDX,2026-10-08,416.95,-5.51,-5.24,-0.84,719015.0,2387818.0,0.3,299793304.25,40.83,49.74,False,False,False,False,False,-4.94,-3.95,-0.89,False,False,False,False,4.73,0.01928882,0.01879413,2.63,4.68,True,0.0,0.0,0.3,-3.0,Risk review,Head-and-shoulders risk,"head-and-shoulders, risk, distribution, inverse-head-and-shoulders, base, reversal",441.25,,,5.51,,,441.25,"A possible head-and-shoulders top is forming or breaking. This is a caution signal, not an entry setup. Secondary patterns: Possible inverse H&S.",Risk review,1.09
HDFCBANK,HDFC Bank Ltd.,HDFCBANK.NS,Financial Services,True,,NIFTY 500,^CRSLDX,2026-10-08,692.25,-1.49,-4.01,-0.22,26808765.0,33658934.0,0.8,18558367571.25,38.28,49.29,False,False,False,False,False,-3.74,-3.96,-3.32,False,False,False,False,4.71,0.03202467,0.03129892,2.32,4.37,True,0.0,0.0,0.8,-3.0,Risk review,Head-and-shoulders risk,"head-and-shoulders, risk, distribution",732.15,,,5.45,,,732.15,"A possible head-and-shoulders top is forming or breaking. This is a caution signal, not an entry setup.",Risk review,1.02
TIMKEN,Timken India Ltd.,TIMKEN.NS,Capital Goods,True,,NIFTY 500,^CRSLDX,2026-10-08,3015.6,-3.72,-2.68,-8.54,19814.0,42616.0,0.46,59751098.4,38.66,43.7,False,False,False,False,False,-4.88,-5.44,0.4,False,False,False,False,7.5,0.1395068,0.13788082,1.18,4.25,True,0.3333333333333333,0.0,0.46,-3.0,Risk review,Head-and-shoulders risk,"head-and-shoulders, risk, distribution",3021.55,,,0.2,,,3021.55,"A possible head-and-shoulders top is forming or breaking. This is a caution signal, not an entry setup.",Risk review,1.0
TECHM,Tech Mahindra Ltd.,TECHM.NS,Information Technology,True,,NIFTY 500,^CRSLDX,2026-10-08,1496.2,0.34,-2.4,-1.94,1633921.0,2030759.0,0.8,2444672600.2,37.24,44.12,False,False,False,False,False,-2.66,-5.28,-0.4,False,False,False,False,4.7,0.06921677,0.06864208,0.84,2.48,True,0.3333333333333333,0.0,0.8,-2.0,Risk review,Head-and-shoulders risk,"head-and-shoulders, risk, distribution, breakout, retest, pivot, volume",1426.8,,,4.86,,,1426.8,"A possible head-and-shoulders top is forming or breaking. This is a caution signal, not an entry setup. Secondary patterns: Breakout retest.",Risk review,1.0
POLYCAB,Polycab India Ltd.,POLYCAB.NS,Capital Goods,True,,NIFTY 500,^CRSLDX,2026-10-08,8151.0,-1.91,2.02,-2.48,367261.0,409922.0,0.9,2993544411.0,42.2,31.53,True,False,False,False,False,-0.75,-6.15,0.99,False,False,False,False,14.37,0.37707917,0.37812975,-0.28,5.7,False,0.6666666666666666,0.0,0.9,-3.0,Risk review,Head-and-shoulders risk,"head-and-shoulders, risk, distribution",8449.0,,,3.53,,,8449.0,"A possible head-and-shoulders top is forming or breaking. This is a caution signal, not an entry setup.",Risk review,0.99
SBILIFE,SBI Life Insurance Company Ltd.,SBILIFE.NS,Financial Services,True,,NIFTY 500,^CRSLDX,2026-10-08,1682.5,-2.53,-2.27,-1.06,1427096.0,1371528.0,1.04,2401089020.0,41.15,46.56,False,False,False,False,False,-2.35,-4.54,-1.57,False,False,False,False,8.33,0.07783532,0.07683233,1.31,4.06,True,0.0,0.0,1.04,-3.0,Risk review,Head-and-shoulders risk,"head-and-shoulders, risk, distribution",1741.65,,,3.4,,,1741.65,"A possible head-and-shoulders top is forming or breaking. This is a caution signal, not an entry setup.",Risk review,0.96
ONESOURCE,Onesource Specialty Pharma Ltd.,ONESOURCE.NS,Healthcare,True,,NIFTY 500,^CRSLDX,2026-10-08,1478.2,-3.3,-1.98,-4.13,232650.0,345046.0,0.67,343903230.0,37.47,38.34,False,False,False,False,False,-5.41,-4.85,-0.85,False,False,False,False,0.98,0.06838406,0.06770045,1.01,2.01,True,0.0,0.0,0.67,-2.0,Risk review,Head-and-shoulders risk,"head-and-shoulders, risk, distribution",1423.35,,,3.85,,,1423.35,"A possible head-and-shoulders top is forming or breaking. This is a caution signal, not an entry setup.",Risk review,0.9
EMMVEE,Emmvee Photovoltaic Power Ltd.,EMMVEE.NS,Capital Goods,True,,NIFTY 500,^CRSLDX,2026-10-08,302.0,-1.24,-1.27,-11.86,2237909.0,2669966.0,0.84,675848518.0,38.78,37.03,False,False,False,False,True,-5.73,-6.43,4.96,False,False,False,False,-3.5,0.01397104,0.01395341,0.13,-0.52,True,0.6666666666666666,0.0,0.84,-3.0,Risk review,Head-and-shoulders risk,"head-and-shoulders, risk, distribution, inverse-head-and-shoulders, base, reversal",314.85,,,4.08,,,314.85,"A possible head-and-shoulders top is forming or breaking. This is a caution signal, not an entry setup. Secondary patterns: Possible inverse H&S.",Risk review,0.85
CIPLA,Cipla Ltd.,CIPLA.NS,Healthcare,True,,NIFTY 500,^CRSLDX,2026-10-08,1306.8,-1.54,-2.77,-4.84,551708.0,1041741.0,0.53,720972014.4,27.34,34.75,False,False,False,False,False,-4.16,-6.9,-1.01,False,False,False,False,2.9,0.0604548,0.06104521,-0.97,0.35,False,0.3333333333333333,0.0,0.53,2.2,Watch,Possible inverse H&S,"inverse-head-and-shoulders, base, reversal",1372.2,,,4.77,,,1372.2,A possible inverse head-and-shoulders base is visible. The setup improves only if price clears or holds near the neckline with better volume.,Setup watch: Possible inverse H&S,0.84
IDBI,IDBI Bank Ltd.,IDBI.NS,Financial Services,True,,NIFTY 500,^CRSLDX,2026-10-08,83.18,-2.91,-3.92,1.91,3762899.0,14453587.0,0.26,312997938.82,44.75,56.29,False,False,False,True,False,-0.93,-2.25,-1.72,False,False,False,False,-13.92,0.00384805,0.00368632,4.39,-1.81,True,0.0,0.0,0.26,0.0,No clear setup,,,,,,,,,,,Neutral / watch,0.84
ATHERENERG,Ather Energy Ltd.,ATHERENERG.NS,Automobile and Auto Components,True,,NIFTY 500,^CRSLDX,2026-10-08,1406.0,-3.37,-0.01,-15.21,2833297.0,3835791.0,0.74,3983615582.0,39.47,37.43,False,False,False,True,True,-6.54,-7.06,8.54,False,False,False,False,-17.67,0.06504396,0.06471539,0.51,-5.82,True,0.6666666666666666,0.0,0.74,0.0,No clear setup,,,,,,,,,,,Neutral / watch,0.84
HINDUNILVR,Hindustan Unilever Ltd.,HINDUNILVR.NS,Fast Moving Consumer Goods,True,,NIFTY 500,^CRSLDX,2026-10-08,1844.5,-1.12,0.46,-5.04,2027849.0,1302361.0,1.56,3740367480.5,36.57,29.2,False,False,False,False,False,-3.15,-6.86,-1.77,False,False,False,False,4.53,0.08532972,0.08618687,-0.99,0.81,False,0.0,0.0,1.56,-3.0,Risk review,Head-and-shoulders risk,"head-and-shoulders, risk, distribution",2044.1,,,9.76,,,2044.1,"A possible head-and-shoulders top is forming or breaking. This is a caution signal, not an entry setup.",Risk review,0.81
CGCL,Capri Global Capital Ltd.,CGCL.NS,Financial Services,True,,NIFTY 500,^CRSLDX,2026-10-08,241.54,-3.67,-3.09,-11.28,1133999.0,2715099.0,0.42,273906118.46,39.32,44.49,False,False,False,True,True,-5.69,-2.93,3.78,False,False,False,False,-27.79,0.01117405,0.01070478,4.38,-6.15,True,0.6666666666666666,0.0,0.42,0.0,No clear setup,,,,,,,,,,,Neutral / watch,0.8
OIL,Oil India Ltd.,OIL.NS,Oil Gas & Consumable Fuels,True,,NIFTY 500,^CRSLDX,2026-10-08,447.0,-1.49,0.68,-10.65,618269.0,2172580.0,0.28,276366243.0,36.97,31.82,False,False,False,False,False,-4.23,-5.11,1.3,False,False,False,False,-11.9,0.02067898,0.02034344,1.65,-1.67,True,0.6666666666666666,0.0,0.28,-3.0,Risk review,Head-and-shoulders risk,"head-and-shoulders, risk, distribution",460.23,,,2.87,,,460.23,"A possible head-and-shoulders top is forming or breaking. This is a caution signal, not an entry setup.",Risk review,0.72
SARDAEN,Sarda Energy and Minerals Ltd.,SARDAEN.NS,Metals & Mining,True,,NIFTY 500,^CRSLDX,2026-10-08,491.9,-1.49,-0.58,-8.44,271539.0,296411.0,0.92,133570034.1,41.35,42.74,False,False,False,False,False,-2.07,-3.02,-0.12,False,False,False,False,-2.17,0.02275613,0.0219923,3.47,2.82,True,0.0,0.0,0.92,-3.0,Risk review,Head-and-shoulders risk,"head-and-shoulders, risk, distribution",492.4,,,0.1,,,492.4,"A possible head-and-shoulders top is forming or breaking. This is a caution signal, not an entry setup.",Risk review,0.71
CCL,CCL Products (I) Ltd.,CCL.NS,Fast Moving Consumer Goods,True,,NIFTY 500,^CRSLDX,2026-10-08,1050.6,-0.16,-0.57,-4.21,55123.0,164296.0,0.34,57912223.8,44.77,46.33,True,False,False,False,False,-0.15,-3.67,0.81,False,False,False,False,2.33,0.04860255,0.047528,2.26,2.56,True,0.6666666666666666,0.0,0.34,-3.0,Risk review,Head-and-shoulders risk,"head-and-shoulders, risk, distribution",1059.05,,,0.8,,,1059.05,"A possible head-and-shoulders top is forming or breaking. This is a caution signal, not an entry setup.",Risk review,0.66
SIEMENS,Siemens Ltd.,SIEMENS.NS,Capital Goods,True,,NIFTY 500,^CRSLDX,2026-10-08,3639.0,-4.06,-4.34,-7.98,240310.0,241018.0,1.0,874488090.0,38.5,45.34,False,False,False,False,True,-4.58,-6.96,1.97,False,False,False,False,-3.6,0.16834635,0.16889318,-0.32,-0.73,False,0.6666666666666666,0.0,1.0,0.0,No clear setup,,,,,,,,,,,Weakening,0.65
MGL,Mahanagar Gas Ltd.,MGL.NS,Oil Gas & Consumable Fuels,True,,NIFTY 500,^CRSLDX,2026-10-08,1043.9,0.22,-0.14,-5.17,94398.0,127347.0,0.74,98542072.2,39.78,39.34,False,False,False,False,False,-1.89,-4.32,-0.59,False,False,False,False,2.74,0.0482926,0.04732517,2.04,2.4,True,0.0,0.0,0.74,-3.0,Risk review,Head-and-shoulders risk,"head-and-shoulders, risk, distribution",1044.2,,,0.03,,,1044.2,"A possible head-and-shoulders top is forming or breaking. This is a caution signal, not an entry setup.",Risk review,0.63
AUBANK,AU Small Finance Bank Ltd.,AUBANK.NS,Financial Services,True,,NIFTY 500,^CRSLDX,2026-10-08,975.0,-1.85,-1.22,-7.56,973635.0,1577033.0,0.62,949294125.0,37.84,36.81,False,False,False,False,False,-4.57,-7.64,0.41,False,False,False,False,-1.91,0.04510516,0.04573963,-1.39,-0.81,False,0.6666666666666666,0.0,0.62,2.2,Watch,Possible inverse H&S,"inverse-head-and-shoulders, base, reversal",1029.85,,,5.33,,,1029.85,A possible inverse head-and-shoulders base is visible. The setup improves only if price clears or holds near the neckline with better volume.,Setup watch: Possible inverse H&S,0.61
APOLLOTYRE,Apollo Tyres Ltd.,APOLLOTYRE.NS,Automobile and Auto Components,True,,NIFTY 500,^CRSLDX,2026-10-08,401.7,-1.45,-0.75,-4.25,400584.0,926260.0,0.43,160914592.8,42.23,42.91,False,False,False,False,False,-0.98,-5.33,-2.3,False,False,False,False,5.51,0.01858333,0.0184032,0.98,2.26,True,0.0,0.0,0.43,-3.0,Risk review,Head-and-shoulders risk,"head-and-shoulders, risk, distribution",409.23,,,1.84,,,409.23,"A possible head-and-shoulders top is forming or breaking. This is a caution signal, not an entry setup.",Risk review,0.6
KEI,KEI Industries Ltd.,KEI.NS,Capital Goods,True,,NIFTY 500,^CRSLDX,2026-10-08,4580.0,-2.09,1.73,-1.29,176120.0,403915.0,0.44,806629600.0,43.36,36.45,True,True,False,False,False,0.15,-9.75,0.68,False,False,False,False,19.08,0.21187862,0.22019084,-3.78,4.3,False,0.6666666666666666,0.0,0.44,-3.0,Risk review,Head-and-shoulders risk,"head-and-shoulders, risk, distribution",4634.8,,,1.18,,,4634.8,"A possible head-and-shoulders top is forming or breaking. This is a caution signal, not an entry setup.",Risk review,0.51
MARICO,Marico Ltd.,MARICO.NS,Fast Moving Consumer Goods,True,,NIFTY 500,^CRSLDX,2026-10-08,777.25,-1.27,-0.52,-3.21,565931.0,1629632.0,0.35,439869869.75,35.85,34.84,False,False,False,False,False,-3.17,-6.07,0.81,False,False,False,False,7.6,0.03595691,0.03605881,-0.28,3.3,False,0.6666666666666666,0.0,0.35,-3.0,Risk review,Head-and-shoulders risk,"head-and-shoulders, risk, distribution",793.62,,,2.06,,,793.62,"A possible head-and-shoulders top is forming or breaking. This is a caution signal, not an entry setup.",Risk review,0.51
IDEA,Vodafone Idea Ltd.,IDEA.NS,Telecommunication,True,,NIFTY 500,^CRSLDX,2026-10-08,12.8,-2.88,1.27,-14.09,296467874.0,453433276.0,0.65,3794788787.2,37.45,32.35,False,False,False,False,True,-6.91,-8.12,1.93,False,False,False,False,-35.91,0.00059215,0.00060063,-1.41,-12.1,False,0.6666666666666666,0.0,0.65,0.0,No clear setup,,,,,,,,,,,Mean reversion bounce,0.5
KPRMILL,K.P.R. Mill Ltd.,KPRMILL.NS,Textiles,True,,NIFTY 500,^CRSLDX,2026-10-08,1053.3,-4.36,-1.65,-6.56,199692.0,160566.0,1.24,210335583.6,38.59,40.1,False,False,False,False,True,-4.46,-5.39,1.47,False,False,False,False,-11.3,0.04872746,0.04808249,1.34,-2.28,True,0.6666666666666666,0.0,1.24,-3.0,Risk review,Head-and-shoulders risk,"head-and-shoulders, risk, distribution, inverse-head-and-shoulders, base, reversal",1054.2,,,0.09,,,1054.2,"A possible head-and-shoulders top is forming or breaking. This is a caution signal, not an entry setup. Secondary patterns: Possible inverse H&S.",Risk review,0.49
NUVOCO,Nuvoco Vistas Corporation Ltd.,NUVOCO.NS,Construction Materials,True,,NIFTY 500,^CRSLDX,2026-10-08,321.9,-0.88,-0.06,-2.84,142319.0,324835.0,0.44,45812486.1,44.54,44.59,False,False,False,False,False,-1.86,-2.85,-0.81,False,False,False,False,-4.8,0.01489164,0.01442418,3.24,-0.08,True,0.3333333333333333,0.0,0.44,-2.0,Risk review,Head-and-shoulders risk,"head-and-shoulders, risk, distribution, breakout, retest, pivot, volume",309.23,,,4.1,,,309.23,"A possible head-and-shoulders top is forming or breaking. This is a caution signal, not an entry setup. Secondary patterns: Breakout retest.",Risk review,0.48
ZYDUSWELL,Zydus Wellness Ltd.,ZYDUSWELL.NS,Fast Moving Consumer Goods,True,,NIFTY 500,^CRSLDX,2026-10-08,495.8,-2.32,0.52,-12.45,91265.0,191047.0,0.48,45249187.0,40.67,35.71,False,False,False,False,True,-4.8,-5.6,1.93,False,False,False,False,-14.7,0.02293655,0.02283371,0.45,-4.36,True,0.6666666666666666,0.0,0.48,-2.0,Risk review,Head-and-shoulders risk,"head-and-shoulders, risk, distribution",483.55,,,2.53,,,483.55,"A possible head-and-shoulders top is forming or breaking. This is a caution signal, not an entry setup.",Risk review,0.43
BSOFT,Birlasoft Ltd.,BSOFT.NS,Information Technology,True,,NIFTY 500,^CRSLDX,2026-10-08,271.8,-2.25,0.76,-1.45,3155620.0,1927054.0,1.64,857697516.0,40.41,35.12,False,False,False,False,False,-2.06,-7.06,-4.43,False,False,False,False,11.8,0.01257393,0.01272276,-1.17,3.09,False,0.0,0.0,1.64,-3.0,Risk review,Head-and-shoulders risk,"head-and-shoulders, risk, distribution",275.73,,,1.42,,,275.73,"A possible head-and-shoulders top is forming or breaking. This is a caution signal, not an entry setup.",Risk review,0.37
TITAN,Titan Company Ltd.,TITAN.NS,Consumer Durables,True,,NIFTY 500,^CRSLDX,2026-10-08,4359.5,-0.4,-3.46,-13.17,1490894.0,844953.0,1.76,6499552393.0,24.48,26.51,False,False,False,False,False,-8.03,-11.44,1.9,False,False,False,False,-7.13,0.20167791,0.2132185,-5.41,-6.5,False,0.6666666666666666,0.0,1.76,2.2,Watch,Possible inverse H&S,"inverse-head-and-shoulders, base, reversal",4453.1,,,2.1,,,4453.1,A possible inverse head-and-shoulders base is visible. The setup improves only if price clears or holds near the neckline with better volume.,Setup watch: Possible inverse H&S,0.37
GLAXO,Glaxosmithkline Pharmaceuticals Ltd.,GLAXO.NS,Healthcare,True,,NIFTY 500,^CRSLDX,2026-10-08,2534.4,-3.78,-8.54,-10.79,64517.0,78560.0,0.82,163511884.8,27.55,43.02,False,False,False,False,True,-9.29,-10.06,1.07,False,False,False,False,-24.81,0.11724567,0.12159461,-3.58,-8.21,False,0.6666666666666666,0.0,0.82,2.2,Watch,Possible inverse H&S,"inverse-head-and-shoulders, base, reversal",2676.4,,,5.31,,,2676.4,A possible inverse head-and-shoulders base is visible. The setup improves only if price clears or holds near the neckline with better volume.,Setup watch: Possible inverse H&S,0.37
COLPAL,Colgate Palmolive (India) Ltd.,COLPAL.NS,Fast Moving Consumer Goods,True,,NIFTY 500,^CRSLDX,2026-10-08,1735.7,-1.23,0.04,-4.03,234538.0,429240.0,0.55,407087606.6,37.2,31.81,False,False,False,False,False,-4.46,-7.65,-1.46,False,False,False,False,10.45,0.08029645,0.08224352,-2.37,2.53,False,0.0,0.0,0.55,-3.0,Risk review,Head-and-shoulders risk,"head-and-shoulders, risk, distribution",1905.65,,,8.92,,,1905.65,"A possible head-and-shoulders top is forming or breaking. This is a caution signal, not an entry setup.",Risk review,0.36
NHPC,NHPC Ltd.,NHPC.NS,Power,True,,NIFTY 500,^CRSLDX,2026-10-08,71.65,-1.17,-0.14,-6.16,10723011.0,9284370.0,1.15,768303738.15,33.24,28.65,False,False,False,False,False,-3.86,-5.64,-0.35,False,False,False,False,0.05,0.00331465,0.00329656,0.55,0.99,True,0.0,0.0,1.15,-3.0,Risk review,Head-and-shoulders risk,"head-and-shoulders, risk, distribution",73.77,,,2.87,,,73.77,"A possible head-and-shoulders top is forming or breaking. This is a caution signal, not an entry setup.",Risk review,0.35
JMFINANCIL,JM Financial Ltd.,JMFINANCIL.NS,Financial Services,True,,NIFTY 500,^CRSLDX,2026-10-08,120.6,-3.46,-2.27,-5.22,1967364.0,2148932.0,0.92,237264098.4,39.28,43.69,False,False,False,False,False,-3.28,-4.84,-1.47,False,False,False,False,-5.84,0.00557916,0.00548765,1.67,-0.83,True,0.0,0.0,0.92,-2.0,Risk review,Head-and-shoulders risk,"head-and-shoulders, risk, distribution",118.87,,,1.46,,,118.87,"A possible head-and-shoulders top is forming or breaking. This is a caution signal, not an entry setup.",Risk review,0.33
IRCTC,Indian Railway Catering And Tourism Corporation Ltd.,IRCTC.NS,Consumer Services,True,,NIFTY 500,^CRSLDX,2026-10-08,449.85,-0.84,-0.94,-3.83,815679.0,838597.0,0.97,366933198.15,33.75,36.02,False,False,False,False,False,-1.95,-6.07,-3.92,False,False,False,False,8.4,0.02081083,0.02081257,-0.01,1.56,False,0.0,0.0,0.97,0.0,No clear setup,,,,,,,,,,,Neutral / watch,0.31
AADHARHFC,Aadhar Housing Finance Ltd.,AADHARHFC.NS,Financial Services,True,,NIFTY 500,^CRSLDX,2026-10-08,450.55,-0.99,0.48,-2.63,178210.0,378040.0,0.47,80292515.5,44.59,42.86,True,False,False,False,False,-0.28,-4.44,-0.69,False,False,False,False,2.88,0.02084321,0.02051921,1.58,0.77,True,0.0,0.0,0.47,-3.0,Risk review,Head-and-shoulders risk,"head-and-shoulders, risk, distribution",458.62,,,1.76,,,458.62,"A possible head-and-shoulders top is forming or breaking. This is a caution signal, not an entry setup.",Risk review,0.3
INDIAMART,Indiamart Intermesh Ltd.,INDIAMART.NS,Consumer Services,True,,NIFTY 500,^CRSLDX,2026-10-08,1602.7,-0.16,-1.09,-2.14,71691.0,116718.0,0.61,114899165.7,36.28,37.02,False,False,False,False,False,-2.2,-6.07,-2.95,False,False,False,False,2.47,0.07414364,0.07407871,0.09,0.61,True,0.0,0.0,0.61,-3.0,Risk review,Head-and-shoulders risk,"head-and-shoulders, risk, distribution",1907.55,,,15.98,,,1907.55,"A possible head-and-shoulders top is forming or breaking. This is a caution signal, not an entry setup.",Risk review,0.27
UNIONBANK,Union Bank of India,UNIONBANK.NS,Financial Services,True,,NIFTY 500,^CRSLDX,2026-10-08,171.51,-0.95,2.34,-4.29,6780803.0,8292941.0,0.82,1162975522.53,43.89,35.54,True,False,False,False,False,-1.57,-4.69,1.29,False,False,False,False,-6.55,0.00793435,0.00778139,1.97,-1.24,True,0.6666666666666666,0.0,0.82,-2.0,Risk review,Head-and-shoulders risk,"head-and-shoulders, risk, distribution",164.12,,,4.5,,,164.12,"A possible head-and-shoulders top is forming or breaking. This is a caution signal, not an entry setup.",Risk review,0.25
RELIANCE,Reliance Industries Ltd.,RELIANCE.NS,Oil Gas & Consumable Fuels,True,,NIFTY 500,^CRSLDX,2026-10-08,1178.0,-2.46,0.88,-7.54,13965493.0,13306644.0,1.05,16451350754.0,37.13,27.92,False,False,False,False,False,-3.18,-7.32,-2.44,False,False,False,False,-4.79,0.05449629,0.055166,-1.21,-3.63,False,0.0,0.0,1.05,0.0,No clear setup,,,,,,,,,,,Mean reversion bounce,0.17
BRITANNIA,Britannia Industries Ltd.,BRITANNIA.NS,Fast Moving Consumer Goods,True,,NIFTY 500,^CRSLDX,2026-10-08,4745.6,-0.72,-0.68,-5.26,193750.0,262946.0,0.74,919460000.0,32.25,26.65,False,False,False,False,False,-3.02,-8.28,-1.97,False,False,False,False,8.88,0.21953956,0.22546377,-2.63,0.82,False,0.0,0.0,0.74,0.0,No clear setup,,,,,,,,,,,Neutral / watch,0.16
DIXON,Dixon Technologies (India) Ltd.,DIXON.NS,Consumer Durables,True,,NIFTY 500,^CRSLDX,2026-10-08,12650.0,-2.87,-0.39,-6.3,215841.0,320581.0,0.67,2730388650.0,36.26,34.18,False,False,False,False,True,-3.68,-8.55,0.2,False,False,False,False,-7.44,0.58521059,0.60142845,-2.7,-4.43,False,0.6666666666666666,0.0,0.67,-2.0,Risk review,Head-and-shoulders risk,"head-and-shoulders, risk, distribution, inverse-head-and-shoulders, base, reversal",12283.0,,,2.99,,,12283.0,"A possible head-and-shoulders top is forming or breaking. This is a caution signal, not an entry setup. Secondary patterns: Possible inverse H&S.",Risk review,0.11
TATAINVEST,Tata Investment Corporation Ltd.,TATAINVEST.NS,Financial Services,True,,NIFTY 500,^CRSLDX,2026-10-08,609.3,-0.98,-0.93,-5.56,525736.0,2107150.0,0.25,320330944.8,37.28,37.83,False,False,False,False,False,-6.7,-6.78,-0.86,False,False,False,False,10.39,0.02818726,0.02832508,-0.49,3.97,False,0.0,0.0,0.25,-2.0,Risk review,Head-and-shoulders risk,"head-and-shoulders, risk, distribution",586.38,,,3.91,,,586.38,"A possible head-and-shoulders top is forming or breaking. This is a caution signal, not an entry setup.",Risk review,0.09
SWANCORP,Swan Corp Ltd.,SWANCORP.NS,Chemicals,True,,NIFTY 500,^CRSLDX,2026-10-08,260.25,-4.27,-4.6,-12.71,1229944.0,1511263.0,0.81,320092926.0,29.8,30.51,False,False,False,False,False,-9.02,-11.56,-4.99,False,False,False,False,7.52,0.01203961,0.01279101,-5.87,0.25,False,0.0,0.0,0.81,0.0,No clear setup,,,,,,,,,,,Neutral / watch,0.05
CEATLTD,Ceat Ltd.,CEATLTD.NS,Automobile and Auto Components,True,,NIFTY 500,^CRSLDX,2026-10-08,3226.2,-2.29,-1.84,-2.11,40691.0,49244.0,0.83,131277304.2,37.19,41.03,False,False,False,False,False,-2.93,-6.51,-1.4,False,False,False,False,13.43,0.14924952,0.14975171,-0.34,3.6,False,0.0,0.0,0.83,-2.0,Risk review,Head-and-shoulders risk,"head-and-shoulders, risk, distribution",3161.8,,,2.04,,,3161.8,"A possible head-and-shoulders top is forming or breaking. This is a caution signal, not an entry setup.",Risk review,0.02
IOC,Indian Oil Corporation Ltd.,IOC.NS,Oil Gas & Consumable Fuels,True,,NIFTY 500,^CRSLDX,2026-10-08,126.25,-2.88,-3.88,-6.44,12167724.0,8958152.0,1.36,1536175155.0,32.03,39.82,False,False,False,False,False,-5.55,-7.67,-2.0,False,False,False,False,2.48,0.00584054,0.00593966,-1.67,0.07,False,0.0,0.0,1.36,0.0,No clear setup,,,,,,,,,,,Neutral / watch,0.01
TVSMOTOR,TVS Motor Company Ltd.,TVSMOTOR.NS,Automobile and Auto Components,True,,NIFTY 500,^CRSLDX,2026-10-08,3839.4,-2.21,-4.52,-6.84,1018799.0,735840.0,1.38,3911576880.6,27.09,38.46,False,False,False,False,True,-5.66,-9.05,1.12,False,False,False,False,4.68,0.1776172,0.18280447,-2.84,-0.46,False,0.6666666666666666,0.0,1.38,-2.0,Risk review,Head-and-shoulders risk,"head-and-shoulders, risk, distribution, inverse-head-and-shoulders, base, reversal",3775.95,,,1.68,,,3775.95,"A possible head-and-shoulders top is forming or breaking. This is a caution signal, not an entry setup. Secondary patterns: Possible inverse H&S.",Risk review,0.01
UCOBANK,UCO Bank,UCOBANK.NS,Financial Services,True,,NIFTY 500,^CRSLDX,2026-10-08,22.96,-1.88,0.13,-4.05,3559272.0,3643949.0,0.98,81720885.12,35.44,31.0,False,False,False,False,False,-2.36,-7.22,-2.01,False,False,False,False,4.86,0.00106217,0.00107791,-1.46,0.72,False,0.0,0.0,0.98,-3.0,Risk review,Head-and-shoulders risk,"head-and-shoulders, risk, distribution",25.26,,,9.09,,,25.26,"A possible head-and-shoulders top is forming or breaking. This is a caution signal, not an entry setup.",Risk review,-0.01
POLYMED,Poly Medicure Ltd.,POLYMED.NS,Healthcare,True,,NIFTY 500,^CRSLDX,2026-10-08,1605.2,-0.61,-2.01,-8.15,81847.0,100911.0,0.81,131380804.4,35.75,38.94,False,False,False,False,True,-4.46,-6.73,-0.89,False,False,False,False,2.68,0.07425929,0.07443747,-0.24,1.09,False,0.3333333333333333,0.0,0.81,-3.0,Risk review,Head-and-shoulders risk,"head-and-shoulders, risk, distribution",1643.65,,,2.34,,,1643.65,"A possible head-and-shoulders top is forming or breaking. This is a caution signal, not an entry setup.",Risk review,-0.03
ATUL,Atul Ltd.,ATUL.NS,Chemicals,True,,NIFTY 500,^CRSLDX,2026-10-08,5923.0,-1.28,1.06,-6.81,25841.0,32028.0,0.81,153056243.0,36.93,28.64,False,False,False,False,False,-2.04,-7.06,0.14,False,False,False,False,6.08,0.27400809,0.27755991,-1.28,0.51,False,0.3333333333333333,0.0,0.81,-3.0,Risk review,Head-and-shoulders risk,"head-and-shoulders, risk, distribution",5984.5,,,1.03,,,5984.5,"A possible head-and-shoulders top is forming or breaking. This is a caution signal, not an entry setup.",Risk review,-0.05
TATACONSUM,Tata Consumer Products Ltd.,TATACONSUM.NS,Fast Moving Consumer Goods,True,,NIFTY 500,^CRSLDX,2026-10-08,951.9,-1.71,-0.53,-4.77,873932.0,1302178.0,0.67,831895870.8,36.44,33.79,False,False,False,False,False,-2.71,-7.11,-1.7,False,False,False,False,6.6,0.04403652,0.04464089,-1.35,0.46,False,0.0,0.0,0.67,-3.0,Risk review,Head-and-shoulders risk,"head-and-shoulders, risk, distribution",1090.85,,,12.74,,,1090.85,"A possible head-and-shoulders top is forming or breaking. This is a caution signal, not an entry setup.",Risk review,-0.06
CUB,City Union Bank Ltd.,CUB.NS,Financial Services,True,,NIFTY 500,^CRSLDX,2026-10-08,220.07,-0.92,-4.33,-2.82,2359128.0,2576081.0,0.92,519173298.96,44.64,53.85,False,False,False,False,False,-2.61,-1.08,-2.17,False,False,False,False,-14.13,0.01018081,0.00964143,5.59,-1.15,True,0.0,0.0,0.92,-3.0,Risk review,Head-and-shoulders risk,"head-and-shoulders, risk, distribution",236.16,,,6.81,,,236.16,"A possible head-and-shoulders top is forming or breaking. This is a caution signal, not an entry setup.",Risk review,-0.08
DATAPATTNS,Data Patterns (India) Ltd.,DATAPATTNS.NS,Capital Goods,True,,NIFTY 500,^CRSLDX,2026-10-08,4097.1,-3.22,-3.63,-14.24,295706.0,451170.0,0.66,1211537052.6,34.88,39.43,False,False,False,False,True,-6.5,-9.05,4.87,False,False,False,False,-10.66,0.18953884,0.1949169,-2.76,-4.4,False,0.6666666666666666,0.0,0.66,0.0,No clear setup,,,,,,,,,,,Weakening,-0.08
AMBER,Amber Enterprises India Ltd.,AMBER.NS,Consumer Durables,True,,NIFTY 500,^CRSLDX,2026-10-08,6555.0,-5.34,0.85,-9.96,241576.0,132438.0,1.82,1583530680.0,37.75,29.06,False,False,False,False,False,-4.88,-8.65,0.42,False,False,False,False,-13.11,0.30324549,0.31171904,-2.72,-5.61,False,0.3333333333333333,0.0,1.82,-2.0,Risk review,Head-and-shoulders risk,"head-and-shoulders, risk, distribution",6529.0,,,0.4,,,6529.0,"A possible head-and-shoulders top is forming or breaking. This is a caution signal, not an entry setup.",Risk review,-0.12
CONCORDBIO,Concord Biotech Ltd.,CONCORDBIO.NS,Healthcare,True,,NIFTY 500,^CRSLDX,2026-10-08,1330.8,-2.13,-3.15,-8.4,181142.0,175302.0,1.03,241063773.6,35.91,39.78,False,False,False,False,True,-7.71,-8.72,0.69,False,False,False,False,-5.5,0.06156508,0.06275608,-1.9,-1.22,False,0.6666666666666666,0.0,1.03,-2.0,Risk review,Head-and-shoulders risk,"head-and-shoulders, risk, distribution, inverse-head-and-shoulders, base, reversal",1324.8,,,0.45,,,1324.8,"A possible head-and-shoulders top is forming or breaking. This is a caution signal, not an entry setup. Secondary patterns: Possible inverse H&S.",Risk review,-0.14
RECLTD,REC Ltd.,RECLTD.NS,Financial Services,True,,NIFTY 500,^CRSLDX,2026-10-08,295.0,-1.3,2.52,-5.99,4540452.0,7305242.0,0.62,1339433340.0,39.15,30.19,False,False,False,False,False,-2.94,-8.56,-1.25,False,False,False,False,5.5,0.0136472,0.01413695,-3.46,-0.12,False,0.0,0.0,0.62,-3.0,Risk review,Head-and-shoulders risk,"head-and-shoulders, risk, distribution",327.6,,,9.95,,,327.6,"A possible head-and-shoulders top is forming or breaking. This is a caution signal, not an entry setup.",Risk review,-0.17
IGL,Indraprastha Gas Ltd.,IGL.NS,Oil Gas & Consumable Fuels,True,,NIFTY 500,^CRSLDX,2026-10-08,142.03,-2.95,-0.53,-7.45,1860599.0,1810232.0,1.03,264260875.97,40.43,36.96,False,False,False,False,False,-2.78,-4.93,-2.71,False,False,False,False,-6.03,0.00657055,0.00647789,1.43,-1.71,True,0.0,0.0,1.03,-3.0,Risk review,Head-and-shoulders risk,"head-and-shoulders, risk, distribution",145.43,,,2.33,,,145.43,"A possible head-and-shoulders top is forming or breaking. This is a caution signal, not an entry setup.",Risk review,-0.19
HDFCAMC,HDFC Asset Management Company Ltd.,HDFCAMC.NS,Financial Services,True,,NIFTY 500,^CRSLDX,2026-10-08,2245.0,-3.02,-2.73,-7.76,970349.0,775605.0,1.25,2178433505.0,34.19,37.86,False,False,False,False,False,-4.79,-9.11,-1.06,False,False,False,False,1.48,0.10385753,0.10732837,-3.23,-1.11,False,0.0,0.0,1.25,0.0,No clear setup,,,,,,,,,,,Weakening,-0.22
NTPC,NTPC Ltd.,NTPC.NS,Power,True,,NIFTY 500,^CRSLDX,2026-10-08,309.7,-2.23,-1.71,-7.55,12262742.0,7798187.0,1.57,3797771197.4,30.26,29.47,False,False,False,False,False,-4.37,-6.73,0.02,False,False,False,False,-0.06,0.01432725,0.01442318,-0.67,-0.07,False,0.3333333333333333,0.0,1.57,-3.0,Risk review,Head-and-shoulders risk,"head-and-shoulders, risk, distribution",354.57,,,12.66,,,354.57,"A possible head-and-shoulders top is forming or breaking. This is a caution signal, not an entry setup.",Risk review,-0.26
VMM,Vishal Mega Mart Ltd.,VMM.NS,Consumer Services,True,,NIFTY 500,^CRSLDX,2026-10-08,97.0,-3.48,-2.51,-6.19,17757126.0,11443799.0,1.55,1722441222.0,37.87,40.3,False,False,False,False,False,-4.47,-7.66,-2.8,False,False,False,False,1.72,0.00448739,0.00456834,-1.77,-0.09,False,0.0,0.0,1.55,-3.0,Risk review,Head-and-shoulders risk,"head-and-shoulders, risk, distribution",106.74,,,9.12,,,106.74,"A possible head-and-shoulders top is forming or breaking. This is a caution signal, not an entry setup.",Risk review,-0.27
JSWCEMENT,JSW Cement Ltd.,JSWCEMENT.NS,Construction Materials,True,,NIFTY 500,^CRSLDX,2026-10-08,112.97,0.74,1.23,-6.46,2617489.0,2010241.0,1.3,295697732.33,36.26,25.29,True,False,False,False,False,-1.71,-7.65,-0.21,False,False,False,False,5.33,0.00522619,0.0053362,-2.06,-0.65,False,0.0,0.0,1.3,-3.0,Risk review,Head-and-shoulders risk,"head-and-shoulders, risk, distribution",115.75,,,2.41,,,115.75,"A possible head-and-shoulders top is forming or breaking. This is a caution signal, not an entry setup.",Risk review,-0.28
PIDILITIND,Pidilite Industries Ltd.,PIDILITIND.NS,Chemicals,True,,NIFTY 500,^CRSLDX,2026-10-08,1460.1,-1.91,-0.27,-6.94,985340.0,681778.0,1.45,1438694934.0,35.31,29.25,False,False,False,False,False,-3.97,-8.57,0.39,False,False,False,False,3.47,0.06754672,0.06939251,-2.66,-0.69,False,0.6666666666666666,0.0,1.45,-3.0,Risk review,Head-and-shoulders risk,"head-and-shoulders, risk, distribution, inverse-head-and-shoulders, base, reversal",1474.35,,,0.97,,,1474.35,"A possible head-and-shoulders top is forming or breaking. This is a caution signal, not an entry setup. Secondary patterns: Possible inverse H&S.",Risk review,-0.29
CEMPRO,Cemindia Projects Ltd.,CEMPRO.NS,Construction,True,,NIFTY 500,^CRSLDX,2026-10-08,1140.8,0.26,-3.23,-8.87,553267.0,236032.0,2.34,631166993.6,32.37,36.36,False,False,False,False,True,-6.7,-9.23,4.51,False,False,False,False,-13.82,0.05277536,0.05476169,-3.63,-7.2,False,0.6666666666666666,0.0,2.34,-2.0,Risk review,Head-and-shoulders risk,"head-and-shoulders, risk, distribution",1135.15,,,0.5,,,1135.15,"A possible head-and-shoulders top is forming or breaking. This is a caution signal, not an entry setup.",Risk review,-0.3
RAILTEL,Railtel Corporation Of India Ltd.,RAILTEL.NS,Telecommunication,True,,NIFTY 500,^CRSLDX,2026-10-08,248.1,-2.57,-3.54,-5.56,544399.0,868377.0,0.63,135065391.9,36.56,41.44,False,False,False,False,False,-4.05,-8.67,-2.75,False,False,False,False,3.22,0.01147753,0.01184651,-3.11,-1.58,False,0.0,0.0,0.63,0.0,No clear setup,,,,,,,,,,,Weakening,-0.32
PHOENIXLTD,Phoenix Mills Ltd.,PHOENIXLTD.NS,Realty,True,,NIFTY 500,^CRSLDX,2026-10-08,1771.2,-4.03,-8.23,-6.29,842456.0,476511.0,1.77,1492158067.2,29.55,50.86,False,False,False,False,False,-7.12,-7.39,0.57,False,False,False,False,-1.34,0.08193874,0.0829883,-1.26,-0.4,False,0.6666666666666666,0.0,1.77,-3.0,Risk review,Head-and-shoulders risk,"head-and-shoulders, risk, distribution",1772.5,,,0.07,,,1772.5,"A possible head-and-shoulders top is forming or breaking. This is a caution signal, not an entry setup.",Risk review,-0.33
TATACHEM,Tata Chemicals Ltd.,TATACHEM.NS,Chemicals,True,,NIFTY 500,^CRSLDX,2026-10-08,592.95,-2.76,-2.44,-2.88,744076.0,3843962.0,0.19,441199864.2,36.69,39.26,False,False,False,False,False,-8.9,-8.51,-1.54,False,False,False,False,9.54,0.02743088,0.02812595,-2.47,3.56,False,0.0,0.0,0.19,-3.0,Risk review,Head-and-shoulders risk,"head-and-shoulders, risk, distribution",628.22,,,5.62,,,628.22,"A possible head-and-shoulders top is forming or breaking. This is a caution signal, not an entry setup.",Risk review,-0.34
DMART,Avenue Supermarts Ltd.,DMART.NS,Consumer Services,True,,NIFTY 500,^CRSLDX,2026-10-08,3585.0,-1.4,-5.98,-2.85,365999.0,650740.0,0.56,1312106415.0,36.34,51.05,False,False,False,False,False,-3.92,-6.51,-0.22,False,False,False,False,9.68,0.16584822,0.16634036,-0.3,3.52,False,0.0,0.0,0.56,-3.0,Risk review,Head-and-shoulders risk,"head-and-shoulders, risk, distribution",3809.4,,,5.89,,,3809.4,"A possible head-and-shoulders top is forming or breaking. This is a caution signal, not an entry setup.",Risk review,-0.35
IGIL,International Gemological Institute Ltd.,IGIL.NS,Services,True,,NIFTY 500,^CRSLDX,2026-10-08,307.05,-3.15,-1.57,-1.33,415597.0,527212.0,0.79,127609058.85,37.19,38.58,False,False,False,False,False,-3.86,-7.71,-0.16,False,False,False,False,11.42,0.01420466,0.01446924,-1.83,3.44,False,0.0,0.0,0.79,-3.0,Risk review,Head-and-shoulders risk,"head-and-shoulders, risk, distribution",315.98,,,2.82,,,315.98,"A possible head-and-shoulders top is forming or breaking. This is a caution signal, not an entry setup.",Risk review,-0.36
EXIDEIND,Exide Industries Ltd.,EXIDEIND.NS,Automobile and Auto Components,True,,NIFTY 500,^CRSLDX,2026-10-08,394.9,-2.0,-3.55,-6.17,1481428.0,1939529.0,0.76,585015917.2,31.15,38.93,False,False,False,False,True,-4.89,-9.78,1.28,False,False,False,False,9.43,0.01826875,0.01900906,-3.89,-0.64,False,0.6666666666666666,0.0,0.76,-3.0,Risk review,Head-and-shoulders risk,"head-and-shoulders, risk, distribution, inverse-head-and-shoulders, base, reversal",412.73,,,4.32,,,412.73,"A possible head-and-shoulders top is forming or breaking. This is a caution signal, not an entry setup. Secondary patterns: Possible inverse H&S.",Risk review,-0.38
BLUEJET,Blue Jet Healthcare Ltd.,BLUEJET.NS,Healthcare,True,,NIFTY 500,^CRSLDX,2026-10-08,518.55,-4.21,-4.29,-9.86,316481.0,434889.0,0.73,164111222.55,30.49,35.4,False,False,False,False,True,-7.0,-9.92,0.39,False,False,False,False,-0.92,0.02398901,0.02502683,-4.15,-2.38,False,0.6666666666666666,0.0,0.73,-2.0,Risk review,Head-and-shoulders risk,"head-and-shoulders, risk, distribution, inverse-head-and-shoulders, base, reversal",499.25,,,3.87,,,499.25,"A possible head-and-shoulders top is forming or breaking. This is a caution signal, not an entry setup. Secondary patterns: Possible inverse H&S.",Risk review,-0.38
CREDITACC,CreditAccess Grameen Ltd.,CREDITACC.NS,Financial Services,True,,NIFTY 500,^CRSLDX,2026-10-08,1263.4,1.92,1.97,-9.96,314609.0,196529.0,1.6,397477010.6,38.65,30.95,True,False,False,False,False,-4.25,-10.8,0.32,False,False,False,False,-0.78,0.05844704,0.06186689,-5.53,-5.17,False,0.6666666666666666,0.0,1.6,-3.0,Risk review,Head-and-shoulders risk,"head-and-shoulders, risk, distribution, inverse-head-and-shoulders, base, reversal",1272.3,,,0.7,,,1272.3,"A possible head-and-shoulders top is forming or breaking. This is a caution signal, not an entry setup. Secondary patterns: Possible inverse H&S.",Risk review,-0.38
OFSS,Oracle Financial Services Software Ltd.,OFSS.NS,Information Technology,True,,NIFTY 500,^CRSLDX,2026-10-08,10400.0,-1.66,-0.19,-11.3,174397.0,233031.0,0.75,1813728800.0,34.9,33.38,False,False,False,False,True,-5.2,-9.32,3.47,False,False,False,False,-8.12,0.48112175,0.49629131,-3.06,-5.96,False,0.6666666666666666,0.0,0.75,0.0,No clear setup,,,,,,,,,,,Weakening,-0.39
BPCL,Bharat Petroleum Corporation Ltd.,BPCL.NS,Oil Gas & Consumable Fuels,True,,NIFTY 500,^CRSLDX,2026-10-08,286.25,-3.41,-4.77,-5.53,7116001.0,5082848.0,1.4,2036955286.25,31.29,41.0,False,False,False,False,False,-5.77,-8.06,-1.91,False,False,False,False,-2.73,0.01324241,0.01352257,-2.07,-2.0,False,0.0,0.0,1.4,0.0,No clear setup,,,,,,,,,,,Weakening,-0.4
APOLLOHOSP,Apollo Hospitals Enterprise Ltd.,APOLLOHOSP.NS,Healthcare,True,,NIFTY 500,^CRSLDX,2026-10-08,7666.0,-3.17,-5.75,-13.87,928942.0,585023.0,1.59,7121269372.0,21.42,29.66,False,False,False,False,False,-10.25,-11.94,1.86,False,False,False,False,-7.04,0.35464225,0.37787473,-6.15,-6.25,False,0.6666666666666666,0.0,1.59,0.0,No clear setup,,,,,,,,,,,Weakening,-0.4
PFOCUS,Prime Focus Ltd.,PFOCUS.NS,Media Entertainment & Publication,True,,NIFTY 500,^CRSLDX,2026-10-08,271.95,-4.24,-9.82,-13.27,4320861.0,4032415.0,1.07,1175058148.95,33.26,43.34,False,False,False,False,False,-13.78,-9.8,3.64,False,False,False,False,-19.48,0.01258087,0.01303087,-3.45,-6.55,False,0.6666666666666666,0.0,1.07,2.2,Watch,Possible inverse H&S,"inverse-head-and-shoulders, base, reversal",287.5,,,5.41,,,287.5,A possible inverse head-and-shoulders base is visible. The setup improves only if price clears or holds near the neckline with better volume.,Setup watch: Possible inverse H&S,-0.43
BANDHANBNK,Bandhan Bank Ltd.,BANDHANBNK.NS,Financial Services,True,,NIFTY 500,^CRSLDX,2026-10-08,155.54,-4.57,-11.63,-10.61,14678826.0,15570683.0,0.94,2283144596.04,32.22,48.43,False,False,False,False,False,-11.57,-10.13,1.73,False,False,False,False,3.34,0.00719555,0.00748928,-3.92,1.17,False,0.3333333333333333,0.0,0.94,-2.0,Risk review,Head-and-shoulders risk,"head-and-shoulders, risk, distribution",151.32,,,2.79,,,151.32,"A possible head-and-shoulders top is forming or breaking. This is a caution signal, not an entry setup.",Risk review,-0.47
HINDCOPPER,Hindustan Copper Ltd.,HINDCOPPER.NS,Metals & Mining,True,,NIFTY 500,^CRSLDX,2026-10-08,467.5,-2.59,1.16,-11.34,3671010.0,6222423.0,0.59,1716197175.0,38.38,32.5,False,False,False,False,False,-4.24,-9.45,1.39,False,False,False,False,-0.82,0.02162735,0.0223132,-3.07,-1.63,False,0.3333333333333333,0.0,0.59,-3.0,Risk review,Head-and-shoulders risk,"head-and-shoulders, risk, distribution",512.88,,,8.85,,,512.88,"A possible head-and-shoulders top is forming or breaking. This is a caution signal, not an entry setup.",Risk review,-0.48
BEL,Bharat Electronics Ltd.,BEL.NS,Capital Goods,True,,NIFTY 500,^CRSLDX,2026-10-08,367.3,-2.91,-4.12,-9.31,13373488.0,10119078.0,1.32,4912082142.4,28.42,36.37,False,False,False,False,False,-5.7,-8.03,-0.09,False,False,False,False,-5.05,0.01699193,0.01728509,-1.7,-2.61,False,0.0,0.0,1.32,0.0,No clear setup,,,,,,,,,,,Weakening,-0.52
CHOICEIN,Choice International Ltd.,CHOICEIN.NS,Financial Services,True,,NIFTY 500,^CRSLDX,2026-10-08,710.65,-1.8,-1.22,-7.76,152810.0,415984.0,0.37,108594426.5,33.97,35.38,False,False,False,False,False,-4.18,-8.28,-0.54,False,False,False,False,9.03,0.03287588,0.03368161,-2.39,0.75,False,0.3333333333333333,0.0,0.37,-2.0,Risk review,Head-and-shoulders risk,"head-and-shoulders, risk, distribution",676.83,,,5.0,,,676.83,"A possible head-and-shoulders top is forming or breaking. This is a caution signal, not an entry setup.",Risk review,-0.55
ADANIPOWER,Adani Power Ltd.,ADANIPOWER.NS,Power,True,,NIFTY 500,^CRSLDX,2026-10-08,188.0,-4.54,-4.18,-11.94,46457240.0,20343623.0,2.28,8733961120.0,35.79,40.98,False,False,False,False,False,-6.8,-8.45,3.18,False,False,False,False,-1.05,0.0086972,0.00890857,-2.37,-1.51,False,0.6666666666666666,0.0,2.28,-3.0,Risk review,Head-and-shoulders risk,"head-and-shoulders, risk, distribution",211.42,,,11.08,,,211.42,"A possible head-and-shoulders top is forming or breaking. This is a caution signal, not an entry setup.",Risk review,-0.55
JSWSTEEL,JSW Steel Ltd.,JSWSTEEL.NS,Metals & Mining,True,,NIFTY 500,^CRSLDX,2026-10-08,1175.2,-4.46,-4.69,-9.88,3829207.0,1708122.0,2.24,4500084066.4,31.52,38.85,False,False,False,False,False,-6.27,-8.38,1.18,False,False,False,False,-5.84,0.05436676,0.05560149,-2.22,-3.31,False,0.6666666666666666,0.0,2.24,-2.0,Risk review,Head-and-shoulders risk,"head-and-shoulders, risk, distribution",1156.6,,,1.61,,,1156.6,"A possible head-and-shoulders top is forming or breaking. This is a caution signal, not an entry setup.",Risk review,-0.56
LT,Larsen & Toubro Ltd.,LT.NS,Construction,True,,NIFTY 500,^CRSLDX,2026-10-08,3625.1,-2.06,-1.85,-8.34,1690918.0,1681901.0,1.01,6129746841.8,31.13,31.26,False,False,False,False,False,-4.84,-8.01,-0.61,False,False,False,False,-3.39,0.16770331,0.17078228,-1.8,-2.89,False,0.0,0.0,1.01,0.0,No clear setup,,,,,,,,,,,Weakening,-0.58
TATAPOWER,Tata Power Co. Ltd.,TATAPOWER.NS,Power,True,,NIFTY 500,^CRSLDX,2026-10-08,335.65,-2.75,-4.14,-8.54,6295578.0,3913876.0,1.61,2113110755.7,26.35,35.0,False,False,False,False,False,-6.7,-8.55,-0.5,False,False,False,False,0.16,0.01552774,0.01593235,-2.54,-1.68,False,0.0,0.0,1.61,-3.0,Risk review,Head-and-shoulders risk,"head-and-shoulders, risk, distribution",361.93,,,7.26,,,361.93,"A possible head-and-shoulders top is forming or breaking. This is a caution signal, not an entry setup.",Risk review,-0.59
AAVAS,Aavas Financiers Ltd.,AAVAS.NS,Financial Services,True,,NIFTY 500,^CRSLDX,2026-10-08,1190.5,-3.34,-0.03,-7.43,43293.0,103522.0,0.42,51540316.5,35.21,30.08,False,False,False,False,False,-5.16,-8.93,-1.77,False,False,False,False,2.24,0.05507456,0.05691266,-3.23,-2.36,False,0.0,0.0,0.42,-3.0,Risk review,Head-and-shoulders risk,"head-and-shoulders, risk, distribution, breakout, retest, pivot, volume",1296.9,,,8.2,,,1296.9,"A possible head-and-shoulders top is forming or breaking. This is a caution signal, not an entry setup. Secondary patterns: Breakout retest.",Risk review,-0.62
JUBLFOOD,Jubilant Foodworks Ltd.,JUBLFOOD.NS,Consumer Services,True,,NIFTY 500,^CRSLDX,2026-10-08,427.6,-7.16,-3.56,-9.75,4370870.0,1407526.0,3.11,1868984012.0,33.02,33.8,False,False,False,False,False,-8.55,-10.96,-2.12,False,False,False,False,-2.12,0.01978151,0.02073306,-4.59,-3.65,False,0.3333333333333333,0.0,3.11,-2.0,Risk review,Head-and-shoulders risk,"head-and-shoulders, risk, distribution, breakout, retest, pivot, volume",409.95,,,4.31,,,409.95,"A possible head-and-shoulders top is forming or breaking. This is a caution signal, not an entry setup. Secondary patterns: Breakout retest.",Risk review,-0.63
HINDPETRO,Hindustan Petroleum Corporation Ltd.,HINDPETRO.NS,Oil Gas & Consumable Fuels,True,,NIFTY 500,^CRSLDX,2026-10-08,326.6,-4.82,-5.33,-7.39,12074362.0,4486864.0,2.69,3943486629.2,31.38,39.01,False,False,False,False,False,-6.47,-10.18,-2.93,False,False,False,False,4.95,0.01510907,0.0158559,-4.71,-1.97,False,0.0,0.0,2.69,-3.0,Risk review,Head-and-shoulders risk,"head-and-shoulders, risk, distribution",328.93,,,0.71,,,328.93,"A possible head-and-shoulders top is forming or breaking. This is a caution signal, not an entry setup.",Risk review,-0.64
IRB,IRB Infrastructure Developers Ltd.,IRB.NS,Construction,True,,NIFTY 500,^CRSLDX,2026-10-08,17.53,0.52,3.12,-11.95,17723493.0,13701151.0,1.29,310692832.29,42.23,29.35,True,False,False,False,False,-2.56,-6.96,-1.42,False,False,False,False,-3.56,0.00081097,0.00081868,-0.94,-2.45,False,0.0,0.0,1.29,-3.0,Risk review,Head-and-shoulders risk,"head-and-shoulders, risk, distribution",19.63,,,10.72,,,19.63,"A possible head-and-shoulders top is forming or breaking. This is a caution signal, not an entry setup.",Risk review,-0.64
FIRSTCRY,Brainbees Solutions Ltd.,FIRSTCRY.NS,Consumer Services,True,,NIFTY 500,^CRSLDX,2026-10-08,168.56,-2.11,-3.54,-1.65,2078375.0,9028834.0,0.23,350330890.0,37.37,41.22,False,False,False,False,False,-3.57,-10.18,-4.9,False,False,False,False,16.69,0.00779787,0.00822447,-5.19,2.0,False,0.0,0.0,0.23,-3.0,Risk review,Head-and-shoulders risk,"head-and-shoulders, risk, distribution",216.23,,,22.05,,,216.23,"A possible head-and-shoulders top is forming or breaking. This is a caution signal, not an entry setup.",Risk review,-0.65
GMRAIRPORT,GMR Airports Ltd.,GMRAIRPORT.NS,Services,True,,NIFTY 500,^CRSLDX,2026-10-08,87.77,-3.75,-5.79,-9.94,55866346.0,15199516.0,3.68,4903389188.42,29.35,39.32,False,False,False,False,False,-7.71,-10.9,-0.72,False,False,False,False,5.46,0.00406039,0.00429367,-5.43,-2.0,False,0.0,0.0,3.68,-3.0,Risk review,Head-and-shoulders risk,"head-and-shoulders, risk, distribution",88.35,,,0.66,,,88.35,"A possible head-and-shoulders top is forming or breaking. This is a caution signal, not an entry setup.",Risk review,-0.65
ABCAPITAL,Aditya Birla Capital Ltd.,ABCAPITAL.NS,Financial Services,True,,NIFTY 500,^CRSLDX,2026-10-08,368.65,-0.93,-1.71,-7.84,4608495.0,3144219.0,1.47,1698921681.75,35.44,37.95,False,False,False,False,True,-4.51,-7.54,0.93,False,False,False,False,-3.47,0.01705438,0.01728868,-1.36,-2.07,False,0.6666666666666666,0.0,1.47,-3.0,Risk review,Head-and-shoulders risk,"head-and-shoulders, risk, distribution, inverse-head-and-shoulders, base, reversal",381.0,,,3.24,,,381.0,"A possible head-and-shoulders top is forming or breaking. This is a caution signal, not an entry setup. Secondary patterns: Possible inverse H&S.",Risk review,-0.66
KFINTECH,Kfin Technologies Ltd.,KFINTECH.NS,Financial Services,True,,NIFTY 500,^CRSLDX,2026-10-08,838.2,-2.31,0.75,-6.76,350743.0,603876.0,0.58,293992782.6,36.65,30.56,False,False,False,False,False,-4.47,-8.56,-2.03,False,False,False,False,-4.54,0.03877656,0.03988828,-2.79,-2.66,False,0.0,0.0,0.58,-3.0,Risk review,Head-and-shoulders risk,"head-and-shoulders, risk, distribution",855.25,,,1.99,,,855.25,"A possible head-and-shoulders top is forming or breaking. This is a caution signal, not an entry setup.",Risk review,-0.68
MINDACORP,Minda Corporation Ltd.,MINDACORP.NS,Automobile and Auto Components,True,,NIFTY 500,^CRSLDX,2026-10-08,635.15,-0.67,-4.83,-9.66,193198.0,216772.0,0.89,122709709.7,33.74,40.67,False,False,False,False,True,-5.92,-9.25,1.48,False,False,False,False,0.94,0.02938312,0.03032362,-3.1,-2.18,False,0.6666666666666666,0.0,0.89,-3.0,Risk review,Head-and-shoulders risk,"head-and-shoulders, risk, distribution",643.08,,,1.23,,,643.08,"A possible head-and-shoulders top is forming or breaking. This is a caution signal, not an entry setup.",Risk review,-0.69
OLAELEC,Ola Electric Mobility Ltd.,OLAELEC.NS,Automobile and Auto Components,True,,NIFTY 500,^CRSLDX,2026-10-08,34.63,-4.65,-6.61,-11.55,163853977.0,102388373.0,1.6,5674263223.51,37.04,45.14,False,False,False,False,False,-8.04,-9.7,0.68,False,False,False,False,-1.31,0.00160204,0.00166009,-3.5,-2.27,False,0.6666666666666666,0.0,1.6,-3.0,Risk review,Head-and-shoulders risk,"head-and-shoulders, risk, distribution",36.7,,,5.64,,,36.7,"A possible head-and-shoulders top is forming or breaking. This is a caution signal, not an entry setup.",Risk review,-0.7
NATCOPHARM,NATCO Pharma Ltd.,NATCOPHARM.NS,Healthcare,True,,NIFTY 500,^CRSLDX,2026-10-08,795.4,-1.81,-3.15,-2.84,312124.0,515285.0,0.61,248263429.6,32.13,41.39,False,False,False,False,False,-3.22,-7.09,-0.91,False,False,False,False,7.24,0.03679656,0.03734266,-1.46,1.64,False,0.0,0.0,0.61,-3.0,Risk review,Head-and-shoulders risk,"head-and-shoulders, risk, distribution",833.5,,,4.57,,,833.5,"A possible head-and-shoulders top is forming or breaking. This is a caution signal, not an entry setup.",Risk review,-0.72
ABB,ABB India Ltd.,ABB.NS,Capital Goods,True,,NIFTY 500,^CRSLDX,2026-10-08,6770.0,-3.35,-1.88,-7.63,155147.0,188945.0,0.82,1050345190.0,38.02,39.2,False,False,False,False,True,-3.72,-7.7,2.86,False,False,False,False,-2.09,0.31319176,0.31802822,-1.52,-2.44,False,0.6666666666666666,0.0,0.82,-3.0,Risk review,Head-and-shoulders risk,"head-and-shoulders, risk, distribution",6869.0,,,1.44,,,6869.0,"A possible head-and-shoulders top is forming or breaking. This is a caution signal, not an entry setup.",Risk review,-0.74
PRESTIGE,Prestige Estates Projects Ltd.,PRESTIGE.NS,Realty,True,,NIFTY 500,^CRSLDX,2026-10-08,1411.0,-1.28,-5.05,-8.59,1068811.0,674788.0,1.58,1508092321.0,37.59,46.61,False,False,False,False,False,-3.37,-8.45,-1.07,False,False,False,False,-2.5,0.06527527,0.06717814,-2.83,-2.48,False,0.3333333333333333,0.0,1.58,-3.0,Risk review,Head-and-shoulders risk,"head-and-shoulders, risk, distribution, breakout, retest, pivot, volume",1426.6,,,1.09,,,1426.6,"A possible head-and-shoulders top is forming or breaking. This is a caution signal, not an entry setup. Secondary patterns: Breakout retest.",Risk review,-0.75
CDSL,Central Depository Services (India) Ltd.,CDSL.NS,Financial Services,True,,NIFTY 500,^CRSLDX,2026-10-08,1258.0,-1.33,1.25,-7.16,695430.0,1096595.0,0.63,874850940.0,37.94,31.92,False,False,False,False,False,-3.65,-6.25,-1.43,False,False,False,False,-13.63,0.05819723,0.05819976,-0.0,-4.75,False,0.3333333333333333,0.0,0.63,-2.0,Risk review,Head-and-shoulders risk,"head-and-shoulders, risk, distribution",1210.65,,,3.91,,,1210.65,"A possible head-and-shoulders top is forming or breaking. This is a caution signal, not an entry setup.",Risk review,-0.75
SOBHA,Sobha Ltd.,SOBHA.NS,Realty,True,,NIFTY 500,^CRSLDX,2026-10-08,1183.9,-1.17,-2.41,-4.19,98897.0,100505.0,0.98,117084158.3,34.09,40.32,False,False,False,False,False,-2.2,-6.34,-1.82,False,False,False,False,6.9,0.05476924,0.05507957,-0.56,1.45,False,0.0,0.0,0.98,-3.0,Risk review,Head-and-shoulders risk,"head-and-shoulders, risk, distribution",1295.35,,,8.6,,,1295.35,"A possible head-and-shoulders top is forming or breaking. This is a caution signal, not an entry setup.",Risk review,-0.76
CANBK,Canara Bank,CANBK.NS,Financial Services,True,,NIFTY 500,^CRSLDX,2026-10-08,117.35,-1.51,-0.85,-5.82,15108675.0,12979188.0,1.16,1773003011.25,31.67,30.08,False,False,False,False,False,-3.57,-6.56,-2.0,False,False,False,False,2.82,0.00542881,0.00544386,-0.28,1.38,False,0.0,0.0,1.16,-3.0,Risk review,Head-and-shoulders risk,"head-and-shoulders, risk, distribution",127.46,,,7.93,,,127.46,"A possible head-and-shoulders top is forming or breaking. This is a caution signal, not an entry setup.",Risk review,-0.77
LINDEINDIA,Linde India Ltd.,LINDEINDIA.NS,Chemicals,True,,NIFTY 500,^CRSLDX,2026-10-08,6026.0,-1.12,-3.55,-3.24,12243.0,21939.0,0.56,73776318.0,36.56,44.48,False,False,False,False,False,-2.57,-6.86,0.37,False,False,False,False,8.59,0.27877305,0.28127085,-0.89,1.3,False,0.3333333333333333,0.0,0.56,-3.0,Risk review,Head-and-shoulders risk,"head-and-shoulders, risk, distribution",6405.25,,,5.92,,,6405.25,"A possible head-and-shoulders top is forming or breaking. This is a caution signal, not an entry setup.",Risk review,-0.79
NAUKRI,Info Edge (India) Ltd.,NAUKRI.NS,Consumer Services,True,,NIFTY 500,^CRSLDX,2026-10-08,1182.8,-3.47,-1.43,-6.5,2180593.0,1502274.0,1.45,2579205400.4,36.99,36.39,False,False,False,True,True,-4.92,-8.05,-0.97,False,False,False,False,-6.89,0.05471835,0.05570525,-1.77,-2.72,False,0.3333333333333333,0.0,1.45,-3.0,Risk review,Head-and-shoulders risk,"head-and-shoulders, risk, distribution",1191.4,,,0.72,,,1191.4,"A possible head-and-shoulders top is forming or breaking. This is a caution signal, not an entry setup.",Risk review,-0.79
JKTYRE,JK Tyre & Industries Ltd.,JKTYRE.NS,Automobile and Auto Components,True,,NIFTY 500,^CRSLDX,2026-10-08,330.25,-0.94,-2.97,-7.66,503166.0,518744.0,0.97,166170571.5,31.49,37.56,False,False,False,False,False,-3.97,-10.02,-3.14,False,False,False,False,-2.11,0.01527793,0.01601678,-4.61,-3.98,False,0.0,0.0,0.97,0.0,No clear setup,,,,,,,,,,,Weakening,-0.8
RPOWER,Reliance Power Ltd.,RPOWER.NS,Power,True,,NIFTY 500,^CRSLDX,2026-10-08,19.8,-2.56,2.01,-9.34,17859215.0,21976127.0,0.81,353612457.0,35.54,21.18,False,False,False,False,False,-3.47,-9.64,-5.65,False,False,False,False,2.79,0.00091598,0.00095512,-4.1,-3.32,False,0.0,0.0,0.81,-3.0,Risk review,Head-and-shoulders risk,"head-and-shoulders, risk, distribution",21.64,,,8.48,,,21.64,"A possible head-and-shoulders top is forming or breaking. This is a caution signal, not an entry setup.",Risk review,-0.81
IRFC,Indian Railway Finance Corporation Ltd.,IRFC.NS,Financial Services,True,,NIFTY 500,^CRSLDX,2026-10-08,74.3,-2.43,-3.58,-8.36,9189122.0,9964859.0,0.92,682751764.6,26.84,32.15,False,False,False,False,False,-5.85,-10.56,-3.85,False,False,False,False,-0.27,0.00343724,0.00361875,-5.02,-4.1,False,0.0,0.0,0.92,0.0,No clear setup,,,,,,,,,,,Weakening,-0.82
BAJFINANCE,Bajaj Finance Ltd.,BAJFINANCE.NS,Financial Services,True,,NIFTY 500,^CRSLDX,2026-10-08,955.95,-0.82,0.81,-8.39,9368412.0,7111842.0,1.32,8955733451.4,36.43,32.04,False,False,False,False,False,-3.73,-8.94,-0.14,False,False,False,False,-2.0,0.04422388,0.04556606,-2.95,-3.39,False,0.3333333333333333,0.0,1.32,-3.0,Risk review,Head-and-shoulders risk,"head-and-shoulders, risk, distribution",963.38,,,0.77,,,963.38,"A possible head-and-shoulders top is forming or breaking. This is a caution signal, not an entry setup.",Risk review,-0.83
CHAMBLFERT,Chambal Fertilizers & Chemicals Ltd.,CHAMBLFERT.NS,Chemicals,True,,NIFTY 500,^CRSLDX,2026-10-08,378.65,-4.47,-5.17,-9.36,715945.0,464754.0,1.54,271092574.25,22.47,26.5,False,False,False,False,False,-7.66,-10.65,-0.93,False,False,False,False,2.1,0.017517,0.01843017,-4.95,-2.97,False,0.0,0.0,1.54,-3.0,Risk review,Head-and-shoulders risk,"head-and-shoulders, risk, distribution",423.5,,,10.59,,,423.5,"A possible head-and-shoulders top is forming or breaking. This is a caution signal, not an entry setup.",Risk review,-0.84
GLENMARK,Glenmark Pharmaceuticals Ltd.,GLENMARK.NS,Healthcare,True,,NIFTY 500,^CRSLDX,2026-10-08,2192.2,-3.95,-5.95,-9.23,816490.0,641721.0,1.27,1789909378.0,32.35,43.14,False,False,False,False,False,-7.74,-7.34,1.77,False,False,False,False,-15.89,0.10141491,0.10208288,-0.65,-4.22,False,0.6666666666666666,0.0,1.27,0.0,No clear setup,,,,,,,,,,,Weakening,-0.84
CUMMINSIND,Cummins India Ltd.,CUMMINSIND.NS,Capital Goods,True,,NIFTY 500,^CRSLDX,2026-10-08,4740.9,-2.69,-2.45,-8.03,224821.0,426566.0,0.53,1065853878.9,35.61,39.39,False,False,False,False,False,-3.77,-7.57,0.92,False,False,False,False,6.3,0.21932213,0.22324036,-1.76,0.97,False,0.6666666666666666,0.0,0.53,-3.0,Risk review,Head-and-shoulders risk,"head-and-shoulders, risk, distribution, breakout, retest, pivot, volume",4887.5,,,3.0,,,4887.5,"A possible head-and-shoulders top is forming or breaking. This is a caution signal, not an entry setup. Secondary patterns: Breakout retest.",Risk review,-0.86
DEVYANI,Devyani International Ltd.,DEVYANI.NS,Consumer Services,True,,NIFTY 500,^CRSLDX,2026-10-08,123.23,-4.46,-3.02,-9.34,2021608.0,1693212.0,1.19,249122753.84,30.95,33.2,False,False,False,False,True,-8.25,-9.62,-0.27,False,False,False,False,-11.45,0.00570083,0.00586093,-2.73,-4.89,False,0.3333333333333333,0.0,1.19,-2.0,Risk review,Head-and-shoulders risk,"head-and-shoulders, risk, distribution, breakout, retest, pivot, volume, inverse-head-and-shoulders, base, reversal",119.59,,,3.05,,,119.59,"A possible head-and-shoulders top is forming or breaking. This is a caution signal, not an entry setup. Secondary patterns: Breakout retest, Possible inverse H&S.",Risk review,-0.88
ONGC,Oil & Natural Gas Corporation Ltd.,ONGC.NS,Oil Gas & Consumable Fuels,True,,NIFTY 500,^CRSLDX,2026-10-08,219.8,-0.94,-1.16,-7.36,9471873.0,12963497.0,0.73,2081917685.4,30.41,30.69,False,False,False,False,False,-4.6,-6.24,-0.22,False,False,False,False,0.84,0.01016832,0.01017503,-0.07,0.75,False,0.0,0.0,0.73,-3.0,Risk review,Head-and-shoulders risk,"head-and-shoulders, risk, distribution",243.0,,,9.55,,,243.0,"A possible head-and-shoulders top is forming or breaking. This is a caution signal, not an entry setup.",Risk review,-0.9
ACC,ACC Ltd.,ACC.NS,Construction Materials,True,,NIFTY 500,^CRSLDX,2026-10-08,1130.1,-3.04,-4.46,-9.9,139914.0,146444.0,0.96,158116811.4,19.29,27.47,False,False,False,False,False,-6.98,-11.35,-3.71,False,False,False,False,-0.4,0.05228036,0.05551913,-5.83,-4.58,False,0.0,0.0,0.96,0.0,No clear setup,,,,,,,,,,,Weakening,-0.92
RAMCOCEM,The Ramco Cements Ltd.,RAMCOCEM.NS,Construction Materials,True,,NIFTY 500,^CRSLDX,2026-10-08,817.9,-3.21,-1.56,-5.96,68677.0,197357.0,0.35,56170918.3,31.86,31.41,False,False,False,False,False,-4.49,-7.68,-1.93,False,False,False,False,6.84,0.03783745,0.03850964,-1.75,0.54,False,0.0,0.0,0.35,-3.0,Risk review,Head-and-shoulders risk,"head-and-shoulders, risk, distribution",897.33,,,8.85,,,897.33,"A possible head-and-shoulders top is forming or breaking. This is a caution signal, not an entry setup.",Risk review,-0.94
MAPMYINDIA,C.E. Info Systems Ltd.,MAPMYINDIA.NS,Information Technology,True,,NIFTY 500,^CRSLDX,2026-10-08,874.7,-2.38,3.42,-6.94,90531.0,200579.0,0.45,79187465.7,41.89,31.3,True,False,False,False,False,-1.2,-8.87,-7.14,False,False,False,False,-5.59,0.04046512,0.04222356,-4.16,-3.99,False,0.0,0.0,0.45,-3.0,Risk review,Head-and-shoulders risk,"head-and-shoulders, risk, distribution",875.0,,,0.03,,,875.0,"A possible head-and-shoulders top is forming or breaking. This is a caution signal, not an entry setup.",Risk review,-0.95
PREMIERENE,Premier Energies Ltd.,PREMIERENE.NS,Capital Goods,True,,NIFTY 500,^CRSLDX,2026-10-08,884.65,-2.79,0.75,-8.6,1266435.0,1402589.0,0.9,1120351722.75,38.54,33.57,False,False,False,False,False,-2.28,-9.14,0.23,False,False,False,False,-1.5,0.04092542,0.04232615,-3.31,-4.28,False,0.6666666666666666,0.0,0.9,-3.0,Risk review,Head-and-shoulders risk,"head-and-shoulders, risk, distribution",960.25,,,7.87,,,960.25,"A possible head-and-shoulders top is forming or breaking. This is a caution signal, not an entry setup.",Risk review,-1.01
JUBLINGREA,Jubilant Ingrevia Ltd.,JUBLINGREA.NS,Chemicals,True,,NIFTY 500,^CRSLDX,2026-10-08,620.3,-3.46,-2.77,-6.95,201372.0,329364.0,0.61,124911051.6,37.6,41.89,False,False,False,False,False,-2.9,-9.17,-0.86,False,False,False,False,5.05,0.02869614,0.02977595,-3.63,-1.61,False,0.3333333333333333,0.0,0.61,-2.0,Risk review,Head-and-shoulders risk,"head-and-shoulders, risk, distribution",606.0,,,2.36,,,606.0,"A possible head-and-shoulders top is forming or breaking. This is a caution signal, not an entry setup.",Risk review,-1.02
SBIN,State Bank of India,SBIN.NS,Financial Services,True,,NIFTY 500,^CRSLDX,2026-10-08,940.0,-1.47,-1.48,-6.9,7600646.0,8805772.0,0.86,7144607240.0,29.13,32.22,False,False,False,False,False,-3.49,-7.61,0.04,False,False,False,False,3.8,0.043486,0.04414971,-1.5,0.11,False,0.3333333333333333,0.0,0.86,-3.0,Risk review,Head-and-shoulders risk,"head-and-shoulders, risk, distribution",984.25,,,4.5,,,984.25,"A possible head-and-shoulders top is forming or breaking. This is a caution signal, not an entry setup.",Risk review,-1.03
SCHAEFFLER,Schaeffler India Ltd.,SCHAEFFLER.NS,Automobile and Auto Components,True,,NIFTY 500,^CRSLDX,2026-10-08,3736.7,-1.59,-3.83,-5.16,30762.0,50183.0,0.61,114948365.4,29.91,39.92,False,False,False,False,False,-5.35,-6.55,0.29,False,False,False,False,-0.85,0.17286612,0.17365915,-0.46,0.08,False,0.3333333333333333,0.0,0.61,-3.0,Risk review,Head-and-shoulders risk,"head-and-shoulders, risk, distribution",3750.95,,,0.38,,,3750.95,"A possible head-and-shoulders top is forming or breaking. This is a caution signal, not an entry setup.",Risk review,-1.03
MANAPPURAM,Manappuram Finance Ltd.,MANAPPURAM.NS,Financial Services,True,,NIFTY 500,^CRSLDX,2026-10-08,304.15,-1.54,-1.54,-8.06,1839807.0,4446620.0,0.41,559577299.05,34.9,37.35,False,False,False,False,False,-4.1,-9.73,0.74,False,False,False,False,9.67,0.0140705,0.01470051,-4.29,0.07,False,0.6666666666666666,0.0,0.41,-3.0,Risk review,Head-and-shoulders risk,"head-and-shoulders, risk, distribution, inverse-head-and-shoulders, base, reversal",309.68,,,1.78,,,309.68,"A possible head-and-shoulders top is forming or breaking. This is a caution signal, not an entry setup. Secondary patterns: Possible inverse H&S.",Risk review,-1.04
HCLTECH,HCL Technologies Ltd.,HCLTECH.NS,Information Technology,True,,NIFTY 500,^CRSLDX,2026-10-08,1176.9,-0.68,-5.33,-2.49,2500607.0,2799800.0,0.89,2942964378.3,33.46,45.53,False,False,False,False,False,-4.69,-8.56,-3.1,False,False,False,False,1.37,0.0544454,0.05597735,-2.74,-1.72,False,0.0,0.0,0.89,-2.0,Risk review,Head-and-shoulders risk,"head-and-shoulders, risk, distribution",1170.1,,,0.58,,,1170.1,"A possible head-and-shoulders top is forming or breaking. This is a caution signal, not an entry setup.",Risk review,-1.04
ULTRACEMCO,UltraTech Cement Ltd.,ULTRACEMCO.NS,Construction Materials,True,,NIFTY 500,^CRSLDX,2026-10-08,10426.0,-2.18,-2.65,-5.04,227189.0,309526.0,0.73,2368672514.0,33.01,37.77,False,False,False,False,False,-4.15,-7.86,-0.64,False,False,False,False,4.76,0.48232456,0.49271743,-2.11,-0.06,False,0.0,0.0,0.73,-3.0,Risk review,Head-and-shoulders risk,"head-and-shoulders, risk, distribution",10535.5,,,1.04,,,10535.5,"A possible head-and-shoulders top is forming or breaking. This is a caution signal, not an entry setup.",Risk review,-1.06
ATGL,Adani Total Gas Ltd.,ATGL.NS,Oil Gas & Consumable Fuels,True,,NIFTY 500,^CRSLDX,2026-10-08,562.2,-3.39,-3.58,-6.72,736398.0,2735828.0,0.27,414002955.6,32.71,38.1,False,False,False,False,False,-6.12,-9.93,0.33,False,False,False,False,5.99,0.02600833,0.02717959,-4.31,-0.24,False,0.6666666666666666,0.0,0.27,-3.0,Risk review,Head-and-shoulders risk,"head-and-shoulders, risk, distribution, inverse-head-and-shoulders, base, reversal",590.2,,,4.74,,,590.2,"A possible head-and-shoulders top is forming or breaking. This is a caution signal, not an entry setup. Secondary patterns: Possible inverse H&S.",Risk review,-1.1
EICHERMOT,Eicher Motors Ltd.,EICHERMOT.NS,Automobile and Auto Components,True,,NIFTY 500,^CRSLDX,2026-10-08,6767.5,-2.77,-2.2,-12.08,361283.0,390887.0,0.92,2444982702.5,22.0,18.72,False,False,False,False,False,-6.86,-11.77,0.06,False,False,False,False,-4.14,0.3130761,0.33329539,-6.07,-5.51,False,0.6666666666666666,0.0,0.92,0.0,No clear setup,,,,,,,,,,,Weakening,-1.1
LTTS,L&T Technology Services Ltd.,LTTS.NS,Information Technology,True,,NIFTY 500,^CRSLDX,2026-10-08,3176.6,-2.32,-2.79,-5.96,53392.0,58505.0,0.91,169605027.2,38.22,44.39,False,False,False,False,False,-2.57,-7.26,-3.59,False,False,False,False,1.98,0.14695494,0.14895072,-1.34,-0.33,False,0.0,0.0,0.91,-3.0,Risk review,Head-and-shoulders risk,"head-and-shoulders, risk, distribution",3208.5,,,0.99,,,3208.5,"A possible head-and-shoulders top is forming or breaking. This is a caution signal, not an entry setup.",Risk review,-1.12
BAJAJFINSV,Bajaj Finserv Ltd.,BAJAJFINSV.NS,Financial Services,True,,NIFTY 500,^CRSLDX,2026-10-08,1708.0,-2.02,-1.42,-11.98,1193738.0,952220.0,1.25,2038904504.0,25.26,24.79,False,False,False,False,False,-4.93,-11.27,-1.32,False,False,False,False,-3.96,0.079015,0.08349193,-5.36,-5.62,False,0.3333333333333333,0.0,1.25,0.0,No clear setup,,,,,,,,,,,Weakening,-1.12
DALBHARAT,Dalmia Bharat Ltd.,DALBHARAT.NS,Construction Materials,True,,NIFTY 500,^CRSLDX,2026-10-08,1592.9,-2.88,-5.3,-8.73,75425.0,82795.0,0.91,120144482.5,30.27,40.91,False,False,False,False,False,-6.1,-10.07,-1.92,False,False,False,False,4.31,0.07369027,0.07692754,-4.21,-0.44,False,0.0,0.0,0.91,-3.0,Risk review,Head-and-shoulders risk,"head-and-shoulders, risk, distribution",1671.45,,,4.7,,,1671.45,"A possible head-and-shoulders top is forming or breaking. This is a caution signal, not an entry setup.",Risk review,-1.14
SUNPHARMA,Sun Pharmaceutical Industries Ltd.,SUNPHARMA.NS,Healthcare,True,,NIFTY 500,^CRSLDX,2026-10-08,1759.8,-1.19,-2.29,-5.44,1605236.0,1674214.0,0.96,2824894312.8,33.43,36.73,False,False,False,False,False,-3.84,-6.64,0.38,False,False,False,False,-0.45,0.08141135,0.08202723,-0.75,-0.52,False,0.6666666666666666,0.0,0.96,-3.0,Risk review,Head-and-shoulders risk,"head-and-shoulders, risk, distribution, inverse-head-and-shoulders, base, reversal",1792.4,,,1.82,,,1792.4,"A possible head-and-shoulders top is forming or breaking. This is a caution signal, not an entry setup. Secondary patterns: Possible inverse H&S.",Risk review,-1.15
MARUTI,Maruti Suzuki India Ltd.,MARUTI.NS,Automobile and Auto Components,True,,NIFTY 500,^CRSLDX,2026-10-08,11228.0,-1.94,-1.39,-10.82,431962.0,456304.0,0.95,4850069336.0,25.25,21.62,False,False,False,False,False,-5.93,-12.95,-3.19,False,False,False,False,1.45,0.51942645,0.56297679,-7.74,-5.74,False,0.0,0.0,0.95,0.0,No clear setup,,,,,,,,,,,Weakening,-1.15
TATASTEEL,Tata Steel Ltd.,TATASTEEL.NS,Metals & Mining,True,,NIFTY 500,^CRSLDX,2026-10-08,171.96,-2.1,-3.39,-7.93,30689721.0,26915588.0,1.14,5277404423.16,30.95,37.87,False,False,False,False,False,-6.02,-7.16,0.67,False,False,False,False,-0.79,0.00795516,0.0080321,-0.96,-0.75,False,0.3333333333333333,0.0,1.14,-3.0,Risk review,Head-and-shoulders risk,"head-and-shoulders, risk, distribution",182.97,,,6.02,,,182.97,"A possible head-and-shoulders top is forming or breaking. This is a caution signal, not an entry setup.",Risk review,-1.2
SIGNATURE,Signatureglobal (India) Ltd.,SIGNATURE.NS,Realty,True,,NIFTY 500,^CRSLDX,2026-10-08,711.25,-0.18,-3.55,-7.91,963963.0,389550.0,2.47,685618683.75,30.85,37.87,False,False,False,False,False,-5.31,-8.68,-4.32,False,False,False,False,-4.22,0.03290364,0.03387119,-2.86,-4.75,False,0.0,0.0,2.47,-3.0,Risk review,Head-and-shoulders risk,"head-and-shoulders, risk, distribution",751.03,,,5.3,,,751.03,"A possible head-and-shoulders top is forming or breaking. This is a caution signal, not an entry setup.",Risk review,-1.2
UNOMINDA,UNO Minda Ltd.,UNOMINDA.NS,Automobile and Auto Components,True,,NIFTY 500,^CRSLDX,2026-10-08,1085.0,-1.79,-2.34,-11.41,479061.0,592013.0,0.81,519781185.0,31.25,32.16,False,False,False,False,False,-7.64,-11.21,-0.76,False,False,False,False,-5.24,0.05019395,0.05291978,-5.15,-6.39,False,0.3333333333333333,0.0,0.81,0.0,No clear setup,,,,,,,,,,,Weakening,-1.2
MFSL,Max Financial Services Ltd.,MFSL.NS,Financial Services,True,,NIFTY 500,^CRSLDX,2026-10-08,1322.4,-1.69,-5.0,-10.64,519819.0,1552226.0,0.33,687408645.6,32.65,38.09,False,False,False,False,False,-8.5,-11.85,-1.46,False,False,False,False,-9.71,0.06117648,0.06513154,-6.07,-6.8,False,0.0,0.0,0.33,0.0,No clear setup,,,,,,,,,,,Weakening,-1.2
HYUNDAI,Hyundai Motor India Ltd.,HYUNDAI.NS,Automobile and Auto Components,True,,NIFTY 500,^CRSLDX,2026-10-08,1915.0,-1.54,-5.39,-13.15,336709.0,693889.0,0.49,644797735.0,28.91,37.97,False,False,False,False,False,-7.95,-11.23,-1.1,False,False,False,False,-9.11,0.08859117,0.09309749,-4.84,-7.17,False,0.3333333333333333,0.0,0.49,0.0,No clear setup,,,,,,,,,,,Weakening,-1.2
PIRAMALFIN,Piramal Finance Ltd.,PIRAMALFIN.NS,Financial Services,True,,NIFTY 500,^CRSLDX,2026-10-08,1956.4,-1.27,-3.31,-14.78,388357.0,406339.0,0.96,759781634.8,30.47,34.32,False,False,False,False,False,-8.4,-9.06,2.97,False,False,False,False,-17.67,0.0905064,0.09281033,-2.48,-7.31,False,0.6666666666666666,0.0,0.96,0.0,No clear setup,,,,,,,,,,,Weakening,-1.2
GRASIM,Grasim Industries Ltd.,GRASIM.NS,Construction Materials,True,,NIFTY 500,^CRSLDX,2026-10-08,2856.8,-2.2,-3.55,-13.93,493070.0,682725.0,0.72,1408602376.0,22.7,27.79,False,False,False,False,False,-7.99,-11.03,1.01,False,False,False,False,-7.5,0.13216044,0.13892773,-4.87,-7.33,False,0.6666666666666666,0.0,0.72,0.0,No clear setup,,,,,,,,,,,Weakening,-1.2
PIIND,PI Industries Ltd.,PIIND.NS,Chemicals,True,,NIFTY 500,^CRSLDX,2026-10-08,2100.0,-4.98,-6.08,-11.21,246249.0,346423.0,0.71,517122900.0,27.97,35.23,False,False,False,False,False,-8.32,-13.9,-3.35,False,False,False,False,2.03,0.09714958,0.10679578,-9.03,-7.42,False,0.0,0.0,0.71,0.0,No clear setup,,,,,,,,,,,Weakening,-1.2
AMBUJACEM,Ambuja Cements Ltd.,AMBUJACEM.NS,Construction Materials,True,,NIFTY 500,^CRSLDX,2026-10-08,341.0,-4.46,-5.87,-13.8,2489181.0,1920805.0,1.3,848810721.0,23.53,29.72,False,False,False,False,False,-9.32,-14.71,-3.63,False,False,False,False,-3.22,0.01577524,0.01743465,-9.52,-8.36,False,0.0,0.0,1.3,0.0,No clear setup,,,,,,,,,,,Weakening,-1.2
ASHOKLEY,Ashok Leyland Ltd.,ASHOKLEY.NS,Capital Goods,True,,NIFTY 500,^CRSLDX,2026-10-08,145.02,-2.8,-3.63,-12.7,15971379.0,13254593.0,1.2,2316169382.58,29.05,31.49,False,False,False,False,False,-7.29,-12.9,-0.8,False,False,False,False,-8.79,0.00670887,0.00720568,-6.89,-8.62,False,0.0,0.0,1.2,0.0,No clear setup,,,,,,,,,,,Weakening,-1.2
TATACAP,Tata Capital Ltd.,TATACAP.NS,Financial Services,True,,NIFTY 500,^CRSLDX,2026-10-08,314.9,-1.76,-1.38,-13.29,1747230.0,1675323.0,1.04,550202727.0,30.01,29.66,False,False,False,False,False,-6.41,-11.33,0.15,False,False,False,False,-11.94,0.01456781,0.01540274,-5.42,-8.82,False,0.6666666666666666,0.0,1.04,0.0,No clear setup,,,,,,,,,,,Weakening,-1.2
SBICARD,SBI Cards and Payment Services Ltd.,SBICARD.NS,Financial Services,True,,NIFTY 500,^CRSLDX,2026-10-08,547.65,-1.75,-2.76,-17.81,925527.0,1232617.0,0.75,506864861.55,25.27,26.73,False,False,False,False,False,-9.39,-13.42,-3.69,False,False,False,False,-18.65,0.02533522,0.02748845,-7.83,-13.04,False,0.0,0.0,0.75,0.0,No clear setup,,,,,,,,,,,Weakening,-1.2
GODREJPROP,Godrej Properties Ltd.,GODREJPROP.NS,Realty,True,,NIFTY 500,^CRSLDX,2026-10-08,1534.0,-2.92,-3.87,-18.06,866694.0,749512.0,1.16,1329508596.0,21.9,24.51,False,False,False,False,False,-7.35,-18.07,-1.98,False,False,False,False,-7.99,0.07096546,0.08212832,-13.59,-14.51,False,0.3333333333333333,0.0,1.16,0.0,No clear setup,,,,,,,,,,,Weakening,-1.2
GRAVITA,Gravita India Ltd.,GRAVITA.NS,Metals & Mining,True,,NIFTY 500,^CRSLDX,2026-10-08,1482.3,-0.92,4.93,-12.74,173491.0,248415.0,0.7,257165709.3,35.85,14.44,True,False,False,False,False,-3.19,-11.0,-1.83,False,False,False,False,-1.71,0.06857373,0.07212449,-4.92,-5.31,False,0.3333333333333333,0.0,0.7,-3.0,Risk review,Head-and-shoulders risk,"head-and-shoulders, risk, distribution, breakout, retest, pivot, volume",1575.55,,,5.92,,,1575.55,"A possible head-and-shoulders top is forming or breaking. This is a caution signal, not an entry setup. Secondary patterns: Breakout retest.",Risk review,-1.21
LODHA,Lodha Developers Ltd.,LODHA.NS,Realty,True,,NIFTY 500,^CRSLDX,2026-10-08,1065.6,-3.95,-3.62,-8.41,1712251.0,2227120.0,0.77,1824574665.6,36.78,41.44,False,False,False,False,True,-4.92,-10.0,0.42,False,False,False,False,-6.31,0.04929648,0.05177315,-4.78,-4.87,False,0.6666666666666666,0.0,0.77,-3.0,Risk review,Head-and-shoulders risk,"head-and-shoulders, risk, distribution",1085.75,,,1.86,,,1085.75,"A possible head-and-shoulders top is forming or breaking. This is a caution signal, not an entry setup.",Risk review,-1.22
SHREECEM,Shree Cement Ltd.,SHREECEM.NS,Construction Materials,True,,NIFTY 500,^CRSLDX,2026-10-08,21600.0,-0.83,-1.37,-5.2,32326.0,48430.0,0.67,698241600.0,35.63,36.94,False,False,False,False,False,-2.55,-8.79,-1.56,False,False,False,False,7.24,0.99925287,1.03631743,-3.58,-0.97,False,0.0,0.0,0.67,-3.0,Risk review,Head-and-shoulders risk,"head-and-shoulders, risk, distribution",22170.0,,,2.57,,,22170.0,"A possible head-and-shoulders top is forming or breaking. This is a caution signal, not an entry setup.",Risk review,-1.24
ASIANPAINT,Asian Paints Ltd.,ASIANPAINT.NS,Consumer Durables,True,,NIFTY 500,^CRSLDX,2026-10-08,2311.6,-2.55,-3.96,-7.47,652405.0,639806.0,1.02,1508099398.0,31.12,35.77,False,False,False,False,False,-4.43,-9.55,-1.47,False,False,False,False,5.77,0.10693856,0.11141353,-4.02,-0.98,False,0.3333333333333333,0.0,1.02,-3.0,Risk review,Head-and-shoulders risk,"head-and-shoulders, risk, distribution",2347.45,,,1.53,,,2347.45,"A possible head-and-shoulders top is forming or breaking. This is a caution signal, not an entry setup.",Risk review,-1.25
TRAVELFOOD,Travel Food Services Ltd.,TRAVELFOOD.NS,Consumer Services,True,,NIFTY 500,^CRSLDX,2026-10-08,1186.2,-0.29,-1.81,-7.75,58790.0,48333.0,1.22,69736698.0,31.82,37.26,False,False,False,False,False,-2.5,-7.55,-0.12,False,False,False,False,4.52,0.05487564,0.05566461,-1.42,-1.14,False,0.3333333333333333,0.0,1.22,-3.0,Risk review,Head-and-shoulders risk,"head-and-shoulders, risk, distribution",1209.55,,,1.93,,,1209.55,"A possible head-and-shoulders top is forming or breaking. This is a caution signal, not an entry setup.",Risk review,-1.28
IIFL,IIFL Finance Ltd.,IIFL.NS,Financial Services,True,,NIFTY 500,^CRSLDX,2026-10-08,579.15,-1.6,-0.8,-4.69,1555838.0,1792386.0,0.87,901063577.7,40.2,40.3,False,False,False,True,True,-3.5,-6.67,0.37,False,False,False,False,-12.29,0.02679247,0.02688325,-0.34,-5.14,False,0.6666666666666666,0.0,0.87,-3.0,Risk review,Head-and-shoulders risk,"head-and-shoulders, risk, distribution, inverse-head-and-shoulders, base, reversal",584.9,,,0.98,,,584.9,"A possible head-and-shoulders top is forming or breaking. This is a caution signal, not an entry setup. Secondary patterns: Possible inverse H&S.",Risk review,-1.28
LICI,Life Insurance Corporation of India,LICI.NS,Financial Services,True,,NIFTY 500,^CRSLDX,2026-10-08,379.25,-1.83,-3.22,-6.5,3328818.0,7147602.0,0.47,1262454226.5,32.76,40.12,False,False,False,False,False,-4.52,-6.51,-0.73,False,False,False,False,-8.63,0.01754475,0.01763974,-0.54,-1.27,False,0.0,0.0,0.47,-3.0,Risk review,Head-and-shoulders risk,"head-and-shoulders, risk, distribution",386.96,,,1.99,,,386.96,"A possible head-and-shoulders top is forming or breaking. This is a caution signal, not an entry setup.",Risk review,-1.3
HEROMOTOCO,Hero MotoCorp Ltd.,HEROMOTOCO.NS,Automobile and Auto Components,True,,NIFTY 500,^CRSLDX,2026-10-08,4856.5,-2.95,-6.03,-8.02,490628.0,522337.0,0.94,2382734882.0,28.42,40.68,False,False,False,False,False,-7.05,-10.68,-1.17,False,False,False,False,6.51,0.22466998,0.23539304,-4.56,-1.28,False,0.3333333333333333,0.0,0.94,-3.0,Risk review,Head-and-shoulders risk,"head-and-shoulders, risk, distribution",4918.75,,,1.27,,,4918.75,"A possible head-and-shoulders top is forming or breaking. This is a caution signal, not an entry setup.",Risk review,-1.31
IOB,Indian Overseas Bank,IOB.NS,Financial Services,True,,NIFTY 500,^CRSLDX,2026-10-08,30.48,-1.77,0.33,-7.24,1864731.0,2856729.0,0.65,56837000.88,33.33,22.94,False,False,False,False,False,-3.79,-6.86,-1.11,False,False,False,False,-1.53,0.00141006,0.00142138,-0.8,-1.35,False,0.0,0.0,0.65,-3.0,Risk review,Head-and-shoulders risk,"head-and-shoulders, risk, distribution",32.07,,,4.96,,,32.07,"A possible head-and-shoulders top is forming or breaking. This is a caution signal, not an entry setup.",Risk review,-1.32
LUPIN,Lupin Ltd.,LUPIN.NS,Healthcare,True,,NIFTY 500,^CRSLDX,2026-10-08,1936.9,-3.78,-4.64,-6.78,611469.0,711990.0,0.86,1184354306.1,23.82,31.66,False,False,False,False,False,-6.05,-10.37,-0.16,False,False,False,False,4.73,0.0896043,0.09444149,-5.12,-1.43,False,0.0,0.0,0.86,-3.0,Risk review,Head-and-shoulders risk,"head-and-shoulders, risk, distribution",2181.6,,,11.22,,,2181.6,"A possible head-and-shoulders top is forming or breaking. This is a caution signal, not an entry setup.",Risk review,-1.34
IREDA,Indian Renewable Energy Development Agency Ltd.,IREDA.NS,Financial Services,True,,NIFTY 500,^CRSLDX,2026-10-08,103.8,-3.29,-6.49,-8.4,5964182.0,5144955.0,1.16,619082091.6,31.21,45.24,False,False,False,False,False,-5.99,-9.08,-2.01,False,False,False,False,1.94,0.00480197,0.00496764,-3.33,-1.55,False,0.0,0.0,1.16,-3.0,Risk review,Head-and-shoulders risk,"head-and-shoulders, risk, distribution",115.58,,,10.19,,,115.58,"A possible head-and-shoulders top is forming or breaking. This is a caution signal, not an entry setup.",Risk review,-1.36
POWERGRID,Power Grid Corporation of India Ltd.,POWERGRID.NS,Power,True,,NIFTY 500,^CRSLDX,2026-10-08,244.65,-3.32,-3.89,-9.97,14409222.0,9928235.0,1.45,3525216162.3,27.88,34.65,False,False,False,False,False,-6.64,-8.23,-0.08,False,False,False,False,-2.79,0.01131793,0.01160141,-2.44,-1.64,False,0.0,0.0,1.45,-3.0,Risk review,Head-and-shoulders risk,"head-and-shoulders, risk, distribution",286.85,,,14.71,,,286.85,"A possible head-and-shoulders top is forming or breaking. This is a caution signal, not an entry setup.",Risk review,-1.38
JINDALSTEL,Jindal Steel Ltd.,JINDALSTEL.NS,Metals & Mining,True,,NIFTY 500,^CRSLDX,2026-10-08,1010.0,-4.81,-8.22,-11.17,2144341.0,1021897.0,2.1,2165784410.0,26.52,41.85,False,False,False,False,False,-9.48,-10.28,0.93,False,False,False,False,-10.37,0.04672432,0.04868907,-4.04,-5.74,False,0.3333333333333333,0.0,2.1,-3.0,Risk review,Head-and-shoulders risk,"head-and-shoulders, risk, distribution",1051.95,,,3.99,,,1051.95,"A possible head-and-shoulders top is forming or breaking. This is a caution signal, not an entry setup.",Risk review,-1.4
LATENTVIEW,Latent View Analytics Ltd.,LATENTVIEW.NS,Information Technology,True,,NIFTY 500,^CRSLDX,2026-10-08,230.26,0.08,-1.8,-9.98,1565857.0,576383.0,2.72,360554232.82,21.8,22.53,False,False,False,False,False,-5.58,-13.47,-6.88,False,False,False,False,4.15,0.01065222,0.01167806,-8.78,-5.75,False,0.0,0.0,2.72,-3.0,Risk review,Head-and-shoulders risk,"head-and-shoulders, risk, distribution",279.98,,,17.76,,,279.98,"A possible head-and-shoulders top is forming or breaking. This is a caution signal, not an entry setup.",Risk review,-1.4
INFY,Infosys Ltd.,INFY.NS,Information Technology,True,,NIFTY 500,^CRSLDX,2026-10-08,997.0,0.5,-3.67,-3.81,14847874.0,10337882.0,1.44,14803330378.0,37.41,44.86,False,False,False,False,False,-2.88,-8.74,-4.65,False,False,False,False,3.95,0.04612292,0.04749447,-2.89,-1.79,False,0.0,0.0,1.44,-3.0,Risk review,Head-and-shoulders risk,"head-and-shoulders, risk, distribution",1035.7,,,3.74,,,1035.7,"A possible head-and-shoulders top is forming or breaking. This is a caution signal, not an entry setup.",Risk review,-1.41
PFC,Power Finance Corporation Ltd.,PFC.NS,Financial Services,True,,NIFTY 500,^CRSLDX,2026-10-08,323.7,-0.57,1.79,-8.25,6668472.0,9104494.0,0.73,2158584386.4,31.88,21.9,False,False,False,False,False,-3.48,-9.7,-0.28,False,False,False,False,4.2,0.01497491,0.01572671,-4.78,-1.79,False,0.0,0.0,0.73,-3.0,Risk review,Head-and-shoulders risk,"head-and-shoulders, risk, distribution",385.8,,,16.1,,,385.8,"A possible head-and-shoulders top is forming or breaking. This is a caution signal, not an entry setup.",Risk review,-1.41
WIPRO,Wipro Ltd.,WIPRO.NS,Information Technology,True,,NIFTY 500,^CRSLDX,2026-10-08,158.38,-0.76,-0.61,-4.76,19938747.0,21569958.0,0.92,3157898749.86,33.65,32.05,False,False,False,False,False,-3.0,-8.73,-4.87,False,False,False,False,2.67,0.00732693,0.00755442,-3.01,-1.81,False,0.0,0.0,0.92,-3.0,Risk review,Head-and-shoulders risk,"head-and-shoulders, risk, distribution",168.41,,,5.95,,,168.41,"A possible head-and-shoulders top is forming or breaking. This is a caution signal, not an entry setup.",Risk review,-1.41
J&KBANK,Jammu & Kashmir Bank Ltd.,J&KBANK.NS,Financial Services,True,,NIFTY 500,^CRSLDX,2026-10-08,135.5,-2.8,-3.2,-7.05,1889831.0,2178472.0,0.87,256072100.5,30.48,35.73,False,False,False,False,False,-5.46,-8.63,3.28,False,False,False,False,0.43,0.00626846,0.0064672,-3.07,-1.84,False,0.6666666666666666,0.0,0.87,-3.0,Risk review,Head-and-shoulders risk,"head-and-shoulders, risk, distribution",136.06,,,0.41,,,136.06,"A possible head-and-shoulders top is forming or breaking. This is a caution signal, not an entry setup.",Risk review,-1.42
BHARATFORG,Bharat Forge Ltd.,BHARATFORG.NS,Automobile and Auto Components,True,,NIFTY 500,^CRSLDX,2026-10-08,1790.6,-2.78,-4.5,-8.4,484831.0,795514.0,0.61,868138388.6,31.0,34.65,False,False,False,False,False,-6.84,-11.08,2.7,False,False,False,False,2.35,0.08283621,0.08783768,-5.69,-1.88,False,0.6666666666666666,0.0,0.61,-3.0,Risk review,Head-and-shoulders risk,"head-and-shoulders, risk, distribution",1807.6,,,0.94,,,1807.6,"A possible head-and-shoulders top is forming or breaking. This is a caution signal, not an entry setup.",Risk review,-1.43
360ONE,360 ONE WAM Ltd.,360ONE.NS,Financial Services,True,,NIFTY 500,^CRSLDX,2026-10-08,1041.1,-2.06,0.11,-4.91,410285.0,980492.0,0.42,427147713.5,39.15,36.05,False,False,False,False,False,-1.92,-7.45,-0.85,False,False,False,False,-1.06,0.04816306,0.04889143,-1.49,-1.9,False,0.3333333333333333,0.0,0.42,-3.0,Risk review,Head-and-shoulders risk,"head-and-shoulders, risk, distribution",1051.05,,,0.95,,,1051.05,"A possible head-and-shoulders top is forming or breaking. This is a caution signal, not an entry setup.",Risk review,-1.43
UNITDSPR,United Spirits Ltd.,UNITDSPR.NS,Fast Moving Consumer Goods,True,,NIFTY 500,^CRSLDX,2026-10-08,1318.2,-1.92,-1.27,-5.84,882097.0,1073144.0,0.82,1162780265.4,32.53,30.91,False,False,False,False,False,-4.43,-9.48,-0.37,False,False,False,False,1.05,0.06098218,0.06339826,-3.81,-1.94,False,0.3333333333333333,0.0,0.82,-3.0,Risk review,Head-and-shoulders risk,"head-and-shoulders, risk, distribution",1349.15,,,2.29,,,1349.15,"A possible head-and-shoulders top is forming or breaking. This is a caution signal, not an entry setup.",Risk review,-1.44
TMCV,Tata Motors Ltd.,TMCV.NS,Capital Goods,True,,NIFTY 500,^CRSLDX,2026-10-08,413.2,-3.44,-0.55,-5.93,4430589.0,6718963.0,0.66,1830719374.8,37.84,35.04,False,False,False,False,False,-4.25,-8.1,0.86,False,False,False,False,-8.39,0.01911534,0.01943326,-1.64,-3.7,False,0.6666666666666666,0.0,0.66,-2.0,Risk review,Head-and-shoulders risk,"head-and-shoulders, risk, distribution",406.82,,,1.57,,,406.82,"A possible head-and-shoulders top is forming or breaking. This is a caution signal, not an entry setup.",Risk review,-1.44
ERIS,Eris Lifesciences Ltd.,ERIS.NS,Healthcare,True,,NIFTY 500,^CRSLDX,2026-10-08,1155.1,0.81,-2.92,-14.85,465585.0,122988.0,3.79,537797233.5,21.08,21.99,False,False,False,False,False,-7.69,-11.53,-2.19,False,False,False,False,-4.01,0.0534369,0.05678861,-5.9,-6.56,False,0.0,0.0,3.79,-3.0,Risk review,Head-and-shoulders risk,"head-and-shoulders, risk, distribution",1261.55,,,8.44,,,1261.55,"A possible head-and-shoulders top is forming or breaking. This is a caution signal, not an entry setup.",Risk review,-1.45
NAM-INDIA,Nippon Life India Asset Management Ltd.,NAM-INDIA.NS,Financial Services,True,,NIFTY 500,^CRSLDX,2026-10-08,1039.4,-0.74,-0.63,-12.29,490778.0,855188.0,0.57,510114653.2,32.84,30.23,False,False,False,False,True,-6.56,-10.38,2.45,False,False,False,False,-11.19,0.04808442,0.05025935,-4.33,-6.82,False,0.6666666666666666,0.0,0.57,-3.0,Risk review,Head-and-shoulders risk,"head-and-shoulders, risk, distribution, inverse-head-and-shoulders, base, reversal",1045.4,,,0.57,,,1045.4,"A possible head-and-shoulders top is forming or breaking. This is a caution signal, not an entry setup. Secondary patterns: Possible inverse H&S.",Risk review,-1.45
GODREJIND,Godrej Industries Ltd.,GODREJIND.NS,Diversified,True,,NIFTY 500,^CRSLDX,2026-10-08,1002.4,-2.59,-1.69,-10.68,144753.0,91857.0,1.58,145100407.2,26.92,24.21,False,False,False,False,False,-7.04,-13.63,0.66,False,False,False,False,0.56,0.04637274,0.05076222,-8.65,-7.41,False,0.6666666666666666,0.0,1.58,-3.0,Risk review,Head-and-shoulders risk,"head-and-shoulders, risk, distribution, inverse-head-and-shoulders, base, reversal",1037.07,,,3.34,,,1037.07,"A possible head-and-shoulders top is forming or breaking. This is a caution signal, not an entry setup. Secondary patterns: Possible inverse H&S.",Risk review,-1.45
NEWGEN,Newgen Software Technologies Ltd.,NEWGEN.NS,Information Technology,True,,NIFTY 500,^CRSLDX,2026-10-08,442.55,-1.16,-3.02,-12.87,1175264.0,687312.0,1.71,520113083.2,24.46,27.73,False,False,False,False,False,-7.68,-13.66,-6.62,False,False,False,False,-3.75,0.02047312,0.02232823,-8.31,-8.95,False,0.0,0.0,1.71,-3.0,Risk review,Head-and-shoulders risk,"head-and-shoulders, risk, distribution",464.98,,,4.82,,,464.98,"A possible head-and-shoulders top is forming or breaking. This is a caution signal, not an entry setup.",Risk review,-1.45
ZENTEC,Zen Technologies Ltd.,ZENTEC.NS,Capital Goods,True,,NIFTY 500,^CRSLDX,2026-10-08,1514.2,-4.18,-3.93,-13.47,587778.0,263246.0,2.23,890013447.6,28.14,30.18,False,False,False,False,False,-7.69,-12.98,1.71,False,False,False,False,-16.6,0.07004948,0.07526672,-6.93,-9.61,False,0.6666666666666666,0.0,2.23,-3.0,Risk review,Head-and-shoulders risk,"head-and-shoulders, risk, distribution",1580.9,,,4.22,,,1580.9,"A possible head-and-shoulders top is forming or breaking. This is a caution signal, not an entry setup.",Risk review,-1.45
NMDC,NMDC Ltd.,NMDC.NS,Metals & Mining,True,,NIFTY 500,^CRSLDX,2026-10-08,70.69,-2.9,-5.29,-16.44,26538950.0,13231606.0,2.01,1876038375.5,22.48,27.55,False,False,False,False,False,-9.38,-14.17,-0.09,False,False,False,False,-10.27,0.00327024,0.0035786,-8.62,-9.69,False,0.0,0.0,2.01,-3.0,Risk review,Head-and-shoulders risk,"head-and-shoulders, risk, distribution",79.03,,,10.55,,,79.03,"A possible head-and-shoulders top is forming or breaking. This is a caution signal, not an entry setup.",Risk review,-1.45
ABLBL,Aditya Birla Lifestyle Brands Ltd.,ABLBL.NS,Consumer Services,True,,NIFTY 500,^CRSLDX,2026-10-08,71.95,-2.36,-3.34,-14.35,5937102.0,3266660.0,1.82,427174488.9,15.66,15.9,False,False,False,False,False,-8.15,-14.63,-4.56,False,False,False,False,-5.72,0.00332853,0.003682,-9.6,-9.91,False,0.0,0.0,1.82,-3.0,Risk review,Head-and-shoulders risk,"head-and-shoulders, risk, distribution",98.06,,,26.63,,,98.06,"A possible head-and-shoulders top is forming or breaking. This is a caution signal, not an entry setup.",Risk review,-1.45
TIINDIA,Tube Investments of India Ltd.,TIINDIA.NS,Automobile and Auto Components,True,,NIFTY 500,^CRSLDX,2026-10-08,2241.0,-6.16,-4.23,-15.5,772851.0,332467.0,2.32,1731959091.0,28.53,20.7,False,False,False,False,False,-9.72,-15.96,-0.49,False,False,False,False,-8.25,0.10367249,0.11606337,-10.68,-10.52,False,0.0,0.0,2.32,-3.0,Risk review,Head-and-shoulders risk,"head-and-shoulders, risk, distribution",2513.3,,,10.83,,,2513.3,"A possible head-and-shoulders top is forming or breaking. This is a caution signal, not an entry setup.",Risk review,-1.45
INTELLECT,Intellect Design Arena Ltd.,INTELLECT.NS,Information Technology,True,,NIFTY 500,^CRSLDX,2026-10-08,567.35,-4.06,-7.14,-17.18,467950.0,311080.0,1.5,265491432.5,19.43,28.37,False,False,False,False,False,-10.47,-15.72,-4.98,False,False,False,False,-7.0,0.02624658,0.02928858,-10.39,-10.9,False,0.0,0.0,1.5,-3.0,Risk review,Head-and-shoulders risk,"head-and-shoulders, risk, distribution",631.1,,,10.1,,,631.1,"A possible head-and-shoulders top is forming or breaking. This is a caution signal, not an entry setup.",Risk review,-1.45
INDIACEM,India Cements Ltd.,INDIACEM.NS,Construction Materials,True,,NIFTY 500,^CRSLDX,2026-10-08,294.6,-2.79,-0.19,-15.33,1138184.0,273922.0,4.16,335309006.4,26.53,17.65,False,False,False,False,False,-8.51,-16.53,-2.66,False,False,False,False,-4.44,0.0136287,0.01543893,-11.73,-11.38,False,0.0,0.0,4.16,-3.0,Risk review,Head-and-shoulders risk,"head-and-shoulders, risk, distribution",363.68,,,18.99,,,363.68,"A possible head-and-shoulders top is forming or breaking. This is a caution signal, not an entry setup.",Risk review,-1.45
INOXWIND,Inox Wind Ltd.,INOXWIND.NS,Capital Goods,True,,NIFTY 500,^CRSLDX,2026-10-08,62.43,-6.96,-9.19,-17.88,21894766.0,9857371.0,2.22,1366890241.38,25.25,34.5,False,False,False,False,False,-13.74,-15.43,-5.62,False,False,False,False,-17.0,0.00288812,0.00320242,-9.81,-11.54,False,0.0,0.0,2.22,-3.0,Risk review,Head-and-shoulders risk,"head-and-shoulders, risk, distribution",82.73,,,24.54,,,82.73,"A possible head-and-shoulders top is forming or breaking. This is a caution signal, not an entry setup.",Risk review,-1.45
SBFC,SBFC Finance Ltd.,SBFC.NS,Financial Services,True,,NIFTY 500,^CRSLDX,2026-10-08,81.28,0.22,-3.46,-17.47,2262015.0,1365458.0,1.66,183856579.2,23.57,26.09,False,False,False,False,False,-8.4,-12.54,-1.69,False,False,False,False,-19.01,0.00376015,0.0040166,-6.38,-11.59,False,0.0,0.0,1.66,-3.0,Risk review,Head-and-shoulders risk,"head-and-shoulders, risk, distribution",84.33,,,3.62,,,84.33,"A possible head-and-shoulders top is forming or breaking. This is a caution signal, not an entry setup.",Risk review,-1.45
TCS,Tata Consultancy Services Ltd.,TCS.NS,Information Technology,True,,NIFTY 500,^CRSLDX,2026-10-08,2076.0,-0.21,0.05,-5.81,4288031.0,3380627.0,1.27,8901952356.0,38.41,36.02,True,False,False,False,False,-1.85,-7.65,-4.43,False,False,False,False,2.02,0.0960393,0.09790851,-1.91,-2.03,False,0.0,0.0,1.27,-3.0,Risk review,Head-and-shoulders risk,"head-and-shoulders, risk, distribution",2081.15,,,0.25,,,2081.15,"A possible head-and-shoulders top is forming or breaking. This is a caution signal, not an entry setup.",Risk review,-1.46
3MINDIA,3M India Ltd.,3MINDIA.NS,Diversified,True,,NIFTY 500,^CRSLDX,2026-10-08,30025.0,-2.6,-2.5,-8.46,3002.0,6379.0,0.47,90135050.0,31.22,32.93,False,False,False,False,False,-7.44,-10.63,-0.74,False,False,False,False,4.15,1.38900776,1.46291458,-5.05,-2.06,False,0.3333333333333333,0.0,0.47,-3.0,Risk review,Head-and-shoulders risk,"head-and-shoulders, risk, distribution",30115.0,,,0.3,,,30115.0,"A possible head-and-shoulders top is forming or breaking. This is a caution signal, not an entry setup.",Risk review,-1.46
BLUEDART,Blue Dart Express Ltd.,BLUEDART.NS,Services,True,,NIFTY 500,^CRSLDX,2026-10-08,4557.0,0.04,1.34,-6.67,6512.0,16082.0,0.4,29675184.0,31.64,23.54,False,False,False,False,False,-3.1,-7.55,-1.43,False,False,False,False,-0.7,0.2108146,0.21421242,-1.59,-2.15,False,0.0,0.0,0.4,-3.0,Risk review,Head-and-shoulders risk,"head-and-shoulders, risk, distribution",4813.3,,,5.32,,,4813.3,"A possible head-and-shoulders top is forming or breaking. This is a caution signal, not an entry setup.",Risk review,-1.48
KAYNES,Kaynes Technology India Ltd.,KAYNES.NS,Capital Goods,True,,NIFTY 500,^CRSLDX,2026-10-08,3233.0,-3.92,-4.88,-7.6,1099748.0,1067952.0,1.03,3555485284.0,33.9,41.4,False,False,False,False,False,-6.84,-11.21,-1.7,False,False,False,False,-2.84,0.1495641,0.15774142,-5.18,-3.9,False,0.3333333333333333,0.0,1.03,-2.0,Risk review,Head-and-shoulders risk,"head-and-shoulders, risk, distribution",3171.0,,,1.96,,,3171.0,"A possible head-and-shoulders top is forming or breaking. This is a caution signal, not an entry setup.",Risk review,-1.48
HONAUT,Honeywell Automation India Ltd.,HONAUT.NS,Capital Goods,True,,NIFTY 500,^CRSLDX,2026-10-08,32465.0,-2.64,-3.0,-4.93,3344.0,4784.0,0.7,108562960.0,31.21,37.43,False,False,False,False,False,-4.25,-8.67,0.08,False,False,False,False,1.91,1.50188632,1.55164732,-3.21,-2.21,False,0.6666666666666666,0.0,0.7,-3.0,Risk review,Head-and-shoulders risk,"head-and-shoulders, risk, distribution, inverse-head-and-shoulders, base, reversal",34925.0,,,7.04,,,34925.0,"A possible head-and-shoulders top is forming or breaking. This is a caution signal, not an entry setup. Secondary patterns: Possible inverse H&S.",Risk review,-1.49
YESBANK,Yes Bank Ltd.,YESBANK.NS,Financial Services,True,,NIFTY 500,^CRSLDX,2026-10-08,20.45,-1.64,-1.45,-8.3,62706430.0,97193854.0,0.65,1282346493.5,31.65,32.04,False,False,False,False,False,-7.33,-8.69,0.16,False,False,False,False,-3.34,0.00094605,0.00097044,-2.51,-2.29,False,0.6666666666666666,0.0,0.65,-3.0,Risk review,Head-and-shoulders risk,"head-and-shoulders, risk, distribution, inverse-head-and-shoulders, base, reversal",21.07,,,2.92,,,21.07,"A possible head-and-shoulders top is forming or breaking. This is a caution signal, not an entry setup. Secondary patterns: Possible inverse H&S.",Risk review,-1.51
TRIDENT,Trident Ltd.,TRIDENT.NS,Textiles,True,,NIFTY 500,^CRSLDX,2026-10-08,21.83,-2.15,-1.49,-7.46,3000810.0,3056943.0,0.98,65507682.3,30.9,23.22,False,False,False,False,False,-4.2,-8.19,-1.71,False,False,False,False,-1.58,0.00100989,0.00103407,-2.34,-2.48,False,0.0,0.0,0.98,-3.0,Risk review,Head-and-shoulders risk,"head-and-shoulders, risk, distribution",23.03,,,5.21,,,23.03,"A possible head-and-shoulders top is forming or breaking. This is a caution signal, not an entry setup.",Risk review,-1.55
TENNIND,Tenneco Clean Air India Ltd.,TENNIND.NS,Automobile and Auto Components,True,,NIFTY 500,^CRSLDX,2026-10-08,468.8,-2.41,-5.37,-9.72,723263.0,633044.0,1.14,339065694.4,29.83,37.01,False,False,False,False,False,-7.18,-11.11,0.35,False,False,False,False,2.11,0.02168749,0.02290315,-5.31,-2.57,False,0.3333333333333333,0.0,1.14,-3.0,Risk review,Head-and-shoulders risk,"head-and-shoulders, risk, distribution",526.9,,,11.03,,,526.9,"A possible head-and-shoulders top is forming or breaking. This is a caution signal, not an entry setup.",Risk review,-1.56
TRITURBINE,Triveni Turbine Ltd.,TRITURBINE.NS,Capital Goods,True,,NIFTY 500,^CRSLDX,2026-10-08,516.45,-2.82,-2.56,-7.92,371191.0,477817.0,0.78,191701591.95,33.05,35.13,False,False,False,False,False,-5.5,-9.76,0.18,False,False,False,False,5.69,0.02389186,0.02492646,-4.15,-2.73,False,0.6666666666666666,0.0,0.78,-3.0,Risk review,Head-and-shoulders risk,"head-and-shoulders, risk, distribution",553.92,,,6.77,,,553.92,"A possible head-and-shoulders top is forming or breaking. This is a caution signal, not an entry setup.",Risk review,-1.6
RITES,RITES Ltd.,RITES.NS,Construction,True,,NIFTY 500,^CRSLDX,2026-10-08,195.85,-2.44,-6.51,-7.09,450741.0,5036801.0,0.09,88277624.85,36.23,51.9,False,False,False,False,False,-3.97,-8.15,-1.35,False,False,False,False,2.19,0.00906036,0.00925112,-2.06,-2.78,False,0.0,0.0,0.09,-3.0,Risk review,Head-and-shoulders risk,"head-and-shoulders, risk, distribution",200.62,,,2.38,,,200.62,"A possible head-and-shoulders top is forming or breaking. This is a caution signal, not an entry setup.",Risk review,-1.61
FACT,Fertilisers and Chemicals Travancore Ltd.,FACT.NS,Chemicals,True,,NIFTY 500,^CRSLDX,2026-10-08,717.75,-3.91,-2.34,-9.14,65738.0,181471.0,0.36,47183449.5,33.49,32.26,False,False,False,False,False,-5.85,-9.67,-1.2,False,False,False,False,-0.53,0.03320434,0.03455326,-3.9,-3.08,False,0.0,0.0,0.36,-3.0,Risk review,Head-and-shoulders risk,"head-and-shoulders, risk, distribution",720.6,,,0.4,,,720.6,"A possible head-and-shoulders top is forming or breaking. This is a caution signal, not an entry setup.",Risk review,-1.67
HINDZINC,Hindustan Zinc Ltd.,HINDZINC.NS,Metals & Mining,True,,NIFTY 500,^CRSLDX,2026-10-08,531.75,-3.49,-4.2,-10.42,2064026.0,3764226.0,0.55,1097545825.5,32.68,39.57,False,False,False,False,False,-6.85,-8.39,-0.11,False,False,False,False,-4.81,0.02459966,0.02505701,-1.83,-3.31,False,0.0,0.0,0.55,-3.0,Risk review,Head-and-shoulders risk,"head-and-shoulders, risk, distribution",558.9,,,4.86,,,558.9,"A possible head-and-shoulders top is forming or breaking. This is a caution signal, not an entry setup.",Risk review,-1.71
BATAINDIA,Bata India Ltd.,BATAINDIA.NS,Consumer Durables,True,,NIFTY 500,^CRSLDX,2026-10-08,603.35,-1.91,-1.57,-7.64,91894.0,154379.0,0.6,55444244.9,26.85,25.35,False,False,False,False,False,-3.8,-10.06,-4.29,False,False,False,False,0.25,0.027912,0.02918518,-4.36,-3.45,False,0.0,0.0,0.6,-3.0,Risk review,Head-and-shoulders risk,"head-and-shoulders, risk, distribution",657.95,,,8.3,,,657.95,"A possible head-and-shoulders top is forming or breaking. This is a caution signal, not an entry setup.",Risk review,-1.74
CHOLAHLDNG,Cholamandalam Financial Holdings Ltd.,CHOLAHLDNG.NS,Financial Services,True,,NIFTY 500,^CRSLDX,2026-10-08,1370.4,-2.3,0.06,-10.55,47048.0,192488.0,0.24,64474579.2,33.7,25.9,False,False,False,False,False,-4.89,-9.14,-2.65,False,False,False,False,0.41,0.06339704,0.06537632,-3.03,-3.46,False,0.0,0.0,0.24,-3.0,Risk review,Head-and-shoulders risk,"head-and-shoulders, risk, distribution",1424.9,,,3.82,,,1424.9,"A possible head-and-shoulders top is forming or breaking. This is a caution signal, not an entry setup.",Risk review,-1.74
UBL,United Breweries Ltd.,UBL.NS,Fast Moving Consumer Goods,True,,NIFTY 500,^CRSLDX,2026-10-08,1162.7,-1.94,-2.2,-7.48,93742.0,149388.0,0.63,108993823.4,33.63,36.83,False,False,False,False,False,-4.42,-10.3,-2.82,False,False,False,False,0.75,0.05378849,0.05661404,-4.99,-3.52,False,0.0,0.0,0.63,-3.0,Risk review,Head-and-shoulders risk,"head-and-shoulders, risk, distribution",1546.85,,,24.83,,,1546.85,"A possible head-and-shoulders top is forming or breaking. This is a caution signal, not an entry setup.",Risk review,-1.75
OBEROIRLTY,Oberoi Realty Ltd.,OBEROIRLTY.NS,Realty,True,,NIFTY 500,^CRSLDX,2026-10-08,1663.3,-4.19,-5.2,-7.18,352318.0,467619.0,0.75,586010529.4,30.83,42.01,False,False,False,False,False,-5.94,-8.36,0.69,False,False,False,False,-9.21,0.0769471,0.07886344,-2.43,-3.56,False,0.6666666666666666,0.0,0.75,-3.0,Risk review,Head-and-shoulders risk,"head-and-shoulders, risk, distribution",1678.3,,,0.89,,,1678.3,"A possible head-and-shoulders top is forming or breaking. This is a caution signal, not an entry setup.",Risk review,-1.76
JIOFIN,Jio Financial Services Ltd.,JIOFIN.NS,Financial Services,True,,NIFTY 500,^CRSLDX,2026-10-08,211.0,-2.51,-0.71,-8.36,10614368.0,14664812.0,0.72,2239631648.0,29.24,22.8,False,False,False,False,False,-5.25,-10.87,-2.93,False,False,False,False,1.81,0.00976122,0.01029825,-5.21,-3.57,False,0.0,0.0,0.72,-3.0,Risk review,Head-and-shoulders risk,"head-and-shoulders, risk, distribution",224.07,,,5.83,,,224.07,"A possible head-and-shoulders top is forming or breaking. This is a caution signal, not an entry setup.",Risk review,-1.76
ADANIENSOL,Adani Energy Solutions Ltd.,ADANIENSOL.NS,Power,True,,NIFTY 500,^CRSLDX,2026-10-08,1251.5,-5.1,-5.65,-10.09,2431825.0,2126215.0,1.14,3043428987.5,30.95,37.97,False,False,False,False,False,-7.09,-14.48,2.76,False,False,False,False,9.07,0.05789653,0.06407871,-9.65,-3.58,False,0.6666666666666666,0.0,1.14,-3.0,Risk review,Head-and-shoulders risk,"head-and-shoulders, risk, distribution",1292.3,,,3.16,,,1292.3,"A possible head-and-shoulders top is forming or breaking. This is a caution signal, not an entry setup.",Risk review,-1.77
CAMS,Computer Age Management Services Ltd.,CAMS.NS,Financial Services,True,,NIFTY 500,^CRSLDX,2026-10-08,662.5,-4.62,-2.18,-6.95,1020764.0,1271170.0,0.8,676256150.0,33.29,34.32,False,False,False,False,False,-4.92,-10.06,-0.73,False,False,False,False,0.7,0.03064838,0.03211435,-4.56,-3.64,False,0.3333333333333333,0.0,0.8,-3.0,Risk review,Head-and-shoulders risk,"head-and-shoulders, risk, distribution",665.7,,,0.48,,,665.7,"A possible head-and-shoulders top is forming or breaking. This is a caution signal, not an entry setup.",Risk review,-1.78
BLS,BLS International Services Ltd.,BLS.NS,Consumer Services,True,,NIFTY 500,^CRSLDX,2026-10-08,215.08,-2.61,-0.66,-8.72,674812.0,775656.0,0.87,145138564.96,34.41,28.81,False,False,False,False,False,-3.98,-10.48,-3.55,False,False,False,False,2.27,0.00994997,0.01042792,-4.58,-3.67,False,0.0,0.0,0.87,-3.0,Risk review,Head-and-shoulders risk,"head-and-shoulders, risk, distribution",231.32,,,7.02,,,231.32,"A possible head-and-shoulders top is forming or breaking. This is a caution signal, not an entry setup.",Risk review,-1.78
KIMS,Krishna Institute of Medical Sciences Ltd.,KIMS.NS,Healthcare,True,,NIFTY 500,^CRSLDX,2026-10-08,687.15,-0.98,-6.67,-11.08,473382.0,638070.0,0.74,325284441.3,24.35,34.74,False,False,False,False,False,-9.38,-11.28,1.59,False,False,False,False,0.62,0.03178873,0.03364222,-5.51,-3.72,False,0.6666666666666666,0.0,0.74,-3.0,Risk review,Head-and-shoulders risk,"head-and-shoulders, risk, distribution",696.3,,,1.31,,,696.3,"A possible head-and-shoulders top is forming or breaking. This is a caution signal, not an entry setup.",Risk review,-1.79
CANFINHOME,Can Fin Homes Ltd.,CANFINHOME.NS,Financial Services,True,,NIFTY 500,^CRSLDX,2026-10-08,723.75,-0.45,1.79,-7.47,193895.0,300525.0,0.65,140331506.25,34.07,22.09,False,False,False,False,False,-3.33,-7.92,-2.0,False,False,False,False,-4.42,0.03348191,0.03416883,-2.01,-3.74,False,0.0,0.0,0.65,-3.0,Risk review,Head-and-shoulders risk,"head-and-shoulders, risk, distribution",789.8,,,8.36,,,789.8,"A possible head-and-shoulders top is forming or breaking. This is a caution signal, not an entry setup.",Risk review,-1.8
NLCINDIA,NLC India Ltd.,NLCINDIA.NS,Power,True,,NIFTY 500,^CRSLDX,2026-10-08,241.45,-3.56,-4.64,-10.71,1113004.0,1411546.0,0.79,268734815.8,28.52,35.48,False,False,False,False,False,-6.82,-10.95,0.51,False,False,False,False,-0.72,0.01116989,0.01182784,-5.56,-3.95,False,0.3333333333333333,0.0,0.79,-3.0,Risk review,Head-and-shoulders risk,"head-and-shoulders, risk, distribution",245.15,,,1.51,,,245.15,"A possible head-and-shoulders top is forming or breaking. This is a caution signal, not an entry setup.",Risk review,-1.84
BIOCON,Biocon Ltd.,BIOCON.NS,Healthcare,True,,NIFTY 500,^CRSLDX,2026-10-08,350.0,-2.78,-5.58,-10.63,2135284.0,3036902.0,0.7,747349400.0,23.31,33.59,False,False,False,False,False,-7.46,-12.37,-0.32,False,False,False,False,1.61,0.0161916,0.01740767,-6.99,-4.21,False,0.3333333333333333,0.0,0.7,-3.0,Risk review,Head-and-shoulders risk,"head-and-shoulders, risk, distribution",354.1,,,1.16,,,354.1,"A possible head-and-shoulders top is forming or breaking. This is a caution signal, not an entry setup.",Risk review,-1.89
TITAGARH,Titagarh Rail Systems Ltd.,TITAGARH.NS,Capital Goods,True,,NIFTY 500,^CRSLDX,2026-10-08,778.0,-2.72,-3.37,-9.45,314209.0,430216.0,0.73,244454602.0,31.85,39.41,False,False,False,False,False,-5.08,-6.82,0.02,False,False,False,False,-16.53,0.03599161,0.03616592,-0.48,-7.03,False,0.6666666666666666,0.0,0.73,-2.0,Risk review,Head-and-shoulders risk,"head-and-shoulders, risk, distribution, inverse-head-and-shoulders, base, reversal",767.45,,,1.37,,,767.45,"A possible head-and-shoulders top is forming or breaking. This is a caution signal, not an entry setup. Secondary patterns: Possible inverse H&S.",Risk review,-1.9
CHOLAFIN,Cholamandalam Investment and Finance Company Ltd.,CHOLAFIN.NS,Financial Services,True,,NIFTY 500,^CRSLDX,2026-10-08,1544.0,-1.32,-2.28,-16.94,1539977.0,1655242.0,0.93,2377724488.0,24.23,22.65,False,False,False,False,False,-8.7,-14.17,-0.06,False,False,False,False,-9.21,0.07142808,0.0779166,-8.33,-10.51,False,0.3333333333333333,0.0,0.93,-2.0,Risk review,Head-and-shoulders risk,"head-and-shoulders, risk, distribution, inverse-head-and-shoulders, base, reversal",1481.65,,,4.21,,,1481.65,"A possible head-and-shoulders top is forming or breaking. This is a caution signal, not an entry setup. Secondary patterns: Possible inverse H&S.",Risk review,-1.9
BAJAJ-AUTO,Bajaj Auto Ltd.,BAJAJ-AUTO.NS,Automobile and Auto Components,True,,NIFTY 500,^CRSLDX,2026-10-08,9637.0,-2.5,-4.06,-18.11,198806.0,362639.0,0.55,1915893422.0,17.22,21.31,False,False,False,False,False,-11.73,-15.77,1.82,False,False,False,False,-16.13,0.44582407,0.49597156,-10.11,-12.51,False,0.6666666666666666,0.0,0.55,-2.0,Risk review,Head-and-shoulders risk,"head-and-shoulders, risk, distribution",9263.0,,,4.04,,,9263.0,"A possible head-and-shoulders top is forming or breaking. This is a caution signal, not an entry setup.",Risk review,-1.9
NIACL,The New India Assurance Company Ltd.,NIACL.NS,Financial Services,True,,NIFTY 500,^CRSLDX,2026-10-08,158.14,-0.72,-1.29,-19.87,6834159.0,4950037.0,1.38,1080753904.26,33.34,33.27,False,False,False,False,False,-10.54,-13.93,1.17,False,False,False,False,-58.75,0.00731583,0.00790974,-7.51,-26.73,False,0.6666666666666666,0.0,1.38,-2.0,Risk review,Head-and-shoulders risk,"head-and-shoulders, risk, distribution",153.63,,,2.94,,,153.63,"A possible head-and-shoulders top is forming or breaking. This is a caution signal, not an entry setup.",Risk review,-1.9
WAAREEENER,Waaree Energies Ltd.,WAAREEENER.NS,Capital Goods,True,,NIFTY 500,^CRSLDX,2026-10-08,2317.0,-3.5,-0.98,-9.07,611473.0,667495.0,0.92,1416782941.0,31.06,27.85,False,False,False,False,False,-5.76,-9.96,-1.74,False,False,False,False,-2.71,0.10718838,0.11182054,-4.14,-4.28,False,0.0,0.0,0.92,-3.0,Risk review,Head-and-shoulders risk,"head-and-shoulders, risk, distribution",2751.15,,,15.78,,,2751.15,"A possible head-and-shoulders top is forming or breaking. This is a caution signal, not an entry setup.",Risk review,-1.91
MSUMI,Motherson Sumi Wiring India Ltd.,MSUMI.NS,Automobile and Auto Components,True,,NIFTY 500,^CRSLDX,2026-10-08,32.97,-1.79,-1.67,-9.27,7113684.0,11858299.0,0.6,234538161.48,29.81,27.48,False,False,False,False,False,-4.8,-11.25,-2.78,False,False,False,False,3.52,0.00152525,0.00162315,-6.03,-4.28,False,0.0,0.0,0.6,-3.0,Risk review,Head-and-shoulders risk,"head-and-shoulders, risk, distribution",37.5,,,12.07,,,37.5,"A possible head-and-shoulders top is forming or breaking. This is a caution signal, not an entry setup.",Risk review,-1.91
VTL,Vardhman Textiles Ltd.,VTL.NS,Textiles,True,,NIFTY 500,^CRSLDX,2026-10-08,527.35,-1.69,-0.36,-8.38,133897.0,364221.0,0.37,70610582.95,38.22,35.32,False,False,False,False,False,-3.95,-8.49,1.91,False,False,False,False,-3.77,0.02439611,0.02511489,-2.86,-4.28,False,0.6666666666666666,0.0,0.37,-3.0,Risk review,Head-and-shoulders risk,"head-and-shoulders, risk, distribution",535.42,,,1.51,,,535.42,"A possible head-and-shoulders top is forming or breaking. This is a caution signal, not an entry setup.",Risk review,-1.91
RVNL,Rail Vikas Nigam Ltd.,RVNL.NS,Construction,True,,NIFTY 500,^CRSLDX,2026-10-08,187.2,-4.43,-4.97,-8.95,5378212.0,5123515.0,1.05,1006801286.4,30.09,37.17,False,False,False,False,False,-7.4,-12.32,-4.68,False,False,False,False,2.11,0.00866019,0.00929576,-6.84,-4.53,False,0.0,0.0,1.05,-3.0,Risk review,Head-and-shoulders risk,"head-and-shoulders, risk, distribution",234.78,,,20.26,,,234.78,"A possible head-and-shoulders top is forming or breaking. This is a caution signal, not an entry setup.",Risk review,-1.96
HAVELLS,Havells India Ltd.,HAVELLS.NS,Consumer Durables,True,,NIFTY 500,^CRSLDX,2026-10-08,1023.7,-3.47,-1.57,-8.27,637800.0,833127.0,0.77,652915860.0,31.18,30.82,False,False,False,False,False,-4.82,-13.01,-2.65,False,False,False,False,3.6,0.04735811,0.05130557,-7.69,-4.64,False,0.0,0.0,0.77,-3.0,Risk review,Head-and-shoulders risk,"head-and-shoulders, risk, distribution",1102.35,,,7.13,,,1102.35,"A possible head-and-shoulders top is forming or breaking. This is a caution signal, not an entry setup.",Risk review,-1.98
ANURAS,Anupam Rasayan India Ltd.,ANURAS.NS,Chemicals,True,,NIFTY 500,^CRSLDX,2026-10-08,1097.7,-5.78,-5.67,-10.84,588879.0,636387.0,0.93,646412478.3,25.82,37.93,False,False,False,False,False,-6.85,-9.26,-1.03,False,False,False,False,-8.67,0.05078148,0.05245747,-3.19,-4.68,False,0.0,0.0,0.93,-3.0,Risk review,Head-and-shoulders risk,"head-and-shoulders, risk, distribution",1204.75,,,8.89,,,1204.75,"A possible head-and-shoulders top is forming or breaking. This is a caution signal, not an entry setup.",Risk review,-1.99
TMPV,Tata Motors Passenger Vehicles Ltd.,TMPV.NS,Automobile and Auto Components,True,,NIFTY 500,^CRSLDX,2026-10-08,273.0,-3.53,-2.29,-9.15,7215586.0,12052061.0,0.6,1969854978.0,29.48,27.33,False,False,False,False,False,-6.64,-12.56,-1.76,False,False,False,False,4.57,0.01262945,0.01359527,-7.1,-4.74,False,0.0,0.0,0.6,-3.0,Risk review,Head-and-shoulders risk,"head-and-shoulders, risk, distribution",306.27,,,10.86,,,306.27,"A possible head-and-shoulders top is forming or breaking. This is a caution signal, not an entry setup.",Risk review,-2.0
MUTHOOTFIN,Muthoot Finance Ltd.,MUTHOOTFIN.NS,Financial Services,True,,NIFTY 500,^CRSLDX,2026-10-08,2559.6,-3.57,-5.1,-9.92,699689.0,638041.0,1.1,1790923964.4,26.42,34.64,False,False,False,False,False,-7.15,-10.9,-3.07,False,False,False,False,-6.41,0.11841147,0.12505533,-5.31,-4.79,False,0.0,0.0,1.1,-3.0,Risk review,Head-and-shoulders risk,"head-and-shoulders, risk, distribution",3139.05,,,18.46,,,3139.05,"A possible head-and-shoulders top is forming or breaking. This is a caution signal, not an entry setup.",Risk review,-2.01
SYNGENE,Syngene International Ltd.,SYNGENE.NS,Healthcare,True,,NIFTY 500,^CRSLDX,2026-10-08,346.0,-3.97,-4.23,-9.9,333710.0,624418.0,0.53,115463660.0,26.97,31.09,False,False,False,False,False,-6.93,-11.06,-5.93,False,False,False,False,-3.94,0.01600655,0.01692166,-5.41,-4.79,False,0.0,0.0,0.53,-3.0,Risk review,Head-and-shoulders risk,"head-and-shoulders, risk, distribution",404.95,,,14.56,,,404.95,"A possible head-and-shoulders top is forming or breaking. This is a caution signal, not an entry setup.",Risk review,-2.01
NH,Narayana Hrudayalaya Ltd.,NH.NS,Healthcare,True,,NIFTY 500,^CRSLDX,2026-10-08,1695.3,-1.62,-2.65,-11.23,176338.0,217827.0,0.81,298945811.4,28.9,33.27,False,False,False,False,False,-7.03,-8.67,-0.32,False,False,False,False,-11.86,0.07842747,0.08098884,-3.16,-5.01,False,0.3333333333333333,0.0,0.81,-3.0,Risk review,Head-and-shoulders risk,"head-and-shoulders, risk, distribution",1761.1,,,3.74,,,1761.1,"A possible head-and-shoulders top is forming or breaking. This is a caution signal, not an entry setup.",Risk review,-2.05
AIAENG,AIA Engineering Ltd.,AIAENG.NS,Capital Goods,True,,NIFTY 500,^CRSLDX,2026-10-08,3742.9,-2.98,-2.13,-9.07,34411.0,57339.0,0.6,128796931.9,31.78,32.16,False,False,False,False,False,-4.2,-11.04,0.16,False,False,False,False,4.51,0.17315294,0.18370603,-5.74,-5.08,False,0.6666666666666666,0.0,0.6,-3.0,Risk review,Head-and-shoulders risk,"head-and-shoulders, risk, distribution",3920.5,,,4.53,,,3920.5,"A possible head-and-shoulders top is forming or breaking. This is a caution signal, not an entry setup.",Risk review,-2.07
CESC,CESC Ltd.,CESC.NS,Power,True,,NIFTY 500,^CRSLDX,2026-10-08,128.73,-1.87,-2.2,-12.77,1690507.0,1762204.0,0.96,217618966.11,23.07,19.7,False,False,False,False,False,-6.74,-13.73,-1.83,False,False,False,False,4.21,0.00595527,0.00651723,-8.62,-5.18,False,0.0,0.0,0.96,-3.0,Risk review,Head-and-shoulders risk,"head-and-shoulders, risk, distribution",145.19,,,11.34,,,145.19,"A possible head-and-shoulders top is forming or breaking. This is a caution signal, not an entry setup.",Risk review,-2.09
HINDALCO,Hindalco Industries Ltd.,HINDALCO.NS,Metals & Mining,True,,NIFTY 500,^CRSLDX,2026-10-08,890.15,-2.27,-5.49,-12.21,3807802.0,4224364.0,0.9,3389514950.3,25.11,35.47,False,False,False,False,False,-7.25,-11.17,1.1,False,False,False,False,-3.07,0.04117986,0.04335951,-5.03,-5.21,False,0.6666666666666666,0.0,0.9,-3.0,Risk review,Head-and-shoulders risk,"head-and-shoulders, risk, distribution",917.08,,,2.94,,,917.08,"A possible head-and-shoulders top is forming or breaking. This is a caution signal, not an entry setup.",Risk review,-2.09
SAIL,Steel Authority of India Ltd.,SAIL.NS,Metals & Mining,True,,NIFTY 500,^CRSLDX,2026-10-08,166.25,-4.62,-4.73,-9.52,13744496.0,15401281.0,0.89,2285022460.0,34.51,41.67,False,False,False,False,False,-6.46,-7.52,2.7,False,False,False,False,-16.94,0.00769101,0.00776965,-1.01,-5.22,False,0.6666666666666666,0.0,0.89,-3.0,Risk review,Head-and-shoulders risk,"head-and-shoulders, risk, distribution, breakout, retest, pivot, volume",166.58,,,0.2,,,166.58,"A possible head-and-shoulders top is forming or breaking. This is a caution signal, not an entry setup. Secondary patterns: Breakout retest.",Risk review,-2.09
SHRIRAMFIN,Shriram Finance Ltd.,SHRIRAMFIN.NS,Financial Services,True,,NIFTY 500,^CRSLDX,2026-10-08,917.25,-3.24,-2.94,-11.63,6408257.0,4711864.0,1.36,5877973733.25,29.48,29.81,False,False,False,False,False,-6.67,-12.63,0.75,False,False,False,False,1.3,0.04243355,0.04555223,-6.85,-5.25,False,0.6666666666666666,0.0,1.36,-3.0,Risk review,Head-and-shoulders risk,"head-and-shoulders, risk, distribution",938.23,,,2.24,,,938.23,"A possible head-and-shoulders top is forming or breaking. This is a caution signal, not an entry setup.",Risk review,-2.1
CROMPTON,Crompton Greaves Consumer Electricals Ltd.,CROMPTON.NS,Consumer Durables,True,,NIFTY 500,^CRSLDX,2026-10-08,204.34,-3.02,0.81,-11.16,2157911.0,2375923.0,0.91,440947533.74,30.2,20.01,False,False,False,False,False,-6.17,-12.58,-1.43,False,False,False,False,-0.94,0.00945312,0.01020599,-7.38,-5.25,False,0.0,0.0,0.91,-3.0,Risk review,Head-and-shoulders risk,"head-and-shoulders, risk, distribution",236.95,,,13.76,,,236.95,"A possible head-and-shoulders top is forming or breaking. This is a caution signal, not an entry setup.",Risk review,-2.1
VOLTAS,Voltas Ltd.,VOLTAS.NS,Consumer Durables,True,,NIFTY 500,^CRSLDX,2026-10-08,1032.0,-2.35,-2.01,-10.92,491244.0,779126.0,0.63,506963808.0,29.95,31.03,False,False,False,False,False,-6.47,-12.82,-1.98,False,False,False,False,0.32,0.04774208,0.05172049,-7.69,-5.28,False,0.0,0.0,0.63,-3.0,Risk review,Head-and-shoulders risk,"head-and-shoulders, risk, distribution",1167.7,,,11.62,,,1167.7,"A possible head-and-shoulders top is forming or breaking. This is a caution signal, not an entry setup.",Risk review,-2.11
GICRE,General Insurance Corporation of India,GICRE.NS,Financial Services,True,,NIFTY 500,^CRSLDX,2026-10-08,309.1,-2.35,-4.57,-10.07,438547.0,568831.0,0.77,135554877.7,29.53,35.89,False,False,False,False,False,-7.2,-10.67,-1.12,False,False,False,False,-7.0,0.01429949,0.01502982,-4.86,-5.34,False,0.0,0.0,0.77,-3.0,Risk review,Head-and-shoulders risk,"head-and-shoulders, risk, distribution",359.73,,,14.07,,,359.73,"A possible head-and-shoulders top is forming or breaking. This is a caution signal, not an entry setup.",Risk review,-2.12
JWL,Jupiter Wagons Ltd.,JWL.NS,Capital Goods,True,,NIFTY 500,^CRSLDX,2026-10-08,216.43,-3.19,-3.35,-10.4,705633.0,2027468.0,0.35,152720150.19,33.03,38.89,False,False,False,False,False,-4.99,-10.35,-2.38,False,False,False,False,-2.96,0.01001242,0.0105058,-4.7,-5.36,False,0.0,0.0,0.35,-3.0,Risk review,Head-and-shoulders risk,"head-and-shoulders, risk, distribution",241.07,,,10.22,,,241.07,"A possible head-and-shoulders top is forming or breaking. This is a caution signal, not an entry setup.",Risk review,-2.12
IEX,Indian Energy Exchange Ltd.,IEX.NS,Financial Services,True,,NIFTY 500,^CRSLDX,2026-10-08,103.75,-1.98,-2.1,-11.04,3581560.0,3764766.0,0.95,371586850.0,27.14,26.49,False,False,False,False,False,-5.68,-12.1,-2.31,False,False,False,False,-0.8,0.00479965,0.00516197,-7.02,-5.41,False,0.0,0.0,0.95,-3.0,Risk review,Head-and-shoulders risk,"head-and-shoulders, risk, distribution",118.03,,,12.1,,,118.03,"A possible head-and-shoulders top is forming or breaking. This is a caution signal, not an entry setup.",Risk review,-2.13
TTML,Tata Teleservices (Maharashtra) Ltd.,TTML.NS,Telecommunication,True,,NIFTY 500,^CRSLDX,2026-10-08,32.95,-3.12,-5.37,-8.24,2087316.0,6819922.0,0.31,68777062.2,32.34,41.55,False,False,False,False,False,-6.1,-10.83,-3.52,False,False,False,False,-3.64,0.00152432,0.00160915,-5.27,-5.5,False,0.0,0.0,0.31,-3.0,Risk review,Head-and-shoulders risk,"head-and-shoulders, risk, distribution",36.05,,,8.59,,,36.05,"A possible head-and-shoulders top is forming or breaking. This is a caution signal, not an entry setup.",Risk review,-2.15
JSWENERGY,JSW Energy Ltd.,JSWENERGY.NS,Power,True,,NIFTY 500,^CRSLDX,2026-10-08,466.85,-3.83,-3.74,-11.99,1639708.0,1701031.0,0.96,765497679.8,28.32,31.24,False,False,False,False,False,-7.31,-11.92,0.56,False,False,False,False,0.34,0.02159728,0.02303729,-6.25,-5.64,False,0.6666666666666666,0.0,0.96,-3.0,Risk review,Head-and-shoulders risk,"head-and-shoulders, risk, distribution",484.85,,,3.71,,,484.85,"A possible head-and-shoulders top is forming or breaking. This is a caution signal, not an entry setup.",Risk review,-2.18
ENDURANCE,Endurance Technologies Ltd.,ENDURANCE.NS,Automobile and Auto Components,True,,NIFTY 500,^CRSLDX,2026-10-08,2433.5,-3.18,-6.45,-10.4,78215.0,89268.0,0.88,190336202.5,24.57,35.98,False,False,False,False,False,-7.62,-12.73,0.11,False,False,False,False,-1.08,0.11257786,0.12098648,-6.95,-5.66,False,0.6666666666666666,0.0,0.88,-3.0,Risk review,Head-and-shoulders risk,"head-and-shoulders, risk, distribution",2441.5,,,0.33,,,2441.5,"A possible head-and-shoulders top is forming or breaking. This is a caution signal, not an entry setup.",Risk review,-2.18
MAXHEALTH,Max Healthcare Institute Ltd.,MAXHEALTH.NS,Healthcare,True,,NIFTY 500,^CRSLDX,2026-10-08,873.4,-3.81,-7.18,-15.91,2239281.0,3003757.0,0.75,1955788025.4,23.44,31.31,False,False,False,False,False,-12.02,-13.73,-0.75,False,False,False,False,-0.83,0.04040497,0.04410853,-8.4,-5.68,False,0.0,0.0,0.75,-3.0,Risk review,Head-and-shoulders risk,"head-and-shoulders, risk, distribution",911.4,,,4.17,,,911.4,"A possible head-and-shoulders top is forming or breaking. This is a caution signal, not an entry setup.",Risk review,-2.19
LTM,LTM Ltd.,LTM.NS,Information Technology,True,,NIFTY 500,^CRSLDX,2026-10-08,3915.0,-0.38,-2.3,-10.49,398649.0,421701.0,0.95,1560710835.0,31.25,35.46,False,False,False,False,,-4.78,-10.81,,False,False,False,False,-0.83,0.18111458,0.19036502,-4.86,-5.71,False,0.0,0.0,0.95,-3.0,Risk review,Head-and-shoulders risk,"head-and-shoulders, risk, distribution",4091.0,,,4.3,,,4091.0,"A possible head-and-shoulders top is forming or breaking. This is a caution signal, not an entry setup.",Risk review,-2.19
GALLANTT,Gallantt Ispat Ltd.,GALLANTT.NS,Capital Goods,True,,NIFTY 500,^CRSLDX,2026-10-08,503.15,-2.22,-5.09,-9.06,79564.0,83861.0,0.95,40032626.6,28.74,36.17,False,False,False,False,False,-6.13,-10.9,-0.26,False,False,False,False,-5.13,0.02327658,0.02456759,-5.25,-5.84,False,0.0,0.0,0.95,-3.0,Risk review,Head-and-shoulders risk,"head-and-shoulders, risk, distribution",511.45,,,1.62,,,511.45,"A possible head-and-shoulders top is forming or breaking. This is a caution signal, not an entry setup.",Risk review,-2.22
IRCON,IRCON International Ltd.,IRCON.NS,Construction,True,,NIFTY 500,^CRSLDX,2026-10-08,103.29,-3.16,-6.31,-10.35,2132989.0,7747368.0,0.28,220316433.81,37.27,45.73,False,False,False,False,False,-4.84,-12.29,-3.73,False,False,False,False,1.17,0.00477837,0.00513078,-6.87,-6.0,False,0.0,0.0,0.28,-3.0,Risk review,Head-and-shoulders risk,"head-and-shoulders, risk, distribution",122.25,,,15.51,,,122.25,"A possible head-and-shoulders top is forming or breaking. This is a caution signal, not an entry setup.",Risk review,-2.25
ITI,ITI Ltd.,ITI.NS,Telecommunication,True,,NIFTY 500,^CRSLDX,2026-10-08,237.18,-3.52,-1.81,-9.99,121820.0,213132.0,0.57,28893267.6,29.7,26.06,False,False,False,False,False,-5.28,-10.95,-1.97,False,False,False,False,-3.12,0.01097235,0.0115782,-5.23,-6.11,False,0.0,0.0,0.57,-3.0,Risk review,Head-and-shoulders risk,"head-and-shoulders, risk, distribution",260.1,,,8.81,,,260.1,"A possible head-and-shoulders top is forming or breaking. This is a caution signal, not an entry setup.",Risk review,-2.25
HUDCO,Housing & Urban Development Corporation Ltd.,HUDCO.NS,Financial Services,True,,NIFTY 500,^CRSLDX,2026-10-08,156.99,-2.97,-2.82,-9.82,3282320.0,2482112.0,1.32,515291416.8,25.69,28.34,False,False,False,False,False,-6.73,-12.92,-2.42,False,False,False,False,1.76,0.00726263,0.00786967,-7.71,-6.17,False,0.0,0.0,1.32,-3.0,Risk review,Head-and-shoulders risk,"head-and-shoulders, risk, distribution",178.06,,,11.83,,,178.06,"A possible head-and-shoulders top is forming or breaking. This is a caution signal, not an entry setup.",Risk review,-2.25
DELHIVERY,Delhivery Ltd.,DELHIVERY.NS,Services,True,,NIFTY 500,^CRSLDX,2026-10-08,397.0,-0.29,-0.75,-11.32,2102812.0,2830308.0,0.74,834816364.0,32.57,30.82,False,False,False,False,False,-5.04,-10.54,0.28,False,False,False,False,-3.56,0.0183659,0.01933188,-5.0,-6.28,False,0.3333333333333333,0.0,0.74,-3.0,Risk review,Head-and-shoulders risk,"head-and-shoulders, risk, distribution",425.3,,,6.65,,,425.3,"A possible head-and-shoulders top is forming or breaking. This is a caution signal, not an entry setup.",Risk review,-2.25
SUNDARMFIN,Sundaram Finance Ltd.,SUNDARMFIN.NS,Financial Services,True,,NIFTY 500,^CRSLDX,2026-10-08,4110.6,-4.43,-6.49,-12.6,65226.0,50241.0,1.3,268117995.6,27.77,36.83,False,False,False,False,False,-8.99,-9.96,-0.91,False,False,False,False,-12.15,0.19016337,0.19733002,-3.63,-6.47,False,0.0,0.0,1.3,-3.0,Risk review,Head-and-shoulders risk,"head-and-shoulders, risk, distribution",4372.25,,,5.98,,,4372.25,"A possible head-and-shoulders top is forming or breaking. This is a caution signal, not an entry setup.",Risk review,-2.25
BALKRISIND,Balkrishna Industries Ltd.,BALKRISIND.NS,Automobile and Auto Components,True,,NIFTY 500,^CRSLDX,2026-10-08,1996.9,-0.48,-4.16,-8.94,189701.0,187073.0,1.01,378813926.9,27.37,33.08,False,False,False,False,False,-6.52,-12.44,-0.88,False,False,False,False,0.64,0.09238,0.0986805,-6.38,-6.47,False,0.3333333333333333,0.0,1.01,-3.0,Risk review,Head-and-shoulders risk,"head-and-shoulders, risk, distribution",2035.05,,,1.87,,,2035.05,"A possible head-and-shoulders top is forming or breaking. This is a caution signal, not an entry setup.",Risk review,-2.25
GODFRYPHLP,Godfrey Phillips India Ltd.,GODFRYPHLP.NS,Fast Moving Consumer Goods,True,,NIFTY 500,^CRSLDX,2026-10-08,1771.0,-4.91,-4.25,-10.19,284307.0,192280.0,1.48,503507697.0,29.84,32.72,False,False,False,False,False,-7.65,-13.58,-3.86,False,False,False,False,2.61,0.08192948,0.08911469,-8.06,-6.5,False,0.0,0.0,1.48,-3.0,Risk review,Head-and-shoulders risk,"head-and-shoulders, risk, distribution",2032.1,,,12.85,,,2032.1,"A possible head-and-shoulders top is forming or breaking. This is a caution signal, not an entry setup.",Risk review,-2.25
M&M,Mahindra & Mahindra Ltd.,M&M.NS,Automobile and Auto Components,True,,NIFTY 500,^CRSLDX,2026-10-08,2751.2,-1.74,-3.8,-11.93,3278766.0,2626749.0,1.25,9020541019.2,17.31,22.96,False,False,False,False,False,-7.48,-14.0,-2.03,False,False,False,False,1.14,0.12727521,0.13904735,-8.47,-6.73,False,0.0,0.0,1.25,-3.0,Risk review,Head-and-shoulders risk,"head-and-shoulders, risk, distribution",2980.55,,,7.69,,,2980.55,"A possible head-and-shoulders top is forming or breaking. This is a caution signal, not an entry setup.",Risk review,-2.25
EIDPARRY,E.I.D. Parry (India) Ltd.,EIDPARRY.NS,Fast Moving Consumer Goods,True,,NIFTY 500,^CRSLDX,2026-10-08,677.15,-3.2,0.39,-7.74,289574.0,319175.0,0.91,196085034.1,34.56,27.85,False,False,False,False,False,-2.91,-10.01,-4.02,False,False,False,False,-7.5,0.03132611,0.03273629,-4.31,-6.73,False,0.0,0.0,0.91,-3.0,Risk review,Head-and-shoulders risk,"head-and-shoulders, risk, distribution",754.38,,,10.24,,,754.38,"A possible head-and-shoulders top is forming or breaking. This is a caution signal, not an entry setup.",Risk review,-2.25
KEC,Kec International Ltd.,KEC.NS,Construction,True,,NIFTY 500,^CRSLDX,2026-10-08,349.6,-3.56,-6.11,-15.44,1237294.0,1021775.0,1.21,432557982.4,23.92,29.61,False,False,False,False,False,-9.91,-16.05,-5.87,False,False,False,False,6.7,0.01617309,0.01820478,-11.16,-6.76,False,0.0,0.0,1.21,-3.0,Risk review,Head-and-shoulders risk,"head-and-shoulders, risk, distribution",483.52,,,27.7,,,483.52,"A possible head-and-shoulders top is forming or breaking. This is a caution signal, not an entry setup.",Risk review,-2.25
HOMEFIRST,Home First Finance Company India Ltd.,HOMEFIRST.NS,Financial Services,True,,NIFTY 500,^CRSLDX,2026-10-08,1071.9,-1.47,-4.78,-11.37,119792.0,283158.0,0.42,128405044.8,33.93,40.74,False,False,False,False,False,-6.81,-8.73,0.1,False,False,False,False,-13.98,0.04958792,0.05089955,-2.58,-6.92,False,0.6666666666666666,0.0,0.42,-3.0,Risk review,Head-and-shoulders risk,"head-and-shoulders, risk, distribution",1084.25,,,1.14,,,1084.25,"A possible head-and-shoulders top is forming or breaking. This is a caution signal, not an entry setup.",Risk review,-2.25
THERMAX,Thermax Ltd.,THERMAX.NS,Capital Goods,True,,NIFTY 500,^CRSLDX,2026-10-08,3138.1,-2.86,-6.62,-13.92,75486.0,171133.0,0.44,236882616.6,22.68,31.07,False,False,False,False,False,-8.46,-16.05,1.37,False,False,False,False,1.16,0.14517386,0.16374317,-11.34,-7.19,False,0.3333333333333333,0.0,0.44,-3.0,Risk review,Head-and-shoulders risk,"head-and-shoulders, risk, distribution",3744.5,,,16.19,,,3744.5,"A possible head-and-shoulders top is forming or breaking. This is a caution signal, not an entry setup.",Risk review,-2.25
INDUSINDBK,IndusInd Bank Ltd.,INDUSINDBK.NS,Financial Services,True,,NIFTY 500,^CRSLDX,2026-10-08,864.0,-1.25,-2.58,-13.02,1682277.0,2493729.0,0.67,1453487328.0,30.25,30.57,False,False,False,False,False,-6.5,-11.45,0.82,False,False,False,False,-6.87,0.03997011,0.04238794,-5.7,-7.26,False,0.6666666666666666,0.0,0.67,-3.0,Risk review,Head-and-shoulders risk,"head-and-shoulders, risk, distribution, inverse-head-and-shoulders, base, reversal",867.27,,,0.38,,,867.27,"A possible head-and-shoulders top is forming or breaking. This is a caution signal, not an entry setup. Secondary patterns: Possible inverse H&S.",Risk review,-2.25
AFFLE,Affle 3i Ltd.,AFFLE.NS,Information Technology,True,,NIFTY 500,^CRSLDX,2026-10-08,1401.4,-2.41,-3.33,-12.08,151287.0,144225.0,1.05,212013601.8,27.02,31.29,False,False,False,False,False,-8.07,-12.27,-1.23,False,False,False,False,-11.89,0.06483116,0.06943251,-6.63,-7.51,False,0.3333333333333333,0.0,1.05,-3.0,Risk review,Head-and-shoulders risk,"head-and-shoulders, risk, distribution",1425.35,,,1.68,,,1425.35,"A possible head-and-shoulders top is forming or breaking. This is a caution signal, not an entry setup.",Risk review,-2.25
OLECTRA,Olectra Greentech Ltd.,OLECTRA.NS,Automobile and Auto Components,True,,NIFTY 500,^CRSLDX,2026-10-08,1041.5,-3.93,-4.99,-13.69,500948.0,428633.0,1.17,521737342.0,26.56,28.6,False,False,False,False,False,-10.39,-16.66,-0.31,False,False,False,False,1.93,0.04818157,0.05446248,-11.53,-7.59,False,0.3333333333333333,0.0,1.17,-3.0,Risk review,Head-and-shoulders risk,"head-and-shoulders, risk, distribution",1059.1,,,1.66,,,1059.1,"A possible head-and-shoulders top is forming or breaking. This is a caution signal, not an entry setup.",Risk review,-2.25
CONCOR,Container Corporation of India Ltd.,CONCOR.NS,Services,True,,NIFTY 500,^CRSLDX,2026-10-08,434.0,-1.31,-1.81,-13.91,1456360.0,1183146.0,1.23,632060240.0,27.88,28.73,False,False,False,False,False,-6.63,-12.16,-0.89,False,False,False,False,-10.68,0.02007758,0.0215041,-6.63,-7.74,False,0.3333333333333333,0.0,1.23,-3.0,Risk review,Head-and-shoulders risk,"head-and-shoulders, risk, distribution",451.07,,,3.79,,,451.07,"A possible head-and-shoulders top is forming or breaking. This is a caution signal, not an entry setup.",Risk review,-2.25
NBCC,NBCC (India) Ltd.,NBCC.NS,Construction,True,,NIFTY 500,^CRSLDX,2026-10-08,74.0,-3.57,-4.39,-11.84,4958138.0,5440005.0,0.91,366902212.0,25.09,29.22,False,False,False,False,False,-7.63,-13.78,-3.51,False,False,False,False,-0.79,0.00342337,0.00374834,-8.67,-7.82,False,0.0,0.0,0.91,-3.0,Risk review,Head-and-shoulders risk,"head-and-shoulders, risk, distribution",82.09,,,9.86,,,82.09,"A possible head-and-shoulders top is forming or breaking. This is a caution signal, not an entry setup.",Risk review,-2.25
JBMA,JBM Auto Ltd.,JBMA.NS,Automobile and Auto Components,True,,NIFTY 500,^CRSLDX,2026-10-08,526.6,-3.73,-3.31,-12.85,213074.0,304837.0,0.7,112204768.4,25.2,25.23,False,False,False,False,False,-8.78,-14.06,-0.19,False,False,False,False,-6.47,0.02436141,0.02671946,-8.83,-8.06,False,0.0,0.0,0.7,-3.0,Risk review,Head-and-shoulders risk,"head-and-shoulders, risk, distribution",548.7,,,4.03,,,548.7,"A possible head-and-shoulders top is forming or breaking. This is a caution signal, not an entry setup.",Risk review,-2.25
TATAELXSI,Tata Elxsi Ltd.,TATAELXSI.NS,Information Technology,True,,NIFTY 500,^CRSLDX,2026-10-08,2996.0,-2.81,-3.13,-12.11,244061.0,262030.0,0.93,731206756.0,20.37,24.1,False,False,False,False,False,-6.77,-13.94,-4.48,False,False,False,False,-2.38,0.13860007,0.15141329,-8.46,-8.22,False,0.0,0.0,0.93,-3.0,Risk review,Head-and-shoulders risk,"head-and-shoulders, risk, distribution",4028.1,,,25.62,,,4028.1,"A possible head-and-shoulders top is forming or breaking. This is a caution signal, not an entry setup.",Risk review,-2.25
HDBFS,HDB Financial Services Ltd.,HDBFS.NS,Financial Services,True,,NIFTY 500,^CRSLDX,2026-10-08,586.4,-2.28,-5.14,-13.47,248709.0,410694.0,0.61,145842957.6,20.85,26.73,False,False,False,False,False,-9.42,-12.36,-1.58,False,False,False,False,-12.15,0.02712787,0.02903958,-6.58,-8.3,False,0.0,0.0,0.61,-3.0,Risk review,Head-and-shoulders risk,"head-and-shoulders, risk, distribution",606.15,,,3.26,,,606.15,"A possible head-and-shoulders top is forming or breaking. This is a caution signal, not an entry setup.",Risk review,-2.25
NATIONALUM,National Aluminium Co. Ltd.,NATIONALUM.NS,Metals & Mining,True,,NIFTY 500,^CRSLDX,2026-10-08,313.1,-2.55,-6.51,-16.14,5007229.0,5077985.0,0.99,1567763399.9,25.91,32.57,False,False,False,False,False,-9.74,-15.06,1.63,False,False,False,False,-6.37,0.01448454,0.01593171,-9.08,-8.33,False,0.3333333333333333,0.0,0.99,-3.0,Risk review,Head-and-shoulders risk,"head-and-shoulders, risk, distribution",332.88,,,5.94,,,332.88,"A possible head-and-shoulders top is forming or breaking. This is a caution signal, not an entry setup.",Risk review,-2.25
ARE&M,Amara Raja Energy & Mobility Ltd.,ARE&M.NS,Automobile and Auto Components,True,,NIFTY 500,^CRSLDX,2026-10-08,720.3,-1.77,-3.63,-12.07,437641.0,437061.0,1.0,315232812.3,17.38,21.43,False,False,False,False,False,-7.22,-15.81,-1.75,False,False,False,False,-4.74,0.03332231,0.03724074,-10.52,-8.46,False,0.3333333333333333,0.0,1.0,-3.0,Risk review,Head-and-shoulders risk,"head-and-shoulders, risk, distribution",790.05,,,8.83,,,790.05,"A possible head-and-shoulders top is forming or breaking. This is a caution signal, not an entry setup.",Risk review,-2.25
NSLNISP,NMDC Steel Ltd.,NSLNISP.NS,Metals & Mining,True,,NIFTY 500,^CRSLDX,2026-10-08,39.1,-3.58,-4.52,-10.85,3495333.0,4478843.0,0.78,136667520.3,32.54,39.64,False,False,False,False,False,-6.42,-8.98,0.13,False,False,False,False,-13.98,0.00180883,0.00186145,-2.83,-8.69,False,0.6666666666666666,0.0,0.78,-3.0,Risk review,Head-and-shoulders risk,"head-and-shoulders, risk, distribution",41.55,,,5.9,,,41.55,"A possible head-and-shoulders top is forming or breaking. This is a caution signal, not an entry setup.",Risk review,-2.25
JPPOWER,Jaiprakash Power Ventures Ltd.,JPPOWER.NS,Power,True,,NIFTY 500,^CRSLDX,2026-10-08,14.31,-3.7,-3.31,-11.83,43370302.0,68391251.0,0.63,620629021.62,27.43,30.32,False,False,False,False,False,-7.29,-13.34,-1.42,False,False,False,False,-5.42,0.00066201,0.00071842,-7.85,-8.7,False,0.0,0.0,0.63,-3.0,Risk review,Head-and-shoulders risk,"head-and-shoulders, risk, distribution",15.12,,,5.39,,,15.12,"A possible head-and-shoulders top is forming or breaking. This is a caution signal, not an entry setup.",Risk review,-2.25
ASTERDM,Aster DM Quality Care Ltd.,ASTERDM.NS,Healthcare,True,,NIFTY 500,^CRSLDX,2026-10-08,677.15,-0.46,-4.48,-11.66,1342683.0,1280620.0,1.05,909197793.45,26.75,33.44,False,False,False,False,False,-7.55,-12.29,1.73,False,False,False,False,-2.91,0.03132611,0.03360328,-6.78,-8.83,False,0.6666666666666666,0.0,1.05,-3.0,Risk review,Head-and-shoulders risk,"head-and-shoulders, risk, distribution",687.35,,,1.48,,,687.35,"A possible head-and-shoulders top is forming or breaking. This is a caution signal, not an entry setup.",Risk review,-2.25
MMTC,MMTC Ltd.,MMTC.NS,Services,True,,NIFTY 500,^CRSLDX,2026-10-08,54.27,-3.43,-3.59,-12.79,999275.0,982627.0,1.02,54230654.25,25.44,28.68,False,False,False,False,False,-7.03,-11.8,0.0,False,False,False,False,-11.23,0.00251062,0.00266501,-5.79,-8.91,False,0.0,0.0,1.02,-3.0,Risk review,Head-and-shoulders risk,"head-and-shoulders, risk, distribution",55.2,,,1.69,,,55.2,"A possible head-and-shoulders top is forming or breaking. This is a caution signal, not an entry setup.",Risk review,-2.25
SWIGGY,Swiggy Ltd.,SWIGGY.NS,Consumer Services,True,,NIFTY 500,^CRSLDX,2026-10-08,234.95,-4.49,-1.28,-15.79,8382103.0,14533739.0,0.58,1969375099.85,29.91,26.68,False,False,False,False,False,-9.96,-13.82,-4.68,False,False,False,False,-10.55,0.01086919,0.01184859,-8.27,-8.96,False,0.0,0.0,0.58,-3.0,Risk review,Head-and-shoulders risk,"head-and-shoulders, risk, distribution",248.55,,,5.47,,,248.55,"A possible head-and-shoulders top is forming or breaking. This is a caution signal, not an entry setup.",Risk review,-2.25
ZFCVINDIA,ZF Commercial Vehicle Control Systems India Ltd.,ZFCVINDIA.NS,Automobile and Auto Components,True,,NIFTY 500,^CRSLDX,2026-10-08,2116.2,-2.58,-5.57,-16.3,87649.0,112742.0,0.78,185482813.8,20.62,28.12,False,False,False,False,False,-9.59,-14.7,-0.5,False,False,False,False,-6.92,0.09789902,0.10720822,-8.68,-9.02,False,0.3333333333333333,0.0,0.78,-3.0,Risk review,Head-and-shoulders risk,"head-and-shoulders, risk, distribution",2229.84,,,5.1,,,2229.84,"A possible head-and-shoulders top is forming or breaking. This is a caution signal, not an entry setup.",Risk review,-2.25
SONATSOFTW,Sonata Software Ltd.,SONATSOFTW.NS,Information Technology,True,,NIFTY 500,^CRSLDX,2026-10-08,240.9,-2.9,-5.18,-7.38,1354336.0,1229987.0,1.1,326259542.4,28.19,34.27,False,False,False,False,False,-9.8,-17.21,-2.97,False,False,False,False,-0.01,0.01114445,0.01268616,-12.15,-9.08,False,0.3333333333333333,0.0,1.1,-3.0,Risk review,Head-and-shoulders risk,"head-and-shoulders, risk, distribution",253.18,,,4.85,,,253.18,"A possible head-and-shoulders top is forming or breaking. This is a caution signal, not an entry setup.",Risk review,-2.25
BAYERCROP,Bayer Cropscience Ltd.,BAYERCROP.NS,Chemicals,True,,NIFTY 500,^CRSLDX,2026-10-08,3381.6,-3.15,-4.86,-15.0,46172.0,38549.0,1.2,156135235.2,13.24,15.23,False,False,False,False,False,-8.83,-14.09,-1.66,False,False,False,False,-7.5,0.15643859,0.17134264,-8.7,-9.15,False,0.0,0.0,1.2,-3.0,Risk review,Head-and-shoulders risk,"head-and-shoulders, risk, distribution",4301.05,,,21.38,,,4301.05,"A possible head-and-shoulders top is forming or breaking. This is a caution signal, not an entry setup.",Risk review,-2.25
COROMANDEL,Coromandel International Ltd.,COROMANDEL.NS,Chemicals,True,,NIFTY 500,^CRSLDX,2026-10-08,1673.7,-4.11,-5.1,-14.69,239886.0,196200.0,1.22,401497198.2,25.29,28.42,False,False,False,False,False,-10.49,-14.33,-2.17,False,False,False,False,-5.69,0.07742822,0.08495314,-8.86,-9.2,False,0.0,0.0,1.22,-3.0,Risk review,Head-and-shoulders risk,"head-and-shoulders, risk, distribution",1798.25,,,6.93,,,1798.25,"A possible head-and-shoulders top is forming or breaking. This is a caution signal, not an entry setup.",Risk review,-2.25
BDL,Bharat Dynamics Ltd.,BDL.NS,Capital Goods,True,,NIFTY 500,^CRSLDX,2026-10-08,1050.5,-3.18,-3.44,-12.09,853117.0,990757.0,0.86,896199408.5,27.01,29.86,False,False,False,False,False,-7.11,-14.87,-2.23,False,False,False,False,-6.56,0.04859792,0.05367797,-9.46,-9.37,False,0.0,0.0,0.86,-3.0,Risk review,Head-and-shoulders risk,"head-and-shoulders, risk, distribution",1159.65,,,9.41,,,1159.65,"A possible head-and-shoulders top is forming or breaking. This is a caution signal, not an entry setup.",Risk review,-2.25
APTUS,Aptus Value Housing Finance India Ltd.,APTUS.NS,Financial Services,True,,NIFTY 500,^CRSLDX,2026-10-08,216.92,-1.16,-4.19,-13.99,2083763.0,1843519.0,1.13,452009869.96,25.74,31.34,False,False,False,False,False,-8.01,-12.6,-1.87,False,False,False,False,-13.55,0.01003509,0.01084313,-7.45,-9.54,False,0.0,0.0,1.13,-3.0,Risk review,Head-and-shoulders risk,"head-and-shoulders, risk, distribution",221.76,,,2.18,,,221.76,"A possible head-and-shoulders top is forming or breaking. This is a caution signal, not an entry setup.",Risk review,-2.25
SUMICHEM,Sumitomo Chemical India Ltd.,SUMICHEM.NS,Chemicals,True,,NIFTY 500,^CRSLDX,2026-10-08,411.4,-2.5,-1.48,-14.45,148881.0,356135.0,0.42,61249643.4,24.79,22.27,False,False,False,False,False,-7.0,-16.29,-0.34,False,False,False,False,1.19,0.01903207,0.0214111,-11.11,-9.67,False,0.3333333333333333,0.0,0.42,-3.0,Risk review,Head-and-shoulders risk,"head-and-shoulders, risk, distribution, inverse-head-and-shoulders, base, reversal",430.3,,,4.39,,,430.3,"A possible head-and-shoulders top is forming or breaking. This is a caution signal, not an entry setup. Secondary patterns: Possible inverse H&S.",Risk review,-2.25
GPIL,Godawari Power & Ispat Ltd.,GPIL.NS,Capital Goods,True,,NIFTY 500,^CRSLDX,2026-10-08,205.63,-4.05,-4.66,-18.48,1261703.0,1499839.0,0.84,259443987.89,28.5,28.44,False,False,False,False,False,-9.59,-13.25,-0.69,False,False,False,False,-15.26,0.00951279,0.01030152,-7.66,-9.74,False,0.0,0.0,0.84,-3.0,Risk review,Head-and-shoulders risk,"head-and-shoulders, risk, distribution",234.12,,,12.17,,,234.12,"A possible head-and-shoulders top is forming or breaking. This is a caution signal, not an entry setup.",Risk review,-2.25
UPL,UPL Ltd.,UPL.NS,Chemicals,True,,NIFTY 500,^CRSLDX,2026-10-08,481.05,-2.82,-6.92,-16.38,2055106.0,2436986.0,0.84,988608741.3,22.77,28.46,False,False,False,False,False,-11.03,-14.36,-3.41,False,False,False,False,-13.69,0.02225419,0.02445071,-8.98,-10.07,False,0.0,0.0,0.84,-3.0,Risk review,Head-and-shoulders risk,"head-and-shoulders, risk, distribution",564.15,,,14.73,,,564.15,"A possible head-and-shoulders top is forming or breaking. This is a caution signal, not an entry setup.",Risk review,-2.25
FORTIS,Fortis Healthcare Ltd.,FORTIS.NS,Healthcare,True,,NIFTY 500,^CRSLDX,2026-10-08,763.0,-2.07,-2.8,-15.45,1664438.0,2219779.0,0.75,1269966194.0,26.13,24.69,False,False,False,False,False,-8.95,-13.97,-0.48,False,False,False,False,-8.9,0.03529768,0.03862449,-8.61,-10.18,False,0.0,0.0,0.75,-3.0,Risk review,Head-and-shoulders risk,"head-and-shoulders, risk, distribution",822.95,,,7.28,,,822.95,"A possible head-and-shoulders top is forming or breaking. This is a caution signal, not an entry setup.",Risk review,-2.25
KPITTECH,KPIT Technologies Ltd.,KPITTECH.NS,Information Technology,True,,NIFTY 500,^CRSLDX,2026-10-08,471.0,-2.74,-4.27,-14.51,1408072.0,1680414.0,0.84,663201912.0,23.08,26.85,False,False,False,False,False,-9.38,-16.79,-8.6,False,False,False,False,-2.08,0.02178926,0.02466721,-11.67,-10.26,False,0.0,0.0,0.84,-3.0,Risk review,Head-and-shoulders risk,"head-and-shoulders, risk, distribution",616.58,,,23.61,,,616.58,"A possible head-and-shoulders top is forming or breaking. This is a caution signal, not an entry setup.",Risk review,-2.25
RAINBOW,Rainbow Childrens Medicare Ltd.,RAINBOW.NS,Healthcare,True,,NIFTY 500,^CRSLDX,2026-10-08,1230.7,-3.15,-3.84,-15.71,168525.0,173547.0,0.97,207403717.5,23.35,20.53,False,False,False,False,False,-10.22,-14.26,0.2,False,False,False,False,-8.26,0.05693428,0.062374,-8.72,-10.31,False,0.6666666666666666,0.0,0.97,-3.0,Risk review,Head-and-shoulders risk,"head-and-shoulders, risk, distribution",1246.7,,,1.28,,,1246.7,"A possible head-and-shoulders top is forming or breaking. This is a caution signal, not an entry setup.",Risk review,-2.25
M&MFIN,Mahindra & Mahindra Financial Services Ltd.,M&MFIN.NS,Financial Services,True,,NIFTY 500,^CRSLDX,2026-10-08,310.5,-3.5,-2.89,-13.57,2187388.0,1912126.0,1.14,679183974.0,25.65,24.49,False,False,False,False,False,-7.83,-15.05,-1.02,False,False,False,False,-3.27,0.01436426,0.01592961,-9.83,-10.67,False,0.3333333333333333,0.0,1.14,-3.0,Risk review,Head-and-shoulders risk,"head-and-shoulders, risk, distribution",316.48,,,1.89,,,316.48,"A possible head-and-shoulders top is forming or breaking. This is a caution signal, not an entry setup.",Risk review,-2.25
BBTC,Bombay Burmah Trading Corporation Ltd.,BBTC.NS,Fast Moving Consumer Goods,True,,NIFTY 500,^CRSLDX,2026-10-08,1224.6,-3.53,-8.21,-14.64,95885.0,185856.0,0.52,117420771.0,22.78,33.03,False,False,False,False,False,-11.75,-15.29,-3.02,False,False,False,False,-10.85,0.05665209,0.06283311,-9.84,-10.87,False,0.0,0.0,0.52,-3.0,Risk review,Head-and-shoulders risk,"head-and-shoulders, risk, distribution",1406.1,,,12.91,,,1406.1,"A possible head-and-shoulders top is forming or breaking. This is a caution signal, not an entry setup.",Risk review,-2.25
GMDCLTD,Gujarat Mineral Development Corporation Ltd.,GMDCLTD.NS,Metals & Mining,True,,NIFTY 500,^CRSLDX,2026-10-08,463.35,-2.88,-4.98,-20.17,1009088.0,806428.0,1.25,467560924.8,19.97,23.07,False,False,False,False,False,-12.16,-16.52,-0.13,False,False,False,False,-5.77,0.02143536,0.02407646,-10.97,-10.98,False,0.0,0.0,1.25,-3.0,Risk review,Head-and-shoulders risk,"head-and-shoulders, risk, distribution",573.0,,,19.14,,,573.0,"A possible head-and-shoulders top is forming or breaking. This is a caution signal, not an entry setup.",Risk review,-2.25
SJVN,SJVN Ltd.,SJVN.NS,Power,True,,NIFTY 500,^CRSLDX,2026-10-08,54.24,-3.76,-6.34,-19.29,4063317.0,2807349.0,1.45,220394314.08,11.59,16.94,False,False,False,False,False,-11.41,-15.81,-1.67,False,False,False,False,-10.37,0.00250923,0.00280175,-10.44,-11.37,False,0.0,0.0,1.45,-3.0,Risk review,Head-and-shoulders risk,"head-and-shoulders, risk, distribution",66.76,,,18.75,,,66.76,"A possible head-and-shoulders top is forming or breaking. This is a caution signal, not an entry setup.",Risk review,-2.25
AFCONS,Afcons Infrastructure Ltd.,AFCONS.NS,Construction,True,,NIFTY 500,^CRSLDX,2026-10-08,242.11,-0.93,-0.12,-7.18,354259.0,2728229.0,0.13,85769646.49,33.34,31.51,False,False,False,False,False,-3.93,-9.66,-4.35,False,False,False,False,-25.92,0.01120042,0.01166377,-3.97,-11.54,False,0.0,0.0,0.13,-3.0,Risk review,Head-and-shoulders risk,"head-and-shoulders, risk, distribution",277.8,,,12.85,,,277.8,"A possible head-and-shoulders top is forming or breaking. This is a caution signal, not an entry setup.",Risk review,-2.25
LTF,L&T Finance Ltd.,LTF.NS,Financial Services,True,,NIFTY 500,^CRSLDX,2026-10-08,257.4,-1.1,-2.63,-17.31,5991864.0,6778943.0,0.88,1542305793.6,25.41,27.98,False,False,False,False,False,-9.77,-15.11,-0.66,False,False,False,False,-14.18,0.01190776,0.0131649,-9.55,-11.76,False,0.3333333333333333,0.0,0.88,-3.0,Risk review,Head-and-shoulders risk,"head-and-shoulders, risk, distribution",264.2,,,2.57,,,264.2,"A possible head-and-shoulders top is forming or breaking. This is a caution signal, not an entry setup.",Risk review,-2.25
SAMMAANCAP,Sammaan Capital Ltd.,SAMMAANCAP.NS,Financial Services,True,,NIFTY 500,^CRSLDX,2026-10-08,127.82,-3.85,-3.52,-14.66,4883082.0,4305755.0,1.13,624155541.24,23.88,25.57,False,False,False,False,False,-8.07,-13.91,-0.31,False,False,False,False,-10.69,0.00591317,0.00647788,-8.72,-12.18,False,0.0,0.0,1.13,-3.0,Risk review,Head-and-shoulders risk,"head-and-shoulders, risk, distribution",147.75,,,13.49,,,147.75,"A possible head-and-shoulders top is forming or breaking. This is a caution signal, not an entry setup.",Risk review,-2.25
PFIZER,Pfizer Ltd.,PFIZER.NS,Healthcare,True,,NIFTY 500,^CRSLDX,2026-10-08,3750.0,-1.71,-2.82,-8.43,22215.0,45089.0,0.49,83306250.0,16.13,18.88,False,False,False,False,False,-5.1,-15.43,-2.24,False,False,False,False,-9.23,0.1734814,0.19366217,-10.42,-12.6,False,0.0,0.0,0.49,-3.0,Risk review,Head-and-shoulders risk,"head-and-shoulders, risk, distribution",4157.8,,,9.81,,,4157.8,"A possible head-and-shoulders top is forming or breaking. This is a caution signal, not an entry setup.",Risk review,-2.25
ABFRL,Aditya Birla Fashion and Retail Ltd.,ABFRL.NS,Consumer Services,True,,NIFTY 500,^CRSLDX,2026-10-08,43.18,-3.23,-3.03,-15.15,3988608.0,5106192.0,0.78,172228093.44,26.21,24.01,False,False,False,False,False,-9.35,-17.66,-4.53,False,False,False,False,-2.45,0.00199758,0.00229254,-12.87,-13.07,False,0.0,0.0,0.78,-3.0,Risk review,Head-and-shoulders risk,"head-and-shoulders, risk, distribution",55.8,,,22.62,,,55.8,"A possible head-and-shoulders top is forming or breaking. This is a caution signal, not an entry setup.",Risk review,-2.25
MAZDOCK,Mazagoan Dock Shipbuilders Ltd.,MAZDOCK.NS,Capital Goods,True,,NIFTY 500,^CRSLDX,2026-10-08,1990.0,-3.6,-3.59,-16.5,683614.0,616946.0,1.11,1360391860.0,23.47,23.95,False,False,False,False,False,-8.25,-16.14,-1.27,False,False,False,False,-10.86,0.0920608,0.10286055,-10.5,-13.14,False,0.0,0.0,1.11,-3.0,Risk review,Head-and-shoulders risk,"head-and-shoulders, risk, distribution",2218.7,,,10.31,,,2218.7,"A possible head-and-shoulders top is forming or breaking. This is a caution signal, not an entry setup.",Risk review,-2.25
BIKAJI,Bikaji Foods International Ltd.,BIKAJI.NS,Fast Moving Consumer Goods,True,,NIFTY 500,^CRSLDX,2026-10-08,468.65,-3.08,-7.02,-17.22,146925.0,479546.0,0.31,68856401.25,24.53,30.07,False,False,False,False,False,-12.44,-19.2,-3.1,False,False,False,False,-8.93,0.02168055,0.02536274,-14.52,-13.48,False,0.0,0.0,0.31,-3.0,Risk review,Head-and-shoulders risk,"head-and-shoulders, risk, distribution",612.55,,,23.49,,,612.55,"A possible head-and-shoulders top is forming or breaking. This is a caution signal, not an entry setup.",Risk review,-2.25
BRIGADE,Brigade Enterprises Ltd.,BRIGADE.NS,Realty,True,,NIFTY 500,^CRSLDX,2026-10-08,547.2,-1.26,-3.92,-15.96,303610.0,293212.0,1.04,166135392.0,30.8,36.04,False,False,False,False,False,-8.1,-10.87,-4.0,False,False,False,False,-28.25,0.02531441,0.02647033,-4.37,-13.68,False,0.0,0.0,1.04,-3.0,Risk review,Head-and-shoulders risk,"head-and-shoulders, risk, distribution",618.8,,,11.57,,,618.8,"A possible head-and-shoulders top is forming or breaking. This is a caution signal, not an entry setup.",Risk review,-2.25
GRSE,Garden Reach Shipbuilders & Engineers Ltd.,GRSE.NS,Capital Goods,True,,NIFTY 500,^CRSLDX,2026-10-08,2014.0,-4.19,-4.6,-17.3,516394.0,380725.0,1.36,1040017516.0,19.92,21.49,False,False,False,False,False,-11.11,-17.84,-0.5,False,False,False,False,-13.28,0.09317108,0.10680703,-12.77,-13.93,False,0.0,0.0,1.36,-3.0,Risk review,Head-and-shoulders risk,"head-and-shoulders, risk, distribution",2256.85,,,10.76,,,2256.85,"A possible head-and-shoulders top is forming or breaking. This is a caution signal, not an entry setup.",Risk review,-2.25
SUZLON,Suzlon Energy Ltd.,SUZLON.NS,Capital Goods,True,,NIFTY 500,^CRSLDX,2026-10-08,36.43,-4.98,-6.37,-17.62,85701657.0,59812788.0,1.43,3122111364.51,14.71,18.83,False,False,False,False,False,-10.99,-18.22,-2.34,False,False,False,False,-12.65,0.00168531,0.00194089,-13.17,-14.32,False,0.0,0.0,1.43,-3.0,Risk review,Head-and-shoulders risk,"head-and-shoulders, risk, distribution",42.52,,,14.31,,,42.52,"A possible head-and-shoulders top is forming or breaking. This is a caution signal, not an entry setup.",Risk review,-2.25
COCHINSHIP,Cochin Shipyard Ltd.,COCHINSHIP.NS,Capital Goods,True,,NIFTY 500,^CRSLDX,2026-10-08,1200.0,-4.39,-6.76,-21.07,940775.0,1448865.0,0.65,1128930000.0,25.1,33.52,False,False,False,False,False,-9.87,-16.04,-1.84,False,False,False,False,-17.5,0.05551405,0.06200697,-10.47,-14.66,False,0.0,0.0,0.65,-3.0,Risk review,Head-and-shoulders risk,"head-and-shoulders, risk, distribution",1325.05,,,9.44,,,1325.05,"A possible head-and-shoulders top is forming or breaking. This is a caution signal, not an entry setup.",Risk review,-2.25
NCC,NCC Ltd.,NCC.NS,Construction,True,,NIFTY 500,^CRSLDX,2026-10-08,119.93,-5.48,-7.79,-16.22,3547134.0,3887871.0,0.91,425407780.62,21.85,34.13,False,False,False,False,False,-9.53,-14.4,-1.81,False,False,False,False,-20.22,0.00554817,0.00607355,-8.65,-14.73,False,0.0,0.0,0.91,-3.0,Risk review,Head-and-shoulders risk,"head-and-shoulders, risk, distribution",137.56,,,12.81,,,137.56,"A possible head-and-shoulders top is forming or breaking. This is a caution signal, not an entry setup.",Risk review,-2.25
ZEEL,Zee Entertainment Enterprises Ltd.,ZEEL.NS,Media Entertainment & Publication,True,,NIFTY 500,^CRSLDX,2026-10-08,68.37,-2.5,-4.94,-15.54,15515933.0,15651584.0,0.99,1060824339.21,23.17,23.9,False,False,False,False,False,-9.7,-22.96,-1.79,False,False,False,False,-8.21,0.00316291,0.00391876,-19.29,-14.83,False,0.0,0.0,0.99,-3.0,Risk review,Head-and-shoulders risk,"head-and-shoulders, risk, distribution",79.0,,,13.46,,,79.0,"A possible head-and-shoulders top is forming or breaking. This is a caution signal, not an entry setup.",Risk review,-2.25
TEJASNET,Tejas Networks Ltd.,TEJASNET.NS,Telecommunication,True,,NIFTY 500,^CRSLDX,2026-10-08,451.15,-3.33,-2.94,-17.94,1481274.0,1532761.0,0.97,668276765.1,29.48,29.25,False,False,False,False,False,-9.84,-13.55,0.86,False,False,False,False,-35.29,0.02087097,0.02257289,-7.54,-18.58,False,0.6666666666666666,0.0,0.97,-3.0,Risk review,Head-and-shoulders risk,"head-and-shoulders, risk, distribution",453.93,,,0.61,,,453.93,"A possible head-and-shoulders top is forming or breaking. This is a caution signal, not an entry setup.",Risk review,-2.25
ABREL,Aditya Birla Real Estate Ltd.,ABREL.NS,Realty,True,,NIFTY 500,^CRSLDX,2026-10-08,1018.0,-2.99,-7.5,-23.88,187497.0,249422.0,0.75,190871946.0,16.45,22.34,False,False,False,False,False,-13.55,-22.0,-3.72,False,False,False,False,-22.25,0.04709442,0.05690373,-17.24,-20.85,False,0.0,0.0,0.75,-3.0,Risk review,Head-and-shoulders risk,"head-and-shoulders, risk, distribution",1154.6,,,11.83,,,1154.6,"A possible head-and-shoulders top is forming or breaking. This is a caution signal, not an entry setup.",Risk review,-2.25
POLICYBZR,PB Fintech Ltd.,POLICYBZR.NS,Financial Services,True,,NIFTY 500,^CRSLDX,2026-10-08,996.0,-4.23,1.63,-44.67,3262071.0,9013221.0,0.36,3249022716.0,23.95,19.41,False,False,False,False,False,-28.41,-38.11,-3.02,False,False,False,False,-53.19,0.04607666,0.06971545,-33.91,-40.46,False,0.3333333333333333,0.0,0.36,-3.0,Risk review,Head-and-shoulders risk,"head-and-shoulders, risk, distribution",1421.15,,,29.92,,,1421.15,"A possible head-and-shoulders top is forming or breaking. This is a caution signal, not an entry setup.",Risk review,-2.25
