symbol,name,ticker,sector,downloaded,download_note,source_index,benchmark_ticker,last_date,last,return_1d_pct,return_5d_pct,return_20d_pct,volume,avg_volume_20,volume_ratio_20d,turnover_proxy,rsi_14,rsi_5d_ago,above_sma_10,above_sma_20,above_sma_50,above_sma_100,above_sma_200,distance_sma_20_pct,distance_sma_50_pct,ma200_roc20_pct,supertrend_bullish,new_high20,within_3pct_ath,at_ath,rs_acceleration_pct,rs_ratio,rs_ratio_sma_50,rs_distance_sma_50_pct,rs_return_20d_pct,rs_above_50dma,trend_raw,breakout_raw,volume_raw,setup_score,setup_quality,primary_setup,setup_tags,setup_pivot_level,setup_breakout_date,setup_volume_ratio,setup_retest_gap_pct,setup_flag_depth_pct,setup_impulse_return_pct,setup_neckline_level,setup_commentary,rotation_signal,rotation_score
MEESHO,Meesho Ltd.,MEESHO.NS,Consumer Services,True,,NIFTY 500,^CRSLDX,2026-10-06,238.22,5.17,6.72,12.87,39917541.0,26297876.0,1.52,9509156617.02,64.03,56.72,True,True,True,True,True,7.51,14.73,,False,False,True,False,3.99,0.01072925,0.00890064,20.54,18.96,True,0.6666666666666666,0.5,1.52,5.1,Actionable watch,Breakout retest,"breakout, retest, pivot, volume, flag, continuation, uptrend, inverse-head-and-shoulders, base, reversal",224.62,2026-09-22,5.41,1.73,,,,"Prior resistance has been cleared on higher volume and price is back near that pivot. This is the kind of retest zone where follow-through can matter more than chasing a stretched candle. Secondary patterns: Bullish flag, Possible inverse H&S.",Strengthening with volume,7.9
PWL,Physicswallah Ltd.,PWL.NS,Consumer Services,True,,NIFTY 500,^CRSLDX,2026-10-06,131.86,0.58,5.36,4.13,21549039.0,12544482.0,1.72,2841456282.54,54.79,45.22,True,True,True,True,True,1.39,4.71,-0.32,False,False,False,False,16.45,0.00593888,0.00543539,9.26,14.51,True,0.6666666666666666,0.0,1.72,4.93,Actionable watch,Breakout retest,"breakout, retest, pivot, volume, flag, continuation, uptrend, inverse-head-and-shoulders, base, reversal",131.38,2026-09-11,2.06,0.37,,,,"Prior resistance has been cleared on higher volume and price is back near that pivot. This is the kind of retest zone where follow-through can matter more than chasing a stretched candle. Secondary patterns: Bullish flag, Possible inverse H&S.",Strengthening with volume,7.9
MOTILALOFS,Motilal Oswal Financial Services Ltd.,MOTILALOFS.NS,Financial Services,True,,NIFTY 500,^CRSLDX,2026-10-06,1081.15,6.93,8.53,2.82,2179004.0,905083.0,2.41,2355830174.6,66.29,48.49,True,True,True,True,True,6.89,10.89,1.74,False,True,True,False,-6.45,0.0486942,0.04182086,16.44,11.8,True,1.0,1.0,2.41,5.1,Actionable watch,Breakout retest,"breakout, retest, pivot, volume, inverse-head-and-shoulders, base, reversal",1057.07,2026-10-06,2.58,2.28,,,,Prior resistance has been cleared on higher volume and price is back near that pivot. This is the kind of retest zone where follow-through can matter more than chasing a stretched candle. Secondary patterns: Possible inverse H&S.,Strengthening with volume,7.9
BHEL,Bharat Heavy Electricals Ltd.,BHEL.NS,Capital Goods,True,,NIFTY 500,^CRSLDX,2026-10-06,452.0,5.36,9.35,7.07,22865195.0,8133845.0,2.81,10335068140.0,65.37,44.79,True,True,True,True,True,6.38,7.34,4.36,False,True,True,True,1.68,0.02035775,0.01818317,11.96,9.63,True,1.0,1.0,2.81,4.01,Actionable watch,Breakout retest,"breakout, retest, pivot, volume",422.26,2026-08-17,1.81,1.29,,,,Prior resistance has been cleared on higher volume and price is back near that pivot. This is the kind of retest zone where follow-through can matter more than chasing a stretched candle.,Strengthening with volume,7.9
PETRONET,Petronet LNG Ltd.,PETRONET.NS,Oil Gas & Consumable Fuels,True,,NIFTY 500,^CRSLDX,2026-10-06,297.5,2.59,5.14,4.09,5098731.0,1859576.0,2.74,1516872472.5,62.14,45.9,True,True,True,True,True,3.75,3.9,0.46,False,True,False,False,0.96,0.01339918,0.01235067,8.49,7.63,True,1.0,0.5,2.74,3.98,Actionable watch,Breakout retest,"breakout, retest, pivot, volume, inverse-head-and-shoulders, base, reversal",286.26,2026-10-05,1.76,1.66,,,,Prior resistance has been cleared on higher volume and price is back near that pivot. This is the kind of retest zone where follow-through can matter more than chasing a stretched candle. Secondary patterns: Possible inverse H&S.,Strengthening with volume,7.89
KOTAKBANK,Kotak Mahindra Bank Ltd.,KOTAKBANK.NS,Financial Services,True,,NIFTY 500,^CRSLDX,2026-10-06,431.9,3.82,6.38,3.02,40021922.0,22429294.0,1.78,17285468111.8,66.59,45.78,True,True,True,True,True,4.31,5.94,-0.44,False,True,False,False,-1.67,0.01945246,0.01754931,10.84,7.41,True,0.6666666666666666,0.5,1.78,3.4,Actionable watch,Possible inverse H&S,"inverse-head-and-shoulders, base, reversal",410.67,,,5.17,,,410.67,A possible inverse head-and-shoulders base is visible. The setup improves only if price clears or holds near the neckline with better volume.,Strengthening with volume,7.69
KPIL,Kalpataru Projects International Ltd.,KPIL.NS,Construction,True,,NIFTY 500,^CRSLDX,2026-10-06,1451.5,5.27,6.33,3.86,652356.0,169478.0,3.85,946894734.0,61.27,42.85,True,True,True,True,True,3.55,5.29,1.87,False,True,True,True,-4.56,0.06537449,0.05934062,10.17,7.23,True,1.0,1.0,3.85,3.4,Actionable watch,Possible inverse H&S,"inverse-head-and-shoulders, base, reversal",1262.25,,,14.99,,,1262.25,A possible inverse head-and-shoulders base is visible. The setup improves only if price clears or holds near the neckline with better volume.,Strengthening with volume,7.69
RKFORGE,Ramkrishna Forgings Ltd.,RKFORGE.NS,Automobile and Auto Components,True,,NIFTY 500,^CRSLDX,2026-10-06,732.65,4.6,2.52,4.47,992145.0,597071.0,1.66,726895034.25,59.23,52.18,True,True,True,True,True,3.35,2.48,3.39,False,True,True,False,-0.31,0.03299802,0.03067439,7.58,5.57,True,1.0,1.0,1.66,3.4,Actionable watch,Possible inverse H&S,"inverse-head-and-shoulders, base, reversal",559.27,,,31.0,,,559.27,A possible inverse head-and-shoulders base is visible. The setup improves only if price clears or holds near the neckline with better volume.,Strengthening with volume,7.6
TRENT,Trent Ltd.,TRENT.NS,Consumer Services,True,,NIFTY 500,^CRSLDX,2026-10-06,2906.0,12.64,10.28,4.02,6695372.0,1051634.0,6.37,19456751032.0,62.73,28.25,True,True,True,False,True,6.4,1.52,-0.12,False,True,False,False,15.63,0.1308841,0.12417967,5.4,8.1,True,0.6666666666666666,0.5,6.37,0.0,No clear setup,,,,,,,,,,,Mean reversion bounce,7.4
CARBORUNIV,Carborundum Universal Ltd.,CARBORUNIV.NS,Capital Goods,True,,NIFTY 500,^CRSLDX,2026-10-06,1269.6,0.16,5.76,15.85,377930.0,659805.0,0.57,479819928.0,63.15,56.45,True,True,True,True,True,7.72,11.69,3.36,False,False,True,False,20.46,0.05718185,0.04904933,16.58,23.35,True,1.0,0.5,0.57,5.1,Actionable watch,Breakout retest,"breakout, retest, pivot, volume, flag, continuation, uptrend",1189.8,2026-09-22,2.71,5.91,,,,Prior resistance has been cleared on higher volume and price is back near that pivot. This is the kind of retest zone where follow-through can matter more than chasing a stretched candle. Secondary patterns: Bullish flag.,Strengthening,7.1
FINCABLES,Finolex Cables Ltd.,FINCABLES.NS,Capital Goods,True,,NIFTY 500,^CRSLDX,2026-10-06,1474.0,0.46,2.68,13.18,537623.0,1225042.0,0.44,792456302.0,63.72,59.86,True,True,True,True,True,3.22,14.7,7.08,False,False,True,False,-4.25,0.06638787,0.05457389,21.65,21.28,True,1.0,0.5,0.44,4.65,Actionable watch,High-tight flag,"flag, continuation, uptrend, high-tight, inverse-head-and-shoulders, base, reversal",1480.0,2026-09-24,0.34,,5.99,52.11,,Price has made a sharp impulse move and is now consolidating near the highs. A controlled pullback with quieter volume keeps the continuation setup alive. Secondary patterns: Possible inverse H&S.,Strengthening,7.1
GESHIP,Great Eastern Shipping Co. Ltd.,GESHIP.NS,Services,True,,NIFTY 500,^CRSLDX,2026-10-06,1532.6,-1.71,-0.34,10.75,740133.0,979181.0,0.76,1134327835.8,64.22,73.78,True,True,True,True,True,4.07,10.18,2.75,False,False,False,False,16.49,0.06902717,0.06009387,14.87,18.58,True,1.0,0.0,0.76,5.1,Actionable watch,Breakout retest,"breakout, retest, pivot, volume, flag, continuation, uptrend, inverse-head-and-shoulders, base, reversal",1478.92,2026-09-28,3.87,3.01,,,,"Prior resistance has been cleared on higher volume and price is back near that pivot. This is the kind of retest zone where follow-through can matter more than chasing a stretched candle. Secondary patterns: Bullish flag, Possible inverse H&S.",Strengthening,7.1
WOCKPHARMA,Wockhardt Ltd.,WOCKPHARMA.NS,Healthcare,True,,NIFTY 500,^CRSLDX,2026-10-06,2176.4,5.47,-0.81,-2.14,899270.0,1086510.0,0.83,1957171228.0,55.09,56.36,False,True,True,True,True,0.68,7.07,4.91,False,False,False,False,16.07,0.09802345,0.08732607,12.25,16.86,True,1.0,0.0,0.83,5.1,Actionable watch,Breakout retest,"breakout, retest, pivot, volume, flag, continuation, uptrend, inverse-head-and-shoulders, base, reversal",2093.85,2026-09-07,5.07,1.52,,,,"Prior resistance has been cleared on higher volume and price is back near that pivot. This is the kind of retest zone where follow-through can matter more than chasing a stretched candle. Secondary patterns: Bullish flag, Possible inverse H&S.",Strengthening,7.1
JSWINFRA,JSW Infrastructure Ltd.,JSWINFRA.NS,Services,True,,NIFTY 500,^CRSLDX,2026-10-06,363.05,1.02,3.73,9.35,2318315.0,4993649.0,0.46,841664260.75,62.19,54.23,True,True,True,True,True,3.84,6.69,2.59,False,False,True,False,9.71,0.0163515,0.01466083,11.53,13.81,True,1.0,0.5,0.46,5.1,Actionable watch,Breakout retest,"breakout, retest, pivot, volume, inverse-head-and-shoulders, base, reversal",350.75,2026-09-22,4.63,2.47,,,,Prior resistance has been cleared on higher volume and price is back near that pivot. This is the kind of retest zone where follow-through can matter more than chasing a stretched candle. Secondary patterns: Possible inverse H&S.,Strengthening,7.1
AEGISLOG,Aegis Logistics Ltd.,AEGISLOG.NS,Oil Gas & Consumable Fuels,True,,NIFTY 500,^CRSLDX,2026-10-06,1395.9,2.68,7.39,10.08,861628.0,1066131.0,0.81,1202746525.2,54.48,45.57,True,True,True,True,True,1.79,4.61,7.28,False,False,False,False,19.76,0.06287031,0.05755635,9.23,13.58,True,1.0,0.0,0.81,4.52,Actionable watch,Breakout retest,"breakout, retest, pivot, volume, flag, continuation, uptrend, inverse-head-and-shoulders, base, reversal",1435.67,2026-09-21,2.05,2.77,,,,"Prior resistance has been cleared on higher volume and price is back near that pivot. This is the kind of retest zone where follow-through can matter more than chasing a stretched candle. Secondary patterns: Bullish flag, Possible inverse H&S.",Strengthening,7.1
WHIRLPOOL,Whirlpool of India Ltd.,WHIRLPOOL.NS,Consumer Durables,True,,NIFTY 500,^CRSLDX,2026-10-06,867.8,-0.45,-2.3,7.8,392092.0,3116944.0,0.13,340257437.6,59.17,64.7,False,True,True,True,True,6.58,7.98,-1.38,False,False,False,False,14.15,0.03908507,0.03473309,12.53,12.99,True,0.3333333333333333,0.0,0.13,5.1,Actionable watch,Breakout retest,"breakout, retest, pivot, volume, flag, continuation, uptrend",837.81,2026-09-23,18.17,2.78,,,,Prior resistance has been cleared on higher volume and price is back near that pivot. This is the kind of retest zone where follow-through can matter more than chasing a stretched candle. Secondary patterns: Bullish flag.,Strengthening,7.1
SCHNEIDER,Schneider Electric Infrastructure Ltd.,SCHNEIDER.NS,Capital Goods,True,,NIFTY 500,^CRSLDX,2026-10-06,1274.0,0.47,6.82,3.6,127905.0,351479.0,0.36,162950970.0,57.36,44.66,True,True,True,False,True,4.22,1.72,4.72,False,False,False,False,21.01,0.05738002,0.05440975,5.46,12.03,True,1.0,0.0,0.36,5.1,Actionable watch,Breakout retest,"breakout, retest, pivot, volume",1245.7,2026-10-01,6.44,0.35,,,,Prior resistance has been cleared on higher volume and price is back near that pivot. This is the kind of retest zone where follow-through can matter more than chasing a stretched candle.,Strengthening,7.1
AIIL,Authum Investment & Infrastructure Ltd.,AIIL.NS,Financial Services,True,,NIFTY 500,^CRSLDX,2026-10-06,550.15,-0.26,1.54,4.55,55682.0,773956.0,0.07,30633452.3,52.41,49.22,True,True,True,True,True,1.36,0.28,-0.14,False,False,False,False,22.17,0.02477835,0.02373214,4.41,11.01,True,0.6666666666666666,0.0,0.07,5.1,Actionable watch,Breakout retest,"breakout, retest, pivot, volume, inverse-head-and-shoulders, base, reversal",523.39,2026-07-17,10.03,4.74,,,,Prior resistance has been cleared on higher volume and price is back near that pivot. This is the kind of retest zone where follow-through can matter more than chasing a stretched candle. Secondary patterns: Possible inverse H&S.,Strengthening,7.1
JYOTICNC,Jyoti CNC Automation Ltd.,JYOTICNC.NS,Capital Goods,True,,NIFTY 500,^CRSLDX,2026-10-06,1073.1,4.22,1.3,3.46,557011.0,1114346.0,0.5,597728504.1,59.99,58.36,True,True,True,True,True,3.72,11.34,0.95,False,False,False,False,-11.68,0.04833163,0.04122735,17.23,9.45,True,1.0,0.0,0.5,5.1,Actionable watch,Breakout retest,"breakout, retest, pivot, volume, flag, continuation, uptrend, inverse-head-and-shoulders, base, reversal",1053.42,2026-09-21,5.16,1.87,,,,"Prior resistance has been cleared on higher volume and price is back near that pivot. This is the kind of retest zone where follow-through can matter more than chasing a stretched candle. Secondary patterns: Bullish flag, Possible inverse H&S.",Strengthening,7.1
APARINDS,Apar Industries Ltd.,APARINDS.NS,Capital Goods,True,,NIFTY 500,^CRSLDX,2026-10-06,18016.0,-0.48,1.2,2.16,94494.0,138812.0,0.68,1702403904.0,55.2,53.53,True,True,True,True,True,1.62,5.59,7.49,False,False,False,False,-5.45,0.81142736,0.729109,11.29,6.58,True,1.0,0.0,0.68,4.6,Actionable watch,Breakout retest,"breakout, retest, pivot, volume, flag, continuation, uptrend",18224.0,2026-09-18,2.21,1.14,,,,Prior resistance has been cleared on higher volume and price is back near that pivot. This is the kind of retest zone where follow-through can matter more than chasing a stretched candle. Secondary patterns: Bullish flag.,Strengthening,7.1
JSL,Jindal Stainless Ltd.,JSL.NS,Metals & Mining,True,,NIFTY 500,^CRSLDX,2026-10-06,750.95,1.21,1.71,1.65,476717.0,1347367.0,0.35,357990631.15,54.41,49.68,True,True,True,True,True,0.68,2.21,-0.54,False,False,False,False,3.65,0.03382223,0.03172351,6.62,6.51,True,0.3333333333333333,0.0,0.35,5.1,Actionable watch,Breakout retest,"breakout, retest, pivot, volume, inverse-head-and-shoulders, base, reversal",748.87,2026-09-09,13.41,0.28,,,,Prior resistance has been cleared on higher volume and price is back near that pivot. This is the kind of retest zone where follow-through can matter more than chasing a stretched candle. Secondary patterns: Possible inverse H&S.,Strengthening,7.1
WELCORP,Welspun Corp Ltd.,WELCORP.NS,Capital Goods,True,,NIFTY 500,^CRSLDX,2026-10-06,2660.9,6.54,-6.37,2.36,1853422.0,2226959.0,0.83,4931770599.8,54.28,64.2,False,True,True,True,True,0.07,14.47,15.2,False,False,False,False,-42.64,0.11984497,0.09827253,21.95,5.5,True,1.0,0.0,0.83,4.2,Actionable watch,High-tight flag,"flag, continuation, uptrend, high-tight",2842.0,2026-09-29,1.05,,16.0,77.97,,Price has made a sharp impulse move and is now consolidating near the highs. A controlled pullback with quieter volume keeps the continuation setup alive.,Strengthening,7.0
URBANCO,Urban Company Ltd.,URBANCO.NS,Consumer Services,True,,NIFTY 500,^CRSLDX,2026-10-06,173.54,8.74,6.0,1.03,23975368.0,6013794.0,3.99,4160685362.72,59.68,48.93,True,True,True,True,True,4.75,9.54,2.96,False,False,False,False,-24.51,0.00781611,0.00677533,15.36,2.42,True,1.0,0.0,3.99,3.4,Actionable watch,Possible inverse H&S,"inverse-head-and-shoulders, base, reversal, flag, continuation, uptrend",148.0,,,17.26,,,148.0,A possible inverse head-and-shoulders base is visible. The setup improves only if price clears or holds near the neckline with better volume. Secondary patterns: Bullish flag.,Strengthening with volume,6.97
TEGA,Tega Industries Ltd.,TEGA.NS,Capital Goods,True,,NIFTY 500,^CRSLDX,2026-10-06,2092.5,1.38,1.55,28.19,249989.0,944200.0,0.26,523101982.5,66.27,67.11,True,True,True,True,True,7.14,19.11,0.15,False,False,True,False,41.06,0.09424466,0.07529453,25.17,41.14,True,1.0,0.5,0.26,3.48,Actionable watch,Bullish flag,"flag, continuation, uptrend, inverse-head-and-shoulders, base, reversal",2129.0,2026-09-21,0.87,,10.12,38.27,,Price has made a sharp impulse move and is now consolidating near the highs. A controlled pullback with quieter volume keeps the continuation setup alive. Secondary patterns: Possible inverse H&S.,Strengthening,6.92
SYRMA,Syrma SGS Technology Ltd.,SYRMA.NS,Capital Goods,True,,NIFTY 500,^CRSLDX,2026-10-06,1685.1,-0.9,-0.44,2.8,817702.0,2346742.0,0.35,1377909640.2,55.07,59.89,False,True,True,True,True,0.86,9.16,9.05,False,False,False,False,16.93,0.07589566,0.06604705,14.91,21.48,True,1.0,0.0,0.35,3.48,Actionable watch,Bullish flag,"flag, continuation, uptrend",1782.9,2026-09-30,0.9,,6.74,38.39,,Price has made a sharp impulse move and is now consolidating near the highs. A controlled pullback with quieter volume keeps the continuation setup alive.,Strengthening,6.92
GRAPHITE,Graphite India Ltd.,GRAPHITE.NS,Capital Goods,True,,NIFTY 500,^CRSLDX,2026-10-06,851.2,4.26,6.19,15.93,2456818.0,4238803.0,0.58,2091243481.6,63.66,55.62,True,True,True,True,True,4.73,13.31,3.94,False,True,True,True,21.66,0.03833742,0.0321578,19.22,23.6,True,1.0,1.0,0.58,3.4,Actionable watch,Possible inverse H&S,"inverse-head-and-shoulders, base, reversal",775.45,,,9.77,,,775.45,A possible inverse head-and-shoulders base is visible. The setup improves only if price clears or holds near the neckline with better volume.,Strengthening,6.89
ABDL,Allied Blenders and Distillers Ltd.,ABDL.NS,Fast Moving Consumer Goods,True,,NIFTY 500,^CRSLDX,2026-10-06,714.65,2.57,-0.26,20.21,701809.0,1235768.0,0.57,501547801.85,65.41,73.37,True,True,True,True,True,6.84,12.45,0.92,False,False,True,False,20.04,0.03218731,0.02743528,17.32,22.82,True,1.0,0.5,0.57,3.4,Actionable watch,Possible inverse H&S,"inverse-head-and-shoulders, base, reversal, flag, continuation, uptrend",537.75,,,32.9,,,537.75,A possible inverse head-and-shoulders base is visible. The setup improves only if price clears or holds near the neckline with better volume. Secondary patterns: Bullish flag.,Strengthening,6.89
LAURUSLABS,Laurus Labs Ltd.,LAURUSLABS.NS,Healthcare,True,,NIFTY 500,^CRSLDX,2026-10-06,2050.0,3.99,3.59,5.3,2197316.0,1763875.0,1.25,4504497800.0,66.51,57.65,True,True,True,True,True,3.52,7.89,7.34,False,True,True,True,10.72,0.09233049,0.08149169,13.3,14.91,True,1.0,1.0,1.25,3.4,Actionable watch,Possible inverse H&S,"inverse-head-and-shoulders, base, reversal",1124.2,,,82.35,,,1124.2,A possible inverse head-and-shoulders base is visible. The setup improves only if price clears or holds near the neckline with better volume.,Strengthening,6.89
ACE,Action Construction Equipment Ltd.,ACE.NS,Capital Goods,True,,NIFTY 500,^CRSLDX,2026-10-06,1252.2,2.01,3.85,11.68,197550.0,372250.0,0.53,247372110.0,65.37,58.67,True,True,True,True,True,4.47,8.83,2.65,False,False,True,False,9.53,0.05639817,0.04952118,13.89,14.49,True,1.0,0.5,0.53,3.4,Actionable watch,Possible inverse H&S,"inverse-head-and-shoulders, base, reversal, flag, continuation, uptrend",935.75,,,33.82,,,935.75,A possible inverse head-and-shoulders base is visible. The setup improves only if price clears or holds near the neckline with better volume. Secondary patterns: Bullish flag.,Strengthening,6.89
REDINGTON,Redington Ltd.,REDINGTON.NS,Services,True,,NIFTY 500,^CRSLDX,2026-10-06,405.7,-1.71,0.06,8.61,2037976.0,5960686.0,0.34,826806863.2,59.72,63.73,True,True,True,True,True,1.77,10.09,4.72,False,False,True,False,5.73,0.01827243,0.01564457,16.8,14.08,True,1.0,0.5,0.34,3.4,Actionable watch,Possible inverse H&S,"inverse-head-and-shoulders, base, reversal",264.25,,,53.53,,,264.25,A possible inverse head-and-shoulders base is visible. The setup improves only if price clears or holds near the neckline with better volume.,Strengthening,6.89
CASTROLIND,Castrol India Ltd.,CASTROLIND.NS,Oil Gas & Consumable Fuels,True,,NIFTY 500,^CRSLDX,2026-10-06,200.2,0.35,0.19,5.67,1863669.0,3822960.0,0.49,373106533.8,65.05,66.17,True,True,True,True,True,2.75,5.06,0.42,False,False,False,False,14.5,0.00901686,0.00822188,9.67,12.48,True,1.0,0.0,0.49,3.4,Actionable watch,Possible inverse H&S,"inverse-head-and-shoulders, base, reversal",188.35,,,6.29,,,188.35,A possible inverse head-and-shoulders base is visible. The setup improves only if price clears or holds near the neckline with better volume.,Strengthening,6.89
RRKABEL,R R Kabel Ltd.,RRKABEL.NS,Capital Goods,True,,NIFTY 500,^CRSLDX,2026-10-06,2789.7,5.35,10.56,13.94,917457.0,358160.0,2.56,2559429792.9,68.31,49.44,True,True,True,True,True,12.22,5.82,5.62,False,True,False,False,14.99,0.12564603,0.11409092,10.13,11.62,True,1.0,0.5,2.56,3.4,Actionable watch,Possible inverse H&S,"inverse-head-and-shoulders, base, reversal",1549.1,,,80.09,,,1549.1,A possible inverse head-and-shoulders base is visible. The setup improves only if price clears or holds near the neckline with better volume.,Strengthening with volume,6.89
LGEINDIA,LG Electronics India Ltd.,LGEINDIA.NS,Consumer Durables,True,,NIFTY 500,^CRSLDX,2026-10-06,1758.6,-0.69,1.12,5.17,687055.0,711680.0,0.97,1208254923.0,65.16,65.52,True,True,True,True,True,4.11,6.66,0.83,False,False,True,False,3.33,0.07920605,0.07094306,11.65,10.8,True,1.0,0.5,0.97,3.4,Actionable watch,Possible inverse H&S,"inverse-head-and-shoulders, base, reversal",1636.55,,,7.46,,,1636.55,A possible inverse head-and-shoulders base is visible. The setup improves only if price clears or holds near the neckline with better volume.,Strengthening,6.89
MANKIND,Mankind Pharma Ltd.,MANKIND.NS,Healthcare,True,,NIFTY 500,^CRSLDX,2026-10-06,2500.0,0.85,-1.77,8.27,297524.0,603794.0,0.49,743810000.0,57.31,64.86,True,True,True,True,True,3.99,3.8,1.01,False,False,False,False,10.66,0.11259816,0.10462895,7.62,10.54,True,1.0,0.0,0.49,3.4,Actionable watch,Possible inverse H&S,"inverse-head-and-shoulders, base, reversal",2303.55,,,8.53,,,2303.55,A possible inverse head-and-shoulders base is visible. The setup improves only if price clears or holds near the neckline with better volume.,Strengthening,6.89
ADANIPORTS,Adani Ports and Special Economic Zone Ltd.,ADANIPORTS.NS,Services,True,,NIFTY 500,^CRSLDX,2026-10-06,1783.4,0.53,-2.12,4.29,1684154.0,2179762.0,0.77,3003520243.6,53.78,59.5,True,True,True,True,True,0.67,3.62,1.72,False,False,False,False,6.72,0.08032302,0.07451345,7.8,9.45,True,1.0,0.0,0.77,3.4,Actionable watch,Possible inverse H&S,"inverse-head-and-shoulders, base, reversal",1688.0,,,5.65,,,1688.0,A possible inverse head-and-shoulders base is visible. The setup improves only if price clears or holds near the neckline with better volume.,Strengthening,6.89
MCX,Multi Commodity Exchange of India Ltd.,MCX.NS,Financial Services,True,,NIFTY 500,^CRSLDX,2026-10-06,3310.0,4.03,2.41,-0.96,1520917.0,1878771.0,0.81,5034235270.0,54.95,50.05,True,True,True,True,True,1.21,6.05,4.45,False,False,False,False,-13.19,0.14907996,0.13378955,11.43,9.35,True,1.0,0.0,0.81,3.4,Actionable watch,Possible inverse H&S,"inverse-head-and-shoulders, base, reversal, flag, continuation, uptrend",3219.0,,,2.83,,,3219.0,A possible inverse head-and-shoulders base is visible. The setup improves only if price clears or holds near the neckline with better volume. Secondary patterns: Bullish flag.,Strengthening,6.89
GLAND,Gland Pharma Ltd.,GLAND.NS,Healthcare,True,,NIFTY 500,^CRSLDX,2026-10-06,3006.1,3.25,0.55,1.58,373873.0,452404.0,0.83,1123899625.3,60.36,60.76,True,True,True,True,True,2.87,5.64,6.01,False,False,True,False,-5.49,0.13539253,0.12181019,11.15,8.27,True,1.0,0.5,0.83,3.4,Actionable watch,Possible inverse H&S,"inverse-head-and-shoulders, base, reversal, flag, continuation, uptrend",1853.35,,,62.2,,,1853.35,A possible inverse head-and-shoulders base is visible. The setup improves only if price clears or holds near the neckline with better volume. Secondary patterns: Bullish flag.,Strengthening,6.89
DIVISLAB,Divi's Laboratories Ltd.,DIVISLAB.NS,Healthcare,True,,NIFTY 500,^CRSLDX,2026-10-06,9550.0,3.85,1.26,-0.26,465106.0,503720.0,0.92,4441762300.0,60.98,58.51,True,True,True,True,True,1.73,6.51,4.39,False,False,True,False,-4.93,0.43012496,0.38297711,12.31,8.13,True,1.0,0.5,0.92,3.4,Actionable watch,Possible inverse H&S,"inverse-head-and-shoulders, base, reversal, flag, continuation, uptrend",6766.25,,,41.14,,,6766.25,A possible inverse head-and-shoulders base is visible. The setup improves only if price clears or holds near the neckline with better volume. Secondary patterns: Bullish flag.,Strengthening,6.89
THELEELA,Leela Palaces Hotels & Resorts Ltd.,THELEELA.NS,Consumer Services,True,,NIFTY 500,^CRSLDX,2026-10-06,582.7,0.88,9.2,7.41,514330.0,364190.0,1.41,299700091.0,64.3,48.2,True,True,True,True,True,6.53,8.76,3.08,False,True,True,True,-5.22,0.02624438,0.02299283,14.14,7.82,True,1.0,1.0,1.41,3.4,Actionable watch,Possible inverse H&S,"inverse-head-and-shoulders, base, reversal",488.3,,,19.33,,,488.3,A possible inverse head-and-shoulders base is visible. The setup improves only if price clears or holds near the neckline with better volume.,Strengthening,6.89
LALPATHLAB,Dr. Lal Path Labs Ltd.,LALPATHLAB.NS,Healthcare,True,,NIFTY 500,^CRSLDX,2026-10-06,1964.2,-0.36,0.71,2.7,245709.0,385994.0,0.64,482621617.8,56.4,58.71,False,True,True,True,True,1.32,2.15,3.22,False,False,True,False,4.96,0.08846612,0.08275934,6.9,6.86,True,1.0,0.5,0.64,3.4,Actionable watch,Possible inverse H&S,"inverse-head-and-shoulders, base, reversal",1460.25,,,34.51,,,1460.25,A possible inverse head-and-shoulders base is visible. The setup improves only if price clears or holds near the neckline with better volume.,Strengthening,6.89
LENSKART,Lenskart Solutions Ltd.,LENSKART.NS,Consumer Services,True,,NIFTY 500,^CRSLDX,2026-10-06,684.85,-1.14,1.52,-1.57,2891155.0,8069746.0,0.36,1980007501.75,55.12,53.12,True,True,True,True,True,0.04,5.83,5.01,False,False,False,False,-14.79,0.03084514,0.02767887,11.44,6.67,True,1.0,0.0,0.36,3.4,Actionable watch,Possible inverse H&S,"inverse-head-and-shoulders, base, reversal, flag, continuation, uptrend",540.15,,,26.79,,,540.15,A possible inverse head-and-shoulders base is visible. The setup improves only if price clears or holds near the neckline with better volume. Secondary patterns: Bullish flag.,Strengthening,6.89
USHAMART,Usha Martin Ltd.,USHAMART.NS,Capital Goods,True,,NIFTY 500,^CRSLDX,2026-10-06,516.7,1.21,3.57,3.37,819697.0,1091261.0,0.75,423537439.9,56.02,46.38,True,True,True,True,True,2.28,2.73,1.33,False,False,False,False,2.9,0.02327179,0.02178034,6.85,4.95,True,1.0,0.0,0.75,4.7,Actionable watch,Breakout retest,"breakout, retest, pivot, volume",519.37,2026-09-21,3.31,0.51,,,,Prior resistance has been cleared on higher volume and price is back near that pivot. This is the kind of retest zone where follow-through can matter more than chasing a stretched candle.,Strengthening,6.89
ACMESOLAR,ACME Solar Holdings Ltd.,ACMESOLAR.NS,Power,True,,NIFTY 500,^CRSLDX,2026-10-06,448.2,4.81,2.34,8.63,887494.0,2488812.0,0.36,397774810.8,62.94,60.25,True,True,True,True,True,4.2,11.07,6.89,False,False,True,False,7.57,0.0201866,0.01731689,16.57,16.8,True,1.0,0.5,0.36,3.36,Watch,Bullish flag,"flag, continuation, uptrend",458.65,2026-09-22,0.69,,8.3,29.02,,Price has made a sharp impulse move and is now consolidating near the highs. A controlled pullback with quieter volume keeps the continuation setup alive.,Strengthening,6.88
HBLENGINE,HBL Engineering Ltd.,HBLENGINE.NS,Capital Goods,True,,NIFTY 500,^CRSLDX,2026-10-06,764.3,0.09,-5.44,4.52,620183.0,2230622.0,0.28,474005866.9,54.08,68.51,False,True,True,True,True,0.73,6.05,-1.05,False,False,False,False,28.02,0.03442351,0.03108421,10.74,20.27,True,0.3333333333333333,0.0,0.28,3.29,Watch,Bullish flag,"flag, continuation, uptrend",808.3,2026-09-29,0.47,,6.34,22.96,,Price has made a sharp impulse move and is now consolidating near the highs. A controlled pullback with quieter volume keeps the continuation setup alive.,Strengthening,6.85
ETERNAL,Eternal Ltd.,ETERNAL.NS,Consumer Services,True,,NIFTY 500,^CRSLDX,2026-10-06,329.0,2.56,0.35,2.3,27075757.0,22491748.0,1.2,8907924053.0,54.58,52.18,True,True,True,True,True,0.94,2.1,1.4,False,False,False,False,1.29,0.01481792,0.01387204,6.82,6.09,True,1.0,0.0,1.2,3.28,Watch,Bullish flag,"flag, continuation, uptrend",342.65,2026-09-23,0.82,,11.21,22.37,,Price has made a sharp impulse move and is now consolidating near the highs. A controlled pullback with quieter volume keeps the continuation setup alive.,Strengthening,6.85
ENGINERSIN,Engineers India Ltd.,ENGINERSIN.NS,Construction,True,,NIFTY 500,^CRSLDX,2026-10-06,313.3,1.77,1.0,12.21,5178995.0,6444068.0,0.8,1622579133.5,67.64,68.94,True,True,True,True,True,7.61,17.97,4.25,False,False,True,False,-2.32,0.0141108,0.01135578,24.26,16.38,True,1.0,0.5,0.8,3.26,Watch,Bullish flag,"flag, continuation, uptrend",315.65,2026-09-25,0.85,,6.98,21.1,,Price has made a sharp impulse move and is now consolidating near the highs. A controlled pullback with quieter volume keeps the continuation setup alive.,Strengthening,6.84
KIRLOSENG,Kirloskar Oil Eng Ltd.,KIRLOSENG.NS,Capital Goods,True,,NIFTY 500,^CRSLDX,2026-10-06,2266.1,1.0,-5.66,-0.29,392965.0,744595.0,0.53,890497986.5,55.32,65.7,True,True,True,True,True,3.5,4.79,5.92,False,False,False,False,1.77,0.10206347,0.09368561,8.94,4.67,True,1.0,0.0,0.53,4.7,Actionable watch,Breakout retest,"breakout, retest, pivot, volume, flag, continuation, uptrend",2305.2,2026-09-29,12.1,1.7,,,,Prior resistance has been cleared on higher volume and price is back near that pivot. This is the kind of retest zone where follow-through can matter more than chasing a stretched candle. Secondary patterns: Bullish flag.,Strengthening,6.83
HAL,Hindustan Aeronautics Ltd.,HAL.NS,Capital Goods,True,,NIFTY 500,^CRSLDX,2026-10-06,4816.0,2.91,5.86,-4.28,935720.0,770191.0,1.21,4506427520.0,53.15,33.42,True,True,False,True,True,0.93,-0.23,0.97,False,False,False,False,7.0,0.21690909,0.20824663,4.16,5.84,True,0.6666666666666666,0.0,1.21,3.4,Actionable watch,Possible inverse H&S,"inverse-head-and-shoulders, base, reversal",4354.5,,,10.6,,,4354.5,A possible inverse head-and-shoulders base is visible. The setup improves only if price clears or holds near the neckline with better volume.,Mean reversion bounce,6.76
INDHOTEL,Indian Hotels Co. Ltd.,INDHOTEL.NS,Consumer Services,True,,NIFTY 500,^CRSLDX,2026-10-06,736.0,1.52,3.03,2.22,2461719.0,3366899.0,0.73,1811825184.0,55.37,44.55,True,True,True,True,True,1.55,1.23,-0.09,False,False,False,False,3.82,0.0331489,0.03146519,5.35,5.31,True,0.6666666666666666,0.0,0.73,3.4,Actionable watch,Possible inverse H&S,"inverse-head-and-shoulders, base, reversal",676.9,,,8.73,,,676.9,A possible inverse head-and-shoulders base is visible. The setup improves only if price clears or holds near the neckline with better volume.,Strengthening,6.75
ANGELONE,Angel One Ltd.,ANGELONE.NS,Financial Services,True,,NIFTY 500,^CRSLDX,2026-10-06,295.0,3.44,7.86,-1.01,8198494.0,4365263.0,1.88,2418555730.0,54.07,33.56,True,True,True,False,True,1.34,0.86,1.32,False,False,False,False,9.8,0.01328658,0.01267055,4.86,8.03,True,1.0,0.0,1.88,-2.0,Risk review,Head-and-shoulders risk,"head-and-shoulders, risk, distribution, inverse-head-and-shoulders, base, reversal",286.2,,,3.07,,,286.2,"A possible head-and-shoulders top is forming or breaking. This is a caution signal, not an entry setup. Secondary patterns: Possible inverse H&S.",Risk review,6.7
RBLBANK,RBL Bank Ltd.,RBLBANK.NS,Financial Services,True,,NIFTY 500,^CRSLDX,2026-10-06,414.5,-0.49,3.11,-0.96,2559971.0,3725458.0,0.69,1061107979.5,55.58,48.57,True,True,True,True,True,0.76,4.22,3.22,False,False,False,False,0.14,0.01866877,0.01707413,9.34,6.38,True,1.0,0.0,0.69,2.67,Watch,Bullish flag,"flag, continuation, uptrend",428.0,2026-09-23,1.16,,6.61,21.28,,Price has made a sharp impulse move and is now consolidating near the highs. A controlled pullback with quieter volume keeps the continuation setup alive.,Strengthening,6.63
NUVAMA,Nuvama Wealth Management Ltd.,NUVAMA.NS,Financial Services,True,,NIFTY 500,^CRSLDX,2026-10-06,1838.8,0.99,11.3,0.13,641224.0,535086.0,1.2,1179082691.2,64.95,38.59,True,True,True,True,True,7.46,5.98,1.74,False,True,False,False,-8.46,0.0828182,0.07551709,9.67,4.71,True,1.0,0.5,1.2,3.4,Actionable watch,Possible inverse H&S,"inverse-head-and-shoulders, base, reversal",1369.55,,,34.26,,,1369.55,A possible inverse head-and-shoulders base is visible. The setup improves only if price clears or holds near the neckline with better volume.,Strengthening,6.63
CPPLUS,Aditya Infotech Ltd.,CPPLUS.NS,Capital Goods,True,,NIFTY 500,^CRSLDX,2026-10-06,3976.0,-0.34,4.15,3.84,432803.0,273982.0,1.58,1720824728.0,62.26,57.14,True,True,True,True,True,6.63,9.4,9.09,False,False,True,False,6.31,0.17907611,0.15653642,14.4,11.01,True,1.0,0.5,1.58,0.0,No clear setup,,,,,,,,,,,Strengthening with volume,6.5
INDGN,Indegene Ltd.,INDGN.NS,Healthcare,True,,NIFTY 500,^CRSLDX,2026-10-06,596.3,-0.36,-1.46,1.21,133215.0,499423.0,0.27,79436104.5,54.46,60.55,False,True,True,True,True,0.75,3.36,1.24,False,False,True,False,-7.25,0.02685691,0.02474844,8.52,4.06,True,1.0,0.5,0.27,3.4,Actionable watch,Possible inverse H&S,"inverse-head-and-shoulders, base, reversal, flag, continuation, uptrend",510.1,,,16.9,,,510.1,A possible inverse head-and-shoulders base is visible. The setup improves only if price clears or holds near the neckline with better volume. Secondary patterns: Bullish flag.,Strengthening,6.5
COHANCE,Cohance Lifesciences Ltd.,COHANCE.NS,Healthcare,True,,NIFTY 500,^CRSLDX,2026-10-06,457.0,2.28,-0.2,1.2,492779.0,1174004.0,0.42,225200003.0,53.81,54.38,True,True,True,True,True,2.09,2.11,-2.1,False,False,False,False,-3.29,0.02058294,0.01930973,6.59,3.86,True,0.6666666666666666,0.0,0.42,3.4,Actionable watch,Possible inverse H&S,"inverse-head-and-shoulders, base, reversal",329.7,,,38.61,,,329.7,A possible inverse head-and-shoulders base is visible. The setup improves only if price clears or holds near the neckline with better volume.,Strengthening,6.46
PCBL,PCBL Chemical Ltd.,PCBL.NS,Chemicals,True,,NIFTY 500,^CRSLDX,2026-10-06,327.7,2.29,-0.83,-0.33,540498.0,1490702.0,0.36,177121194.6,49.58,50.39,False,False,True,True,True,-1.15,0.52,0.77,False,False,False,False,10.49,0.01475937,0.0140914,4.74,9.22,True,1.0,0.0,0.36,4.56,Actionable watch,Breakout retest,"breakout, retest, pivot, volume",332.37,2026-09-21,2.13,1.4,,,,Prior resistance has been cleared on higher volume and price is back near that pivot. This is the kind of retest zone where follow-through can matter more than chasing a stretched candle.,Strengthening,6.4
PAYTM,One 97 Communications Ltd.,PAYTM.NS,Financial Services,True,,NIFTY 500,^CRSLDX,2026-10-06,1694.0,0.59,0.65,1.44,2061099.0,4579262.0,0.45,3491501706.0,50.83,49.04,True,False,True,True,True,-2.46,3.5,3.46,False,False,False,False,-7.46,0.07629651,0.06967314,9.51,8.38,True,1.0,0.0,0.45,4.59,Actionable watch,High-tight flag,"flag, continuation, uptrend, high-tight, inverse-head-and-shoulders, base, reversal",1849.9,2026-09-18,0.65,,13.88,47.19,,Price has made a sharp impulse move and is now consolidating near the highs. A controlled pullback with quieter volume keeps the continuation setup alive. Secondary patterns: Possible inverse H&S.,Strengthening,6.4
HONASA,Honasa Consumer Ltd.,HONASA.NS,Fast Moving Consumer Goods,True,,NIFTY 500,^CRSLDX,2026-10-06,478.3,8.19,8.3,0.47,24467750.0,3080939.0,7.94,11702924825.0,56.43,37.61,True,True,True,True,True,3.52,2.1,5.42,False,False,False,False,0.47,0.02154228,0.02024083,6.43,5.01,True,1.0,0.0,7.94,0.0,No clear setup,,,,,,,,,,,Strengthening with volume,6.3
BEML,BEML Ltd.,BEML.NS,Capital Goods,True,,NIFTY 500,^CRSLDX,2026-10-06,2042.2,3.64,3.84,-3.01,196225.0,305040.0,0.64,400730695.0,54.97,45.3,True,True,True,True,True,0.81,4.63,1.55,False,False,False,False,-20.14,0.09197918,0.08384873,9.7,2.86,True,1.0,0.0,0.64,3.4,Actionable watch,Possible inverse H&S,"inverse-head-and-shoulders, base, reversal, flag, continuation, uptrend",1857.5,,,9.94,,,1857.5,A possible inverse head-and-shoulders base is visible. The setup improves only if price clears or holds near the neckline with better volume. Secondary patterns: Bullish flag.,Strengthening,6.26
NAVINFLUOR,Navin Fluorine International Ltd.,NAVINFLUOR.NS,Chemicals,True,,NIFTY 500,^CRSLDX,2026-10-06,8536.0,3.19,3.66,-2.23,112311.0,121916.0,0.92,958686696.0,55.78,44.44,True,True,True,True,True,1.51,2.77,3.68,False,False,True,False,0.2,0.38445515,0.35724168,7.62,2.8,True,1.0,0.5,0.92,3.4,Actionable watch,Possible inverse H&S,"inverse-head-and-shoulders, base, reversal, flag, continuation, uptrend",6933.0,,,23.12,,,6933.0,A possible inverse head-and-shoulders base is visible. The setup improves only if price clears or holds near the neckline with better volume. Secondary patterns: Bullish flag.,Strengthening,6.25
EMCURE,Emcure Pharmaceuticals Ltd.,EMCURE.NS,Healthcare,True,,NIFTY 500,^CRSLDX,2026-10-06,1922.4,-0.76,-1.87,-0.18,379767.0,214701.0,1.77,730064080.8,46.77,53.41,False,False,False,True,True,-1.72,-0.45,3.36,False,False,False,False,10.83,0.08658348,0.08329006,3.95,8.56,True,0.6666666666666666,0.0,1.77,4.45,Actionable watch,Breakout retest,"breakout, retest, pivot, volume",1942.67,2026-09-15,1.9,1.04,,,,Prior resistance has been cleared on higher volume and price is back near that pivot. This is the kind of retest zone where follow-through can matter more than chasing a stretched candle.,Setup watch: Breakout retest,6.2
AEGISVOPAK,Aegis Vopak Terminals Ltd.,AEGISVOPAK.NS,Oil Gas & Consumable Fuels,True,,NIFTY 500,^CRSLDX,2026-10-06,293.35,-1.41,-0.31,0.93,538943.0,1982605.0,0.27,158098929.05,50.54,51.4,False,False,True,True,True,-1.65,2.31,2.01,False,False,False,False,5.72,0.01321227,0.01240168,6.54,7.11,True,1.0,0.0,0.27,3.4,Actionable watch,Possible inverse H&S,"inverse-head-and-shoulders, base, reversal, flag, continuation, uptrend",244.72,,,19.87,,,244.72,A possible inverse head-and-shoulders base is visible. The setup improves only if price clears or holds near the neckline with better volume. Secondary patterns: Bullish flag.,Strengthening,6.19
SPLPETRO,Supreme Petrochem Ltd.,SPLPETRO.NS,Chemicals,True,,NIFTY 500,^CRSLDX,2026-10-06,819.6,2.66,-1.47,-1.06,143797.0,289342.0,0.5,117856021.2,53.55,56.21,False,False,True,True,True,-1.19,7.41,2.72,False,False,False,False,12.86,0.03691418,0.03290529,12.18,18.27,True,1.0,0.0,0.5,3.34,Watch,Bullish flag,"flag, continuation, uptrend, inverse-head-and-shoulders, base, reversal",882.2,2026-09-23,0.72,,15.34,27.6,,Price has made a sharp impulse move and is now consolidating near the highs. A controlled pullback with quieter volume keeps the continuation setup alive. Secondary patterns: Possible inverse H&S.,Strengthening,6.17
TBOTEK,TBO Tek Ltd.,TBOTEK.NS,Consumer Services,True,,NIFTY 500,^CRSLDX,2026-10-06,1693.2,2.18,0.5,-0.08,178083.0,174881.0,1.02,301530135.6,53.39,51.58,True,True,True,True,True,0.75,1.59,0.05,False,False,True,False,-6.71,0.07626048,0.07157939,6.54,2.29,True,1.0,0.5,1.02,3.4,Actionable watch,Possible inverse H&S,"inverse-head-and-shoulders, base, reversal",1282.95,,,31.98,,,1282.95,A possible inverse head-and-shoulders base is visible. The setup improves only if price clears or holds near the neckline with better volume.,Strengthening,6.15
PERSISTENT,Persistent Systems Ltd.,PERSISTENT.NS,Information Technology,True,,NIFTY 500,^CRSLDX,2026-10-06,5521.0,-0.16,6.95,-0.7,266663.0,441993.0,0.6,1472246423.0,54.8,36.34,True,True,True,True,True,2.22,0.2,-1.71,False,False,False,False,-3.52,0.24866177,0.23770384,4.61,2.22,True,0.6666666666666666,0.0,0.6,3.4,Actionable watch,Possible inverse H&S,"inverse-head-and-shoulders, base, reversal",5202.45,,,6.12,,,5202.45,A possible inverse head-and-shoulders base is visible. The setup improves only if price clears or holds near the neckline with better volume.,Strengthening,6.13
FLUOROCHEM,Gujarat Fluorochemicals Ltd.,FLUOROCHEM.NS,Chemicals,True,,NIFTY 500,^CRSLDX,2026-10-06,4577.2,3.33,3.88,-2.13,181004.0,115686.0,1.56,828491508.8,54.41,38.92,True,True,False,True,True,0.97,-0.06,2.71,False,False,False,False,-3.22,0.20615371,0.19783686,4.2,2.12,True,0.6666666666666666,0.0,1.56,4.7,Actionable watch,Breakout retest,"breakout, retest, pivot, volume, inverse-head-and-shoulders, base, reversal",4651.1,2026-08-13,5.91,1.59,,,,Prior resistance has been cleared on higher volume and price is back near that pivot. This is the kind of retest zone where follow-through can matter more than chasing a stretched candle. Secondary patterns: Possible inverse H&S.,Setup watch: Breakout retest,6.12
HFCL,HFCL Ltd.,HFCL.NS,Telecommunication,True,,NIFTY 500,^CRSLDX,2026-10-06,262.78,5.0,21.54,4.79,6656282.0,7879189.0,0.84,1749137783.96,68.76,46.77,True,True,True,True,True,16.28,17.15,12.31,False,True,True,True,14.43,0.01183542,0.00959851,23.3,24.86,True,1.0,1.0,0.84,3.4,Actionable watch,Possible inverse H&S,"inverse-head-and-shoulders, base, reversal",243.1,,,8.1,,,243.1,A possible inverse head-and-shoulders base is visible. The setup improves only if price clears or holds near the neckline with better volume.,Strengthening,6.09
WELSPUNLIV,Welspun Living Ltd.,WELSPUNLIV.NS,Textiles,True,,NIFTY 500,^CRSLDX,2026-10-06,237.86,3.3,5.62,14.43,4609322.0,6210631.0,0.74,1096373330.92,71.01,72.6,True,True,True,True,True,8.05,21.65,5.95,False,False,True,False,-4.37,0.01071304,0.00833228,28.57,24.18,True,1.0,0.5,0.74,3.4,Actionable watch,Possible inverse H&S,"inverse-head-and-shoulders, base, reversal",141.93,,,67.6,,,141.93,A possible inverse head-and-shoulders base is visible. The setup improves only if price clears or holds near the neckline with better volume.,Strengthening,6.09
ECLERX,eClerx Services Ltd.,ECLERX.NS,Services,True,,NIFTY 500,^CRSLDX,2026-10-06,1917.2,1.75,8.33,-1.43,184481.0,146905.0,1.26,353686973.2,54.81,35.64,True,True,True,True,True,1.66,1.68,-2.4,False,False,False,False,-5.62,0.08634927,0.08148256,5.97,1.84,True,0.6666666666666666,0.0,1.26,3.4,Actionable watch,Possible inverse H&S,"inverse-head-and-shoulders, base, reversal",1833.75,,,4.55,,,1833.75,A possible inverse head-and-shoulders base is visible. The setup improves only if price clears or holds near the neckline with better volume.,Strengthening,6.06
PTCIL,PTC Industries Ltd.,PTCIL.NS,Capital Goods,True,,NIFTY 500,^CRSLDX,2026-10-06,23125.0,2.64,2.62,-2.55,20786.0,23056.0,0.9,480676250.0,60.42,55.55,True,True,True,True,True,2.89,9.17,2.4,False,False,True,False,-31.72,1.04153296,0.90400755,15.21,1.68,True,1.0,0.5,0.9,3.43,Actionable watch,Bullish flag,"flag, continuation, uptrend, inverse-head-and-shoulders, base, reversal",23830.0,2026-09-04,0.61,,10.79,34.39,,Price has made a sharp impulse move and is now consolidating near the highs. A controlled pullback with quieter volume keeps the continuation setup alive. Secondary patterns: Possible inverse H&S.,Strengthening,6.04
PVRINOX,PVR INOX Ltd.,PVRINOX.NS,Media Entertainment & Publication,True,,NIFTY 500,^CRSLDX,2026-10-06,1249.4,1.46,4.98,1.47,335983.0,542704.0,0.62,419777160.2,52.27,43.51,True,False,True,True,True,-0.13,2.79,1.89,False,False,False,False,-5.76,0.05627206,0.0522451,7.71,4.89,True,1.0,0.0,0.62,3.45,Actionable watch,Bullish flag,"flag, continuation, uptrend",1349.3,2026-09-21,0.7,,14.23,35.93,,Price has made a sharp impulse move and is now consolidating near the highs. A controlled pullback with quieter volume keeps the continuation setup alive.,Strengthening,5.99
GABRIEL,Gabriel India Ltd.,GABRIEL.NS,Automobile and Auto Components,True,,NIFTY 500,^CRSLDX,2026-10-06,1352.9,3.78,3.76,-2.64,205619.0,662096.0,0.31,278181945.1,49.93,43.19,True,True,False,True,True,0.78,-3.1,3.12,False,False,False,False,15.63,0.06093362,0.06051899,0.69,5.29,True,0.6666666666666666,0.0,0.31,5.1,Actionable watch,Breakout retest,"breakout, retest, pivot, volume, inverse-head-and-shoulders, base, reversal",1288.65,2026-07-15,5.47,2.01,,,,Prior resistance has been cleared on higher volume and price is back near that pivot. This is the kind of retest zone where follow-through can matter more than chasing a stretched candle. Secondary patterns: Possible inverse H&S.,Setup watch: Breakout retest,5.96
JUBLPHARMA,Jubilant Pharmova Ltd.,JUBLPHARMA.NS,Healthcare,True,,NIFTY 500,^CRSLDX,2026-10-06,989.2,0.77,-5.63,-0.86,174777.0,269901.0,0.65,172889408.4,46.39,62.08,False,False,True,True,True,-4.0,3.09,-0.4,False,False,False,False,14.09,0.04455284,0.04141317,7.58,14.11,True,0.6666666666666666,0.0,0.65,2.7,Watch,Bullish flag,"flag, continuation, uptrend, inverse-head-and-shoulders, base, reversal",1071.95,2026-09-25,1.08,,10.5,23.81,,Price has made a sharp impulse move and is now consolidating near the highs. A controlled pullback with quieter volume keeps the continuation setup alive. Secondary patterns: Possible inverse H&S.,Strengthening,5.95
INDIGO,InterGlobe Aviation Ltd.,INDIGO.NS,Services,True,,NIFTY 500,^CRSLDX,2026-10-06,5050.5,2.34,3.66,1.01,613781.0,620165.0,0.99,3099900940.5,54.68,41.92,True,True,False,True,True,2.5,-0.9,-0.32,False,True,False,False,10.67,0.2274708,0.22086874,2.99,6.22,True,0.3333333333333333,0.5,0.99,3.4,Actionable watch,Possible inverse H&S,"inverse-head-and-shoulders, base, reversal",4862.3,,,3.87,,,4862.3,A possible inverse head-and-shoulders base is visible. The setup improves only if price clears or holds near the neckline with better volume.,Setup watch: Possible inverse H&S,5.89
BALRAMCHIN,Balrampur Chini Mills Ltd.,BALRAMCHIN.NS,Fast Moving Consumer Goods,True,,NIFTY 500,^CRSLDX,2026-10-06,691.3,2.95,2.73,-2.83,2257521.0,1304307.0,1.73,1560624267.3,55.81,49.84,True,True,True,True,True,2.27,3.82,4.54,False,False,False,False,-11.42,0.03113564,0.02862664,8.76,2.79,True,1.0,0.0,1.73,0.0,No clear setup,,,,,,,,,,,Strengthening with volume,5.86
IPCALAB,Ipca Laboratories Ltd.,IPCALAB.NS,Healthcare,True,,NIFTY 500,^CRSLDX,2026-10-06,1945.5,-0.3,0.38,-1.1,271603.0,261684.0,1.04,528403636.5,50.71,49.31,False,False,True,True,True,-0.82,2.55,3.3,False,False,False,False,-10.93,0.08762389,0.08161762,7.36,4.17,True,1.0,0.0,1.04,3.24,Watch,Bullish flag,"flag, continuation, uptrend",2009.6,2026-09-18,0.46,,6.85,19.21,,Price has made a sharp impulse move and is now consolidating near the highs. A controlled pullback with quieter volume keeps the continuation setup alive.,Strengthening,5.77
SAILIFE,Sai Life Sciences Ltd.,SAILIFE.NS,Healthcare,True,,NIFTY 500,^CRSLDX,2026-10-06,1558.1,3.1,-0.12,-5.4,277814.0,601370.0,0.46,432861993.4,52.38,52.22,False,False,True,True,True,-1.03,3.84,6.24,False,False,False,False,-10.07,0.07017568,0.06418129,9.34,3.62,True,1.0,0.0,0.46,3.45,Actionable watch,Bullish flag,"flag, continuation, uptrend",1675.4,2026-09-09,0.84,,12.21,35.89,,Price has made a sharp impulse move and is now consolidating near the highs. A controlled pullback with quieter volume keeps the continuation setup alive.,Strengthening,5.73
ENRIN,Siemens Energy India Ltd.,ENRIN.NS,Capital Goods,True,,NIFTY 500,^CRSLDX,2026-10-06,3307.5,-0.27,3.39,3.36,288526.0,490409.0,0.59,954299745.0,54.94,47.67,True,True,True,False,True,3.07,0.46,1.21,False,False,False,False,10.79,0.14896736,0.14236952,4.63,9.79,True,1.0,0.0,0.59,0.0,No clear setup,,,,,,,,,,,Strengthening,5.7
AUROPHARMA,Aurobindo Pharma Ltd.,AUROPHARMA.NS,Healthcare,True,,NIFTY 500,^CRSLDX,2026-10-06,1692.8,1.07,-0.29,0.05,1009636.0,827846.0,1.22,1709111820.8,53.88,54.6,False,True,True,True,True,0.15,2.27,3.56,False,False,True,False,3.13,0.07624246,0.07123904,7.02,8.28,True,1.0,0.5,1.22,0.0,No clear setup,,,,,,,,,,,Strengthening,5.7
NAVA,Nava Ltd.,NAVA.NS,Power,True,,NIFTY 500,^CRSLDX,2026-10-06,575.0,3.29,5.32,3.69,601625.0,296562.0,2.03,345934375.0,60.34,42.97,True,True,True,False,False,3.85,2.43,-0.05,False,True,False,False,12.39,0.02589758,0.02428598,6.64,8.08,True,0.3333333333333333,0.5,2.03,0.0,No clear setup,,,,,,,,,,,Strengthening with volume,5.7
SONACOMS,Sona BLW Precision Forgings Ltd.,SONACOMS.NS,Automobile and Auto Components,True,,NIFTY 500,^CRSLDX,2026-10-06,820.0,2.89,0.53,1.99,1679743.0,2458330.0,0.68,1377389260.0,55.03,54.99,True,True,True,True,True,1.98,2.32,5.39,False,False,True,False,4.28,0.0369322,0.03444374,7.22,7.35,True,1.0,0.5,0.68,0.0,No clear setup,,,,,,,,,,,Strengthening,5.7
PARADEEP,Paradeep Phosphates Ltd.,PARADEEP.NS,Chemicals,True,,NIFTY 500,^CRSLDX,2026-10-06,156.76,2.06,1.74,-1.9,1621070.0,1821298.0,0.89,254118933.2,55.78,50.14,True,True,True,True,True,1.67,2.29,-0.25,False,False,False,False,1.17,0.00706035,0.0065854,7.21,6.94,True,0.6666666666666666,0.0,0.89,0.0,No clear setup,,,,,,,,,,,Strengthening,5.7
HDFCLIFE,HDFC Life Insurance Company Ltd.,HDFCLIFE.NS,Financial Services,True,,NIFTY 500,^CRSLDX,2026-10-06,543.95,2.44,3.9,1.9,8334621.0,5441078.0,1.53,4533617092.95,53.06,42.63,True,True,True,False,False,1.56,0.76,-3.55,False,False,False,False,6.43,0.02449911,0.0234071,4.67,6.79,True,0.3333333333333333,0.0,1.53,0.0,No clear setup,,,,,,,,,,,Strengthening with volume,5.7
CGPOWER,CG Power and Industrial Solutions Ltd.,CGPOWER.NS,Capital Goods,True,,NIFTY 500,^CRSLDX,2026-10-06,912.0,3.37,6.29,0.14,2540774.0,2454828.0,1.04,2317185888.0,57.89,41.56,True,True,True,True,True,2.79,3.35,2.88,False,False,False,False,2.47,0.04107581,0.03809787,7.82,6.72,True,1.0,0.0,1.04,0.0,No clear setup,,,,,,,,,,,Strengthening,5.7
AJANTPHARM,Ajanta Pharmaceuticals Ltd.,AJANTPHARM.NS,Healthcare,True,,NIFTY 500,^CRSLDX,2026-10-06,3573.4,2.51,0.45,-0.16,109380.0,94711.0,1.15,390858492.0,52.92,53.01,True,True,True,True,True,0.88,0.77,2.91,False,False,False,False,2.76,0.1609433,0.15282131,5.31,6.29,True,1.0,0.0,1.15,0.0,No clear setup,,,,,,,,,,,Strengthening,5.7
ZYDUSLIFE,Zydus Lifesciences Ltd.,ZYDUSLIFE.NS,Healthcare,True,,NIFTY 500,^CRSLDX,2026-10-06,1159.5,1.8,-3.42,1.22,1575419.0,1633903.0,0.96,1826698330.5,51.5,62.39,False,True,True,True,True,0.69,1.37,2.33,False,False,False,False,0.98,0.05222303,0.04941326,5.69,6.25,True,1.0,0.0,0.96,0.0,No clear setup,,,,,,,,,,,Strengthening,5.7
NYKAA,FSN E-Commerce Ventures Ltd.,NYKAA.NS,Consumer Services,True,,NIFTY 500,^CRSLDX,2026-10-06,338.2,-0.4,3.31,-0.82,3554565.0,4907992.0,0.72,1202153883.0,54.62,44.82,True,True,True,True,True,1.39,1.41,2.89,False,False,False,False,3.25,0.01523228,0.01439211,5.84,5.99,True,1.0,0.0,0.72,0.0,No clear setup,,,,,,,,,,,Strengthening,5.7
CHENNPETRO,Chennai Petroleum Corporation Ltd.,CHENNPETRO.NS,Oil Gas & Consumable Fuels,True,,NIFTY 500,^CRSLDX,2026-10-06,1405.7,0.34,-2.17,-3.57,949377.0,2184329.0,0.43,1334539248.9,49.95,52.97,True,False,True,True,True,-2.45,0.98,5.2,False,False,False,False,-11.47,0.06331169,0.05948794,6.43,2.24,True,1.0,0.0,0.43,5.1,Actionable watch,Breakout retest,"breakout, retest, pivot, volume",1352.5,2026-08-11,7.68,2.4,,,,Prior resistance has been cleared on higher volume and price is back near that pivot. This is the kind of retest zone where follow-through can matter more than chasing a stretched candle.,Strengthening,5.65
APLAPOLLO,APL Apollo Tubes Ltd.,APLAPOLLO.NS,Capital Goods,True,,NIFTY 500,^CRSLDX,2026-10-06,2152.0,2.49,-1.67,-1.51,320327.0,634688.0,0.5,689343704.0,50.04,53.78,False,False,True,True,True,-0.73,1.69,1.89,False,False,False,False,-8.92,0.09692449,0.09076976,6.78,4.38,True,1.0,0.0,0.5,2.71,Watch,Bullish flag,"flag, continuation, uptrend, inverse-head-and-shoulders, base, reversal",2270.1,2026-09-18,0.93,,10.23,24.77,,Price has made a sharp impulse move and is now consolidating near the highs. A controlled pullback with quieter volume keeps the continuation setup alive. Secondary patterns: Possible inverse H&S.,Strengthening,5.62
PINELABS,Pine Labs Ltd.,PINELABS.NS,Financial Services,True,,NIFTY 500,^CRSLDX,2026-10-06,172.73,3.33,0.69,1.88,10927701.0,59874765.0,0.18,1887541793.73,48.38,46.03,False,False,True,True,False,-4.98,2.63,-3.01,False,False,False,False,13.25,0.00777963,0.00718149,8.33,15.6,True,0.3333333333333333,0.0,0.18,5.01,Actionable watch,Breakout retest,"breakout, retest, pivot, volume",163.68,2026-08-11,2.21,2.54,,,,Prior resistance has been cleared on higher volume and price is back near that pivot. This is the kind of retest zone where follow-through can matter more than chasing a stretched candle.,Strengthening,5.6
PATANJALI,Patanjali Foods Ltd.,PATANJALI.NS,Fast Moving Consumer Goods,True,,NIFTY 500,^CRSLDX,2026-10-06,363.0,2.05,-2.26,6.14,6485464.0,6061765.0,1.07,2354223432.0,48.38,51.22,False,False,True,False,False,-1.36,1.42,-3.84,False,False,False,False,12.31,0.01634925,0.01547415,5.66,10.87,True,0.3333333333333333,0.0,1.07,4.7,Actionable watch,Breakout retest,"breakout, retest, pivot, volume, flag, continuation, uptrend",364.25,2026-09-21,6.99,0.34,,,,Prior resistance has been cleared on higher volume and price is back near that pivot. This is the kind of retest zone where follow-through can matter more than chasing a stretched candle. Secondary patterns: Bullish flag.,Strengthening,5.6
CYIENT,Cyient Ltd.,CYIENT.NS,Information Technology,True,,NIFTY 500,^CRSLDX,2026-10-06,1119.4,-1.82,6.07,3.05,550341.0,575277.0,0.96,616051715.4,60.56,51.91,True,True,True,True,True,3.59,11.6,-0.66,False,False,False,False,-27.15,0.05041695,0.04278888,17.83,5.5,True,0.6666666666666666,0.0,0.96,0.0,No clear setup,,,,,,,,,,,Strengthening,5.6
DEEPAKFERT,Deepak Fertilisers & Petrochemicals Corp. Ltd.,DEEPAKFERT.NS,Chemicals,True,,NIFTY 500,^CRSLDX,2026-10-06,1385.6,6.77,5.86,2.95,875190.0,246238.0,3.55,1212663264.0,53.39,37.99,True,True,False,False,True,3.73,-2.51,0.72,False,False,False,False,18.28,0.0624064,0.06218816,0.35,7.03,True,0.6666666666666666,0.0,3.55,0.0,No clear setup,,,,,,,,,,,Neutral / watch,5.5
CLEAN,Clean Science and Technology Ltd.,CLEAN.NS,Chemicals,True,,NIFTY 500,^CRSLDX,2026-10-06,823.15,2.92,6.11,-0.86,296158.0,328362.0,0.9,243782457.7,52.77,35.9,True,True,True,True,True,0.46,1.09,-0.95,False,False,False,False,-11.72,0.03707407,0.03495031,6.08,1.08,True,0.6666666666666666,0.0,0.9,2.2,Watch,Possible inverse H&S,"inverse-head-and-shoulders, base, reversal",843.45,,,2.41,,,843.45,A possible inverse head-and-shoulders base is visible. The setup improves only if price clears or holds near the neckline with better volume.,Strengthening,5.49
SOLARINDS,Solar Industries India Ltd.,SOLARINDS.NS,Chemicals,True,,NIFTY 500,^CRSLDX,2026-10-06,20071.0,2.72,7.62,-10.62,177180.0,262871.0,0.67,3556179780.0,52.41,38.59,True,True,True,True,True,0.65,1.22,4.82,False,False,False,False,-20.84,0.90398305,0.85239716,6.05,-2.23,True,1.0,0.0,0.67,5.1,Actionable watch,Breakout retest,"breakout, retest, pivot, volume, flag, continuation, uptrend",18896.4,2026-08-13,8.39,2.75,,,,Prior resistance has been cleared on higher volume and price is back near that pivot. This is the kind of retest zone where follow-through can matter more than chasing a stretched candle. Secondary patterns: Bullish flag.,Setup watch: Breakout retest,5.45
IKS,Inventurus Knowledge Solutions Ltd.,IKS.NS,Information Technology,True,,NIFTY 500,^CRSLDX,2026-10-06,1761.0,-0.33,-1.03,-1.07,66106.0,227459.0,0.29,116412666.0,46.63,48.35,False,False,False,False,True,-1.48,-1.45,0.73,False,False,False,False,6.2,0.07931414,0.07733351,2.56,6.46,True,0.6666666666666666,0.0,0.29,5.1,Actionable watch,Breakout retest,"breakout, retest, pivot, volume",1746.68,2026-07-01,11.83,0.07,,,,Prior resistance has been cleared on higher volume and price is back near that pivot. This is the kind of retest zone where follow-through can matter more than chasing a stretched candle.,Setup watch: Breakout retest,5.4
ASAHIINDIA,Asahi India Glass Ltd.,ASAHIINDIA.NS,Automobile and Auto Components,True,,NIFTY 500,^CRSLDX,2026-10-06,956.95,1.18,-0.1,0.14,36644.0,140983.0,0.26,35066475.8,52.04,51.76,True,False,True,True,True,-0.28,1.56,-0.48,False,False,False,False,-3.28,0.04310032,0.04052369,6.36,4.16,True,0.6666666666666666,0.0,0.26,2.2,Actionable watch,Possible inverse H&S,"inverse-head-and-shoulders, base, reversal",972.5,,,1.6,,,972.5,A possible inverse head-and-shoulders base is visible. The setup improves only if price clears or holds near the neckline with better volume.,Strengthening,5.4
SUPREMEIND,Supreme Industries Ltd.,SUPREMEIND.NS,Capital Goods,True,,NIFTY 500,^CRSLDX,2026-10-06,3497.9,2.91,1.51,-1.55,221343.0,143731.0,1.54,774235679.7,52.44,47.74,True,True,False,True,False,1.72,-0.01,0.34,False,False,False,False,1.47,0.15754284,0.15131319,4.12,4.43,True,0.3333333333333333,0.0,1.54,2.2,Watch,Possible inverse H&S,"inverse-head-and-shoulders, base, reversal",3701.5,,,5.5,,,3701.5,A possible inverse head-and-shoulders base is visible. The setup improves only if price clears or holds near the neckline with better volume.,Setup watch: Possible inverse H&S,5.16
SCI,Shipping Corporation of India Ltd.,SCI.NS,Services,True,,NIFTY 500,^CRSLDX,2026-10-06,289.0,-0.55,5.9,0.09,5287314.0,2739330.0,1.93,1528033746.0,58.09,39.69,True,True,True,False,True,4.38,0.89,2.06,False,False,False,False,5.09,0.01301635,0.01239284,5.03,2.62,True,1.0,0.0,1.93,-2.0,Risk review,Head-and-shoulders risk,"head-and-shoulders, risk, distribution, inverse-head-and-shoulders, base, reversal",284.11,,,1.72,,,284.11,"A possible head-and-shoulders top is forming or breaking. This is a caution signal, not an entry setup. Secondary patterns: Possible inverse H&S.",Risk review,5.12
BELRISE,Belrise Industries Ltd.,BELRISE.NS,Automobile and Auto Components,True,,NIFTY 500,^CRSLDX,2026-10-06,236.81,2.46,-1.54,4.24,2650681.0,2957873.0,0.9,627707767.61,49.32,53.0,False,False,False,True,True,-0.06,-0.34,3.52,False,False,False,False,4.83,0.01066575,0.01026823,3.87,4.16,True,0.6666666666666666,0.0,0.9,4.31,Actionable watch,Breakout retest,"breakout, retest, pivot, volume",238.88,2026-09-22,1.63,0.87,,,,Prior resistance has been cleared on higher volume and price is back near that pivot. This is the kind of retest zone where follow-through can matter more than chasing a stretched candle.,Setup watch: Breakout retest,5.03
POONAWALLA,Poonawalla Fincorp Ltd.,POONAWALLA.NS,Financial Services,True,,NIFTY 500,^CRSLDX,2026-10-06,460.45,1.88,3.94,1.14,732498.0,1366412.0,0.54,337278704.1,52.2,41.27,True,True,False,True,True,1.99,-1.54,-0.17,False,False,False,False,7.0,0.02073833,0.02026927,2.31,3.69,True,0.3333333333333333,0.0,0.54,2.2,Watch,Possible inverse H&S,"inverse-head-and-shoulders, base, reversal",478.65,,,3.8,,,478.65,A possible inverse head-and-shoulders base is visible. The setup improves only if price clears or holds near the neckline with better volume.,Setup watch: Possible inverse H&S,5.01
PAGEIND,Page Industries Ltd.,PAGEIND.NS,Textiles,True,,NIFTY 500,^CRSLDX,2026-10-06,37970.0,1.35,3.8,5.72,31600.0,25544.0,1.24,1199852000.0,60.78,50.24,True,True,True,False,True,4.46,2.77,-0.08,False,True,False,False,19.5,1.71014082,1.60872228,6.3,10.88,True,0.6666666666666666,0.5,1.24,-2.0,Risk review,Head-and-shoulders risk,"head-and-shoulders, risk, distribution",36985.0,,,2.66,,,36985.0,"A possible head-and-shoulders top is forming or breaking. This is a caution signal, not an entry setup.",Risk review,5.0
GROWW,Billionbrains Garage Ventures Ltd.,GROWW.NS,Financial Services,True,,NIFTY 500,^CRSLDX,2026-10-06,193.19,3.28,5.27,-1.05,41408393.0,31753454.0,1.3,7999687443.67,55.36,36.13,True,True,True,False,True,1.93,0.42,1.99,False,False,False,False,3.67,0.00870114,0.00832906,4.47,6.36,True,1.0,0.0,1.3,-2.0,Risk review,Head-and-shoulders risk,"head-and-shoulders, risk, distribution",186.06,,,3.83,,,186.06,"A possible head-and-shoulders top is forming or breaking. This is a caution signal, not an entry setup.",Risk review,5.0
ANANTRAJ,Anant Raj Ltd.,ANANTRAJ.NS,Realty,True,,NIFTY 500,^CRSLDX,2026-10-06,608.9,3.66,1.1,-2.71,1142191.0,1633202.0,0.7,695480099.9,52.24,47.37,True,True,False,True,True,1.22,-0.4,1.16,False,False,False,False,-2.35,0.02742441,0.02646379,3.63,1.5,True,0.6666666666666666,0.0,0.7,3.4,Actionable watch,Possible inverse H&S,"inverse-head-and-shoulders, base, reversal",570.42,,,6.74,,,570.42,A possible inverse head-and-shoulders base is visible. The setup improves only if price clears or holds near the neckline with better volume.,Setup watch: Possible inverse H&S,4.99
DLF,DLF Ltd.,DLF.NS,Realty,True,,NIFTY 500,^CRSLDX,2026-10-06,666.1,-1.03,2.01,-1.33,3799738.0,4615606.0,0.82,2531005481.8,51.32,46.7,False,True,True,True,True,1.44,0.39,-0.59,False,False,False,False,-6.0,0.03000065,0.02871011,4.5,2.35,True,0.6666666666666666,0.0,0.82,0.0,No clear setup,,,,,,,,,,,Strengthening,4.97
CAPLIPOINT,Caplin Point Laboratories Ltd.,CAPLIPOINT.NS,Healthcare,True,,NIFTY 500,^CRSLDX,2026-10-06,2679.7,2.91,-2.34,-3.26,110962.0,200276.0,0.55,297344871.4,48.92,52.41,False,False,True,True,True,-1.52,1.45,3.86,False,False,False,False,-13.62,0.12069171,0.11400386,5.87,-1.35,True,1.0,0.0,0.55,4.48,Actionable watch,Breakout retest,"breakout, retest, pivot, volume, inverse-head-and-shoulders, base, reversal",2680.28,2026-09-02,1.96,0.02,,,,Prior resistance has been cleared on higher volume and price is back near that pivot. This is the kind of retest zone where follow-through can matter more than chasing a stretched candle. Secondary patterns: Possible inverse H&S.,Setup watch: Breakout retest,4.93
VBL,Varun Beverages Ltd.,VBL.NS,Fast Moving Consumer Goods,True,,NIFTY 500,^CRSLDX,2026-10-06,439.3,-0.07,2.16,8.28,4266861.0,6427047.0,0.66,1874432037.3,59.93,54.08,True,True,True,False,False,3.53,2.76,-1.14,False,False,False,False,19.43,0.01978575,0.01856315,6.59,13.0,True,0.3333333333333333,0.0,0.66,0.0,No clear setup,,,,,,,,,,,Strengthening,4.9
BLUESTARCO,Blue Star Ltd.,BLUESTARCO.NS,Consumer Durables,True,,NIFTY 500,^CRSLDX,2026-10-06,1571.5,4.07,2.75,7.57,867322.0,762098.0,1.14,1362996523.0,56.16,49.81,True,True,True,False,False,3.07,2.64,-1.42,False,False,False,False,14.28,0.0707792,0.06654306,6.37,10.78,True,0.3333333333333333,0.0,1.14,0.0,No clear setup,,,,,,,,,,,Strengthening,4.9
ICICIGI,ICICI Lombard General Insurance Company Ltd.,ICICIGI.NS,Financial Services,True,,NIFTY 500,^CRSLDX,2026-10-06,1598.3,-0.11,5.5,7.67,333763.0,958187.0,0.35,533453402.9,58.25,47.59,True,True,True,False,False,5.64,1.9,-2.45,False,False,False,False,16.35,0.07198625,0.06826834,5.45,10.01,True,0.3333333333333333,0.0,0.35,0.0,No clear setup,,,,,,,,,,,Strengthening,4.9
LEMONTREE,Lemon Tree Hotels Ltd.,LEMONTREE.NS,Consumer Services,True,,NIFTY 500,^CRSLDX,2026-10-06,110.12,2.1,5.71,4.15,4208738.0,5307220.0,0.79,463466228.56,62.04,41.62,True,True,True,False,False,4.0,2.31,-4.6,False,True,False,False,15.06,0.00495972,0.00466541,6.31,9.96,True,0.3333333333333333,0.5,0.79,0.0,No clear setup,,,,,,,,,,,Strengthening,4.9
MOTHERSON,Samvardhana Motherson International Ltd.,MOTHERSON.NS,Automobile and Auto Components,True,,NIFTY 500,^CRSLDX,2026-10-06,160.0,2.24,0.91,-2.35,7313345.0,12628556.0,0.58,1170135200.0,48.03,43.07,False,False,False,True,True,-0.89,-1.56,3.21,False,False,False,False,-3.21,0.00720628,0.00699198,3.06,3.44,True,0.6666666666666666,0.0,0.58,5.1,Actionable watch,Breakout retest,"breakout, retest, pivot, volume",153.04,2026-08-06,2.62,1.72,,,,Prior resistance has been cleared on higher volume and price is back near that pivot. This is the kind of retest zone where follow-through can matter more than chasing a stretched candle.,Setup watch: Breakout retest,4.89
RADICO,Radico Khaitan Ltd,RADICO.NS,Fast Moving Consumer Goods,True,,NIFTY 500,^CRSLDX,2026-10-06,4460.1,3.99,2.2,-0.56,632144.0,290691.0,2.17,2819425454.4,51.95,44.33,True,True,False,True,True,0.96,-0.77,3.47,False,False,False,False,-1.61,0.20087962,0.19385661,3.62,2.46,True,0.6666666666666666,0.0,2.17,0.0,No clear setup,,,,,,,,,,,Neutral / watch,4.79
GODIGIT,Go Digit General Insurance Ltd.,GODIGIT.NS,Financial Services,True,,NIFTY 500,^CRSLDX,2026-10-06,258.6,1.0,2.13,-0.21,123612.0,1092451.0,0.11,31966063.2,52.87,48.67,True,True,True,False,False,2.43,0.5,-2.97,False,False,False,False,7.62,0.01164715,0.01111343,4.8,5.04,True,0.3333333333333333,0.0,0.11,0.0,No clear setup,,,,,,,,,,,Strengthening,4.71
SAREGAMA,Saregama India Ltd,SAREGAMA.NS,Media Entertainment & Publication,True,,NIFTY 500,^CRSLDX,2026-10-06,503.7,1.33,2.08,1.33,166549.0,397848.0,0.42,83890731.3,52.91,47.61,True,True,False,True,True,1.23,-0.52,3.46,False,False,False,False,11.46,0.02268628,0.02192085,3.49,6.87,True,0.6666666666666666,0.0,0.42,0.0,No clear setup,,,,,,,,,,,Neutral / watch,4.7
ITC,ITC Ltd.,ITC.NS,Fast Moving Consumer Goods,True,,NIFTY 500,^CRSLDX,2026-10-06,266.7,-0.82,0.6,1.21,22132738.0,14398392.0,1.54,5902801224.6,51.45,47.26,True,True,False,False,False,1.2,-1.17,-4.48,False,False,False,False,12.34,0.01201197,0.01172916,2.41,6.21,True,0.0,0.0,1.54,0.0,No clear setup,,,,,,,,,,,Neutral / watch,4.7
ADANIGREEN,Adani Green Energy Ltd.,ADANIGREEN.NS,Power,True,,NIFTY 500,^CRSLDX,2026-10-06,1313.0,2.26,4.21,1.63,2570708.0,1841188.0,1.4,3375339604.0,53.71,43.68,True,True,True,False,True,2.11,0.17,2.3,False,False,False,False,11.66,0.05913655,0.05695129,3.84,7.15,True,1.0,0.0,1.4,-3.0,Risk review,Head-and-shoulders risk,"head-and-shoulders, risk, distribution",1331.2,,,1.37,,,1331.2,"A possible head-and-shoulders top is forming or breaking. This is a caution signal, not an entry setup.",Risk review,4.65
VIJAYA,Vijaya Diagnostic Centre Ltd.,VIJAYA.NS,Healthcare,True,,NIFTY 500,^CRSLDX,2026-10-06,1466.7,3.13,-0.56,-2.42,134949.0,157615.0,0.86,197929698.3,48.37,47.01,False,False,False,True,True,-1.53,-0.04,4.1,False,False,False,False,-10.12,0.06605909,0.06313787,4.63,2.04,True,0.6666666666666666,0.0,0.86,5.1,Actionable watch,Breakout retest,"breakout, retest, pivot, volume",1418.18,2026-08-12,6.55,0.67,,,,Prior resistance has been cleared on higher volume and price is back near that pivot. This is the kind of retest zone where follow-through can matter more than chasing a stretched candle.,Setup watch: Breakout retest,4.61
ANTHEM,Anthem Biosciences Ltd.,ANTHEM.NS,Healthcare,True,,NIFTY 500,^CRSLDX,2026-10-06,890.35,4.51,2.37,-7.04,681982.0,839138.0,0.81,607202673.7,51.15,42.09,True,False,True,True,True,-0.84,0.44,3.16,False,False,False,False,-19.41,0.04010071,0.03797989,5.58,-1.91,True,1.0,0.0,0.81,3.4,Actionable watch,Possible inverse H&S,"inverse-head-and-shoulders, base, reversal, flag, continuation, uptrend",731.67,,,21.69,,,731.67,A possible inverse head-and-shoulders base is visible. The setup improves only if price clears or holds near the neckline with better volume. Secondary patterns: Bullish flag.,Setup watch: Possible inverse H&S,4.61
LLOYDSME,Lloyds Metals And Energy Ltd.,LLOYDSME.NS,Metals & Mining,True,,NIFTY 500,^CRSLDX,2026-10-06,1858.2,3.09,-2.31,3.27,569041.0,453323.0,1.26,1057391986.2,52.71,58.68,True,True,False,True,True,1.8,-1.24,3.4,False,False,False,False,13.65,0.08369196,0.0817907,2.32,5.27,True,0.6666666666666666,0.0,1.26,0.0,No clear setup,,,,,,,,,,,Neutral / watch,4.55
PFOCUS,Prime Focus Ltd.,PFOCUS.NS,Media Entertainment & Publication,True,,NIFTY 500,^CRSLDX,2026-10-06,292.7,2.47,-7.81,-6.53,4125637.0,3471606.0,1.19,1207573949.9,40.96,51.63,False,False,False,True,True,-8.27,-3.19,4.01,False,False,False,False,3.15,0.01318299,0.01302284,1.23,5.11,True,0.6666666666666666,0.0,1.19,3.9,Actionable watch,Breakout retest,"breakout, retest, pivot, volume, inverse-head-and-shoulders, base, reversal",293.07,2026-07-29,3.63,0.13,,,,Prior resistance has been cleared on higher volume and price is back near that pivot. This is the kind of retest zone where follow-through can matter more than chasing a stretched candle. Secondary patterns: Possible inverse H&S.,Setup watch: Breakout retest,4.39
IDBI,IDBI Bank Ltd.,IDBI.NS,Financial Services,True,,NIFTY 500,^CRSLDX,2026-10-06,87.01,0.81,4.43,7.27,7936021.0,15633368.0,0.51,690513187.21,57.4,45.74,True,True,True,True,True,3.98,2.27,-1.69,False,True,False,False,-11.93,0.00391887,0.0036788,6.53,-0.91,True,0.3333333333333333,0.5,0.51,0.0,No clear setup,,,,,,,,,,,Neutral / watch,4.32
SHYAMMETL,Shyam Metalics and Energy Ltd.,SHYAMMETL.NS,Capital Goods,True,,NIFTY 500,^CRSLDX,2026-10-06,1054.0,3.31,-1.86,-2.58,413254.0,559546.0,0.74,435569716.0,47.96,52.03,False,False,True,True,True,-1.69,0.82,2.91,False,False,False,False,-5.61,0.04747138,0.04513552,5.18,2.55,True,1.0,0.0,0.74,0.0,No clear setup,,,,,,,,,,,Strengthening,4.31
SIEMENS,Siemens Ltd.,SIEMENS.NS,Capital Goods,True,,NIFTY 500,^CRSLDX,2026-10-06,3854.0,4.13,3.88,-2.46,219732.0,246931.0,0.89,846847128.0,50.46,36.58,True,True,False,True,True,0.44,-1.41,1.96,False,False,False,False,-3.9,0.17358132,0.16851976,3.0,0.16,True,0.6666666666666666,0.0,0.89,2.2,Watch,Possible inverse H&S,"inverse-head-and-shoulders, base, reversal",4001.9,,,3.7,,,4001.9,A possible inverse head-and-shoulders base is visible. The setup improves only if price clears or holds near the neckline with better volume.,Setup watch: Possible inverse H&S,4.3
GAIL,GAIL (India) Ltd.,GAIL.NS,Oil Gas & Consumable Fuels,True,,NIFTY 500,^CRSLDX,2026-10-06,172.08,2.73,1.2,-1.72,6945149.0,6831487.0,1.02,1195121239.92,49.63,41.79,True,False,False,False,True,-0.04,-0.86,0.14,False,False,False,False,2.14,0.00775036,0.00750458,3.28,3.18,True,0.6666666666666666,0.0,1.02,2.37,Actionable watch,Possible inverse H&S,"inverse-head-and-shoulders, base, reversal",173.28,,,0.69,,,173.28,A possible inverse head-and-shoulders base is visible. The setup improves only if price clears or holds near the neckline with better volume.,Setup watch: Possible inverse H&S,4.27
MRPL,Mangalore Refinery & Petrochemicals Ltd.,MRPL.NS,Oil Gas & Consumable Fuels,True,,NIFTY 500,^CRSLDX,2026-10-06,174.72,1.33,1.79,1.02,9705261.0,13737060.0,0.71,1695703201.92,56.51,52.58,True,True,True,True,True,2.96,2.03,1.23,False,False,False,False,-3.06,0.00786926,0.00738803,6.51,3.98,True,1.0,0.0,0.71,-3.0,Risk review,Head-and-shoulders risk,"head-and-shoulders, risk, distribution",176.7,,,1.12,,,176.7,"A possible head-and-shoulders top is forming or breaking. This is a caution signal, not an entry setup.",Risk review,4.25
STARHEALTH,Star Health and Allied Insurance Company Ltd.,STARHEALTH.NS,Financial Services,True,,NIFTY 500,^CRSLDX,2026-10-06,550.55,2.86,2.31,-3.77,2132928.0,1224302.0,1.74,1174283510.4,48.46,38.15,True,True,False,False,True,0.11,-3.02,1.76,False,False,False,False,3.59,0.02479637,0.02462463,0.7,3.09,True,0.6666666666666666,0.0,1.74,-2.0,Risk review,Head-and-shoulders risk,"head-and-shoulders, risk, distribution",533.17,,,3.26,,,533.17,"A possible head-and-shoulders top is forming or breaking. This is a caution signal, not an entry setup.",Risk review,4.22
SUNTV,Sun TV Network Ltd.,SUNTV.NS,Media Entertainment & Publication,True,,NIFTY 500,^CRSLDX,2026-10-06,632.1,0.84,14.25,39.38,1439793.0,3809012.0,0.38,910093155.3,83.97,76.1,True,True,True,True,True,22.69,27.91,-0.83,False,True,False,False,44.91,0.02846932,0.02132453,33.51,42.1,True,0.3333333333333333,0.5,0.38,0.0,No clear setup,,,,,,,,,,,Strengthening,4.2
DRREDDY,Dr. Reddy's Laboratories Ltd.,DRREDDY.NS,Healthcare,True,,NIFTY 500,^CRSLDX,2026-10-06,1208.0,0.42,-3.51,4.95,1638100.0,2335052.0,0.7,1978824800.0,54.39,70.16,False,True,True,False,False,1.45,2.39,-0.65,False,False,False,False,8.89,0.05440743,0.05094204,6.8,9.54,True,0.3333333333333333,0.0,0.7,-2.0,Risk review,Head-and-shoulders risk,"head-and-shoulders, risk, distribution",1174.7,,,2.83,,,1174.7,"A possible head-and-shoulders top is forming or breaking. This is a caution signal, not an entry setup.",Risk review,4.2
INDUSTOWER,Indus Towers Ltd.,INDUSTOWER.NS,Telecommunication,True,,NIFTY 500,^CRSLDX,2026-10-06,389.1,2.34,5.86,4.3,5484978.0,6208157.0,0.88,2134204939.8,57.99,42.96,True,True,True,False,False,3.0,2.58,-0.83,False,True,False,False,8.87,0.01752478,0.01641283,6.77,8.69,True,0.3333333333333333,0.5,0.88,-2.0,Risk review,Head-and-shoulders risk,"head-and-shoulders, risk, distribution",382.93,,,1.61,,,382.93,"A possible head-and-shoulders top is forming or breaking. This is a caution signal, not an entry setup.",Risk review,4.2
ELECON,Elecon Engineering Co. Ltd.,ELECON.NS,Capital Goods,True,,NIFTY 500,^CRSLDX,2026-10-06,446.3,-0.01,-7.1,5.97,307847.0,2361770.0,0.13,137392116.1,52.17,68.31,False,True,True,False,False,1.96,2.89,-0.91,False,False,False,False,8.46,0.02010102,0.01874235,7.25,7.22,True,0.3333333333333333,0.0,0.13,-2.0,Risk review,Head-and-shoulders risk,"head-and-shoulders, risk, distribution, breakout, retest, pivot, volume, flag, continuation, uptrend, inverse-head-and-shoulders, base, reversal",441.25,,,1.14,,,441.25,"A possible head-and-shoulders top is forming or breaking. This is a caution signal, not an entry setup. Secondary patterns: Breakout retest, Bullish flag, Possible inverse H&S.",Risk review,4.2
TECHNOE,Techno Electric & Engineering Company Ltd.,TECHNOE.NS,Construction,True,,NIFTY 500,^CRSLDX,2026-10-06,996.2,1.8,-1.38,3.27,112790.0,153241.0,0.74,112361398.0,50.47,53.77,False,True,True,False,False,0.4,0.33,-0.93,False,False,False,False,7.03,0.04486811,0.04296824,4.42,7.16,True,0.3333333333333333,0.0,0.74,-2.0,Risk review,Head-and-shoulders risk,"head-and-shoulders, risk, distribution",980.8,,,1.57,,,980.8,"A possible head-and-shoulders top is forming or breaking. This is a caution signal, not an entry setup.",Risk review,4.2
COFORGE,Coforge Ltd.,COFORGE.NS,Information Technology,True,,NIFTY 500,^CRSLDX,2026-10-06,1849.7,-0.12,7.42,-5.14,1921707.0,2801573.0,0.69,3554581437.9,55.01,36.0,True,True,True,True,True,2.44,0.85,-0.17,False,False,False,False,-15.25,0.08330912,0.0786232,5.96,-1.75,True,0.6666666666666666,0.0,0.69,0.0,No clear setup,,,,,,,,,,,Neutral / watch,4.15
FIVESTAR,Five-Star Business Finance Ltd.,FIVESTAR.NS,Financial Services,True,,NIFTY 500,^CRSLDX,2026-10-06,514.35,-0.92,3.44,-1.87,567661.0,797910.0,0.71,291976435.35,46.11,37.96,False,False,False,False,True,-2.5,-3.46,-0.86,False,False,False,False,2.16,0.02316594,0.02305527,0.48,0.77,True,0.3333333333333333,0.0,0.71,3.4,Actionable watch,Possible inverse H&S,"inverse-head-and-shoulders, base, reversal",491.93,,,4.56,,,491.93,A possible inverse head-and-shoulders base is visible. The setup improves only if price clears or holds near the neckline with better volume.,Setup watch: Possible inverse H&S,4.14
AWL,AWL Agri Business Ltd.,AWL.NS,Fast Moving Consumer Goods,True,,NIFTY 500,^CRSLDX,2026-10-06,185.93,5.55,4.02,-0.85,4711354.0,2142505.0,2.2,875982049.22,53.51,34.89,True,True,False,False,False,1.84,-1.4,-3.06,False,False,False,False,3.43,0.00837415,0.00816189,2.6,2.07,True,0.0,0.0,2.2,-2.0,Risk review,Head-and-shoulders risk,"head-and-shoulders, risk, distribution",177.88,,,4.53,,,177.88,"A possible head-and-shoulders top is forming or breaking. This is a caution signal, not an entry setup.",Risk review,4.11
CRISIL,CRISIL Ltd.,CRISIL.NS,Financial Services,True,,NIFTY 500,^CRSLDX,2026-10-06,4523.3,0.39,1.33,-4.86,10499.0,42689.0,0.25,47490126.7,47.84,42.19,True,False,False,True,True,-0.99,-0.96,0.48,False,False,False,False,-7.2,0.2037261,0.19706942,3.38,-0.47,True,0.6666666666666666,0.0,0.25,4.7,Actionable watch,Breakout retest,"breakout, retest, pivot, volume, inverse-head-and-shoulders, base, reversal",4565.07,2026-08-27,4.26,0.92,,,,Prior resistance has been cleared on higher volume and price is back near that pivot. This is the kind of retest zone where follow-through can matter more than chasing a stretched candle. Secondary patterns: Possible inverse H&S.,Setup watch: Breakout retest,4.11
NEULANDLAB,Neuland Laboratories Ltd.,NEULANDLAB.NS,Healthcare,True,,NIFTY 500,^CRSLDX,2026-10-06,21905.0,0.14,2.48,-8.71,61813.0,52603.0,1.18,1354013765.0,45.73,36.28,True,False,False,True,True,-2.03,-1.98,3.93,False,False,False,False,-8.2,0.98658506,0.95615493,3.18,0.23,True,0.6666666666666666,0.0,1.18,3.4,Actionable watch,Possible inverse H&S,"inverse-head-and-shoulders, base, reversal",14811.5,,,47.89,,,14811.5,A possible inverse head-and-shoulders base is visible. The setup improves only if price clears or holds near the neckline with better volume.,Setup watch: Possible inverse H&S,4.04
TMCV,Tata Motors Ltd.,TMCV.NS,Capital Goods,True,,NIFTY 500,^CRSLDX,2026-10-06,433.8,1.64,0.85,-4.88,7619951.0,6730883.0,1.13,3305534743.8,47.72,41.51,True,True,False,True,True,0.03,-3.45,1.06,False,False,False,False,-3.51,0.01953803,0.01937263,0.85,-1.31,True,0.6666666666666666,0.0,1.13,2.2,Actionable watch,Possible inverse H&S,"inverse-head-and-shoulders, base, reversal",442.3,,,1.92,,,442.3,A possible inverse head-and-shoulders base is visible. The setup improves only if price clears or holds near the neckline with better volume.,Setup watch: Possible inverse H&S,4.01
SAGILITY,Sagility Ltd.,SAGILITY.NS,Information Technology,True,,NIFTY 500,^CRSLDX,2026-10-06,43.88,3.08,3.15,-3.98,8239659.0,13433038.0,0.61,361556236.92,47.87,36.2,True,False,False,True,True,-1.33,-1.05,-1.44,False,False,False,False,-10.93,0.00197632,0.00191068,3.44,-1.8,True,0.3333333333333333,0.0,0.61,4.82,Actionable watch,Breakout retest,"breakout, retest, pivot, volume",43.11,2026-07-29,1.85,1.4,,,,Prior resistance has been cleared on higher volume and price is back near that pivot. This is the kind of retest zone where follow-through can matter more than chasing a stretched candle.,Setup watch: Breakout retest,3.84
AUBANK,AU Small Finance Bank Ltd.,AUBANK.NS,Financial Services,True,,NIFTY 500,^CRSLDX,2026-10-06,1028.0,-0.12,2.27,-4.26,1179591.0,1561512.0,0.76,1212619548.0,48.51,39.9,True,False,False,False,True,-0.1,-2.81,0.53,False,False,False,False,-0.14,0.04630036,0.04572214,1.26,0.44,True,0.6666666666666666,0.0,0.76,2.54,Actionable watch,Possible inverse H&S,"inverse-head-and-shoulders, base, reversal",1029.85,,,0.18,,,1029.85,A possible inverse head-and-shoulders base is visible. The setup improves only if price clears or holds near the neckline with better volume.,Setup watch: Possible inverse H&S,3.78
ABB,ABB India Ltd.,ABB.NS,Capital Goods,True,,NIFTY 500,^CRSLDX,2026-10-06,7122.5,3.3,6.94,-3.58,241531.0,194648.0,1.24,1720304547.5,49.8,26.26,True,True,False,False,True,0.61,-3.11,2.95,False,False,False,False,2.33,0.32079215,0.31818085,0.82,0.37,True,0.6666666666666666,0.0,1.24,-2.0,Risk review,Head-and-shoulders risk,"head-and-shoulders, risk, distribution",6869.0,,,3.69,,,6869.0,"A possible head-and-shoulders top is forming or breaking. This is a caution signal, not an entry setup.",Risk review,3.77
JSWSTEEL,JSW Steel Ltd.,JSWSTEEL.NS,Metals & Mining,True,,NIFTY 500,^CRSLDX,2026-10-06,1259.6,1.97,-1.01,-2.91,1326118.0,1554500.0,0.85,1670378232.8,47.36,47.75,False,False,False,False,True,-0.37,-2.02,1.29,False,False,False,False,-1.19,0.05673146,0.05555715,2.11,0.86,True,0.6666666666666666,0.0,0.85,2.2,Watch,Possible inverse H&S,"inverse-head-and-shoulders, base, reversal",1295.75,,,2.79,,,1295.75,A possible inverse head-and-shoulders base is visible. The setup improves only if price clears or holds near the neckline with better volume.,Setup watch: Possible inverse H&S,3.74
CEATLTD,Ceat Ltd.,CEATLTD.NS,Automobile and Auto Components,True,,NIFTY 500,^CRSLDX,2026-10-06,3328.7,1.39,2.74,0.47,28932.0,51392.0,0.56,96305948.4,46.53,35.45,True,True,False,False,False,0.07,-3.75,-1.42,False,False,False,False,15.07,0.14992219,0.14958933,0.22,5.16,True,0.0,0.0,0.56,0.0,No clear setup,,,,,,,,,,,Neutral / watch,3.73
DCMSHRIRAM,DCM Shriram Ltd.,DCMSHRIRAM.NS,Diversified,True,,NIFTY 500,^CRSLDX,2026-10-06,988.85,-5.33,8.93,-1.92,406997.0,134643.0,3.02,402458983.45,51.37,19.35,True,True,False,False,False,1.56,-1.86,-2.37,False,False,False,False,-1.32,0.04453708,0.04369001,1.94,1.62,True,0.0,0.0,3.02,-3.0,Risk review,Head-and-shoulders risk,"head-and-shoulders, risk, distribution",1035.1,,,4.47,,,1035.1,"A possible head-and-shoulders top is forming or breaking. This is a caution signal, not an entry setup.",Risk review,3.67
AXISBANK,Axis Bank Ltd.,AXISBANK.NS,Financial Services,True,,NIFTY 500,^CRSLDX,2026-10-06,1248.0,2.11,2.96,0.25,7518330.0,5762103.0,1.3,9382875840.0,53.76,42.63,True,True,True,False,False,1.32,0.53,-0.15,False,False,False,False,0.23,0.056209,0.05364528,4.78,3.16,True,0.3333333333333333,0.0,1.3,-2.0,Risk review,Head-and-shoulders risk,"head-and-shoulders, risk, distribution",1216.35,,,2.6,,,1216.35,"A possible head-and-shoulders top is forming or breaking. This is a caution signal, not an entry setup.",Risk review,3.63
IDFCFIRSTB,IDFC First Bank Ltd.,IDFCFIRSTB.NS,Financial Services,True,,NIFTY 500,^CRSLDX,2026-10-06,81.56,-0.8,2.64,-5.71,29054579.0,23823766.0,1.22,2369691463.24,43.2,32.85,False,False,False,True,True,-2.9,-3.87,0.15,False,False,False,False,-6.99,0.0036734,0.00366651,0.19,-2.38,True,0.6666666666666666,0.0,1.22,3.4,Actionable watch,Possible inverse H&S,"inverse-head-and-shoulders, base, reversal",71.98,,,13.31,,,71.98,A possible inverse head-and-shoulders base is visible. The setup improves only if price clears or holds near the neckline with better volume.,Mean reversion bounce,3.61
TORNTPHARM,Torrent Pharmaceuticals Ltd.,TORNTPHARM.NS,Healthcare,True,,NIFTY 500,^CRSLDX,2026-10-06,4772.0,0.0,-2.49,-3.79,302606.0,362930.0,0.83,1444035832.0,41.25,48.02,False,False,False,False,True,-2.23,-3.06,2.49,False,False,False,False,0.88,0.21492736,0.212997,0.91,1.88,True,0.6666666666666666,0.0,0.83,3.4,Actionable watch,Possible inverse H&S,"inverse-head-and-shoulders, base, reversal",4519.0,,,5.6,,,4519.0,A possible inverse head-and-shoulders base is visible. The setup improves only if price clears or holds near the neckline with better volume.,Setup watch: Possible inverse H&S,3.57
PNBHOUSING,PNB Housing Finance Ltd.,PNBHOUSING.NS,Financial Services,True,,NIFTY 500,^CRSLDX,2026-10-06,1102.1,-0.33,0.36,-5.57,514325.0,999748.0,0.51,566837582.5,44.73,41.84,False,False,False,True,True,-1.97,-2.94,2.14,False,False,False,False,-0.88,0.04963777,0.0488881,1.53,0.77,True,0.6666666666666666,0.0,0.51,5.1,Actionable watch,Breakout retest,"breakout, retest, pivot, volume, inverse-head-and-shoulders, base, reversal",1089.02,2026-07-07,2.6,0.11,,,,Prior resistance has been cleared on higher volume and price is back near that pivot. This is the kind of retest zone where follow-through can matter more than chasing a stretched candle. Secondary patterns: Possible inverse H&S.,Setup watch: Breakout retest,3.55
POWERINDIA,Hitachi Energy India Ltd.,POWERINDIA.NS,Capital Goods,True,,NIFTY 500,^CRSLDX,2026-10-06,31640.0,0.44,2.94,1.62,73665.0,102974.0,0.72,2330760600.0,50.32,43.15,True,True,False,False,True,1.39,-2.52,4.37,False,False,False,False,1.19,1.42504228,1.40218852,1.63,3.56,True,0.6666666666666666,0.0,0.72,-2.0,Risk review,Head-and-shoulders risk,"head-and-shoulders, risk, distribution",30797.5,,,2.74,,,30797.5,"A possible head-and-shoulders top is forming or breaking. This is a caution signal, not an entry setup.",Risk review,3.51
KARURVYSYA,Karur Vysya Bank Ltd.,KARURVYSYA.NS,Financial Services,True,,NIFTY 500,^CRSLDX,2026-10-06,325.2,0.15,2.22,-4.68,1631557.0,1839501.0,0.89,530582336.4,45.06,37.06,True,False,False,True,True,-0.77,-3.05,2.65,False,False,False,False,-8.51,0.01464677,0.01452338,0.85,-2.69,True,0.6666666666666666,0.0,0.89,3.4,Actionable watch,Possible inverse H&S,"inverse-head-and-shoulders, base, reversal",311.82,,,4.29,,,311.82,A possible inverse head-and-shoulders base is visible. The setup improves only if price clears or holds near the neckline with better volume.,Setup watch: Possible inverse H&S,3.45
GRANULES,Granules India Ltd.,GRANULES.NS,Healthcare,True,,NIFTY 500,^CRSLDX,2026-10-06,836.4,2.34,-3.5,-6.58,518092.0,1660399.0,0.31,433332148.8,45.48,51.17,False,False,False,True,True,-2.97,-2.01,4.01,False,False,False,False,-1.3,0.03767084,0.03682622,2.29,2.59,True,0.6666666666666666,0.0,0.31,0.0,No clear setup,,,,,,,,,,,Neutral / watch,3.32
ICICIBANK,ICICI Bank Ltd.,ICICIBANK.NS,Financial Services,True,,NIFTY 500,^CRSLDX,2026-10-06,1342.8,0.81,3.92,-4.04,12201451.0,9872682.0,1.24,16384108402.8,46.35,22.07,True,True,False,False,False,0.11,-3.65,-0.18,False,False,False,False,-1.77,0.06047872,0.0604377,0.07,-1.65,True,0.3333333333333333,0.0,1.24,0.0,No clear setup,,,,,,,,,,,Mean reversion bounce,3.27
BOSCHLTD,Bosch Ltd.,BOSCHLTD.NS,Automobile and Auto Components,True,,NIFTY 500,^CRSLDX,2026-10-06,45000.0,0.09,-1.53,-7.76,21643.0,25266.0,0.86,973935000.0,39.58,40.41,False,False,False,True,True,-4.72,-3.36,2.87,False,False,False,False,-13.91,2.02676683,1.99889543,1.39,0.28,True,0.6666666666666666,0.0,0.86,3.4,Actionable watch,Possible inverse H&S,"inverse-head-and-shoulders, base, reversal",37925.0,,,18.66,,,37925.0,A possible inverse head-and-shoulders base is visible. The setup improves only if price clears or holds near the neckline with better volume.,Setup watch: Possible inverse H&S,3.25
ABSLAMC,Aditya Birla Sun Life AMC Ltd.,ABSLAMC.NS,Financial Services,True,,NIFTY 500,^CRSLDX,2026-10-06,1009.65,-1.84,5.62,-2.71,213335.0,240404.0,0.89,215393682.75,46.81,33.68,True,False,False,False,True,-2.49,-1.77,2.87,False,False,False,False,-2.97,0.04547389,0.04431298,2.62,1.17,True,0.6666666666666666,0.0,0.89,-2.0,Risk review,Head-and-shoulders risk,"head-and-shoulders, risk, distribution",976.2,,,3.43,,,976.2,"A possible head-and-shoulders top is forming or breaking. This is a caution signal, not an entry setup.",Risk review,3.23
JINDALSAW,Jindal Saw Ltd.,JINDALSAW.NS,Capital Goods,True,,NIFTY 500,^CRSLDX,2026-10-06,282.4,2.69,1.69,-8.19,1056608.0,1660731.0,0.64,298386099.2,47.78,41.69,True,False,False,True,True,-2.19,-0.87,5.72,False,False,False,False,-24.44,0.01271909,0.01222297,4.06,-4.85,True,0.6666666666666666,0.0,0.64,5.1,Actionable watch,Breakout retest,"breakout, retest, pivot, volume",279.98,2026-08-21,16.46,0.87,,,,Prior resistance has been cleared on higher volume and price is back near that pivot. This is the kind of retest zone where follow-through can matter more than chasing a stretched candle.,Setup watch: Breakout retest,3.23
SBILIFE,SBI Life Insurance Company Ltd.,SBILIFE.NS,Financial Services,True,,NIFTY 500,^CRSLDX,2026-10-06,1750.0,2.37,0.86,3.15,941906.0,1342449.0,0.7,1648335500.0,52.48,48.02,True,True,False,False,False,1.64,-1.12,-1.55,False,False,False,False,12.86,0.07881871,0.07694556,2.43,6.87,True,0.0,0.0,0.7,-2.0,Risk review,Head-and-shoulders risk,"head-and-shoulders, risk, distribution",1741.65,,,0.48,,,1741.65,"A possible head-and-shoulders top is forming or breaking. This is a caution signal, not an entry setup.",Risk review,3.2
ALKEM,Alkem Laboratories Ltd.,ALKEM.NS,Healthcare,True,,NIFTY 500,^CRSLDX,2026-10-06,5292.0,1.92,0.8,2.14,63668.0,175007.0,0.36,336931056.0,51.05,46.97,True,True,False,False,False,0.96,-1.3,-0.65,False,False,False,False,12.06,0.23834778,0.23291394,2.33,6.73,True,0.0,0.0,0.36,-2.0,Risk review,Head-and-shoulders risk,"head-and-shoulders, risk, distribution",5063.0,,,4.52,,,5063.0,"A possible head-and-shoulders top is forming or breaking. This is a caution signal, not an entry setup.",Risk review,3.2
HEG,H.E.G. Ltd.,HEG.NS,Capital Goods,False,Quote date 2026-09-21 did not match aligned market session 2026-10-06,NIFTY 500,^CRSLDX,2026-09-21,248.5,4.83,4.76,-8.01,1813114.0,3134316.0,0.58,450558829.0,49.89,36.14,True,False,False,True,True,-2.41,-0.58,2.73,False,False,False,False,-15.5,0.01087049,0.01067312,1.85,-3.95,True,0.6666666666666666,0.0,0.58,3.4,Actionable watch,Possible inverse H&S,"inverse-head-and-shoulders, base, reversal",241.08,,,3.08,,,241.08,A possible inverse head-and-shoulders base is visible. The setup improves only if price clears or holds near the neckline with better volume.,Setup watch: Possible inverse H&S,3.2
CARTRADE,Cartrade Tech Ltd.,CARTRADE.NS,Consumer Services,True,,NIFTY 500,^CRSLDX,2026-10-06,2911.7,-0.81,0.14,-8.34,121721.0,279426.0,0.44,354415035.7,48.33,46.09,False,False,False,True,True,-1.38,-0.53,0.67,False,False,False,False,-7.59,0.13114082,0.12627657,3.85,1.92,True,0.6666666666666666,0.0,0.44,0.0,No clear setup,,,,,,,,,,,Neutral / watch,3.18
ANANDRATHI,Anand Rathi Wealth Ltd.,ANANDRATHI.NS,Financial Services,True,,NIFTY 500,^CRSLDX,2026-10-06,2142.0,0.47,1.97,-3.92,275350.0,382480.0,0.72,589799700.0,46.39,35.94,True,False,False,True,True,-1.2,-0.8,3.88,False,False,False,False,-6.91,0.0964741,0.09301422,3.72,1.73,True,0.6666666666666666,0.0,0.72,0.0,No clear setup,,,,,,,,,,,Neutral / watch,3.15
PGEL,PG Electroplast Ltd.,PGEL.NS,Consumer Durables,True,,NIFTY 500,^CRSLDX,2026-10-06,527.65,8.19,7.0,-4.7,5927905.0,1145256.0,5.18,3127859073.25,50.05,25.7,True,True,False,False,False,1.89,-6.64,-0.88,False,False,False,False,7.07,0.02376497,0.02455962,-3.24,-0.23,False,0.3333333333333333,0.0,5.18,0.0,No clear setup,,,,,,,,,,,Mean reversion bounce,3.15
SAIL,Steel Authority of India Ltd.,SAIL.NS,Metals & Mining,True,,NIFTY 500,^CRSLDX,2026-10-06,178.1,0.65,-2.05,-4.3,19432905.0,15362511.0,1.26,3461000380.5,47.1,50.52,False,False,False,False,True,-0.62,-0.92,2.89,False,False,False,False,-19.06,0.00802149,0.0077392,3.65,-5.31,True,0.6666666666666666,0.0,1.26,5.1,Actionable watch,Breakout retest,"breakout, retest, pivot, volume, inverse-head-and-shoulders, base, reversal",176.29,2026-08-24,2.73,0.85,,,,Prior resistance has been cleared on higher volume and price is back near that pivot. This is the kind of retest zone where follow-through can matter more than chasing a stretched candle. Secondary patterns: Possible inverse H&S.,Setup watch: Breakout retest,3.14
MPHASIS,MphasiS Ltd.,MPHASIS.NS,Information Technology,True,,NIFTY 500,^CRSLDX,2026-10-06,2298.0,0.04,6.67,-2.42,286928.0,491220.0,0.58,659360544.0,49.84,27.29,True,True,False,False,False,1.13,-3.21,-2.51,False,False,False,False,-6.71,0.10350023,0.10264269,0.84,-2.6,True,0.3333333333333333,0.0,0.58,0.0,No clear setup,,,,,,,,,,,Mean reversion bounce,3.08
VEDL,Vedanta Ltd.,VEDL.NS,Metals & Mining,True,,NIFTY 500,^CRSLDX,2026-10-06,265.6,4.14,2.15,-2.35,14899808.0,8254790.0,1.8,3957389004.8,51.67,43.75,True,True,False,False,False,1.41,-1.12,2.49,False,False,False,False,2.46,0.01196243,0.01161941,2.95,2.84,True,0.6666666666666666,0.0,1.8,-3.0,Risk review,Head-and-shoulders risk,"head-and-shoulders, risk, distribution, inverse-head-and-shoulders, base, reversal",270.59,,,1.84,,,270.59,"A possible head-and-shoulders top is forming or breaking. This is a caution signal, not an entry setup. Secondary patterns: Possible inverse H&S.",Risk review,3.02
GLENMARK,Glenmark Pharmaceuticals Ltd.,GLENMARK.NS,Healthcare,True,,NIFTY 500,^CRSLDX,2026-10-06,2311.0,0.7,-5.35,-6.61,493823.0,610227.0,0.81,1141224953.0,41.97,54.12,False,False,False,True,True,-3.51,-2.3,1.89,False,False,False,False,-12.11,0.10408574,0.10179563,2.25,-1.57,True,0.6666666666666666,0.0,0.81,3.81,Actionable watch,Breakout retest,"breakout, retest, pivot, volume",2270.0,2026-08-24,1.42,0.32,,,,Prior resistance has been cleared on higher volume and price is back near that pivot. This is the kind of retest zone where follow-through can matter more than chasing a stretched candle.,Setup watch: Breakout retest,3.02
KAJARIACER,Kajaria Ceramics Ltd.,KAJARIACER.NS,Consumer Durables,True,,NIFTY 500,^CRSLDX,2026-10-06,1213.8,-0.05,1.96,-2.91,388375.0,500699.0,0.78,471409575.0,48.97,42.41,False,False,False,True,True,-0.18,-0.35,1.66,False,False,False,False,-8.59,0.05466866,0.05263444,3.86,0.85,True,0.6666666666666666,0.0,0.78,0.0,No clear setup,,,,,,,,,,,Neutral / watch,2.97
ITCHOTELS,ITC Hotels Ltd.,ITCHOTELS.NS,Consumer Services,True,,NIFTY 500,^CRSLDX,2026-10-06,160.21,0.79,-0.2,2.15,1237693.0,1733096.0,0.71,198290795.53,50.66,51.33,False,True,False,False,False,1.51,-0.93,-2.28,False,False,False,False,9.12,0.00721574,0.00700687,2.98,4.71,True,0.0,0.0,0.71,-2.0,Risk review,Head-and-shoulders risk,"head-and-shoulders, risk, distribution",153.43,,,4.42,,,153.43,"A possible head-and-shoulders top is forming or breaking. This is a caution signal, not an entry setup.",Risk review,2.94
SAPPHIRE,Sapphire Foods India Ltd.,SAPPHIRE.NS,Consumer Services,True,,NIFTY 500,^CRSLDX,2026-10-06,215.16,1.19,1.95,-5.05,315838.0,867107.0,0.36,67955704.08,42.87,36.21,False,False,False,True,True,-3.43,-3.96,-0.96,False,False,False,False,-18.36,0.00969065,0.00958855,1.06,-1.49,True,0.3333333333333333,0.0,0.36,3.4,Actionable watch,Possible inverse H&S,"inverse-head-and-shoulders, base, reversal",178.45,,,20.57,,,178.45,A possible inverse head-and-shoulders base is visible. The setup improves only if price clears or holds near the neckline with better volume.,Setup watch: Possible inverse H&S,2.89
EMAMILTD,Emami Ltd.,EMAMILTD.NS,Fast Moving Consumer Goods,True,,NIFTY 500,^CRSLDX,2026-10-06,384.0,1.65,0.77,5.6,2900756.0,2875584.0,1.01,1113890304.0,52.29,48.68,True,True,False,False,False,1.68,-0.85,-3.36,False,False,False,False,17.36,0.01729508,0.01683642,2.72,9.23,True,0.0,0.0,1.01,-3.0,Risk review,Head-and-shoulders risk,"head-and-shoulders, risk, distribution",385.3,,,0.34,,,385.3,"A possible head-and-shoulders top is forming or breaking. This is a caution signal, not an entry setup.",Risk review,2.85
JAINREC,Jain Resource Recycling Ltd.,JAINREC.NS,Metals & Mining,True,,NIFTY 500,^CRSLDX,2026-10-06,290.15,-0.1,0.87,-2.16,439000.0,1734687.0,0.25,127375850.0,50.93,48.92,True,True,False,False,False,1.65,-1.69,-2.9,False,False,False,False,18.07,0.01306814,0.01290153,1.29,8.61,True,0.0,0.0,0.25,-3.0,Risk review,Head-and-shoulders risk,"head-and-shoulders, risk, distribution",350.35,,,17.18,,,350.35,"A possible head-and-shoulders top is forming or breaking. This is a caution signal, not an entry setup.",Risk review,2.85
EIHOTEL,EIH Ltd.,EIHOTEL.NS,Consumer Services,True,,NIFTY 500,^CRSLDX,2026-10-06,300.7,0.8,-0.38,1.67,96830.0,376052.0,0.26,29116781.0,51.71,52.29,True,True,False,False,False,1.26,-0.35,-2.27,False,False,False,False,17.21,0.01354331,0.0131399,3.07,8.32,True,0.0,0.0,0.26,-3.0,Risk review,Head-and-shoulders risk,"head-and-shoulders, risk, distribution",306.88,,,2.01,,,306.88,"A possible head-and-shoulders top is forming or breaking. This is a caution signal, not an entry setup.",Risk review,2.85
DABUR,Dabur India Ltd.,DABUR.NS,Fast Moving Consumer Goods,True,,NIFTY 500,^CRSLDX,2026-10-06,388.9,2.71,2.23,3.71,2619919.0,2383980.0,1.1,1018886499.1,53.81,40.87,True,True,False,False,False,1.77,-1.16,-2.52,False,False,False,False,12.54,0.01751577,0.01711923,2.32,6.99,True,0.0,0.0,1.1,-3.0,Risk review,Head-and-shoulders risk,"head-and-shoulders, risk, distribution",427.48,,,9.02,,,427.48,"A possible head-and-shoulders top is forming or breaking. This is a caution signal, not an entry setup.",Risk review,2.85
DEVYANI,Devyani International Ltd.,DEVYANI.NS,Consumer Services,True,,NIFTY 500,^CRSLDX,2026-10-06,129.53,-0.38,-0.91,-6.13,415065.0,1665167.0,0.25,53763369.45,39.69,38.11,False,False,False,True,True,-4.31,-4.79,-0.1,False,False,False,False,-15.46,0.00583394,0.00582825,0.1,-1.73,True,0.3333333333333333,0.0,0.25,3.4,Actionable watch,Possible inverse H&S,"inverse-head-and-shoulders, base, reversal",122.16,,,6.03,,,122.16,A possible inverse head-and-shoulders base is visible. The setup improves only if price clears or holds near the neckline with better volume.,Setup watch: Possible inverse H&S,2.84
GLAXO,Glaxosmithkline Pharmaceuticals Ltd.,GLAXO.NS,Healthcare,True,,NIFTY 500,^CRSLDX,2026-10-06,2755.0,0.81,-1.03,-5.91,39214.0,72454.0,0.54,108034570.0,42.44,44.01,False,False,False,True,True,-2.37,-2.28,1.17,False,False,False,False,-17.98,0.12408317,0.12126004,2.33,-1.77,True,0.6666666666666666,0.0,0.54,3.4,Actionable watch,Possible inverse H&S,"inverse-head-and-shoulders, base, reversal",2676.4,,,2.94,,,2676.4,A possible inverse head-and-shoulders base is visible. The setup improves only if price clears or holds near the neckline with better volume.,Setup watch: Possible inverse H&S,2.84
HSCL,Himadri Speciality Chemical Ltd.,HSCL.NS,Chemicals,True,,NIFTY 500,^CRSLDX,2026-10-06,668.55,1.32,0.14,-0.31,1016587.0,2069868.0,0.49,679639238.85,47.45,45.74,False,True,False,False,True,0.38,-4.23,3.42,False,False,False,False,17.0,0.030111,0.03046282,-1.15,5.77,False,0.6666666666666666,0.0,0.49,-2.0,Risk review,Head-and-shoulders risk,"head-and-shoulders, risk, distribution",640.02,,,4.46,,,640.02,"A possible head-and-shoulders top is forming or breaking. This is a caution signal, not an entry setup.",Risk review,2.75
ELGIEQUIP,Elgi Equipments Ltd.,ELGIEQUIP.NS,Capital Goods,True,,NIFTY 500,^CRSLDX,2026-10-06,599.25,1.36,0.74,-6.1,316791.0,345366.0,0.92,189837006.75,47.47,42.18,True,False,False,True,True,-0.89,-1.15,2.35,False,False,False,False,-9.59,0.02698978,0.02612645,3.3,-0.43,True,0.6666666666666666,0.0,0.92,0.0,No clear setup,,,,,,,,,,,Neutral / watch,2.71
ACUTAAS,Acutaas Chemicals Ltd.,ACUTAAS.NS,Healthcare,True,,NIFTY 500,^CRSLDX,2026-10-06,3156.7,1.1,-4.46,-0.8,321664.0,389465.0,0.83,1015396748.8,43.74,51.11,False,False,False,False,True,-3.99,-2.79,6.3,False,False,False,False,3.11,0.14217544,0.14045074,1.23,3.29,True,0.6666666666666666,0.0,0.83,0.0,No clear setup,,,,,,,,,,,Neutral / watch,2.66
BSE,BSE Ltd.,BSE.NS,Financial Services,True,,NIFTY 500,^CRSLDX,2026-10-06,3305.0,3.94,3.28,-2.62,6869765.0,5817333.0,1.18,22704573325.0,53.4,44.34,True,True,False,False,False,2.56,-0.99,1.62,False,False,False,False,6.48,0.14885476,0.14489082,2.74,4.7,True,0.3333333333333333,0.0,1.18,-3.0,Risk review,Head-and-shoulders risk,"head-and-shoulders, risk, distribution",3598.5,,,8.16,,,3598.5,"A possible head-and-shoulders top is forming or breaking. This is a caution signal, not an entry setup.",Risk review,2.59
ADANIENT,Adani Enterprises Ltd.,ADANIENT.NS,Metals & Mining,True,,NIFTY 500,^CRSLDX,2026-10-06,2849.9,-0.49,-4.14,-3.49,1240051.0,1686218.0,0.74,3534021344.9,43.17,49.91,False,False,False,False,True,-3.28,-4.45,2.83,False,False,False,False,5.06,0.1283574,0.12910165,-0.58,2.89,False,0.6666666666666666,0.0,0.74,3.4,Actionable watch,Possible inverse H&S,"inverse-head-and-shoulders, base, reversal",2401.95,,,18.65,,,2401.95,A possible inverse head-and-shoulders base is visible. The setup improves only if price clears or holds near the neckline with better volume.,Setup watch: Possible inverse H&S,2.57
PPLPHARMA,Piramal Pharma Ltd.,PPLPHARMA.NS,Healthcare,True,,NIFTY 500,^CRSLDX,2026-10-06,200.52,2.89,-4.09,-11.52,1719220.0,3152418.0,0.55,344737994.4,43.73,49.75,False,False,False,True,True,-3.12,-4.02,1.92,False,False,False,False,-7.19,0.00903127,0.00898953,0.46,-2.09,True,0.6666666666666666,0.0,0.55,2.75,Actionable watch,Possible inverse H&S,"inverse-head-and-shoulders, base, reversal",199.61,,,0.46,,,199.61,A possible inverse head-and-shoulders base is visible. The setup improves only if price clears or holds near the neckline with better volume.,Setup watch: Possible inverse H&S,2.55
CRAFTSMAN,Craftsman Automation Ltd.,CRAFTSMAN.NS,Automobile and Auto Components,True,,NIFTY 500,^CRSLDX,2026-10-06,10348.0,0.95,-1.49,-9.28,24314.0,55588.0,0.44,251601272.0,40.47,41.86,False,False,False,True,True,-4.96,-3.66,4.56,False,False,False,False,-11.88,0.46606629,0.45988887,1.34,-3.41,True,0.6666666666666666,0.0,0.44,3.4,Actionable watch,Possible inverse H&S,"inverse-head-and-shoulders, base, reversal",8933.75,,,15.83,,,8933.75,A possible inverse head-and-shoulders base is visible. The setup improves only if price clears or holds near the neckline with better volume.,Setup watch: Possible inverse H&S,2.51
FORCEMOT,Force Motors Ltd.,FORCEMOT.NS,Automobile and Auto Components,True,,NIFTY 500,^CRSLDX,2026-10-06,17110.0,2.76,1.21,-2.92,65477.0,73032.0,0.9,1120311470.0,46.38,39.5,True,False,False,False,False,-1.03,-3.31,-0.24,False,False,False,False,6.85,0.77062179,0.76484525,0.76,2.4,True,0.0,0.0,0.9,0.0,No clear setup,,,,,,,,,,,Neutral / watch,2.48
ONESOURCE,Onesource Specialty Pharma Ltd.,ONESOURCE.NS,Healthcare,True,,NIFTY 500,^CRSLDX,2026-10-06,1535.8,3.19,-3.0,-2.77,147840.0,461237.0,0.32,227052672.0,46.0,51.28,False,False,False,False,False,-1.93,-1.69,-0.74,False,False,False,False,-1.18,0.0691713,0.06784942,1.95,2.08,True,0.0,0.0,0.32,0.0,No clear setup,,,,,,,,,,,Neutral / watch,2.42
KALYANKJIL,Kalyan Jewellers India Ltd.,KALYANKJIL.NS,Consumer Durables,True,,NIFTY 500,^CRSLDX,2026-10-06,548.15,-1.56,-3.64,-10.52,14873008.0,6563924.0,2.27,8152639335.2,40.73,41.73,False,False,False,True,True,-4.81,-7.47,2.1,False,False,False,False,-1.79,0.02468827,0.02560329,-3.57,-1.91,False,0.6666666666666666,0.0,2.27,3.4,Actionable watch,Possible inverse H&S,"inverse-head-and-shoulders, base, reversal",419.93,,,30.54,,,419.93,A possible inverse head-and-shoulders base is visible. The setup improves only if price clears or holds near the neckline with better volume.,Setup watch: Possible inverse H&S,2.41
NETWEB,Netweb Technologies India Ltd.,NETWEB.NS,Information Technology,True,,NIFTY 500,^CRSLDX,2026-10-06,4746.2,-0.4,2.89,-6.71,768777.0,1022599.0,0.75,3648769397.4,49.28,41.25,True,True,False,True,True,0.83,-3.3,3.92,False,False,False,False,-17.34,0.21376535,0.2109243,1.35,-5.68,True,0.6666666666666666,0.0,0.75,0.0,No clear setup,,,,,,,,,,,Neutral / watch,2.36
ASTRAL,Astral Ltd.,ASTRAL.NS,Capital Goods,True,,NIFTY 500,^CRSLDX,2026-10-06,1402.3,2.95,1.99,-6.56,359782.0,545330.0,0.66,504522298.6,48.08,36.34,True,True,False,False,False,0.59,-3.67,-0.13,False,False,False,False,-7.58,0.06315856,0.06311451,0.07,-1.77,True,0.0,0.0,0.66,0.0,No clear setup,,,,,,,,,,,Neutral / watch,2.35
FEDERALBNK,Federal Bank Ltd.,FEDERALBNK.NS,Financial Services,True,,NIFTY 500,^CRSLDX,2026-10-06,320.0,-2.25,-0.06,-7.02,4338051.0,6289702.0,0.69,1388176320.0,37.43,30.95,False,False,False,False,True,-3.3,-7.1,2.28,False,False,False,False,-2.2,0.01441256,0.01493251,-3.48,-2.74,False,0.6666666666666666,0.0,0.69,3.4,Actionable watch,Possible inverse H&S,"inverse-head-and-shoulders, base, reversal",298.45,,,7.22,,,298.45,A possible inverse head-and-shoulders base is visible. The setup improves only if price clears or holds near the neckline with better volume.,Mean reversion bounce,2.34
NUVOCO,Nuvoco Vistas Corporation Ltd.,NUVOCO.NS,Construction Materials,True,,NIFTY 500,^CRSLDX,2026-10-06,326.5,0.12,-1.12,-3.93,148942.0,341624.0,0.44,48629563.0,47.6,49.23,False,False,False,False,True,-0.75,-1.78,-0.78,False,False,False,False,3.36,0.01470532,0.01444603,1.79,1.14,True,0.3333333333333333,0.0,0.44,-2.0,Risk review,Head-and-shoulders risk,"head-and-shoulders, risk, distribution",312.8,,,4.38,,,312.8,"A possible head-and-shoulders top is forming or breaking. This is a caution signal, not an entry setup.",Risk review,2.33
NTPCGREEN,NTPC Green Energy Ltd.,NTPCGREEN.NS,Power,True,,NIFTY 500,^CRSLDX,2026-10-06,90.13,0.04,0.16,1.91,796462.0,2825240.0,0.28,71785120.06,47.59,47.33,False,False,False,False,False,-0.19,-0.56,-0.12,False,False,False,False,7.25,0.00405939,0.00393365,3.2,6.39,True,0.0,0.0,0.28,-3.0,Risk review,Head-and-shoulders risk,"head-and-shoulders, risk, distribution",92.16,,,2.2,,,92.16,"A possible head-and-shoulders top is forming or breaking. This is a caution signal, not an entry setup.",Risk review,2.15
GVT&D,GE Vernova T&D India Ltd.,GVT&D.NS,Capital Goods,True,,NIFTY 500,^CRSLDX,2026-10-06,4245.1,-0.06,2.78,-10.63,614818.0,632096.0,0.97,2609963891.8,45.81,39.54,False,False,False,False,True,-2.17,-1.74,3.39,False,False,False,False,-0.01,0.19119618,0.18624407,2.66,1.93,True,0.6666666666666666,0.0,0.97,-3.0,Risk review,Head-and-shoulders risk,"head-and-shoulders, risk, distribution",4275.55,,,0.71,,,4275.55,"A possible head-and-shoulders top is forming or breaking. This is a caution signal, not an entry setup.",Risk review,2.14
BANKBARODA,Bank of Baroda,BANKBARODA.NS,Financial Services,True,,NIFTY 500,^CRSLDX,2026-10-06,232.73,-0.03,2.22,-1.64,5312668.0,7107829.0,0.75,1236417223.64,45.13,34.93,True,False,False,False,False,-0.33,-2.9,-2.01,False,False,False,False,3.62,0.01048199,0.01037954,0.99,1.38,True,0.0,0.0,0.75,-3.0,Risk review,Head-and-shoulders risk,"head-and-shoulders, risk, distribution",262.6,,,11.37,,,262.6,"A possible head-and-shoulders top is forming or breaking. This is a caution signal, not an entry setup.",Risk review,2.13
PHOENIXLTD,Phoenix Mills Ltd.,PHOENIXLTD.NS,Realty,True,,NIFTY 500,^CRSLDX,2026-10-06,1883.5,-2.66,-2.36,-0.08,617915.0,454649.0,1.36,1163842902.5,42.57,50.79,False,False,False,False,True,-1.64,-1.7,0.69,False,False,False,False,-3.9,0.08483145,0.08319065,1.97,0.65,True,0.6666666666666666,0.0,1.36,0.0,No clear setup,,,,,,,,,,,Neutral / watch,2.13
GODREJCP,Godrej Consumer Products Ltd.,GODREJCP.NS,Fast Moving Consumer Goods,True,,NIFTY 500,^CRSLDX,2026-10-06,872.5,4.24,2.05,0.87,1398890.0,979512.0,1.43,1220531525.0,47.43,33.25,True,True,False,False,False,1.01,-5.49,-2.81,False,False,False,False,20.49,0.03929676,0.04040759,-2.75,3.84,False,0.0,0.0,1.43,-3.0,Risk review,Head-and-shoulders risk,"head-and-shoulders, risk, distribution",984.27,,,11.36,,,984.27,"A possible head-and-shoulders top is forming or breaking. This is a caution signal, not an entry setup.",Risk review,2.12
TIMKEN,Timken India Ltd.,TIMKEN.NS,Capital Goods,True,,NIFTY 500,^CRSLDX,2026-10-06,3156.9,0.79,2.29,1.87,18065.0,44840.0,0.4,57029398.5,48.77,42.12,False,False,False,False,False,-0.93,-1.04,0.42,False,False,False,False,10.43,0.14218445,0.13768163,3.27,5.81,True,0.3333333333333333,0.0,0.4,-3.0,Risk review,Head-and-shoulders risk,"head-and-shoulders, risk, distribution",3210.0,,,1.65,,,3210.0,"A possible head-and-shoulders top is forming or breaking. This is a caution signal, not an entry setup.",Risk review,2.11
ADANIPOWER,Adani Power Ltd.,ADANIPOWER.NS,Power,True,,NIFTY 500,^CRSLDX,2026-10-06,202.4,0.7,3.11,-2.88,23468966.0,19675884.0,1.19,4750118718.4,48.56,38.02,True,False,False,False,True,-0.74,-1.76,3.32,False,False,False,False,-0.35,0.00911595,0.00892739,2.11,1.77,True,0.6666666666666666,0.0,1.19,-3.0,Risk review,Head-and-shoulders risk,"head-and-shoulders, risk, distribution",211.42,,,4.26,,,211.42,"A possible head-and-shoulders top is forming or breaking. This is a caution signal, not an entry setup.",Risk review,2.1
UTIAMC,UTI Asset Management Company Ltd.,UTIAMC.NS,Financial Services,True,,NIFTY 500,^CRSLDX,2026-10-06,888.2,-0.24,1.21,-1.36,75256.0,88123.0,0.85,66842379.2,45.27,39.24,False,False,False,False,False,-1.34,-1.13,-2.29,False,False,False,False,5.87,0.04000387,0.03881415,3.07,5.66,True,0.0,0.0,0.85,-3.0,Risk review,Head-and-shoulders risk,"head-and-shoulders, risk, distribution",914.77,,,2.91,,,914.77,"A possible head-and-shoulders top is forming or breaking. This is a caution signal, not an entry setup.",Risk review,2.08
TVSMOTOR,TVS Motor Company Ltd.,TVSMOTOR.NS,Automobile and Auto Components,True,,NIFTY 500,^CRSLDX,2026-10-06,3981.0,-1.24,-2.69,-3.68,791080.0,730976.0,1.08,3149289480.0,35.75,43.82,False,False,False,True,True,-2.79,-5.93,1.22,False,False,False,False,1.31,0.17930131,0.18241935,-1.71,-0.73,False,0.6666666666666666,0.0,1.08,5.1,Actionable watch,Breakout retest,"breakout, retest, pivot, volume, inverse-head-and-shoulders, base, reversal",3815.88,2026-07-22,2.7,3.67,,,,Prior resistance has been cleared on higher volume and price is back near that pivot. This is the kind of retest zone where follow-through can matter more than chasing a stretched candle. Secondary patterns: Possible inverse H&S.,Setup watch: Breakout retest,2.05
HDFCBANK,HDFC Bank Ltd.,HDFCBANK.NS,Financial Services,True,,NIFTY 500,^CRSLDX,2026-10-06,711.45,0.94,-1.56,1.2,26568270.0,34135398.0,0.78,18901995691.5,45.61,49.37,False,False,False,False,False,-0.97,-1.59,-3.32,False,False,False,False,7.24,0.03204318,0.03130849,2.35,5.45,True,0.0,0.0,0.78,-3.0,Risk review,Head-and-shoulders risk,"head-and-shoulders, risk, distribution",732.15,,,2.83,,,732.15,"A possible head-and-shoulders top is forming or breaking. This is a caution signal, not an entry setup.",Risk review,2.04
SARDAEN,Sarda Energy and Minerals Ltd.,SARDAEN.NS,Metals & Mining,True,,NIFTY 500,^CRSLDX,2026-10-06,500.7,-0.06,0.07,-3.68,188815.0,574421.0,0.33,94539670.5,47.27,45.8,True,False,False,False,False,-1.23,-1.46,0.03,False,False,False,False,0.33,0.02255116,0.02196538,2.67,3.52,True,0.3333333333333333,0.0,0.33,-2.0,Risk review,Head-and-shoulders risk,"head-and-shoulders, risk, distribution",492.4,,,1.69,,,492.4,"A possible head-and-shoulders top is forming or breaking. This is a caution signal, not an entry setup.",Risk review,2.0
TATACOMM,Tata Communications Ltd.,TATACOMM.NS,Telecommunication,True,,NIFTY 500,^CRSLDX,2026-10-06,1681.8,0.27,1.64,-4.05,132327.0,200050.0,0.66,222547548.6,43.59,36.5,True,False,False,False,False,-2.03,-2.3,-0.53,False,False,False,False,4.09,0.07574703,0.07446576,1.72,3.83,True,0.3333333333333333,0.0,0.66,0.0,No clear setup,,,,,,,,,,,Neutral / watch,1.97
CUB,City Union Bank Ltd.,CUB.NS,Financial Services,True,,NIFTY 500,^CRSLDX,2026-10-06,223.75,-1.71,4.11,-3.96,1326402.0,2469800.0,0.54,296782447.5,47.94,39.98,False,False,True,False,False,-1.33,0.55,-2.06,False,False,False,False,-14.77,0.01007754,0.00961953,4.76,-0.01,True,0.3333333333333333,0.0,0.54,-3.0,Risk review,Head-and-shoulders risk,"head-and-shoulders, risk, distribution, flag, continuation, uptrend",236.16,,,5.25,,,236.16,"A possible head-and-shoulders top is forming or breaking. This is a caution signal, not an entry setup. Secondary patterns: Bullish flag.",Risk review,1.95
BHARTIARTL,Bharti Airtel Ltd.,BHARTIARTL.NS,Telecommunication,True,,NIFTY 500,^CRSLDX,2026-10-06,1810.5,1.72,2.22,-1.82,5155150.0,5860841.0,0.88,9333399075.0,48.36,36.23,True,True,False,False,False,0.18,-3.49,-1.51,False,False,False,False,3.55,0.08154359,0.08129681,0.3,1.46,True,0.0,0.0,0.88,-3.0,Risk review,Head-and-shoulders risk,"head-and-shoulders, risk, distribution",1822.5,,,0.66,,,1822.5,"A possible head-and-shoulders top is forming or breaking. This is a caution signal, not an entry setup.",Risk review,1.94
KAYNES,Kaynes Technology India Ltd.,KAYNES.NS,Capital Goods,True,,NIFTY 500,^CRSLDX,2026-10-06,3405.0,0.3,-3.03,-5.68,908631.0,1043084.0,0.87,3093888555.0,41.93,46.51,False,False,False,False,False,-2.61,-6.82,-1.94,False,False,False,False,9.48,0.15335869,0.15721978,-2.46,2.33,False,0.3333333333333333,0.0,0.87,4.7,Actionable watch,Breakout retest,"breakout, retest, pivot, volume",3413.5,2026-07-29,5.92,0.25,,,,Prior resistance has been cleared on higher volume and price is back near that pivot. This is the kind of retest zone where follow-through can matter more than chasing a stretched candle.,Setup watch: Breakout retest,1.87
AARTIIND,Aarti Industries Ltd.,AARTIIND.NS,Chemicals,True,,NIFTY 500,^CRSLDX,2026-10-06,481.15,2.19,2.39,-4.48,755429.0,517313.0,1.46,363474663.35,46.52,36.86,True,False,False,False,True,-0.44,-4.02,2.59,False,False,False,False,-1.78,0.02167064,0.02166701,0.02,0.4,True,0.6666666666666666,0.0,1.46,-3.0,Risk review,Head-and-shoulders risk,"head-and-shoulders, risk, distribution",483.52,,,0.49,,,483.52,"A possible head-and-shoulders top is forming or breaking. This is a caution signal, not an entry setup.",Risk review,1.83
CGCL,Capri Global Capital Ltd.,CGCL.NS,Financial Services,True,,NIFTY 500,^CRSLDX,2026-10-06,246.88,-0.07,-0.01,-8.82,5242811.0,3048882.0,1.72,1294345179.68,42.58,42.33,False,False,False,True,True,-4.58,-0.42,3.91,False,False,False,False,-19.84,0.01111929,0.01067291,4.18,-4.83,True,0.6666666666666666,0.0,1.72,0.0,No clear setup,,,,,,,,,,,Neutral / watch,1.83
CENTRALBK,Central Bank of India,CENTRALBK.NS,Financial Services,True,,NIFTY 500,^CRSLDX,2026-10-06,30.19,-0.4,0.5,-2.49,3222967.0,6988329.0,0.46,97301373.73,42.87,38.09,False,False,False,False,False,-1.71,-2.28,-1.73,False,False,False,False,3.11,0.00135974,0.00133699,1.7,2.76,True,0.0,0.0,0.46,0.0,No clear setup,,,,,,,,,,,Neutral / watch,1.75
KPRMILL,K.P.R. Mill Ltd.,KPRMILL.NS,Textiles,True,,NIFTY 500,^CRSLDX,2026-10-06,1100.4,2.59,1.75,-3.05,75276.0,160991.0,0.47,82833710.4,48.04,40.54,True,False,False,True,True,-0.7,-1.05,1.46,False,False,False,False,-12.39,0.0495612,0.0479482,3.36,-1.95,True,0.6666666666666666,0.0,0.47,-2.0,Risk review,Head-and-shoulders risk,"head-and-shoulders, risk, distribution, inverse-head-and-shoulders, base, reversal",1054.2,,,4.38,,,1054.2,"A possible head-and-shoulders top is forming or breaking. This is a caution signal, not an entry setup. Secondary patterns: Possible inverse H&S.",Risk review,1.71
MAHABANK,Bank of Maharashtra,MAHABANK.NS,Financial Services,True,,NIFTY 500,^CRSLDX,2026-10-06,80.8,-0.12,2.07,-4.71,8455689.0,14262731.0,0.59,683219671.2,46.62,41.66,False,False,False,False,True,-1.43,-1.02,3.37,False,False,False,False,-14.65,0.00363917,0.00352679,3.19,-1.96,True,0.6666666666666666,0.0,0.59,-2.0,Risk review,Head-and-shoulders risk,"head-and-shoulders, risk, distribution",77.11,,,4.79,,,77.11,"A possible head-and-shoulders top is forming or breaking. This is a caution signal, not an entry setup.",Risk review,1.71
IIFL,IIFL Finance Ltd.,IIFL.NS,Financial Services,True,,NIFTY 500,^CRSLDX,2026-10-06,601.7,0.09,-0.95,-4.19,1097013.0,2000918.0,0.55,660072722.1,47.41,47.46,False,False,False,True,True,-0.11,-3.14,0.5,False,False,False,False,-9.8,0.02710012,0.02679474,1.14,-2.05,True,0.6666666666666666,0.0,0.55,-2.0,Risk review,Head-and-shoulders risk,"head-and-shoulders, risk, distribution, inverse-head-and-shoulders, base, reversal",584.9,,,2.87,,,584.9,"A possible head-and-shoulders top is forming or breaking. This is a caution signal, not an entry setup. Secondary patterns: Possible inverse H&S.",Risk review,1.69
TATATECH,Tata Technologies Ltd.,TATATECH.NS,Information Technology,True,,NIFTY 500,^CRSLDX,2026-10-06,703.1,0.8,2.38,-11.95,307198.0,833829.0,0.37,215990913.8,36.73,27.08,False,False,False,False,True,-3.4,-9.59,1.08,False,False,False,False,-11.03,0.03166711,0.03352312,-5.54,-8.53,False,0.6666666666666666,0.0,0.37,3.4,Actionable watch,Possible inverse H&S,"inverse-head-and-shoulders, base, reversal",605.28,,,16.16,,,605.28,A possible inverse head-and-shoulders base is visible. The setup improves only if price clears or holds near the neckline with better volume.,Mean reversion bounce,1.69
BSOFT,Birlasoft Ltd.,BSOFT.NS,Information Technology,True,,NIFTY 500,^CRSLDX,2026-10-06,279.45,1.25,3.87,-0.78,1297747.0,1811366.0,0.72,362655399.15,48.0,32.97,True,True,False,False,False,0.64,-4.89,-4.4,False,False,False,False,5.78,0.01258622,0.01271917,-1.05,-0.19,False,0.0,0.0,0.72,-2.0,Risk review,Head-and-shoulders risk,"head-and-shoulders, risk, distribution",275.73,,,1.35,,,275.73,"A possible head-and-shoulders top is forming or breaking. This is a caution signal, not an entry setup.",Risk review,1.66
RHIM,RHI MAGNESITA INDIA LTD.,RHIM.NS,Capital Goods,True,,NIFTY 500,^CRSLDX,2026-10-06,373.4,0.17,-5.04,0.46,181452.0,1104313.0,0.16,67754176.8,44.69,62.58,False,False,False,False,False,-1.14,-2.3,-1.69,False,False,False,False,14.0,0.01681766,0.01657666,1.45,5.77,True,0.0,0.0,0.16,-2.0,Risk review,Head-and-shoulders risk,"head-and-shoulders, risk, distribution",362.25,,,3.08,,,362.25,"A possible head-and-shoulders top is forming or breaking. This is a caution signal, not an entry setup.",Risk review,1.65
NAUKRI,Info Edge (India) Ltd.,NAUKRI.NS,Consumer Services,True,,NIFTY 500,^CRSLDX,2026-10-06,1241.0,3.27,-0.32,-3.95,1622862.0,1456000.0,1.11,2013971742.0,46.71,43.51,True,False,False,True,True,-0.74,-3.65,-0.96,False,False,False,False,-11.72,0.05589373,0.05554896,0.62,-2.27,True,0.3333333333333333,0.0,1.11,-2.0,Risk review,Head-and-shoulders risk,"head-and-shoulders, risk, distribution",1191.4,,,4.16,,,1191.4,"A possible head-and-shoulders top is forming or breaking. This is a caution signal, not an entry setup.",Risk review,1.65
ABBOTINDIA,Abbott India Ltd.,ABBOTINDIA.NS,Healthcare,True,,NIFTY 500,^CRSLDX,2026-10-06,26115.0,-0.48,-4.24,2.19,12533.0,8965.0,1.4,327299295.0,43.26,59.69,False,False,False,False,False,-1.29,-2.23,-0.7,False,False,False,False,10.37,1.17620035,1.1588528,1.5,5.42,True,0.0,0.0,1.4,-2.0,Risk review,Head-and-shoulders risk,"head-and-shoulders, risk, distribution, breakout, retest, pivot, volume",25527.5,,,2.3,,,25527.5,"A possible head-and-shoulders top is forming or breaking. This is a caution signal, not an entry setup. Secondary patterns: Breakout retest.",Risk review,1.58
CIPLA,Cipla Ltd.,CIPLA.NS,Healthcare,True,,NIFTY 500,^CRSLDX,2026-10-06,1340.2,0.35,-2.83,-3.16,575696.0,1054011.0,0.55,771547779.2,34.99,44.34,False,False,False,False,False,-2.08,-4.93,-0.98,False,False,False,False,4.28,0.06036162,0.06108155,-1.18,0.64,False,0.3333333333333333,0.0,0.55,4.52,Actionable watch,Breakout retest,"breakout, retest, pivot, volume, inverse-head-and-shoulders, base, reversal",1363.9,2026-07-24,2.03,1.74,,,,Prior resistance has been cleared on higher volume and price is back near that pivot. This is the kind of retest zone where follow-through can matter more than chasing a stretched candle. Secondary patterns: Possible inverse H&S.,Setup watch: Breakout retest,1.53
ESCORTS,Escorts Kubota Ltd.,ESCORTS.NS,Capital Goods,True,,NIFTY 500,^CRSLDX,2026-10-06,2811.7,-0.33,3.9,-6.69,106436.0,106311.0,1.0,299266101.2,46.89,28.99,True,False,False,False,False,-0.02,-4.99,-2.73,False,False,False,False,0.24,0.1266369,0.12820418,-1.22,-1.12,False,0.0,0.0,1.0,0.0,No clear setup,,,,,,,,,,,Mean reversion bounce,1.48
BLUEJET,Blue Jet Healthcare Ltd.,BLUEJET.NS,Healthcare,True,,NIFTY 500,^CRSLDX,2026-10-06,538.15,1.25,-2.08,-7.45,292965.0,431962.0,0.68,157659114.75,36.34,37.0,False,False,False,False,True,-4.26,-7.01,0.41,False,False,False,False,-3.15,0.02423788,0.02504867,-3.24,-2.65,False,0.6666666666666666,0.0,0.68,3.4,Actionable watch,Possible inverse H&S,"inverse-head-and-shoulders, base, reversal",423.93,,,26.94,,,423.93,A possible inverse head-and-shoulders base is visible. The setup improves only if price clears or holds near the neckline with better volume.,Setup watch: Possible inverse H&S,1.46
FSL,Firstsource Solutions Ltd.,FSL.NS,Services,True,,NIFTY 500,^CRSLDX,2026-10-06,260.25,1.11,4.56,0.95,666701.0,2748543.0,0.24,173508935.25,48.64,37.32,True,False,False,False,True,-0.22,-4.39,-3.11,False,False,False,False,10.64,0.01172147,0.01175363,-0.27,2.74,False,0.3333333333333333,0.0,0.24,-2.0,Risk review,Head-and-shoulders risk,"head-and-shoulders, risk, distribution",257.1,,,1.23,,,257.1,"A possible head-and-shoulders top is forming or breaking. This is a caution signal, not an entry setup.",Risk review,1.45
TARIL,Transformers And Rectifiers (India) Ltd.,TARIL.NS,Capital Goods,True,,NIFTY 500,^CRSLDX,2026-10-06,283.65,-0.63,3.96,-4.54,2263680.0,7238447.0,0.31,642092832.0,48.34,36.16,True,True,False,False,False,0.86,-2.75,0.24,False,False,False,False,-4.75,0.01277539,0.01263982,1.07,-1.17,True,0.3333333333333333,0.0,0.31,-3.0,Risk review,Head-and-shoulders risk,"head-and-shoulders, risk, distribution",286.05,,,0.84,,,286.05,"A possible head-and-shoulders top is forming or breaking. This is a caution signal, not an entry setup.",Risk review,1.42
ICICIAMC,ICICI Prudential Asset Management Company Ltd.,ICICIAMC.NS,Financial Services,True,,NIFTY 500,^CRSLDX,2026-10-06,3071.5,0.34,-5.0,1.94,275856.0,397119.0,0.69,847291704.0,44.37,62.43,False,False,False,False,False,-1.48,-1.22,,False,False,False,False,9.23,0.1383381,0.13457578,2.8,7.95,True,0.3333333333333333,0.0,0.69,-3.0,Risk review,Head-and-shoulders risk,"head-and-shoulders, risk, distribution",3119.15,,,1.53,,,3119.15,"A possible head-and-shoulders top is forming or breaking. This is a caution signal, not an entry setup.",Risk review,1.35
PNB,Punjab National Bank,PNB.NS,Financial Services,True,,NIFTY 500,^CRSLDX,2026-10-06,111.92,-0.38,0.15,-3.52,8421589.0,13173888.0,0.64,942544240.88,42.76,36.75,False,False,False,True,False,-2.64,-2.89,-0.39,False,False,False,False,-3.08,0.00504079,0.004975,1.32,0.77,True,0.3333333333333333,0.0,0.64,0.0,No clear setup,,,,,,,,,,,Neutral / watch,1.35
BAJAJHLDNG,Bajaj Holdings & Investment Ltd.,BAJAJHLDNG.NS,Financial Services,True,,NIFTY 500,^CRSLDX,2026-10-06,10600.0,-1.23,0.0,-4.04,39830.0,42278.0,0.94,422198000.0,40.06,38.23,False,False,False,False,False,-3.38,-5.23,-0.13,False,False,False,False,-0.62,0.47741619,0.48275121,-1.11,-0.57,False,0.3333333333333333,0.0,0.94,4.29,Actionable watch,Breakout retest,"breakout, retest, pivot, volume",10828.0,2026-07-31,1.57,2.11,,,,Prior resistance has been cleared on higher volume and price is back near that pivot. This is the kind of retest zone where follow-through can matter more than chasing a stretched candle.,Setup watch: Breakout retest,1.29
RELIANCE,Reliance Industries Ltd.,RELIANCE.NS,Oil Gas & Consumable Fuels,True,,NIFTY 500,^CRSLDX,2026-10-06,1218.0,2.66,3.05,-5.94,18003127.0,13086778.0,1.38,21927808686.0,45.59,29.16,True,False,False,False,False,-0.58,-4.45,-2.35,False,False,False,False,-2.37,0.05485782,0.05520234,-0.62,-2.06,False,0.0,0.0,1.38,0.0,No clear setup,,,,,,,,,,,Mean reversion bounce,1.29
FIRSTCRY,Brainbees Solutions Ltd.,FIRSTCRY.NS,Consumer Services,True,,NIFTY 500,^CRSLDX,2026-10-06,177.57,3.24,-3.69,0.75,2105882.0,8934873.0,0.24,373941466.74,46.87,54.14,False,True,False,False,False,1.5,-6.24,-4.92,False,False,False,False,18.85,0.00799762,0.00827864,-3.39,4.09,False,0.0,0.0,0.24,-3.0,Risk review,Head-and-shoulders risk,"head-and-shoulders, risk, distribution",216.23,,,17.88,,,216.23,"A possible head-and-shoulders top is forming or breaking. This is a caution signal, not an entry setup.",Risk review,1.27
TITAGARH,Titagarh Rail Systems Ltd.,TITAGARH.NS,Capital Goods,True,,NIFTY 500,^CRSLDX,2026-10-06,804.85,-0.59,-1.77,-8.62,249996.0,496562.0,0.5,201209280.6,39.97,43.87,False,False,False,False,True,-2.74,-3.79,0.24,False,False,False,False,-0.13,0.03624985,0.03614124,0.3,-0.15,True,0.6666666666666666,0.0,0.5,-2.0,Risk review,Head-and-shoulders risk,"head-and-shoulders, risk, distribution, inverse-head-and-shoulders, base, reversal",767.45,,,4.87,,,767.45,"A possible head-and-shoulders top is forming or breaking. This is a caution signal, not an entry setup. Secondary patterns: Possible inverse H&S.",Risk review,1.27
MEDANTA,Global Health Ltd.,MEDANTA.NS,Healthcare,True,,NIFTY 500,^CRSLDX,2026-10-06,1300.8,-2.39,-8.08,-8.95,378275.0,259256.0,1.46,492060120.0,31.08,44.22,False,False,False,False,True,-9.15,-9.27,2.19,False,False,False,False,-4.01,0.05858707,0.06192637,-5.39,-3.87,False,0.6666666666666666,0.0,1.46,3.4,Actionable watch,Possible inverse H&S,"inverse-head-and-shoulders, base, reversal",1210.6,,,7.45,,,1210.6,A possible inverse head-and-shoulders base is visible. The setup improves only if price clears or holds near the neckline with better volume.,Setup watch: Possible inverse H&S,1.22
AADHARHFC,Aadhar Housing Finance Ltd.,AADHARHFC.NS,Financial Services,True,,NIFTY 500,^CRSLDX,2026-10-06,453.8,0.02,4.92,-5.39,259527.0,390672.0,0.66,117773352.6,46.72,30.25,True,True,False,False,False,0.11,-4.08,-0.65,False,False,False,False,4.44,0.02043882,0.02055548,-0.57,-0.7,False,0.0,0.0,0.66,-3.0,Risk review,Head-and-shoulders risk,"head-and-shoulders, risk, distribution",458.62,,,1.05,,,458.62,"A possible head-and-shoulders top is forming or breaking. This is a caution signal, not an entry setup.",Risk review,1.21
JINDALSTEL,Jindal Steel Ltd.,JINDALSTEL.NS,Metals & Mining,True,,NIFTY 500,^CRSLDX,2026-10-06,1085.9,-1.04,-3.9,-4.44,4442649.0,926716.0,4.79,4824272549.1,38.65,48.45,False,False,False,False,False,-3.6,-3.73,1.06,False,False,False,False,-6.79,0.04890814,0.04861733,0.6,-0.67,True,0.3333333333333333,0.0,4.79,-2.0,Risk review,Head-and-shoulders risk,"head-and-shoulders, risk, distribution, inverse-head-and-shoulders, base, reversal",1051.95,,,3.23,,,1051.95,"A possible head-and-shoulders top is forming or breaking. This is a caution signal, not an entry setup. Secondary patterns: Possible inverse H&S.",Risk review,1.17
TECHM,Tech Mahindra Ltd.,TECHM.NS,Information Technology,True,,NIFTY 500,^CRSLDX,2026-10-06,1504.5,-2.04,-0.4,-3.5,2389084.0,2023092.0,1.18,3594376878.0,38.05,37.79,False,False,False,False,False,-2.27,-5.14,-0.35,False,False,False,False,-1.3,0.06776157,0.0686276,-1.26,-1.39,False,0.3333333333333333,0.0,1.18,5.1,Actionable watch,Breakout retest,"breakout, retest, pivot, volume, inverse-head-and-shoulders, base, reversal",1495.92,2026-07-17,4.06,0.06,,,,Prior resistance has been cleared on higher volume and price is back near that pivot. This is the kind of retest zone where follow-through can matter more than chasing a stretched candle. Secondary patterns: Possible inverse H&S.,Setup watch: Breakout retest,1.12
AMBER,Amber Enterprises India Ltd.,AMBER.NS,Consumer Durables,True,,NIFTY 500,^CRSLDX,2026-10-06,6869.0,4.31,3.97,-6.01,155584.0,125477.0,1.24,1068706496.0,45.87,29.6,True,False,False,False,False,-1.05,-4.63,0.42,False,False,False,False,-4.75,0.3093747,0.31200301,-0.84,-2.91,False,0.3333333333333333,0.0,1.24,0.0,No clear setup,,,,,,,,,,,Mean reversion bounce,1.12
360ONE,360 ONE WAM Ltd.,360ONE.NS,Financial Services,True,,NIFTY 500,^CRSLDX,2026-10-06,1069.5,1.86,3.92,-3.65,734690.0,1033124.0,0.71,785750955.0,46.0,32.32,True,True,False,False,False,0.38,-5.26,-0.77,False,False,False,False,-2.4,0.04816949,0.04890502,-1.5,-3.02,False,0.3333333333333333,0.0,0.71,-2.0,Risk review,Head-and-shoulders risk,"head-and-shoulders, risk, distribution, inverse-head-and-shoulders, base, reversal",1023.05,,,4.54,,,1023.05,"A possible head-and-shoulders top is forming or breaking. This is a caution signal, not an entry setup. Secondary patterns: Possible inverse H&S.",Risk review,1.1
MAPMYINDIA,C.E. Info Systems Ltd.,MAPMYINDIA.NS,Information Technology,True,,NIFTY 500,^CRSLDX,2026-10-06,896.6,2.66,6.08,-7.45,81899.0,203598.0,0.4,73430643.4,46.79,28.94,True,True,False,False,False,0.56,-7.7,-7.01,False,False,False,False,4.64,0.0403822,0.04255491,-5.11,-3.05,False,0.0,0.0,0.4,-2.0,Risk review,Head-and-shoulders risk,"head-and-shoulders, risk, distribution",875.0,,,2.47,,,875.0,"A possible head-and-shoulders top is forming or breaking. This is a caution signal, not an entry setup.",Risk review,1.09
JSWDULUX,JSW Dulux Ltd.,JSWDULUX.NS,Consumer Durables,True,,NIFTY 500,^CRSLDX,2026-10-06,3004.8,1.35,-0.98,-5.34,17773.0,36923.0,0.48,53404310.4,40.84,40.01,False,False,False,False,,-3.43,-3.14,,False,False,False,False,-5.7,0.13533398,0.13366591,1.25,-0.65,True,0.0,0.0,0.48,0.0,No clear setup,,,,,,,,,,,Neutral / watch,1.07
ADANIENSOL,Adani Energy Solutions Ltd.,ADANIENSOL.NS,Power,True,,NIFTY 500,^CRSLDX,2026-10-06,1350.1,-0.24,3.39,-4.09,1566344.0,2097546.0,0.75,2114721034.4,42.91,33.92,True,False,False,False,True,-0.67,-8.68,2.92,False,False,False,False,14.76,0.06080751,0.06468224,-5.99,2.04,False,0.6666666666666666,0.0,0.75,-3.0,Risk review,Head-and-shoulders risk,"head-and-shoulders, risk, distribution",1420.25,,,4.94,,,1420.25,"A possible head-and-shoulders top is forming or breaking. This is a caution signal, not an entry setup.",Risk review,1.06
BEL,Bharat Electronics Ltd.,BEL.NS,Capital Goods,True,,NIFTY 500,^CRSLDX,2026-10-06,387.4,0.66,-0.09,-5.64,10038178.0,9749403.0,1.03,3888790157.2,41.99,39.63,False,False,False,False,False,-1.36,-3.13,-0.03,False,False,False,False,-5.15,0.01744821,0.01730749,0.81,-0.7,True,0.0,0.0,1.03,0.0,No clear setup,,,,,,,,,,,Neutral / watch,1.06
GILLETTE,Gillette India Ltd.,GILLETTE.NS,Fast Moving Consumer Goods,True,,NIFTY 500,^CRSLDX,2026-10-06,7057.0,1.12,1.34,-6.29,17258.0,22166.0,0.78,121789706.0,43.35,32.24,True,False,False,False,False,-0.92,-4.23,-1.36,False,False,False,False,3.32,0.31784208,0.32014428,-0.72,0.68,False,0.0,0.0,0.78,0.0,No clear setup,,,,,,,,,,,Mean reversion bounce,1.04
JUBLINGREA,Jubilant Ingrevia Ltd.,JUBLINGREA.NS,Chemicals,True,,NIFTY 500,^CRSLDX,2026-10-06,644.25,1.91,0.81,-4.6,188089.0,327246.0,0.57,121176338.25,45.49,40.81,True,True,False,False,False,0.24,-6.22,-0.79,False,False,False,False,4.63,0.02901655,0.02989554,-2.94,-2.29,False,0.3333333333333333,0.0,0.57,0.0,No clear setup,,,,,,,,,,,Weakening,1.04
IGIL,International Gemological Institute Ltd.,IGIL.NS,Services,True,,NIFTY 500,^CRSLDX,2026-10-06,319.6,1.06,-1.45,0.47,436001.0,536674.0,0.81,139345919.6,46.16,47.08,False,True,False,False,False,0.09,-4.33,-0.14,False,False,False,False,10.39,0.01439455,0.01447766,-0.57,2.69,False,0.0,0.0,0.81,-3.0,Risk review,Head-and-shoulders risk,"head-and-shoulders, risk, distribution",323.85,,,1.31,,,323.85,"A possible head-and-shoulders top is forming or breaking. This is a caution signal, not an entry setup.",Risk review,0.99
CUMMINSIND,Cummins India Ltd.,CUMMINSIND.NS,Capital Goods,True,,NIFTY 500,^CRSLDX,2026-10-06,4919.0,1.79,2.48,-2.4,883370.0,443281.0,1.99,4345297030.0,44.78,32.86,True,False,False,False,False,-0.87,-4.54,0.99,False,False,False,False,5.8,0.22154813,0.22418795,-1.18,1.6,False,0.6666666666666666,0.0,1.99,-3.0,Risk review,Head-and-shoulders risk,"head-and-shoulders, risk, distribution",5264.25,,,6.56,,,5264.25,"A possible head-and-shoulders top is forming or breaking. This is a caution signal, not an entry setup.",Risk review,0.97
IRCTC,Indian Railway Catering And Tourism Corporation Ltd.,IRCTC.NS,Consumer Services,True,,NIFTY 500,^CRSLDX,2026-10-06,454.8,0.44,0.5,-3.74,718299.0,828003.0,0.87,326682385.2,37.82,33.59,False,False,False,False,False,-1.23,-5.37,-3.86,False,False,False,False,7.31,0.02048386,0.02084389,-1.73,0.37,False,0.0,0.0,0.87,0.0,No clear setup,,,,,,,,,,,Mean reversion bounce,0.97
BAJAJHFL,Bajaj Housing Finance Ltd.,BAJAJHFL.NS,Financial Services,True,,NIFTY 500,^CRSLDX,2026-10-06,82.36,-0.52,1.35,-1.96,1967051.0,3484004.0,0.56,162006320.36,44.07,37.26,False,False,False,False,False,-1.01,-2.21,-1.39,False,False,False,False,6.03,0.00370943,0.00364333,1.81,3.99,True,0.0,0.0,0.56,-3.0,Risk review,Head-and-shoulders risk,"head-and-shoulders, risk, distribution",82.67,,,0.38,,,82.67,"A possible head-and-shoulders top is forming or breaking. This is a caution signal, not an entry setup.",Risk review,0.95
TITAN,Titan Company Ltd.,TITAN.NS,Consumer Durables,True,,NIFTY 500,^CRSLDX,2026-10-06,4550.0,-0.66,-2.67,-8.76,800113.0,664775.0,1.2,3640514150.0,31.49,32.88,False,False,False,False,True,-5.3,-7.93,2.11,False,False,False,False,-7.84,0.20492865,0.21339357,-3.97,-5.2,False,0.6666666666666666,0.0,1.2,3.4,Actionable watch,Possible inverse H&S,"inverse-head-and-shoulders, base, reversal",4428.25,,,2.75,,,4428.25,A possible inverse head-and-shoulders base is visible. The setup improves only if price clears or holds near the neckline with better volume.,Setup watch: Possible inverse H&S,0.95
BANDHANBNK,Bandhan Bank Ltd.,BANDHANBNK.NS,Financial Services,True,,NIFTY 500,^CRSLDX,2026-10-06,164.15,-2.45,-11.42,-4.33,12148002.0,15485448.0,0.78,1994094528.3,38.19,58.16,False,False,False,False,False,-7.39,-5.46,1.8,False,False,False,False,8.73,0.0073932,0.00748879,-1.28,4.68,False,0.3333333333333333,0.0,0.78,0.0,No clear setup,,,,,,,,,,,Neutral / watch,0.94
PIRAMALFIN,Piramal Finance Ltd.,PIRAMALFIN.NS,Financial Services,True,,NIFTY 500,^CRSLDX,2026-10-06,2018.5,0.79,-5.12,-12.18,171616.0,395865.0,0.43,346406896.0,35.19,42.47,False,False,False,False,True,-6.95,-6.29,3.23,False,False,False,False,-13.33,0.09091175,0.09279031,-2.02,-5.32,False,0.6666666666666666,0.0,0.43,3.45,Watch,Breakout retest,"breakout, retest, pivot, volume",2027.8,2026-08-20,1.51,0.46,,,,Prior resistance has been cleared on higher volume and price is back near that pivot. This is the kind of retest zone where follow-through can matter more than chasing a stretched candle.,Setup watch: Breakout retest,0.94
LODHA,Lodha Developers Ltd.,LODHA.NS,Realty,True,,NIFTY 500,^CRSLDX,2026-10-06,1135.6,0.27,2.62,-6.3,1572481.0,2227310.0,0.71,1785709423.6,47.5,40.12,True,True,False,True,True,0.63,-4.78,0.46,False,False,False,False,-7.34,0.05114659,0.05181551,-1.29,-3.62,False,0.6666666666666666,0.0,0.71,-2.0,Risk review,Head-and-shoulders risk,"head-and-shoulders, risk, distribution, breakout, retest, pivot, volume",1085.75,,,4.59,,,1085.75,"A possible head-and-shoulders top is forming or breaking. This is a caution signal, not an entry setup. Secondary patterns: Breakout retest.",Risk review,0.88
BPCL,Bharat Petroleum Corporation Ltd.,BPCL.NS,Oil Gas & Consumable Fuels,True,,NIFTY 500,^CRSLDX,2026-10-06,300.5,1.2,0.38,-1.1,6314935.0,4800762.0,1.32,1897637967.5,42.57,38.47,False,False,False,False,False,-1.47,-3.8,-1.79,False,False,False,False,-2.56,0.0135343,0.01353294,0.01,-1.66,True,0.0,0.0,1.32,0.0,No clear setup,,,,,,,,,,,Neutral / watch,0.87
DIXON,Dixon Technologies (India) Ltd.,DIXON.NS,Consumer Durables,True,,NIFTY 500,^CRSLDX,2026-10-06,13015.0,2.09,-1.77,-7.7,175676.0,343762.0,0.51,2286423140.0,42.08,42.14,False,False,False,False,True,-1.52,-6.31,0.12,False,False,False,False,-9.44,0.58618601,0.60193124,-2.62,-5.63,False,0.6666666666666666,0.0,0.51,3.4,Actionable watch,Possible inverse H&S,"inverse-head-and-shoulders, base, reversal",11799.5,,,10.3,,,11799.5,A possible inverse head-and-shoulders base is visible. The setup improves only if price clears or holds near the neckline with better volume.,Setup watch: Possible inverse H&S,0.86
BRITANNIA,Britannia Industries Ltd.,BRITANNIA.NS,Fast Moving Consumer Goods,True,,NIFTY 500,^CRSLDX,2026-10-06,4883.8,2.39,1.01,-3.56,221171.0,263530.0,0.84,1080154929.8,40.66,29.56,True,False,False,False,False,-0.78,-6.16,-1.88,False,False,False,False,2.84,0.21996275,0.22608607,-2.71,-0.29,False,0.0,0.0,0.84,0.0,No clear setup,,,,,,,,,,,Mean reversion bounce,0.84
SRF,SRF Ltd.,SRF.NS,Chemicals,True,,NIFTY 500,^CRSLDX,2026-10-06,2470.0,0.41,2.06,-2.06,150635.0,232604.0,0.65,372068450.0,42.14,32.14,False,False,False,False,False,-1.15,-3.43,-1.85,False,False,False,False,-2.89,0.11124698,0.11095248,0.27,-1.15,True,0.0,0.0,0.65,-3.0,Risk review,Head-and-shoulders risk,"head-and-shoulders, risk, distribution",2472.75,,,0.11,,,2472.75,"A possible head-and-shoulders top is forming or breaking. This is a caution signal, not an entry setup.",Risk review,0.82
MRF,MRF Ltd.,MRF.NS,Automobile and Auto Components,True,,NIFTY 500,^CRSLDX,2026-10-06,124080.0,0.61,0.81,-3.25,2176.0,3077.0,0.71,269998080.0,38.92,26.34,True,False,False,False,False,-0.86,-4.29,-2.0,False,False,False,False,0.14,5.58847175,5.61637151,-0.5,-0.43,False,0.0,0.0,0.71,0.0,No clear setup,,,,,,,,,,,Mean reversion bounce,0.81
CHALET,Chalet Hotels Ltd.,CHALET.NS,Consumer Services,True,,NIFTY 500,^CRSLDX,2026-10-06,818.2,-2.76,-2.68,-8.86,83301.0,174773.0,0.48,68156878.2,36.81,40.62,False,False,False,False,True,-4.78,-4.86,-0.26,False,False,False,False,-9.11,0.03685112,0.03713286,-0.76,-3.8,False,0.3333333333333333,0.0,0.48,2.2,Watch,Possible inverse H&S,"inverse-head-and-shoulders, base, reversal",852.02,,,3.97,,,852.02,A possible inverse head-and-shoulders base is visible. The setup improves only if price clears or holds near the neckline with better volume.,Setup watch: Possible inverse H&S,0.81
HINDPETRO,Hindustan Petroleum Corporation Ltd.,HINDPETRO.NS,Oil Gas & Consumable Fuels,True,,NIFTY 500,^CRSLDX,2026-10-06,351.0,2.53,0.52,1.15,3973902.0,4096637.0,0.97,1394839602.0,46.56,41.81,True,True,False,False,False,0.06,-4.05,-2.76,False,False,False,False,8.38,0.01580878,0.01591555,-0.67,1.73,False,0.0,0.0,0.97,-3.0,Risk review,Head-and-shoulders risk,"head-and-shoulders, risk, distribution",358.45,,,2.08,,,358.45,"A possible head-and-shoulders top is forming or breaking. This is a caution signal, not an entry setup.",Risk review,0.8
ATHERENERG,Ather Energy Ltd.,ATHERENERG.NS,Automobile and Auto Components,True,,NIFTY 500,^CRSLDX,2026-10-06,1446.0,2.56,2.77,-8.37,4192732.0,3979049.0,1.05,6062690472.0,43.58,36.62,True,False,False,True,True,-5.07,-3.94,8.9,False,False,False,False,-22.68,0.06512677,0.06419985,1.44,-7.59,True,0.6666666666666666,0.0,1.05,0.0,No clear setup,,,,,,,,,,,Neutral / watch,0.8
LT,Larsen & Toubro Ltd.,LT.NS,Construction,True,,NIFTY 500,^CRSLDX,2026-10-06,3770.0,0.53,0.56,-4.46,1994276.0,1733440.0,1.15,7518420520.0,41.06,34.22,False,False,False,False,False,-1.74,-4.59,-0.51,False,False,False,False,-0.53,0.16979802,0.17066431,-0.51,-0.67,False,0.0,0.0,1.15,0.0,No clear setup,,,,,,,,,,,Mean reversion bounce,0.77
HYUNDAI,Hyundai Motor India Ltd.,HYUNDAI.NS,Automobile and Auto Components,True,,NIFTY 500,^CRSLDX,2026-10-06,1989.0,-0.55,-5.29,-10.41,432970.0,726855.0,0.6,861177330.0,34.82,44.91,False,False,False,False,False,-5.59,-7.93,-1.0,False,False,False,False,-2.47,0.08958309,0.09298095,-3.65,-3.2,False,0.3333333333333333,0.0,0.6,4.7,Actionable watch,Breakout retest,"breakout, retest, pivot, volume",2035.85,2026-07-31,8.48,2.3,,,,Prior resistance has been cleared on higher volume and price is back near that pivot. This is the kind of retest zone where follow-through can matter more than chasing a stretched candle.,Setup watch: Breakout retest,0.76
CIEINDIA,CIE Automotive India Ltd.,CIEINDIA.NS,Automobile and Auto Components,True,,NIFTY 500,^CRSLDX,2026-10-06,379.0,0.26,0.68,-1.15,95515.0,246606.0,0.39,36200185.0,42.77,37.02,False,False,False,False,False,-0.94,-3.89,-0.41,False,False,False,False,7.89,0.01706988,0.01712598,-0.33,3.38,False,0.0,0.0,0.39,0.0,No clear setup,,,,,,,,,,,Neutral / watch,0.68
COALINDIA,Coal India Ltd.,COALINDIA.NS,Oil Gas & Consumable Fuels,True,,NIFTY 500,^CRSLDX,2026-10-06,411.65,-3.16,-3.14,-2.05,5548430.0,7435802.0,0.75,2284011209.5,43.01,54.92,False,False,False,False,False,-2.57,-0.84,0.81,False,False,False,False,-0.5,0.01854041,0.01794895,3.3,2.64,True,0.3333333333333333,0.0,0.75,-3.0,Risk review,Head-and-shoulders risk,"head-and-shoulders, risk, distribution",420.23,,,2.04,,,420.23,"A possible head-and-shoulders top is forming or breaking. This is a caution signal, not an entry setup.",Risk review,0.68
CHOICEIN,Choice International Ltd.,CHOICEIN.NS,Financial Services,True,,NIFTY 500,^CRSLDX,2026-10-06,727.15,0.16,-1.89,-3.49,857731.0,456441.0,1.88,623699096.65,39.27,41.42,False,False,False,False,False,-2.53,-6.54,-0.41,False,False,False,False,4.99,0.0327503,0.03375482,-2.98,-0.89,False,0.3333333333333333,0.0,1.88,0.0,No clear setup,,,,,,,,,,,Weakening,0.62
CCL,CCL Products (I) Ltd.,CCL.NS,Fast Moving Consumer Goods,True,,NIFTY 500,^CRSLDX,2026-10-06,1054.9,0.29,4.84,-6.7,155651.0,168292.0,0.92,164196239.9,46.08,28.02,True,False,False,False,False,-0.21,-3.76,0.8,False,False,False,False,-0.11,0.04751192,0.04764949,-0.29,-0.22,False,0.6666666666666666,0.0,0.92,-3.0,Risk review,Head-and-shoulders risk,"head-and-shoulders, risk, distribution",1059.05,,,0.39,,,1059.05,"A possible head-and-shoulders top is forming or breaking. This is a caution signal, not an entry setup.",Risk review,0.61
NESTLEIND,Nestle India Ltd.,NESTLEIND.NS,Fast Moving Consumer Goods,True,,NIFTY 500,^CRSLDX,2026-10-06,1341.4,3.42,-0.32,-4.22,1650856.0,1261767.0,1.31,2214458238.4,42.86,36.35,True,False,False,False,False,-1.15,-6.17,0.83,False,False,False,False,5.08,0.06041567,0.06201724,-2.58,-0.78,False,0.6666666666666666,0.0,1.31,2.2,Watch,Possible inverse H&S,"inverse-head-and-shoulders, base, reversal",1416.45,,,5.3,,,1416.45,A possible inverse head-and-shoulders base is visible. The setup improves only if price clears or holds near the neckline with better volume.,Setup watch: Possible inverse H&S,0.61
JMFINANCIL,JM Financial Ltd.,JMFINANCIL.NS,Financial Services,True,,NIFTY 500,^CRSLDX,2026-10-06,124.0,0.73,-1.42,-3.48,1300787.0,2138911.0,0.61,161297588.0,45.42,47.99,False,False,False,False,False,-0.88,-2.15,-1.42,False,False,False,False,-9.24,0.00558487,0.00547676,1.97,-3.46,True,0.0,0.0,0.61,-2.0,Risk review,Head-and-shoulders risk,"head-and-shoulders, risk, distribution",118.87,,,4.32,,,118.87,"A possible head-and-shoulders top is forming or breaking. This is a caution signal, not an entry setup.",Risk review,0.61
BERGEPAINT,Berger Paints India Ltd.,BERGEPAINT.NS,Consumer Durables,True,,NIFTY 500,^CRSLDX,2026-10-06,472.55,3.09,5.43,-1.44,383616.0,437010.0,0.88,181277740.8,53.08,35.11,True,True,False,False,False,3.67,-4.35,-1.78,False,True,False,False,7.44,0.0212833,0.02145005,-0.78,0.72,False,0.3333333333333333,0.5,0.88,-3.0,Risk review,Head-and-shoulders risk,"head-and-shoulders, risk, distribution, inverse-head-and-shoulders, base, reversal",482.7,,,2.1,,,482.7,"A possible head-and-shoulders top is forming or breaking. This is a caution signal, not an entry setup. Secondary patterns: Possible inverse H&S.",Risk review,0.59
DOMS,DOMS Industries Ltd.,DOMS.NS,Fast Moving Consumer Goods,True,,NIFTY 500,^CRSLDX,2026-10-06,2073.2,-0.32,1.01,-5.39,11709.0,31039.0,0.38,24275098.8,39.47,33.01,False,False,False,False,False,-1.51,-4.84,-1.98,False,False,False,False,-1.71,0.0933754,0.09448,-1.17,-1.64,False,0.0,0.0,0.38,0.0,No clear setup,,,,,,,,,,,Mean reversion bounce,0.57
HDFCAMC,HDFC Asset Management Company Ltd.,HDFCAMC.NS,Financial Services,True,,NIFTY 500,^CRSLDX,2026-10-06,2352.4,0.27,5.81,-3.88,885381.0,732026.0,1.21,2082770264.4,43.92,25.33,True,False,False,False,False,-0.9,-5.17,-0.98,False,False,False,False,-2.82,0.10595036,0.10754448,-1.48,-1.87,False,0.0,0.0,1.21,0.0,No clear setup,,,,,,,,,,,Mean reversion bounce,0.53
NTPC,NTPC Ltd.,NTPC.NS,Power,True,,NIFTY 500,^CRSLDX,2026-10-06,321.45,-0.11,-0.63,-2.83,7317350.0,7803568.0,0.94,2352162157.5,41.66,38.46,False,False,False,False,False,-1.4,-3.55,0.1,False,False,False,False,3.87,0.01447787,0.01445555,0.15,1.74,True,0.3333333333333333,0.0,0.94,-3.0,Risk review,Head-and-shoulders risk,"head-and-shoulders, risk, distribution",354.57,,,9.34,,,354.57,"A possible head-and-shoulders top is forming or breaking. This is a caution signal, not an entry setup.",Risk review,0.5
ZENSARTECH,Zensar Technolgies Ltd.,ZENSARTECH.NS,Information Technology,True,,NIFTY 500,^CRSLDX,2026-10-06,445.45,-1.34,3.83,-1.13,605170.0,3810756.0,0.16,269572976.5,50.34,39.25,True,True,False,False,False,2.47,-4.3,-5.3,False,False,False,False,5.36,0.02006274,0.02031139,-1.22,0.23,False,0.0,0.0,0.16,-3.0,Risk review,Head-and-shoulders risk,"head-and-shoulders, risk, distribution",510.18,,,12.69,,,510.18,"A possible head-and-shoulders top is forming or breaking. This is a caution signal, not an entry setup.",Risk review,0.5
OFSS,Oracle Financial Services Software Ltd.,OFSS.NS,Information Technology,True,,NIFTY 500,^CRSLDX,2026-10-06,10482.0,0.11,0.73,-11.02,165190.0,230414.0,0.72,1731521580.0,35.14,30.35,False,False,False,False,True,-5.47,-8.86,3.56,False,False,False,False,-15.28,0.47210155,0.49595694,-4.81,-9.64,False,0.6666666666666666,0.0,0.72,0.0,No clear setup,,,,,,,,,,,Mean reversion bounce,0.5
TATASTEEL,Tata Steel Ltd.,TATASTEEL.NS,Metals & Mining,True,,NIFTY 500,^CRSLDX,2026-10-06,178.69,0.31,-4.95,-2.96,17244259.0,27904788.0,0.62,3081376640.71,39.4,53.27,False,False,False,False,False,-3.09,-3.8,0.81,False,False,False,False,2.31,0.00804807,0.00803236,0.2,1.6,True,0.3333333333333333,0.0,0.62,-3.0,Risk review,Head-and-shoulders risk,"head-and-shoulders, risk, distribution",182.97,,,2.34,,,182.97,"A possible head-and-shoulders top is forming or breaking. This is a caution signal, not an entry setup.",Risk review,0.47
DATAPATTNS,Data Patterns (India) Ltd.,DATAPATTNS.NS,Capital Goods,True,,NIFTY 500,^CRSLDX,2026-10-06,4299.2,1.72,1.84,-12.84,362558.0,489015.0,0.74,1558709353.6,42.97,37.2,False,False,False,False,True,-3.36,-4.81,5.0,False,False,False,False,-8.41,0.1936328,0.19524496,-0.83,-1.84,False,0.6666666666666666,0.0,0.74,0.0,No clear setup,,,,,,,,,,,Weakening,0.43
JKCEMENT,J.K. Cement Ltd.,JKCEMENT.NS,Construction Materials,True,,NIFTY 500,^CRSLDX,2026-10-06,4960.0,-0.43,2.81,-0.61,9886.0,70942.0,0.14,49034560.0,46.14,37.58,False,False,False,False,False,-0.15,-3.91,-1.15,False,False,False,False,8.22,0.22339474,0.22515503,-0.78,3.08,False,0.0,0.0,0.14,-3.0,Risk review,Head-and-shoulders risk,"head-and-shoulders, risk, distribution",5093.0,,,2.61,,,5093.0,"A possible head-and-shoulders top is forming or breaking. This is a caution signal, not an entry setup.",Risk review,0.37
MINDACORP,Minda Corporation Ltd.,MINDACORP.NS,Automobile and Auto Components,True,,NIFTY 500,^CRSLDX,2026-10-06,659.6,1.81,-1.95,-6.88,149067.0,203843.0,0.73,98324593.2,40.38,39.86,False,False,False,False,True,-3.23,-6.09,1.57,False,False,False,False,-2.78,0.0297079,0.03034489,-2.1,-2.22,False,0.6666666666666666,0.0,0.73,0.0,No clear setup,,,,,,,,,,,Weakening,0.36
TRIDENT,Trident Ltd.,TRIDENT.NS,Textiles,True,,NIFTY 500,^CRSLDX,2026-10-06,22.56,3.3,0.31,-5.45,6085787.0,2990927.0,2.03,137295354.72,39.47,26.79,False,False,False,False,False,-1.69,-5.56,-1.69,False,False,False,False,0.18,0.00101609,0.00103724,-2.04,-1.51,False,0.0,0.0,2.03,-3.0,Risk review,Head-and-shoulders risk,"head-and-shoulders, risk, distribution",23.03,,,2.04,,,23.03,"A possible head-and-shoulders top is forming or breaking. This is a caution signal, not an entry setup.",Risk review,0.35
ICICIPRULI,ICICI Prudential Life Insurance Company Ltd.,ICICIPRULI.NS,Financial Services,True,,NIFTY 500,^CRSLDX,2026-10-06,459.5,1.01,3.36,-2.09,595212.0,1647248.0,0.36,273499914.0,42.56,31.36,True,False,False,False,False,-1.56,-6.12,-3.07,False,False,False,False,-2.43,0.02069554,0.02126268,-2.67,-2.79,False,0.0,0.0,0.36,0.0,No clear setup,,,,,,,,,,,Mean reversion bounce,0.34
ABCAPITAL,Aditya Birla Capital Ltd.,ABCAPITAL.NS,Financial Services,True,,NIFTY 500,^CRSLDX,2026-10-06,378.9,0.4,0.24,-4.55,4873650.0,2871054.0,1.7,1846625985.0,41.26,38.77,False,False,False,False,True,-2.61,-5.21,1.04,False,False,False,False,1.39,0.01706538,0.01729992,-1.36,-1.28,False,0.6666666666666666,0.0,1.7,-3.0,Risk review,Head-and-shoulders risk,"head-and-shoulders, risk, distribution, inverse-head-and-shoulders, base, reversal",381.0,,,0.55,,,381.0,"A possible head-and-shoulders top is forming or breaking. This is a caution signal, not an entry setup. Secondary patterns: Possible inverse H&S.",Risk review,0.29
PIIND,PI Industries Ltd.,PIIND.NS,Chemicals,True,,NIFTY 500,^CRSLDX,2026-10-06,2250.0,1.35,-1.7,-6.05,617515.0,344557.0,1.79,1389408750.0,38.31,38.35,False,False,False,False,False,-2.73,-8.67,-3.31,False,False,False,False,9.06,0.10133834,0.10760219,-5.82,-2.62,False,0.0,0.0,1.79,0.0,No clear setup,,,,,,,,,,,Weakening,0.28
LTFOODS,LT Foods Ltd.,LTFOODS.NS,Fast Moving Consumer Goods,True,,NIFTY 500,^CRSLDX,2026-10-06,408.15,0.58,1.33,-10.35,285857.0,423712.0,0.67,116672534.55,42.21,36.19,False,False,False,True,True,-2.92,-4.1,0.62,False,False,False,False,-11.08,0.01838278,0.01827425,0.59,-3.41,True,0.6666666666666666,0.0,0.67,-3.0,Risk review,Head-and-shoulders risk,"head-and-shoulders, risk, distribution, breakout, retest, pivot, volume",412.17,,,0.98,,,412.17,"A possible head-and-shoulders top is forming or breaking. This is a caution signal, not an entry setup. Secondary patterns: Breakout retest.",Risk review,0.27
COLPAL,Colgate Palmolive (India) Ltd.,COLPAL.NS,Fast Moving Consumer Goods,True,,NIFTY 500,^CRSLDX,2026-10-06,1809.4,1.94,1.36,-0.58,557765.0,440504.0,1.27,1009219991.0,45.95,37.08,True,False,False,False,False,-0.72,-4.5,-1.45,False,False,False,False,9.37,0.08149404,0.08271078,-1.47,2.44,False,0.0,0.0,1.27,-3.0,Risk review,Head-and-shoulders risk,"head-and-shoulders, risk, distribution",1905.65,,,5.05,,,1905.65,"A possible head-and-shoulders top is forming or breaking. This is a caution signal, not an entry setup.",Risk review,0.24
VTL,Vardhman Textiles Ltd.,VTL.NS,Textiles,True,,NIFTY 500,^CRSLDX,2026-10-06,549.4,3.68,3.75,-5.99,317619.0,371068.0,0.86,174499878.6,45.67,34.38,True,False,False,False,False,-0.79,-5.22,2.01,False,False,False,False,-2.0,0.02474457,0.0252198,-1.88,-2.25,False,0.6666666666666666,0.0,0.86,-3.0,Risk review,Head-and-shoulders risk,"head-and-shoulders, risk, distribution, breakout, retest, pivot, volume",553.3,,,0.7,,,553.3,"A possible head-and-shoulders top is forming or breaking. This is a caution signal, not an entry setup. Secondary patterns: Breakout retest.",Risk review,0.2
J&KBANK,Jammu & Kashmir Bank Ltd.,J&KBANK.NS,Financial Services,True,,NIFTY 500,^CRSLDX,2026-10-06,139.5,-1.43,0.71,-5.12,1505658.0,2099620.0,0.72,210039291.0,36.59,31.69,False,False,False,False,True,-3.23,-6.36,3.33,False,False,False,False,1.96,0.00628298,0.00651941,-3.63,-2.51,False,0.6666666666666666,0.0,0.72,-3.0,Risk review,Head-and-shoulders risk,"head-and-shoulders, risk, distribution",148.69,,,6.18,,,148.69,"A possible head-and-shoulders top is forming or breaking. This is a caution signal, not an entry setup.",Risk review,0.15
RITES,RITES Ltd.,RITES.NS,Construction,True,,NIFTY 500,^CRSLDX,2026-10-06,203.51,-1.08,5.82,-4.44,616591.0,5031417.0,0.12,125482434.41,44.29,21.75,True,False,False,False,False,-0.83,-4.92,-1.23,False,False,False,False,5.42,0.00916594,0.00926203,-1.04,-0.3,False,0.3333333333333333,0.0,0.12,-2.0,Risk review,Head-and-shoulders risk,"head-and-shoulders, risk, distribution",200.62,,,1.44,,,200.62,"A possible head-and-shoulders top is forming or breaking. This is a caution signal, not an entry setup.",Risk review,0.14
JKTYRE,JK Tyre & Industries Ltd.,JKTYRE.NS,Automobile and Auto Components,True,,NIFTY 500,^CRSLDX,2026-10-06,339.35,0.15,1.36,-6.8,354281.0,506871.0,0.7,120225257.35,37.18,28.26,False,False,False,False,False,-2.04,-8.22,-2.98,False,False,False,False,4.97,0.01528407,0.01609507,-5.04,-3.8,False,0.0,0.0,0.7,0.0,No clear setup,,,,,,,,,,,Mean reversion bounce,0.14
RPOWER,Reliance Power Ltd.,RPOWER.NS,Power,True,,NIFTY 500,^CRSLDX,2026-10-06,20.49,1.99,3.64,-5.62,48663848.0,24435987.0,1.99,997122245.52,43.06,23.69,True,False,False,False,False,-1.01,-7.07,-5.68,False,False,False,False,4.67,0.00092285,0.0009599,-3.86,-2.59,False,0.0,0.0,1.99,-3.0,Risk review,Head-and-shoulders risk,"head-and-shoulders, risk, distribution",21.64,,,5.29,,,21.64,"A possible head-and-shoulders top is forming or breaking. This is a caution signal, not an entry setup.",Risk review,0.13
DALBHARAT,Dalmia Bharat Ltd.,DALBHARAT.NS,Construction Materials,True,,NIFTY 500,^CRSLDX,2026-10-06,1682.6,0.53,2.76,-1.05,25720.0,82547.0,0.31,43276472.0,41.69,31.65,False,False,False,False,False,-1.52,-5.42,-1.78,False,False,False,False,0.32,0.07578306,0.07712511,-1.74,-0.5,False,0.0,0.0,0.31,-2.0,Risk review,Head-and-shoulders risk,"head-and-shoulders, risk, distribution",1671.45,,,0.67,,,1671.45,"A possible head-and-shoulders top is forming or breaking. This is a caution signal, not an entry setup.",Risk review,0.1
PIDILITIND,Pidilite Industries Ltd.,PIDILITIND.NS,Chemicals,True,,NIFTY 500,^CRSLDX,2026-10-06,1520.5,2.2,4.07,-4.55,608466.0,643283.0,0.95,925172553.0,44.94,28.24,True,False,False,False,True,-0.63,-5.16,0.46,False,False,False,False,-1.95,0.0684822,0.0694551,-1.4,-2.8,False,0.6666666666666666,0.0,0.95,-3.0,Risk review,Head-and-shoulders risk,"head-and-shoulders, risk, distribution, inverse-head-and-shoulders, base, reversal",1529.1,,,0.56,,,1529.1,"A possible head-and-shoulders top is forming or breaking. This is a caution signal, not an entry setup. Secondary patterns: Possible inverse H&S.",Risk review,0.09
HINDUNILVR,Hindustan Unilever Ltd.,HINDUNILVR.NS,Fast Moving Consumer Goods,True,,NIFTY 500,^CRSLDX,2026-10-06,1895.2,3.09,1.68,-4.28,1576062.0,1304336.0,1.21,2986952702.4,43.72,30.31,True,False,False,False,False,-0.95,-4.8,-1.78,False,False,False,False,4.89,0.08535841,0.08653979,-1.37,1.17,False,0.0,0.0,1.21,-3.0,Risk review,Head-and-shoulders risk,"head-and-shoulders, risk, distribution",2044.1,,,7.28,,,2044.1,"A possible head-and-shoulders top is forming or breaking. This is a caution signal, not an entry setup.",Risk review,0.08
HINDZINC,Hindustan Zinc Ltd.,HINDZINC.NS,Metals & Mining,True,,NIFTY 500,^CRSLDX,2026-10-06,557.65,-0.59,-1.0,-6.36,2198787.0,4104718.0,0.54,1226153570.55,41.38,42.05,False,False,False,False,False,-3.3,-3.9,0.18,False,False,False,False,-2.35,0.02511614,0.0249873,0.52,-0.66,True,0.3333333333333333,0.0,0.54,-3.0,Risk review,Head-and-shoulders risk,"head-and-shoulders, risk, distribution, breakout, retest, pivot, volume",558.9,,,0.22,,,558.9,"A possible head-and-shoulders top is forming or breaking. This is a caution signal, not an entry setup. Secondary patterns: Breakout retest.",Risk review,0.02
IOC,Indian Oil Corporation Ltd.,IOC.NS,Oil Gas & Consumable Fuels,True,,NIFTY 500,^CRSLDX,2026-10-06,131.6,0.84,0.21,-2.05,6515655.0,8582632.0,0.76,857460198.0,41.54,36.24,False,False,False,False,False,-2.07,-4.09,-1.93,False,False,False,False,1.45,0.00592717,0.0059481,-0.35,0.02,False,0.0,0.0,0.76,0.0,No clear setup,,,,,,,,,,,Neutral / watch,0.0
ITI,ITI Ltd.,ITI.NS,Telecommunication,True,,NIFTY 500,^CRSLDX,2026-10-06,247.84,2.94,1.82,-8.28,567023.0,214549.0,2.64,140530980.32,38.93,23.55,True,False,False,False,False,-1.96,-7.41,-1.86,False,False,False,False,1.33,0.01116253,0.01161454,-3.89,-3.31,False,0.0,0.0,2.64,-3.0,Risk review,Head-and-shoulders risk,"head-and-shoulders, risk, distribution",260.1,,,4.71,,,260.1,"A possible head-and-shoulders top is forming or breaking. This is a caution signal, not an entry setup.",Risk review,-0.01
BANKINDIA,Bank of India,BANKINDIA.NS,Financial Services,True,,NIFTY 500,^CRSLDX,2026-10-06,132.16,-1.0,1.58,-6.18,3280724.0,5531082.0,0.59,433580483.84,39.14,29.17,False,False,False,False,False,-2.88,-5.55,-0.33,False,False,False,False,-8.26,0.00595239,0.00605312,-1.66,-4.54,False,0.0,0.0,0.59,0.0,No clear setup,,,,,,,,,,,Mean reversion bounce,-0.01
IFCI,IFCI Ltd.,IFCI.NS,Financial Services,True,,NIFTY 500,^CRSLDX,2026-10-06,65.51,1.91,-7.69,-29.26,29555126.0,73169207.0,0.4,1936156304.26,33.31,37.17,False,False,False,False,False,-12.27,-17.48,3.87,False,False,False,False,-59.11,0.00295052,0.00341474,-13.59,-28.46,False,0.6666666666666666,0.0,0.4,3.4,Actionable watch,Possible inverse H&S,"inverse-head-and-shoulders, base, reversal",62.0,,,5.66,,,62.0,A possible inverse head-and-shoulders base is visible. The setup improves only if price clears or holds near the neckline with better volume.,Setup watch: Possible inverse H&S,-0.01
NAM-INDIA,Nippon Life India Asset Management Ltd.,NAM-INDIA.NS,Financial Services,True,,NIFTY 500,^CRSLDX,2026-10-06,1073.5,1.18,0.51,-9.71,456986.0,867874.0,0.53,490574471.0,38.03,32.75,False,False,False,False,True,-4.62,-7.8,2.64,False,False,False,False,-2.54,0.04834965,0.05031605,-3.91,-3.48,False,0.6666666666666666,0.0,0.53,-3.0,Risk review,Head-and-shoulders risk,"head-and-shoulders, risk, distribution, inverse-head-and-shoulders, base, reversal",1092.7,,,1.76,,,1092.7,"A possible head-and-shoulders top is forming or breaking. This is a caution signal, not an entry setup. Secondary patterns: Possible inverse H&S.",Risk review,-0.05
RAILTEL,Railtel Corporation Of India Ltd.,RAILTEL.NS,Telecommunication,True,,NIFTY 500,^CRSLDX,2026-10-06,257.65,2.12,-0.62,-3.25,511182.0,874217.0,0.58,131706042.3,43.69,41.5,False,False,False,False,False,-0.81,-5.75,-2.58,False,False,False,False,4.57,0.01160437,0.01188388,-2.35,-0.39,False,0.0,0.0,0.58,0.0,No clear setup,,,,,,,,,,,Weakening,-0.08
TATACONSUM,Tata Consumer Products Ltd.,TATACONSUM.NS,Fast Moving Consumer Goods,True,,NIFTY 500,^CRSLDX,2026-10-06,976.0,2.33,0.86,-3.76,904358.0,1330670.0,0.68,882653408.0,43.47,34.4,True,False,False,False,False,-0.65,-5.26,-1.63,False,False,False,False,4.88,0.04395832,0.04478836,-1.85,0.3,False,0.0,0.0,0.68,-3.0,Risk review,Head-and-shoulders risk,"head-and-shoulders, risk, distribution",1090.85,,,10.53,,,1090.85,"A possible head-and-shoulders top is forming or breaking. This is a caution signal, not an entry setup.",Risk review,-0.09
CONCORDBIO,Concord Biotech Ltd.,CONCORDBIO.NS,Healthcare,True,,NIFTY 500,^CRSLDX,2026-10-06,1368.8,0.95,-2.97,-6.92,41856.0,176412.0,0.24,57292492.8,40.06,43.17,False,False,False,True,True,-5.81,-6.08,0.73,False,False,False,False,-8.44,0.06164974,0.0624671,-1.31,-0.97,False,0.6666666666666666,0.0,0.24,-2.0,Risk review,Head-and-shoulders risk,"head-and-shoulders, risk, distribution, breakout, retest, pivot, volume, inverse-head-and-shoulders, base, reversal",1324.8,,,3.32,,,1324.8,"A possible head-and-shoulders top is forming or breaking. This is a caution signal, not an entry setup. Secondary patterns: Breakout retest, Possible inverse H&S.",Risk review,-0.09
ANURAS,Anupam Rasayan India Ltd.,ANURAS.NS,Chemicals,True,,NIFTY 500,^CRSLDX,2026-10-06,1170.2,0.5,-0.65,-5.12,440690.0,616044.0,0.72,515695438.0,40.68,41.01,False,False,False,False,False,-1.53,-3.52,-0.9,False,False,False,False,-5.51,0.05270495,0.05253296,0.33,-1.18,True,0.0,0.0,0.72,-3.0,Risk review,Head-and-shoulders risk,"head-and-shoulders, risk, distribution",1204.75,,,2.87,,,1204.75,"A possible head-and-shoulders top is forming or breaking. This is a caution signal, not an entry setup.",Risk review,-0.09
IDEA,Vodafone Idea Ltd.,IDEA.NS,Telecommunication,True,,NIFTY 500,^CRSLDX,2026-10-06,13.21,3.69,-2.58,-14.33,337226121.0,491138843.0,0.69,4454757058.41,41.89,40.68,False,False,False,False,True,-5.45,-5.17,2.17,False,False,False,False,-21.44,0.00059497,0.00059957,-0.77,-4.45,False,0.6666666666666666,0.0,0.69,0.0,No clear setup,,,,,,,,,,,Weakening,-0.09
ASHOKLEY,Ashok Leyland Ltd.,ASHOKLEY.NS,Capital Goods,True,,NIFTY 500,^CRSLDX,2026-10-06,153.7,0.72,0.17,-9.05,9995070.0,13030223.0,0.77,1536242259.0,38.7,33.94,False,False,False,False,False,-2.94,-7.93,-0.57,False,False,False,False,-2.3,0.00692253,0.00720204,-3.88,-4.94,False,0.0,0.0,0.77,0.0,No clear setup,,,,,,,,,,,Mean reversion bounce,-0.09
TATAPOWER,Tata Power Co. Ltd.,TATAPOWER.NS,Power,True,,NIFTY 500,^CRSLDX,2026-10-06,351.65,0.04,-2.05,-3.8,5741438.0,3765960.0,1.52,2018976672.7,37.06,41.93,False,False,False,False,False,-3.01,-4.57,-0.44,False,False,False,False,2.14,0.01583806,0.01596164,-0.77,0.71,False,0.0,0.0,1.52,-3.0,Risk review,Head-and-shoulders risk,"head-and-shoulders, risk, distribution",361.93,,,2.84,,,361.93,"A possible head-and-shoulders top is forming or breaking. This is a caution signal, not an entry setup.",Risk review,-0.11
RECLTD,REC Ltd.,RECLTD.NS,Financial Services,True,,NIFTY 500,^CRSLDX,2026-10-06,300.0,1.47,2.58,-5.62,5488691.0,7064300.0,0.78,1646607300.0,42.53,28.52,True,False,False,False,False,-1.85,-7.9,-1.17,False,False,False,False,11.67,0.01351178,0.01422665,-5.02,0.19,False,0.0,0.0,0.78,-3.0,Risk review,Head-and-shoulders risk,"head-and-shoulders, risk, distribution",327.6,,,8.42,,,327.6,"A possible head-and-shoulders top is forming or breaking. This is a caution signal, not an entry setup.",Risk review,-0.11
NHPC,NHPC Ltd.,NHPC.NS,Power,True,,NIFTY 500,^CRSLDX,2026-10-06,73.11,1.54,-0.29,-3.68,5480099.0,9860349.0,0.56,400650037.89,39.33,34.15,False,False,False,False,False,-2.48,-4.02,-0.26,False,False,False,False,-0.5,0.00329282,0.00330269,-0.3,0.16,False,0.0,0.0,0.56,-3.0,Risk review,Head-and-shoulders risk,"head-and-shoulders, risk, distribution",73.77,,,0.89,,,73.77,"A possible head-and-shoulders top is forming or breaking. This is a caution signal, not an entry setup.",Risk review,-0.12
APOLLOHOSP,Apollo Hospitals Enterprise Ltd.,APOLLOHOSP.NS,Healthcare,True,,NIFTY 500,^CRSLDX,2026-10-06,7914.5,-0.88,-8.6,-10.44,1072883.0,546535.0,1.96,8491332503.5,25.48,42.9,False,False,False,False,False,-8.56,-9.57,1.99,False,False,False,False,-3.47,0.35646325,0.37892923,-5.93,-4.63,False,0.6666666666666666,0.0,1.96,0.0,No clear setup,,,,,,,,,,,Weakening,-0.13
OLAELEC,Ola Electric Mobility Ltd.,OLAELEC.NS,Automobile and Auto Components,True,,NIFTY 500,^CRSLDX,2026-10-06,35.96,-1.96,-3.9,-4.44,57079984.0,101115720.0,0.56,2052596224.64,41.04,46.08,False,False,False,False,True,-5.2,-6.48,0.76,False,False,False,False,8.25,0.00161961,0.00165968,-2.41,0.51,False,0.6666666666666666,0.0,0.56,-3.0,Risk review,Head-and-shoulders risk,"head-and-shoulders, risk, distribution",36.7,,,2.02,,,36.7,"A possible head-and-shoulders top is forming or breaking. This is a caution signal, not an entry setup.",Risk review,-0.15
EXIDEIND,Exide Industries Ltd.,EXIDEIND.NS,Automobile and Auto Components,True,,NIFTY 500,^CRSLDX,2026-10-06,405.75,0.12,-0.31,-2.97,1097415.0,2102392.0,0.52,445276136.25,37.07,36.04,False,False,False,False,True,-2.67,-7.69,1.29,False,False,False,False,9.45,0.01827468,0.01903388,-3.99,0.46,False,0.6666666666666666,0.0,0.52,-3.0,Risk review,Head-and-shoulders risk,"head-and-shoulders, risk, distribution, breakout, retest, pivot, volume, inverse-head-and-shoulders, base, reversal",412.73,,,1.69,,,412.73,"A possible head-and-shoulders top is forming or breaking. This is a caution signal, not an entry setup. Secondary patterns: Breakout retest, Possible inverse H&S.",Risk review,-0.16
SWANCORP,Swan Corp Ltd.,SWANCORP.NS,Chemicals,True,,NIFTY 500,^CRSLDX,2026-10-06,268.85,2.26,-5.35,-2.87,817660.0,4072459.0,0.2,219827891.0,32.79,38.3,False,False,False,False,False,-6.73,-9.16,-4.85,False,False,False,False,5.86,0.01210881,0.01284428,-5.73,-0.89,False,0.0,0.0,0.2,0.0,No clear setup,,,,,,,,,,,Weakening,-0.18
HONAUT,Honeywell Automation India Ltd.,HONAUT.NS,Capital Goods,True,,NIFTY 500,^CRSLDX,2026-10-06,33780.0,-0.01,-0.59,-3.65,2116.0,4803.0,0.44,71478480.0,41.4,41.04,True,False,False,False,True,-0.74,-5.7,0.06,False,False,False,False,6.4,1.5214263,1.55638973,-2.25,0.32,False,0.6666666666666666,0.0,0.44,-3.0,Risk review,Head-and-shoulders risk,"head-and-shoulders, risk, distribution, inverse-head-and-shoulders, base, reversal",34925.0,,,3.28,,,34925.0,"A possible head-and-shoulders top is forming or breaking. This is a caution signal, not an entry setup. Secondary patterns: Possible inverse H&S.",Risk review,-0.19
TATAINVEST,Tata Investment Corporation Ltd.,TATAINVEST.NS,Financial Services,True,,NIFTY 500,^CRSLDX,2026-10-06,624.15,0.39,-0.21,0.34,335796.0,2484522.0,0.14,209587073.4,41.51,40.18,False,False,False,False,False,-4.71,-4.89,-0.87,False,False,False,False,4.88,0.02811126,0.02831548,-0.72,2.47,False,0.0,0.0,0.14,-2.0,Risk review,Head-and-shoulders risk,"head-and-shoulders, risk, distribution",595.5,,,4.81,,,595.5,"A possible head-and-shoulders top is forming or breaking. This is a caution signal, not an entry setup.",Risk review,-0.21
GPIL,Godawari Power & Ispat Ltd.,GPIL.NS,Capital Goods,True,,NIFTY 500,^CRSLDX,2026-10-06,218.98,3.62,-1.07,-10.88,2728607.0,1613685.0,1.69,597510360.86,37.09,31.51,False,False,False,False,False,-5.49,-8.25,-0.41,False,False,False,False,-4.42,0.0098627,0.01033195,-4.54,-4.4,False,0.0,0.0,1.69,-3.0,Risk review,Head-and-shoulders risk,"head-and-shoulders, risk, distribution",234.12,,,6.47,,,234.12,"A possible head-and-shoulders top is forming or breaking. This is a caution signal, not an entry setup.",Risk review,-0.23
SUNDARMFIN,Sundaram Finance Ltd.,SUNDARMFIN.NS,Financial Services,True,,NIFTY 500,^CRSLDX,2026-10-06,4347.8,1.86,0.3,-7.74,31040.0,47725.0,0.65,134955712.0,37.69,30.96,False,False,False,False,False,-4.81,-4.99,-0.67,False,False,False,False,-1.05,0.19582171,0.19732478,-0.76,-0.53,False,0.0,0.0,0.65,-3.0,Risk review,Head-and-shoulders risk,"head-and-shoulders, risk, distribution",4372.25,,,0.56,,,4372.25,"A possible head-and-shoulders top is forming or breaking. This is a caution signal, not an entry setup.",Risk review,-0.26
NIVABUPA,Niva Bupa Health Insurance Company Ltd.,NIVABUPA.NS,Financial Services,True,,NIFTY 500,^CRSLDX,2026-10-06,76.56,0.94,4.48,-4.95,618602.0,1492328.0,0.41,47360169.12,44.38,25.93,True,False,False,False,False,-1.6,-5.87,0.33,False,False,False,False,4.83,0.00344821,0.00353499,-2.46,-0.68,False,0.6666666666666666,0.0,0.41,-3.0,Risk review,Head-and-shoulders risk,"head-and-shoulders, risk, distribution, breakout, retest, pivot, volume, inverse-head-and-shoulders, base, reversal",77.21,,,0.84,,,77.21,"A possible head-and-shoulders top is forming or breaking. This is a caution signal, not an entry setup. Secondary patterns: Breakout retest, Possible inverse H&S.",Risk review,-0.29
CHOLAHLDNG,Cholamandalam Financial Holdings Ltd.,CHOLAHLDNG.NS,Financial Services,True,,NIFTY 500,^CRSLDX,2026-10-06,1424.6,1.44,3.85,-6.66,59351.0,190901.0,0.31,84551434.6,42.44,23.07,True,False,False,False,False,-2.11,-5.85,-2.57,False,False,False,False,6.23,0.06416293,0.06547913,-2.01,-0.72,False,0.0,0.0,0.31,-3.0,Risk review,Head-and-shoulders risk,"head-and-shoulders, risk, distribution",1424.9,,,0.02,,,1424.9,"A possible head-and-shoulders top is forming or breaking. This is a caution signal, not an entry setup.",Risk review,-0.29
LUPIN,Lupin Ltd.,LUPIN.NS,Healthcare,True,,NIFTY 500,^CRSLDX,2026-10-06,2029.3,0.91,-1.11,-3.58,1066347.0,703144.0,1.52,2163937967.1,34.43,34.17,False,False,False,False,False,-2.11,-6.89,-0.1,False,False,False,False,8.47,0.09139818,0.09497537,-3.77,-0.31,False,0.0,0.0,1.52,-3.0,Risk review,Head-and-shoulders risk,"head-and-shoulders, risk, distribution",2159.05,,,6.01,,,2159.05,"A possible head-and-shoulders top is forming or breaking. This is a caution signal, not an entry setup.",Risk review,-0.31
IOB,Indian Overseas Bank,IOB.NS,Financial Services,True,,NIFTY 500,^CRSLDX,2026-10-06,31.46,0.35,1.65,-5.64,2269424.0,2757130.0,0.82,71396079.04,42.58,27.0,True,False,False,False,False,-1.37,-4.21,-1.1,False,False,False,False,1.72,0.00141694,0.00142409,-0.5,-0.84,False,0.0,0.0,0.82,-3.0,Risk review,Head-and-shoulders risk,"head-and-shoulders, risk, distribution",32.07,,,1.9,,,32.07,"A possible head-and-shoulders top is forming or breaking. This is a caution signal, not an entry setup.",Risk review,-0.32
HEXT,Hexaware Technologies Ltd.,HEXT.NS,Information Technology,True,,NIFTY 500,^CRSLDX,2026-10-06,500.3,1.04,3.78,-3.58,99472.0,170881.0,0.58,49765841.6,43.45,28.96,True,False,False,False,False,-0.49,-6.46,-4.52,False,False,False,False,1.93,0.02253314,0.02327084,-3.17,-0.97,False,0.0,0.0,0.58,-3.0,Risk review,Head-and-shoulders risk,"head-and-shoulders, risk, distribution, breakout, retest, pivot, volume",504.25,,,0.78,,,504.25,"A possible head-and-shoulders top is forming or breaking. This is a caution signal, not an entry setup. Secondary patterns: Breakout retest.",Risk review,-0.34
ZYDUSWELL,Zydus Wellness Ltd.,ZYDUSWELL.NS,Fast Moving Consumer Goods,True,,NIFTY 500,^CRSLDX,2026-10-06,502.4,3.84,-0.73,-9.99,136730.0,207258.0,0.66,68693152.0,42.37,38.54,False,False,False,False,True,-4.61,-4.86,2.15,False,False,False,False,-5.56,0.02262773,0.02288946,-1.14,-2.23,False,0.6666666666666666,0.0,0.66,-2.0,Risk review,Head-and-shoulders risk,"head-and-shoulders, risk, distribution",483.55,,,3.9,,,483.55,"A possible head-and-shoulders top is forming or breaking. This is a caution signal, not an entry setup.",Risk review,-0.35
IRB,IRB Infrastructure Developers Ltd.,IRB.NS,Construction,True,,NIFTY 500,^CRSLDX,2026-10-06,17.84,5.75,5.06,-7.32,14815112.0,16460414.0,0.9,264301598.08,45.2,22.54,True,False,False,False,False,-1.93,-5.84,-1.34,False,False,False,False,-5.72,0.0008035,0.00082071,-2.1,-5.01,False,0.0,0.0,0.9,-3.0,Risk review,Head-and-shoulders risk,"head-and-shoulders, risk, distribution",19.63,,,9.14,,,19.63,"A possible head-and-shoulders top is forming or breaking. This is a caution signal, not an entry setup.",Risk review,-0.35
CHOLAFIN,Cholamandalam Investment and Finance Company Ltd.,CHOLAFIN.NS,Financial Services,True,,NIFTY 500,^CRSLDX,2026-10-06,1611.0,0.35,-1.0,-11.65,949646.0,1673212.0,0.57,1529879706.0,30.26,26.34,False,False,False,False,False,-6.34,-10.91,0.14,False,False,False,False,-6.04,0.07255825,0.07811668,-7.12,-8.76,False,0.6666666666666666,0.0,0.57,2.43,Actionable watch,Possible inverse H&S,"inverse-head-and-shoulders, base, reversal",1619.25,,,0.51,,,1619.25,A possible inverse head-and-shoulders base is visible. The setup improves only if price clears or holds near the neckline with better volume.,Setup watch: Possible inverse H&S,-0.35
BHARATFORG,Bharat Forge Ltd.,BHARATFORG.NS,Automobile and Auto Components,True,,NIFTY 500,^CRSLDX,2026-10-06,1880.0,2.56,-3.19,-6.17,1089594.0,797037.0,1.37,2048436720.0,39.16,42.17,False,False,False,False,True,-2.95,-7.29,2.83,False,False,False,False,7.92,0.08467381,0.08827342,-4.08,-0.61,False,0.6666666666666666,0.0,1.37,-3.0,Risk review,Head-and-shoulders risk,"head-and-shoulders, risk, distribution",1911.65,,,1.66,,,1911.65,"A possible head-and-shoulders top is forming or breaking. This is a caution signal, not an entry setup.",Risk review,-0.37
UCOBANK,UCO Bank,UCOBANK.NS,Financial Services,True,,NIFTY 500,^CRSLDX,2026-10-06,23.27,0.47,0.95,-3.76,3053454.0,3679939.0,0.83,71053874.58,38.46,29.59,False,False,False,False,False,-1.37,-6.41,-1.99,False,False,False,False,4.53,0.00104806,0.00108107,-3.05,-1.09,False,0.0,0.0,0.83,-3.0,Risk review,Head-and-shoulders risk,"head-and-shoulders, risk, distribution",25.26,,,7.86,,,25.26,"A possible head-and-shoulders top is forming or breaking. This is a caution signal, not an entry setup.",Risk review,-0.37
LTTS,L&T Technology Services Ltd.,LTTS.NS,Information Technology,True,,NIFTY 500,^CRSLDX,2026-10-06,3246.0,0.82,5.33,-4.22,40233.0,58522.0,0.69,130596318.0,43.47,21.93,True,False,False,False,False,-0.92,-5.63,-3.58,False,False,False,False,-3.39,0.14619745,0.14906842,-1.93,-2.9,False,0.0,0.0,0.69,-2.0,Risk review,Head-and-shoulders risk,"head-and-shoulders, risk, distribution",3208.5,,,1.17,,,3208.5,"A possible head-and-shoulders top is forming or breaking. This is a caution signal, not an entry setup.",Risk review,-0.38
MFSL,Max Financial Services Ltd.,MFSL.NS,Financial Services,True,,NIFTY 500,^CRSLDX,2026-10-06,1361.0,0.96,-2.26,-9.19,2855802.0,1539504.0,1.86,3886746522.0,36.2,36.87,False,False,False,False,False,-6.74,-9.71,-1.37,False,False,False,False,-10.53,0.06129844,0.06531663,-6.15,-7.26,False,0.0,0.0,1.86,0.0,No clear setup,,,,,,,,,,,Weakening,-0.4
UNOMINDA,UNO Minda Ltd.,UNOMINDA.NS,Automobile and Auto Components,True,,NIFTY 500,^CRSLDX,2026-10-06,1120.0,1.73,-3.61,-9.46,1038825.0,596701.0,1.74,1163484000.0,35.93,38.31,False,False,False,False,False,-5.72,-8.57,-0.64,False,False,False,False,-8.89,0.05044397,0.05290208,-4.65,-7.56,False,0.3333333333333333,0.0,1.74,0.0,No clear setup,,,,,,,,,,,Weakening,-0.4
TIINDIA,Tube Investments of India Ltd.,TIINDIA.NS,Automobile and Auto Components,True,,NIFTY 500,^CRSLDX,2026-10-06,2472.7,6.58,2.47,-6.29,780130.0,286450.0,2.72,1929027451.0,42.26,24.38,True,False,False,False,False,-1.77,-7.86,-0.4,False,False,False,False,-6.69,0.11136859,0.11670137,-4.57,-5.32,False,0.0,0.0,2.72,-3.0,Risk review,Head-and-shoulders risk,"head-and-shoulders, risk, distribution",2545.85,,,2.87,,,2545.85,"A possible head-and-shoulders top is forming or breaking. This is a caution signal, not an entry setup.",Risk review,-0.41
HOMEFIRST,Home First Finance Company India Ltd.,HOMEFIRST.NS,Financial Services,True,,NIFTY 500,^CRSLDX,2026-10-06,1111.5,1.4,1.56,-10.15,212389.0,285656.0,0.74,236070373.5,39.91,32.8,False,False,False,False,False,-4.41,-5.68,0.22,False,False,False,False,-6.03,0.05006114,0.05096767,-1.78,-3.1,False,0.6666666666666666,0.0,0.74,-2.0,Risk review,Head-and-shoulders risk,"head-and-shoulders, risk, distribution",1084.25,,,2.51,,,1084.25,"A possible head-and-shoulders top is forming or breaking. This is a caution signal, not an entry setup.",Risk review,-0.42
SOBHA,Sobha Ltd.,SOBHA.NS,Realty,True,,NIFTY 500,^CRSLDX,2026-10-06,1190.7,-0.63,-2.12,-5.17,401261.0,104335.0,3.85,477781472.7,34.38,40.75,False,False,False,False,False,-1.97,-6.29,-1.83,False,False,False,False,4.29,0.05362825,0.05526306,-2.96,-0.96,False,0.0,0.0,3.85,-3.0,Risk review,Head-and-shoulders risk,"head-and-shoulders, risk, distribution",1295.35,,,8.08,,,1295.35,"A possible head-and-shoulders top is forming or breaking. This is a caution signal, not an entry setup.",Risk review,-0.44
IRFC,Indian Railway Finance Corporation Ltd.,IRFC.NS,Financial Services,True,,NIFTY 500,^CRSLDX,2026-10-06,77.1,0.78,-3.94,-5.98,6659066.0,10005186.0,0.67,513413988.6,34.24,42.39,False,False,False,False,False,-3.04,-7.8,-3.67,False,False,False,False,3.25,0.00347253,0.00363357,-4.43,-2.3,False,0.0,0.0,0.67,0.0,No clear setup,,,,,,,,,,,Weakening,-0.46
NATCOPHARM,NATCO Pharma Ltd.,NATCOPHARM.NS,Healthcare,True,,NIFTY 500,^CRSLDX,2026-10-06,823.65,0.26,-2.31,-0.25,225113.0,513399.0,0.44,185414322.45,42.83,50.4,False,False,False,False,False,-0.02,-4.37,-0.94,False,False,False,False,9.16,0.03709659,0.03747741,-1.02,2.9,False,0.0,0.0,0.44,-3.0,Risk review,Head-and-shoulders risk,"head-and-shoulders, risk, distribution",833.5,,,1.18,,,833.5,"A possible head-and-shoulders top is forming or breaking. This is a caution signal, not an entry setup.",Risk review,-0.47
JUBLFOOD,Jubilant Foodworks Ltd.,JUBLFOOD.NS,Consumer Services,True,,NIFTY 500,^CRSLDX,2026-10-06,449.75,0.91,-2.86,-6.38,1587592.0,1142873.0,1.39,714019502.0,38.22,41.09,False,False,False,False,False,-4.44,-6.32,-2.13,False,False,False,False,-6.64,0.02025641,0.02065415,-1.93,-2.46,False,0.3333333333333333,0.0,1.39,0.0,No clear setup,,,,,,,,,,,Weakening,-0.49
CROMPTON,Crompton Greaves Consumer Electricals Ltd.,CROMPTON.NS,Consumer Durables,True,,NIFTY 500,^CRSLDX,2026-10-06,211.98,0.23,0.29,-8.59,1180238.0,2537527.0,0.47,250186851.24,36.51,25.13,False,False,False,False,False,-3.72,-10.15,-1.36,False,False,False,False,12.41,0.00954742,0.01025942,-6.94,-1.98,False,0.0,0.0,0.47,-3.0,Risk review,Head-and-shoulders risk,"head-and-shoulders, risk, distribution",236.95,,,10.54,,,236.95,"A possible head-and-shoulders top is forming or breaking. This is a caution signal, not an entry setup.",Risk review,-0.55
ZENTEC,Zen Technologies Ltd.,ZENTEC.NS,Capital Goods,True,,NIFTY 500,^CRSLDX,2026-10-06,1614.3,0.93,-0.34,-11.55,177507.0,260324.0,0.68,286549550.1,38.36,34.45,False,False,False,False,True,-2.82,-7.4,1.84,False,False,False,False,-13.1,0.07270688,0.0754352,-3.62,-6.61,False,0.6666666666666666,0.0,0.68,-3.0,Risk review,Head-and-shoulders risk,"head-and-shoulders, risk, distribution",1651.55,,,2.26,,,1651.55,"A possible head-and-shoulders top is forming or breaking. This is a caution signal, not an entry setup.",Risk review,-0.55
GRAVITA,Gravita India Ltd.,GRAVITA.NS,Metals & Mining,True,,NIFTY 500,^CRSLDX,2026-10-06,1500.9,5.44,3.73,-10.78,796225.0,239349.0,3.33,1195054102.5,38.27,16.31,True,False,False,False,False,-3.29,-10.11,-1.67,False,False,False,False,-6.71,0.06759943,0.07249183,-6.75,-6.7,False,0.3333333333333333,0.0,3.33,-3.0,Risk review,Head-and-shoulders risk,"head-and-shoulders, risk, distribution, breakout, retest, pivot, volume",1575.55,,,4.74,,,1575.55,"A possible head-and-shoulders top is forming or breaking. This is a caution signal, not an entry setup. Secondary patterns: Breakout retest.",Risk review,-0.55
MARICO,Marico Ltd.,MARICO.NS,Fast Moving Consumer Goods,True,,NIFTY 500,^CRSLDX,2026-10-06,794.15,0.53,0.89,-3.61,1467158.0,1770613.0,0.83,1165143525.7,42.03,36.55,False,False,False,False,False,-1.39,-4.49,0.9,False,False,False,False,2.35,0.03576793,0.03611446,-0.96,0.53,False,0.6666666666666666,0.0,0.83,-2.0,Risk review,Head-and-shoulders risk,"head-and-shoulders, risk, distribution",757.4,,,4.85,,,757.4,"A possible head-and-shoulders top is forming or breaking. This is a caution signal, not an entry setup.",Risk review,-0.59
BLS,BLS International Services Ltd.,BLS.NS,Consumer Services,True,,NIFTY 500,^CRSLDX,2026-10-06,223.97,3.81,2.01,-5.78,860041.0,770885.0,1.12,192623382.77,43.26,31.25,True,False,False,False,False,-0.81,-7.13,-3.51,False,False,False,False,1.19,0.01008744,0.01043776,-3.36,-2.32,False,0.0,0.0,1.12,-3.0,Risk review,Head-and-shoulders risk,"head-and-shoulders, risk, distribution",231.32,,,3.18,,,231.32,"A possible head-and-shoulders top is forming or breaking. This is a caution signal, not an entry setup.",Risk review,-0.61
OBEROIRLTY,Oberoi Realty Ltd.,OBEROIRLTY.NS,Realty,True,,NIFTY 500,^CRSLDX,2026-10-06,1751.8,0.03,-0.63,-4.47,226302.0,457832.0,0.49,396435843.6,41.67,42.93,False,False,False,False,True,-1.47,-3.75,0.76,False,False,False,False,-12.76,0.07889978,0.07892328,-0.03,-3.54,False,0.6666666666666666,0.0,0.49,-2.0,Risk review,Head-and-shoulders risk,"head-and-shoulders, risk, distribution, breakout, retest, pivot, volume",1678.3,,,4.38,,,1678.3,"A possible head-and-shoulders top is forming or breaking. This is a caution signal, not an entry setup. Secondary patterns: Breakout retest.",Risk review,-0.61
ACC,ACC Ltd.,ACC.NS,Construction Materials,True,,NIFTY 500,^CRSLDX,2026-10-06,1177.0,-0.62,-2.13,-6.79,62747.0,146318.0,0.43,73853219.0,26.77,30.97,False,False,False,False,False,-3.98,-8.29,-3.68,False,False,False,False,2.74,0.05301121,0.05576041,-4.93,-3.09,False,0.0,0.0,0.43,0.0,No clear setup,,,,,,,,,,,Weakening,-0.62
MGL,Mahanagar Gas Ltd.,MGL.NS,Oil Gas & Consumable Fuels,True,,NIFTY 500,^CRSLDX,2026-10-06,1039.8,-0.37,-1.02,-5.75,57016.0,136354.0,0.42,59285236.8,37.8,39.83,False,False,False,False,False,-2.73,-4.94,-0.59,False,False,False,False,5.28,0.04683183,0.04730352,-1.0,2.12,False,0.3333333333333333,0.0,0.42,-3.0,Risk review,Head-and-shoulders risk,"head-and-shoulders, risk, distribution",1044.2,,,0.42,,,1044.2,"A possible head-and-shoulders top is forming or breaking. This is a caution signal, not an entry setup.",Risk review,-0.63
VMM,Vishal Mega Mart Ltd.,VMM.NS,Consumer Services,True,,NIFTY 500,^CRSLDX,2026-10-06,100.95,2.75,-3.21,-2.84,15107047.0,10581017.0,1.43,1525056394.65,45.11,49.36,False,False,False,False,False,-1.03,-4.24,-2.74,False,False,False,False,-2.36,0.00454671,0.00457706,-0.66,-1.92,False,0.0,0.0,1.43,-3.0,Risk review,Head-and-shoulders risk,"head-and-shoulders, risk, distribution",106.74,,,5.42,,,106.74,"A possible head-and-shoulders top is forming or breaking. This is a caution signal, not an entry setup.",Risk review,-0.63
JWL,Jupiter Wagons Ltd.,JWL.NS,Capital Goods,True,,NIFTY 500,^CRSLDX,2026-10-06,224.64,0.54,2.19,-7.33,775749.0,2042373.0,0.38,174264255.36,40.17,26.06,False,False,False,False,False,-2.3,-7.55,-2.08,False,False,False,False,3.72,0.01011762,0.01053195,-3.93,-2.41,False,0.0,0.0,0.38,-3.0,Risk review,Head-and-shoulders risk,"head-and-shoulders, risk, distribution",241.07,,,6.82,,,241.07,"A possible head-and-shoulders top is forming or breaking. This is a caution signal, not an entry setup.",Risk review,-0.63
KFINTECH,Kfin Technologies Ltd.,KFINTECH.NS,Financial Services,True,,NIFTY 500,^CRSLDX,2026-10-06,863.8,-0.43,3.05,-6.63,518303.0,609487.0,0.85,447710131.4,42.55,31.31,False,False,False,False,False,-2.17,-6.17,-1.96,False,False,False,False,-4.27,0.03890492,0.03990353,-2.5,-2.48,False,0.0,0.0,0.85,-3.0,Risk review,Head-and-shoulders risk,"head-and-shoulders, risk, distribution",864.05,,,0.03,,,864.05,"A possible head-and-shoulders top is forming or breaking. This is a caution signal, not an entry setup.",Risk review,-0.65
HEROMOTOCO,Hero MotoCorp Ltd.,HEROMOTOCO.NS,Automobile and Auto Components,True,,NIFTY 500,^CRSLDX,2026-10-06,5075.0,-0.28,-2.55,-4.85,388296.0,529600.0,0.73,1970602200.0,36.56,42.01,False,False,False,False,False,-3.46,-6.87,-1.19,False,False,False,False,2.53,0.22857426,0.23515424,-2.8,0.13,False,0.3333333333333333,0.0,0.73,-2.0,Risk review,Head-and-shoulders risk,"head-and-shoulders, risk, distribution, breakout, retest, pivot, volume",4918.75,,,3.18,,,4918.75,"A possible head-and-shoulders top is forming or breaking. This is a caution signal, not an entry setup. Secondary patterns: Breakout retest.",Risk review,-0.67
WAAREEENER,Waaree Energies Ltd.,WAAREEENER.NS,Capital Goods,True,,NIFTY 500,^CRSLDX,2026-10-06,2398.0,2.19,0.76,-6.73,394147.0,661032.0,0.6,945164506.0,37.73,30.52,False,False,False,False,False,-3.25,-7.27,-1.7,False,False,False,False,-1.59,0.10800415,0.11222649,-3.76,-2.65,False,0.0,0.0,0.6,-3.0,Risk review,Head-and-shoulders risk,"head-and-shoulders, risk, distribution",2751.15,,,12.84,,,2751.15,"A possible head-and-shoulders top is forming or breaking. This is a caution signal, not an entry setup.",Risk review,-0.68
GODFRYPHLP,Godfrey Phillips India Ltd.,GODFRYPHLP.NS,Fast Moving Consumer Goods,True,,NIFTY 500,^CRSLDX,2026-10-06,1900.0,1.28,2.04,-5.47,146492.0,190809.0,0.77,278334800.0,41.16,31.35,False,False,False,False,False,-1.74,-7.8,-3.89,False,False,False,False,6.18,0.0855746,0.08955591,-4.45,-2.69,False,0.0,0.0,0.77,-3.0,Risk review,Head-and-shoulders risk,"head-and-shoulders, risk, distribution",2032.1,,,6.5,,,2032.1,"A possible head-and-shoulders top is forming or breaking. This is a caution signal, not an entry setup.",Risk review,-0.69
SHREECEM,Shree Cement Ltd.,SHREECEM.NS,Construction Materials,True,,NIFTY 500,^CRSLDX,2026-10-06,22210.0,1.0,1.42,-4.1,22436.0,45770.0,0.49,498303560.0,42.19,34.05,True,False,False,False,False,-0.33,-6.99,-1.5,False,False,False,False,4.32,1.00032203,1.04312837,-4.1,-2.71,False,0.0,0.0,0.49,-3.0,Risk review,Head-and-shoulders risk,"head-and-shoulders, risk, distribution",23277.5,,,4.59,,,23277.5,"A possible head-and-shoulders top is forming or breaking. This is a caution signal, not an entry setup.",Risk review,-0.69
CAMS,Computer Age Management Services Ltd.,CAMS.NS,Financial Services,True,,NIFTY 500,^CRSLDX,2026-10-06,693.9,1.47,4.19,-4.88,1051068.0,1315853.0,0.8,729336085.2,43.05,28.41,True,False,False,False,False,-0.91,-6.38,-0.74,False,False,False,False,1.84,0.03125274,0.03221442,-2.99,-2.76,False,0.3333333333333333,0.0,0.8,-3.0,Risk review,Head-and-shoulders risk,"head-and-shoulders, risk, distribution",727.25,,,4.59,,,727.25,"A possible head-and-shoulders top is forming or breaking. This is a caution signal, not an entry setup.",Risk review,-0.7
ATUL,Atul Ltd.,ATUL.NS,Chemicals,True,,NIFTY 500,^CRSLDX,2026-10-06,6000.0,2.46,0.29,-4.98,37620.0,30987.0,1.21,225720000.0,40.93,33.23,True,False,False,False,False,-1.3,-6.35,0.25,False,False,False,False,0.01,0.27023558,0.27809816,-2.83,-2.86,False,0.3333333333333333,0.0,1.21,-3.0,Risk review,Head-and-shoulders risk,"head-and-shoulders, risk, distribution",6058.5,,,0.97,,,6058.5,"A possible head-and-shoulders top is forming or breaking. This is a caution signal, not an entry setup.",Risk review,-0.72
NLCINDIA,NLC India Ltd.,NLCINDIA.NS,Power,True,,NIFTY 500,^CRSLDX,2026-10-06,254.9,0.97,-0.33,-6.37,1241729.0,1600973.0,0.78,316516722.1,38.57,33.95,False,False,False,False,False,-2.57,-6.66,0.65,False,False,False,False,4.84,0.01148051,0.01189085,-3.45,-2.89,False,0.3333333333333333,0.0,0.78,-3.0,Risk review,Head-and-shoulders risk,"head-and-shoulders, risk, distribution",257.95,,,1.18,,,257.95,"A possible head-and-shoulders top is forming or breaking. This is a caution signal, not an entry setup.",Risk review,-0.73
YESBANK,Yes Bank Ltd.,YESBANK.NS,Financial Services,True,,NIFTY 500,^CRSLDX,2026-10-06,20.86,-0.95,0.72,-7.37,48861066.0,94689617.0,0.52,1019241836.76,35.11,30.02,False,False,False,False,False,-6.21,-7.21,0.19,False,False,False,False,-4.49,0.00093952,0.00097252,-3.39,-3.07,False,0.6666666666666666,0.0,0.52,-3.0,Risk review,Head-and-shoulders risk,"head-and-shoulders, risk, distribution, inverse-head-and-shoulders, base, reversal",21.07,,,0.97,,,21.07,"A possible head-and-shoulders top is forming or breaking. This is a caution signal, not an entry setup. Secondary patterns: Possible inverse H&S.",Risk review,-0.76
POWERGRID,Power Grid Corporation of India Ltd.,POWERGRID.NS,Power,True,,NIFTY 500,^CRSLDX,2026-10-06,257.2,0.08,-1.64,-3.22,4808578.0,10187102.0,0.47,1236766261.6,39.32,41.81,False,False,False,False,False,-2.59,-4.03,-0.02,False,False,False,False,1.32,0.0115841,0.0116467,-0.54,1.42,False,0.0,0.0,0.47,-3.0,Risk review,Head-and-shoulders risk,"head-and-shoulders, risk, distribution",286.85,,,10.34,,,286.85,"A possible head-and-shoulders top is forming or breaking. This is a caution signal, not an entry setup.",Risk review,-0.77
POLYCAB,Polycab India Ltd.,POLYCAB.NS,Capital Goods,True,,NIFTY 500,^CRSLDX,2026-10-06,8147.0,0.83,0.55,-2.7,301660.0,387886.0,0.78,2457624020.0,40.21,34.37,False,False,False,False,False,-0.95,-6.51,1.05,False,False,False,False,0.4,0.36693488,0.37861207,-3.08,-3.12,False,0.6666666666666666,0.0,0.78,-3.0,Risk review,Head-and-shoulders risk,"head-and-shoulders, risk, distribution",8449.0,,,3.57,,,8449.0,"A possible head-and-shoulders top is forming or breaking. This is a caution signal, not an entry setup.",Risk review,-0.77
CHAMBLFERT,Chambal Fertilizers & Chemicals Ltd.,CHAMBLFERT.NS,Chemicals,True,,NIFTY 500,^CRSLDX,2026-10-06,404.8,1.81,-2.12,-3.31,225621.0,463153.0,0.49,91331380.8,37.5,38.64,False,False,False,False,False,-1.98,-5.03,-0.76,False,False,False,False,8.51,0.01823189,0.01847651,-1.32,1.35,False,0.0,0.0,0.49,-3.0,Risk review,Head-and-shoulders risk,"head-and-shoulders, risk, distribution",423.5,,,4.42,,,423.5,"A possible head-and-shoulders top is forming or breaking. This is a caution signal, not an entry setup.",Risk review,-0.78
SHRIRAMFIN,Shriram Finance Ltd.,SHRIRAMFIN.NS,Financial Services,True,,NIFTY 500,^CRSLDX,2026-10-06,965.05,-0.65,-0.66,-6.21,4433773.0,4406558.0,1.01,4278812633.65,38.18,32.59,False,False,False,False,False,-2.8,-8.43,1.03,False,False,False,False,3.41,0.04346514,0.0456182,-4.72,-3.2,False,0.6666666666666666,0.0,1.01,-3.0,Risk review,Head-and-shoulders risk,"head-and-shoulders, risk, distribution",1002.95,,,3.78,,,1002.95,"A possible head-and-shoulders top is forming or breaking. This is a caution signal, not an entry setup.",Risk review,-0.79
EICHERMOT,Eicher Motors Ltd.,EICHERMOT.NS,Automobile and Auto Components,True,,NIFTY 500,^CRSLDX,2026-10-06,7051.0,0.42,-1.78,-8.99,233372.0,389585.0,0.6,1645505972.0,29.74,25.32,False,False,False,False,False,-4.08,-8.54,0.2,False,False,False,False,-2.46,0.31757184,0.33409333,-4.95,-3.97,False,0.6666666666666666,0.0,0.6,0.0,No clear setup,,,,,,,,,,,Weakening,-0.79
SCHAEFFLER,Schaeffler India Ltd.,SCHAEFFLER.NS,Automobile and Auto Components,True,,NIFTY 500,^CRSLDX,2026-10-06,3818.1,-0.7,-2.6,-3.45,43159.0,50490.0,0.85,164785377.9,35.1,42.29,False,False,False,False,False,-3.7,-4.83,0.33,False,False,False,False,1.34,0.17196441,0.17396031,-1.15,1.22,False,0.6666666666666666,0.0,0.85,-3.0,Risk review,Head-and-shoulders risk,"head-and-shoulders, risk, distribution",3820.45,,,0.06,,,3820.45,"A possible head-and-shoulders top is forming or breaking. This is a caution signal, not an entry setup.",Risk review,-0.81
CDSL,Central Depository Services (India) Ltd.,CDSL.NS,Financial Services,True,,NIFTY 500,^CRSLDX,2026-10-06,1263.4,1.07,0.12,-9.76,896613.0,1115032.0,0.8,1132780864.2,37.83,34.19,False,False,False,False,False,-3.94,-6.06,-1.43,False,False,False,False,-11.95,0.0569026,0.05819149,-2.21,-5.08,False,0.3333333333333333,0.0,0.8,-2.0,Risk review,Head-and-shoulders risk,"head-and-shoulders, risk, distribution",1210.65,,,4.36,,,1210.65,"A possible head-and-shoulders top is forming or breaking. This is a caution signal, not an entry setup.",Risk review,-0.82
LINDEINDIA,Linde India Ltd.,LINDEINDIA.NS,Chemicals,True,,NIFTY 500,^CRSLDX,2026-10-06,6152.5,1.85,-0.76,-3.57,17348.0,24005.0,0.72,106733570.0,42.02,39.6,False,False,False,False,False,-0.9,-5.27,0.43,False,False,False,False,10.19,0.27710407,0.28189063,-1.7,1.11,False,0.3333333333333333,0.0,0.72,-3.0,Risk review,Head-and-shoulders risk,"head-and-shoulders, risk, distribution",6405.25,,,3.95,,,6405.25,"A possible head-and-shoulders top is forming or breaking. This is a caution signal, not an entry setup.",Risk review,-0.83
RAMCOCEM,The Ramco Cements Ltd.,RAMCOCEM.NS,Construction Materials,True,,NIFTY 500,^CRSLDX,2026-10-06,848.25,1.33,0.47,-2.66,167222.0,222330.0,0.75,141846061.5,41.84,35.12,False,False,False,False,False,-1.37,-4.63,-1.85,False,False,False,False,5.32,0.03820455,0.03857978,-0.97,1.05,False,0.0,0.0,0.75,-3.0,Risk review,Head-and-shoulders risk,"head-and-shoulders, risk, distribution",897.33,,,5.47,,,897.33,"A possible head-and-shoulders top is forming or breaking. This is a caution signal, not an entry setup.",Risk review,-0.84
IREDA,Indian Renewable Energy Development Agency Ltd.,IREDA.NS,Financial Services,True,,NIFTY 500,^CRSLDX,2026-10-06,109.0,0.0,-1.8,-2.85,3014460.0,5000239.0,0.6,328576140.0,40.84,45.06,False,False,False,False,False,-1.91,-5.02,-1.93,False,False,False,False,5.75,0.00490928,0.00498336,-1.49,1.03,False,0.0,0.0,0.6,-3.0,Risk review,Head-and-shoulders risk,"head-and-shoulders, risk, distribution",115.58,,,5.69,,,115.58,"A possible head-and-shoulders top is forming or breaking. This is a caution signal, not an entry setup.",Risk review,-0.84
TCS,Tata Consultancy Services Ltd.,TCS.NS,Information Technology,True,,NIFTY 500,^CRSLDX,2026-10-06,2100.0,-0.68,3.33,-6.89,2382510.0,3391786.0,0.7,5003271000.0,41.35,27.81,True,False,False,False,False,-1.31,-7.18,-4.35,False,False,False,False,-4.97,0.09458245,0.09805233,-3.54,-5.2,False,0.0,0.0,0.7,-2.0,Risk review,Head-and-shoulders risk,"head-and-shoulders, risk, distribution",2081.15,,,0.91,,,2081.15,"A possible head-and-shoulders top is forming or breaking. This is a caution signal, not an entry setup.",Risk review,-0.84
WIPRO,Wipro Ltd.,WIPRO.NS,Information Technology,True,,NIFTY 500,^CRSLDX,2026-10-06,161.84,-0.19,3.22,-5.63,16386869.0,21032221.0,0.78,2652050878.96,39.15,24.91,True,False,False,False,False,-1.34,-7.29,-4.77,False,False,False,False,0.12,0.00728915,0.00757201,-3.74,-3.54,False,0.0,0.0,0.78,-3.0,Risk review,Head-and-shoulders risk,"head-and-shoulders, risk, distribution",168.41,,,3.9,,,168.41,"A possible head-and-shoulders top is forming or breaking. This is a caution signal, not an entry setup.",Risk review,-0.86
POLYMED,Poly Medicure Ltd.,POLYMED.NS,Healthcare,True,,NIFTY 500,^CRSLDX,2026-10-06,1633.8,0.88,-0.66,-5.57,94082.0,99834.0,0.94,153711171.6,39.62,37.96,False,False,False,False,True,-3.48,-5.21,-0.91,False,False,False,False,-8.84,0.07358515,0.07439233,-1.09,-3.25,False,0.3333333333333333,0.0,0.94,-3.0,Risk review,Head-and-shoulders risk,"head-and-shoulders, risk, distribution",1643.65,,,0.6,,,1643.65,"A possible head-and-shoulders top is forming or breaking. This is a caution signal, not an entry setup.",Risk review,-0.9
TATACHEM,Tata Chemicals Ltd.,TATACHEM.NS,Chemicals,True,,NIFTY 500,^CRSLDX,2026-10-06,616.55,-0.14,0.44,1.46,691824.0,3834415.0,0.18,426544087.2,42.0,40.34,False,False,False,False,False,-5.35,-5.3,-1.56,False,False,False,False,2.02,0.02776896,0.02822641,-1.62,0.68,False,0.0,0.0,0.18,-3.0,Risk review,Head-and-shoulders risk,"head-and-shoulders, risk, distribution",628.22,,,1.86,,,628.22,"A possible head-and-shoulders top is forming or breaking. This is a caution signal, not an entry setup.",Risk review,-0.91
GMRAIRPORT,GMR Airports Ltd.,GMRAIRPORT.NS,Services,True,,NIFTY 500,^CRSLDX,2026-10-06,93.06,0.29,-0.74,-4.06,13287023.0,12637829.0,1.05,1236490360.38,39.49,39.29,False,False,False,False,False,-3.02,-6.14,-0.62,False,False,False,False,7.88,0.00419135,0.00431657,-2.9,0.62,False,0.0,0.0,1.05,-3.0,Risk review,Head-and-shoulders risk,"head-and-shoulders, risk, distribution",94.03,,,1.04,,,94.03,"A possible head-and-shoulders top is forming or breaking. This is a caution signal, not an entry setup.",Risk review,-0.93
JIOFIN,Jio Financial Services Ltd.,JIOFIN.NS,Financial Services,True,,NIFTY 500,^CRSLDX,2026-10-06,217.9,2.78,0.16,-6.54,16691895.0,14611463.0,1.14,3637163920.5,36.16,26.79,False,False,False,False,False,-2.89,-8.49,-2.88,False,False,False,False,4.02,0.00981406,0.01031567,-4.86,-3.89,False,0.0,0.0,1.14,-3.0,Risk review,Head-and-shoulders risk,"head-and-shoulders, risk, distribution",224.07,,,2.75,,,224.07,"A possible head-and-shoulders top is forming or breaking. This is a caution signal, not an entry setup.",Risk review,-0.93
BHARTIHEXA,Bharti Hexacom Ltd.,BHARTIHEXA.NS,Telecommunication,True,,NIFTY 500,^CRSLDX,2026-10-06,1386.8,0.27,-1.6,-10.49,308564.0,133665.0,2.31,427916555.2,32.08,31.63,False,False,False,False,False,-6.1,-9.49,-1.78,False,False,False,False,-4.97,0.06246045,0.0665228,-6.11,-3.53,False,0.0,0.0,2.31,-3.0,Risk review,Head-and-shoulders risk,"head-and-shoulders, risk, distribution",1453.9,,,4.62,,,1453.9,"A possible head-and-shoulders top is forming or breaking. This is a caution signal, not an entry setup.",Risk review,-0.96
AIAENG,AIA Engineering Ltd.,AIAENG.NS,Capital Goods,True,,NIFTY 500,^CRSLDX,2026-10-06,3914.7,1.33,2.06,-8.08,43786.0,55643.0,0.79,171409054.2,41.46,31.08,True,False,False,False,False,-0.67,-7.66,0.28,False,False,False,False,5.05,0.1763152,0.18474887,-4.56,-4.03,False,0.6666666666666666,0.0,0.79,-3.0,Risk review,Head-and-shoulders risk,"head-and-shoulders, risk, distribution",3920.5,,,0.15,,,3920.5,"A possible head-and-shoulders top is forming or breaking. This is a caution signal, not an entry setup.",Risk review,-0.96
TMPV,Tata Motors Passenger Vehicles Ltd.,TMPV.NS,Automobile and Auto Components,True,,NIFTY 500,^CRSLDX,2026-10-06,285.8,-0.99,1.73,-6.74,7578840.0,11952190.0,0.63,2166032472.0,37.51,26.04,False,False,False,False,False,-3.05,-9.09,-1.66,False,False,False,False,3.75,0.01287222,0.01365176,-5.71,-4.06,False,0.0,0.0,0.63,-3.0,Risk review,Head-and-shoulders risk,"head-and-shoulders, risk, distribution",306.27,,,6.69,,,306.27,"A possible head-and-shoulders top is forming or breaking. This is a caution signal, not an entry setup.",Risk review,-0.96
ATGL,Adani Total Gas Ltd.,ATGL.NS,Oil Gas & Consumable Fuels,True,,NIFTY 500,^CRSLDX,2026-10-06,588.45,0.89,0.01,-3.44,365730.0,2737103.0,0.13,215213818.5,40.89,38.87,False,False,False,False,False,-2.31,-6.21,0.37,False,False,False,False,5.46,0.02650335,0.02727226,-2.82,0.37,False,0.6666666666666666,0.0,0.13,-3.0,Risk review,Head-and-shoulders risk,"head-and-shoulders, risk, distribution, inverse-head-and-shoulders, base, reversal",590.2,,,0.3,,,590.2,"A possible head-and-shoulders top is forming or breaking. This is a caution signal, not an entry setup. Secondary patterns: Possible inverse H&S.",Risk review,-0.98
TENNIND,Tenneco Clean Air India Ltd.,TENNIND.NS,Automobile and Auto Components,True,,NIFTY 500,^CRSLDX,2026-10-06,494.15,1.47,-2.84,-6.0,577492.0,627366.0,0.92,285367671.8,38.72,42.64,False,False,False,False,False,-3.01,-6.76,0.46,False,False,False,False,8.12,0.02225615,0.022972,-3.12,0.36,False,0.3333333333333333,0.0,0.92,-3.0,Risk review,Head-and-shoulders risk,"head-and-shoulders, risk, distribution",526.9,,,6.22,,,526.9,"A possible head-and-shoulders top is forming or breaking. This is a caution signal, not an entry setup.",Risk review,-0.98
TORNTPOWER,Torrent Power Ltd.,TORNTPOWER.NS,Power,True,,NIFTY 500,^CRSLDX,2026-10-06,1234.9,0.06,1.2,-2.78,206066.0,211682.0,0.97,254470903.4,40.95,35.22,False,False,False,False,False,-2.2,-3.83,-0.13,False,False,False,False,1.04,0.05561899,0.05588591,-0.48,0.32,False,0.0,0.0,0.97,-3.0,Risk review,Head-and-shoulders risk,"head-and-shoulders, risk, distribution",1335.05,,,7.5,,,1335.05,"A possible head-and-shoulders top is forming or breaking. This is a caution signal, not an entry setup.",Risk review,-0.99
INDIANB,Indian Bank,INDIANB.NS,Financial Services,True,,NIFTY 500,^CRSLDX,2026-10-06,813.0,0.37,2.23,-5.45,888598.0,963862.0,0.92,722430174.0,40.11,23.22,True,False,False,False,False,-1.91,-4.95,0.48,False,False,False,False,-7.5,0.03661692,0.0369564,-0.92,-4.19,False,0.3333333333333333,0.0,0.92,-3.0,Risk review,Head-and-shoulders risk,"head-and-shoulders, risk, distribution",823.85,,,1.32,,,823.85,"A possible head-and-shoulders top is forming or breaking. This is a caution signal, not an entry setup.",Risk review,-0.99
JSWENERGY,JSW Energy Ltd.,JSWENERGY.NS,Power,True,,NIFTY 500,^CRSLDX,2026-10-06,494.9,0.63,-1.25,-6.0,3951551.0,1659273.0,2.38,1955622589.9,38.76,37.36,False,False,False,False,False,-2.83,-7.11,0.72,False,False,False,False,-1.97,0.02228993,0.02312158,-3.6,-3.92,False,0.6666666666666666,0.0,2.38,-3.0,Risk review,Head-and-shoulders risk,"head-and-shoulders, risk, distribution",498.0,,,0.62,,,498.0,"A possible head-and-shoulders top is forming or breaking. This is a caution signal, not an entry setup.",Risk review,-1.03
CANFINHOME,Can Fin Homes Ltd.,CANFINHOME.NS,Financial Services,True,,NIFTY 500,^CRSLDX,2026-10-06,734.75,1.39,0.42,-7.88,197132.0,289550.0,0.68,144842737.0,37.7,26.76,True,False,False,False,False,-2.63,-6.96,-1.89,False,False,False,False,-6.03,0.0330926,0.0342526,-3.39,-4.4,False,0.0,0.0,0.68,-3.0,Risk review,Head-and-shoulders risk,"head-and-shoulders, risk, distribution",789.8,,,6.97,,,789.8,"A possible head-and-shoulders top is forming or breaking. This is a caution signal, not an entry setup.",Risk review,-1.03
AFFLE,Affle 3i Ltd.,AFFLE.NS,Information Technology,True,,NIFTY 500,^CRSLDX,2026-10-06,1450.2,0.44,-3.38,-9.89,96528.0,142978.0,0.68,139984905.6,32.24,35.99,False,False,False,False,False,-5.93,-9.71,-1.02,False,False,False,False,8.18,0.06531594,0.06938502,-5.86,-0.02,False,0.3333333333333333,0.0,0.68,-3.0,Risk review,Head-and-shoulders risk,"head-and-shoulders, risk, distribution, breakout, retest, pivot, volume",1454.15,,,0.27,,,1454.15,"A possible head-and-shoulders top is forming or breaking. This is a caution signal, not an entry setup. Secondary patterns: Breakout retest.",Risk review,-1.05
MARUTI,Maruti Suzuki India Ltd.,MARUTI.NS,Automobile and Auto Components,True,,NIFTY 500,^CRSLDX,2026-10-06,11625.0,0.81,-2.12,-8.04,263958.0,446970.0,0.59,3068511750.0,31.39,26.1,False,False,False,False,False,-3.63,-10.63,-3.05,False,False,False,False,1.52,0.52358143,0.56580055,-7.46,-5.3,False,0.0,0.0,0.59,0.0,No clear setup,,,,,,,,,,,Weakening,-1.06
ASIANPAINT,Asian Paints Ltd.,ASIANPAINT.NS,Consumer Durables,True,,NIFTY 500,^CRSLDX,2026-10-06,2424.2,2.46,0.38,-2.31,439473.0,630156.0,0.7,1065370446.6,42.87,36.23,True,False,False,False,False,-0.4,-5.75,-1.48,False,False,False,False,5.76,0.10918418,0.11176778,-2.31,-0.1,False,0.3333333333333333,0.0,0.7,-3.0,Risk review,Head-and-shoulders risk,"head-and-shoulders, risk, distribution, inverse-head-and-shoulders, base, reversal",2482.7,,,2.36,,,2482.7,"A possible head-and-shoulders top is forming or breaking. This is a caution signal, not an entry setup. Secondary patterns: Possible inverse H&S.",Risk review,-1.07
ULTRACEMCO,UltraTech Cement Ltd.,ULTRACEMCO.NS,Construction Materials,True,,NIFTY 500,^CRSLDX,2026-10-06,10750.0,-0.92,-0.73,-2.35,270277.0,313603.0,0.86,2905477750.0,40.39,39.16,False,False,False,False,False,-1.53,-5.46,-0.58,False,False,False,False,4.57,0.48417208,0.49401099,-1.99,-0.14,False,0.0,0.0,0.86,-3.0,Risk review,Head-and-shoulders risk,"head-and-shoulders, risk, distribution",10929.0,,,1.64,,,10929.0,"A possible head-and-shoulders top is forming or breaking. This is a caution signal, not an entry setup.",Risk review,-1.08
LICI,Life Insurance Corporation of India,LICI.NS,Financial Services,True,,NIFTY 500,^CRSLDX,2026-10-06,390.0,0.33,0.0,-5.05,3373619.0,7428427.0,0.45,1315711410.0,39.46,37.58,False,False,False,False,False,-2.39,-4.24,-0.7,False,False,False,False,-11.8,0.01756531,0.01767291,-0.61,-2.02,False,0.0,0.0,0.45,-2.0,Risk review,Head-and-shoulders risk,"head-and-shoulders, risk, distribution",373.32,,,4.47,,,373.32,"A possible head-and-shoulders top is forming or breaking. This is a caution signal, not an entry setup.",Risk review,-1.1
CEMPRO,Cemindia Projects Ltd.,CEMPRO.NS,Construction,True,,NIFTY 500,^CRSLDX,2026-10-06,1159.8,0.28,-5.19,-9.75,130790.0,215130.0,0.61,151690242.0,34.33,42.11,False,False,False,False,True,-6.08,-8.33,4.61,False,False,False,False,-12.57,0.05223654,0.05511497,-5.22,-6.34,False,0.6666666666666666,0.0,0.61,-2.0,Risk review,Head-and-shoulders risk,"head-and-shoulders, risk, distribution",1135.15,,,2.17,,,1135.15,"A possible head-and-shoulders top is forming or breaking. This is a caution signal, not an entry setup.",Risk review,-1.1
DMART,Avenue Supermarts Ltd.,DMART.NS,Consumer Services,True,,NIFTY 500,^CRSLDX,2026-10-06,3581.9,0.42,-4.48,-3.72,827372.0,634541.0,1.3,2963563766.8,33.89,44.33,False,False,False,False,False,-4.26,-6.83,-0.23,False,False,False,False,2.02,0.16132614,0.16671394,-3.23,-0.31,False,0.0,0.0,1.3,-3.0,Risk review,Head-and-shoulders risk,"head-and-shoulders, risk, distribution",3809.4,,,5.97,,,3809.4,"A possible head-and-shoulders top is forming or breaking. This is a caution signal, not an entry setup.",Risk review,-1.11
IRCON,IRCON International Ltd.,IRCON.NS,Construction,True,,NIFTY 500,^CRSLDX,2026-10-06,107.86,0.92,5.26,-7.73,2577615.0,7692463.0,0.34,278021553.9,43.05,19.76,False,False,False,False,False,-1.55,-9.06,-3.48,False,False,False,False,3.5,0.00485793,0.00515781,-5.81,-4.82,False,0.0,0.0,0.34,-3.0,Risk review,Head-and-shoulders risk,"head-and-shoulders, risk, distribution",122.25,,,11.77,,,122.25,"A possible head-and-shoulders top is forming or breaking. This is a caution signal, not an entry setup.",Risk review,-1.11
PRESTIGE,Prestige Estates Projects Ltd.,PRESTIGE.NS,Realty,True,,NIFTY 500,^CRSLDX,2026-10-06,1467.7,1.57,3.54,-6.01,610916.0,631648.0,0.97,896641413.2,44.86,33.66,False,False,False,False,False,-0.32,-5.3,-1.03,False,False,False,False,-9.28,0.06610413,0.06738771,-1.9,-4.83,False,0.3333333333333333,0.0,0.97,-3.0,Risk review,Head-and-shoulders risk,"head-and-shoulders, risk, distribution, breakout, retest, pivot, volume",1526.65,,,3.86,,,1526.65,"A possible head-and-shoulders top is forming or breaking. This is a caution signal, not an entry setup. Secondary patterns: Breakout retest.",Risk review,-1.12
ONGC,Oil & Natural Gas Corporation Ltd.,ONGC.NS,Oil Gas & Consumable Fuels,True,,NIFTY 500,^CRSLDX,2026-10-06,224.2,-0.31,-2.52,-5.0,19173994.0,13056349.0,1.47,4298809454.8,35.65,39.89,False,False,False,False,False,-3.31,-4.67,-0.17,False,False,False,False,-1.77,0.0100978,0.0101937,-0.94,-0.5,False,0.0,0.0,1.47,-3.0,Risk review,Head-and-shoulders risk,"head-and-shoulders, risk, distribution",243.0,,,7.74,,,243.0,"A possible head-and-shoulders top is forming or breaking. This is a caution signal, not an entry setup.",Risk review,-1.15
RVNL,Rail Vikas Nigam Ltd.,RVNL.NS,Construction,True,,NIFTY 500,^CRSLDX,2026-10-06,198.78,0.93,0.44,-4.2,3145856.0,5123921.0,0.61,625333255.68,39.99,35.94,False,False,False,False,False,-2.38,-7.45,-4.44,False,False,False,False,8.59,0.0089529,0.00933441,-4.09,-0.53,False,0.0,0.0,0.61,-3.0,Risk review,Head-and-shoulders risk,"head-and-shoulders, risk, distribution",234.78,,,15.33,,,234.78,"A possible head-and-shoulders top is forming or breaking. This is a caution signal, not an entry setup.",Risk review,-1.16
SYNGENE,Syngene International Ltd.,SYNGENE.NS,Healthcare,True,,NIFTY 500,^CRSLDX,2026-10-06,363.2,1.62,-1.09,-6.28,319188.0,614319.0,0.52,115929081.6,35.93,34.26,False,False,False,False,False,-3.14,-7.15,-5.8,False,False,False,False,-7.4,0.01635826,0.01698731,-3.7,-5.09,False,0.0,0.0,0.52,-3.0,Risk review,Head-and-shoulders risk,"head-and-shoulders, risk, distribution",404.95,,,10.31,,,404.95,"A possible head-and-shoulders top is forming or breaking. This is a caution signal, not an entry setup.",Risk review,-1.17
FACT,Fertilisers and Chemicals Travancore Ltd.,FACT.NS,Chemicals,True,,NIFTY 500,^CRSLDX,2026-10-06,759.0,3.72,0.24,-4.07,131471.0,188880.0,0.7,99786489.0,44.12,37.91,False,False,False,False,False,-1.17,-4.9,-1.05,False,False,False,False,2.49,0.0341848,0.03462632,-1.28,-0.66,False,0.0,0.0,0.7,-3.0,Risk review,Head-and-shoulders risk,"head-and-shoulders, risk, distribution",763.55,,,0.6,,,763.55,"A possible head-and-shoulders top is forming or breaking. This is a caution signal, not an entry setup.",Risk review,-1.18
MANAPPURAM,Manappuram Finance Ltd.,MANAPPURAM.NS,Financial Services,True,,NIFTY 500,^CRSLDX,2026-10-06,310.2,-0.16,-1.98,-4.55,3956853.0,4824597.0,0.82,1227415800.6,38.7,41.42,False,False,False,False,True,-2.77,-8.61,0.93,False,False,False,False,-0.32,0.01397118,0.01475796,-5.33,-4.73,False,0.6666666666666666,0.0,0.82,-3.0,Risk review,Head-and-shoulders risk,"head-and-shoulders, risk, distribution, inverse-head-and-shoulders, base, reversal",314.38,,,1.33,,,314.38,"A possible head-and-shoulders top is forming or breaking. This is a caution signal, not an entry setup. Secondary patterns: Possible inverse H&S.",Risk review,-1.2
DEEPAKNTR,Deepak Nitrite Ltd.,DEEPAKNTR.NS,Chemicals,True,,NIFTY 500,^CRSLDX,2026-10-06,1560.6,4.25,2.07,-5.29,279774.0,212185.0,1.32,436615304.4,43.92,32.37,True,False,False,False,False,-0.86,-6.52,-0.29,False,False,False,False,-5.84,0.07028827,0.07237829,-2.89,-5.26,False,0.3333333333333333,0.0,1.32,-3.0,Risk review,Head-and-shoulders risk,"head-and-shoulders, risk, distribution",1641.35,,,4.92,,,1641.35,"A possible head-and-shoulders top is forming or breaking. This is a caution signal, not an entry setup.",Risk review,-1.2
GRASIM,Grasim Industries Ltd.,GRASIM.NS,Construction Materials,True,,NIFTY 500,^CRSLDX,2026-10-06,2969.0,-0.1,-4.23,-10.22,359655.0,741638.0,0.48,1067815695.0,29.11,37.02,False,False,False,False,False,-5.66,-7.79,1.19,False,False,False,False,-10.95,0.13372157,0.13902133,-3.81,-6.06,False,0.6666666666666666,0.0,0.48,0.0,No clear setup,,,,,,,,,,,Weakening,-1.2
AMBUJACEM,Ambuja Cements Ltd.,AMBUJACEM.NS,Construction Materials,True,,NIFTY 500,^CRSLDX,2026-10-06,361.55,-1.35,-1.15,-9.23,2356458.0,1737544.0,1.36,851977389.9,31.63,26.25,False,False,False,False,False,-5.05,-10.34,-3.47,False,False,False,False,-1.18,0.01628395,0.01753893,-7.16,-6.5,False,0.0,0.0,1.36,0.0,No clear setup,,,,,,,,,,,Weakening,-1.2
BAJAJFINSV,Bajaj Finserv Ltd.,BAJAJFINSV.NS,Financial Services,True,,NIFTY 500,^CRSLDX,2026-10-06,1752.4,0.06,0.57,-9.58,552353.0,906805.0,0.61,967943397.2,30.84,25.36,False,False,False,False,False,-3.57,-9.32,-1.22,False,False,False,False,-5.32,0.0789268,0.08362169,-5.61,-7.87,False,0.3333333333333333,0.0,0.61,0.0,No clear setup,,,,,,,,,,,Weakening,-1.2
TATACAP,Tata Capital Ltd.,TATACAP.NS,Financial Services,True,,NIFTY 500,^CRSLDX,2026-10-06,322.1,1.42,-2.79,-12.48,1014911.0,1595568.0,0.64,326902833.1,33.73,35.19,False,False,False,False,False,-5.54,-9.74,0.34,False,False,False,False,-8.43,0.01450715,0.015422,-5.93,-9.28,False,0.6666666666666666,0.0,0.64,0.0,No clear setup,,,,,,,,,,,Weakening,-1.2
SBICARD,SBI Cards and Payment Services Ltd.,SBICARD.NS,Financial Services,True,,NIFTY 500,^CRSLDX,2026-10-06,569.4,0.6,-2.0,-14.76,622300.0,1300729.0,0.48,354337620.0,30.42,30.53,False,False,False,False,False,-7.55,-10.58,-3.52,False,False,False,False,-11.98,0.02564536,0.02757363,-6.99,-9.78,False,0.0,0.0,0.48,0.0,No clear setup,,,,,,,,,,,Weakening,-1.2
GODREJPROP,Godrej Properties Ltd.,GODREJPROP.NS,Realty,True,,NIFTY 500,^CRSLDX,2026-10-06,1610.0,0.63,-1.49,-15.56,371383.0,757618.0,0.49,597926630.0,27.82,27.26,False,False,False,False,False,-4.53,-15.05,-1.85,False,False,False,False,-13.86,0.07251321,0.08284282,-12.47,-15.75,False,0.3333333333333333,0.0,0.49,0.0,No clear setup,,,,,,,,,,,Weakening,-1.2
EMMVEE,Emmvee Photovoltaic Power Ltd.,EMMVEE.NS,Capital Goods,True,,NIFTY 500,^CRSLDX,2026-10-06,296.5,0.08,-5.74,-10.49,1073102.0,2739344.0,0.39,318174743.0,32.63,41.38,False,False,False,False,True,-8.36,-8.23,4.95,False,False,False,False,-6.36,0.01335414,0.01397383,-4.43,-4.86,False,0.6666666666666666,0.0,0.39,-3.0,Risk review,Head-and-shoulders risk,"head-and-shoulders, risk, distribution, inverse-head-and-shoulders, base, reversal",314.85,,,5.83,,,314.85,"A possible head-and-shoulders top is forming or breaking. This is a caution signal, not an entry setup. Secondary patterns: Possible inverse H&S.",Risk review,-1.22
IGL,Indraprastha Gas Ltd.,IGL.NS,Oil Gas & Consumable Fuels,True,,NIFTY 500,^CRSLDX,2026-10-06,141.38,-0.51,-0.45,-8.21,1219033.0,1612241.0,0.76,172346885.54,34.31,30.29,False,False,False,False,False,-3.82,-5.57,-2.64,False,False,False,False,0.3,0.00636765,0.00647394,-1.64,-0.9,False,0.0,0.0,0.76,-3.0,Risk review,Head-and-shoulders risk,"head-and-shoulders, risk, distribution",145.43,,,2.78,,,145.43,"A possible head-and-shoulders top is forming or breaking. This is a caution signal, not an entry setup.",Risk review,-1.23
VOLTAS,Voltas Ltd.,VOLTAS.NS,Consumer Durables,True,,NIFTY 500,^CRSLDX,2026-10-06,1067.9,0.62,-2.03,-6.72,2705541.0,788378.0,3.43,2889247233.9,35.34,35.82,False,False,False,False,False,-4.15,-10.63,-1.87,False,False,False,False,0.66,0.04809743,0.0521057,-7.69,-5.05,False,0.0,0.0,3.43,-3.0,Risk review,Head-and-shoulders risk,"head-and-shoulders, risk, distribution",1167.7,,,8.55,,,1167.7,"A possible head-and-shoulders top is forming or breaking. This is a caution signal, not an entry setup.",Risk review,-1.26
INDUSINDBK,IndusInd Bank Ltd.,INDUSINDBK.NS,Financial Services,True,,NIFTY 500,^CRSLDX,2026-10-06,906.1,2.2,3.2,-9.18,2405486.0,2386602.0,1.01,2179610864.6,38.66,23.33,True,False,False,False,False,-3.29,-7.68,0.99,False,False,False,False,-6.45,0.04081008,0.0425343,-4.05,-5.55,False,0.6666666666666666,0.0,1.01,-3.0,Risk review,Head-and-shoulders risk,"head-and-shoulders, risk, distribution, inverse-head-and-shoulders, base, reversal",907.35,,,0.14,,,907.35,"A possible head-and-shoulders top is forming or breaking. This is a caution signal, not an entry setup. Secondary patterns: Possible inverse H&S.",Risk review,-1.26
CANHLIFE,Canara HSBC Life Insurance Company Ltd.,CANHLIFE.NS,Financial Services,True,,NIFTY 500,^CRSLDX,2026-10-06,143.13,0.54,-4.34,-7.15,619392.0,777116.0,0.8,88653576.96,34.49,44.61,False,False,False,False,False,-4.57,-5.2,1.33,False,False,False,False,-7.45,0.00644647,0.0065137,-1.03,-2.85,False,0.6666666666666666,0.0,0.8,-2.0,Risk review,Head-and-shoulders risk,"head-and-shoulders, risk, distribution",136.78,,,4.65,,,136.78,"A possible head-and-shoulders top is forming or breaking. This is a caution signal, not an entry setup.",Risk review,-1.27
ABFRL,Aditya Birla Fashion and Retail Ltd.,ABFRL.NS,Consumer Services,True,,NIFTY 500,^CRSLDX,2026-10-06,45.68,3.02,-1.21,-12.56,10464192.0,4935738.0,2.12,478004290.56,33.0,27.82,False,False,False,False,False,-5.53,-13.86,-4.4,False,False,False,False,13.59,0.00205739,0.00231052,-10.96,-5.09,False,0.0,0.0,2.12,-3.0,Risk review,Head-and-shoulders risk,"head-and-shoulders, risk, distribution",55.8,,,18.14,,,55.8,"A possible head-and-shoulders top is forming or breaking. This is a caution signal, not an entry setup.",Risk review,-1.27
PREMIERENE,Premier Energies Ltd.,PREMIERENE.NS,Capital Goods,True,,NIFTY 500,^CRSLDX,2026-10-06,907.0,1.69,4.25,-8.27,867775.0,1372154.0,0.63,787071925.0,43.58,30.73,True,False,False,False,False,-0.63,-7.28,0.19,False,False,False,False,-4.5,0.04085061,0.0424706,-3.81,-5.76,False,0.6666666666666666,0.0,0.63,-3.0,Risk review,Head-and-shoulders risk,"head-and-shoulders, risk, distribution",960.25,,,5.55,,,960.25,"A possible head-and-shoulders top is forming or breaking. This is a caution signal, not an entry setup.",Risk review,-1.3
SUNPHARMA,Sun Pharmaceutical Industries Ltd.,SUNPHARMA.NS,Healthcare,True,,NIFTY 500,^CRSLDX,2026-10-06,1804.1,1.37,-3.27,-4.34,1478310.0,1665195.0,0.89,2667019071.0,39.96,47.82,False,False,False,False,False,-1.92,-4.74,0.38,False,False,False,False,-1.6,0.08125533,0.08218352,-1.13,-1.38,False,0.6666666666666666,0.0,0.89,-3.0,Risk review,Head-and-shoulders risk,"head-and-shoulders, risk, distribution, inverse-head-and-shoulders, base, reversal",1841.95,,,2.05,,,1841.95,"A possible head-and-shoulders top is forming or breaking. This is a caution signal, not an entry setup. Secondary patterns: Possible inverse H&S.",Risk review,-1.33
EIDPARRY,E.I.D. Parry (India) Ltd.,EIDPARRY.NS,Fast Moving Consumer Goods,True,,NIFTY 500,^CRSLDX,2026-10-06,699.2,1.05,0.42,-8.45,314300.0,323066.0,0.97,219758560.0,41.73,33.59,True,False,False,False,False,-0.56,-7.49,-3.95,False,False,False,False,-3.97,0.03149145,0.0328033,-4.0,-5.9,False,0.0,0.0,0.97,-3.0,Risk review,Head-and-shoulders risk,"head-and-shoulders, risk, distribution",754.38,,,7.31,,,754.38,"A possible head-and-shoulders top is forming or breaking. This is a caution signal, not an entry setup.",Risk review,-1.33
UNIONBANK,Union Bank of India,UNIONBANK.NS,Financial Services,True,,NIFTY 500,^CRSLDX,2026-10-06,168.44,0.28,1.47,-8.07,10378539.0,8060902.0,1.29,1748161109.16,37.29,29.4,False,False,False,False,False,-3.84,-6.36,1.36,False,False,False,False,-12.34,0.00758641,0.00776148,-2.26,-6.66,False,0.6666666666666666,0.0,1.29,-3.0,Risk review,Head-and-shoulders risk,"head-and-shoulders, risk, distribution",170.28,,,1.08,,,170.28,"A possible head-and-shoulders top is forming or breaking. This is a caution signal, not an entry setup.",Risk review,-1.35
HAVELLS,Havells India Ltd.,HAVELLS.NS,Consumer Durables,True,,NIFTY 500,^CRSLDX,2026-10-06,1057.0,0.98,1.31,-7.28,946495.0,862016.0,1.1,1000445215.0,36.51,25.96,False,False,False,False,False,-2.41,-10.81,-2.59,False,False,False,False,-3.0,0.0476065,0.05153673,-7.63,-7.75,False,0.0,0.0,1.1,-3.0,Risk review,Head-and-shoulders risk,"head-and-shoulders, risk, distribution",1102.35,,,4.11,,,1102.35,"A possible head-and-shoulders top is forming or breaking. This is a caution signal, not an entry setup.",Risk review,-1.35
CREDITACC,CreditAccess Grameen Ltd.,CREDITACC.NS,Financial Services,True,,NIFTY 500,^CRSLDX,2026-10-06,1265.8,1.14,4.07,-10.68,122326.0,184220.0,0.66,154840250.8,36.71,21.52,False,False,False,False,False,-5.13,-11.51,0.38,False,False,False,False,-2.58,0.0570107,0.06227317,-8.45,-7.77,False,0.6666666666666666,0.0,0.66,-3.0,Risk review,Head-and-shoulders risk,"head-and-shoulders, risk, distribution, inverse-head-and-shoulders, base, reversal",1272.3,,,0.51,,,1272.3,"A possible head-and-shoulders top is forming or breaking. This is a caution signal, not an entry setup. Secondary patterns: Possible inverse H&S.",Risk review,-1.35
KEI,KEI Industries Ltd.,KEI.NS,Capital Goods,True,,NIFTY 500,^CRSLDX,2026-10-06,4557.4,-1.74,2.16,-2.98,413199.0,472722.0,0.87,1883113122.6,41.13,33.79,False,False,False,False,False,-0.4,-10.33,0.75,False,False,False,False,-7.55,0.20526194,0.22017079,-6.77,-10.4,False,0.6666666666666666,0.0,0.87,-3.0,Risk review,Head-and-shoulders risk,"head-and-shoulders, risk, distribution",4634.8,,,1.67,,,4634.8,"A possible head-and-shoulders top is forming or breaking. This is a caution signal, not an entry setup.",Risk review,-1.35
BRIGADE,Brigade Enterprises Ltd.,BRIGADE.NS,Realty,True,,NIFTY 500,^CRSLDX,2026-10-06,569.1,-0.44,1.07,-17.16,151551.0,296510.0,0.51,86247674.1,36.27,32.51,False,False,False,False,False,-6.1,-7.39,-3.84,False,False,False,False,-43.41,0.02563184,0.02638968,-2.87,-16.32,False,0.0,0.0,0.51,-3.0,Risk review,Head-and-shoulders risk,"head-and-shoulders, risk, distribution, breakout, retest, pivot, volume",618.8,,,8.03,,,618.8,"A possible head-and-shoulders top is forming or breaking. This is a caution signal, not an entry setup. Secondary patterns: Breakout retest.",Risk review,-1.35
3MINDIA,3M India Ltd.,3MINDIA.NS,Diversified,True,,NIFTY 500,^CRSLDX,2026-10-06,30840.0,1.45,-3.29,-6.95,1680.0,5720.0,0.29,51811200.0,35.39,37.46,False,False,False,False,False,-5.65,-8.72,-0.64,False,False,False,False,5.39,1.38901087,1.46857613,-5.42,-1.58,False,0.3333333333333333,0.0,0.29,-3.0,Risk review,Head-and-shoulders risk,"head-and-shoulders, risk, distribution",31785.0,,,2.97,,,31785.0,"A possible head-and-shoulders top is forming or breaking. This is a caution signal, not an entry setup.",Risk review,-1.37
TRITURBINE,Triveni Turbine Ltd.,TRITURBINE.NS,Capital Goods,True,,NIFTY 500,^CRSLDX,2026-10-06,536.1,1.9,-1.37,-7.66,485568.0,522355.0,0.93,260313004.8,40.07,39.72,False,False,False,False,False,-2.6,-6.9,0.25,False,False,False,False,7.95,0.02414555,0.02503931,-3.57,-1.79,False,0.6666666666666666,0.0,0.93,-3.0,Risk review,Head-and-shoulders risk,"head-and-shoulders, risk, distribution, inverse-head-and-shoulders, base, reversal",553.92,,,3.22,,,553.92,"A possible head-and-shoulders top is forming or breaking. This is a caution signal, not an entry setup. Secondary patterns: Possible inverse H&S.",Risk review,-1.41
TRAVELFOOD,Travel Food Services Ltd.,TRAVELFOOD.NS,Consumer Services,True,,NIFTY 500,^CRSLDX,2026-10-06,1197.9,-0.53,0.11,-7.53,23618.0,44220.0,0.53,28292002.2,34.68,32.73,False,False,False,False,False,-2.38,-6.91,-0.16,False,False,False,False,0.58,0.05395253,0.05571391,-3.16,-1.86,False,0.3333333333333333,0.0,0.53,-3.0,Risk review,Head-and-shoulders risk,"head-and-shoulders, risk, distribution",1209.55,,,0.96,,,1209.55,"A possible head-and-shoulders top is forming or breaking. This is a caution signal, not an entry setup.",Risk review,-1.42
SBIN,State Bank of India,SBIN.NS,Financial Services,True,,NIFTY 500,^CRSLDX,2026-10-06,958.75,0.08,-0.62,-4.89,8204620.0,8429360.0,0.97,7866179425.0,35.03,35.06,False,False,False,False,False,-2.15,-6.03,0.13,False,False,False,False,1.87,0.04318139,0.04418263,-2.27,-1.88,False,0.3333333333333333,0.0,0.97,-3.0,Risk review,Head-and-shoulders risk,"head-and-shoulders, risk, distribution",984.25,,,2.59,,,984.25,"A possible head-and-shoulders top is forming or breaking. This is a caution signal, not an entry setup.",Risk review,-1.43
CANBK,Canara Bank,CANBK.NS,Financial Services,True,,NIFTY 500,^CRSLDX,2026-10-06,117.82,-0.57,-1.41,-5.5,10318285.0,12903006.0,0.8,1215700338.7,29.2,32.56,False,False,False,False,False,-3.67,-6.37,-1.9,False,False,False,False,0.62,0.00530653,0.00544686,-2.58,-1.91,False,0.0,0.0,0.8,-3.0,Risk review,Head-and-shoulders risk,"head-and-shoulders, risk, distribution",127.46,,,7.56,,,127.46,"A possible head-and-shoulders top is forming or breaking. This is a caution signal, not an entry setup.",Risk review,-1.43
HINDCOPPER,Hindustan Copper Ltd.,HINDCOPPER.NS,Metals & Mining,True,,NIFTY 500,^CRSLDX,2026-10-06,485.5,1.43,2.35,-8.89,3645773.0,7112645.0,0.51,1770022791.5,44.85,36.02,True,False,False,False,False,-1.68,-6.02,1.82,False,False,False,False,1.16,0.02186656,0.02228394,-1.87,-1.93,False,0.3333333333333333,0.0,0.51,-3.0,Risk review,Head-and-shoulders risk,"head-and-shoulders, risk, distribution",512.88,,,5.34,,,512.88,"A possible head-and-shoulders top is forming or breaking. This is a caution signal, not an entry setup.",Risk review,-1.44
AAVAS,Aavas Financiers Ltd.,AAVAS.NS,Financial Services,True,,NIFTY 500,^CRSLDX,2026-10-06,1215.1,-0.36,-2.67,-6.06,34464.0,106666.0,0.32,41877206.4,37.45,38.38,False,False,False,False,False,-3.79,-7.51,-1.72,False,False,False,False,1.84,0.05472721,0.05709937,-4.15,-1.94,False,0.0,0.0,0.32,-3.0,Risk review,Head-and-shoulders risk,"head-and-shoulders, risk, distribution, breakout, retest, pivot, volume",1296.9,,,6.31,,,1296.9,"A possible head-and-shoulders top is forming or breaking. This is a caution signal, not an entry setup. Secondary patterns: Breakout retest.",Risk review,-1.44
HUDCO,Housing & Urban Development Corporation Ltd.,HUDCO.NS,Financial Services,True,,NIFTY 500,^CRSLDX,2026-10-06,161.04,-0.65,-2.74,-9.66,9805265.0,2325443.0,4.22,1579039875.6,28.58,31.04,False,False,False,False,False,-5.19,-11.39,-2.32,False,False,False,False,1.73,0.00725312,0.00792304,-8.46,-6.85,False,0.0,0.0,4.22,-3.0,Risk review,Head-and-shoulders risk,"head-and-shoulders, risk, distribution",178.06,,,9.56,,,178.06,"A possible head-and-shoulders top is forming or breaking. This is a caution signal, not an entry setup.",Risk review,-1.45
HDBFS,HDB Financial Services Ltd.,HDBFS.NS,Financial Services,True,,NIFTY 500,^CRSLDX,2026-10-06,616.75,-0.93,-2.24,-9.71,943452.0,387316.0,2.44,581874021.0,28.2,30.1,False,False,False,False,False,-5.94,-8.3,-1.43,False,False,False,False,-11.7,0.02777797,0.02914938,-4.7,-6.85,False,0.0,0.0,2.44,-3.0,Risk review,Head-and-shoulders risk,"head-and-shoulders, risk, distribution",635.1,,,2.89,,,635.1,"A possible head-and-shoulders top is forming or breaking. This is a caution signal, not an entry setup.",Risk review,-1.45
TEJASNET,Tejas Networks Ltd.,TEJASNET.NS,Telecommunication,True,,NIFTY 500,^CRSLDX,2026-10-06,475.85,2.73,-2.97,-19.35,1878474.0,1711752.0,1.1,893871852.9,35.91,35.59,False,False,False,False,True,-6.84,-9.19,0.97,False,False,False,False,-23.04,0.02143193,0.02260794,-5.2,-12.17,False,0.6666666666666666,0.0,1.1,-3.0,Risk review,Head-and-shoulders risk,"head-and-shoulders, risk, distribution",476.77,,,0.19,,,476.77,"A possible head-and-shoulders top is forming or breaking. This is a caution signal, not an entry setup.",Risk review,-1.45
BIKAJI,Bikaji Foods International Ltd.,BIKAJI.NS,Fast Moving Consumer Goods,True,,NIFTY 500,^CRSLDX,2026-10-06,481.1,-1.21,-9.42,-17.58,975537.0,490075.0,1.99,469330850.7,25.94,35.59,False,False,False,False,False,-11.64,-18.0,-2.9,False,False,False,False,-10.16,0.02166839,0.02559516,-15.34,-14.18,False,0.0,0.0,1.99,-3.0,Risk review,Head-and-shoulders risk,"head-and-shoulders, risk, distribution",612.55,,,21.46,,,612.55,"A possible head-and-shoulders top is forming or breaking. This is a caution signal, not an entry setup.",Risk review,-1.45
PFC,Power Finance Corporation Ltd.,PFC.NS,Financial Services,True,,NIFTY 500,^CRSLDX,2026-10-06,322.6,0.19,-0.46,-9.36,7472995.0,8614815.0,0.87,2410788187.0,28.84,23.25,False,False,False,False,False,-4.59,-11.02,-0.19,False,False,False,False,13.45,0.01452967,0.01585448,-8.36,-2.21,False,0.0,0.0,0.87,-3.0,Risk review,Head-and-shoulders risk,"head-and-shoulders, risk, distribution",385.8,,,16.38,,,385.8,"A possible head-and-shoulders top is forming or breaking. This is a caution signal, not an entry setup.",Risk review,-1.49
HINDALCO,Hindalco Industries Ltd.,HINDALCO.NS,Metals & Mining,True,,NIFTY 500,^CRSLDX,2026-10-06,940.5,0.22,-1.54,-6.79,2991457.0,4115788.0,0.73,2813465308.5,35.64,38.44,False,False,False,False,False,-3.21,-6.39,1.3,False,False,False,False,-2.83,0.04235943,0.04334957,-2.28,-2.47,False,0.6666666666666666,0.0,0.73,-3.0,Risk review,Head-and-shoulders risk,"head-and-shoulders, risk, distribution",979.8,,,4.01,,,979.8,"A possible head-and-shoulders top is forming or breaking. This is a caution signal, not an entry setup.",Risk review,-1.54
HCLTECH,HCL Technologies Ltd.,HCLTECH.NS,Information Technology,True,,NIFTY 500,^CRSLDX,2026-10-06,1204.4,0.21,-1.44,-5.69,2002132.0,2799106.0,0.72,2411367780.8,38.13,39.93,False,False,False,False,False,-2.75,-6.91,-3.08,False,False,False,False,-5.19,0.05424529,0.05604291,-3.21,-4.37,False,0.0,0.0,0.72,-2.0,Risk review,Head-and-shoulders risk,"head-and-shoulders, risk, distribution",1170.1,,,2.93,,,1170.1,"A possible head-and-shoulders top is forming or breaking. This is a caution signal, not an entry setup.",Risk review,-1.57
JPPOWER,Jaiprakash Power Ventures Ltd.,JPPOWER.NS,Power,True,,NIFTY 500,^CRSLDX,2026-10-06,15.0,0.6,-1.7,-9.04,30812762.0,67221654.0,0.46,462191430.0,35.01,35.08,False,False,False,False,False,-3.9,-9.73,-1.42,False,False,False,False,6.34,0.00067559,0.0007212,-6.32,-2.66,False,0.0,0.0,0.46,-3.0,Risk review,Head-and-shoulders risk,"head-and-shoulders, risk, distribution",15.12,,,0.83,,,15.12,"A possible head-and-shoulders top is forming or breaking. This is a caution signal, not an entry setup.",Risk review,-1.58
INOXWIND,Inox Wind Ltd.,INOXWIND.NS,Capital Goods,True,,NIFTY 500,^CRSLDX,2026-10-06,68.7,1.33,-3.92,-9.26,10428766.0,9668500.0,1.08,716456224.2,36.24,40.24,False,False,False,False,False,-6.62,-7.49,-5.53,False,False,False,False,0.67,0.0030942,0.00321859,-3.86,-2.77,False,0.0,0.0,1.08,-3.0,Risk review,Head-and-shoulders risk,"head-and-shoulders, risk, distribution",82.73,,,16.96,,,82.73,"A possible head-and-shoulders top is forming or breaking. This is a caution signal, not an entry setup.",Risk review,-1.6
COROMANDEL,Coromandel International Ltd.,COROMANDEL.NS,Chemicals,True,,NIFTY 500,^CRSLDX,2026-10-06,1788.3,-0.73,-0.26,-8.34,149119.0,175960.0,0.85,266669507.7,34.35,29.92,False,False,False,False,False,-5.64,-9.09,-2.07,False,False,False,False,2.37,0.08054371,0.08528193,-5.56,-3.02,False,0.0,0.0,0.85,-3.0,Risk review,Head-and-shoulders risk,"head-and-shoulders, risk, distribution",1798.25,,,0.55,,,1798.25,"A possible head-and-shoulders top is forming or breaking. This is a caution signal, not an entry setup.",Risk review,-1.65
GALLANTT,Gallantt Ispat Ltd.,GALLANTT.NS,Capital Goods,True,,NIFTY 500,^CRSLDX,2026-10-06,530.05,1.37,-1.68,-5.63,65236.0,79528.0,0.82,34578341.8,38.61,40.04,False,False,False,False,False,-1.96,-6.7,-0.27,False,False,False,False,1.98,0.02387306,0.02456321,-2.81,-3.06,False,0.0,0.0,0.82,-3.0,Risk review,Head-and-shoulders risk,"head-and-shoulders, risk, distribution",580.17,,,8.64,,,580.17,"A possible head-and-shoulders top is forming or breaking. This is a caution signal, not an entry setup.",Risk review,-1.66
APOLLOTYRE,Apollo Tyres Ltd.,APOLLOTYRE.NS,Automobile and Auto Components,True,,NIFTY 500,^CRSLDX,2026-10-06,401.55,-0.01,-1.28,-2.42,333239.0,920180.0,0.36,133812120.45,40.74,44.07,False,False,False,False,False,-1.41,-5.54,-2.34,False,False,False,False,-1.51,0.01808552,0.01839105,-1.66,-3.06,False,0.0,0.0,0.36,-3.0,Risk review,Head-and-shoulders risk,"head-and-shoulders, risk, distribution",409.23,,,1.88,,,409.23,"A possible head-and-shoulders top is forming or breaking. This is a caution signal, not an entry setup.",Risk review,-1.66
KEC,Kec International Ltd.,KEC.NS,Construction,True,,NIFTY 500,^CRSLDX,2026-10-06,374.9,1.17,-0.91,-7.59,941989.0,1099764.0,0.86,353151676.1,33.09,31.83,False,False,False,False,False,-4.56,-10.98,-5.71,False,False,False,False,9.92,0.01688522,0.01836415,-8.05,-3.32,False,0.0,0.0,0.86,-3.0,Risk review,Head-and-shoulders risk,"head-and-shoulders, risk, distribution",483.52,,,22.47,,,483.52,"A possible head-and-shoulders top is forming or breaking. This is a caution signal, not an entry setup.",Risk review,-1.71
INDIAMART,Indiamart Intermesh Ltd.,INDIAMART.NS,Consumer Services,True,,NIFTY 500,^CRSLDX,2026-10-06,1592.9,0.09,-1.24,-5.44,41629.0,119269.0,0.35,66310834.1,32.89,34.12,False,False,False,False,False,-3.09,-6.96,-2.96,False,False,False,False,-3.61,0.07174304,0.07419663,-3.31,-3.54,False,0.0,0.0,0.35,-3.0,Risk review,Head-and-shoulders risk,"head-and-shoulders, risk, distribution",1907.55,,,16.49,,,1907.55,"A possible head-and-shoulders top is forming or breaking. This is a caution signal, not an entry setup.",Risk review,-1.76
BIOCON,Biocon Ltd.,BIOCON.NS,Healthcare,True,,NIFTY 500,^CRSLDX,2026-10-06,369.1,-0.19,-2.1,-5.91,4647884.0,3459746.0,1.34,1715533984.4,32.63,36.72,False,False,False,False,False,-3.39,-8.27,-0.24,False,False,False,False,2.21,0.01662399,0.0175128,-5.08,-3.84,False,0.3333333333333333,0.0,1.34,-3.0,Risk review,Head-and-shoulders risk,"head-and-shoulders, risk, distribution",372.35,,,0.87,,,372.35,"A possible head-and-shoulders top is forming or breaking. This is a caution signal, not an entry setup.",Risk review,-1.82
BAJFINANCE,Bajaj Finance Ltd.,BAJFINANCE.NS,Financial Services,True,,NIFTY 500,^CRSLDX,2026-10-06,963.1,-0.71,-1.1,-8.63,4380406.0,6730048.0,0.65,4218769018.6,37.86,36.21,False,False,False,False,False,-3.8,-8.59,-0.1,False,False,False,False,2.65,0.04337731,0.0455973,-4.87,-3.84,False,0.3333333333333333,0.0,0.65,-3.0,Risk review,Head-and-shoulders risk,"head-and-shoulders, risk, distribution",963.38,,,0.03,,,963.38,"A possible head-and-shoulders top is forming or breaking. This is a caution signal, not an entry setup.",Risk review,-1.82
MUTHOOTFIN,Muthoot Finance Ltd.,MUTHOOTFIN.NS,Financial Services,True,,NIFTY 500,^CRSLDX,2026-10-06,2686.0,-1.12,-1.86,-7.37,369508.0,643344.0,0.57,992498488.0,34.91,37.62,False,False,False,False,False,-3.34,-7.02,-2.97,False,False,False,False,-7.06,0.12097546,0.12550134,-3.61,-3.87,False,0.0,0.0,0.57,-3.0,Risk review,Head-and-shoulders risk,"head-and-shoulders, risk, distribution",3139.05,,,14.43,,,3139.05,"A possible head-and-shoulders top is forming or breaking. This is a caution signal, not an entry setup.",Risk review,-1.82
JSWCEMENT,JSW Cement Ltd.,JSWCEMENT.NS,Construction Materials,True,,NIFTY 500,^CRSLDX,2026-10-06,113.2,1.9,0.55,-6.92,1257168.0,1740415.0,0.72,142311417.6,34.93,24.5,False,False,False,False,False,-2.21,-8.05,-0.07,False,False,False,False,1.17,0.00509844,0.00536143,-4.91,-3.9,False,0.0,0.0,0.72,-3.0,Risk review,Head-and-shoulders risk,"head-and-shoulders, risk, distribution",115.75,,,2.21,,,115.75,"A possible head-and-shoulders top is forming or breaking. This is a caution signal, not an entry setup.",Risk review,-1.83
UBL,United Breweries Ltd.,UBL.NS,Fast Moving Consumer Goods,True,,NIFTY 500,^CRSLDX,2026-10-06,1178.3,-0.42,-2.64,-5.92,93587.0,153940.0,0.61,110273562.1,35.22,36.03,False,False,False,False,False,-3.83,-9.83,-2.81,False,False,False,False,3.51,0.05306976,0.0569182,-6.76,-3.9,False,0.0,0.0,0.61,-3.0,Risk review,Head-and-shoulders risk,"head-and-shoulders, risk, distribution",1546.85,,,23.83,,,1546.85,"A possible head-and-shoulders top is forming or breaking. This is a caution signal, not an entry setup.",Risk review,-1.83
NH,Narayana Hrudayalaya Ltd.,NH.NS,Healthcare,True,,NIFTY 500,^CRSLDX,2026-10-06,1723.8,0.08,-3.69,-9.15,177934.0,220081.0,0.81,306722629.2,31.78,37.9,False,False,False,False,False,-6.45,-7.86,-0.23,False,False,False,False,-5.97,0.07763868,0.08134438,-4.56,-4.08,False,0.3333333333333333,0.0,0.81,-3.0,Risk review,Head-and-shoulders risk,"head-and-shoulders, risk, distribution",1761.1,,,2.12,,,1761.1,"A possible head-and-shoulders top is forming or breaking. This is a caution signal, not an entry setup.",Risk review,-1.87
BATAINDIA,Bata India Ltd.,BATAINDIA.NS,Consumer Durables,True,,NIFTY 500,^CRSLDX,2026-10-06,619.85,1.44,-0.08,-6.63,71929.0,158498.0,0.45,44585190.65,33.83,27.99,False,False,False,False,False,-1.91,-8.09,-4.24,False,False,False,False,0.9,0.02791759,0.02927587,-4.64,-4.16,False,0.0,0.0,0.45,-3.0,Risk review,Head-and-shoulders risk,"head-and-shoulders, risk, distribution",657.95,,,5.79,,,657.95,"A possible head-and-shoulders top is forming or breaking. This is a caution signal, not an entry setup.",Risk review,-1.88
MMTC,MMTC Ltd.,MMTC.NS,Services,True,,NIFTY 500,^CRSLDX,2026-10-06,57.01,1.21,0.44,-9.78,653249.0,999389.0,0.65,37241725.49,34.61,29.54,False,False,False,False,False,-3.54,-7.67,0.25,False,False,False,False,-3.48,0.00256769,0.00267081,-3.86,-4.19,False,0.3333333333333333,0.0,0.65,-3.0,Risk review,Head-and-shoulders risk,"head-and-shoulders, risk, distribution",60.11,,,5.15,,,60.11,"A possible head-and-shoulders top is forming or breaking. This is a caution signal, not an entry setup.",Risk review,-1.89
OIL,Oil India Ltd.,OIL.NS,Oil Gas & Consumable Fuels,True,,NIFTY 500,^CRSLDX,2026-10-06,447.85,0.3,-2.52,-9.6,2084230.0,2412909.0,0.86,933422405.5,35.39,38.65,False,False,False,False,False,-5.05,-4.94,1.45,False,False,False,False,-16.89,0.02017083,0.02029286,-0.6,-4.27,False,0.6666666666666666,0.0,0.86,-3.0,Risk review,Head-and-shoulders risk,"head-and-shoulders, risk, distribution",460.23,,,2.69,,,460.23,"A possible head-and-shoulders top is forming or breaking. This is a caution signal, not an entry setup.",Risk review,-1.9
BALKRISIND,Balkrishna Industries Ltd.,BALKRISIND.NS,Automobile and Auto Components,True,,NIFTY 500,^CRSLDX,2026-10-06,2082.7,0.78,-2.05,-7.76,122686.0,205079.0,0.6,255518132.2,34.69,37.02,False,False,False,False,False,-3.4,-8.99,-0.83,False,False,False,False,-2.59,0.09380327,0.09852057,-4.79,-6.27,False,0.3333333333333333,0.0,0.6,-2.0,Risk review,Head-and-shoulders risk,"head-and-shoulders, risk, distribution",2035.05,,,2.34,,,2035.05,"A possible head-and-shoulders top is forming or breaking. This is a caution signal, not an entry setup.",Risk review,-1.9
BAJAJ-AUTO,Bajaj Auto Ltd.,BAJAJ-AUTO.NS,Automobile and Auto Components,True,,NIFTY 500,^CRSLDX,2026-10-06,10017.0,-0.07,-7.34,-15.68,159069.0,342626.0,0.46,1593394173.0,21.02,29.95,False,False,False,False,False,-9.92,-12.94,2.06,False,False,False,False,-16.67,0.4511583,0.49746938,-9.31,-11.99,False,0.6666666666666666,0.0,0.46,-2.0,Risk review,Head-and-shoulders risk,"head-and-shoulders, risk, distribution, breakout, retest, pivot, volume",9628.5,,,4.03,,,9628.5,"A possible head-and-shoulders top is forming or breaking. This is a caution signal, not an entry setup. Secondary patterns: Breakout retest.",Risk review,-1.9
NIACL,The New India Assurance Company Ltd.,NIACL.NS,Financial Services,True,,NIFTY 500,^CRSLDX,2026-10-06,160.72,1.49,-4.5,-21.68,1937355.0,5360011.0,0.36,311371695.6,34.82,37.2,False,False,False,False,False,-11.22,-12.65,1.38,False,False,False,False,-25.22,0.00723871,0.00791321,-8.52,-13.82,False,0.6666666666666666,0.0,0.36,-2.0,Risk review,Head-and-shoulders risk,"head-and-shoulders, risk, distribution",153.63,,,4.61,,,153.63,"A possible head-and-shoulders top is forming or breaking. This is a caution signal, not an entry setup.",Risk review,-1.9
ENDURANCE,Endurance Technologies Ltd.,ENDURANCE.NS,Automobile and Auto Components,True,,NIFTY 500,^CRSLDX,2026-10-06,2516.0,-0.42,-5.23,-8.02,75266.0,93432.0,0.81,189369256.0,29.69,40.51,False,False,False,False,False,-5.43,-10.18,0.17,False,False,False,False,-2.02,0.11331879,0.12111596,-6.44,-4.34,False,0.6666666666666666,0.0,0.81,-3.0,Risk review,Head-and-shoulders risk,"head-and-shoulders, risk, distribution, inverse-head-and-shoulders, base, reversal",2526.5,,,0.42,,,2526.5,"A possible head-and-shoulders top is forming or breaking. This is a caution signal, not an entry setup. Secondary patterns: Possible inverse H&S.",Risk review,-1.92
UNITDSPR,United Spirits Ltd.,UNITDSPR.NS,Fast Moving Consumer Goods,True,,NIFTY 500,^CRSLDX,2026-10-06,1358.0,-0.8,-0.37,-5.69,925853.0,1025425.0,0.9,1257308374.0,38.92,35.0,False,False,False,False,False,-2.05,-7.22,-0.32,False,False,False,False,-4.1,0.06116332,0.06352095,-3.71,-4.47,False,0.3333333333333333,0.0,0.9,-3.0,Risk review,Head-and-shoulders risk,"head-and-shoulders, risk, distribution, inverse-head-and-shoulders, base, reversal",1359.55,,,0.11,,,1359.55,"A possible head-and-shoulders top is forming or breaking. This is a caution signal, not an entry setup. Secondary patterns: Possible inverse H&S.",Risk review,-1.94
ERIS,Eris Lifesciences Ltd.,ERIS.NS,Healthcare,True,,NIFTY 500,^CRSLDX,2026-10-06,1184.7,-0.33,-2.84,-10.57,47481.0,93779.0,0.51,56250740.7,21.28,25.75,False,False,False,False,False,-6.78,-9.95,-2.09,False,False,False,False,-1.0,0.05335801,0.05711595,-6.58,-4.81,False,0.0,0.0,0.51,-3.0,Risk review,Head-and-shoulders risk,"head-and-shoulders, risk, distribution",1261.55,,,6.09,,,1261.55,"A possible head-and-shoulders top is forming or breaking. This is a caution signal, not an entry setup.",Risk review,-2.01
CESC,CESC Ltd.,CESC.NS,Power,True,,NIFTY 500,^CRSLDX,2026-10-06,134.43,0.52,0.42,-7.96,1795373.0,2060771.0,0.87,241351992.39,30.4,21.99,False,False,False,False,False,-3.91,-10.74,-1.77,False,False,False,False,2.23,0.00605463,0.00656184,-7.73,-4.84,False,0.0,0.0,0.87,-3.0,Risk review,Head-and-shoulders risk,"head-and-shoulders, risk, distribution",145.19,,,7.41,,,145.19,"A possible head-and-shoulders top is forming or breaking. This is a caution signal, not an entry setup.",Risk review,-2.02
BLUEDART,Blue Dart Express Ltd.,BLUEDART.NS,Services,True,,NIFTY 500,^CRSLDX,2026-10-06,4562.8,1.07,-0.29,-8.51,6431.0,15355.0,0.42,29343366.8,31.83,22.19,False,False,False,False,False,-3.69,-7.8,-1.36,False,False,False,False,-5.34,0.20550515,0.21457103,-4.23,-4.97,False,0.0,0.0,0.42,-3.0,Risk review,Head-and-shoulders risk,"head-and-shoulders, risk, distribution",4813.3,,,5.2,,,4813.3,"A possible head-and-shoulders top is forming or breaking. This is a caution signal, not an entry setup.",Risk review,-2.04
MAXHEALTH,Max Healthcare Institute Ltd.,MAXHEALTH.NS,Healthcare,True,,NIFTY 500,^CRSLDX,2026-10-06,902.5,-1.58,-8.11,-9.11,2407174.0,3150204.0,0.76,2172474535.0,25.78,36.2,False,False,False,False,False,-10.42,-11.65,-0.64,False,False,False,False,0.34,0.04064793,0.04438306,-8.42,-4.99,False,0.0,0.0,0.76,-3.0,Risk review,Head-and-shoulders risk,"head-and-shoulders, risk, distribution",911.4,,,0.98,,,911.4,"A possible head-and-shoulders top is forming or breaking. This is a caution signal, not an entry setup.",Risk review,-2.05
SWIGGY,Swiggy Ltd.,SWIGGY.NS,Consumer Services,True,,NIFTY 500,^CRSLDX,2026-10-06,244.2,2.26,-3.74,-11.43,9738654.0,15056725.0,0.65,2378179306.8,33.85,34.13,False,False,False,False,False,-7.84,-11.09,-4.57,False,False,False,False,-0.23,0.01099859,0.01185047,-7.19,-5.03,False,0.0,0.0,0.65,-3.0,Risk review,Head-and-shoulders risk,"head-and-shoulders, risk, distribution",248.55,,,1.75,,,248.55,"A possible head-and-shoulders top is forming or breaking. This is a caution signal, not an entry setup.",Risk review,-2.06
M&M,Mahindra & Mahindra Ltd.,M&M.NS,Automobile and Auto Components,True,,NIFTY 500,^CRSLDX,2026-10-06,2855.0,-0.09,-3.15,-9.65,2611087.0,2454316.0,1.06,7454653385.0,22.67,28.13,False,False,False,False,False,-5.14,-11.29,-1.9,False,False,False,False,0.55,0.1285871,0.1395203,-7.84,-5.07,False,0.0,0.0,1.06,-3.0,Risk review,Head-and-shoulders risk,"head-and-shoulders, risk, distribution",2980.55,,,4.21,,,2980.55,"A possible head-and-shoulders top is forming or breaking. This is a caution signal, not an entry setup.",Risk review,-2.06
LICHSGFIN,LIC Housing Finance Ltd.,LICHSGFIN.NS,Financial Services,True,,NIFTY 500,^CRSLDX,2026-10-06,502.0,-0.59,-8.48,-10.83,1198970.0,4018319.0,0.3,601882940.0,32.35,49.53,False,False,False,False,False,-8.02,-5.41,0.21,False,False,False,False,-17.04,0.02260971,0.02296938,-1.57,-5.1,False,0.3333333333333333,0.0,0.3,-3.0,Risk review,Head-and-shoulders risk,"head-and-shoulders, risk, distribution",533.52,,,5.91,,,533.52,"A possible head-and-shoulders top is forming or breaking. This is a caution signal, not an entry setup.",Risk review,-2.07
SIGNATURE,Signatureglobal (India) Ltd.,SIGNATURE.NS,Realty,True,,NIFTY 500,^CRSLDX,2026-10-06,719.35,-2.55,-4.65,-8.39,280842.0,349502.0,0.8,202023692.7,32.88,40.84,False,False,False,False,False,-5.09,-8.13,-4.22,False,False,False,False,-4.58,0.03239899,0.03392091,-4.49,-5.14,False,0.0,0.0,0.8,-3.0,Risk review,Head-and-shoulders risk,"head-and-shoulders, risk, distribution",751.03,,,4.22,,,751.03,"A possible head-and-shoulders top is forming or breaking. This is a caution signal, not an entry setup.",Risk review,-2.08
GODREJIND,Godrej Industries Ltd.,GODREJIND.NS,Diversified,True,,NIFTY 500,^CRSLDX,2026-10-06,1045.0,0.46,-1.01,-8.65,42487.0,90609.0,0.47,44398915.0,33.67,29.06,False,False,False,False,False,-4.09,-10.83,0.76,False,False,False,False,4.54,0.04706603,0.05121604,-8.1,-5.18,False,0.6666666666666666,0.0,0.47,-3.0,Risk review,Head-and-shoulders risk,"head-and-shoulders, risk, distribution, inverse-head-and-shoulders, base, reversal",1065.05,,,1.88,,,1065.05,"A possible head-and-shoulders top is forming or breaking. This is a caution signal, not an entry setup. Secondary patterns: Possible inverse H&S.",Risk review,-2.09
KIMS,Krishna Institute of Medical Sciences Ltd.,KIMS.NS,Healthcare,True,,NIFTY 500,^CRSLDX,2026-10-06,693.4,-1.71,-9.94,-9.3,913768.0,616661.0,1.48,633606731.2,25.33,45.34,False,False,False,False,False,-9.47,-10.99,1.57,False,False,False,False,-2.32,0.03123022,0.03376514,-7.51,-5.42,False,0.6666666666666666,0.0,1.48,-3.0,Risk review,Head-and-shoulders risk,"head-and-shoulders, risk, distribution",696.3,,,0.42,,,696.3,"A possible head-and-shoulders top is forming or breaking. This is a caution signal, not an entry setup.",Risk review,-2.13
NATIONALUM,National Aluminium Co. Ltd.,NATIONALUM.NS,Metals & Mining,True,,NIFTY 500,^CRSLDX,2026-10-06,337.25,-0.81,-2.71,-9.11,6701284.0,4979634.0,1.35,2260008029.0,35.88,38.18,False,False,False,False,False,-4.39,-8.79,1.92,False,False,False,False,-5.73,0.01518949,0.01594403,-4.73,-5.56,False,0.3333333333333333,0.0,1.35,-3.0,Risk review,Head-and-shoulders risk,"head-and-shoulders, risk, distribution",361.48,,,6.7,,,361.48,"A possible head-and-shoulders top is forming or breaking. This is a caution signal, not an entry setup.",Risk review,-2.16
NSLNISP,NMDC Steel Ltd.,NSLNISP.NS,Metals & Mining,True,,NIFTY 500,^CRSLDX,2026-10-06,40.9,0.99,-2.13,-9.15,4387731.0,4627861.0,0.95,179458197.9,40.55,43.35,False,False,False,False,False,-3.18,-5.06,0.3,False,False,False,False,-9.03,0.00184211,0.00186107,-1.02,-5.65,False,0.6666666666666666,0.0,0.95,-3.0,Risk review,Head-and-shoulders risk,"head-and-shoulders, risk, distribution, inverse-head-and-shoulders, base, reversal",41.55,,,1.56,,,41.55,"A possible head-and-shoulders top is forming or breaking. This is a caution signal, not an entry setup. Secondary patterns: Possible inverse H&S.",Risk review,-2.18
MSUMI,Motherson Sumi Wiring India Ltd.,MSUMI.NS,Automobile and Auto Components,True,,NIFTY 500,^CRSLDX,2026-10-06,33.31,1.28,-3.06,-9.01,3809743.0,11915483.0,0.32,126902539.33,30.01,32.01,False,False,False,False,False,-4.71,-11.09,-2.62,False,False,False,False,2.07,0.00150026,0.00163327,-8.14,-5.79,False,0.0,0.0,0.32,-3.0,Risk review,Head-and-shoulders risk,"head-and-shoulders, risk, distribution",37.5,,,11.16,,,37.5,"A possible head-and-shoulders top is forming or breaking. This is a caution signal, not an entry setup.",Risk review,-2.21
TTML,Tata Teleservices (Maharashtra) Ltd.,TTML.NS,Telecommunication,True,,NIFTY 500,^CRSLDX,2026-10-06,34.18,-0.44,-2.84,-6.33,1255795.0,6767329.0,0.19,42923073.1,38.28,42.02,False,False,False,False,False,-3.29,-8.12,-3.47,False,False,False,False,-3.84,0.00153944,0.0016163,-4.76,-5.82,False,0.0,0.0,0.19,-3.0,Risk review,Head-and-shoulders risk,"head-and-shoulders, risk, distribution",36.05,,,5.17,,,36.05,"A possible head-and-shoulders top is forming or breaking. This is a caution signal, not an entry setup.",Risk review,-2.21
INFY,Infosys Ltd.,INFY.NS,Information Technology,True,,NIFTY 500,^CRSLDX,2026-10-06,1013.85,-0.65,-0.15,-6.3,8252213.0,10347238.0,0.8,8366506150.05,40.12,35.86,False,False,False,False,False,-1.64,-7.74,-4.57,False,False,False,False,-5.06,0.04566306,0.04751342,-3.89,-6.06,False,0.0,0.0,0.8,-3.0,Risk review,Head-and-shoulders risk,"head-and-shoulders, risk, distribution",1035.7,,,2.11,,,1035.7,"A possible head-and-shoulders top is forming or breaking. This is a caution signal, not an entry setup.",Risk review,-2.25
BAYERCROP,Bayer Cropscience Ltd.,BAYERCROP.NS,Chemicals,True,,NIFTY 500,^CRSLDX,2026-10-06,3533.4,0.7,-1.92,-11.33,17934.0,36046.0,0.5,63367995.6,18.6,12.84,False,False,False,False,False,-6.08,-10.96,-1.52,False,False,False,False,-2.46,0.15914173,0.17239095,-7.69,-6.57,False,0.0,0.0,0.5,-3.0,Risk review,Head-and-shoulders risk,"head-and-shoulders, risk, distribution",4301.05,,,17.85,,,4301.05,"A possible head-and-shoulders top is forming or breaking. This is a caution signal, not an entry setup.",Risk review,-2.25
NBCC,NBCC (India) Ltd.,NBCC.NS,Construction,True,,NIFTY 500,^CRSLDX,2026-10-06,77.05,1.12,-1.23,-10.41,5142985.0,5539038.0,0.93,396266994.25,31.11,29.22,False,False,False,False,False,-4.82,-11.0,-3.33,False,False,False,False,1.59,0.00347028,0.00377418,-8.05,-6.71,False,0.0,0.0,0.93,-3.0,Risk review,Head-and-shoulders risk,"head-and-shoulders, risk, distribution",84.27,,,8.56,,,84.27,"A possible head-and-shoulders top is forming or breaking. This is a caution signal, not an entry setup.",Risk review,-2.25
SONATSOFTW,Sonata Software Ltd.,SONATSOFTW.NS,Information Technology,True,,NIFTY 500,^CRSLDX,2026-10-06,252.05,-0.77,-3.37,-8.09,515712.0,1238788.0,0.42,129985209.6,33.28,37.17,False,False,False,False,False,-6.31,-14.19,-2.91,False,False,False,False,5.65,0.01135215,0.01274321,-10.92,-7.05,False,0.3333333333333333,0.0,0.42,-3.0,Risk review,Head-and-shoulders risk,"head-and-shoulders, risk, distribution",253.18,,,0.44,,,253.18,"A possible head-and-shoulders top is forming or breaking. This is a caution signal, not an entry setup.",Risk review,-2.25
INTELLECT,Intellect Design Arena Ltd.,INTELLECT.NS,Information Technology,True,,NIFTY 500,^CRSLDX,2026-10-06,601.4,0.2,-1.93,-13.07,288653.0,304637.0,0.95,173595914.2,26.51,28.8,False,False,False,False,False,-6.65,-11.37,-4.99,False,False,False,False,-3.05,0.02708661,0.02948658,-8.14,-7.14,False,0.0,0.0,0.95,-3.0,Risk review,Head-and-shoulders risk,"head-and-shoulders, risk, distribution",631.1,,,4.71,,,631.1,"A possible head-and-shoulders top is forming or breaking. This is a caution signal, not an entry setup.",Risk review,-2.25
OLECTRA,Olectra Greentech Ltd.,OLECTRA.NS,Automobile and Auto Components,True,,NIFTY 500,^CRSLDX,2026-10-06,1102.9,2.27,-2.99,-9.13,215703.0,416432.0,0.52,237898838.7,33.13,33.05,False,False,False,False,False,-6.27,-12.49,-0.21,False,False,False,False,2.02,0.0496738,0.05482961,-9.4,-7.2,False,0.3333333333333333,0.0,0.52,-3.0,Risk review,Head-and-shoulders risk,"head-and-shoulders, risk, distribution",1172.25,,,5.92,,,1172.25,"A possible head-and-shoulders top is forming or breaking. This is a caution signal, not an entry setup.",Risk review,-2.25
NMDC,NMDC Ltd.,NMDC.NS,Metals & Mining,True,,NIFTY 500,^CRSLDX,2026-10-06,74.38,0.87,-3.4,-12.19,10800931.0,12348745.0,0.87,803373247.78,29.24,32.45,False,False,False,False,False,-6.27,-10.28,0.15,False,False,False,False,-7.13,0.00335002,0.00359228,-6.74,-7.47,False,0.3333333333333333,0.0,0.87,-3.0,Risk review,Head-and-shoulders risk,"head-and-shoulders, risk, distribution",79.03,,,5.88,,,79.03,"A possible head-and-shoulders top is forming or breaking. This is a caution signal, not an entry setup.",Risk review,-2.25
JBMA,JBM Auto Ltd.,JBMA.NS,Automobile and Auto Components,True,,NIFTY 500,^CRSLDX,2026-10-06,555.65,2.04,-1.33,-9.7,252185.0,306034.0,0.82,140126595.25,32.99,29.73,False,False,False,False,False,-4.94,-10.14,-0.03,False,False,False,False,-5.12,0.02502607,0.02688338,-6.91,-7.49,False,0.3333333333333333,0.0,0.82,-3.0,Risk review,Head-and-shoulders risk,"head-and-shoulders, risk, distribution",559.95,,,0.77,,,559.95,"A possible head-and-shoulders top is forming or breaking. This is a caution signal, not an entry setup.",Risk review,-2.25
GICRE,General Insurance Corporation of India,GICRE.NS,Financial Services,True,,NIFTY 500,^CRSLDX,2026-10-06,314.25,-1.52,-1.87,-9.72,745898.0,588578.0,1.27,234398446.5,30.76,28.47,False,False,False,False,False,-6.6,-9.65,-1.05,False,False,False,False,-8.86,0.01415359,0.01507916,-6.14,-7.59,False,0.0,0.0,1.27,-3.0,Risk review,Head-and-shoulders risk,"head-and-shoulders, risk, distribution",359.73,,,12.64,,,359.73,"A possible head-and-shoulders top is forming or breaking. This is a caution signal, not an entry setup.",Risk review,-2.25
NEWGEN,Newgen Software Technologies Ltd.,NEWGEN.NS,Information Technology,True,,NIFTY 500,^CRSLDX,2026-10-06,456.6,-0.47,-3.47,-11.17,432611.0,662106.0,0.65,197530182.6,28.92,33.05,False,False,False,False,False,-6.03,-11.69,-6.55,False,False,False,False,-5.01,0.02056493,0.02239158,-8.16,-7.62,False,0.0,0.0,0.65,-3.0,Risk review,Head-and-shoulders risk,"head-and-shoulders, risk, distribution",464.98,,,1.8,,,464.98,"A possible head-and-shoulders top is forming or breaking. This is a caution signal, not an entry setup.",Risk review,-2.25
SJVN,SJVN Ltd.,SJVN.NS,Power,True,,NIFTY 500,^CRSLDX,2026-10-06,57.26,0.17,-4.3,-13.07,1735501.0,2955781.0,0.59,99374787.26,16.5,21.36,False,False,False,False,False,-8.23,-11.86,-1.51,False,False,False,False,-4.61,0.00257895,0.00281823,-8.49,-7.71,False,0.0,0.0,0.59,-3.0,Risk review,Head-and-shoulders risk,"head-and-shoulders, risk, distribution",66.76,,,14.23,,,66.76,"A possible head-and-shoulders top is forming or breaking. This is a caution signal, not an entry setup.",Risk review,-2.25
IEX,Indian Energy Exchange Ltd.,IEX.NS,Financial Services,True,,NIFTY 500,^CRSLDX,2026-10-06,104.86,0.54,-1.44,-10.02,2589786.0,3496948.0,0.74,271564959.96,26.49,25.67,False,False,False,False,False,-5.74,-11.99,-2.33,False,False,False,False,-2.2,0.00472282,0.00518798,-8.97,-7.83,False,0.0,0.0,0.74,-3.0,Risk review,Head-and-shoulders risk,"head-and-shoulders, risk, distribution",118.03,,,11.16,,,118.03,"A possible head-and-shoulders top is forming or breaking. This is a caution signal, not an entry setup.",Risk review,-2.25
DELHIVERY,Delhivery Ltd.,DELHIVERY.NS,Services,True,,NIFTY 500,^CRSLDX,2026-10-06,407.5,1.8,-2.37,-10.42,2099830.0,2801799.0,0.75,855680725.0,37.01,37.46,False,False,False,False,False,-3.72,-8.77,0.39,False,False,False,False,-10.3,0.0183535,0.01941333,-5.46,-8.09,False,0.6666666666666666,0.0,0.75,-3.0,Risk review,Head-and-shoulders risk,"head-and-shoulders, risk, distribution",425.3,,,4.19,,,425.3,"A possible head-and-shoulders top is forming or breaking. This is a caution signal, not an entry setup.",Risk review,-2.25
LATENTVIEW,Latent View Analytics Ltd.,LATENTVIEW.NS,Information Technology,True,,NIFTY 500,^CRSLDX,2026-10-06,233.28,-1.02,-0.94,-9.6,267880.0,504839.0,0.53,62491046.4,23.41,22.49,False,False,False,False,False,-5.42,-13.42,-6.76,False,False,False,False,0.7,0.01050676,0.01178594,-10.85,-8.15,False,0.0,0.0,0.53,-3.0,Risk review,Head-and-shoulders risk,"head-and-shoulders, risk, distribution",279.98,,,16.68,,,279.98,"A possible head-and-shoulders top is forming or breaking. This is a caution signal, not an entry setup.",Risk review,-2.25
ABLBL,Aditya Birla Lifestyle Brands Ltd.,ABLBL.NS,Consumer Services,True,,NIFTY 500,^CRSLDX,2026-10-06,73.16,-0.29,-4.96,-13.44,3207943.0,2604555.0,1.23,234693109.88,14.09,20.25,False,False,False,False,False,-7.93,-14.1,-4.48,False,False,False,False,1.77,0.00329507,0.00371315,-11.26,-8.22,False,0.0,0.0,1.23,-3.0,Risk review,Head-and-shoulders risk,"head-and-shoulders, risk, distribution",98.06,,,25.39,,,98.06,"A possible head-and-shoulders top is forming or breaking. This is a caution signal, not an entry setup.",Risk review,-2.25
CONCOR,Container Corporation of India Ltd.,CONCOR.NS,Services,True,,NIFTY 500,^CRSLDX,2026-10-06,445.85,1.0,0.53,-11.19,929976.0,1161476.0,0.8,414629799.6,32.33,27.52,False,False,False,False,False,-5.51,-10.41,-0.72,False,False,False,False,-9.65,0.02008076,0.02156167,-6.87,-8.23,False,0.3333333333333333,0.0,0.8,-3.0,Risk review,Head-and-shoulders risk,"head-and-shoulders, risk, distribution",451.07,,,1.16,,,451.07,"A possible head-and-shoulders top is forming or breaking. This is a caution signal, not an entry setup.",Risk review,-2.25
BDL,Bharat Dynamics Ltd.,BDL.NS,Capital Goods,True,,NIFTY 500,^CRSLDX,2026-10-06,1101.8,0.51,1.54,-11.32,729165.0,1037471.0,0.7,803393997.0,34.03,25.42,False,False,False,False,False,-3.75,-11.24,-2.14,False,False,False,False,-7.05,0.04962426,0.05389258,-7.92,-8.25,False,0.0,0.0,0.7,-3.0,Risk review,Head-and-shoulders risk,"head-and-shoulders, risk, distribution",1159.65,,,4.99,,,1159.65,"A possible head-and-shoulders top is forming or breaking. This is a caution signal, not an entry setup.",Risk review,-2.25
SAMMAANCAP,Sammaan Capital Ltd.,SAMMAANCAP.NS,Financial Services,True,,NIFTY 500,^CRSLDX,2026-10-06,134.4,0.97,-1.52,-12.16,2560634.0,4416232.0,0.58,344149209.6,31.49,29.91,False,False,False,False,False,-4.68,-10.22,-0.23,False,False,False,False,-2.21,0.00605328,0.0065218,-7.18,-8.42,False,0.0,0.0,0.58,-3.0,Risk review,Head-and-shoulders risk,"head-and-shoulders, risk, distribution",147.75,,,9.04,,,147.75,"A possible head-and-shoulders top is forming or breaking. This is a caution signal, not an entry setup.",Risk review,-2.25
NCC,NCC Ltd.,NCC.NS,Construction,True,,NIFTY 500,^CRSLDX,2026-10-06,128.47,-0.25,0.16,-13.58,1129724.0,3759505.0,0.3,145135642.28,31.75,29.19,False,False,False,False,False,-4.59,-8.78,-1.73,False,False,False,False,-13.15,0.00578619,0.00608999,-4.99,-8.62,False,0.0,0.0,0.3,-3.0,Risk review,Head-and-shoulders risk,"head-and-shoulders, risk, distribution",137.56,,,6.6,,,137.56,"A possible head-and-shoulders top is forming or breaking. This is a caution signal, not an entry setup.",Risk review,-2.25
M&MFIN,Mahindra & Mahindra Financial Services Ltd.,M&MFIN.NS,Financial Services,True,,NIFTY 500,^CRSLDX,2026-10-06,327.75,0.48,-0.09,-12.45,1798943.0,1956770.0,0.92,589603568.25,34.08,27.98,False,False,False,False,False,-4.0,-11.09,-0.74,False,False,False,False,-7.42,0.01476162,0.01597535,-7.6,-8.72,False,0.3333333333333333,0.0,0.92,-3.0,Risk review,Head-and-shoulders risk,"head-and-shoulders, risk, distribution, breakout, retest, pivot, volume, inverse-head-and-shoulders, base, reversal",338.95,,,3.3,,,338.95,"A possible head-and-shoulders top is forming or breaking. This is a caution signal, not an entry setup. Secondary patterns: Breakout retest, Possible inverse H&S.",Risk review,-2.25
LTM,LTM Ltd.,LTM.NS,Information Technology,True,,NIFTY 500,^CRSLDX,2026-10-06,3971.1,-0.97,0.89,-10.36,176859.0,461695.0,0.38,702324774.9,33.84,28.41,False,False,False,False,,-4.5,-9.95,,False,False,False,False,-11.56,0.17885542,0.19037133,-6.05,-8.79,False,0.0,0.0,0.38,-3.0,Risk review,Head-and-shoulders risk,"head-and-shoulders, risk, distribution",4091.0,,,2.93,,,4091.0,"A possible head-and-shoulders top is forming or breaking. This is a caution signal, not an entry setup.",Risk review,-2.25
UPL,UPL Ltd.,UPL.NS,Chemicals,True,,NIFTY 500,^CRSLDX,2026-10-06,509.55,1.4,-5.29,-11.65,1194229.0,2375724.0,0.5,608519386.95,29.66,35.04,False,False,False,False,False,-7.26,-10.05,-3.19,False,False,False,False,-13.12,0.02294976,0.02460833,-6.74,-8.83,False,0.0,0.0,0.5,-3.0,Risk review,Head-and-shoulders risk,"head-and-shoulders, risk, distribution",564.15,,,9.68,,,564.15,"A possible head-and-shoulders top is forming or breaking. This is a caution signal, not an entry setup.",Risk review,-2.25
APTUS,Aptus Value Housing Finance India Ltd.,APTUS.NS,Financial Services,True,,NIFTY 500,^CRSLDX,2026-10-06,223.9,0.11,-4.05,-12.87,512918.0,1800291.0,0.28,114842340.2,29.99,35.82,False,False,False,False,False,-6.52,-10.67,-1.73,False,False,False,False,-9.54,0.01008429,0.01092642,-7.71,-8.86,False,0.0,0.0,0.28,-3.0,Risk review,Head-and-shoulders risk,"head-and-shoulders, risk, distribution",247.22,,,9.43,,,247.22,"A possible head-and-shoulders top is forming or breaking. This is a caution signal, not an entry setup.",Risk review,-2.25
ASTERDM,Aster DM Quality Care Ltd.,ASTERDM.NS,Healthcare,True,,NIFTY 500,^CRSLDX,2026-10-06,684.7,-0.98,-6.71,-13.37,1226250.0,1278129.0,0.96,839613375.0,28.26,36.7,False,False,False,False,False,-7.72,-11.94,1.81,False,False,False,False,-3.98,0.03083838,0.03373809,-8.59,-8.88,False,0.6666666666666666,0.0,0.96,-3.0,Risk review,Head-and-shoulders risk,"head-and-shoulders, risk, distribution",687.35,,,0.39,,,687.35,"A possible head-and-shoulders top is forming or breaking. This is a caution signal, not an entry setup.",Risk review,-2.25
GMDCLTD,Gujarat Mineral Development Corporation Ltd.,GMDCLTD.NS,Metals & Mining,True,,NIFTY 500,^CRSLDX,2026-10-06,491.55,0.86,-4.22,-13.59,816501.0,1033102.0,0.79,401351066.55,26.22,29.18,False,False,False,False,False,-8.67,-12.06,0.17,False,False,False,False,-5.78,0.02213905,0.02419182,-8.49,-9.02,False,0.3333333333333333,0.0,0.79,-3.0,Risk review,Head-and-shoulders risk,"head-and-shoulders, risk, distribution",573.0,,,14.21,,,573.0,"A possible head-and-shoulders top is forming or breaking. This is a caution signal, not an entry setup.",Risk review,-2.25
ZFCVINDIA,ZF Commercial Vehicle Control Systems India Ltd.,ZFCVINDIA.NS,Automobile and Auto Components,True,,NIFTY 500,^CRSLDX,2026-10-06,2187.4,-0.63,-4.8,-13.11,70332.0,113730.0,0.62,153844216.8,24.67,27.89,False,False,False,False,False,-7.95,-12.17,-0.35,False,False,False,False,-9.11,0.09851888,0.10729242,-8.18,-9.26,False,0.3333333333333333,0.0,0.62,-3.0,Risk review,Head-and-shoulders risk,"head-and-shoulders, risk, distribution",2229.84,,,1.9,,,2229.84,"A possible head-and-shoulders top is forming or breaking. This is a caution signal, not an entry setup.",Risk review,-2.25
BBTC,Bombay Burmah Trading Corporation Ltd.,BBTC.NS,Fast Moving Consumer Goods,True,,NIFTY 500,^CRSLDX,2026-10-06,1298.2,-0.48,-4.19,-12.14,93576.0,180147.0,0.52,121480363.2,29.22,35.09,False,False,False,False,False,-7.74,-10.82,-2.89,False,False,False,False,-11.74,0.05846997,0.06311478,-7.36,-9.45,False,0.0,0.0,0.52,-3.0,Risk review,Head-and-shoulders risk,"head-and-shoulders, risk, distribution",1406.1,,,7.67,,,1406.1,"A possible head-and-shoulders top is forming or breaking. This is a caution signal, not an entry setup.",Risk review,-2.25
TATAELXSI,Tata Elxsi Ltd.,TATAELXSI.NS,Information Technology,True,,NIFTY 500,^CRSLDX,2026-10-06,3093.0,-0.39,-3.7,-11.43,196732.0,263691.0,0.75,608492076.0,25.34,29.88,False,False,False,False,False,-4.81,-11.78,-4.38,False,False,False,False,-7.85,0.13930644,0.15200513,-8.35,-9.51,False,0.0,0.0,0.75,-3.0,Risk review,Head-and-shoulders risk,"head-and-shoulders, risk, distribution",4028.1,,,23.21,,,4028.1,"A possible head-and-shoulders top is forming or breaking. This is a caution signal, not an entry setup.",Risk review,-2.25
THERMAX,Thermax Ltd.,THERMAX.NS,Capital Goods,True,,NIFTY 500,^CRSLDX,2026-10-06,3225.1,-0.1,-2.0,-11.14,236487.0,174829.0,1.35,762694223.7,25.5,21.84,False,False,False,False,False,-7.16,-14.76,1.54,False,False,False,False,-5.01,0.14525613,0.16569887,-12.34,-9.54,False,0.3333333333333333,0.0,1.35,-3.0,Risk review,Head-and-shoulders risk,"head-and-shoulders, risk, distribution",3744.5,,,13.87,,,3744.5,"A possible head-and-shoulders top is forming or breaking. This is a caution signal, not an entry setup.",Risk review,-2.25
ARE&M,Amara Raja Energy & Mobility Ltd.,ARE&M.NS,Automobile and Auto Components,True,,NIFTY 500,^CRSLDX,2026-10-06,742.9,0.18,-3.05,-11.33,309353.0,434592.0,0.71,229818343.7,21.31,24.82,False,False,False,False,False,-5.51,-13.85,-1.66,False,False,False,False,-4.24,0.03345967,0.0374264,-10.6,-9.57,False,0.3333333333333333,0.0,0.71,-3.0,Risk review,Head-and-shoulders risk,"head-and-shoulders, risk, distribution",790.05,,,5.97,,,790.05,"A possible head-and-shoulders top is forming or breaking. This is a caution signal, not an entry setup.",Risk review,-2.25
COCHINSHIP,Cochin Shipyard Ltd.,COCHINSHIP.NS,Capital Goods,True,,NIFTY 500,^CRSLDX,2026-10-06,1282.0,-0.14,-5.69,-16.11,860827.0,1470681.0,0.59,1103580214.0,32.98,41.39,False,False,False,False,False,-5.9,-10.74,-1.64,False,False,False,False,-11.5,0.05774034,0.06218548,-7.15,-9.69,False,0.0,0.0,0.59,-3.0,Risk review,Head-and-shoulders risk,"head-and-shoulders, risk, distribution",1325.05,,,3.25,,,1325.05,"A possible head-and-shoulders top is forming or breaking. This is a caution signal, not an entry setup.",Risk review,-2.25
RAINBOW,Rainbow Childrens Medicare Ltd.,RAINBOW.NS,Healthcare,True,,NIFTY 500,^CRSLDX,2026-10-06,1239.7,-2.33,-9.37,-14.5,122566.0,153298.0,0.8,151945070.2,17.11,31.19,False,False,False,False,False,-10.9,-14.25,0.33,False,False,False,False,-3.34,0.05583517,0.06263719,-10.86,-9.88,False,0.6666666666666666,0.0,0.8,-3.0,Risk review,Head-and-shoulders risk,"head-and-shoulders, risk, distribution",1246.7,,,0.56,,,1246.7,"A possible head-and-shoulders top is forming or breaking. This is a caution signal, not an entry setup.",Risk review,-2.25
GRSE,Garden Reach Shipbuilders & Engineers Ltd.,GRSE.NS,Capital Goods,True,,NIFTY 500,^CRSLDX,2026-10-06,2137.3,1.27,-3.12,-15.38,287612.0,371325.0,0.77,614713127.6,26.24,26.22,False,False,False,False,False,-7.33,-13.58,-0.38,False,False,False,False,-9.34,0.09626242,0.10756441,-10.51,-10.81,False,0.0,0.0,0.77,-3.0,Risk review,Head-and-shoulders risk,"head-and-shoulders, risk, distribution",2256.85,,,5.3,,,2256.85,"A possible head-and-shoulders top is forming or breaking. This is a caution signal, not an entry setup.",Risk review,-2.25
SUZLON,Suzlon Energy Ltd.,SUZLON.NS,Capital Goods,True,,NIFTY 500,^CRSLDX,2026-10-06,39.16,0.62,-0.86,-13.93,42495197.0,56660213.0,0.75,1664111914.52,22.11,20.46,False,False,False,False,False,-6.03,-12.88,-2.17,False,False,False,False,-8.55,0.00176374,0.00196397,-10.2,-10.9,False,0.0,0.0,0.75,-3.0,Risk review,Head-and-shoulders risk,"head-and-shoulders, risk, distribution",44.73,,,12.45,,,44.73,"A possible head-and-shoulders top is forming or breaking. This is a caution signal, not an entry setup.",Risk review,-2.25
MAZDOCK,Mazagoan Dock Shipbuilders Ltd.,MAZDOCK.NS,Capital Goods,True,,NIFTY 500,^CRSLDX,2026-10-06,2101.0,1.3,0.67,-14.82,403608.0,608851.0,0.66,847980408.0,30.89,22.22,False,False,False,False,False,-4.76,-11.88,-1.17,False,False,False,False,-10.84,0.09462749,0.10316281,-8.27,-11.06,False,0.0,0.0,0.66,-3.0,Risk review,Head-and-shoulders risk,"head-and-shoulders, risk, distribution",2218.7,,,5.3,,,2218.7,"A possible head-and-shoulders top is forming or breaking. This is a caution signal, not an entry setup.",Risk review,-2.25
KPITTECH,KPIT Technologies Ltd.,KPITTECH.NS,Information Technology,True,,NIFTY 500,^CRSLDX,2026-10-06,492.7,0.65,-5.2,-12.33,965926.0,1672141.0,0.58,475911740.2,28.49,34.08,False,False,False,False,False,-6.54,-13.79,-8.55,False,False,False,False,-7.14,0.02219084,0.02480694,-10.55,-11.56,False,0.0,0.0,0.58,-3.0,Risk review,Head-and-shoulders risk,"head-and-shoulders, risk, distribution",616.58,,,20.09,,,616.58,"A possible head-and-shoulders top is forming or breaking. This is a caution signal, not an entry setup.",Risk review,-2.25
SUMICHEM,Sumitomo Chemical India Ltd.,SUMICHEM.NS,Chemicals,True,,NIFTY 500,^CRSLDX,2026-10-06,418.05,0.81,-3.04,-14.11,490031.0,387312.0,1.27,204857459.55,24.64,24.72,False,False,False,False,False,-6.85,-15.54,-0.18,False,False,False,False,-8.97,0.01882866,0.02156765,-12.7,-12.14,False,0.3333333333333333,0.0,1.27,-3.0,Risk review,Head-and-shoulders risk,"head-and-shoulders, risk, distribution, inverse-head-and-shoulders, base, reversal",430.3,,,2.85,,,430.3,"A possible head-and-shoulders top is forming or breaking. This is a caution signal, not an entry setup. Secondary patterns: Possible inverse H&S.",Risk review,-2.25
LTF,L&T Finance Ltd.,LTF.NS,Financial Services,True,,NIFTY 500,^CRSLDX,2026-10-06,264.4,0.25,-2.45,-14.24,3148329.0,6503716.0,0.48,832418187.6,28.46,30.38,False,False,False,False,False,-8.98,-13.36,-0.43,False,False,False,False,-14.74,0.01190838,0.01322447,-9.95,-12.62,False,0.3333333333333333,0.0,0.48,-3.0,Risk review,Head-and-shoulders risk,"head-and-shoulders, risk, distribution",274.8,,,3.78,,,274.8,"A possible head-and-shoulders top is forming or breaking. This is a caution signal, not an entry setup.",Risk review,-2.25
SBFC,SBFC Finance Ltd.,SBFC.NS,Financial Services,True,,NIFTY 500,^CRSLDX,2026-10-06,83.28,0.54,-1.4,-14.45,1721500.0,1289143.0,1.34,143366520.0,26.11,23.66,False,False,False,False,False,-8.0,-10.73,-1.53,False,False,False,False,-19.67,0.00375087,0.0040264,-6.84,-12.69,False,0.3333333333333333,0.0,1.34,-3.0,Risk review,Head-and-shoulders risk,"head-and-shoulders, risk, distribution",84.33,,,1.25,,,84.33,"A possible head-and-shoulders top is forming or breaking. This is a caution signal, not an entry setup.",Risk review,-2.25
FORTIS,Fortis Healthcare Ltd.,FORTIS.NS,Healthcare,True,,NIFTY 500,^CRSLDX,2026-10-06,764.0,0.03,-7.06,-15.86,1246982.0,2125329.0,0.59,952694248.0,21.9,25.2,False,False,False,False,False,-10.3,-14.55,-0.33,False,False,False,False,-14.55,0.03441,0.03885424,-11.44,-12.79,False,0.0,0.0,0.59,-3.0,Risk review,Head-and-shoulders risk,"head-and-shoulders, risk, distribution",822.95,,,7.16,,,822.95,"A possible head-and-shoulders top is forming or breaking. This is a caution signal, not an entry setup.",Risk review,-2.25
PFIZER,Pfizer Ltd.,PFIZER.NS,Healthcare,True,,NIFTY 500,^CRSLDX,2026-10-06,3852.2,0.26,-1.55,-10.64,21026.0,63038.0,0.33,80996357.2,19.94,20.72,False,False,False,False,False,-3.38,-13.9,-2.17,False,False,False,False,-9.82,0.17350025,0.19482296,-10.94,-13.12,False,0.0,0.0,0.33,-3.0,Risk review,Head-and-shoulders risk,"head-and-shoulders, risk, distribution",4157.8,,,7.35,,,4157.8,"A possible head-and-shoulders top is forming or breaking. This is a caution signal, not an entry setup.",Risk review,-2.25
INDIACEM,India Cements Ltd.,INDIACEM.NS,Construction Materials,True,,NIFTY 500,^CRSLDX,2026-10-06,295.25,-1.27,-2.78,-16.47,139497.0,208008.0,0.67,41186489.25,21.14,19.94,False,False,False,False,False,-9.74,-17.28,-2.43,False,False,False,False,-6.97,0.01329784,0.01559096,-14.71,-13.82,False,0.0,0.0,0.67,-3.0,Risk review,Head-and-shoulders risk,"head-and-shoulders, risk, distribution",363.68,,,18.81,,,363.68,"A possible head-and-shoulders top is forming or breaking. This is a caution signal, not an entry setup.",Risk review,-2.25
AFCONS,Afcons Infrastructure Ltd.,AFCONS.NS,Construction,True,,NIFTY 500,^CRSLDX,2026-10-06,242.15,0.27,-1.2,-13.6,167607.0,2938634.0,0.06,40586035.05,31.89,31.49,False,False,False,False,False,-4.83,-10.11,-4.3,False,False,False,False,-21.82,0.01090626,0.01171333,-6.89,-13.94,False,0.0,0.0,0.06,-3.0,Risk review,Head-and-shoulders risk,"head-and-shoulders, risk, distribution",277.8,,,12.83,,,277.8,"A possible head-and-shoulders top is forming or breaking. This is a caution signal, not an entry setup.",Risk review,-2.25
ZEEL,Zee Entertainment Enterprises Ltd.,ZEEL.NS,Media Entertainment & Publication,True,,NIFTY 500,^CRSLDX,2026-10-06,72.42,-1.56,-2.32,-16.09,15468698.0,15819884.0,0.98,1120243109.16,28.19,25.8,False,False,False,False,False,-6.1,-19.88,-1.73,False,False,False,False,-18.25,0.00326174,0.00397802,-18.01,-17.23,False,0.0,0.0,0.98,-3.0,Risk review,Head-and-shoulders risk,"head-and-shoulders, risk, distribution",79.0,,,8.33,,,79.0,"A possible head-and-shoulders top is forming or breaking. This is a caution signal, not an entry setup.",Risk review,-2.25
ABREL,Aditya Birla Real Estate Ltd.,ABREL.NS,Realty,True,,NIFTY 500,^CRSLDX,2026-10-06,1078.0,-0.42,-7.12,-21.43,178357.0,237497.0,0.75,192268846.0,20.58,27.51,False,False,False,False,False,-10.76,-18.3,-3.56,False,False,False,False,-19.03,0.04855233,0.05741943,-15.44,-18.0,False,0.0,0.0,0.75,-3.0,Risk review,Head-and-shoulders risk,"head-and-shoulders, risk, distribution",1154.6,,,6.63,,,1154.6,"A possible head-and-shoulders top is forming or breaking. This is a caution signal, not an entry setup.",Risk review,-2.25
POLICYBZR,PB Fintech Ltd.,POLICYBZR.NS,Financial Services,True,,NIFTY 500,^CRSLDX,2026-10-06,1034.9,6.01,-4.26,-43.32,8051949.0,8754308.0,0.92,8332962020.1,24.9,21.6,False,False,False,False,False,-29.58,-36.62,-2.56,False,False,False,False,-61.38,0.04661113,0.07053446,-33.92,-42.04,False,0.3333333333333333,0.0,0.92,-3.0,Risk review,Head-and-shoulders risk,"head-and-shoulders, risk, distribution",1421.15,,,27.18,,,1421.15,"A possible head-and-shoulders top is forming or breaking. This is a caution signal, not an entry setup.",Risk review,-2.25
