symbol,name,ticker,sector,downloaded,download_note,source_index,benchmark_ticker,last_date,last,return_1d_pct,return_5d_pct,return_20d_pct,volume,avg_volume_20,volume_ratio_20d,turnover_proxy,rsi_14,rsi_5d_ago,above_sma_10,above_sma_20,above_sma_50,above_sma_100,above_sma_200,distance_sma_20_pct,distance_sma_50_pct,ma200_roc20_pct,supertrend_bullish,new_high20,within_3pct_ath,at_ath,rs_acceleration_pct,rs_ratio,rs_ratio_sma_50,rs_distance_sma_50_pct,rs_return_20d_pct,rs_above_50dma,trend_raw,breakout_raw,volume_raw,setup_score,setup_quality,primary_setup,setup_tags,setup_pivot_level,setup_breakout_date,setup_volume_ratio,setup_retest_gap_pct,setup_flag_depth_pct,setup_impulse_return_pct,setup_neckline_level,setup_commentary,rotation_signal,rotation_score
SAIL,Steel Authority of India Ltd.,SAIL.NS,Metals & Mining,True,,NIFTY 500,^CRSLDX,2026-08-24,179.65,3.57,3.49,10.47,48196763.0,19415312.0,2.48,8658548178.78,61.16,54.53,True,True,True,True,True,4.31,5.57,2.47,False,True,False,False,16.6,0.00764086,0.00730624,4.58,8.79,True,1.0,0.5,2.48,5.1,Actionable watch,Breakout retest,"breakout, retest, pivot, volume, inverse-head-and-shoulders, base, reversal",176.29,2026-08-24,2.72,0.9,,,,Prior resistance has been cleared on higher volume and price is back near that pivot. This is the kind of retest zone where follow-through can matter more than chasing a stretched candle. Secondary patterns: Possible inverse H&S.,Strengthening with volume,7.9
PFOCUS,Prime Focus Ltd.,PFOCUS.NS,Media Entertainment & Publication,True,,NIFTY 500,^CRSLDX,2026-08-24,307.8,3.65,15.54,6.97,1727426.0,1097197.0,1.57,531701701.71,63.03,43.89,True,True,True,True,True,7.03,16.29,4.66,False,False,False,False,-30.46,0.01309133,0.01136898,15.15,5.34,True,1.0,0.0,1.57,4.3,Actionable watch,Breakout retest,"breakout, retest, pivot, volume, flag, continuation, uptrend, high-tight, inverse-head-and-shoulders, base, reversal",293.07,2026-07-29,3.63,1.0,,,,"Prior resistance has been cleared on higher volume and price is back near that pivot. This is the kind of retest zone where follow-through can matter more than chasing a stretched candle. Secondary patterns: High-tight flag, Possible inverse H&S.",Strengthening with volume,7.77
JSWSTEEL,JSW Steel Ltd.,JSWSTEEL.NS,Metals & Mining,True,,NIFTY 500,^CRSLDX,2026-08-24,1327.0,2.57,3.85,6.62,3648035.0,1672530.0,2.18,4840942445.0,63.96,52.02,True,True,True,True,True,3.09,5.31,1.04,False,False,True,False,4.1,0.05643987,0.05407573,4.37,4.99,True,1.0,0.5,2.18,5.08,Actionable watch,Breakout retest,"breakout, retest, pivot, volume, inverse-head-and-shoulders, base, reversal",1308.9,2026-08-24,2.36,1.04,,,,Prior resistance has been cleared on higher volume and price is back near that pivot. This is the kind of retest zone where follow-through can matter more than chasing a stretched candle. Secondary patterns: Possible inverse H&S.,Strengthening with volume,7.7
BALRAMCHIN,Balrampur Chini Mills Ltd.,BALRAMCHIN.NS,Fast Moving Consumer Goods,True,,NIFTY 500,^CRSLDX,2026-08-24,695.5,-4.64,6.06,13.71,12425474.0,4039144.0,3.08,8641917167.0,59.45,61.26,True,True,True,True,True,7.98,15.94,3.71,False,False,False,False,-3.3,0.02958095,0.02572241,15.0,11.97,True,1.0,0.0,3.08,3.4,Actionable watch,Possible inverse H&S,"inverse-head-and-shoulders, base, reversal",460.95,,,50.88,,,460.95,A possible inverse head-and-shoulders base is visible. The setup improves only if price clears or holds near the neckline with better volume.,Strengthening with volume,7.69
ENGINERSIN,Engineers India Ltd.,ENGINERSIN.NS,Construction,True,,NIFTY 500,^CRSLDX,2026-08-24,254.83,4.05,6.1,12.55,5605769.0,2524154.0,2.22,1428518124.53,63.94,54.37,True,True,True,True,True,7.51,7.05,1.87,False,True,True,False,18.83,0.01083841,0.01019365,6.33,10.83,True,1.0,1.0,2.22,3.4,Actionable watch,Possible inverse H&S,"inverse-head-and-shoulders, base, reversal",223.27,,,14.14,,,223.27,A possible inverse head-and-shoulders base is visible. The setup improves only if price clears or holds near the neckline with better volume.,Strengthening with volume,7.69
GRASIM,Grasim Industries Ltd.,GRASIM.NS,Construction Materials,True,,NIFTY 500,^CRSLDX,2026-08-24,3288.0,-0.6,1.15,5.97,1615674.0,990652.0,1.63,5312336112.0,57.12,55.06,True,True,True,True,True,1.59,3.61,1.37,False,False,True,False,3.98,0.13984497,0.13607845,2.77,4.35,True,1.0,0.5,1.63,3.4,Actionable watch,Possible inverse H&S,"inverse-head-and-shoulders, base, reversal",2913.6,,,12.85,,,2913.6,A possible inverse head-and-shoulders base is visible. The setup improves only if price clears or holds near the neckline with better volume.,Strengthening with volume,7.36
HINDZINC,Hindustan Zinc Ltd.,HINDZINC.NS,Metals & Mining,True,,NIFTY 500,^CRSLDX,2026-08-24,604.0,1.53,6.43,14.04,12758815.0,5851207.0,2.18,7706324260.0,65.44,53.09,True,True,True,True,True,5.96,9.82,1.6,False,True,False,False,12.17,0.02568928,0.02361518,8.78,12.3,True,0.6666666666666666,0.5,2.18,2.2,Watch,Possible inverse H&S,"inverse-head-and-shoulders, base, reversal",625.93,,,3.5,,,625.93,A possible inverse head-and-shoulders base is visible. The setup improves only if price clears or holds near the neckline with better volume.,Strengthening with volume,7.27
DIXON,Dixon Technologies (India) Ltd.,DIXON.NS,Consumer Durables,True,,NIFTY 500,^CRSLDX,2026-08-24,14570.0,-1.89,3.89,5.5,735188.0,394456.0,1.86,10711689160.0,60.68,54.96,True,True,True,True,True,2.55,7.91,-1.54,False,False,False,False,-12.32,0.61969015,0.5786363,7.09,3.89,True,0.6666666666666666,0.0,1.86,3.4,Actionable watch,Possible inverse H&S,"inverse-head-and-shoulders, base, reversal",12068.5,,,20.73,,,12068.5,A possible inverse head-and-shoulders base is visible. The setup improves only if price clears or holds near the neckline with better volume.,Strengthening with volume,7.27
KOTAKBANK,Kotak Mahindra Bank Ltd.,KOTAKBANK.NS,Financial Services,True,,NIFTY 500,^CRSLDX,2026-08-24,401.45,-0.34,2.23,4.37,14930171.0,9769531.0,1.53,5993717330.2,60.44,52.95,True,True,True,True,True,2.04,2.53,-0.91,False,False,False,False,6.0,0.01707444,0.01678609,1.72,2.78,True,0.3333333333333333,0.0,1.53,4.7,Actionable watch,Breakout retest,"breakout, retest, pivot, volume, inverse-head-and-shoulders, base, reversal",392.26,2026-08-21,1.61,1.51,,,,Prior resistance has been cleared on higher volume and price is back near that pivot. This is the kind of retest zone where follow-through can matter more than chasing a stretched candle. Secondary patterns: Possible inverse H&S.,Strengthening with volume,7.26
CANHLIFE,Canara HSBC Life Insurance Company Ltd.,CANHLIFE.NS,Financial Services,True,,NIFTY 500,^CRSLDX,2026-08-24,154.7,-0.35,3.9,6.97,1054921.0,647040.0,1.63,163196275.48,62.38,52.81,True,True,True,True,True,3.61,6.1,,False,False,True,False,1.78,0.00657969,0.00625488,5.19,5.34,True,0.6666666666666666,0.5,1.63,2.2,Watch,Possible inverse H&S,"inverse-head-and-shoulders, base, reversal",162.85,,,5.0,,,162.85,A possible inverse head-and-shoulders base is visible. The setup improves only if price clears or holds near the neckline with better volume.,Strengthening with volume,7.14
CHENNPETRO,Chennai Petroleum Corporation Ltd.,CHENNPETRO.NS,Oil Gas & Consumable Fuels,True,,NIFTY 500,^CRSLDX,2026-08-24,1412.1,1.33,2.15,26.08,1579225.0,2793721.0,0.57,2230023583.94,62.92,63.52,True,True,True,True,True,8.11,18.82,5.59,False,False,True,False,23.53,0.06005933,0.05101266,17.73,24.16,True,1.0,0.5,0.57,5.1,Actionable watch,Breakout retest,"breakout, retest, pivot, volume",1352.5,2026-08-11,7.68,2.63,,,,Prior resistance has been cleared on higher volume and price is back near that pivot. This is the kind of retest zone where follow-through can matter more than chasing a stretched candle.,Strengthening,7.1
BRIGADE,Brigade Enterprises Ltd.,BRIGADE.NS,Realty,True,,NIFTY 500,^CRSLDX,2026-08-24,654.1,2.32,10.17,20.78,1255874.0,579912.0,2.17,821467152.74,74.75,60.8,True,True,True,True,True,10.65,17.25,-2.46,False,True,False,False,11.37,0.02782013,0.02389694,16.42,18.93,True,0.3333333333333333,0.5,2.17,5.1,Actionable watch,Breakout retest,"breakout, retest, pivot, volume, inverse-head-and-shoulders, base, reversal",609.34,2026-08-20,3.52,3.24,,,,Prior resistance has been cleared on higher volume and price is back near that pivot. This is the kind of retest zone where follow-through can matter more than chasing a stretched candle. Secondary patterns: Possible inverse H&S.,Strengthening with volume,7.1
ATHERENERG,Ather Energy Ltd.,ATHERENERG.NS,Automobile and Auto Components,True,,NIFTY 500,^CRSLDX,2026-08-24,1453.1,-0.61,-2.16,19.61,2136969.0,4360447.0,0.49,3105229601.73,59.83,65.86,False,True,True,True,True,2.22,16.07,9.1,False,False,False,False,6.42,0.06180314,0.05364119,15.22,17.78,True,1.0,0.0,0.49,4.79,Actionable watch,High-tight flag,"flag, continuation, uptrend, high-tight",1569.4,2026-08-12,0.51,,10.39,63.38,,Price has made a sharp impulse move and is now consolidating near the highs. A controlled pullback with quieter volume keeps the continuation setup alive.,Strengthening,7.1
IFCI,IFCI Ltd.,IFCI.NS,Financial Services,True,,NIFTY 500,^CRSLDX,2026-08-24,82.48,1.94,4.5,17.18,27092617.0,23561760.0,1.15,2234599141.11,65.51,60.19,True,True,True,True,True,7.57,7.45,3.34,False,True,False,False,24.79,0.00350803,0.0033025,6.22,15.39,True,1.0,0.5,1.15,5.1,Actionable watch,Breakout retest,"breakout, retest, pivot, volume, inverse-head-and-shoulders, base, reversal",79.13,2026-08-18,2.95,1.98,,,,Prior resistance has been cleared on higher volume and price is back near that pivot. This is the kind of retest zone where follow-through can matter more than chasing a stretched candle. Secondary patterns: Possible inverse H&S.,Strengthening,7.1
JINDALSAW,Jindal Saw Ltd.,JINDALSAW.NS,Capital Goods,True,,NIFTY 500,^CRSLDX,2026-08-24,287.25,-1.51,6.23,14.51,1794993.0,1864708.0,0.96,515611739.25,65.23,55.98,True,True,True,True,True,7.14,8.79,4.06,False,False,True,False,16.94,0.0122173,0.01130726,8.05,12.76,True,1.0,0.5,0.96,5.1,Actionable watch,Breakout retest,"breakout, retest, pivot, volume",279.98,2026-08-21,16.46,2.15,,,,Prior resistance has been cleared on higher volume and price is back near that pivot. This is the kind of retest zone where follow-through can matter more than chasing a stretched candle.,Strengthening,7.1
CLEAN,Clean Science and Technology Ltd.,CLEAN.NS,Chemicals,True,,NIFTY 500,^CRSLDX,2026-08-24,828.25,0.33,-1.4,13.72,308403.0,579613.0,0.53,255434784.75,60.57,67.5,True,True,True,True,True,4.44,6.43,-2.94,False,False,False,False,17.76,0.03522707,0.03337256,5.56,11.99,True,0.3333333333333333,0.0,0.53,4.74,Actionable watch,Breakout retest,"breakout, retest, pivot, volume, inverse-head-and-shoulders, base, reversal",808.31,2026-08-13,1.68,1.69,,,,Prior resistance has been cleared on higher volume and price is back near that pivot. This is the kind of retest zone where follow-through can matter more than chasing a stretched candle. Secondary patterns: Possible inverse H&S.,Strengthening,7.1
ZENTEC,Zen Technologies Ltd.,ZENTEC.NS,Capital Goods,True,,NIFTY 500,^CRSLDX,2026-08-24,1903.3,-1.19,2.13,12.8,280083.0,555094.0,0.5,533081987.58,60.3,63.44,True,True,True,True,True,7.07,5.55,2.64,False,False,False,False,14.84,0.08095102,0.07734439,4.66,11.08,True,1.0,0.0,0.5,5.1,Actionable watch,Breakout retest,"breakout, retest, pivot, volume, flag, continuation, uptrend, inverse-head-and-shoulders, base, reversal",1877.73,2026-08-18,6.16,0.92,,,,"Prior resistance has been cleared on higher volume and price is back near that pivot. This is the kind of retest zone where follow-through can matter more than chasing a stretched candle. Secondary patterns: Bullish flag, Possible inverse H&S.",Strengthening,7.1
KEI,KEI Industries Ltd.,KEI.NS,Capital Goods,True,,NIFTY 500,^CRSLDX,2026-08-24,5494.0,-0.61,-6.45,12.74,250373.0,534359.0,0.47,1375549262.0,51.91,73.45,False,True,True,True,True,0.46,3.31,2.88,False,False,False,False,22.23,0.2336704,0.22813563,2.43,11.02,True,1.0,0.0,0.47,4.76,Actionable watch,Breakout retest,"breakout, retest, pivot, volume, flag, continuation, uptrend, inverse-head-and-shoulders, base, reversal",5392.43,2026-06-17,1.72,1.07,,,,"Prior resistance has been cleared on higher volume and price is back near that pivot. This is the kind of retest zone where follow-through can matter more than chasing a stretched candle. Secondary patterns: Bullish flag, Possible inverse H&S.",Strengthening,7.1
MEESHO,Meesho Ltd.,MEESHO.NS,Consumer Services,True,,NIFTY 500,^CRSLDX,2026-08-24,205.07,-0.3,5.8,12.61,20555829.0,12522510.0,1.64,4215384003.59,65.05,57.88,True,True,True,True,,6.84,9.0,,False,False,False,False,17.75,0.00872202,0.00805003,8.35,10.9,True,0.3333333333333333,0.0,1.64,5.1,Actionable watch,Breakout retest,"breakout, retest, pivot, volume, inverse-head-and-shoulders, base, reversal",195.12,2026-08-20,3.14,3.27,,,,Prior resistance has been cleared on higher volume and price is back near that pivot. This is the kind of retest zone where follow-through can matter more than chasing a stretched candle. Secondary patterns: Possible inverse H&S.,Strengthening with volume,7.1
INDGN,Indegene Ltd.,INDGN.NS,Healthcare,True,,NIFTY 500,^CRSLDX,2026-08-24,566.65,-0.2,0.87,12.02,258087.0,798719.0,0.32,146245004.85,63.63,62.92,True,True,True,True,True,2.82,7.78,0.17,False,False,True,False,12.67,0.02410072,0.02253159,6.96,10.32,True,1.0,0.5,0.32,5.1,Actionable watch,Breakout retest,"breakout, retest, pivot, volume, inverse-head-and-shoulders, base, reversal",542.3,2026-08-04,3.3,3.82,,,,Prior resistance has been cleared on higher volume and price is back near that pivot. This is the kind of retest zone where follow-through can matter more than chasing a stretched candle. Secondary patterns: Possible inverse H&S.,Strengthening,7.1
AARTIIND,Aarti Industries Ltd.,AARTIIND.NS,Chemicals,True,,NIFTY 500,^CRSLDX,2026-08-24,543.15,3.03,3.12,11.74,2015871.0,1877753.0,1.07,1094920382.87,67.42,64.02,True,True,True,True,True,6.79,10.33,3.03,False,True,True,True,4.41,0.02310122,0.02113079,9.32,10.03,True,1.0,1.0,1.07,5.1,Actionable watch,Breakout retest,"breakout, retest, pivot, volume, inverse-head-and-shoulders, base, reversal",508.52,2026-08-12,3.64,3.32,,,,Prior resistance has been cleared on higher volume and price is back near that pivot. This is the kind of retest zone where follow-through can matter more than chasing a stretched candle. Secondary patterns: Possible inverse H&S.,Strengthening,7.1
SIEMENS,Siemens Ltd.,SIEMENS.NS,Capital Goods,True,,NIFTY 500,^CRSLDX,2026-08-24,4114.0,4.95,4.34,11.19,1317139.0,449180.0,2.93,5418709846.0,70.06,62.61,True,True,True,True,True,5.37,10.59,2.36,False,True,True,True,6.13,0.17497634,0.15942319,9.76,9.5,True,1.0,1.0,2.93,5.1,Actionable watch,Breakout retest,"breakout, retest, pivot, volume, inverse-head-and-shoulders, base, reversal",3886.2,2026-08-04,3.1,0.44,,,,Prior resistance has been cleared on higher volume and price is back near that pivot. This is the kind of retest zone where follow-through can matter more than chasing a stretched candle. Secondary patterns: Possible inverse H&S.,Strengthening with volume,7.1
SYRMA,Syrma SGS Technology Ltd.,SYRMA.NS,Capital Goods,True,,NIFTY 500,^CRSLDX,2026-08-24,1459.9,1.43,-0.44,11.03,758392.0,1712300.0,0.44,1107176499.32,55.68,59.54,False,True,True,True,True,1.9,4.31,6.77,False,False,False,False,13.78,0.06209236,0.05987422,3.7,9.34,True,1.0,0.0,0.44,4.7,Actionable watch,Breakout retest,"breakout, retest, pivot, volume, flag, continuation, uptrend, inverse-head-and-shoulders, base, reversal",1462.5,2026-08-10,2.8,0.18,,,,"Prior resistance has been cleared on higher volume and price is back near that pivot. This is the kind of retest zone where follow-through can matter more than chasing a stretched candle. Secondary patterns: Bullish flag, Possible inverse H&S.",Strengthening,7.1
HEG,H.E.G. Ltd.,HEG.NS,Capital Goods,True,,NIFTY 500,^CRSLDX,2026-08-24,722.75,1.69,3.5,10.77,921959.0,1740524.0,0.53,666345867.25,67.79,70.94,True,True,True,True,True,5.17,19.01,2.77,False,False,True,False,-16.96,0.03073995,0.02603576,18.07,9.08,True,1.0,0.5,0.53,4.6,Actionable watch,Breakout retest,"breakout, retest, pivot, volume, flag, continuation, uptrend, high-tight, inverse-head-and-shoulders, base, reversal",687.97,2026-08-14,1.41,3.04,,,,"Prior resistance has been cleared on higher volume and price is back near that pivot. This is the kind of retest zone where follow-through can matter more than chasing a stretched candle. Secondary patterns: High-tight flag, Possible inverse H&S.",Strengthening,7.1
VIJAYA,Vijaya Diagnostic Centre Ltd.,VIJAYA.NS,Healthcare,True,,NIFTY 500,^CRSLDX,2026-08-24,1482.4,-1.46,-1.61,9.74,136074.0,230622.0,0.59,201716100.92,60.63,67.25,False,True,True,True,True,3.82,7.5,3.97,False,False,True,False,5.74,0.06304933,0.05903601,6.8,8.07,True,1.0,0.5,0.59,5.1,Actionable watch,Breakout retest,"breakout, retest, pivot, volume, flag, continuation, uptrend",1418.18,2026-08-12,6.55,4.08,,,,Prior resistance has been cleared on higher volume and price is back near that pivot. This is the kind of retest zone where follow-through can matter more than chasing a stretched candle. Secondary patterns: Bullish flag.,Strengthening,7.1
ASAHIINDIA,Asahi India Glass Ltd.,ASAHIINDIA.NS,Automobile and Auto Components,True,,NIFTY 500,^CRSLDX,2026-08-24,962.15,-0.37,3.32,9.57,132564.0,250772.0,0.53,127546455.84,64.1,60.1,True,True,True,True,True,5.17,7.52,-0.08,False,False,False,False,3.9,0.04092209,0.03835802,6.68,7.89,True,0.3333333333333333,0.0,0.53,5.1,Actionable watch,Breakout retest,"breakout, retest, pivot, volume, inverse-head-and-shoulders, base, reversal",939.05,2026-08-18,3.8,1.49,,,,Prior resistance has been cleared on higher volume and price is back near that pivot. This is the kind of retest zone where follow-through can matter more than chasing a stretched candle. Secondary patterns: Possible inverse H&S.,Strengthening,7.1
LGEINDIA,LG Electronics India Ltd.,LGEINDIA.NS,Consumer Durables,True,,NIFTY 500,^CRSLDX,2026-08-24,1664.2,2.52,-0.2,9.0,744575.0,988246.0,0.75,1239121678.64,60.39,62.49,True,True,True,True,True,4.77,5.71,,False,False,False,False,10.54,0.07078163,0.06746299,4.92,7.34,True,0.6666666666666666,0.0,0.75,5.1,Actionable watch,Breakout retest,"breakout, retest, pivot, volume, inverse-head-and-shoulders, base, reversal",1585.36,2026-08-14,37.31,2.34,,,,Prior resistance has been cleared on higher volume and price is back near that pivot. This is the kind of retest zone where follow-through can matter more than chasing a stretched candle. Secondary patterns: Possible inverse H&S.,Strengthening,7.1
KALYANKJIL,Kalyan Jewellers India Ltd.,KALYANKJIL.NS,Consumer Durables,True,,NIFTY 500,^CRSLDX,2026-08-24,607.95,0.73,-0.34,7.68,5955181.0,18151688.0,0.33,3620452361.65,61.6,63.55,True,True,True,True,True,0.55,18.61,2.49,False,False,False,False,-42.4,0.02585728,0.02195316,17.78,6.04,True,1.0,0.0,0.33,4.8,Actionable watch,High-tight flag,"flag, continuation, uptrend, high-tight, inverse-head-and-shoulders, base, reversal",634.6,2026-07-30,0.52,,13.07,91.84,,Price has made a sharp impulse move and is now consolidating near the highs. A controlled pullback with quieter volume keeps the continuation setup alive. Secondary patterns: Possible inverse H&S.,Strengthening,7.1
BEML,BEML Ltd.,BEML.NS,Capital Goods,True,,NIFTY 500,^CRSLDX,2026-08-24,1915.0,-1.05,0.34,7.58,142983.0,469778.0,0.3,273812445.0,58.42,62.03,False,True,True,True,True,4.1,5.72,-1.86,False,False,False,False,2.48,0.08144864,0.07768003,4.85,5.94,True,0.6666666666666666,0.0,0.3,4.77,Actionable watch,Breakout retest,"breakout, retest, pivot, volume, inverse-head-and-shoulders, base, reversal",1892.39,2026-08-18,1.73,0.83,,,,Prior resistance has been cleared on higher volume and price is back near that pivot. This is the kind of retest zone where follow-through can matter more than chasing a stretched candle. Secondary patterns: Possible inverse H&S.,Strengthening,7.09
ELGIEQUIP,Elgi Equipments Ltd.,ELGIEQUIP.NS,Capital Goods,True,,NIFTY 500,^CRSLDX,2026-08-24,621.95,-1.95,-0.36,7.45,274682.0,751819.0,0.37,170838473.25,59.41,66.7,True,True,True,True,True,4.49,5.01,2.24,False,False,True,False,10.84,0.02645273,0.02539945,4.15,5.81,True,1.0,0.5,0.37,4.7,Actionable watch,Breakout retest,"breakout, retest, pivot, volume, inverse-head-and-shoulders, base, reversal",623.94,2026-08-19,2.78,0.32,,,,Prior resistance has been cleared on higher volume and price is back near that pivot. This is the kind of retest zone where follow-through can matter more than chasing a stretched candle. Secondary patterns: Possible inverse H&S.,Strengthening,7.06
NAM-INDIA,Nippon Life India Asset Management Ltd.,NAM-INDIA.NS,Financial Services,True,,NIFTY 500,^CRSLDX,2026-08-24,1247.8,-0.26,3.75,8.14,862876.0,1058777.0,0.81,1076696714.93,62.46,57.14,True,True,True,True,True,4.95,5.92,3.28,False,False,True,False,8.29,0.05307134,0.05049568,5.1,6.49,True,1.0,0.5,0.81,3.85,Actionable watch,Breakout retest,"breakout, retest, pivot, volume, inverse-head-and-shoulders, base, reversal",1218.83,2026-08-21,1.49,1.97,,,,Prior resistance has been cleared on higher volume and price is back near that pivot. This is the kind of retest zone where follow-through can matter more than chasing a stretched candle. Secondary patterns: Possible inverse H&S.,Strengthening,7.05
GLENMARK,Glenmark Pharmaceuticals Ltd.,GLENMARK.NS,Healthcare,True,,NIFTY 500,^CRSLDX,2026-08-24,2390.7,3.14,2.65,8.87,709834.0,505413.0,1.4,1697000109.14,64.01,62.7,True,True,True,True,True,5.06,6.72,1.94,False,True,True,False,7.44,0.10168107,0.09603607,5.88,7.21,True,1.0,1.0,1.4,3.81,Actionable watch,Breakout retest,"breakout, retest, pivot, volume",2270.0,2026-08-24,1.42,1.11,,,,Prior resistance has been cleared on higher volume and price is back near that pivot. This is the kind of retest zone where follow-through can matter more than chasing a stretched candle.,Strengthening,7.03
SOLARINDS,Solar Industries India Ltd.,SOLARINDS.NS,Chemicals,True,,NIFTY 500,^CRSLDX,2026-08-24,19925.0,0.13,-0.38,7.03,68480.0,141780.0,0.48,1364464000.0,62.36,67.28,True,True,True,True,True,4.35,7.35,3.43,False,False,True,False,1.42,0.84744862,0.79553662,6.53,5.39,True,1.0,0.5,0.48,5.1,Actionable watch,Breakout retest,"breakout, retest, pivot, volume, flag, continuation, uptrend",18896.4,2026-08-13,8.39,3.79,,,,Prior resistance has been cleared on higher volume and price is back near that pivot. This is the kind of retest zone where follow-through can matter more than chasing a stretched candle. Secondary patterns: Bullish flag.,Strengthening,6.98
KPIL,Kalpataru Projects International Ltd.,KPIL.NS,Construction,True,,NIFTY 500,^CRSLDX,2026-08-24,1388.9,-1.11,-1.09,6.97,246716.0,346549.0,0.71,342663858.42,58.2,63.83,True,True,True,True,True,3.88,3.29,0.69,False,False,True,False,9.52,0.05907259,0.05758948,2.58,5.34,True,1.0,0.5,0.71,5.1,Actionable watch,Breakout retest,"breakout, retest, pivot, volume, inverse-head-and-shoulders, base, reversal",1335.48,2026-08-12,28.24,3.72,,,,Prior resistance has been cleared on higher volume and price is back near that pivot. This is the kind of retest zone where follow-through can matter more than chasing a stretched candle. Secondary patterns: Possible inverse H&S.,Strengthening,6.97
NEULANDLAB,Neuland Laboratories Ltd.,NEULANDLAB.NS,Healthcare,True,,NIFTY 500,^CRSLDX,2026-08-24,22905.0,-1.7,-3.2,20.59,31931.0,113628.0,0.28,731379555.0,63.36,74.0,False,True,True,True,True,5.45,16.05,3.5,False,False,False,False,14.24,0.97419375,0.84484376,15.31,18.75,True,1.0,0.0,0.28,3.52,Actionable watch,Bullish flag,"flag, continuation, uptrend, inverse-head-and-shoulders, base, reversal",23661.0,2026-08-17,0.66,,3.62,41.76,,Price has made a sharp impulse move and is now consolidating near the highs. A controlled pullback with quieter volume keeps the continuation setup alive. Secondary patterns: Possible inverse H&S.,Strengthening,6.93
SONACOMS,Sona BLW Precision Forgings Ltd.,SONACOMS.NS,Automobile and Auto Components,True,,NIFTY 500,^CRSLDX,2026-08-24,813.5,-0.5,1.04,12.85,1646411.0,2534198.0,0.65,1339355348.5,66.46,68.18,True,True,True,True,True,2.47,14.16,6.19,False,False,True,False,-4.24,0.03459972,0.03050628,13.42,11.12,True,1.0,0.5,0.65,3.52,Actionable watch,Bullish flag,"flag, continuation, uptrend",824.0,2026-08-18,0.87,,2.72,41.24,,Price has made a sharp impulse move and is now consolidating near the highs. A controlled pullback with quieter volume keeps the continuation setup alive.,Strengthening,6.93
TBOTEK,TBO Tek Ltd.,TBOTEK.NS,Consumer Services,True,,NIFTY 500,^CRSLDX,2026-08-24,1703.5,0.41,0.21,12.13,148574.0,366598.0,0.41,253095809.0,64.54,68.14,True,True,True,True,True,5.06,11.26,0.46,False,False,True,False,5.61,0.07245314,0.06561439,10.42,10.42,True,1.0,0.5,0.41,3.51,Actionable watch,Bullish flag,"flag, continuation, uptrend, inverse-head-and-shoulders, base, reversal",1708.2,2026-08-18,0.65,,3.7,40.77,,Price has made a sharp impulse move and is now consolidating near the highs. A controlled pullback with quieter volume keeps the continuation setup alive. Secondary patterns: Possible inverse H&S.,Strengthening,6.93
RKFORGE,Ramkrishna Forgings Ltd.,RKFORGE.NS,Automobile and Auto Components,True,,NIFTY 500,^CRSLDX,2026-08-24,728.5,-1.16,-3.51,16.48,607507.0,1540667.0,0.39,442568849.5,63.98,76.66,False,True,True,True,True,2.46,15.84,3.05,False,False,False,False,3.48,0.03098451,0.02696136,14.92,14.7,True,1.0,0.0,0.39,3.49,Actionable watch,Bullish flag,"flag, continuation, uptrend, inverse-head-and-shoulders, base, reversal",755.0,2026-08-17,0.52,,4.13,39.35,,Price has made a sharp impulse move and is now consolidating near the highs. A controlled pullback with quieter volume keeps the continuation setup alive. Secondary patterns: Possible inverse H&S.,Strengthening,6.92
FINCABLES,Finolex Cables Ltd.,FINCABLES.NS,Capital Goods,True,,NIFTY 500,^CRSLDX,2026-08-24,1291.6,2.47,-2.21,29.34,765086.0,2018052.0,0.38,988185058.92,67.5,76.87,True,True,True,True,True,13.19,16.93,3.93,False,False,True,False,43.24,0.05493423,0.04729245,16.16,27.37,True,1.0,0.5,0.38,3.46,Actionable watch,Bullish flag,"flag, continuation, uptrend",1329.35,2026-08-18,0.26,,6.35,36.62,,Price has made a sharp impulse move and is now consolidating near the highs. A controlled pullback with quieter volume keeps the continuation setup alive.,Strengthening,6.91
GLAND,Gland Pharma Ltd.,GLAND.NS,Healthcare,True,,NIFTY 500,^CRSLDX,2026-08-24,2801.6,-0.63,-3.73,16.3,517520.0,931206.0,0.56,1449884082.54,61.01,71.7,False,True,True,True,True,3.4,11.59,4.17,False,False,False,False,12.92,0.11915745,0.10748969,10.85,14.53,True,1.0,0.0,0.56,3.47,Actionable watch,Bullish flag,"flag, continuation, uptrend, inverse-head-and-shoulders, base, reversal",2970.2,2026-08-14,0.57,,6.42,37.36,,Price has made a sharp impulse move and is now consolidating near the highs. A controlled pullback with quieter volume keeps the continuation setup alive. Secondary patterns: Possible inverse H&S.,Strengthening,6.91
TVSMOTOR,TVS Motor Company Ltd.,TVSMOTOR.NS,Automobile and Auto Components,True,,NIFTY 500,^CRSLDX,2026-08-24,4363.5,-0.6,-0.51,12.57,531301.0,1167037.0,0.46,2318331913.5,63.71,67.27,False,True,True,True,True,0.6,11.85,2.24,False,False,True,False,-0.55,0.18558806,0.16704463,11.1,10.85,True,1.0,0.5,0.46,3.45,Actionable watch,Bullish flag,"flag, continuation, uptrend, inverse-head-and-shoulders, base, reversal",4466.2,2026-08-10,0.5,,3.94,35.86,,Price has made a sharp impulse move and is now consolidating near the highs. A controlled pullback with quieter volume keeps the continuation setup alive. Secondary patterns: Possible inverse H&S.,Strengthening,6.91
RADICO,Radico Khaitan Ltd,RADICO.NS,Fast Moving Consumer Goods,True,,NIFTY 500,^CRSLDX,2026-08-24,4600.0,-0.86,-1.99,10.86,227896.0,468929.0,0.49,1048321600.0,62.92,76.27,False,True,True,True,True,1.31,9.92,4.46,False,False,True,False,2.61,0.19564686,0.17911385,9.23,9.17,True,1.0,0.5,0.49,3.47,Actionable watch,Bullish flag,"flag, continuation, uptrend, inverse-head-and-shoulders, base, reversal",4732.9,2026-08-18,0.71,,3.75,37.49,,Price has made a sharp impulse move and is now consolidating near the highs. A controlled pullback with quieter volume keeps the continuation setup alive. Secondary patterns: Possible inverse H&S.,Strengthening,6.91
APARINDS,Apar Industries Ltd.,APARINDS.NS,Capital Goods,True,,NIFTY 500,^CRSLDX,2026-08-24,16705.0,-0.9,1.1,18.89,59087.0,185868.0,0.32,987048335.0,58.15,59.69,False,True,True,True,True,4.47,9.38,6.82,False,False,False,False,29.76,0.71049582,0.65463083,8.53,17.07,True,1.0,0.0,0.32,3.43,Actionable watch,Bullish flag,"flag, continuation, uptrend, inverse-head-and-shoulders, base, reversal",18000.0,2026-08-12,0.86,,11.12,34.1,,Price has made a sharp impulse move and is now consolidating near the highs. A controlled pullback with quieter volume keeps the continuation setup alive. Secondary patterns: Possible inverse H&S.,Strengthening,6.9
CONCORDBIO,Concord Biotech Ltd.,CONCORDBIO.NS,Healthcare,True,,NIFTY 500,^CRSLDX,2026-08-24,1539.4,-2.03,1.61,22.52,141893.0,226086.0,0.63,218430087.66,67.93,74.2,True,True,True,True,True,6.72,13.57,-0.4,False,False,False,False,21.16,0.06547365,0.0581725,12.55,20.66,True,0.6666666666666666,0.0,0.63,3.4,Actionable watch,Possible inverse H&S,"inverse-head-and-shoulders, base, reversal",1431.45,,,7.54,,,1431.45,A possible inverse head-and-shoulders base is visible. The setup improves only if price clears or holds near the neckline with better volume.,Strengthening,6.89
PTCIL,PTC Industries Ltd.,PTCIL.NS,Capital Goods,True,,NIFTY 500,^CRSLDX,2026-08-24,21672.0,5.06,5.29,20.92,77832.0,37783.0,2.06,1686775104.0,74.15,76.86,True,True,True,True,True,14.06,19.25,1.26,False,True,True,True,15.52,0.92175189,0.7800845,18.16,19.07,True,1.0,1.0,2.06,3.4,Actionable watch,Possible inverse H&S,"inverse-head-and-shoulders, base, reversal",18337.5,,,18.18,,,18337.5,A possible inverse head-and-shoulders base is visible. The setup improves only if price clears or holds near the neckline with better volume.,Strengthening with volume,6.89
AFFLE,Affle 3i Ltd.,AFFLE.NS,Information Technology,True,,NIFTY 500,^CRSLDX,2026-08-24,1740.0,1.24,2.12,16.56,166830.0,493227.0,0.34,290284200.0,63.38,61.61,True,True,True,True,True,4.22,12.0,-1.51,False,True,False,False,8.82,0.07400555,0.06660773,11.11,14.78,True,0.6666666666666666,0.5,0.34,3.4,Actionable watch,Possible inverse H&S,"inverse-head-and-shoulders, base, reversal",1588.05,,,9.57,,,1588.05,A possible inverse head-and-shoulders base is visible. The setup improves only if price clears or holds near the neckline with better volume.,Strengthening,6.89
THELEELA,Leela Palaces Hotels & Resorts Ltd.,THELEELA.NS,Consumer Services,True,,NIFTY 500,^CRSLDX,2026-08-24,549.7,-2.14,9.28,15.58,494234.0,741890.0,0.67,271680435.83,67.3,55.07,True,True,True,True,True,7.93,11.29,1.65,False,False,True,False,15.28,0.0233798,0.02115078,10.54,13.82,True,1.0,0.5,0.67,3.4,Actionable watch,Possible inverse H&S,"inverse-head-and-shoulders, base, reversal",491.0,,,11.96,,,491.0,A possible inverse head-and-shoulders base is visible. The setup improves only if price clears or holds near the neckline with better volume.,Strengthening,6.89
DIVISLAB,Divi's Laboratories Ltd.,DIVISLAB.NS,Healthcare,True,,NIFTY 500,^CRSLDX,2026-08-24,8496.0,-1.17,0.17,14.59,250993.0,518796.0,0.48,2132436528.0,67.59,72.49,False,True,True,True,True,1.86,13.66,2.85,False,False,True,False,0.07,0.36135124,0.3201369,12.87,12.85,True,1.0,0.5,0.48,3.4,Actionable watch,Possible inverse H&S,"inverse-head-and-shoulders, base, reversal, flag, continuation, uptrend",6849.75,,,24.03,,,6849.75,A possible inverse head-and-shoulders base is visible. The setup improves only if price clears or holds near the neckline with better volume. Secondary patterns: Bullish flag.,Strengthening,6.89
RRKABEL,R R Kabel Ltd.,RRKABEL.NS,Capital Goods,True,,NIFTY 500,^CRSLDX,2026-08-24,2869.9,-1.69,4.41,13.65,328134.0,602251.0,0.54,941711734.56,66.27,63.31,True,True,True,True,True,4.39,14.35,8.77,False,False,True,False,11.66,0.12206237,0.10727841,13.78,11.91,True,1.0,0.5,0.54,3.4,Actionable watch,Possible inverse H&S,"inverse-head-and-shoulders, base, reversal",1569.1,,,82.9,,,1569.1,A possible inverse head-and-shoulders base is visible. The setup improves only if price clears or holds near the neckline with better volume.,Strengthening,6.89
CRAFTSMAN,Craftsman Automation Ltd.,CRAFTSMAN.NS,Automobile and Auto Components,True,,NIFTY 500,^CRSLDX,2026-08-24,10598.5,-0.43,1.13,13.63,29495.0,65480.0,0.45,312602757.5,61.24,63.78,True,True,True,True,True,2.46,9.0,4.82,False,False,True,False,13.09,0.45077461,0.41681024,8.15,11.9,True,1.0,0.5,0.45,3.4,Actionable watch,Possible inverse H&S,"inverse-head-and-shoulders, base, reversal, flag, continuation, uptrend",8979.0,,,18.04,,,8979.0,A possible inverse head-and-shoulders base is visible. The setup improves only if price clears or holds near the neckline with better volume. Secondary patterns: Bullish flag.,Strengthening,6.89
NAUKRI,Info Edge (India) Ltd.,NAUKRI.NS,Consumer Services,True,,NIFTY 500,^CRSLDX,2026-08-24,1349.0,-0.08,-0.5,12.95,1123268.0,2115034.0,0.53,1515288532.0,65.33,70.52,False,True,True,True,True,3.69,14.78,-0.35,False,False,False,False,-9.37,0.05737557,0.05035445,13.94,11.23,True,0.6666666666666666,0.0,0.53,3.4,Actionable watch,Possible inverse H&S,"inverse-head-and-shoulders, base, reversal",1308.55,,,3.09,,,1308.55,A possible inverse head-and-shoulders base is visible. The setup improves only if price clears or holds near the neckline with better volume.,Strengthening,6.89
HINDALCO,Hindalco Industries Ltd.,HINDALCO.NS,Metals & Mining,True,,NIFTY 500,^CRSLDX,2026-08-24,1058.5,2.37,0.82,11.98,4052084.0,4920349.0,0.82,4289130914.0,60.84,59.98,True,True,True,True,True,3.29,7.12,2.42,False,False,False,False,12.34,0.04502004,0.04240764,6.16,10.27,True,1.0,0.0,0.82,3.4,Actionable watch,Possible inverse H&S,"inverse-head-and-shoulders, base, reversal",1031.75,,,2.59,,,1031.75,A possible inverse head-and-shoulders base is visible. The setup improves only if price clears or holds near the neckline with better volume.,Strengthening,6.89
ASHOKLEY,Ashok Leyland Ltd.,ASHOKLEY.NS,Capital Goods,True,,NIFTY 500,^CRSLDX,2026-08-24,173.29,0.17,-2.15,11.76,8971471.0,20063873.0,0.45,1554666149.36,57.1,64.2,False,True,True,True,True,0.8,6.17,2.24,False,False,False,False,12.17,0.00737036,0.00699278,5.4,10.05,True,0.6666666666666666,0.0,0.45,3.4,Actionable watch,Possible inverse H&S,"inverse-head-and-shoulders, base, reversal, flag, continuation, uptrend",166.68,,,3.97,,,166.68,A possible inverse head-and-shoulders base is visible. The setup improves only if price clears or holds near the neckline with better volume. Secondary patterns: Bullish flag.,Strengthening,6.89
ANTHEM,Anthem Biosciences Ltd.,ANTHEM.NS,Healthcare,True,,NIFTY 500,^CRSLDX,2026-08-24,883.35,1.37,-1.63,11.74,730280.0,636537.0,1.15,645092820.17,65.61,74.85,False,True,True,True,True,3.94,10.21,1.57,False,False,True,False,8.7,0.03757058,0.03436096,9.34,10.03,True,1.0,0.5,1.15,3.4,Actionable watch,Possible inverse H&S,"inverse-head-and-shoulders, base, reversal, flag, continuation, uptrend",731.68,,,20.73,,,731.68,A possible inverse head-and-shoulders base is visible. The setup improves only if price clears or holds near the neckline with better volume. Secondary patterns: Bullish flag.,Strengthening,6.89
SAILIFE,Sai Life Sciences Ltd.,SAILIFE.NS,Healthcare,True,,NIFTY 500,^CRSLDX,2026-08-24,1435.9,-1.48,1.38,11.57,263539.0,553746.0,0.48,378415656.53,59.78,62.23,False,True,True,True,True,2.57,10.04,5.11,False,False,True,False,7.42,0.06107159,0.0559089,9.23,9.87,True,1.0,0.5,0.48,3.4,Actionable watch,Possible inverse H&S,"inverse-head-and-shoulders, base, reversal",976.67,,,47.02,,,976.67,A possible inverse head-and-shoulders base is visible. The setup improves only if price clears or holds near the neckline with better volume.,Strengthening,6.89
NIACL,The New India Assurance Company Ltd.,NIACL.NS,Financial Services,True,,NIFTY 500,^CRSLDX,2026-08-24,184.08,-0.03,0.24,11.18,607918.0,2759809.0,0.22,111905546.55,57.54,58.26,True,True,True,True,True,3.47,2.58,-0.53,False,False,False,False,18.06,0.00782928,0.00767302,2.04,9.48,True,0.6666666666666666,0.0,0.22,3.4,Actionable watch,Possible inverse H&S,"inverse-head-and-shoulders, base, reversal",169.35,,,8.7,,,169.35,A possible inverse head-and-shoulders base is visible. The setup improves only if price clears or holds near the neckline with better volume.,Strengthening,6.89
PARADEEP,Paradeep Phosphates Ltd.,PARADEEP.NS,Chemicals,True,,NIFTY 500,^CRSLDX,2026-08-24,149.4,0.62,1.87,10.96,2777302.0,13135721.0,0.21,414928901.85,56.65,53.61,True,True,True,True,True,0.73,4.87,-1.87,False,False,False,False,9.84,0.00635427,0.00609894,4.19,9.27,True,0.6666666666666666,0.0,0.21,3.4,Actionable watch,Possible inverse H&S,"inverse-head-and-shoulders, base, reversal, flag, continuation, uptrend",139.86,,,6.82,,,139.86,A possible inverse head-and-shoulders base is visible. The setup improves only if price clears or holds near the neckline with better volume. Secondary patterns: Bullish flag.,Strengthening,6.89
PPLPHARMA,Piramal Pharma Ltd.,PPLPHARMA.NS,Healthcare,True,,NIFTY 500,^CRSLDX,2026-08-24,211.15,-1.18,3.14,9.95,2681259.0,6734978.0,0.4,566147821.48,61.71,60.84,True,True,True,True,True,2.21,13.56,0.46,False,False,True,False,-6.16,0.00898062,0.00796579,12.74,8.27,True,1.0,0.5,0.4,3.4,Actionable watch,Possible inverse H&S,"inverse-head-and-shoulders, base, reversal",190.74,,,10.7,,,190.74,A possible inverse head-and-shoulders base is visible. The setup improves only if price clears or holds near the neckline with better volume.,Strengthening,6.89
ACE,Action Construction Equipment Ltd.,ACE.NS,Capital Goods,True,,NIFTY 500,^CRSLDX,2026-08-24,1167.2,-1.27,4.8,9.93,275753.0,442294.0,0.62,321858888.14,62.39,59.57,True,True,True,True,True,4.93,12.01,0.21,False,False,True,False,1.18,0.04964326,0.04461037,11.28,8.25,True,1.0,0.5,0.62,3.4,Actionable watch,Possible inverse H&S,"inverse-head-and-shoulders, base, reversal, flag, continuation, uptrend",960.7,,,21.49,,,960.7,A possible inverse head-and-shoulders base is visible. The setup improves only if price clears or holds near the neckline with better volume. Secondary patterns: Bullish flag.,Strengthening,6.89
ENDURANCE,Endurance Technologies Ltd.,ENDURANCE.NS,Automobile and Auto Components,True,,NIFTY 500,^CRSLDX,2026-08-24,2988.2,-1.36,0.34,9.8,152657.0,166568.0,0.92,456169639.95,60.58,63.79,False,True,True,True,True,2.73,8.02,0.12,False,False,True,False,6.19,0.1270939,0.11850104,7.25,8.12,True,1.0,0.5,0.92,3.4,Actionable watch,Possible inverse H&S,"inverse-head-and-shoulders, base, reversal",2771.5,,,7.82,,,2771.5,A possible inverse head-and-shoulders base is visible. The setup improves only if price clears or holds near the neckline with better volume.,Strengthening,6.89
PVRINOX,PVR INOX Ltd.,PVRINOX.NS,Media Entertainment & Publication,True,,NIFTY 500,^CRSLDX,2026-08-24,1231.8,1.23,3.34,9.67,864708.0,371461.0,2.33,1065147356.62,74.24,69.18,True,True,True,True,True,5.19,15.61,0.23,False,True,True,False,-8.06,0.05239083,0.04561659,14.85,8.0,True,1.0,1.0,2.33,3.4,Actionable watch,Possible inverse H&S,"inverse-head-and-shoulders, base, reversal",1084.42,,,13.59,,,1084.42,A possible inverse head-and-shoulders base is visible. The setup improves only if price clears or holds near the neckline with better volume.,Strengthening with volume,6.89
PNBHOUSING,PNB Housing Finance Ltd.,PNBHOUSING.NS,Financial Services,True,,NIFTY 500,^CRSLDX,2026-08-24,1165.0,-0.45,1.23,8.86,505918.0,1174111.0,0.43,589394470.0,62.91,62.8,True,True,True,True,True,3.47,7.52,2.61,False,False,True,False,3.59,0.04954969,0.04641893,6.74,7.2,True,1.0,0.5,0.43,3.4,Actionable watch,Possible inverse H&S,"inverse-head-and-shoulders, base, reversal",987.98,,,17.92,,,987.98,A possible inverse head-and-shoulders base is visible. The setup improves only if price clears or holds near the neckline with better volume.,Strengthening,6.89
PERSISTENT,Persistent Systems Ltd.,PERSISTENT.NS,Information Technology,True,,NIFTY 500,^CRSLDX,2026-08-24,5694.0,0.47,2.23,8.08,368827.0,591527.0,0.62,2100100938.0,65.69,64.03,True,True,True,True,True,2.92,10.61,-0.27,False,True,False,False,-15.74,0.24217678,0.22064532,9.76,6.43,True,0.3333333333333333,0.5,0.62,3.4,Actionable watch,Possible inverse H&S,"inverse-head-and-shoulders, base, reversal",5455.95,,,4.36,,,5455.95,A possible inverse head-and-shoulders base is visible. The setup improves only if price clears or holds near the neckline with better volume.,Strengthening,6.89
SHRIRAMFIN,Shriram Finance Ltd.,SHRIRAMFIN.NS,Financial Services,True,,NIFTY 500,^CRSLDX,2026-08-24,1119.0,-0.97,-0.27,7.78,3112369.0,4445888.0,0.7,3482740911.0,57.51,60.44,False,True,True,True,True,1.41,5.7,4.26,False,False,True,False,5.7,0.04759322,0.04534841,4.95,6.14,True,1.0,0.5,0.7,3.4,Actionable watch,Possible inverse H&S,"inverse-head-and-shoulders, base, reversal, flag, continuation, uptrend",1085.35,,,3.1,,,1085.35,A possible inverse head-and-shoulders base is visible. The setup improves only if price clears or holds near the neckline with better volume. Secondary patterns: Bullish flag.,Strengthening,6.89
IDEA,Vodafone Idea Ltd.,IDEA.NS,Telecommunication,True,,NIFTY 500,^CRSLDX,2026-08-24,14.07,0.93,2.63,7.73,229136118.0,380803698.0,0.6,3223945110.33,60.1,56.17,True,True,True,True,True,5.52,2.07,3.75,False,False,False,False,16.18,0.00059842,0.00059199,1.09,6.09,True,1.0,0.0,0.6,3.4,Actionable watch,Possible inverse H&S,"inverse-head-and-shoulders, base, reversal",11.26,,,24.9,,,11.26,A possible inverse head-and-shoulders base is visible. The setup improves only if price clears or holds near the neckline with better volume.,Strengthening,6.89
UNOMINDA,UNO Minda Ltd.,UNOMINDA.NS,Automobile and Auto Components,True,,NIFTY 500,^CRSLDX,2026-08-24,1251.3,-1.08,-1.46,7.65,1160973.0,849911.0,1.37,1452725571.59,58.64,66.78,False,True,True,True,True,0.9,6.69,0.14,False,False,False,False,0.2,0.0532202,0.05025769,5.89,6.01,True,1.0,0.0,1.37,3.4,Actionable watch,Possible inverse H&S,"inverse-head-and-shoulders, base, reversal, flag, continuation, uptrend",1210.0,,,3.41,,,1210.0,A possible inverse head-and-shoulders base is visible. The setup improves only if price clears or holds near the neckline with better volume. Secondary patterns: Bullish flag.,Strengthening,6.89
GRAPHITE,Graphite India Ltd.,GRAPHITE.NS,Capital Goods,True,,NIFTY 500,^CRSLDX,2026-08-24,718.75,1.13,-1.47,8.47,520968.0,1382749.0,0.38,374445750.0,58.48,65.01,False,True,True,True,True,1.85,9.5,2.1,False,False,False,False,-1.48,0.03056982,0.02817621,8.5,6.81,True,1.0,0.0,0.38,3.36,Watch,Bullish flag,"flag, continuation, uptrend",737.15,2026-08-18,0.39,,4.4,28.63,,Price has made a sharp impulse move and is now consolidating near the highs. A controlled pullback with quieter volume keeps the continuation setup alive.,Strengthening,6.88
JUBLFOOD,Jubilant Foodworks Ltd.,JUBLFOOD.NS,Consumer Services,True,,NIFTY 500,^CRSLDX,2026-08-24,507.9,0.23,-0.7,18.82,1259677.0,3844602.0,0.33,639789940.61,67.12,72.07,True,True,True,True,True,5.53,13.52,-2.26,False,False,False,False,15.06,0.02160196,0.01917103,12.68,17.01,True,0.3333333333333333,0.0,0.33,3.3,Watch,Bullish flag,"flag, continuation, uptrend",511.5,2026-08-17,0.36,,3.39,24.06,,Price has made a sharp impulse move and is now consolidating near the highs. A controlled pullback with quieter volume keeps the continuation setup alive.,Strengthening,6.86
HEROMOTOCO,Hero MotoCorp Ltd.,HEROMOTOCO.NS,Automobile and Auto Components,True,,NIFTY 500,^CRSLDX,2026-08-24,5685.0,-0.87,-1.04,11.17,281630.0,724671.0,0.39,1601066550.0,61.8,67.85,False,True,True,True,True,0.97,9.77,0.52,False,False,False,False,2.39,0.241794,0.22203184,8.9,9.47,True,0.6666666666666666,0.0,0.39,3.31,Watch,Bullish flag,"flag, continuation, uptrend",5895.0,2026-08-12,0.61,,4.48,24.77,,Price has made a sharp impulse move and is now consolidating near the highs. A controlled pullback with quieter volume keeps the continuation setup alive.,Strengthening,6.86
UNIONBANK,Union Bank of India,UNIONBANK.NS,Financial Services,True,,NIFTY 500,^CRSLDX,2026-08-24,183.6,0.08,-2.81,7.93,4498370.0,11431596.0,0.39,825900759.46,58.43,71.49,False,True,True,True,True,1.76,6.06,2.57,False,False,False,False,6.62,0.00780886,0.00741731,5.28,6.28,True,1.0,0.0,0.39,3.28,Watch,Bullish flag,"flag, continuation, uptrend, inverse-head-and-shoulders, base, reversal",188.9,2026-08-17,0.49,,3.78,22.35,,Price has made a sharp impulse move and is now consolidating near the highs. A controlled pullback with quieter volume keeps the continuation setup alive. Secondary patterns: Possible inverse H&S.,Strengthening,6.85
HYUNDAI,Hyundai Motor India Ltd.,HYUNDAI.NS,Automobile and Auto Components,True,,NIFTY 500,^CRSLDX,2026-08-24,2207.0,-0.53,0.78,12.27,496203.0,896782.0,0.55,1095120021.0,62.4,63.51,False,True,True,True,True,1.62,8.36,-0.84,False,False,False,False,6.39,0.09386796,0.08733224,7.48,10.56,True,0.3333333333333333,0.0,0.55,3.24,Watch,Bullish flag,"flag, continuation, uptrend, inverse-head-and-shoulders, base, reversal",2240.0,2026-08-12,0.87,,3.7,19.59,,Price has made a sharp impulse move and is now consolidating near the highs. A controlled pullback with quieter volume keeps the continuation setup alive. Secondary patterns: Possible inverse H&S.,Strengthening,6.83
NAVINFLUOR,Navin Fluorine International Ltd.,NAVINFLUOR.NS,Chemicals,True,,NIFTY 500,^CRSLDX,2026-08-24,8187.0,-0.24,0.44,6.17,93144.0,349934.0,0.27,762569928.0,56.3,56.68,False,True,True,True,True,2.12,5.42,4.64,False,False,False,False,2.24,0.34820887,0.33261176,4.69,4.55,True,1.0,0.0,0.27,5.1,Actionable watch,Breakout retest,"breakout, retest, pivot, volume, flag, continuation, uptrend, inverse-head-and-shoulders, base, reversal",7873.0,2026-08-06,30.67,3.52,,,,"Prior resistance has been cleared on higher volume and price is back near that pivot. This is the kind of retest zone where follow-through can matter more than chasing a stretched candle. Secondary patterns: Bullish flag, Possible inverse H&S.",Strengthening,6.81
JSWDULUX,JSW Dulux Ltd.,JSWDULUX.NS,Consumer Durables,True,,NIFTY 500,^CRSLDX,2026-08-24,3122.9,0.13,-0.54,6.08,10615.0,16455.0,0.65,33149582.46,55.32,57.05,True,True,True,True,True,2.07,1.53,-0.67,False,False,False,False,13.43,0.13282295,0.13192755,0.68,4.46,True,0.6666666666666666,0.0,0.65,5.1,Actionable watch,Breakout retest,"breakout, retest, pivot, volume, inverse-head-and-shoulders, base, reversal",3076.95,2026-08-11,4.14,0.1,,,,Prior resistance has been cleared on higher volume and price is back near that pivot. This is the kind of retest zone where follow-through can matter more than chasing a stretched candle. Secondary patterns: Possible inverse H&S.,Strengthening,6.79
DLF,DLF Ltd.,DLF.NS,Realty,True,,NIFTY 500,^CRSLDX,2026-08-24,689.0,1.61,2.68,5.85,5061081.0,3468616.0,1.46,3487084809.0,63.79,57.97,True,True,True,True,True,4.05,6.29,-1.42,False,True,False,False,-2.26,0.0293045,0.02778223,5.48,4.24,True,0.6666666666666666,0.5,1.46,4.66,Actionable watch,Breakout retest,"breakout, retest, pivot, volume, inverse-head-and-shoulders, base, reversal",678.75,2026-08-24,1.51,0.1,,,,Prior resistance has been cleared on higher volume and price is back near that pivot. This is the kind of retest zone where follow-through can matter more than chasing a stretched candle. Secondary patterns: Possible inverse H&S.,Strengthening,6.75
CDSL,Central Depository Services (India) Ltd.,CDSL.NS,Financial Services,True,,NIFTY 500,^CRSLDX,2026-08-24,1385.1,-0.27,2.09,4.22,2224324.0,1199243.0,1.85,3080911118.1,60.23,54.96,True,True,True,True,True,3.09,3.03,-1.75,False,False,False,False,-0.02,0.05891097,0.05759442,2.29,2.63,True,0.6666666666666666,0.0,1.85,2.65,Actionable watch,Possible inverse H&S,"inverse-head-and-shoulders, base, reversal",1383.05,,,0.15,,,1383.05,A possible inverse head-and-shoulders base is visible. The setup improves only if price clears or holds near the neckline with better volume.,Strengthening with volume,6.75
CHALET,Chalet Hotels Ltd.,CHALET.NS,Consumer Services,True,,NIFTY 500,^CRSLDX,2026-08-24,869.55,0.88,2.94,2.72,253077.0,116022.0,2.18,220063102.26,61.69,54.98,True,True,True,True,True,3.84,4.81,-1.3,False,True,False,False,-2.21,0.03698364,0.03550886,4.15,1.16,True,0.6666666666666666,0.5,2.18,3.29,Actionable watch,Possible inverse H&S,"inverse-head-and-shoulders, base, reversal",852.02,,,2.06,,,852.02,A possible inverse head-and-shoulders base is visible. The setup improves only if price clears or holds near the neckline with better volume.,Strengthening with volume,6.68
AJANTPHARM,Ajanta Pharmaceuticals Ltd.,AJANTPHARM.NS,Healthcare,True,,NIFTY 500,^CRSLDX,2026-08-24,3579.9,-1.65,-3.72,6.69,65679.0,108957.0,0.6,235124245.69,56.44,74.42,False,True,True,True,True,1.23,5.65,4.03,False,False,False,False,5.67,0.15226004,0.1451299,4.91,5.06,True,1.0,0.0,0.6,3.3,Watch,Bullish flag,"flag, continuation, uptrend",3718.2,2026-08-17,0.71,,4.56,24.36,,Price has made a sharp impulse move and is now consolidating near the highs. A controlled pullback with quieter volume keeps the continuation setup alive.,Strengthening,6.67
NATIONALUM,National Aluminium Co. Ltd.,NATIONALUM.NS,Metals & Mining,True,,NIFTY 500,^CRSLDX,2026-08-24,403.3,2.5,4.33,19.15,7262472.0,8949986.0,0.81,2928954868.95,62.87,56.68,True,True,True,True,True,6.69,11.76,4.57,False,False,False,False,20.29,0.01715313,0.01551024,10.59,17.33,True,1.0,0.0,0.81,2.73,Watch,Bullish flag,"flag, continuation, uptrend",418.94,2026-08-12,1.11,,11.72,26.45,,Price has made a sharp impulse move and is now consolidating near the highs. A controlled pullback with quieter volume keeps the continuation setup alive.,Strengthening,6.66
HONASA,Honasa Consumer Ltd.,HONASA.NS,Fast Moving Consumer Goods,True,,NIFTY 500,^CRSLDX,2026-08-24,490.8,1.85,1.9,8.4,673436.0,2119158.0,0.32,330522380.58,62.16,59.46,True,True,True,True,True,4.42,7.5,5.74,False,False,True,False,6.01,0.02087467,0.01956085,6.72,6.75,True,1.0,0.5,0.32,2.72,Watch,Bullish flag,"flag, continuation, uptrend",502.8,2026-08-14,2.35,,6.97,25.57,,Price has made a sharp impulse move and is now consolidating near the highs. A controlled pullback with quieter volume keeps the continuation setup alive.,Strengthening,6.65
HAL,Hindustan Aeronautics Ltd.,HAL.NS,Capital Goods,True,,NIFTY 500,^CRSLDX,2026-08-24,4906.0,-1.88,-3.02,6.43,646951.0,1151932.0,0.56,3173941606.0,57.75,76.09,False,True,True,True,True,1.17,6.55,0.3,False,False,False,False,-0.85,0.20866163,0.19727817,5.77,4.81,True,1.0,0.0,0.56,3.4,Actionable watch,Possible inverse H&S,"inverse-head-and-shoulders, base, reversal, flag, continuation, uptrend",4541.5,,,8.03,,,4541.5,A possible inverse head-and-shoulders base is visible. The setup improves only if price clears or holds near the neckline with better volume. Secondary patterns: Bullish flag.,Strengthening,6.65
LODHA,Lodha Developers Ltd.,LODHA.NS,Realty,True,,NIFTY 500,^CRSLDX,2026-08-24,1258.4,1.32,0.35,5.35,1260993.0,2191758.0,0.58,1586833621.99,61.22,62.8,True,True,True,True,True,1.52,11.1,0.65,False,False,False,False,-23.0,0.05352218,0.048508,10.34,3.74,True,1.0,0.0,0.58,4.66,Actionable watch,High-tight flag,"flag, continuation, uptrend, high-tight, inverse-head-and-shoulders, base, reversal",1311.74,2026-07-29,0.49,,10.7,52.71,,Price has made a sharp impulse move and is now consolidating near the highs. A controlled pullback with quieter volume keeps the continuation setup alive. Secondary patterns: Possible inverse H&S.,Strengthening,6.65
JINDALSTEL,Jindal Steel Ltd.,JINDALSTEL.NS,Metals & Mining,True,,NIFTY 500,^CRSLDX,2026-08-24,1149.0,1.88,3.13,8.01,908787.0,860541.0,1.06,1044196263.0,63.94,56.98,True,True,True,True,True,3.97,6.59,0.66,False,True,False,False,7.25,0.04886918,0.04629033,5.57,6.36,True,0.6666666666666666,0.5,1.06,2.62,Actionable watch,Possible inverse H&S,"inverse-head-and-shoulders, base, reversal",1148.35,,,0.06,,,1148.35,A possible inverse head-and-shoulders base is visible. The setup improves only if price clears or holds near the neckline with better volume.,Strengthening,6.62
SUPREMEIND,Supreme Industries Ltd.,SUPREMEIND.NS,Capital Goods,True,,NIFTY 500,^CRSLDX,2026-08-24,3601.0,-1.13,0.31,7.87,127773.0,200901.0,0.64,460110573.0,59.18,61.12,True,True,True,True,True,2.37,4.84,-1.39,False,False,False,False,2.4,0.15315746,0.14735063,3.94,6.23,True,0.3333333333333333,0.0,0.64,2.54,Actionable watch,Possible inverse H&S,"inverse-head-and-shoulders, base, reversal",3607.0,,,0.17,,,3607.0,A possible inverse head-and-shoulders base is visible. The setup improves only if price clears or holds near the neckline with better volume.,Strengthening,6.59
ABREL,Aditya Birla Real Estate Ltd.,ABREL.NS,Realty,True,,NIFTY 500,^CRSLDX,2026-08-24,1429.8,1.67,1.98,2.11,963127.0,216625.0,4.45,1377079031.63,55.59,51.65,True,True,True,True,True,1.84,2.99,-2.09,False,False,False,False,-5.4,0.06081215,0.05942366,2.34,0.56,True,0.3333333333333333,0.0,4.45,3.34,Actionable watch,Possible inverse H&S,"inverse-head-and-shoulders, base, reversal",1398.95,,,2.21,,,1398.95,A possible inverse head-and-shoulders base is visible. The setup improves only if price clears or holds near the neckline with better volume.,Strengthening with volume,6.58
EIDPARRY,E.I.D. Parry (India) Ltd.,EIDPARRY.NS,Fast Moving Consumer Goods,True,,NIFTY 500,^CRSLDX,2026-08-24,823.95,3.34,4.03,6.85,5615272.0,816134.0,6.88,4626703432.95,61.94,55.43,True,True,True,True,False,4.36,8.24,-2.91,False,True,False,False,-2.07,0.03504418,0.03264262,7.36,5.22,True,0.3333333333333333,0.5,6.88,2.94,Actionable watch,Possible inverse H&S,"inverse-head-and-shoulders, base, reversal",815.75,,,1.01,,,815.75,A possible inverse head-and-shoulders base is visible. The setup improves only if price clears or holds near the neckline with better volume.,Strengthening with volume,6.57
AUBANK,AU Small Finance Bank Ltd.,AUBANK.NS,Financial Services,True,,NIFTY 500,^CRSLDX,2026-08-24,1114.0,0.52,3.9,5.98,1606431.0,1589612.0,1.01,1789564134.0,65.22,55.17,True,True,True,True,True,3.95,6.2,2.46,False,True,True,True,2.92,0.04738057,0.04496975,5.36,4.36,True,1.0,1.0,1.01,3.4,Actionable watch,Possible inverse H&S,"inverse-head-and-shoulders, base, reversal",1059.38,,,5.16,,,1059.38,A possible inverse head-and-shoulders base is visible. The setup improves only if price clears or holds near the neckline with better volume.,Strengthening,6.56
INDIANB,Indian Bank,INDIANB.NS,Financial Services,True,,NIFTY 500,^CRSLDX,2026-08-24,870.45,-0.74,-1.22,4.72,729112.0,1303951.0,0.56,634655549.3,53.62,59.0,False,True,True,True,True,0.44,2.92,0.8,False,False,False,False,1.76,0.03702192,0.0362699,2.07,3.12,True,0.6666666666666666,0.0,0.56,4.25,Actionable watch,Breakout retest,"breakout, retest, pivot, volume",872.49,2026-08-07,1.5,0.23,,,,Prior resistance has been cleared on higher volume and price is back near that pivot. This is the kind of retest zone where follow-through can matter more than chasing a stretched candle.,Strengthening,6.52
JSWINFRA,JSW Infrastructure Ltd.,JSWINFRA.NS,Services,True,,NIFTY 500,^CRSLDX,2026-08-24,340.2,1.34,1.43,5.72,1950763.0,2917804.0,0.67,663649596.41,57.17,53.54,True,True,True,True,True,2.58,3.65,1.21,False,False,False,False,4.55,0.01446936,0.0140396,3.06,4.11,True,1.0,0.0,0.67,3.4,Actionable watch,Possible inverse H&S,"inverse-head-and-shoulders, base, reversal",281.87,,,20.7,,,281.87,A possible inverse head-and-shoulders base is visible. The setup improves only if price clears or holds near the neckline with better volume.,Strengthening,6.51
LAURUSLABS,Laurus Labs Ltd.,LAURUSLABS.NS,Healthcare,True,,NIFTY 500,^CRSLDX,2026-08-24,1801.0,-0.06,-0.48,5.11,2894133.0,1909870.0,1.52,5212333533.0,59.77,64.4,False,False,True,True,True,-0.94,10.3,7.87,False,False,False,False,-9.94,0.0766,0.06989754,9.59,3.51,True,1.0,0.0,1.52,3.45,Actionable watch,Bullish flag,"flag, continuation, uptrend, inverse-head-and-shoulders, base, reversal",1858.0,2026-08-11,0.64,,5.01,35.74,,Price has made a sharp impulse move and is now consolidating near the highs. A controlled pullback with quieter volume keeps the continuation setup alive. Secondary patterns: Possible inverse H&S.,Strengthening with volume,6.51
ANANDRATHI,Anand Rathi Wealth Ltd.,ANANDRATHI.NS,Financial Services,True,,NIFTY 500,^CRSLDX,2026-08-24,2167.9,-0.92,-0.37,5.64,141558.0,211052.0,0.67,306883574.38,61.15,68.12,False,True,True,True,True,2.19,5.73,3.48,False,False,True,False,1.53,0.09220496,0.08776149,5.06,4.03,True,1.0,0.5,0.67,3.34,Watch,Bullish flag,"flag, continuation, uptrend",2198.8,2026-08-13,0.38,,2.5,27.05,,Price has made a sharp impulse move and is now consolidating near the highs. A controlled pullback with quieter volume keeps the continuation setup alive.,Strengthening,6.48
HINDCOPPER,Hindustan Copper Ltd.,HINDCOPPER.NS,Metals & Mining,True,,NIFTY 500,^CRSLDX,2026-08-24,574.15,0.25,0.26,19.02,11470215.0,11872810.0,0.97,6585624222.28,65.85,68.65,True,True,True,True,True,8.19,12.69,3.89,False,True,False,False,20.63,0.02441971,0.02185996,11.71,17.2,True,1.0,0.5,0.97,2.2,Watch,Possible inverse H&S,"inverse-head-and-shoulders, base, reversal",600.52,,,4.39,,,600.52,A possible inverse head-and-shoulders base is visible. The setup improves only if price clears or holds near the neckline with better volume.,Strengthening,6.47
ZFCVINDIA,ZF Commercial Vehicle Control Systems India Ltd.,ZFCVINDIA.NS,Automobile and Auto Components,True,,NIFTY 500,^CRSLDX,2026-08-24,2650.1,-0.45,1.01,15.27,52892.0,94987.0,0.56,140169094.37,62.55,64.71,True,True,True,True,True,3.29,6.16,1.7,False,False,True,False,28.33,0.11271386,0.10693114,5.41,13.51,True,1.0,0.5,0.56,2.2,Actionable watch,Possible inverse H&S,"inverse-head-and-shoulders, base, reversal",2684.5,,,1.28,,,2684.5,A possible inverse head-and-shoulders base is visible. The setup improves only if price clears or holds near the neckline with better volume.,Strengthening,6.47
MAZDOCK,Mazagoan Dock Shipbuilders Ltd.,MAZDOCK.NS,Capital Goods,True,,NIFTY 500,^CRSLDX,2026-08-24,2540.0,-0.47,-0.98,9.2,374772.0,931958.0,0.4,951920880.0,58.45,65.59,False,True,True,True,True,2.32,3.45,-1.17,False,False,False,False,12.92,0.10803109,0.10523313,2.66,7.53,True,0.3333333333333333,0.0,0.4,2.2,Watch,Possible inverse H&S,"inverse-head-and-shoulders, base, reversal",2698.0,,,5.86,,,2698.0,A possible inverse head-and-shoulders base is visible. The setup improves only if price clears or holds near the neckline with better volume.,Strengthening,6.47
BAJAJ-AUTO,Bajaj Auto Ltd.,BAJAJ-AUTO.NS,Automobile and Auto Components,True,,NIFTY 500,^CRSLDX,2026-08-24,11800.0,0.85,1.17,5.51,221838.0,253741.0,0.87,2617688400.0,65.51,65.01,True,True,True,True,True,1.35,9.41,2.92,False,False,True,False,-11.46,0.50187672,0.4622787,8.57,3.9,True,1.0,0.5,0.87,3.4,Actionable watch,Possible inverse H&S,"inverse-head-and-shoulders, base, reversal, flag, continuation, uptrend",10081.5,,,17.05,,,10081.5,A possible inverse head-and-shoulders base is visible. The setup improves only if price clears or holds near the neckline with better volume. Secondary patterns: Bullish flag.,Strengthening,6.47
LT,Larsen & Toubro Ltd.,LT.NS,Construction,True,,NIFTY 500,^CRSLDX,2026-08-24,4090.0,-0.07,0.08,7.46,1369454.0,1594291.0,0.86,5601066860.0,59.89,61.37,True,True,True,True,True,1.55,1.93,0.47,False,False,False,False,15.05,0.17395558,0.17200398,1.13,5.82,True,1.0,0.0,0.86,2.2,Watch,Possible inverse H&S,"inverse-head-and-shoulders, base, reversal",4317.5,,,5.27,,,4317.5,A possible inverse head-and-shoulders base is visible. The setup improves only if price clears or holds near the neckline with better volume.,Strengthening,6.43
LTFOODS,LT Foods Ltd.,LTFOODS.NS,Fast Moving Consumer Goods,True,,NIFTY 500,^CRSLDX,2026-08-24,459.0,7.34,10.3,22.24,41890608.0,2952631.0,14.19,19227789072.0,76.56,60.26,True,True,True,True,True,10.12,16.22,0.14,False,True,True,False,20.65,0.01952215,0.01692315,15.36,20.37,True,0.6666666666666666,1.0,14.19,5.1,Actionable watch,Breakout retest,"breakout, retest, pivot, volume",436.1,2026-08-24,47.94,1.95,,,,Prior resistance has been cleared on higher volume and price is back near that pivot. This is the kind of retest zone where follow-through can matter more than chasing a stretched candle.,Strengthening with volume,6.4
BALKRISIND,Balkrishna Industries Ltd.,BALKRISIND.NS,Automobile and Auto Components,True,,NIFTY 500,^CRSLDX,2026-08-24,2358.4,0.32,-2.03,16.64,124133.0,556328.0,0.22,292755255.08,52.71,57.97,False,False,True,True,True,-1.34,4.66,0.5,False,False,False,False,21.87,0.10030729,0.09653295,3.91,14.86,True,0.6666666666666666,0.0,0.22,5.1,Actionable watch,Breakout retest,"breakout, retest, pivot, volume, flag, continuation, uptrend, inverse-head-and-shoulders, base, reversal",2308.14,2026-07-31,9.07,0.99,,,,"Prior resistance has been cleared on higher volume and price is back near that pivot. This is the kind of retest zone where follow-through can matter more than chasing a stretched candle. Secondary patterns: Bullish flag, Possible inverse H&S.",Strengthening,6.4
TATATECH,Tata Technologies Ltd.,TATATECH.NS,Information Technology,True,,NIFTY 500,^CRSLDX,2026-08-24,797.5,-2.83,-5.25,11.8,1138181.0,2395880.0,0.48,907699347.5,49.88,61.46,False,False,True,True,True,-1.48,4.55,1.94,False,False,False,False,11.0,0.03391921,0.03270191,3.72,10.1,True,1.0,0.0,0.48,5.1,Actionable watch,Breakout retest,"breakout, retest, pivot, volume, flag, continuation, uptrend, inverse-head-and-shoulders, base, reversal",778.02,2026-08-06,9.07,1.71,,,,"Prior resistance has been cleared on higher volume and price is back near that pivot. This is the kind of retest zone where follow-through can matter more than chasing a stretched candle. Secondary patterns: Bullish flag, Possible inverse H&S.",Strengthening,6.4
M&M,Mahindra & Mahindra Ltd.,M&M.NS,Automobile and Auto Components,True,,NIFTY 500,^CRSLDX,2026-08-24,3414.1,0.06,0.7,5.42,1168622.0,2360031.0,0.5,3989792484.32,57.31,56.17,False,True,True,True,True,0.24,5.48,-0.3,False,False,False,False,-1.3,0.14520825,0.13868127,4.71,3.81,True,0.3333333333333333,0.0,0.5,3.25,Watch,Bullish flag,"flag, continuation, uptrend",3517.0,2026-08-10,0.62,,4.33,20.37,,Price has made a sharp impulse move and is now consolidating near the highs. A controlled pullback with quieter volume keeps the continuation setup alive.,Strengthening,6.4
360ONE,360 ONE WAM Ltd.,360ONE.NS,Financial Services,True,,NIFTY 500,^CRSLDX,2026-08-24,1189.8,-0.77,1.43,5.04,712772.0,929112.0,0.77,848056160.4,58.59,57.14,True,True,True,True,True,1.72,5.0,0.44,False,False,True,False,0.19,0.05060449,0.04861587,4.09,3.44,True,1.0,0.5,0.77,3.4,Actionable watch,Possible inverse H&S,"inverse-head-and-shoulders, base, reversal",1160.25,,,2.55,,,1160.25,A possible inverse head-and-shoulders base is visible. The setup improves only if price clears or holds near the neckline with better volume.,Strengthening,6.38
UNITDSPR,United Spirits Ltd.,UNITDSPR.NS,Fast Moving Consumer Goods,True,,NIFTY 500,^CRSLDX,2026-08-24,1555.0,-0.06,0.65,4.93,399707.0,632446.0,0.63,621544385.0,65.43,66.58,True,True,True,True,True,1.72,8.29,1.32,False,False,True,True,-7.26,0.06613714,0.06144481,7.64,3.33,True,1.0,0.5,0.63,3.4,Actionable watch,Possible inverse H&S,"inverse-head-and-shoulders, base, reversal",1500.2,,,3.65,,,1500.2,A possible inverse head-and-shoulders base is visible. The setup improves only if price clears or holds near the neckline with better volume.,Strengthening,6.36
PIRAMALFIN,Piramal Finance Ltd.,PIRAMALFIN.NS,Financial Services,True,,NIFTY 500,^CRSLDX,2026-08-24,2184.1,0.15,5.71,6.81,599705.0,208755.0,2.87,1309815749.06,63.43,46.3,True,True,True,True,True,4.8,3.45,,False,True,True,False,10.48,0.09289398,0.09042275,2.73,5.18,True,0.6666666666666666,1.0,2.87,0.0,No clear setup,,,,,,,,,,,Strengthening with volume,6.34
COHANCE,Cohance Lifesciences Ltd.,COHANCE.NS,Healthcare,True,,NIFTY 500,^CRSLDX,2026-08-24,448.75,-3.08,0.9,4.85,909416.0,1379015.0,0.66,408100430.0,51.66,53.46,False,True,True,True,True,1.46,1.73,-8.44,False,False,False,False,8.8,0.0190862,0.01888658,1.06,3.25,True,0.6666666666666666,0.0,0.66,3.4,Actionable watch,Possible inverse H&S,"inverse-head-and-shoulders, base, reversal",329.7,,,36.11,,,329.7,A possible inverse head-and-shoulders base is visible. The setup improves only if price clears or holds near the neckline with better volume.,Strengthening,6.34
PAYTM,One 97 Communications Ltd.,PAYTM.NS,Financial Services,True,,NIFTY 500,^CRSLDX,2026-08-24,1623.5,-0.52,2.74,25.91,2830723.0,4901024.0,0.58,4595678790.5,70.72,71.56,True,True,True,True,True,8.07,21.58,1.85,False,False,True,False,10.95,0.06905058,0.05719313,20.73,23.99,True,1.0,0.5,0.58,4.17,Actionable watch,High-tight flag,"flag, continuation, uptrend, high-tight, inverse-head-and-shoulders, base, reversal",1649.5,2026-08-13,1.03,,6.67,61.23,,Price has made a sharp impulse move and is now consolidating near the highs. A controlled pullback with quieter volume keeps the continuation setup alive. Secondary patterns: Possible inverse H&S.,Strengthening,6.3
POLICYBZR,PB Fintech Ltd.,POLICYBZR.NS,Financial Services,True,,NIFTY 500,^CRSLDX,2026-08-24,1785.0,-0.57,3.29,14.92,778907.0,1158713.0,0.67,1390348995.0,68.22,64.06,True,True,True,True,True,6.05,9.33,-0.28,False,False,False,False,18.11,0.07591949,0.0699592,8.52,13.17,True,0.3333333333333333,0.0,0.67,4.86,Actionable watch,Breakout retest,"breakout, retest, pivot, volume, inverse-head-and-shoulders, base, reversal",1720.38,2026-08-19,1.93,3.09,,,,Prior resistance has been cleared on higher volume and price is back near that pivot. This is the kind of retest zone where follow-through can matter more than chasing a stretched candle. Secondary patterns: Possible inverse H&S.,Strengthening,6.3
ACMESOLAR,ACME Solar Holdings Ltd.,ACMESOLAR.NS,Power,True,,NIFTY 500,^CRSLDX,2026-08-24,409.15,1.88,12.13,12.9,2257509.0,2296510.0,0.98,923659793.57,69.87,46.89,True,True,True,True,True,9.03,10.25,3.43,False,True,True,True,16.25,0.01740194,0.01590123,9.44,11.18,True,1.0,1.0,0.98,4.14,Actionable watch,Breakout retest,"breakout, retest, pivot, volume, inverse-head-and-shoulders, base, reversal",395.95,2026-08-21,2.09,0.32,,,,Prior resistance has been cleared on higher volume and price is back near that pivot. This is the kind of retest zone where follow-through can matter more than chasing a stretched candle. Secondary patterns: Possible inverse H&S.,Strengthening,6.3
PETRONET,Petronet LNG Ltd.,PETRONET.NS,Oil Gas & Consumable Fuels,True,,NIFTY 500,^CRSLDX,2026-08-24,295.95,1.01,5.02,8.45,1747496.0,1915484.0,0.91,517171462.53,68.95,54.12,True,True,True,True,True,4.61,5.34,0.47,False,True,False,False,10.4,0.01258732,0.01204992,4.46,6.79,True,1.0,0.5,0.91,5.1,Actionable watch,Breakout retest,"breakout, retest, pivot, volume, inverse-head-and-shoulders, base, reversal",283.26,2026-08-19,2.9,2.88,,,,Prior resistance has been cleared on higher volume and price is back near that pivot. This is the kind of retest zone where follow-through can matter more than chasing a stretched candle. Secondary patterns: Possible inverse H&S.,Strengthening,6.3
APOLLOTYRE,Apollo Tyres Ltd.,APOLLOTYRE.NS,Automobile and Auto Components,True,,NIFTY 500,^CRSLDX,2026-08-24,445.85,1.4,2.1,6.17,5256920.0,1058854.0,4.96,2343797814.09,58.92,51.39,True,True,True,True,False,1.91,2.92,-1.22,False,False,False,False,4.81,0.01896286,0.01855811,2.18,4.55,True,0.3333333333333333,0.0,4.96,2.55,Actionable watch,Possible inverse H&S,"inverse-head-and-shoulders, base, reversal",446.57,,,0.16,,,446.57,A possible inverse head-and-shoulders base is visible. The setup improves only if price clears or holds near the neckline with better volume.,Strengthening with volume,6.3
EICHERMOT,Eicher Motors Ltd.,EICHERMOT.NS,Automobile and Auto Components,True,,NIFTY 500,^CRSLDX,2026-08-24,8047.0,0.46,-0.04,4.66,207498.0,480898.0,0.43,1669736406.0,62.56,65.25,True,True,True,True,True,0.95,5.41,1.54,False,False,True,False,-0.87,0.3422544,0.32726268,4.58,3.06,True,1.0,0.5,0.43,3.4,Actionable watch,Possible inverse H&S,"inverse-head-and-shoulders, base, reversal",7832.75,,,2.74,,,7832.75,A possible inverse head-and-shoulders base is visible. The setup improves only if price clears or holds near the neckline with better volume.,Strengthening,6.3
DATAPATTNS,Data Patterns (India) Ltd.,DATAPATTNS.NS,Capital Goods,True,,NIFTY 500,^CRSLDX,2026-08-24,4736.2,-1.94,4.58,3.44,708476.0,887845.0,0.8,3355484169.57,58.33,54.28,True,True,True,True,True,4.82,5.45,5.28,False,False,True,False,-0.08,0.20143971,0.19252923,4.63,1.86,True,1.0,0.5,0.8,5.1,Actionable watch,Breakout retest,"breakout, retest, pivot, volume, inverse-head-and-shoulders, base, reversal",4722.78,2026-08-21,2.77,0.28,,,,Prior resistance has been cleared on higher volume and price is back near that pivot. This is the kind of retest zone where follow-through can matter more than chasing a stretched candle. Secondary patterns: Possible inverse H&S.,Strengthening,6.27
DEEPAKNTR,Deepak Nitrite Ltd.,DEEPAKNTR.NS,Chemicals,True,,NIFTY 500,^CRSLDX,2026-08-24,1730.3,-0.96,-2.82,3.06,464409.0,539499.0,0.86,803566915.38,51.79,60.37,False,True,True,True,True,0.01,3.55,-0.16,False,False,False,False,-5.65,0.07359299,0.0716619,2.69,1.49,True,0.6666666666666666,0.0,0.86,4.7,Actionable watch,Breakout retest,"breakout, retest, pivot, volume, inverse-head-and-shoulders, base, reversal",1737.52,2026-08-07,4.44,0.42,,,,Prior resistance has been cleared on higher volume and price is back near that pivot. This is the kind of retest zone where follow-through can matter more than chasing a stretched candle. Secondary patterns: Possible inverse H&S.,Strengthening,6.2
WELCORP,Welspun Corp Ltd.,WELCORP.NS,Capital Goods,True,,NIFTY 500,^CRSLDX,2026-08-24,2409.2,4.21,28.01,50.59,6106072.0,1962190.0,3.11,14710748364.25,91.58,74.69,True,True,True,True,True,28.99,44.74,9.7,False,True,True,True,42.76,0.10246791,0.07123969,43.84,48.3,True,1.0,1.0,3.11,3.4,Actionable watch,Possible inverse H&S,"inverse-head-and-shoulders, base, reversal",837.45,,,187.68,,,837.45,A possible inverse head-and-shoulders base is visible. The setup improves only if price clears or holds near the neckline with better volume.,Strengthening with volume,6.19
URBANCO,Urban Company Ltd.,URBANCO.NS,Consumer Services,True,,NIFTY 500,^CRSLDX,2026-08-24,168.84,6.46,16.76,29.46,64714971.0,17548290.0,3.69,10926475466.65,79.49,62.8,True,True,True,True,True,18.37,23.82,-0.9,False,True,False,False,29.13,0.00718109,0.00584349,22.89,27.48,True,0.6666666666666666,0.5,3.69,3.4,Actionable watch,Possible inverse H&S,"inverse-head-and-shoulders, base, reversal",147.85,,,14.2,,,147.85,A possible inverse head-and-shoulders base is visible. The setup improves only if price clears or holds near the neckline with better volume.,Strengthening with volume,6.19
IIFL,IIFL Finance Ltd.,IIFL.NS,Financial Services,True,,NIFTY 500,^CRSLDX,2026-08-24,696.4,2.44,10.53,21.49,3799566.0,2296235.0,1.65,2646017855.16,80.43,68.59,True,True,True,True,True,11.56,21.82,2.32,False,True,True,True,3.27,0.02961923,0.02450607,20.86,19.64,True,1.0,1.0,1.65,3.4,Actionable watch,Possible inverse H&S,"inverse-head-and-shoulders, base, reversal",631.35,,,10.3,,,631.35,A possible inverse head-and-shoulders base is visible. The setup improves only if price clears or holds near the neckline with better volume.,Strengthening with volume,6.19
AEGISLOG,Aegis Logistics Ltd.,AEGISLOG.NS,Oil Gas & Consumable Fuels,True,,NIFTY 500,^CRSLDX,2026-08-24,1341.5,-5.39,4.22,3.89,928535.0,1134680.0,0.82,1245629702.5,53.19,50.56,True,True,True,True,True,1.17,6.09,6.73,False,False,False,False,-7.53,0.05705658,0.05405467,5.55,2.3,True,1.0,0.0,0.82,3.4,Actionable watch,Possible inverse H&S,"inverse-head-and-shoulders, base, reversal",767.98,,,74.68,,,767.98,A possible inverse head-and-shoulders base is visible. The setup improves only if price clears or holds near the neckline with better volume.,Strengthening,6.15
REDINGTON,Redington Ltd.,REDINGTON.NS,Services,True,,NIFTY 500,^CRSLDX,2026-08-24,365.1,4.15,9.71,31.26,9721166.0,12149086.0,0.8,3549197765.93,71.3,60.81,True,True,True,True,True,8.43,22.73,2.97,False,True,True,True,26.77,0.01552841,0.0127041,22.23,29.26,True,1.0,1.0,0.8,3.4,Actionable watch,Possible inverse H&S,"inverse-head-and-shoulders, base, reversal",295.24,,,23.66,,,295.24,A possible inverse head-and-shoulders base is visible. The setup improves only if price clears or holds near the neckline with better volume.,Strengthening,6.09
DEVYANI,Devyani International Ltd.,DEVYANI.NS,Consumer Services,True,,NIFTY 500,^CRSLDX,2026-08-24,149.12,3.27,3.81,28.49,5369280.0,8635800.0,0.62,800667007.38,72.33,73.98,True,True,True,True,True,12.38,23.27,-2.48,False,True,False,False,22.67,0.00634236,0.00518219,22.39,26.53,True,0.3333333333333333,0.5,0.62,3.4,Actionable watch,Possible inverse H&S,"inverse-head-and-shoulders, base, reversal",137.65,,,8.33,,,137.65,A possible inverse head-and-shoulders base is visible. The setup improves only if price clears or holds near the neckline with better volume.,Strengthening,6.09
COFORGE,Coforge Ltd.,COFORGE.NS,Information Technology,True,,NIFTY 500,^CRSLDX,2026-08-24,1873.0,-0.99,3.71,23.11,1507775.0,3253923.0,0.46,2824062575.0,69.43,69.14,True,True,True,True,True,4.65,16.86,0.3,False,False,False,False,19.43,0.0796623,0.06858694,16.15,21.24,True,1.0,0.0,0.46,3.4,Actionable watch,Possible inverse H&S,"inverse-head-and-shoulders, base, reversal",1664.0,,,12.56,,,1664.0,A possible inverse head-and-shoulders base is visible. The setup improves only if price clears or holds near the neckline with better volume.,Strengthening,6.09
JYOTICNC,Jyoti CNC Automation Ltd.,JYOTICNC.NS,Capital Goods,True,,NIFTY 500,^CRSLDX,2026-08-24,980.25,-0.86,14.25,21.96,793013.0,1517889.0,0.52,777350993.25,74.17,61.31,True,True,True,True,True,13.93,21.55,-0.59,False,False,False,False,18.45,0.04169192,0.03449906,20.85,20.1,True,0.3333333333333333,0.0,0.52,3.4,Actionable watch,Possible inverse H&S,"inverse-head-and-shoulders, base, reversal",865.25,,,13.29,,,865.25,A possible inverse head-and-shoulders base is visible. The setup improves only if price clears or holds near the neckline with better volume.,Strengthening,6.09
BOSCHLTD,Bosch Ltd.,BOSCHLTD.NS,Automobile and Auto Components,True,,NIFTY 500,^CRSLDX,2026-08-24,48100.0,-0.21,2.41,17.37,28127.0,48835.0,0.58,1352908700.0,73.96,77.74,True,True,True,True,True,7.82,13.8,1.78,False,False,True,False,12.84,2.04578562,1.81042853,13.0,15.58,True,1.0,0.5,0.58,3.4,Actionable watch,Possible inverse H&S,"inverse-head-and-shoulders, base, reversal",38997.5,,,23.34,,,38997.5,A possible inverse head-and-shoulders base is visible. The setup improves only if price clears or holds near the neckline with better volume.,Strengthening,6.09
WELSPUNLIV,Welspun Living Ltd.,WELSPUNLIV.NS,Textiles,True,,NIFTY 500,^CRSLDX,2026-08-24,190.43,0.64,13.25,16.45,5068554.0,10145120.0,0.5,965204701.1,72.92,57.31,True,True,True,True,True,13.8,15.15,3.05,False,True,True,True,14.36,0.00809935,0.00707086,14.55,14.67,True,1.0,1.0,0.5,3.4,Actionable watch,Possible inverse H&S,"inverse-head-and-shoulders, base, reversal",145.9,,,30.52,,,145.9,A possible inverse head-and-shoulders base is visible. The setup improves only if price clears or holds near the neckline with better volume.,Strengthening,6.09
TMCV,Tata Motors Ltd.,TMCV.NS,Capital Goods,True,,NIFTY 500,^CRSLDX,2026-08-24,475.05,0.53,0.99,15.56,5350055.0,8780720.0,0.61,2541543562.44,67.52,68.71,True,True,True,True,,4.48,9.96,,False,False,False,False,17.27,0.02020479,0.01849416,9.25,13.79,True,0.3333333333333333,0.0,0.61,3.4,Actionable watch,Possible inverse H&S,"inverse-head-and-shoulders, base, reversal",442.3,,,7.4,,,442.3,A possible inverse head-and-shoulders base is visible. The setup improves only if price clears or holds near the neckline with better volume.,Strengthening,6.09
GLAXO,Glaxosmithkline Pharmaceuticals Ltd.,GLAXO.NS,Healthcare,True,,NIFTY 500,^CRSLDX,2026-08-24,2931.7,1.02,8.46,14.91,80139.0,167690.0,0.48,234943502.39,70.37,70.22,True,True,True,True,True,8.16,15.73,0.29,False,False,False,False,5.52,0.12469084,0.1083653,15.07,13.16,True,1.0,0.0,0.48,3.4,Actionable watch,Possible inverse H&S,"inverse-head-and-shoulders, base, reversal",2623.9,,,11.73,,,2623.9,A possible inverse head-and-shoulders base is visible. The setup improves only if price clears or holds near the neckline with better volume.,Strengthening,6.09
MOTILALOFS,Motilal Oswal Financial Services Ltd.,MOTILALOFS.NS,Financial Services,True,,NIFTY 500,^CRSLDX,2026-08-24,990.0,0.0,3.66,13.88,1107786.0,1173254.0,0.94,1096708140.0,68.33,64.15,True,True,True,True,True,9.91,6.61,-1.16,False,True,False,False,21.02,0.04210661,0.03981907,5.74,12.15,True,0.6666666666666666,0.5,0.94,3.4,Actionable watch,Possible inverse H&S,"inverse-head-and-shoulders, base, reversal",856.25,,,15.62,,,856.25,A possible inverse head-and-shoulders base is visible. The setup improves only if price clears or holds near the neckline with better volume.,Strengthening,6.09
MOTHERSON,Samvardhana Motherson International Ltd.,MOTHERSON.NS,Automobile and Auto Components,True,,NIFTY 500,^CRSLDX,2026-08-24,169.0,-0.22,0.56,13.45,5220440.0,21301257.0,0.25,882254360.0,70.16,71.96,False,True,True,True,True,4.5,11.28,4.6,False,False,True,False,13.25,0.0071879,0.00650557,10.49,11.72,True,1.0,0.5,0.25,3.4,Actionable watch,Possible inverse H&S,"inverse-head-and-shoulders, base, reversal, flag, continuation, uptrend",130.43,,,29.57,,,130.43,A possible inverse head-and-shoulders base is visible. The setup improves only if price clears or holds near the neckline with better volume. Secondary patterns: Bullish flag.,Strengthening,6.09
ETERNAL,Eternal Ltd.,ETERNAL.NS,Consumer Services,True,,NIFTY 500,^CRSLDX,2026-08-24,327.15,-0.26,2.88,10.58,21889780.0,27830464.0,0.79,7161241393.4,68.41,64.48,True,True,True,True,True,3.63,12.0,-0.7,False,False,False,False,-4.4,0.01391432,0.01251356,11.19,8.89,True,0.6666666666666666,0.0,0.79,3.4,Actionable watch,Possible inverse H&S,"inverse-head-and-shoulders, base, reversal",306.77,,,6.64,,,306.77,A possible inverse head-and-shoulders base is visible. The setup improves only if price clears or holds near the neckline with better volume.,Strengthening,6.09
ASTRAL,Astral Ltd.,ASTRAL.NS,Capital Goods,True,,NIFTY 500,^CRSLDX,2026-08-24,1532.8,0.28,-0.36,4.74,308889.0,961009.0,0.32,473465074.28,59.58,62.53,True,True,True,True,True,3.17,5.83,0.27,False,False,False,False,-3.3,0.06519294,0.06214831,4.9,3.14,True,0.6666666666666666,0.0,0.32,2.66,Watch,Bullish flag,"flag, continuation, uptrend, inverse-head-and-shoulders, base, reversal",1589.5,2026-08-13,2.0,,6.61,20.87,,Price has made a sharp impulse move and is now consolidating near the highs. A controlled pullback with quieter volume keeps the continuation setup alive. Secondary patterns: Possible inverse H&S.,Strengthening,6.06
KAYNES,Kaynes Technology India Ltd.,KAYNES.NS,Capital Goods,True,,NIFTY 500,^CRSLDX,2026-08-24,3840.2,-1.28,5.18,20.71,1251147.0,1628604.0,0.77,4804654648.31,60.43,53.52,True,True,True,True,False,2.51,10.99,-7.37,False,False,False,False,18.56,0.1633311,0.1480999,10.28,18.87,True,0.3333333333333333,0.0,0.77,3.28,Watch,Bullish flag,"flag, continuation, uptrend",3898.0,2026-08-05,0.7,,10.27,22.73,,Price has made a sharp impulse move and is now consolidating near the highs. A controlled pullback with quieter volume keeps the continuation setup alive.,Strengthening,6.05
SWIGGY,Swiggy Ltd.,SWIGGY.NS,Consumer Services,True,,NIFTY 500,^CRSLDX,2026-08-24,284.25,0.62,1.95,10.18,8508716.0,21740173.0,0.39,2418602523.0,57.06,52.97,True,True,True,True,False,0.78,6.27,-4.46,False,False,False,False,1.16,0.0120897,0.01147792,5.33,8.5,True,0.3333333333333333,0.0,0.39,3.3,Watch,Bullish flag,"flag, continuation, uptrend, inverse-head-and-shoulders, base, reversal",295.91,2026-07-30,0.78,,9.7,23.94,,Price has made a sharp impulse move and is now consolidating near the highs. A controlled pullback with quieter volume keeps the continuation setup alive. Secondary patterns: Possible inverse H&S.,Strengthening,6.05
KFINTECH,Kfin Technologies Ltd.,KFINTECH.NS,Financial Services,True,,NIFTY 500,^CRSLDX,2026-08-24,969.9,-1.03,-0.32,2.18,1361793.0,1111145.0,1.23,1320803063.95,59.84,64.1,True,True,True,True,True,2.34,7.13,-1.55,False,False,False,False,-9.33,0.04125172,0.03878464,6.36,0.62,True,0.3333333333333333,0.0,1.23,5.05,Actionable watch,Breakout retest,"breakout, retest, pivot, volume, inverse-head-and-shoulders, base, reversal",942.54,2026-07-28,2.3,2.28,,,,Prior resistance has been cleared on higher volume and price is back near that pivot. This is the kind of retest zone where follow-through can matter more than chasing a stretched candle. Secondary patterns: Possible inverse H&S.,Strengthening,6.02
ABCAPITAL,Aditya Birla Capital Ltd.,ABCAPITAL.NS,Financial Services,True,,NIFTY 500,^CRSLDX,2026-08-24,412.9,-0.02,3.56,3.11,2109752.0,3957786.0,0.53,871116587.92,55.99,47.1,True,True,True,True,True,1.3,3.34,2.82,False,False,True,False,-1.71,0.01756143,0.01710815,2.65,1.54,True,1.0,0.5,0.53,3.4,Actionable watch,Possible inverse H&S,"inverse-head-and-shoulders, base, reversal, flag, continuation, uptrend",365.07,,,13.1,,,365.07,A possible inverse head-and-shoulders base is visible. The setup improves only if price clears or holds near the neckline with better volume. Secondary patterns: Bullish flag.,Strengthening,6.0
TITAN,Titan Company Ltd.,TITAN.NS,Consumer Durables,True,,NIFTY 500,^CRSLDX,2026-08-24,5079.0,-0.14,0.21,7.15,256376.0,936779.0,0.27,1302133704.0,68.09,69.18,True,True,True,True,True,1.51,8.09,3.25,False,False,True,False,-4.94,0.21601965,0.20137441,7.27,5.52,True,1.0,0.5,0.27,3.4,Actionable watch,Possible inverse H&S,"inverse-head-and-shoulders, base, reversal, flag, continuation, uptrend",4453.1,,,14.06,,,4453.1,A possible inverse head-and-shoulders base is visible. The setup improves only if price clears or holds near the neckline with better volume. Secondary patterns: Bullish flag.,Strengthening,5.99
ARE&M,Amara Raja Energy & Mobility Ltd.,ARE&M.NS,Automobile and Auto Components,True,,NIFTY 500,^CRSLDX,2026-08-24,922.8,0.33,-2.42,5.58,327034.0,1370800.0,0.24,301786971.21,51.98,58.86,False,False,True,True,True,-0.39,4.02,-0.71,False,False,False,False,-2.24,0.03924846,0.03802476,3.22,3.97,True,0.6666666666666666,0.0,0.24,4.37,Actionable watch,Breakout retest,"breakout, retest, pivot, volume, flag, continuation, uptrend, inverse-head-and-shoulders, base, reversal",926.62,2026-08-05,1.73,0.41,,,,"Prior resistance has been cleared on higher volume and price is back near that pivot. This is the kind of retest zone where follow-through can matter more than chasing a stretched candle. Secondary patterns: Bullish flag, Possible inverse H&S.",Strengthening,5.99
BAJAJHLDNG,Bajaj Holdings & Investment Ltd.,BAJAJHLDNG.NS,Financial Services,True,,NIFTY 500,^CRSLDX,2026-08-24,11120.0,-1.77,-2.28,2.87,70310.0,42411.0,1.66,781847200.0,48.48,59.29,False,False,True,True,True,-1.9,2.23,-0.95,False,False,False,False,-1.34,0.47295501,0.46599119,1.49,1.3,True,0.6666666666666666,0.0,1.66,3.24,Watch,Bullish flag,"flag, continuation, uptrend, inverse-head-and-shoulders, base, reversal",11599.0,2026-08-03,0.72,,4.97,19.06,,Price has made a sharp impulse move and is now consolidating near the highs. A controlled pullback with quieter volume keeps the continuation setup alive. Secondary patterns: Possible inverse H&S.,Strengthening with volume,5.99
PIDILITIND,Pidilite Industries Ltd.,PIDILITIND.NS,Chemicals,True,,NIFTY 500,^CRSLDX,2026-08-24,1660.0,0.67,-0.54,3.02,554203.0,1073441.0,0.52,919976980.0,54.81,58.26,False,True,True,True,True,0.04,3.2,1.18,False,False,True,False,0.67,0.070603,0.06892866,2.43,1.45,True,1.0,0.5,0.52,3.4,Actionable watch,Possible inverse H&S,"inverse-head-and-shoulders, base, reversal",1474.9,,,12.55,,,1474.9,A possible inverse head-and-shoulders base is visible. The setup improves only if price clears or holds near the neckline with better volume.,Strengthening,5.98
CASTROLIND,Castrol India Ltd.,CASTROLIND.NS,Oil Gas & Consumable Fuels,True,,NIFTY 500,^CRSLDX,2026-08-24,186.87,-0.48,-0.36,4.77,1054063.0,3212593.0,0.33,196972747.66,60.23,68.72,False,True,True,True,True,1.06,3.12,-0.1,False,False,False,False,4.25,0.00794794,0.00776938,2.3,3.17,True,0.6666666666666666,0.0,0.33,2.34,Actionable watch,Possible inverse H&S,"inverse-head-and-shoulders, base, reversal",188.35,,,0.79,,,188.35,A possible inverse head-and-shoulders base is visible. The setup improves only if price clears or holds near the neckline with better volume.,Strengthening,5.95
EXIDEIND,Exide Industries Ltd.,EXIDEIND.NS,Automobile and Auto Components,True,,NIFTY 500,^CRSLDX,2026-08-24,453.3,-1.37,-4.71,6.16,1847500.0,5658475.0,0.33,837471727.45,48.68,62.72,False,False,True,True,True,-2.46,4.88,2.11,False,False,False,False,-5.72,0.01927972,0.01852441,4.08,4.54,True,1.0,0.0,0.33,3.4,Actionable watch,Possible inverse H&S,"inverse-head-and-shoulders, base, reversal, flag, continuation, uptrend",360.8,,,25.64,,,360.8,A possible inverse head-and-shoulders base is visible. The setup improves only if price clears or holds near the neckline with better volume. Secondary patterns: Bullish flag.,Strengthening,5.9
SONATSOFTW,Sonata Software Ltd.,SONATSOFTW.NS,Information Technology,True,,NIFTY 500,^CRSLDX,2026-08-24,306.75,0.9,-4.26,4.97,553611.0,1981093.0,0.28,169820174.25,47.76,54.01,False,False,True,True,True,-4.11,2.18,-1.35,False,False,False,False,-3.97,0.01304667,0.01284444,1.57,3.37,True,0.6666666666666666,0.0,0.28,5.1,Actionable watch,Breakout retest,"breakout, retest, pivot, volume, flag, continuation, uptrend, inverse-head-and-shoulders, base, reversal",292.57,2026-07-13,6.28,3.77,,,,"Prior resistance has been cleared on higher volume and price is back near that pivot. This is the kind of retest zone where follow-through can matter more than chasing a stretched candle. Secondary patterns: Bullish flag, Possible inverse H&S.",Strengthening,5.87
FLUOROCHEM,Gujarat Fluorochemicals Ltd.,FLUOROCHEM.NS,Chemicals,True,,NIFTY 500,^CRSLDX,2026-08-24,4622.6,0.02,-1.8,1.3,119810.0,237622.0,0.5,553833717.7,58.56,65.02,False,True,True,True,True,1.14,8.71,2.46,False,False,True,False,-17.32,0.19660808,0.18203852,8.0,-0.25,True,1.0,0.5,0.5,4.7,Actionable watch,Breakout retest,"breakout, retest, pivot, volume, flag, continuation, uptrend, inverse-head-and-shoulders, base, reversal",4651.1,2026-08-13,5.91,0.61,,,,"Prior resistance has been cleared on higher volume and price is back near that pivot. This is the kind of retest zone where follow-through can matter more than chasing a stretched candle. Secondary patterns: Bullish flag, Possible inverse H&S.",Setup watch: Breakout retest,5.85
LTF,L&T Finance Ltd.,LTF.NS,Financial Services,True,,NIFTY 500,^CRSLDX,2026-08-24,315.85,-0.41,0.27,1.15,3327468.0,5211188.0,0.64,1050980788.11,52.48,53.5,True,True,True,True,True,0.48,1.76,1.73,False,False,False,False,-4.11,0.01343371,0.01330186,0.99,-0.39,True,1.0,0.0,0.64,4.78,Actionable watch,Breakout retest,"breakout, retest, pivot, volume, inverse-head-and-shoulders, base, reversal",303.35,2026-06-30,1.76,4.12,,,,Prior resistance has been cleared on higher volume and price is back near that pivot. This is the kind of retest zone where follow-through can matter more than chasing a stretched candle. Secondary patterns: Possible inverse H&S.,Setup watch: Breakout retest,5.82
OBEROIRLTY,Oberoi Realty Ltd.,OBEROIRLTY.NS,Realty,True,,NIFTY 500,^CRSLDX,2026-08-24,1870.0,-0.85,-3.16,2.04,330698.0,469725.0,0.7,618405260.0,54.09,66.03,True,True,True,True,True,1.9,2.4,0.98,False,False,False,False,-3.41,0.0795347,0.07822349,1.68,0.48,True,1.0,0.0,0.7,3.4,Actionable watch,Possible inverse H&S,"inverse-head-and-shoulders, base, reversal",1755.55,,,6.52,,,1755.55,A possible inverse head-and-shoulders base is visible. The setup improves only if price clears or holds near the neckline with better volume.,Strengthening,5.79
ESCORTS,Escorts Kubota Ltd.,ESCORTS.NS,Capital Goods,True,,NIFTY 500,^CRSLDX,2026-08-24,3097.3,0.35,-1.16,4.85,30269.0,123687.0,0.24,93752175.18,57.52,65.56,True,True,True,True,False,0.46,3.91,-1.69,False,False,False,False,0.81,0.13173414,0.12764603,3.2,3.25,True,0.3333333333333333,0.0,0.24,5.1,Actionable watch,Breakout retest,"breakout, retest, pivot, volume, inverse-head-and-shoulders, base, reversal",3030.92,2026-07-31,3.39,1.45,,,,Prior resistance has been cleared on higher volume and price is back near that pivot. This is the kind of retest zone where follow-through can matter more than chasing a stretched candle. Secondary patterns: Possible inverse H&S.,Strengthening,5.75
M&MFIN,Mahindra & Mahindra Financial Services Ltd.,M&MFIN.NS,Financial Services,True,,NIFTY 500,^CRSLDX,2026-08-24,378.7,-0.76,-2.62,4.33,1565659.0,3266850.0,0.48,592915082.41,51.09,57.66,False,False,True,True,True,-3.47,8.24,3.06,False,False,False,False,-14.17,0.01610684,0.01496222,7.65,2.73,True,1.0,0.0,0.48,4.66,Actionable watch,High-tight flag,"flag, continuation, uptrend, high-tight, inverse-head-and-shoulders, base, reversal",412.3,2026-08-10,0.39,,9.35,52.91,,Price has made a sharp impulse move and is now consolidating near the highs. A controlled pullback with quieter volume keeps the continuation setup alive. Secondary patterns: Possible inverse H&S.,Strengthening,5.75
MANAPPURAM,Manappuram Finance Ltd.,MANAPPURAM.NS,Financial Services,True,,NIFTY 500,^CRSLDX,2026-08-24,365.05,2.11,4.72,1.74,10501662.0,7832950.0,1.34,3833631584.91,60.45,48.88,True,True,True,True,True,1.98,7.02,2.69,False,False,True,False,-13.14,0.01552628,0.01461938,6.2,0.18,True,1.0,0.5,1.34,3.4,Actionable watch,Possible inverse H&S,"inverse-head-and-shoulders, base, reversal, flag, continuation, uptrend",318.03,,,14.79,,,318.03,A possible inverse head-and-shoulders base is visible. The setup improves only if price clears or holds near the neckline with better volume. Secondary patterns: Bullish flag.,Strengthening,5.73
GRANULES,Granules India Ltd.,GRANULES.NS,Healthcare,True,,NIFTY 500,^CRSLDX,2026-08-24,855.3,-0.33,-0.73,1.69,305537.0,586885.0,0.52,261325792.37,52.82,55.27,True,True,True,True,True,0.77,2.1,4.36,False,False,False,False,-5.19,0.03637756,0.03589765,1.34,0.14,True,1.0,0.0,0.52,3.4,Actionable watch,Possible inverse H&S,"inverse-head-and-shoulders, base, reversal",633.5,,,35.01,,,633.5,A possible inverse head-and-shoulders base is visible. The setup improves only if price clears or holds near the neckline with better volume.,Strengthening,5.72
NETWEB,Netweb Technologies India Ltd.,NETWEB.NS,Information Technology,True,,NIFTY 500,^CRSLDX,2026-08-24,5454.5,-2.62,4.64,25.12,2703730.0,2057709.0,1.31,14747495285.0,63.78,66.41,True,True,True,True,True,10.92,16.46,2.78,False,False,True,False,25.94,0.23199039,0.20046202,15.73,23.21,True,1.0,0.5,1.31,0.0,No clear setup,,,,,,,,,,,Strengthening,5.7
HFCL,HFCL Ltd.,HFCL.NS,Telecommunication,True,,NIFTY 500,^CRSLDX,2026-08-24,238.42,4.57,8.62,23.83,29905200.0,24368653.0,1.23,7129997729.24,65.16,57.07,True,True,True,True,True,12.06,12.77,12.72,False,True,True,True,31.26,0.01014046,0.00903374,12.25,21.94,True,1.0,1.0,1.23,0.0,No clear setup,,,,,,,,,,,Strengthening,5.7
CYIENT,Cyient Ltd.,CYIENT.NS,Information Technology,True,,NIFTY 500,^CRSLDX,2026-08-24,909.05,1.84,4.73,10.16,1531306.0,637972.0,2.4,1392033700.61,62.23,53.4,True,True,True,True,False,4.94,5.24,-3.0,False,True,False,False,15.49,0.03866365,0.03704618,4.37,8.48,True,0.3333333333333333,0.5,2.4,0.0,No clear setup,,,,,,,,,,,Strengthening with volume,5.7
IPCALAB,Ipca Laboratories Ltd.,IPCALAB.NS,Healthcare,True,,NIFTY 500,^CRSLDX,2026-08-24,1920.4,0.48,1.9,8.41,277433.0,682772.0,0.41,532782339.97,65.54,63.0,True,True,True,True,True,7.25,9.81,3.29,False,True,True,True,-0.45,0.08167831,0.0749313,9.0,6.75,True,1.0,1.0,0.41,0.0,No clear setup,,,,,,,,,,,Strengthening,5.7
MINDACORP,Minda Corporation Ltd.,MINDACORP.NS,Automobile and Auto Components,True,,NIFTY 500,^CRSLDX,2026-08-24,719.95,-1.09,-0.72,4.07,194071.0,761792.0,0.25,139721418.82,52.6,57.93,False,False,True,True,True,-0.08,3.56,2.52,False,False,False,False,0.17,0.03062086,0.02979416,2.77,2.49,True,1.0,0.0,0.25,4.3,Actionable watch,Breakout retest,"breakout, retest, pivot, volume, inverse-head-and-shoulders, base, reversal",712.58,2026-08-03,2.99,0.62,,,,Prior resistance has been cleared on higher volume and price is back near that pivot. This is the kind of retest zone where follow-through can matter more than chasing a stretched candle. Secondary patterns: Possible inverse H&S.,Strengthening,5.7
PINELABS,Pine Labs Ltd.,PINELABS.NS,Financial Services,True,,NIFTY 500,^CRSLDX,2026-08-24,157.54,0.4,-3.13,5.77,8262133.0,25147802.0,0.33,1301616377.35,51.1,56.97,False,True,True,False,,0.86,2.34,,False,False,False,False,10.82,0.00670048,0.00659362,1.62,4.16,True,0.3333333333333333,0.0,0.33,3.28,Watch,Bullish flag,"flag, continuation, uptrend",169.93,2026-08-12,0.35,,8.78,22.28,,Price has made a sharp impulse move and is now consolidating near the highs. A controlled pullback with quieter volume keeps the continuation setup alive.,Strengthening,5.68
TATACAP,Tata Capital Ltd.,TATACAP.NS,Financial Services,True,,NIFTY 500,^CRSLDX,2026-08-24,364.45,-0.16,1.45,3.97,1161959.0,2305602.0,0.5,423475971.73,53.35,49.5,False,False,True,True,True,-0.25,1.81,,False,False,False,False,7.88,0.01550076,0.01532653,1.14,2.38,True,0.6666666666666666,0.0,0.5,4.37,Actionable watch,Breakout retest,"breakout, retest, pivot, volume, flag, continuation, uptrend, inverse-head-and-shoulders, base, reversal",365.74,2026-08-05,1.74,0.35,,,,"Prior resistance has been cleared on higher volume and price is back near that pivot. This is the kind of retest zone where follow-through can matter more than chasing a stretched candle. Secondary patterns: Bullish flag, Possible inverse H&S.",Strengthening,5.68
IDFCFIRSTB,IDFC First Bank Ltd.,IDFCFIRSTB.NS,Financial Services,True,,NIFTY 500,^CRSLDX,2026-08-24,85.89,-0.99,0.99,1.49,12046983.0,14222846.0,0.85,1034715362.52,59.23,58.36,True,True,True,True,True,0.65,4.91,1.16,False,False,True,False,-7.89,0.00365307,0.00350843,4.12,-0.06,True,1.0,0.5,0.85,3.4,Actionable watch,Possible inverse H&S,"inverse-head-and-shoulders, base, reversal",83.83,,,2.46,,,83.83,A possible inverse head-and-shoulders base is visible. The setup improves only if price clears or holds near the neckline with better volume.,Setup watch: Possible inverse H&S,5.68
CARTRADE,Cartrade Tech Ltd.,CARTRADE.NS,Consumer Services,True,,NIFTY 500,^CRSLDX,2026-08-24,3138.6,2.14,12.22,5.38,457408.0,556531.0,0.82,1435620793.47,71.09,53.56,True,True,True,True,True,10.81,13.61,0.68,False,True,False,False,-7.52,0.13349071,0.11810688,13.03,3.77,True,1.0,0.5,0.82,3.4,Actionable watch,Possible inverse H&S,"inverse-head-and-shoulders, base, reversal",3021.75,,,3.87,,,3021.75,A possible inverse head-and-shoulders base is visible. The setup improves only if price clears or holds near the neckline with better volume.,Strengthening,5.64
POWERINDIA,Hitachi Energy India Ltd.,POWERINDIA.NS,Capital Goods,True,,NIFTY 500,^CRSLDX,2026-08-24,33840.0,-1.02,-4.52,7.28,80041.0,138949.0,0.58,2708587440.0,50.71,60.48,False,True,True,True,True,0.87,1.02,6.17,False,False,False,False,16.04,1.43928036,1.43696759,0.16,5.65,True,1.0,0.0,0.58,0.0,No clear setup,,,,,,,,,,,Strengthening,5.63
RBLBANK,RBL Bank Ltd.,RBLBANK.NS,Financial Services,True,,NIFTY 500,^CRSLDX,2026-08-24,388.0,-1.15,1.7,7.21,2638002.0,3303744.0,0.8,1023544776.0,58.09,54.9,True,True,True,True,True,1.17,3.86,2.24,False,False,True,False,6.49,0.01650239,0.01601595,3.04,5.57,True,1.0,0.5,0.8,0.0,No clear setup,,,,,,,,,,,Strengthening,5.61
INDUSINDBK,IndusInd Bank Ltd.,INDUSINDBK.NS,Financial Services,True,,NIFTY 500,^CRSLDX,2026-08-24,1018.4,1.27,0.77,1.17,947836.0,1125248.0,0.84,965276205.54,53.57,50.78,True,True,True,True,True,0.27,2.59,2.82,False,False,False,False,-9.62,0.04331451,0.04256507,1.76,-0.38,True,1.0,0.0,0.84,3.4,Actionable watch,Possible inverse H&S,"inverse-head-and-shoulders, base, reversal, flag, continuation, uptrend",963.38,,,5.71,,,963.38,A possible inverse head-and-shoulders base is visible. The setup improves only if price clears or holds near the neckline with better volume. Secondary patterns: Bullish flag.,Setup watch: Possible inverse H&S,5.61
LTM,LTM Ltd.,LTM.NS,Information Technology,True,,NIFTY 500,^CRSLDX,2026-08-24,4525.7,0.84,-3.71,7.99,296375.0,497793.0,0.6,1341304395.39,53.84,64.25,False,False,True,True,False,-1.35,8.41,-1.85,False,False,False,False,-6.6,0.19248674,0.17898043,7.55,6.34,True,0.3333333333333333,0.0,0.6,5.1,Actionable watch,Breakout retest,"breakout, retest, pivot, volume, flag, continuation, uptrend, inverse-head-and-shoulders, base, reversal",4359.35,2026-08-03,3.76,2.49,,,,"Prior resistance has been cleared on higher volume and price is back near that pivot. This is the kind of retest zone where follow-through can matter more than chasing a stretched candle. Secondary patterns: Bullish flag, Possible inverse H&S.",Strengthening,5.6
GRAVITA,Gravita India Ltd.,GRAVITA.NS,Metals & Mining,True,,NIFTY 500,^CRSLDX,2026-08-24,1807.8,-0.76,-0.76,1.06,150374.0,262575.0,0.57,271846124.54,57.04,60.52,True,True,True,True,True,4.02,3.65,0.59,False,False,False,False,-7.29,0.07688922,0.07476664,2.84,-0.48,True,1.0,0.0,0.57,3.4,Actionable watch,Possible inverse H&S,"inverse-head-and-shoulders, base, reversal",1736.85,,,4.08,,,1736.85,A possible inverse head-and-shoulders base is visible. The setup improves only if price clears or holds near the neckline with better volume.,Setup watch: Possible inverse H&S,5.59
BAJAJFINSV,Bajaj Finserv Ltd.,BAJAJFINSV.NS,Financial Services,True,,NIFTY 500,^CRSLDX,2026-08-24,2001.7,-1.52,-0.16,4.64,463998.0,1347571.0,0.34,928784773.94,54.22,56.86,False,False,True,True,True,-0.8,4.87,-0.38,False,False,False,False,-5.07,0.08513615,0.08179326,4.09,3.04,True,0.6666666666666666,0.0,0.34,3.35,Watch,Bullish flag,"flag, continuation, uptrend, inverse-head-and-shoulders, base, reversal",2105.0,2026-08-04,0.84,,6.05,28.06,,Price has made a sharp impulse move and is now consolidating near the highs. A controlled pullback with quieter volume keeps the continuation setup alive. Secondary patterns: Possible inverse H&S.,Strengthening,5.58
CHOLAFIN,Cholamandalam Investment and Finance Company Ltd.,CHOLAFIN.NS,Financial Services,True,,NIFTY 500,^CRSLDX,2026-08-24,1846.7,-0.87,-2.02,3.44,845133.0,1429153.0,0.59,1560707069.83,49.86,56.21,False,False,True,True,True,-1.32,2.05,1.16,False,False,False,False,1.86,0.0785437,0.07744285,1.42,1.87,True,1.0,0.0,0.59,4.6,Actionable watch,Breakout retest,"breakout, retest, pivot, volume, flag, continuation, uptrend, inverse-head-and-shoulders, base, reversal",1839.62,2026-08-03,1.39,0.35,,,,"Prior resistance has been cleared on higher volume and price is back near that pivot. This is the kind of retest zone where follow-through can matter more than chasing a stretched candle. Secondary patterns: Bullish flag, Possible inverse H&S.",Strengthening,5.57
POLYMED,Poly Medicure Ltd.,POLYMED.NS,Healthcare,True,,NIFTY 500,^CRSLDX,2026-08-24,1737.2,1.04,0.21,3.36,95735.0,190906.0,0.5,166310837.33,50.92,51.7,False,False,True,True,True,-0.39,2.74,-1.05,False,False,False,False,0.76,0.07388646,0.0723601,2.11,1.79,True,0.6666666666666666,0.0,0.5,4.7,Actionable watch,Breakout retest,"breakout, retest, pivot, volume, flag, continuation, uptrend, inverse-head-and-shoulders, base, reversal",1751.48,2026-08-11,8.05,0.82,,,,"Prior resistance has been cleared on higher volume and price is back near that pivot. This is the kind of retest zone where follow-through can matter more than chasing a stretched candle. Secondary patterns: Bullish flag, Possible inverse H&S.",Strengthening,5.56
FEDERALBNK,Federal Bank Ltd.,FEDERALBNK.NS,Financial Services,True,,NIFTY 500,^CRSLDX,2026-08-24,357.75,-0.9,1.03,0.69,4720238.0,4208701.0,1.12,1688665144.5,56.88,56.16,True,True,True,True,True,0.32,4.72,4.78,False,False,False,False,-10.13,0.0152158,0.01463728,3.95,-0.84,True,1.0,0.0,1.12,3.4,Actionable watch,Possible inverse H&S,"inverse-head-and-shoulders, base, reversal, flag, continuation, uptrend",279.5,,,28.0,,,279.5,A possible inverse head-and-shoulders base is visible. The setup improves only if price clears or holds near the neckline with better volume. Secondary patterns: Bullish flag.,Setup watch: Possible inverse H&S,5.52
OFSS,Oracle Financial Services Software Ltd.,OFSS.NS,Information Technology,True,,NIFTY 500,^CRSLDX,2026-08-24,11518.0,-1.76,-2.3,3.87,153356.0,215235.0,0.71,1766354408.0,50.55,58.62,False,False,True,True,True,-0.83,3.18,3.88,False,False,False,False,0.99,0.48988272,0.47704491,2.69,2.28,True,1.0,0.0,0.71,3.4,Actionable watch,Possible inverse H&S,"inverse-head-and-shoulders, base, reversal, flag, continuation, uptrend",8993.75,,,28.07,,,8993.75,A possible inverse head-and-shoulders base is visible. The setup improves only if price clears or holds near the neckline with better volume. Secondary patterns: Bullish flag.,Strengthening,5.45
MPHASIS,MphasiS Ltd.,MPHASIS.NS,Information Technology,True,,NIFTY 500,^CRSLDX,2026-08-24,2427.0,-0.12,-3.31,4.04,188692.0,523346.0,0.36,457955484.0,51.3,60.51,False,False,True,True,True,-0.83,3.81,-1.11,False,False,False,False,-5.32,0.10322498,0.10024163,2.98,2.46,True,0.3333333333333333,0.0,0.36,3.29,Watch,Bullish flag,"flag, continuation, uptrend",2545.0,2026-08-14,0.57,,6.71,22.87,,Price has made a sharp impulse move and is now consolidating near the highs. A controlled pullback with quieter volume keeps the continuation setup alive.,Strengthening,5.44
BAJFINANCE,Bajaj Finance Ltd.,BAJFINANCE.NS,Financial Services,True,,NIFTY 500,^CRSLDX,2026-08-24,1077.0,-1.64,-1.13,2.74,4340366.0,8123669.0,0.53,4674574182.0,49.88,54.31,False,False,True,True,True,-2.0,3.09,0.51,False,False,False,False,-5.52,0.04580688,0.04474321,2.38,1.17,True,1.0,0.0,0.53,5.1,Actionable watch,Breakout retest,"breakout, retest, pivot, volume, flag, continuation, uptrend, inverse-head-and-shoulders, base, reversal",1048.54,2026-07-31,4.88,2.7,,,,"Prior resistance has been cleared on higher volume and price is back near that pivot. This is the kind of retest zone where follow-through can matter more than chasing a stretched candle. Secondary patterns: Bullish flag, Possible inverse H&S.",Strengthening,5.43
ABB,ABB India Ltd.,ABB.NS,Capital Goods,True,,NIFTY 500,^CRSLDX,2026-08-24,7504.0,1.08,-2.04,3.61,118662.0,287869.0,0.41,890439648.0,53.6,63.18,False,False,True,True,True,-0.04,3.67,3.99,False,False,True,False,-0.09,0.31915957,0.31021253,2.88,2.03,True,1.0,0.5,0.41,3.4,Actionable watch,Possible inverse H&S,"inverse-head-and-shoulders, base, reversal",5654.0,,,32.72,,,5654.0,A possible inverse head-and-shoulders base is visible. The setup improves only if price clears or holds near the neckline with better volume.,Strengthening,5.4
SAPPHIRE,Sapphire Foods India Ltd.,SAPPHIRE.NS,Consumer Services,True,,NIFTY 500,^CRSLDX,2026-08-24,249.3,2.87,6.23,33.25,1231288.0,3574139.0,0.34,306960102.16,77.74,73.52,True,True,True,True,True,14.51,26.43,-3.27,False,True,False,False,28.2,0.01060321,0.0084423,25.6,31.22,True,0.3333333333333333,0.5,0.34,3.4,Actionable watch,Possible inverse H&S,"inverse-head-and-shoulders, base, reversal",206.4,,,20.78,,,206.4,A possible inverse head-and-shoulders base is visible. The setup improves only if price clears or holds near the neckline with better volume.,Strengthening,5.39
AUROPHARMA,Aurobindo Pharma Ltd.,AUROPHARMA.NS,Healthcare,True,,NIFTY 500,^CRSLDX,2026-08-24,1608.0,-0.82,-1.18,3.78,969188.0,1007497.0,0.96,1558454304.0,51.23,56.44,False,False,True,True,True,-0.4,2.45,3.86,False,False,False,False,2.74,0.06839134,0.067154,1.84,2.2,True,1.0,0.0,0.96,3.24,Watch,Bullish flag,"flag, continuation, uptrend",1667.0,2026-08-12,0.68,,4.19,19.35,,Price has made a sharp impulse move and is now consolidating near the highs. A controlled pullback with quieter volume keeps the continuation setup alive.,Strengthening,5.37
LALPATHLAB,Dr. Lal Path Labs Ltd.,LALPATHLAB.NS,Healthcare,True,,NIFTY 500,^CRSLDX,2026-08-24,1883.8,-0.55,0.35,3.37,146775.0,342025.0,0.43,276494752.17,55.7,56.31,False,False,True,True,True,-1.04,6.46,2.38,False,False,False,False,-8.41,0.08012164,0.075761,5.76,1.8,True,1.0,0.0,0.43,3.4,Actionable watch,Possible inverse H&S,"inverse-head-and-shoulders, base, reversal, flag, continuation, uptrend",1472.75,,,27.91,,,1472.75,A possible inverse head-and-shoulders base is visible. The setup improves only if price clears or holds near the neckline with better volume. Secondary patterns: Bullish flag.,Strengthening,5.35
BLUEJET,Blue Jet Healthcare Ltd.,BLUEJET.NS,Healthcare,True,,NIFTY 500,^CRSLDX,2026-08-24,588.8,-1.23,-0.74,2.21,1443752.0,1200476.0,1.2,850081159.98,51.11,54.53,False,False,True,True,True,-0.88,2.9,-1.13,False,False,False,False,-10.18,0.0250428,0.02450696,2.19,0.65,True,0.6666666666666666,0.0,1.2,5.1,Actionable watch,Breakout retest,"breakout, retest, pivot, volume, flag, continuation, uptrend, inverse-head-and-shoulders, base, reversal",569.05,2026-07-07,2.92,3.05,,,,"Prior resistance has been cleared on higher volume and price is back near that pivot. This is the kind of retest zone where follow-through can matter more than chasing a stretched candle. Secondary patterns: Bullish flag, Possible inverse H&S.",Strengthening,5.33
PGEL,PG Electroplast Ltd.,PGEL.NS,Consumer Durables,True,,NIFTY 500,^CRSLDX,2026-08-24,597.0,-0.59,-2.77,2.98,648135.0,2184075.0,0.3,386936595.0,48.8,56.46,False,False,True,True,True,-1.96,1.72,0.7,False,False,False,False,-5.92,0.02539156,0.02510957,1.12,1.41,True,1.0,0.0,0.3,3.47,Actionable watch,Bullish flag,"flag, continuation, uptrend, inverse-head-and-shoulders, base, reversal",630.65,2026-08-07,0.85,,7.9,37.4,,Price has made a sharp impulse move and is now consolidating near the highs. A controlled pullback with quieter volume keeps the continuation setup alive. Secondary patterns: Possible inverse H&S.,Strengthening,5.3
SBICARD,SBI Cards and Payment Services Ltd.,SBICARD.NS,Financial Services,True,,NIFTY 500,^CRSLDX,2026-08-24,650.3,0.2,1.33,0.82,2560031.0,1689720.0,1.52,1664788128.05,53.86,49.51,True,True,True,True,False,0.02,2.97,-3.48,False,False,False,False,-7.17,0.02765851,0.02705248,2.24,-0.72,True,0.3333333333333333,0.0,1.52,2.7,Actionable watch,Possible inverse H&S,"inverse-head-and-shoulders, base, reversal",648.35,,,0.3,,,648.35,A possible inverse head-and-shoulders base is visible. The setup improves only if price clears or holds near the neckline with better volume.,Setup watch: Possible inverse H&S,5.3
PRESTIGE,Prestige Estates Projects Ltd.,PRESTIGE.NS,Realty,True,,NIFTY 500,^CRSLDX,2026-08-24,1635.8,0.29,2.76,-0.41,245485.0,580645.0,0.42,401564374.99,55.22,47.72,True,True,True,True,True,1.74,1.39,-0.59,False,False,False,False,-8.06,0.06957373,0.06910379,0.68,-1.93,True,0.6666666666666666,0.0,0.42,3.4,Actionable watch,Possible inverse H&S,"inverse-head-and-shoulders, base, reversal",1559.7,,,4.88,,,1559.7,A possible inverse head-and-shoulders base is visible. The setup improves only if price clears or holds near the neckline with better volume.,Setup watch: Possible inverse H&S,5.3
KARURVYSYA,Karur Vysya Bank Ltd.,KARURVYSYA.NS,Financial Services,True,,NIFTY 500,^CRSLDX,2026-08-24,338.15,0.79,1.24,-0.44,1139907.0,1612532.0,0.71,385459545.09,59.17,55.9,True,True,True,True,True,0.34,6.81,3.63,False,False,True,False,-15.74,0.01438217,0.01356747,6.0,-1.96,True,1.0,0.5,0.71,3.4,Actionable watch,Possible inverse H&S,"inverse-head-and-shoulders, base, reversal, flag, continuation, uptrend",321.93,,,5.04,,,321.93,A possible inverse head-and-shoulders base is visible. The setup improves only if price clears or holds near the neckline with better volume. Secondary patterns: Bullish flag.,Setup watch: Possible inverse H&S,5.3
NCC,NCC Ltd.,NCC.NS,Construction,True,,NIFTY 500,^CRSLDX,2026-08-24,147.35,-1.48,5.7,5.27,4866763.0,2733584.0,1.78,717117557.75,59.75,45.03,True,True,True,False,False,4.12,2.58,-4.09,False,False,False,False,9.49,0.00626708,0.00615913,1.75,3.66,True,0.3333333333333333,0.0,1.78,0.0,No clear setup,,,,,,,,,,,Strengthening with volume,5.23
BHARTIARTL,Bharti Airtel Ltd.,BHARTIARTL.NS,Telecommunication,True,,NIFTY 500,^CRSLDX,2026-08-24,1935.0,-0.57,-1.74,1.56,2275722.0,6568648.0,0.35,4403522070.0,50.45,57.7,False,False,True,True,True,-0.74,1.48,-0.26,False,False,False,False,-4.09,0.08229928,0.08173607,0.69,0.01,True,0.3333333333333333,0.0,0.35,5.08,Actionable watch,Breakout retest,"breakout, retest, pivot, volume, inverse-head-and-shoulders, base, reversal",1933.87,2026-08-05,2.36,0.06,,,,Prior resistance has been cleared on higher volume and price is back near that pivot. This is the kind of retest zone where follow-through can matter more than chasing a stretched candle. Secondary patterns: Possible inverse H&S.,Strengthening,5.2
CONCOR,Container Corporation of India Ltd.,CONCOR.NS,Services,True,,NIFTY 500,^CRSLDX,2026-08-24,516.4,0.26,-1.54,1.46,1591913.0,1831556.0,0.87,822063912.07,54.87,60.82,False,False,True,True,True,-0.3,4.8,-0.23,False,False,False,False,-7.75,0.02196349,0.02111098,4.04,-0.08,True,0.3333333333333333,0.0,0.87,4.58,Actionable watch,Breakout retest,"breakout, retest, pivot, volume, flag, continuation, uptrend, inverse-head-and-shoulders, base, reversal",526.08,2026-08-13,2.15,1.84,,,,"Prior resistance has been cleared on higher volume and price is back near that pivot. This is the kind of retest zone where follow-through can matter more than chasing a stretched candle. Secondary patterns: Bullish flag, Possible inverse H&S.",Setup watch: Breakout retest,5.18
CARBORUNIV,Carborundum Universal Ltd.,CARBORUNIV.NS,Capital Goods,True,,NIFTY 500,^CRSLDX,2026-08-24,1122.2,-4.07,-0.04,4.82,225628.0,244740.0,0.92,253199730.58,51.36,53.08,False,True,True,True,True,1.11,0.65,2.19,False,False,False,False,13.79,0.04772932,0.04774017,-0.02,3.23,False,1.0,0.0,0.92,3.4,Actionable watch,Possible inverse H&S,"inverse-head-and-shoulders, base, reversal",961.2,,,16.75,,,961.2,A possible inverse head-and-shoulders base is visible. The setup improves only if price clears or holds near the neckline with better volume.,Setup watch: Possible inverse H&S,5.14
POONAWALLA,Poonawalla Fincorp Ltd.,POONAWALLA.NS,Financial Services,True,,NIFTY 500,^CRSLDX,2026-08-24,475.1,-3.05,-4.49,2.15,1420367.0,1353499.0,1.05,674816370.37,47.63,61.42,False,False,True,True,True,-1.81,2.28,-0.46,False,False,False,False,-7.24,0.02020692,0.01987436,1.67,0.59,True,0.6666666666666666,0.0,1.05,3.44,Actionable watch,Bullish flag,"flag, continuation, uptrend, inverse-head-and-shoulders, base, reversal",502.7,2026-08-13,0.73,,6.05,34.95,,Price has made a sharp impulse move and is now consolidating near the highs. A controlled pullback with quieter volume keeps the continuation setup alive. Secondary patterns: Possible inverse H&S.,Strengthening,5.12
BHARTIHEXA,Bharti Hexacom Ltd.,BHARTIHEXA.NS,Telecommunication,True,,NIFTY 500,^CRSLDX,2026-08-24,1605.8,0.92,-2.15,0.57,59106.0,184268.0,0.32,94912417.69,54.12,59.61,True,True,True,True,True,1.37,3.97,-1.27,False,False,False,False,-12.32,0.06829777,0.06621158,3.15,-0.97,True,0.3333333333333333,0.0,0.32,2.2,Watch,Possible inverse H&S,"inverse-head-and-shoulders, base, reversal",1702.75,,,5.69,,,1702.75,A possible inverse head-and-shoulders base is visible. The setup improves only if price clears or holds near the neckline with better volume.,Setup watch: Possible inverse H&S,5.08
MGL,Mahanagar Gas Ltd.,MGL.NS,Oil Gas & Consumable Fuels,True,,NIFTY 500,^CRSLDX,2026-08-24,1127.7,1.21,1.49,4.37,250936.0,443143.0,0.57,282980514.95,55.9,53.0,True,True,True,True,True,1.83,0.98,-1.35,False,False,False,False,7.27,0.04796325,0.04785593,0.22,2.78,True,0.6666666666666666,0.0,0.57,0.0,No clear setup,,,,,,,,,,,Strengthening,5.06
NESTLEIND,Nestle India Ltd.,NESTLEIND.NS,Fast Moving Consumer Goods,True,,NIFTY 500,^CRSLDX,2026-08-24,1471.3,-0.39,0.09,1.74,1464865.0,2306702.0,0.64,2155255946.03,47.63,46.19,False,False,True,True,True,-1.94,1.04,2.0,False,False,False,False,-3.86,0.06257722,0.06239729,0.29,0.19,True,1.0,0.0,0.64,3.4,Actionable watch,Possible inverse H&S,"inverse-head-and-shoulders, base, reversal",1419.25,,,3.67,,,1419.25,A possible inverse head-and-shoulders base is visible. The setup improves only if price clears or holds near the neckline with better volume.,Strengthening,5.03
LTTS,L&T Technology Services Ltd.,LTTS.NS,Information Technology,True,,NIFTY 500,^CRSLDX,2026-08-24,3584.6,-0.55,1.59,2.47,68849.0,105112.0,0.66,246796132.12,55.86,52.59,True,True,True,True,False,0.49,5.05,-1.47,False,False,False,False,-10.12,0.15245994,0.1463285,4.19,0.91,True,0.3333333333333333,0.0,0.66,3.25,Watch,Bullish flag,"flag, continuation, uptrend, inverse-head-and-shoulders, base, reversal",3652.7,2026-08-11,0.46,,5.57,19.85,,Price has made a sharp impulse move and is now consolidating near the highs. A controlled pullback with quieter volume keeps the continuation setup alive. Secondary patterns: Possible inverse H&S.,Strengthening,5.02
AIIL,Authum Investment & Infrastructure Ltd.,AIIL.NS,Financial Services,True,,NIFTY 500,^CRSLDX,2026-08-24,554.9,0.48,0.62,0.58,158585.0,506421.0,0.31,87998820.37,50.9,49.33,False,False,True,True,True,-1.07,2.23,-1.06,False,False,False,False,-6.75,0.02360097,0.02330264,1.28,-0.95,True,0.6666666666666666,0.0,0.31,5.1,Actionable watch,Breakout retest,"breakout, retest, pivot, volume, flag, continuation, uptrend, inverse-head-and-shoulders, base, reversal",522.62,2026-06-12,48.34,5.43,,,,"Prior resistance has been cleared on higher volume and price is back near that pivot. This is the kind of retest zone where follow-through can matter more than chasing a stretched candle. Secondary patterns: Bullish flag, Possible inverse H&S.",Setup watch: Breakout retest,5.01
BDL,Bharat Dynamics Ltd.,BDL.NS,Capital Goods,True,,NIFTY 500,^CRSLDX,2026-08-24,1368.0,0.66,-0.87,8.88,924980.0,1795821.0,0.52,1265372640.0,58.04,64.83,True,True,True,True,True,4.06,3.64,-1.42,False,False,False,False,13.74,0.05818367,0.05646078,3.05,7.22,True,0.3333333333333333,0.0,0.52,-2.0,Risk review,Head-and-shoulders risk,"head-and-shoulders, risk, distribution, inverse-head-and-shoulders, base, reversal",1315.85,,,3.96,,,1315.85,"A possible head-and-shoulders top is forming or breaking. This is a caution signal, not an entry setup. Secondary patterns: Possible inverse H&S.",Risk review,5.0
OIL,Oil India Ltd.,OIL.NS,Oil Gas & Consumable Fuels,True,,NIFTY 500,^CRSLDX,2026-08-24,477.0,0.42,0.5,7.92,891500.0,3090178.0,0.29,425245500.0,60.35,62.65,True,True,True,True,True,3.16,7.98,1.16,False,False,False,False,-0.11,0.02028773,0.01894379,7.09,6.27,True,0.6666666666666666,0.0,0.29,-2.0,Risk review,Head-and-shoulders risk,"head-and-shoulders, risk, distribution, inverse-head-and-shoulders, base, reversal",460.22,,,3.64,,,460.22,"A possible head-and-shoulders top is forming or breaking. This is a caution signal, not an entry setup. Secondary patterns: Possible inverse H&S.",Risk review,5.0
IDBI,IDBI Bank Ltd.,IDBI.NS,Financial Services,True,,NIFTY 500,^CRSLDX,2026-08-24,87.93,6.92,7.0,4.08,72726028.0,7436646.0,9.78,6394799664.23,66.3,42.93,True,True,True,True,False,5.38,4.39,-1.36,False,True,False,False,4.87,0.00373983,0.00360376,3.78,2.5,True,0.3333333333333333,0.5,9.78,0.0,No clear setup,,,,,,,,,,,Strengthening with volume,5.0
PFIZER,Pfizer Ltd.,PFIZER.NS,Healthcare,True,,NIFTY 500,^CRSLDX,2026-08-24,4881.5,-1.94,1.09,4.03,20406.0,63119.0,0.32,99611889.0,54.97,54.39,False,True,True,True,True,0.09,4.85,-0.7,False,False,False,False,-5.11,0.20761959,0.19960043,4.02,2.44,True,0.3333333333333333,0.0,0.32,0.0,No clear setup,,,,,,,,,,,Strengthening,4.99
JMFINANCIL,JM Financial Ltd.,JMFINANCIL.NS,Financial Services,True,,NIFTY 500,^CRSLDX,2026-08-24,129.5,0.98,1.24,4.13,3324852.0,3718075.0,0.89,430568334.0,56.59,54.34,True,True,True,True,False,2.67,2.83,-3.03,False,False,False,False,2.6,0.00550788,0.00539748,2.05,2.54,True,0.3333333333333333,0.0,0.89,2.2,Watch,Possible inverse H&S,"inverse-head-and-shoulders, base, reversal",135.06,,,4.12,,,135.06,A possible inverse head-and-shoulders base is visible. The setup improves only if price clears or holds near the neckline with better volume.,Strengthening,4.98
PNB,Punjab National Bank,PNB.NS,Financial Services,True,,NIFTY 500,^CRSLDX,2026-08-24,115.86,-0.59,-1.24,3.8,10612546.0,12956510.0,0.82,1229569586.04,57.07,66.01,False,True,True,True,True,0.72,4.9,0.01,False,False,False,False,-1.45,0.00492775,0.00473464,4.08,2.22,True,0.6666666666666666,0.0,0.82,0.0,No clear setup,,,,,,,,,,,Strengthening,4.94
MCX,Multi Commodity Exchange of India Ltd.,MCX.NS,Financial Services,True,,NIFTY 500,^CRSLDX,2026-08-24,3268.0,2.61,11.42,18.62,3395184.0,2748800.0,1.24,11095461312.0,72.33,60.22,True,True,True,True,True,14.61,15.47,4.13,False,True,False,False,22.9,0.13899433,0.12140539,14.49,16.81,True,1.0,0.5,1.24,0.0,No clear setup,,,,,,,,,,,Strengthening,4.9
TEGA,Tega Industries Ltd.,TEGA.NS,Capital Goods,True,,NIFTY 500,^CRSLDX,2026-08-24,1704.3,-2.23,-2.28,12.83,246727.0,247402.0,1.0,420496838.15,56.17,67.33,False,True,True,True,False,4.44,2.72,-1.64,False,False,False,False,23.1,0.07248716,0.07119364,1.82,11.11,True,0.3333333333333333,0.0,1.0,0.0,No clear setup,,,,,,,,,,,Strengthening,4.9
COCHINSHIP,Cochin Shipyard Ltd.,COCHINSHIP.NS,Capital Goods,True,,NIFTY 500,^CRSLDX,2026-08-24,1514.0,2.26,3.86,7.97,850559.0,1068846.0,0.8,1287746326.0,60.33,50.3,True,True,True,True,False,3.22,4.24,-2.02,False,False,False,False,8.74,0.06439334,0.06222725,3.48,6.32,True,0.3333333333333333,0.0,0.8,0.0,No clear setup,,,,,,,,,,,Strengthening,4.9
NYKAA,FSN E-Commerce Ventures Ltd.,NYKAA.NS,Consumer Services,True,,NIFTY 500,^CRSLDX,2026-08-24,330.3,-1.11,0.99,1.09,2231678.0,6777269.0,0.33,737123216.16,53.77,51.69,True,False,True,True,True,-0.2,3.1,2.79,False,False,False,False,-7.92,0.01404829,0.0137079,2.48,-0.46,True,1.0,0.0,0.33,3.41,Actionable watch,Bullish flag,"flag, continuation, uptrend",344.9,2026-08-03,0.87,,7.68,32.53,,Price has made a sharp impulse move and is now consolidating near the highs. A controlled pullback with quieter volume keeps the continuation setup alive.,Setup watch: Bullish flag,4.9
HEXT,Hexaware Technologies Ltd.,HEXT.NS,Information Technology,True,,NIFTY 500,^CRSLDX,2026-08-24,562.5,5.64,0.27,-0.08,2704723.0,1056828.0,2.56,1521406687.5,52.12,50.47,True,False,True,True,False,-0.51,3.05,-2.3,False,False,False,False,-9.27,0.02392421,0.02339976,2.24,-1.6,True,0.3333333333333333,0.0,2.56,5.1,Actionable watch,Breakout retest,"breakout, retest, pivot, volume, flag, continuation, uptrend",558.12,2026-07-28,8.52,0.78,,,,Prior resistance has been cleared on higher volume and price is back near that pivot. This is the kind of retest zone where follow-through can matter more than chasing a stretched candle. Secondary patterns: Bullish flag.,Setup watch: Breakout retest,4.88
FSL,Firstsource Solutions Ltd.,FSL.NS,Services,True,,NIFTY 500,^CRSLDX,2026-08-24,272.5,-1.29,1.77,3.92,503513.0,6547375.0,0.08,137207292.5,48.41,45.34,True,False,True,True,False,-4.81,3.13,-1.53,False,False,False,False,-8.35,0.01158995,0.01132382,2.35,2.33,True,0.3333333333333333,0.0,0.08,4.7,Actionable watch,Breakout retest,"breakout, retest, pivot, volume",275.62,2026-07-29,31.92,1.13,,,,Prior resistance has been cleared on higher volume and price is back near that pivot. This is the kind of retest zone where follow-through can matter more than chasing a stretched candle.,Strengthening,4.87
AWL,AWL Agri Business Ltd.,AWL.NS,Fast Moving Consumer Goods,True,,NIFTY 500,^CRSLDX,2026-08-24,193.88,3.06,0.28,3.33,8388953.0,3112832.0,2.69,1626450248.6,55.85,54.28,True,True,True,True,False,1.17,2.51,-3.53,False,False,False,False,-0.29,0.00824609,0.00811554,1.61,1.75,True,0.3333333333333333,0.0,2.69,0.0,No clear setup,,,,,,,,,,,Strengthening with volume,4.85
RITES,RITES Ltd.,RITES.NS,Construction,True,,NIFTY 500,^CRSLDX,2026-08-24,220.14,0.94,-0.71,1.99,360800.0,732690.0,0.49,79426511.78,50.17,51.16,False,False,True,True,True,-0.48,0.96,-1.0,False,False,False,False,-4.23,0.00936298,0.00934673,0.17,0.43,True,0.6666666666666666,0.0,0.49,2.72,Actionable watch,Possible inverse H&S,"inverse-head-and-shoulders, base, reversal",219.38,,,0.35,,,219.38,A possible inverse head-and-shoulders base is visible. The setup improves only if price clears or holds near the neckline with better volume.,Strengthening,4.84
INFY,Infosys Ltd.,INFY.NS,Information Technology,True,,NIFTY 500,^CRSLDX,2026-08-24,1130.0,0.8,-0.87,4.71,8563565.0,11441605.0,0.75,9676828450.0,49.48,51.0,False,False,True,False,False,-1.99,2.7,-2.19,False,False,False,False,-0.3,0.04806108,0.04724208,1.73,3.11,True,0.3333333333333333,0.0,0.75,3.26,Watch,Bullish flag,"flag, continuation, uptrend",1190.7,2026-08-11,0.56,,7.03,20.85,,Price has made a sharp impulse move and is now consolidating near the highs. A controlled pullback with quieter volume keeps the continuation setup alive.,Strengthening,4.76
SAREGAMA,Saregama India Ltd,SAREGAMA.NS,Media Entertainment & Publication,True,,NIFTY 500,^CRSLDX,2026-08-24,510.05,0.69,-2.55,-0.93,692263.0,906633.0,0.76,353088734.7,49.02,53.75,False,False,True,True,True,-2.63,2.04,1.85,False,False,False,False,-4.96,0.02169341,0.02140818,1.33,-2.44,True,1.0,0.0,0.76,4.69,Actionable watch,Breakout retest,"breakout, retest, pivot, volume, flag, continuation, uptrend, inverse-head-and-shoulders, base, reversal",510.9,2026-07-28,2.38,0.17,,,,"Prior resistance has been cleared on higher volume and price is back near that pivot. This is the kind of retest zone where follow-through can matter more than chasing a stretched candle. Secondary patterns: Bullish flag, Possible inverse H&S.",Setup watch: Breakout retest,4.71
BHEL,Bharat Heavy Electricals Ltd.,BHEL.NS,Capital Goods,True,,NIFTY 500,^CRSLDX,2026-08-24,411.4,-0.39,-5.63,-1.09,4432180.0,7651325.0,0.58,1823398824.95,49.08,65.96,False,False,True,True,True,-0.41,0.97,5.5,False,False,False,False,-2.79,0.01749763,0.01745233,0.26,-2.6,True,1.0,0.0,0.58,4.41,Actionable watch,Breakout retest,"breakout, retest, pivot, volume",422.26,2026-08-17,1.81,2.57,,,,Prior resistance has been cleared on higher volume and price is back near that pivot. This is the kind of retest zone where follow-through can matter more than chasing a stretched candle.,Setup watch: Breakout retest,4.68
MEDANTA,Global Health Ltd.,MEDANTA.NS,Healthcare,True,,NIFTY 500,^CRSLDX,2026-08-24,1405.5,-0.3,-0.68,-0.09,92476.0,245536.0,0.38,129975018.0,51.21,54.33,False,False,True,True,True,-1.3,3.13,0.6,False,False,False,False,-8.75,0.05977862,0.05833787,2.47,-1.61,True,1.0,0.0,0.38,3.4,Actionable watch,Possible inverse H&S,"inverse-head-and-shoulders, base, reversal, flag, continuation, uptrend",1216.85,,,15.5,,,1216.85,A possible inverse head-and-shoulders base is visible. The setup improves only if price clears or holds near the neckline with better volume. Secondary patterns: Bullish flag.,Setup watch: Possible inverse H&S,4.67
PCBL,PCBL Chemical Ltd.,PCBL.NS,Chemicals,True,,NIFTY 500,^CRSLDX,2026-08-24,321.2,1.15,1.82,-0.14,1336629.0,3562141.0,0.38,429325251.12,51.37,48.79,True,False,True,True,True,-0.35,1.55,-1.32,False,False,False,False,-3.06,0.01366125,0.0135475,0.84,-1.67,True,0.6666666666666666,0.0,0.38,3.43,Watch,Breakout retest,"breakout, retest, pivot, volume, flag, continuation, uptrend, inverse-head-and-shoulders, base, reversal",321.83,2026-07-21,1.47,0.2,,,,"Prior resistance has been cleared on higher volume and price is back near that pivot. This is the kind of retest zone where follow-through can matter more than chasing a stretched candle. Secondary patterns: Bullish flag, Possible inverse H&S.",Setup watch: Breakout retest,4.67
ANANTRAJ,Anant Raj Ltd.,ANANTRAJ.NS,Realty,True,,NIFTY 500,^CRSLDX,2026-08-24,614.6,-1.66,-2.06,-0.21,1019514.0,2000333.0,0.51,626593279.51,52.49,62.05,False,False,True,True,True,-0.98,5.64,-0.5,False,False,False,False,-21.02,0.02614012,0.02494458,4.79,-1.73,True,0.6666666666666666,0.0,0.51,3.4,Actionable watch,Possible inverse H&S,"inverse-head-and-shoulders, base, reversal",586.62,,,4.77,,,586.62,A possible inverse head-and-shoulders base is visible. The setup improves only if price clears or holds near the neckline with better volume.,Setup watch: Possible inverse H&S,4.64
CHOICEIN,Choice International Ltd.,CHOICEIN.NS,Financial Services,True,,NIFTY 500,^CRSLDX,2026-08-24,797.65,-1.35,-0.77,-0.29,371066.0,495773.0,0.75,295980803.96,45.91,49.13,False,False,True,True,True,-2.07,0.99,-0.0,False,False,False,False,-8.46,0.03392559,0.03383686,0.26,-1.81,True,0.6666666666666666,0.0,0.75,3.4,Actionable watch,Possible inverse H&S,"inverse-head-and-shoulders, base, reversal, flag, continuation, uptrend",775.2,,,2.9,,,775.2,A possible inverse head-and-shoulders base is visible. The setup improves only if price clears or holds near the neckline with better volume. Secondary patterns: Bullish flag.,Setup watch: Possible inverse H&S,4.63
CRISIL,CRISIL Ltd.,CRISIL.NS,Financial Services,True,,NIFTY 500,^CRSLDX,2026-08-24,4478.2,-0.8,-0.23,-0.18,23902.0,42070.0,0.57,107037941.07,54.73,57.05,False,False,True,True,True,-0.03,4.78,-0.63,False,False,False,False,-11.29,0.19046648,0.18310988,4.02,-1.7,True,0.3333333333333333,0.0,0.57,3.25,Watch,Bullish flag,"flag, continuation, uptrend, inverse-head-and-shoulders, base, reversal",4635.4,2026-08-10,0.46,,5.32,20.39,,Price has made a sharp impulse move and is now consolidating near the highs. A controlled pullback with quieter volume keeps the continuation setup alive. Secondary patterns: Possible inverse H&S.,Setup watch: Bullish flag,4.6
LENSKART,Lenskart Solutions Ltd.,LENSKART.NS,Consumer Services,True,,NIFTY 500,^CRSLDX,2026-08-24,659.75,-0.25,8.58,15.34,7775057.0,7274137.0,1.07,5129593855.75,82.61,72.96,True,True,True,True,,10.84,18.52,,False,False,True,False,1.25,0.02806044,0.02384874,17.66,13.58,True,0.3333333333333333,0.5,1.07,3.4,Actionable watch,Possible inverse H&S,"inverse-head-and-shoulders, base, reversal",540.15,,,22.14,,,540.15,A possible inverse head-and-shoulders base is visible. The setup improves only if price clears or holds near the neckline with better volume.,Strengthening,4.59
TECHM,Tech Mahindra Ltd.,TECHM.NS,Information Technology,True,,NIFTY 500,^CRSLDX,2026-08-24,1584.0,0.0,-1.61,0.57,2197040.0,2924015.0,0.75,3480111360.0,48.62,55.6,False,False,True,True,True,-2.66,3.94,1.53,False,False,False,False,-12.92,0.06737057,0.0653026,3.17,-0.96,True,1.0,0.0,0.75,2.77,Actionable watch,Possible inverse H&S,"inverse-head-and-shoulders, base, reversal, flag, continuation, uptrend",1576.05,,,0.5,,,1576.05,A possible inverse head-and-shoulders base is visible. The setup improves only if price clears or holds near the neckline with better volume. Secondary patterns: Bullish flag.,Setup watch: Possible inverse H&S,4.58
MRPL,Mangalore Refinery & Petrochemicals Ltd.,MRPL.NS,Oil Gas & Consumable Fuels,True,,NIFTY 500,^CRSLDX,2026-08-24,173.84,-1.68,-1.87,7.12,5224111.0,12948953.0,0.4,908159437.11,53.38,57.55,False,True,True,True,True,1.37,5.97,1.37,False,False,False,False,-2.58,0.00739375,0.0070444,4.96,5.48,True,0.6666666666666666,0.0,0.4,-3.0,Risk review,Head-and-shoulders risk,"head-and-shoulders, risk, distribution, flag, continuation, uptrend",176.7,,,1.62,,,176.7,"A possible head-and-shoulders top is forming or breaking. This is a caution signal, not an entry setup. Secondary patterns: Bullish flag.",Risk review,4.55
ECLERX,eClerx Services Ltd.,ECLERX.NS,Services,True,,NIFTY 500,^CRSLDX,2026-08-24,1822.8,0.39,-1.36,0.67,126544.0,218361.0,0.58,230664409.38,52.1,54.48,False,False,True,True,True,-1.61,7.85,-1.83,False,False,False,False,-34.65,0.0775272,0.07241669,7.06,-0.87,True,0.3333333333333333,0.0,0.58,2.4,Actionable watch,Possible inverse H&S,"inverse-head-and-shoulders, base, reversal",1833.75,,,0.6,,,1833.75,A possible inverse head-and-shoulders base is visible. The setup improves only if price clears or holds near the neckline with better volume.,Setup watch: Possible inverse H&S,4.47
GODREJPROP,Godrej Properties Ltd.,GODREJPROP.NS,Realty,True,,NIFTY 500,^CRSLDX,2026-08-24,2039.9,0.24,-0.69,-1.4,261810.0,595827.0,0.44,534066225.39,50.7,51.48,True,False,True,True,True,-1.01,1.83,-0.78,False,False,False,False,-15.74,0.08676088,0.0857971,1.12,-2.9,True,0.6666666666666666,0.0,0.44,3.42,Actionable watch,Bullish flag,"flag, continuation, uptrend, inverse-head-and-shoulders, base, reversal",2156.0,2026-07-29,0.76,,9.44,33.9,,Price has made a sharp impulse move and is now consolidating near the highs. A controlled pullback with quieter volume keeps the continuation setup alive. Secondary patterns: Possible inverse H&S.,Setup watch: Bullish flag,4.42
ANURAS,Anupam Rasayan India Ltd.,ANURAS.NS,Chemicals,True,,NIFTY 500,^CRSLDX,2026-08-24,1255.5,0.95,4.9,2.63,601280.0,291815.0,2.06,754907040.0,62.54,28.59,True,True,True,False,False,3.17,0.65,0.97,False,True,False,False,5.73,0.05339883,0.05348818,-0.17,1.07,False,0.6666666666666666,0.5,2.06,0.0,No clear setup,,,,,,,,,,,Mean reversion bounce,4.41
WIPRO,Wipro Ltd.,WIPRO.NS,Information Technology,True,,NIFTY 500,^CRSLDX,2026-08-24,181.31,0.29,-0.32,1.56,9437935.0,12484267.0,0.76,1711191971.81,49.95,50.19,False,False,True,False,False,-1.3,1.85,-2.41,False,False,False,False,-2.21,0.00771146,0.00763677,0.98,0.01,True,0.3333333333333333,0.0,0.76,4.65,Actionable watch,Breakout retest,"breakout, retest, pivot, volume",179.32,2026-07-29,1.5,0.69,,,,Prior resistance has been cleared on higher volume and price is back near that pivot. This is the kind of retest zone where follow-through can matter more than chasing a stretched candle.,Strengthening,4.4
MUTHOOTFIN,Muthoot Finance Ltd.,MUTHOOTFIN.NS,Financial Services,True,,NIFTY 500,^CRSLDX,2026-08-24,3209.0,6.19,11.1,6.05,3267822.0,1494325.0,2.19,10486440798.0,67.66,42.61,True,True,True,True,False,9.05,6.47,-0.72,False,True,False,False,4.94,0.13648495,0.12938368,5.49,4.43,True,0.3333333333333333,0.5,2.19,-3.0,Risk review,Head-and-shoulders risk,"head-and-shoulders, risk, distribution",3385.25,,,5.21,,,3385.25,"A possible head-and-shoulders top is forming or breaking. This is a caution signal, not an entry setup.",Risk review,4.34
ENRIN,Siemens Energy India Ltd.,ENRIN.NS,Capital Goods,True,,NIFTY 500,^CRSLDX,2026-08-24,3485.7,1.46,-3.33,6.77,482239.0,795571.0,0.61,1680940458.75,52.28,60.36,False,True,True,True,True,2.08,0.19,0.79,False,False,False,False,14.66,0.14825353,0.14908403,-0.56,5.14,False,1.0,0.0,0.61,0.0,No clear setup,,,,,,,,,,,Neutral / watch,4.33
NEWGEN,Newgen Software Technologies Ltd.,NEWGEN.NS,Information Technology,True,,NIFTY 500,^CRSLDX,2026-08-24,528.4,1.09,-1.21,4.37,1232938.0,1697364.0,0.73,651484469.3,48.76,50.28,False,False,True,True,False,-2.7,2.45,-5.8,False,False,False,False,-5.84,0.02247387,0.02210121,1.69,2.77,True,0.3333333333333333,0.0,0.73,2.2,Actionable watch,Possible inverse H&S,"inverse-head-and-shoulders, base, reversal",536.0,,,1.42,,,536.0,A possible inverse head-and-shoulders base is visible. The setup improves only if price clears or holds near the neckline with better volume.,Strengthening,4.32
KPRMILL,K.P.R. Mill Ltd.,KPRMILL.NS,Textiles,True,,NIFTY 500,^CRSLDX,2026-08-24,1112.3,-3.41,-2.05,5.33,194417.0,269274.0,0.72,216250038.59,52.21,60.96,False,True,False,True,True,1.96,-0.11,0.53,False,False,False,False,10.81,0.04730826,0.04763129,-0.68,3.72,False,0.6666666666666666,0.0,0.72,3.4,Actionable watch,Possible inverse H&S,"inverse-head-and-shoulders, base, reversal",988.93,,,12.48,,,988.93,A possible inverse head-and-shoulders base is visible. The setup improves only if price clears or holds near the neckline with better volume.,Setup watch: Possible inverse H&S,4.23
APLAPOLLO,APL Apollo Tubes Ltd.,APLAPOLLO.NS,Capital Goods,True,,NIFTY 500,^CRSLDX,2026-08-24,2145.0,0.28,3.06,15.95,246967.0,711662.0,0.35,529744215.0,77.44,72.91,True,True,True,True,True,7.05,13.37,1.29,False,True,False,False,11.38,0.09123098,0.08112617,12.46,14.18,True,0.6666666666666666,0.5,0.35,0.0,No clear setup,,,,,,,,,,,Strengthening,4.2
CGCL,Capri Global Capital Ltd.,CGCL.NS,Financial Services,True,,NIFTY 500,^CRSLDX,2026-08-24,234.32,4.59,3.57,-4.07,9069754.0,4413114.0,2.06,2125224823.71,53.11,44.4,True,True,True,True,True,2.11,0.43,1.69,False,False,False,False,-17.56,0.00996608,0.01000057,-0.34,-5.54,False,1.0,0.0,2.06,3.4,Actionable watch,Possible inverse H&S,"inverse-head-and-shoulders, base, reversal",198.38,,,18.11,,,198.38,A possible inverse head-and-shoulders base is visible. The setup improves only if price clears or holds near the neckline with better volume.,Setup watch: Possible inverse H&S,4.18
TORNTPHARM,Torrent Pharmaceuticals Ltd.,TORNTPHARM.NS,Healthcare,True,,NIFTY 500,^CRSLDX,2026-08-24,4886.5,-0.2,-0.28,-2.65,151541.0,509192.0,0.3,740505096.5,48.02,50.28,False,False,True,True,True,-1.14,1.1,3.4,False,False,False,False,-11.19,0.20783225,0.20718561,0.31,-4.13,True,1.0,0.0,0.3,3.4,Actionable watch,Possible inverse H&S,"inverse-head-and-shoulders, base, reversal",4519.0,,,8.13,,,4519.0,A possible inverse head-and-shoulders base is visible. The setup improves only if price clears or holds near the neckline with better volume.,Setup watch: Possible inverse H&S,4.16
SUMICHEM,Sumitomo Chemical India Ltd.,SUMICHEM.NS,Chemicals,True,,NIFTY 500,^CRSLDX,2026-08-24,523.45,-2.09,-6.49,-2.86,205983.0,560123.0,0.37,107821803.86,46.84,62.61,False,False,True,True,True,-2.19,3.71,0.46,False,False,False,False,-32.13,0.02226334,0.02166453,2.76,-4.34,True,1.0,0.0,0.37,3.44,Actionable watch,Bullish flag,"flag, continuation, uptrend, inverse-head-and-shoulders, base, reversal",564.95,2026-08-14,0.19,,8.28,34.87,,Price has made a sharp impulse move and is now consolidating near the highs. A controlled pullback with quieter volume keeps the continuation setup alive. Secondary patterns: Possible inverse H&S.,Setup watch: Bullish flag,4.14
SAGILITY,Sagility Ltd.,SAGILITY.NS,Information Technology,True,,NIFTY 500,^CRSLDX,2026-08-24,43.23,-0.28,1.96,0.09,14066202.0,22060192.0,0.64,608081906.02,54.39,48.57,True,False,True,True,False,-0.28,3.5,-1.0,False,False,False,False,-10.56,0.00183866,0.00179013,2.71,-1.44,True,0.3333333333333333,0.0,0.64,4.42,Actionable watch,Breakout retest,"breakout, retest, pivot, volume",43.23,2026-07-29,1.85,0.0,,,,Prior resistance has been cleared on higher volume and price is back near that pivot. This is the kind of retest zone where follow-through can matter more than chasing a stretched candle.,Setup watch: Breakout retest,4.11
NMDC,NMDC Ltd.,NMDC.NS,Metals & Mining,True,,NIFTY 500,^CRSLDX,2026-08-24,85.9,1.52,0.47,2.85,28661435.0,19349935.0,1.48,2462017310.23,54.81,52.14,True,True,True,False,True,1.15,1.03,1.42,False,False,False,False,4.19,0.00365349,0.00364869,0.13,1.28,True,1.0,0.0,1.48,-2.0,Risk review,Head-and-shoulders risk,"head-and-shoulders, risk, distribution",84.94,,,1.12,,,84.94,"A possible head-and-shoulders top is forming or breaking. This is a caution signal, not an entry setup.",Risk review,4.06
ICICIAMC,ICICI Prudential Asset Management Company Ltd.,ICICIAMC.NS,Financial Services,True,,NIFTY 500,^CRSLDX,2026-08-24,3230.0,-1.21,3.0,2.74,634321.0,296926.0,2.14,2048856830.0,56.68,50.98,True,True,True,True,,3.49,1.0,,False,False,False,False,6.02,0.13737812,0.1371021,0.2,1.17,True,0.3333333333333333,0.0,2.14,-2.0,Risk review,Head-and-shoulders risk,"head-and-shoulders, risk, distribution, breakout, retest, pivot, volume, inverse-head-and-shoulders, base, reversal",3119.15,,,3.55,,,3119.15,"A possible head-and-shoulders top is forming or breaking. This is a caution signal, not an entry setup. Secondary patterns: Breakout retest, Possible inverse H&S.",Risk review,4.03
ICICIBANK,ICICI Bank Ltd.,ICICIBANK.NS,Financial Services,True,,NIFTY 500,^CRSLDX,2026-08-24,1415.0,-0.35,-0.02,-1.3,5306686.0,10247834.0,0.52,7508960690.0,49.92,49.62,False,False,True,True,True,-0.79,0.92,0.48,False,False,False,False,-6.3,0.06018267,0.06005851,0.21,-2.8,True,1.0,0.0,0.52,2.2,Watch,Possible inverse H&S,"inverse-head-and-shoulders, base, reversal",1461.95,,,3.21,,,1461.95,A possible inverse head-and-shoulders base is visible. The setup improves only if price clears or holds near the neckline with better volume.,Setup watch: Possible inverse H&S,4.01
JBMA,JBM Auto Ltd.,JBMA.NS,Automobile and Auto Components,True,,NIFTY 500,^CRSLDX,2026-08-24,661.45,-1.85,6.45,-0.53,668910.0,898010.0,0.74,442450527.67,53.99,33.86,True,True,False,True,True,2.17,-1.51,-0.14,False,False,False,False,1.44,0.02813274,0.0287948,-2.3,-2.05,False,0.3333333333333333,0.0,0.74,3.4,Actionable watch,Possible inverse H&S,"inverse-head-and-shoulders, base, reversal",631.68,,,4.71,,,631.68,A possible inverse head-and-shoulders base is visible. The setup improves only if price clears or holds near the neckline with better volume.,Mean reversion bounce,3.98
HAVELLS,Havells India Ltd.,HAVELLS.NS,Consumer Durables,True,,NIFTY 500,^CRSLDX,2026-08-24,1268.5,0.04,-2.35,2.51,307725.0,857468.0,0.36,390349162.5,53.51,67.45,False,False,True,True,False,-0.6,3.58,-1.5,False,False,False,False,-5.37,0.05395175,0.05249067,2.78,0.95,True,0.3333333333333333,0.0,0.36,2.2,Watch,Possible inverse H&S,"inverse-head-and-shoulders, base, reversal",1295.9,,,2.11,,,1295.9,A possible inverse head-and-shoulders base is visible. The setup improves only if price clears or holds near the neckline with better volume.,Strengthening,3.96
HOMEFIRST,Home First Finance Company India Ltd.,HOMEFIRST.NS,Financial Services,True,,NIFTY 500,^CRSLDX,2026-08-24,1192.9,-0.07,1.1,0.88,131183.0,147148.0,0.89,156488203.9,52.69,47.97,True,True,True,True,True,0.88,0.2,-0.29,False,False,False,False,-1.24,0.05073633,0.05098018,-0.48,-0.66,False,0.6666666666666666,0.0,0.89,2.2,Watch,Possible inverse H&S,"inverse-head-and-shoulders, base, reversal",1252.35,,,4.75,,,1252.35,A possible inverse head-and-shoulders base is visible. The setup improves only if price clears or holds near the neckline with better volume.,Setup watch: Possible inverse H&S,3.94
VEDL,Vedanta Ltd.,VEDL.NS,Metals & Mining,True,,NIFTY 500,^CRSLDX,2026-08-24,277.0,-0.72,2.71,4.67,18917642.0,12441714.0,1.52,5240186834.0,53.45,45.78,True,True,True,False,False,2.29,1.03,-4.12,False,False,False,False,10.68,0.01178134,0.01178233,-0.01,3.07,False,0.3333333333333333,0.0,1.52,0.0,No clear setup,,,,,,,,,,,Neutral / watch,3.91
CIPLA,Cipla Ltd.,CIPLA.NS,Healthcare,True,,NIFTY 500,^CRSLDX,2026-08-24,1437.9,0.4,0.45,2.02,1220417.0,917755.0,1.33,1754837634.1,48.18,44.44,False,False,True,True,True,-1.13,0.04,-0.66,False,False,False,False,4.18,0.06115666,0.06157206,-0.67,0.47,False,0.6666666666666666,0.0,1.33,3.4,Actionable watch,Possible inverse H&S,"inverse-head-and-shoulders, base, reversal",1380.4,,,4.17,,,1380.4,A possible inverse head-and-shoulders base is visible. The setup improves only if price clears or holds near the neckline with better volume.,Setup watch: Possible inverse H&S,3.88
BLUEDART,Blue Dart Express Ltd.,BLUEDART.NS,Services,True,,NIFTY 500,^CRSLDX,2026-08-24,5053.5,-0.58,-1.4,-1.19,4920.0,47597.0,0.1,24863220.0,48.65,53.23,False,False,True,True,False,-1.64,1.08,-1.28,False,False,False,False,-6.93,0.21493509,0.2142589,0.32,-2.69,True,0.3333333333333333,0.0,0.1,4.7,Actionable watch,Breakout retest,"breakout, retest, pivot, volume",5064.75,2026-07-31,3.63,0.22,,,,Prior resistance has been cleared on higher volume and price is back near that pivot. This is the kind of retest zone where follow-through can matter more than chasing a stretched candle.,Setup watch: Breakout retest,3.86
TITAGARH,Titagarh Rail Systems Ltd.,TITAGARH.NS,Capital Goods,True,,NIFTY 500,^CRSLDX,2026-08-24,841.45,-0.25,2.5,3.11,539723.0,384139.0,1.41,454149924.94,49.73,43.18,True,True,False,True,True,0.21,-1.94,-0.6,False,False,False,False,9.23,0.03578849,0.03677445,-2.68,1.53,False,0.3333333333333333,0.0,1.41,3.4,Actionable watch,Possible inverse H&S,"inverse-head-and-shoulders, base, reversal",796.33,,,5.67,,,796.33,A possible inverse head-and-shoulders base is visible. The setup improves only if price clears or holds near the neckline with better volume.,Setup watch: Possible inverse H&S,3.8
TCS,Tata Consultancy Services Ltd.,TCS.NS,Information Technology,True,,NIFTY 500,^CRSLDX,2026-08-24,2284.1,-0.78,-1.26,-0.5,1541310.0,3452954.0,0.45,3520506321.52,46.45,48.86,False,False,True,False,False,-3.9,2.29,-2.03,False,False,False,False,-11.31,0.09714718,0.0957608,1.45,-2.02,True,0.3333333333333333,0.0,0.45,3.32,Watch,Bullish flag,"flag, continuation, uptrend",2473.7,2026-08-03,0.56,,9.54,25.45,,Price has made a sharp impulse move and is now consolidating near the highs. A controlled pullback with quieter volume keeps the continuation setup alive.,Setup watch: Bullish flag,3.76
MRF,MRF Ltd.,MRF.NS,Automobile and Auto Components,True,,NIFTY 500,^CRSLDX,2026-08-24,134365.0,1.28,1.01,1.78,5312.0,4281.0,1.24,713746880.0,55.67,52.05,True,True,True,True,False,0.82,1.75,-1.73,False,False,False,False,-5.68,5.71480217,5.66100394,0.95,0.22,True,0.3333333333333333,0.0,1.24,0.0,No clear setup,,,,,,,,,,,Strengthening,3.74
DCMSHRIRAM,DCM Shriram Ltd.,DCMSHRIRAM.NS,Diversified,True,,NIFTY 500,^CRSLDX,2026-08-24,1075.4,-0.62,5.6,4.51,184496.0,252602.0,0.73,198407002.9,64.07,48.36,True,True,True,False,False,4.13,4.43,-1.69,False,False,False,False,3.04,0.04573883,0.04415974,3.58,2.92,True,0.3333333333333333,0.0,0.73,-2.0,Risk review,Head-and-shoulders risk,"head-and-shoulders, risk, distribution",1035.1,,,3.89,,,1035.1,"A possible head-and-shoulders top is forming or breaking. This is a caution signal, not an entry setup.",Risk review,3.58
VMM,Vishal Mega Mart Ltd.,VMM.NS,Consumer Services,True,,NIFTY 500,^CRSLDX,2026-08-24,113.5,9.74,7.58,2.89,154577034.0,16067977.0,9.62,17544493359.0,59.61,35.76,True,True,True,False,False,5.3,0.81,-3.1,False,True,False,False,6.68,0.00482737,0.00483246,-0.11,1.32,False,0.3333333333333333,0.5,9.62,0.0,No clear setup,,,,,,,,,,,Neutral / watch,3.56
IGIL,International Gemological Institute Ltd.,IGIL.NS,Services,True,,NIFTY 500,^CRSLDX,2026-08-24,340.65,0.77,-3.36,4.1,458943.0,646228.0,0.71,156338930.15,46.54,53.68,False,False,False,False,True,-1.66,-1.97,0.28,False,False,False,False,9.02,0.0144885,0.01490859,-2.82,2.51,False,0.6666666666666666,0.0,0.71,4.67,Actionable watch,Breakout retest,"breakout, retest, pivot, volume, inverse-head-and-shoulders, base, reversal",343.47,2026-07-31,2.33,0.82,,,,Prior resistance has been cleared on higher volume and price is back near that pivot. This is the kind of retest zone where follow-through can matter more than chasing a stretched candle. Secondary patterns: Possible inverse H&S.,Setup watch: Breakout retest,3.5
ICICIPRULI,ICICI Prudential Life Insurance Company Ltd.,ICICIPRULI.NS,Financial Services,True,,NIFTY 500,^CRSLDX,2026-08-24,511.25,-0.73,0.84,0.28,774250.0,1427899.0,0.54,395835312.5,54.1,50.99,True,True,True,False,False,0.59,1.7,-1.51,False,False,False,False,-4.7,0.02174445,0.02154896,0.91,-1.25,True,0.3333333333333333,0.0,0.54,0.0,No clear setup,,,,,,,,,,,Neutral / watch,3.45
DALBHARAT,Dalmia Bharat Ltd.,DALBHARAT.NS,Construction Materials,True,,NIFTY 500,^CRSLDX,2026-08-24,1853.0,-1.44,0.49,1.45,361029.0,182621.0,1.98,668986737.0,54.32,56.72,False,True,True,True,False,0.78,3.31,-1.64,False,False,False,False,-6.8,0.07881166,0.07688911,2.5,-0.1,True,0.3333333333333333,0.0,1.98,-3.0,Risk review,Head-and-shoulders risk,"head-and-shoulders, risk, distribution, breakout, retest, pivot, volume",1904.3,,,2.69,,,1904.3,"A possible head-and-shoulders top is forming or breaking. This is a caution signal, not an entry setup. Secondary patterns: Breakout retest.",Risk review,3.43
INDHOTEL,Indian Hotels Co. Ltd.,INDHOTEL.NS,Consumer Services,True,,NIFTY 500,^CRSLDX,2026-08-24,728.9,-0.15,1.24,-0.66,952308.0,1524289.0,0.62,694137324.45,50.82,44.21,True,False,True,True,True,-0.47,0.11,-0.01,False,False,False,False,-5.27,0.03100152,0.03118698,-0.59,-2.18,False,0.6666666666666666,0.0,0.62,3.4,Actionable watch,Possible inverse H&S,"inverse-head-and-shoulders, base, reversal",710.05,,,2.65,,,710.05,A possible inverse head-and-shoulders base is visible. The setup improves only if price clears or holds near the neckline with better volume.,Setup watch: Possible inverse H&S,3.35
ELECON,Elecon Engineering Co. Ltd.,ELECON.NS,Capital Goods,True,,NIFTY 500,^CRSLDX,2026-08-24,438.55,-2.88,0.07,3.5,351568.0,419773.0,0.84,154180142.11,45.56,43.5,False,True,False,False,False,0.93,-7.83,-2.57,False,False,False,False,21.42,0.01865238,0.02044649,-8.77,1.93,False,0.3333333333333333,0.0,0.84,4.88,Actionable watch,Breakout retest,"breakout, retest, pivot, volume",435.75,2026-08-20,1.97,0.06,,,,Prior resistance has been cleared on higher volume and price is back near that pivot. This is the kind of retest zone where follow-through can matter more than chasing a stretched candle.,Setup watch: Breakout retest,3.29
GABRIEL,Gabriel India Ltd.,GABRIEL.NS,Automobile and Auto Components,True,,NIFTY 500,^CRSLDX,2026-08-24,1358.9,-4.34,-5.8,-5.29,370550.0,322536.0,1.15,503540404.05,42.82,53.19,False,False,True,True,True,-6.99,0.71,1.87,False,False,False,False,-18.74,0.05779663,0.05774628,0.09,-6.74,True,1.0,0.0,1.15,5.1,Actionable watch,Breakout retest,"breakout, retest, pivot, volume, flag, continuation, uptrend, high-tight, inverse-head-and-shoulders, base, reversal",1288.65,2026-07-15,5.49,4.85,,,,"Prior resistance has been cleared on higher volume and price is back near that pivot. This is the kind of retest zone where follow-through can matter more than chasing a stretched candle. Secondary patterns: High-tight flag, Possible inverse H&S.",Setup watch: Breakout retest,3.2
AMBER,Amber Enterprises India Ltd.,AMBER.NS,Consumer Durables,True,,NIFTY 500,^CRSLDX,2026-08-24,7378.0,0.38,1.64,1.34,472805.0,329996.0,1.43,3488355290.0,50.6,45.17,True,True,False,False,True,1.03,-1.87,-1.23,False,False,False,False,2.23,0.31380055,0.32240549,-2.67,-0.21,False,0.3333333333333333,0.0,1.43,2.2,Actionable watch,Possible inverse H&S,"inverse-head-and-shoulders, base, reversal",7483.25,,,1.41,,,7483.25,A possible inverse head-and-shoulders base is visible. The setup improves only if price clears or holds near the neckline with better volume.,Setup watch: Possible inverse H&S,3.03
MMTC,MMTC Ltd.,MMTC.NS,Services,True,,NIFTY 500,^CRSLDX,2026-08-24,64.61,-1.18,1.25,4.78,1292281.0,3562364.0,0.36,83494276.2,51.85,48.69,True,True,False,False,True,1.66,-1.74,-0.75,False,False,False,False,11.42,0.00274799,0.0028213,-2.6,3.19,False,0.3333333333333333,0.0,0.36,0.0,No clear setup,,,,,,,,,,,Neutral / watch,2.94
SHYAMMETL,Shyam Metalics and Energy Ltd.,SHYAMMETL.NS,Capital Goods,True,,NIFTY 500,^CRSLDX,2026-08-24,1001.0,1.63,1.43,-3.04,181837.0,404340.0,0.45,182018837.0,50.84,45.08,True,False,True,True,True,-0.36,0.99,1.13,False,False,False,False,-12.71,0.04257446,0.04251433,0.14,-4.52,True,1.0,0.0,0.45,0.0,No clear setup,,,,,,,,,,,Neutral / watch,2.9
WOCKPHARMA,Wockhardt Ltd.,WOCKPHARMA.NS,Healthcare,True,,NIFTY 500,^CRSLDX,2026-08-24,1901.0,0.78,0.12,1.92,305306.0,651837.0,0.47,580386706.0,49.92,47.79,True,False,False,True,True,-1.14,-0.91,3.81,False,False,False,False,5.33,0.08085319,0.08220744,-1.65,0.36,False,0.6666666666666666,0.0,0.47,3.4,Actionable watch,Possible inverse H&S,"inverse-head-and-shoulders, base, reversal",1530.5,,,24.21,,,1530.5,A possible inverse head-and-shoulders base is visible. The setup improves only if price clears or holds near the neckline with better volume.,Setup watch: Possible inverse H&S,2.86
SUNPHARMA,Sun Pharmaceutical Industries Ltd.,SUNPHARMA.NS,Healthcare,True,,NIFTY 500,^CRSLDX,2026-08-24,1910.0,0.4,1.49,-3.23,2317965.0,2188898.0,1.06,4427313150.0,45.72,34.87,False,False,False,True,True,-1.51,-0.23,1.55,False,False,False,False,-9.56,0.08123598,0.0820243,-0.96,-4.7,False,0.6666666666666666,0.0,1.06,3.4,Actionable watch,Possible inverse H&S,"inverse-head-and-shoulders, base, reversal",1799.4,,,6.15,,,1799.4,A possible inverse head-and-shoulders base is visible. The setup improves only if price clears or holds near the neckline with better volume.,Mean reversion bounce,2.75
BANDHANBNK,Bandhan Bank Ltd.,BANDHANBNK.NS,Financial Services,True,,NIFTY 500,^CRSLDX,2026-08-24,173.9,-0.69,0.38,3.53,13815542.0,8571335.0,1.61,2402522669.48,44.3,40.82,True,True,False,False,True,0.93,-8.21,0.52,False,False,False,False,18.76,0.0073963,0.0081356,-9.09,1.95,False,0.6666666666666666,0.0,1.61,0.0,No clear setup,,,,,,,,,,,Neutral / watch,2.69
RELIANCE,Reliance Industries Ltd.,RELIANCE.NS,Oil Gas & Consumable Fuels,True,,NIFTY 500,^CRSLDX,2026-08-24,1309.8,-0.47,-0.47,2.33,7263024.0,10405702.0,0.7,9513109189.84,49.94,52.55,False,True,True,False,False,0.03,0.24,-0.88,False,False,False,False,3.03,0.05570832,0.05601451,-0.55,0.77,False,0.3333333333333333,0.0,0.7,0.0,No clear setup,,,,,,,,,,,Neutral / watch,2.65
LICI,Life Insurance Corporation of India,LICI.NS,Financial Services,True,,NIFTY 500,^CRSLDX,2026-08-24,421.85,-0.09,2.89,-0.59,10847474.0,19156763.0,0.57,4576006973.11,55.45,47.11,True,True,False,True,True,2.51,-0.04,-0.66,False,False,False,False,0.15,0.01794209,0.01807587,-0.74,-2.11,False,0.3333333333333333,0.0,0.57,2.2,Watch,Possible inverse H&S,"inverse-head-and-shoulders, base, reversal",441.09,,,4.36,,,441.09,A possible inverse head-and-shoulders base is visible. The setup improves only if price clears or holds near the neckline with better volume.,Setup watch: Possible inverse H&S,2.65
BATAINDIA,Bata India Ltd.,BATAINDIA.NS,Consumer Durables,True,,NIFTY 500,^CRSLDX,2026-08-24,686.25,-2.11,-6.37,2.77,526108.0,747002.0,0.7,361041615.0,47.71,68.91,False,False,True,True,False,-1.41,1.14,-4.81,False,False,False,False,1.39,0.02918753,0.02905758,0.45,1.21,True,0.3333333333333333,0.0,0.7,-2.0,Risk review,Head-and-shoulders risk,"head-and-shoulders, risk, distribution",657.95,,,4.3,,,657.95,"A possible head-and-shoulders top is forming or breaking. This is a caution signal, not an entry setup.",Risk review,2.54
HDFCAMC,HDFC Asset Management Company Ltd.,HDFCAMC.NS,Financial Services,True,,NIFTY 500,^CRSLDX,2026-08-24,2618.0,0.31,3.77,2.57,657606.0,708131.0,0.93,1721612508.0,56.03,44.65,True,True,False,True,True,2.59,-0.2,-0.64,False,False,False,False,3.73,0.11134858,0.11246966,-1.0,1.01,False,0.3333333333333333,0.0,0.93,0.0,No clear setup,,,,,,,,,,,Neutral / watch,2.5
GAIL,GAIL (India) Ltd.,GAIL.NS,Oil Gas & Consumable Fuels,True,,NIFTY 500,^CRSLDX,2026-08-24,173.75,1.02,0.96,-0.28,4513450.0,12088461.0,0.37,784211937.5,50.0,46.27,False,False,False,True,True,-0.56,-0.09,0.02,False,False,False,False,-2.29,0.00738992,0.00745896,-0.93,-1.8,False,0.6666666666666666,0.0,0.37,3.39,Actionable watch,Possible inverse H&S,"inverse-head-and-shoulders, base, reversal",169.71,,,2.38,,,169.71,A possible inverse head-and-shoulders base is visible. The setup improves only if price clears or holds near the neckline with better volume.,Setup watch: Possible inverse H&S,2.43
ZEEL,Zee Entertainment Enterprises Ltd.,ZEEL.NS,Media Entertainment & Publication,True,,NIFTY 500,^CRSLDX,2026-08-24,104.57,-2.8,-0.29,-3.94,36686630.0,37898682.0,0.97,3836320887.9,52.52,54.45,True,True,False,True,True,2.69,-0.25,-0.38,False,False,False,False,-6.17,0.00444756,0.00449429,-1.04,-5.41,False,0.3333333333333333,0.0,0.97,3.4,Actionable watch,Possible inverse H&S,"inverse-head-and-shoulders, base, reversal",98.05,,,6.65,,,98.05,A possible inverse head-and-shoulders base is visible. The setup improves only if price clears or holds near the neckline with better volume.,Setup watch: Possible inverse H&S,2.41
CAPLIPOINT,Caplin Point Laboratories Ltd.,CAPLIPOINT.NS,Healthcare,True,,NIFTY 500,^CRSLDX,2026-08-24,2496.1,-2.53,-1.03,-4.78,210227.0,98308.0,2.14,524747635.23,46.34,48.72,False,False,False,True,True,-2.13,-2.05,2.77,False,False,False,False,-8.04,0.10616394,0.10913668,-2.72,-6.23,False,0.6666666666666666,0.0,2.14,3.4,Actionable watch,Possible inverse H&S,"inverse-head-and-shoulders, base, reversal",2045.55,,,22.03,,,2045.55,A possible inverse head-and-shoulders base is visible. The setup improves only if price clears or holds near the neckline with better volume.,Setup watch: Possible inverse H&S,2.39
RAINBOW,Rainbow Childrens Medicare Ltd.,RAINBOW.NS,Healthcare,True,,NIFTY 500,^CRSLDX,2026-08-24,1460.1,1.88,-1.24,-1.58,102157.0,107691.0,0.95,149159433.21,45.59,47.06,False,False,False,True,True,-2.82,-0.84,1.18,False,False,False,False,-8.18,0.06210086,0.06310709,-1.59,-3.08,False,0.6666666666666666,0.0,0.95,5.1,Actionable watch,Breakout retest,"breakout, retest, pivot, volume, inverse-head-and-shoulders, base, reversal",1386.67,2026-06-15,3.23,3.34,,,,Prior resistance has been cleared on higher volume and price is back near that pivot. This is the kind of retest zone where follow-through can matter more than chasing a stretched candle. Secondary patterns: Possible inverse H&S.,Setup watch: Breakout retest,2.38
BERGEPAINT,Berger Paints India Ltd.,BERGEPAINT.NS,Consumer Durables,True,,NIFTY 500,^CRSLDX,2026-08-24,515.5,-1.7,-6.16,3.05,159388.0,526632.0,0.3,82164514.0,44.88,61.53,False,False,False,True,True,-3.05,-0.34,-0.06,False,False,False,False,4.88,0.02192521,0.02215831,-1.05,1.48,False,0.3333333333333333,0.0,0.3,3.4,Actionable watch,Possible inverse H&S,"inverse-head-and-shoulders, base, reversal",487.48,,,5.75,,,487.48,A possible inverse head-and-shoulders base is visible. The setup improves only if price clears or holds near the neckline with better volume.,Setup watch: Possible inverse H&S,2.29
TRAVELFOOD,Travel Food Services Ltd.,TRAVELFOOD.NS,Consumer Services,True,,NIFTY 500,^CRSLDX,2026-08-24,1306.8,-0.03,-3.78,2.38,34387.0,114534.0,0.3,44936933.28,43.52,53.81,False,False,False,True,True,-2.75,-1.57,0.05,False,False,False,False,4.32,0.05558072,0.0569006,-2.32,0.82,False,0.6666666666666666,0.0,0.3,3.78,Actionable watch,Breakout retest,"breakout, retest, pivot, volume, inverse-head-and-shoulders, base, reversal",1316.72,2026-08-03,2.16,0.75,,,,Prior resistance has been cleared on higher volume and price is back near that pivot. This is the kind of retest zone where follow-through can matter more than chasing a stretched candle. Secondary patterns: Possible inverse H&S.,Setup watch: Breakout retest,2.29
PHOENIXLTD,Phoenix Mills Ltd.,PHOENIXLTD.NS,Realty,True,,NIFTY 500,^CRSLDX,2026-08-24,1932.0,0.1,0.11,-5.14,224983.0,511073.0,0.44,434667156.0,47.96,47.11,True,True,False,True,True,0.48,-2.05,1.47,False,False,False,False,-12.4,0.08217168,0.08453418,-2.79,-6.58,False,0.6666666666666666,0.0,0.44,3.4,Actionable watch,Possible inverse H&S,"inverse-head-and-shoulders, base, reversal",1825.65,,,5.83,,,1825.65,A possible inverse head-and-shoulders base is visible. The setup improves only if price clears or holds near the neckline with better volume.,Setup watch: Possible inverse H&S,2.29
NUVAMA,Nuvama Wealth Management Ltd.,NUVAMA.NS,Financial Services,True,,NIFTY 500,^CRSLDX,2026-08-24,1750.0,0.37,1.09,-8.69,218597.0,352489.0,0.62,382544750.0,50.18,47.64,True,True,False,True,True,1.4,-2.38,2.16,False,False,False,False,-17.58,0.07443087,0.07680642,-3.09,-10.09,False,0.6666666666666666,0.0,0.62,3.4,Actionable watch,Possible inverse H&S,"inverse-head-and-shoulders, base, reversal",1473.0,,,18.81,,,1473.0,A possible inverse head-and-shoulders base is visible. The setup improves only if price clears or holds near the neckline with better volume.,Setup watch: Possible inverse H&S,2.29
IKS,Inventurus Knowledge Solutions Ltd.,IKS.NS,Information Technology,True,,NIFTY 500,^CRSLDX,2026-08-24,1789.4,0.18,-2.23,-2.17,100047.0,158384.0,0.63,179024104.24,47.95,53.6,False,False,False,True,True,-0.85,-0.49,1.57,False,False,False,False,-10.56,0.07610663,0.07706966,-1.25,-3.66,False,0.6666666666666666,0.0,0.63,5.1,Actionable watch,Breakout retest,"breakout, retest, pivot, volume, inverse-head-and-shoulders, base, reversal",1741.38,2026-07-01,11.6,1.99,,,,Prior resistance has been cleared on higher volume and price is back near that pivot. This is the kind of retest zone where follow-through can matter more than chasing a stretched candle. Secondary patterns: Possible inverse H&S.,Setup watch: Breakout retest,2.27
KAJARIACER,Kajaria Ceramics Ltd.,KAJARIACER.NS,Consumer Durables,True,,NIFTY 500,^CRSLDX,2026-08-24,1205.6,-0.24,-3.68,-1.18,83435.0,290205.0,0.29,100589233.96,47.62,62.27,False,False,False,True,True,-0.56,-0.28,0.0,False,False,False,False,-3.19,0.05127649,0.05176001,-0.93,-2.69,False,0.3333333333333333,0.0,0.29,3.4,Actionable watch,Possible inverse H&S,"inverse-head-and-shoulders, base, reversal",1131.63,,,6.54,,,1131.63,A possible inverse head-and-shoulders base is visible. The setup improves only if price clears or holds near the neckline with better volume.,Setup watch: Possible inverse H&S,2.25
ADANIENT,Adani Enterprises Ltd.,ADANIENT.NS,Metals & Mining,True,,NIFTY 500,^CRSLDX,2026-08-24,2998.6,0.05,-0.29,-1.25,832510.0,1017613.0,0.82,2496364567.3,45.78,46.48,True,False,False,True,True,-0.51,-1.97,2.08,False,False,False,False,-4.58,0.12753624,0.13108055,-2.7,-2.76,False,0.6666666666666666,0.0,0.82,3.4,Actionable watch,Possible inverse H&S,"inverse-head-and-shoulders, base, reversal",2295.95,,,30.6,,,2295.95,A possible inverse head-and-shoulders base is visible. The setup improves only if price clears or holds near the neckline with better volume.,Setup watch: Possible inverse H&S,2.24
JUBLINGREA,Jubilant Ingrevia Ltd.,JUBLINGREA.NS,Chemicals,True,,NIFTY 500,^CRSLDX,2026-08-24,708.2,-1.41,-3.36,-4.82,567691.0,295134.0,1.92,402038773.13,44.47,52.02,False,False,True,True,True,-3.38,0.65,0.8,False,False,False,False,-27.67,0.03012111,0.03017219,-0.17,-6.28,False,1.0,0.0,1.92,2.27,Actionable watch,Possible inverse H&S,"inverse-head-and-shoulders, base, reversal",715.35,,,1.0,,,715.35,A possible inverse head-and-shoulders base is visible. The setup improves only if price clears or holds near the neckline with better volume.,Setup watch: Possible inverse H&S,2.19
POLYCAB,Polycab India Ltd.,POLYCAB.NS,Capital Goods,True,,NIFTY 500,^CRSLDX,2026-08-24,9054.0,0.98,-3.37,0.49,142751.0,257484.0,0.55,1292467554.0,45.55,55.21,False,False,False,True,True,-1.12,-2.93,1.94,False,False,False,False,7.43,0.38508405,0.3999709,-3.72,-1.04,False,0.6666666666666666,0.0,0.55,2.2,Watch,Possible inverse H&S,"inverse-head-and-shoulders, base, reversal",9424.0,,,3.93,,,9424.0,A possible inverse head-and-shoulders base is visible. The setup improves only if price clears or holds near the neckline with better volume.,Setup watch: Possible inverse H&S,2.16
NH,Narayana Hrudayalaya Ltd.,NH.NS,Healthcare,True,,NIFTY 500,^CRSLDX,2026-08-24,1859.8,2.42,1.71,-9.45,633628.0,395130.0,1.6,1178421385.34,44.99,32.81,True,False,False,False,True,-1.69,-3.99,0.67,False,False,False,False,-18.3,0.07910088,0.08300021,-4.7,-10.84,False,0.6666666666666666,0.0,1.6,2.44,Actionable watch,Possible inverse H&S,"inverse-head-and-shoulders, base, reversal",1869.0,,,0.49,,,1869.0,A possible inverse head-and-shoulders base is visible. The setup improves only if price clears or holds near the neckline with better volume.,Mean reversion bounce,2.15
MARICO,Marico Ltd.,MARICO.NS,Fast Moving Consumer Goods,True,,NIFTY 500,^CRSLDX,2026-08-24,846.1,-0.37,-0.7,-1.01,836348.0,1673515.0,0.5,707634022.38,46.12,48.05,False,False,True,True,True,-1.85,0.0,1.89,False,False,False,False,-4.07,0.03598626,0.0362592,-0.75,-2.52,False,1.0,0.0,0.5,0.0,No clear setup,,,,,,,,,,,Weakening,2.1
HCLTECH,HCL Technologies Ltd.,HCLTECH.NS,Information Technology,True,,NIFTY 500,^CRSLDX,2026-08-24,1322.0,1.5,-0.23,2.01,1090690.0,2282204.0,0.48,1441892180.0,54.46,56.61,False,False,True,True,False,-1.56,7.63,-0.81,False,False,False,False,-17.51,0.05622721,0.05264734,6.8,0.46,True,0.3333333333333333,0.0,0.48,-3.0,Risk review,Head-and-shoulders risk,"head-and-shoulders, risk, distribution, flag, continuation, uptrend",1438.9,,,8.12,,,1438.9,"A possible head-and-shoulders top is forming or breaking. This is a caution signal, not an entry setup. Secondary patterns: Bullish flag.",Risk review,2.04
HDBFS,HDB Financial Services Ltd.,HDBFS.NS,Financial Services,True,,NIFTY 500,^CRSLDX,2026-08-24,688.9,-1.0,0.73,0.38,215797.0,509217.0,0.42,148662558.57,47.9,43.95,False,True,False,True,False,0.72,-3.18,-0.68,False,False,False,False,8.22,0.02930024,0.03047301,-3.85,-1.15,False,0.3333333333333333,0.0,0.42,2.2,Watch,Possible inverse H&S,"inverse-head-and-shoulders, base, reversal",727.68,,,5.33,,,727.68,A possible inverse head-and-shoulders base is visible. The setup improves only if price clears or holds near the neckline with better volume.,Setup watch: Possible inverse H&S,2.04
CGPOWER,CG Power and Industrial Solutions Ltd.,CGPOWER.NS,Capital Goods,True,,NIFTY 500,^CRSLDX,2026-08-24,877.5,1.21,-2.37,0.02,1296147.0,3064747.0,0.42,1137368992.5,48.28,53.68,False,True,False,True,True,0.74,-2.96,1.71,False,False,False,False,7.36,0.03732176,0.03877706,-3.75,-1.5,False,0.6666666666666666,0.0,0.42,0.0,No clear setup,,,,,,,,,,,Weakening,2.0
CEATLTD,Ceat Ltd.,CEATLTD.NS,Automobile and Auto Components,True,,NIFTY 500,^CRSLDX,2026-08-24,3565.9,0.07,-1.18,6.9,40417.0,84803.0,0.48,144122976.35,48.03,50.82,False,False,False,True,False,-1.06,-0.23,-0.68,False,False,False,False,6.66,0.15166459,0.15319113,-1.0,5.27,False,0.0,0.0,0.48,0.0,No clear setup,,,,,,,,,,,Neutral / watch,1.85
PREMIERENE,Premier Energies Ltd.,PREMIERENE.NS,Capital Goods,True,,NIFTY 500,^CRSLDX,2026-08-24,1030.0,-2.18,1.43,-0.95,633391.0,973795.0,0.65,652392730.0,48.58,43.52,True,True,False,False,True,0.11,-1.61,-0.32,False,False,False,False,-2.82,0.04380788,0.04488597,-2.4,-2.46,False,0.3333333333333333,0.0,0.65,0.0,No clear setup,,,,,,,,,,,Weakening,1.81
TARIL,Transformers And Rectifiers (India) Ltd.,TARIL.NS,Capital Goods,True,,NIFTY 500,^CRSLDX,2026-08-24,302.1,1.16,1.96,-0.13,4219375.0,1300870.0,3.24,1274673213.25,49.99,41.66,True,True,False,False,True,2.2,-5.0,-5.5,False,True,False,False,8.05,0.01284889,0.01362588,-5.7,-1.66,False,0.3333333333333333,0.5,3.24,-3.0,Risk review,Head-and-shoulders risk,"head-and-shoulders, risk, distribution",309.4,,,2.36,,,309.4,"A possible head-and-shoulders top is forming or breaking. This is a caution signal, not an entry setup.",Risk review,1.72
GROWW,Billionbrains Garage Ventures Ltd.,GROWW.NS,Financial Services,True,,NIFTY 500,^CRSLDX,2026-08-24,196.47,-0.27,-1.12,-1.46,21324960.0,24718146.0,0.86,4189714917.23,49.58,52.8,False,True,False,False,,1.01,-1.29,,False,False,False,False,-0.57,0.00835625,0.00854176,-2.17,-2.96,False,0.0,0.0,0.86,2.2,Watch,Possible inverse H&S,"inverse-head-and-shoulders, base, reversal",205.85,,,4.56,,,205.85,A possible inverse head-and-shoulders base is visible. The setup improves only if price clears or holds near the neckline with better volume.,Setup watch: Possible inverse H&S,1.68
SUNDARMFIN,Sundaram Finance Ltd.,SUNDARMFIN.NS,Financial Services,True,,NIFTY 500,^CRSLDX,2026-08-24,4505.1,-0.65,-0.42,2.0,20463.0,58485.0,0.35,92187863.3,48.12,49.12,False,False,False,False,False,-1.35,-0.64,0.08,False,False,False,False,3.45,0.19161058,0.19425926,-1.36,0.44,False,0.3333333333333333,0.0,0.35,2.2,Watch,Possible inverse H&S,"inverse-head-and-shoulders, base, reversal",4725.0,,,4.65,,,4725.0,A possible inverse head-and-shoulders base is visible. The setup improves only if price clears or holds near the neckline with better volume.,Setup watch: Possible inverse H&S,1.66
JIOFIN,Jio Financial Services Ltd.,JIOFIN.NS,Financial Services,True,,NIFTY 500,^CRSLDX,2026-08-24,242.0,-0.82,-3.1,2.71,6630591.0,18616331.0,0.36,1604603022.0,43.28,51.3,False,False,False,True,False,-3.8,-0.64,-2.1,False,False,False,False,2.03,0.01029273,0.01044009,-1.41,1.14,False,0.0,0.0,0.36,4.54,Actionable watch,Breakout retest,"breakout, retest, pivot, volume",248.56,2026-07-31,2.07,2.64,,,,Prior resistance has been cleared on higher volume and price is back near that pivot. This is the kind of retest zone where follow-through can matter more than chasing a stretched candle.,Setup watch: Breakout retest,1.63
BEL,Bharat Electronics Ltd.,BEL.NS,Capital Goods,True,,NIFTY 500,^CRSLDX,2026-08-24,409.0,-1.21,-0.84,0.59,9477094.0,13507424.0,0.7,3876131446.0,53.71,60.27,False,True,True,False,False,2.0,0.23,-0.24,False,False,False,False,0.79,0.01739556,0.01750001,-0.6,-0.94,False,0.3333333333333333,0.0,0.7,-2.0,Risk review,Head-and-shoulders risk,"head-and-shoulders, risk, distribution",394.27,,,3.73,,,394.27,"A possible head-and-shoulders top is forming or breaking. This is a caution signal, not an entry setup.",Risk review,1.61
ZYDUSLIFE,Zydus Lifesciences Ltd.,ZYDUSLIFE.NS,Healthcare,True,,NIFTY 500,^CRSLDX,2026-08-24,1103.8,-1.45,-2.45,-0.4,857377.0,1556294.0,0.55,946372774.46,44.35,49.84,False,False,False,True,True,-2.14,-1.67,1.44,False,False,False,False,-0.18,0.04694674,0.04811601,-2.43,-1.92,False,0.6666666666666666,0.0,0.55,3.4,Actionable watch,Possible inverse H&S,"inverse-head-and-shoulders, base, reversal",955.23,,,15.55,,,955.23,A possible inverse head-and-shoulders base is visible. The setup improves only if price clears or holds near the neckline with better volume.,Setup watch: Possible inverse H&S,1.61
BELRISE,Belrise Industries Ltd.,BELRISE.NS,Automobile and Auto Components,True,,NIFTY 500,^CRSLDX,2026-08-24,229.2,-1.11,-2.92,-1.49,2924306.0,5184694.0,0.56,670250926.28,40.75,45.78,False,False,False,True,True,-4.98,-3.57,4.71,False,False,False,False,0.89,0.00974832,0.01018394,-4.28,-2.99,False,0.6666666666666666,0.0,0.56,5.1,Actionable watch,Breakout retest,"breakout, retest, pivot, volume",226.2,2026-06-09,9.51,0.97,,,,Prior resistance has been cleared on higher volume and price is back near that pivot. This is the kind of retest zone where follow-through can matter more than chasing a stretched candle.,Setup watch: Breakout retest,1.6
ASTERDM,Aster DM Quality Care Ltd.,ASTERDM.NS,Healthcare,True,,NIFTY 500,^CRSLDX,2026-08-24,750.9,-1.4,-8.4,-6.31,8878581.0,5498442.0,1.61,6666926689.66,29.75,49.62,False,False,False,False,True,-8.35,-6.52,1.82,False,False,False,False,-11.73,0.03193722,0.03445164,-7.3,-7.74,False,0.6666666666666666,0.0,1.61,3.4,Actionable watch,Possible inverse H&S,"inverse-head-and-shoulders, base, reversal",643.85,,,16.63,,,643.85,A possible inverse head-and-shoulders base is visible. The setup improves only if price clears or holds near the neckline with better volume.,Setup watch: Possible inverse H&S,1.59
CREDITACC,CreditAccess Grameen Ltd.,CREDITACC.NS,Financial Services,True,,NIFTY 500,^CRSLDX,2026-08-24,1442.3,-3.6,-6.26,-9.35,540638.0,258391.0,2.09,779762213.8,35.64,51.95,False,False,False,True,True,-6.5,-4.59,1.19,False,False,False,False,-21.13,0.0613438,0.06473292,-5.24,-10.73,False,0.6666666666666666,0.0,2.09,3.4,Actionable watch,Possible inverse H&S,"inverse-head-and-shoulders, base, reversal",1397.35,,,3.22,,,1397.35,A possible inverse head-and-shoulders base is visible. The setup improves only if price clears or holds near the neckline with better volume.,Setup watch: Possible inverse H&S,1.59
AEGISVOPAK,Aegis Vopak Terminals Ltd.,AEGISVOPAK.NS,Oil Gas & Consumable Fuels,True,,NIFTY 500,^CRSLDX,2026-08-24,270.3,-2.17,0.3,-10.94,701538.0,1007904.0,0.7,189625712.84,46.66,45.0,False,False,False,True,True,-3.89,-0.05,0.17,False,False,False,False,-41.91,0.01149638,0.01159045,-0.81,-12.29,False,0.6666666666666666,0.0,0.7,3.4,Actionable watch,Possible inverse H&S,"inverse-head-and-shoulders, base, reversal",244.72,,,10.45,,,244.72,A possible inverse head-and-shoulders base is visible. The setup improves only if price clears or holds near the neckline with better volume.,Setup watch: Possible inverse H&S,1.59
GODREJIND,Godrej Industries Ltd.,GODREJIND.NS,Diversified,True,,NIFTY 500,^CRSLDX,2026-08-24,1184.5,-3.7,-3.15,-11.13,195288.0,118426.0,1.65,231318636.0,35.07,39.63,False,False,False,True,True,-6.9,-5.41,1.77,False,False,False,False,-27.28,0.05037907,0.0536014,-6.01,-12.49,False,0.6666666666666666,0.0,1.65,3.4,Actionable watch,Possible inverse H&S,"inverse-head-and-shoulders, base, reversal",1053.4,,,12.45,,,1053.4,A possible inverse head-and-shoulders base is visible. The setup improves only if price clears or holds near the neckline with better volume.,Setup watch: Possible inverse H&S,1.59
HSCL,Himadri Speciality Chemical Ltd.,HSCL.NS,Chemicals,True,,NIFTY 500,^CRSLDX,2026-08-24,662.2,1.19,-15.9,-16.22,11630908.0,7015470.0,1.66,7701987419.58,33.99,62.73,False,False,False,True,True,-11.62,-7.64,5.35,False,False,False,False,-33.75,0.02816464,0.03072526,-8.33,-17.5,False,0.6666666666666666,0.0,1.66,3.4,Actionable watch,Possible inverse H&S,"inverse-head-and-shoulders, base, reversal",576.62,,,14.84,,,576.62,A possible inverse head-and-shoulders base is visible. The setup improves only if price clears or holds near the neckline with better volume.,Setup watch: Possible inverse H&S,1.59
NAVA,Nava Ltd.,NAVA.NS,Power,True,,NIFTY 500,^CRSLDX,2026-08-24,567.0,1.44,1.31,1.35,563933.0,339955.0,1.66,319750011.0,48.39,43.46,True,True,False,False,False,0.11,-2.65,-0.66,False,False,False,False,6.19,0.0241156,0.024973,-3.43,-0.19,False,0.3333333333333333,0.0,1.66,-2.0,Risk review,Head-and-shoulders risk,"head-and-shoulders, risk, distribution",542.08,,,4.6,,,542.08,"A possible head-and-shoulders top is forming or breaking. This is a caution signal, not an entry setup.",Risk review,1.56
FORTIS,Fortis Healthcare Ltd.,FORTIS.NS,Healthcare,True,,NIFTY 500,^CRSLDX,2026-08-24,918.0,1.2,1.02,-2.58,401259.0,1510446.0,0.27,368355762.0,45.62,40.97,True,False,False,False,True,-1.07,-3.07,-1.41,False,False,False,False,-2.66,0.03904431,0.04063655,-3.92,-4.06,False,0.3333333333333333,0.0,0.27,2.2,Watch,Possible inverse H&S,"inverse-head-and-shoulders, base, reversal",963.93,,,4.76,,,963.93,A possible inverse head-and-shoulders base is visible. The setup improves only if price clears or holds near the neckline with better volume.,Setup watch: Possible inverse H&S,1.56
TEJASNET,Tejas Networks Ltd.,TEJASNET.NS,Telecommunication,True,,NIFTY 500,^CRSLDX,2026-08-24,509.3,-0.23,-2.59,-0.73,1111416.0,1403977.0,0.79,566044155.23,42.48,46.75,False,False,False,False,True,-1.99,-7.56,-0.86,False,False,False,False,13.31,0.02166151,0.02359747,-8.2,-2.25,False,0.3333333333333333,0.0,0.79,3.4,Actionable watch,Possible inverse H&S,"inverse-head-and-shoulders, base, reversal",496.98,,,2.48,,,496.98,A possible inverse head-and-shoulders base is visible. The setup improves only if price clears or holds near the neckline with better volume.,Setup watch: Possible inverse H&S,1.54
TIINDIA,Tube Investments of India Ltd.,TIINDIA.NS,Automobile and Auto Components,True,,NIFTY 500,^CRSLDX,2026-08-24,2880.0,-0.2,5.06,1.13,130147.0,542001.0,0.24,374823360.0,51.91,41.54,True,True,False,False,True,2.55,-1.88,-1.08,False,False,False,False,5.94,0.12249195,0.12604208,-2.82,-0.41,False,0.3333333333333333,0.0,0.24,-2.0,Risk review,Head-and-shoulders risk,"head-and-shoulders, risk, distribution, inverse-head-and-shoulders, base, reversal",2775.45,,,3.77,,,2775.45,"A possible head-and-shoulders top is forming or breaking. This is a caution signal, not an entry setup. Secondary patterns: Possible inverse H&S.",Risk review,1.52
JSWENERGY,JSW Energy Ltd.,JSWENERGY.NS,Power,True,,NIFTY 500,^CRSLDX,2026-08-24,544.7,-0.05,-1.94,-0.91,720898.0,1480751.0,0.49,392673149.4,42.27,47.5,False,False,False,False,True,-1.99,-2.51,0.43,False,False,False,False,4.43,0.02316714,0.02395151,-3.27,-2.42,False,0.6666666666666666,0.0,0.49,3.4,Actionable watch,Possible inverse H&S,"inverse-head-and-shoulders, base, reversal",515.17,,,5.73,,,515.17,A possible inverse head-and-shoulders base is visible. The setup improves only if price clears or holds near the neckline with better volume.,Setup watch: Possible inverse H&S,1.51
INDIGO,InterGlobe Aviation Ltd.,INDIGO.NS,Services,True,,NIFTY 500,^CRSLDX,2026-08-24,5115.0,0.1,-3.04,-2.2,593379.0,530777.0,1.12,3035133585.0,42.37,51.3,False,False,False,True,True,-3.0,-2.25,-1.01,False,False,False,False,-1.44,0.2175508,0.22385194,-2.81,-3.69,False,0.3333333333333333,0.0,1.12,4.88,Actionable watch,Breakout retest,"breakout, retest, pivot, volume, inverse-head-and-shoulders, base, reversal",5033.52,2026-06-24,1.95,1.08,,,,Prior resistance has been cleared on higher volume and price is back near that pivot. This is the kind of retest zone where follow-through can matter more than chasing a stretched candle. Secondary patterns: Possible inverse H&S.,Setup watch: Breakout retest,1.46
CUB,City Union Bank Ltd.,CUB.NS,Financial Services,True,,NIFTY 500,^CRSLDX,2026-08-24,212.2,-2.35,-1.39,-3.28,1480190.0,4184416.0,0.35,314096313.48,47.71,51.87,False,False,False,True,True,-0.98,-0.55,2.27,False,False,False,False,-13.93,0.00902527,0.00914961,-1.36,-4.75,False,0.6666666666666666,0.0,0.35,2.2,Watch,Possible inverse H&S,"inverse-head-and-shoulders, base, reversal",220.65,,,3.83,,,220.65,A possible inverse head-and-shoulders base is visible. The setup improves only if price clears or holds near the neckline with better volume.,Setup watch: Possible inverse H&S,1.42
MAHABANK,Bank of Maharashtra,MAHABANK.NS,Financial Services,True,,NIFTY 500,^CRSLDX,2026-08-24,80.7,0.55,-0.49,0.09,8237196.0,9906983.0,0.83,664741692.06,50.36,51.26,True,True,False,True,True,1.05,-2.87,3.39,False,False,False,False,13.21,0.00343233,0.00356412,-3.7,-1.44,False,0.6666666666666666,0.0,0.83,-2.0,Risk review,Head-and-shoulders risk,"head-and-shoulders, risk, distribution",76.88,,,4.96,,,76.88,"A possible head-and-shoulders top is forming or breaking. This is a caution signal, not an entry setup.",Risk review,1.31
MFSL,Max Financial Services Ltd.,MFSL.NS,Financial Services,True,,NIFTY 500,^CRSLDX,2026-08-24,1569.8,-0.96,-0.12,3.88,344705.0,842976.0,0.41,541117925.83,54.13,56.94,True,True,False,False,False,2.45,-0.12,-0.17,False,False,False,False,8.57,0.06676662,0.06741997,-0.97,2.3,False,0.0,0.0,0.41,-2.0,Risk review,Head-and-shoulders risk,"head-and-shoulders, risk, distribution",1497.5,,,4.83,,,1497.5,"A possible head-and-shoulders top is forming or breaking. This is a caution signal, not an entry setup.",Risk review,1.26
HONAUT,Honeywell Automation India Ltd.,HONAUT.NS,Capital Goods,True,,NIFTY 500,^CRSLDX,2026-08-24,36640.0,-0.16,0.66,-2.36,1908.0,6444.0,0.3,69909120.0,41.48,37.4,False,False,False,True,True,-2.76,-3.73,0.41,False,False,False,False,0.35,1.55836975,1.62893184,-4.33,-3.85,False,0.6666666666666666,0.0,0.3,3.4,Actionable watch,Possible inverse H&S,"inverse-head-and-shoulders, base, reversal",35772.5,,,2.43,,,35772.5,A possible inverse head-and-shoulders base is visible. The setup improves only if price clears or holds near the neckline with better volume.,Setup watch: Possible inverse H&S,1.22
GPIL,Godawari Power & Ispat Ltd.,GPIL.NS,Capital Goods,True,,NIFTY 500,^CRSLDX,2026-08-24,245.27,0.07,-2.21,3.59,1148277.0,1973712.0,0.58,281637904.7,49.71,54.63,True,True,False,False,False,0.84,-2.0,-0.6,False,False,False,False,11.86,0.01043181,0.01074868,-2.95,2.01,False,0.0,0.0,0.58,-2.0,Risk review,Head-and-shoulders risk,"head-and-shoulders, risk, distribution",234.68,,,4.51,,,234.68,"A possible head-and-shoulders top is forming or breaking. This is a caution signal, not an entry setup.",Risk review,1.2
HDFCLIFE,HDFC Life Insurance Company Ltd.,HDFCLIFE.NS,Financial Services,True,,NIFTY 500,^CRSLDX,2026-08-24,552.95,-0.33,1.83,0.02,2134064.0,3484082.0,0.61,1180030714.85,53.18,44.45,True,True,False,False,False,1.64,-1.32,-2.96,False,False,False,False,4.33,0.02351803,0.02402616,-2.11,-1.51,False,0.0,0.0,0.61,0.0,No clear setup,,,,,,,,,,,Weakening,1.2
ASIANPAINT,Asian Paints Ltd.,ASIANPAINT.NS,Consumer Durables,True,,NIFTY 500,^CRSLDX,2026-08-24,2640.8,0.03,-1.74,-2.56,355288.0,991876.0,0.36,938244567.75,39.78,44.36,False,False,False,True,True,-2.83,-2.13,1.1,False,False,False,False,-5.38,0.11231831,0.11575298,-2.97,-4.05,False,0.6666666666666666,0.0,0.36,3.4,Actionable watch,Possible inverse H&S,"inverse-head-and-shoulders, base, reversal",2553.5,,,3.42,,,2553.5,A possible inverse head-and-shoulders base is visible. The setup improves only if price clears or holds near the neckline with better volume.,Setup watch: Possible inverse H&S,1.18
DRREDDY,Dr. Reddy's Laboratories Ltd.,DRREDDY.NS,Healthcare,True,,NIFTY 500,^CRSLDX,2026-08-24,1190.0,1.3,-0.17,3.41,2248356.0,1757626.0,1.28,2675543640.0,48.57,47.09,True,True,False,False,False,1.29,-3.5,-0.51,False,False,False,False,18.2,0.05061299,0.05283129,-4.2,1.83,False,0.0,0.0,1.28,-2.0,Risk review,Head-and-shoulders risk,"head-and-shoulders, risk, distribution",1134.25,,,4.92,,,1134.25,"A possible head-and-shoulders top is forming or breaking. This is a caution signal, not an entry setup.",Risk review,1.17
CENTRALBK,Central Bank of India,CENTRALBK.NS,Financial Services,True,,NIFTY 500,^CRSLDX,2026-08-24,31.21,-0.26,-0.19,-0.13,5581120.0,4681658.0,1.19,174186750.09,47.16,46.6,True,True,False,False,False,0.04,-2.04,-1.85,False,False,False,False,6.01,0.00132742,0.00136601,-2.82,-1.65,False,0.0,0.0,1.19,0.0,No clear setup,,,,,,,,,,,Weakening,1.17
EMCURE,Emcure Pharmaceuticals Ltd.,EMCURE.NS,Healthcare,True,,NIFTY 500,^CRSLDX,2026-08-24,1853.6,-0.5,-1.08,-3.7,162164.0,157098.0,1.03,300587186.44,41.57,44.07,False,False,False,True,True,-4.14,-0.9,3.69,False,False,False,False,-8.55,0.07883718,0.0800283,-1.49,-5.17,False,0.6666666666666666,0.0,1.03,4.8,Actionable watch,Breakout retest,"breakout, retest, pivot, volume",1837.13,2026-07-27,1.81,0.59,,,,Prior resistance has been cleared on higher volume and price is back near that pivot. This is the kind of retest zone where follow-through can matter more than chasing a stretched candle.,Setup watch: Breakout retest,1.17
CAMS,Computer Age Management Services Ltd.,CAMS.NS,Financial Services,True,,NIFTY 500,^CRSLDX,2026-08-24,752.0,-0.13,-3.12,-3.91,705196.0,1287013.0,0.55,530307392.0,40.43,48.28,False,False,False,False,True,-3.53,-3.62,0.29,False,False,False,False,-4.77,0.03198401,0.03343734,-4.35,-5.37,False,0.6666666666666666,0.0,0.55,4.39,Actionable watch,Breakout retest,"breakout, retest, pivot, volume, inverse-head-and-shoulders, base, reversal",766.84,2026-06-17,1.79,1.93,,,,Prior resistance has been cleared on higher volume and price is back near that pivot. This is the kind of retest zone where follow-through can matter more than chasing a stretched candle. Secondary patterns: Possible inverse H&S.,Setup watch: Breakout retest,1.13
BANKINDIA,Bank of India,BANKINDIA.NS,Financial Services,True,,NIFTY 500,^CRSLDX,2026-08-24,142.0,-0.55,-1.22,3.0,7142980.0,6158680.0,1.16,1014303160.0,49.02,52.96,False,True,False,True,False,0.27,-0.53,0.9,False,False,False,False,5.35,0.00603953,0.00612244,-1.35,1.42,False,0.3333333333333333,0.0,1.16,-2.0,Risk review,Head-and-shoulders risk,"head-and-shoulders, risk, distribution",136.32,,,4.17,,,136.32,"A possible head-and-shoulders top is forming or breaking. This is a caution signal, not an entry setup.",Risk review,1.08
HINDPETRO,Hindustan Petroleum Corporation Ltd.,HINDPETRO.NS,Oil Gas & Consumable Fuels,True,,NIFTY 500,^CRSLDX,2026-08-24,371.95,2.4,0.26,-0.72,4489236.0,5914713.0,0.76,1669771385.0,50.53,47.05,True,True,False,True,False,0.09,-0.88,-1.5,False,False,False,False,-2.68,0.01581975,0.01608525,-1.65,-2.23,False,0.0,0.0,0.76,0.0,No clear setup,,,,,,,,,,,Weakening,1.05
STARHEALTH,Star Health and Allied Insurance Company Ltd.,STARHEALTH.NS,Financial Services,True,,NIFTY 500,^CRSLDX,2026-08-24,573.0,-0.95,-1.93,-3.22,219690.0,517958.0,0.42,125882370.0,43.31,50.68,False,False,False,True,True,-2.02,-1.75,1.97,False,False,False,False,-5.27,0.02437079,0.02496466,-2.38,-4.69,False,0.6666666666666666,0.0,0.42,3.4,Actionable watch,Possible inverse H&S,"inverse-head-and-shoulders, base, reversal",479.2,,,19.57,,,479.2,A possible inverse head-and-shoulders base is visible. The setup improves only if price clears or holds near the neckline with better volume.,Setup watch: Possible inverse H&S,1.05
APOLLOHOSP,Apollo Hospitals Enterprise Ltd.,APOLLOHOSP.NS,Healthcare,True,,NIFTY 500,^CRSLDX,2026-08-24,8702.0,0.1,-1.4,-1.49,291927.0,407379.0,0.72,2540348754.0,45.66,50.77,False,False,False,True,True,-1.48,-0.69,1.34,False,False,False,False,-4.49,0.37011282,0.37556446,-1.45,-2.99,False,0.6666666666666666,0.0,0.72,0.0,No clear setup,,,,,,,,,,,Weakening,1.0
BHARATFORG,Bharat Forge Ltd.,BHARATFORG.NS,Automobile and Auto Components,True,,NIFTY 500,^CRSLDX,2026-08-24,2041.0,-1.07,-2.48,-6.43,993741.0,1259674.0,0.79,2028225381.0,39.24,45.11,False,False,False,True,True,-4.14,-4.04,5.13,False,False,False,False,-7.98,0.08680766,0.09109154,-4.7,-7.86,False,0.6666666666666666,0.0,0.79,4.74,Actionable watch,Breakout retest,"breakout, retest, pivot, volume",1949.73,2026-06-15,1.68,4.47,,,,Prior resistance has been cleared on higher volume and price is back near that pivot. This is the kind of retest zone where follow-through can matter more than chasing a stretched candle.,Setup watch: Breakout retest,1.0
CCL,CCL Products (I) Ltd.,CCL.NS,Fast Moving Consumer Goods,True,,NIFTY 500,^CRSLDX,2026-08-24,1081.8,-0.05,-4.3,-7.88,275269.0,185432.0,1.48,297786017.64,28.76,41.03,False,False,False,False,True,-4.74,-6.94,2.74,False,False,False,False,-9.45,0.04601104,0.04982875,-7.66,-9.29,False,0.6666666666666666,0.0,1.48,5.1,Actionable watch,Breakout retest,"breakout, retest, pivot, volume",1058.1,2026-06-08,32.09,1.75,,,,Prior resistance has been cleared on higher volume and price is back near that pivot. This is the kind of retest zone where follow-through can matter more than chasing a stretched candle.,Setup watch: Breakout retest,1.0
USHAMART,Usha Martin Ltd.,USHAMART.NS,Capital Goods,True,,NIFTY 500,^CRSLDX,2026-08-24,490.6,1.93,-1.5,-1.56,298667.0,601671.0,0.5,146526032.02,46.06,49.3,False,False,False,True,True,-2.04,-0.86,0.91,False,False,False,False,-6.04,0.02086616,0.02123455,-1.73,-3.06,False,0.6666666666666666,0.0,0.5,0.0,No clear setup,,,,,,,,,,,Weakening,0.99
TENNIND,Tenneco Clean Air India Ltd.,TENNIND.NS,Automobile and Auto Components,True,,NIFTY 500,^CRSLDX,2026-08-24,553.5,-3.93,0.92,2.41,918841.0,4307632.0,0.21,508578493.5,48.46,46.89,True,True,False,False,,0.43,-2.25,,False,False,False,False,8.38,0.02354142,0.02426129,-2.97,0.85,False,0.0,0.0,0.21,-2.0,Risk review,Head-and-shoulders risk,"head-and-shoulders, risk, distribution",529.77,,,4.48,,,529.77,"A possible head-and-shoulders top is forming or breaking. This is a caution signal, not an entry setup.",Risk review,0.97
SBIN,State Bank of India,SBIN.NS,Financial Services,True,,NIFTY 500,^CRSLDX,2026-08-24,1039.5,-0.88,-2.04,1.85,8864249.0,10202070.0,0.87,9214386835.5,45.82,53.83,False,False,False,True,True,-1.34,-0.19,1.59,False,False,False,False,2.45,0.04421194,0.04462694,-0.93,0.3,False,0.6666666666666666,0.0,0.87,-2.0,Risk review,Head-and-shoulders risk,"head-and-shoulders, risk, distribution, breakout, retest, pivot, volume",997.8,,,4.18,,,997.8,"A possible head-and-shoulders top is forming or breaking. This is a caution signal, not an entry setup. Secondary patterns: Breakout retest.",Risk review,0.96
SCI,Shipping Corporation of India Ltd.,SCI.NS,Services,True,,NIFTY 500,^CRSLDX,2026-08-24,288.45,-0.72,0.72,1.64,1029614.0,2946703.0,0.35,296992170.87,46.65,45.24,False,False,False,False,True,-1.5,-2.0,2.11,False,False,False,False,8.35,0.01226833,0.0126196,-2.78,0.09,False,0.6666666666666666,0.0,0.35,-2.0,Risk review,Head-and-shoulders risk,"head-and-shoulders, risk, distribution, inverse-head-and-shoulders, base, reversal",284.1,,,1.53,,,284.1,"A possible head-and-shoulders top is forming or breaking. This is a caution signal, not an entry setup. Secondary patterns: Possible inverse H&S.",Risk review,0.92
SBFC,SBFC Finance Ltd.,SBFC.NS,Financial Services,True,,NIFTY 500,^CRSLDX,2026-08-24,92.23,-1.81,-1.83,2.05,692634.0,1534216.0,0.45,63881636.15,45.91,55.88,False,False,False,False,False,-0.8,-0.2,-1.96,False,False,False,False,1.75,0.00392272,0.003964,-1.04,0.49,False,0.0,0.0,0.45,0.0,No clear setup,,,,,,,,,,,Neutral / watch,0.9
TRENT,Trent Ltd.,TRENT.NS,Consumer Services,True,,NIFTY 500,^CRSLDX,2026-08-24,2905.0,-0.65,-1.39,-1.13,513793.0,1048089.0,0.49,1492568665.0,40.31,44.21,False,False,False,True,False,-3.09,-4.18,-5.35,False,False,False,False,7.78,0.12355524,0.12972687,-4.76,-2.64,False,0.0,0.0,0.49,4.26,Actionable watch,Breakout retest,"breakout, retest, pivot, volume, inverse-head-and-shoulders, base, reversal",2922.2,2026-08-14,1.52,0.59,,,,Prior resistance has been cleared on higher volume and price is back near that pivot. This is the kind of retest zone where follow-through can matter more than chasing a stretched candle. Secondary patterns: Possible inverse H&S.,Setup watch: Breakout retest,0.87
RPOWER,Reliance Power Ltd.,RPOWER.NS,Power,True,,NIFTY 500,^CRSLDX,2026-08-24,23.09,-1.54,1.63,-2.82,23889179.0,21418738.0,1.12,551601146.76,45.24,32.52,True,False,False,False,False,-1.15,-5.45,-6.98,False,False,False,False,-2.08,0.00098206,0.00104895,-6.38,-4.3,False,0.0,0.0,1.12,0.0,No clear setup,,,,,,,,,,,Mean reversion bounce,0.84
TATASTEEL,Tata Steel Ltd.,TATASTEEL.NS,Metals & Mining,True,,NIFTY 500,^CRSLDX,2026-08-24,186.3,1.8,0.16,1.11,37790836.0,22559212.0,1.68,7040432862.13,48.55,45.79,True,False,False,False,False,-0.36,-1.18,0.75,False,False,False,False,3.02,0.0079237,0.00809101,-2.07,-0.43,False,0.3333333333333333,0.0,1.68,-2.0,Risk review,Head-and-shoulders risk,"head-and-shoulders, risk, distribution",179.29,,,3.91,,,179.29,"A possible head-and-shoulders top is forming or breaking. This is a caution signal, not an entry setup.",Risk review,0.81
EMAMILTD,Emami Ltd.,EMAMILTD.NS,Fast Moving Consumer Goods,True,,NIFTY 500,^CRSLDX,2026-08-24,405.6,0.75,0.27,-2.05,839539.0,645771.0,1.3,340517023.52,50.29,48.89,True,True,False,False,False,0.48,-0.44,-2.73,False,False,False,False,-4.23,0.01725095,0.01746812,-1.24,-3.55,False,0.0,0.0,1.3,0.0,No clear setup,,,,,,,,,,,Weakening,0.79
NIVABUPA,Niva Bupa Health Insurance Company Ltd.,NIVABUPA.NS,Financial Services,True,,NIFTY 500,^CRSLDX,2026-08-24,82.51,-0.13,-0.24,-5.07,1026642.0,1741123.0,0.59,84708233.61,37.12,35.46,False,False,False,False,True,-3.0,-3.63,1.11,False,False,False,False,-8.56,0.00350931,0.00366986,-4.37,-6.52,False,0.6666666666666666,0.0,0.59,3.4,Actionable watch,Possible inverse H&S,"inverse-head-and-shoulders, base, reversal",79.5,,,3.78,,,79.5,A possible inverse head-and-shoulders base is visible. The setup improves only if price clears or holds near the neckline with better volume.,Setup watch: Possible inverse H&S,0.79
ADANIPORTS,Adani Ports and Special Economic Zone Ltd.,ADANIPORTS.NS,Services,True,,NIFTY 500,^CRSLDX,2026-08-24,1672.1,-1.64,-1.12,-5.55,1060352.0,2177736.0,0.49,1773014553.31,38.51,40.82,False,False,False,False,True,-1.2,-5.48,1.64,False,False,False,False,-6.01,0.07111763,0.07588343,-6.28,-6.99,False,0.6666666666666666,0.0,0.49,3.4,Actionable watch,Possible inverse H&S,"inverse-head-and-shoulders, base, reversal",1549.45,,,7.92,,,1549.45,A possible inverse head-and-shoulders base is visible. The setup improves only if price clears or holds near the neckline with better volume.,Setup watch: Possible inverse H&S,0.79
MANKIND,Mankind Pharma Ltd.,MANKIND.NS,Healthcare,True,,NIFTY 500,^CRSLDX,2026-08-24,2374.5,-0.4,-0.27,-6.94,130470.0,463374.0,0.28,309801015.0,38.46,38.59,False,False,False,False,True,-2.91,-4.25,0.03,False,False,False,False,-10.32,0.10099206,0.10627948,-4.98,-8.36,False,0.6666666666666666,0.0,0.28,3.4,Actionable watch,Possible inverse H&S,"inverse-head-and-shoulders, base, reversal",2303.55,,,3.08,,,2303.55,A possible inverse head-and-shoulders base is visible. The setup improves only if price clears or holds near the neckline with better volume.,Setup watch: Possible inverse H&S,0.79
CEMPRO,Cemindia Projects Ltd.,CEMPRO.NS,Construction,True,,NIFTY 500,^CRSLDX,2026-08-24,1261.4,-1.18,-4.57,-7.86,144158.0,578925.0,0.25,181840904.72,41.45,47.76,False,False,False,True,True,-2.65,-7.87,5.66,False,False,False,False,-17.82,0.05364977,0.0586834,-8.58,-9.27,False,0.6666666666666666,0.0,0.25,3.4,Actionable watch,Possible inverse H&S,"inverse-head-and-shoulders, base, reversal",907.23,,,39.04,,,907.23,A possible inverse head-and-shoulders base is visible. The setup improves only if price clears or holds near the neckline with better volume.,Setup watch: Possible inverse H&S,0.79
ZYDUSWELL,Zydus Wellness Ltd.,ZYDUSWELL.NS,Fast Moving Consumer Goods,True,,NIFTY 500,^CRSLDX,2026-08-24,511.1,4.14,0.19,-8.63,506092.0,353286.0,1.43,258663624.29,44.1,38.42,True,False,False,False,True,-2.89,-6.48,1.19,False,False,False,False,-7.79,0.02173807,0.02342015,-7.18,-10.02,False,0.6666666666666666,0.0,1.43,3.4,Actionable watch,Possible inverse H&S,"inverse-head-and-shoulders, base, reversal",468.72,,,9.04,,,468.72,A possible inverse head-and-shoulders base is visible. The setup improves only if price clears or holds near the neckline with better volume.,Setup watch: Possible inverse H&S,0.79
LLOYDSME,Lloyds Metals And Energy Ltd.,LLOYDSME.NS,Metals & Mining,True,,NIFTY 500,^CRSLDX,2026-08-24,1831.7,-1.83,-5.68,-9.09,362208.0,580167.0,0.62,663456375.91,38.33,49.72,False,False,False,True,True,-7.45,-2.51,4.52,False,False,False,False,-21.33,0.07790573,0.08057202,-3.31,-10.48,False,0.6666666666666666,0.0,0.62,3.4,Actionable watch,Possible inverse H&S,"inverse-head-and-shoulders, base, reversal",1359.0,,,34.78,,,1359.0,A possible inverse head-and-shoulders base is visible. The setup improves only if price clears or holds near the neckline with better volume.,Setup watch: Possible inverse H&S,0.79
KIRLOSENG,Kirloskar Oil Eng Ltd.,KIRLOSENG.NS,Capital Goods,True,,NIFTY 500,^CRSLDX,2026-08-24,2068.3,-1.55,-1.58,-9.22,357865.0,467258.0,0.77,740172196.97,42.25,43.08,False,False,False,True,True,-3.59,-7.36,8.27,False,False,False,False,-3.51,0.08796878,0.0952805,-7.67,-10.6,False,0.6666666666666666,0.0,0.77,3.4,Actionable watch,Possible inverse H&S,"inverse-head-and-shoulders, base, reversal",1377.0,,,50.2,,,1377.0,A possible inverse head-and-shoulders base is visible. The setup improves only if price clears or holds near the neckline with better volume.,Setup watch: Possible inverse H&S,0.79
DEEPAKFERT,Deepak Fertilisers & Petrochemicals Corp. Ltd.,DEEPAKFERT.NS,Chemicals,True,,NIFTY 500,^CRSLDX,2026-08-24,1476.1,1.86,-1.77,-9.69,240881.0,487269.0,0.49,355564438.22,42.77,43.97,True,False,False,True,True,-3.21,-5.12,0.44,False,False,False,False,-16.2,0.06278137,0.06666967,-5.83,-11.07,False,0.6666666666666666,0.0,0.49,3.4,Actionable watch,Possible inverse H&S,"inverse-head-and-shoulders, base, reversal",1302.65,,,13.32,,,1302.65,A possible inverse head-and-shoulders base is visible. The setup improves only if price clears or holds near the neckline with better volume.,Setup watch: Possible inverse H&S,0.79
FIVESTAR,Five-Star Business Finance Ltd.,FIVESTAR.NS,Financial Services,True,,NIFTY 500,^CRSLDX,2026-08-24,500.0,-4.02,-7.02,-7.11,509936.0,575213.0,0.89,254968000.0,34.26,48.13,False,False,False,True,True,-7.84,-6.16,-0.27,False,False,False,False,-18.68,0.02126596,0.02281531,-6.79,-8.53,False,0.3333333333333333,0.0,0.89,3.15,Actionable watch,Possible inverse H&S,"inverse-head-and-shoulders, base, reversal",491.93,,,1.64,,,491.93,A possible inverse head-and-shoulders base is visible. The setup improves only if price clears or holds near the neckline with better volume.,Setup watch: Possible inverse H&S,0.7
SARDAEN,Sarda Energy and Minerals Ltd.,SARDAEN.NS,Metals & Mining,True,,NIFTY 500,^CRSLDX,2026-08-24,507.0,-0.71,-2.72,-0.65,249579.0,1556494.0,0.16,126536553.0,49.03,56.8,False,False,True,False,False,-0.39,0.12,-0.64,False,False,False,False,-2.85,0.02156369,0.021715,-0.7,-2.17,False,0.3333333333333333,0.0,0.16,-2.0,Risk review,Head-and-shoulders risk,"head-and-shoulders, risk, distribution",484.25,,,4.7,,,484.25,"A possible head-and-shoulders top is forming or breaking. This is a caution signal, not an entry setup.",Risk review,0.67
CPPLUS,Aditya Infotech Ltd.,CPPLUS.NS,Capital Goods,True,,NIFTY 500,^CRSLDX,2026-08-24,3419.5,-1.61,2.29,-3.89,168948.0,252983.0,0.67,577717686.0,45.58,41.12,False,False,False,True,True,-2.85,-3.84,10.24,False,False,False,False,-0.56,0.14543792,0.15230747,-4.51,-5.35,False,0.6666666666666666,0.0,0.67,0.0,No clear setup,,,,,,,,,,,Weakening,0.53
JUBLPHARMA,Jubilant Pharmova Ltd.,JUBLPHARMA.NS,Healthcare,True,,NIFTY 500,^CRSLDX,2026-08-24,902.7,2.54,4.12,-7.86,1931428.0,366982.0,5.26,1743500079.18,44.32,30.0,True,False,False,False,False,-1.43,-5.14,-1.94,False,False,False,False,-11.78,0.03839357,0.04083834,-5.99,-9.27,False,0.0,0.0,5.26,0.0,No clear setup,,,,,,,,,,,Mean reversion bounce,0.5
ITCHOTELS,ITC Hotels Ltd.,ITCHOTELS.NS,Consumer Services,True,,NIFTY 500,^CRSLDX,2026-08-24,164.59,-0.24,-1.06,-0.51,750135.0,1724773.0,0.43,123464716.9,45.64,47.54,False,False,False,True,False,-0.68,-3.51,-2.79,False,False,False,False,3.91,0.00700033,0.00730222,-4.13,-2.03,False,0.0,0.0,0.43,0.0,No clear setup,,,,,,,,,,,Weakening,0.39
BIOCON,Biocon Ltd.,BIOCON.NS,Healthcare,True,,NIFTY 500,^CRSLDX,2026-08-24,409.4,-1.48,-0.63,-6.15,1759505.0,3480450.0,0.51,720341336.26,39.33,38.86,False,False,False,True,True,-3.08,-3.1,1.52,False,False,False,False,-12.07,0.01741257,0.01811505,-3.88,-7.59,False,0.6666666666666666,0.0,0.51,2.2,Watch,Possible inverse H&S,"inverse-head-and-shoulders, base, reversal",421.6,,,2.89,,,421.6,A possible inverse head-and-shoulders base is visible. The setup improves only if price clears or holds near the neckline with better volume.,Setup watch: Possible inverse H&S,0.37
TATACOMM,Tata Communications Ltd.,TATACOMM.NS,Telecommunication,True,,NIFTY 500,^CRSLDX,2026-08-24,1688.5,2.0,-1.37,-2.69,214128.0,238552.0,0.9,361555128.0,39.48,36.82,False,False,False,False,False,-2.55,-7.72,-0.74,False,False,False,False,9.35,0.07181516,0.07842033,-8.42,-4.18,False,0.3333333333333333,0.0,0.9,3.15,Actionable watch,Possible inverse H&S,"inverse-head-and-shoulders, base, reversal",1661.0,,,1.66,,,1661.0,A possible inverse head-and-shoulders base is visible. The setup improves only if price clears or holds near the neckline with better volume.,Setup watch: Possible inverse H&S,0.27
GESHIP,Great Eastern Shipping Co. Ltd.,GESHIP.NS,Services,True,,NIFTY 500,^CRSLDX,2026-08-24,1333.0,1.65,4.56,-3.67,661897.0,1132173.0,0.58,882308701.0,48.51,35.87,True,True,False,False,True,0.19,-3.41,2.46,False,False,False,False,3.65,0.05669506,0.05909569,-4.06,-5.13,False,0.6666666666666666,0.0,0.58,-3.0,Risk review,Head-and-shoulders risk,"head-and-shoulders, risk, distribution, breakout, retest, pivot, volume",1336.05,,,0.23,,,1336.05,"A possible head-and-shoulders top is forming or breaking. This is a caution signal, not an entry setup. Secondary patterns: Breakout retest.",Risk review,0.22
GRSE,Garden Reach Shipbuilders & Engineers Ltd.,GRSE.NS,Capital Goods,True,,NIFTY 500,^CRSLDX,2026-08-24,2596.1,-0.21,-0.15,-1.94,489264.0,528436.0,0.93,1270178318.18,47.63,48.71,False,False,False,False,True,-0.11,-2.12,0.03,False,False,False,False,-1.65,0.11041714,0.11369963,-2.89,-3.44,False,0.6666666666666666,0.0,0.93,-2.0,Risk review,Head-and-shoulders risk,"head-and-shoulders, risk, distribution, breakout, retest, pivot, volume",2532.75,,,2.5,,,2532.75,"A possible head-and-shoulders top is forming or breaking. This is a caution signal, not an entry setup. Secondary patterns: Breakout retest.",Risk review,0.21
ONESOURCE,Onesource Specialty Pharma Ltd.,ONESOURCE.NS,Healthcare,True,,NIFTY 500,^CRSLDX,2026-08-24,1531.8,-0.21,-1.69,-9.3,80345.0,195545.0,0.41,123072474.92,40.05,42.3,False,False,False,False,False,-3.15,-5.04,-1.63,False,False,False,False,-15.63,0.06515041,0.06923603,-5.9,-10.69,False,0.3333333333333333,0.0,0.41,4.25,Actionable watch,Breakout retest,"breakout, retest, pivot, volume",1539.7,2026-06-29,1.49,0.51,,,,Prior resistance has been cleared on higher volume and price is back near that pivot. This is the kind of retest zone where follow-through can matter more than chasing a stretched candle.,Setup watch: Breakout retest,0.2
MAPMYINDIA,C.E. Info Systems Ltd.,MAPMYINDIA.NS,Information Technology,True,,NIFTY 500,^CRSLDX,2026-08-24,961.7,-2.26,-3.03,-14.8,226212.0,274644.0,0.82,217548083.16,38.45,42.15,False,False,False,True,False,-8.66,-4.92,-5.95,False,False,False,False,-53.59,0.04090295,0.04337334,-5.7,-16.1,False,0.0,0.0,0.82,5.1,Actionable watch,Breakout retest,"breakout, retest, pivot, volume",939.77,2026-07-09,12.57,1.63,,,,Prior resistance has been cleared on higher volume and price is back near that pivot. This is the kind of retest zone where follow-through can matter more than chasing a stretched candle.,Setup watch: Breakout retest,0.2
GALLANTT,Gallantt Ispat Ltd.,GALLANTT.NS,Capital Goods,True,,NIFTY 500,^CRSLDX,2026-08-24,580.25,-0.71,-0.46,6.03,36877.0,113191.0,0.33,21397879.25,42.07,41.76,False,False,False,False,False,-2.42,-9.02,-0.0,False,False,False,False,25.12,0.02467915,0.02732449,-9.68,4.41,False,0.3333333333333333,0.0,0.33,-2.0,Risk review,Head-and-shoulders risk,"head-and-shoulders, risk, distribution",580.17,,,0.01,,,580.17,"A possible head-and-shoulders top is forming or breaking. This is a caution signal, not an entry setup.",Risk review,0.18
ABDL,Allied Blenders and Distillers Ltd.,ABDL.NS,Fast Moving Consumer Goods,True,,NIFTY 500,^CRSLDX,2026-08-24,610.35,2.58,-0.05,-2.23,480073.0,340265.0,1.41,293012543.83,48.48,46.98,True,False,False,True,True,-0.77,-2.94,0.51,False,False,False,False,2.24,0.02595936,0.02696667,-3.74,-3.73,False,0.6666666666666666,0.0,1.41,-2.0,Risk review,Head-and-shoulders risk,"head-and-shoulders, risk, distribution, inverse-head-and-shoulders, base, reversal",595.08,,,2.57,,,595.08,"A possible head-and-shoulders top is forming or breaking. This is a caution signal, not an entry setup. Secondary patterns: Possible inverse H&S.",Risk review,0.15
GODIGIT,Go Digit General Insurance Ltd.,GODIGIT.NS,Financial Services,True,,NIFTY 500,^CRSLDX,2026-08-24,260.4,-0.95,2.18,2.2,350956.0,814788.0,0.43,91388940.26,43.55,36.08,True,False,False,False,False,-0.15,-8.51,-2.95,False,False,False,False,21.48,0.01107531,0.01219871,-9.21,0.64,False,0.0,0.0,0.43,0.0,No clear setup,,,,,,,,,,,Neutral / watch,0.13
BLS,BLS International Services Ltd.,BLS.NS,Consumer Services,True,,NIFTY 500,^CRSLDX,2026-08-24,241.51,-10.98,-11.39,1.69,29676902.0,3303773.0,8.98,7167268439.0,39.5,68.04,False,False,False,False,False,-6.21,-3.99,-2.06,False,False,False,False,7.71,0.01027189,0.01078791,-4.78,0.14,False,0.0,0.0,8.98,-2.0,Risk review,Head-and-shoulders risk,"head-and-shoulders, risk, distribution",231.32,,,4.4,,,231.32,"A possible head-and-shoulders top is forming or breaking. This is a caution signal, not an entry setup.",Risk review,0.13
TATAELXSI,Tata Elxsi Ltd.,TATAELXSI.NS,Information Technology,True,,NIFTY 500,^CRSLDX,2026-08-24,3673.5,-0.93,-2.3,3.35,206988.0,263085.0,0.79,760370418.0,46.78,52.84,False,False,False,False,False,-1.14,-1.78,-3.52,False,False,False,False,13.07,0.15624103,0.16041624,-2.6,1.77,False,0.0,0.0,0.79,-3.0,Risk review,Head-and-shoulders risk,"head-and-shoulders, risk, distribution",5208.5,,,29.47,,,5208.5,"A possible head-and-shoulders top is forming or breaking. This is a caution signal, not an entry setup.",Risk review,0.1
GICRE,General Insurance Corporation of India,GICRE.NS,Financial Services,True,,NIFTY 500,^CRSLDX,2026-08-24,356.95,0.34,0.41,-0.63,399219.0,530674.0,0.75,142501226.92,47.73,45.68,True,True,False,False,False,0.05,-0.81,-0.67,False,False,False,False,-0.16,0.01518177,0.0154544,-1.76,-2.14,False,0.0,0.0,0.75,-3.0,Risk review,Head-and-shoulders risk,"head-and-shoulders, risk, distribution",359.73,,,0.77,,,359.73,"A possible head-and-shoulders top is forming or breaking. This is a caution signal, not an entry setup.",Risk review,0.02
PATANJALI,Patanjali Foods Ltd.,PATANJALI.NS,Fast Moving Consumer Goods,True,,NIFTY 500,^CRSLDX,2026-08-24,350.0,0.57,-0.45,1.57,1979266.0,4579627.0,0.43,692743100.0,40.53,39.89,True,False,False,False,False,-0.51,-6.62,-4.68,False,False,False,False,16.51,0.01488617,0.01609073,-7.49,0.02,False,0.0,0.0,0.43,0.0,No clear setup,,,,,,,,,,,Neutral / watch,0.0
EMMVEE,Emmvee Photovoltaic Power Ltd.,EMMVEE.NS,Capital Goods,True,,NIFTY 500,^CRSLDX,2026-08-24,325.25,0.39,1.4,-2.5,1168594.0,1889995.0,0.62,380085198.5,51.0,47.27,True,True,False,True,,1.32,-1.73,,False,False,False,False,-3.7,0.01383351,0.01419317,-2.53,-3.99,False,0.0,0.0,0.62,-2.0,Risk review,Head-and-shoulders risk,"head-and-shoulders, risk, distribution, inverse-head-and-shoulders, base, reversal",314.85,,,3.3,,,314.85,"A possible head-and-shoulders top is forming or breaking. This is a caution signal, not an entry setup. Secondary patterns: Possible inverse H&S.",Risk review,0.0
CHOLAHLDNG,Cholamandalam Financial Holdings Ltd.,CHOLAHLDNG.NS,Financial Services,True,,NIFTY 500,^CRSLDX,2026-08-24,1548.4,-0.86,-1.78,1.51,97997.0,220622.0,0.44,151738557.19,44.9,49.18,False,False,False,False,False,-1.4,-2.83,-1.97,False,False,False,False,7.87,0.06585643,0.068253,-3.51,-0.03,False,0.0,0.0,0.44,0.0,No clear setup,,,,,,,,,,,Weakening,-0.01
ABSLAMC,Aditya Birla Sun Life AMC Ltd.,ABSLAMC.NS,Financial Services,True,,NIFTY 500,^CRSLDX,2026-08-24,998.7,-0.96,-1.99,0.96,90806.0,174143.0,0.52,90687953.31,42.27,45.7,False,False,False,False,True,-1.43,-6.54,2.36,False,False,False,False,13.39,0.04247663,0.04583534,-7.33,-0.58,False,0.6666666666666666,0.0,0.52,-2.0,Risk review,Head-and-shoulders risk,"head-and-shoulders, risk, distribution",976.2,,,2.3,,,976.2,"A possible head-and-shoulders top is forming or breaking. This is a caution signal, not an entry setup.",Risk review,-0.02
SIGNATURE,Signatureglobal (India) Ltd.,SIGNATURE.NS,Realty,True,,NIFTY 500,^CRSLDX,2026-08-24,795.4,0.01,-1.2,0.58,200972.0,216172.0,0.93,159853133.71,47.23,49.63,False,False,False,False,False,-1.66,-0.07,-2.71,False,False,False,False,-7.05,0.03382989,0.03414914,-0.93,-0.95,False,0.0,0.0,0.93,-2.0,Risk review,Head-and-shoulders risk,"head-and-shoulders, risk, distribution",789.47,,,0.75,,,789.47,"A possible head-and-shoulders top is forming or breaking. This is a caution signal, not an entry setup.",Risk review,-0.09
ITI,ITI Ltd.,ITI.NS,Telecommunication,True,,NIFTY 500,^CRSLDX,2026-08-24,279.0,-0.09,0.63,1.05,161714.0,341900.0,0.47,45118206.0,44.42,41.65,False,False,False,False,False,-0.45,-3.28,-1.75,False,False,False,False,6.88,0.01186641,0.01237093,-4.08,-0.49,False,0.0,0.0,0.47,0.0,No clear setup,,,,,,,,,,,Weakening,-0.1
OLAELEC,Ola Electric Mobility Ltd.,OLAELEC.NS,Automobile and Auto Components,True,,NIFTY 500,^CRSLDX,2026-08-24,37.35,-1.01,-4.77,0.21,17125125.0,43801605.0,0.39,639623392.62,40.16,47.69,False,False,False,False,True,-4.04,-7.26,-3.44,False,False,False,False,7.0,0.00158857,0.00172925,-8.14,-1.31,False,0.3333333333333333,0.0,0.39,-2.0,Risk review,Head-and-shoulders risk,"head-and-shoulders, risk, distribution, breakout, retest, pivot, volume, inverse-head-and-shoulders, base, reversal",36.7,,,1.77,,,36.7,"A possible head-and-shoulders top is forming or breaking. This is a caution signal, not an entry setup. Secondary patterns: Breakout retest, Possible inverse H&S.",Risk review,-0.16
TECHNOE,Techno Electric & Engineering Company Ltd.,TECHNOE.NS,Construction,True,,NIFTY 500,^CRSLDX,2026-08-24,998.05,1.07,4.06,0.09,160007.0,252162.0,0.63,159694984.4,47.68,37.98,True,False,False,False,False,-0.0,-3.39,-2.96,False,False,False,False,7.45,0.04244899,0.04429871,-4.18,-1.44,False,0.0,0.0,0.63,-2.0,Risk review,Head-and-shoulders risk,"head-and-shoulders, risk, distribution",958.5,,,4.13,,,958.5,"A possible head-and-shoulders top is forming or breaking. This is a caution signal, not an entry setup.",Risk review,-0.19
AFCONS,Afcons Infrastructure Ltd.,AFCONS.NS,Construction,True,,NIFTY 500,^CRSLDX,2026-08-24,278.65,-0.09,2.56,-1.97,718364.0,1054147.0,0.68,200172124.22,47.98,40.97,True,True,False,False,False,1.3,-4.54,-5.02,False,False,False,False,6.51,0.01185152,0.0125264,-5.39,-3.47,False,0.0,0.0,0.68,-3.0,Risk review,Head-and-shoulders risk,"head-and-shoulders, risk, distribution",287.47,,,3.07,,,287.47,"A possible head-and-shoulders top is forming or breaking. This is a caution signal, not an entry setup.",Risk review,-0.24
GMDCLTD,Gujarat Mineral Development Corporation Ltd.,GMDCLTD.NS,Metals & Mining,True,,NIFTY 500,^CRSLDX,2026-08-24,570.85,0.15,-0.55,1.55,669666.0,1483275.0,0.45,382278819.75,46.11,45.51,False,False,False,False,False,-0.87,-2.42,-0.23,False,False,False,False,3.45,0.02427935,0.02510241,-3.28,-0.0,False,0.0,0.0,0.45,-3.0,Risk review,Head-and-shoulders risk,"head-and-shoulders, risk, distribution",573.0,,,0.38,,,573.0,"A possible head-and-shoulders top is forming or breaking. This is a caution signal, not an entry setup.",Risk review,-0.25
BRITANNIA,Britannia Industries Ltd.,BRITANNIA.NS,Fast Moving Consumer Goods,True,,NIFTY 500,^CRSLDX,2026-08-24,5311.0,-1.01,-3.8,0.28,260132.0,360912.0,0.72,1381561052.0,41.96,56.42,False,False,False,False,False,-3.23,-0.43,-0.61,False,False,False,False,-6.09,0.22588706,0.22861276,-1.19,-1.25,False,0.0,0.0,0.72,0.0,No clear setup,,,,,,,,,,,Weakening,-0.25
COROMANDEL,Coromandel International Ltd.,COROMANDEL.NS,Chemicals,True,,NIFTY 500,^CRSLDX,2026-08-24,1926.6,-3.48,-8.17,-3.85,309246.0,108993.0,2.84,595793336.05,31.47,58.16,False,False,False,False,False,-6.54,-5.44,-0.56,False,False,False,False,-9.43,0.08194201,0.08733421,-6.17,-5.32,False,0.0,0.0,2.84,0.0,No clear setup,,,,,,,,,,,Weakening,-0.26
SCHAEFFLER,Schaeffler India Ltd.,SCHAEFFLER.NS,Automobile and Auto Components,True,,NIFTY 500,^CRSLDX,2026-08-24,4020.4,0.06,-0.21,-3.94,94487.0,68948.0,1.37,379875525.57,43.37,43.1,False,False,False,False,True,-1.34,-2.53,0.25,False,False,False,False,-7.01,0.17099535,0.17677588,-3.27,-5.41,False,0.6666666666666666,0.0,1.37,0.0,No clear setup,,,,,,,,,,,Weakening,-0.28
VTL,Vardhman Textiles Ltd.,VTL.NS,Textiles,True,,NIFTY 500,^CRSLDX,2026-08-24,599.55,-0.56,-0.94,-4.57,162976.0,348411.0,0.47,97712258.81,45.78,47.73,True,False,False,False,True,-0.11,-3.82,3.45,False,False,False,False,-4.63,0.02550002,0.02673743,-4.63,-6.02,False,0.6666666666666666,0.0,0.47,-2.0,Risk review,Head-and-shoulders risk,"head-and-shoulders, risk, distribution",572.2,,,4.78,,,572.2,"A possible head-and-shoulders top is forming or breaking. This is a caution signal, not an entry setup.",Risk review,-0.3
ITC,ITC Ltd.,ITC.NS,Fast Moving Consumer Goods,True,,NIFTY 500,^CRSLDX,2026-08-24,269.7,0.11,-1.23,-5.65,8511454.0,14870180.0,0.57,2295539247.7,35.96,34.54,False,False,False,False,False,-3.46,-4.77,-3.45,False,False,False,False,-4.77,0.01147086,0.01214347,-5.54,-7.09,False,0.0,0.0,0.57,0.0,No clear setup,,,,,,,,,,,Mean reversion bounce,-0.3
EIHOTEL,EIH Ltd.,EIHOTEL.NS,Consumer Services,True,,NIFTY 500,^CRSLDX,2026-08-24,299.8,-0.97,1.28,-8.92,107059.0,195677.0,0.55,32096286.89,37.57,31.25,True,False,False,False,False,-3.77,-6.47,-2.23,False,False,False,False,-12.67,0.01275107,0.01373179,-7.14,-10.31,False,0.0,0.0,0.55,0.0,No clear setup,,,,,,,,,,,Mean reversion bounce,-0.3
KIMS,Krishna Institute of Medical Sciences Ltd.,KIMS.NS,Healthcare,True,,NIFTY 500,^CRSLDX,2026-08-24,766.35,-2.06,-4.25,-4.26,734949.0,621596.0,1.18,563228148.21,34.91,48.25,False,False,False,True,True,-4.4,-4.62,1.18,False,False,False,False,-4.44,0.03259434,0.03442755,-5.32,-5.72,False,0.6666666666666666,0.0,1.18,0.0,No clear setup,,,,,,,,,,,Weakening,-0.34
ATUL,Atul Ltd.,ATUL.NS,Chemicals,True,,NIFTY 500,^CRSLDX,2026-08-24,6425.0,-1.3,-4.4,-5.37,41601.0,51806.0,0.8,267286425.0,38.71,54.03,False,False,False,False,True,-4.48,-1.32,1.37,False,False,False,False,-9.37,0.27326762,0.27902919,-2.06,-6.81,False,0.6666666666666666,0.0,0.8,0.0,No clear setup,,,,,,,,,,,Weakening,-0.4
ACUTAAS,Acutaas Chemicals Ltd.,ACUTAAS.NS,Healthcare,True,,NIFTY 500,^CRSLDX,2026-08-24,3173.0,0.13,-0.79,-5.78,360242.0,334755.0,1.08,1143047866.0,44.65,44.75,False,False,False,True,True,-1.65,-5.2,6.8,False,False,False,False,-0.98,0.1349538,0.14336165,-5.86,-7.22,False,0.6666666666666666,0.0,1.08,0.0,No clear setup,,,,,,,,,,,Weakening,-0.4
ANGELONE,Angel One Ltd.,ANGELONE.NS,Financial Services,True,,NIFTY 500,^CRSLDX,2026-08-24,286.0,-0.63,-2.56,-5.98,5285146.0,4705950.0,1.12,1511551756.0,33.62,39.01,False,False,False,False,True,-2.72,-10.18,1.9,False,False,False,False,0.38,0.01216413,0.01367499,-11.05,-7.42,False,0.6666666666666666,0.0,1.12,0.0,No clear setup,,,,,,,,,,,Weakening,-0.4
TATAINVEST,Tata Investment Corporation Ltd.,TATAINVEST.NS,Financial Services,True,,NIFTY 500,^CRSLDX,2026-08-24,645.95,-0.31,-1.31,-0.62,111405.0,422118.0,0.26,71962061.11,39.44,41.97,False,False,False,False,False,-3.38,-3.41,-2.77,False,False,False,False,0.97,0.0274735,0.02867025,-4.17,-2.13,False,0.0,0.0,0.26,0.0,No clear setup,,,,,,,,,,,Weakening,-0.43
GMRAIRPORT,GMR Airports Ltd.,GMRAIRPORT.NS,Services,True,,NIFTY 500,^CRSLDX,2026-08-24,98.82,-0.81,-2.46,-8.5,12707028.0,9683505.0,1.31,1255708503.08,28.63,31.42,False,False,False,False,False,-5.06,-8.49,1.23,False,False,False,False,-7.95,0.004203,0.00462975,-9.22,-9.9,False,0.6666666666666666,0.0,1.31,2.2,Watch,Possible inverse H&S,"inverse-head-and-shoulders, base, reversal",103.31,,,4.34,,,103.31,A possible inverse head-and-shoulders base is visible. The setup improves only if price clears or holds near the neckline with better volume.,Setup watch: Possible inverse H&S,-0.43
RVNL,Rail Vikas Nigam Ltd.,RVNL.NS,Construction,True,,NIFTY 500,^CRSLDX,2026-08-24,221.7,-1.6,-2.67,-0.7,5266164.0,4406708.0,1.2,1167508542.73,40.22,47.28,False,False,False,False,False,-2.41,-3.83,-3.54,False,False,False,False,4.12,0.00942933,0.00988485,-4.61,-2.21,False,0.0,0.0,1.2,0.0,No clear setup,,,,,,,,,,,Weakening,-0.44
BPCL,Bharat Petroleum Corporation Ltd.,BPCL.NS,Oil Gas & Consumable Fuels,True,,NIFTY 500,^CRSLDX,2026-08-24,311.9,0.29,-1.5,-1.38,4311357.0,5004866.0,0.86,1344712221.99,46.9,50.25,False,False,False,True,False,-1.78,-0.44,-0.34,False,False,False,False,-7.32,0.01326571,0.01343232,-1.24,-2.88,False,0.0,0.0,0.86,-2.0,Risk review,Head-and-shoulders risk,"head-and-shoulders, risk, distribution",306.05,,,1.91,,,306.05,"A possible head-and-shoulders top is forming or breaking. This is a caution signal, not an entry setup.",Risk review,-0.48
YESBANK,Yes Bank Ltd.,YESBANK.NS,Financial Services,True,,NIFTY 500,^CRSLDX,2026-08-24,22.6,-0.88,-1.4,-1.48,40984430.0,45110765.0,0.91,926248133.63,42.83,47.02,False,False,False,True,True,-0.81,-4.08,-0.03,False,False,False,False,6.19,0.00096122,0.00100951,-4.78,-2.98,False,0.3333333333333333,0.0,0.91,-2.0,Risk review,Head-and-shoulders risk,"head-and-shoulders, risk, distribution, inverse-head-and-shoulders, base, reversal",21.69,,,4.17,,,21.69,"A possible head-and-shoulders top is forming or breaking. This is a caution signal, not an entry setup. Secondary patterns: Possible inverse H&S.",Risk review,-0.5
INDUSTOWER,Indus Towers Ltd.,INDUSTOWER.NS,Telecommunication,True,,NIFTY 500,^CRSLDX,2026-08-24,374.25,-0.4,-1.51,0.24,2140108.0,5046202.0,0.42,800935419.0,46.93,50.48,False,False,False,False,False,-0.17,-1.63,0.62,False,False,False,False,1.2,0.01591757,0.01633127,-2.53,-1.29,False,0.3333333333333333,0.0,0.42,-3.0,Risk review,Head-and-shoulders risk,"head-and-shoulders, risk, distribution",399.6,,,6.34,,,399.6,"A possible head-and-shoulders top is forming or breaking. This is a caution signal, not an entry setup.",Risk review,-0.51
ULTRACEMCO,UltraTech Cement Ltd.,ULTRACEMCO.NS,Construction Materials,True,,NIFTY 500,^CRSLDX,2026-08-24,11504.0,-0.57,-1.52,-1.2,297742.0,235508.0,1.26,3425223968.0,43.77,48.29,False,False,False,True,False,-2.51,-0.28,-0.05,False,False,False,False,-6.82,0.48928727,0.49455178,-1.06,-2.7,False,0.0,0.0,1.26,0.0,No clear setup,,,,,,,,,,,Weakening,-0.54
IGL,Indraprastha Gas Ltd.,IGL.NS,Oil Gas & Consumable Fuels,True,,NIFTY 500,^CRSLDX,2026-08-24,147.72,-0.1,-2.17,-1.7,3530819.0,1987881.0,1.78,521572586.99,38.35,42.59,False,False,False,False,False,-2.82,-5.25,-3.26,False,False,False,False,6.58,0.00628282,0.00668564,-6.03,-3.2,False,0.0,0.0,1.78,-2.0,Risk review,Head-and-shoulders risk,"head-and-shoulders, risk, distribution",145.43,,,1.58,,,145.43,"A possible head-and-shoulders top is forming or breaking. This is a caution signal, not an entry setup.",Risk review,-0.54
CANBK,Canara Bank,CANBK.NS,Financial Services,True,,NIFTY 500,^CRSLDX,2026-08-24,127.3,-2.05,-2.9,0.03,13552188.0,15939870.0,0.85,1725193573.76,45.33,56.87,False,False,False,False,False,-1.18,-0.82,0.23,False,False,False,False,-1.94,0.00541431,0.00550591,-1.66,-1.49,False,0.3333333333333333,0.0,0.85,-3.0,Risk review,Head-and-shoulders risk,"head-and-shoulders, risk, distribution",139.23,,,8.57,,,139.23,"A possible head-and-shoulders top is forming or breaking. This is a caution signal, not an entry setup.",Risk review,-0.55
ADANIPOWER,Adani Power Ltd.,ADANIPOWER.NS,Power,True,,NIFTY 500,^CRSLDX,2026-08-24,203.7,-0.88,0.07,-4.8,9498032.0,14132876.0,0.67,1934749089.41,37.99,34.91,False,False,False,False,True,-1.88,-5.81,2.74,False,False,False,False,0.14,0.00866375,0.00926774,-6.52,-6.25,False,0.6666666666666666,0.0,0.67,-3.0,Risk review,Head-and-shoulders risk,"head-and-shoulders, risk, distribution, inverse-head-and-shoulders, base, reversal",211.42,,,3.65,,,211.42,"A possible head-and-shoulders top is forming or breaking. This is a caution signal, not an entry setup. Secondary patterns: Possible inverse H&S.",Risk review,-0.55
BSE,BSE Ltd.,BSE.NS,Financial Services,True,,NIFTY 500,^CRSLDX,2026-08-24,3312.7,2.21,-0.58,-6.34,4301261.0,4336201.0,0.99,14248787104.68,37.84,34.08,False,False,False,False,True,-4.41,-9.65,3.23,False,False,False,False,0.97,0.14089551,0.15748866,-10.54,-7.76,False,0.6666666666666666,0.0,0.99,-3.0,Risk review,Head-and-shoulders risk,"head-and-shoulders, risk, distribution",3598.5,,,7.94,,,3598.5,"A possible head-and-shoulders top is forming or breaking. This is a caution signal, not an entry setup.",Risk review,-0.55
LICHSGFIN,LIC Housing Finance Ltd.,LICHSGFIN.NS,Financial Services,True,,NIFTY 500,^CRSLDX,2026-08-24,491.4,-1.13,0.61,-9.15,4348834.0,1964728.0,2.21,2137017001.06,38.14,32.12,False,False,False,False,False,-2.08,-6.1,-1.14,False,False,False,False,-8.28,0.02090019,0.02245014,-6.9,-10.54,False,0.0,0.0,2.21,-3.0,Risk review,Head-and-shoulders risk,"head-and-shoulders, risk, distribution",496.32,,,0.99,,,496.32,"A possible head-and-shoulders top is forming or breaking. This is a caution signal, not an entry setup.",Risk review,-0.55
GVT&D,GE Vernova T&D India Ltd.,GVT&D.NS,Capital Goods,True,,NIFTY 500,^CRSLDX,2026-08-24,4177.9,1.23,-2.37,-0.33,897978.0,1049603.0,0.86,3751662198.51,43.17,44.1,False,False,False,False,True,-1.8,-8.05,3.38,False,False,False,False,13.92,0.17769413,0.19470429,-8.74,-1.85,False,0.6666666666666666,0.0,0.86,-3.0,Risk review,Head-and-shoulders risk,"head-and-shoulders, risk, distribution, inverse-head-and-shoulders, base, reversal",4275.55,,,2.28,,,4275.55,"A possible head-and-shoulders top is forming or breaking. This is a caution signal, not an entry setup. Secondary patterns: Possible inverse H&S.",Risk review,-0.62
RAILTEL,Railtel Corporation Of India Ltd.,RAILTEL.NS,Telecommunication,True,,NIFTY 500,^CRSLDX,2026-08-24,282.05,-1.81,0.75,-1.82,609524.0,1212897.0,0.5,171916236.76,43.74,35.89,False,False,False,False,False,-1.39,-5.35,-2.52,False,False,False,False,3.07,0.01199613,0.01278503,-6.17,-3.32,False,0.0,0.0,0.5,0.0,No clear setup,,,,,,,,,,,Weakening,-0.66
OLECTRA,Olectra Greentech Ltd.,OLECTRA.NS,Automobile and Auto Components,True,,NIFTY 500,^CRSLDX,2026-08-24,1297.6,-1.58,-1.7,-2.3,263494.0,341978.0,0.77,341909807.97,40.1,41.33,False,False,False,False,True,-3.45,-6.68,-1.12,False,False,False,False,6.71,0.05518943,0.05944157,-7.15,-3.79,False,0.3333333333333333,0.0,0.77,-2.0,Risk review,Head-and-shoulders risk,"head-and-shoulders, risk, distribution, breakout, retest, pivot, volume, inverse-head-and-shoulders, base, reversal",1266.1,,,2.49,,,1266.1,"A possible head-and-shoulders top is forming or breaking. This is a caution signal, not an entry setup. Secondary patterns: Breakout retest, Possible inverse H&S.",Risk review,-0.66
IRCTC,Indian Railway Catering And Tourism Corporation Ltd.,IRCTC.NS,Consumer Services,True,,NIFTY 500,^CRSLDX,2026-08-24,483.15,-0.22,-3.36,-2.2,947781.0,1008821.0,0.94,457920384.37,35.19,45.1,False,False,False,False,False,-3.63,-4.22,-3.47,False,False,False,False,-1.08,0.0205493,0.02163212,-5.01,-3.69,False,0.0,0.0,0.94,0.0,No clear setup,,,,,,,,,,,Weakening,-0.74
BANKBARODA,Bank of Baroda,BANKBARODA.NS,Financial Services,True,,NIFTY 500,^CRSLDX,2026-08-24,241.5,-2.23,-2.05,-1.02,15272248.0,8026285.0,1.9,3688247892.0,41.2,46.3,False,False,False,False,False,-1.75,-5.11,-0.65,False,False,False,False,8.61,0.01027146,0.0109128,-5.88,-2.53,False,0.0,0.0,1.9,-3.0,Risk review,Head-and-shoulders risk,"head-and-shoulders, risk, distribution",278.0,,,13.13,,,278.0,"A possible head-and-shoulders top is forming or breaking. This is a caution signal, not an entry setup.",Risk review,-0.76
UCOBANK,UCO Bank,UCOBANK.NS,Financial Services,True,,NIFTY 500,^CRSLDX,2026-08-24,25.89,0.66,-0.84,-2.89,4400010.0,3347623.0,1.31,113916256.21,45.07,46.69,False,False,False,False,False,-0.98,-2.31,-1.92,False,False,False,False,-3.23,0.00110115,0.00113565,-3.04,-4.37,False,0.0,0.0,1.31,-2.0,Risk review,Head-and-shoulders risk,"head-and-shoulders, risk, distribution",25.26,,,2.51,,,25.26,"A possible head-and-shoulders top is forming or breaking. This is a caution signal, not an entry setup.",Risk review,-0.77
IRFC,Indian Railway Finance Corporation Ltd.,IRFC.NS,Financial Services,True,,NIFTY 500,^CRSLDX,2026-08-24,85.99,-0.47,-1.22,-2.43,8793809.0,7644993.0,1.15,756179617.12,37.26,37.54,False,False,False,False,False,-2.22,-4.52,-3.21,False,False,False,False,-0.54,0.00365732,0.00386689,-5.42,-3.92,False,0.0,0.0,1.15,0.0,No clear setup,,,,,,,,,,,Weakening,-0.78
IOC,Indian Oil Corporation Ltd.,IOC.NS,Oil Gas & Consumable Fuels,True,,NIFTY 500,^CRSLDX,2026-08-24,138.5,1.91,-0.08,-1.26,9431596.0,8500201.0,1.11,1306276046.0,48.43,46.12,True,False,False,False,False,-0.61,-1.07,-0.67,False,False,False,False,-3.78,0.00589067,0.00600346,-1.88,-2.77,False,0.0,0.0,1.11,-3.0,Risk review,Head-and-shoulders risk,"head-and-shoulders, risk, distribution",142.5,,,2.8,,,142.5,"A possible head-and-shoulders top is forming or breaking. This is a caution signal, not an entry setup.",Risk review,-0.8
ATGL,Adani Total Gas Ltd.,ATGL.NS,Oil Gas & Consumable Fuels,True,,NIFTY 500,^CRSLDX,2026-08-24,639.6,-1.01,-1.13,-3.16,451725.0,1001990.0,0.45,288923298.97,36.68,36.11,False,False,False,False,True,-2.45,-7.15,0.51,False,False,False,False,5.68,0.02720342,0.02954641,-7.93,-4.64,False,0.6666666666666666,0.0,0.45,-2.0,Risk review,Head-and-shoulders risk,"head-and-shoulders, risk, distribution, inverse-head-and-shoulders, base, reversal",639.25,,,0.05,,,639.25,"A possible head-and-shoulders top is forming or breaking. This is a caution signal, not an entry setup. Secondary patterns: Possible inverse H&S.",Risk review,-0.83
RAMCOCEM,The Ramco Cements Ltd.,RAMCOCEM.NS,Construction Materials,True,,NIFTY 500,^CRSLDX,2026-08-24,903.9,0.54,-2.03,-1.46,386326.0,290291.0,1.33,349200080.83,45.28,50.46,False,False,False,False,False,-1.66,-1.45,-1.09,False,False,False,False,-1.23,0.03844461,0.03931717,-2.22,-2.96,False,0.0,0.0,1.33,-3.0,Risk review,Head-and-shoulders risk,"head-and-shoulders, risk, distribution",944.7,,,4.32,,,944.7,"A possible head-and-shoulders top is forming or breaking. This is a caution signal, not an entry setup.",Risk review,-0.84
AXISBANK,Axis Bank Ltd.,AXISBANK.NS,Financial Services,True,,NIFTY 500,^CRSLDX,2026-08-24,1236.0,-0.79,0.71,0.69,3768522.0,5456605.0,0.69,4657893192.0,44.6,40.18,True,False,False,False,False,-0.26,-4.13,0.18,False,False,False,False,9.22,0.05256946,0.05528806,-4.92,-0.84,False,0.6666666666666666,0.0,0.69,-2.0,Risk review,Head-and-shoulders risk,"head-and-shoulders, risk, distribution",1183.6,,,4.43,,,1183.6,"A possible head-and-shoulders top is forming or breaking. This is a caution signal, not an entry setup.",Risk review,-0.87
LEMONTREE,Lemon Tree Hotels Ltd.,LEMONTREE.NS,Consumer Services,True,,NIFTY 500,^CRSLDX,2026-08-24,108.56,0.21,-0.9,-2.92,2384801.0,2963031.0,0.8,258893990.74,41.99,43.75,False,False,False,False,False,-1.25,-4.03,-4.25,False,False,False,False,0.03,0.00461727,0.00484344,-4.67,-4.4,False,0.0,0.0,0.8,0.0,No clear setup,,,,,,,,,,,Weakening,-0.88
SWANCORP,Swan Corp Ltd.,SWANCORP.NS,Chemicals,True,,NIFTY 500,^CRSLDX,2026-08-24,302.9,-0.31,-0.75,-2.98,843119.0,852939.0,0.99,255380739.95,40.14,41.85,False,False,False,False,False,-1.52,-3.27,-3.6,False,False,False,False,-4.0,0.01288292,0.01342631,-4.05,-4.46,False,0.0,0.0,0.99,0.0,No clear setup,,,,,,,,,,,Weakening,-0.89
3MINDIA,3M India Ltd.,3MINDIA.NS,Diversified,True,,NIFTY 500,^CRSLDX,2026-08-24,33885.0,0.73,-2.94,-3.72,1835.0,4101.0,0.45,62178975.0,40.16,46.7,False,False,False,True,True,-3.66,-1.82,1.83,False,False,False,False,-13.62,1.4411943,1.47799465,-2.49,-5.19,False,0.6666666666666666,0.0,0.45,-2.0,Risk review,Head-and-shoulders risk,"head-and-shoulders, risk, distribution",32880.0,,,3.06,,,32880.0,"A possible head-and-shoulders top is forming or breaking. This is a caution signal, not an entry setup.",Risk review,-0.94
JKTYRE,JK Tyre & Industries Ltd.,JKTYRE.NS,Automobile and Auto Components,True,,NIFTY 500,^CRSLDX,2026-08-24,382.6,2.11,0.16,-3.29,666131.0,873238.0,0.76,254861724.67,44.7,40.84,True,False,False,False,False,-2.35,-3.24,-0.32,False,False,False,False,-6.92,0.01627271,0.01694938,-3.99,-4.77,False,0.0,0.0,0.76,0.0,No clear setup,,,,,,,,,,,Weakening,-0.95
FORCEMOT,Force Motors Ltd.,FORCEMOT.NS,Automobile and Auto Components,True,,NIFTY 500,^CRSLDX,2026-08-24,17600.0,-0.96,-5.4,1.92,48400.0,88837.0,0.54,851840000.0,42.45,53.89,False,False,False,False,False,-3.12,-3.27,0.67,False,False,False,False,4.13,0.74856189,0.78024252,-4.06,0.37,False,0.3333333333333333,0.0,0.54,-3.0,Risk review,Head-and-shoulders risk,"head-and-shoulders, risk, distribution",18995.0,,,7.34,,,18995.0,"A possible head-and-shoulders top is forming or breaking. This is a caution signal, not an entry setup.",Risk review,-0.98
BSOFT,Birlasoft Ltd.,BSOFT.NS,Information Technology,True,,NIFTY 500,^CRSLDX,2026-08-24,299.0,-1.56,-3.8,1.89,971527.0,1814206.0,0.54,290486573.0,43.4,53.34,False,False,False,False,False,-4.09,-0.22,-1.19,False,False,False,False,1.44,0.01271705,0.01286435,-1.15,0.34,False,0.0,0.0,0.54,-3.0,Risk review,Head-and-shoulders risk,"head-and-shoulders, risk, distribution",374.82,,,20.23,,,374.82,"A possible head-and-shoulders top is forming or breaking. This is a caution signal, not an entry setup.",Risk review,-0.98
ICICIGI,ICICI Lombard General Insurance Company Ltd.,ICICIGI.NS,Financial Services,True,,NIFTY 500,^CRSLDX,2026-08-24,1620.0,0.19,-0.39,-3.63,621714.0,745200.0,0.83,1007176680.0,41.61,41.68,False,False,False,False,False,-1.24,-5.21,-1.72,False,False,False,False,0.46,0.06890172,0.0732354,-5.92,-5.1,False,0.0,0.0,0.83,0.0,No clear setup,,,,,,,,,,,Weakening,-1.02
CANFINHOME,Can Fin Homes Ltd.,CANFINHOME.NS,Financial Services,True,,NIFTY 500,^CRSLDX,2026-08-24,810.1,-2.45,-0.52,-0.33,177754.0,179934.0,0.99,143998511.06,41.83,39.73,False,False,False,False,False,-1.11,-5.03,-0.01,False,False,False,False,0.83,0.03445511,0.03656389,-5.77,-1.85,False,0.0,0.0,0.99,-2.0,Risk review,Head-and-shoulders risk,"head-and-shoulders, risk, distribution",789.8,,,2.57,,,789.8,"A possible head-and-shoulders top is forming or breaking. This is a caution signal, not an entry setup.",Risk review,-1.07
HBLENGINE,HBL Engineering Ltd.,HBLENGINE.NS,Capital Goods,True,,NIFTY 500,^CRSLDX,2026-08-24,690.9,-1.66,2.42,-3.2,653938.0,997816.0,0.66,451805780.17,43.0,32.46,True,False,False,False,False,-1.76,-7.57,-3.0,False,False,False,False,5.89,0.02938531,0.03203309,-8.27,-4.68,False,0.0,0.0,0.66,-3.0,Risk review,Head-and-shoulders risk,"head-and-shoulders, risk, distribution",710.6,,,2.77,,,710.6,"A possible head-and-shoulders top is forming or breaking. This is a caution signal, not an entry setup.",Risk review,-1.09
JSWCEMENT,JSW Cement Ltd.,JSWCEMENT.NS,Construction Materials,True,,NIFTY 500,^CRSLDX,2026-08-24,126.79,0.6,-0.63,-5.67,882845.0,1183291.0,0.75,111935918.36,39.35,35.5,False,False,False,False,True,-2.74,-4.69,-0.45,False,False,False,False,-8.04,0.00539262,0.00570157,-5.42,-7.11,False,0.3333333333333333,0.0,0.75,-2.0,Risk review,Head-and-shoulders risk,"head-and-shoulders, risk, distribution, breakout, retest, pivot, volume, inverse-head-and-shoulders, base, reversal",124.6,,,1.76,,,124.6,"A possible head-and-shoulders top is forming or breaking. This is a caution signal, not an entry setup. Secondary patterns: Breakout retest, Possible inverse H&S.",Risk review,-1.1
TRITURBINE,Triveni Turbine Ltd.,TRITURBINE.NS,Capital Goods,True,,NIFTY 500,^CRSLDX,2026-08-24,576.8,0.34,-3.53,-7.48,372109.0,774956.0,0.48,214632466.66,38.85,42.54,False,False,False,False,True,-4.35,-8.46,1.42,False,False,False,False,1.02,0.02453241,0.0270212,-9.21,-8.89,False,0.6666666666666666,0.0,0.48,-2.0,Risk review,Head-and-shoulders risk,"head-and-shoulders, risk, distribution, inverse-head-and-shoulders, base, reversal",553.92,,,4.13,,,553.92,"A possible head-and-shoulders top is forming or breaking. This is a caution signal, not an entry setup. Secondary patterns: Possible inverse H&S.",Risk review,-1.1
ADANIENSOL,Adani Energy Solutions Ltd.,ADANIENSOL.NS,Power,True,,NIFTY 500,^CRSLDX,2026-08-24,1555.1,0.86,-2.14,-8.7,1717728.0,2128436.0,0.81,2671238770.86,39.94,42.32,False,False,False,True,True,-3.52,-3.21,5.68,False,False,False,False,-23.93,0.0661414,0.06886815,-3.96,-10.09,False,0.6666666666666666,0.0,0.81,-2.0,Risk review,Head-and-shoulders risk,"head-and-shoulders, risk, distribution, breakout, retest, pivot, volume, inverse-head-and-shoulders, base, reversal",1532.35,,,1.48,,,1532.35,"A possible head-and-shoulders top is forming or breaking. This is a caution signal, not an entry setup. Secondary patterns: Breakout retest, Possible inverse H&S.",Risk review,-1.1
SPLPETRO,Supreme Petrochem Ltd.,SPLPETRO.NS,Chemicals,True,,NIFTY 500,^CRSLDX,2026-08-24,691.4,-0.92,-4.43,-9.13,47919.0,157571.0,0.3,33131197.77,41.82,52.75,False,False,False,False,True,-2.65,-3.77,-0.73,False,False,False,False,-15.05,0.02940657,0.0307779,-4.46,-10.52,False,0.3333333333333333,0.0,0.3,-2.0,Risk review,Head-and-shoulders risk,"head-and-shoulders, risk, distribution, inverse-head-and-shoulders, base, reversal",688.05,,,0.49,,,688.05,"A possible head-and-shoulders top is forming or breaking. This is a caution signal, not an entry setup. Secondary patterns: Possible inverse H&S.",Risk review,-1.1
SCHNEIDER,Schneider Electric Infrastructure Ltd.,SCHNEIDER.NS,Capital Goods,True,,NIFTY 500,^CRSLDX,2026-08-24,1158.4,-4.84,-4.44,-14.32,591052.0,510152.0,1.16,684674651.23,34.46,36.35,False,False,False,False,True,-12.1,-14.34,4.91,False,False,False,False,-8.02,0.04926898,0.05788297,-14.88,-15.63,False,0.6666666666666666,0.0,1.16,-2.0,Risk review,Head-and-shoulders risk,"head-and-shoulders, risk, distribution",1154.6,,,0.33,,,1154.6,"A possible head-and-shoulders top is forming or breaking. This is a caution signal, not an entry setup.",Risk review,-1.1
ACC,ACC Ltd.,ACC.NS,Construction Materials,True,,NIFTY 500,^CRSLDX,2026-08-24,1300.9,-0.5,-1.19,-4.21,88388.0,175630.0,0.5,114983951.36,38.44,38.94,False,False,False,False,False,-3.06,-3.75,-3.23,False,False,False,False,-6.85,0.05532978,0.05796819,-4.55,-5.67,False,0.0,0.0,0.5,0.0,No clear setup,,,,,,,,,,,Weakening,-1.13
ALKEM,Alkem Laboratories Ltd.,ALKEM.NS,Healthcare,True,,NIFTY 500,^CRSLDX,2026-08-24,5350.0,-0.93,-0.45,-4.51,46338.0,132411.0,0.35,247908300.0,38.56,37.11,False,False,False,False,False,-3.47,-3.33,0.13,False,False,False,False,-8.91,0.2275458,0.23722383,-4.08,-5.97,False,0.6666666666666666,0.0,0.35,0.0,No clear setup,,,,,,,,,,,Weakening,-1.19
ABBOTINDIA,Abbott India Ltd.,ABBOTINDIA.NS,Healthcare,True,,NIFTY 500,^CRSLDX,2026-08-24,26420.0,0.72,-1.8,-4.96,10302.0,9093.0,1.13,272178840.0,39.49,42.62,False,False,False,True,False,-3.44,-0.94,-0.64,False,False,False,False,-18.14,1.12369347,1.14391473,-1.77,-6.41,False,0.0,0.0,1.13,0.0,No clear setup,,,,,,,,,,,Weakening,-1.2
BBTC,Bombay Burmah Trading Corporation Ltd.,BBTC.NS,Fast Moving Consumer Goods,True,,NIFTY 500,^CRSLDX,2026-08-24,1422.2,-0.36,-2.83,-4.97,31619.0,35033.0,0.9,44968540.26,31.06,38.83,False,False,False,False,False,-3.99,-5.63,-2.78,False,False,False,False,-2.57,0.0604889,0.0645949,-6.36,-6.42,False,0.0,0.0,0.9,0.0,No clear setup,,,,,,,,,,,Weakening,-1.2
AMBUJACEM,Ambuja Cements Ltd.,AMBUJACEM.NS,Construction Materials,True,,NIFTY 500,^CRSLDX,2026-08-24,408.75,-1.39,-1.57,-5.15,2180178.0,3206420.0,0.68,891147757.5,37.95,39.2,False,False,False,False,False,-3.88,-4.44,-2.81,False,False,False,False,-7.51,0.01738492,0.01834528,-5.23,-6.6,False,0.0,0.0,0.68,0.0,No clear setup,,,,,,,,,,,Weakening,-1.2
SBILIFE,SBI Life Insurance Company Ltd.,SBILIFE.NS,Financial Services,True,,NIFTY 500,^CRSLDX,2026-08-24,1761.8,-1.73,-1.6,-5.62,542000.0,861827.0,0.63,954895626.46,34.13,37.52,False,False,False,False,False,-4.17,-3.22,-0.19,False,False,False,False,-12.71,0.07493275,0.07805956,-4.01,-7.06,False,0.0,0.0,0.63,0.0,No clear setup,,,,,,,,,,,Weakening,-1.2
HUDCO,Housing & Urban Development Corporation Ltd.,HUDCO.NS,Financial Services,True,,NIFTY 500,^CRSLDX,2026-08-24,187.53,0.77,-0.78,-5.9,891930.0,1976299.0,0.45,167263631.81,37.36,37.03,False,False,False,False,False,-2.89,-5.99,-1.46,False,False,False,False,-3.91,0.00797601,0.00855612,-6.78,-7.34,False,0.0,0.0,0.45,0.0,No clear setup,,,,,,,,,,,Weakening,-1.2
GILLETTE,Gillette India Ltd.,GILLETTE.NS,Fast Moving Consumer Goods,True,,NIFTY 500,^CRSLDX,2026-08-24,7406.5,-0.43,-1.36,-5.97,23028.0,19169.0,1.2,170556882.0,33.79,39.51,False,False,False,False,False,-2.16,-3.33,-1.73,False,False,False,False,-11.73,0.31501271,0.32856284,-4.12,-7.41,False,0.0,0.0,1.2,0.0,No clear setup,,,,,,,,,,,Weakening,-1.2
HINDUNILVR,Hindustan Unilever Ltd.,HINDUNILVR.NS,Fast Moving Consumer Goods,True,,NIFTY 500,^CRSLDX,2026-08-24,2030.0,0.74,-1.22,-6.65,891076.0,1875883.0,0.48,1808884280.0,40.35,41.59,False,False,False,False,False,-1.96,-4.41,-1.76,False,False,False,False,-8.49,0.08633981,0.09103768,-5.16,-8.07,False,0.0,0.0,0.48,0.0,No clear setup,,,,,,,,,,,Weakening,-1.2
VBL,Varun Beverages Ltd.,VBL.NS,Fast Moving Consumer Goods,True,,NIFTY 500,^CRSLDX,2026-08-24,428.0,-0.49,-1.35,-7.76,3722591.0,6311400.0,0.59,1593268948.0,36.8,36.23,False,False,False,False,False,-2.46,-9.0,-0.42,False,False,False,False,-0.7,0.01820366,0.02020578,-9.91,-9.16,False,0.0,0.0,0.59,0.0,No clear setup,,,,,,,,,,,Weakening,-1.2
APTUS,Aptus Value Housing Finance India Ltd.,APTUS.NS,Financial Services,True,,NIFTY 500,^CRSLDX,2026-08-24,254.35,-1.32,-0.33,-8.85,847180.0,1049004.0,0.81,215480238.17,39.9,37.8,False,False,False,False,False,-2.38,-6.95,-1.69,False,False,False,False,-14.01,0.010818,0.01173044,-7.78,-10.24,False,0.3333333333333333,0.0,0.81,0.0,No clear setup,,,,,,,,,,,Weakening,-1.2
PIIND,PI Industries Ltd.,PIIND.NS,Chemicals,True,,NIFTY 500,^CRSLDX,2026-08-24,2475.0,-0.87,0.12,-9.43,113147.0,299583.0,0.38,280038825.0,33.68,29.86,False,False,False,False,False,-6.19,-6.82,-3.0,False,False,False,False,-17.25,0.10526652,0.11403202,-7.69,-10.81,False,0.0,0.0,0.38,0.0,No clear setup,,,,,,,,,,,Weakening,-1.2
MAXHEALTH,Max Healthcare Institute Ltd.,MAXHEALTH.NS,Healthcare,True,,NIFTY 500,^CRSLDX,2026-08-24,990.5,-0.95,-1.32,-11.13,1996660.0,1922721.0,1.04,1977691730.0,30.5,30.26,False,False,False,False,False,-5.58,-8.27,-1.12,False,False,False,False,-8.95,0.04212787,0.04622691,-8.87,-12.49,False,0.3333333333333333,0.0,1.04,0.0,No clear setup,,,,,,,,,,,Weakening,-1.2
SUZLON,Suzlon Energy Ltd.,SUZLON.NS,Capital Goods,True,,NIFTY 500,^CRSLDX,2026-08-24,47.05,0.73,-3.98,-11.48,29085604.0,66436141.0,0.44,1368477646.01,37.51,44.42,False,False,False,False,False,-1.23,-10.08,-1.52,False,False,False,False,-5.12,0.00200113,0.00224357,-10.81,-12.83,False,0.3333333333333333,0.0,0.44,0.0,No clear setup,,,,,,,,,,,Weakening,-1.2
COLPAL,Colgate Palmolive (India) Ltd.,COLPAL.NS,Fast Moving Consumer Goods,True,,NIFTY 500,^CRSLDX,2026-08-24,1879.0,-0.53,-4.33,-12.06,129481.0,426711.0,0.3,243294799.0,30.56,35.94,False,False,False,False,False,-6.25,-7.29,-0.89,False,False,False,False,-19.56,0.07991749,0.08696485,-8.1,-13.4,False,0.0,0.0,0.3,0.0,No clear setup,,,,,,,,,,,Weakening,-1.2
GODREJCP,Godrej Consumer Products Ltd.,GODREJCP.NS,Fast Moving Consumer Goods,True,,NIFTY 500,^CRSLDX,2026-08-24,928.9,-0.44,0.1,-13.01,2002551.0,2540292.0,0.79,1860169672.79,33.48,30.5,False,False,False,False,False,-7.08,-9.61,-0.97,False,False,False,False,-18.71,0.03950791,0.04407457,-10.36,-14.34,False,0.0,0.0,0.79,0.0,No clear setup,,,,,,,,,,,Weakening,-1.2
JPPOWER,Jaiprakash Power Ventures Ltd.,JPPOWER.NS,Power,True,,NIFTY 500,^CRSLDX,2026-08-24,17.1,0.0,-1.67,0.53,33257254.0,58432061.0,0.57,568699056.09,40.99,44.93,False,False,False,False,False,-3.06,-2.57,-0.21,False,False,False,False,4.12,0.0007273,0.00075295,-3.41,-1.0,False,0.3333333333333333,0.0,0.57,-3.0,Risk review,Head-and-shoulders risk,"head-and-shoulders, risk, distribution",17.34,,,1.38,,,17.34,"A possible head-and-shoulders top is forming or breaking. This is a caution signal, not an entry setup.",Risk review,-1.25
KPITTECH,KPIT Technologies Ltd.,KPITTECH.NS,Information Technology,True,,NIFTY 500,^CRSLDX,2026-08-24,583.1,-1.05,-4.25,0.48,1117355.0,4313108.0,0.26,651529673.22,41.38,49.63,False,False,False,False,False,-4.03,-5.21,-6.08,False,False,False,False,17.33,0.02480036,0.02639641,-6.05,-1.05,False,0.0,0.0,0.26,-3.0,Risk review,Head-and-shoulders risk,"head-and-shoulders, risk, distribution",616.58,,,5.43,,,616.58,"A possible head-and-shoulders top is forming or breaking. This is a caution signal, not an entry setup.",Risk review,-1.26
PWL,Physicswallah Ltd.,PWL.NS,Consumer Services,True,,NIFTY 500,^CRSLDX,2026-08-24,121.46,0.52,1.24,-1.32,10226342.0,13264882.0,0.77,1242091489.96,44.07,41.3,True,False,False,True,,-1.98,-5.36,,False,False,False,False,-1.69,0.00516593,0.00548878,-5.88,-2.83,False,0.0,0.0,0.77,-2.0,Risk review,Head-and-shoulders risk,"head-and-shoulders, risk, distribution, inverse-head-and-shoulders, base, reversal",120.87,,,0.49,,,120.87,"A possible head-and-shoulders top is forming or breaking. This is a caution signal, not an entry setup. Secondary patterns: Possible inverse H&S.",Risk review,-1.27
MARUTI,Maruti Suzuki India Ltd.,MARUTI.NS,Automobile and Auto Components,True,,NIFTY 500,^CRSLDX,2026-08-24,13620.0,0.41,-1.02,0.2,230493.0,369837.0,0.62,3139314660.0,44.89,48.55,False,False,False,True,False,-1.84,-0.72,-1.46,False,False,False,False,-3.03,0.57928483,0.58824222,-1.52,-1.33,False,0.0,0.0,0.62,-3.0,Risk review,Head-and-shoulders risk,"head-and-shoulders, risk, distribution, breakout, retest, pivot, volume",15139.5,,,10.04,,,15139.5,"A possible head-and-shoulders top is forming or breaking. This is a caution signal, not an entry setup. Secondary patterns: Breakout retest.",Risk review,-1.32
JWL,Jupiter Wagons Ltd.,JWL.NS,Capital Goods,True,,NIFTY 500,^CRSLDX,2026-08-24,247.85,0.34,-1.9,0.1,667588.0,1374464.0,0.49,165461689.87,38.63,42.94,False,False,False,False,False,-3.13,-4.29,-2.4,False,False,False,False,7.17,0.01054154,0.01111559,-5.16,-1.43,False,0.0,0.0,0.49,-3.0,Risk review,Head-and-shoulders risk,"head-and-shoulders, risk, distribution",258.96,,,4.29,,,258.96,"A possible head-and-shoulders top is forming or breaking. This is a caution signal, not an entry setup.",Risk review,-1.34
BAJAJHFL,Bajaj Housing Finance Ltd.,BAJAJHFL.NS,Financial Services,True,,NIFTY 500,^CRSLDX,2026-08-24,84.05,-0.94,0.06,-1.7,3000260.0,3138459.0,0.96,252171862.16,40.94,38.29,False,False,False,False,False,-1.73,-2.87,-2.64,False,False,False,False,-1.06,0.00357481,0.00370974,-3.64,-3.2,False,0.0,0.0,0.96,-2.0,Risk review,Head-and-shoulders risk,"head-and-shoulders, risk, distribution",82.68,,,1.66,,,82.68,"A possible head-and-shoulders top is forming or breaking. This is a caution signal, not an entry setup.",Risk review,-1.34
POWERGRID,Power Grid Corporation of India Ltd.,POWERGRID.NS,Power,True,,NIFTY 500,^CRSLDX,2026-08-24,271.4,-0.37,1.97,-6.04,7642317.0,9003206.0,0.85,2074124787.15,44.61,29.79,True,False,False,False,False,-0.93,-3.56,-0.2,False,False,False,False,-7.72,0.01154316,0.01207054,-4.37,-7.47,False,0.0,0.0,0.85,-3.0,Risk review,Head-and-shoulders risk,"head-and-shoulders, risk, distribution",286.85,,,5.39,,,286.85,"A possible head-and-shoulders top is forming or breaking. This is a caution signal, not an entry setup.",Risk review,-1.35
KEC,Kec International Ltd.,KEC.NS,Construction,True,,NIFTY 500,^CRSLDX,2026-08-24,431.35,-1.06,-1.15,-6.08,551962.0,1200790.0,0.46,238088812.07,35.12,31.39,False,False,False,False,False,-4.73,-10.49,-6.14,False,False,False,False,2.94,0.01834615,0.0206592,-11.2,-7.51,False,0.0,0.0,0.46,-3.0,Risk review,Head-and-shoulders risk,"head-and-shoulders, risk, distribution",483.52,,,10.79,,,483.52,"A possible head-and-shoulders top is forming or breaking. This is a caution signal, not an entry setup.",Risk review,-1.35
BLUESTARCO,Blue Star Ltd.,BLUESTARCO.NS,Consumer Durables,True,,NIFTY 500,^CRSLDX,2026-08-24,1504.0,-0.52,-0.27,-8.47,203538.0,623697.0,0.33,306121152.0,36.46,34.89,True,False,False,False,False,-4.21,-7.05,-2.02,False,False,False,False,-10.16,0.06396802,0.06937291,-7.79,-9.87,False,0.0,0.0,0.33,-3.0,Risk review,Head-and-shoulders risk,"head-and-shoulders, risk, distribution",1547.5,,,2.81,,,1547.5,"A possible head-and-shoulders top is forming or breaking. This is a caution signal, not an entry setup.",Risk review,-1.35
NLCINDIA,NLC India Ltd.,NLCINDIA.NS,Power,True,,NIFTY 500,^CRSLDX,2026-08-24,273.1,1.22,-1.64,-8.49,1870653.0,2135810.0,0.88,510875345.72,36.22,34.22,False,False,False,False,False,-4.7,-9.01,0.93,False,False,False,False,-0.35,0.01161547,0.01287205,-9.76,-9.89,False,0.6666666666666666,0.0,0.88,-3.0,Risk review,Head-and-shoulders risk,"head-and-shoulders, risk, distribution",283.1,,,3.53,,,283.1,"A possible head-and-shoulders top is forming or breaking. This is a caution signal, not an entry setup.",Risk review,-1.35
SRF,SRF Ltd.,SRF.NS,Chemicals,True,,NIFTY 500,^CRSLDX,2026-08-24,2580.8,0.35,-1.35,-1.93,262147.0,280429.0,0.93,676548990.4,40.66,43.67,False,False,False,False,False,-1.12,-4.3,-1.51,False,False,False,False,-1.71,0.1097664,0.11564569,-5.08,-3.42,False,0.0,0.0,0.93,-2.0,Risk review,Head-and-shoulders risk,"head-and-shoulders, risk, distribution",2472.75,,,4.37,,,2472.75,"A possible head-and-shoulders top is forming or breaking. This is a caution signal, not an entry setup.",Risk review,-1.38
DMART,Avenue Supermarts Ltd.,DMART.NS,Consumer Services,True,,NIFTY 500,^CRSLDX,2026-08-24,3940.0,0.87,-1.38,-2.18,214064.0,522896.0,0.41,843412160.0,44.33,48.04,False,False,False,False,False,-0.67,-3.16,-0.66,False,False,False,False,4.5,0.16757579,0.17431198,-3.86,-3.67,False,0.3333333333333333,0.0,0.41,-2.0,Risk review,Head-and-shoulders risk,"head-and-shoulders, risk, distribution",3794.4,,,3.84,,,3794.4,"A possible head-and-shoulders top is forming or breaking. This is a caution signal, not an entry setup.",Risk review,-1.43
DELHIVERY,Delhivery Ltd.,DELHIVERY.NS,Services,True,,NIFTY 500,^CRSLDX,2026-08-24,444.75,-1.32,-2.47,-5.37,1948188.0,3625590.0,0.54,866456613.0,34.56,39.64,False,False,False,False,True,-4.39,-6.89,-0.09,False,False,False,False,-7.54,0.01891607,0.02047169,-7.6,-6.82,False,0.3333333333333333,0.0,0.54,-3.0,Risk review,Head-and-shoulders risk,"head-and-shoulders, risk, distribution",459.0,,,3.1,,,459.0,"A possible head-and-shoulders top is forming or breaking. This is a caution signal, not an entry setup.",Risk review,-1.45
ADANIGREEN,Adani Green Energy Ltd.,ADANIGREEN.NS,Power,True,,NIFTY 500,^CRSLDX,2026-08-24,1308.0,-0.91,-1.48,-6.55,692446.0,1462327.0,0.47,905719368.0,36.16,35.26,False,False,False,False,True,-3.07,-9.55,2.54,False,False,False,False,-0.52,0.05563176,0.06199115,-10.26,-7.98,False,0.6666666666666666,0.0,0.47,-3.0,Risk review,Head-and-shoulders risk,"head-and-shoulders, risk, distribution, inverse-head-and-shoulders, base, reversal",1331.2,,,1.74,,,1331.2,"A possible head-and-shoulders top is forming or breaking. This is a caution signal, not an entry setup. Secondary patterns: Possible inverse H&S.",Risk review,-1.45
AIAENG,AIA Engineering Ltd.,AIAENG.NS,Capital Goods,True,,NIFTY 500,^CRSLDX,2026-08-24,4276.3,-1.67,-2.45,-7.73,21051.0,59103.0,0.36,90020387.19,33.35,36.36,False,False,False,False,True,-6.16,-8.36,3.22,False,False,False,False,-2.12,0.18187926,0.19979022,-8.96,-9.14,False,0.6666666666666666,0.0,0.36,-3.0,Risk review,Head-and-shoulders risk,"head-and-shoulders, risk, distribution, breakout, retest, pivot, volume, inverse-head-and-shoulders, base, reversal",4375.25,,,2.26,,,4375.25,"A possible head-and-shoulders top is forming or breaking. This is a caution signal, not an entry setup. Secondary patterns: Breakout retest, Possible inverse H&S.",Risk review,-1.45
CUMMINSIND,Cummins India Ltd.,CUMMINSIND.NS,Capital Goods,True,,NIFTY 500,^CRSLDX,2026-08-24,5190.0,1.62,-4.77,-7.81,686661.0,483505.0,1.42,3563770590.0,38.22,48.93,False,False,False,False,True,-3.49,-5.59,2.73,False,False,False,False,-10.97,0.22074069,0.23586216,-6.41,-9.21,False,0.6666666666666666,0.0,1.42,-3.0,Risk review,Head-and-shoulders risk,"head-and-shoulders, risk, distribution",5264.25,,,1.41,,,5264.25,"A possible head-and-shoulders top is forming or breaking. This is a caution signal, not an entry setup.",Risk review,-1.45
THERMAX,Thermax Ltd.,THERMAX.NS,Capital Goods,True,,NIFTY 500,^CRSLDX,2026-08-24,3984.2,0.41,-3.8,-10.56,73745.0,383883.0,0.19,293814825.4,37.59,42.98,False,False,False,False,True,-2.88,-11.06,2.52,False,False,False,False,1.38,0.1694557,0.19212409,-11.8,-11.92,False,0.6666666666666666,0.0,0.19,-3.0,Risk review,Head-and-shoulders risk,"head-and-shoulders, risk, distribution",4140.5,,,3.77,,,4140.5,"A possible head-and-shoulders top is forming or breaking. This is a caution signal, not an entry setup.",Risk review,-1.45
J&KBANK,Jammu & Kashmir Bank Ltd.,J&KBANK.NS,Financial Services,True,,NIFTY 500,^CRSLDX,2026-08-24,146.21,-1.88,-1.19,-17.63,1055543.0,5191260.0,0.2,154330949.12,35.3,35.3,False,False,False,False,True,-5.81,-10.69,3.99,False,False,False,False,-29.35,0.00621859,0.00702273,-11.45,-18.89,False,0.6666666666666666,0.0,0.2,-3.0,Risk review,Head-and-shoulders risk,"head-and-shoulders, risk, distribution",148.69,,,1.67,,,148.69,"A possible head-and-shoulders top is forming or breaking. This is a caution signal, not an entry setup.",Risk review,-1.45
CHAMBLFERT,Chambal Fertilizers & Chemicals Ltd.,CHAMBLFERT.NS,Chemicals,True,,NIFTY 500,^CRSLDX,2026-08-24,430.95,-0.05,-1.84,-0.67,361415.0,425714.0,0.85,155751798.66,38.09,44.26,False,False,False,False,False,-2.3,-4.36,-0.83,False,False,False,False,5.71,0.01832913,0.01932737,-5.16,-2.19,False,0.3333333333333333,0.0,0.85,-3.0,Risk review,Head-and-shoulders risk,"head-and-shoulders, risk, distribution",434.62,,,0.85,,,434.62,"A possible head-and-shoulders top is forming or breaking. This is a caution signal, not an entry setup.",Risk review,-1.49
INDIAMART,Indiamart Intermesh Ltd.,INDIAMART.NS,Consumer Services,True,,NIFTY 500,^CRSLDX,2026-08-24,1746.0,0.22,-1.36,-0.78,57655.0,125075.0,0.46,100665630.0,38.28,39.89,False,False,False,False,False,-1.2,-6.32,-2.74,False,False,False,False,7.01,0.07426074,0.07997702,-7.15,-2.29,False,0.0,0.0,0.46,-3.0,Risk review,Head-and-shoulders risk,"head-and-shoulders, risk, distribution",1907.55,,,8.47,,,1907.55,"A possible head-and-shoulders top is forming or breaking. This is a caution signal, not an entry setup.",Risk review,-1.51
CESC,CESC Ltd.,CESC.NS,Power,True,,NIFTY 500,^CRSLDX,2026-08-24,155.27,0.12,-5.4,-0.8,858230.0,1606220.0,0.53,133257375.77,41.7,61.18,False,False,False,False,False,-2.05,-2.87,-0.52,False,False,False,False,-0.35,0.00660393,0.00685569,-3.67,-2.31,False,0.0,0.0,0.53,-3.0,Risk review,Head-and-shoulders risk,"head-and-shoulders, risk, distribution",156.56,,,0.83,,,156.56,"A possible head-and-shoulders top is forming or breaking. This is a caution signal, not an entry setup.",Risk review,-1.51
JSL,Jindal Stainless Ltd.,JSL.NS,Metals & Mining,True,,NIFTY 500,^CRSLDX,2026-08-24,702.4,0.15,-5.2,-2.58,278881.0,388300.0,0.72,195886021.21,39.14,58.76,False,False,False,False,False,-3.39,-1.77,-0.64,False,False,False,False,-9.34,0.02987443,0.03066056,-2.56,-4.06,False,0.0,0.0,0.72,-2.0,Risk review,Head-and-shoulders risk,"head-and-shoulders, risk, distribution",671.2,,,4.65,,,671.2,"A possible head-and-shoulders top is forming or breaking. This is a caution signal, not an entry setup.",Risk review,-1.51
ONGC,Oil & Natural Gas Corporation Ltd.,ONGC.NS,Oil Gas & Consumable Fuels,True,,NIFTY 500,^CRSLDX,2026-08-24,236.55,0.06,-0.81,-0.84,7121824.0,12640328.0,0.56,1684667488.93,39.27,41.78,False,False,False,False,False,-1.11,-2.22,0.03,False,False,False,False,-3.61,0.01006093,0.01038302,-3.1,-2.36,False,0.3333333333333333,0.0,0.56,-3.0,Risk review,Head-and-shoulders risk,"head-and-shoulders, risk, distribution",237.62,,,0.45,,,237.62,"A possible head-and-shoulders top is forming or breaking. This is a caution signal, not an entry setup.",Risk review,-1.52
IRCON,IRCON International Ltd.,IRCON.NS,Construction,True,,NIFTY 500,^CRSLDX,2026-08-24,123.1,-1.3,-1.18,-2.67,930919.0,1349730.0,0.69,114596127.48,38.46,36.58,False,False,False,False,False,-3.13,-5.54,-2.89,False,False,False,False,0.09,0.00523568,0.00559185,-6.37,-4.16,False,0.0,0.0,0.69,-2.0,Risk review,Head-and-shoulders risk,"head-and-shoulders, risk, distribution",122.25,,,0.7,,,122.25,"A possible head-and-shoulders top is forming or breaking. This is a caution signal, not an entry setup.",Risk review,-1.53
IOB,Indian Overseas Bank,IOB.NS,Financial Services,True,,NIFTY 500,^CRSLDX,2026-08-24,33.18,0.52,-1.43,-2.75,2487561.0,2126166.0,1.17,82537274.74,40.87,44.95,False,False,False,False,False,-1.78,-2.8,-1.7,False,False,False,False,-3.9,0.00141121,0.00146319,-3.55,-4.24,False,0.0,0.0,1.17,-2.0,Risk review,Head-and-shoulders risk,"head-and-shoulders, risk, distribution",32.07,,,3.46,,,32.07,"A possible head-and-shoulders top is forming or breaking. This is a caution signal, not an entry setup.",Risk review,-1.55
TATAPOWER,Tata Power Co. Ltd.,TATAPOWER.NS,Power,True,,NIFTY 500,^CRSLDX,2026-08-24,373.5,-0.21,-2.1,-1.02,3748422.0,3802425.0,0.99,1400035617.0,39.27,50.3,False,False,False,False,False,-1.45,-2.21,-0.42,False,False,False,False,0.48,0.01588567,0.01638956,-3.07,-2.53,False,0.0,0.0,0.99,-3.0,Risk review,Head-and-shoulders risk,"head-and-shoulders, risk, distribution, inverse-head-and-shoulders, base, reversal",379.4,,,1.56,,,379.4,"A possible head-and-shoulders top is forming or breaking. This is a caution signal, not an entry setup. Secondary patterns: Possible inverse H&S.",Risk review,-1.56
IEX,Indian Energy Exchange Ltd.,IEX.NS,Financial Services,True,,NIFTY 500,^CRSLDX,2026-08-24,123.01,-0.56,-1.83,-2.97,2138097.0,4350790.0,0.49,263007316.54,42.58,47.82,False,False,False,False,False,-3.29,-1.34,-0.73,False,False,False,False,-5.34,0.00523185,0.00534395,-2.1,-4.45,False,0.0,0.0,0.49,-2.0,Risk review,Head-and-shoulders risk,"head-and-shoulders, risk, distribution",118.03,,,4.21,,,118.03,"A possible head-and-shoulders top is forming or breaking. This is a caution signal, not an entry setup.",Risk review,-1.59
CROMPTON,Crompton Greaves Consumer Electricals Ltd.,CROMPTON.NS,Consumer Durables,True,,NIFTY 500,^CRSLDX,2026-08-24,246.0,-2.38,-0.2,-1.24,4616891.0,4020537.0,1.15,1135755186.0,41.8,40.2,False,False,False,False,False,-2.99,-5.1,-1.15,False,False,False,False,5.68,0.01046285,0.01110791,-5.81,-2.75,False,0.3333333333333333,0.0,1.15,-3.0,Risk review,Head-and-shoulders risk,"head-and-shoulders, risk, distribution, inverse-head-and-shoulders, base, reversal",250.03,,,1.61,,,250.03,"A possible head-and-shoulders top is forming or breaking. This is a caution signal, not an entry setup. Secondary patterns: Possible inverse H&S.",Risk review,-1.6
TIMKEN,Timken India Ltd.,TIMKEN.NS,Capital Goods,True,,NIFTY 500,^CRSLDX,2026-08-24,3080.7,-1.7,-6.38,-1.4,33956.0,41046.0,0.83,104608247.54,34.88,54.07,False,False,False,False,False,-4.23,-6.85,0.69,False,False,False,False,8.12,0.1310281,0.14172246,-7.55,-2.9,False,0.6666666666666666,0.0,0.83,-3.0,Risk review,Head-and-shoulders risk,"head-and-shoulders, risk, distribution",3210.0,,,4.03,,,3210.0,"A possible head-and-shoulders top is forming or breaking. This is a caution signal, not an entry setup.",Risk review,-1.63
HDFCBANK,HDFC Bank Ltd.,HDFCBANK.NS,Financial Services,True,,NIFTY 500,^CRSLDX,2026-08-24,729.0,0.28,0.0,-1.43,11406503.0,25886554.0,0.44,8315340687.0,39.67,35.56,True,False,False,False,False,-0.65,-5.15,-2.8,False,False,False,False,5.11,0.03100577,0.03293605,-5.86,-2.93,False,0.0,0.0,0.44,-3.0,Risk review,Head-and-shoulders risk,"head-and-shoulders, risk, distribution",732.15,,,0.43,,,732.15,"A possible head-and-shoulders top is forming or breaking. This is a caution signal, not an entry setup.",Risk review,-1.64
NHPC,NHPC Ltd.,NHPC.NS,Power,True,,NIFTY 500,^CRSLDX,2026-08-24,76.65,0.66,0.07,-3.59,6645349.0,8971171.0,0.74,509366010.99,43.98,41.67,False,False,False,False,False,-0.93,-2.03,-0.85,False,False,False,False,-2.14,0.00326007,0.00335099,-2.71,-5.06,False,0.3333333333333333,0.0,0.74,-2.0,Risk review,Head-and-shoulders risk,"head-and-shoulders, risk, distribution",73.77,,,3.91,,,73.77,"A possible head-and-shoulders top is forming or breaking. This is a caution signal, not an entry setup.",Risk review,-1.71
UTIAMC,UTI Asset Management Company Ltd.,UTIAMC.NS,Financial Services,True,,NIFTY 500,^CRSLDX,2026-08-24,886.45,-0.74,-2.3,-1.94,43957.0,118395.0,0.37,38965683.19,39.72,47.55,False,False,False,False,False,-1.88,-3.18,-3.5,False,False,False,False,-4.24,0.03770243,0.03926236,-3.97,-3.44,False,0.0,0.0,0.37,-3.0,Risk review,Head-and-shoulders risk,"head-and-shoulders, risk, distribution",893.02,,,0.74,,,893.02,"A possible head-and-shoulders top is forming or breaking. This is a caution signal, not an entry setup.",Risk review,-1.74
AAVAS,Aavas Financiers Ltd.,AAVAS.NS,Financial Services,True,,NIFTY 500,^CRSLDX,2026-08-24,1336.3,-1.4,-3.85,-3.9,91922.0,70839.0,1.3,122835373.09,37.02,45.63,False,False,False,False,False,-3.5,-7.19,-1.77,False,False,False,False,1.53,0.05683541,0.06167645,-7.85,-5.37,False,0.3333333333333333,0.0,1.3,-2.0,Risk review,Head-and-shoulders risk,"head-and-shoulders, risk, distribution, breakout, retest, pivot, volume, inverse-head-and-shoulders, base, reversal",1296.9,,,3.04,,,1296.9,"A possible head-and-shoulders top is forming or breaking. This is a caution signal, not an entry setup. Secondary patterns: Breakout retest, Possible inverse H&S.",Risk review,-1.77
NTPCGREEN,NTPC Green Energy Ltd.,NTPCGREEN.NS,Power,True,,NIFTY 500,^CRSLDX,2026-08-24,91.44,0.01,-0.76,-2.4,3330652.0,2764309.0,1.2,304554827.01,43.32,46.63,False,False,False,False,False,-0.16,-2.14,-0.94,False,False,False,False,-2.41,0.00388912,0.00400981,-3.01,-3.89,False,0.0,0.0,1.2,-3.0,Risk review,Head-and-shoulders risk,"head-and-shoulders, risk, distribution",92.15,,,0.78,,,92.15,"A possible head-and-shoulders top is forming or breaking. This is a caution signal, not an entry setup.",Risk review,-1.83
WAAREEENER,Waaree Energies Ltd.,WAAREEENER.NS,Capital Goods,True,,NIFTY 500,^CRSLDX,2026-08-24,2674.8,-0.13,-1.19,-2.43,602414.0,790101.0,0.76,1611336996.61,41.76,45.32,False,False,False,False,False,-0.42,-4.86,-2.55,False,False,False,False,1.72,0.1137644,0.12062452,-5.69,-3.92,False,0.0,0.0,0.76,-3.0,Risk review,Head-and-shoulders risk,"head-and-shoulders, risk, distribution",2751.5,,,2.79,,,2751.5,"A possible head-and-shoulders top is forming or breaking. This is a caution signal, not an entry setup.",Risk review,-1.83
INTELLECT,Intellect Design Arena Ltd.,INTELLECT.NS,Information Technology,True,,NIFTY 500,^CRSLDX,2026-08-24,687.5,-0.54,-1.14,-4.21,252971.0,518000.0,0.49,173917562.5,38.33,37.83,False,False,False,False,False,-3.49,-6.03,-3.67,False,False,False,False,-4.67,0.0292407,0.03138442,-6.83,-5.67,False,0.0,0.0,0.49,-2.0,Risk review,Head-and-shoulders risk,"head-and-shoulders, risk, distribution, breakout, retest, pivot, volume",663.62,,,3.6,,,663.62,"A possible head-and-shoulders top is forming or breaking. This is a caution signal, not an entry setup. Secondary patterns: Breakout retest.",Risk review,-1.83
TRIDENT,Trident Ltd.,TRIDENT.NS,Textiles,True,,NIFTY 500,^CRSLDX,2026-08-24,24.43,0.16,-0.57,-2.59,3149543.0,3479837.0,0.91,76943336.45,40.83,41.77,False,False,False,False,False,-1.14,-3.49,-1.19,False,False,False,False,-0.35,0.00103905,0.0010839,-4.14,-4.08,False,0.0,0.0,0.91,-3.0,Risk review,Head-and-shoulders risk,"head-and-shoulders, risk, distribution",24.81,,,1.51,,,24.81,"A possible head-and-shoulders top is forming or breaking. This is a caution signal, not an entry setup.",Risk review,-1.87
DOMS,DOMS Industries Ltd.,DOMS.NS,Fast Moving Consumer Goods,True,,NIFTY 500,^CRSLDX,2026-08-24,2201.7,-0.21,-0.74,-2.73,10334.0,47214.0,0.22,22752367.3,40.36,41.91,False,False,False,False,False,-1.71,-2.99,-1.22,False,False,False,False,-5.0,0.09364254,0.09733919,-3.8,-4.21,False,0.0,0.0,0.22,-3.0,Risk review,Head-and-shoulders risk,"head-and-shoulders, risk, distribution",2273.25,,,3.15,,,2273.25,"A possible head-and-shoulders top is forming or breaking. This is a caution signal, not an entry setup.",Risk review,-1.89
SJVN,SJVN Ltd.,SJVN.NS,Power,True,,NIFTY 500,^CRSLDX,2026-08-24,65.8,0.14,-0.62,-2.78,1172896.0,1658854.0,0.71,77176560.38,31.08,31.1,False,False,False,False,False,-2.09,-5.15,-2.65,False,False,False,False,1.59,0.0027986,0.00297627,-5.97,-4.26,False,0.0,0.0,0.71,-3.0,Risk review,Head-and-shoulders risk,"head-and-shoulders, risk, distribution",66.76,,,1.44,,,66.76,"A possible head-and-shoulders top is forming or breaking. This is a caution signal, not an entry setup.",Risk review,-1.9
UPL,UPL Ltd.,UPL.NS,Chemicals,True,,NIFTY 500,^CRSLDX,2026-08-24,571.9,0.51,0.85,-6.01,1480556.0,1989697.0,0.74,846730012.55,44.69,39.58,True,False,False,False,False,-1.27,-2.84,-1.59,False,False,False,False,-14.82,0.02432401,0.02526308,-3.72,-7.45,False,0.0,0.0,0.74,-2.0,Risk review,Head-and-shoulders risk,"head-and-shoulders, risk, distribution",564.15,,,1.37,,,564.15,"A possible head-and-shoulders top is forming or breaking. This is a caution signal, not an entry setup.",Risk review,-1.9
RHIM,RHI MAGNESITA INDIA LTD.,RHIM.NS,Capital Goods,True,,NIFTY 500,^CRSLDX,2026-08-24,374.6,-0.17,0.09,-6.6,209885.0,743030.0,0.28,78622922.28,39.83,38.63,False,False,False,False,False,-4.81,-4.59,-1.53,False,False,False,False,-14.84,0.01593246,0.01683134,-5.34,-8.02,False,0.0,0.0,0.28,-2.0,Risk review,Head-and-shoulders risk,"head-and-shoulders, risk, distribution",364.55,,,2.76,,,364.55,"A possible head-and-shoulders top is forming or breaking. This is a caution signal, not an entry setup.",Risk review,-1.9
JKCEMENT,J.K. Cement Ltd.,JKCEMENT.NS,Construction Materials,True,,NIFTY 500,^CRSLDX,2026-08-24,5215.5,-0.66,-2.33,-8.98,9896.0,32127.0,0.31,51612588.0,36.87,43.23,False,False,False,False,False,-3.56,-4.24,-1.66,False,False,False,False,-17.77,0.22182526,0.23320334,-4.88,-10.37,False,0.0,0.0,0.31,-2.0,Risk review,Head-and-shoulders risk,"head-and-shoulders, risk, distribution",5092.25,,,2.42,,,5092.25,"A possible head-and-shoulders top is forming or breaking. This is a caution signal, not an entry setup.",Risk review,-1.9
RECLTD,REC Ltd.,RECLTD.NS,Financial Services,True,,NIFTY 500,^CRSLDX,2026-08-24,327.9,0.38,-3.56,-9.51,5667913.0,5984907.0,0.95,1858508638.11,32.48,39.14,False,False,False,False,False,-6.34,-6.99,-0.21,False,False,False,False,-11.1,0.01394622,0.01510634,-7.68,-10.89,False,0.3333333333333333,0.0,0.95,-2.0,Risk review,Head-and-shoulders risk,"head-and-shoulders, risk, distribution",327.6,,,0.09,,,327.6,"A possible head-and-shoulders top is forming or breaking. This is a caution signal, not an entry setup.",Risk review,-1.9
MSUMI,Motherson Sumi Wiring India Ltd.,MSUMI.NS,Automobile and Auto Components,True,,NIFTY 500,^CRSLDX,2026-08-24,37.75,-1.59,-6.4,-9.56,12111599.0,10538815.0,1.15,457212862.25,30.66,48.82,False,False,False,False,False,-6.54,-5.27,-1.28,False,False,False,False,-16.47,0.00160558,0.00170557,-5.86,-10.94,False,0.0,0.0,1.15,-2.0,Risk review,Head-and-shoulders risk,"head-and-shoulders, risk, distribution, breakout, retest, pivot, volume",37.5,,,0.68,,,37.5,"A possible head-and-shoulders top is forming or breaking. This is a caution signal, not an entry setup. Secondary patterns: Breakout retest.",Risk review,-1.9
SHREECEM,Shree Cement Ltd.,SHREECEM.NS,Construction Materials,True,,NIFTY 500,^CRSLDX,2026-08-24,24020.0,-1.07,-2.1,-10.57,12448.0,25289.0,0.49,299000960.0,29.16,31.91,False,False,False,False,False,-6.3,-7.25,-1.22,False,False,False,False,-18.33,1.02161685,1.10966317,-7.93,-11.94,False,0.3333333333333333,0.0,0.49,-2.0,Risk review,Head-and-shoulders risk,"head-and-shoulders, risk, distribution",23955.0,,,0.27,,,23955.0,"A possible head-and-shoulders top is forming or breaking. This is a caution signal, not an entry setup.",Risk review,-1.9
SUNTV,Sun TV Network Ltd.,SUNTV.NS,Media Entertainment & Publication,True,,NIFTY 500,^CRSLDX,2026-08-24,468.75,-0.7,-3.0,-3.09,208458.0,487290.0,0.43,97714687.5,34.04,44.3,False,False,False,False,False,-3.5,-5.27,-1.24,False,False,False,False,0.92,0.01993684,0.02122509,-6.07,-4.57,False,0.0,0.0,0.43,-3.0,Risk review,Head-and-shoulders risk,"head-and-shoulders, risk, distribution",480.55,,,2.46,,,480.55,"A possible head-and-shoulders top is forming or breaking. This is a caution signal, not an entry setup.",Risk review,-1.96
NTPC,NTPC Ltd.,NTPC.NS,Power,True,,NIFTY 500,^CRSLDX,2026-08-24,339.5,-0.15,0.74,-3.22,5401787.0,8762765.0,0.62,1833906686.5,43.91,39.49,True,False,False,False,False,-0.75,-2.6,0.24,False,False,False,False,-2.56,0.01443959,0.0149437,-3.37,-4.7,False,0.3333333333333333,0.0,0.62,-3.0,Risk review,Head-and-shoulders risk,"head-and-shoulders, risk, distribution",340.33,,,0.24,,,340.33,"A possible head-and-shoulders top is forming or breaking. This is a caution signal, not an entry setup.",Risk review,-1.99
WHIRLPOOL,Whirlpool of India Ltd.,WHIRLPOOL.NS,Consumer Durables,True,,NIFTY 500,^CRSLDX,2026-08-24,769.05,0.07,-1.07,-3.24,245285.0,360579.0,0.68,188636426.26,42.87,42.39,False,False,False,False,False,-2.89,-2.88,-5.58,False,False,False,False,-3.37,0.03270918,0.03394517,-3.64,-4.72,False,0.0,0.0,0.68,-3.0,Risk review,Head-and-shoulders risk,"head-and-shoulders, risk, distribution",791.6,,,2.85,,,791.6,"A possible head-and-shoulders top is forming or breaking. This is a caution signal, not an entry setup.",Risk review,-1.99
BAYERCROP,Bayer Cropscience Ltd.,BAYERCROP.NS,Chemicals,True,,NIFTY 500,^CRSLDX,2026-08-24,4043.6,-0.69,-1.36,-3.26,12173.0,22171.0,0.55,49222743.99,39.08,43.95,False,False,False,False,False,-2.42,-2.23,-1.48,False,False,False,False,-8.27,0.1719821,0.17741655,-3.06,-4.73,False,0.0,0.0,0.55,-3.0,Risk review,Head-and-shoulders risk,"head-and-shoulders, risk, distribution",4352.55,,,7.1,,,4352.55,"A possible head-and-shoulders top is forming or breaking. This is a caution signal, not an entry setup.",Risk review,-2.0
LINDEINDIA,Linde India Ltd.,LINDEINDIA.NS,Chemicals,True,,NIFTY 500,^CRSLDX,2026-08-24,6531.0,-2.11,-2.99,-3.32,30994.0,27154.0,1.14,202421814.0,33.74,41.73,False,False,False,False,False,-4.25,-6.33,1.09,False,False,False,False,3.09,0.27777601,0.29890493,-7.07,-4.79,False,0.6666666666666666,0.0,1.14,-3.0,Risk review,Head-and-shoulders risk,"head-and-shoulders, risk, distribution",6817.5,,,4.2,,,6817.5,"A possible head-and-shoulders top is forming or breaking. This is a caution signal, not an entry setup.",Risk review,-2.01
IRB,IRB Infrastructure Developers Ltd.,IRB.NS,Construction,True,,NIFTY 500,^CRSLDX,2026-08-24,18.91,-0.21,-1.36,-3.38,7740713.0,10660673.0,0.73,146376881.65,29.46,33.55,False,False,False,False,False,-3.09,-6.28,-1.0,False,False,False,False,5.04,0.00080428,0.00086534,-7.06,-4.85,False,0.0,0.0,0.73,-3.0,Risk review,Head-and-shoulders risk,"head-and-shoulders, risk, distribution",19.22,,,1.59,,,19.22,"A possible head-and-shoulders top is forming or breaking. This is a caution signal, not an entry setup.",Risk review,-2.02
CIEINDIA,CIE Automotive India Ltd.,CIEINDIA.NS,Automobile and Auto Components,True,,NIFTY 500,^CRSLDX,2026-08-24,399.35,-0.42,-2.91,-3.4,257848.0,453650.0,0.57,102971600.37,31.83,38.74,False,False,False,False,False,-2.5,-9.36,-0.25,False,False,False,False,5.64,0.01698512,0.01889302,-10.1,-4.87,False,0.3333333333333333,0.0,0.57,-3.0,Risk review,Head-and-shoulders risk,"head-and-shoulders, risk, distribution",407.3,,,1.95,,,407.3,"A possible head-and-shoulders top is forming or breaking. This is a caution signal, not an entry setup.",Risk review,-2.02
COALINDIA,Coal India Ltd.,COALINDIA.NS,Oil Gas & Consumable Fuels,True,,NIFTY 500,^CRSLDX,2026-08-24,406.9,0.42,-0.38,-3.55,8001443.0,7429660.0,1.08,3255787107.86,40.96,36.82,False,False,False,False,False,-0.7,-3.58,1.02,False,False,False,False,-0.48,0.01730624,0.0181051,-4.41,-5.02,False,0.6666666666666666,0.0,1.08,-3.0,Risk review,Head-and-shoulders risk,"head-and-shoulders, risk, distribution",409.98,,,0.75,,,409.98,"A possible head-and-shoulders top is forming or breaking. This is a caution signal, not an entry setup.",Risk review,-2.05
GODFRYPHLP,Godfrey Phillips India Ltd.,GODFRYPHLP.NS,Fast Moving Consumer Goods,True,,NIFTY 500,^CRSLDX,2026-08-24,2100.5,-0.78,-1.43,-3.59,150057.0,585792.0,0.26,315194728.5,43.95,46.34,False,False,False,False,False,-2.83,-2.07,-4.25,False,False,False,False,-5.17,0.08933831,0.09195543,-2.85,-5.06,False,0.0,0.0,0.26,-3.0,Risk review,Head-and-shoulders risk,"head-and-shoulders, risk, distribution",2156.55,,,2.6,,,2156.55,"A possible head-and-shoulders top is forming or breaking. This is a caution signal, not an entry setup.",Risk review,-2.06
SYNGENE,Syngene International Ltd.,SYNGENE.NS,Healthcare,True,,NIFTY 500,^CRSLDX,2026-08-24,398.55,-2.14,-1.1,-3.7,268488.0,1724391.0,0.16,107005889.12,43.95,44.59,False,False,False,False,False,-1.08,-4.52,-4.7,False,False,False,False,0.14,0.0169511,0.01791596,-5.39,-5.17,False,0.0,0.0,0.16,-3.0,Risk review,Head-and-shoulders risk,"head-and-shoulders, risk, distribution",404.95,,,1.58,,,404.95,"A possible head-and-shoulders top is forming or breaking. This is a caution signal, not an entry setup.",Risk review,-2.08
TMPV,Tata Motors Passenger Vehicles Ltd.,TMPV.NS,Automobile and Auto Components,True,,NIFTY 500,^CRSLDX,2026-08-24,314.4,-1.1,-4.78,-4.04,8540864.0,9587991.0,0.89,2685247589.47,31.15,40.53,False,False,False,False,False,-6.38,-7.71,-3.29,False,False,False,False,0.16,0.01337204,0.01464352,-8.68,-5.51,False,0.0,0.0,0.89,-3.0,Risk review,Head-and-shoulders risk,"head-and-shoulders, risk, distribution",314.95,,,0.17,,,314.95,"A possible head-and-shoulders top is forming or breaking. This is a caution signal, not an entry setup.",Risk review,-2.15
TATACONSUM,Tata Consumer Products Ltd.,TATACONSUM.NS,Fast Moving Consumer Goods,True,,NIFTY 500,^CRSLDX,2026-08-24,1062.5,1.29,-0.94,-4.05,1084833.0,1379346.0,0.79,1152635062.5,44.31,44.82,False,False,False,False,False,-1.69,-2.98,-0.58,False,False,False,False,-4.37,0.04519017,0.0469332,-3.71,-5.52,False,0.0,0.0,0.79,-3.0,Risk review,Head-and-shoulders risk,"head-and-shoulders, risk, distribution",1090.85,,,2.6,,,1090.85,"A possible head-and-shoulders top is forming or breaking. This is a caution signal, not an entry setup.",Risk review,-2.15
IREDA,Indian Renewable Energy Development Agency Ltd.,IREDA.NS,Financial Services,True,,NIFTY 500,^CRSLDX,2026-08-24,115.4,0.35,-1.24,-4.07,4481119.0,4901915.0,0.91,517121139.44,36.59,36.36,False,False,False,False,False,-2.5,-5.59,-2.51,False,False,False,False,0.74,0.00490818,0.00523993,-6.33,-5.53,False,0.0,0.0,0.91,-3.0,Risk review,Head-and-shoulders risk,"head-and-shoulders, risk, distribution",115.58,,,0.15,,,115.58,"A possible head-and-shoulders top is forming or breaking. This is a caution signal, not an entry setup.",Risk review,-2.16
FACT,Fertilisers and Chemicals Travancore Ltd.,FACT.NS,Chemicals,True,,NIFTY 500,^CRSLDX,2026-08-24,784.25,0.12,-1.13,-4.31,56070.0,101804.0,0.55,43972897.5,33.13,30.86,False,False,False,False,False,-3.89,-7.56,-0.9,False,False,False,False,0.61,0.03335566,0.03640026,-8.36,-5.77,False,0.3333333333333333,0.0,0.55,-3.0,Risk review,Head-and-shoulders risk,"head-and-shoulders, risk, distribution",794.5,,,1.29,,,794.5,"A possible head-and-shoulders top is forming or breaking. This is a caution signal, not an entry setup.",Risk review,-2.2
NATCOPHARM,NATCO Pharma Ltd.,NATCOPHARM.NS,Healthcare,True,,NIFTY 500,^CRSLDX,2026-08-24,884.05,0.19,-0.48,-4.48,317408.0,454198.0,0.7,280604538.53,40.48,39.72,False,False,False,False,False,-2.75,-3.95,0.94,False,False,False,False,-6.1,0.03760035,0.03941806,-4.61,-5.94,False,0.3333333333333333,0.0,0.7,-3.0,Risk review,Head-and-shoulders risk,"head-and-shoulders, risk, distribution",940.62,,,6.01,,,940.62,"A possible head-and-shoulders top is forming or breaking. This is a caution signal, not an entry setup.",Risk review,-2.24
NSLNISP,NMDC Steel Ltd.,NSLNISP.NS,Metals & Mining,True,,NIFTY 500,^CRSLDX,2026-08-24,40.06,0.68,-4.07,-4.96,2655669.0,4732720.0,0.56,106386103.79,35.7,39.82,False,False,False,False,False,-6.4,-7.75,-0.39,False,False,False,False,-3.51,0.00170383,0.00186572,-8.68,-6.41,False,0.3333333333333333,0.0,0.56,-3.0,Risk review,Head-and-shoulders risk,"head-and-shoulders, risk, distribution",41.55,,,3.59,,,41.55,"A possible head-and-shoulders top is forming or breaking. This is a caution signal, not an entry setup.",Risk review,-2.25
UBL,United Breweries Ltd.,UBL.NS,Fast Moving Consumer Goods,True,,NIFTY 500,^CRSLDX,2026-08-24,1346.7,-0.16,-1.55,-5.07,54972.0,92370.0,0.6,74030789.72,40.69,44.81,False,False,False,False,False,-3.11,-1.15,-2.56,False,False,False,False,-13.81,0.05727774,0.05842405,-1.96,-6.52,False,0.0,0.0,0.6,-3.0,Risk review,Head-and-shoulders risk,"head-and-shoulders, risk, distribution, breakout, retest, pivot, volume",1469.05,,,8.33,,,1469.05,"A possible head-and-shoulders top is forming or breaking. This is a caution signal, not an entry setup. Secondary patterns: Breakout retest.",Risk review,-2.25
SOBHA,Sobha Ltd.,SOBHA.NS,Realty,True,,NIFTY 500,^CRSLDX,2026-08-24,1289.1,-0.42,-2.41,-5.3,67450.0,89307.0,0.76,86949793.35,34.93,35.81,False,False,False,False,False,-3.45,-7.4,-1.32,False,False,False,False,-4.61,0.0548279,0.05967592,-8.12,-6.74,False,0.0,0.0,0.76,-3.0,Risk review,Head-and-shoulders risk,"head-and-shoulders, risk, distribution",1295.35,,,0.48,,,1295.35,"A possible head-and-shoulders top is forming or breaking. This is a caution signal, not an entry setup.",Risk review,-2.25
TTML,Tata Teleservices (Maharashtra) Ltd.,TTML.NS,Telecommunication,True,,NIFTY 500,^CRSLDX,2026-08-24,37.37,-1.09,-2.04,-5.34,1044747.0,1596809.0,0.65,39042194.27,31.14,33.56,False,False,False,False,False,-3.78,-8.19,-3.72,False,False,False,False,-0.14,0.00158942,0.0017484,-9.09,-6.79,False,0.0,0.0,0.65,-3.0,Risk review,Head-and-shoulders risk,"head-and-shoulders, risk, distribution",41.21,,,9.32,,,41.21,"A possible head-and-shoulders top is forming or breaking. This is a caution signal, not an entry setup.",Risk review,-2.25
ABFRL,Aditya Birla Fashion and Retail Ltd.,ABFRL.NS,Consumer Services,True,,NIFTY 500,^CRSLDX,2026-08-24,53.95,-0.74,-2.42,-5.43,2907690.0,7809584.0,0.37,156869877.72,33.51,36.56,False,False,False,False,False,-7.25,-8.42,-3.63,False,False,False,False,-3.26,0.0022946,0.00252665,-9.18,-6.88,False,0.0,0.0,0.37,-3.0,Risk review,Head-and-shoulders risk,"head-and-shoulders, risk, distribution",55.8,,,3.32,,,55.8,"A possible head-and-shoulders top is forming or breaking. This is a caution signal, not an entry setup.",Risk review,-2.25
ERIS,Eris Lifesciences Ltd.,ERIS.NS,Healthcare,True,,NIFTY 500,^CRSLDX,2026-08-24,1325.6,-0.2,-1.73,-5.55,45974.0,106548.0,0.43,60943133.28,36.47,40.37,False,False,False,False,False,-3.05,-5.99,-1.56,False,False,False,False,-6.17,0.05638032,0.06040485,-6.66,-6.99,False,0.0,0.0,0.43,-3.0,Risk review,Head-and-shoulders risk,"head-and-shoulders, risk, distribution",1333.5,,,0.59,,,1333.5,"A possible head-and-shoulders top is forming or breaking. This is a caution signal, not an entry setup.",Risk review,-2.25
INOXWIND,Inox Wind Ltd.,INOXWIND.NS,Capital Goods,True,,NIFTY 500,^CRSLDX,2026-08-24,73.75,0.2,-5.61,-5.73,5344066.0,13906652.0,0.38,394124867.5,39.94,49.52,False,False,False,False,False,-2.74,-9.2,-6.97,False,False,False,False,4.71,0.00313673,0.00348473,-9.99,-7.16,False,0.0,0.0,0.38,-3.0,Risk review,Head-and-shoulders risk,"head-and-shoulders, risk, distribution",82.74,,,10.86,,,82.74,"A possible head-and-shoulders top is forming or breaking. This is a caution signal, not an entry setup.",Risk review,-2.25
VOLTAS,Voltas Ltd.,VOLTAS.NS,Consumer Durables,True,,NIFTY 500,^CRSLDX,2026-08-24,1242.0,0.57,-1.97,-5.86,743962.0,919988.0,0.81,924000804.0,40.37,41.77,False,False,False,False,False,-3.3,-4.84,-0.84,False,False,False,False,-8.44,0.05282465,0.05598668,-5.65,-7.3,False,0.0,0.0,0.81,-3.0,Risk review,Head-and-shoulders risk,"head-and-shoulders, risk, distribution",1265.25,,,1.84,,,1265.25,"A possible head-and-shoulders top is forming or breaking. This is a caution signal, not an entry setup.",Risk review,-2.25
BIKAJI,Bikaji Foods International Ltd.,BIKAJI.NS,Fast Moving Consumer Goods,True,,NIFTY 500,^CRSLDX,2026-08-24,602.95,-0.46,-1.74,-5.97,127594.0,105385.0,1.21,76932803.86,31.09,36.41,False,False,False,False,False,-3.43,-5.44,-1.58,False,False,False,False,-6.73,0.02564463,0.02736045,-6.27,-7.41,False,0.0,0.0,1.21,-3.0,Risk review,Head-and-shoulders risk,"head-and-shoulders, risk, distribution",612.55,,,1.57,,,612.55,"A possible head-and-shoulders top is forming or breaking. This is a caution signal, not an entry setup.",Risk review,-2.25
NBCC,NBCC (India) Ltd.,NBCC.NS,Construction,True,,NIFTY 500,^CRSLDX,2026-08-24,88.58,-0.34,-1.3,-6.5,5528263.0,5814149.0,0.95,489693546.66,34.23,32.27,False,False,False,False,False,-4.02,-9.61,-1.99,False,False,False,False,1.73,0.00376748,0.00420384,-10.38,-7.93,False,0.0,0.0,0.95,-3.0,Risk review,Head-and-shoulders risk,"head-and-shoulders, risk, distribution",90.59,,,2.22,,,90.59,"A possible head-and-shoulders top is forming or breaking. This is a caution signal, not an entry setup.",Risk review,-2.25
DABUR,Dabur India Ltd.,DABUR.NS,Fast Moving Consumer Goods,True,,NIFTY 500,^CRSLDX,2026-08-24,398.45,-0.51,-2.05,-6.76,826184.0,2114772.0,0.39,329193024.89,32.74,38.17,False,False,False,False,False,-3.28,-5.43,-1.7,False,False,False,False,-9.06,0.01694685,0.01807319,-6.23,-8.18,False,0.0,0.0,0.39,-3.0,Risk review,Head-and-shoulders risk,"head-and-shoulders, risk, distribution",427.48,,,6.79,,,427.48,"A possible head-and-shoulders top is forming or breaking. This is a caution signal, not an entry setup.",Risk review,-2.25
AADHARHFC,Aadhar Housing Finance Ltd.,AADHARHFC.NS,Financial Services,True,,NIFTY 500,^CRSLDX,2026-08-24,466.45,0.84,-4.35,-7.08,275651.0,377214.0,0.73,128577412.31,32.81,40.06,False,False,False,False,False,-5.42,-7.97,-0.38,False,False,False,False,-4.63,0.01983902,0.02170831,-8.61,-8.5,False,0.3333333333333333,0.0,0.73,-3.0,Risk review,Head-and-shoulders risk,"head-and-shoulders, risk, distribution",468.45,,,0.43,,,468.45,"A possible head-and-shoulders top is forming or breaking. This is a caution signal, not an entry setup.",Risk review,-2.25
ZENSARTECH,Zensar Technolgies Ltd.,ZENSARTECH.NS,Information Technology,True,,NIFTY 500,^CRSLDX,2026-08-24,476.9,-1.38,-2.82,-7.47,662728.0,1276402.0,0.52,316054979.16,42.15,47.03,False,False,False,False,False,-4.62,-1.12,-4.34,False,False,False,False,-29.88,0.02028348,0.02067773,-1.91,-8.88,False,0.0,0.0,0.52,-3.0,Risk review,Head-and-shoulders risk,"head-and-shoulders, risk, distribution",510.18,,,6.52,,,510.18,"A possible head-and-shoulders top is forming or breaking. This is a caution signal, not an entry setup.",Risk review,-2.25
INDIACEM,India Cements Ltd.,INDIACEM.NS,Construction Materials,True,,NIFTY 500,^CRSLDX,2026-08-24,367.75,-0.85,-2.23,-7.68,41403.0,144135.0,0.29,15225953.25,34.45,39.23,False,False,False,False,False,-4.49,-4.75,-0.18,False,False,False,False,-13.87,0.01564112,0.01656483,-5.58,-9.09,False,0.0,0.0,0.29,-3.0,Risk review,Head-and-shoulders risk,"head-and-shoulders, risk, distribution",386.9,,,4.95,,,386.9,"A possible head-and-shoulders top is forming or breaking. This is a caution signal, not an entry setup.",Risk review,-2.25
NUVOCO,Nuvoco Vistas Corporation Ltd.,NUVOCO.NS,Construction Materials,True,,NIFTY 500,^CRSLDX,2026-08-24,320.6,-0.45,-3.17,-8.7,119571.0,259038.0,0.46,38334463.33,39.22,44.16,False,False,False,False,False,-5.04,-3.24,-2.36,False,False,False,False,-24.78,0.01363574,0.01421073,-4.05,-10.09,False,0.3333333333333333,0.0,0.46,-3.0,Risk review,Head-and-shoulders risk,"head-and-shoulders, risk, distribution, breakout, retest, pivot, volume",321.2,,,0.19,,,321.2,"A possible head-and-shoulders top is forming or breaking. This is a caution signal, not an entry setup. Secondary patterns: Breakout retest.",Risk review,-2.25
LUPIN,Lupin Ltd.,LUPIN.NS,Healthcare,True,,NIFTY 500,^CRSLDX,2026-08-24,2188.0,-0.63,-3.14,-9.21,475041.0,1126104.0,0.42,1039389708.0,28.09,35.09,False,False,False,False,False,-5.43,-7.58,1.72,False,False,False,False,-10.68,0.09305985,0.10145945,-8.28,-10.6,False,0.6666666666666666,0.0,0.42,-3.0,Risk review,Head-and-shoulders risk,"head-and-shoulders, risk, distribution",2190.35,,,0.11,,,2190.35,"A possible head-and-shoulders top is forming or breaking. This is a caution signal, not an entry setup.",Risk review,-2.25
FIRSTCRY,Brainbees Solutions Ltd.,FIRSTCRY.NS,Consumer Services,True,,NIFTY 500,^CRSLDX,2026-08-24,193.77,-1.3,-7.02,-9.25,1011790.0,902153.0,1.12,196054552.62,26.86,41.64,False,False,False,False,False,-7.34,-9.12,-5.75,False,False,False,False,-6.45,0.00824141,0.00913988,-9.83,-10.63,False,0.0,0.0,1.12,-3.0,Risk review,Head-and-shoulders risk,"head-and-shoulders, risk, distribution",219.21,,,11.61,,,219.21,"A possible head-and-shoulders top is forming or breaking. This is a caution signal, not an entry setup.",Risk review,-2.25
SAMMAANCAP,Sammaan Capital Ltd.,SAMMAANCAP.NS,Financial Services,True,,NIFTY 500,^CRSLDX,2026-08-24,149.4,-0.74,-2.56,-9.43,4164727.0,8296219.0,0.5,622210188.38,35.91,37.31,False,False,False,False,False,-5.71,-9.24,-1.1,False,False,False,False,-8.56,0.00635427,0.00706904,-10.11,-10.81,False,0.3333333333333333,0.0,0.5,-3.0,Risk review,Head-and-shoulders risk,"head-and-shoulders, risk, distribution, breakout, retest, pivot, volume",150.62,,,0.81,,,150.62,"A possible head-and-shoulders top is forming or breaking. This is a caution signal, not an entry setup. Secondary patterns: Breakout retest.",Risk review,-2.25
TATACHEM,Tata Chemicals Ltd.,TATACHEM.NS,Chemicals,True,,NIFTY 500,^CRSLDX,2026-08-24,626.95,0.03,-5.42,-10.29,420677.0,687691.0,0.61,263743450.29,24.76,37.52,False,False,False,False,False,-5.27,-9.31,-3.05,False,False,False,False,-6.82,0.02666539,0.02964049,-10.04,-11.66,False,0.0,0.0,0.61,-3.0,Risk review,Head-and-shoulders risk,"head-and-shoulders, risk, distribution",644.15,,,2.67,,,644.15,"A possible head-and-shoulders top is forming or breaking. This is a caution signal, not an entry setup.",Risk review,-2.25
ABLBL,Aditya Birla Lifestyle Brands Ltd.,ABLBL.NS,Consumer Services,True,,NIFTY 500,^CRSLDX,2026-08-24,85.13,-1.15,-5.33,-10.36,785127.0,1146966.0,0.68,66837859.35,26.09,36.99,False,False,False,False,False,-6.62,-9.57,-4.11,False,False,False,False,-10.13,0.00362074,0.00403955,-10.37,-11.72,False,0.0,0.0,0.68,-3.0,Risk review,Head-and-shoulders risk,"head-and-shoulders, risk, distribution",98.06,,,13.19,,,98.06,"A possible head-and-shoulders top is forming or breaking. This is a caution signal, not an entry setup.",Risk review,-2.25
PAGEIND,Page Industries Ltd.,PAGEIND.NS,Textiles,True,,NIFTY 500,^CRSLDX,2026-08-24,35560.0,0.23,-4.29,-10.54,8551.0,33686.0,0.25,304073560.0,30.88,35.87,False,False,False,False,False,-6.81,-10.01,-0.66,False,False,False,False,-10.18,1.51243527,1.69327406,-10.68,-11.91,False,0.3333333333333333,0.0,0.25,-3.0,Risk review,Head-and-shoulders risk,"head-and-shoulders, risk, distribution, inverse-head-and-shoulders, base, reversal",36985.0,,,3.85,,,36985.0,"A possible head-and-shoulders top is forming or breaking. This is a caution signal, not an entry setup. Secondary patterns: Possible inverse H&S.",Risk review,-2.25
LATENTVIEW,Latent View Analytics Ltd.,LATENTVIEW.NS,Information Technology,True,,NIFTY 500,^CRSLDX,2026-08-24,278.5,0.14,-2.45,-11.26,1040582.0,697177.0,1.49,289802087.0,37.7,39.7,False,False,False,False,False,-5.23,-5.74,-3.84,False,False,False,False,-24.0,0.01184514,0.01267289,-6.53,-12.62,False,0.0,0.0,1.49,-3.0,Risk review,Head-and-shoulders risk,"head-and-shoulders, risk, distribution",279.97,,,0.53,,,279.97,"A possible head-and-shoulders top is forming or breaking. This is a caution signal, not an entry setup.",Risk review,-2.25
PFC,Power Finance Corporation Ltd.,PFC.NS,Financial Services,True,,NIFTY 500,^CRSLDX,2026-08-24,364.0,0.28,-2.78,-12.54,6811864.0,8732999.0,0.78,2479518496.0,23.41,26.78,False,False,False,False,False,-7.79,-10.63,0.25,False,False,False,False,-12.2,0.01548162,0.01746161,-11.34,-13.88,False,0.6666666666666666,0.0,0.78,-3.0,Risk review,Head-and-shoulders risk,"head-and-shoulders, risk, distribution",379.93,,,4.19,,,379.93,"A possible head-and-shoulders top is forming or breaking. This is a caution signal, not an entry setup.",Risk review,-2.25
JAINREC,Jain Resource Recycling Ltd.,JAINREC.NS,Metals & Mining,True,,NIFTY 500,^CRSLDX,2026-08-24,294.3,-0.52,-2.52,-13.04,709404.0,1831677.0,0.39,208777588.54,36.7,36.16,False,False,False,False,False,-5.96,-12.19,-1.22,False,False,False,False,-12.14,0.01251715,0.01437886,-12.95,-14.37,False,0.0,0.0,0.39,-3.0,Risk review,Head-and-shoulders risk,"head-and-shoulders, risk, distribution",350.35,,,16.0,,,350.35,"A possible head-and-shoulders top is forming or breaking. This is a caution signal, not an entry setup.",Risk review,-2.25
TORNTPOWER,Torrent Power Ltd.,TORNTPOWER.NS,Power,True,,NIFTY 500,^CRSLDX,2026-08-24,1246.3,-0.11,-5.07,-13.45,442058.0,297186.0,1.49,550936906.98,24.17,32.18,False,False,False,False,False,-6.34,-10.03,0.35,False,False,False,False,-15.65,0.05300754,0.05938902,-10.75,-14.77,False,0.3333333333333333,0.0,1.49,-3.0,Risk review,Head-and-shoulders risk,"head-and-shoulders, risk, distribution",1264.35,,,1.43,,,1264.35,"A possible head-and-shoulders top is forming or breaking. This is a caution signal, not an entry setup.",Risk review,-2.25
