symbol,name,ticker,sector,downloaded,download_note,source_index,benchmark_ticker,last_date,last,return_1d_pct,return_5d_pct,return_20d_pct,volume,avg_volume_20,volume_ratio_20d,turnover_proxy,rsi_14,rsi_5d_ago,above_sma_20,above_sma_50,above_sma_200,distance_sma_20_pct,distance_sma_50_pct,rs_ratio,rs_ratio_sma_50,rs_distance_sma_50_pct,rs_return_20d_pct,rs_above_50dma,setup_score,setup_quality,primary_setup,setup_tags,setup_pivot_level,setup_breakout_date,setup_volume_ratio,setup_retest_gap_pct,setup_flag_depth_pct,setup_impulse_return_pct,setup_neckline_level,setup_commentary,rotation_signal,rotation_score
DEEPAKNTR,Deepak Nitrite Ltd.,DEEPAKNTR.NS,Chemicals,True,,NIFTY 500,^CRSLDX,2026-08-07,1796.5,2.63,9.28,11.32,1627998.0,440839.0,3.69,2924698407.0,66.47,48.6,True,True,True,6.29,8.76,0.07576301,0.07172771,5.63,8.36,True,4.3,Actionable watch,Breakout retest,"breakout, retest, pivot, volume, inverse-head-and-shoulders, base, reversal",1737.52,2026-08-07,4.41,1.41,,,,Prior resistance has been cleared on higher volume and price is back near that pivot. This is the kind of retest zone where follow-through can matter more than chasing a stretched candle. Secondary patterns: Possible inverse H&S.,Strengthening with volume,7.9
INDGN,Indegene Ltd.,INDGN.NS,Healthcare,True,,NIFTY 500,^CRSLDX,2026-08-07,554.45,0.77,7.63,9.34,963067.0,559259.0,1.72,533972509.91,66.47,55.13,True,True,True,7.39,7.81,0.02338258,0.02230032,4.85,7.67,True,4.3,Actionable watch,Breakout retest,"breakout, retest, pivot, volume, inverse-head-and-shoulders, base, reversal",541.63,2026-08-04,3.3,0.83,,,,Prior resistance has been cleared on higher volume and price is back near that pivot. This is the kind of retest zone where follow-through can matter more than chasing a stretched candle. Secondary patterns: Possible inverse H&S.,Strengthening with volume,7.9
TECHM,Tech Mahindra Ltd.,TECHM.NS,Information Technology,True,,NIFTY 500,^CRSLDX,2026-08-07,1635.0,0.17,-0.99,12.39,6088586.0,3174526.0,1.92,9954838110.0,66.51,71.85,True,True,True,2.87,9.88,0.06895214,0.06452776,6.86,10.66,True,3.88,Actionable watch,Breakout retest,"breakout, retest, pivot, volume, flag, continuation, uptrend, inverse-head-and-shoulders, base, reversal",1616.6,2026-07-30,1.55,1.09,,,,"Prior resistance has been cleared on higher volume and price is back near that pivot. This is the kind of retest zone where follow-through can matter more than chasing a stretched candle. Secondary patterns: Bullish flag, Possible inverse H&S.",Strengthening with volume,7.86
SAILIFE,Sai Life Sciences Ltd.,SAILIFE.NS,Healthcare,True,,NIFTY 500,^CRSLDX,2026-08-07,1365.2,-3.42,3.8,10.6,931307.0,471432.0,1.98,1271420270.93,63.03,63.14,True,True,True,4.87,9.76,0.05757398,0.05384072,6.93,7.65,True,3.4,Actionable watch,Possible inverse H&S,"inverse-head-and-shoulders, base, reversal",976.67,,,39.78,,,976.67,A possible inverse head-and-shoulders base is visible. The setup improves only if price clears or holds near the neckline with better volume.,Strengthening with volume,7.69
PGEL,PG Electroplast Ltd.,PGEL.NS,Consumer Durables,True,,NIFTY 500,^CRSLDX,2026-08-07,630.65,3.43,2.82,8.15,11056269.0,2605711.0,4.24,6972636314.78,65.88,63.47,True,True,True,4.51,12.95,0.02659613,0.02411924,10.27,6.49,True,3.4,Actionable watch,Possible inverse H&S,"inverse-head-and-shoulders, base, reversal",611.18,,,3.19,,,611.18,A possible inverse head-and-shoulders base is visible. The setup improves only if price clears or holds near the neckline with better volume.,Strengthening with volume,7.69
NAVINFLUOR,Navin Fluorine International Ltd.,NAVINFLUOR.NS,Chemicals,True,,NIFTY 500,^CRSLDX,2026-08-07,8271.0,-4.38,11.97,7.57,590169.0,331212.0,1.78,4881287799.0,61.37,44.61,True,True,True,7.12,10.31,0.34880926,0.32474357,7.41,4.71,True,5.1,Actionable watch,Breakout retest,"breakout, retest, pivot, volume, inverse-head-and-shoulders, base, reversal",7873.0,2026-08-06,31.89,4.47,,,,Prior resistance has been cleared on higher volume and price is back near that pivot. This is the kind of retest zone where follow-through can matter more than chasing a stretched candle. Secondary patterns: Possible inverse H&S.,Strengthening with volume,7.64
SCI,Shipping Corporation of India Ltd.,SCI.NS,Services,True,,NIFTY 500,^CRSLDX,2026-08-07,304.75,-1.25,4.56,6.97,13805825.0,2951946.0,4.68,4207325168.75,60.88,53.65,True,True,True,6.55,3.19,0.01285209,0.01279022,0.48,5.33,True,3.4,Actionable watch,Possible inverse H&S,"inverse-head-and-shoulders, base, reversal",297.6,,,2.4,,,297.6,A possible inverse head-and-shoulders base is visible. The setup improves only if price clears or holds near the neckline with better volume.,Strengthening with volume,7.56
MEDANTA,Global Health Ltd.,MEDANTA.NS,Healthcare,True,,NIFTY 500,^CRSLDX,2026-08-07,1455.6,0.78,2.77,7.96,550910.0,240066.0,2.29,801904582.55,67.9,67.44,True,True,True,5.49,10.76,0.06138638,0.05687397,7.93,5.09,True,3.4,Actionable watch,Possible inverse H&S,"inverse-head-and-shoulders, base, reversal",1216.85,,,19.62,,,1216.85,A possible inverse head-and-shoulders base is visible. The setup improves only if price clears or holds near the neckline with better volume.,Strengthening with volume,7.51
BAJFINANCE,Bajaj Finance Ltd.,BAJFINANCE.NS,Financial Services,True,,NIFTY 500,^CRSLDX,2026-08-07,1078.0,-5.84,-5.54,5.63,15608983.0,10411898.0,1.5,16826483674.0,53.22,74.12,True,True,True,0.65,7.88,0.04546202,0.04321281,5.2,4.01,True,5.1,Actionable watch,Breakout retest,"breakout, retest, pivot, volume, inverse-head-and-shoulders, base, reversal",1049.8,2026-07-31,4.88,2.35,,,,Prior resistance has been cleared on higher volume and price is back near that pivot. This is the kind of retest zone where follow-through can matter more than chasing a stretched candle. Secondary patterns: Possible inverse H&S.,Strengthening with volume,7.5
RITES,RITES Ltd.,RITES.NS,Construction,True,,NIFTY 500,^CRSLDX,2026-08-07,234.24,1.24,7.53,5.16,1535421.0,926861.0,1.66,359657023.47,64.55,50.82,True,True,True,6.11,9.06,0.0098785,0.00930908,6.12,2.36,True,5.1,Actionable watch,Breakout retest,"breakout, retest, pivot, volume, inverse-head-and-shoulders, base, reversal",230.98,2026-07-07,16.91,1.12,,,,Prior resistance has been cleared on higher volume and price is back near that pivot. This is the kind of retest zone where follow-through can matter more than chasing a stretched candle. Secondary patterns: Possible inverse H&S.,Strengthening with volume,7.17
KALYANKJIL,Kalyan Jewellers India Ltd.,KALYANKJIL.NS,Consumer Durables,True,,NIFTY 500,^CRSLDX,2026-08-07,606.3,1.39,-1.03,27.33,33245794.0,40266449.0,0.83,20156924496.37,64.99,72.06,True,True,True,4.23,32.48,0.02556922,0.01977104,29.33,25.38,True,4.8,Actionable watch,High-tight flag,"flag, continuation, uptrend, high-tight, inverse-head-and-shoulders, base, reversal",634.6,2026-07-30,0.88,,13.07,91.84,,Price has made a sharp impulse move and is now consolidating near the highs. A controlled pullback with quieter volume keeps the continuation setup alive. Secondary patterns: Possible inverse H&S.,Strengthening,7.1
GRAPHITE,Graphite India Ltd.,GRAPHITE.NS,Capital Goods,True,,NIFTY 500,^CRSLDX,2026-08-07,709.95,-1.68,6.65,23.55,583478.0,2011783.0,0.29,414240213.22,64.59,58.25,True,True,True,8.15,9.8,0.02994041,0.02817478,6.27,20.26,True,5.1,Actionable watch,Breakout retest,"breakout, retest, pivot, volume",679.08,2026-08-04,5.34,4.17,,,,Prior resistance has been cleared on higher volume and price is back near that pivot. This is the kind of retest zone where follow-through can matter more than chasing a stretched candle.,Strengthening,7.1
DEVYANI,Devyani International Ltd.,DEVYANI.NS,Consumer Services,True,,NIFTY 500,^CRSLDX,2026-08-07,134.73,8.78,18.0,19.79,26613787.0,5841131.0,4.56,3585675408.8,74.94,51.39,True,True,True,16.43,18.1,0.00568191,0.00494724,14.85,17.95,True,4.3,Actionable watch,Breakout retest,"breakout, retest, pivot, volume, inverse-head-and-shoulders, base, reversal",121.01,2026-08-05,2.39,1.31,,,,Prior resistance has been cleared on higher volume and price is back near that pivot. This is the kind of retest zone where follow-through can matter more than chasing a stretched candle. Secondary patterns: Possible inverse H&S.,Strengthening with volume,7.1
PFOCUS,Prime Focus Ltd.,PFOCUS.NS,Media Entertainment & Publication,True,,NIFTY 500,^CRSLDX,2026-08-07,287.6,-1.47,-0.92,17.64,1098957.0,878412.0,1.25,316060039.91,55.43,60.33,True,True,True,0.27,13.64,0.01212883,0.01099235,10.34,14.51,True,4.7,Actionable watch,Breakout retest,"breakout, retest, pivot, volume, flag, continuation, uptrend, high-tight",293.07,2026-07-29,3.63,1.87,,,,Prior resistance has been cleared on higher volume and price is back near that pivot. This is the kind of retest zone where follow-through can matter more than chasing a stretched candle. Secondary patterns: High-tight flag.,Strengthening,7.1
SONATSOFTW,Sonata Software Ltd.,SONATSOFTW.NS,Information Technology,True,,NIFTY 500,^CRSLDX,2026-08-07,318.05,-4.19,2.96,16.85,1740443.0,3939368.0,0.44,553547874.9,55.21,59.05,True,True,True,2.77,10.64,0.01341298,0.01243902,7.83,13.74,True,4.43,Actionable watch,Breakout retest,"breakout, retest, pivot, volume, inverse-head-and-shoulders, base, reversal",327.55,2026-08-03,1.86,2.9,,,,Prior resistance has been cleared on higher volume and price is back near that pivot. This is the kind of retest zone where follow-through can matter more than chasing a stretched candle. Secondary patterns: Possible inverse H&S.,Strengthening,7.1
HSCL,Himadri Speciality Chemical Ltd.,HSCL.NS,Chemicals,True,,NIFTY 500,^CRSLDX,2026-08-07,752.65,-1.1,0.27,13.96,4326426.0,9257514.0,0.47,3256284634.53,56.14,56.6,True,True,True,0.54,7.93,0.03174118,0.03015744,5.25,12.21,True,5.1,Actionable watch,Breakout retest,"breakout, retest, pivot, volume, flag, continuation, uptrend, inverse-head-and-shoulders, base, reversal",706.45,2026-07-16,2.4,6.31,,,,"Prior resistance has been cleared on higher volume and price is back near that pivot. This is the kind of retest zone where follow-through can matter more than chasing a stretched candle. Secondary patterns: Bullish flag, Possible inverse H&S.",Strengthening,7.1
CHENNPETRO,Chennai Petroleum Corporation Ltd.,CHENNPETRO.NS,Oil Gas & Consumable Fuels,True,,NIFTY 500,^CRSLDX,2026-08-07,1275.4,3.0,5.59,12.73,1468387.0,2307898.0,0.64,1872780815.65,63.16,58.79,True,True,True,7.47,12.58,0.05378689,0.04906839,9.62,11.0,True,5.1,Actionable watch,Breakout retest,"breakout, retest, pivot, volume, inverse-head-and-shoulders, base, reversal",1166.3,2026-07-16,7.93,4.63,,,,Prior resistance has been cleared on higher volume and price is back near that pivot. This is the kind of retest zone where follow-through can matter more than chasing a stretched candle. Secondary patterns: Possible inverse H&S.,Strengthening,7.1
ABB,ABB India Ltd.,ABB.NS,Capital Goods,True,,NIFTY 500,^CRSLDX,2026-08-07,7600.0,-0.59,5.46,12.75,179213.0,485452.0,0.37,1362018800.0,63.75,53.34,True,True,True,3.94,7.22,0.32051147,0.30758339,4.2,9.75,True,5.1,Actionable watch,Breakout retest,"breakout, retest, pivot, volume, inverse-head-and-shoulders, base, reversal",7344.33,2026-07-16,8.67,3.21,,,,Prior resistance has been cleared on higher volume and price is back near that pivot. This is the kind of retest zone where follow-through can matter more than chasing a stretched candle. Secondary patterns: Possible inverse H&S.,Strengthening,7.1
INDIANB,Indian Bank,INDIANB.NS,Financial Services,True,,NIFTY 500,^CRSLDX,2026-08-07,889.5,1.32,7.52,12.15,4023302.0,2813163.0,1.43,3578727129.0,66.65,49.12,True,True,True,5.54,6.7,0.03751249,0.03614347,3.79,9.16,True,4.64,Actionable watch,Breakout retest,"breakout, retest, pivot, volume",872.49,2026-08-07,1.49,0.64,,,,Prior resistance has been cleared on higher volume and price is back near that pivot. This is the kind of retest zone where follow-through can matter more than chasing a stretched candle.,Strengthening,7.1
KARURVYSYA,Karur Vysya Bank Ltd.,KARURVYSYA.NS,Financial Services,True,,NIFTY 500,^CRSLDX,2026-08-07,335.55,-0.58,-2.01,10.64,816097.0,7262926.0,0.11,273841338.39,60.0,70.01,True,True,True,2.26,10.0,0.014151,0.01321379,7.09,8.94,True,5.1,Actionable watch,Breakout retest,"breakout, retest, pivot, volume, flag, continuation, uptrend, inverse-head-and-shoulders, base, reversal",326.3,2026-07-21,28.83,2.38,,,,"Prior resistance has been cleared on higher volume and price is back near that pivot. This is the kind of retest zone where follow-through can matter more than chasing a stretched candle. Secondary patterns: Bullish flag, Possible inverse H&S.",Strengthening,7.1
ETERNAL,Eternal Ltd.,ETERNAL.NS,Consumer Services,True,,NIFTY 500,^CRSLDX,2026-08-07,315.0,-0.4,4.15,8.75,12760107.0,34712044.0,0.37,4019433705.0,67.04,62.36,True,True,True,5.74,14.05,0.01328436,0.01195803,11.09,7.08,True,4.8,Actionable watch,Breakout retest,"breakout, retest, pivot, volume, inverse-head-and-shoulders, base, reversal",302.62,2026-07-28,1.8,3.48,,,,Prior resistance has been cleared on higher volume and price is back near that pivot. This is the kind of retest zone where follow-through can matter more than chasing a stretched candle. Secondary patterns: Possible inverse H&S.,Strengthening,7.1
PTCIL,PTC Industries Ltd.,PTCIL.NS,Capital Goods,True,,NIFTY 500,^CRSLDX,2026-08-07,19076.0,4.69,7.2,9.92,91324.0,16627.0,5.49,1742096624.0,71.22,51.74,True,True,True,6.52,6.57,0.8044838,0.77598872,3.67,7.0,True,5.1,Actionable watch,Breakout retest,"breakout, retest, pivot, volume, inverse-head-and-shoulders, base, reversal",18440.25,2026-08-07,7.32,1.03,,,,Prior resistance has been cleared on higher volume and price is back near that pivot. This is the kind of retest zone where follow-through can matter more than chasing a stretched candle. Secondary patterns: Possible inverse H&S.,Strengthening with volume,7.1
URBANCO,Urban Company Ltd.,URBANCO.NS,Consumer Services,True,,NIFTY 500,^CRSLDX,2026-08-07,143.74,0.75,11.09,8.28,2752964.0,7938263.0,0.35,395711060.48,64.12,45.93,True,True,True,6.86,9.53,0.00606188,0.00567825,6.76,6.62,True,5.1,Actionable watch,Breakout retest,"breakout, retest, pivot, volume, flag, continuation, uptrend, inverse-head-and-shoulders, base, reversal",139.51,2026-08-03,53.46,1.61,,,,"Prior resistance has been cleared on higher volume and price is back near that pivot. This is the kind of retest zone where follow-through can matter more than chasing a stretched candle. Secondary patterns: Bullish flag, Possible inverse H&S.",Strengthening,7.1
SAREGAMA,Saregama India Ltd,SAREGAMA.NS,Media Entertainment & Publication,True,,NIFTY 500,^CRSLDX,2026-08-07,519.2,-1.67,-0.42,9.05,473122.0,1041622.0,0.45,245644948.18,54.64,61.28,True,True,True,1.87,7.27,0.02189599,0.02092518,4.64,6.15,True,4.29,Actionable watch,Breakout retest,"breakout, retest, pivot, volume, inverse-head-and-shoulders, base, reversal",510.9,2026-07-28,2.38,0.44,,,,Prior resistance has been cleared on higher volume and price is back near that pivot. This is the kind of retest zone where follow-through can matter more than chasing a stretched candle. Secondary patterns: Possible inverse H&S.,Strengthening,7.1
BAJAJFINSV,Bajaj Finserv Ltd.,BAJAJFINSV.NS,Financial Services,True,,NIFTY 500,^CRSLDX,2026-08-07,2008.9,-3.7,-1.0,4.85,2416068.0,1581985.0,1.53,4853639064.19,59.56,72.03,True,True,True,3.53,9.18,0.08472046,0.07973149,6.26,3.24,True,3.3,Actionable watch,Possible inverse H&S,"inverse-head-and-shoulders, base, reversal",1967.45,,,2.11,,,1967.45,A possible inverse head-and-shoulders base is visible. The setup improves only if price clears or holds near the neckline with better volume.,Strengthening with volume,7.1
HINDALCO,Hindalco Industries Ltd.,HINDALCO.NS,Metals & Mining,True,,NIFTY 500,^CRSLDX,2026-08-07,1059.6,3.17,9.19,10.55,9279629.0,5008096.0,1.85,9832694661.85,69.86,51.49,True,True,True,8.84,6.25,0.04468605,0.04345668,2.83,7.61,True,3.92,Actionable watch,Breakout retest,"breakout, retest, pivot, volume, inverse-head-and-shoulders, base, reversal",979.09,2026-08-04,1.65,3.87,,,,Prior resistance has been cleared on higher volume and price is back near that pivot. This is the kind of retest zone where follow-through can matter more than chasing a stretched candle. Secondary patterns: Possible inverse H&S.,Strengthening with volume,7.07
ASTERDM,Aster DM Quality Care Ltd.,ASTERDM.NS,Healthcare,True,,NIFTY 500,^CRSLDX,2026-08-07,869.7,2.99,5.78,7.52,1036652.0,657775.0,1.58,901576257.05,71.75,59.74,True,True,True,6.33,9.51,0.03667748,0.03438666,6.66,5.87,True,4.22,Actionable watch,Breakout retest,"breakout, retest, pivot, volume, inverse-head-and-shoulders, base, reversal",831.48,2026-08-05,2.25,0.6,,,,Prior resistance has been cleared on higher volume and price is back near that pivot. This is the kind of retest zone where follow-through can matter more than chasing a stretched candle. Secondary patterns: Possible inverse H&S.,Strengthening with volume,7.07
TRAVELFOOD,Travel Food Services Ltd.,TRAVELFOOD.NS,Consumer Services,True,,NIFTY 500,^CRSLDX,2026-08-07,1428.6,6.84,11.68,8.64,1277109.0,85977.0,14.85,1824477886.22,69.5,45.53,True,True,True,8.77,9.71,0.06024772,0.05636671,6.89,5.75,True,5.1,Actionable watch,Breakout retest,"breakout, retest, pivot, volume, inverse-head-and-shoulders, base, reversal",1356.94,2026-08-07,55.85,0.21,,,,Prior resistance has been cleared on higher volume and price is back near that pivot. This is the kind of retest zone where follow-through can matter more than chasing a stretched candle. Secondary patterns: Possible inverse H&S.,Strengthening with volume,7.05
TATACAP,Tata Capital Ltd.,TATACAP.NS,Financial Services,True,,NIFTY 500,^CRSLDX,2026-08-07,370.3,-3.24,1.34,2.86,3709993.0,2170640.0,1.71,1373810362.61,58.94,62.26,True,True,True,3.58,6.65,0.0156165,0.01499275,4.16,1.28,True,3.97,Actionable watch,Breakout retest,"breakout, retest, pivot, volume, inverse-head-and-shoulders, base, reversal",365.74,2026-08-05,1.74,0.4,,,,Prior resistance has been cleared on higher volume and price is back near that pivot. This is the kind of retest zone where follow-through can matter more than chasing a stretched candle. Secondary patterns: Possible inverse H&S.,Strengthening with volume,6.95
SAPPHIRE,Sapphire Foods India Ltd.,SAPPHIRE.NS,Consumer Services,True,,NIFTY 500,^CRSLDX,2026-08-07,224.22,12.26,21.13,22.76,18223143.0,2874751.0,6.34,4085993145.71,74.86,51.06,True,True,True,18.97,21.94,0.00945593,0.00796942,18.65,20.88,True,3.4,Actionable watch,Possible inverse H&S,"inverse-head-and-shoulders, base, reversal",206.4,,,8.63,,,206.4,A possible inverse head-and-shoulders base is visible. The setup improves only if price clears or holds near the neckline with better volume.,Strengthening with volume,6.89
GABRIEL,Gabriel India Ltd.,GABRIEL.NS,Automobile and Auto Components,True,,NIFTY 500,^CRSLDX,2026-08-07,1499.8,-2.09,7.74,19.59,371354.0,937734.0,0.4,556956747.33,60.91,58.34,True,True,True,6.37,19.41,0.06325041,0.05429594,16.49,16.41,True,3.4,Actionable watch,Possible inverse H&S,"inverse-head-and-shoulders, base, reversal",1099.3,,,36.43,,,1099.3,A possible inverse head-and-shoulders base is visible. The setup improves only if price clears or holds near the neckline with better volume.,Strengthening,6.89
AIIL,Authum Investment & Infrastructure Ltd.,AIIL.NS,Financial Services,True,,NIFTY 500,^CRSLDX,2026-08-07,596.6,0.07,9.29,17.56,1070109.0,674900.0,1.59,638427003.27,68.19,54.82,True,True,True,9.08,14.09,0.02516015,0.02264388,11.11,14.43,True,3.4,Actionable watch,Possible inverse H&S,"inverse-head-and-shoulders, base, reversal",536.17,,,11.27,,,536.17,A possible inverse head-and-shoulders base is visible. The setup improves only if price clears or holds near the neckline with better volume.,Strengthening with volume,6.89
FLUOROCHEM,Gujarat Fluorochemicals Ltd.,FLUOROCHEM.NS,Chemicals,True,,NIFTY 500,^CRSLDX,2026-08-07,4518.1,-0.66,2.8,16.94,133609.0,191611.0,0.7,603658835.95,61.26,60.57,True,True,True,3.25,12.53,0.19053986,0.17378866,9.64,13.83,True,3.4,Actionable watch,Possible inverse H&S,"inverse-head-and-shoulders, base, reversal",3655.5,,,23.6,,,3655.5,A possible inverse head-and-shoulders base is visible. The setup improves only if price clears or holds near the neckline with better volume.,Strengthening,6.89
BAJAJ-AUTO,Bajaj Auto Ltd.,BAJAJ-AUTO.NS,Automobile and Auto Components,True,,NIFTY 500,^CRSLDX,2026-08-07,11662.0,0.36,2.01,14.84,208719.0,517434.0,0.4,2434080978.0,67.43,73.47,True,True,True,6.02,11.74,0.49181642,0.45326587,8.51,11.78,True,3.4,Actionable watch,Possible inverse H&S,"inverse-head-and-shoulders, base, reversal, flag, continuation, uptrend",10081.5,,,15.68,,,10081.5,A possible inverse head-and-shoulders base is visible. The setup improves only if price clears or holds near the neckline with better volume. Secondary patterns: Bullish flag.,Strengthening,6.89
PERSISTENT,Persistent Systems Ltd.,PERSISTENT.NS,Information Technology,True,,NIFTY 500,^CRSLDX,2026-08-07,5475.0,0.28,-0.72,13.75,507489.0,648084.0,0.78,2778502275.0,62.58,67.37,True,True,True,3.86,8.89,0.23089478,0.21828292,5.78,10.72,True,3.4,Actionable watch,Possible inverse H&S,"inverse-head-and-shoulders, base, reversal, flag, continuation, uptrend",5202.45,,,5.24,,,5202.45,A possible inverse head-and-shoulders base is visible. The setup improves only if price clears or holds near the neckline with better volume. Secondary patterns: Bullish flag.,Strengthening,6.89
WOCKPHARMA,Wockhardt Ltd.,WOCKPHARMA.NS,Healthcare,True,,NIFTY 500,^CRSLDX,2026-08-07,2021.0,2.33,3.13,11.61,546004.0,633896.0,0.86,1103474084.0,62.69,60.23,True,True,True,5.42,4.44,0.08523075,0.08397379,1.5,9.9,True,3.4,Actionable watch,Possible inverse H&S,"inverse-head-and-shoulders, base, reversal",1549.45,,,30.43,,,1549.45,A possible inverse head-and-shoulders base is visible. The setup improves only if price clears or holds near the neckline with better volume.,Strengthening,6.89
AFFLE,Affle 3i Ltd.,AFFLE.NS,Information Technology,True,,NIFTY 500,^CRSLDX,2026-08-07,1645.6,-2.55,3.76,11.16,310778.0,570439.0,0.54,511416269.21,59.41,58.25,True,True,True,4.77,9.24,0.06939917,0.06529934,6.28,9.45,True,3.4,Actionable watch,Possible inverse H&S,"inverse-head-and-shoulders, base, reversal",1588.05,,,3.62,,,1588.05,A possible inverse head-and-shoulders base is visible. The setup improves only if price clears or holds near the neckline with better volume.,Strengthening,6.89
ACE,Action Construction Equipment Ltd.,ACE.NS,Capital Goods,True,,NIFTY 500,^CRSLDX,2026-08-07,1094.3,-1.74,3.51,12.05,234543.0,804144.0,0.29,256660416.35,59.73,59.82,True,True,True,5.3,11.04,0.04614944,0.04263435,8.24,9.07,True,3.4,Actionable watch,Possible inverse H&S,"inverse-head-and-shoulders, base, reversal",974.75,,,12.26,,,974.75,A possible inverse head-and-shoulders base is visible. The setup improves only if price clears or holds near the neckline with better volume.,Strengthening,6.89
BALRAMCHIN,Balrampur Chini Mills Ltd.,BALRAMCHIN.NS,Fast Moving Consumer Goods,True,,NIFTY 500,^CRSLDX,2026-08-07,633.45,0.66,6.23,11.63,394355.0,890439.0,0.44,249804179.56,61.1,55.42,True,True,True,3.6,10.87,0.02671421,0.02476245,7.88,8.66,True,3.4,Actionable watch,Possible inverse H&S,"inverse-head-and-shoulders, base, reversal",460.95,,,37.42,,,460.95,A possible inverse head-and-shoulders base is visible. The setup improves only if price clears or holds near the neckline with better volume.,Strengthening,6.89
AEGISLOG,Aegis Logistics Ltd.,AEGISLOG.NS,Oil Gas & Consumable Fuels,True,,NIFTY 500,^CRSLDX,2026-08-07,1371.0,-2.07,7.04,10.02,1673662.0,1651098.0,1.01,2294590602.0,58.96,54.38,True,True,True,3.32,18.85,0.05781858,0.04953357,16.73,8.34,True,3.4,Actionable watch,Possible inverse H&S,"inverse-head-and-shoulders, base, reversal",767.98,,,78.52,,,767.98,A possible inverse head-and-shoulders base is visible. The setup improves only if price clears or holds near the neckline with better volume.,Strengthening,6.89
EICHERMOT,Eicher Motors Ltd.,EICHERMOT.NS,Automobile and Auto Components,True,,NIFTY 500,^CRSLDX,2026-08-07,8020.0,0.66,2.38,10.03,339401.0,569452.0,0.6,2721996020.0,67.45,66.15,True,True,True,4.71,7.89,0.33822395,0.32181276,5.1,8.34,True,3.4,Actionable watch,Possible inverse H&S,"inverse-head-and-shoulders, base, reversal",7832.75,,,2.39,,,7832.75,A possible inverse head-and-shoulders base is visible. The setup improves only if price clears or holds near the neckline with better volume.,Strengthening,6.89
SUMICHEM,Sumitomo Chemical India Ltd.,SUMICHEM.NS,Chemicals,True,,NIFTY 500,^CRSLDX,2026-08-07,532.95,1.48,4.83,11.03,611733.0,790878.0,0.77,326023109.82,59.26,51.47,True,True,True,1.24,9.6,0.02247587,0.02113549,6.34,8.08,True,3.4,Actionable watch,Possible inverse H&S,"inverse-head-and-shoulders, base, reversal, flag, continuation, uptrend",498.1,,,7.0,,,498.1,A possible inverse head-and-shoulders base is visible. The setup improves only if price clears or holds near the neckline with better volume. Secondary patterns: Bullish flag.,Strengthening,6.89
MANAPPURAM,Manappuram Finance Ltd.,MANAPPURAM.NS,Financial Services,True,,NIFTY 500,^CRSLDX,2026-08-07,366.75,0.76,-0.43,10.32,2588037.0,5357812.0,0.48,949162569.75,65.19,70.91,True,True,True,4.78,10.9,0.01546679,0.01434284,7.84,7.38,True,3.4,Actionable watch,Possible inverse H&S,"inverse-head-and-shoulders, base, reversal, flag, continuation, uptrend",319.9,,,14.65,,,319.9,A possible inverse head-and-shoulders base is visible. The setup improves only if price clears or holds near the neckline with better volume. Secondary patterns: Bullish flag.,Strengthening,6.89
ENDURANCE,Endurance Technologies Ltd.,ENDURANCE.NS,Automobile and Auto Components,True,,NIFTY 500,^CRSLDX,2026-08-07,2904.5,0.93,5.3,8.56,80739.0,146885.0,0.55,234506425.5,67.11,56.83,True,True,True,5.35,8.65,0.12249021,0.11588518,5.7,6.9,True,3.4,Actionable watch,Possible inverse H&S,"inverse-head-and-shoulders, base, reversal",2771.5,,,4.8,,,2771.5,A possible inverse head-and-shoulders base is visible. The setup improves only if price clears or holds near the neckline with better volume.,Strengthening,6.89
ENRIN,Siemens Energy India Ltd.,ENRIN.NS,Capital Goods,True,,NIFTY 500,^CRSLDX,2026-08-07,3648.8,12.19,16.89,6.13,7973155.0,763472.0,10.44,29092448353.31,62.72,33.2,True,True,True,9.23,4.14,0.15387925,0.15212831,1.15,3.31,True,0.0,No clear setup,,,,,,,,,,,Mean reversion bounce,6.86
FEDERALBNK,Federal Bank Ltd.,FEDERALBNK.NS,Financial Services,True,,NIFTY 500,^CRSLDX,2026-08-07,356.25,0.76,0.59,8.7,4924073.0,7388622.0,0.67,1754201006.25,59.37,68.19,True,True,True,1.94,7.94,0.01502398,0.01427529,5.24,5.8,True,3.4,Actionable watch,Possible inverse H&S,"inverse-head-and-shoulders, base, reversal, flag, continuation, uptrend",279.5,,,27.46,,,279.5,A possible inverse head-and-shoulders base is visible. The setup improves only if price clears or holds near the neckline with better volume. Secondary patterns: Bullish flag.,Strengthening,6.85
TBOTEK,TBO Tek Ltd.,TBOTEK.NS,Consumer Services,True,,NIFTY 500,^CRSLDX,2026-08-07,1610.9,-0.75,7.5,7.62,114273.0,328986.0,0.35,184082378.49,62.97,56.97,True,True,True,6.55,12.18,0.06793578,0.06200113,9.57,4.75,True,5.1,Actionable watch,Breakout retest,"breakout, retest, pivot, volume, inverse-head-and-shoulders, base, reversal",1585.3,2026-08-03,5.44,0.64,,,,Prior resistance has been cleared on higher volume and price is back near that pivot. This is the kind of retest zone where follow-through can matter more than chasing a stretched candle. Secondary patterns: Possible inverse H&S.,Strengthening,6.85
CONCOR,Container Corporation of India Ltd.,CONCOR.NS,Services,True,,NIFTY 500,^CRSLDX,2026-08-07,505.2,-1.33,-3.5,10.86,891343.0,2970305.0,0.3,450306494.48,55.28,67.69,True,True,True,1.5,5.96,0.02130558,0.02067293,3.06,7.91,True,3.24,Watch,Bullish flag,"flag, continuation, uptrend, inverse-head-and-shoulders, base, reversal",524.25,2026-07-29,0.58,,3.77,19.44,,Price has made a sharp impulse move and is now consolidating near the highs. A controlled pullback with quieter volume keeps the continuation setup alive. Secondary patterns: Possible inverse H&S.,Strengthening,6.83
GRASIM,Grasim Industries Ltd.,GRASIM.NS,Construction Materials,True,,NIFTY 500,^CRSLDX,2026-08-07,3323.0,3.52,7.36,4.43,1070736.0,537101.0,1.99,3558055728.0,64.57,47.15,True,True,True,5.73,6.2,0.14013942,0.13574805,3.23,1.65,True,3.4,Actionable watch,Possible inverse H&S,"inverse-head-and-shoulders, base, reversal",2913.6,,,14.05,,,2913.6,A possible inverse head-and-shoulders base is visible. The setup improves only if price clears or holds near the neckline with better volume.,Strengthening with volume,6.82
NESTLEIND,Nestle India Ltd.,NESTLEIND.NS,Fast Moving Consumer Goods,True,,NIFTY 500,^CRSLDX,2026-08-07,1540.0,0.33,2.01,5.83,1520417.0,2566015.0,0.59,2341442180.0,67.61,63.91,True,True,True,4.3,7.29,0.06494575,0.06223204,4.36,4.2,True,4.72,Actionable watch,Breakout retest,"breakout, retest, pivot, volume, inverse-head-and-shoulders, base, reversal",1486.48,2026-07-30,1.64,2.26,,,,Prior resistance has been cleared on higher volume and price is back near that pivot. This is the kind of retest zone where follow-through can matter more than chasing a stretched candle. Secondary patterns: Possible inverse H&S.,Strengthening,6.74
SHRIRAMFIN,Shriram Finance Ltd.,SHRIRAMFIN.NS,Financial Services,True,,NIFTY 500,^CRSLDX,2026-08-07,1115.0,-2.28,6.53,6.79,3239485.0,6045611.0,0.54,3612025775.0,62.95,54.92,True,True,True,5.71,10.06,0.04702241,0.04381038,7.33,5.15,True,3.4,Actionable watch,Possible inverse H&S,"inverse-head-and-shoulders, base, reversal",1085.35,,,2.73,,,1085.35,A possible inverse head-and-shoulders base is visible. The setup improves only if price clears or holds near the neckline with better volume.,Strengthening,6.72
SBIN,State Bank of India,SBIN.NS,Financial Services,True,,NIFTY 500,^CRSLDX,2026-08-07,1097.2,1.12,6.79,5.91,29398708.0,11043903.0,2.66,32256260982.12,70.8,50.86,True,True,True,5.8,7.01,0.04627173,0.04437456,4.28,4.28,True,3.81,Actionable watch,Breakout retest,"breakout, retest, pivot, volume",1062.58,2026-08-06,1.42,1.23,,,,Prior resistance has been cleared on higher volume and price is back near that pivot. This is the kind of retest zone where follow-through can matter more than chasing a stretched candle.,Strengthening with volume,6.69
GLAXO,Glaxosmithkline Pharmaceuticals Ltd.,GLAXO.NS,Healthcare,True,,NIFTY 500,^CRSLDX,2026-08-07,2599.7,0.78,-2.1,6.62,34956.0,73335.0,0.48,90875111.49,59.99,71.19,True,True,True,1.92,8.47,0.10963601,0.10370063,5.72,4.99,True,3.33,Watch,Bullish flag,"flag, continuation, uptrend, inverse-head-and-shoulders, base, reversal",2662.3,2026-08-03,0.56,,5.86,26.58,,Price has made a sharp impulse move and is now consolidating near the highs. A controlled pullback with quieter volume keeps the continuation setup alive. Secondary patterns: Possible inverse H&S.,Strengthening,6.66
BERGEPAINT,Berger Paints India Ltd.,BERGEPAINT.NS,Consumer Durables,True,,NIFTY 500,^CRSLDX,2026-08-07,530.55,-1.31,2.53,7.56,286606.0,361465.0,0.79,152058809.8,59.66,58.46,True,True,True,5.03,4.28,0.02237465,0.02205753,1.44,4.69,True,3.4,Actionable watch,Possible inverse H&S,"inverse-head-and-shoulders, base, reversal",515.9,,,2.84,,,515.9,A possible inverse head-and-shoulders base is visible. The setup improves only if price clears or holds near the neckline with better volume.,Strengthening,6.63
CONCORDBIO,Concord Biotech Ltd.,CONCORDBIO.NS,Healthcare,True,,NIFTY 500,^CRSLDX,2026-08-07,1365.0,-0.71,-3.93,5.25,68790.0,140451.0,0.49,93898350.0,57.32,70.0,True,True,True,2.42,5.18,0.05756555,0.05603947,2.72,3.63,True,4.7,Actionable watch,Breakout retest,"breakout, retest, pivot, volume, flag, continuation, uptrend, inverse-head-and-shoulders, base, reversal",1382.08,2026-07-31,5.79,1.24,,,,"Prior resistance has been cleared on higher volume and price is back near that pivot. This is the kind of retest zone where follow-through can matter more than chasing a stretched candle. Secondary patterns: Bullish flag, Possible inverse H&S.",Strengthening,6.63
ARE&M,Amara Raja Energy & Mobility Ltd.,ARE&M.NS,Automobile and Auto Components,True,,NIFTY 500,^CRSLDX,2026-08-07,931.7,0.46,2.74,7.8,498737.0,892564.0,0.56,464673268.99,62.72,60.96,True,True,True,3.58,7.87,0.03929218,0.03751328,4.74,4.93,True,3.25,Actionable watch,Possible inverse H&S,"inverse-head-and-shoulders, base, reversal",914.0,,,1.94,,,914.0,A possible inverse head-and-shoulders base is visible. The setup improves only if price clears or holds near the neckline with better volume.,Strengthening,6.62
PNBHOUSING,PNB Housing Finance Ltd.,PNBHOUSING.NS,Financial Services,True,,NIFTY 500,^CRSLDX,2026-08-07,1143.0,-0.61,11.5,6.27,1476707.0,1067782.0,1.38,1687876101.0,64.11,40.35,True,True,True,5.22,9.49,0.04820324,0.04528303,6.45,3.44,True,4.3,Actionable watch,Breakout retest,"breakout, retest, pivot, volume, inverse-head-and-shoulders, base, reversal",1087.3,2026-07-07,2.7,2.96,,,,Prior resistance has been cleared on higher volume and price is back near that pivot. This is the kind of retest zone where follow-through can matter more than chasing a stretched candle. Secondary patterns: Possible inverse H&S.,Strengthening,6.59
DIXON,Dixon Technologies (India) Ltd.,DIXON.NS,Consumer Durables,True,,NIFTY 500,^CRSLDX,2026-08-07,14200.0,0.0,1.07,5.8,192540.0,498129.0,0.39,2734068000.0,60.39,60.01,True,True,True,1.22,10.13,0.59885039,0.55800347,7.32,4.18,True,3.4,Actionable watch,Possible inverse H&S,"inverse-head-and-shoulders, base, reversal, flag, continuation, uptrend",12835.0,,,10.63,,,12835.0,A possible inverse head-and-shoulders base is visible. The setup improves only if price clears or holds near the neckline with better volume. Secondary patterns: Bullish flag.,Strengthening,6.53
ATUL,Atul Ltd.,ATUL.NS,Chemicals,True,,NIFTY 500,^CRSLDX,2026-08-07,6774.0,-0.33,0.56,9.16,130066.0,85508.0,1.52,881067084.0,61.39,60.98,True,True,True,4.81,4.39,0.28567694,0.28155792,1.46,7.49,True,0.0,No clear setup,,,,,,,,,,,Strengthening with volume,6.5
HINDZINC,Hindustan Zinc Ltd.,HINDZINC.NS,Metals & Mining,True,,NIFTY 500,^CRSLDX,2026-08-07,603.0,2.2,11.83,12.3,6360541.0,3965890.0,1.6,3835406223.0,73.68,50.99,True,True,True,11.13,9.61,0.02543006,0.02396192,6.13,10.58,True,2.2,Watch,Possible inverse H&S,"inverse-head-and-shoulders, base, reversal",625.93,,,3.66,,,625.93,A possible inverse head-and-shoulders base is visible. The setup improves only if price clears or holds near the neckline with better volume.,Strengthening with volume,6.47
PCBL,PCBL Chemical Ltd.,PCBL.NS,Chemicals,True,,NIFTY 500,^CRSLDX,2026-08-07,321.9,-0.89,2.67,5.44,553478.0,3606810.0,0.15,178164564.82,51.62,49.26,True,True,True,0.08,4.31,0.01357535,0.01334725,1.71,3.82,True,3.43,Watch,Breakout retest,"breakout, retest, pivot, volume, flag, continuation, uptrend, inverse-head-and-shoulders, base, reversal",322.19,2026-07-21,1.47,0.09,,,,"Prior resistance has been cleared on higher volume and price is back near that pivot. This is the kind of retest zone where follow-through can matter more than chasing a stretched candle. Secondary patterns: Bullish flag, Possible inverse H&S.",Strengthening,6.47
PARADEEP,Paradeep Phosphates Ltd.,PARADEEP.NS,Chemicals,True,,NIFTY 500,^CRSLDX,2026-08-07,149.45,0.89,1.44,5.39,6175428.0,13145770.0,0.47,922917695.75,60.0,58.1,True,True,True,4.39,8.86,0.00630269,0.00593869,6.13,3.77,True,3.4,Actionable watch,Possible inverse H&S,"inverse-head-and-shoulders, base, reversal, flag, continuation, uptrend",139.86,,,6.85,,,139.86,A possible inverse head-and-shoulders base is visible. The setup improves only if price clears or holds near the neckline with better volume. Secondary patterns: Bullish flag.,Strengthening,6.44
ANANTRAJ,Anant Raj Ltd.,ANANTRAJ.NS,Realty,True,,NIFTY 500,^CRSLDX,2026-08-07,615.9,-0.24,-1.38,5.3,1037579.0,2758414.0,0.38,639044931.43,59.86,65.76,True,True,True,1.97,9.13,0.02597408,0.0244479,6.24,3.69,True,3.4,Actionable watch,Possible inverse H&S,"inverse-head-and-shoulders, base, reversal",586.62,,,4.99,,,586.62,A possible inverse head-and-shoulders base is visible. The setup improves only if price clears or holds near the neckline with better volume.,Strengthening,6.43
TATATECH,Tata Technologies Ltd.,TATATECH.NS,Information Technology,True,,NIFTY 500,^CRSLDX,2026-08-07,872.8,8.89,16.74,21.47,16054460.0,2124330.0,7.56,14012332492.02,76.06,55.58,True,True,True,16.02,17.91,0.03680821,0.03204512,14.86,19.6,True,5.1,Actionable watch,Breakout retest,"breakout, retest, pivot, volume, inverse-head-and-shoulders, base, reversal",778.02,2026-08-06,9.07,2.48,,,,Prior resistance has been cleared on higher volume and price is back near that pivot. This is the kind of retest zone where follow-through can matter more than chasing a stretched candle. Secondary patterns: Possible inverse H&S.,Strengthening with volume,6.4
FSL,Firstsource Solutions Ltd.,FSL.NS,Services,True,,NIFTY 500,^CRSLDX,2026-08-07,279.85,-4.8,-7.37,7.75,9183285.0,6466011.0,1.42,2569942363.3,50.45,75.54,False,True,True,-0.37,7.25,0.01180199,0.01132284,4.23,6.1,True,5.1,Actionable watch,Breakout retest,"breakout, retest, pivot, volume",278.97,2026-07-29,31.92,0.32,,,,Prior resistance has been cleared on higher volume and price is back near that pivot. This is the kind of retest zone where follow-through can matter more than chasing a stretched candle.,Strengthening,6.4
IDFCFIRSTB,IDFC First Bank Ltd.,IDFCFIRSTB.NS,Financial Services,True,,NIFTY 500,^CRSLDX,2026-08-07,84.62,-0.56,0.22,5.0,9534301.0,24378668.0,0.39,806792576.81,62.3,65.47,True,True,True,2.47,6.98,0.00356864,0.00342005,4.34,3.39,True,3.4,Actionable watch,Possible inverse H&S,"inverse-head-and-shoulders, base, reversal, flag, continuation, uptrend",71.98,,,17.56,,,71.98,A possible inverse head-and-shoulders base is visible. The setup improves only if price clears or holds near the neckline with better volume. Secondary patterns: Bullish flag.,Strengthening,6.37
BAJAJHLDNG,Bajaj Holdings & Investment Ltd.,BAJAJHLDNG.NS,Financial Services,True,,NIFTY 500,^CRSLDX,2026-08-07,11263.0,-1.09,2.67,6.45,25976.0,53801.0,0.48,292567688.0,61.43,62.53,True,True,True,4.04,6.76,0.47498957,0.45736064,3.85,3.61,True,3.24,Watch,Bullish flag,"flag, continuation, uptrend, inverse-head-and-shoulders, base, reversal",11599.0,2026-08-03,0.67,,3.04,19.06,,Price has made a sharp impulse move and is now consolidating near the highs. A controlled pullback with quieter volume keeps the continuation setup alive. Secondary patterns: Possible inverse H&S.,Strengthening,6.36
360ONE,360 ONE WAM Ltd.,360ONE.NS,Financial Services,True,,NIFTY 500,^CRSLDX,2026-08-07,1168.1,-1.51,2.2,6.17,1707456.0,1422713.0,1.2,1994479311.91,58.44,56.45,True,True,True,3.47,5.21,0.04926177,0.04816745,2.27,3.35,True,3.4,Actionable watch,Possible inverse H&S,"inverse-head-and-shoulders, base, reversal",1137.45,,,2.69,,,1137.45,A possible inverse head-and-shoulders base is visible. The setup improves only if price clears or holds near the neckline with better volume.,Strengthening,6.36
SIEMENS,Siemens Ltd.,SIEMENS.NS,Capital Goods,True,,NIFTY 500,^CRSLDX,2026-08-07,3940.1,-0.3,7.69,13.9,221386.0,372758.0,0.59,872283000.22,69.06,55.27,True,True,True,6.5,8.04,0.16616412,0.15839052,4.91,10.86,True,5.1,Actionable watch,Breakout retest,"breakout, retest, pivot, volume",3886.2,2026-08-04,3.16,0.9,,,,Prior resistance has been cleared on higher volume and price is back near that pivot. This is the kind of retest zone where follow-through can matter more than chasing a stretched candle.,Strengthening,6.3
JUBLFOOD,Jubilant Foodworks Ltd.,JUBLFOOD.NS,Consumer Services,True,,NIFTY 500,^CRSLDX,2026-08-07,486.5,2.85,11.01,11.38,4146649.0,2648145.0,1.57,2017344738.5,68.43,56.39,True,True,False,10.91,13.02,0.02051695,0.01866148,9.94,9.67,True,5.1,Actionable watch,Breakout retest,"breakout, retest, pivot, volume",473.17,2026-08-05,5.5,0.8,,,,Prior resistance has been cleared on higher volume and price is back near that pivot. This is the kind of retest zone where follow-through can matter more than chasing a stretched candle.,Strengthening with volume,6.3
PNB,Punjab National Bank,PNB.NS,Financial Services,True,,NIFTY 500,^CRSLDX,2026-08-07,114.81,0.45,1.86,8.92,11183712.0,18098484.0,0.62,1284001947.42,68.72,64.59,True,True,True,3.83,6.67,0.00484183,0.00466095,3.88,7.25,True,5.1,Actionable watch,Breakout retest,"breakout, retest, pivot, volume",109.46,2026-07-20,7.47,3.78,,,,Prior resistance has been cleared on higher volume and price is back near that pivot. This is the kind of retest zone where follow-through can matter more than chasing a stretched candle.,Strengthening,6.3
WIPRO,Wipro Ltd.,WIPRO.NS,Information Technology,True,,NIFTY 500,^CRSLDX,2026-08-07,187.53,0.76,2.11,8.1,7818956.0,15983907.0,0.49,1466288809.14,62.91,60.76,True,True,False,4.45,4.44,0.00790862,0.00781333,1.22,6.44,True,4.65,Actionable watch,Breakout retest,"breakout, retest, pivot, volume",179.32,2026-07-29,1.5,3.53,,,,Prior resistance has been cleared on higher volume and price is back near that pivot. This is the kind of retest zone where follow-through can matter more than chasing a stretched candle.,Strengthening,6.3
GODFRYPHLP,Godfrey Phillips India Ltd.,GODFRYPHLP.NS,Fast Moving Consumer Goods,True,,NIFTY 500,^CRSLDX,2026-08-07,2286.0,-0.17,7.15,8.07,232006.0,642453.0,0.36,530365716.0,59.0,49.75,True,True,False,6.18,4.42,0.09640648,0.09496783,1.51,6.41,True,4.7,Actionable watch,Breakout retest,"breakout, retest, pivot, volume",2291.89,2026-08-04,4.36,0.26,,,,Prior resistance has been cleared on higher volume and price is back near that pivot. This is the kind of retest zone where follow-through can matter more than chasing a stretched candle.,Strengthening,6.3
KEI,KEI Industries Ltd.,KEI.NS,Capital Goods,True,,NIFTY 500,^CRSLDX,2026-08-07,5600.0,0.09,12.02,8.75,273147.0,495118.0,0.55,1529623200.0,70.72,47.56,True,True,True,10.23,7.19,0.23616635,0.22653241,4.25,7.08,True,3.96,Actionable watch,Breakout retest,"breakout, retest, pivot, volume, inverse-head-and-shoulders, base, reversal",5392.43,2026-06-17,1.72,2.78,,,,Prior resistance has been cleared on higher volume and price is back near that pivot. This is the kind of retest zone where follow-through can matter more than chasing a stretched candle. Secondary patterns: Possible inverse H&S.,Strengthening,6.29
PAYTM,One 97 Communications Ltd.,PAYTM.NS,Financial Services,True,,NIFTY 500,^CRSLDX,2026-08-07,1441.6,-0.03,7.34,7.44,3054301.0,3878878.0,0.79,4403080247.03,73.7,64.6,True,True,True,6.68,18.36,0.06079596,0.05272861,15.3,5.79,True,5.0,Actionable watch,Breakout retest,"breakout, retest, pivot, volume, inverse-head-and-shoulders, base, reversal",1370.16,2026-08-03,2.2,4.02,,,,Prior resistance has been cleared on higher volume and price is back near that pivot. This is the kind of retest zone where follow-through can matter more than chasing a stretched candle. Secondary patterns: Possible inverse H&S.,Strengthening,6.26
BHARTIARTL,Bharti Airtel Ltd.,BHARTIARTL.NS,Telecommunication,True,,NIFTY 500,^CRSLDX,2026-08-07,1959.9,0.61,-0.61,3.34,3019081.0,5995568.0,0.5,5917096925.61,60.6,67.19,True,True,True,1.68,4.68,0.08265401,0.08112341,1.89,1.76,True,5.08,Actionable watch,Breakout retest,"breakout, retest, pivot, volume, inverse-head-and-shoulders, base, reversal",1933.87,2026-08-05,2.36,0.23,,,,Prior resistance has been cleared on higher volume and price is back near that pivot. This is the kind of retest zone where follow-through can matter more than chasing a stretched candle. Secondary patterns: Possible inverse H&S.,Strengthening,6.25
ZFCVINDIA,ZF Commercial Vehicle Control Systems India Ltd.,ZFCVINDIA.NS,Automobile and Auto Components,True,,NIFTY 500,^CRSLDX,2026-08-07,2637.2,2.21,9.07,13.0,103143.0,192523.0,0.54,272008714.56,68.24,52.33,True,True,True,9.43,7.67,0.11121748,0.10605305,4.87,11.27,True,3.83,Actionable watch,Breakout retest,"breakout, retest, pivot, volume, inverse-head-and-shoulders, base, reversal",2584.21,2026-06-19,1.46,0.86,,,,Prior resistance has been cleared on higher volume and price is back near that pivot. This is the kind of retest zone where follow-through can matter more than chasing a stretched candle. Secondary patterns: Possible inverse H&S.,Strengthening,6.24
TMCV,Tata Motors Ltd.,TMCV.NS,Capital Goods,True,,NIFTY 500,^CRSLDX,2026-08-07,453.1,-1.42,3.73,7.24,6870110.0,7752480.0,0.89,3112846882.93,65.29,63.9,True,True,,6.83,10.41,0.01910839,0.01772781,7.79,5.6,True,5.1,Actionable watch,Breakout retest,"breakout, retest, pivot, volume, inverse-head-and-shoulders, base, reversal",445.59,2026-08-03,2.57,0.81,,,,Prior resistance has been cleared on higher volume and price is back near that pivot. This is the kind of retest zone where follow-through can matter more than chasing a stretched candle. Secondary patterns: Possible inverse H&S.,Strengthening,6.22
KFINTECH,Kfin Technologies Ltd.,KFINTECH.NS,Financial Services,True,,NIFTY 500,^CRSLDX,2026-08-07,936.0,0.65,-0.48,8.43,295760.0,1502392.0,0.2,276831360.0,57.19,59.74,True,True,False,2.63,6.72,0.03947352,0.03800093,3.88,5.55,True,4.65,Actionable watch,Breakout retest,"breakout, retest, pivot, volume, flag, continuation, uptrend, inverse-head-and-shoulders, base, reversal",942.54,2026-07-28,2.3,0.69,,,,"Prior resistance has been cleared on higher volume and price is back near that pivot. This is the kind of retest zone where follow-through can matter more than chasing a stretched candle. Secondary patterns: Bullish flag, Possible inverse H&S.",Strengthening,6.21
MOTHERSON,Samvardhana Motherson International Ltd.,MOTHERSON.NS,Automobile and Auto Components,True,,NIFTY 500,^CRSLDX,2026-08-07,168.5,8.71,11.77,17.88,115554793.0,22140106.0,5.22,19470982620.5,76.58,62.73,True,True,True,13.73,15.27,0.00710608,0.00633164,12.23,16.07,True,3.4,Actionable watch,Possible inverse H&S,"inverse-head-and-shoulders, base, reversal",130.43,,,29.19,,,130.43,A possible inverse head-and-shoulders base is visible. The setup improves only if price clears or holds near the neckline with better volume.,Strengthening with volume,6.19
NEULANDLAB,Neuland Laboratories Ltd.,NEULANDLAB.NS,Healthcare,True,,NIFTY 500,^CRSLDX,2026-08-07,22855.0,6.09,19.02,17.17,313776.0,89053.0,3.52,7171350480.0,78.29,58.1,True,True,True,18.17,24.57,0.96385391,0.79412924,21.37,14.05,True,3.4,Actionable watch,Possible inverse H&S,"inverse-head-and-shoulders, base, reversal",16318.0,,,40.06,,,16318.0,A possible inverse head-and-shoulders base is visible. The setup improves only if price clears or holds near the neckline with better volume.,Strengthening with volume,6.19
RAINBOW,Rainbow Childrens Medicare Ltd.,RAINBOW.NS,Healthcare,True,,NIFTY 500,^CRSLDX,2026-08-07,1556.7,-1.05,2.37,5.32,79910.0,88140.0,0.91,124395893.1,63.92,66.18,True,True,True,3.39,7.89,0.06565003,0.06249517,5.05,2.52,True,3.4,Actionable watch,Possible inverse H&S,"inverse-head-and-shoulders, base, reversal",1355.0,,,14.89,,,1355.0,A possible inverse head-and-shoulders base is visible. The setup improves only if price clears or holds near the neckline with better volume.,Strengthening,6.19
GLAND,Gland Pharma Ltd.,GLAND.NS,Healthcare,True,,NIFTY 500,^CRSLDX,2026-08-07,2601.0,-0.28,3.34,5.32,317709.0,443829.0,0.72,826361109.0,63.31,59.5,True,True,True,4.37,8.91,0.10969083,0.10353618,5.94,2.52,True,3.4,Actionable watch,Possible inverse H&S,"inverse-head-and-shoulders, base, reversal",1853.35,,,40.34,,,1853.35,A possible inverse head-and-shoulders base is visible. The setup improves only if price clears or holds near the neckline with better volume.,Strengthening,6.19
BHARATFORG,Bharat Forge Ltd.,BHARATFORG.NS,Automobile and Auto Components,True,,NIFTY 500,^CRSLDX,2026-08-07,2265.2,2.5,2.97,7.0,1151904.0,797659.0,1.44,2609292884.55,68.61,61.31,True,True,True,4.05,8.09,0.09552929,0.09064457,5.39,5.36,True,4.65,Actionable watch,Breakout retest,"breakout, retest, pivot, volume",2212.43,2026-08-07,1.51,1.0,,,,Prior resistance has been cleared on higher volume and price is back near that pivot. This is the kind of retest zone where follow-through can matter more than chasing a stretched candle.,Strengthening,6.17
NUVOCO,Nuvoco Vistas Corporation Ltd.,NUVOCO.NS,Construction Materials,True,,NIFTY 500,^CRSLDX,2026-08-07,345.8,-2.0,0.33,7.99,352218.0,4613837.0,0.08,121796980.1,52.21,53.06,False,True,True,-1.46,5.02,0.01458327,0.01430907,1.92,6.34,True,3.31,Watch,Bullish flag,"flag, continuation, uptrend, inverse-head-and-shoulders, base, reversal",377.25,2026-07-15,0.63,,10.24,24.48,,Price has made a sharp impulse move and is now consolidating near the highs. A controlled pullback with quieter volume keeps the continuation setup alive. Secondary patterns: Possible inverse H&S.,Strengthening,6.16
PIDILITIND,Pidilite Industries Ltd.,PIDILITIND.NS,Chemicals,True,,NIFTY 500,^CRSLDX,2026-08-07,1660.0,-1.54,1.85,5.13,917301.0,1290576.0,0.71,1522719660.0,62.69,64.36,True,True,True,3.77,6.24,0.07000645,0.06764364,3.49,2.33,True,3.4,Actionable watch,Possible inverse H&S,"inverse-head-and-shoulders, base, reversal",1474.9,,,12.55,,,1474.9,A possible inverse head-and-shoulders base is visible. The setup improves only if price clears or holds near the neckline with better volume.,Strengthening,6.16
AJANTPHARM,Ajanta Pharmaceuticals Ltd.,AJANTPHARM.NS,Healthcare,True,,NIFTY 500,^CRSLDX,2026-08-07,3489.2,0.54,1.62,5.15,34852.0,112571.0,0.31,121605596.7,60.57,58.75,True,True,True,2.02,7.45,0.1471485,0.14047846,4.75,3.54,True,2.68,Watch,Bullish flag,"flag, continuation, uptrend",3542.84,2026-07-21,0.94,,7.33,22.77,,Price has made a sharp impulse move and is now consolidating near the highs. A controlled pullback with quieter volume keeps the continuation setup alive.,Strengthening,6.15
ULTRACEMCO,UltraTech Cement Ltd.,ULTRACEMCO.NS,Construction Materials,True,,NIFTY 500,^CRSLDX,2026-08-07,12105.0,0.25,2.18,7.19,171322.0,293738.0,0.58,2073852810.0,65.79,62.67,True,True,True,3.21,6.78,0.51049887,0.49170326,3.82,4.33,True,2.2,Watch,Possible inverse H&S,"inverse-head-and-shoulders, base, reversal",12696.0,,,4.66,,,12696.0,A possible inverse head-and-shoulders base is visible. The setup improves only if price clears or holds near the neckline with better volume.,Strengthening,6.14
AARTIIND,Aarti Industries Ltd.,AARTIIND.NS,Chemicals,True,,NIFTY 500,^CRSLDX,2026-08-07,502.1,0.18,2.66,3.72,1422147.0,1431221.0,0.99,714060017.38,59.14,53.35,True,True,True,2.58,5.36,0.02117484,0.02066121,2.49,2.13,True,3.4,Actionable watch,Possible inverse H&S,"inverse-head-and-shoulders, base, reversal",427.2,,,17.53,,,427.2,A possible inverse head-and-shoulders base is visible. The setup improves only if price clears or holds near the neckline with better volume.,Strengthening,6.12
POLYMED,Poly Medicure Ltd.,POLYMED.NS,Healthcare,True,,NIFTY 500,^CRSLDX,2026-08-07,1693.8,-0.91,1.6,2.91,225164.0,83400.0,2.7,381382794.19,53.73,52.3,True,True,True,0.44,5.63,0.07143189,0.06920412,3.22,0.17,True,2.2,Watch,Possible inverse H&S,"inverse-head-and-shoulders, base, reversal",1743.5,,,2.85,,,1743.5,A possible inverse head-and-shoulders base is visible. The setup improves only if price clears or holds near the neckline with better volume.,Strengthening with volume,6.1
HEG,H.E.G. Ltd.,HEG.NS,Capital Goods,True,,NIFTY 500,^CRSLDX,2026-08-07,674.0,-1.62,2.24,31.81,597227.0,3194220.0,0.19,402530998.0,69.34,70.8,True,True,True,7.56,18.56,0.02842431,0.02468928,15.13,28.3,True,3.4,Actionable watch,Possible inverse H&S,"inverse-head-and-shoulders, base, reversal",645.0,,,4.5,,,645.0,A possible inverse head-and-shoulders base is visible. The setup improves only if price clears or holds near the neckline with better volume.,Strengthening,6.09
RRKABEL,R R Kabel Ltd.,RRKABEL.NS,Capital Goods,True,,NIFTY 500,^CRSLDX,2026-08-07,2759.5,-0.18,7.7,25.05,287024.0,793169.0,0.36,792042728.0,71.49,64.76,True,True,True,10.98,17.51,0.11637519,0.10129937,14.88,21.72,True,3.4,Actionable watch,Possible inverse H&S,"inverse-head-and-shoulders, base, reversal",1569.1,,,75.87,,,1569.1,A possible inverse head-and-shoulders base is visible. The setup improves only if price clears or holds near the neckline with better volume.,Strengthening,6.09
M&MFIN,Mahindra & Mahindra Financial Services Ltd.,M&MFIN.NS,Financial Services,True,,NIFTY 500,^CRSLDX,2026-08-07,408.45,5.05,4.05,24.02,4873637.0,7087540.0,0.69,1990637092.14,71.38,73.97,True,True,True,12.49,26.06,0.01722538,0.01401315,22.92,20.72,True,3.4,Actionable watch,Possible inverse H&S,"inverse-head-and-shoulders, base, reversal",371.6,,,9.92,,,371.6,A possible inverse head-and-shoulders base is visible. The setup improves only if price clears or holds near the neckline with better volume.,Strengthening,6.09
DIVISLAB,Divi's Laboratories Ltd.,DIVISLAB.NS,Healthcare,True,,NIFTY 500,^CRSLDX,2026-08-07,8275.0,-0.89,2.72,21.55,256625.0,600311.0,0.43,2123571875.0,73.49,83.82,True,True,True,8.33,17.41,0.34897795,0.30526758,14.32,19.69,True,3.4,Actionable watch,Possible inverse H&S,"inverse-head-and-shoulders, base, reversal, flag, continuation, uptrend",6880.5,,,20.27,,,6880.5,A possible inverse head-and-shoulders base is visible. The setup improves only if price clears or holds near the neckline with better volume. Secondary patterns: Bullish flag.,Strengthening,6.09
COFORGE,Coforge Ltd.,COFORGE.NS,Information Technology,True,,NIFTY 500,^CRSLDX,2026-08-07,1776.0,0.18,3.44,18.65,2665948.0,3530472.0,0.76,4734723648.0,72.23,70.82,True,True,True,10.37,17.41,0.07489847,0.06546535,14.41,16.83,True,3.4,Actionable watch,Possible inverse H&S,"inverse-head-and-shoulders, base, reversal",1664.0,,,6.73,,,1664.0,A possible inverse head-and-shoulders base is visible. The setup improves only if price clears or holds near the neckline with better volume.,Strengthening,6.09
APARINDS,Apar Industries Ltd.,APARINDS.NS,Capital Goods,True,,NIFTY 500,^CRSLDX,2026-08-07,16631.0,3.13,15.91,18.3,177375.0,155229.0,1.14,2949923625.0,71.14,52.96,True,True,True,16.16,13.64,0.70137188,0.63181684,11.01,16.49,True,3.4,Actionable watch,Possible inverse H&S,"inverse-head-and-shoulders, base, reversal",9462.5,,,75.76,,,9462.5,A possible inverse head-and-shoulders base is visible. The setup improves only if price clears or holds near the neckline with better volume.,Strengthening,6.09
LLOYDSME,Lloyds Metals And Energy Ltd.,LLOYDSME.NS,Metals & Mining,True,,NIFTY 500,^CRSLDX,2026-08-07,2101.2,2.05,2.65,16.76,609118.0,604654.0,1.01,1279878711.86,69.05,67.41,True,True,True,7.0,14.05,0.08861299,0.07990309,10.9,14.97,True,3.4,Actionable watch,Possible inverse H&S,"inverse-head-and-shoulders, base, reversal",1361.5,,,54.33,,,1361.5,A possible inverse head-and-shoulders base is visible. The setup improves only if price clears or holds near the neckline with better volume.,Strengthening,6.09
NEWGEN,Newgen Software Technologies Ltd.,NEWGEN.NS,Information Technology,True,,NIFTY 500,^CRSLDX,2026-08-07,551.0,1.59,-0.35,17.74,1069563.0,6553127.0,0.16,589329213.0,57.48,60.24,True,True,False,1.55,10.16,0.02323708,0.02165027,7.33,14.61,True,3.4,Actionable watch,Possible inverse H&S,"inverse-head-and-shoulders, base, reversal, flag, continuation, uptrend",536.0,,,2.8,,,536.0,A possible inverse head-and-shoulders base is visible. The setup improves only if price clears or holds near the neckline with better volume. Secondary patterns: Bullish flag.,Strengthening,6.09
PVRINOX,PVR INOX Ltd.,PVRINOX.NS,Media Entertainment & Publication,True,,NIFTY 500,^CRSLDX,2026-08-07,1156.0,0.49,2.17,16.83,137505.0,523038.0,0.26,158955780.0,68.53,72.84,True,True,True,7.83,14.18,0.04875148,0.04386474,11.14,13.72,True,3.4,Actionable watch,Possible inverse H&S,"inverse-head-and-shoulders, base, reversal",1084.42,,,6.6,,,1084.42,A possible inverse head-and-shoulders base is visible. The setup improves only if price clears or holds near the neckline with better volume.,Strengthening,6.09
WELCORP,Welspun Corp Ltd.,WELCORP.NS,Capital Goods,True,,NIFTY 500,^CRSLDX,2026-08-07,1839.8,1.11,11.46,14.09,718142.0,1009912.0,0.71,1321237686.67,74.8,59.96,True,True,True,9.97,20.04,0.07758908,0.06631327,17.0,12.34,True,3.4,Actionable watch,Possible inverse H&S,"inverse-head-and-shoulders, base, reversal",837.45,,,119.69,,,837.45,A possible inverse head-and-shoulders base is visible. The setup improves only if price clears or holds near the neckline with better volume.,Strengthening,6.09
ASHOKLEY,Ashok Leyland Ltd.,ASHOKLEY.NS,Capital Goods,True,,NIFTY 500,^CRSLDX,2026-08-07,177.5,0.0,6.81,12.71,11270852.0,17475639.0,0.64,2000576230.0,72.18,65.16,True,True,True,10.34,13.12,0.00748563,0.00679122,10.23,10.98,True,3.4,Actionable watch,Possible inverse H&S,"inverse-head-and-shoulders, base, reversal",166.68,,,6.49,,,166.68,A possible inverse head-and-shoulders base is visible. The setup improves only if price clears or holds near the neckline with better volume.,Strengthening,6.09
CRAFTSMAN,Craftsman Automation Ltd.,CRAFTSMAN.NS,Automobile and Auto Components,True,,NIFTY 500,^CRSLDX,2026-08-07,10483.0,-0.68,4.34,13.07,37554.0,66359.0,0.57,393678582.0,72.75,72.46,True,True,True,8.91,11.89,0.44209497,0.40573135,8.96,10.06,True,3.4,Actionable watch,Possible inverse H&S,"inverse-head-and-shoulders, base, reversal",8979.0,,,16.75,,,8979.0,A possible inverse head-and-shoulders base is visible. The setup improves only if price clears or holds near the neckline with better volume.,Strengthening,6.09
IIFL,IIFL Finance Ltd.,IIFL.NS,Financial Services,True,,NIFTY 500,^CRSLDX,2026-08-07,611.75,0.39,0.51,10.68,1048164.0,2327444.0,0.45,641214327.0,68.23,70.87,True,True,True,5.35,12.99,0.02579907,0.02341675,10.17,8.99,True,3.4,Actionable watch,Bullish flag,"flag, continuation, uptrend, inverse-head-and-shoulders, base, reversal",617.85,2026-08-03,0.64,,2.56,32.33,,Price has made a sharp impulse move and is now consolidating near the highs. A controlled pullback with quieter volume keeps the continuation setup alive. Secondary patterns: Possible inverse H&S.,Strengthening,6.09
ANTHEM,Anthem Biosciences Ltd.,ANTHEM.NS,Healthcare,True,,NIFTY 500,^CRSLDX,2026-08-07,841.0,1.86,7.22,11.84,472509.0,867348.0,0.54,397380069.0,69.19,55.23,True,True,True,6.87,8.54,0.03546712,0.03359852,5.56,8.86,True,3.4,Actionable watch,Possible inverse H&S,"inverse-head-and-shoulders, base, reversal",703.3,,,19.58,,,703.3,A possible inverse head-and-shoulders base is visible. The setup improves only if price clears or holds near the neckline with better volume.,Strengthening,6.09
BALKRISIND,Balkrishna Industries Ltd.,BALKRISIND.NS,Automobile and Auto Components,True,,NIFTY 500,^CRSLDX,2026-08-07,2466.3,0.02,-0.13,9.85,116751.0,551891.0,0.21,287942997.0,70.37,73.48,True,True,True,11.85,12.72,0.10401019,0.0947909,9.73,8.17,True,3.4,Actionable watch,Possible inverse H&S,"inverse-head-and-shoulders, base, reversal",2319.25,,,6.34,,,2319.25,A possible inverse head-and-shoulders base is visible. The setup improves only if price clears or holds near the neckline with better volume.,Strengthening,6.09
RADICO,Radico Khaitan Ltd,RADICO.NS,Fast Moving Consumer Goods,True,,NIFTY 500,^CRSLDX,2026-08-07,4499.0,0.65,3.03,10.27,299029.0,472639.0,0.63,1345331471.0,73.28,75.54,True,True,True,6.48,14.88,0.18973436,0.16933809,12.04,7.34,True,3.4,Actionable watch,Possible inverse H&S,"inverse-head-and-shoulders, base, reversal",3538.95,,,27.13,,,3538.95,A possible inverse head-and-shoulders base is visible. The setup improves only if price clears or holds near the neckline with better volume.,Strengthening,6.09
UNITDSPR,United Spirits Ltd.,UNITDSPR.NS,Fast Moving Consumer Goods,True,,NIFTY 500,^CRSLDX,2026-08-07,1512.4,-0.83,-1.27,9.5,324522.0,934904.0,0.35,490807080.72,69.08,77.44,True,True,True,4.34,10.6,0.06378178,0.0591952,7.75,6.59,True,3.4,Actionable watch,Possible inverse H&S,"inverse-head-and-shoulders, base, reversal, flag, continuation, uptrend",1448.65,,,4.4,,,1448.65,A possible inverse head-and-shoulders base is visible. The setup improves only if price clears or holds near the neckline with better volume. Secondary patterns: Bullish flag.,Strengthening,6.09
TITAN,Titan Company Ltd.,TITAN.NS,Consumer Durables,True,,NIFTY 500,^CRSLDX,2026-08-07,4941.0,-1.14,1.35,7.78,1166615.0,784206.0,1.49,5764244715.0,68.63,78.91,True,True,True,3.6,10.07,0.20837463,0.19428983,7.25,6.13,True,3.4,Actionable watch,Possible inverse H&S,"inverse-head-and-shoulders, base, reversal, flag, continuation, uptrend",4453.1,,,10.96,,,4453.1,A possible inverse head-and-shoulders base is visible. The setup improves only if price clears or holds near the neckline with better volume. Secondary patterns: Bullish flag.,Strengthening,6.09
CHALET,Chalet Hotels Ltd.,CHALET.NS,Consumer Services,True,,NIFTY 500,^CRSLDX,2026-08-07,859.7,-0.39,6.8,4.96,51018.0,111806.0,0.46,43860175.22,58.76,43.41,True,True,True,2.15,5.97,0.03625575,0.03515379,3.13,2.17,True,3.25,Watch,Bullish flag,"flag, continuation, uptrend, inverse-head-and-shoulders, base, reversal",871.95,2026-07-16,0.56,,11.07,20.23,,Price has made a sharp impulse move and is now consolidating near the highs. A controlled pullback with quieter volume keeps the continuation setup alive. Secondary patterns: Possible inverse H&S.,Strengthening,6.07
TCS,Tata Consultancy Services Ltd.,TCS.NS,Information Technology,True,,NIFTY 500,^CRSLDX,2026-08-07,2452.7,3.36,3.68,19.2,4547325.0,4742944.0,0.96,11153223805.46,63.37,62.71,True,True,False,5.94,11.35,0.10343664,0.09562777,8.17,17.37,True,3.32,Watch,Bullish flag,"flag, continuation, uptrend",2473.7,2026-08-03,0.66,,4.44,25.45,,Price has made a sharp impulse move and is now consolidating near the highs. A controlled pullback with quieter volume keeps the continuation setup alive.,Strengthening,6.06
INFY,Infosys Ltd.,INFY.NS,Information Technology,True,,NIFTY 500,^CRSLDX,2026-08-07,1175.1,0.87,3.98,10.03,7579077.0,14550380.0,0.52,8906173197.66,62.22,57.7,True,True,False,5.68,6.52,0.04955698,0.04793084,3.39,8.34,True,3.25,Watch,Bullish flag,"flag, continuation, uptrend",1180.0,2026-08-03,0.59,,3.68,19.76,,Price has made a sharp impulse move and is now consolidating near the highs. A controlled pullback with quieter volume keeps the continuation setup alive.,Strengthening,6.04
RECLTD,REC Ltd.,RECLTD.NS,Financial Services,True,,NIFTY 500,^CRSLDX,2026-08-07,367.0,1.52,-1.6,5.47,4059920.0,4438597.0,0.91,1489990640.0,57.86,68.29,True,True,True,1.97,3.78,0.01547733,0.01530414,1.13,3.85,True,2.2,Watch,Possible inverse H&S,"inverse-head-and-shoulders, base, reversal",387.62,,,5.32,,,387.62,A possible inverse head-and-shoulders base is visible. The setup improves only if price clears or holds near the neckline with better volume.,Strengthening,6.04
LTTS,L&T Technology Services Ltd.,LTTS.NS,Information Technology,True,,NIFTY 500,^CRSLDX,2026-08-07,3598.7,1.22,1.11,11.84,79990.0,245536.0,0.33,287860009.09,61.63,61.61,True,True,False,4.17,7.19,0.1517664,0.14576276,4.12,8.87,True,3.23,Watch,Bullish flag,"flag, continuation, uptrend, inverse-head-and-shoulders, base, reversal",3599.3,2026-07-28,0.44,,4.18,18.1,,Price has made a sharp impulse move and is now consolidating near the highs. A controlled pullback with quieter volume keeps the continuation setup alive. Secondary patterns: Possible inverse H&S.,Strengthening,6.03
CHOLAFIN,Cholamandalam Investment and Finance Company Ltd.,CHOLAFIN.NS,Financial Services,True,,NIFTY 500,^CRSLDX,2026-08-07,1866.2,-3.8,0.88,3.27,1617799.0,1624484.0,1.0,3019136414.81,57.52,61.14,True,True,True,3.39,8.23,0.07870243,0.07444535,5.72,1.69,True,3.4,Actionable watch,Possible inverse H&S,"inverse-head-and-shoulders, base, reversal",1718.55,,,8.59,,,1718.55,A possible inverse head-and-shoulders base is visible. The setup improves only if price clears or holds near the neckline with better volume.,Strengthening,6.03
BLUEJET,Blue Jet Healthcare Ltd.,BLUEJET.NS,Healthcare,True,,NIFTY 500,^CRSLDX,2026-08-07,593.9,1.02,-3.03,3.38,516924.0,1313893.0,0.39,307001176.22,57.05,65.38,True,True,True,0.47,9.56,0.02504629,0.0234331,6.88,0.63,True,5.1,Actionable watch,Breakout retest,"breakout, retest, pivot, volume, flag, continuation, uptrend, inverse-head-and-shoulders, base, reversal",579.73,2026-07-10,6.07,0.58,,,,"Prior resistance has been cleared on higher volume and price is back near that pivot. This is the kind of retest zone where follow-through can matter more than chasing a stretched candle. Secondary patterns: Bullish flag, Possible inverse H&S.",Strengthening,6.03
EIDPARRY,E.I.D. Parry (India) Ltd.,EIDPARRY.NS,Fast Moving Consumer Goods,True,,NIFTY 500,^CRSLDX,2026-08-07,805.1,-0.59,5.49,7.46,134544.0,265838.0,0.51,108321371.12,60.78,52.06,True,True,False,3.63,7.51,0.03395313,0.03250377,4.46,4.6,True,5.1,Actionable watch,Breakout retest,"breakout, retest, pivot, volume",796.12,2026-08-05,2.45,0.51,,,,Prior resistance has been cleared on higher volume and price is back near that pivot. This is the kind of retest zone where follow-through can matter more than chasing a stretched candle.,Strengthening,6.02
SBICARD,SBI Cards and Payment Services Ltd.,SBICARD.NS,Financial Services,True,,NIFTY 500,^CRSLDX,2026-08-07,659.0,-0.15,-0.17,7.74,1452919.0,1666006.0,0.87,957473621.0,59.28,62.86,True,True,False,1.85,6.25,0.02779172,0.02687873,3.4,6.09,True,3.15,Actionable watch,Possible inverse H&S,"inverse-head-and-shoulders, base, reversal",648.35,,,1.64,,,648.35,A possible inverse head-and-shoulders base is visible. The setup improves only if price clears or holds near the neckline with better volume.,Strengthening,6.0
JIOFIN,Jio Financial Services Ltd.,JIOFIN.NS,Financial Services,True,,NIFTY 500,^CRSLDX,2026-08-07,256.8,-2.39,0.13,6.13,10847309.0,22304069.0,0.49,2785588818.79,59.87,66.09,True,True,False,4.6,6.64,0.01082991,0.01043657,3.77,4.51,True,4.94,Actionable watch,Breakout retest,"breakout, retest, pivot, volume",248.56,2026-07-31,2.07,3.31,,,,Prior resistance has been cleared on higher volume and price is back near that pivot. This is the kind of retest zone where follow-through can matter more than chasing a stretched candle.,Strengthening,6.0
ABBOTINDIA,Abbott India Ltd.,ABBOTINDIA.NS,Healthcare,True,,NIFTY 500,^CRSLDX,2026-08-07,27835.0,-0.07,1.02,6.41,7629.0,10473.0,0.73,212353215.0,62.98,60.67,True,True,True,0.84,5.71,1.17387327,1.14370111,2.64,3.58,True,2.2,Watch,Possible inverse H&S,"inverse-head-and-shoulders, base, reversal",29095.0,,,4.33,,,29095.0,A possible inverse head-and-shoulders base is visible. The setup improves only if price clears or holds near the neckline with better volume.,Strengthening,5.99
JSWSTEEL,JSW Steel Ltd.,JSWSTEEL.NS,Metals & Mining,True,,NIFTY 500,^CRSLDX,2026-08-07,1299.5,-0.64,2.32,4.34,720425.0,1780101.0,0.4,936192287.5,59.45,56.98,True,True,True,2.78,3.22,0.05480324,0.05463328,0.31,2.74,True,2.7,Actionable watch,Possible inverse H&S,"inverse-head-and-shoulders, base, reversal",1295.75,,,0.29,,,1295.75,A possible inverse head-and-shoulders base is visible. The setup improves only if price clears or holds near the neckline with better volume.,Strengthening,5.99
GODREJIND,Godrej Industries Ltd.,GODREJIND.NS,Diversified,True,,NIFTY 500,^CRSLDX,2026-08-07,1311.5,0.51,0.16,7.57,48599.0,266363.0,0.18,63737588.5,54.31,55.77,False,True,True,-2.11,8.76,0.05530932,0.05221793,5.92,4.71,True,3.51,Actionable watch,Bullish flag,"flag, continuation, uptrend, inverse-head-and-shoulders, base, reversal",1417.7,2026-07-10,0.88,,17.13,40.48,,Price has made a sharp impulse move and is now consolidating near the highs. A controlled pullback with quieter volume keeps the continuation setup alive. Secondary patterns: Possible inverse H&S.,Strengthening,5.97
WELSPUNLIV,Welspun Living Ltd.,WELSPUNLIV.NS,Textiles,True,,NIFTY 500,^CRSLDX,2026-08-07,164.09,3.04,5.23,-1.25,5903850.0,1744195.0,3.38,968762724.88,54.29,42.26,True,True,True,0.77,3.53,0.0069201,0.00684167,1.15,-2.77,True,3.4,Actionable watch,Possible inverse H&S,"inverse-head-and-shoulders, base, reversal, flag, continuation, uptrend",147.82,,,11.01,,,147.82,A possible inverse head-and-shoulders base is visible. The setup improves only if price clears or holds near the neckline with better volume. Secondary patterns: Bullish flag.,Setup watch: Possible inverse H&S,5.94
BATAINDIA,Bata India Ltd.,BATAINDIA.NS,Consumer Durables,True,,NIFTY 500,^CRSLDX,2026-08-07,720.5,-1.04,3.5,5.67,126997.0,376101.0,0.34,91501338.5,61.31,55.19,True,True,False,4.02,5.1,0.03038533,0.02967406,2.4,4.05,True,5.1,Actionable watch,Breakout retest,"breakout, retest, pivot, volume",712.07,2026-08-05,5.41,0.8,,,,Prior resistance has been cleared on higher volume and price is back near that pivot. This is the kind of retest zone where follow-through can matter more than chasing a stretched candle.,Strengthening,5.91
CRISIL,CRISIL Ltd.,CRISIL.NS,Financial Services,True,,NIFTY 500,^CRSLDX,2026-08-07,4607.0,1.24,4.54,13.88,87526.0,85794.0,1.02,403232282.0,68.26,61.33,True,True,True,6.12,11.49,0.19428899,0.17905939,8.51,10.85,True,2.87,Actionable watch,Possible inverse H&S,"inverse-head-and-shoulders, base, reversal",4570.25,,,0.8,,,4570.25,A possible inverse head-and-shoulders base is visible. The setup improves only if price clears or holds near the neckline with better volume.,Strengthening,5.9
JUBLINGREA,Jubilant Ingrevia Ltd.,JUBLINGREA.NS,Chemicals,True,,NIFTY 500,^CRSLDX,2026-08-07,740.25,-2.21,1.62,3.81,550399.0,627047.0,0.88,407432859.75,55.17,55.35,True,True,True,0.08,8.91,0.03121824,0.02950757,5.8,1.05,True,3.4,Actionable watch,Possible inverse H&S,"inverse-head-and-shoulders, base, reversal, flag, continuation, uptrend",715.35,,,3.48,,,715.35,A possible inverse head-and-shoulders base is visible. The setup improves only if price clears or holds near the neckline with better volume. Secondary patterns: Bullish flag.,Strengthening,5.9
JSWINFRA,JSW Infrastructure Ltd.,JSWINFRA.NS,Services,True,,NIFTY 500,^CRSLDX,2026-08-07,335.75,2.52,5.23,3.66,2386685.0,3697846.0,0.65,801329488.75,57.16,47.03,True,True,True,0.99,6.82,0.01415944,0.01357511,4.3,0.9,True,3.4,Actionable watch,Possible inverse H&S,"inverse-head-and-shoulders, base, reversal, flag, continuation, uptrend",289.37,,,16.03,,,289.37,A possible inverse head-and-shoulders base is visible. The setup improves only if price clears or holds near the neckline with better volume. Secondary patterns: Bullish flag.,Strengthening,5.87
LTFOODS,LT Foods Ltd.,LTFOODS.NS,Fast Moving Consumer Goods,True,,NIFTY 500,^CRSLDX,2026-08-07,427.55,1.94,4.19,9.88,643700.0,888426.0,0.72,275213927.14,74.42,67.55,True,True,True,9.07,10.94,0.01803088,0.01671086,7.9,8.2,True,2.73,Actionable watch,Possible inverse H&S,"inverse-head-and-shoulders, base, reversal",425.95,,,0.38,,,425.95,A possible inverse head-and-shoulders base is visible. The setup improves only if price clears or holds near the neckline with better volume.,Strengthening,5.86
3MINDIA,3M India Ltd.,3MINDIA.NS,Diversified,True,,NIFTY 500,^CRSLDX,2026-08-07,36035.0,0.1,3.13,5.21,2165.0,3848.0,0.56,78015775.0,61.95,54.22,True,True,True,1.64,6.89,1.51968829,1.4612871,4.0,2.42,True,2.47,Actionable watch,Possible inverse H&S,"inverse-head-and-shoulders, base, reversal",36172.5,,,0.38,,,36172.5,A possible inverse head-and-shoulders base is visible. The setup improves only if price clears or holds near the neckline with better volume.,Strengthening,5.85
HINDCOPPER,Hindustan Copper Ltd.,HINDCOPPER.NS,Metals & Mining,True,,NIFTY 500,^CRSLDX,2026-08-07,536.1,-1.8,9.05,7.51,9430219.0,5175725.0,1.82,5055540175.67,65.38,49.38,True,True,True,8.26,6.57,0.02260871,0.02186104,3.42,5.86,True,-2.0,Risk review,Head-and-shoulders risk,"head-and-shoulders, risk, distribution",512.88,,,4.53,,,512.88,"A possible head-and-shoulders top is forming or breaking. This is a caution signal, not an entry setup.",Risk review,5.77
HYUNDAI,Hyundai Motor India Ltd.,HYUNDAI.NS,Automobile and Auto Components,True,,NIFTY 500,^CRSLDX,2026-08-07,2200.5,-0.52,1.87,11.92,279068.0,956664.0,0.29,614089134.0,73.22,73.35,True,True,True,8.21,11.77,0.09280072,0.08528391,8.81,10.2,True,2.42,Actionable watch,Possible inverse H&S,"inverse-head-and-shoulders, base, reversal",2212.75,,,0.55,,,2212.75,A possible inverse head-and-shoulders base is visible. The setup improves only if price clears or holds near the neckline with better volume.,Strengthening,5.75
ESCORTS,Escorts Kubota Ltd.,ESCORTS.NS,Capital Goods,True,,NIFTY 500,^CRSLDX,2026-08-07,3080.0,-0.03,-0.19,4.7,65247.0,139425.0,0.47,200960760.0,62.55,67.97,True,True,False,2.73,6.15,0.12989149,0.12566264,3.37,3.09,True,5.1,Actionable watch,Breakout retest,"breakout, retest, pivot, volume, inverse-head-and-shoulders, base, reversal",3030.92,2026-07-31,3.39,0.39,,,,Prior resistance has been cleared on higher volume and price is back near that pivot. This is the kind of retest zone where follow-through can matter more than chasing a stretched candle. Secondary patterns: Possible inverse H&S.,Strengthening,5.72
CIPLA,Cipla Ltd.,CIPLA.NS,Healthcare,True,,NIFTY 500,^CRSLDX,2026-08-07,1463.8,-0.89,-0.64,1.7,765193.0,1394163.0,0.55,1120089550.76,56.41,61.52,True,True,True,1.49,2.85,0.0617322,0.06164896,0.14,0.14,True,3.4,Actionable watch,Possible inverse H&S,"inverse-head-and-shoulders, base, reversal",1380.4,,,6.04,,,1380.4,A possible inverse head-and-shoulders base is visible. The setup improves only if price clears or holds near the neckline with better volume.,Strengthening,5.72
CPPLUS,Aditya Infotech Ltd.,CPPLUS.NS,Capital Goods,True,,NIFTY 500,^CRSLDX,2026-08-07,3708.7,1.44,13.77,1.82,86051.0,169840.0,0.51,319137339.5,59.3,38.35,True,True,True,4.13,5.7,0.15640538,0.15135354,3.34,-0.89,True,4.72,Actionable watch,High-tight flag,"flag, continuation, uptrend, high-tight, inverse-head-and-shoulders, base, reversal",3798.28,2026-07-16,0.49,,16.73,57.28,,Price has made a sharp impulse move and is now consolidating near the highs. A controlled pullback with quieter volume keeps the continuation setup alive. Secondary patterns: Possible inverse H&S.,Setup watch: High-tight flag,5.72
APOLLOTYRE,Apollo Tyres Ltd.,APOLLOTYRE.NS,Automobile and Auto Components,True,,NIFTY 500,^CRSLDX,2026-08-07,445.0,-1.05,5.15,1.8,1965561.0,741373.0,2.65,874674645.0,61.77,47.7,True,True,False,3.13,5.56,0.01876679,0.01824664,2.85,-0.91,True,5.1,Actionable watch,Breakout retest,"breakout, retest, pivot, volume, inverse-head-and-shoulders, base, reversal",440.15,2026-07-02,3.79,1.1,,,,Prior resistance has been cleared on higher volume and price is back near that pivot. This is the kind of retest zone where follow-through can matter more than chasing a stretched candle. Secondary patterns: Possible inverse H&S.,Setup watch: Breakout retest,5.72
NETWEB,Netweb Technologies India Ltd.,NETWEB.NS,Information Technology,True,,NIFTY 500,^CRSLDX,2026-08-07,4939.2,2.62,9.25,14.8,1296696.0,1205698.0,1.08,6404641136.46,65.24,55.47,True,True,True,11.46,8.63,0.20829873,0.19690024,5.79,13.04,True,0.0,No clear setup,,,,,,,,,,,Strengthening,5.7
MPHASIS,MphasiS Ltd.,MPHASIS.NS,Information Technology,True,,NIFTY 500,^CRSLDX,2026-08-07,2475.0,2.19,5.47,9.45,606871.0,658458.0,0.92,1502005725.0,60.47,53.9,True,True,True,4.48,8.32,0.10437709,0.09906514,5.36,6.54,True,0.0,No clear setup,,,,,,,,,,,Strengthening,5.7
EMCURE,Emcure Pharmaceuticals Ltd.,EMCURE.NS,Healthcare,True,,NIFTY 500,^CRSLDX,2026-08-07,1978.4,2.15,3.53,9.33,145070.0,148297.0,0.98,287006491.54,64.34,60.53,True,True,True,5.03,8.69,0.0834342,0.07877903,5.91,6.42,True,0.0,No clear setup,,,,,,,,,,,Strengthening,5.7
ABCAPITAL,Aditya Birla Capital Ltd.,ABCAPITAL.NS,Financial Services,True,,NIFTY 500,^CRSLDX,2026-08-07,408.05,-3.19,3.55,2.69,4838751.0,3624000.0,1.34,1974452286.48,53.45,50.53,True,True,True,0.76,5.53,0.01720851,0.01673485,2.83,-0.04,True,3.4,Actionable watch,Possible inverse H&S,"inverse-head-and-shoulders, base, reversal",365.07,,,11.77,,,365.07,A possible inverse head-and-shoulders base is visible. The setup improves only if price clears or holds near the neckline with better volume.,Setup watch: Possible inverse H&S,5.68
UNIONBANK,Union Bank of India,UNIONBANK.NS,Financial Services,True,,NIFTY 500,^CRSLDX,2026-08-07,183.6,0.6,7.75,16.75,22184599.0,18725081.0,1.18,4073092511.8,68.59,53.01,True,True,True,6.54,9.41,0.00774288,0.00727175,6.48,13.64,True,2.2,Watch,Possible inverse H&S,"inverse-head-and-shoulders, base, reversal",192.44,,,4.6,,,192.44,A possible inverse head-and-shoulders base is visible. The setup improves only if price clears or holds near the neckline with better volume.,Strengthening,5.67
BRIGADE,Brigade Enterprises Ltd.,BRIGADE.NS,Realty,True,,NIFTY 500,^CRSLDX,2026-08-07,581.95,1.75,3.34,9.36,449730.0,459794.0,0.98,261720378.99,61.18,57.53,True,True,False,3.91,9.72,0.02454232,0.02296218,6.88,6.45,True,2.2,Watch,Possible inverse H&S,"inverse-head-and-shoulders, base, reversal",610.39,,,4.66,,,610.39,A possible inverse head-and-shoulders base is visible. The setup improves only if price clears or holds near the neckline with better volume.,Strengthening,5.67
USHAMART,Usha Martin Ltd.,USHAMART.NS,Capital Goods,True,,NIFTY 500,^CRSLDX,2026-08-07,515.05,-0.12,2.52,2.56,205860.0,562748.0,0.37,106028190.49,57.85,52.17,True,True,True,2.05,3.53,0.02172098,0.02161048,0.51,-0.17,True,3.4,Actionable watch,Possible inverse H&S,"inverse-head-and-shoulders, base, reversal",462.32,,,11.4,,,462.32,A possible inverse head-and-shoulders base is visible. The setup improves only if price clears or holds near the neckline with better volume.,Setup watch: Possible inverse H&S,5.66
OFSS,Oracle Financial Services Software Ltd.,OFSS.NS,Information Technology,True,,NIFTY 500,^CRSLDX,2026-08-07,11805.0,0.6,5.53,1.32,186991.0,461016.0,0.41,2207428755.0,63.47,53.42,True,True,True,3.34,10.01,0.4978471,0.46399991,7.29,-0.23,True,3.4,Actionable watch,Possible inverse H&S,"inverse-head-and-shoulders, base, reversal",8993.75,,,31.26,,,8993.75,A possible inverse head-and-shoulders base is visible. The setup improves only if price clears or holds near the neckline with better volume.,Setup watch: Possible inverse H&S,5.64
APLAPOLLO,APL Apollo Tubes Ltd.,APLAPOLLO.NS,Capital Goods,True,,NIFTY 500,^CRSLDX,2026-08-07,1970.0,1.29,8.27,7.3,404468.0,611762.0,0.66,796801960.0,66.08,48.02,True,True,True,6.06,7.69,0.08307995,0.07933752,4.72,5.66,True,0.0,No clear setup,,,,,,,,,,,Strengthening,5.63
AUROPHARMA,Aurobindo Pharma Ltd.,AUROPHARMA.NS,Healthcare,True,,NIFTY 500,^CRSLDX,2026-08-07,1658.0,4.35,5.18,4.45,1999256.0,1037970.0,1.93,3314766448.0,65.23,56.56,True,True,True,5.96,8.71,0.06992211,0.06602594,5.9,1.67,True,0.0,No clear setup,,,,,,,,,,,Strengthening with volume,5.63
LODHA,Lodha Developers Ltd.,LODHA.NS,Realty,True,,NIFTY 500,^CRSLDX,2026-08-07,1218.7,0.74,-1.69,0.18,889939.0,2700579.0,0.33,1084568615.85,57.92,63.26,True,True,True,1.0,15.33,0.0513957,0.04572829,12.39,-1.35,True,4.66,Actionable watch,High-tight flag,"flag, continuation, uptrend, high-tight, inverse-head-and-shoulders, base, reversal",1311.74,2026-07-29,0.7,,8.89,52.71,,Price has made a sharp impulse move and is now consolidating near the highs. A controlled pullback with quieter volume keeps the continuation setup alive. Secondary patterns: Possible inverse H&S.,Setup watch: High-tight flag,5.63
BOSCHLTD,Bosch Ltd.,BOSCHLTD.NS,Automobile and Auto Components,True,,NIFTY 500,^CRSLDX,2026-08-07,42950.0,2.26,4.05,2.39,28214.0,26592.0,1.06,1211791300.0,64.24,56.81,True,True,True,3.87,7.28,1.81131155,1.73185416,4.59,-0.34,True,3.4,Actionable watch,Possible inverse H&S,"inverse-head-and-shoulders, base, reversal",38997.5,,,10.14,,,38997.5,A possible inverse head-and-shoulders base is visible. The setup improves only if price clears or holds near the neckline with better volume.,Setup watch: Possible inverse H&S,5.62
NAUKRI,Info Edge (India) Ltd.,NAUKRI.NS,Consumer Services,True,,NIFTY 500,^CRSLDX,2026-08-07,1225.3,-1.19,-1.51,2.27,747899.0,1695581.0,0.44,916400681.22,61.69,71.97,True,True,True,1.23,12.29,0.05167404,0.04730367,9.24,-0.46,True,3.45,Actionable watch,Bullish flag,"flag, continuation, uptrend",1268.8,2026-08-03,0.4,,3.78,35.61,,Price has made a sharp impulse move and is now consolidating near the highs. A controlled pullback with quieter volume keeps the continuation setup alive.,Setup watch: Bullish flag,5.62
BELRISE,Belrise Industries Ltd.,BELRISE.NS,Automobile and Auto Components,True,,NIFTY 500,^CRSLDX,2026-08-07,248.21,1.47,4.85,7.19,6169341.0,4322482.0,1.43,1531292171.03,64.43,55.2,True,True,True,5.61,6.48,0.01046765,0.01007801,3.87,5.55,True,0.0,No clear setup,,,,,,,,,,,Strengthening,5.61
COCHINSHIP,Cochin Shipyard Ltd.,COCHINSHIP.NS,Capital Goods,True,,NIFTY 500,^CRSLDX,2026-08-07,1519.7,1.99,6.8,7.17,2271642.0,1006279.0,2.26,3452214236.48,65.67,49.97,True,True,False,7.35,5.62,0.06408964,0.0623943,2.72,5.53,True,0.0,No clear setup,,,,,,,,,,,Strengthening with volume,5.61
ECLERX,eClerx Services Ltd.,ECLERX.NS,Services,True,,NIFTY 500,^CRSLDX,2026-08-07,1769.1,-5.52,-7.42,13.67,378351.0,584523.0,0.65,669340744.86,49.95,64.09,False,True,False,-4.19,11.03,0.07460748,0.06913666,7.91,10.64,True,4.02,Actionable watch,High-tight flag,"flag, continuation, uptrend, high-tight, inverse-head-and-shoulders, base, reversal",1979.8,2026-07-17,0.91,,14.11,49.43,,Price has made a sharp impulse move and is now consolidating near the highs. A controlled pullback with quieter volume keeps the continuation setup alive. Secondary patterns: Possible inverse H&S.,Strengthening,5.6
MINDACORP,Minda Corporation Ltd.,MINDACORP.NS,Automobile and Auto Components,True,,NIFTY 500,^CRSLDX,2026-08-07,721.65,0.66,2.09,2.3,228189.0,243422.0,0.94,164672597.42,62.97,61.5,True,True,True,4.1,7.02,0.03043383,0.02919493,4.24,-0.43,True,3.4,Actionable watch,Possible inverse H&S,"inverse-head-and-shoulders, base, reversal, flag, continuation, uptrend",665.33,,,8.47,,,665.33,A possible inverse head-and-shoulders base is visible. The setup improves only if price clears or holds near the neckline with better volume. Secondary patterns: Bullish flag.,Setup watch: Possible inverse H&S,5.6
PFIZER,Pfizer Ltd.,PFIZER.NS,Healthcare,True,,NIFTY 500,^CRSLDX,2026-08-07,4880.6,-0.4,1.65,8.05,5857.0,30097.0,0.19,28585674.77,67.91,69.76,True,True,True,3.58,7.34,0.20582741,0.19730898,4.32,5.18,True,0.0,No clear setup,,,,,,,,,,,Strengthening,5.54
BLUEDART,Blue Dart Express Ltd.,BLUEDART.NS,Services,True,,NIFTY 500,^CRSLDX,2026-08-07,5089.5,-0.45,1.27,5.01,28908.0,46992.0,0.62,147127266.0,52.79,56.3,True,True,False,1.42,3.66,0.21463726,0.21270515,0.91,2.21,True,5.1,Actionable watch,Breakout retest,"breakout, retest, pivot, volume",5064.75,2026-08-03,55.8,0.49,,,,Prior resistance has been cleared on higher volume and price is back near that pivot. This is the kind of retest zone where follow-through can matter more than chasing a stretched candle.,Strengthening,5.54
LENSKART,Lenskart Solutions Ltd.,LENSKART.NS,Consumer Services,True,,NIFTY 500,^CRSLDX,2026-08-07,569.7,0.83,1.48,4.79,3949073.0,3659303.0,1.08,2249786936.31,62.72,61.93,True,True,,2.56,7.11,0.02402571,0.0230641,4.17,3.18,True,3.4,Actionable watch,Possible inverse H&S,"inverse-head-and-shoulders, base, reversal",540.15,,,5.47,,,540.15,A possible inverse head-and-shoulders base is visible. The setup improves only if price clears or holds near the neckline with better volume.,Strengthening,5.53
CLEAN,Clean Science and Technology Ltd.,CLEAN.NS,Chemicals,True,,NIFTY 500,^CRSLDX,2026-08-07,795.15,3.05,9.07,4.02,984469.0,467641.0,2.11,782800549.38,60.82,41.64,True,True,False,5.62,3.39,0.03353351,0.0333449,0.57,1.25,True,2.2,Watch,Possible inverse H&S,"inverse-head-and-shoulders, base, reversal",843.45,,,5.73,,,843.45,A possible inverse head-and-shoulders base is visible. The setup improves only if price clears or holds near the neckline with better volume.,Strengthening with volume,5.52
AUBANK,AU Small Finance Bank Ltd.,AUBANK.NS,Financial Services,True,,NIFTY 500,^CRSLDX,2026-08-07,1067.0,-1.89,1.88,-0.38,751930.0,1691872.0,0.44,802309310.0,56.92,55.09,True,True,True,3.11,4.09,0.04499812,0.04438364,1.38,-1.91,True,5.1,Actionable watch,Breakout retest,"breakout, retest, pivot, volume, inverse-head-and-shoulders, base, reversal",1026.43,2026-06-24,2.87,3.95,,,,Prior resistance has been cleared on higher volume and price is back near that pivot. This is the kind of retest zone where follow-through can matter more than chasing a stretched candle. Secondary patterns: Possible inverse H&S.,Setup watch: Breakout retest,5.52
POONAWALLA,Poonawalla Fincorp Ltd.,POONAWALLA.NS,Financial Services,True,,NIFTY 500,^CRSLDX,2026-08-07,480.05,-2.2,3.56,0.64,1895325.0,1401029.0,1.35,909850743.11,56.97,52.16,True,True,True,1.56,8.56,0.02024494,0.01910186,5.98,-0.9,True,3.4,Actionable watch,Possible inverse H&S,"inverse-head-and-shoulders, base, reversal",468.2,,,2.53,,,468.2,A possible inverse head-and-shoulders base is visible. The setup improves only if price clears or holds near the neckline with better volume.,Setup watch: Possible inverse H&S,5.51
CASTROLIND,Castrol India Ltd.,CASTROLIND.NS,Oil Gas & Consumable Fuels,True,,NIFTY 500,^CRSLDX,2026-08-07,192.08,-1.08,3.93,4.68,3117734.0,2479108.0,1.26,598854352.43,70.96,52.76,True,True,True,3.33,3.87,0.00810051,0.00802158,0.98,1.89,True,5.1,Actionable watch,Breakout retest,"breakout, retest, pivot, volume, inverse-head-and-shoulders, base, reversal",188.81,2026-08-05,11.6,1.1,,,,Prior resistance has been cleared on higher volume and price is back near that pivot. This is the kind of retest zone where follow-through can matter more than chasing a stretched candle. Secondary patterns: Possible inverse H&S.,Strengthening,5.48
CANHLIFE,Canara HSBC Life Insurance Company Ltd.,CANHLIFE.NS,Financial Services,True,,NIFTY 500,^CRSLDX,2026-08-07,152.19,1.09,3.44,7.68,916310.0,4382846.0,0.21,139453221.14,58.67,52.31,True,True,True,2.01,6.21,0.00641824,0.00621724,3.23,4.81,True,0.0,No clear setup,,,,,,,,,,,Strengthening,5.46
INDIGO,InterGlobe Aviation Ltd.,INDIGO.NS,Services,True,,NIFTY 500,^CRSLDX,2026-08-07,5333.0,0.27,3.13,0.4,432213.0,990443.0,0.44,2304991929.0,55.62,50.76,True,True,True,1.9,5.03,0.22490628,0.21903669,2.68,-1.14,True,3.4,Actionable watch,Possible inverse H&S,"inverse-head-and-shoulders, base, reversal",4966.15,,,7.39,,,4966.15,A possible inverse head-and-shoulders base is visible. The setup improves only if price clears or holds near the neckline with better volume.,Setup watch: Possible inverse H&S,5.46
NYKAA,FSN E-Commerce Ventures Ltd.,NYKAA.NS,Consumer Services,True,,NIFTY 500,^CRSLDX,2026-08-07,332.0,0.02,-0.52,2.45,4595210.0,6905905.0,0.67,1525609720.0,58.78,68.39,True,True,True,0.76,8.71,0.01400129,0.01319841,6.08,-0.27,True,2.81,Watch,Bullish flag,"flag, continuation, uptrend",344.9,2026-08-03,1.42,,5.25,32.53,,Price has made a sharp impulse move and is now consolidating near the highs. A controlled pullback with quieter volume keeps the continuation setup alive.,Setup watch: Bullish flag,5.43
RBLBANK,RBL Bank Ltd.,RBLBANK.NS,Financial Services,True,,NIFTY 500,^CRSLDX,2026-08-07,389.8,-0.56,3.11,7.44,1693438.0,6569746.0,0.26,660102111.73,64.32,58.99,True,True,True,4.65,6.36,0.01643886,0.01587244,3.57,4.58,True,0.0,No clear setup,,,,,,,,,,,Strengthening,5.42
RKFORGE,Ramkrishna Forgings Ltd.,RKFORGE.NS,Automobile and Auto Components,True,,NIFTY 500,^CRSLDX,2026-08-07,726.55,3.72,11.58,28.52,1749391.0,2927121.0,0.6,1271020009.7,78.85,69.66,True,True,True,17.2,23.27,0.03064047,0.02553824,19.98,26.55,True,3.4,Actionable watch,Possible inverse H&S,"inverse-head-and-shoulders, base, reversal",559.28,,,29.91,,,559.28,A possible inverse head-and-shoulders base is visible. The setup improves only if price clears or holds near the neckline with better volume.,Strengthening,5.39
REDINGTON,Redington Ltd.,REDINGTON.NS,Services,True,,NIFTY 500,^CRSLDX,2026-08-07,354.85,1.17,10.32,26.55,3114177.0,10929418.0,0.28,1105065727.46,82.73,77.13,True,True,True,19.22,30.05,0.01496493,0.01175599,27.3,24.61,True,3.4,Actionable watch,Possible inverse H&S,"inverse-head-and-shoulders, base, reversal",295.24,,,20.19,,,295.24,A possible inverse head-and-shoulders base is visible. The setup improves only if price clears or holds near the neckline with better volume.,Strengthening,5.39
SONACOMS,Sona BLW Precision Forgings Ltd.,SONACOMS.NS,Automobile and Auto Components,True,,NIFTY 500,^CRSLDX,2026-08-07,818.05,3.29,6.32,22.36,3749341.0,3283370.0,1.14,3067148359.28,78.1,80.83,True,True,True,11.37,22.94,0.03449926,0.02880123,19.78,20.49,True,3.4,Actionable watch,Possible inverse H&S,"inverse-head-and-shoulders, base, reversal",525.88,,,55.56,,,525.88,A possible inverse head-and-shoulders base is visible. The setup improves only if price clears or holds near the neckline with better volume.,Strengthening,5.39
TVSMOTOR,TVS Motor Company Ltd.,TVSMOTOR.NS,Automobile and Auto Components,True,,NIFTY 500,^CRSLDX,2026-08-07,4440.9,1.51,5.52,22.47,840012.0,1355283.0,0.62,3730409208.77,76.81,78.38,True,True,True,12.49,21.46,0.18728413,0.15826629,18.33,19.21,True,3.4,Actionable watch,Possible inverse H&S,"inverse-head-and-shoulders, base, reversal",3910.25,,,13.57,,,3910.25,A possible inverse head-and-shoulders base is visible. The setup improves only if price clears or holds near the neckline with better volume.,Strengthening,5.39
ATHERENERG,Ather Energy Ltd.,ATHERENERG.NS,Automobile and Auto Components,True,,NIFTY 500,^CRSLDX,2026-08-07,1481.5,1.95,17.55,20.86,4646299.0,5698062.0,0.82,6883491968.5,76.88,61.98,True,True,True,14.76,29.18,0.06247865,0.04962198,25.91,19.01,True,3.4,Actionable watch,Possible inverse H&S,"inverse-head-and-shoulders, base, reversal",753.88,,,96.52,,,753.88,A possible inverse head-and-shoulders base is visible. The setup improves only if price clears or holds near the neckline with better volume.,Strengthening,5.39
LAURUSLABS,Laurus Labs Ltd.,LAURUSLABS.NS,Healthcare,True,,NIFTY 500,^CRSLDX,2026-08-07,1844.3,0.78,1.55,19.93,1553047.0,2200812.0,0.71,2864284657.93,79.05,81.83,True,True,True,9.51,19.74,0.07777886,0.06662993,16.73,18.09,True,3.4,Actionable watch,Possible inverse H&S,"inverse-head-and-shoulders, base, reversal",1092.9,,,68.75,,,1092.9,A possible inverse head-and-shoulders base is visible. The setup improves only if price clears or holds near the neckline with better volume.,Strengthening,5.39
PPLPHARMA,Piramal Pharma Ltd.,PPLPHARMA.NS,Healthcare,True,,NIFTY 500,^CRSLDX,2026-08-07,209.55,0.63,7.13,18.28,4610266.0,7705573.0,0.6,966081254.37,77.11,68.38,True,True,True,11.04,18.99,0.00883726,0.00763411,15.76,16.47,True,3.4,Actionable watch,Possible inverse H&S,"inverse-head-and-shoulders, base, reversal",190.74,,,9.86,,,190.74,A possible inverse head-and-shoulders base is visible. The setup improves only if price clears or holds near the neckline with better volume.,Strengthening,5.39
EXIDEIND,Exide Industries Ltd.,EXIDEIND.NS,Automobile and Auto Components,True,,NIFTY 500,^CRSLDX,2026-08-07,490.0,3.32,8.24,15.24,7852947.0,6745637.0,1.16,3847944030.0,75.57,67.36,True,True,True,11.03,18.56,0.02066456,0.01791821,15.33,12.17,True,3.4,Actionable watch,Possible inverse H&S,"inverse-head-and-shoulders, base, reversal",363.82,,,34.68,,,363.82,A possible inverse head-and-shoulders base is visible. The setup improves only if price clears or holds near the neckline with better volume.,Strengthening,5.39
LALPATHLAB,Dr. Lal Path Labs Ltd.,LALPATHLAB.NS,Healthcare,True,,NIFTY 500,^CRSLDX,2026-08-07,1931.6,0.19,2.81,14.97,158459.0,497187.0,0.32,306079400.53,75.54,73.22,True,True,True,8.18,14.55,0.08146052,0.07301961,11.56,11.91,True,3.4,Actionable watch,Possible inverse H&S,"inverse-head-and-shoulders, base, reversal",1472.75,,,31.16,,,1472.75,A possible inverse head-and-shoulders base is visible. The setup improves only if price clears or holds near the neckline with better volume.,Strengthening,5.39
UNOMINDA,UNO Minda Ltd.,UNOMINDA.NS,Automobile and Auto Components,True,,NIFTY 500,^CRSLDX,2026-08-07,1285.0,0.55,8.85,10.2,557630.0,869881.0,0.64,716554550.0,79.97,63.27,True,True,True,9.17,13.36,0.05419174,0.04909433,10.38,8.51,True,3.4,Actionable watch,Possible inverse H&S,"inverse-head-and-shoulders, base, reversal",1210.0,,,6.2,,,1210.0,A possible inverse head-and-shoulders base is visible. The setup improves only if price clears or holds near the neckline with better volume.,Strengthening,5.39
HAL,Hindustan Aeronautics Ltd.,HAL.NS,Capital Goods,True,,NIFTY 500,^CRSLDX,2026-08-07,4910.0,-0.2,5.67,8.95,1082851.0,848243.0,1.28,5316798410.0,75.19,65.53,True,True,True,6.78,10.43,0.20706728,0.19263513,7.49,7.28,True,3.4,Actionable watch,Possible inverse H&S,"inverse-head-and-shoulders, base, reversal",4541.5,,,8.11,,,4541.5,A possible inverse head-and-shoulders base is visible. The setup improves only if price clears or holds near the neckline with better volume.,Strengthening,5.39
SAGILITY,Sagility Ltd.,SAGILITY.NS,Information Technology,True,,NIFTY 500,^CRSLDX,2026-08-07,43.67,0.02,0.85,2.92,10946625.0,29714632.0,0.37,478039093.71,56.57,55.81,True,True,False,2.39,6.12,0.00184168,0.00178421,3.22,1.34,True,4.82,Actionable watch,Breakout retest,"breakout, retest, pivot, volume",43.23,2026-07-29,1.85,0.05,,,,Prior resistance has been cleared on higher volume and price is back near that pivot. This is the kind of retest zone where follow-through can matter more than chasing a stretched candle.,Strengthening,5.37
JINDALSAW,Jindal Saw Ltd.,JINDALSAW.NS,Capital Goods,True,,NIFTY 500,^CRSLDX,2026-08-07,271.4,2.32,6.72,-0.33,1612323.0,1799603.0,0.9,437584452.36,60.16,46.49,True,True,True,3.36,5.73,0.01144563,0.01111658,2.96,-2.98,True,5.06,Actionable watch,Breakout retest,"breakout, retest, pivot, volume, flag, continuation, uptrend",268.71,2026-07-09,2.32,1.0,,,,Prior resistance has been cleared on higher volume and price is back near that pivot. This is the kind of retest zone where follow-through can matter more than chasing a stretched candle. Secondary patterns: Bullish flag.,Setup watch: Breakout retest,5.3
LTM,LTM Ltd.,LTM.NS,Information Technology,True,,NIFTY 500,^CRSLDX,2026-08-07,4658.1,2.87,6.79,15.38,643791.0,543374.0,1.18,2998842919.97,68.84,65.92,True,True,False,9.33,15.51,0.19644402,0.17504623,12.22,13.61,True,3.4,Actionable watch,Possible inverse H&S,"inverse-head-and-shoulders, base, reversal, flag, continuation, uptrend",4511.9,,,3.24,,,4511.9,A possible inverse head-and-shoulders base is visible. The setup improves only if price clears or holds near the neckline with better volume. Secondary patterns: Bullish flag.,Strengthening,5.29
INDUSINDBK,IndusInd Bank Ltd.,INDUSINDBK.NS,Financial Services,True,,NIFTY 500,^CRSLDX,2026-08-07,1022.0,0.57,1.04,0.67,1727107.0,2005147.0,0.86,1765103354.0,56.13,54.69,True,True,True,0.3,5.78,0.04310036,0.04189314,2.88,-2.0,True,3.4,Actionable watch,Possible inverse H&S,"inverse-head-and-shoulders, base, reversal, flag, continuation, uptrend",963.38,,,6.09,,,963.38,A possible inverse head-and-shoulders base is visible. The setup improves only if price clears or holds near the neckline with better volume. Secondary patterns: Bullish flag.,Setup watch: Possible inverse H&S,5.29
THELEELA,Leela Palaces Hotels & Resorts Ltd.,THELEELA.NS,Consumer Services,True,,NIFTY 500,^CRSLDX,2026-08-07,518.0,1.37,4.73,3.39,495562.0,519653.0,0.95,256701116.0,68.54,59.37,True,True,True,5.8,9.93,0.02184539,0.02034929,7.35,1.81,True,3.4,Actionable watch,Possible inverse H&S,"inverse-head-and-shoulders, base, reversal",491.0,,,5.5,,,491.0,A possible inverse head-and-shoulders base is visible. The setup improves only if price clears or holds near the neckline with better volume.,Strengthening,5.25
ANANDRATHI,Anand Rathi Wealth Ltd.,ANANDRATHI.NS,Financial Services,True,,NIFTY 500,^CRSLDX,2026-08-07,2101.5,1.45,3.05,0.28,202587.0,289000.0,0.7,425736580.5,64.14,54.59,True,True,True,1.54,7.7,0.08862564,0.08443188,4.97,-2.39,True,3.31,Watch,Bullish flag,"flag, continuation, uptrend",2146.8,2026-07-10,0.34,,7.23,24.43,,Price has made a sharp impulse move and is now consolidating near the highs. A controlled pullback with quieter volume keeps the continuation setup alive.,Setup watch: Bullish flag,5.18
CARBORUNIV,Carborundum Universal Ltd.,CARBORUNIV.NS,Capital Goods,True,,NIFTY 500,^CRSLDX,2026-08-07,1097.0,2.61,3.12,0.77,521243.0,156955.0,3.32,571803571.0,54.13,45.95,True,True,True,2.44,0.59,0.0462633,0.04717575,-1.93,-0.77,False,3.4,Actionable watch,Possible inverse H&S,"inverse-head-and-shoulders, base, reversal",961.2,,,14.13,,,961.2,A possible inverse head-and-shoulders base is visible. The setup improves only if price clears or holds near the neckline with better volume.,Setup watch: Possible inverse H&S,5.14
JSWENERGY,JSW Energy Ltd.,JSWENERGY.NS,Power,True,,NIFTY 500,^CRSLDX,2026-08-07,564.4,0.52,3.81,5.8,1552203.0,2113702.0,0.73,876063411.1,53.98,42.94,True,True,True,1.55,0.16,0.0238022,0.02447294,-2.74,2.99,False,3.4,Actionable watch,Possible inverse H&S,"inverse-head-and-shoulders, base, reversal",515.17,,,9.56,,,515.17,A possible inverse head-and-shoulders base is visible. The setup improves only if price clears or holds near the neckline with better volume.,Setup watch: Possible inverse H&S,5.09
ICICIBANK,ICICI Bank Ltd.,ICICIBANK.NS,Financial Services,True,,NIFTY 500,^CRSLDX,2026-08-07,1421.0,-2.5,-0.17,2.27,14392450.0,12733804.0,1.13,20451671450.0,52.22,59.44,False,True,True,-0.54,3.84,0.05992721,0.05918068,1.26,0.7,True,3.25,Watch,Bullish flag,"flag, continuation, uptrend, inverse-head-and-shoulders, base, reversal",1460.0,2026-08-03,0.88,,2.95,20.03,,Price has made a sharp impulse move and is now consolidating near the highs. A controlled pullback with quieter volume keeps the continuation setup alive. Secondary patterns: Possible inverse H&S.,Strengthening,5.08
CARTRADE,Cartrade Tech Ltd.,CARTRADE.NS,Consumer Services,True,,NIFTY 500,^CRSLDX,2026-08-07,2793.0,0.16,0.05,2.11,219097.0,870405.0,0.25,611937921.0,53.4,54.08,False,True,True,-0.4,8.24,0.11778797,0.11090256,6.21,-0.6,True,4.65,Actionable watch,High-tight flag,"flag, continuation, uptrend, high-tight, inverse-head-and-shoulders, base, reversal",2978.5,2026-07-27,0.88,,11.26,52.09,,Price has made a sharp impulse move and is now consolidating near the highs. A controlled pullback with quieter volume keeps the continuation setup alive. Secondary patterns: Possible inverse H&S.,Setup watch: High-tight flag,5.08
AEGISVOPAK,Aegis Vopak Terminals Ltd.,AEGISVOPAK.NS,Oil Gas & Consumable Fuels,True,,NIFTY 500,^CRSLDX,2026-08-07,285.3,-1.18,-1.67,0.75,813020.0,2197368.0,0.37,231954596.08,53.22,58.78,False,True,True,-1.43,12.26,0.01203183,0.01096352,9.74,-0.8,True,4.8,Actionable watch,High-tight flag,"flag, continuation, uptrend, high-tight, inverse-head-and-shoulders, base, reversal",303.49,2026-07-27,0.63,,9.19,64.83,,Price has made a sharp impulse move and is now consolidating near the highs. A controlled pullback with quieter volume keeps the continuation setup alive. Secondary patterns: Possible inverse H&S.,Setup watch: High-tight flag,5.04
GRANULES,Granules India Ltd.,GRANULES.NS,Healthcare,True,,NIFTY 500,^CRSLDX,2026-08-07,873.85,4.2,4.78,-0.72,1146335.0,1035688.0,1.11,1001724811.76,60.46,47.61,True,True,True,1.48,6.8,0.03685249,0.03548931,3.84,-3.36,True,3.4,Actionable watch,Possible inverse H&S,"inverse-head-and-shoulders, base, reversal, flag, continuation, uptrend",633.5,,,37.94,,,633.5,A possible inverse head-and-shoulders base is visible. The setup improves only if price clears or holds near the neckline with better volume. Secondary patterns: Bullish flag.,Setup watch: Possible inverse H&S,5.02
SYRMA,Syrma SGS Technology Ltd.,SYRMA.NS,Capital Goods,True,,NIFTY 500,^CRSLDX,2026-08-07,1424.7,0.47,4.24,-1.87,509094.0,1378101.0,0.37,725306196.94,58.39,52.41,True,True,True,3.4,5.97,0.06008325,0.05794138,3.7,-3.38,True,3.4,Actionable watch,Possible inverse H&S,"inverse-head-and-shoulders, base, reversal, flag, continuation, uptrend",828.85,,,71.89,,,828.85,A possible inverse head-and-shoulders base is visible. The setup improves only if price clears or holds near the neckline with better volume. Secondary patterns: Bullish flag.,Setup watch: Possible inverse H&S,5.01
HEROMOTOCO,Hero MotoCorp Ltd.,HEROMOTOCO.NS,Automobile and Auto Components,True,,NIFTY 500,^CRSLDX,2026-08-07,5725.0,3.14,6.29,17.38,1913869.0,778366.0,2.46,10956900025.0,75.46,74.46,True,True,True,11.0,15.37,0.24143792,0.21506222,12.26,15.58,True,0.0,No clear setup,,,,,,,,,,,Strengthening with volume,5.0
TATAINVEST,Tata Investment Corporation Ltd.,TATAINVEST.NS,Financial Services,True,,NIFTY 500,^CRSLDX,2026-08-07,693.65,3.98,2.09,-0.01,3671061.0,387261.0,9.48,2546431552.28,61.67,57.08,True,True,True,4.28,3.85,0.029253,0.02896675,0.99,-1.55,True,0.0,No clear setup,,,,,,,,,,,Neutral / watch,4.99
IGIL,International Gemological Institute Ltd.,IGIL.NS,Services,True,,NIFTY 500,^CRSLDX,2026-08-07,355.8,-1.26,3.0,4.11,589264.0,713820.0,0.83,209660124.01,53.15,48.98,True,True,True,2.18,0.34,0.015005,0.01539394,-2.53,1.34,False,5.02,Actionable watch,Breakout retest,"breakout, retest, pivot, volume, inverse-head-and-shoulders, base, reversal",343.47,2026-08-03,2.23,3.07,,,,Prior resistance has been cleared on higher volume and price is back near that pivot. This is the kind of retest zone where follow-through can matter more than chasing a stretched candle. Secondary patterns: Possible inverse H&S.,Setup watch: Breakout retest,4.97
MAZDOCK,Mazagoan Dock Shipbuilders Ltd.,MAZDOCK.NS,Capital Goods,True,,NIFTY 500,^CRSLDX,2026-08-07,2514.9,-0.6,5.59,3.92,1021792.0,771341.0,1.32,2569704601.02,63.9,49.95,True,True,True,6.39,3.65,0.10605977,0.10519843,0.82,2.32,True,0.0,No clear setup,,,,,,,,,,,Strengthening,4.96
NATIONALUM,National Aluminium Co. Ltd.,NATIONALUM.NS,Metals & Mining,True,,NIFTY 500,^CRSLDX,2026-08-07,381.0,0.0,8.84,7.37,4420397.0,6914472.0,0.64,1684171257.0,65.04,49.14,True,True,True,7.33,4.91,0.01606775,0.01583852,1.45,5.72,True,-2.0,Risk review,Head-and-shoulders risk,"head-and-shoulders, risk, distribution",367.8,,,3.59,,,367.8,"A possible head-and-shoulders top is forming or breaking. This is a caution signal, not an entry setup.",Risk review,4.94
M&M,Mahindra & Mahindra Ltd.,M&M.NS,Automobile and Auto Components,True,,NIFTY 500,^CRSLDX,2026-08-07,3502.0,2.82,3.05,11.91,3298259.0,2549859.0,1.29,11550503018.0,69.39,67.01,True,True,True,7.41,11.6,0.14768831,0.13585967,8.71,10.19,True,0.0,No clear setup,,,,,,,,,,,Strengthening,4.9
SWIGGY,Swiggy Ltd.,SWIGGY.NS,Consumer Services,True,,NIFTY 500,^CRSLDX,2026-08-07,280.75,-2.74,-1.44,2.74,26291055.0,25749756.0,1.02,7381213691.25,54.72,59.37,True,True,False,2.17,7.58,0.01183995,0.01132329,4.56,1.17,True,2.7,Watch,Bullish flag,"flag, continuation, uptrend, inverse-head-and-shoulders, base, reversal",295.91,2026-07-30,1.3,,6.79,23.94,,Price has made a sharp impulse move and is now consolidating near the highs. A controlled pullback with quieter volume keeps the continuation setup alive. Secondary patterns: Possible inverse H&S.,Strengthening,4.88
KIMS,Krishna Institute of Medical Sciences Ltd.,KIMS.NS,Healthcare,True,,NIFTY 500,^CRSLDX,2026-08-07,811.1,0.31,0.51,-0.33,1801524.0,637806.0,2.82,1461216072.42,54.79,54.77,True,True,True,1.25,1.9,0.03420616,0.03450974,-0.88,-2.98,False,3.88,Actionable watch,Breakout retest,"breakout, retest, pivot, volume",806.72,2026-08-03,1.55,0.45,,,,Prior resistance has been cleared on higher volume and price is back near that pivot. This is the kind of retest zone where follow-through can matter more than chasing a stretched candle.,Setup watch: Breakout retest,4.86
NIACL,The New India Assurance Company Ltd.,NIACL.NS,Financial Services,True,,NIFTY 500,^CRSLDX,2026-08-07,177.11,-1.02,2.01,-3.7,677552.0,2512291.0,0.27,120001235.13,52.44,50.32,True,True,True,1.56,2.71,0.00746918,0.00744567,0.32,-5.18,True,5.1,Actionable watch,Breakout retest,"breakout, retest, pivot, volume, inverse-head-and-shoulders, base, reversal",173.93,2026-06-18,100.1,1.22,,,,Prior resistance has been cleared on higher volume and price is back near that pivot. This is the kind of retest zone where follow-through can matter more than chasing a stretched candle. Secondary patterns: Possible inverse H&S.,Setup watch: Breakout retest,4.86
FIVESTAR,Five-Star Business Finance Ltd.,FIVESTAR.NS,Financial Services,True,,NIFTY 500,^CRSLDX,2026-08-07,543.25,-1.81,-0.86,-0.22,269177.0,711520.0,0.38,146230405.25,52.19,55.73,False,True,True,-1.01,6.34,0.02291024,0.0220741,3.79,-1.75,True,4.6,Actionable watch,Breakout retest,"breakout, retest, pivot, volume, flag, continuation, uptrend, inverse-head-and-shoulders, base, reversal",527.27,2026-07-02,1.41,2.71,,,,"Prior resistance has been cleared on higher volume and price is back near that pivot. This is the kind of retest zone where follow-through can matter more than chasing a stretched candle. Secondary patterns: Bullish flag, Possible inverse H&S.",Setup watch: Breakout retest,4.85
BRITANNIA,Britannia Industries Ltd.,BRITANNIA.NS,Fast Moving Consumer Goods,True,,NIFTY 500,^CRSLDX,2026-08-07,5510.0,1.96,1.4,4.48,1342632.0,301359.0,4.46,7397902320.0,62.69,63.11,True,True,False,2.83,5.51,0.23237082,0.22654401,2.57,1.7,True,0.0,No clear setup,,,,,,,,,,,Strengthening with volume,4.84
RHIM,RHI MAGNESITA INDIA LTD.,RHIM.NS,Capital Goods,True,,NIFTY 500,^CRSLDX,2026-08-07,412.8,0.4,5.7,2.55,286899.0,793845.0,0.36,118431903.7,58.12,46.7,True,True,False,1.9,5.76,0.01740883,0.01695856,2.66,-0.18,True,3.27,Watch,Bullish flag,"flag, continuation, uptrend, inverse-head-and-shoulders, base, reversal",420.35,2026-07-10,0.22,,9.67,21.96,,Price has made a sharp impulse move and is now consolidating near the highs. A controlled pullback with quieter volume keeps the continuation setup alive. Secondary patterns: Possible inverse H&S.,Setup watch: Bullish flag,4.81
SAIL,Steel Authority of India Ltd.,SAIL.NS,Metals & Mining,True,,NIFTY 500,^CRSLDX,2026-08-07,176.58,-0.09,4.47,5.14,9567085.0,14933802.0,0.64,1689355886.82,60.86,51.06,True,True,True,5.71,1.4,0.00744683,0.00758634,-1.84,3.53,False,2.2,Actionable watch,Possible inverse H&S,"inverse-head-and-shoulders, base, reversal",179.36,,,1.55,,,179.36,A possible inverse head-and-shoulders base is visible. The setup improves only if price clears or holds near the neckline with better volume.,Setup watch: Possible inverse H&S,4.78
SUNPHARMA,Sun Pharmaceutical Industries Ltd.,SUNPHARMA.NS,Healthcare,True,,NIFTY 500,^CRSLDX,2026-08-07,1945.0,-0.31,-2.29,0.49,2425025.0,2535840.0,0.96,4716673625.0,52.1,66.91,False,True,True,-0.64,3.13,0.08202563,0.0816822,0.42,-1.05,True,3.4,Actionable watch,Possible inverse H&S,"inverse-head-and-shoulders, base, reversal",1802.0,,,7.94,,,1802.0,A possible inverse head-and-shoulders base is visible. The setup improves only if price clears or holds near the neckline with better volume.,Setup watch: Possible inverse H&S,4.78
TORNTPHARM,Torrent Pharmaceuticals Ltd.,TORNTPHARM.NS,Healthcare,True,,NIFTY 500,^CRSLDX,2026-08-07,4924.0,-0.65,-3.88,0.46,394457.0,896856.0,0.44,1942306268.0,51.54,64.18,False,True,True,-1.08,4.18,0.2076577,0.20473264,1.43,-1.08,True,3.4,Actionable watch,Possible inverse H&S,"inverse-head-and-shoulders, base, reversal, flag, continuation, uptrend",4519.0,,,8.96,,,4519.0,A possible inverse head-and-shoulders base is visible. The setup improves only if price clears or holds near the neckline with better volume. Secondary patterns: Bullish flag.,Setup watch: Possible inverse H&S,4.77
ABFRL,Aditya Birla Fashion and Retail Ltd.,ABFRL.NS,Consumer Services,True,,NIFTY 500,^CRSLDX,2026-08-07,63.33,0.11,7.45,8.16,6581502.0,4681195.0,1.41,416806533.71,63.34,51.02,True,True,False,7.15,5.67,0.00267079,0.00260313,2.6,5.29,True,0.0,No clear setup,,,,,,,,,,,Strengthening,4.76
CHOLAHLDNG,Cholamandalam Financial Holdings Ltd.,CHOLAHLDNG.NS,Financial Services,True,,NIFTY 500,^CRSLDX,2026-08-07,1628.0,-1.14,8.37,-1.39,164486.0,214698.0,0.77,267783208.0,57.95,33.27,True,True,False,3.94,3.65,0.06865693,0.06808814,0.84,-4.01,True,2.65,Watch,Bullish flag,"flag, continuation, uptrend, inverse-head-and-shoulders, base, reversal",1697.96,2026-07-07,1.22,,13.95,20.32,,Price has made a sharp impulse move and is now consolidating near the highs. A controlled pullback with quieter volume keeps the continuation setup alive. Secondary patterns: Possible inverse H&S.,Mean reversion bounce,4.73
PINELABS,Pine Labs Ltd.,PINELABS.NS,Financial Services,True,,NIFTY 500,^CRSLDX,2026-08-07,154.44,-1.03,11.13,6.31,12800944.0,23159187.0,0.55,1976977822.61,54.01,37.27,True,True,,2.77,2.66,0.00651313,0.00650871,0.07,4.68,True,0.0,No clear setup,,,,,,,,,,,Strengthening,4.64
MGL,Mahanagar Gas Ltd.,MGL.NS,Oil Gas & Consumable Fuels,True,,NIFTY 500,^CRSLDX,2026-08-07,1139.6,1.41,1.89,1.51,531569.0,286628.0,1.85,605776019.42,57.56,52.02,True,True,True,3.19,1.47,0.04805985,0.04864503,-1.2,-1.2,False,2.2,Watch,Possible inverse H&S,"inverse-head-and-shoulders, base, reversal",1191.0,,,4.32,,,1191.0,A possible inverse head-and-shoulders base is visible. The setup improves only if price clears or holds near the neckline with better volume.,Setup watch: Possible inverse H&S,4.63
CAPLIPOINT,Caplin Point Laboratories Ltd.,CAPLIPOINT.NS,Healthcare,True,,NIFTY 500,^CRSLDX,2026-08-07,2574.1,-0.45,2.28,-0.37,44432.0,94654.0,0.47,114372415.54,53.24,49.26,False,True,True,-0.26,4.39,0.1085564,0.10638863,2.04,-1.9,True,3.44,Actionable watch,Bullish flag,"flag, continuation, uptrend, inverse-head-and-shoulders, base, reversal",2671.5,2026-07-16,0.49,,9.69,35.41,,Price has made a sharp impulse move and is now consolidating near the highs. A controlled pullback with quieter volume keeps the continuation setup alive. Secondary patterns: Possible inverse H&S.,Setup watch: Bullish flag,4.62
HEXT,Hexaware Technologies Ltd.,HEXT.NS,Information Technology,True,,NIFTY 500,^CRSLDX,2026-08-07,564.6,1.55,0.53,2.61,319516.0,1026754.0,0.31,180398725.8,52.83,52.48,False,True,False,-0.05,5.14,0.02381063,0.02328677,2.25,1.03,True,5.1,Actionable watch,Breakout retest,"breakout, retest, pivot, volume, flag, continuation, uptrend",558.12,2026-07-28,8.52,1.01,,,,Prior resistance has been cleared on higher volume and price is back near that pivot. This is the kind of retest zone where follow-through can matter more than chasing a stretched candle. Secondary patterns: Bullish flag.,Strengthening,4.61
CHOICEIN,Choice International Ltd.,CHOICEIN.NS,Financial Services,True,,NIFTY 500,^CRSLDX,2026-08-07,841.15,0.95,5.31,1.29,691479.0,701129.0,0.99,581637577.73,69.07,56.99,True,True,True,3.28,11.44,0.03547345,0.03267041,8.58,-1.41,True,3.4,Actionable watch,Possible inverse H&S,"inverse-head-and-shoulders, base, reversal",798.25,,,5.37,,,798.25,A possible inverse head-and-shoulders base is visible. The setup improves only if price clears or holds near the neckline with better volume.,Setup watch: Possible inverse H&S,4.61
TRENT,Trent Ltd.,TRENT.NS,Consumer Services,True,,NIFTY 500,^CRSLDX,2026-08-07,2997.0,-3.54,-0.07,3.2,2467715.0,1147018.0,2.15,7395741855.0,49.94,53.94,True,True,False,1.63,0.32,0.12639117,0.12919024,-2.17,0.45,False,3.34,Actionable watch,Possible inverse H&S,"inverse-head-and-shoulders, base, reversal, flag, continuation, uptrend",2932.33,,,2.21,,,2932.33,A possible inverse head-and-shoulders base is visible. The setup improves only if price clears or holds near the neckline with better volume. Secondary patterns: Bullish flag.,Setup watch: Possible inverse H&S,4.56
HFCL,HFCL Ltd.,HFCL.NS,Telecommunication,True,,NIFTY 500,^CRSLDX,2026-08-07,207.98,2.12,12.61,-3.12,19460378.0,26056904.0,0.75,4047369333.3,52.65,38.59,True,True,True,0.44,3.08,0.00877105,0.00870931,0.71,-5.7,True,3.4,Actionable watch,Possible inverse H&S,"inverse-head-and-shoulders, base, reversal",70.88,,,193.43,,,70.88,A possible inverse head-and-shoulders base is visible. The setup improves only if price clears or holds near the neckline with better volume.,Setup watch: Possible inverse H&S,4.55
SCHNEIDER,Schneider Electric Infrastructure Ltd.,SCHNEIDER.NS,Capital Goods,True,,NIFTY 500,^CRSLDX,2026-08-07,1354.8,1.47,4.34,-8.78,179517.0,218757.0,0.82,243209640.37,51.59,44.5,True,True,True,1.04,3.01,0.05713539,0.05703428,0.18,-11.21,True,3.4,Actionable watch,Possible inverse H&S,"inverse-head-and-shoulders, base, reversal, flag, continuation, uptrend",865.8,,,56.48,,,865.8,A possible inverse head-and-shoulders base is visible. The setup improves only if price clears or holds near the neckline with better volume. Secondary patterns: Bullish flag.,Setup watch: Possible inverse H&S,4.49
JYOTICNC,Jyoti CNC Automation Ltd.,JYOTICNC.NS,Capital Goods,True,,NIFTY 500,^CRSLDX,2026-08-07,784.3,-9.33,-3.5,1.98,6948858.0,1058085.0,6.57,5449989244.58,46.94,61.23,False,True,False,-3.13,5.23,0.03307594,0.03219039,2.75,-0.73,True,2.31,Actionable watch,Possible inverse H&S,"inverse-head-and-shoulders, base, reversal",791.17,,,0.87,,,791.17,A possible inverse head-and-shoulders base is visible. The setup improves only if price clears or holds near the neckline with better volume.,Setup watch: Possible inverse H&S,4.46
SHYAMMETL,Shyam Metalics and Energy Ltd.,SHYAMMETL.NS,Capital Goods,True,,NIFTY 500,^CRSLDX,2026-08-07,1006.9,-0.58,-2.11,3.72,717784.0,626474.0,1.15,722736727.12,49.67,57.5,False,True,True,-2.03,1.96,0.04246355,0.04283744,-0.87,2.13,False,5.1,Actionable watch,Breakout retest,"breakout, retest, pivot, volume",996.97,2026-07-13,4.33,1.0,,,,Prior resistance has been cleared on higher volume and price is back near that pivot. This is the kind of retest zone where follow-through can matter more than chasing a stretched candle.,Setup watch: Breakout retest,4.43
COHANCE,Cohance Lifesciences Ltd.,COHANCE.NS,Healthcare,True,,NIFTY 500,^CRSLDX,2026-08-07,445.75,1.56,4.81,1.27,1983881.0,915475.0,2.17,884314955.75,56.61,44.34,True,True,False,2.39,2.27,0.01879842,0.01887924,-0.43,-1.42,False,4.7,Actionable watch,Breakout retest,"breakout, retest, pivot, volume, inverse-head-and-shoulders, base, reversal",446.38,2026-06-23,37.71,0.14,,,,Prior resistance has been cleared on higher volume and price is back near that pivot. This is the kind of retest zone where follow-through can matter more than chasing a stretched candle. Secondary patterns: Possible inverse H&S.,Setup watch: Breakout retest,4.42
ASIANPAINT,Asian Paints Ltd.,ASIANPAINT.NS,Consumer Durables,True,,NIFTY 500,^CRSLDX,2026-08-07,2735.0,-0.73,-0.41,2.29,1067917.0,1035651.0,1.03,2920752995.0,53.68,59.94,True,True,True,0.97,1.6,0.11534196,0.11676504,-1.22,-0.43,False,3.4,Actionable watch,Possible inverse H&S,"inverse-head-and-shoulders, base, reversal",2553.5,,,7.11,,,2553.5,A possible inverse head-and-shoulders base is visible. The setup improves only if price clears or holds near the neckline with better volume.,Setup watch: Possible inverse H&S,4.4
AIAENG,AIA Engineering Ltd.,AIAENG.NS,Capital Goods,True,,NIFTY 500,^CRSLDX,2026-08-07,4776.0,-0.4,4.66,1.89,46216.0,58826.0,0.79,220727616.0,56.91,43.72,True,True,True,2.12,2.3,0.20141616,0.20212072,-0.35,-0.82,False,3.4,Actionable watch,Possible inverse H&S,"inverse-head-and-shoulders, base, reversal",4158.05,,,14.86,,,4158.05,A possible inverse head-and-shoulders base is visible. The setup improves only if price clears or holds near the neckline with better volume.,Setup watch: Possible inverse H&S,4.33
CAMS,Computer Age Management Services Ltd.,CAMS.NS,Financial Services,True,,NIFTY 500,^CRSLDX,2026-08-07,787.5,-1.49,-1.09,-0.38,1011539.0,1218517.0,0.83,796586962.5,50.9,56.71,True,True,True,0.86,1.12,0.03321089,0.03375164,-1.6,-1.91,False,5.1,Actionable watch,Breakout retest,"breakout, retest, pivot, volume, inverse-head-and-shoulders, base, reversal",778.61,2026-05-05,11.22,0.07,,,,Prior resistance has been cleared on higher volume and price is back near that pivot. This is the kind of retest zone where follow-through can matter more than chasing a stretched candle. Secondary patterns: Possible inverse H&S.,Setup watch: Breakout retest,4.32
LT,Larsen & Toubro Ltd.,LT.NS,Construction,True,,NIFTY 500,^CRSLDX,2026-08-07,4056.0,-0.14,2.97,2.79,900625.0,1900376.0,0.47,3652935000.0,61.72,52.84,True,True,True,4.18,1.64,0.17105191,0.17291871,-1.08,1.22,False,2.2,Watch,Possible inverse H&S,"inverse-head-and-shoulders, base, reversal",4294.5,,,5.55,,,4294.5,A possible inverse head-and-shoulders base is visible. The setup improves only if price clears or holds near the neckline with better volume.,Setup watch: Possible inverse H&S,4.31
CEATLTD,Ceat Ltd.,CEATLTD.NS,Automobile and Auto Components,True,,NIFTY 500,^CRSLDX,2026-08-07,3723.1,-0.86,8.58,-3.77,54506.0,195702.0,0.28,202931293.92,61.55,46.51,True,True,True,4.99,7.39,0.15701267,0.15009136,4.61,-6.33,True,2.73,Watch,Bullish flag,"flag, continuation, uptrend, inverse-head-and-shoulders, base, reversal",3875.44,2026-07-07,1.23,,17.11,26.04,,Price has made a sharp impulse move and is now consolidating near the highs. A controlled pullback with quieter volume keeps the continuation setup alive. Secondary patterns: Possible inverse H&S.,Setup watch: Bullish flag,4.26
ENGINERSIN,Engineers India Ltd.,ENGINERSIN.NS,Construction,True,,NIFTY 500,^CRSLDX,2026-08-07,240.6,-0.74,8.39,1.39,1240890.0,1743615.0,0.71,298558141.57,57.77,38.62,True,True,True,4.64,1.95,0.01014672,0.01022195,-0.74,-1.3,False,3.4,Actionable watch,Possible inverse H&S,"inverse-head-and-shoulders, base, reversal",223.27,,,7.76,,,223.27,A possible inverse head-and-shoulders base is visible. The setup improves only if price clears or holds near the neckline with better volume.,Setup watch: Possible inverse H&S,4.23
HONASA,Honasa Consumer Ltd.,HONASA.NS,Fast Moving Consumer Goods,True,,NIFTY 500,^CRSLDX,2026-08-07,477.6,2.57,7.1,1.27,982032.0,813890.0,1.21,469018489.19,67.76,47.95,True,True,True,3.75,8.44,0.02014162,0.01909534,5.48,-1.42,True,0.0,No clear setup,,,,,,,,,,,Neutral / watch,4.22
BIOCON,Biocon Ltd.,BIOCON.NS,Healthcare,True,,NIFTY 500,^CRSLDX,2026-08-07,426.35,-2.35,0.24,5.65,5264943.0,7075141.0,0.74,2244708480.18,49.63,49.04,False,True,True,-1.14,1.03,0.01798027,0.01831766,-1.84,2.84,False,2.98,Actionable watch,Possible inverse H&S,"inverse-head-and-shoulders, base, reversal",421.6,,,1.13,,,421.6,A possible inverse head-and-shoulders base is visible. The setup improves only if price clears or holds near the neckline with better volume.,Setup watch: Possible inverse H&S,4.21
SOLARINDS,Solar Industries India Ltd.,SOLARINDS.NS,Chemicals,True,,NIFTY 500,^CRSLDX,2026-08-07,18650.0,0.83,3.31,7.37,49211.0,94784.0,0.52,917785150.0,55.02,46.45,True,True,True,0.91,2.57,0.78651829,0.78970831,-0.4,4.51,False,0.0,No clear setup,,,,,,,,,,,Neutral / watch,4.2
COROMANDEL,Coromandel International Ltd.,COROMANDEL.NS,Chemicals,True,,NIFTY 500,^CRSLDX,2026-08-07,2069.3,-0.66,-0.21,0.17,115784.0,132151.0,0.88,239591836.85,54.94,58.75,True,True,False,0.89,4.15,0.08726769,0.08586805,1.63,-1.37,True,2.2,Watch,Possible inverse H&S,"inverse-head-and-shoulders, base, reversal",2139.45,,,3.28,,,2139.45,A possible inverse head-and-shoulders base is visible. The setup improves only if price clears or holds near the neckline with better volume.,Setup watch: Possible inverse H&S,4.2
APOLLOHOSP,Apollo Hospitals Enterprise Ltd.,APOLLOHOSP.NS,Healthcare,True,,NIFTY 500,^CRSLDX,2026-08-07,8945.0,-0.33,-0.48,1.12,273532.0,259312.0,1.05,2446743740.0,55.81,64.63,True,True,True,0.52,3.21,0.37723357,0.37554695,0.45,-1.57,True,0.0,No clear setup,,,,,,,,,,,Neutral / watch,4.19
AWL,AWL Agri Business Ltd.,AWL.NS,Fast Moving Consumer Goods,True,,NIFTY 500,^CRSLDX,2026-08-07,197.5,0.06,4.25,3.95,3167210.0,2934213.0,1.08,625523975.0,64.17,51.91,True,True,False,3.81,4.9,0.00832908,0.00817164,1.93,2.35,True,0.0,No clear setup,,,,,,,,,,,Strengthening,4.17
CREDITACC,CreditAccess Grameen Ltd.,CREDITACC.NS,Financial Services,True,,NIFTY 500,^CRSLDX,2026-08-07,1523.6,-1.51,-5.6,-1.46,224874.0,450555.0,0.5,342618020.91,50.78,65.69,False,True,True,-0.48,4.79,0.06425412,0.06284963,2.23,-4.08,True,3.4,Actionable watch,Possible inverse H&S,"inverse-head-and-shoulders, base, reversal, flag, continuation, uptrend",1397.35,,,9.03,,,1397.35,A possible inverse head-and-shoulders base is visible. The setup improves only if price clears or holds near the neckline with better volume. Secondary patterns: Bullish flag.,Setup watch: Possible inverse H&S,4.17
ABREL,Aditya Birla Real Estate Ltd.,ABREL.NS,Realty,True,,NIFTY 500,^CRSLDX,2026-08-07,1382.8,-0.58,0.34,-1.34,265681.0,115460.0,2.3,367383699.77,48.05,48.46,False,True,False,-2.37,2.81,0.05831622,0.05821328,0.18,-3.96,True,3.29,Watch,Bullish flag,"flag, continuation, uptrend, inverse-head-and-shoulders, base, reversal",1456.6,2026-07-16,0.48,,7.17,23.57,,Price has made a sharp impulse move and is now consolidating near the highs. A controlled pullback with quieter volume keeps the continuation setup alive. Secondary patterns: Possible inverse H&S.,Setup watch: Bullish flag,4.16
LGEINDIA,LG Electronics India Ltd.,LGEINDIA.NS,Consumer Durables,True,,NIFTY 500,^CRSLDX,2026-08-07,1586.5,0.52,6.44,1.39,138330.0,257066.0,0.54,219460545.0,57.88,35.9,True,True,True,2.63,2.23,0.06690677,0.06724595,-0.5,-0.16,False,2.42,Actionable watch,Possible inverse H&S,"inverse-head-and-shoulders, base, reversal",1595.0,,,0.53,,,1595.0,A possible inverse head-and-shoulders base is visible. The setup improves only if price clears or holds near the neckline with better volume.,Setup watch: Possible inverse H&S,4.11
KAYNES,Kaynes Technology India Ltd.,KAYNES.NS,Capital Goods,True,,NIFTY 500,^CRSLDX,2026-08-07,3856.3,0.69,1.36,15.59,805333.0,1256269.0,0.64,3105605687.22,68.73,70.11,True,True,False,10.53,16.3,0.16263005,0.143532,13.31,13.82,True,0.0,No clear setup,,,,,,,,,,,Strengthening,4.1
MARICO,Marico Ltd.,MARICO.NS,Fast Moving Consumer Goods,True,,NIFTY 500,^CRSLDX,2026-08-07,862.0,0.23,-2.64,0.69,1151726.0,1833730.0,0.63,992787812.0,54.31,68.75,True,True,True,0.6,3.24,0.03635275,0.03621513,0.38,-1.99,True,0.0,No clear setup,,,,,,,,,,,Neutral / watch,4.1
TECHNOE,Techno Electric & Engineering Company Ltd.,TECHNOE.NS,Construction,True,,NIFTY 500,^CRSLDX,2026-08-07,1066.25,7.46,10.24,2.01,906949.0,158191.0,5.73,967034371.25,58.5,29.22,True,True,False,5.11,2.35,0.04496649,0.04518005,-0.47,-0.7,False,0.0,No clear setup,,,,,,,,,,,Mean reversion bounce,4.06
MEESHO,Meesho Ltd.,MEESHO.NS,Consumer Services,True,,NIFTY 500,^CRSLDX,2026-08-07,191.35,2.78,5.05,0.35,11846413.0,11195170.0,1.06,2266811199.85,55.81,45.7,True,True,,2.0,4.98,0.00806972,0.00790399,2.1,-2.32,True,2.2,Watch,Possible inverse H&S,"inverse-head-and-shoulders, base, reversal",201.74,,,5.15,,,201.74,A possible inverse head-and-shoulders base is visible. The setup improves only if price clears or holds near the neckline with better volume.,Setup watch: Possible inverse H&S,4.01
LTF,L&T Finance Ltd.,LTF.NS,Financial Services,True,,NIFTY 500,^CRSLDX,2026-08-07,308.0,-2.73,0.57,-4.08,4812563.0,6444626.0,0.75,1482269404.0,48.66,49.53,False,True,True,-1.23,2.78,0.01298915,0.01297183,0.13,-6.63,True,4.78,Actionable watch,Breakout retest,"breakout, retest, pivot, volume, flag, continuation, uptrend, inverse-head-and-shoulders, base, reversal",304.95,2026-06-30,1.76,0.21,,,,"Prior resistance has been cleared on higher volume and price is back near that pivot. This is the kind of retest zone where follow-through can matter more than chasing a stretched candle. Secondary patterns: Bullish flag, Possible inverse H&S.",Setup watch: Breakout retest,4.0
PWL,Physicswallah Ltd.,PWL.NS,Consumer Services,True,,NIFTY 500,^CRSLDX,2026-08-07,131.59,4.86,5.09,-13.07,12677374.0,6443111.0,1.97,1668215598.23,53.85,44.43,False,True,,-0.2,6.16,0.00554949,0.00535804,3.57,-15.39,True,4.7,Actionable watch,Breakout retest,"breakout, retest, pivot, volume, inverse-head-and-shoulders, base, reversal",131.95,2026-07-07,5.84,0.27,,,,Prior resistance has been cleared on higher volume and price is back near that pivot. This is the kind of retest zone where follow-through can matter more than chasing a stretched candle. Secondary patterns: Possible inverse H&S.,Setup watch: Breakout retest,4.0
GODREJPROP,Godrej Properties Ltd.,GODREJPROP.NS,Realty,True,,NIFTY 500,^CRSLDX,2026-08-07,2070.0,-0.57,-1.7,-2.48,485571.0,782736.0,0.62,1005131970.0,53.19,58.72,False,True,True,-1.08,7.43,0.0872972,0.083364,4.72,-3.98,True,2.82,Watch,Bullish flag,"flag, continuation, uptrend, inverse-head-and-shoulders, base, reversal",2156.0,2026-07-29,1.01,,8.34,33.9,,Price has made a sharp impulse move and is now consolidating near the highs. A controlled pullback with quieter volume keeps the continuation setup alive. Secondary patterns: Possible inverse H&S.,Setup watch: Bullish flag,3.99
HAVELLS,Havells India Ltd.,HAVELLS.NS,Consumer Durables,True,,NIFTY 500,^CRSLDX,2026-08-07,1288.0,0.19,2.08,8.16,1505863.0,1443454.0,1.04,1939551544.0,69.12,66.91,True,True,False,4.89,7.78,0.05431826,0.05184578,4.77,5.28,True,0.0,No clear setup,,,,,,,,,,,Strengthening,3.96
PETRONET,Petronet LNG Ltd.,PETRONET.NS,Oil Gas & Consumable Fuels,True,,NIFTY 500,^CRSLDX,2026-08-07,280.6,1.32,-0.05,0.59,830592.0,1683432.0,0.49,233064120.27,52.9,54.99,True,True,True,1.04,1.22,0.01183362,0.01200511,-1.43,-0.95,False,2.2,Watch,Possible inverse H&S,"inverse-head-and-shoulders, base, reversal",294.38,,,4.68,,,294.38,A possible inverse head-and-shoulders base is visible. The setup improves only if price clears or holds near the neckline with better volume.,Setup watch: Possible inverse H&S,3.88
BSOFT,Birlasoft Ltd.,BSOFT.NS,Information Technology,True,,NIFTY 500,^CRSLDX,2026-08-07,318.5,0.08,5.32,9.77,798933.0,2251091.0,0.35,254460160.5,60.81,54.93,True,True,False,6.33,5.58,0.01343196,0.01310057,2.53,8.09,True,-3.0,Risk review,Head-and-shoulders risk,"head-and-shoulders, risk, distribution",374.82,,,15.03,,,374.82,"A possible head-and-shoulders top is forming or breaking. This is a caution signal, not an entry setup.",Risk review,3.85
PFC,Power Finance Corporation Ltd.,PFC.NS,Financial Services,True,,NIFTY 500,^CRSLDX,2026-08-07,420.0,0.48,-1.03,4.29,4421383.0,5755769.0,0.77,1856980860.0,54.39,59.3,True,True,True,1.81,0.62,0.01771248,0.01809873,-2.13,2.69,False,0.0,No clear setup,,,,,,,,,,,Neutral / watch,3.84
JMFINANCIL,JM Financial Ltd.,JMFINANCIL.NS,Financial Services,True,,NIFTY 500,^CRSLDX,2026-08-07,127.46,-1.79,4.34,2.29,4241646.0,3453418.0,1.23,540640195.28,55.42,44.72,True,True,False,2.64,2.74,0.00537531,0.00537987,-0.08,0.72,False,3.42,Watch,Breakout retest,"breakout, retest, pivot, volume, inverse-head-and-shoulders, base, reversal",128.66,2026-07-03,1.43,0.94,,,,Prior resistance has been cleared on higher volume and price is back near that pivot. This is the kind of retest zone where follow-through can matter more than chasing a stretched candle. Secondary patterns: Possible inverse H&S.,Setup watch: Breakout retest,3.84
TRITURBINE,Triveni Turbine Ltd.,TRITURBINE.NS,Capital Goods,True,,NIFTY 500,^CRSLDX,2026-08-07,636.45,-1.53,4.77,4.0,499402.0,776796.0,0.64,317844409.0,52.76,42.05,True,False,True,2.89,-2.24,0.02684073,0.02829954,-5.15,1.23,False,3.4,Actionable watch,Possible inverse H&S,"inverse-head-and-shoulders, base, reversal",579.98,,,9.74,,,579.98,A possible inverse head-and-shoulders base is visible. The setup improves only if price clears or holds near the neckline with better volume.,Setup watch: Possible inverse H&S,3.74
GAIL,GAIL (India) Ltd.,GAIL.NS,Oil Gas & Consumable Fuels,True,,NIFTY 500,^CRSLDX,2026-08-07,173.63,-1.57,-4.3,-0.06,7002499.0,11672890.0,0.6,1215843935.56,49.64,66.04,False,True,True,-0.17,0.64,0.00732242,0.00747175,-2.0,-1.59,False,4.7,Actionable watch,Breakout retest,"breakout, retest, pivot, volume, inverse-head-and-shoulders, base, reversal",174.38,2026-07-31,5.46,0.43,,,,Prior resistance has been cleared on higher volume and price is back near that pivot. This is the kind of retest zone where follow-through can matter more than chasing a stretched candle. Secondary patterns: Possible inverse H&S.,Setup watch: Breakout retest,3.68
FORTIS,Fortis Healthcare Ltd.,FORTIS.NS,Healthcare,True,,NIFTY 500,^CRSLDX,2026-08-07,955.15,3.82,0.66,0.5,3548745.0,1139770.0,3.11,3389583873.39,52.28,46.95,True,False,True,0.51,-0.21,0.04028112,0.04153144,-3.01,-2.18,False,2.88,Actionable watch,Possible inverse H&S,"inverse-head-and-shoulders, base, reversal",947.23,,,0.84,,,947.23,A possible inverse head-and-shoulders base is visible. The setup improves only if price clears or holds near the neckline with better volume.,Setup watch: Possible inverse H&S,3.67
OLECTRA,Olectra Greentech Ltd.,OLECTRA.NS,Automobile and Auto Components,True,,NIFTY 500,^CRSLDX,2026-08-07,1385.0,-1.03,4.59,-2.71,174479.0,285006.0,0.61,241653415.0,53.88,41.49,True,True,True,2.24,0.5,0.058409,0.05945154,-1.75,-4.2,False,3.4,Actionable watch,Possible inverse H&S,"inverse-head-and-shoulders, base, reversal",1336.35,,,3.64,,,1336.35,A possible inverse head-and-shoulders base is visible. The setup improves only if price clears or holds near the neckline with better volume.,Setup watch: Possible inverse H&S,3.65
BLS,BLS International Services Ltd.,BLS.NS,Consumer Services,True,,NIFTY 500,^CRSLDX,2026-08-07,254.33,0.14,6.53,8.41,1225859.0,1220122.0,1.0,311772721.71,59.2,45.29,True,True,False,5.93,1.33,0.01072575,0.01089688,-1.57,5.53,False,0.0,No clear setup,,,,,,,,,,,Neutral / watch,3.61
DATAPATTNS,Data Patterns (India) Ltd.,DATAPATTNS.NS,Capital Goods,True,,NIFTY 500,^CRSLDX,2026-08-07,4380.7,-0.27,2.33,1.09,335346.0,1112843.0,0.3,1469050287.7,49.23,46.48,True,False,True,0.29,-0.6,0.18474535,0.19065534,-3.1,-0.46,False,5.1,Actionable watch,Breakout retest,"breakout, retest, pivot, volume, inverse-head-and-shoulders, base, reversal",4282.33,2026-06-09,3.93,1.86,,,,Prior resistance has been cleared on higher volume and price is back near that pivot. This is the kind of retest zone where follow-through can matter more than chasing a stretched candle. Secondary patterns: Possible inverse H&S.,Setup watch: Breakout retest,3.61
PIIND,PI Industries Ltd.,PIIND.NS,Chemicals,True,,NIFTY 500,^CRSLDX,2026-08-07,2774.6,-0.41,1.21,6.79,85233.0,185264.0,0.46,236487490.12,57.42,55.87,True,True,False,2.77,2.57,0.117012,0.11738397,-0.32,5.16,False,0.0,No clear setup,,,,,,,,,,,Neutral / watch,3.53
OLAELEC,Ola Electric Mobility Ltd.,OLAELEC.NS,Automobile and Auto Components,True,,NIFTY 500,^CRSLDX,2026-08-07,41.07,-0.89,6.23,1.63,26890166.0,52621398.0,0.51,1104379109.41,56.52,45.66,True,False,True,5.36,-1.0,0.00173203,0.00179982,-3.77,0.07,False,3.4,Actionable watch,Possible inverse H&S,"inverse-head-and-shoulders, base, reversal",37.77,,,8.72,,,37.77,A possible inverse head-and-shoulders base is visible. The setup improves only if price clears or holds near the neckline with better volume.,Setup watch: Possible inverse H&S,3.5
TIMKEN,Timken India Ltd.,TIMKEN.NS,Capital Goods,True,,NIFTY 500,^CRSLDX,2026-08-07,3351.0,0.24,8.27,4.23,30964.0,56468.0,0.55,103760364.0,60.19,32.4,True,False,True,5.87,-1.06,0.14132026,0.14699045,-3.86,1.45,False,0.0,No clear setup,,,,,,,,,,,Mean reversion bounce,3.49
ASAHIINDIA,Asahi India Glass Ltd.,ASAHIINDIA.NS,Automobile and Auto Components,True,,NIFTY 500,^CRSLDX,2026-08-07,898.7,-1.67,3.38,0.8,85209.0,180500.0,0.47,76577329.34,52.51,45.57,True,True,False,0.3,1.51,0.03790048,0.03842187,-1.36,-1.88,False,3.9,Actionable watch,Breakout retest,"breakout, retest, pivot, volume",899.8,2026-07-10,2.7,0.12,,,,Prior resistance has been cleared on higher volume and price is back near that pivot. This is the kind of retest zone where follow-through can matter more than chasing a stretched candle.,Setup watch: Breakout retest,3.49
KOTAKBANK,Kotak Mahindra Bank Ltd.,KOTAKBANK.NS,Financial Services,True,,NIFTY 500,^CRSLDX,2026-08-07,390.75,-0.82,0.35,3.78,7313066.0,13618455.0,0.54,2857580539.5,51.5,53.08,True,True,False,1.1,0.31,0.01647893,0.01687896,-2.37,1.02,False,2.2,Watch,Possible inverse H&S,"inverse-head-and-shoulders, base, reversal",410.68,,,4.85,,,410.68,A possible inverse head-and-shoulders base is visible. The setup improves only if price clears or holds near the neckline with better volume.,Setup watch: Possible inverse H&S,3.47
SBFC,SBFC Finance Ltd.,SBFC.NS,Financial Services,True,,NIFTY 500,^CRSLDX,2026-08-07,94.25,-1.09,4.54,3.54,787698.0,1283174.0,0.61,74240536.5,57.87,42.69,True,True,False,1.97,2.33,0.00397476,0.0039954,-0.52,0.78,False,2.2,Watch,Possible inverse H&S,"inverse-head-and-shoulders, base, reversal",99.61,,,5.38,,,99.61,A possible inverse head-and-shoulders base is visible. The setup improves only if price clears or holds near the neckline with better volume.,Setup watch: Possible inverse H&S,3.43
TITAGARH,Titagarh Rail Systems Ltd.,TITAGARH.NS,Capital Goods,True,,NIFTY 500,^CRSLDX,2026-08-07,847.45,-1.65,2.75,2.37,250674.0,373385.0,0.67,212433684.36,50.11,44.07,True,False,True,0.41,-1.3,0.03573914,0.03720506,-3.94,-0.35,False,3.4,Actionable watch,Possible inverse H&S,"inverse-head-and-shoulders, base, reversal",796.33,,,6.42,,,796.33,A possible inverse head-and-shoulders base is visible. The setup improves only if price clears or holds near the neckline with better volume.,Setup watch: Possible inverse H&S,3.42
BPCL,Bharat Petroleum Corporation Ltd.,BPCL.NS,Oil Gas & Consumable Fuels,True,,NIFTY 500,^CRSLDX,2026-08-07,321.0,-0.83,0.39,3.63,5430934.0,6733214.0,0.81,1743329814.0,55.1,58.43,True,True,False,1.34,3.91,0.01353739,0.01337847,1.19,2.04,True,-2.0,Risk review,Head-and-shoulders risk,"head-and-shoulders, risk, distribution",307.85,,,4.27,,,307.85,"A possible head-and-shoulders top is forming or breaking. This is a caution signal, not an entry setup.",Risk review,3.41
ADANIENSOL,Adani Energy Solutions Ltd.,ADANIENSOL.NS,Power,True,,NIFTY 500,^CRSLDX,2026-08-07,1630.1,0.62,-0.93,-1.44,1391391.0,1982680.0,0.7,2268106435.13,48.53,51.49,False,True,True,-2.73,2.32,0.06874549,0.06905224,-0.44,-2.96,False,4.87,Actionable watch,Breakout retest,"breakout, retest, pivot, volume, flag, continuation, uptrend, inverse-head-and-shoulders, base, reversal",1581.43,2026-07-06,1.94,1.55,,,,"Prior resistance has been cleared on higher volume and price is back near that pivot. This is the kind of retest zone where follow-through can matter more than chasing a stretched candle. Secondary patterns: Bullish flag, Possible inverse H&S.",Setup watch: Breakout retest,3.41
JPPOWER,Jaiprakash Power Ventures Ltd.,JPPOWER.NS,Power,True,,NIFTY 500,^CRSLDX,2026-08-07,17.94,-0.88,-1.91,5.41,40397306.0,75006240.0,0.54,724727691.21,52.99,61.7,True,True,True,2.92,0.66,0.00075658,0.00077653,-2.57,3.79,False,-2.0,Risk review,Head-and-shoulders risk,"head-and-shoulders, risk, distribution, inverse-head-and-shoulders, base, reversal",17.34,,,3.46,,,17.34,"A possible head-and-shoulders top is forming or breaking. This is a caution signal, not an entry setup. Secondary patterns: Possible inverse H&S.",Risk review,3.36
NIVABUPA,Niva Bupa Health Insurance Company Ltd.,NIVABUPA.NS,Financial Services,True,,NIFTY 500,^CRSLDX,2026-08-07,86.19,-1.14,0.31,0.52,881195.0,1586362.0,0.56,75950199.2,50.34,50.77,False,True,True,-0.36,0.88,0.00363485,0.00370455,-1.88,-2.15,False,3.4,Actionable watch,Possible inverse H&S,"inverse-head-and-shoulders, base, reversal",81.16,,,6.2,,,81.16,A possible inverse head-and-shoulders base is visible. The setup improves only if price clears or holds near the neckline with better volume.,Setup watch: Possible inverse H&S,3.36
JINDALSTEL,Jindal Steel Ltd.,JINDALSTEL.NS,Metals & Mining,True,,NIFTY 500,^CRSLDX,2026-08-07,1103.0,0.18,0.85,7.11,392397.0,1197884.0,0.33,432813891.0,57.26,57.97,True,True,False,3.74,0.84,0.04651634,0.04761642,-2.31,4.26,False,0.0,No clear setup,,,,,,,,,,,Neutral / watch,3.35
LINDEINDIA,Linde India Ltd.,LINDEINDIA.NS,Chemicals,True,,NIFTY 500,^CRSLDX,2026-08-07,7112.5,-0.56,7.35,1.96,20724.0,24315.0,0.85,147399450.0,55.33,34.56,True,True,True,2.45,1.38,0.29995235,0.30450467,-1.49,-0.75,False,-2.0,Risk review,Head-and-shoulders risk,"head-and-shoulders, risk, distribution",6817.5,,,4.33,,,6817.5,"A possible head-and-shoulders top is forming or breaking. This is a caution signal, not an entry setup.",Risk review,3.35
UBL,United Breweries Ltd.,UBL.NS,Fast Moving Consumer Goods,True,,NIFTY 500,^CRSLDX,2026-08-07,1400.3,-0.36,-1.8,6.18,99991.0,159741.0,0.63,140017402.18,55.65,65.49,True,True,False,1.13,3.76,0.05905424,0.058538,0.88,3.35,True,-3.0,Risk review,Head-and-shoulders risk,"head-and-shoulders, risk, distribution, breakout, retest, pivot, volume",1469.05,,,4.68,,,1469.05,"A possible head-and-shoulders top is forming or breaking. This is a caution signal, not an entry setup. Secondary patterns: Breakout retest.",Risk review,3.32
ACMESOLAR,ACME Solar Holdings Ltd.,ACMESOLAR.NS,Power,True,,NIFTY 500,^CRSLDX,2026-08-07,368.6,-1.82,2.19,0.22,1278602.0,2235291.0,0.57,471292705.0,49.97,46.94,False,True,True,-1.51,2.1,0.01554481,0.01560629,-0.39,-2.45,False,3.45,Actionable watch,Bullish flag,"flag, continuation, uptrend, inverse-head-and-shoulders, base, reversal",394.0,2026-07-16,0.88,,14.3,35.77,,Price has made a sharp impulse move and is now consolidating near the highs. A controlled pullback with quieter volume keeps the continuation setup alive. Secondary patterns: Possible inverse H&S.,Setup watch: Bullish flag,3.32
NAM-INDIA,Nippon Life India Asset Management Ltd.,NAM-INDIA.NS,Financial Services,True,,NIFTY 500,^CRSLDX,2026-08-07,1176.0,-2.0,2.54,-3.46,688854.0,990303.0,0.7,810092304.0,51.68,48.18,True,True,True,0.3,2.3,0.04959493,0.04978479,-0.38,-6.03,False,3.4,Actionable watch,Possible inverse H&S,"inverse-head-and-shoulders, base, reversal",1068.35,,,10.08,,,1068.35,A possible inverse head-and-shoulders base is visible. The setup improves only if price clears or holds near the neckline with better volume.,Setup watch: Possible inverse H&S,3.29
MRF,MRF Ltd.,MRF.NS,Automobile and Auto Components,True,,NIFTY 500,^CRSLDX,2026-08-07,134190.0,0.19,-0.5,0.41,2090.0,4430.0,0.47,280457100.0,55.69,58.81,True,True,False,1.08,3.27,5.65913615,5.63192871,0.48,-2.26,True,0.0,No clear setup,,,,,,,,,,,Neutral / watch,3.25
HONAUT,Honeywell Automation India Ltd.,HONAUT.NS,Capital Goods,True,,NIFTY 500,^CRSLDX,2026-08-07,37900.0,-1.08,-4.06,-0.02,2131.0,7120.0,0.3,80764900.0,48.31,60.21,False,True,True,-1.24,0.85,1.59834011,1.62663106,-1.74,-2.68,False,3.4,Actionable watch,Possible inverse H&S,"inverse-head-and-shoulders, base, reversal",35772.5,,,5.95,,,35772.5,A possible inverse head-and-shoulders base is visible. The setup improves only if price clears or holds near the neckline with better volume.,Setup watch: Possible inverse H&S,3.25
RAMCOCEM,The Ramco Cements Ltd.,RAMCOCEM.NS,Construction Materials,True,,NIFTY 500,^CRSLDX,2026-08-07,933.8,-0.35,2.05,1.27,220734.0,119634.0,1.85,206121406.51,53.72,48.75,True,True,False,0.82,2.83,0.03938074,0.03934856,0.08,-1.43,True,-3.0,Risk review,Head-and-shoulders risk,"head-and-shoulders, risk, distribution, inverse-head-and-shoulders, base, reversal",944.7,,,1.15,,,944.7,"A possible head-and-shoulders top is forming or breaking. This is a caution signal, not an entry setup. Secondary patterns: Possible inverse H&S.",Risk review,3.16
ZENSARTECH,Zensar Technolgies Ltd.,ZENSARTECH.NS,Information Technology,True,,NIFTY 500,^CRSLDX,2026-08-07,499.0,-0.33,-4.2,14.24,707324.0,7218563.0,0.1,352954676.0,50.4,57.23,False,True,False,-2.47,4.75,0.02104411,0.02069393,1.69,11.2,True,-3.0,Risk review,Head-and-shoulders risk,"head-and-shoulders, risk, distribution, flag, continuation, uptrend",510.18,,,2.19,,,510.18,"A possible head-and-shoulders top is forming or breaking. This is a caution signal, not an entry setup. Secondary patterns: Bullish flag.",Risk review,3.15
HOMEFIRST,Home First Finance Company India Ltd.,HOMEFIRST.NS,Financial Services,True,,NIFTY 500,^CRSLDX,2026-08-07,1193.8,0.23,0.47,-0.71,174674.0,187680.0,0.93,208525829.73,50.81,48.91,False,True,True,-1.39,2.6,0.05034561,0.0503675,-0.04,-3.35,False,3.3,Watch,Bullish flag,"flag, continuation, uptrend, inverse-head-and-shoulders, base, reversal",1280.1,2026-07-21,0.78,,11.31,24.32,,Price has made a sharp impulse move and is now consolidating near the highs. A controlled pullback with quieter volume keeps the continuation setup alive. Secondary patterns: Possible inverse H&S.,Setup watch: Bullish flag,3.09
DALBHARAT,Dalmia Bharat Ltd.,DALBHARAT.NS,Construction Materials,True,,NIFTY 500,^CRSLDX,2026-08-07,1827.4,0.27,1.85,4.88,103018.0,256944.0,0.4,188255095.72,54.34,50.33,True,True,False,0.3,4.11,0.07706614,0.07617043,1.18,2.09,True,-3.0,Risk review,Head-and-shoulders risk,"head-and-shoulders, risk, distribution",1868.3,,,2.19,,,1868.3,"A possible head-and-shoulders top is forming or breaking. This is a caution signal, not an entry setup.",Risk review,3.07
HCLTECH,HCL Technologies Ltd.,HCLTECH.NS,Information Technology,True,,NIFTY 500,^CRSLDX,2026-08-07,1356.6,1.62,0.72,17.73,1724761.0,4085482.0,0.42,2339810730.49,68.71,74.96,True,True,False,6.15,14.41,0.0572113,0.05145363,11.19,15.92,True,-3.0,Risk review,Head-and-shoulders risk,"head-and-shoulders, risk, distribution, flag, continuation, uptrend",1438.9,,,5.72,,,1438.9,"A possible head-and-shoulders top is forming or breaking. This is a caution signal, not an entry setup. Secondary patterns: Bullish flag.",Risk review,3.05
ELGIEQUIP,Elgi Equipments Ltd.,ELGIEQUIP.NS,Capital Goods,True,,NIFTY 500,^CRSLDX,2026-08-07,588.45,-0.14,3.39,0.42,123548.0,250539.0,0.49,72701822.11,52.49,43.82,True,False,True,1.34,-0.31,0.02481644,0.02558831,-3.02,-2.25,False,3.4,Actionable watch,Possible inverse H&S,"inverse-head-and-shoulders, base, reversal",505.15,,,16.49,,,505.15,A possible inverse head-and-shoulders base is visible. The setup improves only if price clears or holds near the neckline with better volume.,Setup watch: Possible inverse H&S,3.04
GODREJCP,Godrej Consumer Products Ltd.,GODREJCP.NS,Fast Moving Consumer Goods,True,,NIFTY 500,^CRSLDX,2026-08-07,1050.0,-2.53,-1.91,-3.53,2659612.0,630804.0,4.22,2792592600.0,45.94,53.8,False,True,False,-1.49,0.39,0.04428119,0.04533314,-2.32,-5.01,False,4.4,Actionable watch,Breakout retest,"breakout, retest, pivot, volume",1051.58,2026-07-02,1.8,0.15,,,,Prior resistance has been cleared on higher volume and price is back near that pivot. This is the kind of retest zone where follow-through can matter more than chasing a stretched candle.,Setup watch: Breakout retest,3.0
MRPL,Mangalore Refinery & Petrochemicals Ltd.,MRPL.NS,Oil Gas & Consumable Fuels,True,,NIFTY 500,^CRSLDX,2026-08-07,167.01,-0.46,-1.72,2.78,2182713.0,23036550.0,0.09,364534886.14,52.0,56.74,False,True,True,-0.78,4.34,0.00704324,0.00692993,1.64,1.21,True,-3.0,Risk review,Head-and-shoulders risk,"head-and-shoulders, risk, distribution, breakout, retest, pivot, volume, flag, continuation, uptrend",176.7,,,5.48,,,176.7,"A possible head-and-shoulders top is forming or breaking. This is a caution signal, not an entry setup. Secondary patterns: Breakout retest, Bullish flag.",Risk review,2.99
JSWCEMENT,JSW Cement Ltd.,JSWCEMENT.NS,Construction Materials,True,,NIFTY 500,^CRSLDX,2026-08-07,134.29,1.26,2.29,-0.36,1541365.0,2021806.0,0.76,206989895.5,50.7,42.23,False,True,True,-1.11,1.25,0.00566335,0.00574914,-1.49,-3.01,False,2.83,Actionable watch,Possible inverse H&S,"inverse-head-and-shoulders, base, reversal",133.36,,,0.7,,,133.36,A possible inverse head-and-shoulders base is visible. The setup improves only if price clears or holds near the neckline with better volume.,Setup watch: Possible inverse H&S,2.99
INDHOTEL,Indian Hotels Co. Ltd.,INDHOTEL.NS,Consumer Services,True,,NIFTY 500,^CRSLDX,2026-08-07,731.0,-0.68,-1.02,-2.83,1606027.0,2245368.0,0.72,1174005737.0,50.18,56.61,False,True,True,-0.62,2.41,0.03082814,0.03086947,-0.13,-4.32,False,3.4,Actionable watch,Possible inverse H&S,"inverse-head-and-shoulders, base, reversal",710.05,,,2.95,,,710.05,A possible inverse head-and-shoulders base is visible. The setup improves only if price clears or holds near the neckline with better volume.,Setup watch: Possible inverse H&S,2.93
IPCALAB,Ipca Laboratories Ltd.,IPCALAB.NS,Healthcare,True,,NIFTY 500,^CRSLDX,2026-08-07,1735.8,0.44,-0.97,-1.61,79827.0,235341.0,0.34,138563710.5,48.73,50.3,False,True,True,-2.8,2.69,0.07320314,0.07324359,-0.06,-4.23,False,3.34,Watch,Bullish flag,"flag, continuation, uptrend",1894.02,2026-07-17,0.73,,12.57,27.52,,Price has made a sharp impulse move and is now consolidating near the highs. A controlled pullback with quieter volume keeps the continuation setup alive.,Setup watch: Bullish flag,2.92
IRCTC,Indian Railway Catering And Tourism Corporation Ltd.,IRCTC.NS,Consumer Services,True,,NIFTY 500,^CRSLDX,2026-08-07,519.95,-0.1,5.43,4.72,993512.0,979482.0,1.01,516576576.53,60.8,41.9,True,True,False,3.54,2.12,0.02192762,0.02209784,-0.77,1.94,False,0.0,No clear setup,,,,,,,,,,,Neutral / watch,2.89
GLENMARK,Glenmark Pharmaceuticals Ltd.,GLENMARK.NS,Healthcare,True,,NIFTY 500,^CRSLDX,2026-08-07,2279.1,0.4,4.05,0.52,437419.0,571383.0,0.77,996921685.62,56.92,44.99,True,True,True,1.56,3.05,0.09611549,0.0961232,-0.01,-2.15,False,0.0,No clear setup,,,,,,,,,,,Weakening,2.87
MSUMI,Motherson Sumi Wiring India Ltd.,MSUMI.NS,Automobile and Auto Components,True,,NIFTY 500,^CRSLDX,2026-08-07,41.16,0.37,0.27,3.82,13802770.0,10077374.0,1.37,568122011.09,56.32,58.62,True,True,False,1.79,4.98,0.00173582,0.00169857,2.19,1.06,True,-3.0,Risk review,Head-and-shoulders risk,"head-and-shoulders, risk, distribution, inverse-head-and-shoulders, base, reversal",42.35,,,2.82,,,42.35,"A possible head-and-shoulders top is forming or breaking. This is a caution signal, not an entry setup. Secondary patterns: Possible inverse H&S.",Risk review,2.86
NAVA,Nava Ltd.,NAVA.NS,Power,True,,NIFTY 500,^CRSLDX,2026-08-07,581.85,-1.16,6.17,-1.56,209872.0,238107.0,0.88,122114018.08,51.51,35.52,True,False,True,1.62,-0.94,0.0245381,0.02548681,-3.72,-4.18,False,4.7,Actionable watch,Breakout retest,"breakout, retest, pivot, volume",584.9,2026-06-16,4.43,0.52,,,,Prior resistance has been cleared on higher volume and price is back near that pivot. This is the kind of retest zone where follow-through can matter more than chasing a stretched candle.,Setup watch: Breakout retest,2.86
BHEL,Bharat Heavy Electricals Ltd.,BHEL.NS,Capital Goods,True,,NIFTY 500,^CRSLDX,2026-08-07,405.2,-0.72,-0.44,2.85,9738829.0,13465500.0,0.72,3946173629.68,48.95,51.0,False,True,True,-1.68,1.01,0.01708832,0.01740246,-1.81,1.27,False,0.0,No clear setup,,,,,,,,,,,Neutral / watch,2.85
POLYCAB,Polycab India Ltd.,POLYCAB.NS,Capital Goods,True,,NIFTY 500,^CRSLDX,2026-08-07,9218.0,-1.04,3.62,1.59,197602.0,360243.0,0.55,1821495236.0,50.7,40.87,True,False,True,1.19,-2.0,0.38874668,0.40818032,-4.76,-1.12,False,2.2,Watch,Possible inverse H&S,"inverse-head-and-shoulders, base, reversal",9424.0,,,2.19,,,9424.0,A possible inverse head-and-shoulders base is visible. The setup improves only if price clears or holds near the neckline with better volume.,Setup watch: Possible inverse H&S,2.85
CANBK,Canara Bank,CANBK.NS,Financial Services,True,,NIFTY 500,^CRSLDX,2026-08-07,131.95,0.19,5.58,2.46,22571043.0,22751648.0,0.99,2978249054.97,61.67,46.04,True,True,False,3.93,3.01,0.00556467,0.0055529,0.21,0.89,True,-3.0,Risk review,Head-and-shoulders risk,"head-and-shoulders, risk, distribution",135.25,,,2.44,,,135.25,"A possible head-and-shoulders top is forming or breaking. This is a caution signal, not an entry setup.",Risk review,2.83
JSL,Jindal Stainless Ltd.,JSL.NS,Metals & Mining,True,,NIFTY 500,^CRSLDX,2026-08-07,734.65,0.29,-0.42,3.53,139852.0,485826.0,0.29,102742275.21,55.23,58.96,True,True,False,0.69,3.84,0.03098207,0.03070299,0.91,0.78,True,-3.0,Risk review,Head-and-shoulders risk,"head-and-shoulders, risk, distribution, inverse-head-and-shoulders, base, reversal",737.12,,,0.34,,,737.12,"A possible head-and-shoulders top is forming or breaking. This is a caution signal, not an entry setup. Secondary patterns: Possible inverse H&S.",Risk review,2.81
AADHARHFC,Aadhar Housing Finance Ltd.,AADHARHFC.NS,Financial Services,True,,NIFTY 500,^CRSLDX,2026-08-07,506.4,-1.65,3.19,-4.74,271747.0,328905.0,0.83,137612679.14,49.75,39.61,False,True,True,-0.45,0.84,0.02135619,0.02173611,-1.75,-7.28,False,5.1,Actionable watch,Breakout retest,"breakout, retest, pivot, volume, flag, continuation, uptrend, inverse-head-and-shoulders, base, reversal",495.6,2026-06-19,8.44,1.29,,,,"Prior resistance has been cleared on higher volume and price is back near that pivot. This is the kind of retest zone where follow-through can matter more than chasing a stretched candle. Secondary patterns: Bullish flag, Possible inverse H&S.",Setup watch: Breakout retest,2.8
ALKEM,Alkem Laboratories Ltd.,ALKEM.NS,Healthcare,True,,NIFTY 500,^CRSLDX,2026-08-07,5620.0,0.58,-3.21,-0.33,76164.0,125648.0,0.61,428041680.0,51.12,65.65,False,True,True,-0.28,2.23,0.2370098,0.23841715,-0.59,-2.98,False,2.2,Watch,Possible inverse H&S,"inverse-head-and-shoulders, base, reversal",5861.25,,,4.12,,,5861.25,A possible inverse head-and-shoulders base is visible. The setup improves only if price clears or holds near the neckline with better volume.,Setup watch: Possible inverse H&S,2.77
MARUTI,Maruti Suzuki India Ltd.,MARUTI.NS,Automobile and Auto Components,True,,NIFTY 500,^CRSLDX,2026-08-07,14037.0,0.7,-0.07,3.28,324088.0,426238.0,0.76,4549223256.0,59.35,60.88,True,True,False,2.69,3.81,0.59197626,0.58601908,1.02,0.53,True,-3.0,Risk review,Head-and-shoulders risk,"head-and-shoulders, risk, distribution, breakout, retest, pivot, volume, inverse-head-and-shoulders, base, reversal",15139.5,,,7.28,,,15139.5,"A possible head-and-shoulders top is forming or breaking. This is a caution signal, not an entry setup. Secondary patterns: Breakout retest, Possible inverse H&S.",Risk review,2.76
SAMMAANCAP,Sammaan Capital Ltd.,SAMMAANCAP.NS,Financial Services,True,,NIFTY 500,^CRSLDX,2026-08-07,163.17,-2.42,0.46,-1.98,6190661.0,6452769.0,0.96,1010130144.03,48.44,46.31,True,False,True,0.37,-3.77,0.0068813,0.00736244,-6.54,-3.48,False,3.28,Actionable watch,Possible inverse H&S,"inverse-head-and-shoulders, base, reversal",159.9,,,2.05,,,159.9,A possible inverse head-and-shoulders base is visible. The setup improves only if price clears or holds near the neckline with better volume.,Setup watch: Possible inverse H&S,2.75
IEX,Indian Energy Exchange Ltd.,IEX.NS,Financial Services,True,,NIFTY 500,^CRSLDX,2026-08-07,127.1,-1.34,-3.89,6.24,2473804.0,7335651.0,0.34,314420484.63,51.51,63.14,True,True,False,0.81,2.47,0.00536013,0.00538026,-0.37,4.61,False,-2.0,Risk review,Head-and-shoulders risk,"head-and-shoulders, risk, distribution, breakout, retest, pivot, volume",122.94,,,3.39,,,122.94,"A possible head-and-shoulders top is forming or breaking. This is a caution signal, not an entry setup. Secondary patterns: Breakout retest.",Risk review,2.72
INDIACEM,India Cements Ltd.,INDIACEM.NS,Construction Materials,True,,NIFTY 500,^CRSLDX,2026-08-07,398.15,1.3,-0.31,7.02,181069.0,402398.0,0.45,72092621.24,53.9,54.26,True,True,False,0.66,2.87,0.01679101,0.01680321,-0.07,4.17,False,-2.0,Risk review,Head-and-shoulders risk,"head-and-shoulders, risk, distribution",386.9,,,2.91,,,386.9,"A possible head-and-shoulders top is forming or breaking. This is a caution signal, not an entry setup.",Risk review,2.63
MMTC,MMTC Ltd.,MMTC.NS,Services,True,,NIFTY 500,^CRSLDX,2026-08-07,63.98,-0.11,6.47,-0.28,1006246.0,1350495.0,0.75,64379618.62,49.87,31.29,True,False,True,1.4,-3.38,0.0026982,0.00287072,-6.01,-2.93,False,0.0,No clear setup,,,,,,,,,,,Mean reversion bounce,2.61
RELIANCE,Reliance Industries Ltd.,RELIANCE.NS,Oil Gas & Consumable Fuels,True,,NIFTY 500,^CRSLDX,2026-08-07,1334.8,0.74,2.06,2.06,9880895.0,12341343.0,0.8,13189019128.47,58.67,53.42,True,True,False,2.88,2.66,0.05629194,0.05637199,-0.14,0.5,False,0.0,No clear setup,,,,,,,,,,,Neutral / watch,2.6
PREMIERENE,Premier Energies Ltd.,PREMIERENE.NS,Capital Goods,True,,NIFTY 500,^CRSLDX,2026-08-07,1047.2,0.53,6.56,-3.86,2579319.0,1197794.0,2.15,2701062730.86,50.67,36.12,False,False,True,-0.6,-0.85,0.04416311,0.04582029,-3.62,-6.41,False,4.84,Actionable watch,Breakout retest,"breakout, retest, pivot, volume, inverse-head-and-shoulders, base, reversal",1045.45,2026-05-29,1.87,0.17,,,,Prior resistance has been cleared on higher volume and price is back near that pivot. This is the kind of retest zone where follow-through can matter more than chasing a stretched candle. Secondary patterns: Possible inverse H&S.,Setup watch: Breakout retest,2.6
ZYDUSLIFE,Zydus Lifesciences Ltd.,ZYDUSLIFE.NS,Healthcare,True,,NIFTY 500,^CRSLDX,2026-08-07,1114.2,0.56,-0.08,-3.78,666105.0,1034857.0,0.64,742174158.48,48.64,49.14,False,True,True,-1.14,0.24,0.04698867,0.04819576,-2.5,-6.34,False,3.4,Actionable watch,Possible inverse H&S,"inverse-head-and-shoulders, base, reversal",955.23,,,16.64,,,955.23,A possible inverse head-and-shoulders base is visible. The setup improves only if price clears or holds near the neckline with better volume.,Setup watch: Possible inverse H&S,2.59
CGCL,Capri Global Capital Ltd.,CGCL.NS,Financial Services,True,,NIFTY 500,^CRSLDX,2026-08-07,230.25,-4.49,-0.92,-8.71,2784524.0,3716720.0,0.75,641136651.0,46.91,47.99,False,True,True,-4.68,1.18,0.00971023,0.00984149,-1.33,-10.11,False,3.4,Actionable watch,Possible inverse H&S,"inverse-head-and-shoulders, base, reversal, flag, continuation, uptrend",198.38,,,16.06,,,198.38,A possible inverse head-and-shoulders base is visible. The setup improves only if price clears or holds near the neckline with better volume. Secondary patterns: Bullish flag.,Setup watch: Possible inverse H&S,2.59
PRESTIGE,Prestige Estates Projects Ltd.,PRESTIGE.NS,Realty,True,,NIFTY 500,^CRSLDX,2026-08-07,1584.8,0.43,-0.63,-5.32,474568.0,671875.0,0.71,752095389.57,46.48,46.97,False,True,True,-4.08,1.66,0.06683508,0.06741425,-0.86,-7.84,False,3.38,Watch,Bullish flag,"flag, continuation, uptrend, inverse-head-and-shoulders, base, reversal",1733.2,2026-07-10,0.69,,10.69,30.78,,Price has made a sharp impulse move and is now consolidating near the highs. A controlled pullback with quieter volume keeps the continuation setup alive. Secondary patterns: Possible inverse H&S.,Setup watch: Bullish flag,2.58
SUPREMEIND,Supreme Industries Ltd.,SUPREMEIND.NS,Capital Goods,True,,NIFTY 500,^CRSLDX,2026-08-07,3442.0,-1.01,-0.52,6.62,177121.0,199154.0,0.89,609650482.0,51.03,53.88,True,True,False,0.14,0.5,0.14515796,0.14875449,-2.42,3.78,False,-2.0,Risk review,Head-and-shoulders risk,"head-and-shoulders, risk, distribution",3334.8,,,3.21,,,3334.8,"A possible head-and-shoulders top is forming or breaking. This is a caution signal, not an entry setup.",Risk review,2.56
ITC,ITC Ltd.,ITC.NS,Fast Moving Consumer Goods,True,,NIFTY 500,^CRSLDX,2026-08-07,286.1,0.07,1.81,1.54,6124188.0,15906691.0,0.39,1752130224.18,52.16,43.66,True,True,False,1.12,0.42,0.01206557,0.01235068,-2.31,-0.01,False,0.0,No clear setup,,,,,,,,,,,Weakening,2.5
VIJAYA,Vijaya Diagnostic Centre Ltd.,VIJAYA.NS,Healthcare,True,,NIFTY 500,^CRSLDX,2026-08-07,1351.1,-1.37,-0.67,-1.94,576110.0,189540.0,3.04,778382206.93,49.9,53.33,False,True,True,-0.68,0.93,0.05697935,0.0579608,-1.69,-4.55,False,0.0,No clear setup,,,,,,,,,,,Weakening,2.49
JSWDULUX,JSW Dulux Ltd.,JSWDULUX.NS,Consumer Durables,True,,NIFTY 500,^CRSLDX,2026-08-07,3011.7,-2.12,1.97,3.42,17094.0,17853.0,0.96,51481998.97,49.46,44.8,True,False,False,0.98,-2.09,0.1270111,0.13320933,-4.65,0.66,False,2.2,Watch,Possible inverse H&S,"inverse-head-and-shoulders, base, reversal",3200.0,,,5.88,,,3200.0,A possible inverse head-and-shoulders base is visible. The setup improves only if price clears or holds near the neckline with better volume.,Setup watch: Possible inverse H&S,2.4
SUNDARMFIN,Sundaram Finance Ltd.,SUNDARMFIN.NS,Financial Services,True,,NIFTY 500,^CRSLDX,2026-08-07,4604.2,-0.93,2.52,-0.37,22444.0,62766.0,0.36,103336669.18,53.52,51.51,True,True,False,1.71,3.55,0.19417092,0.19252558,0.85,-3.02,True,-2.0,Risk review,Head-and-shoulders risk,"head-and-shoulders, risk, distribution, flag, continuation, uptrend, inverse-head-and-shoulders, base, reversal",4449.25,,,3.48,,,4449.25,"A possible head-and-shoulders top is forming or breaking. This is a caution signal, not an entry setup. Secondary patterns: Bullish flag, Possible inverse H&S.",Risk review,2.4
MAPMYINDIA,C.E. Info Systems Ltd.,MAPMYINDIA.NS,Information Technology,True,,NIFTY 500,^CRSLDX,2026-08-07,1014.3,-5.27,-14.14,-4.86,278165.0,764703.0,0.36,282142756.1,44.25,68.78,False,True,False,-9.5,4.48,0.04277563,0.04205171,1.72,-7.39,True,5.1,Actionable watch,Breakout retest,"breakout, retest, pivot, volume, flag, continuation, uptrend",939.77,2026-07-09,12.57,7.49,,,,Prior resistance has been cleared on higher volume and price is back near that pivot. This is the kind of retest zone where follow-through can matter more than chasing a stretched candle. Secondary patterns: Bullish flag.,Setup watch: Breakout retest,2.4
KIRLOSENG,Kirloskar Oil Eng Ltd.,KIRLOSENG.NS,Capital Goods,True,,NIFTY 500,^CRSLDX,2026-08-07,2161.7,-3.88,-1.28,-13.07,1420861.0,435896.0,3.26,3071475154.32,45.34,47.92,False,False,True,-3.75,-1.02,0.09116443,0.09411013,-3.13,-14.4,False,3.4,Actionable watch,Possible inverse H&S,"inverse-head-and-shoulders, base, reversal",1377.0,,,56.99,,,1377.0,A possible inverse head-and-shoulders base is visible. The setup improves only if price clears or holds near the neckline with better volume.,Setup watch: Possible inverse H&S,2.39
CUB,City Union Bank Ltd.,CUB.NS,Financial Services,True,,NIFTY 500,^CRSLDX,2026-08-07,212.0,1.73,2.66,-6.69,3439494.0,3826623.0,0.9,729172728.0,49.18,43.19,False,True,True,-2.36,2.2,0.00894058,0.00898144,-0.45,-8.12,False,2.77,Watch,Bullish flag,"flag, continuation, uptrend, inverse-head-and-shoulders, base, reversal",235.93,2026-07-28,1.88,,17.53,29.68,,Price has made a sharp impulse move and is now consolidating near the highs. A controlled pullback with quieter volume keeps the continuation setup alive. Secondary patterns: Possible inverse H&S.,Setup watch: Bullish flag,2.37
DLF,DLF Ltd.,DLF.NS,Realty,True,,NIFTY 500,^CRSLDX,2026-08-07,642.0,0.0,-2.62,-5.2,2466325.0,4113839.0,0.6,1583380650.0,48.72,55.26,False,True,True,-1.76,2.38,0.02707479,0.02714138,-0.25,-6.66,False,2.68,Watch,Bullish flag,"flag, continuation, uptrend, inverse-head-and-shoulders, base, reversal",677.25,2026-07-10,0.95,,7.4,22.17,,Price has made a sharp impulse move and is now consolidating near the highs. A controlled pullback with quieter volume keeps the continuation setup alive. Secondary patterns: Possible inverse H&S.,Setup watch: Bullish flag,2.34
GRAVITA,Gravita India Ltd.,GRAVITA.NS,Metals & Mining,True,,NIFTY 500,^CRSLDX,2026-08-07,1732.1,0.76,7.16,-6.61,127894.0,262888.0,0.49,221525194.28,52.45,37.92,False,True,True,-0.41,1.83,0.07304709,0.07367183,-0.85,-8.04,False,2.65,Watch,Bullish flag,"flag, continuation, uptrend, inverse-head-and-shoulders, base, reversal",1854.6,2026-07-10,1.03,,17.75,20.08,,Price has made a sharp impulse move and is now consolidating near the highs. A controlled pullback with quieter volume keeps the continuation setup alive. Secondary patterns: Possible inverse H&S.,Setup watch: Bullish flag,2.33
ITCHOTELS,ITC Hotels Ltd.,ITCHOTELS.NS,Consumer Services,True,,NIFTY 500,^CRSLDX,2026-08-07,170.65,-0.25,5.1,-8.84,2944092.0,3246279.0,0.91,502409281.83,53.28,42.67,True,True,False,1.29,1.77,0.00719675,0.00724956,-0.73,-10.23,False,2.92,Watch,Bullish flag,"flag, continuation, uptrend, inverse-head-and-shoulders, base, reversal",187.19,2026-07-10,0.71,,18.18,25.39,,Price has made a sharp impulse move and is now consolidating near the highs. A controlled pullback with quieter volume keeps the continuation setup alive. Secondary patterns: Possible inverse H&S.,Setup watch: Bullish flag,2.32
BANKINDIA,Bank of India,BANKINDIA.NS,Financial Services,True,,NIFTY 500,^CRSLDX,2026-08-07,145.0,1.64,5.11,0.07,8565407.0,8928872.0,0.96,1241984015.0,56.97,43.45,True,True,True,2.16,1.75,0.00611502,0.00617512,-0.97,-1.47,False,-2.0,Risk review,Head-and-shoulders risk,"head-and-shoulders, risk, distribution",138.71,,,4.53,,,138.71,"A possible head-and-shoulders top is forming or breaking. This is a caution signal, not an entry setup.",Risk review,2.31
BEML,BEML Ltd.,BEML.NS,Capital Goods,True,,NIFTY 500,^CRSLDX,2026-08-07,1787.8,3.63,2.14,-4.02,1253291.0,230889.0,5.43,2240633711.0,52.94,45.34,True,True,True,1.0,0.81,0.07539611,0.07687085,-1.92,-5.49,False,-2.0,Risk review,Head-and-shoulders risk,"head-and-shoulders, risk, distribution, inverse-head-and-shoulders, base, reversal",1725.2,,,3.63,,,1725.2,"A possible head-and-shoulders top is forming or breaking. This is a caution signal, not an entry setup. Secondary patterns: Possible inverse H&S.",Risk review,2.3
IFCI,IFCI Ltd.,IFCI.NS,Financial Services,True,,NIFTY 500,^CRSLDX,2026-08-07,73.98,-1.24,-3.34,-4.49,5925054.0,14400163.0,0.41,438335514.81,49.32,56.77,True,False,True,0.82,-3.18,0.00311993,0.00330583,-5.62,-5.96,False,3.4,Actionable watch,Possible inverse H&S,"inverse-head-and-shoulders, base, reversal",66.15,,,11.84,,,66.15,A possible inverse head-and-shoulders base is visible. The setup improves only if price clears or holds near the neckline with better volume.,Setup watch: Possible inverse H&S,2.3
IOB,Indian Overseas Bank,IOB.NS,Financial Services,True,,NIFTY 500,^CRSLDX,2026-08-07,34.26,-1.55,1.57,1.48,2284546.0,4790280.0,0.48,78268542.13,51.05,45.63,True,True,False,0.25,0.69,0.00144483,0.00147517,-2.06,-1.22,False,0.0,No clear setup,,,,,,,,,,,Weakening,2.26
RVNL,Rail Vikas Nigam Ltd.,RVNL.NS,Construction,True,,NIFTY 500,^CRSLDX,2026-08-07,233.38,-0.69,3.5,0.31,4687904.0,4574074.0,1.02,1094063058.41,53.94,42.7,True,True,False,2.77,0.25,0.00984223,0.01009973,-2.55,-1.23,False,0.0,No clear setup,,,,,,,,,,,Weakening,2.25
DEEPAKFERT,Deepak Fertilisers & Petrochemicals Corp. Ltd.,DEEPAKFERT.NS,Chemicals,True,,NIFTY 500,^CRSLDX,2026-08-07,1537.8,-1.36,0.35,-0.54,197213.0,477680.0,0.41,303274161.03,45.42,44.91,False,False,True,-2.66,-0.75,0.06485297,0.06707972,-3.32,-3.19,False,3.4,Actionable watch,Possible inverse H&S,"inverse-head-and-shoulders, base, reversal",1302.65,,,18.05,,,1302.65,A possible inverse head-and-shoulders base is visible. The setup improves only if price clears or holds near the neckline with better volume.,Setup watch: Possible inverse H&S,2.15
PAGEIND,Page Industries Ltd.,PAGEIND.NS,Textiles,True,,NIFTY 500,^CRSLDX,2026-08-07,39900.0,-0.37,-2.88,-1.76,10769.0,23313.0,0.46,429683100.0,47.24,56.65,False,False,True,-0.67,-0.24,1.68268524,1.73206755,-2.85,-4.37,False,5.1,Actionable watch,Breakout retest,"breakout, retest, pivot, volume, inverse-head-and-shoulders, base, reversal",38502.5,2026-05-22,6.61,3.2,,,,Prior resistance has been cleared on higher volume and price is back near that pivot. This is the kind of retest zone where follow-through can matter more than chasing a stretched candle. Secondary patterns: Possible inverse H&S.,Setup watch: Breakout retest,2.13
IOC,Indian Oil Corporation Ltd.,IOC.NS,Oil Gas & Consumable Fuels,True,,NIFTY 500,^CRSLDX,2026-08-07,143.38,0.5,2.29,3.18,5155875.0,11169008.0,0.46,739249382.68,54.78,48.26,True,True,False,1.5,1.69,0.0060467,0.00610956,-1.03,1.6,False,-2.0,Risk review,Head-and-shoulders risk,"head-and-shoulders, risk, distribution",142.5,,,0.62,,,142.5,"A possible head-and-shoulders top is forming or breaking. This is a caution signal, not an entry setup.",Risk review,2.12
NCC,NCC Ltd.,NCC.NS,Construction,True,,NIFTY 500,^CRSLDX,2026-08-07,145.59,1.29,3.32,1.75,6602336.0,1685806.0,3.92,961234074.06,53.76,45.12,True,False,False,2.95,-0.74,0.0061399,0.00636263,-3.5,-0.95,False,0.0,No clear setup,,,,,,,,,,,Weakening,2.11
KPITTECH,KPIT Technologies Ltd.,KPITTECH.NS,Information Technology,True,,NIFTY 500,^CRSLDX,2026-08-07,629.9,1.11,5.26,12.13,2543176.0,5577733.0,0.46,1601946624.49,55.42,48.02,True,False,False,7.34,-3.75,0.0265645,0.02844809,-6.62,10.41,False,-2.0,Risk review,Head-and-shoulders risk,"head-and-shoulders, risk, distribution",616.58,,,2.16,,,616.58,"A possible head-and-shoulders top is forming or breaking. This is a caution signal, not an entry setup.",Risk review,2.0
ASTRAL,Astral Ltd.,ASTRAL.NS,Capital Goods,True,,NIFTY 500,^CRSLDX,2026-08-07,1444.0,0.14,-1.9,9.63,118731.0,529072.0,0.22,171447564.0,52.19,59.01,True,False,False,1.87,-0.72,0.06089718,0.06321968,-3.67,6.72,False,-2.0,Risk review,Head-and-shoulders risk,"head-and-shoulders, risk, distribution",1394.75,,,3.53,,,1394.75,"A possible head-and-shoulders top is forming or breaking. This is a caution signal, not an entry setup.",Risk review,2.0
OBEROIRLTY,Oberoi Realty Ltd.,OBEROIRLTY.NS,Realty,True,,NIFTY 500,^CRSLDX,2026-08-07,1775.0,-0.11,-2.17,-5.14,171236.0,358496.0,0.48,303943900.0,43.48,47.82,False,True,True,-3.95,0.06,0.0748563,0.07684444,-2.59,-7.66,False,4.93,Actionable watch,Breakout retest,"breakout, retest, pivot, volume, flag, continuation, uptrend, inverse-head-and-shoulders, base, reversal",1723.73,2026-06-24,2.06,2.71,,,,"Prior resistance has been cleared on higher volume and price is back near that pivot. This is the kind of retest zone where follow-through can matter more than chasing a stretched candle. Secondary patterns: Bullish flag, Possible inverse H&S.",Setup watch: Breakout retest,2.0
WHIRLPOOL,Whirlpool of India Ltd.,WHIRLPOOL.NS,Consumer Durables,True,,NIFTY 500,^CRSLDX,2026-08-07,813.15,-2.08,1.28,2.26,394481.0,439442.0,0.9,320772234.78,54.67,55.09,True,True,False,2.86,2.2,0.03429262,0.03451787,-0.65,0.7,False,-2.0,Risk review,Head-and-shoulders risk,"head-and-shoulders, risk, distribution, breakout, retest, pivot, volume",791.6,,,2.72,,,791.6,"A possible head-and-shoulders top is forming or breaking. This is a caution signal, not an entry setup. Secondary patterns: Breakout retest.",Risk review,1.94
MANKIND,Mankind Pharma Ltd.,MANKIND.NS,Healthcare,True,,NIFTY 500,^CRSLDX,2026-08-07,2456.0,1.48,-0.55,-2.74,167253.0,465102.0,0.36,410773368.0,45.15,44.76,False,False,True,-2.55,-0.58,0.10357581,0.10700643,-3.21,-4.23,False,3.4,Actionable watch,Possible inverse H&S,"inverse-head-and-shoulders, base, reversal",2321.55,,,5.79,,,2321.55,A possible inverse head-and-shoulders base is visible. The setup improves only if price clears or holds near the neckline with better volume.,Setup watch: Possible inverse H&S,1.94
MOTILALOFS,Motilal Oswal Financial Services Ltd.,MOTILALOFS.NS,Financial Services,True,,NIFTY 500,^CRSLDX,2026-08-07,870.0,-0.46,2.12,-11.17,891024.0,1401088.0,0.64,775190880.0,41.61,34.42,False,False,True,-4.16,-4.7,0.03669013,0.0395151,-7.15,-12.53,False,4.7,Actionable watch,Breakout retest,"breakout, retest, pivot, volume, inverse-head-and-shoulders, base, reversal",896.12,2026-06-15,2.61,2.92,,,,Prior resistance has been cleared on higher volume and price is back near that pivot. This is the kind of retest zone where follow-through can matter more than chasing a stretched candle. Secondary patterns: Possible inverse H&S.,Mean reversion bounce,1.9
SHREECEM,Shree Cement Ltd.,SHREECEM.NS,Construction Materials,True,,NIFTY 500,^CRSLDX,2026-08-07,26010.0,-0.9,-1.68,-0.83,10741.0,16437.0,0.65,279373410.0,44.66,51.89,False,True,True,-2.56,1.06,1.09690835,1.11552336,-1.67,-3.47,False,2.2,Watch,Possible inverse H&S,"inverse-head-and-shoulders, base, reversal",27040.0,,,3.81,,,27040.0,A possible inverse head-and-shoulders base is visible. The setup improves only if price clears or holds near the neckline with better volume.,Setup watch: Possible inverse H&S,1.88
EMAMILTD,Emami Ltd.,EMAMILTD.NS,Fast Moving Consumer Goods,True,,NIFTY 500,^CRSLDX,2026-08-07,412.55,0.87,2.28,-0.61,993246.0,674535.0,1.47,409763625.18,52.76,45.42,True,True,False,0.68,1.94,0.01739829,0.01755436,-0.89,-3.26,False,0.0,No clear setup,,,,,,,,,,,Weakening,1.85
NLCINDIA,NLC India Ltd.,NLCINDIA.NS,Power,True,,NIFTY 500,^CRSLDX,2026-08-07,304.4,0.13,4.28,0.38,1529136.0,2050027.0,0.75,465468989.07,51.21,39.24,True,False,True,1.79,-2.72,0.01283733,0.01360845,-5.67,-2.29,False,0.0,No clear setup,,,,,,,,,,,Weakening,1.84
IDBI,IDBI Bank Ltd.,IDBI.NS,Financial Services,True,,NIFTY 500,^CRSLDX,2026-08-07,84.22,-0.38,0.56,1.6,2346681.0,11255187.0,0.21,197637476.68,50.74,49.57,False,True,False,-0.98,2.36,0.00355177,0.00355389,-0.06,0.05,False,0.0,No clear setup,,,,,,,,,,,Neutral / watch,1.81
LUPIN,Lupin Ltd.,LUPIN.NS,Healthcare,True,,NIFTY 500,^CRSLDX,2026-08-07,2363.5,-0.9,-2.38,-4.9,2046469.0,994661.0,2.06,4836829481.5,44.0,51.33,False,False,True,-2.71,-0.08,0.09967485,0.10251013,-2.77,-7.43,False,5.1,Actionable watch,Breakout retest,"breakout, retest, pivot, volume",2342.59,2026-06-29,2.66,0.15,,,,Prior resistance has been cleared on higher volume and price is back near that pivot. This is the kind of retest zone where follow-through can matter more than chasing a stretched candle.,Setup watch: Breakout retest,1.8
IKS,Inventurus Knowledge Solutions Ltd.,IKS.NS,Information Technology,True,,NIFTY 500,^CRSLDX,2026-08-07,1737.7,-1.44,-2.5,-6.72,307437.0,146642.0,2.1,534233259.89,42.1,46.62,False,False,True,-5.63,-1.69,0.07328326,0.07657224,-4.3,-9.2,False,4.7,Actionable watch,Breakout retest,"breakout, retest, pivot, volume, inverse-head-and-shoulders, base, reversal",1739.79,2026-07-01,11.6,0.12,,,,Prior resistance has been cleared on higher volume and price is back near that pivot. This is the kind of retest zone where follow-through can matter more than chasing a stretched candle. Secondary patterns: Possible inverse H&S.,Setup watch: Breakout retest,1.8
JKCEMENT,J.K. Cement Ltd.,JKCEMENT.NS,Construction Materials,True,,NIFTY 500,^CRSLDX,2026-08-07,5379.5,-0.77,-1.18,-0.35,23148.0,74702.0,0.31,124524666.0,44.08,47.29,False,True,False,-2.65,0.46,0.2268673,0.23168761,-2.08,-1.88,False,3.29,Watch,Bullish flag,"flag, continuation, uptrend, inverse-head-and-shoulders, base, reversal",5762.0,2026-07-22,0.57,,7.48,23.03,,Price has made a sharp impulse move and is now consolidating near the highs. A controlled pullback with quieter volume keeps the continuation setup alive. Secondary patterns: Possible inverse H&S.,Setup watch: Bullish flag,1.78
BBTC,Bombay Burmah Trading Corporation Ltd.,BBTC.NS,Fast Moving Consumer Goods,True,,NIFTY 500,^CRSLDX,2026-08-07,1504.1,0.41,0.47,-1.13,42770.0,27332.0,1.56,64330355.96,49.42,47.42,True,False,False,0.51,-0.84,0.06343175,0.06572392,-3.49,-2.65,False,0.0,No clear setup,,,,,,,,,,,Weakening,1.77
POWERINDIA,Hitachi Energy India Ltd.,POWERINDIA.NS,Capital Goods,True,,NIFTY 500,^CRSLDX,2026-08-07,32600.0,2.19,4.32,-0.03,91106.0,107909.0,0.84,2970055600.0,50.9,41.52,True,False,True,1.41,-3.14,1.37482553,1.46391245,-6.09,-2.69,False,0.0,No clear setup,,,,,,,,,,,Weakening,1.76
CDSL,Central Depository Services (India) Ltd.,CDSL.NS,Financial Services,True,,NIFTY 500,^CRSLDX,2026-08-07,1328.0,-0.23,-0.38,-6.41,570399.0,1408810.0,0.4,757489872.0,47.62,48.31,False,True,False,-2.27,1.19,0.05600516,0.05680612,-1.41,-7.85,False,3.27,Watch,Bullish flag,"flag, continuation, uptrend, inverse-head-and-shoulders, base, reversal",1431.44,2026-07-13,0.6,,9.69,21.37,,Price has made a sharp impulse move and is now consolidating near the highs. A controlled pullback with quieter volume keeps the continuation setup alive. Secondary patterns: Possible inverse H&S.,Setup watch: Bullish flag,1.74
TMPV,Tata Motors Passenger Vehicles Ltd.,TMPV.NS,Automobile and Auto Components,True,,NIFTY 500,^CRSLDX,2026-08-07,347.0,0.48,2.13,2.68,4272087.0,7281703.0,0.59,1482414189.0,55.23,50.91,True,False,False,3.31,-1.65,0.01463388,0.01534394,-4.63,1.1,False,0.0,No clear setup,,,,,,,,,,,Neutral / watch,1.72
ADANIPORTS,Adani Ports and Special Economic Zone Ltd.,ADANIPORTS.NS,Services,True,,NIFTY 500,^CRSLDX,2026-08-07,1693.5,-0.09,-0.18,-7.36,2387164.0,2121904.0,1.13,4042662234.0,35.19,34.75,False,False,True,-4.06,-5.67,0.07141923,0.07786125,-8.27,-8.78,False,3.4,Actionable watch,Possible inverse H&S,"inverse-head-and-shoulders, base, reversal",1555.65,,,8.86,,,1555.65,A possible inverse head-and-shoulders base is visible. The setup improves only if price clears or holds near the neckline with better volume.,Mean reversion bounce,1.69
CGPOWER,CG Power and Industrial Solutions Ltd.,CGPOWER.NS,Capital Goods,True,,NIFTY 500,^CRSLDX,2026-08-07,879.0,0.34,1.81,-4.1,1522604.0,4242831.0,0.36,1338368916.0,48.4,42.58,False,False,True,-0.48,-3.56,0.03706968,0.03950702,-6.17,-5.57,False,3.4,Actionable watch,Possible inverse H&S,"inverse-head-and-shoulders, base, reversal",712.45,,,23.38,,,712.45,A possible inverse head-and-shoulders base is visible. The setup improves only if price clears or holds near the neckline with better volume.,Setup watch: Possible inverse H&S,1.68
POLICYBZR,PB Fintech Ltd.,POLICYBZR.NS,Financial Services,True,,NIFTY 500,^CRSLDX,2026-08-07,1604.5,0.34,0.69,2.03,733287.0,1343180.0,0.55,1176558991.5,51.48,51.13,True,True,False,1.36,0.73,0.06766588,0.06923571,-2.27,-0.68,False,-2.0,Risk review,Head-and-shoulders risk,"head-and-shoulders, risk, distribution",1536.0,,,4.46,,,1536.0,"A possible head-and-shoulders top is forming or breaking. This is a caution signal, not an entry setup.",Risk review,1.66
VEDL,Vedanta Ltd.,VEDL.NS,Metals & Mining,True,,NIFTY 500,^CRSLDX,2026-08-07,278.85,1.4,5.53,2.31,10285502.0,11999218.0,0.86,2868112295.48,53.98,40.18,True,False,False,4.94,-1.7,0.01175982,0.01238273,-5.03,0.74,False,0.0,No clear setup,,,,,,,,,,,Neutral / watch,1.65
SBILIFE,SBI Life Insurance Company Ltd.,SBILIFE.NS,Financial Services,True,,NIFTY 500,^CRSLDX,2026-08-07,1855.5,-0.32,-1.17,1.86,390230.0,873474.0,0.45,724071765.0,51.38,59.06,False,True,False,-0.21,2.46,0.07825119,0.07863848,-0.49,-0.85,False,0.0,No clear setup,,,,,,,,,,,Weakening,1.63
ADANIENT,Adani Enterprises Ltd.,ADANIENT.NS,Metals & Mining,True,,NIFTY 500,^CRSLDX,2026-08-07,3020.0,-0.2,0.35,-4.35,788676.0,1109900.0,0.71,2381801520.0,45.85,44.73,False,False,True,-2.13,-0.94,0.12736114,0.13206865,-3.56,-5.82,False,3.4,Actionable watch,Possible inverse H&S,"inverse-head-and-shoulders, base, reversal",2295.95,,,31.54,,,2295.95,A possible inverse head-and-shoulders base is visible. The setup improves only if price clears or holds near the neckline with better volume.,Setup watch: Possible inverse H&S,1.63
CYIENT,Cyient Ltd.,CYIENT.NS,Information Technology,True,,NIFTY 500,^CRSLDX,2026-08-07,857.5,0.3,1.16,3.23,354856.0,517971.0,0.69,304289020.0,50.28,47.89,True,False,False,0.85,-1.06,0.03616297,0.0376293,-3.9,0.49,False,0.0,No clear setup,,,,,,,,,,,Neutral / watch,1.6
GMRAIRPORT,GMR Airports Ltd.,GMRAIRPORT.NS,Services,True,,NIFTY 500,^CRSLDX,2026-08-07,107.2,0.57,3.17,-4.14,7105921.0,12927865.0,0.55,761754709.51,46.99,35.63,False,False,True,-1.75,-0.41,0.0045209,0.00465828,-2.95,-6.69,False,3.4,Actionable watch,Possible inverse H&S,"inverse-head-and-shoulders, base, reversal",104.01,,,3.07,,,104.01,A possible inverse head-and-shoulders base is visible. The setup improves only if price clears or holds near the neckline with better volume.,Setup watch: Possible inverse H&S,1.59
NSLNISP,NMDC Steel Ltd.,NSLNISP.NS,Metals & Mining,True,,NIFTY 500,^CRSLDX,2026-08-07,43.84,-2.16,1.91,1.2,3801073.0,2739248.0,1.39,166639040.9,52.15,48.08,True,False,True,1.83,-2.52,0.00184885,0.00195242,-5.31,-0.35,False,-2.0,Risk review,Head-and-shoulders risk,"head-and-shoulders, risk, distribution, breakout, retest, pivot, volume, inverse-head-and-shoulders, base, reversal",42.27,,,3.7,,,42.27,"A possible head-and-shoulders top is forming or breaking. This is a caution signal, not an entry setup. Secondary patterns: Breakout retest, Possible inverse H&S.",Risk review,1.53
UCOBANK,UCO Bank,UCOBANK.NS,Financial Services,True,,NIFTY 500,^CRSLDX,2026-08-07,26.4,-0.9,2.25,1.34,2882299.0,5600118.0,0.51,76092692.5,49.93,43.16,True,True,False,0.09,0.16,0.00111336,0.00114165,-2.48,-1.35,False,-2.0,Risk review,Head-and-shoulders risk,"head-and-shoulders, risk, distribution",25.26,,,4.53,,,25.26,"A possible head-and-shoulders top is forming or breaking. This is a caution signal, not an entry setup.",Risk review,1.53
ITI,ITI Ltd.,ITI.NS,Telecommunication,True,,NIFTY 500,^CRSLDX,2026-08-07,282.4,-1.69,3.27,-1.86,218019.0,458405.0,0.48,61568564.27,47.02,34.05,True,False,False,0.16,-3.5,0.01190953,0.01269748,-6.21,-4.47,False,0.0,No clear setup,,,,,,,,,,,Mean reversion bounce,1.51
FORCEMOT,Force Motors Ltd.,FORCEMOT.NS,Automobile and Auto Components,True,,NIFTY 500,^CRSLDX,2026-08-07,18500.0,-1.02,3.34,1.82,46834.0,94833.0,0.49,866429000.0,55.24,49.26,True,True,False,3.13,2.1,0.7801924,0.78651519,-0.8,0.25,False,-3.0,Risk review,Head-and-shoulders risk,"head-and-shoulders, risk, distribution",18995.0,,,2.61,,,18995.0,"A possible head-and-shoulders top is forming or breaking. This is a caution signal, not an entry setup.",Risk review,1.5
DELHIVERY,Delhivery Ltd.,DELHIVERY.NS,Services,True,,NIFTY 500,^CRSLDX,2026-08-07,473.3,2.09,-1.79,-9.03,6405128.0,3776588.0,1.7,3031547004.21,47.81,50.95,False,True,True,-1.4,0.01,0.01996027,0.02049785,-2.62,-10.43,False,-2.0,Risk review,Head-and-shoulders risk,"head-and-shoulders, risk, distribution, breakout, retest, pivot, volume, flag, continuation, uptrend",459.0,,,3.12,,,459.0,"A possible head-and-shoulders top is forming or breaking. This is a caution signal, not an entry setup. Secondary patterns: Breakout retest, Bullish flag.",Risk review,1.5
AMBER,Amber Enterprises India Ltd.,AMBER.NS,Consumer Durables,True,,NIFTY 500,^CRSLDX,2026-08-07,7435.0,0.13,0.46,-2.18,209963.0,245046.0,0.86,1561074905.0,46.36,44.47,False,False,True,-1.62,-2.24,0.313553,0.3298269,-4.93,-4.78,False,2.39,Actionable watch,Possible inverse H&S,"inverse-head-and-shoulders, base, reversal",7483.25,,,0.64,,,7483.25,A possible inverse head-and-shoulders base is visible. The setup improves only if price clears or holds near the neckline with better volume.,Setup watch: Possible inverse H&S,1.48
AMBUJACEM,Ambuja Cements Ltd.,AMBUJACEM.NS,Construction Materials,True,,NIFTY 500,^CRSLDX,2026-08-07,434.0,-0.57,0.42,-0.56,2025222.0,2522146.0,0.8,878946348.0,50.35,50.85,False,True,False,-0.02,1.25,0.01830289,0.01860056,-1.6,-2.09,False,0.0,No clear setup,,,,,,,,,,,Weakening,1.38
RPOWER,Reliance Power Ltd.,RPOWER.NS,Power,True,,NIFTY 500,^CRSLDX,2026-08-07,24.34,0.41,3.97,-3.11,50535291.0,19840518.0,2.55,1230028990.65,48.89,37.44,True,False,False,1.13,-3.86,0.00102648,0.00110091,-6.76,-4.59,False,0.0,No clear setup,,,,,,,,,,,Weakening,1.38
FINCABLES,Finolex Cables Ltd.,FINCABLES.NS,Capital Goods,True,,NIFTY 500,^CRSLDX,2026-08-07,1024.65,-0.98,5.31,-2.1,182157.0,217499.0,0.84,186647174.5,49.68,37.28,True,False,True,1.22,-2.85,0.04321212,0.04580337,-5.66,-4.7,False,0.0,No clear setup,,,,,,,,,,,Weakening,1.36
ACC,ACC Ltd.,ACC.NS,Construction Materials,True,,NIFTY 500,^CRSLDX,2026-08-07,1362.8,-1.13,0.46,0.04,160343.0,205089.0,0.78,218515448.23,49.03,49.14,False,True,False,-0.55,0.55,0.05747277,0.05885366,-2.35,-2.62,False,0.0,No clear setup,,,,,,,,,,,Weakening,1.28
OIL,Oil India Ltd.,OIL.NS,Oil Gas & Consumable Fuels,True,,NIFTY 500,^CRSLDX,2026-08-07,442.8,-0.27,-3.45,4.2,4229407.0,3263833.0,1.3,1872781367.97,49.35,60.03,False,True,False,-0.67,0.82,0.01867401,0.01911117,-2.29,2.6,False,-3.0,Risk review,Head-and-shoulders risk,"head-and-shoulders, risk, distribution, breakout, retest, pivot, volume",449.07,,,1.4,,,449.07,"A possible head-and-shoulders top is forming or breaking. This is a caution signal, not an entry setup. Secondary patterns: Breakout retest.",Risk review,1.27
PIRAMALFIN,Piramal Finance Ltd.,PIRAMALFIN.NS,Financial Services,True,,NIFTY 500,^CRSLDX,2026-08-07,2109.7,0.0,3.99,-0.4,168832.0,340061.0,0.5,356184862.16,52.05,40.84,False,True,,-0.13,1.56,0.08897145,0.08993336,-1.07,-3.05,False,0.0,No clear setup,,,,,,,,,,,Weakening,1.19
IRCON,IRCON International Ltd.,IRCON.NS,Construction,True,,NIFTY 500,^CRSLDX,2026-08-07,131.25,-0.65,4.17,-0.08,937676.0,1162339.0,0.81,123069975.0,52.45,38.78,True,False,False,1.87,-0.87,0.00553515,0.0057448,-3.65,-1.62,False,0.0,No clear setup,,,,,,,,,,,Weakening,1.18
APTUS,Aptus Value Housing Finance India Ltd.,APTUS.NS,Financial Services,True,,NIFTY 500,^CRSLDX,2026-08-07,260.65,-0.06,-0.21,-8.16,666093.0,1129472.0,0.59,173617136.38,36.38,34.16,False,False,False,-7.5,-5.14,0.01099228,0.01190627,-7.68,-9.57,False,4.7,Actionable watch,Breakout retest,"breakout, retest, pivot, volume",268.55,2026-06-30,3.22,2.94,,,,Prior resistance has been cleared on higher volume and price is back near that pivot. This is the kind of retest zone where follow-through can matter more than chasing a stretched candle.,Mean reversion bounce,1.1
TRIDENT,Trident Ltd.,TRIDENT.NS,Textiles,True,,NIFTY 500,^CRSLDX,2026-08-07,25.18,1.12,1.9,-1.22,15713293.0,6715041.0,2.34,395660722.54,50.5,40.56,True,False,False,0.3,-0.17,0.00106191,0.00109137,-2.7,-2.73,False,-2.0,Risk review,Head-and-shoulders risk,"head-and-shoulders, risk, distribution",24.81,,,1.51,,,24.81,"A possible head-and-shoulders top is forming or breaking. This is a caution signal, not an entry setup.",Risk review,1.05
KAJARIACER,Kajaria Ceramics Ltd.,KAJARIACER.NS,Consumer Durables,True,,NIFTY 500,^CRSLDX,2026-08-07,1167.3,-0.69,-2.07,-3.93,204279.0,299189.0,0.68,238454886.67,38.47,45.04,False,False,True,-3.94,-0.78,0.04922803,0.05090422,-3.29,-6.48,False,4.01,Actionable watch,Breakout retest,"breakout, retest, pivot, volume, inverse-head-and-shoulders, base, reversal",1115.4,2026-06-16,1.83,3.86,,,,Prior resistance has been cleared on higher volume and price is back near that pivot. This is the kind of retest zone where follow-through can matter more than chasing a stretched candle. Secondary patterns: Possible inverse H&S.,Setup watch: Breakout retest,1.0
ZEEL,Zee Entertainment Enterprises Ltd.,ZEEL.NS,Media Entertainment & Publication,True,,NIFTY 500,^CRSLDX,2026-08-07,94.19,1.75,-16.06,-5.61,21169408.0,25767972.0,0.82,1993946591.2,38.81,61.54,False,False,True,-8.64,-10.48,0.00397223,0.00454783,-12.66,-8.12,False,5.1,Actionable watch,Breakout retest,"breakout, retest, pivot, volume, inverse-head-and-shoulders, base, reversal",93.85,2026-06-01,4.32,0.36,,,,Prior resistance has been cleared on higher volume and price is back near that pivot. This is the kind of retest zone where follow-through can matter more than chasing a stretched candle. Secondary patterns: Possible inverse H&S.,Setup watch: Breakout retest,1.0
ZYDUSWELL,Zydus Wellness Ltd.,ZYDUSWELL.NS,Fast Moving Consumer Goods,True,,NIFTY 500,^CRSLDX,2026-08-07,533.85,0.44,-5.68,-6.4,227185.0,429277.0,0.53,121282706.7,42.75,50.86,False,False,True,-6.01,-1.97,0.02251382,0.02357739,-4.51,-8.89,False,4.7,Actionable watch,Breakout retest,"breakout, retest, pivot, volume, inverse-head-and-shoulders, base, reversal",534.86,2026-06-29,38.03,0.19,,,,Prior resistance has been cleared on higher volume and price is back near that pivot. This is the kind of retest zone where follow-through can matter more than chasing a stretched candle. Secondary patterns: Possible inverse H&S.,Setup watch: Breakout retest,1.0
PHOENIXLTD,Phoenix Mills Ltd.,PHOENIXLTD.NS,Realty,True,,NIFTY 500,^CRSLDX,2026-08-07,1895.5,-0.91,0.4,-9.22,290628.0,679867.0,0.43,550885374.0,39.39,36.31,False,False,True,-6.33,-1.92,0.07993809,0.0836581,-4.45,-11.63,False,5.1,Actionable watch,Breakout retest,"breakout, retest, pivot, volume, inverse-head-and-shoulders, base, reversal",1829.7,2026-06-16,2.47,3.51,,,,Prior resistance has been cleared on higher volume and price is back near that pivot. This is the kind of retest zone where follow-through can matter more than chasing a stretched candle. Secondary patterns: Possible inverse H&S.,Setup watch: Breakout retest,1.0
IDEA,Vodafone Idea Ltd.,IDEA.NS,Telecommunication,True,,NIFTY 500,^CRSLDX,2026-08-07,12.73,0.79,-2.15,-10.29,205506523.0,283842878.0,0.72,2616097943.72,34.2,36.5,False,False,True,-3.86,-8.76,0.00053686,0.00060526,-11.3,-11.66,False,4.85,Actionable watch,Breakout retest,"breakout, retest, pivot, volume, inverse-head-and-shoulders, base, reversal",12.66,2026-05-14,1.89,0.47,,,,Prior resistance has been cleared on higher volume and price is back near that pivot. This is the kind of retest zone where follow-through can matter more than chasing a stretched candle. Secondary patterns: Possible inverse H&S.,Setup watch: Breakout retest,1.0
SCHAEFFLER,Schaeffler India Ltd.,SCHAEFFLER.NS,Automobile and Auto Components,True,,NIFTY 500,^CRSLDX,2026-08-07,4035.2,-0.03,-0.12,-0.27,30264.0,63656.0,0.48,122121291.32,42.89,42.27,False,False,True,-1.95,-1.96,0.17017472,0.17852177,-4.68,-2.92,False,2.2,Watch,Possible inverse H&S,"inverse-head-and-shoulders, base, reversal",4218.85,,,4.35,,,4218.85,A possible inverse head-and-shoulders base is visible. The setup improves only if price clears or holds near the neckline with better volume.,Setup watch: Possible inverse H&S,0.99
FIRSTCRY,Brainbees Solutions Ltd.,FIRSTCRY.NS,Consumer Services,True,,NIFTY 500,^CRSLDX,2026-08-07,214.2,0.14,1.07,5.29,441548.0,740872.0,0.6,94579580.25,49.71,46.73,True,False,False,0.79,-1.08,0.00903336,0.00940083,-3.91,2.49,False,-3.0,Risk review,Head-and-shoulders risk,"head-and-shoulders, risk, distribution",219.21,,,2.29,,,219.21,"A possible head-and-shoulders top is forming or breaking. This is a caution signal, not an entry setup.",Risk review,0.95
JWL,Jupiter Wagons Ltd.,JWL.NS,Capital Goods,True,,NIFTY 500,^CRSLDX,2026-08-07,260.0,-0.8,0.25,3.48,433615.0,1258204.0,0.34,112739900.0,51.79,52.4,True,False,False,2.06,-1.73,0.01096487,0.01151357,-4.77,0.73,False,-2.0,Risk review,Head-and-shoulders risk,"head-and-shoulders, risk, distribution",258.96,,,0.4,,,258.96,"A possible head-and-shoulders top is forming or breaking. This is a caution signal, not an entry setup.",Risk review,0.95
NMDC,NMDC Ltd.,NMDC.NS,Metals & Mining,True,,NIFTY 500,^CRSLDX,2026-08-07,84.92,-1.48,-0.14,0.0,9348065.0,17241275.0,0.54,793837662.68,49.66,50.4,True,False,True,0.68,-1.82,0.00358129,0.00375501,-4.63,-1.53,False,-3.0,Risk review,Head-and-shoulders risk,"head-and-shoulders, risk, distribution",84.94,,,0.03,,,84.94,"A possible head-and-shoulders top is forming or breaking. This is a caution signal, not an entry setup.",Risk review,0.94
NH,Narayana Hrudayalaya Ltd.,NH.NS,Healthcare,True,,NIFTY 500,^CRSLDX,2026-08-07,1885.1,0.01,-9.38,-5.21,233474.0,308973.0,0.76,440121831.7,37.86,64.12,False,False,True,-5.45,-3.55,0.0794995,0.08474238,-6.19,-7.74,False,3.84,Actionable watch,Breakout retest,"breakout, retest, pivot, volume, inverse-head-and-shoulders, base, reversal",1936.93,2026-07-03,2.27,2.68,,,,Prior resistance has been cleared on higher volume and price is back near that pivot. This is the kind of retest zone where follow-through can matter more than chasing a stretched candle. Secondary patterns: Possible inverse H&S.,Setup watch: Breakout retest,0.94
BHARTIHEXA,Bharti Hexacom Ltd.,BHARTIHEXA.NS,Telecommunication,True,,NIFTY 500,^CRSLDX,2026-08-07,1538.8,1.6,-4.27,-3.05,146538.0,159150.0,0.92,225492681.56,45.77,57.88,False,True,False,-3.7,1.25,0.06489514,0.06589147,-1.51,-4.54,False,0.0,No clear setup,,,,,,,,,,,Weakening,0.89
EMMVEE,Emmvee Photovoltaic Power Ltd.,EMMVEE.NS,Capital Goods,True,,NIFTY 500,^CRSLDX,2026-08-07,318.9,-2.82,0.41,-4.31,1576348.0,3270322.0,0.48,502697367.58,45.58,44.82,False,False,,-3.02,-4.04,0.01344883,0.0144003,-6.61,-5.77,False,3.4,Actionable watch,Possible inverse H&S,"inverse-head-and-shoulders, base, reversal",235.5,,,35.41,,,235.5,A possible inverse head-and-shoulders base is visible. The setup improves only if price clears or holds near the neckline with better volume.,Setup watch: Possible inverse H&S,0.84
GRSE,Garden Reach Shipbuilders & Engineers Ltd.,GRSE.NS,Capital Goods,True,,NIFTY 500,^CRSLDX,2026-08-07,2599.0,-0.02,-0.08,-2.37,356457.0,415746.0,0.86,926431743.0,48.17,45.87,True,False,True,0.22,-2.15,0.10960649,0.11511229,-4.78,-3.86,False,-2.0,Risk review,Head-and-shoulders risk,"head-and-shoulders, risk, distribution, breakout, retest, pivot, volume",2532.75,,,2.62,,,2532.75,"A possible head-and-shoulders top is forming or breaking. This is a caution signal, not an entry setup. Secondary patterns: Breakout retest.",Risk review,0.83
LATENTVIEW,Latent View Analytics Ltd.,LATENTVIEW.NS,Information Technology,True,,NIFTY 500,^CRSLDX,2026-08-07,297.2,-0.2,-4.27,-1.11,385544.0,1094830.0,0.35,114583681.51,47.32,55.07,False,False,False,-1.99,-0.97,0.01253369,0.0130378,-3.87,-3.75,False,2.2,Watch,Possible inverse H&S,"inverse-head-and-shoulders, base, reversal",314.85,,,5.61,,,314.85,A possible inverse head-and-shoulders base is visible. The setup improves only if price clears or holds near the neckline with better volume.,Setup watch: Possible inverse H&S,0.82
YESBANK,Yes Bank Ltd.,YESBANK.NS,Financial Services,True,,NIFTY 500,^CRSLDX,2026-08-07,22.69,0.04,-0.35,-5.22,25471903.0,62344388.0,0.41,577957492.67,40.28,40.77,False,False,True,-1.73,-3.89,0.0009569,0.00102215,-6.38,-6.68,False,3.4,Actionable watch,Possible inverse H&S,"inverse-head-and-shoulders, base, reversal",21.35,,,6.28,,,21.35,A possible inverse head-and-shoulders base is visible. The setup improves only if price clears or holds near the neckline with better volume.,Setup watch: Possible inverse H&S,0.79
TATACOMM,Tata Communications Ltd.,TATACOMM.NS,Telecommunication,True,,NIFTY 500,^CRSLDX,2026-08-07,1755.2,1.14,-0.07,-5.44,156462.0,312934.0,0.5,274622094.76,40.84,38.15,False,False,True,-1.9,-6.62,0.07402128,0.08150215,-9.18,-6.89,False,3.4,Actionable watch,Possible inverse H&S,"inverse-head-and-shoulders, base, reversal",1692.55,,,3.7,,,1692.55,A possible inverse head-and-shoulders base is visible. The setup improves only if price clears or holds near the neckline with better volume.,Setup watch: Possible inverse H&S,0.79
STARHEALTH,Star Health and Allied Insurance Company Ltd.,STARHEALTH.NS,Financial Services,True,,NIFTY 500,^CRSLDX,2026-08-07,569.85,-0.66,-5.18,-5.54,198827.0,555918.0,0.36,113301561.1,42.79,58.58,False,False,True,-3.29,-0.21,0.02403203,0.02470226,-2.71,-6.99,False,3.4,Actionable watch,Possible inverse H&S,"inverse-head-and-shoulders, base, reversal",482.65,,,18.07,,,482.65,A possible inverse head-and-shoulders base is visible. The setup improves only if price clears or holds near the neckline with better volume.,Setup watch: Possible inverse H&S,0.79
TEJASNET,Tejas Networks Ltd.,TEJASNET.NS,Telecommunication,True,,NIFTY 500,^CRSLDX,2026-08-07,513.45,-1.69,0.09,-9.07,682575.0,1793855.0,0.38,350468142.08,43.51,42.78,False,False,True,-2.15,-8.33,0.0216535,0.02420405,-10.54,-10.46,False,3.4,Actionable watch,Possible inverse H&S,"inverse-head-and-shoulders, base, reversal",496.98,,,3.32,,,496.98,A possible inverse head-and-shoulders base is visible. The setup improves only if price clears or holds near the neckline with better volume.,Setup watch: Possible inverse H&S,0.79
ADANIGREEN,Adani Green Energy Ltd.,ADANIGREEN.NS,Power,True,,NIFTY 500,^CRSLDX,2026-08-07,1372.4,0.07,-0.77,-10.69,1273132.0,2711349.0,0.47,1747246387.88,38.02,38.65,False,False,True,-4.95,-7.16,0.05787763,0.06406698,-9.66,-12.06,False,3.4,Actionable watch,Possible inverse H&S,"inverse-head-and-shoulders, base, reversal",1029.15,,,33.35,,,1029.15,A possible inverse head-and-shoulders base is visible. The setup improves only if price clears or holds near the neckline with better volume.,Setup watch: Possible inverse H&S,0.79
NUVAMA,Nuvama Wealth Management Ltd.,NUVAMA.NS,Financial Services,True,,NIFTY 500,^CRSLDX,2026-08-07,1642.7,-0.94,-8.4,-15.09,208472.0,514719.0,0.41,342456944.22,34.61,46.08,False,False,True,-10.72,-6.39,0.06927687,0.07587807,-8.7,-17.35,False,3.4,Actionable watch,Possible inverse H&S,"inverse-head-and-shoulders, base, reversal",1473.0,,,11.52,,,1473.0,A possible inverse head-and-shoulders base is visible. The setup improves only if price clears or holds near the neckline with better volume.,Setup watch: Possible inverse H&S,0.79
CEMPRO,Cemindia Projects Ltd.,CEMPRO.NS,Construction,True,,NIFTY 500,^CRSLDX,2026-08-07,1208.1,-3.03,-11.08,-22.26,838610.0,656986.0,1.28,1013124720.53,29.95,42.78,False,False,True,-17.38,-9.11,0.05094867,0.05739059,-11.22,-24.33,False,3.4,Actionable watch,Possible inverse H&S,"inverse-head-and-shoulders, base, reversal",911.4,,,32.55,,,911.4,A possible inverse head-and-shoulders base is visible. The setup improves only if price clears or holds near the neckline with better volume.,Setup watch: Possible inverse H&S,0.79
TEGA,Tega Industries Ltd.,TEGA.NS,Capital Goods,True,,NIFTY 500,^CRSLDX,2026-08-07,1625.7,2.68,10.04,-2.11,147655.0,106684.0,1.38,240042726.29,52.75,28.09,True,False,False,2.16,-3.51,0.06855993,0.07302541,-6.11,-4.71,False,-2.0,Risk review,Head-and-shoulders risk,"head-and-shoulders, risk, distribution",1562.1,,,4.07,,,1562.1,"A possible head-and-shoulders top is forming or breaking. This is a caution signal, not an entry setup.",Risk review,0.76
BEL,Bharat Electronics Ltd.,BEL.NS,Capital Goods,True,,NIFTY 500,^CRSLDX,2026-08-07,401.0,0.45,3.39,-3.34,10794055.0,12285212.0,0.88,4328416055.0,48.97,33.3,True,False,False,0.07,-1.78,0.0169112,0.017709,-4.51,-4.82,False,-2.0,Risk review,Head-and-shoulders risk,"head-and-shoulders, risk, distribution",389.73,,,2.89,,,389.73,"A possible head-and-shoulders top is forming or breaking. This is a caution signal, not an entry setup.",Risk review,0.74
HUDCO,Housing & Urban Development Corporation Ltd.,HUDCO.NS,Financial Services,True,,NIFTY 500,^CRSLDX,2026-08-07,201.04,-0.53,2.64,-1.21,1224369.0,2325902.0,0.53,246147135.54,49.28,42.06,True,False,False,0.34,-1.42,0.00847837,0.00884508,-4.15,-3.84,False,0.0,No clear setup,,,,,,,,,,,Weakening,0.73
ACUTAAS,Acutaas Chemicals Ltd.,ACUTAAS.NS,Healthcare,True,,NIFTY 500,^CRSLDX,2026-08-07,3297.9,1.14,6.22,-3.03,187549.0,378439.0,0.5,618517828.78,47.91,36.45,False,False,True,-2.87,-1.1,0.13908089,0.14440169,-3.68,-4.51,False,0.0,No clear setup,,,,,,,,,,,Weakening,0.7
JKTYRE,JK Tyre & Industries Ltd.,JKTYRE.NS,Automobile and Auto Components,True,,NIFTY 500,^CRSLDX,2026-08-07,394.9,-4.44,-1.21,-2.78,3062425.0,1020558.0,3.0,1209351613.81,46.79,52.54,False,True,False,-1.37,0.33,0.01665394,0.01706739,-2.42,-4.28,False,-3.0,Risk review,Head-and-shoulders risk,"head-and-shoulders, risk, distribution, flag, continuation, uptrend",407.3,,,3.04,,,407.3,"A possible head-and-shoulders top is forming or breaking. This is a caution signal, not an entry setup. Secondary patterns: Bullish flag.",Risk review,0.69
MAXHEALTH,Max Healthcare Institute Ltd.,MAXHEALTH.NS,Healthcare,True,,NIFTY 500,^CRSLDX,2026-08-07,1070.0,-0.22,-2.59,-3.44,1189799.0,1555073.0,0.77,1273084930.0,43.44,50.97,False,False,True,-2.25,-0.37,0.04512464,0.04640119,-2.75,-4.92,False,2.4,Actionable watch,Possible inverse H&S,"inverse-head-and-shoulders, base, reversal",1076.33,,,0.59,,,1076.33,A possible inverse head-and-shoulders base is visible. The setup improves only if price clears or holds near the neckline with better volume.,Setup watch: Possible inverse H&S,0.66
INTELLECT,Intellect Design Arena Ltd.,INTELLECT.NS,Information Technology,True,,NIFTY 500,^CRSLDX,2026-08-07,721.35,-0.04,2.25,-2.01,265045.0,546056.0,0.49,191190204.28,45.26,39.43,False,False,False,-2.31,-2.41,0.03042118,0.03202974,-5.02,-4.62,False,2.2,Watch,Possible inverse H&S,"inverse-head-and-shoulders, base, reversal",736.65,,,2.08,,,736.65,A possible inverse head-and-shoulders base is visible. The setup improves only if price clears or holds near the neckline with better volume.,Setup watch: Possible inverse H&S,0.65
TATAELXSI,Tata Elxsi Ltd.,TATAELXSI.NS,Information Technology,True,,NIFTY 500,^CRSLDX,2026-08-07,3781.0,1.78,2.94,2.46,449231.0,539940.0,0.83,1698542411.0,55.74,49.55,True,False,False,4.59,-1.54,0.15945446,0.16681165,-4.41,0.89,False,-3.0,Risk review,Head-and-shoulders risk,"head-and-shoulders, risk, distribution",5048.25,,,25.1,,,5048.25,"A possible head-and-shoulders top is forming or breaking. This is a caution signal, not an entry setup.",Risk review,0.63
KPIL,Kalpataru Projects International Ltd.,KPIL.NS,Construction,True,,NIFTY 500,^CRSLDX,2026-08-07,1317.2,1.79,2.69,-2.42,120581.0,121214.0,0.99,158829287.31,51.93,42.89,True,False,True,0.89,-0.44,0.0555497,0.05728675,-3.03,-5.02,False,-2.0,Risk review,Head-and-shoulders risk,"head-and-shoulders, risk, distribution, inverse-head-and-shoulders, base, reversal",1262.6,,,4.32,,,1262.6,"A possible head-and-shoulders top is forming or breaking. This is a caution signal, not an entry setup. Secondary patterns: Possible inverse H&S.",Risk review,0.6
ZENTEC,Zen Technologies Ltd.,ZENTEC.NS,Capital Goods,True,,NIFTY 500,^CRSLDX,2026-08-07,1721.1,-0.78,6.54,-5.07,194318.0,410365.0,0.47,334440705.06,47.97,34.26,False,False,True,-1.45,-3.18,0.0725832,0.07704517,-5.79,-7.59,False,-2.0,Risk review,Head-and-shoulders risk,"head-and-shoulders, risk, distribution, inverse-head-and-shoulders, base, reversal",1651.55,,,4.21,,,1651.55,"A possible head-and-shoulders top is forming or breaking. This is a caution signal, not an entry setup. Secondary patterns: Possible inverse H&S.",Risk review,0.6
GODIGIT,Go Digit General Insurance Ltd.,GODIGIT.NS,Financial Services,True,,NIFTY 500,^CRSLDX,2026-08-07,272.25,0.8,6.79,-9.81,355392.0,1390795.0,0.26,96755472.0,45.04,29.47,False,False,False,-1.57,-7.68,0.01148148,0.0127911,-10.24,-12.21,False,0.0,No clear setup,,,,,,,,,,,Mean reversion bounce,0.5
CESC,CESC Ltd.,CESC.NS,Power,True,,NIFTY 500,^CRSLDX,2026-08-07,163.94,0.9,-0.98,0.01,1297273.0,1017771.0,1.27,212674938.79,45.97,49.11,True,False,False,0.02,-2.34,0.00691377,0.00729438,-5.22,-1.53,False,-2.0,Risk review,Head-and-shoulders risk,"head-and-shoulders, risk, distribution, inverse-head-and-shoulders, base, reversal",156.56,,,4.71,,,156.56,"A possible head-and-shoulders top is forming or breaking. This is a caution signal, not an entry setup. Secondary patterns: Possible inverse H&S.",Risk review,0.49
BAYERCROP,Bayer Cropscience Ltd.,BAYERCROP.NS,Chemicals,True,,NIFTY 500,^CRSLDX,2026-08-07,4177.2,-0.89,0.22,2.81,20257.0,37431.0,0.54,84617544.36,48.85,50.04,True,False,False,0.01,-0.15,0.17616324,0.18188407,-3.15,0.07,False,-3.0,Risk review,Head-and-shoulders risk,"head-and-shoulders, risk, distribution",4276.05,,,2.31,,,4276.05,"A possible head-and-shoulders top is forming or breaking. This is a caution signal, not an entry setup.",Risk review,0.46
TATAPOWER,Tata Power Co. Ltd.,TATAPOWER.NS,Power,True,,NIFTY 500,^CRSLDX,2026-08-07,380.55,0.52,-0.04,-0.2,2612025.0,3225744.0,0.81,994006081.86,49.12,49.1,True,False,False,0.51,-1.67,0.01604877,0.0168141,-4.55,-1.73,False,-2.0,Risk review,Head-and-shoulders risk,"head-and-shoulders, risk, distribution, inverse-head-and-shoulders, base, reversal",366.65,,,3.79,,,366.65,"A possible head-and-shoulders top is forming or breaking. This is a caution signal, not an entry setup. Secondary patterns: Possible inverse H&S.",Risk review,0.45
SIGNATURE,Signatureglobal (India) Ltd.,SIGNATURE.NS,Realty,True,,NIFTY 500,^CRSLDX,2026-08-07,802.3,-1.56,-1.37,-0.8,286812.0,653134.0,0.44,230109264.1,49.81,54.28,False,True,False,-0.86,0.76,0.03383505,0.03458067,-2.16,-3.44,False,-2.0,Risk review,Head-and-shoulders risk,"head-and-shoulders, risk, distribution, breakout, retest, pivot, volume",789.47,,,1.62,,,789.47,"A possible head-and-shoulders top is forming or breaking. This is a caution signal, not an entry setup. Secondary patterns: Breakout retest.",Risk review,0.41
BDL,Bharat Dynamics Ltd.,BDL.NS,Capital Goods,True,,NIFTY 500,^CRSLDX,2026-08-07,1294.0,-0.38,3.26,-3.76,871804.0,842037.0,1.04,1128114376.0,52.92,42.28,True,True,False,2.36,0.62,0.0545713,0.05559818,-1.85,-5.23,False,-3.0,Risk review,Head-and-shoulders risk,"head-and-shoulders, risk, distribution, breakout, retest, pivot, volume",1315.85,,,1.66,,,1315.85,"A possible head-and-shoulders top is forming or breaking. This is a caution signal, not an entry setup. Secondary patterns: Breakout retest.",Risk review,0.4
HINDPETRO,Hindustan Petroleum Corporation Ltd.,HINDPETRO.NS,Oil Gas & Consumable Fuels,True,,NIFTY 500,^CRSLDX,2026-08-07,393.05,-0.49,0.85,-0.57,5091894.0,6638954.0,0.77,2001368874.54,49.42,47.46,False,False,False,-0.24,-0.08,0.01657593,0.0170406,-2.73,-2.09,False,0.0,No clear setup,,,,,,,,,,,Weakening,0.38
ANGELONE,Angel One Ltd.,ANGELONE.NS,Financial Services,True,,NIFTY 500,^CRSLDX,2026-08-07,292.0,-1.72,-2.0,-15.36,4093490.0,6658090.0,0.61,1195299080.0,32.69,34.62,False,False,True,-6.36,-11.02,0.01231439,0.01423598,-13.5,-16.66,False,2.2,Actionable watch,Possible inverse H&S,"inverse-head-and-shoulders, base, reversal",297.88,,,1.97,,,297.88,A possible inverse head-and-shoulders base is visible. The setup improves only if price clears or holds near the neckline with better volume.,Setup watch: Possible inverse H&S,0.37
HBLENGINE,HBL Engineering Ltd.,HBLENGINE.NS,Capital Goods,True,,NIFTY 500,^CRSLDX,2026-08-07,727.1,-1.23,1.17,-5.06,548164.0,782584.0,0.7,398570031.02,45.36,41.96,True,False,False,0.11,-5.31,0.03066367,0.03330111,-7.92,-6.52,False,0.0,No clear setup,,,,,,,,,,,Weakening,0.3
GMDCLTD,Gujarat Mineral Development Corporation Ltd.,GMDCLTD.NS,Metals & Mining,True,,NIFTY 500,^CRSLDX,2026-08-07,582.8,-2.34,3.29,-1.18,979058.0,1153002.0,0.85,570594990.45,50.84,41.17,True,False,False,1.59,-2.37,0.02457817,0.02597407,-5.37,-2.69,False,-2.0,Risk review,Head-and-shoulders risk,"head-and-shoulders, risk, distribution, breakout, retest, pivot, volume",569.0,,,2.43,,,569.0,"A possible head-and-shoulders top is forming or breaking. This is a caution signal, not an entry setup. Secondary patterns: Breakout retest.",Risk review,0.26
IRFC,Indian Railway Finance Corporation Ltd.,IRFC.NS,Financial Services,True,,NIFTY 500,^CRSLDX,2026-08-07,88.75,-0.6,-0.45,-1.28,5728905.0,7471308.0,0.77,508440318.75,44.69,45.91,True,False,False,0.14,-3.5,0.00374281,0.00399448,-6.3,-2.79,False,0.0,No clear setup,,,,,,,,,,,Weakening,0.14
CHAMBLFERT,Chambal Fertilizers & Chemicals Ltd.,CHAMBLFERT.NS,Chemicals,True,,NIFTY 500,^CRSLDX,2026-08-07,450.7,-1.97,1.09,-0.69,299720.0,439331.0,0.68,135083807.66,48.06,45.37,True,False,False,0.56,-2.42,0.01900717,0.02004725,-5.19,-3.34,False,-2.0,Risk review,Head-and-shoulders risk,"head-and-shoulders, risk, distribution, breakout, retest, pivot, volume, inverse-head-and-shoulders, base, reversal",434.62,,,3.7,,,434.62,"A possible head-and-shoulders top is forming or breaking. This is a caution signal, not an entry setup. Secondary patterns: Breakout retest, Possible inverse H&S.",Risk review,0.13
BANKBARODA,Bank of Baroda,BANKBARODA.NS,Financial Services,True,,NIFTY 500,^CRSLDX,2026-08-07,250.7,-0.12,3.34,-0.1,7478904.0,9430427.0,0.79,1874961209.98,50.86,40.58,True,False,False,1.73,-3.1,0.01057266,0.01120682,-5.66,-1.63,False,-3.0,Risk review,Head-and-shoulders risk,"head-and-shoulders, risk, distribution",255.75,,,1.97,,,255.75,"A possible head-and-shoulders top is forming or breaking. This is a caution signal, not an entry setup.",Risk review,0.12
TATASTEEL,Tata Steel Ltd.,TATASTEEL.NS,Metals & Mining,True,,NIFTY 500,^CRSLDX,2026-08-07,187.55,-0.92,-1.13,-1.9,9919795.0,21059195.0,0.47,1860457582.52,46.85,52.49,True,False,False,0.25,-2.27,0.00790946,0.00833835,-5.14,-3.41,False,-2.0,Risk review,Head-and-shoulders risk,"head-and-shoulders, risk, distribution",179.29,,,4.61,,,179.29,"A possible head-and-shoulders top is forming or breaking. This is a caution signal, not an entry setup.",Risk review,0.12
GILLETTE,Gillette India Ltd.,GILLETTE.NS,Fast Moving Consumer Goods,True,,NIFTY 500,^CRSLDX,2026-08-07,7683.5,-0.14,0.78,-2.06,8855.0,19586.0,0.45,68037392.5,45.38,41.65,False,False,False,-1.36,-0.96,0.32403288,0.33666501,-3.75,-3.56,False,0.0,No clear setup,,,,,,,,,,,Weakening,0.09
ICICIPRULI,ICICI Prudential Life Insurance Company Ltd.,ICICIPRULI.NS,Financial Services,True,,NIFTY 500,^CRSLDX,2026-08-07,501.05,-1.17,-2.78,-1.82,974159.0,2215323.0,0.44,488102355.06,47.0,57.63,False,True,False,-1.5,0.97,0.02113056,0.02151826,-1.8,-3.33,False,-3.0,Risk review,Head-and-shoulders risk,"head-and-shoulders, risk, distribution",613.7,,,18.36,,,613.7,"A possible head-and-shoulders top is forming or breaking. This is a caution signal, not an entry setup.",Risk review,0.08
HINDUNILVR,Hindustan Unilever Ltd.,HINDUNILVR.NS,Fast Moving Consumer Goods,True,,NIFTY 500,^CRSLDX,2026-08-07,2096.0,0.79,-0.25,-2.54,1054098.0,2033966.0,0.52,2209389408.0,45.93,45.39,False,False,False,-1.04,-1.8,0.08839369,0.09251686,-4.46,-4.03,False,0.0,No clear setup,,,,,,,,,,,Weakening,-0.01
BAJAJHFL,Bajaj Housing Finance Ltd.,BAJAJHFL.NS,Financial Services,True,,NIFTY 500,^CRSLDX,2026-08-07,85.79,-0.72,-0.27,-2.59,2169115.0,3131168.0,0.69,186088377.84,46.31,48.01,False,False,False,-0.66,-0.63,0.00361798,0.00374059,-3.28,-4.08,False,0.0,No clear setup,,,,,,,,,,,Weakening,-0.02
COLPAL,Colgate Palmolive (India) Ltd.,COLPAL.NS,Fast Moving Consumer Goods,True,,NIFTY 500,^CRSLDX,2026-08-07,2030.0,0.08,-2.63,-1.6,222528.0,387809.0,0.57,451731840.0,45.4,51.7,False,False,False,-1.78,-0.61,0.0856103,0.08865832,-3.44,-4.22,False,0.0,No clear setup,,,,,,,,,,,Weakening,-0.04
CENTRALBK,Central Bank of India,CENTRALBK.NS,Financial Services,True,,NIFTY 500,^CRSLDX,2026-08-07,31.36,-0.48,1.26,-3.8,3572099.0,8959206.0,0.4,112021026.82,46.85,41.97,False,False,False,-0.66,-1.15,0.00132253,0.00137409,-3.75,-5.28,False,0.0,No clear setup,,,,,,,,,,,Weakening,-0.26
KPRMILL,K.P.R. Mill Ltd.,KPRMILL.NS,Textiles,True,,NIFTY 500,^CRSLDX,2026-08-07,1076.7,-0.86,4.2,-3.23,146702.0,280149.0,0.52,157954036.24,48.57,39.57,False,False,True,-0.58,-1.85,0.0454072,0.04735413,-4.11,-5.81,False,-2.0,Risk review,Head-and-shoulders risk,"head-and-shoulders, risk, distribution, inverse-head-and-shoulders, base, reversal",1054.2,,,2.13,,,1054.2,"A possible head-and-shoulders top is forming or breaking. This is a caution signal, not an entry setup. Secondary patterns: Possible inverse H&S.",Risk review,-0.26
DOMS,DOMS Industries Ltd.,DOMS.NS,Fast Moving Consumer Goods,True,,NIFTY 500,^CRSLDX,2026-08-07,2260.6,0.42,0.25,-2.65,57559.0,60995.0,0.94,130117881.02,48.61,47.33,False,True,False,-0.59,0.19,0.0953353,0.0978137,-2.53,-5.24,False,-3.0,Risk review,Head-and-shoulders risk,"head-and-shoulders, risk, distribution, inverse-head-and-shoulders, base, reversal",2273.25,,,0.56,,,2273.25,"A possible head-and-shoulders top is forming or breaking. This is a caution signal, not an entry setup. Secondary patterns: Possible inverse H&S.",Risk review,-0.3
VTL,Vardhman Textiles Ltd.,VTL.NS,Textiles,True,,NIFTY 500,^CRSLDX,2026-08-07,606.75,0.76,3.58,-4.62,225331.0,340880.0,0.66,136719584.25,45.54,36.24,False,False,True,-1.83,-3.43,0.0255882,0.0271959,-5.91,-6.08,False,-2.0,Risk review,Head-and-shoulders risk,"head-and-shoulders, risk, distribution, inverse-head-and-shoulders, base, reversal",580.17,,,4.58,,,580.17,"A possible head-and-shoulders top is forming or breaking. This is a caution signal, not an entry setup. Secondary patterns: Possible inverse H&S.",Risk review,-0.3
DRREDDY,Dr. Reddy's Laboratories Ltd.,DRREDDY.NS,Healthcare,True,,NIFTY 500,^CRSLDX,2026-08-07,1172.0,0.09,2.08,-5.81,1071707.0,2200771.0,0.49,1256040604.0,38.91,28.36,False,False,False,-0.97,-6.29,0.04942624,0.05421039,-8.83,-7.26,False,0.0,No clear setup,,,,,,,,,,,Mean reversion bounce,-0.3
ABDL,Allied Blenders and Distillers Ltd.,ABDL.NS,Fast Moving Consumer Goods,True,,NIFTY 500,^CRSLDX,2026-08-07,599.25,-0.95,-3.27,-7.63,551356.0,361786.0,1.52,330400083.0,41.18,47.45,False,False,True,-3.48,-3.67,0.02527191,0.02690064,-6.05,-9.05,False,-2.0,Risk review,Head-and-shoulders risk,"head-and-shoulders, risk, distribution, inverse-head-and-shoulders, base, reversal",595.08,,,0.7,,,595.08,"A possible head-and-shoulders top is forming or breaking. This is a caution signal, not an entry setup. Secondary patterns: Possible inverse H&S.",Risk review,-0.3
VMM,Vishal Mega Mart Ltd.,VMM.NS,Consumer Services,True,,NIFTY 500,^CRSLDX,2026-08-07,108.72,-0.73,1.51,-8.48,7430433.0,10606826.0,0.7,807836684.83,40.58,34.28,False,False,False,-1.91,-5.72,0.004585,0.00500681,-8.42,-9.88,False,0.0,No clear setup,,,,,,,,,,,Mean reversion bounce,-0.3
ABSLAMC,Aditya Birla Sun Life AMC Ltd.,ABSLAMC.NS,Financial Services,True,,NIFTY 500,^CRSLDX,2026-08-07,1025.3,0.12,1.64,-7.48,198652.0,360619.0,0.55,203677905.3,45.36,40.6,False,False,True,-2.06,-4.56,0.04323953,0.04650153,-7.01,-9.94,False,-2.0,Risk review,Head-and-shoulders risk,"head-and-shoulders, risk, distribution",989.45,,,3.62,,,989.45,"A possible head-and-shoulders top is forming or breaking. This is a caution signal, not an entry setup.",Risk review,-0.3
ELECON,Elecon Engineering Co. Ltd.,ELECON.NS,Capital Goods,True,,NIFTY 500,^CRSLDX,2026-08-07,437.85,-2.8,4.49,-14.24,370569.0,528870.0,0.7,162253638.91,41.39,28.32,False,False,False,-1.26,-11.37,0.01846526,0.02142691,-13.82,-15.55,False,0.0,No clear setup,,,,,,,,,,,Mean reversion bounce,-0.3
FACT,Fertilisers and Chemicals Travancore Ltd.,FACT.NS,Chemicals,True,,NIFTY 500,^CRSLDX,2026-08-07,839.4,-0.44,2.94,-1.26,30873.0,92320.0,0.33,25914796.95,47.92,37.8,True,False,False,0.74,-3.13,0.03539965,0.03763007,-5.93,-3.89,False,-3.0,Risk review,Head-and-shoulders risk,"head-and-shoulders, risk, distribution, inverse-head-and-shoulders, base, reversal",848.5,,,1.07,,,848.5,"A possible head-and-shoulders top is forming or breaking. This is a caution signal, not an entry setup. Secondary patterns: Possible inverse H&S.",Risk review,-0.33
TENNIND,Tenneco Clean Air India Ltd.,TENNIND.NS,Automobile and Auto Components,True,,NIFTY 500,^CRSLDX,2026-08-07,562.8,-1.36,4.43,-3.68,1034249.0,811891.0,1.27,582075324.57,50.0,38.34,True,False,,1.02,-1.6,0.02373472,0.02484581,-4.47,-6.24,False,-2.0,Risk review,Head-and-shoulders risk,"head-and-shoulders, risk, distribution",551.3,,,2.09,,,551.3,"A possible head-and-shoulders top is forming or breaking. This is a caution signal, not an entry setup.",Risk review,-0.4
J&KBANK,Jammu & Kashmir Bank Ltd.,J&KBANK.NS,Financial Services,True,,NIFTY 500,^CRSLDX,2026-08-07,159.24,-0.52,3.58,-5.45,2238919.0,8188127.0,0.27,356525473.86,44.08,38.43,False,False,True,-7.51,-2.35,0.00671556,0.00705743,-4.84,-7.96,False,0.0,No clear setup,,,,,,,,,,,Weakening,-0.4
CCL,CCL Products (I) Ltd.,CCL.NS,Fast Moving Consumer Goods,True,,NIFTY 500,^CRSLDX,2026-08-07,1130.0,-0.11,-2.19,-6.92,93640.0,177462.0,0.53,105813200.0,38.38,42.05,False,False,True,-4.29,-2.71,0.047655,0.05025894,-5.18,-8.35,False,0.0,No clear setup,,,,,,,,,,,Weakening,-0.4
EIHOTEL,EIH Ltd.,EIHOTEL.NS,Consumer Services,True,,NIFTY 500,^CRSLDX,2026-08-07,306.55,-5.87,-7.26,-6.07,1391250.0,206747.0,6.73,426487670.52,35.49,52.97,False,False,False,-6.98,-3.6,0.012928,0.01377302,-6.14,-8.57,False,0.0,No clear setup,,,,,,,,,,,Weakening,-0.4
BANDHANBNK,Bandhan Bank Ltd.,BANDHANBNK.NS,Financial Services,True,,NIFTY 500,^CRSLDX,2026-08-07,176.02,0.78,1.09,-16.18,10727227.0,21282144.0,0.5,1888206542.37,40.32,36.11,False,False,True,-5.31,-11.0,0.00742321,0.00858559,-13.54,-17.47,False,0.0,No clear setup,,,,,,,,,,,Weakening,-0.4
ERIS,Eris Lifesciences Ltd.,ERIS.NS,Healthcare,True,,NIFTY 500,^CRSLDX,2026-08-07,1382.4,-0.04,0.52,-3.33,40491.0,100860.0,0.4,55974759.39,43.28,40.85,False,False,False,-2.65,-2.34,0.05829935,0.06129461,-4.89,-5.9,False,2.2,Watch,Possible inverse H&S,"inverse-head-and-shoulders, base, reversal",1451.0,,,4.73,,,1451.0,A possible inverse head-and-shoulders base is visible. The setup improves only if price clears or holds near the neckline with better volume.,Setup watch: Possible inverse H&S,-0.41
AAVAS,Aavas Financiers Ltd.,AAVAS.NS,Financial Services,True,,NIFTY 500,^CRSLDX,2026-08-07,1371.5,-0.35,0.65,-8.89,64071.0,76286.0,0.84,87873376.5,41.62,37.0,False,False,False,-4.27,-3.71,0.05783967,0.06164841,-6.18,-11.31,False,2.2,Actionable watch,Possible inverse H&S,"inverse-head-and-shoulders, base, reversal",1395.45,,,1.72,,,1395.45,A possible inverse head-and-shoulders base is visible. The setup improves only if price clears or holds near the neckline with better volume.,Setup watch: Possible inverse H&S,-0.43
KEC,Kec International Ltd.,KEC.NS,Construction,True,,NIFTY 500,^CRSLDX,2026-08-07,478.85,1.41,3.34,-2.19,584098.0,989579.0,0.59,279695330.87,48.16,37.97,True,False,False,0.29,-3.07,0.02019433,0.02141106,-5.68,-4.79,False,-3.0,Risk review,Head-and-shoulders risk,"head-and-shoulders, risk, distribution",644.02,,,25.65,,,644.02,"A possible head-and-shoulders top is forming or breaking. This is a caution signal, not an entry setup.",Risk review,-0.51
CUMMINSIND,Cummins India Ltd.,CUMMINSIND.NS,Capital Goods,True,,NIFTY 500,^CRSLDX,2026-08-07,5426.0,0.44,-1.69,-2.68,262730.0,467043.0,0.56,1425572980.0,44.7,49.78,False,False,True,-1.42,-2.54,0.22882832,0.24166168,-5.31,-4.17,False,-2.0,Risk review,Head-and-shoulders risk,"head-and-shoulders, risk, distribution, inverse-head-and-shoulders, base, reversal",5264.25,,,3.07,,,5264.25,"A possible head-and-shoulders top is forming or breaking. This is a caution signal, not an entry setup. Secondary patterns: Possible inverse H&S.",Risk review,-0.73
SPLPETRO,Supreme Petrochem Ltd.,SPLPETRO.NS,Chemicals,True,,NIFTY 500,^CRSLDX,2026-08-07,701.45,-0.17,-0.31,-1.6,35262.0,260256.0,0.14,24734530.33,43.61,43.97,False,False,True,-2.7,-1.46,0.02958194,0.03080983,-3.99,-4.22,False,-2.0,Risk review,Head-and-shoulders risk,"head-and-shoulders, risk, distribution, breakout, retest, pivot, volume, inverse-head-and-shoulders, base, reversal",688.05,,,1.95,,,688.05,"A possible head-and-shoulders top is forming or breaking. This is a caution signal, not an entry setup. Secondary patterns: Breakout retest, Possible inverse H&S.",Risk review,-0.74
ABLBL,Aditya Birla Lifestyle Brands Ltd.,ABLBL.NS,Consumer Services,True,,NIFTY 500,^CRSLDX,2026-08-07,93.86,-0.32,-0.1,-0.95,387410.0,735601.0,0.53,36362302.84,45.51,45.43,False,False,False,-0.86,-2.59,0.00395832,0.0041846,-5.41,-3.58,False,-3.0,Risk review,Head-and-shoulders risk,"head-and-shoulders, risk, distribution",98.06,,,4.28,,,98.06,"A possible head-and-shoulders top is forming or breaking. This is a caution signal, not an entry setup.",Risk review,-0.97
AXISBANK,Axis Bank Ltd.,AXISBANK.NS,Financial Services,True,,NIFTY 500,^CRSLDX,2026-08-07,1238.0,-1.43,0.69,-6.47,3623590.0,8102232.0,0.45,4486004420.0,40.05,33.88,False,False,False,-1.8,-4.9,0.05220963,0.05637605,-7.39,-7.91,False,-2.0,Risk review,Head-and-shoulders risk,"head-and-shoulders, risk, distribution",1183.6,,,4.6,,,1183.6,"A possible head-and-shoulders top is forming or breaking. This is a caution signal, not an entry setup.",Risk review,-1.0
VOLTAS,Voltas Ltd.,VOLTAS.NS,Consumer Durables,True,,NIFTY 500,^CRSLDX,2026-08-07,1285.0,0.78,-3.3,-0.13,811957.0,592007.0,1.37,1043364745.0,42.37,52.23,False,False,False,-3.32,-1.73,0.05419174,0.05663665,-4.32,-1.66,False,-2.0,Risk review,Head-and-shoulders risk,"head-and-shoulders, risk, distribution, breakout, retest, pivot, volume",1265.25,,,1.56,,,1265.25,"A possible head-and-shoulders top is forming or breaking. This is a caution signal, not an entry setup. Secondary patterns: Breakout retest.",Risk review,-1.03
JBMA,JBM Auto Ltd.,JBMA.NS,Automobile and Auto Components,True,,NIFTY 500,^CRSLDX,2026-08-07,648.65,-1.35,-4.39,-3.19,160878.0,298767.0,0.54,104353518.63,40.24,51.55,False,False,True,-3.13,-4.33,0.02735523,0.0293649,-6.84,-5.76,False,-2.0,Risk review,Head-and-shoulders risk,"head-and-shoulders, risk, distribution, inverse-head-and-shoulders, base, reversal",624.78,,,3.82,,,624.78,"A possible head-and-shoulders top is forming or breaking. This is a caution signal, not an entry setup. Secondary patterns: Possible inverse H&S.",Risk review,-1.05
GESHIP,Great Eastern Shipping Co. Ltd.,GESHIP.NS,Services,True,,NIFTY 500,^CRSLDX,2026-08-07,1341.8,0.25,-1.1,-4.1,777568.0,944516.0,0.82,1043340780.37,41.83,42.01,False,False,True,-2.9,-4.71,0.05658715,0.06111018,-7.4,-6.65,False,-2.0,Risk review,Head-and-shoulders risk,"head-and-shoulders, risk, distribution",1313.35,,,2.17,,,1313.35,"A possible head-and-shoulders top is forming or breaking. This is a caution signal, not an entry setup.",Risk review,-1.1
MAHABANK,Bank of Maharashtra,MAHABANK.NS,Financial Services,True,,NIFTY 500,^CRSLDX,2026-08-07,78.28,0.14,-1.24,-4.55,9248037.0,15367090.0,0.6,723936325.07,40.62,41.88,False,False,True,-2.22,-6.07,0.00330127,0.00360663,-8.47,-7.09,False,-2.0,Risk review,Head-and-shoulders risk,"head-and-shoulders, risk, distribution",76.88,,,1.81,,,76.88,"A possible head-and-shoulders top is forming or breaking. This is a caution signal, not an entry setup.",Risk review,-1.1
ATGL,Adani Total Gas Ltd.,ATGL.NS,Oil Gas & Consumable Fuels,True,,NIFTY 500,^CRSLDX,2026-08-07,657.55,-0.41,0.94,-9.17,427266.0,1090429.0,0.39,280948753.08,39.25,35.11,False,False,True,-3.01,-6.91,0.02773057,0.03069188,-9.65,-10.56,False,-2.0,Risk review,Head-and-shoulders risk,"head-and-shoulders, risk, distribution, breakout, retest, pivot, volume, inverse-head-and-shoulders, base, reversal",639.25,,,2.86,,,639.25,"A possible head-and-shoulders top is forming or breaking. This is a caution signal, not an entry setup. Secondary patterns: Breakout retest, Possible inverse H&S.",Risk review,-1.1
GALLANTT,Gallantt Ispat Ltd.,GALLANTT.NS,Capital Goods,True,,NIFTY 500,^CRSLDX,2026-08-07,605.5,-1.6,3.44,-8.65,47888.0,219084.0,0.22,28996184.0,45.37,41.28,False,False,False,-1.75,-7.31,0.02553549,0.02831981,-9.83,-11.08,False,-2.0,Risk review,Head-and-shoulders risk,"head-and-shoulders, risk, distribution, breakout, retest, pivot, volume",580.17,,,4.37,,,580.17,"A possible head-and-shoulders top is forming or breaking. This is a caution signal, not an entry setup. Secondary patterns: Breakout retest.",Risk review,-1.1
LICI,Life Insurance Corporation of India,LICI.NS,Financial Services,True,,NIFTY 500,^CRSLDX,2026-08-07,394.0,1.66,-7.23,-11.07,36359578.0,11188712.0,3.25,14325673732.0,34.16,49.01,False,False,False,-6.57,-5.58,0.01661599,0.01806804,-8.04,-12.43,False,-2.0,Risk review,Head-and-shoulders risk,"head-and-shoulders, risk, distribution",377.49,,,4.37,,,377.49,"A possible head-and-shoulders top is forming or breaking. This is a caution signal, not an entry setup.",Risk review,-1.1
SWANCORP,Swan Corp Ltd.,SWANCORP.NS,Chemicals,True,,NIFTY 500,^CRSLDX,2026-08-07,308.05,-0.92,0.46,-2.99,489778.0,644071.0,0.76,150876106.92,43.76,41.24,False,False,False,-1.23,-2.35,0.01299126,0.01368853,-5.09,-5.57,False,0.0,No clear setup,,,,,,,,,,,Weakening,-1.11
ONESOURCE,Onesource Specialty Pharma Ltd.,ONESOURCE.NS,Healthcare,True,,NIFTY 500,^CRSLDX,2026-08-07,1576.0,1.21,-6.65,-3.06,151576.0,301984.0,0.5,238883776.0,42.18,52.6,False,False,False,-4.05,-4.99,0.06646396,0.07220025,-7.94,-5.64,False,0.0,No clear setup,,,,,,,,,,,Weakening,-1.13
SARDAEN,Sarda Energy and Minerals Ltd.,SARDAEN.NS,Metals & Mining,True,,NIFTY 500,^CRSLDX,2026-08-07,497.6,-0.66,-2.77,0.45,375811.0,270668.0,1.39,187003555.89,43.58,51.88,False,False,False,-1.27,-2.74,0.02098507,0.02220193,-5.48,-2.22,False,-2.0,Risk review,Head-and-shoulders risk,"head-and-shoulders, risk, distribution",480.05,,,3.66,,,480.05,"A possible head-and-shoulders top is forming or breaking. This is a caution signal, not an entry setup.",Risk review,-1.14
JUBLPHARMA,Jubilant Pharmova Ltd.,JUBLPHARMA.NS,Healthcare,True,,NIFTY 500,^CRSLDX,2026-08-07,932.0,0.62,-3.08,-3.34,168054.0,144680.0,1.16,156626328.0,38.91,44.87,False,False,False,-4.01,-3.81,0.03930483,0.04205895,-6.55,-5.91,False,0.0,No clear setup,,,,,,,,,,,Weakening,-1.18
HDFCLIFE,HDFC Life Insurance Company Ltd.,HDFCLIFE.NS,Financial Services,True,,NIFTY 500,^CRSLDX,2026-08-07,540.0,-0.46,-1.55,-4.88,1412349.0,3922337.0,0.36,762668460.0,39.6,40.6,False,False,False,-2.63,-4.55,0.02277318,0.02454101,-7.2,-6.34,False,0.0,No clear setup,,,,,,,,,,,Weakening,-1.2
RAILTEL,Railtel Corporation Of India Ltd.,RAILTEL.NS,Telecommunication,True,,NIFTY 500,^CRSLDX,2026-08-07,288.55,-0.79,1.42,-6.16,349699.0,525209.0,0.67,100905642.18,41.6,35.86,False,False,False,-1.59,-5.34,0.01216889,0.01322314,-7.97,-7.6,False,0.0,No clear setup,,,,,,,,,,,Weakening,-1.2
UTIAMC,UTI Asset Management Company Ltd.,UTIAMC.NS,Financial Services,True,,NIFTY 500,^CRSLDX,2026-08-07,896.65,-0.41,-1.39,-5.2,54646.0,358975.0,0.15,48998337.23,42.65,46.42,False,False,False,-2.96,-1.81,0.03781403,0.03961838,-4.55,-7.72,False,0.0,No clear setup,,,,,,,,,,,Weakening,-1.2
LEMONTREE,Lemon Tree Hotels Ltd.,LEMONTREE.NS,Consumer Services,True,,NIFTY 500,^CRSLDX,2026-08-07,111.01,-1.58,1.66,-5.48,2864555.0,2728606.0,1.05,317994256.67,44.7,38.71,False,False,False,-1.19,-1.99,0.00468158,0.00491205,-4.69,-7.99,False,0.0,No clear setup,,,,,,,,,,,Weakening,-1.2
GROWW,Billionbrains Garage Ventures Ltd.,GROWW.NS,Financial Services,True,,NIFTY 500,^CRSLDX,2026-08-07,190.5,0.77,-1.99,-6.83,15399141.0,33450132.0,0.46,2933536360.5,40.88,43.64,False,False,,-4.53,-3.97,0.00803387,0.00858792,-6.45,-8.26,False,0.0,No clear setup,,,,,,,,,,,Weakening,-1.2
VBL,Varun Beverages Ltd.,VBL.NS,Fast Moving Consumer Goods,True,,NIFTY 500,^CRSLDX,2026-08-07,442.0,-0.45,-0.07,-7.45,2470474.0,7602654.0,0.32,1091949508.0,38.29,35.68,False,False,False,-2.59,-9.86,0.01864027,0.02130054,-12.49,-8.87,False,0.0,No clear setup,,,,,,,,,,,Weakening,-1.2
HDFCAMC,HDFC Asset Management Company Ltd.,HDFCAMC.NS,Financial Services,True,,NIFTY 500,^CRSLDX,2026-08-07,2545.0,0.27,-2.71,-7.83,310034.0,896815.0,0.35,789036530.0,44.19,50.23,False,False,False,-1.68,-2.51,0.10732917,0.11313302,-5.13,-9.24,False,0.0,No clear setup,,,,,,,,,,,Weakening,-1.2
ICICIGI,ICICI Lombard General Insurance Company Ltd.,ICICIGI.NS,Financial Services,True,,NIFTY 500,^CRSLDX,2026-08-07,1639.0,-1.15,0.07,-8.68,394958.0,1764206.0,0.22,647336162.0,42.48,39.84,False,False,False,-2.19,-5.62,0.06912083,0.07537226,-8.29,-11.11,False,0.0,No clear setup,,,,,,,,,,,Weakening,-1.2
SUZLON,Suzlon Energy Ltd.,SUZLON.NS,Capital Goods,True,,NIFTY 500,^CRSLDX,2026-08-07,48.15,0.1,0.29,-10.7,52322125.0,70921730.0,0.74,2519310398.59,31.1,29.53,False,False,False,-4.7,-10.71,0.00203061,0.00233926,-13.19,-12.07,False,0.0,No clear setup,,,,,,,,,,,Weakening,-1.2
SOBHA,Sobha Ltd.,SOBHA.NS,Realty,True,,NIFTY 500,^CRSLDX,2026-08-07,1339.0,-1.25,-2.42,-11.4,106423.0,264918.0,0.4,142500397.0,36.6,42.66,False,False,False,-4.7,-4.03,0.05646906,0.06049127,-6.65,-12.76,False,0.0,No clear setup,,,,,,,,,,,Weakening,-1.2
HDBFS,HDB Financial Services Ltd.,HDBFS.NS,Financial Services,True,,NIFTY 500,^CRSLDX,2026-08-07,665.65,-1.37,-3.02,-11.89,706499.0,582272.0,1.21,470281076.6,29.99,38.03,False,False,False,-5.39,-5.08,0.02807217,0.0303219,-7.42,-13.24,False,0.0,No clear setup,,,,,,,,,,,Weakening,-1.2
PATANJALI,Patanjali Foods Ltd.,PATANJALI.NS,Fast Moving Consumer Goods,True,,NIFTY 500,^CRSLDX,2026-08-07,357.5,0.7,0.32,-13.28,2795728.0,9381634.0,0.3,999472760.0,39.95,36.43,False,False,False,-0.06,-9.77,0.01507669,0.01724126,-12.55,-15.59,False,0.0,No clear setup,,,,,,,,,,,Weakening,-1.2
CROMPTON,Crompton Greaves Consumer Electricals Ltd.,CROMPTON.NS,Consumer Durables,True,,NIFTY 500,^CRSLDX,2026-08-07,249.95,-7.43,-3.94,-3.34,22612213.0,3878658.0,5.83,5651922570.34,41.66,51.16,False,False,False,-2.88,-4.63,0.01054103,0.01136951,-7.29,-4.82,False,-3.0,Risk review,Head-and-shoulders risk,"head-and-shoulders, risk, distribution, inverse-head-and-shoulders, base, reversal",250.03,,,0.03,,,250.03,"A possible head-and-shoulders top is forming or breaking. This is a caution signal, not an entry setup. Secondary patterns: Possible inverse H&S.",Risk review,-1.21
SYNGENE,Syngene International Ltd.,SYNGENE.NS,Healthcare,True,,NIFTY 500,^CRSLDX,2026-08-07,403.7,0.99,4.61,-3.96,2260553.0,1785801.0,1.27,912585273.69,44.05,29.17,False,False,False,-1.41,-5.39,0.01702506,0.01851603,-8.05,-5.43,False,-3.0,Risk review,Head-and-shoulders risk,"head-and-shoulders, risk, distribution",404.95,,,0.31,,,404.95,"A possible head-and-shoulders top is forming or breaking. This is a caution signal, not an entry setup.",Risk review,-1.24
DCMSHRIRAM,DCM Shriram Ltd.,DCMSHRIRAM.NS,Diversified,True,,NIFTY 500,^CRSLDX,2026-08-07,1016.8,0.63,-3.34,-2.43,72858.0,197201.0,0.37,74082013.51,45.51,57.28,False,False,False,-0.85,-1.05,0.04288106,0.04460828,-3.87,-5.03,False,-3.0,Risk review,Head-and-shoulders risk,"head-and-shoulders, risk, distribution",1035.1,,,1.77,,,1035.1,"A possible head-and-shoulders top is forming or breaking. This is a caution signal, not an entry setup.",Risk review,-1.26
IGL,Indraprastha Gas Ltd.,IGL.NS,Oil Gas & Consumable Fuels,True,,NIFTY 500,^CRSLDX,2026-08-07,151.94,-1.55,-0.03,-1.38,758434.0,1441669.0,0.53,115236463.81,43.97,43.19,False,False,False,-0.38,-4.18,0.0064077,0.00686958,-6.72,-2.89,False,-2.0,Risk review,Head-and-shoulders risk,"head-and-shoulders, risk, distribution",145.43,,,4.48,,,145.43,"A possible head-and-shoulders top is forming or breaking. This is a caution signal, not an entry setup.",Risk review,-1.28
AFCONS,Afcons Infrastructure Ltd.,AFCONS.NS,Construction,True,,NIFTY 500,^CRSLDX,2026-08-07,274.25,-1.61,0.37,-8.04,1190381.0,1974618.0,0.6,326461989.25,35.21,31.12,False,False,False,-3.93,-9.71,0.01156583,0.01318454,-12.28,-10.49,False,-3.0,Risk review,Head-and-shoulders risk,"head-and-shoulders, risk, distribution",277.8,,,1.28,,,277.8,"A possible head-and-shoulders top is forming or breaking. This is a caution signal, not an entry setup.",Risk review,-1.35
CIEINDIA,CIE Automotive India Ltd.,CIEINDIA.NS,Automobile and Auto Components,True,,NIFTY 500,^CRSLDX,2026-08-07,410.5,0.05,0.47,-11.59,325460.0,620630.0,0.52,133601330.0,35.7,30.07,False,False,False,-5.74,-8.59,0.01731184,0.01945359,-11.01,-12.94,False,-3.0,Risk review,Head-and-shoulders risk,"head-and-shoulders, risk, distribution",410.7,,,0.05,,,410.7,"A possible head-and-shoulders top is forming or breaking. This is a caution signal, not an entry setup.",Risk review,-1.35
ADANIPOWER,Adani Power Ltd.,ADANIPOWER.NS,Power,True,,NIFTY 500,^CRSLDX,2026-08-07,209.0,0.42,-1.09,-4.33,14355771.0,24381181.0,0.59,3000356139.0,41.07,42.31,False,False,True,-2.26,-5.37,0.00881407,0.00959354,-8.13,-5.79,False,-3.0,Risk review,Head-and-shoulders risk,"head-and-shoulders, risk, distribution, inverse-head-and-shoulders, base, reversal",211.42,,,1.14,,,211.42,"A possible head-and-shoulders top is forming or breaking. This is a caution signal, not an entry setup. Secondary patterns: Possible inverse H&S.",Risk review,-1.41
MCX,Multi Commodity Exchange of India Ltd.,MCX.NS,Financial Services,True,,NIFTY 500,^CRSLDX,2026-08-07,2638.0,-0.08,-2.01,-4.79,1444639.0,1746612.0,0.83,3810957682.0,40.48,41.32,False,False,True,-3.7,-5.57,0.11125122,0.12128402,-8.27,-6.25,False,-3.0,Risk review,Head-and-shoulders risk,"head-and-shoulders, risk, distribution, breakout, retest, pivot, volume",2731.5,,,3.42,,,2731.5,"A possible head-and-shoulders top is forming or breaking. This is a caution signal, not an entry setup. Secondary patterns: Breakout retest.",Risk review,-1.45
TATACHEM,Tata Chemicals Ltd.,TATACHEM.NS,Chemicals,True,,NIFTY 500,^CRSLDX,2026-08-07,673.55,1.55,0.48,-5.63,3567123.0,522061.0,6.83,2402635653.11,41.69,37.06,False,False,False,-1.95,-4.83,0.02840533,0.03072581,-7.55,-8.14,False,-3.0,Risk review,Head-and-shoulders risk,"head-and-shoulders, risk, distribution",692.08,,,2.68,,,692.08,"A possible head-and-shoulders top is forming or breaking. This is a caution signal, not an entry setup.",Risk review,-1.45
GVT&D,GE Vernova T&D India Ltd.,GVT&D.NS,Capital Goods,True,,NIFTY 500,^CRSLDX,2026-08-07,4299.0,-1.55,-0.56,-8.08,758662.0,1005491.0,0.75,3261487938.0,43.73,44.06,False,False,True,-1.54,-8.4,0.18129985,0.20371541,-11.0,-9.49,False,-3.0,Risk review,Head-and-shoulders risk,"head-and-shoulders, risk, distribution, inverse-head-and-shoulders, base, reversal",4450.5,,,3.4,,,4450.5,"A possible head-and-shoulders top is forming or breaking. This is a caution signal, not an entry setup. Secondary patterns: Possible inverse H&S.",Risk review,-1.45
BLUESTARCO,Blue Star Ltd.,BLUESTARCO.NS,Consumer Durables,True,,NIFTY 500,^CRSLDX,2026-08-07,1514.0,-3.63,-9.95,-8.46,2392092.0,530650.0,4.51,3621627288.0,32.94,54.05,False,False,False,-9.52,-7.27,0.06384926,0.07073184,-9.73,-9.86,False,-3.0,Risk review,Head-and-shoulders risk,"head-and-shoulders, risk, distribution",1547.5,,,2.16,,,1547.5,"A possible head-and-shoulders top is forming or breaking. This is a caution signal, not an entry setup.",Risk review,-1.45
BSE,BSE Ltd.,BSE.NS,Financial Services,True,,NIFTY 500,^CRSLDX,2026-08-07,3457.1,0.64,-5.19,-9.3,3719091.0,2737478.0,1.36,12857269859.29,37.57,46.63,False,False,True,-4.0,-8.77,0.14579477,0.1646464,-11.45,-10.69,False,-3.0,Risk review,Head-and-shoulders risk,"head-and-shoulders, risk, distribution",3598.5,,,3.93,,,3598.5,"A possible head-and-shoulders top is forming or breaking. This is a caution signal, not an entry setup.",Risk review,-1.45
THERMAX,Thermax Ltd.,THERMAX.NS,Capital Goods,True,,NIFTY 500,^CRSLDX,2026-08-07,4059.9,1.73,-5.72,-15.58,101866.0,412497.0,0.25,413565763.45,35.52,38.92,False,False,True,-8.0,-12.48,0.17121638,0.20140848,-14.99,-16.87,False,-3.0,Risk review,Head-and-shoulders risk,"head-and-shoulders, risk, distribution",4140.5,,,1.95,,,4140.5,"A possible head-and-shoulders top is forming or breaking. This is a caution signal, not an entry setup.",Risk review,-1.45
NTPC,NTPC Ltd.,NTPC.NS,Power,True,,NIFTY 500,^CRSLDX,2026-08-07,342.5,-0.72,-1.37,-0.59,6994315.0,9467108.0,0.74,2395552887.5,42.41,45.31,False,False,False,-1.19,-3.04,0.0144441,0.01535148,-5.91,-2.12,False,-3.0,Risk review,Head-and-shoulders risk,"head-and-shoulders, risk, distribution",354.58,,,3.41,,,354.58,"A possible head-and-shoulders top is forming or breaking. This is a caution signal, not an entry setup.",Risk review,-1.47
NHPC,NHPC Ltd.,NHPC.NS,Power,True,,NIFTY 500,^CRSLDX,2026-08-07,76.92,-0.75,-2.3,-3.63,7044648.0,14766778.0,0.48,541874311.26,40.87,48.75,False,False,False,-2.76,-1.22,0.00324391,0.00337481,-3.88,-5.11,False,-2.0,Risk review,Head-and-shoulders risk,"head-and-shoulders, risk, distribution",74.38,,,3.41,,,74.38,"A possible head-and-shoulders top is forming or breaking. This is a caution signal, not an entry setup.",Risk review,-1.72
COALINDIA,Coal India Ltd.,COALINDIA.NS,Oil Gas & Consumable Fuels,True,,NIFTY 500,^CRSLDX,2026-08-07,415.25,-0.08,0.27,-1.98,3492803.0,6742951.0,0.52,1450386445.75,40.91,38.56,False,False,False,-0.75,-4.05,0.01751216,0.01879674,-6.83,-3.48,False,-3.0,Risk review,Head-and-shoulders risk,"head-and-shoulders, risk, distribution",415.53,,,0.07,,,415.53,"A possible head-and-shoulders top is forming or breaking. This is a caution signal, not an entry setup.",Risk review,-1.75
SJVN,SJVN Ltd.,SJVN.NS,Power,True,,NIFTY 500,^CRSLDX,2026-08-07,67.96,-0.69,-0.96,-4.12,1762497.0,1893068.0,0.93,119779294.51,38.25,40.62,False,False,False,-1.33,-4.34,0.00286605,0.00308419,-7.07,-5.59,False,-2.0,Risk review,Head-and-shoulders risk,"head-and-shoulders, risk, distribution",66.76,,,1.8,,,66.76,"A possible head-and-shoulders top is forming or breaking. This is a caution signal, not an entry setup.",Risk review,-1.82
ANURAS,Anupam Rasayan India Ltd.,ANURAS.NS,Chemicals,True,,NIFTY 500,^CRSLDX,2026-08-07,1214.6,0.13,0.56,-4.21,315017.0,375835.0,0.84,382619640.51,32.76,26.15,False,False,False,-1.87,-3.95,0.05122279,0.05486585,-6.64,-5.68,False,-2.0,Risk review,Head-and-shoulders risk,"head-and-shoulders, risk, distribution",1181.8,,,2.78,,,1181.8,"A possible head-and-shoulders top is forming or breaking. This is a caution signal, not an entry setup.",Risk review,-1.84
ONGC,Oil & Natural Gas Corporation Ltd.,ONGC.NS,Oil Gas & Consumable Fuels,True,,NIFTY 500,^CRSLDX,2026-08-07,238.85,0.44,-1.52,-2.49,10071644.0,11556635.0,0.87,2405612230.87,39.32,43.91,False,False,False,-2.35,-3.08,0.01007292,0.01071905,-6.03,-3.99,False,-3.0,Risk review,Head-and-shoulders risk,"head-and-shoulders, risk, distribution",243.0,,,1.71,,,243.0,"A possible head-and-shoulders top is forming or breaking. This is a caution signal, not an entry setup.",Risk review,-1.85
GICRE,General Insurance Corporation of India,GICRE.NS,Financial Services,True,,NIFTY 500,^CRSLDX,2026-08-07,357.2,-0.46,0.14,-1.52,299959.0,469622.0,0.64,107145358.46,41.87,40.52,False,False,False,-0.99,-2.47,0.01506404,0.01592055,-5.38,-4.14,False,-3.0,Risk review,Head-and-shoulders risk,"head-and-shoulders, risk, distribution",359.73,,,0.7,,,359.73,"A possible head-and-shoulders top is forming or breaking. This is a caution signal, not an entry setup.",Risk review,-1.88
TATACONSUM,Tata Consumer Products Ltd.,TATACONSUM.NS,Fast Moving Consumer Goods,True,,NIFTY 500,^CRSLDX,2026-08-07,1082.3,-0.71,-0.07,-2.66,878557.0,1434621.0,0.61,950862284.0,44.84,44.38,False,False,False,-0.96,-2.18,0.04564337,0.04802602,-4.96,-4.16,False,-3.0,Risk review,Head-and-shoulders risk,"head-and-shoulders, risk, distribution",1090.85,,,0.78,,,1090.85,"A possible head-and-shoulders top is forming or breaking. This is a caution signal, not an entry setup.",Risk review,-1.88
UPL,UPL Ltd.,UPL.NS,Chemicals,True,,NIFTY 500,^CRSLDX,2026-08-07,573.0,0.04,-5.18,-2.72,882484.0,2079321.0,0.42,505663332.0,39.83,51.01,False,False,False,-4.45,-4.54,0.02416488,0.02608353,-7.36,-4.22,False,-3.0,Risk review,Head-and-shoulders risk,"head-and-shoulders, risk, distribution",697.32,,,17.83,,,697.32,"A possible head-and-shoulders top is forming or breaking. This is a caution signal, not an entry setup.",Risk review,-1.89
ICICIAMC,ICICI Prudential Asset Management Company Ltd.,ICICIAMC.NS,Financial Services,True,,NIFTY 500,^CRSLDX,2026-08-07,3072.8,-0.25,-1.38,-2.75,139481.0,396469.0,0.35,428597223.61,40.88,43.93,False,False,,-1.5,-4.64,0.12958785,0.13993163,-7.39,-4.24,False,-3.0,Risk review,Head-and-shoulders risk,"head-and-shoulders, risk, distribution, breakout, retest, pivot, volume",3119.15,,,1.49,,,3119.15,"A possible head-and-shoulders top is forming or breaking. This is a caution signal, not an entry setup. Secondary patterns: Breakout retest.",Risk review,-1.9
NTPCGREEN,NTPC Green Energy Ltd.,NTPCGREEN.NS,Power,True,,NIFTY 500,^CRSLDX,2026-08-07,91.5,0.19,1.63,-2.76,1941421.0,9438294.0,0.21,177640021.5,43.34,37.04,False,False,False,-1.03,-3.8,0.00385879,0.00413358,-6.65,-4.25,False,-3.0,Risk review,Head-and-shoulders risk,"head-and-shoulders, risk, distribution, breakout, retest, pivot, volume",92.15,,,0.71,,,92.15,"A possible head-and-shoulders top is forming or breaking. This is a caution signal, not an entry setup. Secondary patterns: Breakout retest.",Risk review,-1.9
IRB,IRB Infrastructure Developers Ltd.,IRB.NS,Construction,True,,NIFTY 500,^CRSLDX,2026-08-07,19.68,-1.25,-1.35,-2.76,7155842.0,10915964.0,0.66,140826972.74,40.49,45.23,False,False,False,-1.1,-4.33,0.00082996,0.00089217,-6.97,-4.26,False,-3.0,Risk review,Head-and-shoulders risk,"head-and-shoulders, risk, distribution",19.92,,,1.2,,,19.92,"A possible head-and-shoulders top is forming or breaking. This is a caution signal, not an entry setup.",Risk review,-1.9
GPIL,Godawari Power & Ispat Ltd.,GPIL.NS,Capital Goods,True,,NIFTY 500,^CRSLDX,2026-08-07,240.61,-1.7,-3.51,-4.06,1747349.0,1351033.0,1.29,420429643.96,38.5,46.22,False,False,False,-2.31,-7.63,0.01014714,0.01132391,-10.39,-6.62,False,-2.0,Risk review,Head-and-shoulders risk,"head-and-shoulders, risk, distribution",233.58,,,3.01,,,233.58,"A possible head-and-shoulders top is forming or breaking. This is a caution signal, not an entry setup.",Risk review,-1.9
IREDA,Indian Renewable Energy Development Agency Ltd.,IREDA.NS,Financial Services,True,,NIFTY 500,^CRSLDX,2026-08-07,119.8,-1.01,0.18,-5.22,4967106.0,5013381.0,0.99,595059313.96,42.68,38.88,False,False,False,-0.97,-3.06,0.00505227,0.00536421,-5.82,-6.68,False,-2.0,Risk review,Head-and-shoulders risk,"head-and-shoulders, risk, distribution",115.58,,,3.66,,,115.58,"A possible head-and-shoulders top is forming or breaking. This is a caution signal, not an entry setup.",Risk review,-1.9
DMART,Avenue Supermarts Ltd.,DMART.NS,Consumer Services,True,,NIFTY 500,^CRSLDX,2026-08-07,3900.0,-0.79,0.67,-4.4,374013.0,657359.0,0.57,1458650700.0,40.87,35.93,False,False,False,-1.57,-4.59,0.16447299,0.17720675,-7.19,-6.94,False,-2.0,Risk review,Head-and-shoulders risk,"head-and-shoulders, risk, distribution",3794.4,,,2.78,,,3794.4,"A possible head-and-shoulders top is forming or breaking. This is a caution signal, not an entry setup.",Risk review,-1.9
TORNTPOWER,Torrent Power Ltd.,TORNTPOWER.NS,Power,True,,NIFTY 500,^CRSLDX,2026-08-07,1350.8,1.93,-5.11,-4.53,379590.0,364453.0,1.04,512750190.53,38.14,48.64,False,False,False,-4.21,-4.39,0.0569667,0.0613156,-7.09,-7.07,False,-2.0,Risk review,Head-and-shoulders risk,"head-and-shoulders, risk, distribution",1313.45,,,2.84,,,1313.45,"A possible head-and-shoulders top is forming or breaking. This is a caution signal, not an entry setup.",Risk review,-1.9
CANFINHOME,Can Fin Homes Ltd.,CANFINHOME.NS,Financial Services,True,,NIFTY 500,^CRSLDX,2026-08-07,811.3,0.38,-0.61,-11.44,113979.0,257355.0,0.44,92471161.31,36.54,36.55,False,False,False,-4.1,-4.99,0.0342146,0.03698918,-7.5,-13.8,False,-2.0,Risk review,Head-and-shoulders risk,"head-and-shoulders, risk, distribution",789.8,,,2.72,,,789.8,"A possible head-and-shoulders top is forming or breaking. This is a caution signal, not an entry setup.",Risk review,-1.9
SUNTV,Sun TV Network Ltd.,SUNTV.NS,Media Entertainment & Publication,True,,NIFTY 500,^CRSLDX,2026-08-07,486.65,-0.52,-4.86,-2.52,136999.0,253216.0,0.54,66670562.51,39.03,57.09,False,False,False,-1.86,-3.88,0.02052328,0.02196589,-6.57,-5.12,False,-3.0,Risk review,Head-and-shoulders risk,"head-and-shoulders, risk, distribution",507.0,,,4.01,,,507.0,"A possible head-and-shoulders top is forming or breaking. This is a caution signal, not an entry setup.",Risk review,-2.07
BIKAJI,Bikaji Foods International Ltd.,BIKAJI.NS,Fast Moving Consumer Goods,True,,NIFTY 500,^CRSLDX,2026-08-07,623.5,-0.12,-3.14,-2.71,124446.0,100299.0,1.24,77592081.0,38.3,50.68,False,False,False,-2.36,-3.8,0.02629459,0.02811822,-6.49,-5.3,False,-3.0,Risk review,Head-and-shoulders risk,"head-and-shoulders, risk, distribution, breakout, retest, pivot, volume",645.55,,,3.42,,,645.55,"A possible head-and-shoulders top is forming or breaking. This is a caution signal, not an entry setup. Secondary patterns: Breakout retest.",Risk review,-2.11
POWERGRID,Power Grid Corporation of India Ltd.,POWERGRID.NS,Power,True,,NIFTY 500,^CRSLDX,2026-08-07,271.6,0.31,-4.45,-4.06,7788947.0,9021730.0,0.86,2115478052.74,32.84,46.19,False,False,False,-4.39,-4.82,0.01145407,0.01238119,-7.49,-5.53,False,-3.0,Risk review,Head-and-shoulders risk,"head-and-shoulders, risk, distribution",286.85,,,5.32,,,286.85,"A possible head-and-shoulders top is forming or breaking. This is a caution signal, not an entry setup.",Risk review,-2.16
INDUSTOWER,Indus Towers Ltd.,INDUSTOWER.NS,Telecommunication,True,,NIFTY 500,^CRSLDX,2026-08-07,386.0,0.7,-1.76,-3.05,3440602.0,3986058.0,0.86,1328072372.0,42.13,45.99,False,False,False,-2.42,-4.26,0.01627861,0.01753575,-7.17,-5.63,False,-3.0,Risk review,Head-and-shoulders risk,"head-and-shoulders, risk, distribution",399.6,,,3.4,,,399.6,"A possible head-and-shoulders top is forming or breaking. This is a caution signal, not an entry setup.",Risk review,-2.18
TTML,Tata Teleservices (Maharashtra) Ltd.,TTML.NS,Telecommunication,True,,NIFTY 500,^CRSLDX,2026-08-07,39.37,-0.51,-1.45,-4.63,789131.0,2192382.0,0.36,31068086.63,38.65,42.57,False,False,False,-1.54,-6.21,0.00166033,0.00182105,-8.83,-6.09,False,-3.0,Risk review,Head-and-shoulders risk,"head-and-shoulders, risk, distribution",41.21,,,4.46,,,41.21,"A possible head-and-shoulders top is forming or breaking. This is a caution signal, not an entry setup.",Risk review,-2.25
NBCC,NBCC (India) Ltd.,NBCC.NS,Construction,True,,NIFTY 500,^CRSLDX,2026-08-07,95.33,-0.96,0.56,-4.65,4738955.0,6658279.0,0.71,451764588.83,43.93,41.16,False,False,False,-0.64,-5.82,0.00402031,0.00438495,-8.32,-6.11,False,-3.0,Risk review,Head-and-shoulders risk,"head-and-shoulders, risk, distribution, inverse-head-and-shoulders, base, reversal",99.58,,,4.26,,,99.58,"A possible head-and-shoulders top is forming or breaking. This is a caution signal, not an entry setup. Secondary patterns: Possible inverse H&S.",Risk review,-2.25
INOXWIND,Inox Wind Ltd.,INOXWIND.NS,Capital Goods,True,,NIFTY 500,^CRSLDX,2026-08-07,78.0,-0.26,-0.18,-5.58,9920556.0,10164980.0,0.98,773803368.0,42.26,42.27,False,False,False,-0.14,-6.69,0.00328946,0.00362904,-9.36,-7.03,False,-3.0,Risk review,Head-and-shoulders risk,"head-and-shoulders, risk, distribution",82.74,,,5.72,,,82.74,"A possible head-and-shoulders top is forming or breaking. This is a caution signal, not an entry setup.",Risk review,-2.25
SRF,SRF Ltd.,SRF.NS,Chemicals,True,,NIFTY 500,^CRSLDX,2026-08-07,2615.0,-0.38,0.39,-4.97,261665.0,611064.0,0.43,684253975.0,40.85,39.4,False,False,False,-3.84,-3.97,0.11028125,0.1181333,-6.65,-7.5,False,-3.0,Risk review,Head-and-shoulders risk,"head-and-shoulders, risk, distribution",2640.0,,,0.95,,,2640.0,"A possible head-and-shoulders top is forming or breaking. This is a caution signal, not an entry setup.",Risk review,-2.25
MFSL,Max Financial Services Ltd.,MFSL.NS,Financial Services,True,,NIFTY 500,^CRSLDX,2026-08-07,1497.4,-1.41,-0.89,-5.04,358383.0,680494.0,0.53,536642712.95,37.77,37.71,False,False,False,-3.0,-5.53,0.0631492,0.06883533,-8.26,-7.56,False,-3.0,Risk review,Head-and-shoulders risk,"head-and-shoulders, risk, distribution",1497.5,,,0.01,,,1497.5,"A possible head-and-shoulders top is forming or breaking. This is a caution signal, not an entry setup.",Risk review,-2.25
TIINDIA,Tube Investments of India Ltd.,TIINDIA.NS,Automobile and Auto Components,True,,NIFTY 500,^CRSLDX,2026-08-07,2772.0,0.72,0.75,-6.25,142358.0,277451.0,0.51,394616376.0,41.62,37.42,False,False,False,-2.03,-7.27,0.11690234,0.12975934,-9.91,-7.69,False,-3.0,Risk review,Head-and-shoulders risk,"head-and-shoulders, risk, distribution, breakout, retest, pivot, volume, inverse-head-and-shoulders, base, reversal",2775.45,,,0.12,,,2775.45,"A possible head-and-shoulders top is forming or breaking. This is a caution signal, not an entry setup. Secondary patterns: Breakout retest, Possible inverse H&S.",Risk review,-2.25
NATCOPHARM,NATCO Pharma Ltd.,NATCOPHARM.NS,Healthcare,True,,NIFTY 500,^CRSLDX,2026-08-07,916.65,0.45,-0.04,-6.85,168435.0,317938.0,0.53,154395946.86,43.16,41.74,False,False,False,-2.21,-0.25,0.03865748,0.03993595,-3.2,-8.28,False,-3.0,Risk review,Head-and-shoulders risk,"head-and-shoulders, risk, distribution",940.62,,,2.55,,,940.62,"A possible head-and-shoulders top is forming or breaking. This is a caution signal, not an entry setup.",Risk review,-2.25
WAAREEENER,Waaree Energies Ltd.,WAAREEENER.NS,Capital Goods,True,,NIFTY 500,^CRSLDX,2026-08-07,2717.0,2.11,1.37,-7.04,776812.0,940749.0,0.83,2110598204.0,44.2,37.62,False,False,False,-0.75,-6.03,0.11458285,0.12557432,-8.75,-8.47,False,-3.0,Risk review,Head-and-shoulders risk,"head-and-shoulders, risk, distribution",2751.5,,,1.25,,,2751.5,"A possible head-and-shoulders top is forming or breaking. This is a caution signal, not an entry setup.",Risk review,-2.25
DABUR,Dabur India Ltd.,DABUR.NS,Fast Moving Consumer Goods,True,,NIFTY 500,^CRSLDX,2026-08-07,410.0,-0.32,-3.78,-6.28,1749528.0,2128048.0,0.82,717306480.0,37.76,47.89,False,False,False,-3.36,-3.43,0.01729075,0.01843614,-6.21,-8.77,False,-3.0,Risk review,Head-and-shoulders risk,"head-and-shoulders, risk, distribution",427.48,,,4.09,,,427.48,"A possible head-and-shoulders top is forming or breaking. This is a caution signal, not an entry setup.",Risk review,-2.25
MUTHOOTFIN,Muthoot Finance Ltd.,MUTHOOTFIN.NS,Financial Services,True,,NIFTY 500,^CRSLDX,2026-08-07,2890.0,-0.15,-7.36,-7.65,813249.0,1211734.0,0.67,2350289610.0,39.98,56.18,False,False,False,-3.34,-5.21,0.12187871,0.13251085,-8.02,-9.07,False,-3.0,Risk review,Head-and-shoulders risk,"head-and-shoulders, risk, distribution",3384.35,,,14.61,,,3384.35,"A possible head-and-shoulders top is forming or breaking. This is a caution signal, not an entry setup.",Risk review,-2.25
LICHSGFIN,LIC Housing Finance Ltd.,LICHSGFIN.NS,Financial Services,True,,NIFTY 500,^CRSLDX,2026-08-07,504.25,-0.15,-3.6,-8.18,1604152.0,1434115.0,1.12,808893646.0,31.19,38.27,False,False,False,-5.99,-7.18,0.02126551,0.0235461,-9.69,-9.58,False,-3.0,Risk review,Head-and-shoulders risk,"head-and-shoulders, risk, distribution",533.52,,,5.49,,,533.52,"A possible head-and-shoulders top is forming or breaking. This is a caution signal, not an entry setup.",Risk review,-2.25
INDIAMART,Indiamart Intermesh Ltd.,INDIAMART.NS,Consumer Services,True,,NIFTY 500,^CRSLDX,2026-08-07,1755.0,-0.48,-2.49,-8.78,129785.0,155312.0,0.84,227772675.0,34.82,40.33,False,False,False,-4.0,-7.76,0.07401285,0.08253228,-10.32,-10.18,False,-3.0,Risk review,Head-and-shoulders risk,"head-and-shoulders, risk, distribution",1907.55,,,8.0,,,1907.55,"A possible head-and-shoulders top is forming or breaking. This is a caution signal, not an entry setup.",Risk review,-2.25
JAINREC,Jain Resource Recycling Ltd.,JAINREC.NS,Metals & Mining,True,,NIFTY 500,^CRSLDX,2026-08-07,308.4,-2.2,-11.43,-9.47,1547589.0,1931046.0,0.8,477276438.15,32.51,51.58,False,False,False,-7.61,-10.88,0.01300602,0.01502919,-13.46,-10.86,False,-3.0,Risk review,Head-and-shoulders risk,"head-and-shoulders, risk, distribution",350.35,,,11.97,,,350.35,"A possible head-and-shoulders top is forming or breaking. This is a caution signal, not an entry setup.",Risk review,-2.25
HDFCBANK,HDFC Bank Ltd.,HDFCBANK.NS,Financial Services,True,,NIFTY 500,^CRSLDX,2026-08-07,731.0,-0.45,-2.29,-11.39,19372672.0,29949393.0,0.65,14161423232.0,34.5,39.34,False,False,False,-4.28,-5.22,0.03082814,0.0333806,-7.65,-12.75,False,-3.0,Risk review,Head-and-shoulders risk,"head-and-shoulders, risk, distribution",732.15,,,0.16,,,732.15,"A possible head-and-shoulders top is forming or breaking. This is a caution signal, not an entry setup.",Risk review,-2.25
TARIL,Transformers And Rectifiers (India) Ltd.,TARIL.NS,Capital Goods,True,,NIFTY 500,^CRSLDX,2026-08-07,297.8,0.56,0.44,-13.62,1043382.0,1550408.0,0.67,310719146.86,39.97,37.83,False,False,False,-3.91,-7.49,0.01255899,0.01394677,-9.95,-14.94,False,-3.0,Risk review,Head-and-shoulders risk,"head-and-shoulders, risk, distribution",309.4,,,3.75,,,309.4,"A possible head-and-shoulders top is forming or breaking. This is a caution signal, not an entry setup.",Risk review,-2.25
