symbol,name,ticker,sector,downloaded,download_note,source_index,benchmark_ticker,last_date,last,return_1d_pct,return_5d_pct,return_20d_pct,volume,avg_volume_20,volume_ratio_20d,turnover_proxy,rsi_14,rsi_5d_ago,above_sma_10,above_sma_20,above_sma_50,above_sma_100,above_sma_200,distance_sma_20_pct,distance_sma_50_pct,ma200_roc20_pct,supertrend_bullish,new_high20,within_3pct_ath,at_ath,rs_acceleration_pct,rs_ratio,rs_ratio_sma_50,rs_distance_sma_50_pct,rs_return_20d_pct,rs_above_50dma,trend_raw,breakout_raw,volume_raw,setup_score,setup_quality,primary_setup,setup_tags,setup_pivot_level,setup_breakout_date,setup_volume_ratio,setup_retest_gap_pct,setup_flag_depth_pct,setup_impulse_return_pct,setup_neckline_level,setup_commentary,rotation_signal,rotation_score
PIRAMALFIN,Piramal Finance Ltd.,PIRAMALFIN.NS,Financial Services,True,,NIFTY 500,^CRSLDX,2026-09-01,2226.1,-3.23,2.06,8.47,1213820.0,338005.0,3.59,2702084820.54,60.31,62.85,True,True,True,True,True,3.82,4.38,,False,False,False,False,18.07,0.09537745,0.09110205,4.69,10.86,True,0.6666666666666666,0.0,3.59,4.3,Actionable watch,Breakout retest,"breakout, retest, pivot, volume",2193.07,2026-08-26,3.9,0.77,,,,Prior resistance has been cleared on higher volume and price is back near that pivot. This is the kind of retest zone where follow-through can matter more than chasing a stretched candle.,Strengthening with volume,7.9
SBFC,SBFC Finance Ltd.,SBFC.NS,Financial Services,True,,NIFTY 500,^CRSLDX,2026-09-01,99.95,1.14,7.74,8.44,12820656.0,3131253.0,4.09,1281424528.07,66.09,48.78,True,True,True,True,True,4.98,7.36,-1.83,False,False,False,False,12.69,0.00428237,0.00397864,7.63,10.7,True,0.3333333333333333,0.0,4.09,5.1,Actionable watch,Breakout retest,"breakout, retest, pivot, volume, inverse-head-and-shoulders, base, reversal",96.19,2026-08-26,12.92,1.79,,,,Prior resistance has been cleared on higher volume and price is back near that pivot. This is the kind of retest zone where follow-through can matter more than chasing a stretched candle. Secondary patterns: Possible inverse H&S.,Strengthening with volume,7.9
CHALET,Chalet Hotels Ltd.,CHALET.NS,Consumer Services,True,,NIFTY 500,^CRSLDX,2026-09-01,897.5,-0.71,0.39,8.7,987827.0,234472.0,4.21,886574732.5,63.66,67.56,True,True,True,True,True,4.22,6.46,-0.89,False,False,False,False,13.61,0.03845346,0.03600498,6.8,11.42,True,0.6666666666666666,0.0,4.21,3.9,Actionable watch,Breakout retest,"breakout, retest, pivot, volume, inverse-head-and-shoulders, base, reversal",899.78,2026-08-26,3.38,0.25,,,,Prior resistance has been cleared on higher volume and price is back near that pivot. This is the kind of retest zone where follow-through can matter more than chasing a stretched candle. Secondary patterns: Possible inverse H&S.,Strengthening with volume,7.87
CPPLUS,Aditya Infotech Ltd.,CPPLUS.NS,Capital Goods,True,,NIFTY 500,^CRSLDX,2026-09-01,3726.9,4.51,9.82,6.51,504180.0,286647.0,1.76,1879028392.76,58.78,44.5,True,True,True,True,True,4.41,4.59,9.95,False,False,False,False,17.34,0.15967934,0.15256466,4.66,10.85,True,1.0,0.0,1.76,3.7,Actionable watch,Breakout retest,"breakout, retest, pivot, volume, flag, continuation, uptrend",3731.6,2026-08-11,2.0,0.13,,,,Prior resistance has been cleared on higher volume and price is back near that pivot. This is the kind of retest zone where follow-through can matter more than chasing a stretched candle. Secondary patterns: Bullish flag.,Strengthening with volume,7.79
HEG,H.E.G. Ltd.,HEG.NS,Capital Goods,True,,NIFTY 500,^CRSLDX,2026-09-01,729.9,0.15,1.16,7.5,3706884.0,1754055.0,2.11,2705654722.1,65.16,67.27,True,True,True,True,True,3.52,15.87,3.04,False,False,True,False,-9.37,0.03127263,0.02677667,16.79,11.89,True,1.0,0.5,2.11,3.56,Actionable watch,Bullish flag,"flag, continuation, uptrend, inverse-head-and-shoulders, base, reversal",739.25,2026-08-18,0.71,,6.21,44.57,,Price has made a sharp impulse move and is now consolidating near the highs. A controlled pullback with quieter volume keeps the continuation setup alive. Secondary patterns: Possible inverse H&S.,Strengthening with volume,7.75
MPHASIS,MphasiS Ltd.,MPHASIS.NS,Information Technology,True,,NIFTY 500,^CRSLDX,2026-09-01,2505.5,3.22,3.03,5.27,932167.0,442105.0,2.11,2335544418.5,59.6,51.91,True,True,True,True,True,1.63,6.08,-1.05,False,False,False,False,-1.23,0.10734836,0.10083367,6.46,5.2,True,0.3333333333333333,0.0,2.11,5.04,Actionable watch,Breakout retest,"breakout, retest, pivot, volume, flag, continuation, uptrend",2460.03,2026-09-01,2.29,1.85,,,,Prior resistance has been cleared on higher volume and price is back near that pivot. This is the kind of retest zone where follow-through can matter more than chasing a stretched candle. Secondary patterns: Bullish flag.,Strengthening with volume,7.74
ANTHEM,Anthem Biosciences Ltd.,ANTHEM.NS,Healthcare,True,,NIFTY 500,^CRSLDX,2026-09-01,924.5,3.52,5.69,12.85,1326245.0,763035.0,1.74,1226113502.5,66.4,61.61,True,True,True,True,True,4.93,13.13,2.39,False,False,True,True,8.07,0.03961028,0.03485488,13.64,13.62,True,1.0,0.5,1.74,3.4,Actionable watch,Possible inverse H&S,"inverse-head-and-shoulders, base, reversal",731.68,,,26.35,,,731.68,A possible inverse head-and-shoulders base is visible. The setup improves only if price clears or holds near the neckline with better volume.,Strengthening with volume,7.69
PVRINOX,PVR INOX Ltd.,PVRINOX.NS,Media Entertainment & Publication,True,,NIFTY 500,^CRSLDX,2026-09-01,1228.2,1.7,-0.23,3.38,835462.0,436834.0,1.91,1026114387.61,64.16,73.91,True,True,True,True,True,2.56,11.89,0.43,False,False,True,False,-1.08,0.05262233,0.04673463,12.6,9.74,True,1.0,0.5,1.91,3.4,Actionable watch,Possible inverse H&S,"inverse-head-and-shoulders, base, reversal, flag, continuation, uptrend",1084.42,,,13.26,,,1084.42,A possible inverse head-and-shoulders base is visible. The setup improves only if price clears or holds near the neckline with better volume. Secondary patterns: Bullish flag.,Strengthening with volume,7.69
CAPLIPOINT,Caplin Point Laboratories Ltd.,CAPLIPOINT.NS,Healthcare,True,,NIFTY 500,^CRSLDX,2026-09-01,2711.2,7.7,9.69,5.42,1992446.0,190403.0,10.46,5401919497.91,63.64,44.39,True,True,True,True,True,6.55,5.84,2.8,False,True,True,True,11.48,0.11616159,0.1096494,5.94,7.75,True,1.0,1.0,10.46,3.4,Actionable watch,Possible inverse H&S,"inverse-head-and-shoulders, base, reversal",2019.0,,,34.28,,,2019.0,A possible inverse head-and-shoulders base is visible. The setup improves only if price clears or holds near the neckline with better volume.,Strengthening with volume,7.69
UNOMINDA,UNO Minda Ltd.,UNOMINDA.NS,Automobile and Auto Components,True,,NIFTY 500,^CRSLDX,2026-09-01,1274.4,-0.13,1.68,3.86,1489812.0,778904.0,1.91,1898616449.17,63.17,59.17,True,True,True,True,True,0.74,6.85,0.18,False,False,False,False,2.73,0.05460178,0.05087665,7.32,7.41,True,1.0,0.0,1.91,3.4,Actionable watch,Possible inverse H&S,"inverse-head-and-shoulders, base, reversal, flag, continuation, uptrend",1210.0,,,5.32,,,1210.0,A possible inverse head-and-shoulders base is visible. The setup improves only if price clears or holds near the neckline with better volume. Secondary patterns: Bullish flag.,Strengthening with volume,7.69
DEEPAKNTR,Deepak Nitrite Ltd.,DEEPAKNTR.NS,Chemicals,True,,NIFTY 500,^CRSLDX,2026-09-01,1782.8,1.91,1.82,3.79,1005805.0,628254.0,1.6,1793149203.11,58.28,54.99,True,True,True,True,True,1.54,5.74,0.11,False,False,False,False,0.3,0.07638422,0.07206675,5.99,6.09,True,1.0,0.0,1.6,3.39,Actionable watch,Possible inverse H&S,"inverse-head-and-shoulders, base, reversal",1741.4,,,2.38,,,1741.4,A possible inverse head-and-shoulders base is visible. The setup improves only if price clears or holds near the neckline with better volume.,Strengthening with volume,7.69
GRAPHITE,Graphite India Ltd.,GRAPHITE.NS,Capital Goods,True,,NIFTY 500,^CRSLDX,2026-09-01,732.9,4.32,4.02,3.22,6469793.0,1316252.0,4.92,4741711447.65,61.16,52.92,True,True,True,True,True,2.39,10.39,2.26,False,False,False,False,8.06,0.03140116,0.02836578,10.7,13.6,True,1.0,0.0,4.92,3.36,Watch,Bullish flag,"flag, continuation, uptrend",737.15,2026-08-18,0.75,,8.64,28.63,,Price has made a sharp impulse move and is now consolidating near the highs. A controlled pullback with quieter volume keeps the continuation setup alive.,Strengthening with volume,7.68
FINCABLES,Finolex Cables Ltd.,FINCABLES.NS,Capital Goods,True,,NIFTY 500,^CRSLDX,2026-09-01,1248.3,0.09,-0.92,25.68,641013.0,2145915.0,0.3,800176559.2,57.26,62.23,False,True,True,True,True,1.72,11.42,4.92,False,False,False,False,37.16,0.05348352,0.04788053,11.7,27.55,True,1.0,0.0,0.3,5.1,Actionable watch,Breakout retest,"breakout, retest, pivot, volume, flag, continuation, uptrend",1187.17,2026-08-11,36.41,3.14,,,,Prior resistance has been cleared on higher volume and price is back near that pivot. This is the kind of retest zone where follow-through can matter more than chasing a stretched candle. Secondary patterns: Bullish flag.,Strengthening,7.1
ENGINERSIN,Engineers India Ltd.,ENGINERSIN.NS,Construction,True,,NIFTY 500,^CRSLDX,2026-09-01,280.05,6.94,11.85,24.53,57506038.0,5894485.0,9.76,16104565239.92,73.79,59.43,True,True,True,True,True,13.38,17.2,2.41,False,True,True,True,34.38,0.01199877,0.01023837,17.19,25.93,True,1.0,1.0,9.76,5.1,Actionable watch,Breakout retest,"breakout, retest, pivot, volume",265.53,2026-09-01,18.68,1.91,,,,Prior resistance has been cleared on higher volume and price is back near that pivot. This is the kind of retest zone where follow-through can matter more than chasing a stretched candle.,Strengthening with volume,7.1
PAYTM,One 97 Communications Ltd.,PAYTM.NS,Financial Services,True,,NIFTY 500,^CRSLDX,2026-09-01,1633.5,-4.87,-4.92,16.68,2746785.0,4861738.0,0.56,4486873297.5,58.73,76.89,False,True,True,True,True,1.98,16.19,2.49,False,False,False,False,4.2,0.06998745,0.05960141,17.43,18.15,True,1.0,0.0,0.56,4.13,Actionable watch,High-tight flag,"flag, continuation, uptrend, high-tight, inverse-head-and-shoulders, base, reversal",1718.0,2026-08-25,1.01,,6.58,58.01,,Price has made a sharp impulse move and is now consolidating near the highs. A controlled pullback with quieter volume keeps the continuation setup alive. Secondary patterns: Possible inverse H&S.,Strengthening,7.1
CUB,City Union Bank Ltd.,CUB.NS,Financial Services,True,,NIFTY 500,^CRSLDX,2026-09-01,234.99,2.53,6.04,16.64,2919867.0,2694226.0,1.08,686139562.37,62.57,55.61,True,True,True,True,True,7.76,8.32,1.96,False,True,True,False,26.59,0.01006817,0.00926277,8.7,17.1,True,1.0,1.0,1.08,4.83,Actionable watch,Breakout retest,"breakout, retest, pivot, volume, inverse-head-and-shoulders, base, reversal",226.37,2026-08-31,1.87,0.46,,,,Prior resistance has been cleared on higher volume and price is back near that pivot. This is the kind of retest zone where follow-through can matter more than chasing a stretched candle. Secondary patterns: Possible inverse H&S.,Strengthening,7.1
BEML,BEML Ltd.,BEML.NS,Capital Goods,True,,NIFTY 500,^CRSLDX,2026-09-01,1970.2,1.76,2.45,16.54,304158.0,503698.0,0.6,599252076.75,60.73,59.32,True,True,True,True,True,3.74,7.52,-1.24,False,False,False,False,22.7,0.08441338,0.07822055,7.92,15.23,True,0.6666666666666666,0.0,0.6,4.77,Actionable watch,Breakout retest,"breakout, retest, pivot, volume, inverse-head-and-shoulders, base, reversal",1892.39,2026-08-18,1.73,1.99,,,,Prior resistance has been cleared on higher volume and price is back near that pivot. This is the kind of retest zone where follow-through can matter more than chasing a stretched candle. Secondary patterns: Possible inverse H&S.,Strengthening,7.1
CHENNPETRO,Chennai Petroleum Corporation Ltd.,CHENNPETRO.NS,Oil Gas & Consumable Fuels,True,,NIFTY 500,^CRSLDX,2026-09-01,1387.0,1.43,-1.01,9.19,2212662.0,2509629.0,0.88,3068962194.0,58.62,61.49,True,True,True,True,True,2.29,13.44,5.32,False,False,False,False,-5.1,0.05942613,0.05207411,14.12,11.37,True,1.0,0.0,0.88,5.1,Actionable watch,Breakout retest,"breakout, retest, pivot, volume, flag, continuation, uptrend",1352.5,2026-08-11,7.68,0.87,,,,Prior resistance has been cleared on higher volume and price is back near that pivot. This is the kind of retest zone where follow-through can matter more than chasing a stretched candle. Secondary patterns: Bullish flag.,Strengthening,7.1
ACMESOLAR,ACME Solar Holdings Ltd.,ACMESOLAR.NS,Power,True,,NIFTY 500,^CRSLDX,2026-09-01,403.7,0.44,1.1,5.78,1454862.0,1931242.0,0.75,587327807.16,61.88,62.36,True,True,True,True,True,5.02,6.83,4.02,False,False,True,False,15.73,0.01729656,0.0161296,7.23,10.94,True,1.0,0.5,0.75,4.94,Actionable watch,Breakout retest,"breakout, retest, pivot, volume, flag, continuation, uptrend, inverse-head-and-shoulders, base, reversal",395.95,2026-08-21,2.09,0.43,,,,"Prior resistance has been cleared on higher volume and price is back near that pivot. This is the kind of retest zone where follow-through can matter more than chasing a stretched candle. Secondary patterns: Bullish flag, Possible inverse H&S.",Strengthening,7.1
CLEAN,Clean Science and Technology Ltd.,CLEAN.NS,Chemicals,True,,NIFTY 500,^CRSLDX,2026-09-01,827.1,0.52,0.63,6.78,229082.0,401640.0,0.57,189473716.61,57.65,58.16,False,True,True,True,True,1.12,5.69,-2.24,False,False,False,False,15.48,0.03543717,0.03349413,5.8,10.38,True,0.3333333333333333,0.0,0.57,4.74,Actionable watch,Breakout retest,"breakout, retest, pivot, volume, inverse-head-and-shoulders, base, reversal",808.31,2026-08-13,1.68,1.14,,,,Prior resistance has been cleared on higher volume and price is back near that pivot. This is the kind of retest zone where follow-through can matter more than chasing a stretched candle. Secondary patterns: Possible inverse H&S.,Strengthening,7.1
AARTIIND,Aarti Industries Ltd.,AARTIIND.NS,Chemicals,True,,NIFTY 500,^CRSLDX,2026-09-01,524.85,0.09,-2.61,8.95,636980.0,1422054.0,0.45,334318937.45,53.97,64.63,False,True,True,True,True,0.13,5.31,3.27,False,False,False,False,11.85,0.02248724,0.02128434,5.65,9.95,True,1.0,0.0,0.45,5.1,Actionable watch,Breakout retest,"breakout, retest, pivot, volume, flag, continuation, uptrend, inverse-head-and-shoulders, base, reversal",508.52,2026-08-12,3.64,1.88,,,,"Prior resistance has been cleared on higher volume and price is back near that pivot. This is the kind of retest zone where follow-through can matter more than chasing a stretched candle. Secondary patterns: Bullish flag, Possible inverse H&S.",Strengthening,7.1
OFSS,Oracle Financial Services Software Ltd.,OFSS.NS,Information Technology,True,,NIFTY 500,^CRSLDX,2026-09-01,12187.0,-2.81,3.9,5.06,208317.0,217950.0,0.96,2538759279.0,59.83,55.12,True,True,True,True,True,3.03,6.37,4.35,False,False,True,False,8.91,0.52215304,0.48717737,7.18,9.68,True,1.0,0.5,0.96,4.98,Actionable watch,Breakout retest,"breakout, retest, pivot, volume, inverse-head-and-shoulders, base, reversal",11900.0,2026-08-28,2.17,0.77,,,,Prior resistance has been cleared on higher volume and price is back near that pivot. This is the kind of retest zone where follow-through can matter more than chasing a stretched candle. Secondary patterns: Possible inverse H&S.,Strengthening,7.1
TBOTEK,TBO Tek Ltd.,TBOTEK.NS,Consumer Services,True,,NIFTY 500,^CRSLDX,2026-09-01,1722.4,-1.3,-0.16,7.44,226002.0,203580.0,1.11,389265850.32,61.73,66.56,True,True,True,True,True,3.05,10.29,0.7,False,False,True,False,4.0,0.07379637,0.06661817,10.78,8.7,True,1.0,0.5,1.11,4.75,Actionable watch,Breakout retest,"breakout, retest, pivot, volume, inverse-head-and-shoulders, base, reversal",1704.0,2026-08-31,1.71,1.08,,,,Prior resistance has been cleared on higher volume and price is back near that pivot. This is the kind of retest zone where follow-through can matter more than chasing a stretched candle. Secondary patterns: Possible inverse H&S.,Strengthening,7.1
LGEINDIA,LG Electronics India Ltd.,LGEINDIA.NS,Consumer Durables,True,,NIFTY 500,^CRSLDX,2026-09-01,1665.6,-1.9,-1.47,7.98,316879.0,1076807.0,0.29,527793654.66,56.22,63.32,False,True,True,True,True,1.69,5.1,-0.09,False,False,False,False,9.15,0.07136277,0.06776377,5.31,8.21,True,0.6666666666666666,0.0,0.29,5.1,Actionable watch,Breakout retest,"breakout, retest, pivot, volume, inverse-head-and-shoulders, base, reversal",1585.36,2026-08-14,37.31,4.49,,,,Prior resistance has been cleared on higher volume and price is back near that pivot. This is the kind of retest zone where follow-through can matter more than chasing a stretched candle. Secondary patterns: Possible inverse H&S.,Strengthening,7.1
CARTRADE,Cartrade Tech Ltd.,CARTRADE.NS,Consumer Services,True,,NIFTY 500,^CRSLDX,2026-09-01,2970.1,-0.72,-5.56,5.87,167127.0,368270.0,0.45,496383919.02,55.67,71.32,False,True,True,True,True,2.33,5.23,0.24,False,False,False,False,9.18,0.12725419,0.12035171,5.74,8.05,True,1.0,0.0,0.45,5.1,Actionable watch,Breakout retest,"breakout, retest, pivot, volume, flag, continuation, uptrend, inverse-head-and-shoulders, base, reversal",2895.7,2026-08-21,3.41,1.53,,,,"Prior resistance has been cleared on higher volume and price is back near that pivot. This is the kind of retest zone where follow-through can matter more than chasing a stretched candle. Secondary patterns: Bullish flag, Possible inverse H&S.",Strengthening,7.1
FLUOROCHEM,Gujarat Fluorochemicals Ltd.,FLUOROCHEM.NS,Chemicals,True,,NIFTY 500,^CRSLDX,2026-09-01,4740.1,0.99,2.91,2.76,88064.0,241039.0,0.37,417432175.0,60.45,57.3,True,True,True,True,True,2.27,8.69,2.71,False,False,True,False,-4.32,0.20308999,0.18578189,9.32,7.82,True,1.0,0.5,0.37,5.1,Actionable watch,Breakout retest,"breakout, retest, pivot, volume, inverse-head-and-shoulders, base, reversal",4651.1,2026-08-13,5.91,0.71,,,,Prior resistance has been cleared on higher volume and price is back near that pivot. This is the kind of retest zone where follow-through can matter more than chasing a stretched candle. Secondary patterns: Possible inverse H&S.,Strengthening,7.1
LTFOODS,LT Foods Ltd.,LTFOODS.NS,Fast Moving Consumer Goods,True,,NIFTY 500,^CRSLDX,2026-09-01,437.0,-2.14,-1.97,4.95,372738.0,2652207.0,0.14,162886506.0,57.03,66.38,False,True,True,True,True,1.5,8.64,0.42,False,False,False,False,-0.28,0.0187233,0.01715656,9.13,7.57,True,1.0,0.0,0.14,5.1,Actionable watch,Breakout retest,"breakout, retest, pivot, volume, flag, continuation, uptrend",436.1,2026-08-24,47.94,0.21,,,,Prior resistance has been cleared on higher volume and price is back near that pivot. This is the kind of retest zone where follow-through can matter more than chasing a stretched candle. Secondary patterns: Bullish flag.,Strengthening,7.1
CDSL,Central Depository Services (India) Ltd.,CDSL.NS,Financial Services,True,,NIFTY 500,^CRSLDX,2026-09-01,1391.0,-0.82,-0.27,3.81,742552.0,1252738.0,0.59,1032889832.0,55.81,62.17,True,True,True,True,True,1.93,2.67,-1.65,False,False,False,False,10.6,0.05959751,0.05796394,2.82,7.29,True,0.6666666666666666,0.0,0.59,5.1,Actionable watch,Breakout retest,"breakout, retest, pivot, volume, inverse-head-and-shoulders, base, reversal",1383.8,2026-08-26,3.18,0.52,,,,Prior resistance has been cleared on higher volume and price is back near that pivot. This is the kind of retest zone where follow-through can matter more than chasing a stretched candle. Secondary patterns: Possible inverse H&S.,Strengthening,7.1
NSLNISP,NMDC Steel Ltd.,NSLNISP.NS,Metals & Mining,True,,NIFTY 500,^CRSLDX,2026-09-01,45.61,-1.26,14.17,3.64,6439272.0,12737111.0,0.51,293695199.85,57.23,35.25,True,True,True,True,True,5.46,5.67,-0.21,False,False,False,False,10.19,0.00195416,0.001846,5.86,7.25,True,0.6666666666666666,0.0,0.51,4.7,Actionable watch,Breakout retest,"breakout, retest, pivot, volume, inverse-head-and-shoulders, base, reversal",45.95,2026-08-28,6.31,0.74,,,,Prior resistance has been cleared on higher volume and price is back near that pivot. This is the kind of retest zone where follow-through can matter more than chasing a stretched candle. Secondary patterns: Possible inverse H&S.,Strengthening,7.1
JSWDULUX,JSW Dulux Ltd.,JSWDULUX.NS,Consumer Durables,True,,NIFTY 500,^CRSLDX,2026-09-01,3143.4,-0.67,0.93,5.04,20050.0,18042.0,1.11,63025168.04,56.65,54.37,True,True,True,True,True,1.18,2.45,-0.48,False,False,False,False,13.55,0.13467923,0.13141603,2.48,6.31,True,0.6666666666666666,0.0,1.11,5.1,Actionable watch,Breakout retest,"breakout, retest, pivot, volume, inverse-head-and-shoulders, base, reversal",3076.95,2026-08-11,4.14,0.75,,,,Prior resistance has been cleared on higher volume and price is back near that pivot. This is the kind of retest zone where follow-through can matter more than chasing a stretched candle. Secondary patterns: Possible inverse H&S.,Strengthening,7.1
MAHABANK,Bank of Maharashtra,MAHABANK.NS,Financial Services,True,,NIFTY 500,^CRSLDX,2026-09-01,82.7,0.77,1.22,5.46,14193224.0,13790231.0,1.03,1173779581.49,53.89,54.41,True,True,True,True,True,2.08,0.38,3.48,False,False,False,False,15.44,0.00354329,0.00353135,0.34,6.0,True,1.0,0.0,1.03,5.1,Actionable watch,Breakout retest,"breakout, retest, pivot, volume",82.43,2026-08-26,5.37,0.32,,,,Prior resistance has been cleared on higher volume and price is back near that pivot. This is the kind of retest zone where follow-through can matter more than chasing a stretched candle.,Strengthening,7.1
BHEL,Bharat Heavy Electricals Ltd.,BHEL.NS,Capital Goods,True,,NIFTY 500,^CRSLDX,2026-09-01,426.55,-3.64,2.29,3.54,7138019.0,8137504.0,0.88,3044721917.32,54.44,52.76,True,True,True,True,True,1.75,3.84,5.21,False,False,False,False,1.01,0.01827557,0.01756046,4.07,5.8,True,1.0,0.0,0.88,4.81,Actionable watch,Breakout retest,"breakout, retest, pivot, volume",422.26,2026-08-17,1.81,0.22,,,,Prior resistance has been cleared on higher volume and price is back near that pivot. This is the kind of retest zone where follow-through can matter more than chasing a stretched candle.,Strengthening,7.06
PNBHOUSING,PNB Housing Finance Ltd.,PNBHOUSING.NS,Financial Services,True,,NIFTY 500,^CRSLDX,2026-09-01,1152.0,0.29,-2.54,6.67,2221845.0,1131858.0,1.96,2559565440.0,54.26,66.45,False,False,True,True,True,-0.59,4.39,2.8,False,False,True,False,8.55,0.04935754,0.0470557,4.89,7.78,True,1.0,0.5,1.96,3.4,Actionable watch,Possible inverse H&S,"inverse-head-and-shoulders, base, reversal, flag, continuation, uptrend",987.98,,,16.6,,,987.98,A possible inverse head-and-shoulders base is visible. The setup improves only if price clears or holds near the neckline with better volume. Secondary patterns: Bullish flag.,Strengthening with volume,6.99
SIEMENS,Siemens Ltd.,SIEMENS.NS,Capital Goods,True,,NIFTY 500,^CRSLDX,2026-09-01,4030.0,0.0,-1.48,0.74,317161.0,409411.0,0.77,1278158830.0,58.97,67.56,True,True,True,True,True,0.96,7.09,2.7,False,False,True,False,-2.65,0.17266569,0.16076535,7.4,5.38,True,1.0,0.5,0.77,5.1,Actionable watch,Breakout retest,"breakout, retest, pivot, volume, flag, continuation, uptrend, inverse-head-and-shoulders, base, reversal",3886.2,2026-08-04,3.1,2.29,,,,"Prior resistance has been cleared on higher volume and price is back near that pivot. This is the kind of retest zone where follow-through can matter more than chasing a stretched candle. Secondary patterns: Bullish flag, Possible inverse H&S.",Strengthening,6.98
NAUKRI,Info Edge (India) Ltd.,NAUKRI.NS,Consumer Services,True,,NIFTY 500,^CRSLDX,2026-09-01,1356.0,3.27,0.44,7.62,1564586.0,1995531.0,0.78,2121578616.0,60.68,65.47,True,True,True,True,True,2.09,11.5,-0.14,False,False,False,False,-13.23,0.05809793,0.05172497,12.32,8.99,True,0.6666666666666666,0.0,0.78,3.52,Actionable watch,Bullish flag,"flag, continuation, uptrend, inverse-head-and-shoulders, base, reversal",1378.4,2026-08-19,0.45,,4.98,41.38,,Price has made a sharp impulse move and is now consolidating near the highs. A controlled pullback with quieter volume keeps the continuation setup alive. Secondary patterns: Possible inverse H&S.,Strengthening,6.93
NEULANDLAB,Neuland Laboratories Ltd.,NEULANDLAB.NS,Healthcare,True,,NIFTY 500,^CRSLDX,2026-09-01,23025.0,0.07,0.34,19.47,30306.0,112860.0,0.27,697795650.0,60.82,63.65,False,True,True,True,True,0.57,12.57,3.94,False,False,True,False,16.97,0.98650807,0.86977268,13.42,19.35,True,1.0,0.5,0.27,3.49,Actionable watch,Bullish flag,"flag, continuation, uptrend, inverse-head-and-shoulders, base, reversal",23661.0,2026-08-17,0.58,,4.52,39.31,,Price has made a sharp impulse move and is now consolidating near the highs. A controlled pullback with quieter volume keeps the continuation setup alive. Secondary patterns: Possible inverse H&S.,Strengthening,6.92
GLAND,Gland Pharma Ltd.,GLAND.NS,Healthcare,True,,NIFTY 500,^CRSLDX,2026-09-01,2875.0,-0.37,1.78,12.14,256411.0,839048.0,0.31,737181625.0,63.28,62.56,True,True,True,True,True,1.95,10.91,4.82,False,False,False,False,11.45,0.12317962,0.1102621,11.72,14.54,True,1.0,0.0,0.31,3.46,Actionable watch,Bullish flag,"flag, continuation, uptrend, inverse-head-and-shoulders, base, reversal",2970.2,2026-08-14,0.44,,6.99,36.86,,Price has made a sharp impulse move and is now consolidating near the highs. A controlled pullback with quieter volume keeps the continuation setup alive. Secondary patterns: Possible inverse H&S.,Strengthening,6.91
RKFORGE,Ramkrishna Forgings Ltd.,RKFORGE.NS,Automobile and Auto Components,True,,NIFTY 500,^CRSLDX,2026-09-01,753.6,1.34,4.51,9.42,1215184.0,1119626.0,1.09,915762632.73,64.94,60.67,True,True,True,True,True,2.41,16.47,3.53,False,False,True,False,-3.91,0.03228805,0.02753992,17.24,12.83,True,1.0,0.5,1.09,3.45,Actionable watch,Bullish flag,"flag, continuation, uptrend, inverse-head-and-shoulders, base, reversal",755.0,2026-08-17,0.33,,5.84,36.32,,Price has made a sharp impulse move and is now consolidating near the highs. A controlled pullback with quieter volume keeps the continuation setup alive. Secondary patterns: Possible inverse H&S.,Strengthening,6.91
APARINDS,Apar Industries Ltd.,APARINDS.NS,Capital Goods,True,,NIFTY 500,^CRSLDX,2026-09-01,17400.0,-1.71,2.35,12.75,88371.0,164164.0,0.54,1537655400.0,60.32,60.46,True,True,True,True,True,2.62,12.79,7.54,False,False,False,False,18.98,0.74550447,0.65911044,13.11,20.34,True,1.0,0.0,0.54,3.43,Actionable watch,Bullish flag,"flag, continuation, uptrend",18000.0,2026-08-12,0.76,,11.12,34.1,,Price has made a sharp impulse move and is now consolidating near the highs. A controlled pullback with quieter volume keeps the continuation setup alive.,Strengthening,6.9
BOSCHLTD,Bosch Ltd.,BOSCHLTD.NS,Automobile and Auto Components,True,,NIFTY 500,^CRSLDX,2026-09-01,48550.0,-2.9,-0.27,17.84,53590.0,52691.0,1.02,2601794500.0,65.07,75.88,False,True,True,True,True,3.34,11.89,2.54,False,False,True,False,24.15,2.08012884,1.84880271,12.51,20.68,True,1.0,0.5,1.02,3.4,Actionable watch,Possible inverse H&S,"inverse-head-and-shoulders, base, reversal",38997.5,,,24.5,,,38997.5,A possible inverse head-and-shoulders base is visible. The setup improves only if price clears or holds near the neckline with better volume.,Strengthening,6.89
MOTILALOFS,Motilal Oswal Financial Services Ltd.,MOTILALOFS.NS,Financial Services,True,,NIFTY 500,^CRSLDX,2026-09-01,1016.0,-2.58,0.44,18.0,501059.0,1240131.0,0.4,509075944.0,64.96,71.65,True,True,True,True,True,6.55,8.21,-0.58,False,False,False,False,29.72,0.04353061,0.04010395,8.54,19.38,True,0.6666666666666666,0.0,0.4,3.4,Actionable watch,Possible inverse H&S,"inverse-head-and-shoulders, base, reversal",856.25,,,18.66,,,856.25,A possible inverse head-and-shoulders base is visible. The setup improves only if price clears or holds near the neckline with better volume.,Strengthening,6.89
SAIL,Steel Authority of India Ltd.,SAIL.NS,Metals & Mining,True,,NIFTY 500,^CRSLDX,2026-09-01,193.0,-1.03,4.56,11.21,27611389.0,25455704.0,1.08,5328998077.0,64.52,66.0,True,True,True,True,True,7.48,12.18,2.7,False,False,False,False,23.3,0.0082691,0.00733927,12.67,19.29,True,1.0,0.0,1.08,3.4,Actionable watch,Possible inverse H&S,"inverse-head-and-shoulders, base, reversal",179.36,,,7.61,,,179.36,A possible inverse head-and-shoulders base is visible. The setup improves only if price clears or holds near the neckline with better volume.,Strengthening,6.89
JYOTICNC,Jyoti CNC Automation Ltd.,JYOTICNC.NS,Capital Goods,True,,NIFTY 500,^CRSLDX,2026-09-01,989.1,-0.59,-0.09,16.65,661494.0,1573801.0,0.42,654283699.25,65.57,75.11,False,True,True,True,True,8.06,17.58,0.03,False,False,False,False,7.87,0.04237807,0.03570567,18.69,17.53,True,1.0,0.0,0.42,3.4,Actionable watch,Possible inverse H&S,"inverse-head-and-shoulders, base, reversal",865.25,,,14.31,,,865.25,A possible inverse head-and-shoulders base is visible. The setup improves only if price clears or holds near the neckline with better volume.,Strengthening,6.89
NAVINFLUOR,Navin Fluorine International Ltd.,NAVINFLUOR.NS,Chemicals,True,,NIFTY 500,^CRSLDX,2026-09-01,8636.0,-0.46,5.2,13.2,74060.0,346942.0,0.21,639582160.0,65.24,56.91,True,True,True,True,True,3.89,9.34,4.43,False,False,True,False,20.34,0.37001015,0.33706799,9.77,16.58,True,1.0,0.5,0.21,3.4,Actionable watch,Possible inverse H&S,"inverse-head-and-shoulders, base, reversal",6933.0,,,24.56,,,6933.0,A possible inverse head-and-shoulders base is visible. The setup improves only if price clears or holds near the neckline with better volume.,Strengthening,6.89
IFCI,IFCI Ltd.,IFCI.NS,Financial Services,True,,NIFTY 500,^CRSLDX,2026-09-01,87.26,-2.72,4.82,14.97,22164564.0,34529781.0,0.64,1934079901.99,65.8,66.96,True,True,True,True,True,8.37,13.44,4.06,False,False,False,False,13.79,0.00373866,0.00329011,13.63,15.11,True,1.0,0.0,0.64,3.4,Actionable watch,Possible inverse H&S,"inverse-head-and-shoulders, base, reversal",66.15,,,31.91,,,66.15,A possible inverse head-and-shoulders base is visible. The setup improves only if price clears or holds near the neckline with better volume.,Strengthening,6.89
GLAXO,Glaxosmithkline Pharmaceuticals Ltd.,GLAXO.NS,Healthcare,True,,NIFTY 500,^CRSLDX,2026-09-01,2996.1,-1.77,1.1,13.19,89851.0,188142.0,0.48,269202589.87,65.05,71.86,False,True,True,True,True,5.88,14.25,1.07,False,False,False,False,5.66,0.12836816,0.11159191,15.03,14.77,True,1.0,0.0,0.48,3.4,Actionable watch,Possible inverse H&S,"inverse-head-and-shoulders, base, reversal",2623.9,,,14.18,,,2623.9,A possible inverse head-and-shoulders base is visible. The setup improves only if price clears or holds near the neckline with better volume.,Strengthening,6.89
BRIGADE,Brigade Enterprises Ltd.,BRIGADE.NS,Realty,True,,NIFTY 500,^CRSLDX,2026-09-01,645.1,-1.64,-2.39,11.57,284854.0,575049.0,0.5,183759308.45,63.55,75.93,True,True,True,True,True,4.75,12.96,-2.18,False,False,False,False,6.18,0.02763936,0.02433543,13.58,13.11,True,0.3333333333333333,0.0,0.5,3.41,Actionable watch,Bullish flag,"flag, continuation, uptrend, inverse-head-and-shoulders, base, reversal",660.9,2026-08-25,0.55,,4.56,32.47,,Price has made a sharp impulse move and is now consolidating near the highs. A controlled pullback with quieter volume keeps the continuation setup alive. Secondary patterns: Possible inverse H&S.,Strengthening,6.89
POLICYBZR,PB Fintech Ltd.,POLICYBZR.NS,Financial Services,True,,NIFTY 500,^CRSLDX,2026-09-01,1829.2,-2.44,1.72,14.54,1724174.0,1393476.0,1.24,3153858996.61,63.67,69.67,True,True,True,True,True,4.47,10.38,0.06,False,False,False,False,10.29,0.07837223,0.07079179,10.71,13.06,True,1.0,0.0,1.24,3.4,Actionable watch,Possible inverse H&S,"inverse-head-and-shoulders, base, reversal",1778.4,,,2.86,,,1778.4,A possible inverse head-and-shoulders base is visible. The setup improves only if price clears or holds near the neckline with better volume.,Strengthening,6.89
CGCL,Capri Global Capital Ltd.,CGCL.NS,Financial Services,True,,NIFTY 500,^CRSLDX,2026-09-01,250.9,-2.17,4.69,9.72,2645182.0,6582981.0,0.4,663676147.66,58.44,57.44,True,True,True,True,True,6.06,5.77,1.92,False,False,False,False,20.09,0.01074983,0.01011753,6.25,12.49,True,1.0,0.0,0.4,3.4,Actionable watch,Possible inverse H&S,"inverse-head-and-shoulders, base, reversal",198.38,,,26.47,,,198.38,A possible inverse head-and-shoulders base is visible. The setup improves only if price clears or holds near the neckline with better volume.,Strengthening,6.89
KPIL,Kalpataru Projects International Ltd.,KPIL.NS,Construction,True,,NIFTY 500,^CRSLDX,2026-09-01,1408.4,0.54,1.73,10.06,290071.0,358367.0,0.81,408536003.48,61.46,57.16,True,True,True,True,True,2.81,4.67,0.93,False,True,True,False,20.37,0.06034302,0.05767695,4.62,11.91,True,1.0,1.0,0.81,3.4,Actionable watch,Possible inverse H&S,"inverse-head-and-shoulders, base, reversal",1262.25,,,11.58,,,1262.25,A possible inverse head-and-shoulders base is visible. The setup improves only if price clears or holds near the neckline with better volume.,Strengthening,6.89
IDEA,Vodafone Idea Ltd.,IDEA.NS,Telecommunication,True,,NIFTY 500,^CRSLDX,2026-09-01,14.06,-1.88,-7.44,8.99,316410646.0,418715645.0,0.76,4448733815.53,51.38,72.78,False,True,True,True,True,1.4,2.07,3.81,False,False,False,False,21.64,0.0006024,0.00059014,2.08,11.5,True,1.0,0.0,0.76,3.4,Actionable watch,Possible inverse H&S,"inverse-head-and-shoulders, base, reversal, flag, continuation, uptrend",11.26,,,24.81,,,11.26,A possible inverse head-and-shoulders base is visible. The setup improves only if price clears or holds near the neckline with better volume. Secondary patterns: Bullish flag.,Strengthening,6.89
RRKABEL,R R Kabel Ltd.,RRKABEL.NS,Capital Goods,True,,NIFTY 500,^CRSLDX,2026-09-01,2869.8,-2.0,2.45,8.66,520089.0,433646.0,1.2,1492551437.59,60.75,59.12,False,True,True,True,True,1.48,11.33,8.83,False,False,True,False,-1.69,0.12295683,0.10968655,12.1,11.2,True,1.0,0.5,1.2,3.4,Actionable watch,Possible inverse H&S,"inverse-head-and-shoulders, base, reversal",1569.1,,,82.89,,,1569.1,A possible inverse head-and-shoulders base is visible. The setup improves only if price clears or holds near the neckline with better volume.,Strengthening,6.89
KPRMILL,K.P.R. Mill Ltd.,KPRMILL.NS,Textiles,True,,NIFTY 500,^CRSLDX,2026-09-01,1158.5,-1.62,3.44,9.57,255672.0,307767.0,0.83,296196012.0,59.21,53.85,True,True,True,True,True,3.63,3.79,0.59,False,False,False,False,22.04,0.04963603,0.04774449,3.96,11.07,True,1.0,0.0,0.83,3.4,Actionable watch,Possible inverse H&S,"inverse-head-and-shoulders, base, reversal",988.93,,,17.15,,,988.93,A possible inverse head-and-shoulders base is visible. The setup improves only if price clears or holds near the neckline with better volume.,Strengthening,6.89
CRAFTSMAN,Craftsman Automation Ltd.,CRAFTSMAN.NS,Automobile and Auto Components,True,,NIFTY 500,^CRSLDX,2026-09-01,11253.0,0.49,8.46,10.59,143957.0,50156.0,2.87,1619948121.0,69.84,54.75,True,True,True,True,True,5.85,13.77,5.01,False,True,True,True,-1.02,0.48213573,0.42192058,14.27,11.0,True,1.0,1.0,2.87,3.4,Actionable watch,Possible inverse H&S,"inverse-head-and-shoulders, base, reversal",8979.0,,,25.33,,,8979.0,A possible inverse head-and-shoulders base is visible. The setup improves only if price clears or holds near the neckline with better volume.,Strengthening with volume,6.89
PARADEEP,Paradeep Phosphates Ltd.,PARADEEP.NS,Chemicals,True,,NIFTY 500,^CRSLDX,2026-09-01,157.51,-1.58,-1.33,8.67,3298733.0,6295442.0,0.52,519583416.71,57.6,68.93,True,True,True,True,True,3.37,8.21,-1.25,False,False,False,False,11.01,0.00674853,0.0062038,8.78,10.84,True,0.6666666666666666,0.0,0.52,3.4,Actionable watch,Possible inverse H&S,"inverse-head-and-shoulders, base, reversal",139.86,,,12.62,,,139.86,A possible inverse head-and-shoulders base is visible. The setup improves only if price clears or holds near the neckline with better volume.,Strengthening,6.89
COHANCE,Cohance Lifesciences Ltd.,COHANCE.NS,Healthcare,True,,NIFTY 500,^CRSLDX,2026-09-01,460.0,0.89,3.28,8.26,2194419.0,1561625.0,1.41,1009432740.0,55.35,50.23,True,True,True,True,True,2.04,3.4,-7.16,False,False,False,False,17.84,0.01970874,0.01900168,3.72,10.29,True,0.6666666666666666,0.0,1.41,3.4,Actionable watch,Possible inverse H&S,"inverse-head-and-shoulders, base, reversal",329.7,,,39.52,,,329.7,A possible inverse head-and-shoulders base is visible. The setup improves only if price clears or holds near the neckline with better volume.,Strengthening,6.89
ELGIEQUIP,Elgi Equipments Ltd.,ELGIEQUIP.NS,Capital Goods,True,,NIFTY 500,^CRSLDX,2026-09-01,628.9,0.25,3.06,6.38,341868.0,846364.0,0.4,215000793.55,58.59,54.14,True,True,True,True,True,3.46,5.9,2.39,False,False,True,False,12.74,0.02694527,0.02541461,6.02,10.09,True,1.0,0.5,0.4,3.4,Actionable watch,Possible inverse H&S,"inverse-head-and-shoulders, base, reversal",505.15,,,24.5,,,505.15,A possible inverse head-and-shoulders base is visible. The setup improves only if price clears or holds near the neckline with better volume.,Strengthening,6.89
PPLPHARMA,Piramal Pharma Ltd.,PPLPHARMA.NS,Healthcare,True,,NIFTY 500,^CRSLDX,2026-09-01,213.2,-0.56,2.64,5.28,3146632.0,4655520.0,0.68,670861932.8,58.91,57.13,True,True,True,True,True,0.84,11.0,0.76,False,False,True,False,-1.19,0.00913457,0.00816455,11.88,9.11,True,1.0,0.5,0.68,3.4,Actionable watch,Possible inverse H&S,"inverse-head-and-shoulders, base, reversal",190.74,,,11.78,,,190.74,A possible inverse head-and-shoulders base is visible. The setup improves only if price clears or holds near the neckline with better volume.,Strengthening,6.89
NIACL,The New India Assurance Company Ltd.,NIACL.NS,Financial Services,True,,NIFTY 500,^CRSLDX,2026-09-01,185.77,-2.86,-0.81,8.15,1574309.0,4168381.0,0.38,292459389.66,55.39,61.3,False,True,True,True,True,1.32,3.33,-0.06,False,False,False,False,14.36,0.00795933,0.00772386,3.05,7.98,True,0.6666666666666666,0.0,0.38,3.4,Actionable watch,Possible inverse H&S,"inverse-head-and-shoulders, base, reversal",169.35,,,9.7,,,169.35,A possible inverse head-and-shoulders base is visible. The setup improves only if price clears or holds near the neckline with better volume.,Strengthening,6.89
ETERNAL,Eternal Ltd.,ETERNAL.NS,Consumer Services,True,,NIFTY 500,^CRSLDX,2026-09-01,327.75,-0.11,-0.98,4.91,21490907.0,37623563.0,0.57,7043644769.25,65.22,70.72,True,True,True,True,True,1.98,9.12,-0.01,False,False,False,False,-0.22,0.01404248,0.01279643,9.74,7.65,True,0.6666666666666666,0.0,0.57,3.4,Actionable watch,Possible inverse H&S,"inverse-head-and-shoulders, base, reversal, flag, continuation, uptrend",306.77,,,6.84,,,306.77,A possible inverse head-and-shoulders base is visible. The setup improves only if price clears or holds near the neckline with better volume. Secondary patterns: Bullish flag.,Strengthening,6.89
CONCORDBIO,Concord Biotech Ltd.,CONCORDBIO.NS,Healthcare,True,,NIFTY 500,^CRSLDX,2026-09-01,1484.3,2.64,-4.11,4.53,198237.0,183447.0,1.08,294243188.78,54.77,68.84,False,True,True,True,True,0.08,7.92,0.19,False,False,False,False,-2.14,0.06359496,0.05873626,8.27,7.01,True,1.0,0.0,1.08,3.4,Actionable watch,Possible inverse H&S,"inverse-head-and-shoulders, base, reversal, flag, continuation, uptrend",1386.45,,,7.06,,,1386.45,A possible inverse head-and-shoulders base is visible. The setup improves only if price clears or holds near the neckline with better volume. Secondary patterns: Bullish flag.,Strengthening,6.89
OLAELEC,Ola Electric Mobility Ltd.,OLAELEC.NS,Automobile and Auto Components,True,,NIFTY 500,^CRSLDX,2026-09-01,40.51,-1.48,11.91,5.03,87175032.0,58360946.0,1.49,3531460400.0,56.64,35.44,True,True,True,True,True,3.66,1.79,-2.85,False,False,False,False,16.67,0.00173565,0.00170813,1.61,6.64,True,0.6666666666666666,0.0,1.49,3.4,Actionable watch,Possible inverse H&S,"inverse-head-and-shoulders, base, reversal",37.77,,,7.24,,,37.77,A possible inverse head-and-shoulders base is visible. The setup improves only if price clears or holds near the neckline with better volume.,Strengthening,6.89
BAJAJ-AUTO,Bajaj Auto Ltd.,BAJAJ-AUTO.NS,Automobile and Auto Components,True,,NIFTY 500,^CRSLDX,2026-09-01,12361.0,1.9,3.64,6.56,494914.0,241164.0,2.05,6117631954.0,73.25,68.52,True,True,True,True,True,4.97,12.23,3.08,False,True,True,True,-9.97,0.52960809,0.46984903,12.72,6.33,True,1.0,1.0,2.05,3.4,Actionable watch,Possible inverse H&S,"inverse-head-and-shoulders, base, reversal",10081.5,,,22.61,,,10081.5,A possible inverse head-and-shoulders base is visible. The setup improves only if price clears or holds near the neckline with better volume.,Strengthening with volume,6.89
ZYDUSLIFE,Zydus Lifesciences Ltd.,ZYDUSLIFE.NS,Healthcare,True,,NIFTY 500,^CRSLDX,2026-09-01,1167.8,0.56,3.85,3.35,1070386.0,1741945.0,0.61,1249996823.06,56.52,49.8,True,True,True,True,True,2.31,3.1,1.71,False,False,False,False,10.01,0.05003449,0.04839431,3.39,6.24,True,1.0,0.0,0.61,3.4,Actionable watch,Possible inverse H&S,"inverse-head-and-shoulders, base, reversal",955.23,,,22.25,,,955.23,A possible inverse head-and-shoulders base is visible. The setup improves only if price clears or holds near the neckline with better volume.,Strengthening,6.89
DIXON,Dixon Technologies (India) Ltd.,DIXON.NS,Consumer Durables,True,,NIFTY 500,^CRSLDX,2026-09-01,14461.0,-2.62,-3.53,3.38,229809.0,355083.0,0.65,3323267949.0,53.32,66.42,False,True,True,True,True,0.38,4.95,-0.93,False,False,False,False,3.36,0.61958276,0.58750289,5.46,6.16,True,0.6666666666666666,0.0,0.65,3.4,Actionable watch,Possible inverse H&S,"inverse-head-and-shoulders, base, reversal, flag, continuation, uptrend",12068.5,,,19.82,,,12068.5,A possible inverse head-and-shoulders base is visible. The setup improves only if price clears or holds near the neckline with better volume. Secondary patterns: Bullish flag.,Strengthening,6.89
PERSISTENT,Persistent Systems Ltd.,PERSISTENT.NS,Information Technology,True,,NIFTY 500,^CRSLDX,2026-09-01,5800.0,3.67,2.56,5.47,592756.0,457255.0,1.3,3437984800.0,60.82,62.83,True,True,True,True,True,3.79,10.63,-0.5,False,False,False,False,-10.69,0.24850149,0.22337996,11.25,6.1,True,0.3333333333333333,0.0,1.3,3.4,Actionable watch,Possible inverse H&S,"inverse-head-and-shoulders, base, reversal",5455.95,,,6.31,,,5455.95,A possible inverse head-and-shoulders base is visible. The setup improves only if price clears or holds near the neckline with better volume.,Strengthening,6.89
OIL,Oil India Ltd.,OIL.NS,Oil Gas & Consumable Fuels,True,,NIFTY 500,^CRSLDX,2026-09-01,490.0,1.42,4.81,8.89,1788013.0,3051009.0,0.59,876126370.0,65.33,53.82,True,True,True,True,True,4.26,9.2,1.21,False,True,False,False,5.99,0.02099409,0.01915596,9.6,10.56,True,0.6666666666666666,0.5,0.59,3.28,Actionable watch,Possible inverse H&S,"inverse-head-and-shoulders, base, reversal",480.2,,,2.04,,,480.2,A possible inverse head-and-shoulders base is visible. The setup improves only if price clears or holds near the neckline with better volume.,Strengthening,6.85
UNIONBANK,Union Bank of India,UNIONBANK.NS,Financial Services,True,,NIFTY 500,^CRSLDX,2026-09-01,184.9,-1.98,-1.11,6.26,6999946.0,11383456.0,0.61,1294289972.68,55.46,63.24,False,True,True,True,True,0.0,5.58,2.56,False,False,False,False,2.03,0.00792206,0.00748088,5.9,8.37,True,1.0,0.0,0.61,3.28,Watch,Bullish flag,"flag, continuation, uptrend, inverse-head-and-shoulders, base, reversal",188.9,2026-08-17,0.5,,4.13,22.35,,Price has made a sharp impulse move and is now consolidating near the highs. A controlled pullback with quieter volume keeps the continuation setup alive. Secondary patterns: Possible inverse H&S.,Strengthening,6.85
PETRONET,Petronet LNG Ltd.,PETRONET.NS,Oil Gas & Consumable Fuels,True,,NIFTY 500,^CRSLDX,2026-09-01,292.3,-2.76,-0.07,2.56,1081023.0,1989919.0,0.54,315983009.7,56.54,62.71,False,True,True,True,True,2.01,3.84,0.62,False,False,False,False,2.86,0.01252362,0.01204459,3.98,4.65,True,1.0,0.0,0.54,5.1,Actionable watch,Breakout retest,"breakout, retest, pivot, volume, inverse-head-and-shoulders, base, reversal",283.26,2026-08-19,2.9,2.52,,,,Prior resistance has been cleared on higher volume and price is back near that pivot. This is the kind of retest zone where follow-through can matter more than chasing a stretched candle. Secondary patterns: Possible inverse H&S.,Strengthening,6.83
IIFL,IIFL Finance Ltd.,IIFL.NS,Financial Services,True,,NIFTY 500,^CRSLDX,2026-09-01,639.15,-1.18,-4.07,5.18,1501335.0,2349205.0,0.64,959578301.9,54.03,66.0,False,True,True,True,True,0.13,9.1,2.31,False,False,False,False,-9.76,0.02738444,0.02497468,9.65,5.5,True,1.0,0.0,0.64,3.4,Actionable watch,Possible inverse H&S,"inverse-head-and-shoulders, base, reversal, flag, continuation, uptrend",516.65,,,23.71,,,516.65,A possible inverse head-and-shoulders base is visible. The setup improves only if price clears or holds near the neckline with better volume. Secondary patterns: Bullish flag.,Strengthening,6.79
BALRAMCHIN,Balrampur Chini Mills Ltd.,BALRAMCHIN.NS,Fast Moving Consumer Goods,True,,NIFTY 500,^CRSLDX,2026-09-01,668.85,-3.55,0.11,1.54,5570240.0,6663540.0,0.84,3725654888.01,53.19,54.35,False,True,True,True,True,1.4,8.78,4.11,False,False,False,False,-6.06,0.02865693,0.02620057,9.38,5.46,True,1.0,0.0,0.84,3.4,Actionable watch,Possible inverse H&S,"inverse-head-and-shoulders, base, reversal, flag, continuation, uptrend",460.95,,,45.1,,,460.95,A possible inverse head-and-shoulders base is visible. The setup improves only if price clears or holds near the neckline with better volume. Secondary patterns: Bullish flag.,Strengthening,6.78
JINDALSTEL,Jindal Steel Ltd.,JINDALSTEL.NS,Metals & Mining,True,,NIFTY 500,^CRSLDX,2026-09-01,1160.0,-2.76,0.51,3.39,517590.0,795670.0,0.65,600404400.0,59.27,64.94,True,True,True,True,True,2.76,7.05,0.7,False,False,False,False,4.55,0.0497003,0.04634528,7.24,7.24,True,0.6666666666666666,0.0,0.65,2.94,Actionable watch,Possible inverse H&S,"inverse-head-and-shoulders, base, reversal",1148.35,,,1.01,,,1148.35,A possible inverse head-and-shoulders base is visible. The setup improves only if price clears or holds near the neckline with better volume.,Strengthening,6.73
360ONE,360 ONE WAM Ltd.,360ONE.NS,Financial Services,True,,NIFTY 500,^CRSLDX,2026-09-01,1165.6,-0.8,-3.67,0.92,2175279.0,902290.0,2.41,2535505149.29,48.55,62.87,False,False,True,True,True,-1.53,2.25,0.6,False,False,False,False,3.86,0.04994023,0.04875262,2.44,3.57,True,1.0,0.0,2.41,5.1,Actionable watch,Breakout retest,"breakout, retest, pivot, volume, inverse-head-and-shoulders, base, reversal",1146.82,2026-09-01,2.55,0.06,,,,Prior resistance has been cleared on higher volume and price is back near that pivot. This is the kind of retest zone where follow-through can matter more than chasing a stretched candle. Secondary patterns: Possible inverse H&S.,Strengthening with volume,6.71
POLYMED,Poly Medicure Ltd.,POLYMED.NS,Healthcare,True,,NIFTY 500,^CRSLDX,2026-09-01,1756.4,-0.18,1.63,2.06,180187.0,217672.0,0.83,316480451.2,54.21,50.24,True,True,True,True,True,0.15,2.99,-1.12,False,False,False,False,3.09,0.07525311,0.07292421,3.19,3.88,True,0.6666666666666666,0.0,0.83,5.1,Actionable watch,Breakout retest,"breakout, retest, pivot, volume, flag, continuation, uptrend, inverse-head-and-shoulders, base, reversal",1751.48,2026-08-11,8.05,0.28,,,,"Prior resistance has been cleared on higher volume and price is back near that pivot. This is the kind of retest zone where follow-through can matter more than chasing a stretched candle. Secondary patterns: Bullish flag, Possible inverse H&S.",Strengthening,6.68
LAURUSLABS,Laurus Labs Ltd.,LAURUSLABS.NS,Healthcare,True,,NIFTY 500,^CRSLDX,2026-09-01,1861.6,-2.79,-0.25,0.63,3529595.0,3522542.0,1.0,6570693965.83,58.68,68.1,False,True,True,True,True,0.73,10.04,7.63,False,False,False,False,-11.81,0.07976041,0.07195519,10.85,4.81,True,1.0,0.0,1.0,3.4,Actionable watch,Possible inverse H&S,"inverse-head-and-shoulders, base, reversal",1124.2,,,65.59,,,1124.2,A possible inverse head-and-shoulders base is visible. The setup improves only if price clears or holds near the neckline with better volume.,Strengthening,6.65
ECLERX,eClerx Services Ltd.,ECLERX.NS,Services,True,,NIFTY 500,^CRSLDX,2026-09-01,1973.8,-0.16,5.02,2.9,298436.0,265776.0,1.12,589052991.37,63.86,57.08,True,True,True,True,True,5.88,12.67,-2.03,False,False,False,False,-21.52,0.08456763,0.0744811,13.54,4.78,True,0.3333333333333333,0.0,1.12,3.4,Actionable watch,Possible inverse H&S,"inverse-head-and-shoulders, base, reversal",1833.75,,,7.64,,,1833.75,A possible inverse head-and-shoulders base is visible. The setup improves only if price clears or holds near the neckline with better volume.,Strengthening,6.65
ASTRAL,Astral Ltd.,ASTRAL.NS,Capital Goods,True,,NIFTY 500,^CRSLDX,2026-09-01,1507.0,-1.0,-2.14,4.24,726318.0,1555875.0,0.47,1094561226.0,52.24,60.65,False,True,True,True,True,0.03,4.26,0.14,False,False,False,False,5.47,0.06456754,0.06190453,4.3,7.22,True,0.6666666666666666,0.0,0.47,2.66,Watch,Bullish flag,"flag, continuation, uptrend, inverse-head-and-shoulders, base, reversal",1589.5,2026-08-13,2.22,,6.61,20.87,,Price has made a sharp impulse move and is now consolidating near the highs. A controlled pullback with quieter volume keeps the continuation setup alive. Secondary patterns: Possible inverse H&S.,Strengthening,6.63
JSWSTEEL,JSW Steel Ltd.,JSWSTEEL.NS,Metals & Mining,True,,NIFTY 500,^CRSLDX,2026-09-01,1313.5,0.44,-0.52,1.04,1134113.0,1714479.0,0.66,1489657425.5,55.49,61.54,False,True,True,True,True,0.87,3.7,1.11,False,False,True,False,0.73,0.05627702,0.05416154,3.91,3.66,True,1.0,0.5,0.66,5.08,Actionable watch,Breakout retest,"breakout, retest, pivot, volume, inverse-head-and-shoulders, base, reversal",1308.9,2026-08-24,2.36,0.14,,,,Prior resistance has been cleared on higher volume and price is back near that pivot. This is the kind of retest zone where follow-through can matter more than chasing a stretched candle. Secondary patterns: Possible inverse H&S.,Strengthening,6.63
SUNPHARMA,Sun Pharmaceutical Industries Ltd.,SUNPHARMA.NS,Healthcare,True,,NIFTY 500,^CRSLDX,2026-09-01,1929.0,-2.81,0.36,-1.78,3595216.0,1701941.0,2.11,6935171664.0,50.7,49.66,True,True,True,True,True,0.28,0.16,1.35,False,False,False,False,-1.13,0.08264817,0.08238019,0.33,0.19,True,1.0,0.0,2.11,3.4,Actionable watch,Possible inverse H&S,"inverse-head-and-shoulders, base, reversal",1799.4,,,7.2,,,1799.4,A possible inverse head-and-shoulders base is visible. The setup improves only if price clears or holds near the neckline with better volume.,Strengthening with volume,6.53
HEROMOTOCO,Hero MotoCorp Ltd.,HEROMOTOCO.NS,Automobile and Auto Components,True,,NIFTY 500,^CRSLDX,2026-09-01,5555.0,1.93,-1.24,0.13,1231008.0,648189.0,1.9,6838249440.0,51.65,57.13,False,False,True,True,True,-2.51,5.71,0.7,False,False,False,False,-6.56,0.23800444,0.2242631,6.13,3.76,True,0.6666666666666666,0.0,1.9,3.31,Watch,Bullish flag,"flag, continuation, uptrend",5895.0,2026-08-12,0.67,,8.17,24.77,,Price has made a sharp impulse move and is now consolidating near the highs. A controlled pullback with quieter volume keeps the continuation setup alive.,Strengthening with volume,6.51
SAILIFE,Sai Life Sciences Ltd.,SAILIFE.NS,Healthcare,True,,NIFTY 500,^CRSLDX,2026-09-01,1518.1,4.0,4.3,11.1,2643709.0,667314.0,3.96,4013414568.36,67.01,62.3,True,True,True,True,True,4.99,13.54,5.41,False,True,True,True,9.61,0.06504312,0.05694953,14.21,16.11,True,1.0,1.0,3.96,0.0,No clear setup,,,,,,,,,,,Strengthening with volume,6.5
DLF,DLF Ltd.,DLF.NS,Realty,True,,NIFTY 500,^CRSLDX,2026-09-01,675.15,-2.3,-1.14,4.93,3403168.0,3029227.0,1.12,2297648958.29,53.85,60.39,False,True,True,True,True,1.06,2.99,-1.44,False,False,False,False,4.01,0.02892686,0.02799348,3.33,2.99,True,0.6666666666666666,0.0,1.12,4.26,Actionable watch,Breakout retest,"breakout, retest, pivot, volume, inverse-head-and-shoulders, base, reversal",678.75,2026-08-24,1.52,0.53,,,,Prior resistance has been cleared on higher volume and price is back near that pivot. This is the kind of retest zone where follow-through can matter more than chasing a stretched candle. Secondary patterns: Possible inverse H&S.,Strengthening,6.5
FIVESTAR,Five-Star Business Finance Ltd.,FIVESTAR.NS,Financial Services,True,,NIFTY 500,^CRSLDX,2026-09-01,538.1,0.57,7.41,-1.22,321205.0,484291.0,0.66,172840402.66,52.73,34.85,True,True,True,True,True,0.67,0.3,-1.07,False,False,False,False,1.15,0.02305494,0.02292863,0.55,-0.48,True,0.6666666666666666,0.0,0.66,3.4,Actionable watch,Possible inverse H&S,"inverse-head-and-shoulders, base, reversal",497.3,,,8.2,,,497.3,A possible inverse head-and-shoulders base is visible. The setup improves only if price clears or holds near the neckline with better volume.,Mean reversion bounce,6.49
SAGILITY,Sagility Ltd.,SAGILITY.NS,Information Technology,True,,NIFTY 500,^CRSLDX,2026-09-01,46.45,-1.28,7.97,5.59,13884541.0,24160102.0,0.57,644936940.04,67.77,52.65,True,True,True,True,True,6.37,9.49,-1.33,False,False,False,False,1.75,0.00199015,0.00180955,9.98,8.2,True,0.3333333333333333,0.0,0.57,2.2,Watch,Possible inverse H&S,"inverse-head-and-shoulders, base, reversal",47.89,,,3.01,,,47.89,A possible inverse head-and-shoulders base is visible. The setup improves only if price clears or holds near the neckline with better volume.,Strengthening,6.47
ASAHIINDIA,Asahi India Glass Ltd.,ASAHIINDIA.NS,Automobile and Auto Components,True,,NIFTY 500,^CRSLDX,2026-09-01,951.2,-0.09,-0.49,5.92,74285.0,260805.0,0.28,70659892.91,59.55,61.68,False,True,True,True,True,1.62,5.1,-0.08,False,False,False,False,6.87,0.04075424,0.03862232,5.52,8.14,True,0.3333333333333333,0.0,0.28,2.2,Watch,Possible inverse H&S,"inverse-head-and-shoulders, base, reversal",1009.67,,,5.79,,,1009.67,A possible inverse head-and-shoulders base is visible. The setup improves only if price clears or holds near the neckline with better volume.,Strengthening,6.47
GRASIM,Grasim Industries Ltd.,GRASIM.NS,Construction Materials,True,,NIFTY 500,^CRSLDX,2026-09-01,3305.0,-1.96,0.47,5.65,818427.0,1172826.0,0.7,2704901235.0,55.34,57.28,True,True,True,True,True,0.5,3.51,1.58,False,False,True,False,3.82,0.141603,0.13653614,3.71,3.71,True,1.0,0.5,0.7,3.4,Actionable watch,Possible inverse H&S,"inverse-head-and-shoulders, base, reversal",2913.6,,,13.43,,,2913.6,A possible inverse head-and-shoulders base is visible. The setup improves only if price clears or holds near the neckline with better volume.,Strengthening,6.43
BBTC,Bombay Burmah Trading Corporation Ltd.,BBTC.NS,Fast Moving Consumer Goods,True,,NIFTY 500,^CRSLDX,2026-09-01,1539.0,2.4,8.2,2.21,197852.0,793582.0,0.25,304494228.0,56.44,31.15,True,True,True,True,False,3.74,2.43,-2.8,False,False,False,False,4.45,0.06593858,0.06435551,2.46,2.1,True,0.3333333333333333,0.0,0.25,4.7,Actionable watch,Breakout retest,"breakout, retest, pivot, volume",1557.48,2026-08-27,423.49,1.19,,,,Prior resistance has been cleared on higher volume and price is back near that pivot. This is the kind of retest zone where follow-through can matter more than chasing a stretched candle.,Mean reversion bounce,6.42
TATATECH,Tata Technologies Ltd.,TATATECH.NS,Information Technology,True,,NIFTY 500,^CRSLDX,2026-09-01,814.95,-1.94,2.06,6.87,1798810.0,2457863.0,0.73,1465940231.46,53.01,50.12,True,False,True,True,True,-1.55,5.88,2.31,False,False,False,False,3.13,0.0349166,0.03286583,6.24,8.81,True,1.0,0.0,0.73,5.1,Actionable watch,Breakout retest,"breakout, retest, pivot, volume, flag, continuation, uptrend, inverse-head-and-shoulders, base, reversal",778.02,2026-08-06,9.07,3.86,,,,"Prior resistance has been cleared on higher volume and price is back near that pivot. This is the kind of retest zone where follow-through can matter more than chasing a stretched candle. Secondary patterns: Bullish flag, Possible inverse H&S.",Strengthening,6.4
KEI,KEI Industries Ltd.,KEI.NS,Capital Goods,True,,NIFTY 500,^CRSLDX,2026-09-01,5348.0,-6.83,-4.29,-2.76,657461.0,374467.0,1.76,3516101428.0,44.56,55.94,False,False,True,True,True,-5.08,0.64,3.39,False,False,False,False,14.39,0.22913551,0.22770754,0.63,8.58,True,1.0,0.0,1.76,3.96,Actionable watch,Breakout retest,"breakout, retest, pivot, volume, flag, continuation, uptrend, inverse-head-and-shoulders, base, reversal",5315.33,2026-06-17,1.72,0.26,,,,"Prior resistance has been cleared on higher volume and price is back near that pivot. This is the kind of retest zone where follow-through can matter more than chasing a stretched candle. Secondary patterns: Bullish flag, Possible inverse H&S.",Strengthening with volume,6.39
KAJARIACER,Kajaria Ceramics Ltd.,KAJARIACER.NS,Consumer Durables,True,,NIFTY 500,^CRSLDX,2026-09-01,1229.0,-1.27,1.24,2.6,168804.0,219822.0,0.77,207460116.0,53.9,50.19,True,True,True,True,True,0.99,1.11,0.34,False,False,True,False,4.8,0.05265661,0.05198005,1.3,3.18,True,1.0,0.5,0.77,3.4,Actionable watch,Possible inverse H&S,"inverse-head-and-shoulders, base, reversal",1131.63,,,8.6,,,1131.63,A possible inverse head-and-shoulders base is visible. The setup improves only if price clears or holds near the neckline with better volume.,Strengthening,6.33
MEESHO,Meesho Ltd.,MEESHO.NS,Consumer Services,True,,NIFTY 500,^CRSLDX,2026-09-01,205.15,-0.12,-0.57,6.92,14086254.0,13239718.0,1.06,2889794922.12,61.3,66.09,False,True,True,True,,3.31,6.7,,False,False,False,False,9.92,0.00878967,0.00819721,7.23,9.21,True,0.3333333333333333,0.0,1.06,5.1,Actionable watch,Breakout retest,"breakout, retest, pivot, volume, flag, continuation, uptrend, inverse-head-and-shoulders, base, reversal",195.12,2026-08-20,3.14,3.27,,,,"Prior resistance has been cleared on higher volume and price is back near that pivot. This is the kind of retest zone where follow-through can matter more than chasing a stretched candle. Secondary patterns: Bullish flag, Possible inverse H&S.",Strengthening,6.3
OBEROIRLTY,Oberoi Realty Ltd.,OBEROIRLTY.NS,Realty,True,,NIFTY 500,^CRSLDX,2026-09-01,1880.7,0.68,0.04,5.73,211010.0,493333.0,0.43,396846496.7,55.44,55.38,True,True,True,True,True,1.66,1.78,0.75,False,False,False,False,9.16,0.08057875,0.07888843,2.14,3.06,True,1.0,0.0,0.43,3.4,Actionable watch,Possible inverse H&S,"inverse-head-and-shoulders, base, reversal",1755.55,,,7.13,,,1755.55,A possible inverse head-and-shoulders base is visible. The setup improves only if price clears or holds near the neckline with better volume.,Strengthening,6.3
MEDANTA,Global Health Ltd.,MEDANTA.NS,Healthcare,True,,NIFTY 500,^CRSLDX,2026-09-01,1458.1,-1.46,3.82,1.64,256307.0,295221.0,0.87,373721230.44,56.27,50.97,True,True,True,True,True,1.5,5.17,1.08,False,False,False,False,-2.33,0.06247242,0.05915984,5.6,2.95,True,1.0,0.0,0.87,3.4,Actionable watch,Possible inverse H&S,"inverse-head-and-shoulders, base, reversal",1216.85,,,19.83,,,1216.85,A possible inverse head-and-shoulders base is visible. The setup improves only if price clears or holds near the neckline with better volume.,Strengthening,6.28
KARURVYSYA,Karur Vysya Bank Ltd.,KARURVYSYA.NS,Financial Services,True,,NIFTY 500,^CRSLDX,2026-09-01,347.6,0.0,0.46,1.8,1349055.0,1578257.0,0.85,468931526.23,61.89,65.22,True,True,True,True,True,2.58,7.55,3.38,False,False,True,False,-11.72,0.01489295,0.0137869,8.02,1.84,True,1.0,0.5,0.85,5.1,Actionable watch,Breakout retest,"breakout, retest, pivot, volume, flag, continuation, uptrend, inverse-head-and-shoulders, base, reversal",345.79,2026-08-26,2.4,0.26,,,,"Prior resistance has been cleared on higher volume and price is back near that pivot. This is the kind of retest zone where follow-through can matter more than chasing a stretched candle. Secondary patterns: Bullish flag, Possible inverse H&S.",Strengthening,6.27
SUPREMEIND,Supreme Industries Ltd.,SUPREMEIND.NS,Capital Goods,True,,NIFTY 500,^CRSLDX,2026-09-01,3605.0,1.29,0.33,2.97,169636.0,198947.0,0.85,611537780.0,56.16,58.24,True,True,True,True,True,1.49,4.7,-1.01,False,False,False,False,-3.31,0.15445653,0.14735307,4.82,4.15,True,0.3333333333333333,0.0,0.85,2.58,Actionable watch,Possible inverse H&S,"inverse-head-and-shoulders, base, reversal",3607.0,,,0.06,,,3607.0,A possible inverse head-and-shoulders base is visible. The setup improves only if price clears or holds near the neckline with better volume.,Strengthening,6.23
LALPATHLAB,Dr. Lal Path Labs Ltd.,LALPATHLAB.NS,Healthcare,True,,NIFTY 500,^CRSLDX,2026-09-01,1904.4,-1.56,-0.49,0.79,468711.0,218574.0,2.14,892613239.84,55.13,60.45,False,False,True,True,True,-0.76,5.63,2.48,False,False,False,False,-9.07,0.08159418,0.07687758,6.14,2.2,True,1.0,0.0,2.14,3.4,Actionable watch,Possible inverse H&S,"inverse-head-and-shoulders, base, reversal, flag, continuation, uptrend",1472.75,,,29.31,,,1472.75,A possible inverse head-and-shoulders base is visible. The setup improves only if price clears or holds near the neckline with better volume. Secondary patterns: Bullish flag.,Strengthening with volume,6.23
SAPPHIRE,Sapphire Foods India Ltd.,SAPPHIRE.NS,Consumer Services,True,,NIFTY 500,^CRSLDX,2026-09-01,229.96,-1.9,-7.95,19.58,420129.0,3513818.0,0.12,96612867.66,55.02,77.93,False,False,True,True,True,-1.12,12.96,-2.21,False,False,False,False,25.05,0.00985266,0.00867814,13.53,25.09,True,0.6666666666666666,0.0,0.12,3.49,Actionable watch,Bullish flag,"flag, continuation, uptrend, inverse-head-and-shoulders, base, reversal",249.81,2026-08-25,0.4,,11.77,39.47,,Price has made a sharp impulse move and is now consolidating near the highs. A controlled pullback with quieter volume keeps the continuation setup alive. Secondary patterns: Possible inverse H&S.,Strengthening,6.22
DEVYANI,Devyani International Ltd.,DEVYANI.NS,Consumer Services,True,,NIFTY 500,^CRSLDX,2026-09-01,138.69,-0.06,-7.48,15.82,1016264.0,6943932.0,0.15,140945656.64,54.17,72.87,False,False,True,True,True,-1.47,11.52,-1.36,False,False,False,False,20.42,0.00594218,0.00530256,12.06,21.14,True,0.6666666666666666,0.0,0.15,3.46,Actionable watch,Bullish flag,"flag, continuation, uptrend, inverse-head-and-shoulders, base, reversal",149.9,2026-08-25,0.54,,10.02,36.43,,Price has made a sharp impulse move and is now consolidating near the highs. A controlled pullback with quieter volume keeps the continuation setup alive. Secondary patterns: Possible inverse H&S.,Strengthening,6.21
GRAVITA,Gravita India Ltd.,GRAVITA.NS,Metals & Mining,True,,NIFTY 500,^CRSLDX,2026-09-01,1781.9,-1.02,-1.03,7.43,123343.0,183923.0,0.67,219784894.71,50.15,55.7,False,False,True,True,True,-0.62,1.42,0.7,False,False,False,False,16.74,0.07634566,0.07515328,1.59,9.22,True,1.0,0.0,0.67,3.4,Actionable watch,Possible inverse H&S,"inverse-head-and-shoulders, base, reversal",1736.85,,,2.59,,,1736.85,A possible inverse head-and-shoulders base is visible. The setup improves only if price clears or holds near the neckline with better volume.,Strengthening,6.19
REDINGTON,Redington Ltd.,REDINGTON.NS,Services,True,,NIFTY 500,^CRSLDX,2026-09-01,349.6,-2.28,-0.86,0.0,3394822.0,5025328.0,0.68,1186829791.92,57.29,63.09,False,True,True,True,True,0.21,13.17,3.26,False,False,False,False,-21.25,0.01497864,0.01312072,14.16,2.5,True,1.0,0.0,0.68,3.4,Actionable watch,Possible inverse H&S,"inverse-head-and-shoulders, base, reversal",295.24,,,18.41,,,295.24,A possible inverse head-and-shoulders base is visible. The setup improves only if price clears or holds near the neckline with better volume.,Strengthening,6.19
CANHLIFE,Canara HSBC Life Insurance Company Ltd.,CANHLIFE.NS,Financial Services,True,,NIFTY 500,^CRSLDX,2026-09-01,154.18,-1.26,1.3,3.99,543005.0,1111771.0,0.49,83720506.92,56.11,56.14,True,True,True,True,True,1.63,4.5,,False,False,True,False,-0.51,0.00660585,0.0063076,4.73,4.46,True,0.6666666666666666,0.5,0.49,2.2,Watch,Possible inverse H&S,"inverse-head-and-shoulders, base, reversal",162.85,,,5.32,,,162.85,A possible inverse head-and-shoulders base is visible. The setup improves only if price clears or holds near the neckline with better volume.,Strengthening,6.16
AMBER,Amber Enterprises India Ltd.,AMBER.NS,Consumer Durables,True,,NIFTY 500,^CRSLDX,2026-09-01,7508.0,-1.47,1.02,1.53,100742.0,349531.0,0.29,756370936.0,53.06,52.84,True,True,True,False,True,2.01,0.34,-0.72,False,False,False,False,7.8,0.32168089,0.32059224,0.34,3.47,True,0.6666666666666666,0.0,0.29,2.71,Actionable watch,Possible inverse H&S,"inverse-head-and-shoulders, base, reversal",7483.25,,,0.33,,,7483.25,A possible inverse head-and-shoulders base is visible. The setup improves only if price clears or holds near the neckline with better volume.,Strengthening,6.14
TMCV,Tata Motors Ltd.,TMCV.NS,Capital Goods,True,,NIFTY 500,^CRSLDX,2026-09-01,464.35,-1.43,-2.22,3.94,8807486.0,8645285.0,1.02,4089756177.86,54.14,67.37,False,False,True,True,True,-0.66,5.5,,False,False,False,False,1.03,0.01989512,0.01875391,6.09,4.65,True,0.6666666666666666,0.0,1.02,5.1,Actionable watch,Breakout retest,"breakout, retest, pivot, volume, flag, continuation, uptrend, inverse-head-and-shoulders, base, reversal",445.59,2026-08-03,2.57,2.54,,,,"Prior resistance has been cleared on higher volume and price is back near that pivot. This is the kind of retest zone where follow-through can matter more than chasing a stretched candle. Secondary patterns: Bullish flag, Possible inverse H&S.",Strengthening,6.13
PTCIL,PTC Industries Ltd.,PTCIL.NS,Capital Goods,True,,NIFTY 500,^CRSLDX,2026-09-01,22755.0,2.9,7.76,25.73,56170.0,50826.0,1.11,1278148350.0,73.05,67.35,True,True,True,True,True,13.16,22.13,1.7,False,True,True,True,29.76,0.97493989,0.7936297,22.85,29.06,True,1.0,1.0,1.11,3.4,Actionable watch,Possible inverse H&S,"inverse-head-and-shoulders, base, reversal",18125.0,,,25.54,,,18125.0,A possible inverse head-and-shoulders base is visible. The setup improves only if price clears or holds near the neckline with better volume.,Strengthening,6.09
LENSKART,Lenskart Solutions Ltd.,LENSKART.NS,Consumer Services,True,,NIFTY 500,^CRSLDX,2026-09-01,663.75,0.2,1.19,16.96,10495041.0,14116012.0,0.74,6966083463.75,73.34,79.65,True,True,True,True,True,6.75,15.7,,False,True,True,True,14.74,0.02843842,0.02444575,16.33,19.1,True,0.6666666666666666,1.0,0.74,3.4,Actionable watch,Possible inverse H&S,"inverse-head-and-shoulders, base, reversal",540.15,,,22.88,,,540.15,A possible inverse head-and-shoulders base is visible. The setup improves only if price clears or holds near the neckline with better volume.,Strengthening,6.09
URBANCO,Urban Company Ltd.,URBANCO.NS,Consumer Services,True,,NIFTY 500,^CRSLDX,2026-09-01,167.63,0.31,-0.97,18.14,9790312.0,14858945.0,0.66,1641150048.36,74.52,79.69,True,True,True,True,True,9.91,19.15,0.27,False,False,False,False,9.39,0.00718212,0.00599514,19.8,16.94,True,1.0,0.0,0.66,3.4,Actionable watch,Possible inverse H&S,"inverse-head-and-shoulders, base, reversal, flag, continuation, uptrend",142.07,,,17.99,,,142.07,A possible inverse head-and-shoulders base is visible. The setup improves only if price clears or holds near the neckline with better volume. Secondary patterns: Bullish flag.,Strengthening,6.09
THELEELA,Leela Palaces Hotels & Resorts Ltd.,THELEELA.NS,Consumer Services,True,,NIFTY 500,^CRSLDX,2026-09-01,575.35,0.87,3.69,15.05,358397.0,692958.0,0.52,206203705.2,73.81,68.68,True,True,True,True,True,8.18,14.1,2.23,False,True,True,True,18.56,0.02465092,0.02152681,14.51,16.93,True,1.0,1.0,0.52,3.4,Actionable watch,Possible inverse H&S,"inverse-head-and-shoulders, base, reversal",491.0,,,17.18,,,491.0,A possible inverse head-and-shoulders base is visible. The setup improves only if price clears or holds near the neckline with better volume.,Strengthening,6.09
COFORGE,Coforge Ltd.,COFORGE.NS,Information Technology,True,,NIFTY 500,^CRSLDX,2026-09-01,1988.9,0.18,5.08,13.66,2055749.0,2153789.0,0.95,4088679236.29,72.99,71.03,True,True,True,True,True,7.22,19.81,0.6,False,False,True,False,-3.28,0.08521459,0.07052224,20.83,14.73,True,1.0,0.5,0.95,3.4,Actionable watch,Possible inverse H&S,"inverse-head-and-shoulders, base, reversal",1664.0,,,19.53,,,1664.0,A possible inverse head-and-shoulders base is visible. The setup improves only if price clears or holds near the neckline with better volume.,Strengthening,6.09
INDGN,Indegene Ltd.,INDGN.NS,Healthcare,True,,NIFTY 500,^CRSLDX,2026-09-01,605.4,-1.02,7.43,9.33,948774.0,943620.0,1.01,574387802.76,72.66,61.18,True,True,True,True,True,6.54,13.61,0.71,False,False,True,False,4.13,0.02593842,0.02277543,13.89,13.23,True,1.0,0.5,1.01,3.4,Actionable watch,Possible inverse H&S,"inverse-head-and-shoulders, base, reversal",540.3,,,12.05,,,540.3,A possible inverse head-and-shoulders base is visible. The setup improves only if price clears or holds near the neckline with better volume.,Strengthening,6.09
CRISIL,CRISIL Ltd.,CRISIL.NS,Financial Services,True,,NIFTY 500,^CRSLDX,2026-09-01,4829.5,0.16,7.8,10.84,60880.0,55190.0,1.1,294019960.0,72.5,54.85,True,True,True,True,True,5.93,11.25,-0.49,False,True,False,False,1.27,0.20692033,0.18537632,11.62,11.31,True,0.6666666666666666,0.5,1.1,3.4,Actionable watch,Possible inverse H&S,"inverse-head-and-shoulders, base, reversal",4668.3,,,3.45,,,4668.3,A possible inverse head-and-shoulders base is visible. The setup improves only if price clears or holds near the neckline with better volume.,Strengthening,6.09
KOTAKBANK,Kotak Mahindra Bank Ltd.,KOTAKBANK.NS,Financial Services,True,,NIFTY 500,^CRSLDX,2026-09-01,425.0,1.34,5.83,6.78,7669565.0,12060429.0,0.64,3259565125.0,71.54,60.57,True,True,True,True,True,5.88,8.01,-0.63,False,True,False,False,6.23,0.01820916,0.01681465,8.29,9.04,True,0.3333333333333333,0.5,0.64,3.4,Actionable watch,Possible inverse H&S,"inverse-head-and-shoulders, base, reversal",410.68,,,3.49,,,410.68,A possible inverse head-and-shoulders base is visible. The setup improves only if price clears or holds near the neckline with better volume.,Strengthening,6.09
DIVISLAB,Divi's Laboratories Ltd.,DIVISLAB.NS,Healthcare,True,,NIFTY 500,^CRSLDX,2026-09-01,9165.0,-3.19,4.81,9.39,485585.0,416617.0,1.17,4450386525.0,70.13,73.53,True,True,True,True,True,5.67,18.05,3.19,False,False,False,False,-14.89,0.3926752,0.32993153,19.02,8.87,True,1.0,0.0,1.17,3.4,Actionable watch,Possible inverse H&S,"inverse-head-and-shoulders, base, reversal",6849.75,,,33.8,,,6849.75,A possible inverse head-and-shoulders base is visible. The setup improves only if price clears or holds near the neckline with better volume.,Strengthening,6.09
SONACOMS,Sona BLW Precision Forgings Ltd.,SONACOMS.NS,Automobile and Auto Components,True,,NIFTY 500,^CRSLDX,2026-09-01,809.5,-0.44,0.09,2.86,1041115.0,2017515.0,0.52,842782592.5,59.79,64.0,False,False,True,True,True,-0.06,9.85,6.08,False,False,True,False,-10.61,0.0346831,0.03134462,10.65,5.17,True,1.0,0.5,0.52,3.47,Actionable watch,Bullish flag,"flag, continuation, uptrend",824.0,2026-08-18,0.68,,3.65,37.45,,Price has made a sharp impulse move and is now consolidating near the highs. A controlled pullback with quieter volume keeps the continuation setup alive.,Strengthening,6.05
NETWEB,Netweb Technologies India Ltd.,NETWEB.NS,Information Technology,True,,NIFTY 500,^CRSLDX,2026-09-01,5136.5,-1.0,-2.6,7.93,1421161.0,2011711.0,0.71,7299793476.5,53.49,58.47,False,False,True,True,True,-0.27,8.97,3.84,False,False,False,False,11.95,0.22007378,0.20145541,9.24,14.3,True,1.0,0.0,0.71,2.84,Watch,Bullish flag,"flag, continuation, uptrend",5601.0,2026-08-21,1.19,,9.46,34.85,,Price has made a sharp impulse move and is now consolidating near the highs. A controlled pullback with quieter volume keeps the continuation setup alive.,Strengthening,5.99
ICICIBANK,ICICI Bank Ltd.,ICICIBANK.NS,Financial Services,True,,NIFTY 500,^CRSLDX,2026-09-01,1438.0,-1.1,1.08,-1.14,10599308.0,9540609.0,1.11,15241804904.0,54.79,52.73,True,True,True,True,True,0.8,1.65,0.52,False,False,True,False,-1.14,0.06161123,0.0604297,1.96,0.45,True,1.0,0.5,1.11,4.73,Actionable watch,Breakout retest,"breakout, retest, pivot, volume, inverse-head-and-shoulders, base, reversal",1432.79,2026-08-31,1.67,0.36,,,,Prior resistance has been cleared on higher volume and price is back near that pivot. This is the kind of retest zone where follow-through can matter more than chasing a stretched candle. Secondary patterns: Possible inverse H&S.,Strengthening,5.99
HONASA,Honasa Consumer Ltd.,HONASA.NS,Fast Moving Consumer Goods,True,,NIFTY 500,^CRSLDX,2026-09-01,473.5,-1.54,-1.86,3.71,800865.0,2133339.0,0.38,379209577.5,51.8,58.69,False,False,True,True,True,-0.39,2.48,5.99,False,False,False,False,9.84,0.02028715,0.01972447,2.85,6.05,True,1.0,0.0,0.38,2.72,Watch,Bullish flag,"flag, continuation, uptrend",499.69,2026-08-14,1.46,,7.17,25.25,,Price has made a sharp impulse move and is now consolidating near the highs. A controlled pullback with quieter volume keeps the continuation setup alive.,Strengthening,5.95
TECHM,Tech Mahindra Ltd.,TECHM.NS,Information Technology,True,,NIFTY 500,^CRSLDX,2026-09-01,1638.0,0.61,2.38,-0.64,2412013.0,2567872.0,0.94,3950877294.0,59.92,53.37,True,True,True,True,True,1.39,5.73,1.49,False,False,False,False,-14.12,0.07018025,0.06605625,6.24,1.3,True,1.0,0.0,0.94,3.4,Actionable watch,Possible inverse H&S,"inverse-head-and-shoulders, base, reversal, flag, continuation, uptrend",1576.05,,,3.93,,,1576.05,A possible inverse head-and-shoulders base is visible. The setup improves only if price clears or holds near the neckline with better volume. Secondary patterns: Bullish flag.,Strengthening,5.95
HAL,Hindustan Aeronautics Ltd.,HAL.NS,Capital Goods,True,,NIFTY 500,^CRSLDX,2026-09-01,4807.6,0.12,-1.89,3.93,492807.0,1117157.0,0.44,2369218981.33,48.61,57.21,False,False,True,True,True,-2.31,3.23,0.5,False,False,False,False,0.77,0.20598203,0.19906854,3.47,4.75,True,1.0,0.0,0.44,3.4,Actionable watch,Possible inverse H&S,"inverse-head-and-shoulders, base, reversal",4541.5,,,5.86,,,4541.5,A possible inverse head-and-shoulders base is visible. The setup improves only if price clears or holds near the neckline with better volume.,Strengthening,5.94
AWL,AWL Agri Business Ltd.,AWL.NS,Fast Moving Consumer Goods,True,,NIFTY 500,^CRSLDX,2026-09-01,194.38,0.95,-3.12,1.99,3175586.0,3539728.0,0.9,617270422.19,51.98,65.13,False,True,True,True,False,0.09,2.23,-3.51,False,False,False,False,5.96,0.00832823,0.00813006,2.44,4.17,True,0.3333333333333333,0.0,0.9,4.7,Actionable watch,Breakout retest,"breakout, retest, pivot, volume",197.07,2026-08-25,5.26,1.36,,,,Prior resistance has been cleared on higher volume and price is back near that pivot. This is the kind of retest zone where follow-through can matter more than chasing a stretched candle.,Strengthening,5.93
EICHERMOT,Eicher Motors Ltd.,EICHERMOT.NS,Automobile and Auto Components,True,,NIFTY 500,^CRSLDX,2026-09-01,7970.0,0.21,-1.06,0.44,760116.0,373570.0,2.03,6058124520.0,53.57,62.97,False,False,True,True,True,-0.68,3.55,1.64,False,False,True,False,-6.21,0.34147532,0.32889598,3.82,0.97,True,1.0,0.5,2.03,3.18,Actionable watch,Possible inverse H&S,"inverse-head-and-shoulders, base, reversal",7832.75,,,1.75,,,7832.75,A possible inverse head-and-shoulders base is visible. The setup improves only if price clears or holds near the neckline with better volume.,Strengthening with volume,5.91
TEJASNET,Tejas Networks Ltd.,TEJASNET.NS,Telecommunication,True,,NIFTY 500,^CRSLDX,2026-09-01,541.9,-3.19,7.45,1.49,3551969.0,3522203.0,1.01,1924812087.82,55.41,40.61,True,True,True,True,True,3.44,0.14,-0.33,False,False,False,False,16.62,0.02321775,0.02323145,-0.06,6.36,False,0.6666666666666666,0.0,1.01,3.76,Actionable watch,Breakout retest,"breakout, retest, pivot, volume",551.05,2026-08-31,2.12,1.66,,,,Prior resistance has been cleared on higher volume and price is back near that pivot. This is the kind of retest zone where follow-through can matter more than chasing a stretched candle.,Setup watch: Breakout retest,5.82
JSL,Jindal Stainless Ltd.,JSL.NS,Metals & Mining,True,,NIFTY 500,^CRSLDX,2026-09-01,734.0,4.54,4.65,0.19,1070539.0,412832.0,2.59,785775626.0,57.64,38.71,True,True,True,True,False,1.75,2.55,-0.57,False,False,False,False,0.15,0.03144829,0.03062977,2.67,2.73,True,0.3333333333333333,0.0,2.59,2.2,Watch,Possible inverse H&S,"inverse-head-and-shoulders, base, reversal",772.17,,,4.94,,,772.17,A possible inverse head-and-shoulders base is visible. The setup improves only if price clears or holds near the neckline with better volume.,Strengthening with volume,5.82
DATAPATTNS,Data Patterns (India) Ltd.,DATAPATTNS.NS,Capital Goods,True,,NIFTY 500,^CRSLDX,2026-09-01,4515.2,-0.14,-0.6,-0.87,421333.0,789459.0,0.53,1902402843.89,48.43,50.43,False,False,True,True,True,-1.28,0.91,5.31,False,False,False,False,9.3,0.19345413,0.19198435,0.77,3.97,True,1.0,0.0,0.53,3.4,Actionable watch,Possible inverse H&S,"inverse-head-and-shoulders, base, reversal, flag, continuation, uptrend",3191.75,,,41.46,,,3191.75,A possible inverse head-and-shoulders base is visible. The setup improves only if price clears or holds near the neckline with better volume. Secondary patterns: Bullish flag.,Strengthening,5.78
ZFCVINDIA,ZF Commercial Vehicle Control Systems India Ltd.,ZFCVINDIA.NS,Automobile and Auto Components,True,,NIFTY 500,^CRSLDX,2026-09-01,2547.8,0.52,-2.12,-0.31,74180.0,101925.0,0.73,188995807.62,48.66,55.82,False,False,True,True,True,-2.3,2.12,1.98,False,False,False,False,5.54,0.10916071,0.10683948,2.17,6.15,True,1.0,0.0,0.73,2.2,Watch,Possible inverse H&S,"inverse-head-and-shoulders, base, reversal",2696.42,,,5.51,,,2696.42,A possible inverse head-and-shoulders base is visible. The setup improves only if price clears or holds near the neckline with better volume.,Strengthening,5.77
AUBANK,AU Small Finance Bank Ltd.,AUBANK.NS,Financial Services,True,,NIFTY 500,^CRSLDX,2026-09-01,1079.2,-0.64,-4.38,1.91,1068642.0,1690777.0,0.63,1153278394.22,50.89,68.19,False,False,True,True,True,-0.65,2.09,2.21,False,False,False,False,5.41,0.04623841,0.04520302,2.29,3.83,True,1.0,0.0,0.63,3.4,Actionable watch,Possible inverse H&S,"inverse-head-and-shoulders, base, reversal",1029.85,,,4.79,,,1029.85,A possible inverse head-and-shoulders base is visible. The setup improves only if price clears or holds near the neckline with better volume.,Strengthening,5.76
JSWINFRA,JSW Infrastructure Ltd.,JSWINFRA.NS,Services,True,,NIFTY 500,^CRSLDX,2026-09-01,334.8,-1.53,-2.66,1.69,2534819.0,2358486.0,1.07,848657370.26,50.08,59.67,False,False,True,True,True,-0.84,0.68,1.7,False,False,False,False,3.81,0.01434453,0.01418732,1.11,3.78,True,1.0,0.0,1.07,3.4,Actionable watch,Possible inverse H&S,"inverse-head-and-shoulders, base, reversal",281.87,,,18.78,,,281.87,A possible inverse head-and-shoulders base is visible. The setup improves only if price clears or holds near the neckline with better volume.,Strengthening,5.75
TORNTPHARM,Torrent Pharmaceuticals Ltd.,TORNTPHARM.NS,Healthcare,True,,NIFTY 500,^CRSLDX,2026-09-01,4965.5,-1.98,0.68,-1.28,204661.0,349434.0,0.59,1016244195.5,51.79,51.34,False,True,True,True,True,0.41,1.42,3.19,False,False,False,False,-2.81,0.21274727,0.20902385,1.78,0.28,True,1.0,0.0,0.59,3.4,Actionable watch,Possible inverse H&S,"inverse-head-and-shoulders, base, reversal",4519.0,,,9.88,,,4519.0,A possible inverse head-and-shoulders base is visible. The setup improves only if price clears or holds near the neckline with better volume.,Strengthening,5.75
MCX,Multi Commodity Exchange of India Ltd.,MCX.NS,Financial Services,True,,NIFTY 500,^CRSLDX,2026-09-01,3303.0,-2.85,0.95,23.55,1505080.0,2944909.0,0.51,4971279240.0,65.18,72.73,True,True,True,True,True,8.79,14.65,4.7,False,False,False,False,32.28,0.14151731,0.12289538,15.15,27.81,True,1.0,0.0,0.51,0.0,No clear setup,,,,,,,,,,,Strengthening,5.7
HFCL,HFCL Ltd.,HFCL.NS,Telecommunication,True,,NIFTY 500,^CRSLDX,2026-09-01,236.64,-5.0,-0.58,16.7,12770496.0,19174050.0,0.67,3022010165.65,57.43,64.81,False,True,True,True,True,4.1,9.27,13.6,False,False,False,False,30.53,0.01013886,0.00922047,9.96,19.17,True,1.0,0.0,0.67,0.0,No clear setup,,,,,,,,,,,Strengthening,5.7
GLENMARK,Glenmark Pharmaceuticals Ltd.,GLENMARK.NS,Healthcare,True,,NIFTY 500,^CRSLDX,2026-09-01,2470.4,-0.39,3.04,11.14,679495.0,521405.0,1.3,1678624381.64,66.5,64.82,True,True,True,True,True,5.33,8.71,2.37,False,False,True,False,16.41,0.10584449,0.09699564,9.12,13.09,True,1.0,0.5,1.3,0.0,No clear setup,,,,,,,,,,,Strengthening,5.7
VIJAYA,Vijaya Diagnostic Centre Ltd.,VIJAYA.NS,Healthcare,True,,NIFTY 500,^CRSLDX,2026-09-01,1499.0,-1.28,1.05,8.22,108054.0,240304.0,0.45,161972946.0,59.68,60.77,True,True,True,True,True,2.39,7.14,4.14,False,False,True,False,13.97,0.06422478,0.05969717,7.58,12.9,True,1.0,0.5,0.45,0.0,No clear setup,,,,,,,,,,,Strengthening,5.7
IDBI,IDBI Bank Ltd.,IDBI.NS,Financial Services,True,,NIFTY 500,^CRSLDX,2026-09-01,92.06,1.3,4.25,8.88,11859840.0,11549326.0,1.03,1091816841.45,65.27,67.19,True,True,True,True,True,7.48,8.21,-1.36,False,False,False,False,11.51,0.00394432,0.00363685,8.45,10.83,True,0.3333333333333333,0.0,1.03,0.0,No clear setup,,,,,,,,,,,Strengthening,5.7
AUROPHARMA,Aurobindo Pharma Ltd.,AUROPHARMA.NS,Healthcare,True,,NIFTY 500,^CRSLDX,2026-09-01,1683.3,-1.96,4.05,6.14,608683.0,960096.0,0.63,1024596123.62,61.1,53.12,True,True,True,True,True,2.71,5.72,3.88,False,False,True,False,14.43,0.07212113,0.06798857,6.08,10.42,True,1.0,0.5,0.63,0.0,No clear setup,,,,,,,,,,,Strengthening,5.7
SOLARINDS,Solar Industries India Ltd.,SOLARINDS.NS,Chemicals,True,,NIFTY 500,^CRSLDX,2026-09-01,20060.0,-0.24,1.31,7.27,94048.0,152082.0,0.62,1886602880.0,58.81,60.04,True,True,True,True,True,2.14,6.44,3.85,False,False,True,False,10.49,0.85947239,0.80547243,6.7,9.64,True,1.0,0.5,0.62,0.0,No clear setup,,,,,,,,,,,Strengthening,5.7
ANANDRATHI,Anand Rathi Wealth Ltd.,ANANDRATHI.NS,Financial Services,True,,NIFTY 500,^CRSLDX,2026-09-01,2197.0,-0.33,1.51,8.01,213188.0,239268.0,0.89,468374036.0,63.18,60.27,True,True,True,True,True,1.5,5.02,3.64,False,False,True,False,12.11,0.09413065,0.08925199,5.47,8.83,True,1.0,0.5,0.89,0.0,No clear setup,,,,,,,,,,,Strengthening,5.7
SHYAMMETL,Shyam Metalics and Energy Ltd.,SHYAMMETL.NS,Capital Goods,True,,NIFTY 500,^CRSLDX,2026-09-01,1078.0,-1.42,7.14,5.99,344491.0,613368.0,0.56,371361298.0,65.49,52.66,True,True,True,True,True,6.16,7.47,1.5,False,False,True,False,2.06,0.046187,0.04282001,7.86,7.53,True,1.0,0.5,0.56,0.0,No clear setup,,,,,,,,,,,Strengthening,5.7
INDIANB,Indian Bank,INDIANB.NS,Financial Services,True,,NIFTY 500,^CRSLDX,2026-09-01,881.75,-1.89,0.43,4.35,1602754.0,1303535.0,1.23,1413228339.5,54.61,56.65,True,True,True,True,True,0.02,3.94,0.63,False,False,False,False,0.7,0.03777865,0.03629424,4.09,6.42,True,0.6666666666666666,0.0,1.23,0.0,No clear setup,,,,,,,,,,,Strengthening,5.7
CASTROLIND,Castrol India Ltd.,CASTROLIND.NS,Oil Gas & Consumable Fuels,True,,NIFTY 500,^CRSLDX,2026-09-01,186.02,0.83,-0.46,2.76,680714.0,3220205.0,0.21,126626421.19,55.26,60.26,False,False,True,True,True,-0.44,2.22,0.16,False,False,False,False,6.16,0.00797004,0.00778404,2.39,5.49,True,1.0,0.0,0.21,2.2,Actionable watch,Possible inverse H&S,"inverse-head-and-shoulders, base, reversal",188.35,,,1.24,,,188.35,A possible inverse head-and-shoulders base is visible. The setup improves only if price clears or holds near the neckline with better volume.,Strengthening,5.67
USHAMART,Usha Martin Ltd.,USHAMART.NS,Capital Goods,True,,NIFTY 500,^CRSLDX,2026-09-01,499.6,0.13,2.53,-0.05,4066831.0,583448.0,6.97,2031788792.42,52.19,44.31,True,True,True,True,True,0.2,0.66,0.86,False,False,False,False,5.4,0.0214054,0.02122536,0.85,1.84,True,1.0,0.0,6.97,0.0,No clear setup,,,,,,,,,,,Strengthening with volume,5.67
INFY,Infosys Ltd.,INFY.NS,Information Technology,True,,NIFTY 500,^CRSLDX,2026-09-01,1156.0,1.96,1.05,-0.99,13515619.0,8241720.0,1.64,15624055564.0,55.42,52.96,True,True,True,True,False,0.64,4.62,-2.34,False,False,False,False,-11.56,0.04952892,0.04719723,4.94,-0.09,True,0.3333333333333333,0.0,1.64,3.26,Watch,Bullish flag,"flag, continuation, uptrend, inverse-head-and-shoulders, base, reversal",1190.7,2026-08-11,0.59,,7.54,20.85,,Price has made a sharp impulse move and is now consolidating near the highs. A controlled pullback with quieter volume keeps the continuation setup alive. Secondary patterns: Possible inverse H&S.,Setup watch: Bullish flag,5.62
PINELABS,Pine Labs Ltd.,PINELABS.NS,Financial Services,True,,NIFTY 500,^CRSLDX,2026-09-01,159.89,-2.52,-2.32,5.75,6835111.0,19278282.0,0.35,1092865893.62,50.44,57.36,False,False,True,False,False,-1.09,2.78,,False,False,False,False,7.94,0.0068505,0.00663824,3.2,7.16,True,0.3333333333333333,0.0,0.35,4.61,Actionable watch,Breakout retest,"breakout, retest, pivot, volume, flag, continuation, uptrend",163.43,2026-08-11,2.21,2.17,,,,Prior resistance has been cleared on higher volume and price is back near that pivot. This is the kind of retest zone where follow-through can matter more than chasing a stretched candle. Secondary patterns: Bullish flag.,Strengthening,5.6
TITAN,Titan Company Ltd.,TITAN.NS,Consumer Durables,True,,NIFTY 500,^CRSLDX,2026-09-01,5050.0,-1.03,-1.46,2.33,466842.0,829071.0,0.56,2357552100.0,56.29,71.09,False,False,True,True,True,-0.39,5.42,3.18,False,False,True,False,-7.13,0.21636768,0.20425571,5.93,3.0,True,1.0,0.5,0.56,3.4,Actionable watch,Possible inverse H&S,"inverse-head-and-shoulders, base, reversal",4453.1,,,13.4,,,4453.1,A possible inverse head-and-shoulders base is visible. The setup improves only if price clears or holds near the neckline with better volume.,Strengthening,5.59
TATACAP,Tata Capital Ltd.,TATACAP.NS,Financial Services,True,,NIFTY 500,^CRSLDX,2026-09-01,367.85,-0.01,1.13,2.01,1011941.0,1606323.0,0.63,372242503.03,53.56,52.54,False,False,True,True,True,-0.05,2.03,1.24,False,False,False,False,0.12,0.01576056,0.01540202,2.33,2.85,True,1.0,0.0,0.63,3.4,Actionable watch,Possible inverse H&S,"inverse-head-and-shoulders, base, reversal",356.65,,,3.14,,,356.65,A possible inverse head-and-shoulders base is visible. The setup improves only if price clears or holds near the neckline with better volume.,Strengthening,5.56
NH,Narayana Hrudayalaya Ltd.,NH.NS,Healthcare,True,,NIFTY 500,^CRSLDX,2026-09-01,1938.7,1.65,2.57,1.01,247054.0,319087.0,0.77,478963577.74,57.2,50.33,True,True,False,True,True,4.24,-0.12,0.47,False,True,False,False,8.24,0.08306376,0.08304182,0.03,2.99,True,0.6666666666666666,0.5,0.77,5.04,Actionable watch,Breakout retest,"breakout, retest, pivot, volume, inverse-head-and-shoulders, base, reversal",1936.93,2026-07-03,2.27,0.09,,,,Prior resistance has been cleared on higher volume and price is back near that pivot. This is the kind of retest zone where follow-through can matter more than chasing a stretched candle. Secondary patterns: Possible inverse H&S.,Setup watch: Breakout retest,5.5
AJANTPHARM,Ajanta Pharmaceuticals Ltd.,AJANTPHARM.NS,Healthcare,True,,NIFTY 500,^CRSLDX,2026-09-01,3504.8,-2.7,-1.41,0.33,87572.0,78723.0,1.11,306922349.88,47.4,53.68,False,False,True,True,True,-2.04,1.75,3.97,False,False,False,False,0.1,0.15016345,0.14706076,2.11,2.65,True,1.0,0.0,1.11,3.28,Watch,Bullish flag,"flag, continuation, uptrend",3718.2,2026-08-17,0.63,,7.25,22.41,,Price has made a sharp impulse move and is now consolidating near the highs. A controlled pullback with quieter volume keeps the continuation setup alive.,Strengthening,5.48
RADICO,Radico Khaitan Ltd,RADICO.NS,Fast Moving Consumer Goods,True,,NIFTY 500,^CRSLDX,2026-09-01,4474.3,-0.24,-3.36,0.55,473782.0,320406.0,1.48,2119842710.06,48.76,64.7,False,False,True,True,True,-2.67,4.25,4.33,False,False,False,False,-4.8,0.19170175,0.18279026,4.88,2.33,True,1.0,0.0,1.48,3.41,Actionable watch,Bullish flag,"flag, continuation, uptrend",4732.9,2026-08-18,0.68,,7.73,32.79,,Price has made a sharp impulse move and is now consolidating near the highs. A controlled pullback with quieter volume keeps the continuation setup alive.,Strengthening,5.46
JUBLFOOD,Jubilant Foodworks Ltd.,JUBLFOOD.NS,Consumer Services,True,,NIFTY 500,^CRSLDX,2026-09-01,484.4,-2.34,-5.94,4.17,685195.0,3455253.0,0.2,331908453.82,50.53,69.41,False,False,True,True,False,-2.43,6.13,-1.92,False,False,False,False,-0.77,0.02075416,0.01947362,6.58,5.11,True,0.3333333333333333,0.0,0.2,5.1,Actionable watch,Breakout retest,"breakout, retest, pivot, volume, flag, continuation, uptrend",473.17,2026-08-05,5.5,1.72,,,,Prior resistance has been cleared on higher volume and price is back near that pivot. This is the kind of retest zone where follow-through can matter more than chasing a stretched candle. Secondary patterns: Bullish flag.,Strengthening,5.42
PIDILITIND,Pidilite Industries Ltd.,PIDILITIND.NS,Chemicals,True,,NIFTY 500,^CRSLDX,2026-09-01,1643.5,-2.62,-0.46,1.45,990152.0,952322.0,1.04,1627314812.0,49.64,52.46,False,False,True,True,True,-1.45,1.5,1.3,False,False,False,False,1.32,0.0704159,0.06920219,1.75,2.05,True,1.0,0.0,1.04,3.4,Actionable watch,Possible inverse H&S,"inverse-head-and-shoulders, base, reversal",1474.9,,,11.43,,,1474.9,A possible inverse head-and-shoulders base is visible. The setup improves only if price clears or holds near the neckline with better volume.,Strengthening,5.4
WELSPUNLIV,Welspun Living Ltd.,WELSPUNLIV.NS,Textiles,True,,NIFTY 500,^CRSLDX,2026-09-01,198.41,1.12,4.26,23.44,5093626.0,10752230.0,0.47,1010626353.31,75.87,72.71,True,True,True,True,True,11.75,16.9,3.49,False,True,True,True,41.07,0.00850089,0.00723442,17.51,30.86,True,1.0,1.0,0.47,3.4,Actionable watch,Possible inverse H&S,"inverse-head-and-shoulders, base, reversal",144.65,,,37.17,,,144.65,A possible inverse head-and-shoulders base is visible. The setup improves only if price clears or holds near the neckline with better volume.,Strengthening,5.39
LTTS,L&T Technology Services Ltd.,LTTS.NS,Information Technology,True,,NIFTY 500,^CRSLDX,2026-09-01,3587.8,-0.57,0.55,2.45,36033.0,109487.0,0.33,129279199.16,55.37,54.35,True,True,True,True,False,0.52,4.48,-1.4,False,False,False,False,-8.36,0.1537196,0.14674132,4.76,2.64,True,0.3333333333333333,0.0,0.33,3.25,Watch,Bullish flag,"flag, continuation, uptrend, inverse-head-and-shoulders, base, reversal",3652.7,2026-08-11,0.55,,5.57,19.85,,Price has made a sharp impulse move and is now consolidating near the highs. A controlled pullback with quieter volume keeps the continuation setup alive. Secondary patterns: Possible inverse H&S.,Strengthening,5.37
TVSMOTOR,TVS Motor Company Ltd.,TVSMOTOR.NS,Automobile and Auto Components,True,,NIFTY 500,^CRSLDX,2026-09-01,4203.0,-3.19,-4.91,-3.6,1908908.0,927637.0,2.06,8023140324.0,46.69,66.83,False,False,True,True,True,-3.99,4.82,2.38,False,False,False,False,-18.96,0.18007789,0.17068819,5.5,-2.34,True,1.0,0.0,2.06,3.4,Actionable watch,Possible inverse H&S,"inverse-head-and-shoulders, base, reversal, flag, continuation, uptrend",3910.25,,,7.49,,,3910.25,A possible inverse head-and-shoulders base is visible. The setup improves only if price clears or holds near the neckline with better volume. Secondary patterns: Bullish flag.,Setup watch: Possible inverse H&S,5.32
BLUEJET,Blue Jet Healthcare Ltd.,BLUEJET.NS,Healthcare,True,,NIFTY 500,^CRSLDX,2026-09-01,586.35,1.31,-0.48,0.74,691650.0,662828.0,1.04,405548960.61,50.44,51.25,False,False,True,True,True,-0.64,0.94,-0.73,False,False,False,False,-1.84,0.02512221,0.02479665,1.31,1.44,True,0.6666666666666666,0.0,1.04,3.4,Actionable watch,Possible inverse H&S,"inverse-head-and-shoulders, base, reversal, flag, continuation, uptrend",544.38,,,7.71,,,544.38,A possible inverse head-and-shoulders base is visible. The setup improves only if price clears or holds near the neckline with better volume. Secondary patterns: Bullish flag.,Strengthening,5.28
CONCOR,Container Corporation of India Ltd.,CONCOR.NS,Services,True,,NIFTY 500,^CRSLDX,2026-09-01,514.0,0.41,-0.39,-0.19,1247573.0,1575589.0,0.79,641252522.0,52.27,54.58,True,False,True,True,True,-0.15,3.25,-0.23,False,False,False,False,-7.24,0.02202237,0.02127135,3.53,0.15,True,0.6666666666666666,0.0,0.79,4.58,Actionable watch,Breakout retest,"breakout, retest, pivot, volume, flag, continuation, uptrend, inverse-head-and-shoulders, base, reversal",526.08,2026-08-13,2.15,2.3,,,,"Prior resistance has been cleared on higher volume and price is back near that pivot. This is the kind of retest zone where follow-through can matter more than chasing a stretched candle. Secondary patterns: Bullish flag, Possible inverse H&S.",Strengthening,5.23
ENDURANCE,Endurance Technologies Ltd.,ENDURANCE.NS,Automobile and Auto Components,True,,NIFTY 500,^CRSLDX,2026-09-01,2841.7,-1.03,-4.88,0.11,42725.0,146244.0,0.29,121411630.41,43.88,60.5,False,False,True,True,True,-3.82,1.39,0.38,False,False,False,False,-0.1,0.12175287,0.11968042,1.73,3.96,True,1.0,0.0,0.29,4.67,Actionable watch,Breakout retest,"breakout, retest, pivot, volume, inverse-head-and-shoulders, base, reversal",2741.7,2026-07-30,1.54,3.2,,,,Prior resistance has been cleared on higher volume and price is back near that pivot. This is the kind of retest zone where follow-through can matter more than chasing a stretched candle. Secondary patterns: Possible inverse H&S.,Strengthening,5.19
APOLLOTYRE,Apollo Tyres Ltd.,APOLLOTYRE.NS,Automobile and Auto Components,True,,NIFTY 500,^CRSLDX,2026-09-01,442.7,0.85,0.29,0.99,276871.0,1033069.0,0.27,122570795.08,54.92,54.7,True,True,True,True,False,0.29,1.65,-1.39,False,False,False,False,8.47,0.01896752,0.01861723,1.88,3.41,True,0.3333333333333333,0.0,0.27,2.31,Actionable watch,Possible inverse H&S,"inverse-head-and-shoulders, base, reversal",446.57,,,0.87,,,446.57,A possible inverse head-and-shoulders base is visible. The setup improves only if price clears or holds near the neckline with better volume.,Strengthening,5.19
MINDACORP,Minda Corporation Ltd.,MINDACORP.NS,Automobile and Auto Components,True,,NIFTY 500,^CRSLDX,2026-09-01,712.4,-0.02,1.26,-1.25,204293.0,790637.0,0.26,145538338.19,50.87,47.03,False,False,True,True,True,-1.14,1.58,2.44,False,False,False,False,-2.8,0.03052284,0.02996742,1.85,-0.03,True,1.0,0.0,0.26,4.7,Actionable watch,Breakout retest,"breakout, retest, pivot, volume, inverse-head-and-shoulders, base, reversal",712.58,2026-08-03,2.99,0.02,,,,Prior resistance has been cleared on higher volume and price is back near that pivot. This is the kind of retest zone where follow-through can matter more than chasing a stretched candle. Secondary patterns: Possible inverse H&S.,Setup watch: Breakout retest,5.19
IDFCFIRSTB,IDFC First Bank Ltd.,IDFCFIRSTB.NS,Financial Services,True,,NIFTY 500,^CRSLDX,2026-09-01,84.9,-1.24,-0.12,-0.99,11578556.0,11764898.0,0.98,983019422.07,52.81,54.36,False,False,True,True,True,-0.3,2.76,0.83,False,False,True,False,-3.37,0.00363755,0.00353242,2.98,0.97,True,1.0,0.5,0.98,3.4,Actionable watch,Possible inverse H&S,"inverse-head-and-shoulders, base, reversal",71.98,,,17.95,,,71.98,A possible inverse head-and-shoulders base is visible. The setup improves only if price clears or holds near the neckline with better volume.,Strengthening,5.18
ACE,Action Construction Equipment Ltd.,ACE.NS,Capital Goods,True,,NIFTY 500,^CRSLDX,2026-09-01,1093.8,-1.5,-5.28,-0.44,183665.0,365472.0,0.5,200892785.97,47.29,59.82,False,False,True,True,True,-3.12,3.12,0.65,False,False,False,False,-7.22,0.04686396,0.04528625,3.48,0.91,True,1.0,0.0,0.5,3.4,Actionable watch,Possible inverse H&S,"inverse-head-and-shoulders, base, reversal, flag, continuation, uptrend",960.7,,,13.85,,,960.7,A possible inverse head-and-shoulders base is visible. The setup improves only if price clears or holds near the neckline with better volume. Secondary patterns: Bullish flag.,Strengthening,5.17
EIDPARRY,E.I.D. Parry (India) Ltd.,EIDPARRY.NS,Fast Moving Consumer Goods,True,,NIFTY 500,^CRSLDX,2026-09-01,795.6,-0.48,-1.83,-0.93,304036.0,931314.0,0.33,241891034.18,52.03,57.29,False,False,True,True,False,-0.17,3.21,-2.83,False,False,False,False,3.85,0.03408755,0.03290883,3.58,3.98,True,0.3333333333333333,0.0,0.33,3.9,Actionable watch,Breakout retest,"breakout, retest, pivot, volume, inverse-head-and-shoulders, base, reversal",796.12,2026-08-05,2.61,0.07,,,,Prior resistance has been cleared on higher volume and price is back near that pivot. This is the kind of retest zone where follow-through can matter more than chasing a stretched candle. Secondary patterns: Possible inverse H&S.,Strengthening,5.16
ABB,ABB India Ltd.,ABB.NS,Capital Goods,True,,NIFTY 500,^CRSLDX,2026-09-01,7396.0,-3.17,-3.03,-2.82,253174.0,171452.0,1.48,1872474904.0,46.7,58.85,False,False,True,True,True,-2.36,1.42,4.15,False,False,False,False,-5.4,0.31688224,0.31187533,1.61,0.4,True,1.0,0.0,1.48,3.4,Actionable watch,Possible inverse H&S,"inverse-head-and-shoulders, base, reversal",5654.0,,,30.81,,,5654.0,A possible inverse head-and-shoulders base is visible. The setup improves only if price clears or holds near the neckline with better volume.,Strengthening,5.07
LTM,LTM Ltd.,LTM.NS,Information Technology,True,,NIFTY 500,^CRSLDX,2026-09-01,4625.0,1.87,2.14,1.45,265043.0,390337.0,0.68,1225823875.0,56.78,53.97,True,True,True,True,False,0.26,8.78,-1.99,False,False,False,False,-23.3,0.19815851,0.18113365,9.4,0.57,True,0.3333333333333333,0.0,0.68,3.46,Actionable watch,Bullish flag,"flag, continuation, uptrend, inverse-head-and-shoulders, base, reversal",4850.0,2026-08-11,0.73,,9.86,37.08,,Price has made a sharp impulse move and is now consolidating near the highs. A controlled pullback with quieter volume keeps the continuation setup alive. Secondary patterns: Possible inverse H&S.,Strengthening,5.03
ATHERENERG,Ather Energy Ltd.,ATHERENERG.NS,Automobile and Auto Components,True,,NIFTY 500,^CRSLDX,2026-09-01,1725.6,0.46,19.88,18.97,9560905.0,5017991.0,1.91,16498297434.58,78.7,57.56,True,True,True,True,True,14.1,30.36,9.89,False,True,True,True,26.94,0.07393348,0.05604902,31.91,38.28,True,1.0,1.0,1.91,0.0,No clear setup,,,,,,,,,,,Strengthening with volume,5.0
HINDZINC,Hindustan Zinc Ltd.,HINDZINC.NS,Metals & Mining,True,,NIFTY 500,^CRSLDX,2026-09-01,597.0,0.26,0.74,6.06,5674108.0,7578428.0,0.75,3387442476.0,55.16,59.8,False,True,True,True,True,1.22,7.56,2.05,False,False,False,False,11.64,0.02557852,0.02372966,7.79,11.31,True,0.6666666666666666,0.0,0.75,-2.0,Risk review,Head-and-shoulders risk,"head-and-shoulders, risk, distribution, flag, continuation, uptrend, inverse-head-and-shoulders, base, reversal",574.25,,,3.96,,,574.25,"A possible head-and-shoulders top is forming or breaking. This is a caution signal, not an entry setup. Secondary patterns: Bullish flag, Possible inverse H&S.",Risk review,5.0
MOTHERSON,Samvardhana Motherson International Ltd.,MOTHERSON.NS,Automobile and Auto Components,True,,NIFTY 500,^CRSLDX,2026-09-01,165.6,-2.98,-0.51,9.67,14095049.0,19740847.0,0.71,2334140200.43,55.81,62.85,False,False,True,True,True,-0.73,7.23,4.91,False,False,True,False,3.76,0.00709515,0.00658278,7.78,8.95,True,1.0,0.5,0.71,0.0,No clear setup,,,,,,,,,,,Strengthening,5.0
SYRMA,Syrma SGS Technology Ltd.,SYRMA.NS,Capital Goods,True,,NIFTY 500,^CRSLDX,2026-09-01,1447.9,0.76,-0.7,1.95,608471.0,1112630.0,0.55,881005175.76,51.63,55.35,False,False,True,True,True,-1.07,2.28,6.89,False,False,False,False,12.35,0.0620354,0.06040102,2.71,8.64,True,1.0,0.0,0.55,0.0,No clear setup,,,,,,,,,,,Strengthening,5.0
LICHSGFIN,LIC Housing Finance Ltd.,LICHSGFIN.NS,Financial Services,True,,NIFTY 500,^CRSLDX,2026-09-01,534.9,-0.65,5.71,6.57,2000062.0,2743525.0,0.73,1069833212.63,63.08,49.88,True,True,True,True,True,6.14,2.42,-1.12,False,False,False,False,14.12,0.02291784,0.02235374,2.52,7.22,True,0.3333333333333333,0.0,0.73,-2.0,Risk review,Head-and-shoulders risk,"head-and-shoulders, risk, distribution",533.52,,,0.26,,,533.52,"A possible head-and-shoulders top is forming or breaking. This is a caution signal, not an entry setup.",Risk review,5.0
MAZDOCK,Mazagoan Dock Shipbuilders Ltd.,MAZDOCK.NS,Capital Goods,True,,NIFTY 500,^CRSLDX,2026-09-01,2485.0,0.2,-4.79,4.21,471989.0,976340.0,0.48,1172892665.0,46.54,66.23,False,False,True,False,True,-2.42,1.01,-0.8,False,False,False,False,14.81,0.10647003,0.10529338,1.12,6.23,True,0.3333333333333333,0.0,0.48,0.0,No clear setup,,,,,,,,,,,Strengthening,5.0
JMFINANCIL,JM Financial Ltd.,JMFINANCIL.NS,Financial Services,True,,NIFTY 500,^CRSLDX,2026-09-01,128.25,0.2,-1.64,3.78,1945307.0,3337858.0,0.58,249485622.75,51.43,58.23,False,False,True,True,False,-0.11,1.5,-2.37,False,False,False,False,18.14,0.00549488,0.00540759,1.61,8.19,True,0.3333333333333333,0.0,0.58,2.2,Watch,Possible inverse H&S,"inverse-head-and-shoulders, base, reversal",135.06,,,5.05,,,135.06,A possible inverse head-and-shoulders base is visible. The setup improves only if price clears or holds near the neckline with better volume.,Strengthening,4.97
HYUNDAI,Hyundai Motor India Ltd.,HYUNDAI.NS,Automobile and Auto Components,True,,NIFTY 500,^CRSLDX,2026-09-01,2179.8,-1.14,-2.36,-0.87,604623.0,649307.0,0.93,1317957244.92,51.97,65.38,False,False,True,True,True,-1.64,5.33,-0.56,False,False,False,False,-6.71,0.09339372,0.08827179,5.8,1.69,True,0.6666666666666666,0.0,0.93,2.2,Actionable watch,Possible inverse H&S,"inverse-head-and-shoulders, base, reversal",2215.65,,,1.62,,,2215.65,A possible inverse head-and-shoulders base is visible. The setup improves only if price clears or holds near the neckline with better volume.,Strengthening,4.91
JINDALSAW,Jindal Saw Ltd.,JINDALSAW.NS,Capital Goods,True,,NIFTY 500,^CRSLDX,2026-09-01,309.75,0.03,9.94,17.15,4108753.0,3050203.0,1.35,1272686241.75,71.57,59.91,True,True,True,True,True,9.94,14.9,5.18,False,False,True,False,23.55,0.01327126,0.01148892,15.51,21.83,True,1.0,0.5,1.35,0.0,No clear setup,,,,,,,,,,,Strengthening,4.9
IPCALAB,Ipca Laboratories Ltd.,IPCALAB.NS,Healthcare,True,,NIFTY 500,^CRSLDX,2026-09-01,1987.6,0.64,3.06,17.69,216268.0,722771.0,0.3,429854271.52,70.57,66.25,True,True,True,True,True,7.12,10.69,3.72,False,True,True,True,22.56,0.08515889,0.07654516,11.25,17.88,True,1.0,1.0,0.3,0.0,No clear setup,,,,,,,,,,,Strengthening,4.9
ANURAS,Anupam Rasayan India Ltd.,ANURAS.NS,Chemicals,True,,NIFTY 500,^CRSLDX,2026-09-01,1259.8,-0.24,-0.38,3.74,218667.0,298464.0,0.73,275476697.28,60.76,65.74,True,True,True,False,False,2.27,1.16,1.14,False,False,False,False,12.36,0.05397624,0.05332546,1.22,6.2,True,0.6666666666666666,0.0,0.73,0.0,No clear setup,,,,,,,,,,,Strengthening,4.9
GABRIEL,Gabriel India Ltd.,GABRIEL.NS,Automobile and Auto Components,True,,NIFTY 500,^CRSLDX,2026-09-01,1426.3,-0.81,5.97,-6.63,647256.0,336277.0,1.92,923181264.4,52.92,41.5,True,False,True,True,True,-0.96,3.8,1.76,False,False,False,False,-22.5,0.06110995,0.05866021,4.18,-4.57,True,1.0,0.0,1.92,3.4,Actionable watch,Possible inverse H&S,"inverse-head-and-shoulders, base, reversal, flag, continuation, uptrend",1076.4,,,32.51,,,1076.4,A possible inverse head-and-shoulders base is visible. The setup improves only if price clears or holds near the neckline with better volume. Secondary patterns: Bullish flag.,Setup watch: Possible inverse H&S,4.88
ESCORTS,Escorts Kubota Ltd.,ESCORTS.NS,Capital Goods,True,,NIFTY 500,^CRSLDX,2026-09-01,3016.1,0.7,-1.59,-2.74,115818.0,70593.0,1.64,349318681.11,46.84,52.13,False,False,True,True,False,-1.81,0.42,-1.69,False,False,False,False,-5.4,0.12922506,0.12843638,0.61,-1.9,True,0.3333333333333333,0.0,1.64,4.7,Actionable watch,Breakout retest,"breakout, retest, pivot, volume",3030.92,2026-07-31,3.39,0.49,,,,Prior resistance has been cleared on higher volume and price is back near that pivot. This is the kind of retest zone where follow-through can matter more than chasing a stretched candle.,Setup watch: Breakout retest,4.82
BAJAJHLDNG,Bajaj Holdings & Investment Ltd.,BAJAJHLDNG.NS,Financial Services,True,,NIFTY 500,^CRSLDX,2026-09-01,11310.0,-2.87,0.18,-1.44,44565.0,42626.0,1.05,504030150.0,51.41,53.99,False,False,True,True,True,-0.82,2.94,-0.93,False,False,False,False,-6.11,0.4845779,0.46964009,3.18,-0.56,True,0.6666666666666666,0.0,1.05,3.21,Actionable watch,Possible inverse H&S,"inverse-head-and-shoulders, base, reversal",11107.5,,,1.82,,,11107.5,A possible inverse head-and-shoulders base is visible. The setup improves only if price clears or holds near the neckline with better volume.,Setup watch: Possible inverse H&S,4.81
PFOCUS,Prime Focus Ltd.,PFOCUS.NS,Media Entertainment & Publication,True,,NIFTY 500,^CRSLDX,2026-09-01,286.5,-0.28,-5.37,-5.38,803146.0,923000.0,0.87,230101329.0,50.4,60.05,False,False,True,True,True,-0.24,5.23,4.59,False,False,False,False,-27.6,0.01227512,0.01158962,5.91,-2.2,True,1.0,0.0,0.87,4.7,Actionable watch,Breakout retest,"breakout, retest, pivot, volume, inverse-head-and-shoulders, base, reversal",293.07,2026-07-29,3.63,2.24,,,,Prior resistance has been cleared on higher volume and price is back near that pivot. This is the kind of retest zone where follow-through can matter more than chasing a stretched candle. Secondary patterns: Possible inverse H&S.,Setup watch: Breakout retest,4.76
NCC,NCC Ltd.,NCC.NS,Construction,True,,NIFTY 500,^CRSLDX,2026-09-01,146.46,-1.29,-1.25,3.92,2319566.0,2927470.0,0.79,339723651.93,54.47,61.16,False,True,True,False,False,1.61,2.39,-3.58,False,False,False,False,10.5,0.00627509,0.00613175,2.34,5.02,True,0.3333333333333333,0.0,0.79,0.0,No clear setup,,,,,,,,,,,Strengthening,4.7
LODHA,Lodha Developers Ltd.,LODHA.NS,Realty,True,,NIFTY 500,^CRSLDX,2026-09-01,1193.9,-0.39,-6.81,-2.58,1844586.0,1270048.0,1.45,2202251270.43,46.07,64.52,False,False,True,True,True,-3.17,1.9,0.38,False,False,False,False,-12.82,0.05115275,0.04978614,2.74,-1.45,True,1.0,0.0,1.45,3.4,Actionable watch,Possible inverse H&S,"inverse-head-and-shoulders, base, reversal",1004.0,,,18.91,,,1004.0,A possible inverse head-and-shoulders base is visible. The setup improves only if price clears or holds near the neckline with better volume.,Setup watch: Possible inverse H&S,4.7
CGPOWER,CG Power and Industrial Solutions Ltd.,CGPOWER.NS,Capital Goods,True,,NIFTY 500,^CRSLDX,2026-09-01,885.5,-3.33,0.8,0.62,2968646.0,2071246.0,1.43,2628736033.0,49.98,48.59,True,True,False,True,True,0.18,-1.19,1.93,False,False,False,False,21.4,0.03793932,0.03843546,-1.29,9.32,False,0.6666666666666666,0.0,1.43,3.41,Watch,Breakout retest,"breakout, retest, pivot, volume",892.92,2026-08-31,1.42,0.83,,,,Prior resistance has been cleared on higher volume and price is back near that pivot. This is the kind of retest zone where follow-through can matter more than chasing a stretched candle.,Setup watch: Breakout retest,4.69
NMDC,NMDC Ltd.,NMDC.NS,Metals & Mining,True,,NIFTY 500,^CRSLDX,2026-09-01,85.69,-2.85,-0.29,1.77,11310649.0,19202032.0,0.59,969209540.42,50.44,54.98,False,True,True,False,True,0.15,0.93,1.53,False,False,False,False,7.3,0.0036714,0.00363526,0.99,4.28,True,1.0,0.0,0.59,-2.0,Risk review,Head-and-shoulders risk,"head-and-shoulders, risk, distribution, breakout, retest, pivot, volume",84.94,,,0.88,,,84.94,"A possible head-and-shoulders top is forming or breaking. This is a caution signal, not an entry setup. Secondary patterns: Breakout retest.",Risk review,4.66
KFINTECH,Kfin Technologies Ltd.,KFINTECH.NS,Financial Services,True,,NIFTY 500,^CRSLDX,2026-09-01,937.5,-3.35,-2.95,-1.21,575479.0,970500.0,0.59,539511562.5,48.67,58.59,False,False,True,True,False,-1.4,2.52,-1.54,False,False,False,False,-5.72,0.04016727,0.03908884,2.76,1.17,True,0.3333333333333333,0.0,0.59,4.65,Actionable watch,Breakout retest,"breakout, retest, pivot, volume, inverse-head-and-shoulders, base, reversal",942.54,2026-07-28,2.3,0.53,,,,Prior resistance has been cleared on higher volume and price is back near that pivot. This is the kind of retest zone where follow-through can matter more than chasing a stretched candle. Secondary patterns: Possible inverse H&S.,Strengthening,4.63
PNB,Punjab National Bank,PNB.NS,Financial Services,True,,NIFTY 500,^CRSLDX,2026-09-01,115.22,0.87,-0.61,1.08,10967579.0,13142933.0,0.83,1263684465.77,53.13,57.29,False,False,True,True,True,-0.64,3.56,-0.08,False,False,False,False,-2.69,0.00493661,0.00475548,3.81,3.99,True,0.3333333333333333,0.0,0.83,0.0,No clear setup,,,,,,,,,,,Strengthening,4.6
SUMICHEM,Sumitomo Chemical India Ltd.,SUMICHEM.NS,Chemicals,True,,NIFTY 500,^CRSLDX,2026-09-01,514.2,-0.63,-1.4,0.45,104407.0,386613.0,0.27,53686080.67,43.48,46.14,False,False,True,True,True,-4.37,0.21,0.86,False,False,False,False,-3.51,0.02203094,0.02188143,0.68,1.66,True,1.0,0.0,0.27,3.44,Actionable watch,Bullish flag,"flag, continuation, uptrend, inverse-head-and-shoulders, base, reversal",564.95,2026-08-14,0.14,,10.61,34.87,,Price has made a sharp impulse move and is now consolidating near the highs. A controlled pullback with quieter volume keeps the continuation setup alive. Secondary patterns: Possible inverse H&S.,Strengthening,4.54
NYKAA,FSN E-Commerce Ventures Ltd.,NYKAA.NS,Consumer Services,True,,NIFTY 500,^CRSLDX,2026-09-01,338.5,-3.16,1.35,-1.17,8375735.0,6458098.0,1.3,2835186297.5,55.69,56.98,True,True,True,True,True,1.9,3.88,2.85,False,False,False,False,-8.22,0.01450306,0.01391919,4.19,0.09,True,1.0,0.0,1.3,0.0,No clear setup,,,,,,,,,,,Strengthening,4.52
KALYANKJIL,Kalyan Jewellers India Ltd.,KALYANKJIL.NS,Consumer Durables,True,,NIFTY 500,^CRSLDX,2026-09-01,573.0,-4.66,-6.46,-3.11,13217657.0,11935155.0,1.11,7573717461.0,45.42,62.89,False,False,True,True,True,-4.91,6.16,2.23,False,False,False,False,-60.89,0.02455023,0.02287319,7.33,-3.89,True,1.0,0.0,1.11,4.8,Actionable watch,High-tight flag,"flag, continuation, uptrend, high-tight, inverse-head-and-shoulders, base, reversal",634.6,2026-07-30,0.26,,13.07,78.89,,Price has made a sharp impulse move and is now consolidating near the highs. A controlled pullback with quieter volume keeps the continuation setup alive. Secondary patterns: Possible inverse H&S.,Setup watch: High-tight flag,4.42
TCS,Tata Consultancy Services Ltd.,TCS.NS,Information Technology,True,,NIFTY 500,^CRSLDX,2026-09-01,2369.0,-1.26,3.17,-3.7,2677188.0,2730811.0,0.98,6342258372.0,55.29,47.9,True,True,True,True,False,1.05,5.09,-2.24,False,False,False,False,-21.34,0.1015,0.09621533,5.49,-2.33,True,0.3333333333333333,0.0,0.98,3.32,Watch,Bullish flag,"flag, continuation, uptrend, inverse-head-and-shoulders, base, reversal",2473.7,2026-08-03,0.56,,10.24,25.45,,Price has made a sharp impulse move and is now consolidating near the highs. A controlled pullback with quieter volume keeps the continuation setup alive. Secondary patterns: Possible inverse H&S.,Setup watch: Bullish flag,4.4
BALKRISIND,Balkrishna Industries Ltd.,BALKRISIND.NS,Automobile and Auto Components,True,,NIFTY 500,^CRSLDX,2026-09-01,2331.8,2.31,-1.46,-6.42,511137.0,713660.0,0.72,1191869281.56,49.85,53.54,False,False,True,True,True,-2.77,2.92,0.43,False,False,False,False,-15.62,0.09990617,0.09682067,3.19,-4.43,True,0.6666666666666666,0.0,0.72,5.1,Actionable watch,Breakout retest,"breakout, retest, pivot, volume, flag, continuation, uptrend, inverse-head-and-shoulders, base, reversal",2308.14,2026-07-31,9.07,0.57,,,,"Prior resistance has been cleared on higher volume and price is back near that pivot. This is the kind of retest zone where follow-through can matter more than chasing a stretched candle. Secondary patterns: Bullish flag, Possible inverse H&S.",Setup watch: Breakout retest,4.31
HINDCOPPER,Hindustan Copper Ltd.,HINDCOPPER.NS,Metals & Mining,True,,NIFTY 500,^CRSLDX,2026-09-01,526.65,0.25,-1.13,6.97,13694841.0,18685195.0,0.73,7212388347.0,47.96,50.15,False,False,True,False,True,-3.44,2.76,4.18,False,False,False,False,9.95,0.02256436,0.02191647,2.96,8.49,True,1.0,0.0,0.73,-2.0,Risk review,Head-and-shoulders risk,"head-and-shoulders, risk, distribution, flag, continuation, uptrend",512.88,,,2.69,,,512.88,"A possible head-and-shoulders top is forming or breaking. This is a caution signal, not an entry setup. Secondary patterns: Bullish flag.",Risk review,4.3
RBLBANK,RBL Bank Ltd.,RBLBANK.NS,Financial Services,True,,NIFTY 500,^CRSLDX,2026-09-01,380.5,0.04,-0.91,0.25,2288691.0,2113667.0,1.08,870846925.5,49.46,53.64,False,False,True,True,True,-1.44,1.51,2.03,False,False,False,False,0.91,0.01630255,0.01603655,1.66,2.4,True,1.0,0.0,1.08,0.0,No clear setup,,,,,,,,,,,Strengthening,4.28
SPLPETRO,Supreme Petrochem Ltd.,SPLPETRO.NS,Chemicals,True,,NIFTY 500,^CRSLDX,2026-09-01,718.5,-1.45,2.61,0.24,151613.0,144519.0,1.05,108933940.5,52.94,45.86,True,True,True,True,True,1.7,0.35,-0.23,False,False,False,False,4.51,0.03078419,0.03072151,0.2,2.35,True,0.6666666666666666,0.0,1.05,-2.0,Risk review,Head-and-shoulders risk,"head-and-shoulders, risk, distribution, breakout, retest, pivot, volume",688.05,,,4.43,,,688.05,"A possible head-and-shoulders top is forming or breaking. This is a caution signal, not an entry setup. Secondary patterns: Breakout retest.",Risk review,4.27
FEDERALBNK,Federal Bank Ltd.,FEDERALBNK.NS,Financial Services,True,,NIFTY 500,^CRSLDX,2026-09-01,349.25,-2.09,0.66,-3.31,3391183.0,4631632.0,0.73,1184370662.75,49.13,46.12,False,False,True,True,True,-1.11,1.27,4.3,False,False,False,False,-14.64,0.01496365,0.01473494,1.55,-3.85,True,1.0,0.0,0.73,3.4,Actionable watch,Possible inverse H&S,"inverse-head-and-shoulders, base, reversal",279.5,,,24.96,,,279.5,A possible inverse head-and-shoulders base is visible. The setup improves only if price clears or holds near the neckline with better volume.,Setup watch: Possible inverse H&S,4.22
WELCORP,Welspun Corp Ltd.,WELCORP.NS,Capital Goods,True,,NIFTY 500,^CRSLDX,2026-09-01,2553.6,6.8,8.87,47.05,3607141.0,2695634.0,1.34,9211195609.86,83.02,83.62,True,True,True,True,True,22.67,43.11,11.28,False,True,True,True,42.42,0.10940921,0.07543986,45.03,51.82,True,1.0,1.0,1.34,0.0,No clear setup,,,,,,,,,,,Strengthening,4.2
CYIENT,Cyient Ltd.,CYIENT.NS,Information Technology,True,,NIFTY 500,^CRSLDX,2026-09-01,1164.6,-0.87,18.95,34.23,1708732.0,1717603.0,0.99,1989989245.48,84.27,73.53,True,True,True,True,True,24.39,31.04,-2.31,False,False,False,False,41.18,0.04989738,0.03783496,31.88,38.34,True,0.3333333333333333,0.0,0.99,0.0,No clear setup,,,,,,,,,,,Strengthening,4.2
APLAPOLLO,APL Apollo Tubes Ltd.,APLAPOLLO.NS,Capital Goods,True,,NIFTY 500,^CRSLDX,2026-09-01,2234.0,0.48,4.43,16.35,642022.0,616878.0,1.04,1434277148.0,75.33,75.87,True,True,True,True,True,6.4,15.53,1.7,False,False,True,False,11.42,0.09571592,0.08241495,16.14,17.35,True,0.6666666666666666,0.5,1.04,0.0,No clear setup,,,,,,,,,,,Strengthening,4.2
BEL,Bharat Electronics Ltd.,BEL.NS,Capital Goods,True,,NIFTY 500,^CRSLDX,2026-09-01,411.2,-0.78,-0.5,5.17,5623065.0,10049358.0,0.56,2312204396.64,53.83,58.19,True,True,True,False,False,0.8,1.08,-0.17,False,False,False,False,16.36,0.0176179,0.01743993,1.02,7.08,True,0.3333333333333333,0.0,0.56,-2.0,Risk review,Head-and-shoulders risk,"head-and-shoulders, risk, distribution",394.27,,,4.29,,,394.27,"A possible head-and-shoulders top is forming or breaking. This is a caution signal, not an entry setup.",Risk review,4.2
BAJAJFINSV,Bajaj Finserv Ltd.,BAJAJFINSV.NS,Financial Services,True,,NIFTY 500,^CRSLDX,2026-09-01,1972.0,-2.42,-1.6,-6.32,788337.0,932812.0,0.85,1554600564.0,46.54,54.63,False,False,True,True,True,-2.34,1.83,-0.43,False,False,False,False,-14.36,0.08449051,0.08266328,2.21,-4.05,True,0.6666666666666666,0.0,0.85,3.25,Watch,Bullish flag,"flag, continuation, uptrend, inverse-head-and-shoulders, base, reversal",2105.0,2026-08-04,0.67,,7.39,19.75,,Price has made a sharp impulse move and is now consolidating near the highs. A controlled pullback with quieter volume keeps the continuation setup alive. Secondary patterns: Possible inverse H&S.,Setup watch: Bullish flag,4.13
NUVAMA,Nuvama Wealth Management Ltd.,NUVAMA.NS,Financial Services,True,,NIFTY 500,^CRSLDX,2026-09-01,1785.0,1.79,1.73,5.36,430689.0,329576.0,1.31,768779865.0,53.82,50.82,True,True,False,True,True,3.52,-0.82,2.03,False,False,False,False,10.11,0.07647848,0.07697205,-0.64,3.1,False,0.6666666666666666,0.0,1.31,3.4,Actionable watch,Possible inverse H&S,"inverse-head-and-shoulders, base, reversal",1458.45,,,22.39,,,1458.45,A possible inverse head-and-shoulders base is visible. The setup improves only if price clears or holds near the neckline with better volume.,Setup watch: Possible inverse H&S,4.11
WIPRO,Wipro Ltd.,WIPRO.NS,Information Technology,True,,NIFTY 500,^CRSLDX,2026-09-01,181.7,-1.52,0.89,-2.47,6810762.0,7835621.0,0.87,1237515434.62,51.35,47.23,True,False,True,False,False,-0.31,1.98,-2.43,False,False,False,False,-9.54,0.00778495,0.0076213,2.15,-1.78,True,0.3333333333333333,0.0,0.87,4.94,Actionable watch,Breakout retest,"breakout, retest, pivot, volume",180.85,2026-08-31,2.07,0.47,,,,Prior resistance has been cleared on higher volume and price is back near that pivot. This is the kind of retest zone where follow-through can matter more than chasing a stretched candle.,Setup watch: Breakout retest,4.04
UNITDSPR,United Spirits Ltd.,UNITDSPR.NS,Fast Moving Consumer Goods,True,,NIFTY 500,^CRSLDX,2026-09-01,1470.0,-1.34,-5.16,-3.61,392264.0,546719.0,0.72,576628080.0,41.21,63.68,False,False,True,True,True,-3.73,0.71,1.09,False,False,False,False,-8.36,0.06298227,0.06225648,1.17,-2.02,True,1.0,0.0,0.72,5.1,Actionable watch,Breakout retest,"breakout, retest, pivot, volume, flag, continuation, uptrend, inverse-head-and-shoulders, base, reversal",1425.33,2026-07-24,4.53,2.36,,,,"Prior resistance has been cleared on higher volume and price is back near that pivot. This is the kind of retest zone where follow-through can matter more than chasing a stretched candle. Secondary patterns: Bullish flag, Possible inverse H&S.",Setup watch: Breakout retest,4.0
VEDL,Vedanta Ltd.,VEDL.NS,Metals & Mining,True,,NIFTY 500,^CRSLDX,2026-09-01,274.0,-1.51,-0.36,1.86,6762844.0,14042295.0,0.48,1853019256.0,48.77,51.63,False,False,True,False,False,-0.49,0.81,-4.33,False,False,False,False,11.26,0.01173955,0.01165581,0.72,4.56,True,0.3333333333333333,0.0,0.48,0.0,No clear setup,,,,,,,,,,,Strengthening,3.91
HINDALCO,Hindalco Industries Ltd.,HINDALCO.NS,Metals & Mining,True,,NIFTY 500,^CRSLDX,2026-09-01,1014.4,-0.1,-3.49,-0.55,2764904.0,4405886.0,0.63,2804718685.1,47.41,58.43,False,False,True,False,True,-2.61,2.21,2.5,False,False,False,False,3.55,0.04346205,0.04246746,2.34,3.98,True,1.0,0.0,0.63,-2.0,Risk review,Head-and-shoulders risk,"head-and-shoulders, risk, distribution, breakout, retest, pivot, volume, inverse-head-and-shoulders, base, reversal",979.8,,,3.53,,,979.8,"A possible head-and-shoulders top is forming or breaking. This is a caution signal, not an entry setup. Secondary patterns: Breakout retest, Possible inverse H&S.",Risk review,3.9
COCHINSHIP,Cochin Shipyard Ltd.,COCHINSHIP.NS,Capital Goods,True,,NIFTY 500,^CRSLDX,2026-09-01,1475.9,-2.26,-2.81,3.21,404423.0,1072690.0,0.38,596887915.57,47.81,61.1,False,False,True,False,False,-1.55,1.19,-1.75,False,False,False,False,10.15,0.06323506,0.0623902,1.35,4.39,True,0.3333333333333333,0.0,0.38,0.0,No clear setup,,,,,,,,,,,Strengthening,3.88
PCBL,PCBL Chemical Ltd.,PCBL.NS,Chemicals,True,,NIFTY 500,^CRSLDX,2026-09-01,317.5,0.14,-1.12,-1.57,550588.0,1039880.0,0.53,174811690.0,48.28,51.31,False,False,False,True,True,-1.03,-0.24,-1.07,False,False,False,False,0.66,0.01360331,0.01360152,0.01,0.46,True,0.3333333333333333,0.0,0.53,2.41,Actionable watch,Possible inverse H&S,"inverse-head-and-shoulders, base, reversal",319.32,,,0.57,,,319.32,A possible inverse head-and-shoulders base is visible. The setup improves only if price clears or holds near the neckline with better volume.,Setup watch: Possible inverse H&S,3.74
NATIONALUM,National Aluminium Co. Ltd.,NATIONALUM.NS,Metals & Mining,True,,NIFTY 500,^CRSLDX,2026-09-01,372.0,-2.49,-6.49,-1.08,6151988.0,7893704.0,0.78,2288539536.0,45.68,59.67,False,False,True,False,True,-4.34,2.37,4.54,False,False,False,False,-0.41,0.01593837,0.01555098,2.49,3.07,True,1.0,0.0,0.78,-2.0,Risk review,Head-and-shoulders risk,"head-and-shoulders, risk, distribution, flag, continuation, uptrend",361.48,,,2.91,,,361.48,"A possible head-and-shoulders top is forming or breaking. This is a caution signal, not an entry setup. Secondary patterns: Bullish flag.",Risk review,3.71
BLUEDART,Blue Dart Express Ltd.,BLUEDART.NS,Services,True,,NIFTY 500,^CRSLDX,2026-09-01,5105.0,3.68,2.21,-4.84,29783.0,13433.0,2.22,152042215.0,54.03,44.65,True,True,True,True,False,0.46,1.89,-1.73,False,False,False,False,-11.51,0.21872416,0.21440641,2.01,-4.07,True,0.3333333333333333,0.0,2.22,0.0,No clear setup,,,,,,,,,,,Neutral / watch,3.69
NEWGEN,Newgen Software Technologies Ltd.,NEWGEN.NS,Information Technology,True,,NIFTY 500,^CRSLDX,2026-09-01,532.05,0.61,1.24,-5.22,1182518.0,1330036.0,0.89,629158687.46,49.91,47.64,True,False,True,True,False,-0.95,1.8,-6.4,False,False,False,False,-20.28,0.02279573,0.02228088,2.31,-3.58,True,0.3333333333333333,0.0,0.89,4.7,Actionable watch,Breakout retest,"breakout, retest, pivot, volume, inverse-head-and-shoulders, base, reversal",539.77,2026-08-28,13.64,1.43,,,,Prior resistance has been cleared on higher volume and price is back near that pivot. This is the kind of retest zone where follow-through can matter more than chasing a stretched candle. Secondary patterns: Possible inverse H&S.,Setup watch: Breakout retest,3.68
SWIGGY,Swiggy Ltd.,SWIGGY.NS,Consumer Services,True,,NIFTY 500,^CRSLDX,2026-09-01,275.0,-2.45,-4.31,-5.5,5370376.0,13392248.0,0.4,1476853400.0,46.61,59.34,False,False,True,True,False,-2.16,1.58,-4.15,False,False,False,False,-16.78,0.0117824,0.01156799,1.85,-2.62,True,0.3333333333333333,0.0,0.4,3.3,Watch,Bullish flag,"flag, continuation, uptrend, inverse-head-and-shoulders, base, reversal",295.91,2026-07-30,0.71,,9.7,23.94,,Price has made a sharp impulse move and is now consolidating near the highs. A controlled pullback with quieter volume keeps the continuation setup alive. Secondary patterns: Possible inverse H&S.,Setup watch: Bullish flag,3.63
LTF,L&T Finance Ltd.,LTF.NS,Financial Services,True,,NIFTY 500,^CRSLDX,2026-09-01,309.05,-3.72,-3.27,-2.78,9358601.0,4588799.0,2.04,2892275524.81,45.6,55.35,False,False,False,True,True,-2.22,-1.52,1.42,False,False,False,False,5.83,0.01324127,0.01339726,-1.16,-0.89,False,0.6666666666666666,0.0,2.04,4.78,Actionable watch,Breakout retest,"breakout, retest, pivot, volume, inverse-head-and-shoulders, base, reversal",303.35,2026-06-30,1.76,0.64,,,,Prior resistance has been cleared on higher volume and price is back near that pivot. This is the kind of retest zone where follow-through can matter more than chasing a stretched candle. Secondary patterns: Possible inverse H&S.,Setup watch: Breakout retest,3.62
HEXT,Hexaware Technologies Ltd.,HEXT.NS,Information Technology,True,,NIFTY 500,^CRSLDX,2026-09-01,551.1,-0.66,-1.04,-0.69,132621.0,332503.0,0.4,73087429.86,47.7,50.16,False,False,False,True,False,-1.36,-0.31,-2.31,False,False,False,False,-2.49,0.02361192,0.02360047,0.05,0.39,True,0.0,0.0,0.4,4.7,Actionable watch,Breakout retest,"breakout, retest, pivot, volume",558.12,2026-07-28,8.52,1.26,,,,Prior resistance has been cleared on higher volume and price is back near that pivot. This is the kind of retest zone where follow-through can matter more than chasing a stretched candle.,Setup watch: Breakout retest,3.48
HCLTECH,HCL Technologies Ltd.,HCLTECH.NS,Information Technology,True,,NIFTY 500,^CRSLDX,2026-09-01,1351.4,2.99,2.71,-1.35,4030238.0,1982652.0,2.03,5446463731.59,59.48,52.97,True,True,True,True,False,1.51,8.11,-1.1,False,False,False,False,-20.66,0.05790085,0.05330863,8.61,0.09,True,0.3333333333333333,0.0,2.03,-3.0,Risk review,Head-and-shoulders risk,"head-and-shoulders, risk, distribution, flag, continuation, uptrend, inverse-head-and-shoulders, base, reversal",1438.9,,,6.08,,,1438.9,"A possible head-and-shoulders top is forming or breaking. This is a caution signal, not an entry setup. Secondary patterns: Bullish flag, Possible inverse H&S.",Risk review,3.47
VTL,Vardhman Textiles Ltd.,VTL.NS,Textiles,True,,NIFTY 500,^CRSLDX,2026-09-01,602.3,5.29,1.01,1.56,26383634.0,1489890.0,17.71,15890862436.13,51.94,46.91,True,True,False,False,True,1.5,-1.64,3.11,False,False,False,False,17.77,0.02580559,0.02626801,-1.76,5.29,False,0.6666666666666666,0.0,17.71,-2.0,Risk review,Head-and-shoulders risk,"head-and-shoulders, risk, distribution",580.17,,,3.81,,,580.17,"A possible head-and-shoulders top is forming or breaking. This is a caution signal, not an entry setup.",Risk review,3.46
NAM-INDIA,Nippon Life India Asset Management Ltd.,NAM-INDIA.NS,Financial Services,True,,NIFTY 500,^CRSLDX,2026-09-01,1178.9,0.56,-3.72,-1.92,1257707.0,1304618.0,0.96,1482710813.01,46.99,56.84,False,False,False,True,True,-1.69,-0.38,3.34,False,False,False,False,8.22,0.05051007,0.05064091,-0.26,3.2,False,0.6666666666666666,0.0,0.96,3.4,Actionable watch,Possible inverse H&S,"inverse-head-and-shoulders, base, reversal",1068.35,,,10.35,,,1068.35,A possible inverse head-and-shoulders base is visible. The setup improves only if price clears or holds near the neckline with better volume.,Setup watch: Possible inverse H&S,3.43
TITAGARH,Titagarh Rail Systems Ltd.,TITAGARH.NS,Capital Goods,True,,NIFTY 500,^CRSLDX,2026-09-01,833.95,1.94,0.21,-1.86,585521.0,382835.0,1.53,488295245.1,48.74,46.87,False,False,False,True,True,-0.52,-1.62,-0.49,False,False,False,False,1.6,0.03573066,0.03637337,-1.77,-1.0,False,0.3333333333333333,0.0,1.53,3.4,Actionable watch,Possible inverse H&S,"inverse-head-and-shoulders, base, reversal",796.33,,,4.72,,,796.33,A possible inverse head-and-shoulders base is visible. The setup improves only if price clears or holds near the neckline with better volume.,Setup watch: Possible inverse H&S,3.39
TATACOMM,Tata Communications Ltd.,TATACOMM.NS,Telecommunication,True,,NIFTY 500,^CRSLDX,2026-09-01,1733.8,0.6,1.99,-2.51,196386.0,257020.0,0.76,340494056.39,50.51,41.84,True,True,False,False,True,1.36,-3.57,-0.94,False,False,False,False,6.7,0.07428481,0.07732477,-3.93,-0.67,False,0.3333333333333333,0.0,0.76,3.4,Actionable watch,Possible inverse H&S,"inverse-head-and-shoulders, base, reversal",1692.55,,,2.44,,,1692.55,A possible inverse head-and-shoulders base is visible. The setup improves only if price clears or holds near the neckline with better volume.,Setup watch: Possible inverse H&S,3.36
RELIANCE,Reliance Industries Ltd.,RELIANCE.NS,Oil Gas & Consumable Fuels,True,,NIFTY 500,^CRSLDX,2026-09-01,1309.0,2.51,-0.61,1.4,12613543.0,11438146.0,1.1,16511127787.0,51.48,52.58,True,False,True,False,False,-0.1,0.43,-1.14,False,False,False,False,2.93,0.05608422,0.05580773,0.5,1.21,True,0.3333333333333333,0.0,1.1,0.0,No clear setup,,,,,,,,,,,Strengthening,3.24
GAIL,GAIL (India) Ltd.,GAIL.NS,Oil Gas & Consumable Fuels,True,,NIFTY 500,^CRSLDX,2026-09-01,172.69,-2.71,-1.6,-1.32,8004338.0,8217715.0,0.97,1382269148.76,48.07,53.56,False,False,False,True,True,-0.86,-0.6,-0.09,False,False,False,False,3.0,0.00739892,0.00744177,-0.58,1.04,False,0.3333333333333333,0.0,0.97,3.95,Actionable watch,Breakout retest,"breakout, retest, pivot, volume, inverse-head-and-shoulders, base, reversal",172.03,2026-07-27,1.7,0.02,,,,Prior resistance has been cleared on higher volume and price is back near that pivot. This is the kind of retest zone where follow-through can matter more than chasing a stretched candle. Secondary patterns: Possible inverse H&S.,Setup watch: Breakout retest,3.19
KIRLOSENG,Kirloskar Oil Eng Ltd.,KIRLOSENG.NS,Capital Goods,True,,NIFTY 500,^CRSLDX,2026-09-01,2138.3,1.85,5.37,-5.96,385486.0,451674.0,0.85,824284732.62,50.76,39.4,True,True,False,True,True,1.22,-4.04,7.6,False,False,False,False,1.1,0.09161565,0.09564837,-4.22,-2.0,False,0.6666666666666666,0.0,0.85,3.4,Actionable watch,Possible inverse H&S,"inverse-head-and-shoulders, base, reversal",1377.0,,,55.29,,,1377.0,A possible inverse head-and-shoulders base is visible. The setup improves only if price clears or holds near the neckline with better volume.,Setup watch: Possible inverse H&S,3.09
M&MFIN,Mahindra & Mahindra Financial Services Ltd.,M&MFIN.NS,Financial Services,True,,NIFTY 500,^CRSLDX,2026-09-01,364.4,-2.31,-4.47,-8.58,1423593.0,2133679.0,0.67,518757280.51,41.62,52.71,False,False,True,True,True,-6.09,1.08,2.65,False,False,False,False,-31.38,0.01561275,0.01531161,1.97,-8.35,True,1.0,0.0,0.67,3.56,Actionable watch,Bullish flag,"flag, continuation, uptrend, inverse-head-and-shoulders, base, reversal",412.3,2026-08-10,0.31,,13.55,44.75,,Price has made a sharp impulse move and is now consolidating near the highs. A controlled pullback with quieter volume keeps the continuation setup alive. Secondary patterns: Possible inverse H&S.,Setup watch: Bullish flag,3.05
GRANULES,Granules India Ltd.,GRANULES.NS,Healthcare,True,,NIFTY 500,^CRSLDX,2026-09-01,837.2,1.05,-1.03,1.39,346188.0,532808.0,0.65,289828597.83,47.37,49.07,False,False,False,True,True,-1.34,-0.99,4.37,False,False,False,False,3.87,0.03586991,0.03615658,-0.79,1.26,False,0.6666666666666666,0.0,0.65,3.4,Actionable watch,Possible inverse H&S,"inverse-head-and-shoulders, base, reversal",633.5,,,32.15,,,633.5,A possible inverse head-and-shoulders base is visible. The setup improves only if price clears or holds near the neckline with better volume.,Setup watch: Possible inverse H&S,3.04
AIIL,Authum Investment & Infrastructure Ltd.,AIIL.NS,Financial Services,True,,NIFTY 500,^CRSLDX,2026-09-01,539.3,-3.85,-4.83,-3.45,522877.0,594343.0,0.88,281987559.72,45.6,54.45,False,False,False,True,True,-4.08,-0.8,-0.52,False,False,False,False,-3.24,0.02310635,0.02328357,-0.76,0.22,False,0.3333333333333333,0.0,0.88,5.1,Actionable watch,Breakout retest,"breakout, retest, pivot, volume, inverse-head-and-shoulders, base, reversal",522.62,2026-06-12,48.34,2.6,,,,Prior resistance has been cleared on higher volume and price is back near that pivot. This is the kind of retest zone where follow-through can matter more than chasing a stretched candle. Secondary patterns: Possible inverse H&S.,Setup watch: Breakout retest,3.04
ASHOKLEY,Ashok Leyland Ltd.,ASHOKLEY.NS,Capital Goods,True,,NIFTY 500,^CRSLDX,2026-09-01,170.53,-2.91,-2.38,-0.9,16855875.0,16560429.0,1.02,2874432343.17,48.52,59.11,False,False,True,True,True,-2.7,3.07,2.29,False,False,False,False,-3.81,0.00730637,0.00705412,3.58,-0.37,True,0.6666666666666666,0.0,1.02,-2.0,Risk review,Head-and-shoulders risk,"head-and-shoulders, risk, distribution, flag, continuation, uptrend, inverse-head-and-shoulders, base, reversal",164.33,,,3.78,,,164.33,"A possible head-and-shoulders top is forming or breaking. This is a caution signal, not an entry setup. Secondary patterns: Bullish flag, Possible inverse H&S.",Risk review,3.03
ABSLAMC,Aditya Birla Sun Life AMC Ltd.,ABSLAMC.NS,Financial Services,True,,NIFTY 500,^CRSLDX,2026-09-01,1029.1,-2.16,2.73,3.36,303733.0,187156.0,1.62,312571622.88,49.78,43.26,True,True,False,False,True,0.78,-2.66,2.72,False,False,False,False,14.62,0.04409188,0.04540042,-2.88,3.12,False,0.6666666666666666,0.0,1.62,-2.0,Risk review,Head-and-shoulders risk,"head-and-shoulders, risk, distribution",989.45,,,4.01,,,989.45,"A possible head-and-shoulders top is forming or breaking. This is a caution signal, not an entry setup.",Risk review,3.02
HOMEFIRST,Home First Finance Company India Ltd.,HOMEFIRST.NS,Financial Services,True,,NIFTY 500,^CRSLDX,2026-09-01,1182.8,1.55,-0.71,1.12,112117.0,118656.0,0.94,132611993.07,48.74,51.99,False,False,False,True,True,-0.18,-1.09,-0.11,False,False,False,False,6.36,0.05067717,0.05108428,-0.8,3.08,False,0.3333333333333333,0.0,0.94,2.2,Watch,Possible inverse H&S,"inverse-head-and-shoulders, base, reversal",1252.35,,,5.55,,,1252.35,A possible inverse head-and-shoulders base is visible. The setup improves only if price clears or holds near the neckline with better volume.,Setup watch: Possible inverse H&S,2.99
ZYDUSWELL,Zydus Wellness Ltd.,ZYDUSWELL.NS,Fast Moving Consumer Goods,True,,NIFTY 500,^CRSLDX,2026-09-01,528.8,-0.3,0.64,-3.89,128038.0,278667.0,0.46,67706492.84,50.42,49.48,True,True,False,True,True,2.49,-3.52,0.96,False,False,False,False,1.56,0.02265648,0.02348419,-3.52,-3.67,False,0.6666666666666666,0.0,0.46,5.1,Actionable watch,Breakout retest,"breakout, retest, pivot, volume, inverse-head-and-shoulders, base, reversal",528.36,2026-06-22,4.07,0.08,,,,Prior resistance has been cleared on higher volume and price is back near that pivot. This is the kind of retest zone where follow-through can matter more than chasing a stretched candle. Secondary patterns: Possible inverse H&S.,Setup watch: Breakout retest,2.97
KAYNES,Kaynes Technology India Ltd.,KAYNES.NS,Capital Goods,True,,NIFTY 500,^CRSLDX,2026-09-01,3600.5,-2.29,-8.52,-7.08,1132934.0,1347400.0,0.84,4079128867.0,44.11,64.3,False,False,True,True,False,-5.46,1.91,-6.94,False,False,False,False,-15.01,0.15426373,0.15051133,2.49,-3.5,True,0.3333333333333333,0.0,0.84,5.1,Actionable watch,Breakout retest,"breakout, retest, pivot, volume, flag, continuation, uptrend",3420.38,2026-07-29,5.92,4.73,,,,Prior resistance has been cleared on higher volume and price is back near that pivot. This is the kind of retest zone where follow-through can matter more than chasing a stretched candle. Secondary patterns: Bullish flag.,Setup watch: Breakout retest,2.9
MRPL,Mangalore Refinery & Petrochemicals Ltd.,MRPL.NS,Oil Gas & Consumable Fuels,True,,NIFTY 500,^CRSLDX,2026-09-01,171.42,0.62,-0.24,1.05,13049629.0,11554157.0,1.13,2236967379.29,50.87,51.27,False,False,True,True,True,-0.7,3.5,0.9,False,False,False,False,-13.32,0.0073445,0.00707371,3.83,0.44,True,1.0,0.0,1.13,-3.0,Risk review,Head-and-shoulders risk,"head-and-shoulders, risk, distribution, flag, continuation, uptrend",176.7,,,2.99,,,176.7,"A possible head-and-shoulders top is forming or breaking. This is a caution signal, not an entry setup. Secondary patterns: Bullish flag.",Risk review,2.84
PHOENIXLTD,Phoenix Mills Ltd.,PHOENIXLTD.NS,Realty,True,,NIFTY 500,^CRSLDX,2026-09-01,1892.6,-0.39,-1.94,-2.05,730521.0,378762.0,1.93,1382584026.77,41.36,47.59,False,False,False,True,True,-1.21,-4.31,1.17,False,False,False,False,7.33,0.08108861,0.08458526,-4.13,-1.27,False,0.6666666666666666,0.0,1.93,5.1,Actionable watch,Breakout retest,"breakout, retest, pivot, volume, inverse-head-and-shoulders, base, reversal",1829.7,2026-06-16,2.47,2.08,,,,Prior resistance has been cleared on higher volume and price is back near that pivot. This is the kind of retest zone where follow-through can matter more than chasing a stretched candle. Secondary patterns: Possible inverse H&S.,Setup watch: Breakout retest,2.75
ADANIPORTS,Adani Ports and Special Economic Zone Ltd.,ADANIPORTS.NS,Services,True,,NIFTY 500,^CRSLDX,2026-09-01,1647.5,3.41,-3.24,-3.47,3770067.0,2288523.0,1.65,6211185382.5,41.76,46.99,False,False,False,False,True,-2.05,-5.93,1.45,False,False,False,False,8.95,0.07058728,0.07507446,-5.98,-1.22,False,0.6666666666666666,0.0,1.65,3.97,Actionable watch,Breakout retest,"breakout, retest, pivot, volume, inverse-head-and-shoulders, base, reversal",1581.47,2026-09-01,1.75,2.75,,,,Prior resistance has been cleared on higher volume and price is back near that pivot. This is the kind of retest zone where follow-through can matter more than chasing a stretched candle. Secondary patterns: Possible inverse H&S.,Setup watch: Breakout retest,2.74
LICI,Life Insurance Corporation of India,LICI.NS,Financial Services,True,,NIFTY 500,^CRSLDX,2026-09-01,412.15,-1.4,-2.79,5.33,3608902.0,19097404.0,0.19,1487408937.27,46.91,56.98,False,True,False,True,True,0.31,-2.26,-0.71,False,False,False,False,-0.22,0.0176586,0.01806689,-2.26,-1.91,False,0.3333333333333333,0.0,0.19,2.2,Watch,Possible inverse H&S,"inverse-head-and-shoulders, base, reversal",438.21,,,5.95,,,438.21,A possible inverse head-and-shoulders base is visible. The setup improves only if price clears or holds near the neckline with better volume.,Setup watch: Possible inverse H&S,2.69
INDUSINDBK,IndusInd Bank Ltd.,INDUSINDBK.NS,Financial Services,True,,NIFTY 500,^CRSLDX,2026-09-01,992.6,-2.36,-2.21,-3.26,1742533.0,1091056.0,1.6,1729638213.26,44.55,52.11,False,False,False,True,True,-1.99,-0.93,2.48,False,False,False,False,-1.93,0.04252803,0.04279682,-0.63,-1.61,False,0.6666666666666666,0.0,1.6,4.76,Actionable watch,Breakout retest,"breakout, retest, pivot, volume, inverse-head-and-shoulders, base, reversal",956.31,2026-07-03,1.73,3.0,,,,Prior resistance has been cleared on higher volume and price is back near that pivot. This is the kind of retest zone where follow-through can matter more than chasing a stretched candle. Secondary patterns: Possible inverse H&S.,Setup watch: Breakout retest,2.68
BPCL,Bharat Petroleum Corporation Ltd.,BPCL.NS,Oil Gas & Consumable Fuels,True,,NIFTY 500,^CRSLDX,2026-09-01,317.65,-1.98,-0.14,-1.96,6047271.0,4998070.0,1.21,1920915596.24,51.82,53.96,True,True,True,True,False,0.22,1.1,-0.7,False,False,False,False,-7.23,0.01360974,0.01343563,1.3,-1.82,True,0.3333333333333333,0.0,1.21,-2.0,Risk review,Head-and-shoulders risk,"head-and-shoulders, risk, distribution, breakout, retest, pivot, volume",306.05,,,3.79,,,306.05,"A possible head-and-shoulders top is forming or breaking. This is a caution signal, not an entry setup. Secondary patterns: Breakout retest.",Risk review,2.64
CREDITACC,CreditAccess Grameen Ltd.,CREDITACC.NS,Financial Services,True,,NIFTY 500,^CRSLDX,2026-09-01,1393.3,2.19,-1.57,-10.55,559597.0,280497.0,2.0,779686527.42,35.79,32.44,False,False,False,False,True,-6.46,-7.81,0.82,False,False,False,False,-5.47,0.05969606,0.0646198,-7.62,-8.81,False,0.6666666666666666,0.0,2.0,3.78,Actionable watch,Breakout retest,"breakout, retest, pivot, volume, inverse-head-and-shoulders, base, reversal",1317.22,2026-06-15,1.37,2.38,,,,Prior resistance has been cleared on higher volume and price is back near that pivot. This is the kind of retest zone where follow-through can matter more than chasing a stretched candle. Secondary patterns: Possible inverse H&S.,Mean reversion bounce,2.62
CHOLAFIN,Cholamandalam Investment and Finance Company Ltd.,CHOLAFIN.NS,Financial Services,True,,NIFTY 500,^CRSLDX,2026-09-01,1814.7,-2.3,-3.11,-3.22,1873408.0,1057381.0,1.77,3399673406.12,43.68,53.66,False,False,False,True,True,-3.57,-0.78,1.06,False,False,False,False,-2.48,0.07775097,0.07807626,-0.42,-1.99,False,0.6666666666666666,0.0,1.77,4.2,Actionable watch,Breakout retest,"breakout, retest, pivot, volume, inverse-head-and-shoulders, base, reversal",1839.62,2026-08-03,1.39,1.35,,,,Prior resistance has been cleared on higher volume and price is back near that pivot. This is the kind of retest zone where follow-through can matter more than chasing a stretched candle. Secondary patterns: Possible inverse H&S.,Setup watch: Breakout retest,2.6
WHIRLPOOL,Whirlpool of India Ltd.,WHIRLPOOL.NS,Consumer Durables,True,,NIFTY 500,^CRSLDX,2026-09-01,801.15,-0.25,5.04,-1.77,349145.0,588969.0,0.59,279717525.27,54.03,42.27,True,True,True,False,False,1.83,1.74,-5.97,False,False,False,False,-1.67,0.03432534,0.03370366,1.84,-0.31,True,0.3333333333333333,0.0,0.59,-3.0,Risk review,Head-and-shoulders risk,"head-and-shoulders, risk, distribution",812.17,,,1.36,,,812.17,"A possible head-and-shoulders top is forming or breaking. This is a caution signal, not an entry setup.",Risk review,2.59
HSCL,Himadri Speciality Chemical Ltd.,HSCL.NS,Chemicals,True,,NIFTY 500,^CRSLDX,2026-09-01,680.85,3.28,3.2,-9.42,14159103.0,7760753.0,1.82,9640224931.87,42.1,33.63,True,False,False,True,True,-5.85,-4.95,4.81,False,False,False,False,-15.52,0.02917107,0.03060229,-4.68,-7.5,False,0.6666666666666666,0.0,1.82,3.4,Actionable watch,Possible inverse H&S,"inverse-head-and-shoulders, base, reversal",575.9,,,18.22,,,575.9,A possible inverse head-and-shoulders base is visible. The setup improves only if price clears or holds near the neckline with better volume.,Mean reversion bounce,2.49
GODREJIND,Godrej Industries Ltd.,GODREJIND.NS,Diversified,True,,NIFTY 500,^CRSLDX,2026-09-01,1152.9,1.62,-1.12,-11.91,465931.0,149503.0,3.12,537171861.28,37.02,32.62,False,False,False,False,True,-5.81,-8.41,1.29,False,False,False,False,-20.94,0.0493961,0.05380095,-8.19,-12.07,False,0.6666666666666666,0.0,3.12,3.4,Actionable watch,Possible inverse H&S,"inverse-head-and-shoulders, base, reversal",1053.4,,,9.45,,,1053.4,A possible inverse head-and-shoulders base is visible. The setup improves only if price clears or holds near the neckline with better volume.,Mean reversion bounce,2.49
CIPLA,Cipla Ltd.,CIPLA.NS,Healthcare,True,,NIFTY 500,^CRSLDX,2026-09-01,1423.0,0.98,0.07,-2.53,880086.0,760490.0,1.16,1252362378.0,46.45,42.78,False,False,False,True,True,-1.16,-1.3,-0.72,False,False,False,False,-0.16,0.06096855,0.06169154,-1.17,-1.57,False,0.3333333333333333,0.0,1.16,3.4,Actionable watch,Possible inverse H&S,"inverse-head-and-shoulders, base, reversal",1380.4,,,3.09,,,1380.4,A possible inverse head-and-shoulders base is visible. The setup improves only if price clears or holds near the neckline with better volume.,Setup watch: Possible inverse H&S,2.48
TARIL,Transformers And Rectifiers (India) Ltd.,TARIL.NS,Capital Goods,True,,NIFTY 500,^CRSLDX,2026-09-01,308.9,-1.56,0.34,5.0,1323009.0,1901654.0,0.7,408677472.02,54.1,54.23,True,True,False,False,True,3.3,-1.71,-3.81,False,False,False,False,21.36,0.01323485,0.01350667,-2.01,6.61,False,0.3333333333333333,0.0,0.7,-3.0,Risk review,Head-and-shoulders risk,"head-and-shoulders, risk, distribution, breakout, retest, pivot, volume",309.4,,,0.16,,,309.4,"A possible head-and-shoulders top is forming or breaking. This is a caution signal, not an entry setup. Secondary patterns: Breakout retest.",Risk review,2.45
POLYCAB,Polycab India Ltd.,POLYCAB.NS,Capital Goods,True,,NIFTY 500,^CRSLDX,2026-09-01,8895.5,-5.82,-2.23,-3.06,652932.0,284165.0,2.3,5808156606.0,42.75,47.23,False,False,False,False,True,-3.0,-3.66,1.95,False,False,False,False,7.62,0.38112845,0.39636728,-3.84,0.42,False,0.6666666666666666,0.0,2.3,2.2,Watch,Possible inverse H&S,"inverse-head-and-shoulders, base, reversal",9424.0,,,5.61,,,9424.0,A possible inverse head-and-shoulders base is visible. The setup improves only if price clears or holds near the neckline with better volume.,Setup watch: Possible inverse H&S,2.45
NIVABUPA,Niva Bupa Health Insurance Company Ltd.,NIVABUPA.NS,Financial Services,True,,NIFTY 500,^CRSLDX,2026-09-01,82.3,1.28,-1.09,-5.74,1203956.0,724997.0,1.66,99085582.47,41.59,41.89,False,False,False,False,True,-1.76,-3.35,1.05,False,False,False,False,-2.52,0.00352615,0.00365059,-3.41,-3.04,False,0.6666666666666666,0.0,1.66,4.75,Actionable watch,Breakout retest,"breakout, retest, pivot, volume, inverse-head-and-shoulders, base, reversal",80.86,2026-09-01,1.71,0.87,,,,Prior resistance has been cleared on higher volume and price is back near that pivot. This is the kind of retest zone where follow-through can matter more than chasing a stretched candle. Secondary patterns: Possible inverse H&S.,Setup watch: Breakout retest,2.39
ACUTAAS,Acutaas Chemicals Ltd.,ACUTAAS.NS,Healthcare,True,,NIFTY 500,^CRSLDX,2026-09-01,3174.3,0.43,-4.2,-1.55,333568.0,258342.0,1.29,1058844918.69,45.25,52.18,False,False,False,True,True,-1.96,-5.51,6.38,False,False,False,False,16.59,0.13600315,0.14376912,-5.4,3.88,False,0.6666666666666666,0.0,1.29,0.0,No clear setup,,,,,,,,,,,Neutral / watch,2.38
SAREGAMA,Saregama India Ltd,SAREGAMA.NS,Media Entertainment & Publication,True,,NIFTY 500,^CRSLDX,2026-09-01,493.75,2.89,-2.17,-8.99,443927.0,604755.0,0.73,219188956.25,45.5,47.09,False,False,False,True,True,-3.92,-1.87,1.93,False,False,False,False,-5.8,0.02115476,0.02150936,-1.65,-2.07,False,0.6666666666666666,0.0,0.73,3.4,Actionable watch,Possible inverse H&S,"inverse-head-and-shoulders, base, reversal",378.15,,,30.57,,,378.15,A possible inverse head-and-shoulders base is visible. The setup improves only if price clears or holds near the neckline with better volume.,Setup watch: Possible inverse H&S,2.38
DCMSHRIRAM,DCM Shriram Ltd.,DCMSHRIRAM.NS,Diversified,True,,NIFTY 500,^CRSLDX,2026-09-01,1030.4,1.35,-2.14,0.36,122199.0,117687.0,1.04,125913852.58,48.66,55.29,False,False,True,False,False,-0.06,0.13,-1.87,False,False,False,False,2.03,0.04414758,0.04404757,0.23,2.04,True,0.3333333333333333,0.0,1.04,-3.0,Risk review,Head-and-shoulders risk,"head-and-shoulders, risk, distribution",1035.1,,,0.45,,,1035.1,"A possible head-and-shoulders top is forming or breaking. This is a caution signal, not an entry setup.",Risk review,2.36
DALBHARAT,Dalmia Bharat Ltd.,DALBHARAT.NS,Construction Materials,True,,NIFTY 500,^CRSLDX,2026-09-01,1806.6,-2.67,-0.95,-1.12,85364.0,306239.0,0.28,154218600.32,44.76,48.14,False,False,False,False,False,-2.29,-0.24,-1.32,False,False,False,False,-2.56,0.07740393,0.07734462,0.08,-0.12,True,0.0,0.0,0.28,3.39,Watch,Breakout retest,"breakout, retest, pivot, volume",1848.98,2026-08-19,1.38,2.29,,,,Prior resistance has been cleared on higher volume and price is back near that pivot. This is the kind of retest zone where follow-through can matter more than chasing a stretched candle.,Setup watch: Breakout retest,2.36
INDHOTEL,Indian Hotels Co. Ltd.,INDHOTEL.NS,Consumer Services,True,,NIFTY 500,^CRSLDX,2026-09-01,718.0,-2.7,-1.64,-4.27,1128846.0,1568875.0,0.72,810511428.0,46.41,51.62,False,False,False,True,True,-1.07,-1.55,-0.0,False,False,False,False,-2.92,0.03076277,0.03123724,-1.52,-2.63,False,0.3333333333333333,0.0,0.72,3.4,Actionable watch,Possible inverse H&S,"inverse-head-and-shoulders, base, reversal",691.35,,,3.85,,,691.35,A possible inverse head-and-shoulders base is visible. The setup improves only if price clears or holds near the neckline with better volume.,Setup watch: Possible inverse H&S,2.26
FORTIS,Fortis Healthcare Ltd.,FORTIS.NS,Healthcare,True,,NIFTY 500,^CRSLDX,2026-09-01,915.0,0.89,-0.97,-1.91,1605501.0,1570278.0,1.02,1469033415.0,46.15,47.76,False,False,False,False,True,-0.52,-2.81,-1.19,False,False,False,False,4.74,0.03920325,0.04035737,-2.86,-0.73,False,0.3333333333333333,0.0,1.02,2.2,Watch,Possible inverse H&S,"inverse-head-and-shoulders, base, reversal",963.93,,,5.08,,,963.93,A possible inverse head-and-shoulders base is visible. The setup improves only if price clears or holds near the neckline with better volume.,Setup watch: Possible inverse H&S,2.22
MRF,MRF Ltd.,MRF.NS,Automobile and Auto Components,True,,NIFTY 500,^CRSLDX,2026-09-01,132335.0,-1.05,0.03,-0.31,2837.0,4389.0,0.65,375434395.0,48.37,48.5,False,False,False,True,False,-0.56,-0.09,-1.8,False,False,False,False,3.69,5.66990423,5.66947608,0.01,0.92,True,0.0,0.0,0.65,0.0,No clear setup,,,,,,,,,,,Neutral / watch,2.18
ZENTEC,Zen Technologies Ltd.,ZENTEC.NS,Capital Goods,True,,NIFTY 500,^CRSLDX,2026-09-01,1780.7,0.09,-5.17,5.84,334060.0,534501.0,0.62,594860625.69,45.08,56.9,False,False,False,True,True,-2.82,-0.6,3.02,False,False,False,False,21.68,0.07629424,0.07692961,-0.83,9.69,False,0.6666666666666666,0.0,0.62,-2.0,Risk review,Head-and-shoulders risk,"head-and-shoulders, risk, distribution, inverse-head-and-shoulders, base, reversal",1705.9,,,4.38,,,1705.9,"A possible head-and-shoulders top is forming or breaking. This is a caution signal, not an entry setup. Secondary patterns: Possible inverse H&S.",Risk review,2.1
CARBORUNIV,Carborundum Universal Ltd.,CARBORUNIV.NS,Capital Goods,True,,NIFTY 500,^CRSLDX,2026-09-01,1100.5,-0.55,-0.56,2.04,213964.0,257606.0,0.83,235467382.0,47.96,49.07,False,False,False,True,True,-1.91,-0.59,2.39,False,False,False,False,7.99,0.04715102,0.04751781,-0.77,2.45,False,0.6666666666666666,0.0,0.83,0.0,No clear setup,,,,,,,,,,,Neutral / watch,2.09
SHRIRAMFIN,Shriram Finance Ltd.,SHRIRAMFIN.NS,Financial Services,True,,NIFTY 500,^CRSLDX,2026-09-01,1059.1,-4.58,-6.97,-2.59,5670625.0,3978916.0,1.43,6005758799.06,42.38,61.66,False,False,False,True,True,-5.2,-1.16,3.88,False,False,False,False,-1.96,0.04537723,0.04572698,-0.76,-0.93,False,0.6666666666666666,0.0,1.43,4.25,Actionable watch,Breakout retest,"breakout, retest, pivot, volume, inverse-head-and-shoulders, base, reversal",1083.87,2026-08-31,1.49,2.29,,,,Prior resistance has been cleared on higher volume and price is back near that pivot. This is the kind of retest zone where follow-through can matter more than chasing a stretched candle. Secondary patterns: Possible inverse H&S.,Setup watch: Breakout retest,2.01
EXIDEIND,Exide Industries Ltd.,EXIDEIND.NS,Automobile and Auto Components,True,,NIFTY 500,^CRSLDX,2026-09-01,436.25,-0.91,-2.79,-4.82,2106057.0,3238732.0,0.65,918767366.25,40.89,46.21,False,False,False,True,True,-5.99,-0.72,2.23,False,False,False,False,-5.26,0.01869117,0.01873187,-0.22,0.05,False,0.6666666666666666,0.0,0.65,3.4,Actionable watch,Possible inverse H&S,"inverse-head-and-shoulders, base, reversal",360.8,,,20.91,,,360.8,A possible inverse head-and-shoulders base is visible. The setup improves only if price clears or holds near the neckline with better volume.,Setup watch: Possible inverse H&S,2.0
M&M,Mahindra & Mahindra Ltd.,M&M.NS,Automobile and Auto Components,True,,NIFTY 500,^CRSLDX,2026-09-01,3259.0,-0.7,-5.34,-5.07,1887143.0,1827891.0,1.03,6150199037.0,40.16,60.05,False,False,False,True,False,-4.32,-0.33,-0.53,False,False,False,False,-8.5,0.13963213,0.13951223,0.09,-3.06,True,0.0,0.0,1.03,4.95,Actionable watch,Breakout retest,"breakout, retest, pivot, volume",3208.9,2026-07-30,2.1,0.44,,,,Prior resistance has been cleared on higher volume and price is back near that pivot. This is the kind of retest zone where follow-through can matter more than chasing a stretched candle.,Setup watch: Breakout retest,1.99
BANKINDIA,Bank of India,BANKINDIA.NS,Financial Services,True,,NIFTY 500,^CRSLDX,2026-09-01,142.35,0.54,-1.14,1.36,3402188.0,5948348.0,0.57,484301482.57,48.78,53.9,False,False,False,True,False,-0.62,-0.07,0.61,False,False,False,False,4.38,0.006099,0.00609849,0.01,3.33,True,0.3333333333333333,0.0,0.57,-2.0,Risk review,Head-and-shoulders risk,"head-and-shoulders, risk, distribution",136.32,,,4.43,,,136.32,"A possible head-and-shoulders top is forming or breaking. This is a caution signal, not an entry setup.",Risk review,1.97
SUNDARMFIN,Sundaram Finance Ltd.,SUNDARMFIN.NS,Financial Services,True,,NIFTY 500,^CRSLDX,2026-09-01,4540.1,0.0,0.48,-5.0,19219.0,45452.0,0.42,87256183.78,49.78,48.97,True,False,False,True,False,-0.23,-0.15,-0.17,False,False,False,False,-7.43,0.19452097,0.19442408,0.05,-4.11,True,0.0,0.0,0.42,2.2,Watch,Possible inverse H&S,"inverse-head-and-shoulders, base, reversal",4725.0,,,3.91,,,4725.0,A possible inverse head-and-shoulders base is visible. The setup improves only if price clears or holds near the neckline with better volume.,Setup watch: Possible inverse H&S,1.95
ABDL,Allied Blenders and Distillers Ltd.,ABDL.NS,Fast Moving Consumer Goods,True,,NIFTY 500,^CRSLDX,2026-09-01,617.2,-0.19,-2.57,-0.91,230223.0,352118.0,0.65,142093638.41,50.79,56.0,True,True,False,True,True,0.96,-1.71,-0.04,False,False,False,False,14.8,0.02644399,0.02688886,-1.65,1.6,False,0.3333333333333333,0.0,0.65,-2.0,Risk review,Head-and-shoulders risk,"head-and-shoulders, risk, distribution, inverse-head-and-shoulders, base, reversal",595.08,,,3.72,,,595.08,"A possible head-and-shoulders top is forming or breaking. This is a caution signal, not an entry setup. Secondary patterns: Possible inverse H&S.",Risk review,1.92
APOLLOHOSP,Apollo Hospitals Enterprise Ltd.,APOLLOHOSP.NS,Healthcare,True,,NIFTY 500,^CRSLDX,2026-09-01,8755.0,-1.61,-1.51,-3.15,153239.0,416071.0,0.37,1341607445.0,47.94,54.59,False,False,False,True,True,-0.52,-0.61,1.37,False,False,False,False,3.66,0.37510871,0.37659017,-0.39,1.35,False,0.6666666666666666,0.0,0.37,0.0,No clear setup,,,,,,,,,,,Neutral / watch,1.87
INDIGO,InterGlobe Aviation Ltd.,INDIGO.NS,Services,True,,NIFTY 500,^CRSLDX,2026-09-01,5052.0,-3.48,-3.18,-5.71,788397.0,484458.0,1.63,3982981644.0,40.69,49.66,False,False,False,True,True,-3.65,-3.96,-1.07,False,False,False,False,-2.88,0.21645337,0.22458784,-3.62,-4.59,False,0.3333333333333333,0.0,1.63,3.4,Actionable watch,Possible inverse H&S,"inverse-head-and-shoulders, base, reversal",4902.15,,,3.06,,,4902.15,A possible inverse head-and-shoulders base is visible. The setup improves only if price clears or holds near the neckline with better volume.,Setup watch: Possible inverse H&S,1.87
ADANIENT,Adani Enterprises Ltd.,ADANIENT.NS,Metals & Mining,True,,NIFTY 500,^CRSLDX,2026-09-01,2863.9,0.17,-7.91,-6.1,3861581.0,1847381.0,2.09,11059181448.79,35.72,60.91,False,False,False,False,True,-5.11,-6.57,2.28,False,False,False,False,1.0,0.12270403,0.13104015,-6.36,-4.8,False,0.6666666666666666,0.0,2.09,3.4,Actionable watch,Possible inverse H&S,"inverse-head-and-shoulders, base, reversal",2295.95,,,24.74,,,2295.95,A possible inverse head-and-shoulders base is visible. The setup improves only if price clears or holds near the neckline with better volume.,Setup watch: Possible inverse H&S,1.83
RITES,RITES Ltd.,RITES.NS,Construction,True,,NIFTY 500,^CRSLDX,2026-09-01,216.38,-0.94,-0.6,0.71,350253.0,615853.0,0.57,75787745.85,45.42,47.06,False,False,False,True,False,-2.44,-1.14,-0.9,False,False,False,False,1.34,0.00927082,0.00936268,-0.98,1.23,False,0.3333333333333333,0.0,0.57,2.2,Watch,Possible inverse H&S,"inverse-head-and-shoulders, base, reversal",229.68,,,5.79,,,229.68,A possible inverse head-and-shoulders base is visible. The setup improves only if price clears or holds near the neckline with better volume.,Setup watch: Possible inverse H&S,1.82
MARICO,Marico Ltd.,MARICO.NS,Fast Moving Consumer Goods,True,,NIFTY 500,^CRSLDX,2026-09-01,838.1,2.21,-1.11,-4.22,3684792.0,1657337.0,2.22,3088224085.24,45.99,46.87,False,False,False,True,True,-1.26,-1.27,1.68,False,False,False,False,-6.93,0.03590846,0.03630713,-1.1,-2.98,False,0.6666666666666666,0.0,2.22,0.0,No clear setup,,,,,,,,,,,Weakening,1.8
JUBLINGREA,Jubilant Ingrevia Ltd.,JUBLINGREA.NS,Chemicals,True,,NIFTY 500,^CRSLDX,2026-09-01,693.25,2.72,-1.92,-7.73,704095.0,328678.0,2.14,488113858.75,42.93,44.02,False,False,False,False,True,-3.58,-2.34,0.62,False,False,False,False,-15.0,0.02970235,0.03034729,-2.13,-6.66,False,0.6666666666666666,0.0,2.14,4.52,Actionable watch,Breakout retest,"breakout, retest, pivot, volume, inverse-head-and-shoulders, base, reversal",695.95,2026-07-09,2.04,0.39,,,,Prior resistance has been cleared on higher volume and price is back near that pivot. This is the kind of retest zone where follow-through can matter more than chasing a stretched candle. Secondary patterns: Possible inverse H&S.,Setup watch: Breakout retest,1.8
IRB,IRB Infrastructure Developers Ltd.,IRB.NS,Construction,True,,NIFTY 500,^CRSLDX,2026-09-01,19.35,-0.05,2.87,-3.64,28853583.0,9302034.0,3.1,558316842.06,47.61,27.73,True,True,False,False,False,0.27,-2.86,-1.17,False,False,False,False,2.01,0.00082905,0.00085514,-3.05,-1.97,False,0.0,0.0,3.1,-3.0,Risk review,Head-and-shoulders risk,"head-and-shoulders, risk, distribution",19.64,,,1.45,,,19.64,"A possible head-and-shoulders top is forming or breaking. This is a caution signal, not an entry setup.",Risk review,1.76
LT,Larsen & Toubro Ltd.,LT.NS,Construction,True,,NIFTY 500,^CRSLDX,2026-09-01,3980.1,-1.6,-3.37,-0.25,944212.0,1335408.0,0.71,3758058273.41,44.26,62.84,False,False,False,False,True,-1.91,-0.35,0.41,False,False,False,False,2.79,0.17052772,0.17103714,-0.3,0.85,False,0.6666666666666666,0.0,0.71,2.2,Watch,Possible inverse H&S,"inverse-head-and-shoulders, base, reversal",4176.15,,,4.69,,,4176.15,A possible inverse head-and-shoulders base is visible. The setup improves only if price clears or holds near the neckline with better volume.,Setup watch: Possible inverse H&S,1.74
CCL,CCL Products (I) Ltd.,CCL.NS,Fast Moving Consumer Goods,True,,NIFTY 500,^CRSLDX,2026-09-01,1100.1,2.16,0.38,-1.68,99628.0,149152.0,0.67,109600760.37,43.8,36.86,True,False,False,False,True,-1.21,-4.78,1.92,False,False,False,False,3.06,0.04713388,0.04947597,-4.73,-2.37,False,0.6666666666666666,0.0,0.67,4.7,Actionable watch,Breakout retest,"breakout, retest, pivot, volume",1129.77,2026-06-08,32.09,2.63,,,,Prior resistance has been cleared on higher volume and price is back near that pivot. This is the kind of retest zone where follow-through can matter more than chasing a stretched candle.,Setup watch: Breakout retest,1.73
BELRISE,Belrise Industries Ltd.,BELRISE.NS,Automobile and Auto Components,True,,NIFTY 500,^CRSLDX,2026-09-01,230.73,-0.69,1.22,-4.0,2926066.0,4781035.0,0.61,675131195.68,43.82,39.78,False,False,False,True,True,-3.72,-2.38,4.54,False,False,False,False,-9.82,0.00988565,0.0101272,-2.39,-2.71,False,0.6666666666666666,0.0,0.61,5.1,Actionable watch,Breakout retest,"breakout, retest, pivot, volume",226.2,2026-06-09,9.51,1.06,,,,Prior resistance has been cleared on higher volume and price is back near that pivot. This is the kind of retest zone where follow-through can matter more than chasing a stretched candle.,Setup watch: Breakout retest,1.66
BATAINDIA,Bata India Ltd.,BATAINDIA.NS,Consumer Durables,True,,NIFTY 500,^CRSLDX,2026-09-01,677.35,-0.74,-1.07,-1.26,149428.0,674062.0,0.22,101215052.15,43.98,47.14,False,False,True,True,False,-3.04,0.03,-4.46,False,False,False,False,-2.02,0.02902112,0.02900504,0.06,0.68,True,0.3333333333333333,0.0,0.22,-2.0,Risk review,Head-and-shoulders risk,"head-and-shoulders, risk, distribution",657.95,,,2.95,,,657.95,"A possible head-and-shoulders top is forming or breaking. This is a caution signal, not an entry setup.",Risk review,1.64
POWERINDIA,Hitachi Energy India Ltd.,POWERINDIA.NS,Capital Goods,True,,NIFTY 500,^CRSLDX,2026-09-01,32640.0,-3.32,-1.98,2.01,100862.0,121971.0,0.83,3292135680.0,44.41,47.71,False,False,False,False,True,-4.11,-1.58,5.82,False,False,False,False,6.69,1.39846355,1.42415806,-1.8,4.05,False,0.6666666666666666,0.0,0.83,0.0,No clear setup,,,,,,,,,,,Neutral / watch,1.61
ZEEL,Zee Entertainment Enterprises Ltd.,ZEEL.NS,Media Entertainment & Publication,True,,NIFTY 500,^CRSLDX,2026-09-01,93.41,-0.18,-10.89,-6.17,34188570.0,36546588.0,0.94,3193554448.9,37.9,52.83,False,False,False,False,True,-6.5,-9.6,-0.26,False,False,False,False,2.2,0.00400216,0.00443918,-9.84,-2.93,False,0.3333333333333333,0.0,0.94,4.7,Actionable watch,Breakout retest,"breakout, retest, pivot, volume, inverse-head-and-shoulders, base, reversal",93.85,2026-06-01,4.32,0.47,,,,Prior resistance has been cleared on higher volume and price is back near that pivot. This is the kind of retest zone where follow-through can matter more than chasing a stretched candle. Secondary patterns: Possible inverse H&S.,Setup watch: Breakout retest,1.61
DELHIVERY,Delhivery Ltd.,DELHIVERY.NS,Services,True,,NIFTY 500,^CRSLDX,2026-09-01,460.8,1.01,2.87,-4.4,1174990.0,3059145.0,0.38,541435377.66,48.3,37.46,True,True,False,False,True,0.07,-3.39,0.05,False,False,False,False,10.94,0.01974301,0.02043939,-3.41,-0.01,False,0.6666666666666666,0.0,0.38,-2.0,Risk review,Head-and-shoulders risk,"head-and-shoulders, risk, distribution",443.12,,,3.99,,,443.12,"A possible head-and-shoulders top is forming or breaking. This is a caution signal, not an entry setup.",Risk review,1.6
AEGISVOPAK,Aegis Vopak Terminals Ltd.,AEGISVOPAK.NS,Oil Gas & Consumable Fuels,True,,NIFTY 500,^CRSLDX,2026-09-01,270.1,0.5,0.9,-8.8,711022.0,815586.0,0.87,192047046.54,47.96,45.12,True,False,False,True,True,-1.08,-1.37,-0.11,False,False,False,False,-14.93,0.01157246,0.01169739,-1.07,-8.73,False,0.3333333333333333,0.0,0.87,3.4,Actionable watch,Possible inverse H&S,"inverse-head-and-shoulders, base, reversal",244.72,,,10.37,,,244.72,A possible inverse head-and-shoulders base is visible. The setup improves only if price clears or holds near the neckline with better volume.,Setup watch: Possible inverse H&S,1.59
AFCONS,Afcons Infrastructure Ltd.,AFCONS.NS,Construction,True,,NIFTY 500,^CRSLDX,2026-09-01,285.25,-0.14,-0.16,1.3,324813.0,1109316.0,0.29,92652908.25,53.87,54.78,True,True,False,False,False,2.8,-1.04,-4.71,False,False,False,False,18.35,0.01222156,0.01236018,-1.12,5.42,False,0.0,0.0,0.29,-3.0,Risk review,Head-and-shoulders risk,"head-and-shoulders, risk, distribution",287.47,,,0.77,,,287.47,"A possible head-and-shoulders top is forming or breaking. This is a caution signal, not an entry setup.",Risk review,1.53
CAMS,Computer Age Management Services Ltd.,CAMS.NS,Financial Services,True,,NIFTY 500,^CRSLDX,2026-09-01,752.0,-3.84,0.27,-6.8,1008475.0,1313148.0,0.77,758373200.0,44.74,39.66,False,False,False,False,True,-2.06,-2.84,0.07,False,False,False,False,-1.97,0.0322195,0.03318151,-2.9,-2.74,False,0.6666666666666666,0.0,0.77,3.59,Actionable watch,Breakout retest,"breakout, retest, pivot, volume, inverse-head-and-shoulders, base, reversal",766.84,2026-06-17,1.79,1.93,,,,Prior resistance has been cleared on higher volume and price is back near that pivot. This is the kind of retest zone where follow-through can matter more than chasing a stretched candle. Secondary patterns: Possible inverse H&S.,Setup watch: Breakout retest,1.51
POONAWALLA,Poonawalla Fincorp Ltd.,POONAWALLA.NS,Financial Services,True,,NIFTY 500,^CRSLDX,2026-09-01,460.95,-0.61,-3.15,-1.85,1157662.0,1308691.0,0.88,533624313.03,40.88,48.12,False,False,False,True,True,-4.79,-2.22,-0.07,False,False,False,False,2.09,0.01974944,0.02011216,-1.8,-0.38,False,0.3333333333333333,0.0,0.88,2.2,Actionable watch,Possible inverse H&S,"inverse-head-and-shoulders, base, reversal",468.2,,,1.55,,,468.2,A possible inverse head-and-shoulders base is visible. The setup improves only if price clears or holds near the neckline with better volume.,Setup watch: Possible inverse H&S,1.49
RAINBOW,Rainbow Childrens Medicare Ltd.,RAINBOW.NS,Healthcare,True,,NIFTY 500,^CRSLDX,2026-09-01,1446.4,2.24,0.08,-8.4,184437.0,100084.0,1.84,266769681.3,45.6,42.8,True,False,False,True,True,-2.11,-1.74,0.92,False,False,False,False,-10.36,0.06197113,0.06299985,-1.63,-4.56,False,0.6666666666666666,0.0,1.84,0.0,No clear setup,,,,,,,,,,,Weakening,1.49
GVT&D,GE Vernova T&D India Ltd.,GVT&D.NS,Capital Goods,True,,NIFTY 500,^CRSLDX,2026-09-01,4324.0,-2.73,3.32,0.03,1042655.0,1003576.0,1.04,4508440220.0,49.96,43.58,True,True,False,False,True,0.86,-2.43,3.36,False,False,False,False,6.7,0.18526214,0.19103737,-3.02,1.16,False,0.6666666666666666,0.0,1.04,-3.0,Risk review,Head-and-shoulders risk,"head-and-shoulders, risk, distribution, inverse-head-and-shoulders, base, reversal",4450.5,,,2.84,,,4450.5,"A possible head-and-shoulders top is forming or breaking. This is a caution signal, not an entry setup. Secondary patterns: Possible inverse H&S.",Risk review,1.48
IKS,Inventurus Knowledge Solutions Ltd.,IKS.NS,Information Technology,True,,NIFTY 500,^CRSLDX,2026-09-01,1740.8,0.37,-2.8,-5.69,142486.0,179600.0,0.79,248039635.76,42.71,48.17,False,False,False,True,True,-2.34,-3.73,1.19,False,False,False,False,-0.69,0.07458472,0.07732977,-3.55,-3.85,False,0.6666666666666666,0.0,0.79,4.7,Actionable watch,Breakout retest,"breakout, retest, pivot, volume, inverse-head-and-shoulders, base, reversal",1741.38,2026-07-01,11.6,0.03,,,,Prior resistance has been cleared on higher volume and price is back near that pivot. This is the kind of retest zone where follow-through can matter more than chasing a stretched candle. Secondary patterns: Possible inverse H&S.,Setup watch: Breakout retest,1.43
AFFLE,Affle 3i Ltd.,AFFLE.NS,Information Technology,True,,NIFTY 500,^CRSLDX,2026-09-01,1565.1,-2.05,-8.52,-7.02,149379.0,173759.0,0.86,233793069.25,40.79,58.9,False,False,False,True,True,-6.23,-0.5,-1.15,False,False,False,False,-17.13,0.06705684,0.06718656,-0.19,-4.02,False,0.3333333333333333,0.0,0.86,5.1,Actionable watch,Breakout retest,"breakout, retest, pivot, volume, inverse-head-and-shoulders, base, reversal",1529.3,2026-07-28,21.21,1.75,,,,Prior resistance has been cleared on higher volume and price is back near that pivot. This is the kind of retest zone where follow-through can matter more than chasing a stretched candle. Secondary patterns: Possible inverse H&S.,Setup watch: Breakout retest,1.4
ONESOURCE,Onesource Specialty Pharma Ltd.,ONESOURCE.NS,Healthcare,True,,NIFTY 500,^CRSLDX,2026-09-01,1527.9,0.58,0.78,-0.18,69897.0,143737.0,0.49,106795628.01,43.69,37.84,True,False,False,False,False,-0.94,-4.61,-1.69,False,False,False,False,7.48,0.06546301,0.06865466,-4.65,-0.15,False,0.3333333333333333,0.0,0.49,4.25,Actionable watch,Breakout retest,"breakout, retest, pivot, volume",1539.7,2026-06-29,1.49,0.77,,,,Prior resistance has been cleared on higher volume and price is back near that pivot. This is the kind of retest zone where follow-through can matter more than chasing a stretched candle.,Setup watch: Breakout retest,1.37
ANANTRAJ,Anant Raj Ltd.,ANANTRAJ.NS,Realty,True,,NIFTY 500,^CRSLDX,2026-09-01,587.8,-2.67,-4.13,-6.76,1114241.0,1575622.0,0.71,654950846.2,38.35,51.69,False,False,False,True,True,-4.62,-0.51,-0.23,False,False,False,False,-16.34,0.02518434,0.02521235,-0.11,-4.26,False,0.3333333333333333,0.0,0.71,5.1,Actionable watch,Breakout retest,"breakout, retest, pivot, volume, inverse-head-and-shoulders, base, reversal",574.9,2026-06-04,4.53,1.69,,,,Prior resistance has been cleared on higher volume and price is back near that pivot. This is the kind of retest zone where follow-through can matter more than chasing a stretched candle. Secondary patterns: Possible inverse H&S.,Setup watch: Breakout retest,1.35
MANKIND,Mankind Pharma Ltd.,MANKIND.NS,Healthcare,True,,NIFTY 500,^CRSLDX,2026-09-01,2356.5,-2.59,-0.36,-3.34,282934.0,341062.0,0.83,666733971.0,40.46,37.25,False,False,False,False,True,-1.96,-4.77,0.11,False,False,False,False,0.6,0.10096444,0.10612183,-4.86,-3.21,False,0.6666666666666666,0.0,0.83,3.37,Actionable watch,Possible inverse H&S,"inverse-head-and-shoulders, base, reversal",2303.55,,,2.3,,,2303.55,A possible inverse head-and-shoulders base is visible. The setup improves only if price clears or holds near the neckline with better volume.,Setup watch: Possible inverse H&S,1.34
EMCURE,Emcure Pharmaceuticals Ltd.,EMCURE.NS,Healthcare,True,,NIFTY 500,^CRSLDX,2026-09-01,1845.9,-0.51,-0.05,-6.68,114806.0,139928.0,0.82,211920398.2,41.46,40.61,False,False,False,True,True,-3.39,-1.9,3.52,False,False,False,False,-10.1,0.07908774,0.08039938,-1.63,-4.43,False,0.6666666666666666,0.0,0.82,4.8,Actionable watch,Breakout retest,"breakout, retest, pivot, volume",1837.13,2026-07-27,1.81,0.12,,,,Prior resistance has been cleared on higher volume and price is back near that pivot. This is the kind of retest zone where follow-through can matter more than chasing a stretched candle.,Setup watch: Breakout retest,1.31
TRAVELFOOD,Travel Food Services Ltd.,TRAVELFOOD.NS,Consumer Services,True,,NIFTY 500,^CRSLDX,2026-09-01,1270.5,-2.24,-1.99,-7.0,36160.0,145027.0,0.25,45941280.0,39.45,41.39,False,False,False,False,True,-5.16,-3.95,0.22,False,False,False,False,-3.2,0.05443468,0.05665839,-3.92,-3.64,False,0.6666666666666666,0.0,0.25,3.4,Actionable watch,Possible inverse H&S,"inverse-head-and-shoulders, base, reversal",1235.45,,,2.84,,,1235.45,A possible inverse head-and-shoulders base is visible. The setup improves only if price clears or holds near the neckline with better volume.,Setup watch: Possible inverse H&S,1.26
GPIL,Godawari Power & Ispat Ltd.,GPIL.NS,Capital Goods,True,,NIFTY 500,^CRSLDX,2026-09-01,243.41,-0.11,-0.35,-0.12,1079839.0,2000039.0,0.54,262843614.94,48.74,48.88,False,True,False,False,False,0.38,-1.38,-0.94,False,False,False,False,8.43,0.01042892,0.01060212,-1.63,2.0,False,0.0,0.0,0.54,-2.0,Risk review,Head-and-shoulders risk,"head-and-shoulders, risk, distribution",233.58,,,4.21,,,233.58,"A possible head-and-shoulders top is forming or breaking. This is a caution signal, not an entry setup.",Risk review,1.2
PREMIERENE,Premier Energies Ltd.,PREMIERENE.NS,Capital Goods,True,,NIFTY 500,^CRSLDX,2026-09-01,1012.9,-2.26,-2.23,-2.26,506606.0,1071059.0,0.47,513141229.77,46.09,50.11,False,False,False,False,True,-1.5,-2.77,-0.32,False,False,False,False,2.97,0.04339779,0.04463083,-2.76,1.2,False,0.3333333333333333,0.0,0.47,-2.0,Risk review,Head-and-shoulders risk,"head-and-shoulders, risk, distribution",969.7,,,4.45,,,969.7,"A possible head-and-shoulders top is forming or breaking. This is a caution signal, not an entry setup.",Risk review,1.14
TTML,Tata Teleservices (Maharashtra) Ltd.,TTML.NS,Telecommunication,True,,NIFTY 500,^CRSLDX,2026-09-01,38.92,0.88,3.65,-2.41,2317278.0,3972478.0,0.58,90188455.52,51.49,33.71,True,True,False,False,False,1.6,-2.48,-3.7,False,False,False,False,5.02,0.00166753,0.00171418,-2.72,-1.29,False,0.0,0.0,0.58,-3.0,Risk review,Head-and-shoulders risk,"head-and-shoulders, risk, distribution",41.21,,,5.56,,,41.21,"A possible head-and-shoulders top is forming or breaking. This is a caution signal, not an entry setup.",Risk review,1.09
NESTLEIND,Nestle India Ltd.,NESTLEIND.NS,Fast Moving Consumer Goods,True,,NIFTY 500,^CRSLDX,2026-09-01,1438.2,-3.9,-2.76,-5.38,2554784.0,1718818.0,1.49,3674290224.05,42.35,49.94,False,False,False,True,True,-3.16,-1.78,1.69,False,False,False,False,-6.84,0.0616198,0.06259614,-1.56,-4.14,False,0.6666666666666666,0.0,1.49,3.11,Actionable watch,Possible inverse H&S,"inverse-head-and-shoulders, base, reversal",1416.45,,,1.54,,,1416.45,A possible inverse head-and-shoulders base is visible. The setup improves only if price clears or holds near the neckline with better volume.,Setup watch: Possible inverse H&S,1.06
GODIGIT,Go Digit General Insurance Ltd.,GODIGIT.NS,Financial Services,True,,NIFTY 500,^CRSLDX,2026-09-01,260.75,1.3,0.75,-0.97,167024.0,662801.0,0.25,43551508.0,45.93,42.39,True,False,False,False,False,-0.43,-6.58,-2.95,False,False,False,False,18.32,0.01117186,0.01200241,-6.92,1.21,False,0.0,0.0,0.25,0.0,No clear setup,,,,,,,,,,,Neutral / watch,1.04
BAJFINANCE,Bajaj Finance Ltd.,BAJFINANCE.NS,Financial Services,True,,NIFTY 500,^CRSLDX,2026-09-01,1053.9,-0.29,-3.08,-8.28,4813094.0,5251140.0,0.92,5072519884.11,42.6,52.68,False,False,False,True,True,-3.43,-0.48,0.42,False,False,False,False,-17.09,0.04515444,0.04519287,-0.09,-6.78,False,0.6666666666666666,0.0,0.92,5.1,Actionable watch,Breakout retest,"breakout, retest, pivot, volume, inverse-head-and-shoulders, base, reversal",1048.54,2026-07-31,4.88,0.15,,,,Prior resistance has been cleared on higher volume and price is back near that pivot. This is the kind of retest zone where follow-through can matter more than chasing a stretched candle. Secondary patterns: Possible inverse H&S.,Setup watch: Breakout retest,1.0
AXISBANK,Axis Bank Ltd.,AXISBANK.NS,Financial Services,True,,NIFTY 500,^CRSLDX,2026-09-01,1258.0,-3.23,1.86,-0.3,5587984.0,4749975.0,1.18,7029683872.0,50.67,44.29,True,True,False,False,False,1.04,-1.54,0.12,False,False,False,False,7.31,0.05389912,0.05476266,-1.58,0.86,False,0.3333333333333333,0.0,1.18,-2.0,Risk review,Head-and-shoulders risk,"head-and-shoulders, risk, distribution",1199.15,,,4.91,,,1199.15,"A possible head-and-shoulders top is forming or breaking. This is a caution signal, not an entry setup.",Risk review,0.97
SBICARD,SBI Cards and Payment Services Ltd.,SBICARD.NS,Financial Services,True,,NIFTY 500,^CRSLDX,2026-09-01,632.4,-1.92,-2.86,-3.89,3435773.0,3174671.0,1.08,2172782929.08,45.34,54.14,False,False,False,False,False,-2.12,-0.34,-3.37,False,False,False,False,-11.51,0.02709523,0.02712659,-0.12,-3.02,False,0.0,0.0,1.08,2.2,Watch,Possible inverse H&S,"inverse-head-and-shoulders, base, reversal",659.0,,,4.04,,,659.0,A possible inverse head-and-shoulders base is visible. The setup improves only if price clears or holds near the neckline with better volume.,Setup watch: Possible inverse H&S,0.97
ABCAPITAL,Aditya Birla Capital Ltd.,ABCAPITAL.NS,Financial Services,True,,NIFTY 500,^CRSLDX,2026-09-01,394.45,-3.65,-3.99,-6.08,2578342.0,3049389.0,0.85,1017027033.37,42.36,54.44,False,False,False,True,True,-3.33,-2.12,2.51,False,False,False,False,-7.16,0.01690024,0.01722725,-1.9,-5.2,False,0.6666666666666666,0.0,0.85,3.4,Actionable watch,Possible inverse H&S,"inverse-head-and-shoulders, base, reversal",363.48,,,8.52,,,363.48,A possible inverse head-and-shoulders base is visible. The setup improves only if price clears or holds near the neckline with better volume.,Setup watch: Possible inverse H&S,0.95
SCI,Shipping Corporation of India Ltd.,SCI.NS,Services,True,,NIFTY 500,^CRSLDX,2026-09-01,287.5,-0.73,-0.21,-4.45,2952962.0,2919809.0,1.01,848976575.0,46.12,46.35,False,False,False,False,True,-2.23,-1.39,1.72,False,False,False,False,2.11,0.01231796,0.01250608,-1.5,0.19,False,0.6666666666666666,0.0,1.01,-2.0,Risk review,Head-and-shoulders risk,"head-and-shoulders, risk, distribution, inverse-head-and-shoulders, base, reversal",284.1,,,1.19,,,284.1,"A possible head-and-shoulders top is forming or breaking. This is a caution signal, not an entry setup. Secondary patterns: Possible inverse H&S.",Risk review,0.94
HDBFS,HDB Financial Services Ltd.,HDBFS.NS,Financial Services,True,,NIFTY 500,^CRSLDX,2026-09-01,675.3,-1.03,-1.79,-0.48,1611388.0,736535.0,2.19,1088170296.73,41.2,47.27,False,False,False,False,False,-1.3,-4.61,-0.64,False,False,False,False,9.97,0.02893328,0.03033695,-4.63,0.56,False,0.3333333333333333,0.0,2.19,0.0,No clear setup,,,,,,,,,,,Neutral / watch,0.91
STARHEALTH,Star Health and Allied Insurance Company Ltd.,STARHEALTH.NS,Financial Services,True,,NIFTY 500,^CRSLDX,2026-09-01,560.4,-1.29,-3.85,-4.65,548375.0,341352.0,1.61,307309363.39,37.03,50.74,False,False,False,True,True,-3.18,-4.2,1.72,False,False,False,False,-3.91,0.02401039,0.02505111,-4.15,-3.56,False,0.6666666666666666,0.0,1.61,0.0,No clear setup,,,,,,,,,,,Weakening,0.89
MANAPPURAM,Manappuram Finance Ltd.,MANAPPURAM.NS,Financial Services,True,,NIFTY 500,^CRSLDX,2026-09-01,337.0,-0.91,-8.29,-5.22,1860296.0,6755378.0,0.28,626919752.0,40.58,61.79,False,False,False,True,True,-4.79,-2.28,2.66,False,False,False,False,-9.4,0.01443879,0.01473799,-2.03,-5.57,False,0.6666666666666666,0.0,0.28,3.4,Actionable watch,Possible inverse H&S,"inverse-head-and-shoulders, base, reversal",318.03,,,5.97,,,318.03,A possible inverse head-and-shoulders base is visible. The setup improves only if price clears or holds near the neckline with better volume.,Setup watch: Possible inverse H&S,0.88
ADANIPOWER,Adani Power Ltd.,ADANIPOWER.NS,Power,True,,NIFTY 500,^CRSLDX,2026-09-01,204.36,3.21,-0.95,-2.66,38024568.0,20409540.0,1.86,7770700739.69,45.14,43.99,False,False,False,False,True,-1.13,-4.38,2.67,False,False,False,False,1.88,0.00875582,0.00916952,-4.51,-2.45,False,0.6666666666666666,0.0,1.86,-3.0,Risk review,Head-and-shoulders risk,"head-and-shoulders, risk, distribution, inverse-head-and-shoulders, base, reversal",211.42,,,3.34,,,211.42,"A possible head-and-shoulders top is forming or breaking. This is a caution signal, not an entry setup. Secondary patterns: Possible inverse H&S.",Risk review,0.86
BHARTIARTL,Bharti Airtel Ltd.,BHARTIARTL.NS,Telecommunication,True,,NIFTY 500,^CRSLDX,2026-09-01,1877.2,3.6,-3.59,-4.72,9899659.0,7379157.0,1.34,18583639391.42,44.47,52.88,False,False,False,True,False,-2.65,-1.66,-0.53,False,False,False,False,-4.85,0.08042879,0.08174405,-1.61,-2.85,False,0.0,0.0,1.34,4.68,Actionable watch,Breakout retest,"breakout, retest, pivot, volume",1933.87,2026-08-05,2.36,2.93,,,,Prior resistance has been cleared on higher volume and price is back near that pivot. This is the kind of retest zone where follow-through can matter more than chasing a stretched candle.,Setup watch: Breakout retest,0.83
ARE&M,Amara Raja Energy & Mobility Ltd.,ARE&M.NS,Automobile and Auto Components,True,,NIFTY 500,^CRSLDX,2026-09-01,879.9,-1.43,-4.45,-4.46,439419.0,1185997.0,0.37,386644788.83,39.3,51.35,False,False,False,True,True,-5.19,-1.67,-0.59,False,False,False,False,-12.19,0.03769939,0.03823563,-1.4,-3.75,False,0.3333333333333333,0.0,0.37,2.2,Watch,Possible inverse H&S,"inverse-head-and-shoulders, base, reversal",935.75,,,5.97,,,935.75,A possible inverse head-and-shoulders base is visible. The setup improves only if price clears or holds near the neckline with better volume.,Setup watch: Possible inverse H&S,0.82
GESHIP,Great Eastern Shipping Co. Ltd.,GESHIP.NS,Services,True,,NIFTY 500,^CRSLDX,2026-09-01,1325.6,1.83,-1.27,-6.62,725216.0,965290.0,0.75,961346311.89,48.16,50.31,True,True,False,False,True,0.6,-3.16,2.16,False,False,False,False,0.08,0.05679544,0.05867916,-3.21,-2.29,False,0.6666666666666666,0.0,0.75,-3.0,Risk review,Head-and-shoulders risk,"head-and-shoulders, risk, distribution",1336.05,,,0.78,,,1336.05,"A possible head-and-shoulders top is forming or breaking. This is a caution signal, not an entry setup.",Risk review,0.79
WOCKPHARMA,Wockhardt Ltd.,WOCKPHARMA.NS,Healthcare,True,,NIFTY 500,^CRSLDX,2026-09-01,1850.6,-1.76,-2.58,-8.5,506872.0,685786.0,0.74,938017310.83,44.39,49.76,False,False,False,True,True,-3.09,-3.02,3.76,False,False,False,False,-11.21,0.07928911,0.08173906,-3.0,-6.96,False,0.6666666666666666,0.0,0.74,3.4,Actionable watch,Possible inverse H&S,"inverse-head-and-shoulders, base, reversal",1530.5,,,20.91,,,1530.5,A possible inverse head-and-shoulders base is visible. The setup improves only if price clears or holds near the neckline with better volume.,Setup watch: Possible inverse H&S,0.79
DEEPAKFERT,Deepak Fertilisers & Petrochemicals Corp. Ltd.,DEEPAKFERT.NS,Chemicals,True,,NIFTY 500,^CRSLDX,2026-09-01,1427.5,1.46,-2.23,-10.12,141053.0,256751.0,0.55,201353157.5,39.87,41.88,False,False,False,False,True,-3.19,-6.86,0.3,False,False,False,False,-3.66,0.06116136,0.06575792,-6.99,-7.0,False,0.6666666666666666,0.0,0.55,3.4,Actionable watch,Possible inverse H&S,"inverse-head-and-shoulders, base, reversal",1302.65,,,9.58,,,1302.65,A possible inverse head-and-shoulders base is visible. The setup improves only if price clears or holds near the neckline with better volume.,Setup watch: Possible inverse H&S,0.79
AEGISLOG,Aegis Logistics Ltd.,AEGISLOG.NS,Oil Gas & Consumable Fuels,True,,NIFTY 500,^CRSLDX,2026-09-01,1219.3,-3.58,-7.74,-10.21,1344769.0,1041046.0,1.29,1639676907.36,41.16,51.25,False,False,False,True,True,-7.68,-5.99,6.66,False,False,False,False,-7.94,0.05224101,0.05522913,-5.41,-10.43,False,0.6666666666666666,0.0,1.29,3.4,Actionable watch,Possible inverse H&S,"inverse-head-and-shoulders, base, reversal",767.98,,,58.77,,,767.98,A possible inverse head-and-shoulders base is visible. The setup improves only if price clears or holds near the neckline with better volume.,Setup watch: Possible inverse H&S,0.79
LLOYDSME,Lloyds Metals And Energy Ltd.,LLOYDSME.NS,Metals & Mining,True,,NIFTY 500,^CRSLDX,2026-09-01,1790.0,-0.26,-2.97,-12.81,291370.0,500775.0,0.58,521552300.0,35.64,40.25,False,False,False,False,True,-6.45,-5.02,4.06,False,False,False,False,-25.98,0.0766927,0.08066003,-4.92,-10.98,False,0.6666666666666666,0.0,0.58,3.4,Actionable watch,Possible inverse H&S,"inverse-head-and-shoulders, base, reversal",1359.0,,,31.71,,,1359.0,A possible inverse head-and-shoulders base is visible. The setup improves only if price clears or holds near the neckline with better volume.,Setup watch: Possible inverse H&S,0.79
CHOICEIN,Choice International Ltd.,CHOICEIN.NS,Financial Services,True,,NIFTY 500,^CRSLDX,2026-09-01,774.7,-0.77,-1.78,-6.07,257536.0,418922.0,0.61,199513142.34,38.36,41.79,False,False,False,True,True,-3.8,-2.9,-0.08,False,False,False,False,-7.3,0.03319209,0.03407625,-2.59,-4.59,False,0.3333333333333333,0.0,0.61,2.58,Actionable watch,Possible inverse H&S,"inverse-head-and-shoulders, base, reversal",775.2,,,0.06,,,775.2,A possible inverse head-and-shoulders base is visible. The setup improves only if price clears or holds near the neckline with better volume.,Setup watch: Possible inverse H&S,0.78
ASIANPAINT,Asian Paints Ltd.,ASIANPAINT.NS,Consumer Durables,True,,NIFTY 500,^CRSLDX,2026-09-01,2575.5,-2.94,-2.44,-7.19,1046460.0,693323.0,1.51,2695157730.0,35.01,39.62,False,False,False,False,False,-3.75,-4.23,0.47,False,False,False,False,-6.95,0.11034751,0.11514316,-4.16,-6.53,False,0.6666666666666666,0.0,1.51,3.37,Actionable watch,Possible inverse H&S,"inverse-head-and-shoulders, base, reversal",2517.2,,,2.32,,,2517.2,A possible inverse head-and-shoulders base is visible. The setup improves only if price clears or holds near the neckline with better volume.,Setup watch: Possible inverse H&S,0.78
GICRE,General Insurance Corporation of India,GICRE.NS,Financial Services,True,,NIFTY 500,^CRSLDX,2026-09-01,354.75,0.0,0.95,-1.38,1430364.0,758685.0,1.89,507421629.0,47.15,40.58,False,False,False,False,False,-0.12,-1.1,-0.76,False,False,False,False,3.17,0.01519929,0.01537293,-1.13,1.04,False,0.0,0.0,1.89,-3.0,Risk review,Head-and-shoulders risk,"head-and-shoulders, risk, distribution",359.73,,,1.38,,,359.73,"A possible head-and-shoulders top is forming or breaking. This is a caution signal, not an entry setup.",Risk review,0.76
HDFCAMC,HDFC Asset Management Company Ltd.,HDFCAMC.NS,Financial Services,True,,NIFTY 500,^CRSLDX,2026-09-01,2544.9,-2.94,-5.67,-0.43,936530.0,834241.0,1.12,2383375105.54,45.99,63.79,False,False,False,False,False,-0.83,-2.61,-0.52,False,False,False,False,7.48,0.10903645,0.11197916,-2.63,-0.2,False,0.3333333333333333,0.0,1.12,0.0,No clear setup,,,,,,,,,,,Weakening,0.76
BIOCON,Biocon Ltd.,BIOCON.NS,Healthcare,True,,NIFTY 500,^CRSLDX,2026-09-01,401.05,-2.66,-3.87,-4.96,2119594.0,3239336.0,0.65,850063147.83,35.43,46.86,False,False,False,False,True,-4.07,-4.98,1.06,False,False,False,False,-3.29,0.01718302,0.01807859,-4.95,-4.21,False,0.6666666666666666,0.0,0.65,2.2,Watch,Possible inverse H&S,"inverse-head-and-shoulders, base, reversal",421.6,,,4.87,,,421.6,A possible inverse head-and-shoulders base is visible. The setup improves only if price clears or holds near the neckline with better volume.,Setup watch: Possible inverse H&S,0.73
JUBLPHARMA,Jubilant Pharmova Ltd.,JUBLPHARMA.NS,Healthcare,True,,NIFTY 500,^CRSLDX,2026-09-01,907.6,2.91,1.22,-2.7,313369.0,379732.0,0.83,284413696.75,49.35,42.69,True,True,False,False,False,1.14,-3.66,-2.25,False,False,False,False,5.13,0.0388862,0.04039868,-3.74,-0.81,False,0.0,0.0,0.83,-2.0,Risk review,Head-and-shoulders risk,"head-and-shoulders, risk, distribution",882.17,,,2.88,,,882.17,"A possible head-and-shoulders top is forming or breaking. This is a caution signal, not an entry setup.",Risk review,0.64
PGEL,PG Electroplast Ltd.,PGEL.NS,Consumer Durables,True,,NIFTY 500,^CRSLDX,2026-09-01,569.9,-1.91,-4.11,-6.88,728800.0,1957292.0,0.37,415343137.79,37.8,47.53,False,False,False,True,True,-5.32,-3.51,0.68,False,False,False,False,-12.62,0.02441741,0.02527081,-3.38,-5.95,False,0.6666666666666666,0.0,0.37,2.93,Actionable watch,Possible inverse H&S,"inverse-head-and-shoulders, base, reversal",564.38,,,0.98,,,564.38,A possible inverse head-and-shoulders base is visible. The setup improves only if price clears or holds near the neckline with better volume.,Setup watch: Possible inverse H&S,0.63
ONGC,Oil & Natural Gas Corporation Ltd.,ONGC.NS,Oil Gas & Consumable Fuels,True,,NIFTY 500,^CRSLDX,2026-09-01,236.45,2.01,1.05,-2.29,11982265.0,12563236.0,0.95,2833206522.68,46.03,34.84,True,False,False,False,False,-0.18,-1.65,-0.14,False,False,False,False,1.96,0.01013072,0.0103113,-1.75,-0.36,False,0.0,0.0,0.95,-3.0,Risk review,Head-and-shoulders risk,"head-and-shoulders, risk, distribution",237.62,,,0.49,,,237.62,"A possible head-and-shoulders top is forming or breaking. This is a caution signal, not an entry setup.",Risk review,0.58
BHARATFORG,Bharat Forge Ltd.,BHARATFORG.NS,Automobile and Auto Components,True,,NIFTY 500,^CRSLDX,2026-09-01,2052.2,-2.5,-0.01,-6.51,976076.0,1290275.0,0.76,2003103119.54,45.28,41.32,False,False,False,True,True,-1.76,-3.49,4.56,False,False,False,False,-7.12,0.08792668,0.09107755,-3.46,-5.34,False,0.6666666666666666,0.0,0.76,0.0,No clear setup,,,,,,,,,,,Weakening,0.53
TRENT,Trent Ltd.,TRENT.NS,Consumer Services,True,,NIFTY 500,^CRSLDX,2026-09-01,2855.0,-0.86,-2.56,-8.13,652211.0,969582.0,0.67,1862062405.0,36.92,44.09,False,False,False,False,False,-3.55,-4.98,-5.29,False,False,False,False,5.66,0.12232272,0.12878111,-5.02,-4.54,False,0.0,0.0,0.67,4.26,Actionable watch,Breakout retest,"breakout, retest, pivot, volume, inverse-head-and-shoulders, base, reversal",2922.2,2026-08-14,1.52,2.3,,,,Prior resistance has been cleared on higher volume and price is back near that pivot. This is the kind of retest zone where follow-through can matter more than chasing a stretched candle. Secondary patterns: Possible inverse H&S.,Setup watch: Breakout retest,0.49
EMMVEE,Emmvee Photovoltaic Power Ltd.,EMMVEE.NS,Capital Goods,True,,NIFTY 500,^CRSLDX,2026-09-01,319.25,-0.78,-4.33,-1.31,877334.0,1775631.0,0.49,280088879.5,45.3,56.78,False,False,False,True,,-1.25,-3.3,,False,False,False,False,12.22,0.01367829,0.01412685,-3.18,1.89,False,0.0,0.0,0.49,-2.0,Risk review,Head-and-shoulders risk,"head-and-shoulders, risk, distribution, inverse-head-and-shoulders, base, reversal",314.85,,,1.4,,,314.85,"A possible head-and-shoulders top is forming or breaking. This is a caution signal, not an entry setup. Secondary patterns: Possible inverse H&S.",Risk review,0.48
ANGELONE,Angel One Ltd.,ANGELONE.NS,Financial Services,True,,NIFTY 500,^CRSLDX,2026-09-01,281.55,-1.86,-6.43,-6.26,2908488.0,5107715.0,0.57,818884760.9,35.27,50.54,False,False,False,False,False,-3.59,-9.68,1.46,False,False,False,False,8.87,0.01206303,0.01340409,-10.0,-4.92,False,0.6666666666666666,0.0,0.57,5.05,Actionable watch,Breakout retest,"breakout, retest, pivot, volume",279.36,2026-08-25,2.3,0.41,,,,Prior resistance has been cleared on higher volume and price is back near that pivot. This is the kind of retest zone where follow-through can matter more than chasing a stretched candle.,Setup watch: Breakout retest,0.42
MFSL,Max Financial Services Ltd.,MFSL.NS,Financial Services,True,,NIFTY 500,^CRSLDX,2026-09-01,1534.7,-2.44,-3.63,1.01,302527.0,755149.0,0.4,464288172.13,45.45,58.06,False,False,False,False,False,-0.94,-1.67,-0.18,False,False,False,False,5.46,0.06575435,0.06698115,-1.83,1.47,False,0.0,0.0,0.4,-2.0,Risk review,Head-and-shoulders risk,"head-and-shoulders, risk, distribution",1497.5,,,2.48,,,1497.5,"A possible head-and-shoulders top is forming or breaking. This is a caution signal, not an entry setup.",Risk review,0.39
VMM,Vishal Mega Mart Ltd.,VMM.NS,Consumer Services,True,,NIFTY 500,^CRSLDX,2026-09-01,106.55,-3.7,-5.29,-4.27,13954960.0,16770910.0,0.83,1486901030.59,45.65,57.22,False,False,False,False,False,-1.1,-4.43,-2.94,False,False,False,False,5.78,0.00456514,0.00478438,-4.58,-2.28,False,0.0,0.0,0.83,0.0,No clear setup,,,,,,,,,,,Weakening,0.34
DOMS,DOMS Industries Ltd.,DOMS.NS,Fast Moving Consumer Goods,True,,NIFTY 500,^CRSLDX,2026-09-01,2229.0,-0.16,0.92,-0.91,14876.0,35250.0,0.42,33158604.0,50.16,43.42,True,True,False,False,False,0.37,-1.17,-1.25,False,False,False,False,2.54,0.09550169,0.09664739,-1.19,-0.66,False,0.0,0.0,0.42,-3.0,Risk review,Head-and-shoulders risk,"head-and-shoulders, risk, distribution",2273.25,,,1.95,,,2273.25,"A possible head-and-shoulders top is forming or breaking. This is a caution signal, not an entry setup.",Risk review,0.32
SBIN,State Bank of India,SBIN.NS,Financial Services,True,,NIFTY 500,^CRSLDX,2026-09-01,1034.5,-2.41,-1.29,-0.79,7604124.0,9545009.0,0.8,7866466278.0,44.52,49.49,False,False,False,True,True,-2.36,-0.86,1.4,False,False,False,False,1.82,0.04432324,0.0446301,-0.69,0.96,False,0.6666666666666666,0.0,0.8,-2.0,Risk review,Head-and-shoulders risk,"head-and-shoulders, risk, distribution",997.8,,,3.68,,,997.8,"A possible head-and-shoulders top is forming or breaking. This is a caution signal, not an entry setup.",Risk review,0.29
ATUL,Atul Ltd.,ATUL.NS,Chemicals,True,,NIFTY 500,^CRSLDX,2026-09-01,6452.0,0.94,-0.62,-5.03,12418.0,40443.0,0.31,80120936.0,43.42,43.33,False,False,False,False,True,-2.89,-0.91,1.29,False,False,False,False,-6.7,0.27643648,0.27854123,-0.76,-2.91,False,0.6666666666666666,0.0,0.31,0.0,No clear setup,,,,,,,,,,,Weakening,0.22
MAXHEALTH,Max Healthcare Institute Ltd.,MAXHEALTH.NS,Healthcare,True,,NIFTY 500,^CRSLDX,2026-09-01,1003.0,-3.75,-1.28,-6.87,2828705.0,2030095.0,1.39,2837191115.0,41.37,41.24,False,False,False,False,False,-1.92,-6.58,-1.24,False,False,False,False,-2.7,0.04297362,0.04599295,-6.56,-7.04,False,0.3333333333333333,0.0,1.39,4.42,Actionable watch,Breakout retest,"breakout, retest, pivot, volume",1031.58,2026-06-18,1.85,2.77,,,,Prior resistance has been cleared on higher volume and price is back near that pivot. This is the kind of retest zone where follow-through can matter more than chasing a stretched candle.,Setup watch: Breakout retest,0.2
SONATSOFTW,Sonata Software Ltd.,SONATSOFTW.NS,Information Technology,True,,NIFTY 500,^CRSLDX,2026-09-01,289.0,-1.04,-3.17,-17.18,892725.0,1056654.0,0.84,257997525.0,41.42,43.49,False,False,False,True,False,-7.31,-3.71,-1.73,False,False,False,False,-39.05,0.01238223,0.01283099,-3.5,-14.45,False,0.3333333333333333,0.0,0.84,4.7,Actionable watch,Breakout retest,"breakout, retest, pivot, volume, inverse-head-and-shoulders, base, reversal",292.57,2026-07-13,6.28,1.22,,,,Prior resistance has been cleared on higher volume and price is back near that pivot. This is the kind of retest zone where follow-through can matter more than chasing a stretched candle. Secondary patterns: Possible inverse H&S.,Setup watch: Breakout retest,0.2
HAVELLS,Havells India Ltd.,HAVELLS.NS,Consumer Durables,True,,NIFTY 500,^CRSLDX,2026-09-01,1222.8,-1.71,-3.65,-5.58,1005778.0,800411.0,1.26,1229865387.51,39.84,53.74,False,False,False,True,False,-3.77,-0.73,-1.5,False,False,False,False,-10.03,0.05239097,0.05266886,-0.53,-2.95,False,0.0,0.0,1.26,2.2,Watch,Possible inverse H&S,"inverse-head-and-shoulders, base, reversal",1295.9,,,5.64,,,1295.9,A possible inverse head-and-shoulders base is visible. The setup improves only if price clears or holds near the neckline with better volume.,Setup watch: Possible inverse H&S,0.18
GROWW,Billionbrains Garage Ventures Ltd.,GROWW.NS,Financial Services,True,,NIFTY 500,^CRSLDX,2026-09-01,189.41,-1.38,-6.7,-1.0,25387927.0,46205962.0,0.55,4808727346.04,41.71,57.5,False,False,False,False,True,-2.85,-4.62,,False,False,False,False,5.57,0.00811529,0.00850151,-4.54,0.29,False,0.3333333333333333,0.0,0.55,-2.0,Risk review,Head-and-shoulders risk,"head-and-shoulders, risk, distribution",186.06,,,1.8,,,186.06,"A possible head-and-shoulders top is forming or breaking. This is a caution signal, not an entry setup.",Risk review,0.16
SCHAEFFLER,Schaeffler India Ltd.,SCHAEFFLER.NS,Automobile and Auto Components,True,,NIFTY 500,^CRSLDX,2026-09-01,4000.2,-0.36,-0.06,-1.36,42477.0,63285.0,0.67,169916493.33,42.42,41.78,False,False,False,False,True,-1.31,-2.36,0.18,False,False,False,False,3.4,0.1713889,0.17573995,-2.48,0.25,False,0.6666666666666666,0.0,0.67,-2.0,Risk review,Head-and-shoulders risk,"head-and-shoulders, risk, distribution",3820.45,,,4.7,,,3820.45,"A possible head-and-shoulders top is forming or breaking. This is a caution signal, not an entry setup.",Risk review,0.15
ICICIPRULI,ICICI Prudential Life Insurance Company Ltd.,ICICIPRULI.NS,Financial Services,True,,NIFTY 500,^CRSLDX,2026-09-01,495.45,-4.18,-2.85,-3.52,2199511.0,1378599.0,1.6,1089747751.8,43.24,53.11,False,False,False,False,False,-2.23,-1.57,-1.7,False,False,False,False,-9.28,0.0212276,0.02154873,-1.49,-3.27,False,0.0,0.0,1.6,0.0,No clear setup,,,,,,,,,,,Weakening,0.15
SYNGENE,Syngene International Ltd.,SYNGENE.NS,Healthcare,True,,NIFTY 500,^CRSLDX,2026-09-01,402.05,0.32,-1.07,-1.99,632570.0,738882.0,0.86,254324760.78,46.59,49.57,False,False,False,False,False,-0.41,-2.67,-4.81,False,False,False,False,9.91,0.01722587,0.01771486,-2.76,1.95,False,0.0,0.0,0.86,-3.0,Risk review,Head-and-shoulders risk,"head-and-shoulders, risk, distribution",404.95,,,0.72,,,404.95,"A possible head-and-shoulders top is forming or breaking. This is a caution signal, not an entry setup.",Risk review,0.14
TIMKEN,Timken India Ltd.,TIMKEN.NS,Capital Goods,True,,NIFTY 500,^CRSLDX,2026-09-01,3209.6,1.91,2.49,-0.69,36145.0,37727.0,0.96,116010995.53,50.55,40.96,True,False,False,False,False,-0.33,-1.1,0.63,False,False,False,False,7.09,0.13751559,0.13953874,-1.45,1.78,False,0.3333333333333333,0.0,0.96,-3.0,Risk review,Head-and-shoulders risk,"head-and-shoulders, risk, distribution",3210.0,,,0.01,,,3210.0,"A possible head-and-shoulders top is forming or breaking. This is a caution signal, not an entry setup.",Risk review,0.11
NAVA,Nava Ltd.,NAVA.NS,Power,True,,NIFTY 500,^CRSLDX,2026-09-01,563.6,-0.79,-0.59,-0.5,165858.0,348332.0,0.48,93477564.75,47.41,48.37,True,False,False,False,False,-0.9,-2.34,-0.28,False,False,False,False,7.71,0.02414749,0.02475013,-2.43,0.04,False,0.0,0.0,0.48,-2.0,Risk review,Head-and-shoulders risk,"head-and-shoulders, risk, distribution",542.08,,,3.97,,,542.08,"A possible head-and-shoulders top is forming or breaking. This is a caution signal, not an entry setup.",Risk review,0.11
GODREJPROP,Godrej Properties Ltd.,GODREJPROP.NS,Realty,True,,NIFTY 500,^CRSLDX,2026-09-01,1978.0,-1.82,-3.47,-2.73,329230.0,556612.0,0.59,651216940.0,42.94,51.79,False,False,False,True,True,-2.94,-2.67,-1.06,False,False,False,False,-4.49,0.08474758,0.08671003,-2.26,-3.47,False,0.3333333333333333,0.0,0.59,0.0,No clear setup,,,,,,,,,,,Weakening,0.11
FORCEMOT,Force Motors Ltd.,FORCEMOT.NS,Automobile and Auto Components,True,,NIFTY 500,^CRSLDX,2026-09-01,17722.0,1.12,1.67,-3.57,149177.0,74411.0,2.0,2643714794.0,46.63,40.57,True,False,False,False,False,-1.89,-1.94,0.36,False,False,False,False,0.6,0.75930058,0.7741648,-1.92,-2.27,False,0.3333333333333333,0.0,2.0,-3.0,Risk review,Head-and-shoulders risk,"head-and-shoulders, risk, distribution",18995.0,,,6.7,,,18995.0,"A possible head-and-shoulders top is forming or breaking. This is a caution signal, not an entry setup.",Risk review,0.1
IGIL,International Gemological Institute Ltd.,IGIL.NS,Services,True,,NIFTY 500,^CRSLDX,2026-09-01,339.75,-0.35,-1.22,-5.46,357722.0,507154.0,0.71,121536049.5,46.13,49.16,False,False,False,False,True,-1.48,-1.79,0.21,False,False,False,False,-5.3,0.01455662,0.01481696,-1.76,-4.34,False,0.6666666666666666,0.0,0.71,-2.0,Risk review,Head-and-shoulders risk,"head-and-shoulders, risk, distribution, inverse-head-and-shoulders, base, reversal",323.85,,,4.91,,,323.85,"A possible head-and-shoulders top is forming or breaking. This is a caution signal, not an entry setup. Secondary patterns: Possible inverse H&S.",Risk review,0.03
IRCTC,Indian Railway Catering And Tourism Corporation Ltd.,IRCTC.NS,Consumer Services,True,,NIFTY 500,^CRSLDX,2026-09-01,481.35,0.02,-0.25,-5.66,398393.0,838866.0,0.47,191766472.98,37.24,34.83,False,False,False,False,False,-3.23,-3.75,-3.57,False,False,False,False,-3.73,0.02062348,0.02143861,-3.8,-4.4,False,0.0,0.0,0.47,0.0,No clear setup,,,,,,,,,,,Mean reversion bounce,0.02
ENRIN,Siemens Energy India Ltd.,ENRIN.NS,Capital Goods,True,,NIFTY 500,^CRSLDX,2026-09-01,3172.5,-1.77,-6.4,-4.16,217347.0,809945.0,0.27,689533357.5,34.97,46.22,False,False,False,False,True,-7.56,-7.19,0.81,False,False,False,False,5.65,0.13592603,0.14693456,-7.49,-0.63,False,0.6666666666666666,0.0,0.27,-2.0,Risk review,Head-and-shoulders risk,"head-and-shoulders, risk, distribution",3133.85,,,1.23,,,3133.85,"A possible head-and-shoulders top is forming or breaking. This is a caution signal, not an entry setup.",Risk review,-0.03
ITCHOTELS,ITC Hotels Ltd.,ITCHOTELS.NS,Consumer Services,True,,NIFTY 500,^CRSLDX,2026-09-01,161.58,0.93,-2.8,-2.34,1333485.0,1481262.0,0.9,215464508.74,41.93,48.84,False,False,False,False,False,-2.61,-5.04,-2.7,False,False,False,False,11.24,0.00692291,0.00730004,-5.17,-0.26,False,0.0,0.0,0.9,0.0,No clear setup,,,,,,,,,,,Weakening,-0.05
HDFCLIFE,HDFC Life Insurance Company Ltd.,HDFCLIFE.NS,Financial Services,True,,NIFTY 500,^CRSLDX,2026-09-01,540.3,-0.56,-1.17,0.81,3064024.0,2820935.0,1.09,1655492129.8,43.9,48.61,False,False,False,False,False,-0.51,-2.71,-3.08,False,False,False,False,3.11,0.0231492,0.02382711,-2.85,-0.38,False,0.0,0.0,1.09,0.0,No clear setup,,,,,,,,,,,Weakening,-0.08
INDUSTOWER,Indus Towers Ltd.,INDUSTOWER.NS,Telecommunication,True,,NIFTY 500,^CRSLDX,2026-09-01,375.0,-3.55,-3.16,-0.23,5557992.0,5318067.0,1.05,2084247000.0,47.29,57.58,False,False,False,False,False,-0.45,-0.98,0.27,False,False,False,False,-0.29,0.01606691,0.01623168,-1.02,0.39,False,0.3333333333333333,0.0,1.05,-3.0,Risk review,Head-and-shoulders risk,"head-and-shoulders, risk, distribution",405.5,,,7.52,,,405.5,"A possible head-and-shoulders top is forming or breaking. This is a caution signal, not an entry setup.",Risk review,-0.17
INTELLECT,Intellect Design Arena Ltd.,INTELLECT.NS,Information Technology,True,,NIFTY 500,^CRSLDX,2026-09-01,694.7,2.02,1.74,-7.21,945849.0,302681.0,3.12,657081311.85,45.71,36.78,True,False,False,False,False,-0.62,-4.04,-4.35,False,False,False,False,-2.14,0.02976448,0.0310453,-4.13,-5.39,False,0.0,0.0,3.12,-2.0,Risk review,Head-and-shoulders risk,"head-and-shoulders, risk, distribution, inverse-head-and-shoulders, base, reversal",663.62,,,4.68,,,663.62,"A possible head-and-shoulders top is forming or breaking. This is a caution signal, not an entry setup. Secondary patterns: Possible inverse H&S.",Risk review,-0.18
SCHNEIDER,Schneider Electric Infrastructure Ltd.,SCHNEIDER.NS,Capital Goods,True,,NIFTY 500,^CRSLDX,2026-09-01,1188.3,-2.53,3.65,-10.92,379632.0,507132.0,0.75,451116724.14,40.33,33.64,False,False,False,False,True,-6.97,-11.1,4.45,False,False,False,False,1.74,0.05091282,0.05747914,-11.42,-9.97,False,0.6666666666666666,0.0,0.75,-2.0,Risk review,Head-and-shoulders risk,"head-and-shoulders, risk, distribution",1154.6,,,2.92,,,1154.6,"A possible head-and-shoulders top is forming or breaking. This is a caution signal, not an entry setup.",Risk review,-0.2
NHPC,NHPC Ltd.,NHPC.NS,Power,True,,NIFTY 500,^CRSLDX,2026-09-01,76.3,-0.55,-0.42,-4.96,11982237.0,8768716.0,1.37,914244719.67,45.67,43.79,True,False,False,False,False,-0.47,-2.52,-0.76,False,False,False,False,0.75,0.00326908,0.00335188,-2.47,-1.54,False,0.3333333333333333,0.0,1.37,-2.0,Risk review,Head-and-shoulders risk,"head-and-shoulders, risk, distribution",73.77,,,3.44,,,73.77,"A possible head-and-shoulders top is forming or breaking. This is a caution signal, not an entry setup.",Risk review,-0.21
GILLETTE,Gillette India Ltd.,GILLETTE.NS,Fast Moving Consumer Goods,True,,NIFTY 500,^CRSLDX,2026-09-01,7419.5,1.23,-0.26,-2.38,16392.0,13970.0,1.17,121620444.0,41.99,37.57,True,False,False,False,False,-0.86,-2.59,-1.49,False,False,False,False,1.04,0.3178891,0.32656044,-2.66,-1.18,False,0.0,0.0,1.17,0.0,No clear setup,,,,,,,,,,,Weakening,-0.24
ASTERDM,Aster DM Quality Care Ltd.,ASTERDM.NS,Healthcare,True,,NIFTY 500,^CRSLDX,2026-09-01,757.8,0.24,-0.97,-9.21,967322.0,5803396.0,0.17,733036599.79,36.85,36.34,False,False,False,False,True,-5.35,-5.3,1.6,False,False,False,False,-6.58,0.032468,0.03427621,-5.28,-5.19,False,0.6666666666666666,0.0,0.17,0.0,No clear setup,,,,,,,,,,,Weakening,-0.24
ITC,ITC Ltd.,ITC.NS,Fast Moving Consumer Goods,True,,NIFTY 500,^CRSLDX,2026-09-01,266.6,4.34,-1.77,-7.75,31232541.0,13514439.0,2.31,8326595621.23,41.72,39.29,False,False,False,False,False,-2.58,-4.87,-3.72,False,False,False,False,-3.29,0.0114225,0.01201777,-4.95,-5.27,False,0.0,0.0,2.31,0.0,No clear setup,,,,,,,,,,,Weakening,-0.25
SRF,SRF Ltd.,SRF.NS,Chemicals,True,,NIFTY 500,^CRSLDX,2026-09-01,2592.0,1.23,0.66,-1.9,104998.0,271572.0,0.39,272154816.0,45.45,39.89,True,False,False,False,False,-0.15,-3.33,-1.43,False,False,False,False,7.77,0.11105446,0.11488953,-3.34,-0.06,False,0.0,0.0,0.39,-3.0,Risk review,Head-and-shoulders risk,"head-and-shoulders, risk, distribution",2599.4,,,0.28,,,2599.4,"A possible head-and-shoulders top is forming or breaking. This is a caution signal, not an entry setup.",Risk review,-0.26
HINDPETRO,Hindustan Petroleum Corporation Ltd.,HINDPETRO.NS,Oil Gas & Consumable Fuels,True,,NIFTY 500,^CRSLDX,2026-09-01,363.1,-0.72,-2.71,-2.48,1724934.0,5417187.0,0.32,626323545.93,42.07,51.82,False,False,False,False,False,-1.91,-2.94,-1.81,False,False,False,False,1.44,0.01555705,0.01601038,-2.83,-1.42,False,0.0,0.0,0.32,0.0,No clear setup,,,,,,,,,,,Weakening,-0.28
EMAMILTD,Emami Ltd.,EMAMILTD.NS,Fast Moving Consumer Goods,True,,NIFTY 500,^CRSLDX,2026-09-01,376.65,3.48,-6.47,-3.87,1648320.0,985138.0,1.67,620839717.94,37.76,48.1,False,False,False,False,False,-5.5,-7.04,-2.75,False,False,False,False,-1.3,0.0161376,0.01737009,-7.1,-5.39,False,0.0,0.0,1.67,0.0,No clear setup,,,,,,,,,,,Weakening,-0.28
COROMANDEL,Coromandel International Ltd.,COROMANDEL.NS,Chemicals,True,,NIFTY 500,^CRSLDX,2026-09-01,1922.9,0.89,0.49,-9.1,59049.0,134933.0,0.44,113545323.54,36.62,30.19,False,False,False,False,False,-4.67,-5.05,-0.72,False,False,False,False,-8.71,0.08238681,0.08672201,-5.0,-7.29,False,0.0,0.0,0.44,0.0,No clear setup,,,,,,,,,,,Mean reversion bounce,-0.3
COLPAL,Colgate Palmolive (India) Ltd.,COLPAL.NS,Fast Moving Consumer Goods,True,,NIFTY 500,^CRSLDX,2026-09-01,1859.8,-1.99,-0.91,-7.47,374264.0,347303.0,1.08,696056205.47,36.73,30.33,False,False,False,False,False,-3.88,-7.36,-1.19,False,False,False,False,-7.01,0.07968329,0.0860616,-7.41,-8.68,False,0.0,0.0,1.08,0.0,No clear setup,,,,,,,,,,,Mean reversion bounce,-0.3
IGL,Indraprastha Gas Ltd.,IGL.NS,Oil Gas & Consumable Fuels,True,,NIFTY 500,^CRSLDX,2026-09-01,149.85,-0.43,0.79,-2.65,802748.0,2243669.0,0.36,120291792.7,46.56,41.19,True,False,False,False,False,-0.61,-2.33,-3.3,False,False,False,False,-3.15,0.00642034,0.00658584,-2.51,-2.14,False,0.0,0.0,0.36,-2.0,Risk review,Head-and-shoulders risk,"head-and-shoulders, risk, distribution",145.43,,,3.04,,,145.43,"A possible head-and-shoulders top is forming or breaking. This is a caution signal, not an entry setup.",Risk review,-0.33
INDIAMART,Indiamart Intermesh Ltd.,INDIAMART.NS,Consumer Services,True,,NIFTY 500,^CRSLDX,2026-09-01,1764.4,0.51,0.81,-0.59,33507.0,98320.0,0.34,59119751.62,44.52,39.53,True,True,False,False,False,0.06,-3.54,-2.89,False,False,False,False,6.32,0.07559587,0.0785955,-3.82,0.04,False,0.0,0.0,0.34,-3.0,Risk review,Head-and-shoulders risk,"head-and-shoulders, risk, distribution",1907.55,,,7.5,,,1907.55,"A possible head-and-shoulders top is forming or breaking. This is a caution signal, not an entry setup.",Risk review,-0.34
CENTRALBK,Central Bank of India,CENTRALBK.NS,Financial Services,True,,NIFTY 500,^CRSLDX,2026-09-01,30.31,0.3,-1.37,-2.95,3583429.0,5586740.0,0.64,108613731.08,36.6,40.52,False,False,False,False,False,-2.3,-4.02,-1.97,False,False,False,False,3.31,0.00129863,0.00135417,-4.1,-1.74,False,0.0,0.0,0.64,0.0,No clear setup,,,,,,,,,,,Weakening,-0.35
MARUTI,Maruti Suzuki India Ltd.,MARUTI.NS,Automobile and Auto Components,True,,NIFTY 500,^CRSLDX,2026-09-01,12950.0,-4.41,-5.32,-7.68,915695.0,305156.0,3.0,11858250250.0,31.53,47.12,False,False,False,False,False,-5.6,-5.64,-1.46,False,False,False,False,-2.09,0.55484384,0.58702942,-5.48,-5.73,False,0.0,0.0,3.0,0.0,No clear setup,,,,,,,,,,,Weakening,-0.35
KIMS,Krishna Institute of Medical Sciences Ltd.,KIMS.NS,Healthcare,True,,NIFTY 500,^CRSLDX,2026-09-01,758.4,0.38,-1.83,-4.71,679760.0,623472.0,1.09,515530000.6,37.64,38.51,False,False,False,False,True,-3.94,-5.13,1.09,False,False,False,False,-3.76,0.03249371,0.03425784,-5.15,-5.75,False,0.6666666666666666,0.0,1.09,0.0,No clear setup,,,,,,,,,,,Weakening,-0.35
JKCEMENT,J.K. Cement Ltd.,JKCEMENT.NS,Construction Materials,True,,NIFTY 500,^CRSLDX,2026-09-01,5078.5,-1.06,-2.29,-7.54,58277.0,25695.0,2.27,295959744.5,32.14,35.87,False,False,False,False,False,-4.08,-6.21,-1.33,False,False,False,False,-7.4,0.21758876,0.23197686,-6.2,-6.91,False,0.0,0.0,2.27,0.0,No clear setup,,,,,,,,,,,Weakening,-0.4
CEMPRO,Cemindia Projects Ltd.,CEMPRO.NS,Construction,True,,NIFTY 500,^CRSLDX,2026-09-01,1244.1,1.51,-2.8,-6.44,165147.0,373325.0,0.44,205459378.67,41.92,44.4,False,False,False,True,True,-1.92,-9.49,5.14,False,False,False,False,4.85,0.05330357,0.05886258,-9.44,-6.93,False,0.6666666666666666,0.0,0.44,0.0,No clear setup,,,,,,,,,,,Weakening,-0.4
MAPMYINDIA,C.E. Info Systems Ltd.,MAPMYINDIA.NS,Information Technology,True,,NIFTY 500,^CRSLDX,2026-09-01,999.6,-1.36,3.66,-12.29,132057.0,289201.0,0.46,132004173.98,47.66,39.0,True,False,False,True,False,-0.05,-2.39,-6.48,False,False,False,False,-38.84,0.04282795,0.04378327,-2.18,-14.51,False,0.0,0.0,0.46,0.0,No clear setup,,,,,,,,,,,Weakening,-0.4
CEATLTD,Ceat Ltd.,CEATLTD.NS,Automobile and Auto Components,True,,NIFTY 500,^CRSLDX,2026-09-01,3400.2,-0.57,-3.76,-5.84,43370.0,67249.0,0.64,147466671.88,37.08,45.49,False,False,False,False,False,-5.89,-5.03,-1.09,False,False,False,False,5.26,0.14568185,0.15319697,-4.91,-2.11,False,0.3333333333333333,0.0,0.64,0.0,No clear setup,,,,,,,,,,,Weakening,-0.42
PATANJALI,Patanjali Foods Ltd.,PATANJALI.NS,Fast Moving Consumer Goods,True,,NIFTY 500,^CRSLDX,2026-09-01,345.8,0.23,-1.45,-3.29,2397860.0,2950274.0,0.81,829179958.73,37.22,41.85,False,False,False,False,False,-1.22,-5.63,-4.75,False,False,False,False,11.27,0.01481583,0.01574801,-5.92,-2.48,False,0.0,0.0,0.81,0.0,No clear setup,,,,,,,,,,,Weakening,-0.5
TEGA,Tega Industries Ltd.,TEGA.NS,Capital Goods,True,,NIFTY 500,^CRSLDX,2026-09-01,1570.5,-1.0,-6.22,-0.59,184904.0,225789.0,0.82,290391732.0,40.07,51.76,False,False,False,False,False,-5.57,-4.18,-1.47,False,False,False,False,7.0,0.0672882,0.07023937,-4.2,0.88,False,0.0,0.0,0.82,-2.0,Risk review,Head-and-shoulders risk,"head-and-shoulders, risk, distribution",1562.1,,,0.54,,,1562.1,"A possible head-and-shoulders top is forming or breaking. This is a caution signal, not an entry setup.",Risk review,-0.52
RAILTEL,Railtel Corporation Of India Ltd.,RAILTEL.NS,Telecommunication,True,,NIFTY 500,^CRSLDX,2026-09-01,277.9,0.72,-1.03,-3.73,829362.0,1130764.0,0.73,230479694.74,41.13,42.72,False,False,False,False,False,-1.81,-5.17,-2.41,False,False,False,False,4.45,0.01190665,0.01258571,-5.4,-2.6,False,0.0,0.0,0.73,0.0,No clear setup,,,,,,,,,,,Weakening,-0.52
TATAELXSI,Tata Elxsi Ltd.,TATAELXSI.NS,Information Technology,True,,NIFTY 500,^CRSLDX,2026-09-01,3638.0,1.66,-0.76,-2.65,169396.0,184843.0,0.92,616262648.0,45.95,46.15,False,False,False,False,False,-1.79,-1.29,-3.49,False,False,False,False,-2.61,0.15587042,0.15814328,-1.44,-1.38,False,0.0,0.0,0.92,-3.0,Risk review,Head-and-shoulders risk,"head-and-shoulders, risk, distribution",5208.5,,,30.15,,,5208.5,"A possible head-and-shoulders top is forming or breaking. This is a caution signal, not an entry setup.",Risk review,-0.53
FACT,Fertilisers and Chemicals Travancore Ltd.,FACT.NS,Chemicals,True,,NIFTY 500,^CRSLDX,2026-09-01,815.25,-0.73,-6.95,-3.21,172448.0,1928993.0,0.09,140588232.0,46.93,65.15,False,False,False,False,False,-0.59,-2.64,-0.88,False,False,False,False,4.05,0.03492945,0.03591124,-2.73,-1.4,False,0.0,0.0,0.09,-3.0,Risk review,Head-and-shoulders risk,"head-and-shoulders, risk, distribution, breakout, retest, pivot, volume",848.5,,,3.92,,,848.5,"A possible head-and-shoulders top is forming or breaking. This is a caution signal, not an entry setup. Secondary patterns: Breakout retest.",Risk review,-0.53
MUTHOOTFIN,Muthoot Finance Ltd.,MUTHOOTFIN.NS,Financial Services,True,,NIFTY 500,^CRSLDX,2026-09-01,2905.0,-2.45,-9.25,1.22,750754.0,1046234.0,0.72,2180940370.0,42.79,66.86,False,False,False,False,False,-2.19,-3.28,-0.8,False,False,False,False,11.77,0.12446497,0.12875376,-3.33,2.48,False,0.0,0.0,0.72,-3.0,Risk review,Head-and-shoulders risk,"head-and-shoulders, risk, distribution",3385.25,,,14.19,,,3385.25,"A possible head-and-shoulders top is forming or breaking. This is a caution signal, not an entry setup.",Risk review,-0.55
BIKAJI,Bikaji Foods International Ltd.,BIKAJI.NS,Fast Moving Consumer Goods,True,,NIFTY 500,^CRSLDX,2026-09-01,598.3,-4.38,-0.25,-7.66,626009.0,183226.0,3.42,374541177.06,37.28,29.44,False,False,False,False,False,-2.67,-5.24,-1.65,False,False,False,False,-4.0,0.02563421,0.02708063,-5.34,-6.13,False,0.0,0.0,3.42,-3.0,Risk review,Head-and-shoulders risk,"head-and-shoulders, risk, distribution",612.55,,,2.33,,,612.55,"A possible head-and-shoulders top is forming or breaking. This is a caution signal, not an entry setup.",Risk review,-0.55
TATASTEEL,Tata Steel Ltd.,TATASTEEL.NS,Metals & Mining,True,,NIFTY 500,^CRSLDX,2026-09-01,184.07,-0.15,-1.54,-3.6,46661833.0,26498623.0,1.76,8589043942.07,43.24,49.99,False,False,False,False,False,-1.25,-1.62,0.63,False,False,False,False,-0.23,0.00788649,0.00802323,-1.7,-1.72,False,0.3333333333333333,0.0,1.76,-3.0,Risk review,Head-and-shoulders risk,"head-and-shoulders, risk, distribution",185.6,,,0.83,,,185.6,"A possible head-and-shoulders top is forming or breaking. This is a caution signal, not an entry setup.",Risk review,-0.59
GMDCLTD,Gujarat Mineral Development Corporation Ltd.,GMDCLTD.NS,Metals & Mining,True,,NIFTY 500,^CRSLDX,2026-09-01,562.25,-0.14,-0.9,1.12,1017066.0,1326730.0,0.77,571845358.5,43.11,44.62,False,False,False,False,False,-2.68,-2.95,-0.15,False,False,False,False,9.86,0.02408965,0.02485027,-3.06,2.21,False,0.0,0.0,0.77,-3.0,Risk review,Head-and-shoulders risk,"head-and-shoulders, risk, distribution",569.0,,,1.19,,,569.0,"A possible head-and-shoulders top is forming or breaking. This is a caution signal, not an entry setup.",Risk review,-0.61
TRITURBINE,Triveni Turbine Ltd.,TRITURBINE.NS,Capital Goods,True,,NIFTY 500,^CRSLDX,2026-09-01,578.5,0.06,1.02,-6.51,259015.0,736776.0,0.35,149840177.5,41.26,37.62,True,False,False,False,True,-2.47,-6.19,1.19,False,False,False,False,3.74,0.02478588,0.02657607,-6.74,-3.54,False,0.6666666666666666,0.0,0.35,-2.0,Risk review,Head-and-shoulders risk,"head-and-shoulders, risk, distribution, inverse-head-and-shoulders, base, reversal",553.92,,,4.44,,,553.92,"A possible head-and-shoulders top is forming or breaking. This is a caution signal, not an entry setup. Secondary patterns: Possible inverse H&S.",Risk review,-0.61
BANKBARODA,Bank of Baroda,BANKBARODA.NS,Financial Services,True,,NIFTY 500,^CRSLDX,2026-09-01,237.7,-0.38,-1.37,-2.98,13129090.0,7962079.0,1.65,3120784652.93,37.57,40.63,False,False,False,False,False,-2.98,-4.79,-0.9,False,False,False,False,0.66,0.01018428,0.01072391,-5.03,-1.96,False,0.0,0.0,1.65,-3.0,Risk review,Head-and-shoulders risk,"head-and-shoulders, risk, distribution",278.0,,,14.5,,,278.0,"A possible head-and-shoulders top is forming or breaking. This is a caution signal, not an entry setup.",Risk review,-0.64
PFIZER,Pfizer Ltd.,PFIZER.NS,Healthcare,True,,NIFTY 500,^CRSLDX,2026-09-01,4665.9,-0.39,-1.94,-4.04,11992.0,54719.0,0.22,55953471.63,40.98,46.3,False,False,False,True,False,-3.83,-0.53,-0.6,False,False,False,False,-10.59,0.19991087,0.20046881,-0.28,-3.18,False,0.0,0.0,0.22,0.0,No clear setup,,,,,,,,,,,Weakening,-0.64
YESBANK,Yes Bank Ltd.,YESBANK.NS,Financial Services,True,,NIFTY 500,^CRSLDX,2026-09-01,22.1,-3.2,-1.78,-3.91,63724057.0,50116653.0,1.27,1408301684.01,40.12,41.09,False,False,False,False,True,-2.41,-4.97,-0.02,False,False,False,False,4.66,0.00094688,0.00099773,-5.1,-2.01,False,0.3333333333333333,0.0,1.27,-3.0,Risk review,Head-and-shoulders risk,"head-and-shoulders, risk, distribution, inverse-head-and-shoulders, base, reversal",22.32,,,0.99,,,22.32,"A possible head-and-shoulders top is forming or breaking. This is a caution signal, not an entry setup. Secondary patterns: Possible inverse H&S.",Risk review,-0.65
KPITTECH,KPIT Technologies Ltd.,KPITTECH.NS,Information Technology,True,,NIFTY 500,^CRSLDX,2026-09-01,590.0,0.85,-0.34,-4.89,1026441.0,1637367.0,0.63,605600190.0,46.23,45.44,False,False,False,False,False,-2.18,-1.13,-6.41,False,False,False,False,-11.27,0.0252786,0.02566159,-1.49,-2.01,False,0.0,0.0,0.63,-3.0,Risk review,Head-and-shoulders risk,"head-and-shoulders, risk, distribution",616.58,,,4.31,,,616.58,"A possible head-and-shoulders top is forming or breaking. This is a caution signal, not an entry setup.",Risk review,-0.65
ADANIGREEN,Adani Green Energy Ltd.,ADANIGREEN.NS,Power,True,,NIFTY 500,^CRSLDX,2026-09-01,1265.0,4.12,-4.89,-8.6,4309199.0,1564627.0,2.75,5451136735.0,38.78,41.72,False,False,False,False,True,-4.42,-10.96,2.26,False,False,False,False,3.83,0.05419903,0.06102558,-11.19,-7.52,False,0.6666666666666666,0.0,2.75,-3.0,Risk review,Head-and-shoulders risk,"head-and-shoulders, risk, distribution, inverse-head-and-shoulders, base, reversal",1331.2,,,4.97,,,1331.2,"A possible head-and-shoulders top is forming or breaking. This is a caution signal, not an entry setup. Secondary patterns: Possible inverse H&S.",Risk review,-0.65
ADANIENSOL,Adani Energy Solutions Ltd.,ADANIENSOL.NS,Power,True,,NIFTY 500,^CRSLDX,2026-09-01,1382.0,-2.5,-13.33,-16.04,8160144.0,4401103.0,1.85,11277319008.0,28.07,48.3,False,False,False,False,True,-12.21,-14.11,5.11,False,False,False,False,-14.34,0.05921191,0.06881627,-13.96,-14.43,False,0.6666666666666666,0.0,1.85,-3.0,Risk review,Head-and-shoulders risk,"head-and-shoulders, risk, distribution",1420.25,,,2.69,,,1420.25,"A possible head-and-shoulders top is forming or breaking. This is a caution signal, not an entry setup.",Risk review,-0.65
TIINDIA,Tube Investments of India Ltd.,TIINDIA.NS,Automobile and Auto Components,True,,NIFTY 500,^CRSLDX,2026-09-01,2763.2,-0.6,-4.32,0.74,96393.0,458991.0,0.21,266353132.89,41.54,52.56,False,False,False,False,False,-2.39,-4.14,-0.87,False,False,False,False,11.34,0.11838953,0.12397596,-4.51,1.94,False,0.3333333333333333,0.0,0.21,-3.0,Risk review,Head-and-shoulders risk,"head-and-shoulders, risk, distribution, breakout, retest, pivot, volume, inverse-head-and-shoulders, base, reversal",2775.45,,,0.44,,,2775.45,"A possible head-and-shoulders top is forming or breaking. This is a caution signal, not an entry setup. Secondary patterns: Breakout retest, Possible inverse H&S.",Risk review,-0.66
MGL,Mahanagar Gas Ltd.,MGL.NS,Oil Gas & Consumable Fuels,True,,NIFTY 500,^CRSLDX,2026-09-01,1077.7,0.79,-2.15,-1.48,200377.0,285283.0,0.7,215946283.12,43.08,48.08,False,False,False,False,False,-2.71,-2.42,-1.16,False,False,False,False,2.55,0.04617415,0.04742353,-2.63,0.11,False,0.3333333333333333,0.0,0.7,-2.0,Risk review,Head-and-shoulders risk,"head-and-shoulders, risk, distribution",1044.2,,,3.21,,,1044.2,"A possible head-and-shoulders top is forming or breaking. This is a caution signal, not an entry setup.",Risk review,-0.68
BANDHANBNK,Bandhan Bank Ltd.,BANDHANBNK.NS,Financial Services,True,,NIFTY 500,^CRSLDX,2026-09-01,162.9,-0.37,-6.11,-5.35,5214415.0,7021115.0,0.74,849428171.67,31.62,43.8,False,False,False,False,False,-5.01,-11.73,0.66,False,False,False,False,14.07,0.00697946,0.00793911,-12.09,-3.5,False,0.6666666666666666,0.0,0.74,0.0,No clear setup,,,,,,,,,,,Weakening,-0.7
PRESTIGE,Prestige Estates Projects Ltd.,PRESTIGE.NS,Realty,True,,NIFTY 500,^CRSLDX,2026-09-01,1570.0,-3.86,-3.27,-1.44,701645.0,502560.0,1.4,1101582650.0,44.29,52.79,False,False,False,True,True,-1.84,-3.37,-0.92,False,False,False,False,-0.52,0.06726678,0.06944162,-3.13,-4.0,False,0.3333333333333333,0.0,1.4,-2.0,Risk review,Head-and-shoulders risk,"head-and-shoulders, risk, distribution, inverse-head-and-shoulders, base, reversal",1526.65,,,2.84,,,1526.65,"A possible head-and-shoulders top is forming or breaking. This is a caution signal, not an entry setup. Secondary patterns: Possible inverse H&S.",Risk review,-0.7
ULTRACEMCO,UltraTech Cement Ltd.,ULTRACEMCO.NS,Construction Materials,True,,NIFTY 500,^CRSLDX,2026-09-01,11400.0,-0.44,-1.21,-5.39,168128.0,229589.0,0.73,1916659200.0,40.87,45.3,False,False,False,False,False,-2.6,-1.61,-0.06,False,False,False,False,-7.4,0.48843396,0.49533574,-1.39,-3.55,False,0.3333333333333333,0.0,0.73,0.0,No clear setup,,,,,,,,,,,Weakening,-0.71
MMTC,MMTC Ltd.,MMTC.NS,Services,True,,NIFTY 500,^CRSLDX,2026-09-01,62.32,-0.05,-2.47,-2.09,1373089.0,3458732.0,0.4,85570906.06,42.32,48.94,False,False,False,False,False,-2.5,-3.14,-0.53,False,False,False,False,5.28,0.00267011,0.00276844,-3.55,-0.15,False,0.3333333333333333,0.0,0.4,-2.0,Risk review,Head-and-shoulders risk,"head-and-shoulders, risk, distribution",60.11,,,3.69,,,60.11,"A possible head-and-shoulders top is forming or breaking. This is a caution signal, not an entry setup.",Risk review,-0.73
JSWCEMENT,JSW Cement Ltd.,JSWCEMENT.NS,Construction Materials,True,,NIFTY 500,^CRSLDX,2026-09-01,124.75,-1.01,-0.19,-5.43,534128.0,1124102.0,0.48,66632468.0,38.04,35.71,False,False,False,False,True,-2.69,-5.9,-0.32,False,False,False,False,-0.5,0.00534492,0.00567475,-5.81,-4.27,False,0.3333333333333333,0.0,0.48,-2.0,Risk review,Head-and-shoulders risk,"head-and-shoulders, risk, distribution",119.74,,,4.18,,,119.74,"A possible head-and-shoulders top is forming or breaking. This is a caution signal, not an entry setup.",Risk review,-0.75
DRREDDY,Dr. Reddy's Laboratories Ltd.,DRREDDY.NS,Healthcare,True,,NIFTY 500,^CRSLDX,2026-09-01,1171.0,1.44,-1.89,-0.14,556175.0,1640508.0,0.34,651280925.0,44.45,49.74,False,False,False,False,False,-0.89,-4.15,-0.4,False,False,False,False,15.74,0.05017159,0.05235262,-4.17,1.21,False,0.0,0.0,0.34,-3.0,Risk review,Head-and-shoulders risk,"head-and-shoulders, risk, distribution",1174.7,,,0.31,,,1174.7,"A possible head-and-shoulders top is forming or breaking. This is a caution signal, not an entry setup.",Risk review,-0.81
BRITANNIA,Britannia Industries Ltd.,BRITANNIA.NS,Fast Moving Consumer Goods,True,,NIFTY 500,^CRSLDX,2026-09-01,5187.0,-1.2,-3.63,-5.31,235454.0,344025.0,0.68,1221299898.0,36.53,46.87,False,False,False,False,False,-4.67,-3.08,-0.75,False,False,False,False,-5.85,0.22223745,0.22886718,-2.9,-4.36,False,0.0,0.0,0.68,0.0,No clear setup,,,,,,,,,,,Weakening,-0.87
CANBK,Canara Bank,CANBK.NS,Financial Services,True,,NIFTY 500,^CRSLDX,2026-09-01,125.6,-1.02,-2.49,-1.88,9830664.0,14198351.0,0.69,1234731383.4,40.85,49.96,False,False,False,False,False,-3.02,-1.61,-0.06,False,False,False,False,1.83,0.00538134,0.00546995,-1.62,0.78,False,0.0,0.0,0.69,-3.0,Risk review,Head-and-shoulders risk,"head-and-shoulders, risk, distribution",127.46,,,1.46,,,127.46,"A possible head-and-shoulders top is forming or breaking. This is a caution signal, not an entry setup.",Risk review,-0.89
THERMAX,Thermax Ltd.,THERMAX.NS,Capital Goods,True,,NIFTY 500,^CRSLDX,2026-09-01,3913.2,0.3,-2.17,-2.54,78423.0,136119.0,0.58,306884879.77,35.16,38.68,False,False,False,False,True,-2.47,-10.75,2.28,False,False,False,False,11.13,0.16766138,0.18853499,-11.07,-3.19,False,0.6666666666666666,0.0,0.58,-3.0,Risk review,Head-and-shoulders risk,"head-and-shoulders, risk, distribution",4140.5,,,5.49,,,4140.5,"A possible head-and-shoulders top is forming or breaking. This is a caution signal, not an entry setup.",Risk review,-0.89
ABBOTINDIA,Abbott India Ltd.,ABBOTINDIA.NS,Healthcare,True,,NIFTY 500,^CRSLDX,2026-09-01,26135.0,1.1,-1.06,-6.07,8751.0,9385.0,0.93,228707385.0,39.18,39.42,False,False,False,False,False,-2.84,-2.38,-0.75,False,False,False,False,-9.09,1.11975628,1.14502147,-2.21,-4.45,False,0.3333333333333333,0.0,0.93,0.0,No clear setup,,,,,,,,,,,Weakening,-0.89
BDL,Bharat Dynamics Ltd.,BDL.NS,Capital Goods,True,,NIFTY 500,^CRSLDX,2026-09-01,1250.0,-1.96,-8.08,-1.19,1098942.0,2023568.0,0.54,1373677500.0,37.75,56.41,False,False,False,False,False,-6.13,-5.12,-1.35,False,False,False,False,12.42,0.05355636,0.05649356,-5.2,0.77,False,0.0,0.0,0.54,-3.0,Risk review,Head-and-shoulders risk,"head-and-shoulders, risk, distribution",1315.85,,,5.0,,,1315.85,"A possible head-and-shoulders top is forming or breaking. This is a caution signal, not an entry setup.",Risk review,-0.9
TATAINVEST,Tata Investment Corporation Ltd.,TATAINVEST.NS,Financial Services,True,,NIFTY 500,^CRSLDX,2026-09-01,633.65,-1.33,-1.66,-6.49,126406.0,380083.0,0.33,80097164.99,34.6,38.71,False,False,False,False,False,-3.8,-4.52,-2.18,False,False,False,False,-4.79,0.02714879,0.02844597,-4.56,-4.5,False,0.0,0.0,0.33,0.0,No clear setup,,,,,,,,,,,Weakening,-0.9
ICICIGI,ICICI Lombard General Insurance Company Ltd.,ICICIGI.NS,Financial Services,True,,NIFTY 500,^CRSLDX,2026-09-01,1566.9,0.0,-3.04,-4.74,446477.0,1074069.0,0.42,699584822.2,32.84,40.8,False,False,False,False,False,-3.25,-6.71,-2.06,False,False,False,False,3.04,0.06713396,0.07217479,-6.98,-4.6,False,0.0,0.0,0.42,0.0,No clear setup,,,,,,,,,,,Weakening,-0.92
SWANCORP,Swan Corp Ltd.,SWANCORP.NS,Chemicals,True,,NIFTY 500,^CRSLDX,2026-09-01,289.4,-1.33,-3.29,-7.66,1201427.0,862993.0,1.39,347692966.47,29.47,35.81,False,False,False,False,False,-4.74,-6.69,-3.97,False,False,False,False,3.65,0.01239937,0.01331099,-6.85,-4.81,False,0.0,0.0,1.39,0.0,No clear setup,,,,,,,,,,,Weakening,-0.96
HDFCBANK,HDFC Bank Ltd.,HDFCBANK.NS,Financial Services,True,,NIFTY 500,^CRSLDX,2026-09-01,711.9,0.41,-2.14,-4.06,44412827.0,28993963.0,1.53,31617492625.6,35.63,38.76,False,False,False,False,False,-1.82,-6.48,-2.96,False,False,False,False,7.08,0.03050142,0.03262892,-6.52,-3.58,False,0.0,0.0,1.53,-3.0,Risk review,Head-and-shoulders risk,"head-and-shoulders, risk, distribution",732.15,,,2.77,,,732.15,"A possible head-and-shoulders top is forming or breaking. This is a caution signal, not an entry setup.",Risk review,-0.97
HINDUNILVR,Hindustan Unilever Ltd.,HINDUNILVR.NS,Fast Moving Consumer Goods,True,,NIFTY 500,^CRSLDX,2026-09-01,1994.8,1.39,-1.45,-4.85,922620.0,1102905.0,0.84,1840442421.05,38.28,39.48,False,False,False,False,False,-2.35,-5.16,-1.8,False,False,False,False,-0.44,0.08546738,0.09015477,-5.2,-4.85,False,0.0,0.0,0.84,0.0,No clear setup,,,,,,,,,,,Weakening,-0.97
SUZLON,Suzlon Energy Ltd.,SUZLON.NS,Capital Goods,True,,NIFTY 500,^CRSLDX,2026-09-01,46.5,-2.15,-0.53,-3.15,39970870.0,40782714.0,0.98,1858645455.0,37.59,36.12,False,False,False,False,False,-1.8,-8.64,-1.81,False,False,False,False,13.22,0.0019923,0.00219152,-9.09,-1.41,False,0.3333333333333333,0.0,0.98,-2.0,Risk review,Head-and-shoulders risk,"head-and-shoulders, risk, distribution",44.73,,,3.96,,,44.73,"A possible head-and-shoulders top is forming or breaking. This is a caution signal, not an entry setup.",Risk review,-0.98
SARDAEN,Sarda Energy and Minerals Ltd.,SARDAEN.NS,Metals & Mining,True,,NIFTY 500,^CRSLDX,2026-09-01,497.05,-0.37,-1.87,-2.05,331746.0,1507857.0,0.22,164894345.25,42.95,48.74,False,False,False,False,False,-1.94,-1.47,-0.5,False,False,False,False,-2.09,0.02129615,0.02160958,-1.45,-1.42,False,0.0,0.0,0.22,-2.0,Risk review,Head-and-shoulders risk,"head-and-shoulders, risk, distribution",480.05,,,3.54,,,480.05,"A possible head-and-shoulders top is forming or breaking. This is a caution signal, not an entry setup.",Risk review,-0.98
NTPCGREEN,NTPC Green Energy Ltd.,NTPCGREEN.NS,Power,True,,NIFTY 500,^CRSLDX,2026-09-01,89.21,-0.34,-2.66,-1.66,1559273.0,1834649.0,0.85,139102742.9,31.96,44.85,False,False,False,False,False,-2.47,-3.77,-0.95,False,False,False,False,6.34,0.00382221,0.00397406,-3.82,0.31,False,0.0,0.0,0.85,-3.0,Risk review,Head-and-shoulders risk,"head-and-shoulders, risk, distribution",94.8,,,5.9,,,94.8,"A possible head-and-shoulders top is forming or breaking. This is a caution signal, not an entry setup.",Risk review,-0.99
TATACHEM,Tata Chemicals Ltd.,TATACHEM.NS,Chemicals,True,,NIFTY 500,^CRSLDX,2026-09-01,633.6,-1.46,1.16,-5.19,362624.0,730150.0,0.5,229758557.55,37.14,24.57,False,False,False,False,False,-2.8,-6.88,-2.96,False,False,False,False,0.37,0.02714664,0.02918326,-6.98,-4.22,False,0.0,0.0,0.5,-3.0,Risk review,Head-and-shoulders risk,"head-and-shoulders, risk, distribution",644.15,,,1.64,,,644.15,"A possible head-and-shoulders top is forming or breaking. This is a caution signal, not an entry setup.",Risk review,-0.99
J&KBANK,Jammu & Kashmir Bank Ltd.,J&KBANK.NS,Financial Services,True,,NIFTY 500,^CRSLDX,2026-09-01,147.38,-0.2,-1.43,-6.61,2579551.0,2340168.0,1.1,380174238.98,38.86,40.52,False,False,False,False,True,-3.29,-9.14,3.66,False,False,False,False,2.39,0.00631451,0.00695695,-9.23,-3.73,False,0.6666666666666666,0.0,1.1,-3.0,Risk review,Head-and-shoulders risk,"head-and-shoulders, risk, distribution",148.69,,,0.88,,,148.69,"A possible head-and-shoulders top is forming or breaking. This is a caution signal, not an entry setup.",Risk review,-1.0
LEMONTREE,Lemon Tree Hotels Ltd.,LEMONTREE.NS,Consumer Services,True,,NIFTY 500,^CRSLDX,2026-09-01,106.15,-0.09,-2.8,-6.3,1815137.0,3071599.0,0.59,192676795.32,36.1,45.01,False,False,False,False,False,-2.57,-5.59,-4.28,False,False,False,False,1.46,0.00454801,0.0048213,-5.67,-5.06,False,0.0,0.0,0.59,0.0,No clear setup,,,,,,,,,,,Weakening,-1.01
ALKEM,Alkem Laboratories Ltd.,ALKEM.NS,Healthcare,True,,NIFTY 500,^CRSLDX,2026-09-01,5300.0,-0.55,-1.27,-5.32,88288.0,132588.0,0.67,467926400.0,37.81,40.14,False,False,False,False,False,-2.46,-4.17,-0.18,False,False,False,False,-5.48,0.22707895,0.2367201,-4.07,-5.12,False,0.3333333333333333,0.0,0.67,0.0,No clear setup,,,,,,,,,,,Weakening,-1.02
ICICIAMC,ICICI Prudential Asset Management Company Ltd.,ICICIAMC.NS,Financial Services,True,,NIFTY 500,^CRSLDX,2026-09-01,3038.1,-0.88,-7.71,-0.84,835271.0,597336.0,1.4,2537636906.67,41.71,61.07,False,False,False,False,,-3.12,-4.21,,False,False,False,False,7.38,0.13016765,0.13606614,-4.34,-0.02,False,0.0,0.0,1.4,-3.0,Risk review,Head-and-shoulders risk,"head-and-shoulders, risk, distribution, breakout, retest, pivot, volume",3119.15,,,2.6,,,3119.15,"A possible head-and-shoulders top is forming or breaking. This is a caution signal, not an entry setup. Secondary patterns: Breakout retest.",Risk review,-1.05
GRSE,Garden Reach Shipbuilders & Engineers Ltd.,GRSE.NS,Capital Goods,True,,NIFTY 500,^CRSLDX,2026-09-01,2530.2,-1.38,-2.96,-0.66,327894.0,506509.0,0.65,829637382.79,39.68,49.17,False,False,False,False,False,-2.71,-3.75,-0.1,False,False,False,False,7.97,0.10840663,0.11280808,-3.9,-0.09,False,0.3333333333333333,0.0,0.65,-3.0,Risk review,Head-and-shoulders risk,"head-and-shoulders, risk, distribution, breakout, retest, pivot, volume",2532.75,,,0.1,,,2532.75,"A possible head-and-shoulders top is forming or breaking. This is a caution signal, not an entry setup. Secondary patterns: Breakout retest.",Risk review,-1.07
HONAUT,Honeywell Automation India Ltd.,HONAUT.NS,Capital Goods,True,,NIFTY 500,^CRSLDX,2026-09-01,35580.0,0.14,-3.16,-6.83,3375.0,3169.0,1.07,120082500.0,34.7,42.71,False,False,False,True,True,-3.75,-6.23,0.2,False,False,False,False,-4.79,1.5244281,1.62446679,-6.16,-5.92,False,0.6666666666666666,0.0,1.07,-2.0,Risk review,Head-and-shoulders risk,"head-and-shoulders, risk, distribution, inverse-head-and-shoulders, base, reversal",34925.0,,,1.88,,,34925.0,"A possible head-and-shoulders top is forming or breaking. This is a caution signal, not an entry setup. Secondary patterns: Possible inverse H&S.",Risk review,-1.08
APTUS,Aptus Value Housing Finance India Ltd.,APTUS.NS,Financial Services,True,,NIFTY 500,^CRSLDX,2026-09-01,253.36,1.81,-0.41,-2.78,730826.0,1175516.0,0.62,185162075.81,42.16,39.96,False,False,False,False,False,-0.9,-6.71,-1.64,False,False,False,False,7.12,0.01085523,0.01163867,-6.73,-1.98,False,0.3333333333333333,0.0,0.62,-2.0,Risk review,Head-and-shoulders risk,"head-and-shoulders, risk, distribution",247.22,,,2.48,,,247.22,"A possible head-and-shoulders top is forming or breaking. This is a caution signal, not an entry setup.",Risk review,-1.1
3MINDIA,3M India Ltd.,3MINDIA.NS,Diversified,True,,NIFTY 500,^CRSLDX,2026-09-01,33315.0,-0.02,-1.13,-6.75,2997.0,4050.0,0.74,99845055.0,38.43,38.59,False,False,False,True,False,-4.03,-3.84,1.09,False,False,False,False,-7.49,1.42738398,1.4815405,-3.66,-5.5,False,0.6666666666666666,0.0,0.74,0.0,No clear setup,,,,,,,,,,,Weakening,-1.1
NUVOCO,Nuvoco Vistas Corporation Ltd.,NUVOCO.NS,Construction Materials,True,,NIFTY 500,^CRSLDX,2026-09-01,322.85,1.24,0.47,-7.39,654614.0,256023.0,2.56,211342133.9,43.26,39.96,True,False,False,False,False,-2.07,-2.91,-2.15,False,False,False,False,-14.61,0.01383254,0.01422291,-2.74,-6.09,False,0.3333333333333333,0.0,2.56,-2.0,Risk review,Head-and-shoulders risk,"head-and-shoulders, risk, distribution, breakout, retest, pivot, volume",309.23,,,4.41,,,309.23,"A possible head-and-shoulders top is forming or breaking. This is a caution signal, not an entry setup. Secondary patterns: Breakout retest.",Risk review,-1.1
UPL,UPL Ltd.,UPL.NS,Chemicals,True,,NIFTY 500,^CRSLDX,2026-09-01,567.1,0.86,-3.06,-2.54,4060247.0,1977701.0,2.05,2302565974.57,43.74,52.34,False,False,False,False,False,-0.69,-3.11,-2.07,False,False,False,False,-7.97,0.02429745,0.02508423,-3.14,-6.72,False,0.0,0.0,2.05,-2.0,Risk review,Head-and-shoulders risk,"head-and-shoulders, risk, distribution",564.15,,,0.52,,,564.15,"A possible head-and-shoulders top is forming or breaking. This is a caution signal, not an entry setup.",Risk review,-1.1
JBMA,JBM Auto Ltd.,JBMA.NS,Automobile and Auto Components,True,,NIFTY 500,^CRSLDX,2026-09-01,621.85,-0.36,-3.97,-5.74,249935.0,881218.0,0.28,155422073.65,40.26,48.88,False,False,False,False,True,-2.74,-6.22,-0.17,False,False,False,False,1.51,0.02664321,0.0284832,-6.46,-4.29,False,0.3333333333333333,0.0,0.28,-3.0,Risk review,Head-and-shoulders risk,"head-and-shoulders, risk, distribution, breakout, retest, pivot, volume, inverse-head-and-shoulders, base, reversal",624.78,,,0.47,,,624.78,"A possible head-and-shoulders top is forming or breaking. This is a caution signal, not an entry setup. Secondary patterns: Breakout retest, Possible inverse H&S.",Risk review,-1.11
TECHNOE,Techno Electric & Engineering Company Ltd.,TECHNOE.NS,Construction,True,,NIFTY 500,^CRSLDX,2026-09-01,976.35,-0.58,-1.81,-0.92,158264.0,255602.0,0.62,154521052.54,43.7,46.85,False,False,False,False,False,-2.5,-4.51,-2.73,False,False,False,False,7.96,0.0418318,0.04382751,-4.55,-0.37,False,0.0,0.0,0.62,-3.0,Risk review,Head-and-shoulders risk,"head-and-shoulders, risk, distribution",980.8,,,0.45,,,980.8,"A possible head-and-shoulders top is forming or breaking. This is a caution signal, not an entry setup.",Risk review,-1.12
BHARTIHEXA,Bharti Hexacom Ltd.,BHARTIHEXA.NS,Telecommunication,True,,NIFTY 500,^CRSLDX,2026-09-01,1511.7,-2.19,-5.1,-6.5,54390.0,175716.0,0.31,82221360.34,40.64,52.2,False,False,False,False,False,-3.35,-2.83,-1.46,False,False,False,False,-18.0,0.06476891,0.06654659,-2.67,-6.33,False,0.0,0.0,0.31,0.0,No clear setup,,,,,,,,,,,Weakening,-1.2
IRFC,Indian Railway Finance Corporation Ltd.,IRFC.NS,Financial Services,True,,NIFTY 500,^CRSLDX,2026-09-01,82.5,-1.01,-3.45,-7.92,7764806.0,6831264.0,1.14,640596495.0,25.56,35.03,False,False,False,False,False,-4.64,-6.49,-3.29,False,False,False,False,-5.24,0.00353472,0.00379696,-6.91,-6.77,False,0.0,0.0,1.14,0.0,No clear setup,,,,,,,,,,,Weakening,-1.2
JKTYRE,JK Tyre & Industries Ltd.,JKTYRE.NS,Automobile and Auto Components,True,,NIFTY 500,^CRSLDX,2026-09-01,373.95,-1.29,-1.76,-8.88,275682.0,707208.0,0.39,103091287.27,39.32,43.39,False,False,False,False,False,-2.87,-4.96,-1.02,False,False,False,False,-6.7,0.01602192,0.01687157,-5.04,-7.05,False,0.0,0.0,0.39,0.0,No clear setup,,,,,,,,,,,Weakening,-1.2
ACC,ACC Ltd.,ACC.NS,Construction Materials,True,,NIFTY 500,^CRSLDX,2026-09-01,1272.3,-0.33,-2.57,-8.12,98531.0,134673.0,0.73,125360996.11,35.05,40.33,False,False,False,False,False,-3.74,-5.48,-3.35,False,False,False,False,-5.7,0.0545118,0.05764148,-5.43,-7.19,False,0.0,0.0,0.73,0.0,No clear setup,,,,,,,,,,,Weakening,-1.2
VOLTAS,Voltas Ltd.,VOLTAS.NS,Consumer Durables,True,,NIFTY 500,^CRSLDX,2026-09-01,1205.0,0.89,-3.06,-9.24,288949.0,1009883.0,0.29,348183545.0,35.79,40.65,False,False,False,False,False,-3.7,-6.55,-0.95,False,False,False,False,-8.78,0.05162833,0.05534568,-6.72,-7.24,False,0.0,0.0,0.29,0.0,No clear setup,,,,,,,,,,,Weakening,-1.2
AMBUJACEM,Ambuja Cements Ltd.,AMBUJACEM.NS,Construction Materials,True,,NIFTY 500,^CRSLDX,2026-09-01,402.2,0.26,-2.64,-7.76,1375878.0,2729031.0,0.5,553378148.4,37.28,42.12,False,False,False,False,False,-3.74,-5.57,-2.95,False,False,False,False,-6.65,0.01723229,0.01823672,-5.51,-7.62,False,0.0,0.0,0.5,0.0,No clear setup,,,,,,,,,,,Weakening,-1.2
JIOFIN,Jio Financial Services Ltd.,JIOFIN.NS,Financial Services,True,,NIFTY 500,^CRSLDX,2026-09-01,235.85,-2.28,-3.0,-10.79,10376022.0,12805864.0,0.81,2447184852.03,38.41,44.94,False,False,False,False,False,-4.8,-3.06,-2.25,False,False,False,False,-16.22,0.01010501,0.01041225,-2.95,-8.33,False,0.0,0.0,0.81,0.0,No clear setup,,,,,,,,,,,Weakening,-1.2
RVNL,Rail Vikas Nigam Ltd.,RVNL.NS,Construction,True,,NIFTY 500,^CRSLDX,2026-09-01,208.38,-0.77,-4.59,-9.67,3499129.0,4008789.0,0.87,729148518.11,29.13,36.4,False,False,False,False,False,-6.92,-8.25,-3.45,False,False,False,False,-6.52,0.00892806,0.0097472,-8.4,-8.47,False,0.0,0.0,0.87,0.0,No clear setup,,,,,,,,,,,Weakening,-1.2
GMRAIRPORT,GMR Airports Ltd.,GMRAIRPORT.NS,Services,True,,NIFTY 500,^CRSLDX,2026-09-01,94.12,0.52,-5.74,-11.67,19746087.0,13223882.0,1.49,1858501762.67,24.03,33.78,False,False,False,False,False,-7.21,-11.73,0.78,False,False,False,False,-0.65,0.00403258,0.00457218,-11.8,-9.06,False,0.6666666666666666,0.0,1.49,0.0,No clear setup,,,,,,,,,,,Weakening,-1.2
SHREECEM,Shree Cement Ltd.,SHREECEM.NS,Construction Materials,True,,NIFTY 500,^CRSLDX,2026-09-01,23490.0,1.25,-3.89,-12.68,15342.0,27447.0,0.56,360383580.0,33.54,36.85,False,False,False,False,False,-5.48,-8.91,-1.25,False,False,False,False,-11.35,1.00643103,1.1040241,-8.84,-11.27,False,0.3333333333333333,0.0,0.56,0.0,No clear setup,,,,,,,,,,,Weakening,-1.2
PIIND,PI Industries Ltd.,PIIND.NS,Chemicals,True,,NIFTY 500,^CRSLDX,2026-09-01,2397.1,1.14,-4.42,-13.63,139789.0,308896.0,0.45,335088225.55,32.1,38.58,False,False,False,False,False,-5.86,-8.23,-3.46,False,False,False,False,-14.89,0.10270396,0.11219776,-8.46,-12.16,False,0.0,0.0,0.45,0.0,No clear setup,,,,,,,,,,,Weakening,-1.2
CANFINHOME,Can Fin Homes Ltd.,CANFINHOME.NS,Financial Services,True,,NIFTY 500,^CRSLDX,2026-09-01,793.4,-0.24,-1.49,-2.03,210620.0,201657.0,1.04,167105913.14,38.15,40.28,False,False,False,False,False,-2.64,-6.03,-0.36,False,False,False,False,11.5,0.03399329,0.03620482,-6.11,-0.96,False,0.0,0.0,1.04,-3.0,Risk review,Head-and-shoulders risk,"head-and-shoulders, risk, distribution",795.95,,,0.32,,,795.95,"A possible head-and-shoulders top is forming or breaking. This is a caution signal, not an entry setup.",Risk review,-1.24
SUNTV,Sun TV Network Ltd.,SUNTV.NS,Media Entertainment & Publication,True,,NIFTY 500,^CRSLDX,2026-09-01,462.15,-0.86,-1.44,-7.05,229557.0,500201.0,0.46,106089766.15,35.33,34.22,False,False,False,False,False,-2.89,-5.49,-1.35,False,False,False,False,-2.16,0.01980086,0.02097516,-5.6,-5.48,False,0.0,0.0,0.46,-3.0,Risk review,Head-and-shoulders risk,"head-and-shoulders, risk, distribution",511.5,,,9.65,,,511.5,"A possible head-and-shoulders top is forming or breaking. This is a caution signal, not an entry setup.",Risk review,-1.25
DMART,Avenue Supermarts Ltd.,DMART.NS,Consumer Services,True,,NIFTY 500,^CRSLDX,2026-09-01,3824.0,-1.95,-2.19,-4.95,382578.0,454581.0,0.84,1462978272.0,38.99,41.74,False,False,False,False,False,-3.12,-4.76,-0.55,False,False,False,False,-0.11,0.1638396,0.17239045,-4.96,-2.87,False,0.0,0.0,0.84,-2.0,Risk review,Head-and-shoulders risk,"head-and-shoulders, risk, distribution",3794.4,,,0.78,,,3794.4,"A possible head-and-shoulders top is forming or breaking. This is a caution signal, not an entry setup.",Risk review,-1.27
ITI,ITI Ltd.,ITI.NS,Telecommunication,True,,NIFTY 500,^CRSLDX,2026-09-01,268.55,-0.89,-3.45,-4.97,168034.0,332305.0,0.51,45125528.65,30.86,43.13,False,False,False,False,False,-3.86,-5.55,-1.59,False,False,False,False,3.57,0.01150605,0.01220817,-5.75,-2.93,False,0.0,0.0,0.51,-2.0,Risk review,Head-and-shoulders risk,"head-and-shoulders, risk, distribution",257.25,,,4.39,,,257.25,"A possible head-and-shoulders top is forming or breaking. This is a caution signal, not an entry setup.",Risk review,-1.29
TRIDENT,Trident Ltd.,TRIDENT.NS,Textiles,True,,NIFTY 500,^CRSLDX,2026-09-01,24.14,-0.17,-1.15,-3.32,2210875.0,3264720.0,0.68,53370521.15,34.86,40.64,False,False,False,False,False,-1.7,-4.05,-1.28,False,False,False,False,5.18,0.00103428,0.00107787,-4.04,-1.29,False,0.0,0.0,0.68,-3.0,Risk review,Head-and-shoulders risk,"head-and-shoulders, risk, distribution",24.81,,,2.68,,,24.81,"A possible head-and-shoulders top is forming or breaking. This is a caution signal, not an entry setup.",Risk review,-1.31
WAAREEENER,Waaree Energies Ltd.,WAAREEENER.NS,Capital Goods,True,,NIFTY 500,^CRSLDX,2026-09-01,2588.0,-0.65,-2.52,-3.07,305081.0,448751.0,0.68,789549628.0,32.61,39.18,False,False,False,False,False,-3.05,-6.16,-2.55,False,False,False,False,7.03,0.11088308,0.11844644,-6.39,-1.37,False,0.0,0.0,0.68,-3.0,Risk review,Head-and-shoulders risk,"head-and-shoulders, risk, distribution",2751.5,,,5.94,,,2751.5,"A possible head-and-shoulders top is forming or breaking. This is a caution signal, not an entry setup.",Risk review,-1.32
OLECTRA,Olectra Greentech Ltd.,OLECTRA.NS,Automobile and Auto Components,True,,NIFTY 500,^CRSLDX,2026-09-01,1247.3,-2.3,-3.44,-7.46,368266.0,421096.0,0.87,459338199.78,34.24,39.18,False,False,False,False,True,-6.48,-9.21,-1.08,False,False,False,False,5.17,0.05344068,0.05899723,-9.42,-5.37,False,0.3333333333333333,0.0,0.87,-3.0,Risk review,Head-and-shoulders risk,"head-and-shoulders, risk, distribution, breakout, retest, pivot, volume",1266.1,,,1.48,,,1266.1,"A possible head-and-shoulders top is forming or breaking. This is a caution signal, not an entry setup. Secondary patterns: Breakout retest.",Risk review,-1.32
ABLBL,Aditya Birla Lifestyle Brands Ltd.,ABLBL.NS,Consumer Services,True,,NIFTY 500,^CRSLDX,2026-09-01,85.33,-1.59,-0.13,-9.29,661775.0,931669.0,0.71,56469261.96,35.14,27.85,False,False,False,False,False,-3.62,-7.87,-4.16,False,False,False,False,-6.54,0.00365597,0.00397633,-8.06,-8.78,False,0.0,0.0,0.71,-3.0,Risk review,Head-and-shoulders risk,"head-and-shoulders, risk, distribution",98.06,,,12.98,,,98.06,"A possible head-and-shoulders top is forming or breaking. This is a caution signal, not an entry setup.",Risk review,-1.35
PAGEIND,Page Industries Ltd.,PAGEIND.NS,Textiles,True,,NIFTY 500,^CRSLDX,2026-09-01,35675.0,-0.35,0.49,-9.76,15534.0,34053.0,0.46,554175450.0,35.9,30.59,True,False,False,False,False,-3.1,-8.68,-0.9,False,False,False,False,-2.1,1.52849838,1.67432075,-8.71,-9.0,False,0.3333333333333333,0.0,0.46,-3.0,Risk review,Head-and-shoulders risk,"head-and-shoulders, risk, distribution, inverse-head-and-shoulders, base, reversal",36985.0,,,3.54,,,36985.0,"A possible head-and-shoulders top is forming or breaking. This is a caution signal, not an entry setup. Secondary patterns: Possible inverse H&S.",Risk review,-1.35
COALINDIA,Coal India Ltd.,COALINDIA.NS,Oil Gas & Consumable Fuels,True,,NIFTY 500,^CRSLDX,2026-09-01,401.6,-0.04,-0.59,-3.83,6125327.0,7816004.0,0.78,2459931360.59,36.9,37.83,False,False,False,False,False,-1.31,-3.66,0.87,False,False,False,False,2.46,0.01720659,0.01788897,-3.81,-1.55,False,0.3333333333333333,0.0,0.78,-3.0,Risk review,Head-and-shoulders risk,"head-and-shoulders, risk, distribution",409.98,,,2.04,,,409.98,"A possible head-and-shoulders top is forming or breaking. This is a caution signal, not an entry setup.",Risk review,-1.36
ABREL,Aditya Birla Real Estate Ltd.,ABREL.NS,Realty,True,,NIFTY 500,^CRSLDX,2026-09-01,1357.0,0.11,-3.62,-4.71,154524.0,223642.0,0.69,209689068.0,41.85,51.24,False,False,False,False,False,-2.81,-2.92,-2.43,False,False,False,False,-3.0,0.05814078,0.05971846,-2.64,-3.36,False,0.0,0.0,0.69,-2.0,Risk review,Head-and-shoulders risk,"head-and-shoulders, risk, distribution, inverse-head-and-shoulders, base, reversal",1305.55,,,3.94,,,1305.55,"A possible head-and-shoulders top is forming or breaking. This is a caution signal, not an entry setup. Secondary patterns: Possible inverse H&S.",Risk review,-1.37
TENNIND,Tenneco Clean Air India Ltd.,TENNIND.NS,Automobile and Auto Components,True,,NIFTY 500,^CRSLDX,2026-09-01,525.2,-0.79,-3.84,-4.6,850789.0,4342521.0,0.2,446834393.19,37.93,45.63,False,False,False,False,,-4.55,-6.41,,False,False,False,False,7.99,0.02250224,0.02408279,-6.56,-1.65,False,0.0,0.0,0.2,-3.0,Risk review,Head-and-shoulders risk,"head-and-shoulders, risk, distribution",526.9,,,0.32,,,526.9,"A possible head-and-shoulders top is forming or breaking. This is a caution signal, not an entry setup.",Risk review,-1.38
IOB,Indian Overseas Bank,IOB.NS,Financial Services,True,,NIFTY 500,^CRSLDX,2026-09-01,32.27,-0.62,-2.3,-5.89,1775226.0,2147816.0,0.83,57286543.83,30.55,39.02,False,False,False,False,False,-3.46,-4.7,-1.78,False,False,False,False,-1.65,0.00138261,0.00145199,-4.78,-3.49,False,0.0,0.0,0.83,-2.0,Risk review,Head-and-shoulders risk,"head-and-shoulders, risk, distribution",32.07,,,0.62,,,32.07,"A possible head-and-shoulders top is forming or breaking. This is a caution signal, not an entry setup.",Risk review,-1.4
ELECON,Elecon Engineering Co. Ltd.,ELECON.NS,Capital Goods,True,,NIFTY 500,^CRSLDX,2026-09-01,412.25,0.1,-3.28,-4.03,279355.0,374311.0,0.75,115164098.75,35.65,40.63,False,False,False,False,False,-5.03,-10.52,-2.38,False,False,False,False,18.76,0.01766289,0.01984975,-11.02,-1.84,False,0.0,0.0,0.75,-3.0,Risk review,Head-and-shoulders risk,"head-and-shoulders, risk, distribution",441.25,,,6.57,,,441.25,"A possible head-and-shoulders top is forming or breaking. This is a caution signal, not an entry setup.",Risk review,-1.42
AADHARHFC,Aadhar Housing Finance Ltd.,AADHARHFC.NS,Financial Services,True,,NIFTY 500,^CRSLDX,2026-09-01,476.45,1.78,0.31,-3.32,289541.0,356847.0,0.81,137951812.98,44.03,39.31,True,False,False,False,False,-1.9,-5.48,-0.43,False,False,False,False,7.19,0.02041354,0.02157859,-5.4,-3.62,False,0.3333333333333333,0.0,0.81,-2.0,Risk review,Head-and-shoulders risk,"head-and-shoulders, risk, distribution, inverse-head-and-shoulders, base, reversal",458.62,,,3.89,,,458.62,"A possible head-and-shoulders top is forming or breaking. This is a caution signal, not an entry setup. Secondary patterns: Possible inverse H&S.",Risk review,-1.42
BSOFT,Birlasoft Ltd.,BSOFT.NS,Information Technology,True,,NIFTY 500,^CRSLDX,2026-09-01,295.8,1.56,1.65,-8.48,1358651.0,1137413.0,1.19,401888949.21,45.74,37.84,False,False,False,False,False,-3.51,-0.38,-1.62,False,False,False,False,-20.57,0.01267358,0.01272032,-0.37,-6.17,False,0.0,0.0,1.19,-3.0,Risk review,Head-and-shoulders risk,"head-and-shoulders, risk, distribution",374.82,,,21.08,,,374.82,"A possible head-and-shoulders top is forming or breaking. This is a caution signal, not an entry setup.",Risk review,-1.45
CUMMINSIND,Cummins India Ltd.,CUMMINSIND.NS,Capital Goods,True,,NIFTY 500,^CRSLDX,2026-09-01,5105.0,0.0,-2.57,-8.02,430858.0,533645.0,0.81,2199530090.0,35.1,41.7,False,False,False,False,True,-3.43,-5.96,2.27,False,False,False,False,-4.95,0.21872416,0.23290075,-6.09,-6.19,False,0.6666666666666666,0.0,0.81,-3.0,Risk review,Head-and-shoulders risk,"head-and-shoulders, risk, distribution",5264.25,,,3.03,,,5264.25,"A possible head-and-shoulders top is forming or breaking. This is a caution signal, not an entry setup.",Risk review,-1.45
JWL,Jupiter Wagons Ltd.,JWL.NS,Capital Goods,True,,NIFTY 500,^CRSLDX,2026-09-01,242.36,0.75,-1.84,-6.73,1160951.0,725050.0,1.6,281368085.07,34.21,37.51,False,False,False,False,False,-3.78,-4.95,-2.33,False,False,False,False,-7.76,0.01038393,0.0109538,-5.2,-6.71,False,0.0,0.0,1.6,-3.0,Risk review,Head-and-shoulders risk,"head-and-shoulders, risk, distribution",258.96,,,6.41,,,258.96,"A possible head-and-shoulders top is forming or breaking. This is a caution signal, not an entry setup.",Risk review,-1.45
ZENSARTECH,Zensar Technolgies Ltd.,ZENSARTECH.NS,Information Technology,True,,NIFTY 500,^CRSLDX,2026-09-01,472.95,2.74,0.18,-7.59,1121671.0,708718.0,1.58,530494313.14,44.49,40.19,False,False,False,False,False,-2.42,-2.53,-4.41,False,False,False,False,-16.18,0.02026358,0.02073511,-2.27,-6.89,False,0.0,0.0,1.58,-3.0,Risk review,Head-and-shoulders risk,"head-and-shoulders, risk, distribution",510.18,,,7.3,,,510.18,"A possible head-and-shoulders top is forming or breaking. This is a caution signal, not an entry setup.",Risk review,-1.45
AIAENG,AIA Engineering Ltd.,AIAENG.NS,Capital Goods,True,,NIFTY 500,^CRSLDX,2026-09-01,4243.2,-0.34,-0.57,-8.29,20642.0,51382.0,0.4,87588138.43,33.34,32.98,False,False,False,False,True,-4.54,-8.09,2.76,False,False,False,False,-3.45,0.18180027,0.19820886,-8.28,-7.63,False,0.6666666666666666,0.0,0.4,-3.0,Risk review,Head-and-shoulders risk,"head-and-shoulders, risk, distribution, breakout, retest, pivot, volume, inverse-head-and-shoulders, base, reversal",4375.25,,,3.02,,,4375.25,"A possible head-and-shoulders top is forming or breaking. This is a caution signal, not an entry setup. Secondary patterns: Breakout retest, Possible inverse H&S.",Risk review,-1.45
EIHOTEL,EIH Ltd.,EIHOTEL.NS,Consumer Services,True,,NIFTY 500,^CRSLDX,2026-09-01,294.45,4.3,-2.74,-9.98,430182.0,246439.0,1.75,126667095.15,40.68,41.36,False,False,False,False,False,-2.48,-7.41,-2.5,False,False,False,False,-6.66,0.01261574,0.01364097,-7.52,-9.03,False,0.0,0.0,1.75,-3.0,Risk review,Head-and-shoulders risk,"head-and-shoulders, risk, distribution",306.88,,,4.05,,,306.88,"A possible head-and-shoulders top is forming or breaking. This is a caution signal, not an entry setup.",Risk review,-1.45
JAINREC,Jain Resource Recycling Ltd.,JAINREC.NS,Metals & Mining,True,,NIFTY 500,^CRSLDX,2026-09-01,280.7,1.41,-2.67,-13.22,3004672.0,1264650.0,2.38,843411467.08,34.06,34.18,False,False,False,False,False,-5.31,-13.44,-2.29,False,False,False,False,-16.2,0.01202662,0.01398702,-14.02,-18.26,False,0.0,0.0,2.38,-3.0,Risk review,Head-and-shoulders risk,"head-and-shoulders, risk, distribution",350.35,,,19.88,,,350.35,"A possible head-and-shoulders top is forming or breaking. This is a caution signal, not an entry setup.",Risk review,-1.45
UTIAMC,UTI Asset Management Company Ltd.,UTIAMC.NS,Financial Services,True,,NIFTY 500,^CRSLDX,2026-09-01,879.5,1.03,-1.17,-3.26,111748.0,100814.0,1.11,98282366.0,40.35,41.83,False,False,False,False,False,-1.91,-3.65,-3.17,False,False,False,False,3.34,0.03768225,0.03908768,-3.6,-2.05,False,0.0,0.0,1.11,-3.0,Risk review,Head-and-shoulders risk,"head-and-shoulders, risk, distribution",893.02,,,1.51,,,893.02,"A possible head-and-shoulders top is forming or breaking. This is a caution signal, not an entry setup.",Risk review,-1.46
IOC,Indian Oil Corporation Ltd.,IOC.NS,Oil Gas & Consumable Fuels,True,,NIFTY 500,^CRSLDX,2026-09-01,136.53,-1.87,-1.78,-2.72,9534627.0,8128311.0,1.17,1301762612.67,43.77,49.96,False,False,False,False,False,-1.66,-2.04,-1.03,False,False,False,False,-2.1,0.00584964,0.00596982,-2.01,-2.24,False,0.0,0.0,1.17,-3.0,Risk review,Head-and-shoulders risk,"head-and-shoulders, risk, distribution",142.5,,,4.19,,,142.5,"A possible head-and-shoulders top is forming or breaking. This is a caution signal, not an entry setup.",Risk review,-1.5
BERGEPAINT,Berger Paints India Ltd.,BERGEPAINT.NS,Consumer Durables,True,,NIFTY 500,^CRSLDX,2026-09-01,490.85,-1.39,-3.73,-7.35,134270.0,495802.0,0.27,65906430.32,35.82,42.5,False,False,False,False,False,-6.81,-4.54,-0.3,False,False,False,False,-3.55,0.02103051,0.02205472,-4.64,-4.21,False,0.3333333333333333,0.0,0.27,-2.0,Risk review,Head-and-shoulders risk,"head-and-shoulders, risk, distribution, breakout, retest, pivot, volume, inverse-head-and-shoulders, base, reversal",468.4,,,4.79,,,468.4,"A possible head-and-shoulders top is forming or breaking. This is a caution signal, not an entry setup. Secondary patterns: Breakout retest, Possible inverse H&S.",Risk review,-1.54
CHOLAHLDNG,Cholamandalam Financial Holdings Ltd.,CHOLAHLDNG.NS,Financial Services,True,,NIFTY 500,^CRSLDX,2026-09-01,1475.0,-0.71,-4.75,-4.51,207051.0,163062.0,1.27,305400225.0,34.13,44.94,False,False,False,False,False,-5.78,-6.95,-2.16,False,False,False,False,3.6,0.0631965,0.06786268,-6.88,-4.39,False,0.0,0.0,1.27,-2.0,Risk review,Head-and-shoulders risk,"head-and-shoulders, risk, distribution",1424.9,,,3.52,,,1424.9,"A possible head-and-shoulders top is forming or breaking. This is a caution signal, not an entry setup.",Risk review,-1.58
BAJAJHFL,Bajaj Housing Finance Ltd.,BAJAJHFL.NS,Financial Services,True,,NIFTY 500,^CRSLDX,2026-09-01,82.85,-1.39,-1.39,-4.89,3144661.0,2421124.0,1.3,260535159.05,36.82,40.78,False,False,False,False,False,-2.3,-3.87,-2.7,False,False,False,False,2.39,0.00354972,0.00369266,-3.87,-2.71,False,0.0,0.0,1.3,-3.0,Risk review,Head-and-shoulders risk,"head-and-shoulders, risk, distribution",82.93,,,0.09,,,82.93,"A possible head-and-shoulders top is forming or breaking. This is a caution signal, not an entry setup.",Risk review,-1.59
BLS,BLS International Services Ltd.,BLS.NS,Consumer Services,True,,NIFTY 500,^CRSLDX,2026-09-01,238.19,-0.99,-2.11,-3.94,1098733.0,3821042.0,0.29,261707215.95,39.01,40.95,False,False,False,False,False,-7.18,-4.12,-2.16,False,False,False,False,-1.87,0.01020527,0.01065747,-4.24,-3.12,False,0.0,0.0,0.29,-3.0,Risk review,Head-and-shoulders risk,"head-and-shoulders, risk, distribution",238.88,,,0.29,,,238.88,"A possible head-and-shoulders top is forming or breaking. This is a caution signal, not an entry setup.",Risk review,-1.67
RPOWER,Reliance Power Ltd.,RPOWER.NS,Power,True,,NIFTY 500,^CRSLDX,2026-09-01,22.26,0.77,-1.94,-7.52,14828363.0,19946316.0,0.74,330079363.77,39.12,42.03,False,False,False,False,False,-3.3,-7.02,-6.78,False,False,False,False,2.0,0.00095373,0.00102918,-7.33,-4.9,False,0.0,0.0,0.74,-2.0,Risk review,Head-and-shoulders risk,"head-and-shoulders, risk, distribution",21.64,,,2.89,,,21.64,"A possible head-and-shoulders top is forming or breaking. This is a caution signal, not an entry setup.",Risk review,-1.68
IEX,Indian Energy Exchange Ltd.,IEX.NS,Financial Services,True,,NIFTY 500,^CRSLDX,2026-09-01,119.2,-1.08,-4.03,-7.74,2633211.0,2268780.0,1.16,313878743.16,33.86,46.74,False,False,False,False,False,-4.12,-4.17,-0.98,False,False,False,False,-6.91,0.00510713,0.0053266,-4.12,-5.03,False,0.0,0.0,1.16,-2.0,Risk review,Head-and-shoulders risk,"head-and-shoulders, risk, distribution",118.03,,,0.99,,,118.03,"A possible head-and-shoulders top is forming or breaking. This is a caution signal, not an entry setup.",Risk review,-1.71
SJVN,SJVN Ltd.,SJVN.NS,Power,True,,NIFTY 500,^CRSLDX,2026-09-01,64.92,0.32,-1.43,-5.41,1601908.0,1395849.0,1.15,103995864.43,28.18,31.97,False,False,False,False,False,-2.05,-5.11,-2.54,False,False,False,False,0.63,0.0027815,0.00293721,-5.3,-4.12,False,0.0,0.0,1.15,-3.0,Risk review,Head-and-shoulders risk,"head-and-shoulders, risk, distribution",66.76,,,2.76,,,66.76,"A possible head-and-shoulders top is forming or breaking. This is a caution signal, not an entry setup.",Risk review,-1.87
ERIS,Eris Lifesciences Ltd.,ERIS.NS,Healthcare,True,,NIFTY 500,^CRSLDX,2026-09-01,1299.9,0.21,-0.74,-5.32,48468.0,76847.0,0.63,63003554.38,33.0,33.53,False,False,False,False,False,-3.3,-6.86,-1.7,False,False,False,False,1.89,0.05569433,0.05985224,-6.95,-4.16,False,0.0,0.0,0.63,-3.0,Risk review,Head-and-shoulders risk,"head-and-shoulders, risk, distribution",1333.5,,,2.52,,,1333.5,"A possible head-and-shoulders top is forming or breaking. This is a caution signal, not an entry setup.",Risk review,-1.88
BAYERCROP,Bayer Cropscience Ltd.,BAYERCROP.NS,Chemicals,True,,NIFTY 500,^CRSLDX,2026-09-01,3987.6,0.42,-2.49,-6.64,14743.0,20852.0,0.71,58789188.24,36.28,45.38,False,False,False,False,False,-2.65,-3.23,-1.29,False,False,False,False,-5.69,0.17084906,0.17643322,-3.17,-4.17,False,0.0,0.0,0.71,-3.0,Risk review,Head-and-shoulders risk,"head-and-shoulders, risk, distribution",4352.55,,,8.38,,,4352.55,"A possible head-and-shoulders top is forming or breaking. This is a caution signal, not an entry setup.",Risk review,-1.88
VBL,Varun Beverages Ltd.,VBL.NS,Fast Moving Consumer Goods,True,,NIFTY 500,^CRSLDX,2026-09-01,405.85,1.35,-7.34,-7.55,4749110.0,5676500.0,0.84,1927426322.49,32.88,44.41,False,False,False,False,False,-5.85,-11.21,-0.71,False,False,False,False,4.38,0.01738868,0.01965322,-11.52,-6.99,False,0.0,0.0,0.84,-2.0,Risk review,Head-and-shoulders risk,"head-and-shoulders, risk, distribution",402.0,,,0.96,,,402.0,"A possible head-and-shoulders top is forming or breaking. This is a caution signal, not an entry setup.",Risk review,-1.9
HUDCO,Housing & Urban Development Corporation Ltd.,HUDCO.NS,Financial Services,True,,NIFTY 500,^CRSLDX,2026-09-01,178.58,-1.91,-4.1,-11.51,1726252.0,1761948.0,0.98,308274085.32,27.52,35.49,False,False,False,False,False,-5.77,-9.12,-1.65,False,False,False,False,0.02,0.00765128,0.0084337,-9.28,-7.93,False,0.0,0.0,0.98,-2.0,Risk review,Head-and-shoulders risk,"head-and-shoulders, risk, distribution",178.06,,,0.29,,,178.06,"A possible head-and-shoulders top is forming or breaking. This is a caution signal, not an entry setup.",Risk review,-1.9
RHIM,RHI MAGNESITA INDIA LTD.,RHIM.NS,Capital Goods,True,,NIFTY 500,^CRSLDX,2026-09-01,368.2,-0.91,-0.54,-9.83,274972.0,691347.0,0.4,101244693.76,37.44,37.74,False,False,False,False,False,-4.4,-5.93,-1.85,False,False,False,False,-14.43,0.01577556,0.01677421,-5.95,-8.91,False,0.0,0.0,0.4,-2.0,Risk review,Head-and-shoulders risk,"head-and-shoulders, risk, distribution",364.55,,,1.0,,,364.55,"A possible head-and-shoulders top is forming or breaking. This is a caution signal, not an entry setup.",Risk review,-1.9
FSL,Firstsource Solutions Ltd.,FSL.NS,Services,True,,NIFTY 500,^CRSLDX,2026-09-01,266.0,0.45,-3.41,-19.56,1356854.0,2847797.0,0.48,360923164.0,44.78,50.17,False,False,False,True,False,-3.73,-0.5,-2.19,False,False,False,False,-44.44,0.01139679,0.01141273,-0.14,-16.36,False,0.0,0.0,0.48,-2.0,Risk review,Head-and-shoulders risk,"head-and-shoulders, risk, distribution",257.1,,,3.46,,,257.1,"A possible head-and-shoulders top is forming or breaking. This is a caution signal, not an entry setup.",Risk review,-1.9
GODFRYPHLP,Godfrey Phillips India Ltd.,GODFRYPHLP.NS,Fast Moving Consumer Goods,True,,NIFTY 500,^CRSLDX,2026-09-01,2078.3,-1.26,-1.36,-9.77,137418.0,224556.0,0.61,285595836.11,42.17,44.89,False,False,False,False,False,-3.66,-2.49,-3.94,False,False,False,False,-7.52,0.08904494,0.09131126,-2.48,-4.29,False,0.0,0.0,0.61,-3.0,Risk review,Head-and-shoulders risk,"head-and-shoulders, risk, distribution",2156.55,,,3.63,,,2156.55,"A possible head-and-shoulders top is forming or breaking. This is a caution signal, not an entry setup.",Risk review,-1.91
UCOBANK,UCO Bank,UCOBANK.NS,Financial Services,True,,NIFTY 500,^CRSLDX,2026-09-01,24.59,-1.21,-5.6,-6.61,3061502.0,3063126.0,1.0,75282334.65,29.59,48.37,False,False,False,False,False,-5.03,-6.38,-2.05,False,False,False,False,-2.17,0.00105356,0.00112583,-6.42,-4.68,False,0.0,0.0,1.0,-3.0,Risk review,Head-and-shoulders risk,"head-and-shoulders, risk, distribution",25.26,,,2.63,,,25.26,"A possible head-and-shoulders top is forming or breaking. This is a caution signal, not an entry setup.",Risk review,-1.99
NTPC,NTPC Ltd.,NTPC.NS,Power,True,,NIFTY 500,^CRSLDX,2026-09-01,327.5,0.03,-3.63,-4.7,7368972.0,9021415.0,0.82,2413338330.0,31.2,44.5,False,False,False,False,False,-3.08,-5.06,0.19,False,False,False,False,-1.79,0.01403177,0.01480822,-5.24,-4.82,False,0.3333333333333333,0.0,0.82,-3.0,Risk review,Head-and-shoulders risk,"head-and-shoulders, risk, distribution",340.33,,,3.77,,,340.33,"A possible head-and-shoulders top is forming or breaking. This is a caution signal, not an entry setup.",Risk review,-2.01
SIGNATURE,Signatureglobal (India) Ltd.,SIGNATURE.NS,Realty,True,,NIFTY 500,^CRSLDX,2026-09-01,777.2,0.95,-1.69,-5.03,173679.0,210611.0,0.82,134983320.92,43.31,45.6,False,False,False,False,False,-2.52,-2.16,-2.96,False,False,False,False,-8.98,0.0332992,0.03402572,-2.14,-4.92,False,0.0,0.0,0.82,-3.0,Risk review,Head-and-shoulders risk,"head-and-shoulders, risk, distribution",789.47,,,1.55,,,789.47,"A possible head-and-shoulders top is forming or breaking. This is a caution signal, not an entry setup.",Risk review,-2.03
CIEINDIA,CIE Automotive India Ltd.,CIEINDIA.NS,Automobile and Auto Components,True,,NIFTY 500,^CRSLDX,2026-09-01,390.85,-0.05,-1.29,-4.81,267685.0,437170.0,0.61,104624683.88,28.74,29.94,False,False,False,False,False,-3.23,-9.52,-0.49,False,False,False,False,6.96,0.016746,0.01856574,-9.8,-5.02,False,0.0,0.0,0.61,-3.0,Risk review,Head-and-shoulders risk,"head-and-shoulders, risk, distribution",407.3,,,4.04,,,407.3,"A possible head-and-shoulders top is forming or breaking. This is a caution signal, not an entry setup.",Risk review,-2.05
RAMCOCEM,The Ramco Cements Ltd.,RAMCOCEM.NS,Construction Materials,True,,NIFTY 500,^CRSLDX,2026-09-01,875.35,-0.48,-3.72,-7.21,76522.0,341915.0,0.22,66983530.83,39.68,47.44,False,False,False,False,False,-4.01,-4.75,-1.19,False,False,False,False,-4.46,0.03750444,0.03928749,-4.54,-5.3,False,0.0,0.0,0.22,-3.0,Risk review,Head-and-shoulders risk,"head-and-shoulders, risk, distribution",944.7,,,7.34,,,944.7,"A possible head-and-shoulders top is forming or breaking. This is a caution signal, not an entry setup.",Risk review,-2.11
IREDA,Indian Renewable Energy Development Agency Ltd.,IREDA.NS,Financial Services,True,,NIFTY 500,^CRSLDX,2026-09-01,114.2,-1.97,-5.31,-5.11,3725885.0,4622653.0,0.81,425496055.63,37.94,55.28,False,False,False,False,False,-2.71,-5.62,-2.56,False,False,False,False,-0.86,0.00489291,0.00519179,-5.76,-5.31,False,0.0,0.0,0.81,-3.0,Risk review,Head-and-shoulders risk,"head-and-shoulders, risk, distribution",115.58,,,1.19,,,115.58,"A possible head-and-shoulders top is forming or breaking. This is a caution signal, not an entry setup.",Risk review,-2.11
TATACONSUM,Tata Consumer Products Ltd.,TATACONSUM.NS,Fast Moving Consumer Goods,True,,NIFTY 500,^CRSLDX,2026-09-01,1030.5,-0.67,-2.83,-5.63,1005796.0,1243003.0,0.81,1036472778.0,36.19,43.8,False,False,False,False,False,-3.31,-5.14,-0.81,False,False,False,False,-3.08,0.04415186,0.04653933,-5.13,-5.32,False,0.0,0.0,0.81,-3.0,Risk review,Head-and-shoulders risk,"head-and-shoulders, risk, distribution",1090.85,,,5.53,,,1090.85,"A possible head-and-shoulders top is forming or breaking. This is a caution signal, not an entry setup.",Risk review,-2.11
POWERGRID,Power Grid Corporation of India Ltd.,POWERGRID.NS,Power,True,,NIFTY 500,^CRSLDX,2026-09-01,264.55,0.38,-2.38,-6.65,8490266.0,8573585.0,0.99,2246099766.66,38.14,44.09,False,False,False,False,False,-1.39,-5.05,-0.26,False,False,False,False,-5.0,0.01133467,0.01195553,-5.19,-5.99,False,0.0,0.0,0.99,-3.0,Risk review,Head-and-shoulders risk,"head-and-shoulders, risk, distribution",270.1,,,2.05,,,270.1,"A possible head-and-shoulders top is forming or breaking. This is a caution signal, not an entry setup.",Risk review,-2.25
INDIACEM,India Cements Ltd.,INDIACEM.NS,Construction Materials,True,,NIFTY 500,^CRSLDX,2026-09-01,359.85,-2.91,-1.22,-8.06,184509.0,139926.0,1.32,66395564.78,33.24,32.23,False,False,False,False,False,-4.52,-6.36,-0.37,False,False,False,False,-7.1,0.0154178,0.01645289,-6.29,-6.13,False,0.0,0.0,1.32,-3.0,Risk review,Head-and-shoulders risk,"head-and-shoulders, risk, distribution",386.9,,,6.99,,,386.9,"A possible head-and-shoulders top is forming or breaking. This is a caution signal, not an entry setup.",Risk review,-2.25
NLCINDIA,NLC India Ltd.,NLCINDIA.NS,Power,True,,NIFTY 500,^CRSLDX,2026-09-01,274.3,2.58,1.11,-8.78,2083257.0,1904112.0,1.09,571437369.67,42.47,35.0,True,False,False,False,False,-1.52,-6.74,0.74,False,False,False,False,-1.43,0.01175241,0.01264779,-7.08,-6.14,False,0.6666666666666666,0.0,1.09,-3.0,Risk review,Head-and-shoulders risk,"head-and-shoulders, risk, distribution",283.1,,,3.11,,,283.1,"A possible head-and-shoulders top is forming or breaking. This is a caution signal, not an entry setup.",Risk review,-2.25
ATGL,Adani Total Gas Ltd.,ATGL.NS,Oil Gas & Consumable Fuels,True,,NIFTY 500,^CRSLDX,2026-09-01,613.65,-1.22,-4.15,-7.99,729919.0,974575.0,0.75,447914812.17,28.6,37.11,False,False,False,False,False,-5.42,-9.56,0.44,False,False,False,False,2.99,0.02629189,0.02912983,-9.74,-6.26,False,0.6666666666666666,0.0,0.75,-3.0,Risk review,Head-and-shoulders risk,"head-and-shoulders, risk, distribution, inverse-head-and-shoulders, base, reversal",639.25,,,4.0,,,639.25,"A possible head-and-shoulders top is forming or breaking. This is a caution signal, not an entry setup. Secondary patterns: Possible inverse H&S.",Risk review,-2.25
CHAMBLFERT,Chambal Fertilizers & Chemicals Ltd.,CHAMBLFERT.NS,Chemicals,True,,NIFTY 500,^CRSLDX,2026-09-01,412.3,0.67,-3.58,-8.08,755090.0,542501.0,1.39,311323597.78,27.71,35.38,False,False,False,False,False,-5.18,-7.07,-0.81,False,False,False,False,-0.44,0.01766503,0.01905067,-7.27,-6.34,False,0.3333333333333333,0.0,1.39,-3.0,Risk review,Head-and-shoulders risk,"head-and-shoulders, risk, distribution",423.5,,,2.64,,,423.5,"A possible head-and-shoulders top is forming or breaking. This is a caution signal, not an entry setup.",Risk review,-2.25
TATAPOWER,Tata Power Co. Ltd.,TATAPOWER.NS,Power,True,,NIFTY 500,^CRSLDX,2026-09-01,350.55,1.02,-5.41,-7.75,3607249.0,4842115.0,0.74,1264521092.92,25.55,35.72,False,False,False,False,False,-5.88,-6.93,-0.6,False,False,False,False,-6.02,0.01501934,0.01617409,-7.14,-6.41,False,0.0,0.0,0.74,-3.0,Risk review,Head-and-shoulders risk,"head-and-shoulders, risk, distribution",355.18,,,1.3,,,355.18,"A possible head-and-shoulders top is forming or breaking. This is a caution signal, not an entry setup.",Risk review,-2.25
UBL,United Breweries Ltd.,UBL.NS,Fast Moving Consumer Goods,True,,NIFTY 500,^CRSLDX,2026-09-01,1308.9,0.03,-2.94,-8.08,64280.0,82881.0,0.78,84136093.57,31.61,41.47,False,False,False,False,False,-3.96,-3.95,-2.82,False,False,False,False,-9.96,0.05607993,0.0583296,-3.86,-6.54,False,0.0,0.0,0.78,-3.0,Risk review,Head-and-shoulders risk,"head-and-shoulders, risk, distribution",1469.05,,,10.9,,,1469.05,"A possible head-and-shoulders top is forming or breaking. This is a caution signal, not an entry setup.",Risk review,-2.25
NATCOPHARM,NATCO Pharma Ltd.,NATCOPHARM.NS,Healthcare,True,,NIFTY 500,^CRSLDX,2026-09-01,849.2,0.92,-1.97,-7.24,241422.0,486966.0,0.5,205015565.35,34.17,36.15,False,False,False,False,False,-4.41,-7.48,0.76,False,False,False,False,-4.77,0.03638405,0.03930579,-7.43,-6.63,False,0.3333333333333333,0.0,0.5,-3.0,Risk review,Head-and-shoulders risk,"head-and-shoulders, risk, distribution",861.95,,,1.48,,,861.95,"A possible head-and-shoulders top is forming or breaking. This is a caution signal, not an entry setup.",Risk review,-2.25
LATENTVIEW,Latent View Analytics Ltd.,LATENTVIEW.NS,Information Technology,True,,NIFTY 500,^CRSLDX,2026-09-01,272.55,1.02,-2.43,-8.56,441369.0,534628.0,0.83,120295115.56,38.0,38.68,False,False,False,False,False,-3.95,-6.75,-4.5,False,False,False,False,-9.24,0.01167743,0.01252237,-6.75,-6.68,False,0.0,0.0,0.83,-3.0,Risk review,Head-and-shoulders risk,"head-and-shoulders, risk, distribution",279.97,,,2.65,,,279.97,"A possible head-and-shoulders top is forming or breaking. This is a caution signal, not an entry setup.",Risk review,-2.25
LINDEINDIA,Linde India Ltd.,LINDEINDIA.NS,Chemicals,True,,NIFTY 500,^CRSLDX,2026-09-01,6373.0,-0.2,-1.86,-10.8,24328.0,21610.0,1.13,155042344.0,31.13,32.44,False,False,False,False,False,-5.22,-7.43,1.1,False,False,False,False,-2.27,0.27305172,0.29560001,-7.63,-6.73,False,0.6666666666666666,0.0,1.13,-3.0,Risk review,Head-and-shoulders risk,"head-and-shoulders, risk, distribution",6817.5,,,6.52,,,6817.5,"A possible head-and-shoulders top is forming or breaking. This is a caution signal, not an entry setup.",Risk review,-2.25
SAMMAANCAP,Sammaan Capital Ltd.,SAMMAANCAP.NS,Financial Services,True,,NIFTY 500,^CRSLDX,2026-09-01,147.14,0.57,-1.89,-8.2,5850798.0,8529951.0,0.69,860886414.15,35.42,37.0,False,False,False,False,False,-4.64,-8.72,-1.68,False,False,False,False,3.38,0.00630423,0.00693126,-9.05,-6.84,False,0.3333333333333333,0.0,0.69,-3.0,Risk review,Head-and-shoulders risk,"head-and-shoulders, risk, distribution",147.75,,,0.41,,,147.75,"A possible head-and-shoulders top is forming or breaking. This is a caution signal, not an entry setup.",Risk review,-2.25
PWL,Physicswallah Ltd.,PWL.NS,Consumer Services,True,,NIFTY 500,^CRSLDX,2026-09-01,114.94,-1.17,-5.28,-8.87,6598635.0,15703861.0,0.42,758447123.01,36.63,43.89,False,False,False,False,,-6.08,-10.52,,False,False,False,False,1.17,0.00492461,0.00550886,-10.61,-6.99,False,0.0,0.0,0.42,-3.0,Risk review,Head-and-shoulders risk,"head-and-shoulders, risk, distribution, breakout, retest, pivot, volume, inverse-head-and-shoulders, base, reversal",120.87,,,4.91,,,120.87,"A possible head-and-shoulders top is forming or breaking. This is a caution signal, not an entry setup. Secondary patterns: Breakout retest, Possible inverse H&S.",Risk review,-2.25
JSWENERGY,JSW Energy Ltd.,JSWENERGY.NS,Power,True,,NIFTY 500,^CRSLDX,2026-09-01,518.0,-0.46,-5.54,-8.8,2289901.0,1792649.0,1.28,1186168718.0,28.99,45.37,False,False,False,False,False,-5.79,-6.54,0.41,False,False,False,False,-9.49,0.02219375,0.02375961,-6.59,-7.16,False,0.6666666666666666,0.0,1.28,-3.0,Risk review,Head-and-shoulders risk,"head-and-shoulders, risk, distribution, inverse-head-and-shoulders, base, reversal",518.35,,,0.07,,,518.35,"A possible head-and-shoulders top is forming or breaking. This is a caution signal, not an entry setup. Secondary patterns: Possible inverse H&S.",Risk review,-2.25
SBILIFE,SBI Life Insurance Company Ltd.,SBILIFE.NS,Financial Services,True,,NIFTY 500,^CRSLDX,2026-09-01,1739.3,-0.07,-0.89,-8.41,624029.0,823413.0,0.76,1085373670.17,32.43,32.92,False,False,False,False,False,-3.24,-4.22,-0.69,False,False,False,False,-12.83,0.07452046,0.07779205,-4.21,-7.37,False,0.0,0.0,0.76,-3.0,Risk review,Head-and-shoulders risk,"head-and-shoulders, risk, distribution",1741.65,,,0.13,,,1741.65,"A possible head-and-shoulders top is forming or breaking. This is a caution signal, not an entry setup.",Risk review,-2.25
SOBHA,Sobha Ltd.,SOBHA.NS,Realty,True,,NIFTY 500,^CRSLDX,2026-09-01,1244.9,-0.88,-2.72,-8.36,76574.0,87325.0,0.88,95326974.47,29.21,33.31,False,False,False,False,False,-4.84,-9.51,-1.89,False,False,False,False,-0.59,0.05333785,0.05900797,-9.61,-7.48,False,0.0,0.0,0.88,-3.0,Risk review,Head-and-shoulders risk,"head-and-shoulders, risk, distribution",1295.35,,,3.89,,,1295.35,"A possible head-and-shoulders top is forming or breaking. This is a caution signal, not an entry setup.",Risk review,-2.25
CESC,CESC Ltd.,CESC.NS,Power,True,,NIFTY 500,^CRSLDX,2026-09-01,145.15,-0.69,-5.75,-8.64,1360991.0,1779352.0,0.76,197547835.34,26.4,39.38,False,False,False,False,False,-6.82,-8.15,-0.84,False,False,False,False,-4.08,0.00621896,0.00678367,-8.32,-7.51,False,0.0,0.0,0.76,-3.0,Risk review,Head-and-shoulders risk,"head-and-shoulders, risk, distribution",156.56,,,7.29,,,156.56,"A possible head-and-shoulders top is forming or breaking. This is a caution signal, not an entry setup.",Risk review,-2.25
BSE,BSE Ltd.,BSE.NS,Financial Services,True,,NIFTY 500,^CRSLDX,2026-09-01,3242.0,-1.22,-1.85,-10.39,3135325.0,4741835.0,0.66,10164723650.0,36.8,37.36,False,False,False,False,False,-4.4,-9.49,2.66,False,False,False,False,-0.31,0.13890376,0.15394792,-9.77,-7.52,False,0.6666666666666666,0.0,0.66,-3.0,Risk review,Head-and-shoulders risk,"head-and-shoulders, risk, distribution",3598.5,,,9.91,,,3598.5,"A possible head-and-shoulders top is forming or breaking. This is a caution signal, not an entry setup.",Risk review,-2.25
IRCON,IRCON International Ltd.,IRCON.NS,Construction,True,,NIFTY 500,^CRSLDX,2026-09-01,119.08,-0.24,-3.46,-9.74,1273471.0,1287367.0,0.99,151644929.01,31.36,39.26,False,False,False,False,False,-4.97,-7.2,-2.8,False,False,False,False,-4.62,0.00510199,0.00550884,-7.39,-7.91,False,0.0,0.0,0.99,-3.0,Risk review,Head-and-shoulders risk,"head-and-shoulders, risk, distribution",122.25,,,2.59,,,122.25,"A possible head-and-shoulders top is forming or breaking. This is a caution signal, not an entry setup.",Risk review,-2.25
DABUR,Dabur India Ltd.,DABUR.NS,Fast Moving Consumer Goods,True,,NIFTY 500,^CRSLDX,2026-09-01,384.0,0.79,-2.8,-6.26,1394510.0,1587585.0,0.88,535491840.0,27.1,30.28,False,False,False,False,False,-4.26,-7.98,-2.17,False,False,False,False,-2.44,0.01645251,0.01788717,-8.02,-8.03,False,0.0,0.0,0.88,-3.0,Risk review,Head-and-shoulders risk,"head-and-shoulders, risk, distribution",427.48,,,10.17,,,427.48,"A possible head-and-shoulders top is forming or breaking. This is a caution signal, not an entry setup.",Risk review,-2.25
LUPIN,Lupin Ltd.,LUPIN.NS,Healthcare,True,,NIFTY 500,^CRSLDX,2026-09-01,2153.0,-1.62,-1.03,-10.66,1297780.0,1060463.0,1.22,2794120340.0,30.25,26.88,False,False,False,False,False,-3.93,-8.44,1.29,False,False,False,False,-3.48,0.09224547,0.10080738,-8.49,-8.24,False,0.6666666666666666,0.0,1.22,-3.0,Risk review,Head-and-shoulders risk,"head-and-shoulders, risk, distribution",2185.3,,,1.48,,,2185.3,"A possible head-and-shoulders top is forming or breaking. This is a caution signal, not an entry setup.",Risk review,-2.25
NBCC,NBCC (India) Ltd.,NBCC.NS,Construction,True,,NIFTY 500,^CRSLDX,2026-09-01,85.2,-1.16,-4.31,-9.54,4383580.0,5847827.0,0.75,373481002.62,28.55,38.35,False,False,False,False,False,-5.19,-10.15,-2.21,False,False,False,False,-2.81,0.0036504,0.00408004,-10.53,-8.39,False,0.0,0.0,0.75,-3.0,Risk review,Head-and-shoulders risk,"head-and-shoulders, risk, distribution",90.59,,,5.95,,,90.59,"A possible head-and-shoulders top is forming or breaking. This is a caution signal, not an entry setup.",Risk review,-2.25
MSUMI,Motherson Sumi Wiring India Ltd.,MSUMI.NS,Automobile and Auto Components,True,,NIFTY 500,^CRSLDX,2026-09-01,37.11,0.87,0.79,-6.64,9694619.0,10368545.0,0.94,359767317.01,34.84,26.38,False,False,False,False,False,-5.6,-6.9,-1.66,False,False,False,False,-9.71,0.00158998,0.0017032,-6.65,-8.76,False,0.0,0.0,0.94,-3.0,Risk review,Head-and-shoulders risk,"head-and-shoulders, risk, distribution",37.5,,,1.03,,,37.5,"A possible head-and-shoulders top is forming or breaking. This is a caution signal, not an entry setup.",Risk review,-2.25
HBLENGINE,HBL Engineering Ltd.,HBLENGINE.NS,Capital Goods,True,,NIFTY 500,^CRSLDX,2026-09-01,659.2,0.28,-5.1,-9.6,707187.0,911675.0,0.78,466177679.03,36.6,44.38,False,False,False,False,False,-4.54,-9.83,-3.6,False,False,False,False,0.82,0.02824348,0.03141938,-10.11,-9.05,False,0.0,0.0,0.78,-3.0,Risk review,Head-and-shoulders risk,"head-and-shoulders, risk, distribution",710.6,,,7.23,,,710.6,"A possible head-and-shoulders top is forming or breaking. This is a caution signal, not an entry setup.",Risk review,-2.25
TMPV,Tata Motors Passenger Vehicles Ltd.,TMPV.NS,Automobile and Auto Components,True,,NIFTY 500,^CRSLDX,2026-09-01,310.0,0.37,-1.35,-11.06,8947326.0,9642289.0,0.93,2773671060.0,33.11,31.07,False,False,False,False,False,-5.67,-7.35,-2.06,False,False,False,False,-8.58,0.01328198,0.01435857,-7.5,-9.49,False,0.0,0.0,0.93,-3.0,Risk review,Head-and-shoulders risk,"head-and-shoulders, risk, distribution",314.95,,,1.57,,,314.95,"A possible head-and-shoulders top is forming or breaking. This is a caution signal, not an entry setup.",Risk review,-2.25
JPPOWER,Jaiprakash Power Ventures Ltd.,JPPOWER.NS,Power,True,,NIFTY 500,^CRSLDX,2026-09-01,16.56,0.67,-2.42,-12.1,41406836.0,34008508.0,1.22,685697182.05,33.64,38.73,False,False,False,False,False,-4.36,-4.79,-0.35,False,False,False,False,-14.38,0.00070951,0.00074567,-4.85,-9.98,False,0.3333333333333333,0.0,1.22,-3.0,Risk review,Head-and-shoulders risk,"head-and-shoulders, risk, distribution",17.34,,,4.5,,,17.34,"A possible head-and-shoulders top is forming or breaking. This is a caution signal, not an entry setup.",Risk review,-2.25
KEC,Kec International Ltd.,KEC.NS,Construction,True,,NIFTY 500,^CRSLDX,2026-09-01,417.0,0.12,-2.19,-11.02,358310.0,1076645.0,0.33,149415270.0,32.64,33.14,False,False,False,False,False,-5.13,-11.16,-6.05,False,False,False,False,-3.39,0.0178664,0.02020662,-11.58,-10.14,False,0.0,0.0,0.33,-3.0,Risk review,Head-and-shoulders risk,"head-and-shoulders, risk, distribution",483.52,,,13.76,,,483.52,"A possible head-and-shoulders top is forming or breaking. This is a caution signal, not an entry setup.",Risk review,-2.25
GALLANTT,Gallantt Ispat Ltd.,GALLANTT.NS,Capital Goods,True,,NIFTY 500,^CRSLDX,2026-09-01,552.8,-2.55,-4.94,-12.14,78896.0,54728.0,1.44,43613707.84,33.61,42.61,False,False,False,False,False,-5.48,-10.85,0.1,False,False,False,False,-2.59,0.02368476,0.02671029,-11.33,-10.17,False,0.3333333333333333,0.0,1.44,-3.0,Risk review,Head-and-shoulders risk,"head-and-shoulders, risk, distribution",580.17,,,4.72,,,580.17,"A possible head-and-shoulders top is forming or breaking. This is a caution signal, not an entry setup.",Risk review,-2.25
INOXWIND,Inox Wind Ltd.,INOXWIND.NS,Capital Goods,True,,NIFTY 500,^CRSLDX,2026-09-01,69.5,-1.24,-5.75,-12.26,8166430.0,12569008.0,0.65,567566885.0,29.81,39.92,False,False,False,False,False,-6.3,-11.95,-7.35,False,False,False,False,0.5,0.00297773,0.00339861,-12.38,-10.17,False,0.0,0.0,0.65,-3.0,Risk review,Head-and-shoulders risk,"head-and-shoulders, risk, distribution",82.74,,,16.0,,,82.74,"A possible head-and-shoulders top is forming or breaking. This is a caution signal, not an entry setup.",Risk review,-2.25
TORNTPOWER,Torrent Power Ltd.,TORNTPOWER.NS,Power,True,,NIFTY 500,^CRSLDX,2026-09-01,1219.3,0.35,-1.98,-9.08,223263.0,263378.0,0.85,272224586.8,25.53,23.84,False,False,False,False,False,-4.62,-10.38,-0.1,False,False,False,False,-11.6,0.05224101,0.05850833,-10.71,-10.65,False,0.0,0.0,0.85,-3.0,Risk review,Head-and-shoulders risk,"head-and-shoulders, risk, distribution",1276.1,,,4.45,,,1276.1,"A possible head-and-shoulders top is forming or breaking. This is a caution signal, not an entry setup.",Risk review,-2.25
CROMPTON,Crompton Greaves Consumer Electricals Ltd.,CROMPTON.NS,Consumer Durables,True,,NIFTY 500,^CRSLDX,2026-09-01,231.1,-2.03,-4.9,-12.16,3044648.0,4809124.0,0.63,703618171.38,32.16,39.16,False,False,False,False,False,-6.23,-9.43,-1.35,False,False,False,False,-8.94,0.0099015,0.01095375,-9.61,-11.5,False,0.0,0.0,0.63,-3.0,Risk review,Head-and-shoulders risk,"head-and-shoulders, risk, distribution",234.57,,,1.48,,,234.57,"A possible head-and-shoulders top is forming or breaking. This is a caution signal, not an entry setup.",Risk review,-2.25
AAVAS,Aavas Financiers Ltd.,AAVAS.NS,Financial Services,True,,NIFTY 500,^CRSLDX,2026-09-01,1248.4,-1.01,-4.93,-10.35,172291.0,123281.0,1.4,215088088.61,26.94,33.73,False,False,False,False,False,-7.63,-12.01,-2.11,False,False,False,False,-5.1,0.0534878,0.06087357,-12.13,-11.52,False,0.3333333333333333,0.0,1.4,-3.0,Risk review,Head-and-shoulders risk,"head-and-shoulders, risk, distribution",1296.9,,,3.74,,,1296.9,"A possible head-and-shoulders top is forming or breaking. This is a caution signal, not an entry setup.",Risk review,-2.25
BLUESTARCO,Blue Star Ltd.,BLUESTARCO.NS,Consumer Durables,True,,NIFTY 500,^CRSLDX,2026-09-01,1490.9,1.85,-1.59,-11.52,259652.0,602672.0,0.43,387115173.14,40.0,39.28,False,False,False,False,False,-1.33,-6.66,-2.14,False,False,False,False,-19.14,0.06387774,0.06855554,-6.82,-12.07,False,0.0,0.0,0.43,-3.0,Risk review,Head-and-shoulders risk,"head-and-shoulders, risk, distribution",1547.5,,,3.66,,,1547.5,"A possible head-and-shoulders top is forming or breaking. This is a caution signal, not an entry setup.",Risk review,-2.25
RECLTD,REC Ltd.,RECLTD.NS,Financial Services,True,,NIFTY 500,^CRSLDX,2026-09-01,314.05,-2.86,-3.67,-14.28,6496397.0,6340746.0,1.02,2040193398.55,29.52,31.32,False,False,False,False,False,-6.54,-9.88,-0.57,False,False,False,False,-13.09,0.0134555,0.01495431,-10.02,-12.6,False,0.3333333333333333,0.0,1.02,-3.0,Risk review,Head-and-shoulders risk,"head-and-shoulders, risk, distribution",327.6,,,4.14,,,327.6,"A possible head-and-shoulders top is forming or breaking. This is a caution signal, not an entry setup.",Risk review,-2.25
GODREJCP,Godrej Consumer Products Ltd.,GODREJCP.NS,Fast Moving Consumer Goods,True,,NIFTY 500,^CRSLDX,2026-09-01,905.0,0.41,-2.6,-14.0,691121.0,2648079.0,0.26,625464505.0,30.14,33.58,False,False,False,False,False,-5.21,-10.94,-1.44,False,False,False,False,-11.67,0.0387748,0.04357695,-11.02,-14.54,False,0.0,0.0,0.26,-3.0,Risk review,Head-and-shoulders risk,"head-and-shoulders, risk, distribution",940.85,,,3.81,,,940.85,"A possible head-and-shoulders top is forming or breaking. This is a caution signal, not an entry setup.",Risk review,-2.25
PFC,Power Finance Corporation Ltd.,PFC.NS,Financial Services,True,,NIFTY 500,^CRSLDX,2026-09-01,345.8,2.82,-4.76,-16.78,8352427.0,9124609.0,0.92,2888269154.64,28.13,27.57,False,False,False,False,False,-6.84,-12.32,-0.06,False,False,False,False,-14.89,0.01481583,0.01695231,-12.6,-15.43,False,0.3333333333333333,0.0,0.92,-3.0,Risk review,Head-and-shoulders risk,"head-and-shoulders, risk, distribution",379.93,,,8.98,,,379.93,"A possible head-and-shoulders top is forming or breaking. This is a caution signal, not an entry setup.",Risk review,-2.25
FIRSTCRY,Brainbees Solutions Ltd.,FIRSTCRY.NS,Consumer Services,True,,NIFTY 500,^CRSLDX,2026-09-01,177.67,-2.6,-7.48,-17.26,1114728.0,1236608.0,0.9,198053721.72,16.22,25.45,False,False,False,False,False,-11.59,-15.14,-5.81,False,False,False,False,-13.27,0.00761229,0.00898765,-15.3,-15.57,False,0.0,0.0,0.9,-3.0,Risk review,Head-and-shoulders risk,"head-and-shoulders, risk, distribution",219.21,,,18.95,,,219.21,"A possible head-and-shoulders top is forming or breaking. This is a caution signal, not an entry setup.",Risk review,-2.25
ABFRL,Aditya Birla Fashion and Retail Ltd.,ABFRL.NS,Consumer Services,True,,NIFTY 500,^CRSLDX,2026-09-01,51.1,-1.92,-6.2,-16.23,3375867.0,6504494.0,0.52,172506798.55,26.63,36.56,False,False,False,False,False,-9.1,-11.86,-3.8,False,False,False,False,-14.92,0.00218938,0.00248778,-11.99,-16.5,False,0.0,0.0,0.52,-3.0,Risk review,Head-and-shoulders risk,"head-and-shoulders, risk, distribution",55.8,,,8.43,,,55.8,"A possible head-and-shoulders top is forming or breaking. This is a caution signal, not an entry setup.",Risk review,-2.25
