symbol,name,ticker,sector,downloaded,download_note,source_index,benchmark_ticker,last_date,last,return_1d_pct,return_5d_pct,return_20d_pct,volume,avg_volume_20,volume_ratio_20d,turnover_proxy,rsi_14,rsi_5d_ago,above_sma_20,above_sma_50,above_sma_200,distance_sma_20_pct,distance_sma_50_pct,rs_ratio,rs_ratio_sma_50,rs_distance_sma_50_pct,rs_return_20d_pct,rs_above_50dma,setup_score,setup_quality,primary_setup,setup_tags,setup_pivot_level,setup_breakout_date,setup_volume_ratio,setup_retest_gap_pct,setup_flag_depth_pct,setup_impulse_return_pct,setup_neckline_level,setup_commentary,rotation_signal,rotation_score
FLUOROCHEM,Gujarat Fluorochemicals Ltd.,FLUOROCHEM.NS,Chemicals,True,,NIFTY 500,^CRSLDX,2026-08-13,4714.7,3.26,3.67,14.11,1215025.0,264124.0,4.6,5728478604.81,66.48,63.11,True,True,True,5.0,15.33,0.19928482,0.17626407,13.06,12.21,True,5.1,Actionable watch,Breakout retest,"breakout, retest, pivot, volume, inverse-head-and-shoulders, base, reversal",4651.1,2026-08-13,5.27,1.37,,,,Prior resistance has been cleared on higher volume and price is back near that pivot. This is the kind of retest zone where follow-through can matter more than chasing a stretched candle. Secondary patterns: Possible inverse H&S.,Strengthening with volume,7.9
CONCOR,Container Corporation of India Ltd.,CONCOR.NS,Services,True,,NIFTY 500,^CRSLDX,2026-08-13,533.65,4.22,4.23,8.6,4783085.0,2396286.0,2.0,2552493427.02,67.11,59.62,True,True,True,5.61,10.87,0.02255676,0.02077462,8.58,6.79,True,4.96,Actionable watch,Breakout retest,"breakout, retest, pivot, volume, inverse-head-and-shoulders, base, reversal",526.08,2026-08-13,2.12,1.44,,,,Prior resistance has been cleared on higher volume and price is back near that pivot. This is the kind of retest zone where follow-through can matter more than chasing a stretched candle. Secondary patterns: Possible inverse H&S.,Strengthening with volume,7.9
ASHOKLEY,Ashok Leyland Ltd.,ASHOKLEY.NS,Capital Goods,True,,NIFTY 500,^CRSLDX,2026-08-13,176.23,-0.27,-0.72,13.79,28275625.0,17541542.0,1.61,4983013272.94,67.0,72.18,True,True,True,7.02,10.65,0.00744903,0.00685747,8.63,11.75,True,3.4,Actionable watch,Possible inverse H&S,"inverse-head-and-shoulders, base, reversal, flag, continuation, uptrend",166.68,,,5.73,,,166.68,A possible inverse head-and-shoulders base is visible. The setup improves only if price clears or holds near the neckline with better volume. Secondary patterns: Bullish flag.,Strengthening with volume,7.69
POONAWALLA,Poonawalla Fincorp Ltd.,POONAWALLA.NS,Financial Services,True,,NIFTY 500,^CRSLDX,2026-08-13,502.7,3.84,2.41,6.47,2425984.0,1530360.0,1.59,1219542186.41,64.39,62.95,True,True,True,5.81,11.82,0.02124854,0.01935229,9.8,4.56,True,4.75,Actionable watch,Breakout retest,"breakout, retest, pivot, volume, inverse-head-and-shoulders, base, reversal",492.09,2026-08-13,1.7,2.12,,,,Prior resistance has been cleared on higher volume and price is back near that pivot. This is the kind of retest zone where follow-through can matter more than chasing a stretched candle. Secondary patterns: Possible inverse H&S.,Strengthening with volume,7.61
URBANCO,Urban Company Ltd.,URBANCO.NS,Consumer Services,True,,NIFTY 500,^CRSLDX,2026-08-13,141.34,1.65,-0.93,6.34,32440537.0,9617967.0,3.37,4585145380.78,58.68,62.94,True,True,True,4.02,6.54,0.00597428,0.00572,4.45,4.43,True,5.1,Actionable watch,Breakout retest,"breakout, retest, pivot, volume, flag, continuation, uptrend, inverse-head-and-shoulders, base, reversal",139.51,2026-08-03,53.46,0.7,,,,"Prior resistance has been cleared on higher volume and price is back near that pivot. This is the kind of retest zone where follow-through can matter more than chasing a stretched candle. Secondary patterns: Bullish flag, Possible inverse H&S.",Strengthening with volume,7.59
MINDACORP,Minda Corporation Ltd.,MINDACORP.NS,Automobile and Auto Components,True,,NIFTY 500,^CRSLDX,2026-08-13,712.05,-3.29,-0.68,5.44,2856174.0,405106.0,7.05,2033738661.83,54.16,61.54,True,True,True,1.6,4.33,0.03009751,0.02944297,2.22,3.69,True,3.4,Actionable watch,Possible inverse H&S,"inverse-head-and-shoulders, base, reversal",665.33,,,7.02,,,665.33,A possible inverse head-and-shoulders base is visible. The setup improves only if price clears or holds near the neckline with better volume.,Strengthening with volume,7.23
ASTRAL,Astral Ltd.,ASTRAL.NS,Capital Goods,True,,NIFTY 500,^CRSLDX,2026-08-13,1592.0,8.74,10.4,17.08,12370793.0,1082720.0,11.43,19694302456.0,72.58,51.75,True,True,True,10.23,9.85,0.06729196,0.06270875,7.31,15.13,True,5.1,Actionable watch,Breakout retest,"breakout, retest, pivot, volume, inverse-head-and-shoulders, base, reversal",1490.46,2026-08-13,25.65,0.04,,,,Prior resistance has been cleared on higher volume and price is back near that pivot. This is the kind of retest zone where follow-through can matter more than chasing a stretched candle. Secondary patterns: Possible inverse H&S.,Strengthening with volume,7.1
JUBLFOOD,Jubilant Foodworks Ltd.,JUBLFOOD.NS,Consumer Services,True,,NIFTY 500,^CRSLDX,2026-08-13,491.55,1.41,3.92,16.49,8830069.0,3229252.0,2.73,4340420309.16,66.77,64.64,True,True,False,8.85,12.9,0.02077724,0.01879751,10.53,14.4,True,5.1,Actionable watch,Breakout retest,"breakout, retest, pivot, volume",473.17,2026-08-05,5.5,0.33,,,,Prior resistance has been cleared on higher volume and price is back near that pivot. This is the kind of retest zone where follow-through can matter more than chasing a stretched candle.,Strengthening with volume,7.1
CHENNPETRO,Chennai Petroleum Corporation Ltd.,CHENNPETRO.NS,Oil Gas & Consumable Fuels,True,,NIFTY 500,^CRSLDX,2026-08-13,1341.8,-2.73,8.36,12.86,1845891.0,2837237.0,0.65,2476816633.93,61.43,59.46,True,True,True,8.86,16.47,0.05671631,0.04979826,13.89,10.83,True,4.7,Actionable watch,Breakout retest,"breakout, retest, pivot, volume, inverse-head-and-shoulders, base, reversal",1352.5,2026-08-11,7.68,0.79,,,,Prior resistance has been cleared on higher volume and price is back near that pivot. This is the kind of retest zone where follow-through can matter more than chasing a stretched candle. Secondary patterns: Possible inverse H&S.,Strengthening,7.1
BALKRISIND,Balkrishna Industries Ltd.,BALKRISIND.NS,Automobile and Auto Components,True,,NIFTY 500,^CRSLDX,2026-08-13,2410.0,-3.48,-2.26,12.75,285776.0,571700.0,0.5,688720160.0,59.3,70.34,True,True,True,6.16,8.91,0.10186786,0.09545298,6.72,10.72,True,5.1,Actionable watch,Breakout retest,"breakout, retest, pivot, volume, inverse-head-and-shoulders, base, reversal",2308.14,2026-07-31,9.07,3.98,,,,Prior resistance has been cleared on higher volume and price is back near that pivot. This is the kind of retest zone where follow-through can matter more than chasing a stretched candle. Secondary patterns: Possible inverse H&S.,Strengthening,7.1
SIEMENS,Siemens Ltd.,SIEMENS.NS,Capital Goods,True,,NIFTY 500,^CRSLDX,2026-08-13,3987.0,-0.8,0.89,12.17,233755.0,446521.0,0.52,931981185.0,67.69,70.41,True,True,True,5.01,8.72,0.16852579,0.1585157,6.31,10.3,True,5.1,Actionable watch,Breakout retest,"breakout, retest, pivot, volume",3886.2,2026-08-04,3.16,1.67,,,,Prior resistance has been cleared on higher volume and price is back near that pivot. This is the kind of retest zone where follow-through can matter more than chasing a stretched candle.,Strengthening,7.1
KALYANKJIL,Kalyan Jewellers India Ltd.,KALYANKJIL.NS,Consumer Durables,True,,NIFTY 500,^CRSLDX,2026-08-13,613.4,2.8,2.58,12.22,16161376.0,24915847.0,0.65,9913388432.96,64.97,63.65,True,True,True,3.0,28.41,0.0259277,0.02055992,26.11,10.2,True,4.8,Actionable watch,High-tight flag,"flag, continuation, uptrend, high-tight, inverse-head-and-shoulders, base, reversal",634.6,2026-07-30,0.71,,13.07,91.84,,Price has made a sharp impulse move and is now consolidating near the highs. A controlled pullback with quieter volume keeps the continuation setup alive. Secondary patterns: Possible inverse H&S.,Strengthening,7.1
SOLARINDS,Solar Industries India Ltd.,SOLARINDS.NS,Chemicals,True,,NIFTY 500,^CRSLDX,2026-08-13,20324.0,8.51,9.88,11.22,703297.0,114688.0,6.13,14293808228.0,72.73,52.7,True,True,True,8.87,11.38,0.85907154,0.78955443,8.8,9.36,True,5.1,Actionable watch,Breakout retest,"breakout, retest, pivot, volume",18896.4,2026-08-13,8.32,0.81,,,,Prior resistance has been cleared on higher volume and price is back near that pivot. This is the kind of retest zone where follow-through can matter more than chasing a stretched candle.,Strengthening with volume,7.1
KARURVYSYA,Karur Vysya Bank Ltd.,KARURVYSYA.NS,Financial Services,True,,NIFTY 500,^CRSLDX,2026-08-13,335.95,-0.84,-0.46,11.31,1147971.0,7152601.0,0.16,385660871.46,58.22,61.94,True,True,True,0.36,8.73,0.01420021,0.01332535,6.57,9.31,True,5.1,Actionable watch,Breakout retest,"breakout, retest, pivot, volume, flag, continuation, uptrend, inverse-head-and-shoulders, base, reversal",326.3,2026-07-21,28.83,2.42,,,,"Prior resistance has been cleared on higher volume and price is back near that pivot. This is the kind of retest zone where follow-through can matter more than chasing a stretched candle. Secondary patterns: Bullish flag, Possible inverse H&S.",Strengthening,7.1
ETERNAL,Eternal Ltd.,ETERNAL.NS,Consumer Services,True,,NIFTY 500,^CRSLDX,2026-08-13,318.0,1.26,0.55,11.01,26220068.0,32144721.0,0.82,8337981624.0,64.76,68.37,True,True,True,4.85,13.01,0.01344149,0.01213705,10.75,9.02,True,4.8,Actionable watch,Breakout retest,"breakout, retest, pivot, volume, inverse-head-and-shoulders, base, reversal",301.75,2026-07-28,1.8,3.83,,,,Prior resistance has been cleared on higher volume and price is back near that pivot. This is the kind of retest zone where follow-through can matter more than chasing a stretched candle. Secondary patterns: Possible inverse H&S.,Strengthening,7.1
SONATSOFTW,Sonata Software Ltd.,SONATSOFTW.NS,Information Technology,True,,NIFTY 500,^CRSLDX,2026-08-13,326.4,0.91,-1.67,10.01,623238.0,2023153.0,0.31,203424879.4,56.84,61.72,True,True,True,3.62,11.67,0.01379654,0.01260261,9.47,8.18,True,4.43,Actionable watch,Breakout retest,"breakout, retest, pivot, volume, flag, continuation, uptrend, inverse-head-and-shoulders, base, reversal",327.55,2026-08-03,1.86,0.35,,,,"Prior resistance has been cleared on higher volume and price is back near that pivot. This is the kind of retest zone where follow-through can matter more than chasing a stretched candle. Secondary patterns: Bullish flag, Possible inverse H&S.",Strengthening,7.1
PTCIL,PTC Industries Ltd.,PTCIL.NS,Capital Goods,True,,NIFTY 500,^CRSLDX,2026-08-13,19167.0,1.44,5.19,8.96,7364.0,17057.0,0.43,141145788.0,66.55,59.61,True,True,True,5.29,6.68,0.81016651,0.77792519,4.14,7.14,True,5.1,Actionable watch,Breakout retest,"breakout, retest, pivot, volume, inverse-head-and-shoulders, base, reversal",18417.86,2026-08-07,7.32,2.46,,,,Prior resistance has been cleared on higher volume and price is back near that pivot. This is the kind of retest zone where follow-through can matter more than chasing a stretched candle. Secondary patterns: Possible inverse H&S.,Strengthening,7.1
NAVINFLUOR,Navin Fluorine International Ltd.,NAVINFLUOR.NS,Chemicals,True,,NIFTY 500,^CRSLDX,2026-08-13,8294.0,-0.75,-4.12,8.87,130715.0,357442.0,0.37,1084150210.0,60.34,71.18,True,True,True,5.74,9.21,0.35057761,0.32753571,7.03,7.06,True,5.1,Actionable watch,Breakout retest,"breakout, retest, pivot, volume, flag, continuation, uptrend, inverse-head-and-shoulders, base, reversal",7873.0,2026-08-06,31.89,4.88,,,,"Prior resistance has been cleared on higher volume and price is back near that pivot. This is the kind of retest zone where follow-through can matter more than chasing a stretched candle. Secondary patterns: Bullish flag, Possible inverse H&S.",Strengthening,7.1
JIOFIN,Jio Financial Services Ltd.,JIOFIN.NS,Financial Services,True,,NIFTY 500,^CRSLDX,2026-08-13,255.6,-0.18,-2.62,8.72,48651516.0,24055560.0,2.02,12435327786.55,58.27,67.8,True,True,False,2.86,5.71,0.01080391,0.01043322,3.55,6.76,True,4.94,Actionable watch,Breakout retest,"breakout, retest, pivot, volume",248.56,2026-07-31,2.07,2.19,,,,Prior resistance has been cleared on higher volume and price is back near that pivot. This is the kind of retest zone where follow-through can matter more than chasing a stretched candle.,Strengthening with volume,7.1
SAREGAMA,Saregama India Ltd,SAREGAMA.NS,Media Entertainment & Publication,True,,NIFTY 500,^CRSLDX,2026-08-13,531.65,3.02,0.69,8.37,646257.0,1006534.0,0.64,343582549.83,57.0,57.53,True,True,True,2.75,8.49,0.02247222,0.02114999,6.25,6.56,True,5.09,Actionable watch,Breakout retest,"breakout, retest, pivot, volume, flag, continuation, uptrend, inverse-head-and-shoulders, base, reversal",510.9,2026-07-28,2.38,1.39,,,,"Prior resistance has been cleared on higher volume and price is back near that pivot. This is the kind of retest zone where follow-through can matter more than chasing a stretched candle. Secondary patterns: Bullish flag, Possible inverse H&S.",Strengthening,7.1
INDIANB,Indian Bank,INDIANB.NS,Financial Services,True,,NIFTY 500,^CRSLDX,2026-08-13,897.0,0.0,2.18,8.0,840645.0,1847038.0,0.46,754058565.0,65.88,64.02,True,True,True,5.33,6.82,0.03791513,0.03628879,4.48,6.2,True,4.64,Actionable watch,Breakout retest,"breakout, retest, pivot, volume",872.49,2026-08-07,1.49,1.22,,,,Prior resistance has been cleared on higher volume and price is back near that pivot. This is the kind of retest zone where follow-through can matter more than chasing a stretched candle.,Strengthening,7.1
CLEAN,Clean Science and Technology Ltd.,CLEAN.NS,Chemicals,True,,NIFTY 500,^CRSLDX,2026-08-13,836.35,3.91,8.38,8.56,882780.0,558988.0,1.58,738313031.45,68.86,54.68,True,True,True,9.75,8.49,0.03535153,0.03333263,6.06,6.75,True,3.94,Actionable watch,Breakout retest,"breakout, retest, pivot, volume, inverse-head-and-shoulders, base, reversal",808.31,2026-08-13,1.68,0.66,,,,Prior resistance has been cleared on higher volume and price is back near that pivot. This is the kind of retest zone where follow-through can matter more than chasing a stretched candle. Secondary patterns: Possible inverse H&S.,Strengthening with volume,7.08
TRAVELFOOD,Travel Food Services Ltd.,TRAVELFOOD.NS,Consumer Services,True,,NIFTY 500,^CRSLDX,2026-08-13,1394.3,0.3,4.27,7.67,145697.0,98327.0,1.48,203145334.21,61.71,56.67,True,True,True,4.93,6.07,0.05893542,0.05671865,3.91,5.87,True,5.1,Actionable watch,Breakout retest,"breakout, retest, pivot, volume, flag, continuation, uptrend, inverse-head-and-shoulders, base, reversal",1356.94,2026-08-07,55.85,1.99,,,,"Prior resistance has been cleared on higher volume and price is back near that pivot. This is the kind of retest zone where follow-through can matter more than chasing a stretched candle. Secondary patterns: Bullish flag, Possible inverse H&S.",Strengthening,7.07
GABRIEL,Gabriel India Ltd.,GABRIEL.NS,Automobile and Auto Components,True,,NIFTY 500,^CRSLDX,2026-08-13,1447.9,-1.96,-5.28,7.12,195842.0,829893.0,0.24,283559636.58,54.42,64.56,True,True,True,0.12,12.68,0.06120103,0.05528475,10.7,5.33,True,4.77,Actionable watch,High-tight flag,"flag, continuation, uptrend, high-tight, inverse-head-and-shoulders, base, reversal",1584.42,2026-08-05,0.49,,9.94,61.85,,Price has made a sharp impulse move and is now consolidating near the highs. A controlled pullback with quieter volume keeps the continuation setup alive. Secondary patterns: Possible inverse H&S.,Strengthening,6.97
VIJAYA,Vijaya Diagnostic Centre Ltd.,VIJAYA.NS,Healthcare,True,,NIFTY 500,^CRSLDX,2026-08-13,1486.5,-1.6,8.52,6.99,274725.0,279046.0,0.98,408378712.5,66.31,53.82,True,True,True,8.21,9.94,0.0628326,0.05834383,7.69,5.21,True,5.1,Actionable watch,Breakout retest,"breakout, retest, pivot, volume",1418.18,2026-08-12,6.67,3.81,,,,Prior resistance has been cleared on higher volume and price is back near that pivot. This is the kind of retest zone where follow-through can matter more than chasing a stretched candle.,Strengthening,6.94
TBOTEK,TBO Tek Ltd.,TBOTEK.NS,Consumer Services,True,,NIFTY 500,^CRSLDX,2026-08-13,1604.9,0.52,-1.12,10.11,57906.0,293722.0,0.2,92933340.81,59.33,64.86,True,True,True,4.32,9.39,0.06783723,0.06310139,7.51,8.27,True,3.5,Actionable watch,Bullish flag,"flag, continuation, uptrend, inverse-head-and-shoulders, base, reversal",1667.5,2026-08-05,0.6,,4.94,40.23,,Price has made a sharp impulse move and is now consolidating near the highs. A controlled pullback with quieter volume keeps the continuation setup alive. Secondary patterns: Possible inverse H&S.,Strengthening,6.92
M&MFIN,Mahindra & Mahindra Financial Services Ltd.,M&MFIN.NS,Financial Services,True,,NIFTY 500,^CRSLDX,2026-08-13,396.4,0.14,1.95,21.99,2668351.0,7255167.0,0.37,1057734320.11,62.97,65.96,True,True,True,5.02,19.07,0.01675536,0.01433189,16.91,19.96,True,3.4,Actionable watch,Possible inverse H&S,"inverse-head-and-shoulders, base, reversal",371.6,,,6.67,,,371.6,A possible inverse head-and-shoulders base is visible. The setup improves only if price clears or holds near the neckline with better volume.,Strengthening,6.89
APARINDS,Apar Industries Ltd.,APARINDS.NS,Capital Goods,True,,NIFTY 500,^CRSLDX,2026-08-13,17225.0,-4.31,6.82,21.26,177847.0,181639.0,0.98,3063414575.0,67.15,67.98,True,True,True,15.22,15.31,0.72808046,0.64275163,13.28,19.08,True,3.4,Actionable watch,Possible inverse H&S,"inverse-head-and-shoulders, base, reversal",9462.5,,,82.03,,,9462.5,A possible inverse head-and-shoulders base is visible. The setup improves only if price clears or holds near the neckline with better volume.,Strengthening,6.89
TVSMOTOR,TVS Motor Company Ltd.,TVSMOTOR.NS,Automobile and Auto Components,True,,NIFTY 500,^CRSLDX,2026-08-13,4342.2,-0.75,-0.75,20.21,533044.0,1401436.0,0.38,2314583760.91,67.33,75.15,True,True,True,5.88,16.09,0.18353969,0.16123099,13.84,18.2,True,3.4,Actionable watch,Possible inverse H&S,"inverse-head-and-shoulders, base, reversal",3910.25,,,11.05,,,3910.25,A possible inverse head-and-shoulders base is visible. The setup improves only if price clears or holds near the neckline with better volume.,Strengthening,6.89
PVRINOX,PVR INOX Ltd.,PVRINOX.NS,Media Entertainment & Publication,True,,NIFTY 500,^CRSLDX,2026-08-13,1176.1,-1.13,2.23,16.79,275738.0,548356.0,0.5,324295455.07,67.39,67.8,True,True,True,6.58,14.44,0.04971236,0.04437231,12.03,14.85,True,3.4,Actionable watch,Possible inverse H&S,"inverse-head-and-shoulders, base, reversal",1084.42,,,8.45,,,1084.42,A possible inverse head-and-shoulders base is visible. The setup improves only if price clears or holds near the neckline with better volume.,Strengthening,6.89
AIIL,Authum Investment & Infrastructure Ltd.,AIIL.NS,Financial Services,True,,NIFTY 500,^CRSLDX,2026-08-13,579.1,4.38,-2.87,15.37,249548.0,704016.0,0.35,144513240.71,58.2,68.1,True,True,True,3.54,8.87,0.02447787,0.0229138,6.83,13.45,True,3.4,Actionable watch,Bullish flag,"flag, continuation, uptrend, inverse-head-and-shoulders, base, reversal",596.6,2026-08-07,0.39,,9.04,32.2,,Price has made a sharp impulse move and is now consolidating near the highs. A controlled pullback with quieter volume keeps the continuation setup alive. Secondary patterns: Possible inverse H&S.,Strengthening,6.89
BAJAJ-AUTO,Bajaj Auto Ltd.,BAJAJ-AUTO.NS,Automobile and Auto Components,True,,NIFTY 500,^CRSLDX,2026-08-13,11661.0,-0.33,0.35,12.96,138791.0,428652.0,0.32,1618441851.0,66.18,66.8,True,True,True,3.32,10.59,0.49289673,0.45584694,8.13,11.08,True,3.4,Actionable watch,Possible inverse H&S,"inverse-head-and-shoulders, base, reversal, flag, continuation, uptrend",10081.5,,,15.67,,,10081.5,A possible inverse head-and-shoulders base is visible. The setup improves only if price clears or holds near the neckline with better volume. Secondary patterns: Bullish flag.,Strengthening,6.89
CRAFTSMAN,Craftsman Automation Ltd.,CRAFTSMAN.NS,Automobile and Auto Components,True,,NIFTY 500,^CRSLDX,2026-08-13,10380.0,-1.25,-1.66,12.59,27725.0,67336.0,0.41,287785500.0,64.81,75.55,True,True,True,5.38,9.43,0.43875037,0.40941208,7.17,10.71,True,3.4,Actionable watch,Possible inverse H&S,"inverse-head-and-shoulders, base, reversal, flag, continuation, uptrend",8979.0,,,15.6,,,8979.0,A possible inverse head-and-shoulders base is visible. The setup improves only if price clears or holds near the neckline with better volume. Secondary patterns: Bullish flag.,Strengthening,6.89
BERGEPAINT,Berger Paints India Ltd.,BERGEPAINT.NS,Consumer Durables,True,,NIFTY 500,^CRSLDX,2026-08-13,546.35,-2.4,1.63,11.95,513785.0,477108.0,1.08,280706422.21,60.69,63.99,True,True,True,5.79,6.62,0.02309357,0.02210505,4.47,10.09,True,3.4,Actionable watch,Possible inverse H&S,"inverse-head-and-shoulders, base, reversal",515.9,,,5.9,,,515.9,A possible inverse head-and-shoulders base is visible. The setup improves only if price clears or holds near the neckline with better volume.,Strengthening,6.89
HAL,Hindustan Aeronautics Ltd.,HAL.NS,Capital Goods,True,,NIFTY 500,^CRSLDX,2026-08-13,4945.0,-1.0,0.51,11.53,1594920.0,1012148.0,1.58,7886879400.0,71.26,76.29,True,True,True,5.29,9.84,0.20901932,0.19414365,7.66,9.52,True,3.4,Actionable watch,Possible inverse H&S,"inverse-head-and-shoulders, base, reversal",4541.5,,,8.88,,,4541.5,A possible inverse head-and-shoulders base is visible. The setup improves only if price clears or holds near the neckline with better volume.,Strengthening with volume,6.89
SHRIRAMFIN,Shriram Finance Ltd.,SHRIRAMFIN.NS,Financial Services,True,,NIFTY 500,^CRSLDX,2026-08-13,1132.3,1.35,-0.76,10.53,3757042.0,5802749.0,0.65,4254098840.05,63.22,70.1,True,True,True,5.37,9.87,0.04786099,0.04436444,7.88,8.55,True,3.4,Actionable watch,Possible inverse H&S,"inverse-head-and-shoulders, base, reversal, flag, continuation, uptrend",1085.35,,,4.33,,,1085.35,A possible inverse head-and-shoulders base is visible. The setup improves only if price clears or holds near the neckline with better volume. Secondary patterns: Bullish flag.,Strengthening,6.89
UNITDSPR,United Spirits Ltd.,UNITDSPR.NS,Fast Moving Consumer Goods,True,,NIFTY 500,^CRSLDX,2026-08-13,1515.0,-1.3,-0.66,10.31,311403.0,884408.0,0.35,471775545.0,62.78,73.87,True,True,True,2.39,9.03,0.06403727,0.05989655,6.91,8.47,True,3.4,Actionable watch,Possible inverse H&S,"inverse-head-and-shoulders, base, reversal",1448.65,,,4.58,,,1448.65,A possible inverse head-and-shoulders base is visible. The setup improves only if price clears or holds near the neckline with better volume.,Strengthening,6.89
BAJAJFINSV,Bajaj Finserv Ltd.,BAJAJFINSV.NS,Financial Services,True,,NIFTY 500,^CRSLDX,2026-08-13,2025.0,0.22,-2.92,10.14,889277.0,1501253.0,0.59,1800785925.0,60.5,73.27,True,True,True,2.68,8.68,0.08559436,0.08034083,6.54,8.16,True,3.4,Actionable watch,Possible inverse H&S,"inverse-head-and-shoulders, base, reversal, flag, continuation, uptrend",1971.0,,,2.74,,,1971.0,A possible inverse head-and-shoulders base is visible. The setup improves only if price clears or holds near the neckline with better volume. Secondary patterns: Bullish flag.,Strengthening,6.89
IDFCFIRSTB,IDFC First Bank Ltd.,IDFCFIRSTB.NS,Financial Services,True,,NIFTY 500,^CRSLDX,2026-08-13,86.55,0.87,1.7,9.49,15199407.0,24388153.0,0.62,1315508722.23,66.77,65.09,True,True,True,3.31,7.9,0.00365837,0.00345533,5.88,7.52,True,3.4,Actionable watch,Possible inverse H&S,"inverse-head-and-shoulders, base, reversal",84.23,,,2.75,,,84.23,A possible inverse head-and-shoulders base is visible. The setup improves only if price clears or holds near the neckline with better volume.,Strengthening,6.89
ANANTRAJ,Anant Raj Ltd.,ANANTRAJ.NS,Realty,True,,NIFTY 500,^CRSLDX,2026-08-13,627.05,2.02,1.56,9.43,2145586.0,2808141.0,0.76,1345389675.11,62.49,60.6,True,True,True,2.57,10.22,0.02650466,0.0246089,7.7,7.46,True,3.4,Actionable watch,Possible inverse H&S,"inverse-head-and-shoulders, base, reversal, flag, continuation, uptrend",586.62,,,6.89,,,586.62,A possible inverse head-and-shoulders base is visible. The setup improves only if price clears or holds near the neckline with better volume. Secondary patterns: Bullish flag.,Strengthening,6.89
CARBORUNIV,Carborundum Universal Ltd.,CARBORUNIV.NS,Capital Goods,True,,NIFTY 500,^CRSLDX,2026-08-13,1184.6,2.63,10.8,9.41,232692.0,182123.0,1.28,275646937.52,66.46,47.33,True,True,True,8.9,7.53,0.05007165,0.0474598,5.5,7.44,True,3.4,Actionable watch,Possible inverse H&S,"inverse-head-and-shoulders, base, reversal",961.2,,,23.24,,,961.2,A possible inverse head-and-shoulders base is visible. The setup improves only if price clears or holds near the neckline with better volume.,Strengthening,6.89
BAJAJHLDNG,Bajaj Holdings & Investment Ltd.,BAJAJHLDNG.NS,Financial Services,True,,NIFTY 500,^CRSLDX,2026-08-13,11500.0,-0.68,0.99,9.2,17500.0,50465.0,0.35,201250000.0,64.42,65.73,True,True,True,4.46,7.87,0.48609145,0.46014539,5.64,7.38,True,3.4,Actionable watch,Possible inverse H&S,"inverse-head-and-shoulders, base, reversal, flag, continuation, uptrend",11121.5,,,3.4,,,11121.5,A possible inverse head-and-shoulders base is visible. The setup improves only if price clears or holds near the neckline with better volume. Secondary patterns: Bullish flag.,Strengthening,6.89
PERSISTENT,Persistent Systems Ltd.,PERSISTENT.NS,Information Technology,True,,NIFTY 500,^CRSLDX,2026-08-13,5523.0,0.9,1.16,9.19,237279.0,549336.0,0.43,1310491917.0,62.76,62.05,True,True,True,3.18,9.45,0.2334507,0.21822988,6.97,7.37,True,3.4,Actionable watch,Possible inverse H&S,"inverse-head-and-shoulders, base, reversal, flag, continuation, uptrend",5202.45,,,6.16,,,5202.45,A possible inverse head-and-shoulders base is visible. The setup improves only if price clears or holds near the neckline with better volume. Secondary patterns: Bullish flag.,Strengthening,6.89
PIDILITIND,Pidilite Industries Ltd.,PIDILITIND.NS,Chemicals,True,,NIFTY 500,^CRSLDX,2026-08-13,1696.1,-0.32,0.6,8.89,570432.0,1331500.0,0.43,967509701.27,66.98,69.9,True,True,True,4.37,7.25,0.07169215,0.06820628,5.11,7.08,True,3.4,Actionable watch,Possible inverse H&S,"inverse-head-and-shoulders, base, reversal",1474.9,,,15.0,,,1474.9,A possible inverse head-and-shoulders base is visible. The setup improves only if price clears or holds near the neckline with better volume.,Strengthening,6.89
TECHM,Tech Mahindra Ltd.,TECHM.NS,Information Technology,True,,NIFTY 500,^CRSLDX,2026-08-13,1639.0,0.86,0.42,8.52,3492935.0,3322367.0,1.05,5724920465.0,64.47,66.09,True,True,True,1.37,9.23,0.0692786,0.06479945,6.91,6.57,True,3.4,Actionable watch,Possible inverse H&S,"inverse-head-and-shoulders, base, reversal, flag, continuation, uptrend",1576.05,,,3.99,,,1576.05,A possible inverse head-and-shoulders base is visible. The setup improves only if price clears or holds near the neckline with better volume. Secondary patterns: Bullish flag.,Strengthening,6.89
ABB,ABB India Ltd.,ABB.NS,Capital Goods,True,,NIFTY 500,^CRSLDX,2026-08-13,7710.0,0.0,0.85,8.28,131075.0,452765.0,0.29,1010588250.0,66.14,66.07,True,True,True,3.14,8.04,0.32589262,0.30848263,5.64,6.47,True,3.4,Actionable watch,Possible inverse H&S,"inverse-head-and-shoulders, base, reversal",5654.0,,,36.36,,,5654.0,A possible inverse head-and-shoulders base is visible. The setup improves only if price clears or holds near the neckline with better volume.,Strengthening,6.89
ENDURANCE,Endurance Technologies Ltd.,ENDURANCE.NS,Automobile and Auto Components,True,,NIFTY 500,^CRSLDX,2026-08-13,2975.3,-1.47,3.39,8.11,143773.0,141038.0,1.02,427767813.92,67.56,65.22,True,True,True,5.8,10.17,0.12576243,0.11644239,8.0,6.16,True,3.4,Actionable watch,Possible inverse H&S,"inverse-head-and-shoulders, base, reversal",2771.5,,,7.35,,,2771.5,A possible inverse head-and-shoulders base is visible. The setup improves only if price clears or holds near the neckline with better volume.,Strengthening,6.89
360ONE,360 ONE WAM Ltd.,360ONE.NS,Financial Services,True,,NIFTY 500,^CRSLDX,2026-08-13,1183.0,1.89,-0.25,7.68,388853.0,1211996.0,0.32,460013099.0,60.28,63.19,True,True,True,3.67,5.9,0.05000402,0.04825287,3.63,5.89,True,3.4,Actionable watch,Possible inverse H&S,"inverse-head-and-shoulders, base, reversal",1137.45,,,4.0,,,1137.45,A possible inverse head-and-shoulders base is visible. The setup improves only if price clears or holds near the neckline with better volume.,Strengthening,6.87
CHOLAFIN,Cholamandalam Investment and Finance Company Ltd.,CHOLAFIN.NS,Financial Services,True,,NIFTY 500,^CRSLDX,2026-08-13,1927.9,0.54,-0.62,7.8,868565.0,1636879.0,0.53,1674506484.71,62.63,68.1,True,True,True,5.32,9.58,0.08149006,0.07561659,7.77,5.86,True,3.42,Actionable watch,Bullish flag,"flag, continuation, uptrend, inverse-head-and-shoulders, base, reversal",1940.0,2026-08-06,0.82,,4.19,33.39,,Price has made a sharp impulse move and is now consolidating near the highs. A controlled pullback with quieter volume keeps the continuation setup alive. Secondary patterns: Possible inverse H&S.,Strengthening,6.87
UNOMINDA,UNO Minda Ltd.,UNOMINDA.NS,Automobile and Auto Components,True,,NIFTY 500,^CRSLDX,2026-08-13,1240.0,0.62,-2.97,7.77,811064.0,851863.0,0.95,1005719360.0,61.17,79.22,True,True,True,3.43,8.05,0.05241334,0.04947866,5.93,5.83,True,3.4,Actionable watch,Possible inverse H&S,"inverse-head-and-shoulders, base, reversal",1210.0,,,2.48,,,1210.0,A possible inverse head-and-shoulders base is visible. The setup improves only if price clears or holds near the neckline with better volume.,Strengthening,6.86
HSCL,Himadri Speciality Chemical Ltd.,HSCL.NS,Chemicals,True,,NIFTY 500,^CRSLDX,2026-08-13,778.15,2.07,2.25,7.72,3574790.0,7801409.0,0.46,2781722925.78,60.66,58.81,True,True,True,1.71,9.65,0.03289148,0.03059917,7.49,5.79,True,3.41,Actionable watch,Bullish flag,"flag, continuation, uptrend, inverse-head-and-shoulders, base, reversal",800.9,2026-07-21,0.47,,8.94,33.03,,Price has made a sharp impulse move and is now consolidating near the highs. A controlled pullback with quieter volume keeps the continuation setup alive. Secondary patterns: Possible inverse H&S.,Strengthening,6.85
AARTIIND,Aarti Industries Ltd.,AARTIIND.NS,Chemicals,True,,NIFTY 500,^CRSLDX,2026-08-13,538.2,1.38,7.38,6.63,2850636.0,1623323.0,1.76,1534212330.0,71.66,58.76,True,True,True,8.82,11.95,0.02274908,0.02074377,9.67,4.71,True,5.1,Actionable watch,Breakout retest,"breakout, retest, pivot, volume, inverse-head-and-shoulders, base, reversal",508.52,2026-08-12,3.64,3.99,,,,Prior resistance has been cleared on higher volume and price is back near that pivot. This is the kind of retest zone where follow-through can matter more than chasing a stretched candle. Secondary patterns: Possible inverse H&S.,Strengthening with volume,6.84
ACE,Action Construction Equipment Ltd.,ACE.NS,Capital Goods,True,,NIFTY 500,^CRSLDX,2026-08-13,1078.3,-1.62,-3.18,7.36,267836.0,775914.0,0.35,288807571.88,54.58,63.67,True,True,True,1.71,7.55,0.04557847,0.0431881,5.53,5.57,True,3.4,Actionable watch,Possible inverse H&S,"inverse-head-and-shoulders, base, reversal, flag, continuation, uptrend",974.75,,,10.62,,,974.75,A possible inverse head-and-shoulders base is visible. The setup improves only if price clears or holds near the neckline with better volume. Secondary patterns: Bullish flag.,Strengthening,6.8
HINDALCO,Hindalco Industries Ltd.,HINDALCO.NS,Metals & Mining,True,,NIFTY 500,^CRSLDX,2026-08-13,1046.25,-2.99,1.87,9.46,4982220.0,5127681.0,0.97,5212647675.0,60.43,63.96,True,True,True,5.5,5.55,0.04422375,0.04301615,2.81,7.64,True,3.07,Actionable watch,Possible inverse H&S,"inverse-head-and-shoulders, base, reversal",1031.75,,,1.41,,,1031.75,A possible inverse head-and-shoulders base is visible. The setup improves only if price clears or holds near the neckline with better volume.,Strengthening,6.77
BHARTIARTL,Bharti Airtel Ltd.,BHARTIARTL.NS,Telecommunication,True,,NIFTY 500,^CRSLDX,2026-08-13,1939.1,-0.3,-0.46,2.17,13016341.0,6451742.0,2.02,25239986515.32,53.72,58.18,True,True,True,0.19,2.95,0.08196347,0.08127605,0.85,0.33,True,5.08,Actionable watch,Breakout retest,"breakout, retest, pivot, volume, inverse-head-and-shoulders, base, reversal",1933.87,2026-08-05,2.36,0.17,,,,Prior resistance has been cleared on higher volume and price is back near that pivot. This is the kind of retest zone where follow-through can matter more than chasing a stretched candle. Secondary patterns: Possible inverse H&S.,Strengthening with volume,6.77
ARE&M,Amara Raja Energy & Mobility Ltd.,ARE&M.NS,Automobile and Auto Components,True,,NIFTY 500,^CRSLDX,2026-08-13,948.8,-2.13,2.3,5.95,868722.0,1450958.0,0.6,824243423.0,59.75,61.79,True,True,True,4.25,9.03,0.04010466,0.0376109,6.63,4.19,True,5.1,Actionable watch,Breakout retest,"breakout, retest, pivot, volume, inverse-head-and-shoulders, base, reversal",930.24,2026-08-11,9.46,1.72,,,,Prior resistance has been cleared on higher volume and price is back near that pivot. This is the kind of retest zone where follow-through can matter more than chasing a stretched candle. Secondary patterns: Possible inverse H&S.,Strengthening,6.74
NESTLEIND,Nestle India Ltd.,NESTLEIND.NS,Fast Moving Consumer Goods,True,,NIFTY 500,^CRSLDX,2026-08-13,1506.9,-0.01,-1.83,5.86,1892234.0,2604843.0,0.73,2851407460.8,56.07,66.76,True,True,True,0.92,4.26,0.06369489,0.06237461,2.12,3.96,True,4.72,Actionable watch,Breakout retest,"breakout, retest, pivot, volume, inverse-head-and-shoulders, base, reversal",1486.48,2026-07-30,1.64,0.56,,,,Prior resistance has been cleared on higher volume and price is back near that pivot. This is the kind of retest zone where follow-through can matter more than chasing a stretched candle. Secondary patterns: Possible inverse H&S.,Strengthening,6.69
POLYMED,Poly Medicure Ltd.,POLYMED.NS,Healthcare,True,,NIFTY 500,^CRSLDX,2026-08-13,1812.8,-3.03,6.06,5.67,122848.0,178127.0,0.69,222698860.4,61.74,56.17,True,True,True,5.56,10.34,0.07662492,0.07067086,8.43,3.91,True,5.1,Actionable watch,Breakout retest,"breakout, retest, pivot, volume, inverse-head-and-shoulders, base, reversal",1775.63,2026-08-11,8.29,1.62,,,,Prior resistance has been cleared on higher volume and price is back near that pivot. This is the kind of retest zone where follow-through can matter more than chasing a stretched candle. Secondary patterns: Possible inverse H&S.,Strengthening,6.68
AFFLE,Affle 3i Ltd.,AFFLE.NS,Information Technology,True,,NIFTY 500,^CRSLDX,2026-08-13,1643.0,-1.79,-2.71,6.7,82257.0,503810.0,0.16,135148251.0,56.23,65.54,True,True,True,3.0,8.07,0.06944767,0.06564661,5.79,4.78,True,3.4,Actionable watch,Possible inverse H&S,"inverse-head-and-shoulders, base, reversal, flag, continuation, uptrend",1588.05,,,3.46,,,1588.05,A possible inverse head-and-shoulders base is visible. The setup improves only if price clears or holds near the neckline with better volume. Secondary patterns: Bullish flag.,Strengthening,6.65
MCX,Multi Commodity Exchange of India Ltd.,MCX.NS,Financial Services,True,,NIFTY 500,^CRSLDX,2026-08-13,2970.0,-0.0,12.5,5.49,2856319.0,2234157.0,1.28,8483267430.0,64.14,40.62,True,True,True,8.0,6.24,0.1255384,0.12080832,3.92,3.59,True,5.1,Actionable watch,Breakout retest,"breakout, retest, pivot, volume",2918.33,2026-08-12,3.18,0.37,,,,Prior resistance has been cleared on higher volume and price is back near that pivot. This is the kind of retest zone where follow-through can matter more than chasing a stretched candle.,Strengthening,6.62
PNBHOUSING,PNB Housing Finance Ltd.,PNBHOUSING.NS,Financial Services,True,,NIFTY 500,^CRSLDX,2026-08-13,1164.8,0.62,1.29,6.32,547652.0,1060787.0,0.52,637905076.34,66.64,65.94,True,True,True,6.17,10.27,0.04923473,0.04557925,8.02,4.55,True,3.4,Actionable watch,Possible inverse H&S,"inverse-head-and-shoulders, base, reversal",1060.38,,,9.85,,,1060.38,A possible inverse head-and-shoulders base is visible. The setup improves only if price clears or holds near the neckline with better volume.,Strengthening,6.6
GLAXO,Glaxosmithkline Pharmaceuticals Ltd.,GLAXO.NS,Healthcare,True,,NIFTY 500,^CRSLDX,2026-08-13,2667.7,1.81,3.42,6.44,59365.0,65028.0,0.91,158368007.6,67.1,57.94,True,True,True,3.34,9.7,0.11276053,0.10475544,7.64,4.53,True,3.4,Actionable watch,Possible inverse H&S,"inverse-head-and-shoulders, base, reversal",2602.0,,,2.52,,,2602.0,A possible inverse head-and-shoulders base is visible. The setup improves only if price clears or holds near the neckline with better volume.,Strengthening,6.6
KPIL,Kalpataru Projects International Ltd.,KPIL.NS,Construction,True,,NIFTY 500,^CRSLDX,2026-08-13,1365.1,-2.27,5.49,5.18,167109.0,311333.0,0.54,228120491.82,58.66,46.24,True,True,True,4.03,2.75,0.05770117,0.05733505,0.64,3.43,True,5.1,Actionable watch,Breakout retest,"breakout, retest, pivot, volume, inverse-head-and-shoulders, base, reversal",1335.48,2026-08-12,28.32,0.72,,,,Prior resistance has been cleared on higher volume and price is back near that pivot. This is the kind of retest zone where follow-through can matter more than chasing a stretched candle. Secondary patterns: Possible inverse H&S.,Strengthening,6.59
BAJFINANCE,Bajaj Finance Ltd.,BAJFINANCE.NS,Financial Services,True,,NIFTY 500,^CRSLDX,2026-08-13,1090.8,-0.31,-4.72,5.13,2400714.0,10278754.0,0.23,2618698948.42,54.74,70.46,True,True,True,0.48,7.27,0.04610683,0.04377198,5.33,3.24,True,5.1,Actionable watch,Breakout retest,"breakout, retest, pivot, volume, flag, continuation, uptrend, inverse-head-and-shoulders, base, reversal",1050.62,2026-07-31,4.88,3.08,,,,"Prior resistance has been cleared on higher volume and price is back near that pivot. This is the kind of retest zone where follow-through can matter more than chasing a stretched candle. Secondary patterns: Bullish flag, Possible inverse H&S.",Strengthening,6.55
AUBANK,AU Small Finance Bank Ltd.,AUBANK.NS,Financial Services,True,,NIFTY 500,^CRSLDX,2026-08-13,1098.0,0.6,0.96,6.18,1643559.0,1844494.0,0.89,1804627782.0,63.54,62.97,True,True,True,5.31,6.18,0.04641117,0.04457655,4.12,4.27,True,3.4,Actionable watch,Possible inverse H&S,"inverse-head-and-shoulders, base, reversal",1059.38,,,3.65,,,1059.38,A possible inverse head-and-shoulders base is visible. The setup improves only if price clears or holds near the neckline with better volume.,Strengthening,6.54
LODHA,Lodha Developers Ltd.,LODHA.NS,Realty,True,,NIFTY 500,^CRSLDX,2026-08-13,1232.3,1.93,1.86,4.97,1226825.0,2476788.0,0.5,1511816507.4,59.68,56.8,True,True,True,1.3,13.77,0.05208787,0.04663822,11.68,3.08,True,4.66,Actionable watch,High-tight flag,"flag, continuation, uptrend, high-tight, inverse-head-and-shoulders, base, reversal",1311.74,2026-07-29,0.56,,10.7,52.71,,Price has made a sharp impulse move and is now consolidating near the highs. A controlled pullback with quieter volume keeps the continuation setup alive. Secondary patterns: Possible inverse H&S.,Strengthening,6.52
GRASIM,Grasim Industries Ltd.,GRASIM.NS,Construction Materials,True,,NIFTY 500,^CRSLDX,2026-08-13,3257.0,-1.54,1.46,5.87,1041328.0,723141.0,1.44,3391605296.0,55.55,57.01,True,True,True,2.41,3.51,0.13766955,0.13595066,1.26,4.1,True,3.4,Actionable watch,Possible inverse H&S,"inverse-head-and-shoulders, base, reversal",2913.6,,,11.79,,,2913.6,A possible inverse head-and-shoulders base is visible. The setup improves only if price clears or holds near the neckline with better volume.,Strengthening,6.51
HINDCOPPER,Hindustan Copper Ltd.,HINDCOPPER.NS,Metals & Mining,True,,NIFTY 500,^CRSLDX,2026-08-13,544.45,-0.59,-0.27,12.41,14647918.0,8117179.0,1.8,7975059133.91,64.92,71.23,True,True,True,7.91,8.32,0.02301326,0.02175002,5.81,10.39,True,0.0,No clear setup,,,,,,,,,,,Strengthening with volume,6.5
ZFCVINDIA,ZF Commercial Vehicle Control Systems India Ltd.,ZFCVINDIA.NS,Automobile and Auto Components,True,,NIFTY 500,^CRSLDX,2026-08-13,2616.2,0.11,1.39,12.25,50944.0,169793.0,0.3,133279690.31,65.15,64.61,True,True,True,6.07,6.08,0.11058369,0.1063295,4.0,10.24,True,2.2,Watch,Possible inverse H&S,"inverse-head-and-shoulders, base, reversal",2684.5,,,2.54,,,2684.5,A possible inverse head-and-shoulders base is visible. The setup improves only if price clears or holds near the neckline with better volume.,Strengthening,6.47
LTFOODS,LT Foods Ltd.,LTFOODS.NS,Fast Moving Consumer Goods,True,,NIFTY 500,^CRSLDX,2026-08-13,418.95,-1.82,-0.11,9.47,246533.0,831965.0,0.3,103285003.36,62.26,71.14,True,True,True,4.83,7.88,0.01770852,0.01676244,5.64,7.5,True,2.2,Actionable watch,Possible inverse H&S,"inverse-head-and-shoulders, base, reversal",425.95,,,1.64,,,425.95,A possible inverse head-and-shoulders base is visible. The setup improves only if price clears or holds near the neckline with better volume.,Strengthening,6.47
MAZDOCK,Mazagoan Dock Shipbuilders Ltd.,MAZDOCK.NS,Capital Goods,True,,NIFTY 500,^CRSLDX,2026-08-13,2571.0,0.74,1.62,8.88,912326.0,854084.0,1.07,2345590146.0,66.69,66.19,True,True,True,7.05,5.53,0.10867314,0.10517942,3.32,6.92,True,2.2,Watch,Possible inverse H&S,"inverse-head-and-shoulders, base, reversal",2722.95,,,5.58,,,2722.95,A possible inverse head-and-shoulders base is visible. The setup improves only if price clears or holds near the neckline with better volume.,Strengthening,6.47
POLICYBZR,PB Fintech Ltd.,POLICYBZR.NS,Financial Services,True,,NIFTY 500,^CRSLDX,2026-08-13,1744.0,0.29,9.07,8.27,1121225.0,1312566.0,0.85,1955416400.0,66.75,50.71,True,True,True,8.48,9.15,0.07371683,0.06900891,6.82,6.47,True,2.2,Watch,Possible inverse H&S,"inverse-head-and-shoulders, base, reversal",1837.0,,,5.06,,,1837.0,A possible inverse head-and-shoulders base is visible. The setup improves only if price clears or holds near the neckline with better volume.,Strengthening,6.47
SBIN,State Bank of India,SBIN.NS,Financial Services,True,,NIFTY 500,^CRSLDX,2026-08-13,1083.0,0.09,-0.18,5.02,9501882.0,11610930.0,0.82,10290538206.0,62.2,68.26,True,True,True,3.5,4.72,0.04577713,0.04459093,2.66,3.13,True,3.81,Actionable watch,Breakout retest,"breakout, retest, pivot, volume",1062.58,2026-08-06,1.42,0.98,,,,Prior resistance has been cleared on higher volume and price is back near that pivot. This is the kind of retest zone where follow-through can matter more than chasing a stretched candle.,Strengthening,6.46
MEDANTA,Global Health Ltd.,MEDANTA.NS,Healthcare,True,,NIFTY 500,^CRSLDX,2026-08-13,1410.4,1.21,-2.35,5.37,218724.0,272390.0,0.8,308488334.94,54.27,66.37,True,True,True,0.76,5.77,0.05961595,0.05749585,3.69,3.62,True,3.4,Actionable watch,Possible inverse H&S,"inverse-head-and-shoulders, base, reversal",1216.85,,,15.91,,,1216.85,A possible inverse head-and-shoulders base is visible. The setup improves only if price clears or holds near the neckline with better volume.,Strengthening,6.41
ECLERX,eClerx Services Ltd.,ECLERX.NS,Services,True,,NIFTY 500,^CRSLDX,2026-08-13,1869.4,3.27,-0.16,9.09,180076.0,526350.0,0.34,336634078.8,58.07,59.31,False,True,True,-0.17,15.44,0.07901734,0.06991408,13.02,7.27,True,4.62,Actionable watch,High-tight flag,"flag, continuation, uptrend, high-tight, inverse-head-and-shoulders, base, reversal",1979.8,2026-07-17,0.77,,14.24,49.43,,Price has made a sharp impulse move and is now consolidating near the highs. A controlled pullback with quieter volume keeps the continuation setup alive. Secondary patterns: Possible inverse H&S.,Strengthening,6.4
BRITANNIA,Britannia Industries Ltd.,BRITANNIA.NS,Fast Moving Consumer Goods,True,,NIFTY 500,^CRSLDX,2026-08-13,5615.0,-0.54,3.9,7.39,215327.0,317482.0,0.68,1209061105.0,65.2,55.84,True,True,True,3.31,6.59,0.23733944,0.22744472,4.35,5.6,True,2.2,Watch,Possible inverse H&S,"inverse-head-and-shoulders, base, reversal",5926.5,,,5.26,,,5926.5,A possible inverse head-and-shoulders base is visible. The setup improves only if price clears or holds near the neckline with better volume.,Strengthening,6.39
TATACAP,Tata Capital Ltd.,TATACAP.NS,Financial Services,True,,NIFTY 500,^CRSLDX,2026-08-13,363.75,-0.9,-4.95,4.3,1584020.0,2216711.0,0.71,576187275.0,53.51,69.89,True,True,True,1.12,3.3,0.01537528,0.01515144,1.48,2.42,True,4.77,Actionable watch,Breakout retest,"breakout, retest, pivot, volume, flag, continuation, uptrend, inverse-head-and-shoulders, base, reversal",361.94,2026-08-05,1.74,0.29,,,,"Prior resistance has been cleared on higher volume and price is back near that pivot. This is the kind of retest zone where follow-through can matter more than chasing a stretched candle. Secondary patterns: Bullish flag, Possible inverse H&S.",Strengthening,6.38
POWERINDIA,Hitachi Energy India Ltd.,POWERINDIA.NS,Capital Goods,True,,NIFTY 500,^CRSLDX,2026-08-13,35360.0,-1.23,10.85,4.06,59835.0,142645.0,0.42,2115765600.0,60.54,46.15,True,True,True,8.11,5.24,1.49462554,1.45373959,2.81,2.33,True,5.1,Actionable watch,Breakout retest,"breakout, retest, pivot, volume",35305.0,2026-08-10,6.26,0.16,,,,Prior resistance has been cleared on higher volume and price is back near that pivot. This is the kind of retest zone where follow-through can matter more than chasing a stretched candle.,Strengthening,6.37
PARADEEP,Paradeep Phosphates Ltd.,PARADEEP.NS,Chemicals,True,,NIFTY 500,^CRSLDX,2026-08-13,147.21,0.02,-0.62,4.07,1273084.0,13079256.0,0.1,187410704.19,54.84,58.53,True,True,True,1.83,5.75,0.00622239,0.00599777,3.75,2.2,True,5.1,Actionable watch,Breakout retest,"breakout, retest, pivot, volume, flag, continuation, uptrend, inverse-head-and-shoulders, base, reversal",140.04,2026-07-03,4.18,4.89,,,,"Prior resistance has been cleared on higher volume and price is back near that pivot. This is the kind of retest zone where follow-through can matter more than chasing a stretched candle. Secondary patterns: Bullish flag, Possible inverse H&S.",Strengthening,6.34
REDINGTON,Redington Ltd.,REDINGTON.NS,Services,True,,NIFTY 500,^CRSLDX,2026-08-13,346.0,1.94,-1.35,25.32,2357738.0,11063571.0,0.21,815777348.0,70.31,81.93,True,True,True,11.22,22.74,0.01462501,0.01211639,20.7,23.06,True,4.77,Actionable watch,High-tight flag,"flag, continuation, uptrend, high-tight, inverse-head-and-shoulders, base, reversal",354.85,2026-08-07,0.36,,4.99,61.66,,Price has made a sharp impulse move and is now consolidating near the highs. A controlled pullback with quieter volume keeps the continuation setup alive. Secondary patterns: Possible inverse H&S.,Strengthening,6.3
FINCABLES,Finolex Cables Ltd.,FINCABLES.NS,Capital Goods,True,,NIFTY 500,^CRSLDX,2026-08-13,1249.3,-2.4,20.73,20.38,1641863.0,1744322.0,0.94,2051179526.07,71.96,51.83,True,True,True,19.79,16.97,0.05280644,0.04605203,14.67,18.37,True,5.1,Actionable watch,Breakout retest,"breakout, retest, pivot, volume",1187.17,2026-08-11,36.77,4.45,,,,Prior resistance has been cleared on higher volume and price is back near that pivot. This is the kind of retest zone where follow-through can matter more than chasing a stretched candle.,Strengthening,6.3
INDGN,Indegene Ltd.,INDGN.NS,Healthcare,True,,NIFTY 500,^CRSLDX,2026-08-13,569.8,0.78,3.56,12.01,336818.0,696158.0,0.48,191918892.29,69.69,65.15,True,True,True,7.86,9.88,0.02408477,0.02238786,7.58,9.99,True,4.3,Actionable watch,Breakout retest,"breakout, retest, pivot, volume, inverse-head-and-shoulders, base, reversal",541.63,2026-08-04,3.3,4.5,,,,Prior resistance has been cleared on higher volume and price is back near that pivot. This is the kind of retest zone where follow-through can matter more than chasing a stretched candle. Secondary patterns: Possible inverse H&S.,Strengthening,6.3
CONCORDBIO,Concord Biotech Ltd.,CONCORDBIO.NS,Healthcare,True,,NIFTY 500,^CRSLDX,2026-08-13,1454.5,0.68,5.8,8.71,110289.0,161541.0,0.68,160415350.5,68.52,59.31,True,True,True,7.47,10.19,0.06148,0.05693555,7.98,6.75,True,5.1,Actionable watch,Breakout retest,"breakout, retest, pivot, volume, inverse-head-and-shoulders, base, reversal",1382.08,2026-07-31,5.79,2.6,,,,Prior resistance has been cleared on higher volume and price is back near that pivot. This is the kind of retest zone where follow-through can matter more than chasing a stretched candle. Secondary patterns: Possible inverse H&S.,Strengthening,6.3
BEML,BEML Ltd.,BEML.NS,Capital Goods,True,,NIFTY 500,^CRSLDX,2026-08-13,1910.6,0.53,10.75,4.94,216961.0,404045.0,0.54,414525681.3,64.2,44.84,True,True,True,7.36,6.93,0.08075881,0.0771391,4.69,3.06,True,3.4,Actionable watch,Possible inverse H&S,"inverse-head-and-shoulders, base, reversal",1857.5,,,2.86,,,1857.5,A possible inverse head-and-shoulders base is visible. The setup improves only if price clears or holds near the neckline with better volume.,Strengthening,6.3
THELEELA,Leela Palaces Hotels & Resorts Ltd.,THELEELA.NS,Consumer Services,True,,NIFTY 500,^CRSLDX,2026-08-13,508.45,1.74,-0.5,4.78,370662.0,523240.0,0.71,188463098.42,58.77,65.89,True,True,True,3.2,6.25,0.02149158,0.02058935,4.38,2.9,True,3.4,Actionable watch,Possible inverse H&S,"inverse-head-and-shoulders, base, reversal, flag, continuation, uptrend",491.0,,,3.55,,,491.0,A possible inverse head-and-shoulders base is visible. The setup improves only if price clears or holds near the neckline with better volume. Secondary patterns: Bullish flag.,Strengthening,6.27
JINDALSAW,Jindal Saw Ltd.,JINDALSAW.NS,Capital Goods,True,,NIFTY 500,^CRSLDX,2026-08-13,264.4,-1.91,-0.32,3.46,823334.0,1459821.0,0.56,217689504.57,50.97,55.4,True,True,True,0.16,2.15,0.01117588,0.01117268,0.03,1.74,True,4.66,Actionable watch,Breakout retest,"breakout, retest, pivot, volume",268.71,2026-07-09,2.32,1.6,,,,Prior resistance has been cleared on higher volume and price is back near that pivot. This is the kind of retest zone where follow-through can matter more than chasing a stretched candle.,Strengthening,6.25
CREDITACC,CreditAccess Grameen Ltd.,CREDITACC.NS,Financial Services,True,,NIFTY 500,^CRSLDX,2026-08-13,1542.4,-0.19,-0.3,4.39,108328.0,434917.0,0.25,167085109.84,53.43,54.3,True,True,True,0.28,4.7,0.06519543,0.06344446,2.76,2.65,True,3.4,Actionable watch,Possible inverse H&S,"inverse-head-and-shoulders, base, reversal, flag, continuation, uptrend",1397.35,,,10.38,,,1397.35,A possible inverse head-and-shoulders base is visible. The setup improves only if price clears or holds near the neckline with better volume. Secondary patterns: Bullish flag.,Strengthening,6.22
CPPLUS,Aditya Infotech Ltd.,CPPLUS.NS,Capital Goods,True,,NIFTY 500,^CRSLDX,2026-08-13,3704.2,-5.0,1.31,-0.36,635398.0,206852.0,3.07,2353641240.57,55.28,57.28,True,True,True,3.23,4.05,0.15657217,0.15366731,1.89,-2.02,True,3.71,Actionable watch,Breakout retest,"breakout, retest, pivot, volume, inverse-head-and-shoulders, base, reversal",3731.6,2026-08-11,2.02,0.73,,,,Prior resistance has been cleared on higher volume and price is back near that pivot. This is the kind of retest zone where follow-through can matter more than chasing a stretched candle. Secondary patterns: Possible inverse H&S.,Setup watch: Breakout retest,6.19
CRISIL,CRISIL Ltd.,CRISIL.NS,Financial Services,True,,NIFTY 500,^CRSLDX,2026-08-13,4466.4,-0.9,-1.85,6.34,13455.0,80019.0,0.17,60095410.69,56.28,66.06,True,True,True,0.91,6.79,0.18878946,0.18047948,4.6,4.57,True,2.2,Watch,Possible inverse H&S,"inverse-head-and-shoulders, base, reversal",4668.3,,,4.32,,,4668.3,A possible inverse head-and-shoulders base is visible. The setup improves only if price clears or holds near the neckline with better volume.,Strengthening,6.18
JYOTICNC,Jyoti CNC Automation Ltd.,JYOTICNC.NS,Capital Goods,True,,NIFTY 500,^CRSLDX,2026-08-13,832.55,1.67,-3.76,3.14,1140892.0,1039959.0,1.1,949849620.67,57.02,69.51,True,True,True,2.28,9.11,0.03519091,0.03278801,7.33,1.42,True,4.0,Actionable watch,High-tight flag,"flag, continuation, uptrend, high-tight, breakout, retest, pivot, volume, inverse-head-and-shoulders, base, reversal",865.05,2026-08-06,1.43,,17.07,47.75,,"Price has made a sharp impulse move and is now consolidating near the highs. A controlled pullback with quieter volume keeps the continuation setup alive. Secondary patterns: Breakout retest, Possible inverse H&S.",Strengthening,6.18
FEDERALBNK,Federal Bank Ltd.,FEDERALBNK.NS,Financial Services,True,,NIFTY 500,^CRSLDX,2026-08-13,352.45,-1.23,-0.31,7.6,2687980.0,7255939.0,0.37,947378583.81,54.1,57.5,False,True,True,-0.63,5.19,0.01489765,0.01445226,3.08,5.81,True,3.4,Actionable watch,Possible inverse H&S,"inverse-head-and-shoulders, base, reversal, flag, continuation, uptrend",279.5,,,26.1,,,279.5,A possible inverse head-and-shoulders base is visible. The setup improves only if price clears or holds near the neckline with better volume. Secondary patterns: Bullish flag.,Strengthening,6.15
SYRMA,Syrma SGS Technology Ltd.,SYRMA.NS,Capital Goods,True,,NIFTY 500,^CRSLDX,2026-08-13,1467.7,-0.38,3.5,3.08,742010.0,1601413.0,0.46,1089048040.77,59.63,57.59,True,True,True,5.49,7.16,0.06203795,0.05891781,5.3,1.22,True,5.1,Actionable watch,Breakout retest,"breakout, retest, pivot, volume, inverse-head-and-shoulders, base, reversal",1462.5,2026-08-10,2.8,0.36,,,,Prior resistance has been cleared on higher volume and price is back near that pivot. This is the kind of retest zone where follow-through can matter more than chasing a stretched candle. Secondary patterns: Possible inverse H&S.,Strengthening,6.14
PINELABS,Pine Labs Ltd.,PINELABS.NS,Financial Services,True,,NIFTY 500,^CRSLDX,2026-08-13,166.58,-1.97,6.75,7.08,8276628.0,23870385.0,0.35,1378720707.39,61.47,55.68,True,True,,9.35,9.36,0.00704114,0.006561,7.32,5.16,True,5.01,Actionable watch,Breakout retest,"breakout, retest, pivot, volume",163.43,2026-08-11,2.21,1.57,,,,Prior resistance has been cleared on higher volume and price is back near that pivot. This is the kind of retest zone where follow-through can matter more than chasing a stretched candle.,Strengthening,6.13
SONACOMS,Sona BLW Precision Forgings Ltd.,SONACOMS.NS,Automobile and Auto Components,True,,NIFTY 500,^CRSLDX,2026-08-13,799.9,-0.57,1.0,17.05,1739126.0,3283145.0,0.53,1391126929.86,68.8,74.35,True,True,True,5.13,17.37,0.03381083,0.02937176,15.11,14.94,True,3.5,Actionable watch,Bullish flag,"flag, continuation, uptrend, inverse-head-and-shoulders, base, reversal",818.05,2026-08-07,0.85,,3.95,40.22,,Price has made a sharp impulse move and is now consolidating near the highs. A controlled pullback with quieter volume keeps the continuation setup alive. Secondary patterns: Possible inverse H&S.,Strengthening,6.12
SAPPHIRE,Sapphire Foods India Ltd.,SAPPHIRE.NS,Consumer Services,True,,NIFTY 500,^CRSLDX,2026-08-13,233.29,0.67,16.8,28.64,1569156.0,3823307.0,0.41,366068392.7,73.04,62.55,True,True,True,17.86,23.99,0.00986089,0.00811849,21.46,26.33,True,3.4,Actionable watch,Possible inverse H&S,"inverse-head-and-shoulders, base, reversal",206.4,,,13.03,,,206.4,A possible inverse head-and-shoulders base is visible. The setup improves only if price clears or holds near the neckline with better volume.,Strengthening,6.09
DEVYANI,Devyani International Ltd.,DEVYANI.NS,Consumer Services,True,,NIFTY 500,^CRSLDX,2026-08-13,138.51,-1.21,11.83,25.42,3661223.0,7609486.0,0.48,507115977.62,70.66,65.03,True,True,True,14.35,19.27,0.00585465,0.00501206,16.81,23.16,True,3.4,Actionable watch,Possible inverse H&S,"inverse-head-and-shoulders, base, reversal",126.53,,,9.47,,,126.53,A possible inverse head-and-shoulders base is visible. The setup improves only if price clears or holds near the neckline with better volume.,Strengthening,6.09
RKFORGE,Ramkrishna Forgings Ltd.,RKFORGE.NS,Automobile and Auto Components,True,,NIFTY 500,^CRSLDX,2026-08-13,733.3,-1.35,4.68,24.35,555035.0,2449078.0,0.23,407007158.72,73.58,75.45,True,True,True,12.04,21.52,0.03099573,0.02602895,19.08,22.12,True,3.4,Actionable watch,Possible inverse H&S,"inverse-head-and-shoulders, base, reversal",559.28,,,31.12,,,559.28,A possible inverse head-and-shoulders base is visible. The setup improves only if price clears or holds near the neckline with better volume.,Strengthening,6.09
RRKABEL,R R Kabel Ltd.,RRKABEL.NS,Capital Goods,True,,NIFTY 500,^CRSLDX,2026-08-13,2834.2,1.6,2.52,23.69,174629.0,748505.0,0.23,494933503.27,73.01,72.0,True,True,True,9.67,17.73,0.11979829,0.103649,15.58,21.63,True,3.4,Actionable watch,Possible inverse H&S,"inverse-head-and-shoulders, base, reversal",1569.1,,,80.63,,,1569.1,A possible inverse head-and-shoulders base is visible. The setup improves only if price clears or holds near the neckline with better volume.,Strengthening,6.09
NEULANDLAB,Neuland Laboratories Ltd.,NEULANDLAB.NS,Healthcare,True,,NIFTY 500,^CRSLDX,2026-08-13,23207.0,3.1,7.72,21.64,96588.0,102015.0,0.95,2241517716.0,72.36,73.11,True,True,True,15.68,23.42,0.98093255,0.81094217,20.96,19.61,True,3.4,Actionable watch,Possible inverse H&S,"inverse-head-and-shoulders, base, reversal",16318.0,,,42.22,,,16318.0,A possible inverse head-and-shoulders base is visible. The setup improves only if price clears or holds near the neckline with better volume.,Strengthening,6.09
PPLPHARMA,Piramal Pharma Ltd.,PPLPHARMA.NS,Healthcare,True,,NIFTY 500,^CRSLDX,2026-08-13,212.67,1.16,2.13,21.67,2243574.0,7914968.0,0.28,477140878.47,73.68,76.37,True,True,True,8.15,18.39,0.00898931,0.00775049,15.98,19.48,True,3.4,Actionable watch,Possible inverse H&S,"inverse-head-and-shoulders, base, reversal",190.74,,,11.5,,,190.74,A possible inverse head-and-shoulders base is visible. The setup improves only if price clears or holds near the neckline with better volume.,Strengthening,6.09
ATHERENERG,Ather Energy Ltd.,ATHERENERG.NS,Automobile and Auto Components,True,,NIFTY 500,^CRSLDX,2026-08-13,1526.5,-2.73,5.04,20.47,4012191.0,4835340.0,0.83,6124609561.5,72.39,75.27,True,True,True,13.25,28.23,0.06452336,0.05131161,25.75,18.31,True,3.4,Actionable watch,Possible inverse H&S,"inverse-head-and-shoulders, base, reversal",753.88,,,102.49,,,753.88,A possible inverse head-and-shoulders base is visible. The setup improves only if price clears or holds near the neckline with better volume.,Strengthening,6.09
COFORGE,Coforge Ltd.,COFORGE.NS,Information Technology,True,,NIFTY 500,^CRSLDX,2026-08-13,1829.0,1.53,3.17,20.04,1877813.0,3283781.0,0.57,3434519977.0,73.7,72.02,True,True,True,9.75,18.65,0.07730968,0.06644566,16.35,17.88,True,3.4,Actionable watch,Possible inverse H&S,"inverse-head-and-shoulders, base, reversal",1664.0,,,9.92,,,1664.0,A possible inverse head-and-shoulders base is visible. The setup improves only if price clears or holds near the neckline with better volume.,Strengthening,6.09
HEG,H.E.G. Ltd.,HEG.NS,Capital Goods,True,,NIFTY 500,^CRSLDX,2026-08-13,687.0,1.88,0.28,17.98,1211803.0,2737593.0,0.44,832508661.0,69.71,74.72,True,True,True,5.73,18.74,0.02903868,0.02500621,16.13,16.01,True,3.4,Actionable watch,Possible inverse H&S,"inverse-head-and-shoulders, base, reversal",645.0,,,6.51,,,645.0,A possible inverse head-and-shoulders base is visible. The setup improves only if price clears or holds near the neckline with better volume.,Strengthening,6.09
ANTHEM,Anthem Biosciences Ltd.,ANTHEM.NS,Healthcare,True,,NIFTY 500,^CRSLDX,2026-08-13,874.9,-0.4,5.96,16.53,446769.0,936742.0,0.48,390878209.01,70.59,65.45,True,True,True,7.79,11.52,0.03698099,0.03388545,9.14,14.59,True,3.4,Actionable watch,Possible inverse H&S,"inverse-head-and-shoulders, base, reversal",703.3,,,24.4,,,703.3,A possible inverse head-and-shoulders base is visible. The setup improves only if price clears or holds near the neckline with better volume.,Strengthening,6.09
DIVISLAB,Divi's Laboratories Ltd.,DIVISLAB.NS,Healthcare,True,,NIFTY 500,^CRSLDX,2026-08-13,8500.0,-1.16,1.81,16.66,344125.0,556548.0,0.62,2925062500.0,73.54,77.03,True,True,True,7.49,17.98,0.35928499,0.31066505,15.65,14.56,True,3.4,Actionable watch,Possible inverse H&S,"inverse-head-and-shoulders, base, reversal",6880.5,,,23.54,,,6880.5,A possible inverse head-and-shoulders base is visible. The setup improves only if price clears or holds near the neckline with better volume.,Strengthening,6.09
MOTHERSON,Samvardhana Motherson International Ltd.,MOTHERSON.NS,Automobile and Auto Components,True,,NIFTY 500,^CRSLDX,2026-08-13,167.4,-1.24,8.0,16.53,12098782.0,22348057.0,0.54,2025336032.95,71.74,64.51,True,True,True,9.21,12.99,0.0070758,0.00638831,10.76,14.44,True,3.4,Actionable watch,Possible inverse H&S,"inverse-head-and-shoulders, base, reversal",130.43,,,28.34,,,130.43,A possible inverse head-and-shoulders base is visible. The setup improves only if price clears or holds near the neckline with better volume.,Strengthening,6.09
EXIDEIND,Exide Industries Ltd.,EXIDEIND.NS,Automobile and Auto Components,True,,NIFTY 500,^CRSLDX,2026-08-13,485.5,-1.05,2.37,15.82,1806950.0,6935811.0,0.26,877274225.0,69.33,71.64,True,True,True,6.88,15.42,0.02052151,0.01817211,12.93,13.89,True,3.4,Actionable watch,Possible inverse H&S,"inverse-head-and-shoulders, base, reversal",360.8,,,34.56,,,360.8,A possible inverse head-and-shoulders base is visible. The setup improves only if price clears or holds near the neckline with better volume.,Strengthening,6.09
TMCV,Tata Motors Ltd.,TMCV.NS,Capital Goods,True,,NIFTY 500,^CRSLDX,2026-08-13,474.8,3.88,3.3,15.09,23158644.0,8364465.0,2.77,10995723888.5,72.28,70.11,True,True,,9.9,13.72,0.02006924,0.01795874,11.75,13.02,True,3.4,Actionable watch,Possible inverse H&S,"inverse-head-and-shoulders, base, reversal",442.3,,,7.35,,,442.3,A possible inverse head-and-shoulders base is visible. The setup improves only if price clears or holds near the neckline with better volume.,Strengthening with volume,6.09
SAILIFE,Sai Life Sciences Ltd.,SAILIFE.NS,Healthcare,True,,NIFTY 500,^CRSLDX,2026-08-13,1451.2,-0.85,2.67,14.88,477974.0,579485.0,0.82,693635845.46,70.18,75.21,True,True,True,8.49,14.44,0.06134051,0.05469353,12.15,12.97,True,3.4,Actionable watch,Possible inverse H&S,"inverse-head-and-shoulders, base, reversal",976.67,,,48.59,,,976.67,A possible inverse head-and-shoulders base is visible. The setup improves only if price clears or holds near the neckline with better volume.,Strengthening,6.09
NAUKRI,Info Edge (India) Ltd.,NAUKRI.NS,Consumer Services,True,,NIFTY 500,^CRSLDX,2026-08-13,1357.3,1.37,9.46,14.8,1173616.0,2359669.0,0.5,1592949054.11,73.73,66.03,True,True,True,9.49,21.43,0.05737147,0.04827079,18.85,12.89,True,3.4,Actionable watch,Possible inverse H&S,"inverse-head-and-shoulders, base, reversal",1308.55,,,3.73,,,1308.55,A possible inverse head-and-shoulders base is visible. The setup improves only if price clears or holds near the neckline with better volume.,Strengthening,6.09
TATATECH,Tata Technologies Ltd.,TATATECH.NS,Information Technology,True,,NIFTY 500,^CRSLDX,2026-08-13,868.4,3.12,8.34,13.43,1590636.0,2310225.0,0.69,1381308341.23,68.98,66.71,True,True,True,12.35,15.54,0.03670625,0.0324345,13.17,11.39,True,3.4,Actionable watch,Possible inverse H&S,"inverse-head-and-shoulders, base, reversal",737.0,,,17.83,,,737.0,A possible inverse head-and-shoulders base is visible. The setup improves only if price clears or holds near the neckline with better volume.,Strengthening,6.09
IIFL,IIFL Finance Ltd.,IIFL.NS,Financial Services,True,,NIFTY 500,^CRSLDX,2026-08-13,635.95,1.63,4.37,12.14,2075006.0,2182584.0,0.95,1319600091.03,72.33,67.55,True,True,True,6.78,15.2,0.02688086,0.02383403,12.78,10.12,True,3.4,Actionable watch,Possible inverse H&S,"inverse-head-and-shoulders, base, reversal",610.58,,,4.16,,,610.58,A possible inverse head-and-shoulders base is visible. The setup improves only if price clears or holds near the neckline with better volume.,Strengthening,6.09
LENSKART,Lenskart Solutions Ltd.,LENSKART.NS,Consumer Services,True,,NIFTY 500,^CRSLDX,2026-08-13,596.9,1.78,5.65,11.85,32158446.0,5472591.0,5.88,19195377202.52,72.09,60.36,True,True,,5.52,11.03,0.02523026,0.02320524,8.73,9.84,True,3.4,Actionable watch,Possible inverse H&S,"inverse-head-and-shoulders, base, reversal",540.15,,,10.51,,,540.15,A possible inverse head-and-shoulders base is visible. The setup improves only if price clears or holds near the neckline with better volume.,Strengthening with volume,6.09
EICHERMOT,Eicher Motors Ltd.,EICHERMOT.NS,Automobile and Auto Components,True,,NIFTY 500,^CRSLDX,2026-08-13,8100.0,0.63,1.66,10.33,238458.0,514745.0,0.46,1931509800.0,68.88,65.87,True,True,True,3.7,7.82,0.34237746,0.32383978,5.72,8.35,True,3.4,Actionable watch,Possible inverse H&S,"inverse-head-and-shoulders, base, reversal",7832.75,,,3.41,,,7832.75,A possible inverse head-and-shoulders base is visible. The setup improves only if price clears or holds near the neckline with better volume.,Strengthening,6.09
TITAN,Titan Company Ltd.,TITAN.NS,Consumer Durables,True,,NIFTY 500,^CRSLDX,2026-08-13,5063.7,-0.69,1.31,9.47,532763.0,974736.0,0.55,2697752107.16,69.36,75.42,True,True,True,3.99,10.82,0.21403664,0.19709598,8.6,7.5,True,3.4,Actionable watch,Possible inverse H&S,"inverse-head-and-shoulders, base, reversal",4453.1,,,13.71,,,4453.1,A possible inverse head-and-shoulders base is visible. The setup improves only if price clears or holds near the neckline with better volume.,Strengthening,6.09
TCS,Tata Consultancy Services Ltd.,TCS.NS,Information Technology,True,,NIFTY 500,^CRSLDX,2026-08-13,2375.0,1.08,0.08,7.91,2119174.0,3764225.0,0.56,5033038250.0,54.47,57.96,True,True,False,0.74,7.41,0.10038845,0.09556264,5.05,5.97,True,3.32,Watch,Bullish flag,"flag, continuation, uptrend",2473.7,2026-08-03,0.66,,7.55,25.45,,Price has made a sharp impulse move and is now consolidating near the highs. A controlled pullback with quieter volume keeps the continuation setup alive.,Strengthening,6.06
SARDAEN,Sarda Energy and Minerals Ltd.,SARDAEN.NS,Metals & Mining,True,,NIFTY 500,^CRSLDX,2026-08-13,523.3,6.92,4.47,5.54,23545128.0,1434857.0,16.41,12321165194.98,58.64,45.42,True,True,True,3.63,2.54,0.02211927,0.02206518,0.25,3.78,True,0.0,No clear setup,,,,,,,,,,,Strengthening with volume,6.06
DLF,DLF Ltd.,DLF.NS,Realty,True,,NIFTY 500,^CRSLDX,2026-08-13,664.0,0.34,3.43,3.74,2637023.0,3586910.0,0.74,1750983272.0,55.62,48.72,True,True,True,1.53,4.77,0.0280665,0.02731061,2.77,1.87,True,3.4,Actionable watch,Possible inverse H&S,"inverse-head-and-shoulders, base, reversal",645.7,,,2.83,,,645.7,A possible inverse head-and-shoulders base is visible. The setup improves only if price clears or holds near the neckline with better volume.,Strengthening,6.06
KAYNES,Kaynes Technology India Ltd.,KAYNES.NS,Capital Goods,True,,NIFTY 500,^CRSLDX,2026-08-13,3760.5,-1.76,-1.81,9.36,741533.0,1493542.0,0.5,2788534846.5,59.76,67.88,True,True,False,5.28,11.81,0.1589519,0.14502403,9.6,7.39,True,3.28,Watch,Bullish flag,"flag, continuation, uptrend",3898.0,2026-08-05,0.87,,10.27,22.73,,Price has made a sharp impulse move and is now consolidating near the highs. A controlled pullback with quieter volume keeps the continuation setup alive.,Strengthening,6.05
BRIGADE,Brigade Enterprises Ltd.,BRIGADE.NS,Realty,True,,NIFTY 500,^CRSLDX,2026-08-13,589.65,-0.56,3.09,5.51,184828.0,391391.0,0.47,108983834.71,59.59,58.27,True,True,True,3.97,9.36,0.02492381,0.02325329,7.18,3.75,True,2.2,Watch,Possible inverse H&S,"inverse-head-and-shoulders, base, reversal",610.39,,,3.4,,,610.39,A possible inverse head-and-shoulders base is visible. The setup improves only if price clears or holds near the neckline with better volume.,Strengthening,6.02
OBEROIRLTY,Oberoi Realty Ltd.,OBEROIRLTY.NS,Realty,True,,NIFTY 500,^CRSLDX,2026-08-13,1846.0,2.56,3.88,-2.1,823058.0,314607.0,2.62,1519365068.0,55.16,43.73,True,True,True,1.02,3.4,0.07802825,0.07701897,1.31,-3.73,True,4.93,Actionable watch,Breakout retest,"breakout, retest, pivot, volume, inverse-head-and-shoulders, base, reversal",1723.73,2026-06-24,2.06,3.05,,,,Prior resistance has been cleared on higher volume and price is back near that pivot. This is the kind of retest zone where follow-through can matter more than chasing a stretched candle. Secondary patterns: Possible inverse H&S.,Setup watch: Breakout retest,5.95
HYUNDAI,Hyundai Motor India Ltd.,HYUNDAI.NS,Automobile and Auto Components,True,,NIFTY 500,^CRSLDX,2026-08-13,2237.1,-0.13,1.13,11.53,618326.0,870451.0,0.71,1383257154.98,72.7,75.54,True,True,True,7.39,12.01,0.09455959,0.08616046,9.75,9.52,True,2.97,Actionable watch,Possible inverse H&S,"inverse-head-and-shoulders, base, reversal",2212.75,,,1.1,,,2212.75,A possible inverse head-and-shoulders base is visible. The setup improves only if price clears or holds near the neckline with better volume.,Strengthening,5.94
MANAPPURAM,Manappuram Finance Ltd.,MANAPPURAM.NS,Financial Services,True,,NIFTY 500,^CRSLDX,2026-08-13,348.4,-1.19,-4.29,6.03,6845033.0,7322176.0,0.93,2384809455.42,48.76,63.71,False,True,True,-1.87,4.32,0.01472646,0.01441671,2.15,4.26,True,3.4,Actionable watch,Possible inverse H&S,"inverse-head-and-shoulders, base, reversal, flag, continuation, uptrend",319.9,,,8.91,,,319.9,A possible inverse head-and-shoulders base is visible. The setup improves only if price clears or holds near the neckline with better volume. Secondary patterns: Bullish flag.,Strengthening,5.84
SCHNEIDER,Schneider Electric Infrastructure Ltd.,SCHNEIDER.NS,Capital Goods,True,,NIFTY 500,^CRSLDX,2026-08-13,1379.1,-3.69,3.29,1.38,275281.0,254381.0,1.08,379640020.38,52.3,49.06,True,True,True,2.28,3.62,0.05829293,0.05728303,1.76,-0.31,True,5.1,Actionable watch,Breakout retest,"breakout, retest, pivot, volume, inverse-head-and-shoulders, base, reversal",1375.0,2026-08-10,4.21,0.18,,,,Prior resistance has been cleared on higher volume and price is back near that pivot. This is the kind of retest zone where follow-through can matter more than chasing a stretched candle. Secondary patterns: Possible inverse H&S.,Setup watch: Breakout retest,5.84
ASTERDM,Aster DM Quality Care Ltd.,ASTERDM.NS,Healthcare,True,,NIFTY 500,^CRSLDX,2026-08-13,824.3,-0.44,-2.39,1.5,326932.0,717560.0,0.46,269490043.61,51.37,65.53,True,True,True,0.11,2.61,0.03484219,0.03465361,0.54,-0.32,True,4.62,Actionable watch,Breakout retest,"breakout, retest, pivot, volume, flag, continuation, uptrend, inverse-head-and-shoulders, base, reversal",831.48,2026-08-05,2.25,0.86,,,,"Prior resistance has been cleared on higher volume and price is back near that pivot. This is the kind of retest zone where follow-through can matter more than chasing a stretched candle. Secondary patterns: Bullish flag, Possible inverse H&S.",Setup watch: Breakout retest,5.84
NIACL,The New India Assurance Company Ltd.,NIACL.NS,Financial Services,True,,NIFTY 500,^CRSLDX,2026-08-13,180.65,-0.24,0.96,1.41,798346.0,2610338.0,0.31,144221200.03,55.52,54.25,True,True,True,3.49,3.32,0.00763586,0.00751593,1.6,-0.41,True,5.1,Actionable watch,Breakout retest,"breakout, retest, pivot, volume, inverse-head-and-shoulders, base, reversal",173.93,2026-06-18,100.1,3.34,,,,Prior resistance has been cleared on higher volume and price is back near that pivot. This is the kind of retest zone where follow-through can matter more than chasing a stretched candle. Secondary patterns: Possible inverse H&S.,Setup watch: Breakout retest,5.82
BDL,Bharat Dynamics Ltd.,BDL.NS,Capital Goods,True,,NIFTY 500,^CRSLDX,2026-08-13,1375.5,2.65,5.89,8.92,4152577.0,919941.0,4.51,5711869663.5,66.76,54.04,True,True,True,7.87,6.16,0.05814076,0.05580032,4.19,6.97,True,-2.0,Risk review,Head-and-shoulders risk,"head-and-shoulders, risk, distribution, inverse-head-and-shoulders, base, reversal",1315.85,,,4.53,,,1315.85,"A possible head-and-shoulders top is forming or breaking. This is a caution signal, not an entry setup. Secondary patterns: Possible inverse H&S.",Risk review,5.8
NSLNISP,NMDC Steel Ltd.,NSLNISP.NS,Metals & Mining,True,,NIFTY 500,^CRSLDX,2026-08-13,45.29,2.93,1.07,4.35,5726255.0,2946067.0,1.94,259342094.19,60.1,60.25,True,True,True,4.57,1.98,0.00191435,0.00192501,-0.55,2.48,False,3.4,Actionable watch,Possible inverse H&S,"inverse-head-and-shoulders, base, reversal",43.52,,,4.06,,,43.52,A possible inverse head-and-shoulders base is visible. The setup improves only if price clears or holds near the neckline with better volume.,Setup watch: Possible inverse H&S,5.79
IFCI,IFCI Ltd.,IFCI.NS,Financial Services,True,,NIFTY 500,^CRSLDX,2026-08-13,76.66,4.29,2.34,4.23,40674236.0,16024250.0,2.54,3118087080.71,55.33,51.82,True,True,True,4.24,0.31,0.00324033,0.00330504,-1.96,2.35,False,3.4,Actionable watch,Possible inverse H&S,"inverse-head-and-shoulders, base, reversal",66.15,,,15.89,,,66.15,A possible inverse head-and-shoulders base is visible. The setup improves only if price clears or holds near the neckline with better volume.,Setup watch: Possible inverse H&S,5.76
LTF,L&T Finance Ltd.,LTF.NS,Financial Services,True,,NIFTY 500,^CRSLDX,2026-08-13,315.35,-0.58,-0.41,0.94,1127450.0,4665522.0,0.24,355541364.38,54.52,57.22,True,True,True,1.33,4.09,0.01332947,0.01305584,2.1,-0.74,True,4.78,Actionable watch,Breakout retest,"breakout, retest, pivot, volume, inverse-head-and-shoulders, base, reversal",304.95,2026-06-30,1.76,2.64,,,,Prior resistance has been cleared on higher volume and price is back near that pivot. This is the kind of retest zone where follow-through can matter more than chasing a stretched candle. Secondary patterns: Possible inverse H&S.,Setup watch: Breakout retest,5.75
KAJARIACER,Kajaria Ceramics Ltd.,KAJARIACER.NS,Consumer Durables,True,,NIFTY 500,^CRSLDX,2026-08-13,1260.9,0.69,7.27,1.93,268471.0,285489.0,0.94,338515090.45,65.24,40.76,True,True,True,3.77,6.23,0.05329676,0.05119918,4.1,0.23,True,3.4,Actionable watch,Possible inverse H&S,"inverse-head-and-shoulders, base, reversal",1174.85,,,7.32,,,1174.85,A possible inverse head-and-shoulders base is visible. The setup improves only if price clears or holds near the neckline with better volume.,Strengthening,5.74
ESCORTS,Escorts Kubota Ltd.,ESCORTS.NS,Capital Goods,True,,NIFTY 500,^CRSLDX,2026-08-13,3093.4,-1.04,0.4,5.05,23245.0,143317.0,0.16,71906080.73,61.07,62.73,True,True,False,2.07,5.52,0.13075437,0.12635716,3.48,3.16,True,5.1,Actionable watch,Breakout retest,"breakout, retest, pivot, volume, inverse-head-and-shoulders, base, reversal",3030.92,2026-07-31,3.39,1.88,,,,Prior resistance has been cleared on higher volume and price is back near that pivot. This is the kind of retest zone where follow-through can matter more than chasing a stretched candle. Secondary patterns: Possible inverse H&S.,Strengthening,5.73
HFCL,HFCL Ltd.,HFCL.NS,Telecommunication,True,,NIFTY 500,^CRSLDX,2026-08-13,227.36,2.64,11.63,1.92,23503082.0,26738277.0,0.88,5343660737.87,62.44,50.31,True,True,True,9.58,11.31,0.00961024,0.00880756,9.11,0.22,True,3.4,Actionable watch,Possible inverse H&S,"inverse-head-and-shoulders, base, reversal",70.88,,,220.77,,,70.88,A possible inverse head-and-shoulders base is visible. The setup improves only if price clears or holds near the neckline with better volume.,Strengthening,5.73
INDIGO,InterGlobe Aviation Ltd.,INDIGO.NS,Services,True,,NIFTY 500,^CRSLDX,2026-08-13,5370.0,0.69,0.97,1.98,233968.0,861455.0,0.27,1256408160.0,57.01,55.03,True,True,True,2.08,4.37,0.22698357,0.22119393,2.62,0.15,True,3.4,Actionable watch,Possible inverse H&S,"inverse-head-and-shoulders, base, reversal",4966.15,,,8.13,,,4966.15,A possible inverse head-and-shoulders base is visible. The setup improves only if price clears or holds near the neckline with better volume.,Strengthening,5.72
NETWEB,Netweb Technologies India Ltd.,NETWEB.NS,Information Technology,True,,NIFTY 500,^CRSLDX,2026-08-13,5181.0,7.1,7.65,20.45,3457479.0,1320155.0,2.62,17913198699.0,69.23,62.13,True,True,True,13.94,13.58,0.21899477,0.19693193,11.2,18.28,True,0.0,No clear setup,,,,,,,,,,,Strengthening with volume,5.7
ATUL,Atul Ltd.,ATUL.NS,Chemicals,True,,NIFTY 500,^CRSLDX,2026-08-13,6903.0,0.09,1.57,13.46,32714.0,87551.0,0.37,225824742.0,66.16,62.78,True,True,True,4.34,6.08,0.29178168,0.28105884,3.82,11.42,True,0.0,No clear setup,,,,,,,,,,,Strengthening,5.7
NATIONALUM,National Aluminium Co. Ltd.,NATIONALUM.NS,Metals & Mining,True,,NIFTY 500,^CRSLDX,2026-08-13,400.5,-4.64,5.12,12.99,9732854.0,8275523.0,1.18,3898008027.0,64.84,65.04,True,True,True,10.41,11.06,0.01692866,0.01564533,8.2,10.96,True,0.0,No clear setup,,,,,,,,,,,Strengthening,5.7
EMCURE,Emcure Pharmaceuticals Ltd.,EMCURE.NS,Healthcare,True,,NIFTY 500,^CRSLDX,2026-08-13,2009.6,0.0,3.76,12.25,54636.0,157120.0,0.35,109796504.27,67.54,59.73,True,True,True,4.45,8.96,0.08494342,0.07951137,6.83,10.38,True,0.0,No clear setup,,,,,,,,,,,Strengthening,5.7
BELRISE,Belrise Industries Ltd.,BELRISE.NS,Automobile and Auto Components,True,,NIFTY 500,^CRSLDX,2026-08-13,254.42,-2.65,4.01,10.18,4349409.0,4421362.0,0.98,1106576629.82,63.76,61.52,True,True,True,6.27,7.72,0.01075403,0.01016951,5.75,8.2,True,0.0,No clear setup,,,,,,,,,,,Strengthening,5.7
M&M,Mahindra & Mahindra Ltd.,M&M.NS,Automobile and Auto Components,True,,NIFTY 500,^CRSLDX,2026-08-13,3428.2,0.72,0.65,9.96,2287311.0,2566111.0,0.89,7841359458.51,60.05,64.25,True,True,True,3.01,7.92,0.14490597,0.13694828,5.81,7.98,True,0.0,No clear setup,,,,,,,,,,,Strengthening,5.7
MPHASIS,MphasiS Ltd.,MPHASIS.NS,Information Technology,True,,NIFTY 500,^CRSLDX,2026-08-13,2541.0,0.13,4.92,8.63,306154.0,651007.0,0.47,777937314.0,64.43,57.09,True,True,True,5.72,10.15,0.10740508,0.09968943,7.74,6.82,True,0.0,No clear setup,,,,,,,,,,,Strengthening,5.7
DATAPATTNS,Data Patterns (India) Ltd.,DATAPATTNS.NS,Capital Goods,True,,NIFTY 500,^CRSLDX,2026-08-13,4529.3,0.85,3.11,9.58,594203.0,1144168.0,0.52,2691323531.84,54.61,49.63,True,True,True,2.45,1.92,0.19144817,0.19162871,-0.09,7.61,False,3.4,Actionable watch,Possible inverse H&S,"inverse-head-and-shoulders, base, reversal, flag, continuation, uptrend",3191.75,,,41.91,,,3191.75,A possible inverse head-and-shoulders base is visible. The setup improves only if price clears or holds near the neckline with better volume. Secondary patterns: Bullish flag.,Setup watch: Possible inverse H&S,5.69
UNIONBANK,Union Bank of India,UNIONBANK.NS,Financial Services,True,,NIFTY 500,^CRSLDX,2026-08-13,186.5,-0.27,2.19,8.19,7550714.0,14809201.0,0.51,1408208161.0,68.55,67.57,True,True,True,6.4,9.88,0.00788314,0.00732641,7.6,6.39,True,2.2,Watch,Possible inverse H&S,"inverse-head-and-shoulders, base, reversal",192.44,,,3.09,,,192.44,A possible inverse head-and-shoulders base is visible. The setup improves only if price clears or holds near the neckline with better volume.,Strengthening,5.67
PFIZER,Pfizer Ltd.,PFIZER.NS,Healthcare,True,,NIFTY 500,^CRSLDX,2026-08-13,4990.4,-0.54,1.84,7.8,16178.0,36531.0,0.44,80734689.62,71.53,70.29,True,True,True,4.52,8.81,0.21093832,0.19815152,6.45,6.0,True,2.2,Watch,Possible inverse H&S,"inverse-head-and-shoulders, base, reversal",5211.65,,,4.25,,,5211.65,A possible inverse head-and-shoulders base is visible. The setup improves only if price clears or holds near the neckline with better volume.,Strengthening,5.67
BALRAMCHIN,Balrampur Chini Mills Ltd.,BALRAMCHIN.NS,Fast Moving Consumer Goods,True,,NIFTY 500,^CRSLDX,2026-08-13,619.65,2.47,-1.53,5.05,331494.0,815120.0,0.41,205410265.19,53.21,59.99,False,True,True,-0.05,6.99,0.02619188,0.02501097,4.72,3.3,True,3.4,Actionable watch,Possible inverse H&S,"inverse-head-and-shoulders, base, reversal, flag, continuation, uptrend",460.95,,,34.43,,,460.95,A possible inverse head-and-shoulders base is visible. The setup improves only if price clears or holds near the neckline with better volume. Secondary patterns: Bullish flag.,Strengthening,5.65
INDUSINDBK,IndusInd Bank Ltd.,INDUSINDBK.NS,Financial Services,True,,NIFTY 500,^CRSLDX,2026-08-13,1024.7,0.71,0.84,1.49,674546.0,1996543.0,0.34,691207253.26,55.9,54.62,True,True,True,0.36,5.07,0.04331286,0.04210913,2.86,-0.21,True,3.4,Actionable watch,Possible inverse H&S,"inverse-head-and-shoulders, base, reversal, flag, continuation, uptrend",963.38,,,6.37,,,963.38,A possible inverse head-and-shoulders base is visible. The setup improves only if price clears or holds near the neckline with better volume. Secondary patterns: Bullish flag.,Setup watch: Possible inverse H&S,5.65
AUROPHARMA,Aurobindo Pharma Ltd.,AUROPHARMA.NS,Healthcare,True,,NIFTY 500,^CRSLDX,2026-08-13,1663.4,-0.22,4.69,7.3,962632.0,1068141.0,0.9,1601242092.3,64.64,56.26,True,True,True,4.9,7.78,0.07030996,0.06657235,5.61,5.51,True,0.0,No clear setup,,,,,,,,,,,Strengthening,5.6
JSWINFRA,JSW Infrastructure Ltd.,JSWINFRA.NS,Services,True,,NIFTY 500,^CRSLDX,2026-08-13,341.35,-1.51,4.23,1.19,2428913.0,3386287.0,0.72,829109467.37,58.5,51.97,True,True,True,2.59,6.7,0.01442846,0.01376081,4.85,-0.5,True,3.4,Actionable watch,Possible inverse H&S,"inverse-head-and-shoulders, base, reversal, flag, continuation, uptrend",289.37,,,17.97,,,289.37,A possible inverse head-and-shoulders base is visible. The setup improves only if price clears or holds near the neckline with better volume. Secondary patterns: Bullish flag.,Setup watch: Possible inverse H&S,5.59
RITES,RITES Ltd.,RITES.NS,Construction,True,,NIFTY 500,^CRSLDX,2026-08-13,224.46,0.41,-2.41,1.17,304425.0,781789.0,0.39,68331237.54,54.21,62.52,True,True,True,1.96,4.1,0.00948766,0.00930683,1.94,-0.52,True,3.37,Actionable watch,Possible inverse H&S,"inverse-head-and-shoulders, base, reversal",219.38,,,2.32,,,219.38,A possible inverse head-and-shoulders base is visible. The setup improves only if price clears or holds near the neckline with better volume.,Setup watch: Possible inverse H&S,5.58
PFOCUS,Prime Focus Ltd.,PFOCUS.NS,Media Entertainment & Publication,True,,NIFTY 500,^CRSLDX,2026-08-13,274.3,2.35,-6.03,3.6,536759.0,868435.0,0.62,147232987.15,48.28,57.98,False,True,True,-5.06,6.76,0.01159434,0.01110548,4.4,1.87,True,3.99,Actionable watch,High-tight flag,"flag, continuation, uptrend, high-tight",308.72,2026-07-29,1.15,,16.32,47.05,,Price has made a sharp impulse move and is now consolidating near the highs. A controlled pullback with quieter volume keeps the continuation setup alive.,Strengthening,5.57
WIPRO,Wipro Ltd.,WIPRO.NS,Information Technology,True,,NIFTY 500,^CRSLDX,2026-08-13,183.1,-0.46,-1.62,4.19,5430900.0,14489758.0,0.37,994397823.15,53.16,60.97,True,True,False,0.94,2.87,0.00773942,0.00771151,0.36,2.32,True,4.65,Actionable watch,Breakout retest,"breakout, retest, pivot, volume",179.32,2026-07-29,1.5,1.34,,,,Prior resistance has been cleared on higher volume and price is back near that pivot. This is the kind of retest zone where follow-through can matter more than chasing a stretched candle.,Strengthening,5.56
ZYDUSLIFE,Zydus Lifesciences Ltd.,ZYDUSLIFE.NS,Healthcare,True,,NIFTY 500,^CRSLDX,2026-08-13,1167.3,-3.13,5.35,0.99,1606399.0,1524634.0,1.05,1875149631.14,58.74,46.24,True,True,True,3.05,4.34,0.0493404,0.04832546,2.1,-0.69,True,3.4,Actionable watch,Possible inverse H&S,"inverse-head-and-shoulders, base, reversal",955.23,,,22.2,,,955.23,A possible inverse head-and-shoulders base is visible. The setup improves only if price clears or holds near the neckline with better volume.,Setup watch: Possible inverse H&S,5.55
JSWDULUX,JSW Dulux Ltd.,JSWDULUX.NS,Consumer Durables,True,,NIFTY 500,^CRSLDX,2026-08-13,3123.5,0.78,1.51,5.95,9936.0,19200.0,0.52,31035096.0,56.44,54.99,True,True,True,3.48,1.5,0.13202667,0.13297145,-0.71,4.18,False,5.1,Actionable watch,Breakout retest,"breakout, retest, pivot, volume, inverse-head-and-shoulders, base, reversal",3076.95,2026-08-11,4.02,0.89,,,,Prior resistance has been cleared on higher volume and price is back near that pivot. This is the kind of retest zone where follow-through can matter more than chasing a stretched candle. Secondary patterns: Possible inverse H&S.,Setup watch: Breakout retest,5.54
KFINTECH,Kfin Technologies Ltd.,KFINTECH.NS,Financial Services,True,,NIFTY 500,^CRSLDX,2026-08-13,929.0,0.76,-0.11,3.92,414558.0,1285456.0,0.32,385124382.0,54.6,55.96,True,True,False,1.14,5.06,0.03926774,0.03816524,2.89,2.19,True,4.65,Actionable watch,Breakout retest,"breakout, retest, pivot, volume, flag, continuation, uptrend, inverse-head-and-shoulders, base, reversal",942.54,2026-07-28,2.3,1.44,,,,"Prior resistance has been cleared on higher volume and price is back near that pivot. This is the kind of retest zone where follow-through can matter more than chasing a stretched candle. Secondary patterns: Bullish flag, Possible inverse H&S.",Strengthening,5.54
ABCAPITAL,Aditya Birla Capital Ltd.,ABCAPITAL.NS,Financial Services,True,,NIFTY 500,^CRSLDX,2026-08-13,407.7,-0.79,-3.27,0.84,2359187.0,3579100.0,0.66,961840568.7,52.87,61.23,True,True,True,0.5,4.26,0.017233,0.01685115,2.27,-0.84,True,3.4,Actionable watch,Possible inverse H&S,"inverse-head-and-shoulders, base, reversal, flag, continuation, uptrend",365.07,,,11.68,,,365.07,A possible inverse head-and-shoulders base is visible. The setup improves only if price clears or holds near the neckline with better volume. Secondary patterns: Bullish flag.,Setup watch: Possible inverse H&S,5.52
SUMICHEM,Sumitomo Chemical India Ltd.,SUMICHEM.NS,Chemicals,True,,NIFTY 500,^CRSLDX,2026-08-13,543.0,-0.79,3.39,0.82,274916.0,679984.0,0.4,149279388.0,58.65,56.86,True,True,True,2.24,10.48,0.02295197,0.02126857,7.91,-0.86,True,3.4,Actionable watch,Possible inverse H&S,"inverse-head-and-shoulders, base, reversal",498.1,,,9.01,,,498.1,A possible inverse head-and-shoulders base is visible. The setup improves only if price clears or holds near the neckline with better volume.,Setup watch: Possible inverse H&S,5.52
APOLLOTYRE,Apollo Tyres Ltd.,APOLLOTYRE.NS,Automobile and Auto Components,True,,NIFTY 500,^CRSLDX,2026-08-13,443.05,-0.47,-1.48,3.76,366331.0,656375.0,0.56,162302945.08,58.47,66.68,True,True,False,2.16,4.0,0.0187272,0.01836728,1.96,2.03,True,5.1,Actionable watch,Breakout retest,"breakout, retest, pivot, volume, inverse-head-and-shoulders, base, reversal",440.15,2026-07-02,3.79,0.08,,,,Prior resistance has been cleared on higher volume and price is back near that pivot. This is the kind of retest zone where follow-through can matter more than chasing a stretched candle. Secondary patterns: Possible inverse H&S.,Strengthening,5.51
3MINDIA,3M India Ltd.,3MINDIA.NS,Diversified,True,,NIFTY 500,^CRSLDX,2026-08-13,36165.0,0.64,0.46,2.11,4039.0,3293.0,1.23,146070435.0,61.66,61.67,True,True,True,1.73,6.3,1.52865195,1.46873939,4.08,0.41,True,2.59,Actionable watch,Possible inverse H&S,"inverse-head-and-shoulders, base, reversal",36172.5,,,0.02,,,36172.5,A possible inverse head-and-shoulders base is visible. The setup improves only if price clears or holds near the neckline with better volume.,Strengthening,5.49
ABBOTINDIA,Abbott India Ltd.,ABBOTINDIA.NS,Healthcare,True,,NIFTY 500,^CRSLDX,2026-08-13,27620.0,-1.85,-0.84,2.27,34092.0,10606.0,3.21,941621040.0,54.01,63.49,False,True,True,-0.68,4.3,1.16746486,1.14472599,1.99,0.56,True,2.2,Watch,Possible inverse H&S,"inverse-head-and-shoulders, base, reversal",29095.0,,,5.07,,,29095.0,A possible inverse head-and-shoulders base is visible. The setup improves only if price clears or holds near the neckline with better volume.,Strengthening with volume,5.48
ZENTEC,Zen Technologies Ltd.,ZENTEC.NS,Capital Goods,True,,NIFTY 500,^CRSLDX,2026-08-13,1831.8,0.41,5.6,0.48,288200.0,424788.0,0.68,527924774.07,59.34,49.41,True,True,True,5.31,2.41,0.07742803,0.07724676,0.23,-1.2,True,3.4,Actionable watch,Possible inverse H&S,"inverse-head-and-shoulders, base, reversal",1445.35,,,26.74,,,1445.35,A possible inverse head-and-shoulders base is visible. The setup improves only if price clears or holds near the neckline with better volume.,Setup watch: Possible inverse H&S,5.45
BLUEJET,Blue Jet Healthcare Ltd.,BLUEJET.NS,Healthcare,True,,NIFTY 500,^CRSLDX,2026-08-13,594.6,1.28,1.14,-0.66,740357.0,1046458.0,0.71,440216254.12,56.89,55.23,True,True,True,1.18,7.44,0.02513304,0.02382334,5.5,-2.32,True,5.1,Actionable watch,Breakout retest,"breakout, retest, pivot, volume, flag, continuation, uptrend, inverse-head-and-shoulders, base, reversal",569.05,2026-07-07,2.92,2.64,,,,"Prior resistance has been cleared on higher volume and price is back near that pivot. This is the kind of retest zone where follow-through can matter more than chasing a stretched candle. Secondary patterns: Bullish flag, Possible inverse H&S.",Setup watch: Breakout retest,5.44
GLAND,Gland Pharma Ltd.,GLAND.NS,Healthcare,True,,NIFTY 500,^CRSLDX,2026-08-13,2967.6,2.64,14.63,21.29,792910.0,906228.0,0.87,2353039793.43,78.03,64.21,True,True,True,16.19,22.67,0.12543696,0.10440576,20.14,19.27,True,3.4,Actionable watch,Possible inverse H&S,"inverse-head-and-shoulders, base, reversal",1853.35,,,60.12,,,1853.35,A possible inverse head-and-shoulders base is visible. The setup improves only if price clears or holds near the neckline with better volume.,Strengthening,5.39
PAYTM,One 97 Communications Ltd.,PAYTM.NS,Financial Services,True,,NIFTY 500,^CRSLDX,2026-08-13,1649.5,2.45,14.39,21.19,3076512.0,4843685.0,0.64,5074706544.0,85.82,73.8,True,True,True,17.97,30.81,0.06972242,0.05430233,28.4,19.01,True,3.4,Actionable watch,Possible inverse H&S,"inverse-head-and-shoulders, base, reversal",1382.1,,,19.35,,,1382.1,A possible inverse head-and-shoulders base is visible. The setup improves only if price clears or holds near the neckline with better volume.,Strengthening,5.39
LAURUSLABS,Laurus Labs Ltd.,LAURUSLABS.NS,Healthcare,True,,NIFTY 500,^CRSLDX,2026-08-13,1851.7,0.09,1.19,18.88,1345712.0,2184588.0,0.62,2491854844.69,77.85,78.09,True,True,True,6.22,17.44,0.07826918,0.06797952,15.14,16.74,True,3.4,Actionable watch,Possible inverse H&S,"inverse-head-and-shoulders, base, reversal",1092.9,,,69.43,,,1092.9,A possible inverse head-and-shoulders base is visible. The setup improves only if price clears or holds near the neckline with better volume.,Strengthening,5.39
RADICO,Radico Khaitan Ltd,RADICO.NS,Fast Moving Consumer Goods,True,,NIFTY 500,^CRSLDX,2026-08-13,4675.2,3.14,4.59,14.56,400780.0,480727.0,0.83,1873726734.28,78.32,72.18,True,True,True,7.99,16.78,0.1976152,0.17249546,14.56,12.65,True,3.4,Actionable watch,Possible inverse H&S,"inverse-head-and-shoulders, base, reversal",3538.95,,,32.11,,,3538.95,A possible inverse head-and-shoulders base is visible. The setup improves only if price clears or holds near the neckline with better volume.,Strengthening,5.39
LALPATHLAB,Dr. Lal Path Labs Ltd.,LALPATHLAB.NS,Healthcare,True,,NIFTY 500,^CRSLDX,2026-08-13,1968.4,0.77,2.1,14.53,205127.0,492622.0,0.42,403771991.81,77.74,75.27,True,True,True,7.36,14.64,0.08320195,0.07403575,12.38,12.62,True,3.4,Actionable watch,Possible inverse H&S,"inverse-head-and-shoulders, base, reversal",1472.75,,,33.65,,,1472.75,A possible inverse head-and-shoulders base is visible. The setup improves only if price clears or holds near the neckline with better volume.,Strengthening,5.39
KEI,KEI Industries Ltd.,KEI.NS,Capital Goods,True,,NIFTY 500,^CRSLDX,2026-08-13,5789.0,0.61,3.47,14.06,428881.0,514614.0,0.83,2482792109.0,75.13,70.59,True,True,True,11.27,10.01,0.24469421,0.22723681,7.68,12.01,True,3.4,Actionable watch,Possible inverse H&S,"inverse-head-and-shoulders, base, reversal",5186.55,,,11.62,,,5186.55,A possible inverse head-and-shoulders base is visible. The setup improves only if price clears or holds near the neckline with better volume.,Strengthening,5.39
BOSCHLTD,Bosch Ltd.,BOSCHLTD.NS,Automobile and Auto Components,True,,NIFTY 500,^CRSLDX,2026-08-13,46750.0,0.58,11.31,13.54,48750.0,40445.0,1.21,2279062500.0,78.29,58.62,True,True,True,10.84,14.79,1.97606743,1.75681914,12.48,11.65,True,3.4,Actionable watch,Possible inverse H&S,"inverse-head-and-shoulders, base, reversal",38997.5,,,19.88,,,38997.5,A possible inverse head-and-shoulders base is visible. The setup improves only if price clears or holds near the neckline with better volume.,Strengthening,5.39
WELCORP,Welspun Corp Ltd.,WELCORP.NS,Capital Goods,True,,NIFTY 500,^CRSLDX,2026-08-13,1883.9,0.87,3.53,11.87,484970.0,736986.0,0.66,913634994.84,76.26,73.55,True,True,True,10.07,19.98,0.07963023,0.06767437,17.67,9.86,True,3.4,Actionable watch,Possible inverse H&S,"inverse-head-and-shoulders, base, reversal",837.45,,,124.96,,,837.45,A possible inverse head-and-shoulders base is visible. The setup improves only if price clears or holds near the neckline with better volume.,Strengthening,5.39
HONASA,Honasa Consumer Ltd.,HONASA.NS,Fast Moving Consumer Goods,True,,NIFTY 500,^CRSLDX,2026-08-13,479.45,2.58,2.96,1.85,2522831.0,872648.0,2.89,1209571353.75,65.0,61.46,True,True,True,4.13,7.53,0.02026579,0.01924709,5.29,0.15,True,0.0,No clear setup,,,,,,,,,,,Strengthening with volume,5.33
LTM,LTM Ltd.,LTM.NS,Information Technology,True,,NIFTY 500,^CRSLDX,2026-08-13,4765.0,0.06,5.23,17.36,253260.0,451058.0,0.56,1206783900.0,68.28,65.06,True,True,False,8.19,16.71,0.20141094,0.17644164,14.15,15.25,True,3.4,Actionable watch,Possible inverse H&S,"inverse-head-and-shoulders, base, reversal",4511.9,,,5.61,,,4511.9,A possible inverse head-and-shoulders base is visible. The setup improves only if price clears or holds near the neckline with better volume.,Strengthening,5.29
CASTROLIND,Castrol India Ltd.,CASTROLIND.NS,Oil Gas & Consumable Fuels,True,,NIFTY 500,^CRSLDX,2026-08-13,187.42,-0.51,-0.25,5.36,1361377.0,3130820.0,0.43,255149274.85,69.73,82.62,True,True,True,3.08,4.27,0.00792202,0.00776617,2.01,3.61,True,2.44,Actionable watch,Possible inverse H&S,"inverse-head-and-shoulders, base, reversal",188.35,,,0.49,,,188.35,A possible inverse head-and-shoulders base is visible. The setup improves only if price clears or holds near the neckline with better volume.,Strengthening,5.28
NYKAA,FSN E-Commerce Ventures Ltd.,NYKAA.NS,Consumer Services,True,,NIFTY 500,^CRSLDX,2026-08-13,331.15,0.94,-0.24,0.62,7272009.0,6791830.0,1.07,2408125735.97,56.89,58.74,True,True,True,0.57,6.75,0.01399732,0.01336488,4.73,-1.05,True,2.81,Watch,Bullish flag,"flag, continuation, uptrend",344.9,2026-08-03,1.16,,7.53,32.53,,Price has made a sharp impulse move and is now consolidating near the highs. A controlled pullback with quieter volume keeps the continuation setup alive.,Setup watch: Bullish flag,5.27
LT,Larsen & Toubro Ltd.,LT.NS,Construction,True,,NIFTY 500,^CRSLDX,2026-08-13,4070.7,1.26,0.22,7.82,2297132.0,1716175.0,1.34,9350935120.24,60.47,62.49,True,True,True,3.4,1.85,0.17206369,0.17235493,-0.17,5.88,False,2.2,Watch,Possible inverse H&S,"inverse-head-and-shoulders, base, reversal",4294.5,,,5.21,,,4294.5,A possible inverse head-and-shoulders base is visible. The setup improves only if price clears or holds near the neckline with better volume.,Setup watch: Possible inverse H&S,5.25
GRAVITA,Gravita India Ltd.,GRAVITA.NS,Metals & Mining,True,,NIFTY 500,^CRSLDX,2026-08-13,1819.7,0.25,5.85,-0.54,164786.0,253762.0,0.65,299861076.15,61.54,50.96,True,True,True,5.01,6.12,0.07691657,0.0739909,3.95,-2.32,True,3.4,Actionable watch,Possible inverse H&S,"inverse-head-and-shoulders, base, reversal",1736.85,,,4.77,,,1736.85,A possible inverse head-and-shoulders base is visible. The setup improves only if price clears or holds near the neckline with better volume.,Setup watch: Possible inverse H&S,5.23
HEXT,Hexaware Technologies Ltd.,HEXT.NS,Information Technology,True,,NIFTY 500,^CRSLDX,2026-08-13,574.55,1.34,3.34,2.28,300865.0,960477.0,0.31,172861982.08,55.59,50.44,True,True,False,1.48,6.41,0.02428555,0.02333548,4.07,0.44,True,5.1,Actionable watch,Breakout retest,"breakout, retest, pivot, volume, flag, continuation, uptrend",558.12,2026-07-28,8.52,1.23,,,,Prior resistance has been cleared on higher volume and price is back near that pivot. This is the kind of retest zone where follow-through can matter more than chasing a stretched candle. Secondary patterns: Bullish flag.,Strengthening,5.19
PGEL,PG Electroplast Ltd.,PGEL.NS,Consumer Durables,True,,NIFTY 500,^CRSLDX,2026-08-13,615.0,0.06,0.86,-0.96,1980930.0,2360517.0,0.84,1218271950.0,58.18,59.53,True,True,True,1.5,8.01,0.02599533,0.02451062,6.06,-2.74,True,3.4,Actionable watch,Possible inverse H&S,"inverse-head-and-shoulders, base, reversal, flag, continuation, uptrend",564.38,,,8.97,,,564.38,A possible inverse head-and-shoulders base is visible. The setup improves only if price clears or holds near the neckline with better volume. Secondary patterns: Bullish flag.,Setup watch: Possible inverse H&S,5.14
IPCALAB,Ipca Laboratories Ltd.,IPCALAB.NS,Healthcare,True,,NIFTY 500,^CRSLDX,2026-08-13,1796.3,1.68,3.94,-4.02,1834985.0,307094.0,5.98,3296183645.1,56.89,47.56,True,True,True,1.46,5.1,0.07592749,0.07378767,2.9,-5.62,True,2.74,Watch,Bullish flag,"flag, continuation, uptrend",1894.02,2026-07-17,1.07,,13.12,27.52,,Price has made a sharp impulse move and is now consolidating near the highs. A controlled pullback with quieter volume keeps the continuation setup alive.,Setup watch: Bullish flag,5.14
COROMANDEL,Coromandel International Ltd.,COROMANDEL.NS,Chemicals,True,,NIFTY 500,^CRSLDX,2026-08-13,2088.8,0.75,0.27,3.29,58663.0,122255.0,0.48,122535277.26,56.72,57.51,True,True,False,1.49,3.78,0.08829112,0.08666232,1.88,1.44,True,3.27,Watch,Bullish flag,"flag, continuation, uptrend, inverse-head-and-shoulders, base, reversal",2115.5,2026-08-04,0.36,,3.55,21.31,,Price has made a sharp impulse move and is now consolidating near the highs. A controlled pullback with quieter volume keeps the continuation setup alive. Secondary patterns: Possible inverse H&S.,Strengthening,5.13
OLECTRA,Olectra Greentech Ltd.,OLECTRA.NS,Automobile and Auto Components,True,,NIFTY 500,^CRSLDX,2026-08-13,1393.5,0.72,-0.42,0.92,452033.0,296399.0,1.53,629907985.5,55.01,57.24,True,True,True,2.91,0.57,0.0589016,0.05966963,-1.29,-0.9,False,3.4,Actionable watch,Possible inverse H&S,"inverse-head-and-shoulders, base, reversal",1336.35,,,4.28,,,1336.35,A possible inverse head-and-shoulders base is visible. The setup improves only if price clears or holds near the neckline with better volume.,Setup watch: Possible inverse H&S,5.11
ENGINERSIN,Engineers India Ltd.,ENGINERSIN.NS,Construction,True,,NIFTY 500,^CRSLDX,2026-08-13,240.58,0.58,-0.75,4.45,1969631.0,1796713.0,1.1,473853829.59,55.15,59.77,True,True,True,3.83,1.44,0.01016903,0.01023076,-0.6,2.71,False,3.4,Actionable watch,Possible inverse H&S,"inverse-head-and-shoulders, base, reversal",223.27,,,7.75,,,223.27,A possible inverse head-and-shoulders base is visible. The setup improves only if price clears or holds near the neckline with better volume.,Setup watch: Possible inverse H&S,5.03
HINDZINC,Hindustan Zinc Ltd.,HINDZINC.NS,Metals & Mining,True,,NIFTY 500,^CRSLDX,2026-08-13,578.35,-1.07,-1.97,10.81,3726360.0,4542884.0,0.82,2155140215.02,58.93,70.39,True,True,True,4.33,5.6,0.02444617,0.0237256,3.04,8.81,True,-2.0,Risk review,Head-and-shoulders risk,"head-and-shoulders, risk, distribution, breakout, retest, pivot, volume",574.25,,,0.71,,,574.25,"A possible head-and-shoulders top is forming or breaking. This is a caution signal, not an entry setup. Secondary patterns: Breakout retest.",Risk review,5.0
AEGISVOPAK,Aegis Vopak Terminals Ltd.,AEGISVOPAK.NS,Oil Gas & Consumable Fuels,True,,NIFTY 500,^CRSLDX,2026-08-13,271.5,-0.75,-5.96,0.83,400719.0,1700752.0,0.24,108795208.5,45.98,55.12,False,True,True,-5.66,4.12,0.01147599,0.01120401,2.43,-0.98,True,4.8,Actionable watch,High-tight flag,"flag, continuation, uptrend, high-tight, inverse-head-and-shoulders, base, reversal",303.49,2026-07-27,0.53,,13.22,64.83,,Price has made a sharp impulse move and is now consolidating near the highs. A controlled pullback with quieter volume keeps the continuation setup alive. Secondary patterns: Possible inverse H&S.,Setup watch: High-tight flag,5.0
RBLBANK,RBL Bank Ltd.,RBLBANK.NS,Financial Services,True,,NIFTY 500,^CRSLDX,2026-08-13,387.25,-0.65,-1.21,3.88,1120009.0,5716294.0,0.2,433723485.25,60.69,66.49,True,True,True,3.33,4.62,0.0163686,0.01597221,2.48,2.15,True,0.0,No clear setup,,,,,,,,,,,Strengthening,4.93
GRAPHITE,Graphite India Ltd.,GRAPHITE.NS,Capital Goods,True,,NIFTY 500,^CRSLDX,2026-08-13,734.85,1.18,1.77,18.85,684674.0,1937483.0,0.35,503132672.18,68.44,69.18,True,True,True,8.18,13.47,0.03106124,0.02809132,10.57,16.87,True,0.0,No clear setup,,,,,,,,,,,Strengthening,4.9
APLAPOLLO,APL Apollo Tubes Ltd.,APLAPOLLO.NS,Capital Goods,True,,NIFTY 500,^CRSLDX,2026-08-13,2064.3,3.36,6.13,15.16,825785.0,687058.0,1.2,1704668015.82,71.92,63.46,True,True,True,8.64,11.72,0.08725553,0.07978153,9.37,13.09,True,0.0,No clear setup,,,,,,,,,,,Strengthening,4.9
BLS,BLS International Services Ltd.,BLS.NS,Consumer Services,True,,NIFTY 500,^CRSLDX,2026-08-13,270.67,2.96,6.57,14.74,3299422.0,1666898.0,1.98,893054597.04,70.84,58.91,True,True,False,10.23,7.9,0.0114409,0.01085432,5.4,12.83,True,0.0,No clear setup,,,,,,,,,,,Strengthening with volume,4.9
PNB,Punjab National Bank,PNB.NS,Financial Services,True,,NIFTY 500,^CRSLDX,2026-08-13,117.59,-1.17,2.88,11.76,10017471.0,20184053.0,0.5,1177954378.2,68.17,67.45,True,True,True,4.37,8.12,0.00497039,0.00469053,5.97,9.75,True,0.0,No clear setup,,,,,,,,,,,Strengthening,4.9
INFY,Infosys Ltd.,INFY.NS,Information Technology,True,,NIFTY 500,^CRSLDX,2026-08-13,1175.0,-0.09,0.86,8.56,6146655.0,13565760.0,0.45,7222319625.0,60.31,60.69,True,True,False,3.94,6.64,0.04966587,0.04769706,4.13,6.6,True,0.0,No clear setup,,,,,,,,,,,Strengthening,4.9
BATAINDIA,Bata India Ltd.,BATAINDIA.NS,Consumer Durables,True,,NIFTY 500,^CRSLDX,2026-08-13,727.65,1.75,-0.06,8.52,845093.0,604167.0,1.4,614931942.08,61.09,65.56,True,True,False,3.9,5.43,0.03075691,0.02974448,3.4,6.57,True,0.0,No clear setup,,,,,,,,,,,Strengthening,4.9
HAVELLS,Havells India Ltd.,HAVELLS.NS,Consumer Durables,True,,NIFTY 500,^CRSLDX,2026-08-13,1270.0,0.4,-1.21,7.86,659655.0,1203197.0,0.55,837761850.0,60.46,68.63,True,True,False,1.92,5.49,0.0536814,0.05199144,3.25,6.07,True,0.0,No clear setup,,,,,,,,,,,Strengthening,4.9
GAIL,GAIL (India) Ltd.,GAIL.NS,Oil Gas & Consumable Fuels,True,,NIFTY 500,^CRSLDX,2026-08-13,175.9,-1.15,-0.28,2.44,8722856.0,12641592.0,0.69,1534350317.16,52.92,54.7,True,True,True,0.78,1.47,0.00743509,0.00748067,-0.61,0.6,False,5.1,Actionable watch,Breakout retest,"breakout, retest, pivot, volume, inverse-head-and-shoulders, base, reversal",174.38,2026-07-31,5.46,0.06,,,,Prior resistance has been cleared on higher volume and price is back near that pivot. This is the kind of retest zone where follow-through can matter more than chasing a stretched candle. Secondary patterns: Possible inverse H&S.,Setup watch: Breakout retest,4.82
ASIANPAINT,Asian Paints Ltd.,ASIANPAINT.NS,Consumer Durables,True,,NIFTY 500,^CRSLDX,2026-08-13,2755.5,0.57,0.02,3.2,579044.0,999739.0,0.58,1595555742.0,56.47,57.2,True,True,True,1.09,2.02,0.11647174,0.11672272,-0.22,1.48,False,3.4,Actionable watch,Possible inverse H&S,"inverse-head-and-shoulders, base, reversal",2553.5,,,7.91,,,2553.5,A possible inverse head-and-shoulders base is visible. The setup improves only if price clears or holds near the neckline with better volume.,Setup watch: Possible inverse H&S,4.79
SAGILITY,Sagility Ltd.,SAGILITY.NS,Information Technology,True,,NIFTY 500,^CRSLDX,2026-08-13,42.66,-1.5,-2.29,3.78,8812881.0,29390115.0,0.3,375957502.12,50.04,56.53,False,True,False,-0.67,3.13,0.00180319,0.00178529,1.0,1.91,True,4.42,Actionable watch,Breakout retest,"breakout, retest, pivot, volume",43.23,2026-07-29,1.85,1.32,,,,Prior resistance has been cleared on higher volume and price is back near that pivot. This is the kind of retest zone where follow-through can matter more than chasing a stretched candle.,Strengthening,4.78
SWIGGY,Swiggy Ltd.,SWIGGY.NS,Consumer Services,True,,NIFTY 500,^CRSLDX,2026-08-13,279.8,0.16,-3.07,2.51,6558087.0,23080714.0,0.28,1834952662.55,53.9,60.23,True,True,False,0.9,6.32,0.01182682,0.01136739,4.04,0.66,True,2.7,Watch,Bullish flag,"flag, continuation, uptrend, inverse-head-and-shoulders, base, reversal",295.91,2026-07-30,0.97,,8.35,23.94,,Price has made a sharp impulse move and is now consolidating near the highs. A controlled pullback with quieter volume keeps the continuation setup alive. Secondary patterns: Possible inverse H&S.,Strengthening,4.78
COCHINSHIP,Cochin Shipyard Ltd.,COCHINSHIP.NS,Capital Goods,True,,NIFTY 500,^CRSLDX,2026-08-13,1507.0,0.07,1.14,7.11,1161657.0,983409.0,1.18,1750617099.0,61.9,61.72,True,True,False,5.01,4.47,0.06369911,0.06229976,2.25,5.19,True,0.0,No clear setup,,,,,,,,,,,Strengthening,4.74
MARICO,Marico Ltd.,MARICO.NS,Fast Moving Consumer Goods,True,,NIFTY 500,^CRSLDX,2026-08-13,864.45,1.11,0.52,2.84,1409929.0,1836914.0,0.77,1218813141.26,55.18,53.48,True,True,True,0.53,3.03,0.03653928,0.03624115,0.82,1.12,True,0.0,No clear setup,,,,,,,,,,,Strengthening,4.72
JUBLINGREA,Jubilant Ingrevia Ltd.,JUBLINGREA.NS,Chemicals,True,,NIFTY 500,^CRSLDX,2026-08-13,736.3,2.81,-2.73,0.28,408724.0,589909.0,0.69,300943476.21,53.4,60.64,False,True,True,-0.59,7.12,0.03112253,0.02968926,4.83,-1.39,True,3.4,Actionable watch,Possible inverse H&S,"inverse-head-and-shoulders, base, reversal, flag, continuation, uptrend",715.35,,,2.93,,,715.35,A possible inverse head-and-shoulders base is visible. The setup improves only if price clears or holds near the neckline with better volume. Secondary patterns: Bullish flag.,Setup watch: Possible inverse H&S,4.71
CHOICEIN,Choice International Ltd.,CHOICEIN.NS,Financial Services,True,,NIFTY 500,^CRSLDX,2026-08-13,810.25,-0.52,-2.75,-0.91,358796.0,537312.0,0.67,290714459.0,52.57,66.9,False,True,True,-0.57,5.64,0.03424831,0.0330744,3.55,-2.56,True,4.7,Actionable watch,Breakout retest,"breakout, retest, pivot, volume, inverse-head-and-shoulders, base, reversal",813.47,2026-07-09,8.09,0.4,,,,Prior resistance has been cleared on higher volume and price is back near that pivot. This is the kind of retest zone where follow-through can matter more than chasing a stretched candle. Secondary patterns: Possible inverse H&S.,Setup watch: Breakout retest,4.69
LTTS,L&T Technology Services Ltd.,LTTS.NS,Information Technology,True,,NIFTY 500,^CRSLDX,2026-08-13,3604.7,0.72,1.39,2.75,51029.0,129714.0,0.39,183944233.81,59.22,59.19,True,True,False,2.79,6.86,0.15236642,0.14573355,4.55,1.04,True,2.2,Watch,Possible inverse H&S,"inverse-head-and-shoulders, base, reversal",3801.15,,,5.17,,,3801.15,A possible inverse head-and-shoulders base is visible. The setup improves only if price clears or holds near the neckline with better volume.,Strengthening,4.68
MEESHO,Meesho Ltd.,MEESHO.NS,Consumer Services,True,,NIFTY 500,^CRSLDX,2026-08-13,193.62,0.9,4.0,2.31,12977056.0,11445520.0,1.13,2512617519.36,58.06,49.83,True,True,,3.05,5.62,0.00818409,0.00790879,3.48,0.61,True,2.42,Actionable watch,Possible inverse H&S,"inverse-head-and-shoulders, base, reversal",194.69,,,0.55,,,194.69,A possible inverse head-and-shoulders base is visible. The setup improves only if price clears or holds near the neckline with better volume.,Strengthening,4.67
JMFINANCIL,JM Financial Ltd.,JMFINANCIL.NS,Financial Services,True,,NIFTY 500,^CRSLDX,2026-08-13,129.37,-0.23,-0.32,2.79,2822902.0,3590520.0,0.79,365198817.96,58.21,60.77,True,True,False,3.71,3.81,0.00546832,0.00537434,1.75,0.94,True,2.2,Watch,Possible inverse H&S,"inverse-head-and-shoulders, base, reversal",135.06,,,4.22,,,135.06,A possible inverse head-and-shoulders base is visible. The setup improves only if price clears or holds near the neckline with better volume.,Strengthening,4.66
FIVESTAR,Five-Star Business Finance Ltd.,FIVESTAR.NS,Financial Services,True,,NIFTY 500,^CRSLDX,2026-08-13,545.2,-1.66,-1.46,-0.95,822918.0,682360.0,1.21,448654903.65,52.14,57.26,False,True,True,-0.79,4.9,0.02304496,0.02236276,3.05,-2.74,True,4.6,Actionable watch,Breakout retest,"breakout, retest, pivot, volume, flag, continuation, uptrend, inverse-head-and-shoulders, base, reversal",527.27,2026-07-02,1.41,0.71,,,,"Prior resistance has been cleared on higher volume and price is back near that pivot. This is the kind of retest zone where follow-through can matter more than chasing a stretched candle. Secondary patterns: Bullish flag, Possible inverse H&S.",Setup watch: Breakout retest,4.65
CEATLTD,Ceat Ltd.,CEATLTD.NS,Automobile and Auto Components,True,,NIFTY 500,^CRSLDX,2026-08-13,3696.5,-0.71,-1.57,-1.45,50790.0,180130.0,0.28,187745235.0,57.28,63.98,True,True,True,4.42,5.26,0.1562467,0.15139778,3.2,-3.09,True,2.2,Watch,Possible inverse H&S,"inverse-head-and-shoulders, base, reversal",3839.15,,,3.72,,,3839.15,A possible inverse head-and-shoulders base is visible. The setup improves only if price clears or holds near the neckline with better volume.,Setup watch: Possible inverse H&S,4.65
GODREJIND,Godrej Industries Ltd.,GODREJIND.NS,Diversified,True,,NIFTY 500,^CRSLDX,2026-08-13,1255.6,1.65,-3.77,-8.97,480367.0,112596.0,4.27,603148793.47,45.19,53.23,False,True,True,-4.71,2.83,0.05307273,0.05262175,0.86,-10.49,True,3.51,Actionable watch,Bullish flag,"flag, continuation, uptrend, inverse-head-and-shoulders, base, reversal",1417.7,2026-07-10,0.83,,17.17,40.48,,Price has made a sharp impulse move and is now consolidating near the highs. A controlled pullback with quieter volume keeps the continuation setup alive. Secondary patterns: Possible inverse H&S.,Setup watch: Bullish flag,4.63
CDSL,Central Depository Services (India) Ltd.,CDSL.NS,Financial Services,True,,NIFTY 500,^CRSLDX,2026-08-13,1350.0,0.82,1.43,-3.42,833201.0,1148892.0,0.73,1124821350.0,53.28,48.33,True,True,True,0.47,2.03,0.05706291,0.05702171,0.07,-5.15,True,3.27,Watch,Bullish flag,"flag, continuation, uptrend, inverse-head-and-shoulders, base, reversal",1431.44,2026-07-13,0.56,,9.69,21.37,,Price has made a sharp impulse move and is now consolidating near the highs. A controlled pullback with quieter volume keeps the continuation setup alive. Secondary patterns: Possible inverse H&S.,Setup watch: Bullish flag,4.61
JSWSTEEL,JSW Steel Ltd.,JSWSTEEL.NS,Metals & Mining,True,,NIFTY 500,^CRSLDX,2026-08-13,1275.0,0.46,-2.52,4.42,1693181.0,1828415.0,0.93,2158805775.0,51.12,62.37,True,True,True,0.06,1.38,0.05389275,0.05437044,-0.88,2.54,False,2.2,Actionable watch,Possible inverse H&S,"inverse-head-and-shoulders, base, reversal",1295.75,,,1.6,,,1295.75,A possible inverse head-and-shoulders base is visible. The setup improves only if price clears or holds near the neckline with better volume.,Setup watch: Possible inverse H&S,4.58
FSL,Firstsource Solutions Ltd.,FSL.NS,Services,True,,NIFTY 500,^CRSLDX,2026-08-13,272.2,-0.84,-7.4,2.55,654800.0,6422596.0,0.1,178236567.99,47.2,56.05,False,True,False,-3.94,4.04,0.01150557,0.01130779,1.75,0.7,True,4.7,Actionable watch,Breakout retest,"breakout, retest, pivot, volume",275.62,2026-07-29,31.92,1.24,,,,Prior resistance has been cleared on higher volume and price is back near that pivot. This is the kind of retest zone where follow-through can matter more than chasing a stretched candle.,Strengthening,4.54
CIPLA,Cipla Ltd.,CIPLA.NS,Healthcare,True,,NIFTY 500,^CRSLDX,2026-08-13,1458.8,-0.29,-1.23,2.05,440679.0,1350365.0,0.33,642862546.72,54.1,60.98,True,True,True,0.73,1.99,0.06166176,0.06171005,-0.08,0.21,False,3.4,Actionable watch,Possible inverse H&S,"inverse-head-and-shoulders, base, reversal",1380.4,,,5.68,,,1380.4,A possible inverse head-and-shoulders base is visible. The setup improves only if price clears or holds near the neckline with better volume.,Setup watch: Possible inverse H&S,4.53
CARTRADE,Cartrade Tech Ltd.,CARTRADE.NS,Consumer Services,True,,NIFTY 500,^CRSLDX,2026-08-13,2757.0,1.56,-1.13,-1.82,156579.0,638596.0,0.25,431688303.0,51.06,53.14,False,True,True,-1.13,3.84,0.11653514,0.1139828,2.24,-3.46,True,4.8,Actionable watch,High-tight flag,"flag, continuation, uptrend, high-tight, inverse-head-and-shoulders, base, reversal",2978.5,2026-07-27,0.67,,11.26,73.01,,Price has made a sharp impulse move and is now consolidating near the highs. A controlled pullback with quieter volume keeps the continuation setup alive. Secondary patterns: Possible inverse H&S.,Setup watch: High-tight flag,4.51
GRANULES,Granules India Ltd.,GRANULES.NS,Healthcare,True,,NIFTY 500,^CRSLDX,2026-08-13,857.55,-0.84,2.25,-4.31,748727.0,932582.0,0.8,642070829.71,53.93,49.79,True,True,True,0.38,3.99,0.03624763,0.03564866,1.68,-5.91,True,3.4,Actionable watch,Possible inverse H&S,"inverse-head-and-shoulders, base, reversal, flag, continuation, uptrend",633.5,,,35.37,,,633.5,A possible inverse head-and-shoulders base is visible. The setup improves only if price clears or holds near the neckline with better volume. Secondary patterns: Bullish flag.,Setup watch: Possible inverse H&S,4.51
LGEINDIA,LG Electronics India Ltd.,LGEINDIA.NS,Consumer Durables,True,,NIFTY 500,^CRSLDX,2026-08-13,1578.3,-0.03,0.0,-0.19,404171.0,263538.0,1.53,637903109.03,55.42,56.46,True,True,True,1.86,1.47,0.06671288,0.06710971,-0.59,-1.98,False,2.25,Actionable watch,Possible inverse H&S,"inverse-head-and-shoulders, base, reversal",1595.0,,,1.05,,,1595.0,A possible inverse head-and-shoulders base is visible. The setup improves only if price clears or holds near the neckline with better volume.,Setup watch: Possible inverse H&S,4.49
ACMESOLAR,ACME Solar Holdings Ltd.,ACMESOLAR.NS,Power,True,,NIFTY 500,^CRSLDX,2026-08-13,374.5,0.51,-0.25,-4.5,679829.0,1909695.0,0.36,254595960.5,53.79,54.17,True,True,True,0.75,2.6,0.01582967,0.01574603,0.53,-6.09,True,3.4,Actionable watch,Possible inverse H&S,"inverse-head-and-shoulders, base, reversal, flag, continuation, uptrend",241.22,,,55.25,,,241.22,A possible inverse head-and-shoulders base is visible. The setup improves only if price clears or holds near the neckline with better volume. Secondary patterns: Bullish flag.,Setup watch: Possible inverse H&S,4.49
AJANTPHARM,Ajanta Pharmaceuticals Ltd.,AJANTPHARM.NS,Healthcare,True,,NIFTY 500,^CRSLDX,2026-08-13,3614.6,2.08,4.16,5.65,136792.0,110661.0,1.24,494448376.56,69.09,59.26,True,True,True,4.84,9.59,0.15278489,0.14214198,7.49,3.75,True,0.0,No clear setup,,,,,,,,,,,Strengthening,4.45
JSL,Jindal Stainless Ltd.,JSL.NS,Metals & Mining,True,,NIFTY 500,^CRSLDX,2026-08-13,735.4,-0.34,0.4,1.54,178766.0,432222.0,0.41,131464520.76,54.69,54.29,True,True,False,0.34,3.41,0.03108449,0.03071431,1.21,-0.15,True,2.2,Watch,Possible inverse H&S,"inverse-head-and-shoulders, base, reversal",772.17,,,4.76,,,772.17,A possible inverse head-and-shoulders base is visible. The setup improves only if price clears or holds near the neckline with better volume.,Setup watch: Possible inverse H&S,4.44
SBFC,SBFC Finance Ltd.,SBFC.NS,Financial Services,True,,NIFTY 500,^CRSLDX,2026-08-13,94.56,0.59,-0.77,1.49,834649.0,1322085.0,0.63,78924407.4,58.8,62.77,True,True,False,1.96,2.56,0.00399694,0.0039868,0.25,-0.2,True,2.2,Watch,Possible inverse H&S,"inverse-head-and-shoulders, base, reversal",99.61,,,5.07,,,99.61,A possible inverse head-and-shoulders base is visible. The setup improves only if price clears or holds near the neckline with better volume.,Setup watch: Possible inverse H&S,4.43
LLOYDSME,Lloyds Metals And Energy Ltd.,LLOYDSME.NS,Metals & Mining,True,,NIFTY 500,^CRSLDX,2026-08-13,1898.4,0.25,-7.8,2.98,846536.0,719893.0,1.18,1607063963.07,44.95,65.79,False,True,True,-4.46,2.34,0.08024313,0.08009258,0.19,1.13,True,3.4,Actionable watch,Possible inverse H&S,"inverse-head-and-shoulders, base, reversal, flag, continuation, uptrend",1361.5,,,39.43,,,1361.5,A possible inverse head-and-shoulders base is visible. The setup improves only if price clears or holds near the neckline with better volume. Secondary patterns: Bullish flag.,Strengthening,4.42
GLENMARK,Glenmark Pharmaceuticals Ltd.,GLENMARK.NS,Healthcare,True,,NIFTY 500,^CRSLDX,2026-08-13,2320.0,1.31,2.2,0.98,413038.0,516339.0,0.8,958248160.0,61.3,55.75,True,True,True,3.49,4.62,0.09806367,0.09585082,2.31,-0.7,True,0.0,No clear setup,,,,,,,,,,,Neutral / watch,4.36
TORNTPHARM,Torrent Pharmaceuticals Ltd.,TORNTPHARM.NS,Healthcare,True,,NIFTY 500,^CRSLDX,2026-08-13,4914.5,0.44,-0.84,-1.47,433487.0,607512.0,0.71,2130371861.5,51.06,53.54,False,True,True,-0.96,3.0,0.20773013,0.20579813,0.94,-3.24,True,3.4,Actionable watch,Possible inverse H&S,"inverse-head-and-shoulders, base, reversal, flag, continuation, uptrend",4519.0,,,8.75,,,4519.0,A possible inverse head-and-shoulders base is visible. The setup improves only if price clears or holds near the neckline with better volume. Secondary patterns: Bullish flag.,Setup watch: Possible inverse H&S,4.34
ABDL,Allied Blenders and Distillers Ltd.,ABDL.NS,Fast Moving Consumer Goods,True,,NIFTY 500,^CRSLDX,2026-08-13,627.7,2.21,3.75,-0.17,375486.0,332014.0,1.13,235692566.78,51.96,42.92,True,True,True,1.19,0.06,0.02653214,0.02703724,-1.87,-1.97,False,4.7,Actionable watch,Breakout retest,"breakout, retest, pivot, volume, inverse-head-and-shoulders, base, reversal",629.75,2026-06-12,5.98,0.33,,,,Prior resistance has been cleared on higher volume and price is back near that pivot. This is the kind of retest zone where follow-through can matter more than chasing a stretched candle. Secondary patterns: Possible inverse H&S.,Setup watch: Breakout retest,4.31
IDEA,Vodafone Idea Ltd.,IDEA.NS,Telecommunication,True,,NIFTY 500,^CRSLDX,2026-08-13,13.51,0.07,6.97,-2.74,546832458.0,346216168.0,1.58,7387706632.74,55.17,30.75,True,False,True,3.02,-2.46,0.00057105,0.00059927,-4.71,-4.48,False,3.4,Actionable watch,Possible inverse H&S,"inverse-head-and-shoulders, base, reversal",11.26,,,19.93,,,11.26,A possible inverse head-and-shoulders base is visible. The setup improves only if price clears or holds near the neckline with better volume.,Mean reversion bounce,4.29
HEROMOTOCO,Hero MotoCorp Ltd.,HEROMOTOCO.NS,Automobile and Auto Components,True,,NIFTY 500,^CRSLDX,2026-08-13,5850.0,-0.76,5.4,21.19,528636.0,840503.0,0.63,3092520600.0,75.51,71.04,True,True,True,9.04,15.86,0.24727261,0.21786256,13.5,19.01,True,0.0,No clear setup,,,,,,,,,,,Strengthening,4.2
OIL,Oil India Ltd.,OIL.NS,Oil Gas & Consumable Fuels,True,,NIFTY 500,^CRSLDX,2026-08-13,479.8,1.65,8.06,11.72,1971668.0,3737128.0,0.53,946006282.33,68.4,50.18,True,True,True,6.01,9.61,0.02028058,0.01897652,6.87,9.72,True,-2.0,Risk review,Head-and-shoulders risk,"head-and-shoulders, risk, distribution, inverse-head-and-shoulders, base, reversal",460.22,,,4.25,,,460.22,"A possible head-and-shoulders top is forming or breaking. This is a caution signal, not an entry setup. Secondary patterns: Possible inverse H&S.",Risk review,4.2
OFSS,Oracle Financial Services Software Ltd.,OFSS.NS,Information Technology,True,,NIFTY 500,^CRSLDX,2026-08-13,11420.0,-2.22,-2.68,-2.23,116572.0,436206.0,0.27,1331252240.0,51.79,62.35,False,True,True,-0.11,5.19,0.48270995,0.46761213,3.23,-3.99,True,3.4,Actionable watch,Possible inverse H&S,"inverse-head-and-shoulders, base, reversal",8993.75,,,26.98,,,8993.75,A possible inverse head-and-shoulders base is visible. The setup improves only if price clears or holds near the neckline with better volume.,Setup watch: Possible inverse H&S,4.19
ABREL,Aditya Birla Real Estate Ltd.,ABREL.NS,Realty,True,,NIFTY 500,^CRSLDX,2026-08-13,1393.8,1.34,0.22,-2.3,650003.0,132262.0,4.91,905974213.14,50.24,49.42,False,True,False,-1.02,2.72,0.05891429,0.05852195,0.67,-3.93,True,3.29,Watch,Bullish flag,"flag, continuation, uptrend, inverse-head-and-shoulders, base, reversal",1456.6,2026-07-16,0.55,,7.17,23.57,,Price has made a sharp impulse move and is now consolidating near the highs. A controlled pullback with quieter volume keeps the continuation setup alive. Secondary patterns: Possible inverse H&S.,Setup watch: Bullish flag,4.17
GODREJPROP,Godrej Properties Ltd.,GODREJPROP.NS,Realty,True,,NIFTY 500,^CRSLDX,2026-08-13,2028.0,0.65,-2.59,-2.51,310666.0,701236.0,0.44,630030648.0,48.37,54.55,False,True,True,-2.54,3.76,0.08572117,0.08417697,1.83,-4.26,True,3.42,Actionable watch,Bullish flag,"flag, continuation, uptrend",2156.0,2026-07-29,0.86,,8.67,33.9,,Price has made a sharp impulse move and is now consolidating near the highs. A controlled pullback with quieter volume keeps the continuation setup alive.,Setup watch: Bullish flag,4.14
SBICARD,SBI Cards and Payment Services Ltd.,SBICARD.NS,Financial Services,True,,NIFTY 500,^CRSLDX,2026-08-13,641.0,-2.38,-2.88,-0.56,3889193.0,1420460.0,2.74,2492972713.0,48.69,59.87,False,True,False,-1.39,2.7,0.02709431,0.02690677,0.7,-2.35,True,2.22,Actionable watch,Possible inverse H&S,"inverse-head-and-shoulders, base, reversal",648.35,,,1.13,,,648.35,A possible inverse head-and-shoulders base is visible. The setup improves only if price clears or holds near the neckline with better volume.,Setup watch: Possible inverse H&S,4.11
BLUEDART,Blue Dart Express Ltd.,BLUEDART.NS,Services,True,,NIFTY 500,^CRSLDX,2026-08-13,5101.0,0.16,-0.22,3.69,6245.0,48181.0,0.13,31855745.0,52.55,53.88,True,True,False,0.86,3.23,0.21561326,0.21324314,1.11,1.96,True,0.0,No clear setup,,,,,,,,,,,Strengthening,4.09
COHANCE,Cohance Lifesciences Ltd.,COHANCE.NS,Healthcare,True,,NIFTY 500,^CRSLDX,2026-08-13,444.2,-0.03,1.21,2.17,605110.0,1077760.0,0.56,268789869.39,52.96,52.93,True,True,False,1.75,1.52,0.01877581,0.01888065,-0.56,0.47,False,4.7,Actionable watch,Breakout retest,"breakout, retest, pivot, volume, inverse-head-and-shoulders, base, reversal",446.38,2026-06-23,37.71,0.49,,,,Prior resistance has been cleared on higher volume and price is back near that pivot. This is the kind of retest zone where follow-through can matter more than chasing a stretched candle. Secondary patterns: Possible inverse H&S.,Setup watch: Breakout retest,3.99
DIXON,Dixon Technologies (India) Ltd.,DIXON.NS,Consumer Durables,True,,NIFTY 500,^CRSLDX,2026-08-13,14035.0,1.7,-1.16,-3.25,433361.0,370928.0,1.17,6082221635.0,55.76,60.39,False,True,True,-0.3,7.16,0.59324292,0.5645643,5.08,-4.99,True,3.4,Actionable watch,Possible inverse H&S,"inverse-head-and-shoulders, base, reversal, flag, continuation, uptrend",12835.0,,,9.35,,,12835.0,A possible inverse head-and-shoulders base is visible. The setup improves only if price clears or holds near the neckline with better volume. Secondary patterns: Bullish flag.,Setup watch: Possible inverse H&S,3.99
PETRONET,Petronet LNG Ltd.,PETRONET.NS,Oil Gas & Consumable Fuels,True,,NIFTY 500,^CRSLDX,2026-08-13,279.3,-0.2,0.85,1.23,2379545.0,1674767.0,1.42,664606889.45,51.15,48.5,True,True,True,0.45,0.39,0.01180568,0.01199871,-1.61,-0.59,False,2.2,Watch,Possible inverse H&S,"inverse-head-and-shoulders, base, reversal",294.38,,,5.12,,,294.38,A possible inverse head-and-shoulders base is visible. The setup improves only if price clears or holds near the neckline with better volume.,Setup watch: Possible inverse H&S,3.95
NATCOPHARM,NATCO Pharma Ltd.,NATCOPHARM.NS,Healthcare,True,,NIFTY 500,^CRSLDX,2026-08-13,951.7,3.98,4.3,-1.5,1199695.0,348082.0,3.45,1141749746.14,57.3,41.37,True,True,True,2.64,3.65,0.04022724,0.0396515,1.45,-3.27,True,-2.0,Risk review,Head-and-shoulders risk,"head-and-shoulders, risk, distribution, inverse-head-and-shoulders, base, reversal",940.62,,,1.18,,,940.62,"A possible head-and-shoulders top is forming or breaking. This is a caution signal, not an entry setup. Secondary patterns: Possible inverse H&S.",Risk review,3.95
PRESTIGE,Prestige Estates Projects Ltd.,PRESTIGE.NS,Realty,True,,NIFTY 500,^CRSLDX,2026-08-13,1618.9,1.9,2.72,-3.86,468807.0,640251.0,0.73,758951663.75,51.32,45.71,False,True,True,-0.53,2.77,0.068429,0.06784389,0.86,-5.46,True,3.4,Actionable watch,Possible inverse H&S,"inverse-head-and-shoulders, base, reversal, flag, continuation, uptrend",1559.7,,,3.8,,,1559.7,A possible inverse head-and-shoulders base is visible. The setup improves only if price clears or holds near the neckline with better volume. Secondary patterns: Bullish flag.,Setup watch: Possible inverse H&S,3.9
AEGISLOG,Aegis Logistics Ltd.,AEGISLOG.NS,Oil Gas & Consumable Fuels,True,,NIFTY 500,^CRSLDX,2026-08-13,1247.0,-1.38,-10.93,-3.89,662671.0,1433291.0,0.46,826350737.0,46.11,62.4,False,True,True,-6.05,4.3,0.05270922,0.05118025,2.99,-5.62,True,3.4,Actionable watch,Possible inverse H&S,"inverse-head-and-shoulders, base, reversal",767.98,,,62.38,,,767.98,A possible inverse head-and-shoulders base is visible. The setup improves only if price clears or holds near the neckline with better volume.,Setup watch: Possible inverse H&S,3.87
BSOFT,Birlasoft Ltd.,BSOFT.NS,Information Technology,True,,NIFTY 500,^CRSLDX,2026-08-13,313.55,0.08,-1.48,8.21,665166.0,2007426.0,0.33,208562791.18,55.75,60.68,True,True,False,2.94,4.23,0.01325339,0.01301298,1.85,6.27,True,-3.0,Risk review,Head-and-shoulders risk,"head-and-shoulders, risk, distribution, flag, continuation, uptrend",374.82,,,16.35,,,374.82,"A possible head-and-shoulders top is forming or breaking. This is a caution signal, not an entry setup. Secondary patterns: Bullish flag.",Risk review,3.85
NAM-INDIA,Nippon Life India Asset Management Ltd.,NAM-INDIA.NS,Financial Services,True,,NIFTY 500,^CRSLDX,2026-08-13,1177.0,-0.45,-1.92,-1.61,444042.0,1004903.0,0.44,522637434.0,51.75,56.49,True,True,True,0.87,1.69,0.0497504,0.04993709,-0.37,-3.25,False,3.4,Actionable watch,Possible inverse H&S,"inverse-head-and-shoulders, base, reversal",1068.35,,,10.17,,,1068.35,A possible inverse head-and-shoulders base is visible. The setup improves only if price clears or holds near the neckline with better volume.,Setup watch: Possible inverse H&S,3.84
CANHLIFE,Canara HSBC Life Insurance Company Ltd.,CANHLIFE.NS,Financial Services,True,,NIFTY 500,^CRSLDX,2026-08-13,150.23,1.78,-0.21,-1.87,947280.0,2790603.0,0.34,142309870.35,54.61,56.37,True,True,True,0.52,4.12,0.00635004,0.00623437,1.86,-3.51,True,0.0,No clear setup,,,,,,,,,,,Neutral / watch,3.8
ANANDRATHI,Anand Rathi Wealth Ltd.,ANANDRATHI.NS,Financial Services,True,,NIFTY 500,^CRSLDX,2026-08-13,2198.8,0.45,6.15,5.62,222245.0,221144.0,1.0,488672316.85,75.05,59.51,True,True,True,5.6,10.82,0.09294069,0.08554967,8.64,3.86,True,0.0,No clear setup,,,,,,,,,,,Strengthening,3.77
KOTAKBANK,Kotak Mahindra Bank Ltd.,KOTAKBANK.NS,Financial Services,True,,NIFTY 500,^CRSLDX,2026-08-13,392.4,0.49,-0.41,3.88,5726342.0,12719532.0,0.45,2247016565.85,52.71,54.76,True,True,False,0.84,0.48,0.01658629,0.01685558,-1.6,2.15,False,2.2,Watch,Possible inverse H&S,"inverse-head-and-shoulders, base, reversal",416.03,,,5.68,,,416.03,A possible inverse head-and-shoulders base is visible. The setup improves only if price clears or holds near the neckline with better volume.,Setup watch: Possible inverse H&S,3.7
ULTRACEMCO,UltraTech Cement Ltd.,ULTRACEMCO.NS,Construction Materials,True,,NIFTY 500,^CRSLDX,2026-08-13,11706.0,-1.56,-3.06,1.13,309787.0,289784.0,1.07,3626366622.0,49.33,65.06,False,True,True,-0.94,2.65,0.49479883,0.49229845,0.51,-0.56,True,0.0,No clear setup,,,,,,,,,,,Neutral / watch,3.69
BHARTIHEXA,Bharti Hexacom Ltd.,BHARTIHEXA.NS,Telecommunication,True,,NIFTY 500,^CRSLDX,2026-08-13,1565.5,5.35,3.37,-2.77,758628.0,177192.0,4.28,1187632134.0,51.38,41.85,False,True,False,-1.0,2.8,0.06617184,0.06575179,0.64,-4.52,True,2.2,Watch,Possible inverse H&S,"inverse-head-and-shoulders, base, reversal",1643.05,,,4.72,,,1643.05,A possible inverse head-and-shoulders base is visible. The setup improves only if price clears or holds near the neckline with better volume.,Setup watch: Possible inverse H&S,3.67
USHAMART,Usha Martin Ltd.,USHAMART.NS,Capital Goods,True,,NIFTY 500,^CRSLDX,2026-08-13,497.35,-0.36,-2.82,0.79,384737.0,561042.0,0.69,191348949.3,47.96,58.27,False,True,True,-0.87,0.55,0.0210224,0.02139861,-1.76,-0.89,False,3.4,Actionable watch,Possible inverse H&S,"inverse-head-and-shoulders, base, reversal",462.32,,,7.58,,,462.32,A possible inverse head-and-shoulders base is visible. The setup improves only if price clears or holds near the neckline with better volume.,Setup watch: Possible inverse H&S,3.61
NEWGEN,Newgen Software Technologies Ltd.,NEWGEN.NS,Information Technology,True,,NIFTY 500,^CRSLDX,2026-08-13,542.4,1.35,0.0,-1.65,440944.0,2847765.0,0.15,239168036.37,53.14,55.25,False,True,False,-0.04,7.17,0.02292661,0.02189632,4.71,-3.29,True,3.34,Watch,Bullish flag,"flag, continuation, uptrend, inverse-head-and-shoulders, base, reversal",583.96,2026-07-13,0.29,,17.49,26.81,,Price has made a sharp impulse move and is now consolidating near the highs. A controlled pullback with quieter volume keeps the continuation setup alive. Secondary patterns: Possible inverse H&S.,Setup watch: Bullish flag,3.51
BHEL,Bharat Heavy Electricals Ltd.,BHEL.NS,Capital Goods,True,,NIFTY 500,^CRSLDX,2026-08-13,420.0,0.0,2.9,-3.23,14821390.0,10309304.0,1.44,6224983800.0,57.98,51.01,True,True,True,2.02,4.46,0.01775291,0.01734652,2.34,-4.97,True,0.0,No clear setup,,,,,,,,,,,Neutral / watch,3.51
JSWENERGY,JSW Energy Ltd.,JSWENERGY.NS,Power,True,,NIFTY 500,^CRSLDX,2026-08-13,558.6,-0.03,-0.52,1.58,1739842.0,1967048.0,0.88,971875698.72,49.43,52.37,True,False,True,0.11,-0.59,0.02361136,0.02429443,-2.81,-0.11,False,3.4,Actionable watch,Possible inverse H&S,"inverse-head-and-shoulders, base, reversal",515.17,,,8.43,,,515.17,A possible inverse head-and-shoulders base is visible. The setup improves only if price clears or holds near the neckline with better volume.,Setup watch: Possible inverse H&S,3.47
ICICIBANK,ICICI Bank Ltd.,ICICIBANK.NS,Financial Services,True,,NIFTY 500,^CRSLDX,2026-08-13,1406.8,-1.74,-3.48,0.03,11372019.0,12506154.0,0.91,15998156884.47,46.92,65.83,False,True,True,-1.86,1.64,0.05946378,0.05962014,-0.26,-1.77,False,3.25,Watch,Bullish flag,"flag, continuation, uptrend, inverse-head-and-shoulders, base, reversal",1460.0,2026-08-03,0.83,,3.81,20.03,,Price has made a sharp impulse move and is now consolidating near the highs. A controlled pullback with quieter volume keeps the continuation setup alive. Secondary patterns: Possible inverse H&S.,Setup watch: Bullish flag,3.38
ENRIN,Siemens Energy India Ltd.,ENRIN.NS,Capital Goods,True,,NIFTY 500,^CRSLDX,2026-08-13,3561.2,-0.03,9.5,1.82,401030.0,798939.0,0.5,1428148016.42,57.98,43.42,True,True,True,5.91,2.01,0.15052773,0.15093436,-0.27,0.13,False,0.0,No clear setup,,,,,,,,,,,Neutral / watch,3.33
TITAGARH,Titagarh Rail Systems Ltd.,TITAGARH.NS,Capital Goods,True,,NIFTY 500,^CRSLDX,2026-08-13,850.75,2.06,-1.27,-3.22,971087.0,362065.0,2.68,826152265.25,51.53,54.45,True,False,True,1.13,-1.04,0.0359602,0.03712672,-3.14,-4.84,False,3.4,Actionable watch,Possible inverse H&S,"inverse-head-and-shoulders, base, reversal",796.33,,,6.83,,,796.33,A possible inverse head-and-shoulders base is visible. The setup improves only if price clears or holds near the neckline with better volume.,Setup watch: Possible inverse H&S,3.32
AAVAS,Aavas Financiers Ltd.,AAVAS.NS,Financial Services,True,,NIFTY 500,^CRSLDX,2026-08-13,1431.8,1.1,4.03,-4.6,54640.0,85676.0,0.64,78233554.67,51.99,42.24,True,True,True,1.08,0.01,0.0605205,0.06170051,-1.91,-6.19,False,3.4,Actionable watch,Possible inverse H&S,"inverse-head-and-shoulders, base, reversal, flag, continuation, uptrend",1395.45,,,2.6,,,1395.45,A possible inverse head-and-shoulders base is visible. The setup improves only if price clears or holds near the neckline with better volume. Secondary patterns: Bullish flag.,Setup watch: Possible inverse H&S,3.29
CAMS,Computer Age Management Services Ltd.,CAMS.NS,Financial Services,True,,NIFTY 500,^CRSLDX,2026-08-13,773.0,-0.57,-3.0,3.24,1083604.0,1273864.0,0.85,837625892.0,45.92,55.62,False,False,True,-1.09,-0.67,0.0326738,0.03356293,-2.65,1.39,False,4.79,Actionable watch,Breakout retest,"breakout, retest, pivot, volume, inverse-head-and-shoulders, base, reversal",766.84,2026-06-17,1.79,0.24,,,,Prior resistance has been cleared on higher volume and price is back near that pivot. This is the kind of retest zone where follow-through can matter more than chasing a stretched candle. Secondary patterns: Possible inverse H&S.,Setup watch: Breakout retest,3.28
SAMMAANCAP,Sammaan Capital Ltd.,SAMMAANCAP.NS,Financial Services,True,,NIFTY 500,^CRSLDX,2026-08-13,161.83,0.65,-3.22,-0.9,10038866.0,6275215.0,1.6,1624589703.16,46.94,54.47,False,False,True,-0.33,-3.78,0.00684036,0.0072781,-6.01,-2.68,False,4.88,Actionable watch,Breakout retest,"breakout, retest, pivot, volume, inverse-head-and-shoulders, base, reversal",153.32,2026-05-22,1.96,3.87,,,,Prior resistance has been cleared on higher volume and price is back near that pivot. This is the kind of retest zone where follow-through can matter more than chasing a stretched candle. Secondary patterns: Possible inverse H&S.,Setup watch: Breakout retest,3.26
SUNPHARMA,Sun Pharmaceutical Industries Ltd.,SUNPHARMA.NS,Healthcare,True,,NIFTY 500,^CRSLDX,2026-08-13,1932.0,-0.62,-0.97,-0.93,1215997.0,2462368.0,0.49,2349306204.0,47.81,53.82,False,True,True,-1.29,1.77,0.08166336,0.08188029,-0.26,-2.71,False,3.4,Actionable watch,Possible inverse H&S,"inverse-head-and-shoulders, base, reversal",1802.0,,,7.21,,,1802.0,A possible inverse head-and-shoulders base is visible. The setup improves only if price clears or holds near the neckline with better volume.,Setup watch: Possible inverse H&S,3.25
PCBL,PCBL Chemical Ltd.,PCBL.NS,Chemicals,True,,NIFTY 500,^CRSLDX,2026-08-13,314.7,-0.55,-3.11,-1.97,490278.0,3526046.0,0.14,154290492.58,48.01,52.88,False,True,True,-2.31,1.12,0.013302,0.01341034,-0.81,-3.73,False,4.23,Actionable watch,Breakout retest,"breakout, retest, pivot, volume, flag, continuation, uptrend, inverse-head-and-shoulders, base, reversal",322.19,2026-07-21,1.47,2.33,,,,"Prior resistance has been cleared on higher volume and price is back near that pivot. This is the kind of retest zone where follow-through can matter more than chasing a stretched candle. Secondary patterns: Bullish flag, Possible inverse H&S.",Setup watch: Breakout retest,3.25
OLAELEC,Ola Electric Mobility Ltd.,OLAELEC.NS,Automobile and Auto Components,True,,NIFTY 500,^CRSLDX,2026-08-13,39.67,-0.48,-4.27,-0.58,29212188.0,50547644.0,0.58,1158847444.47,49.56,58.58,True,False,True,2.01,-4.01,0.0016768,0.00178744,-6.19,-2.36,False,4.83,Actionable watch,Breakout retest,"breakout, retest, pivot, volume, inverse-head-and-shoulders, base, reversal",37.81,2026-05-27,1.86,3.8,,,,Prior resistance has been cleared on higher volume and price is back near that pivot. This is the kind of retest zone where follow-through can matter more than chasing a stretched candle. Secondary patterns: Possible inverse H&S.,Setup watch: Breakout retest,3.23
CANBK,Canara Bank,CANBK.NS,Financial Services,True,,NIFTY 500,^CRSLDX,2026-08-13,131.8,-0.15,0.08,4.69,11696313.0,22663715.0,0.52,1541574089.09,59.0,61.19,True,True,False,3.17,2.6,0.00557103,0.0055477,0.42,2.8,True,-3.0,Risk review,Head-and-shoulders risk,"head-and-shoulders, risk, distribution",139.23,,,5.34,,,139.23,"A possible head-and-shoulders top is forming or breaking. This is a caution signal, not an entry setup.",Risk review,3.21
MRPL,Mangalore Refinery & Petrochemicals Ltd.,MRPL.NS,Oil Gas & Consumable Fuels,True,,NIFTY 500,^CRSLDX,2026-08-13,174.38,-0.57,3.93,0.61,4152999.0,14640534.0,0.28,724199985.9,56.13,52.84,True,True,True,2.34,7.75,0.00737084,0.00698884,5.47,-1.2,True,-3.0,Risk review,Head-and-shoulders risk,"head-and-shoulders, risk, distribution, breakout, retest, pivot, volume, inverse-head-and-shoulders, base, reversal",176.7,,,1.31,,,176.7,"A possible head-and-shoulders top is forming or breaking. This is a caution signal, not an entry setup. Secondary patterns: Breakout retest, Possible inverse H&S.",Risk review,3.21
INDHOTEL,Indian Hotels Co. Ltd.,INDHOTEL.NS,Consumer Services,True,,NIFTY 500,^CRSLDX,2026-08-13,721.75,-0.31,-1.94,-1.33,1681719.0,1979864.0,0.85,1213780688.25,45.22,52.82,False,True,True,-1.56,0.32,0.03050752,0.03100068,-1.59,-3.1,False,3.4,Actionable watch,Possible inverse H&S,"inverse-head-and-shoulders, base, reversal",691.35,,,4.4,,,691.35,A possible inverse head-and-shoulders base is visible. The setup improves only if price clears or holds near the neckline with better volume.,Setup watch: Possible inverse H&S,3.17
TRENT,Trent Ltd.,TRENT.NS,Consumer Services,True,,NIFTY 500,^CRSLDX,2026-08-13,2990.0,0.1,-3.77,4.26,781924.0,1098592.0,0.71,2337952760.0,49.11,61.62,True,False,False,0.6,-0.44,0.12638378,0.12942258,-2.35,2.53,False,3.26,Actionable watch,Possible inverse H&S,"inverse-head-and-shoulders, base, reversal",2932.33,,,1.97,,,2932.33,A possible inverse head-and-shoulders base is visible. The setup improves only if price clears or holds near the neckline with better volume.,Setup watch: Possible inverse H&S,3.15
CYIENT,Cyient Ltd.,CYIENT.NS,Information Technology,True,,NIFTY 500,^CRSLDX,2026-08-13,879.65,4.66,2.9,4.79,782103.0,537733.0,1.45,687976923.04,57.09,49.45,True,True,False,3.28,2.01,0.03718177,0.03729335,-0.3,3.04,False,0.0,No clear setup,,,,,,,,,,,Neutral / watch,3.11
MGL,Mahanagar Gas Ltd.,MGL.NS,Oil Gas & Consumable Fuels,True,,NIFTY 500,^CRSLDX,2026-08-13,1125.8,0.65,0.19,1.75,136111.0,297409.0,0.46,153233770.45,52.66,53.52,True,False,True,1.79,-0.03,0.04758624,0.04858882,-2.06,0.06,False,2.2,Watch,Possible inverse H&S,"inverse-head-and-shoulders, base, reversal",1191.0,,,5.47,,,1191.0,A possible inverse head-and-shoulders base is visible. The setup improves only if price clears or holds near the neckline with better volume.,Setup watch: Possible inverse H&S,3.08
TEJASNET,Tejas Networks Ltd.,TEJASNET.NS,Telecommunication,True,,NIFTY 500,^CRSLDX,2026-08-13,540.2,2.46,3.43,-1.31,1274138.0,1600769.0,0.8,688289363.15,52.87,46.1,True,False,True,3.69,-3.17,0.02283362,0.02408356,-5.19,-3.08,False,5.1,Actionable watch,Breakout retest,"breakout, retest, pivot, volume, inverse-head-and-shoulders, base, reversal",526.93,2026-06-03,3.19,0.75,,,,Prior resistance has been cleared on higher volume and price is back near that pivot. This is the kind of retest zone where follow-through can matter more than chasing a stretched candle. Secondary patterns: Possible inverse H&S.,Setup watch: Breakout retest,3.08
HCLTECH,HCL Technologies Ltd.,HCLTECH.NS,Information Technology,True,,NIFTY 500,^CRSLDX,2026-08-13,1370.0,0.34,2.62,16.56,778685.0,2993727.0,0.26,1066798450.0,70.53,65.93,True,True,False,4.09,14.15,0.05790829,0.05184009,11.71,14.46,True,-3.0,Risk review,Head-and-shoulders risk,"head-and-shoulders, risk, distribution, flag, continuation, uptrend",1438.9,,,4.79,,,1438.9,"A possible head-and-shoulders top is forming or breaking. This is a caution signal, not an entry setup. Secondary patterns: Bullish flag.",Risk review,3.05
MARUTI,Maruti Suzuki India Ltd.,MARUTI.NS,Automobile and Auto Components,True,,NIFTY 500,^CRSLDX,2026-08-13,13905.0,0.22,-0.25,3.4,219383.0,400957.0,0.55,3050520615.0,54.04,57.06,True,True,False,1.06,2.19,0.58774797,0.58731845,0.07,1.68,True,-3.0,Risk review,Head-and-shoulders risk,"head-and-shoulders, risk, distribution, breakout, retest, pivot, volume, inverse-head-and-shoulders, base, reversal",15139.5,,,8.15,,,15139.5,"A possible head-and-shoulders top is forming or breaking. This is a caution signal, not an entry setup. Secondary patterns: Breakout retest, Possible inverse H&S.",Risk review,2.99
KIMS,Krishna Institute of Medical Sciences Ltd.,KIMS.NS,Healthcare,True,,NIFTY 500,^CRSLDX,2026-08-13,807.55,0.45,-0.13,-0.05,267775.0,640492.0,0.42,216241697.98,52.05,53.78,True,True,True,0.72,0.83,0.03413419,0.03456083,-1.23,-1.71,False,0.0,No clear setup,,,,,,,,,,,Weakening,2.96
DEEPAKNTR,Deepak Nitrite Ltd.,DEEPAKNTR.NS,Chemicals,True,,NIFTY 500,^CRSLDX,2026-08-13,1701.8,-0.97,-2.78,0.74,179019.0,477937.0,0.37,304654542.94,50.6,61.76,False,True,True,-0.31,2.68,0.07193308,0.07168702,0.34,-0.94,True,-2.0,Risk review,Head-and-shoulders risk,"head-and-shoulders, risk, distribution, breakout, retest, pivot, volume, inverse-head-and-shoulders, base, reversal",1641.35,,,3.68,,,1641.35,"A possible head-and-shoulders top is forming or breaking. This is a caution signal, not an entry setup. Secondary patterns: Breakout retest, Possible inverse H&S.",Risk review,2.91
STARHEALTH,Star Health and Allied Insurance Company Ltd.,STARHEALTH.NS,Financial Services,True,,NIFTY 500,^CRSLDX,2026-08-13,584.6,0.23,1.91,-3.04,230272.0,517876.0,0.44,134617005.58,50.94,44.47,False,True,True,-0.21,1.64,0.02471035,0.02478015,-0.28,-4.78,False,3.4,Actionable watch,Possible inverse H&S,"inverse-head-and-shoulders, base, reversal",482.65,,,21.12,,,482.65,A possible inverse head-and-shoulders base is visible. The setup improves only if price clears or holds near the neckline with better volume.,Setup watch: Possible inverse H&S,2.83
WOCKPHARMA,Wockhardt Ltd.,WOCKPHARMA.NS,Healthcare,True,,NIFTY 500,^CRSLDX,2026-08-13,1912.9,3.55,-3.14,1.95,735315.0,697196.0,1.05,1406584081.45,49.29,57.84,False,False,True,-0.55,-0.47,0.08085603,0.08308537,-2.68,0.11,False,3.4,Actionable watch,Possible inverse H&S,"inverse-head-and-shoulders, base, reversal",1530.5,,,24.99,,,1530.5,A possible inverse head-and-shoulders base is visible. The setup improves only if price clears or holds near the neckline with better volume.,Setup watch: Possible inverse H&S,2.81
IKS,Inventurus Knowledge Solutions Ltd.,IKS.NS,Information Technology,True,,NIFTY 500,^CRSLDX,2026-08-13,1781.5,-0.23,1.04,-5.05,48415.0,152272.0,0.32,86251322.5,48.13,44.46,False,True,True,-1.8,0.39,0.07530191,0.07666758,-1.78,-6.63,False,5.1,Actionable watch,Breakout retest,"breakout, retest, pivot, volume, inverse-head-and-shoulders, base, reversal",1741.38,2026-07-01,11.6,2.12,,,,Prior resistance has been cleared on higher volume and price is back near that pivot. This is the kind of retest zone where follow-through can matter more than chasing a stretched candle. Secondary patterns: Possible inverse H&S.,Setup watch: Breakout retest,2.8
ELGIEQUIP,Elgi Equipments Ltd.,ELGIEQUIP.NS,Capital Goods,True,,NIFTY 500,^CRSLDX,2026-08-13,576.55,0.17,-2.16,1.44,143718.0,279263.0,0.51,82860611.15,46.92,52.9,False,False,True,-0.89,-2.25,0.02437009,0.02549683,-4.42,-0.25,False,3.4,Actionable watch,Possible inverse H&S,"inverse-head-and-shoulders, base, reversal",505.15,,,14.13,,,505.15,A possible inverse head-and-shoulders base is visible. The setup improves only if price clears or holds near the neckline with better volume.,Setup watch: Possible inverse H&S,2.74
EIDPARRY,E.I.D. Parry (India) Ltd.,EIDPARRY.NS,Fast Moving Consumer Goods,True,,NIFTY 500,^CRSLDX,2026-08-13,780.3,1.01,-3.65,0.21,276482.0,343431.0,0.81,215738901.22,51.79,62.6,True,True,False,0.23,3.85,0.03298236,0.03250293,1.48,-1.46,True,-2.0,Risk review,Head-and-shoulders risk,"head-and-shoulders, risk, distribution, breakout, retest, pivot, volume",754.38,,,3.44,,,754.38,"A possible head-and-shoulders top is forming or breaking. This is a caution signal, not an entry setup. Secondary patterns: Breakout retest.",Risk review,2.71
POLYCAB,Polycab India Ltd.,POLYCAB.NS,Capital Goods,True,,NIFTY 500,^CRSLDX,2026-08-13,9297.0,0.09,-0.19,-0.29,210420.0,329333.0,0.64,1956274740.0,52.98,53.83,True,False,True,2.28,-0.97,0.39297324,0.40586977,-3.18,-1.96,False,2.2,Actionable watch,Possible inverse H&S,"inverse-head-and-shoulders, base, reversal",9424.0,,,1.35,,,9424.0,A possible inverse head-and-shoulders base is visible. The setup improves only if price clears or holds near the neckline with better volume.,Setup watch: Possible inverse H&S,2.68
DMART,Avenue Supermarts Ltd.,DMART.NS,Consumer Services,True,,NIFTY 500,^CRSLDX,2026-08-13,4070.0,0.74,3.53,3.58,397087.0,539179.0,0.74,1616144090.0,54.27,43.0,True,False,True,2.34,-0.37,0.17203411,0.17649735,-2.53,1.85,False,0.0,No clear setup,,,,,,,,,,,Neutral / watch,2.67
AADHARHFC,Aadhar Housing Finance Ltd.,AADHARHFC.NS,Financial Services,True,,NIFTY 500,^CRSLDX,2026-08-13,503.2,0.24,-2.27,-2.05,946444.0,318989.0,2.97,476250632.35,48.44,54.0,False,False,True,-0.15,-0.34,0.02126967,0.02176536,-2.28,-3.69,False,2.76,Actionable watch,Possible inverse H&S,"inverse-head-and-shoulders, base, reversal",500.85,,,0.47,,,500.85,A possible inverse head-and-shoulders base is visible. The setup improves only if price clears or holds near the neckline with better volume.,Setup watch: Possible inverse H&S,2.63
CGCL,Capri Global Capital Ltd.,CGCL.NS,Financial Services,True,,NIFTY 500,^CRSLDX,2026-08-13,231.12,1.04,-4.13,-10.73,2420093.0,3716562.0,0.65,559331882.34,47.88,55.06,False,True,True,-2.23,0.44,0.00976917,0.00991725,-1.49,-12.33,False,3.4,Actionable watch,Possible inverse H&S,"inverse-head-and-shoulders, base, reversal, flag, continuation, uptrend",198.38,,,16.5,,,198.38,A possible inverse head-and-shoulders base is visible. The setup improves only if price clears or holds near the neckline with better volume. Secondary patterns: Bullish flag.,Setup watch: Possible inverse H&S,2.59
JINDALSTEL,Jindal Steel Ltd.,JINDALSTEL.NS,Metals & Mining,True,,NIFTY 500,^CRSLDX,2026-08-13,1099.9,-1.09,-0.1,5.54,288697.0,961291.0,0.3,317537837.35,53.5,56.76,True,True,False,2.15,1.3,0.04649148,0.0470826,-1.26,3.78,False,-2.0,Risk review,Head-and-shoulders risk,"head-and-shoulders, risk, distribution",1051.95,,,4.56,,,1051.95,"A possible head-and-shoulders top is forming or breaking. This is a caution signal, not an entry setup.",Risk review,2.56
HOMEFIRST,Home First Finance Company India Ltd.,HOMEFIRST.NS,Financial Services,True,,NIFTY 500,^CRSLDX,2026-08-13,1175.3,-0.5,-1.33,-5.76,113555.0,161892.0,0.7,133461197.04,46.58,50.2,False,True,True,-1.95,0.26,0.04967855,0.05052927,-1.68,-7.33,False,3.3,Watch,Bullish flag,"flag, continuation, uptrend",1280.1,2026-07-21,0.68,,11.31,24.32,,Price has made a sharp impulse move and is now consolidating near the highs. A controlled pullback with quieter volume keeps the continuation setup alive.,Setup watch: Bullish flag,2.55
MOTILALOFS,Motilal Oswal Financial Services Ltd.,MOTILALOFS.NS,Financial Services,True,,NIFTY 500,^CRSLDX,2026-08-13,897.5,-0.39,2.69,-6.01,667150.0,1422732.0,0.47,598767125.0,50.06,42.52,True,False,True,0.55,-1.98,0.03793627,0.03946131,-3.86,-7.7,False,5.1,Actionable watch,Breakout retest,"breakout, retest, pivot, volume, inverse-head-and-shoulders, base, reversal",896.12,2026-06-15,2.61,0.15,,,,Prior resistance has been cleared on higher volume and price is back near that pivot. This is the kind of retest zone where follow-through can matter more than chasing a stretched candle. Secondary patterns: Possible inverse H&S.,Setup watch: Breakout retest,2.5
TMPV,Tata Motors Passenger Vehicles Ltd.,TMPV.NS,Automobile and Auto Components,True,,NIFTY 500,^CRSLDX,2026-08-13,349.6,1.92,1.23,5.36,9520432.0,7792711.0,1.22,3328343085.31,56.78,53.86,True,True,False,3.36,0.07,0.01477718,0.01513469,-2.36,3.47,False,-2.0,Risk review,Head-and-shoulders risk,"head-and-shoulders, risk, distribution",334.68,,,4.46,,,334.68,"A possible head-and-shoulders top is forming or breaking. This is a caution signal, not an entry setup.",Risk review,2.49
TEGA,Tega Industries Ltd.,TEGA.NS,Capital Goods,True,,NIFTY 500,^CRSLDX,2026-08-13,1669.5,2.54,5.44,2.6,1142123.0,163215.0,7.0,1906774348.5,58.14,46.54,True,False,False,5.22,-0.14,0.0705678,0.07239034,-2.52,0.89,False,0.0,No clear setup,,,,,,,,,,,Neutral / watch,2.48
GMDCLTD,Gujarat Mineral Development Corporation Ltd.,GMDCLTD.NS,Metals & Mining,True,,NIFTY 500,^CRSLDX,2026-08-13,593.25,-1.65,-0.59,1.13,911299.0,1353982.0,0.67,540628131.75,53.2,56.75,True,True,True,3.01,0.31,0.02507598,0.02562796,-2.15,-0.69,False,-2.0,Risk review,Head-and-shoulders risk,"head-and-shoulders, risk, distribution",569.0,,,4.26,,,569.0,"A possible head-and-shoulders top is forming or breaking. This is a caution signal, not an entry setup.",Risk review,2.46
CUB,City Union Bank Ltd.,CUB.NS,Financial Services,True,,NIFTY 500,^CRSLDX,2026-08-13,210.52,-2.47,1.02,-3.8,1973613.0,3977357.0,0.5,415485017.19,47.62,46.19,False,True,True,-2.53,0.39,0.00889843,0.00903903,-1.56,-5.53,False,2.77,Watch,Bullish flag,"flag, continuation, uptrend, inverse-head-and-shoulders, base, reversal",235.93,2026-07-28,1.5,,17.53,29.68,,Price has made a sharp impulse move and is now consolidating near the highs. A controlled pullback with quieter volume keeps the continuation setup alive. Secondary patterns: Possible inverse H&S.,Setup watch: Bullish flag,2.46
RELIANCE,Reliance Industries Ltd.,RELIANCE.NS,Oil Gas & Consumable Fuels,True,,NIFTY 500,^CRSLDX,2026-08-13,1317.0,-0.9,-0.6,1.57,9333370.0,11700878.0,0.8,12292048290.0,52.92,56.61,True,True,False,1.06,1.18,0.05566804,0.0561858,-0.92,-0.25,False,0.0,No clear setup,,,,,,,,,,,Weakening,2.45
BANKINDIA,Bank of India,BANKINDIA.NS,Financial Services,True,,NIFTY 500,^CRSLDX,2026-08-13,144.87,-0.43,1.55,1.07,2626854.0,8393015.0,0.31,380552326.15,55.36,52.72,True,True,True,2.13,1.37,0.00612348,0.00616803,-0.72,-0.74,False,-2.0,Risk review,Head-and-shoulders risk,"head-and-shoulders, risk, distribution",138.71,,,4.44,,,138.71,"A possible head-and-shoulders top is forming or breaking. This is a caution signal, not an entry setup.",Risk review,2.45
DALBHARAT,Dalmia Bharat Ltd.,DALBHARAT.NS,Construction Materials,True,,NIFTY 500,^CRSLDX,2026-08-13,1834.6,-0.37,0.66,0.54,53276.0,224497.0,0.24,97740148.3,54.66,53.54,True,True,False,0.07,4.03,0.07754638,0.07618452,1.79,-1.13,True,-3.0,Risk review,Head-and-shoulders risk,"head-and-shoulders, risk, distribution",1904.3,,,3.66,,,1904.3,"A possible head-and-shoulders top is forming or breaking. This is a caution signal, not an entry setup.",Risk review,2.42
TATAINVEST,Tata Investment Corporation Ltd.,TATAINVEST.NS,Financial Services,True,,NIFTY 500,^CRSLDX,2026-08-13,674.4,-0.92,1.09,1.29,167561.0,419570.0,0.4,113003142.49,51.03,50.04,True,True,False,1.09,0.75,0.02850609,0.02888939,-1.33,-0.53,False,0.0,No clear setup,,,,,,,,,,,Weakening,2.39
AWL,AWL Agri Business Ltd.,AWL.NS,Fast Moving Consumer Goods,True,,NIFTY 500,^CRSLDX,2026-08-13,192.11,-1.1,-2.67,1.2,1196918.0,2730705.0,0.44,229939917.71,51.97,64.01,True,True,False,0.51,1.83,0.00812026,0.00815137,-0.38,-0.62,False,0.0,No clear setup,,,,,,,,,,,Weakening,2.38
CGPOWER,CG Power and Industrial Solutions Ltd.,CGPOWER.NS,Capital Goods,True,,NIFTY 500,^CRSLDX,2026-08-13,886.55,-0.16,1.2,-3.84,1373634.0,3805008.0,0.36,1217795205.93,50.28,47.75,True,False,True,1.15,-2.49,0.03747342,0.03927044,-4.58,-5.57,False,3.4,Actionable watch,Possible inverse H&S,"inverse-head-and-shoulders, base, reversal",712.45,,,24.44,,,712.45,A possible inverse head-and-shoulders base is visible. The setup improves only if price clears or holds near the neckline with better volume.,Setup watch: Possible inverse H&S,2.38
MAHABANK,Bank of Maharashtra,MAHABANK.NS,Financial Services,True,,NIFTY 500,^CRSLDX,2026-08-13,81.65,-0.27,4.45,1.94,10275640.0,11168710.0,0.92,839006021.68,52.77,40.21,True,False,True,2.31,-2.27,0.00345125,0.00360314,-4.22,0.24,False,0.0,No clear setup,,,,,,,,,,,Neutral / watch,2.35
GRSE,Garden Reach Shipbuilders & Engineers Ltd.,GRSE.NS,Capital Goods,True,,NIFTY 500,^CRSLDX,2026-08-13,2632.3,2.17,1.27,1.6,974895.0,457561.0,2.13,2566216156.1,52.79,48.21,True,False,True,1.69,-0.8,0.11126422,0.11456047,-2.88,-0.23,False,-2.0,Risk review,Head-and-shoulders risk,"head-and-shoulders, risk, distribution, breakout, retest, pivot, volume",2532.75,,,3.93,,,2532.75,"A possible head-and-shoulders top is forming or breaking. This is a caution signal, not an entry setup. Secondary patterns: Breakout retest.",Risk review,2.35
UBL,United Breweries Ltd.,UBL.NS,Fast Moving Consumer Goods,True,,NIFTY 500,^CRSLDX,2026-08-13,1389.7,0.1,-1.11,3.12,43500.0,153933.0,0.28,60451947.88,51.57,57.4,False,True,False,-0.46,2.47,0.05874098,0.05861643,0.21,1.4,True,-3.0,Risk review,Head-and-shoulders risk,"head-and-shoulders, risk, distribution, breakout, retest, pivot, volume",1469.05,,,5.4,,,1469.05,"A possible head-and-shoulders top is forming or breaking. This is a caution signal, not an entry setup. Secondary patterns: Breakout retest.",Risk review,2.23
IGIL,International Gemological Institute Ltd.,IGIL.NS,Services,True,,NIFTY 500,^CRSLDX,2026-08-13,345.1,0.54,-4.23,-2.29,193632.0,703619.0,0.28,66822404.38,46.08,56.46,False,False,True,-0.9,-2.31,0.01458697,0.01527201,-4.49,-3.92,False,5.02,Actionable watch,Breakout retest,"breakout, retest, pivot, volume, inverse-head-and-shoulders, base, reversal",343.47,2026-08-03,2.23,0.24,,,,Prior resistance has been cleared on higher volume and price is back near that pivot. This is the kind of retest zone where follow-through can matter more than chasing a stretched candle. Secondary patterns: Possible inverse H&S.,Setup watch: Breakout retest,2.22
VEDL,Vedanta Ltd.,VEDL.NS,Metals & Mining,True,,NIFTY 500,^CRSLDX,2026-08-13,271.1,-1.7,-1.42,5.12,8895936.0,12061525.0,0.74,2411688303.9,46.44,50.64,True,False,False,1.08,-2.92,0.01145908,0.01211577,-5.42,3.23,False,0.0,No clear setup,,,,,,,,,,,Neutral / watch,2.15
GODFRYPHLP,Godfrey Phillips India Ltd.,GODFRYPHLP.NS,Fast Moving Consumer Goods,True,,NIFTY 500,^CRSLDX,2026-08-13,2160.0,-1.77,-4.3,3.3,130708.0,650926.0,0.2,282329280.0,49.19,59.39,True,True,False,0.39,0.15,0.09130066,0.09313181,-1.97,1.44,False,-2.0,Risk review,Head-and-shoulders risk,"head-and-shoulders, risk, distribution",2156.55,,,0.16,,,2156.55,"A possible head-and-shoulders top is forming or breaking. This is a caution signal, not an entry setup.",Risk review,2.09
ICICIPRULI,ICICI Prudential Life Insurance Company Ltd.,ICICIPRULI.NS,Financial Services,True,,NIFTY 500,^CRSLDX,2026-08-13,507.0,0.12,0.0,-0.36,968444.0,1683156.0,0.58,491001108.0,51.17,50.42,True,True,False,0.1,1.78,0.02143029,0.02149158,-0.29,-2.16,False,0.0,No clear setup,,,,,,,,,,,Weakening,2.07
LICI,Life Insurance Corporation of India,LICI.NS,Financial Services,True,,NIFTY 500,^CRSLDX,2026-08-13,412.15,-1.16,6.35,-5.97,18980101.0,16063074.0,1.18,7822648511.3,48.46,28.23,False,False,True,-0.77,-1.5,0.01742109,0.01803694,-3.41,-7.66,False,2.2,Watch,Possible inverse H&S,"inverse-head-and-shoulders, base, reversal",438.21,,,5.95,,,438.21,A possible inverse head-and-shoulders base is visible. The setup improves only if price clears or holds near the neckline with better volume.,Mean reversion bounce,2.07
MSUMI,Motherson Sumi Wiring India Ltd.,MSUMI.NS,Automobile and Auto Components,True,,NIFTY 500,^CRSLDX,2026-08-13,40.44,-1.46,-1.39,2.04,8970694.0,9673552.0,0.93,362774853.04,49.91,55.4,False,True,False,-0.58,2.48,0.00170935,0.00170213,0.42,0.34,True,-3.0,Risk review,Head-and-shoulders risk,"head-and-shoulders, risk, distribution",42.35,,,4.52,,,42.35,"A possible head-and-shoulders top is forming or breaking. This is a caution signal, not an entry setup.",Risk review,2.02
CHOLAHLDNG,Cholamandalam Financial Holdings Ltd.,CHOLAHLDNG.NS,Financial Services,True,,NIFTY 500,^CRSLDX,2026-08-13,1584.7,2.19,-3.77,-0.8,85611.0,189825.0,0.45,135667747.52,50.43,61.4,True,True,False,1.54,0.46,0.0669834,0.06797613,-1.46,-2.46,False,0.0,No clear setup,,,,,,,,,,,Weakening,2.01
KPITTECH,KPIT Technologies Ltd.,KPITTECH.NS,Information Technology,True,,NIFTY 500,^CRSLDX,2026-08-13,620.5,1.85,0.44,13.49,1037204.0,5171109.0,0.2,643585082.0,53.68,53.63,True,False,False,4.3,-2.45,0.0262278,0.02753162,-4.74,11.45,False,-2.0,Risk review,Head-and-shoulders risk,"head-and-shoulders, risk, distribution",616.58,,,0.64,,,616.58,"A possible head-and-shoulders top is forming or breaking. This is a caution signal, not an entry setup.",Risk review,2.0
SCHAEFFLER,Schaeffler India Ltd.,SCHAEFFLER.NS,Automobile and Auto Components,True,,NIFTY 500,^CRSLDX,2026-08-13,4111.2,-0.35,1.86,-0.2,45118.0,69918.0,0.65,185489130.41,50.19,42.98,False,False,True,-0.07,-0.17,0.17377559,0.17789427,-2.32,-1.86,False,2.2,Watch,Possible inverse H&S,"inverse-head-and-shoulders, base, reversal",4197.3,,,2.05,,,4197.3,A possible inverse head-and-shoulders base is visible. The setup improves only if price clears or holds near the neckline with better volume.,Setup watch: Possible inverse H&S,2.0
NUVOCO,Nuvoco Vistas Corporation Ltd.,NUVOCO.NS,Construction Materials,True,,NIFTY 500,^CRSLDX,2026-08-13,337.0,0.93,-4.49,-5.85,200570.0,766490.0,0.26,67592090.0,47.67,56.98,False,True,True,-3.23,2.28,0.01424459,0.0142367,0.06,-7.55,True,-2.0,Risk review,Head-and-shoulders risk,"head-and-shoulders, risk, distribution, flag, continuation, uptrend, inverse-head-and-shoulders, base, reversal",321.2,,,4.92,,,321.2,"A possible head-and-shoulders top is forming or breaking. This is a caution signal, not an entry setup. Secondary patterns: Bullish flag, Possible inverse H&S.",Risk review,1.9
SAIL,Steel Authority of India Ltd.,SAIL.NS,Metals & Mining,True,,NIFTY 500,^CRSLDX,2026-08-13,168.68,-3.06,-4.56,3.09,9611426.0,16395981.0,0.59,1621255267.28,46.93,61.17,True,False,True,0.19,-1.75,0.0071299,0.00744094,-4.18,1.23,False,-2.0,Risk review,Head-and-shoulders risk,"head-and-shoulders, risk, distribution, breakout, retest, pivot, volume, inverse-head-and-shoulders, base, reversal",166.58,,,1.26,,,166.58,"A possible head-and-shoulders top is forming or breaking. This is a caution signal, not an entry setup. Secondary patterns: Breakout retest, Possible inverse H&S.",Risk review,1.85
WELSPUNLIV,Welspun Living Ltd.,WELSPUNLIV.NS,Textiles,True,,NIFTY 500,^CRSLDX,2026-08-13,159.83,-3.27,0.36,-3.02,2031959.0,1505897.0,1.35,324768010.69,48.14,47.71,False,False,True,-1.23,-0.05,0.00675583,0.00688153,-1.83,-4.76,False,3.4,Actionable watch,Possible inverse H&S,"inverse-head-and-shoulders, base, reversal",147.82,,,8.13,,,147.82,A possible inverse head-and-shoulders base is visible. The setup improves only if price clears or holds near the neckline with better volume.,Setup watch: Possible inverse H&S,1.84
ASAHIINDIA,Asahi India Glass Ltd.,ASAHIINDIA.NS,Automobile and Auto Components,True,,NIFTY 500,^CRSLDX,2026-08-13,901.0,1.07,-1.42,-1.8,51434.0,156758.0,0.33,46342034.0,52.88,57.25,True,True,False,1.02,1.79,0.03808421,0.03826254,-0.47,-3.43,False,0.0,No clear setup,,,,,,,,,,,Weakening,1.81
ADANIENSOL,Adani Energy Solutions Ltd.,ADANIENSOL.NS,Power,True,,NIFTY 500,^CRSLDX,2026-08-13,1583.0,-1.0,-2.28,-6.3,3318181.0,2020097.0,1.64,5252680523.0,39.13,46.31,False,False,True,-4.78,-1.12,0.06691155,0.06912694,-3.2,-7.99,False,4.87,Actionable watch,Breakout retest,"breakout, retest, pivot, volume, inverse-head-and-shoulders, base, reversal",1581.43,2026-07-06,1.94,0.1,,,,Prior resistance has been cleared on higher volume and price is back near that pivot. This is the kind of retest zone where follow-through can matter more than chasing a stretched candle. Secondary patterns: Possible inverse H&S.,Setup watch: Breakout retest,1.8
MMTC,MMTC Ltd.,MMTC.NS,Services,True,,NIFTY 500,^CRSLDX,2026-08-13,63.89,-0.84,-0.25,-1.02,718585.0,1299478.0,0.55,45910395.21,48.98,50.19,True,False,True,1.38,-3.47,0.00270056,0.00285854,-5.53,-2.67,False,0.0,No clear setup,,,,,,,,,,,Weakening,1.77
CHALET,Chalet Hotels Ltd.,CHALET.NS,Consumer Services,True,,NIFTY 500,^CRSLDX,2026-08-13,823.75,0.19,-4.56,-4.27,36097.0,104909.0,0.34,29734903.75,47.9,59.94,False,True,False,-1.54,1.08,0.03481894,0.03516432,-0.98,-5.86,False,3.25,Watch,Bullish flag,"flag, continuation, uptrend, inverse-head-and-shoulders, base, reversal",871.95,2026-07-16,0.57,,11.07,20.23,,Price has made a sharp impulse move and is now consolidating near the highs. A controlled pullback with quieter volume keeps the continuation setup alive. Secondary patterns: Possible inverse H&S.,Setup watch: Bullish flag,1.77
NAVA,Nava Ltd.,NAVA.NS,Power,True,,NIFTY 500,^CRSLDX,2026-08-13,581.15,-1.37,-1.28,-1.11,276702.0,268587.0,1.03,160805374.06,51.05,54.36,True,False,True,1.96,-0.86,0.02456453,0.02533692,-3.05,-2.76,False,0.0,No clear setup,,,,,,,,,,,Weakening,1.75
ITCHOTELS,ITC Hotels Ltd.,ITCHOTELS.NS,Consumer Services,True,,NIFTY 500,^CRSLDX,2026-08-13,166.99,-0.79,-2.39,-4.09,1590076.0,2687685.0,0.59,265526799.97,48.08,53.89,True,False,False,0.77,-1.09,0.00705847,0.00727143,-2.93,-5.82,False,4.7,Actionable watch,Breakout retest,"breakout, retest, pivot, volume, inverse-head-and-shoulders, base, reversal",168.88,2026-06-19,7.83,1.12,,,,Prior resistance has been cleared on higher volume and price is back near that pivot. This is the kind of retest zone where follow-through can matter more than chasing a stretched candle. Secondary patterns: Possible inverse H&S.,Setup watch: Breakout retest,1.74
SUPREMEIND,Supreme Industries Ltd.,SUPREMEIND.NS,Capital Goods,True,,NIFTY 500,^CRSLDX,2026-08-13,3497.0,1.07,0.58,1.13,149586.0,176397.0,0.85,523102242.0,54.69,53.85,True,True,False,1.23,2.23,0.14781407,0.14797621,-0.11,-0.55,False,-2.0,Risk review,Head-and-shoulders risk,"head-and-shoulders, risk, distribution",3334.8,,,4.86,,,3334.8,"A possible head-and-shoulders top is forming or breaking. This is a caution signal, not an entry setup.",Risk review,1.69
CEMPRO,Cemindia Projects Ltd.,CEMPRO.NS,Construction,True,,NIFTY 500,^CRSLDX,2026-08-13,1237.0,-1.96,-0.71,-22.76,232100.0,661133.0,0.35,287107700.0,36.19,32.67,False,False,True,-11.43,-8.1,0.05228653,0.05796251,-9.79,-24.04,False,3.4,Actionable watch,Possible inverse H&S,"inverse-head-and-shoulders, base, reversal",911.4,,,35.73,,,911.4,A possible inverse head-and-shoulders base is visible. The setup improves only if price clears or holds near the neckline with better volume.,Mean reversion bounce,1.69
SUNDARMFIN,Sundaram Finance Ltd.,SUNDARMFIN.NS,Financial Services,True,,NIFTY 500,^CRSLDX,2026-08-13,4546.0,1.62,-2.18,0.89,59545.0,54789.0,1.09,270691570.0,50.54,56.32,True,True,False,0.47,1.65,0.19215406,0.19281205,-0.34,-0.79,False,-2.0,Risk review,Head-and-shoulders risk,"head-and-shoulders, risk, distribution, flag, continuation, uptrend, inverse-head-and-shoulders, base, reversal",4477.45,,,1.53,,,4477.45,"A possible head-and-shoulders top is forming or breaking. This is a caution signal, not an entry setup. Secondary patterns: Bullish flag, Possible inverse H&S.",Risk review,1.64
BEL,Bharat Electronics Ltd.,BEL.NS,Capital Goods,True,,NIFTY 500,^CRSLDX,2026-08-13,410.5,1.32,2.97,0.97,13815547.0,12759554.0,1.08,5671282043.5,58.47,47.2,True,True,False,2.74,0.7,0.01735135,0.01760879,-1.46,-0.84,False,-2.0,Risk review,Head-and-shoulders risk,"head-and-shoulders, risk, distribution",394.27,,,4.12,,,394.27,"A possible head-and-shoulders top is forming or breaking. This is a caution signal, not an entry setup.",Risk review,1.63
PREMIERENE,Premier Energies Ltd.,PREMIERENE.NS,Capital Goods,True,,NIFTY 500,^CRSLDX,2026-08-13,1035.8,0.95,-0.57,-5.03,294645.0,1033659.0,0.29,305193305.39,48.17,49.44,False,False,True,-0.45,-1.7,0.04378205,0.04558924,-3.96,-6.62,False,3.4,Actionable watch,Possible inverse H&S,"inverse-head-and-shoulders, base, reversal",995.85,,,4.01,,,995.85,A possible inverse head-and-shoulders base is visible. The setup improves only if price clears or holds near the neckline with better volume.,Setup watch: Possible inverse H&S,1.59
CAPLIPOINT,Caplin Point Laboratories Ltd.,CAPLIPOINT.NS,Healthcare,True,,NIFTY 500,^CRSLDX,2026-08-13,2499.7,1.1,-3.33,-6.43,127525.0,111822.0,1.14,318774236.27,46.47,54.34,False,False,True,-2.44,-0.44,0.10565937,0.10792986,-2.1,-8.11,False,3.4,Actionable watch,Possible inverse H&S,"inverse-head-and-shoulders, base, reversal",2045.55,,,22.2,,,2045.55,A possible inverse head-and-shoulders base is visible. The setup improves only if price clears or holds near the neckline with better volume.,Setup watch: Possible inverse H&S,1.59
AIAENG,AIA Engineering Ltd.,AIAENG.NS,Capital Goods,True,,NIFTY 500,^CRSLDX,2026-08-13,4435.1,-1.94,-7.51,-8.15,104692.0,53862.0,1.94,464319499.42,37.6,58.28,False,False,True,-4.68,-5.18,0.18746646,0.20185934,-7.13,-9.68,False,3.4,Actionable watch,Possible inverse H&S,"inverse-head-and-shoulders, base, reversal",4158.05,,,6.66,,,4158.05,A possible inverse head-and-shoulders base is visible. The setup improves only if price clears or holds near the neckline with better volume.,Setup watch: Possible inverse H&S,1.59
SPLPETRO,Supreme Petrochem Ltd.,SPLPETRO.NS,Chemicals,True,,NIFTY 500,^CRSLDX,2026-08-13,716.65,-1.24,1.99,-0.14,82707.0,289631.0,0.29,59271973.57,50.6,44.0,False,True,True,-0.07,0.38,0.03029195,0.03082223,-1.72,-1.8,False,-2.0,Risk review,Head-and-shoulders risk,"head-and-shoulders, risk, distribution, breakout, retest, pivot, volume, inverse-head-and-shoulders, base, reversal",688.05,,,4.16,,,688.05,"A possible head-and-shoulders top is forming or breaking. This is a caution signal, not an entry setup. Secondary patterns: Breakout retest, Possible inverse H&S.",Risk review,1.54
ZENSARTECH,Zensar Technolgies Ltd.,ZENSARTECH.NS,Information Technology,True,,NIFTY 500,^CRSLDX,2026-08-13,498.65,0.85,-0.4,-0.46,366838.0,2490397.0,0.15,182923766.46,50.32,50.95,False,True,False,-2.09,4.59,0.02107735,0.02065072,2.07,-2.11,True,-3.0,Risk review,Head-and-shoulders risk,"head-and-shoulders, risk, distribution, flag, continuation, uptrend",510.18,,,2.26,,,510.18,"A possible head-and-shoulders top is forming or breaking. This is a caution signal, not an entry setup. Secondary patterns: Bullish flag.",Risk review,1.53
SCI,Shipping Corporation of India Ltd.,SCI.NS,Services,True,,NIFTY 500,^CRSLDX,2026-08-13,294.45,-1.46,-4.59,1.36,1780052.0,2987819.0,0.6,524136333.13,51.51,64.71,True,False,True,2.37,-0.2,0.01244606,0.01273528,-2.27,-0.46,False,-2.0,Risk review,Head-and-shoulders risk,"head-and-shoulders, risk, distribution, inverse-head-and-shoulders, base, reversal",284.1,,,3.64,,,284.1,"A possible head-and-shoulders top is forming or breaking. This is a caution signal, not an entry setup. Secondary patterns: Possible inverse H&S.",Risk review,1.51
NCC,NCC Ltd.,NCC.NS,Construction,True,,NIFTY 500,^CRSLDX,2026-08-13,144.72,0.91,0.69,1.7,723364.0,1645948.0,0.44,104685238.96,51.57,50.25,True,False,False,2.16,-1.07,0.00611714,0.00631823,-3.18,0.01,False,0.0,No clear setup,,,,,,,,,,,Neutral / watch,1.5
NMDC,NMDC Ltd.,NMDC.NS,Metals & Mining,True,,NIFTY 500,^CRSLDX,2026-08-13,85.0,-1.05,-1.39,1.09,10991692.0,16758353.0,0.66,934293820.0,49.43,56.09,True,False,True,0.55,-0.89,0.00359285,0.00371341,-3.25,-0.72,False,-2.0,Risk review,Head-and-shoulders risk,"head-and-shoulders, risk, distribution",84.94,,,0.06,,,84.94,"A possible head-and-shoulders top is forming or breaking. This is a caution signal, not an entry setup.",Risk review,1.46
TATAELXSI,Tata Elxsi Ltd.,TATAELXSI.NS,Information Technology,True,,NIFTY 500,^CRSLDX,2026-08-13,3778.0,1.78,1.7,6.79,141928.0,395247.0,0.36,536203984.0,54.32,51.47,True,False,False,3.77,-0.54,0.15969161,0.1643139,-2.81,4.87,False,-3.0,Risk review,Head-and-shoulders risk,"head-and-shoulders, risk, distribution",5048.25,,,25.16,,,5048.25,"A possible head-and-shoulders top is forming or breaking. This is a caution signal, not an entry setup.",Risk review,1.42
MRF,MRF Ltd.,MRF.NS,Automobile and Auto Components,True,,NIFTY 500,^CRSLDX,2026-08-13,130985.0,0.15,-2.2,-0.35,2012.0,4576.0,0.44,263541820.0,45.75,54.99,False,True,False,-1.31,0.34,5.53658164,5.63619996,-1.77,-2.01,False,0.0,No clear setup,,,,,,,,,,,Weakening,1.4
RVNL,Rail Vikas Nigam Ltd.,RVNL.NS,Construction,True,,NIFTY 500,^CRSLDX,2026-08-13,228.15,-0.8,-2.91,0.77,2122818.0,4564080.0,0.47,484320913.74,46.38,56.34,True,False,False,0.32,-1.67,0.00964363,0.01001679,-3.73,-1.04,False,0.0,No clear setup,,,,,,,,,,,Weakening,1.29
BIOCON,Biocon Ltd.,BIOCON.NS,Healthcare,True,,NIFTY 500,^CRSLDX,2026-08-13,420.0,-1.73,-3.8,-3.36,4627711.0,4455126.0,1.04,1943638620.0,44.71,57.56,False,False,True,-2.59,-0.56,0.01775291,0.01825003,-2.72,-4.97,False,5.1,Actionable watch,Breakout retest,"breakout, retest, pivot, volume, inverse-head-and-shoulders, base, reversal",404.33,2026-05-13,2.8,2.94,,,,Prior resistance has been cleared on higher volume and price is back near that pivot. This is the kind of retest zone where follow-through can matter more than chasing a stretched candle. Secondary patterns: Possible inverse H&S.,Setup watch: Breakout retest,1.21
MAPMYINDIA,C.E. Info Systems Ltd.,MAPMYINDIA.NS,Information Technology,True,,NIFTY 500,^CRSLDX,2026-08-13,993.7,-0.25,-7.19,-15.24,111792.0,438632.0,0.25,111087711.76,43.05,50.39,False,True,False,-8.81,0.91,0.04200253,0.04248537,-1.14,-16.65,False,5.1,Actionable watch,Breakout retest,"breakout, retest, pivot, volume, flag, continuation, uptrend",939.77,2026-07-09,12.57,5.22,,,,Prior resistance has been cleared on higher volume and price is back near that pivot. This is the kind of retest zone where follow-through can matter more than chasing a stretched candle. Secondary patterns: Bullish flag.,Setup watch: Breakout retest,1.2
JPPOWER,Jaiprakash Power Ventures Ltd.,JPPOWER.NS,Power,True,,NIFTY 500,^CRSLDX,2026-08-13,17.54,-1.07,-3.09,3.24,29153338.0,71156016.0,0.41,511349575.21,47.13,55.23,False,False,True,-0.41,-1.0,0.0007414,0.00076618,-3.24,1.38,False,-2.0,Risk review,Head-and-shoulders risk,"head-and-shoulders, risk, distribution, inverse-head-and-shoulders, base, reversal",17.34,,,1.15,,,17.34,"A possible head-and-shoulders top is forming or breaking. This is a caution signal, not an entry setup. Secondary patterns: Possible inverse H&S.",Risk review,1.18
GROWW,Billionbrains Garage Ventures Ltd.,GROWW.NS,Financial Services,True,,NIFTY 500,^CRSLDX,2026-08-13,197.99,0.36,4.73,-3.72,20666354.0,22732997.0,0.91,4091731541.98,51.84,38.6,True,False,,0.52,-0.46,0.0083688,0.00858179,-2.48,-5.45,False,2.2,Watch,Possible inverse H&S,"inverse-head-and-shoulders, base, reversal",205.85,,,3.82,,,205.85,A possible inverse head-and-shoulders base is visible. The setup improves only if price clears or holds near the neckline with better volume.,Setup watch: Possible inverse H&S,1.18
FORCEMOT,Force Motors Ltd.,FORCEMOT.NS,Automobile and Auto Components,True,,NIFTY 500,^CRSLDX,2026-08-13,18525.0,-3.86,-0.88,0.11,131408.0,101714.0,1.29,2434333200.0,53.12,58.17,True,True,False,2.74,2.06,0.78302993,0.78388426,-0.11,-1.69,False,-3.0,Risk review,Head-and-shoulders risk,"head-and-shoulders, risk, distribution, breakout, retest, pivot, volume",18995.0,,,2.47,,,18995.0,"A possible head-and-shoulders top is forming or breaking. This is a caution signal, not an entry setup. Secondary patterns: Breakout retest.",Risk review,1.11
CESC,CESC Ltd.,CESC.NS,Power,True,,NIFTY 500,^CRSLDX,2026-08-13,164.83,1.48,1.45,-0.71,3265919.0,998174.0,3.27,538321434.75,50.1,41.33,True,False,False,0.49,-1.08,0.00696717,0.00720634,-3.32,-2.5,False,-2.0,Risk review,Head-and-shoulders risk,"head-and-shoulders, risk, distribution, inverse-head-and-shoulders, base, reversal",160.92,,,2.43,,,160.92,"A possible head-and-shoulders top is forming or breaking. This is a caution signal, not an entry setup. Secondary patterns: Possible inverse H&S.",Risk review,1.1
FIRSTCRY,Brainbees Solutions Ltd.,FIRSTCRY.NS,Consumer Services,True,,NIFTY 500,^CRSLDX,2026-08-13,214.14,-0.15,0.12,0.71,1168670.0,474039.0,2.47,250258993.09,49.78,49.21,True,False,False,0.76,-0.76,0.00905145,0.00932724,-2.96,-0.96,False,-3.0,Risk review,Head-and-shoulders risk,"head-and-shoulders, risk, distribution",219.21,,,2.32,,,219.21,"A possible head-and-shoulders top is forming or breaking. This is a caution signal, not an entry setup.",Risk review,1.06
RAINBOW,Rainbow Childrens Medicare Ltd.,RAINBOW.NS,Healthcare,True,,NIFTY 500,^CRSLDX,2026-08-13,1453.0,-1.96,-7.64,-3.01,66907.0,86356.0,0.77,97215871.0,42.04,68.59,False,False,True,-3.66,-0.05,0.0614166,0.06272361,-2.08,-4.63,False,3.4,Actionable watch,Possible inverse H&S,"inverse-head-and-shoulders, base, reversal",1355.0,,,7.23,,,1355.0,A possible inverse head-and-shoulders base is visible. The setup improves only if price clears or holds near the neckline with better volume.,Setup watch: Possible inverse H&S,1.06
TIMKEN,Timken India Ltd.,TIMKEN.NS,Capital Goods,True,,NIFTY 500,^CRSLDX,2026-08-13,3260.3,0.78,-2.48,2.74,17782.0,51975.0,0.34,57974655.47,50.73,59.57,True,False,False,2.52,-3.05,0.13780904,0.14529936,-5.16,1.03,False,-2.0,Risk review,Head-and-shoulders risk,"head-and-shoulders, risk, distribution",3210.0,,,1.57,,,3210.0,"A possible head-and-shoulders top is forming or breaking. This is a caution signal, not an entry setup.",Risk review,1.01
PIRAMALFIN,Piramal Finance Ltd.,PIRAMALFIN.NS,Financial Services,True,,NIFTY 500,^CRSLDX,2026-08-13,2069.6,-0.18,-1.9,-4.63,69526.0,271340.0,0.26,143891016.39,46.34,52.05,False,False,,-1.32,-1.04,0.08747956,0.0901795,-2.99,-6.22,False,5.1,Actionable watch,Breakout retest,"breakout, retest, pivot, volume",1994.86,2026-06-19,6.97,2.67,,,,Prior resistance has been cleared on higher volume and price is back near that pivot. This is the kind of retest zone where follow-through can matter more than chasing a stretched candle.,Setup watch: Breakout retest,1.0
ZEEL,Zee Entertainment Enterprises Ltd.,ZEEL.NS,Media Entertainment & Publication,True,,NIFTY 500,^CRSLDX,2026-08-13,96.75,-0.79,4.52,-5.01,27182487.0,26666790.0,1.02,2629905617.25,44.57,36.24,False,False,True,-5.07,-8.09,0.00408951,0.00453789,-9.88,-6.59,False,5.1,Actionable watch,Breakout retest,"breakout, retest, pivot, volume, inverse-head-and-shoulders, base, reversal",93.85,2026-06-01,4.32,1.58,,,,Prior resistance has been cleared on higher volume and price is back near that pivot. This is the kind of retest zone where follow-through can matter more than chasing a stretched candle. Secondary patterns: Possible inverse H&S.,Setup watch: Breakout retest,1.0
SHYAMMETL,Shyam Metalics and Energy Ltd.,SHYAMMETL.NS,Capital Goods,True,,NIFTY 500,^CRSLDX,2026-08-13,978.7,-0.8,-3.37,-5.53,625031.0,544358.0,1.15,611717847.33,41.16,51.59,False,False,True,-3.99,-0.98,0.0413685,0.04272671,-3.18,-7.22,False,4.7,Actionable watch,Breakout retest,"breakout, retest, pivot, volume",996.97,2026-07-13,4.33,1.83,,,,Prior resistance has been cleared on higher volume and price is back near that pivot. This is the kind of retest zone where follow-through can matter more than chasing a stretched candle.,Setup watch: Breakout retest,1.0
JSWCEMENT,JSW Cement Ltd.,JSWCEMENT.NS,Construction Materials,True,,NIFTY 500,^CRSLDX,2026-08-13,131.08,0.41,-1.16,-6.0,1430381.0,1737878.0,0.82,187494344.1,43.4,46.22,False,False,True,-2.51,-1.37,0.0055406,0.00573865,-3.45,-7.57,False,5.1,Actionable watch,Breakout retest,"breakout, retest, pivot, volume, inverse-head-and-shoulders, base, reversal",126.26,2026-05-22,36.17,2.8,,,,Prior resistance has been cleared on higher volume and price is back near that pivot. This is the kind of retest zone where follow-through can matter more than chasing a stretched candle. Secondary patterns: Possible inverse H&S.,Setup watch: Breakout retest,1.0
MAXHEALTH,Max Healthcare Institute Ltd.,MAXHEALTH.NS,Healthcare,True,,NIFTY 500,^CRSLDX,2026-08-13,1013.3,0.58,-5.51,-7.73,2871284.0,1684035.0,1.71,2909472042.15,32.02,44.08,False,False,False,-6.27,-6.2,0.042831,0.04650281,-7.9,-9.39,False,4.42,Actionable watch,Breakout retest,"breakout, retest, pivot, volume, inverse-head-and-shoulders, base, reversal",1031.58,2026-06-18,1.85,1.77,,,,Prior resistance has been cleared on higher volume and price is back near that pivot. This is the kind of retest zone where follow-through can matter more than chasing a stretched candle. Secondary patterns: Possible inverse H&S.,Setup watch: Breakout retest,1.0
GMRAIRPORT,GMR Airports Ltd.,GMRAIRPORT.NS,Services,True,,NIFTY 500,^CRSLDX,2026-08-13,103.0,-1.48,-3.37,-7.89,15863811.0,12604211.0,1.26,1633972533.0,35.52,44.88,False,False,True,-4.13,-4.75,0.00435369,0.00466454,-6.66,-9.42,False,4.25,Actionable watch,Breakout retest,"breakout, retest, pivot, volume, inverse-head-and-shoulders, base, reversal",103.28,2026-08-12,1.5,0.27,,,,Prior resistance has been cleared on higher volume and price is back near that pivot. This is the kind of retest zone where follow-through can matter more than chasing a stretched candle. Secondary patterns: Possible inverse H&S.,Setup watch: Breakout retest,1.0
AMBER,Amber Enterprises India Ltd.,AMBER.NS,Consumer Durables,True,,NIFTY 500,^CRSLDX,2026-08-13,7175.0,2.72,-3.37,-8.6,611681.0,287132.0,2.13,4388811175.0,41.69,45.94,False,False,False,-3.23,-5.16,0.3032788,0.3269447,-7.24,-10.13,False,5.05,Actionable watch,Breakout retest,"breakout, retest, pivot, volume, inverse-head-and-shoulders, base, reversal",6818.0,2026-08-13,2.31,2.16,,,,Prior resistance has been cleared on higher volume and price is back near that pivot. This is the kind of retest zone where follow-through can matter more than chasing a stretched candle. Secondary patterns: Possible inverse H&S.,Setup watch: Breakout retest,1.0
PHOENIXLTD,Phoenix Mills Ltd.,PHOENIXLTD.NS,Realty,True,,NIFTY 500,^CRSLDX,2026-08-13,1898.5,-0.34,-0.76,-10.97,389199.0,590676.0,0.66,738894301.5,41.13,41.18,False,False,True,-4.02,-2.49,0.08024736,0.08393445,-4.39,-12.45,False,5.1,Actionable watch,Breakout retest,"breakout, retest, pivot, volume, inverse-head-and-shoulders, base, reversal",1829.7,2026-06-16,2.47,2.51,,,,Prior resistance has been cleared on higher volume and price is back near that pivot. This is the kind of retest zone where follow-through can matter more than chasing a stretched candle. Secondary patterns: Possible inverse H&S.,Setup watch: Breakout retest,1.0
ITI,ITI Ltd.,ITI.NS,Telecommunication,True,,NIFTY 500,^CRSLDX,2026-08-13,281.4,-0.74,-2.04,-1.09,269825.0,479016.0,0.56,75928753.35,45.74,52.51,True,False,False,0.08,-3.48,0.01189445,0.01260254,-5.62,-2.74,False,0.0,No clear setup,,,,,,,,,,,Weakening,0.95
BPCL,Bharat Petroleum Corporation Ltd.,BPCL.NS,Oil Gas & Consumable Fuels,True,,NIFTY 500,^CRSLDX,2026-08-13,315.0,-0.63,-2.69,0.96,4750162.0,5971825.0,0.8,1496301030.0,48.59,58.02,False,True,False,-1.08,1.38,0.01331468,0.01339989,-0.64,-0.85,False,-2.0,Risk review,Head-and-shoulders risk,"head-and-shoulders, risk, distribution",306.05,,,2.92,,,306.05,"A possible head-and-shoulders top is forming or breaking. This is a caution signal, not an entry setup.",Risk review,0.93
IEX,Indian Energy Exchange Ltd.,IEX.NS,Financial Services,True,,NIFTY 500,^CRSLDX,2026-08-13,125.5,-0.36,-2.58,0.61,1130387.0,6068684.0,0.19,141863568.5,48.07,55.15,False,True,False,-1.41,1.08,0.00530474,0.00535949,-1.02,-1.2,False,-2.0,Risk review,Head-and-shoulders risk,"head-and-shoulders, risk, distribution, breakout, retest, pivot, volume",122.94,,,2.09,,,122.94,"A possible head-and-shoulders top is forming or breaking. This is a caution signal, not an entry setup. Secondary patterns: Breakout retest.",Risk review,0.86
TATACOMM,Tata Communications Ltd.,TATACOMM.NS,Telecommunication,True,,NIFTY 500,^CRSLDX,2026-08-13,1758.2,1.27,1.31,-4.44,208804.0,321088.0,0.65,367119182.6,43.57,36.72,False,False,True,-0.62,-5.74,0.07431704,0.08057577,-7.77,-6.16,False,3.4,Actionable watch,Possible inverse H&S,"inverse-head-and-shoulders, base, reversal",1692.55,,,3.88,,,1692.55,A possible inverse head-and-shoulders base is visible. The setup improves only if price clears or holds near the neckline with better volume.,Setup watch: Possible inverse H&S,0.79
NIVABUPA,Niva Bupa Health Insurance Company Ltd.,NIVABUPA.NS,Financial Services,True,,NIFTY 500,^CRSLDX,2026-08-13,84.18,0.11,-3.44,-4.73,774661.0,843823.0,0.92,65210963.22,41.21,55.61,False,False,True,-2.17,-1.57,0.00355819,0.00369525,-3.71,-6.32,False,3.4,Actionable watch,Possible inverse H&S,"inverse-head-and-shoulders, base, reversal",81.16,,,3.72,,,81.16,A possible inverse head-and-shoulders base is visible. The setup improves only if price clears or holds near the neckline with better volume.,Setup watch: Possible inverse H&S,0.79
HONAUT,Honeywell Automation India Ltd.,HONAUT.NS,Capital Goods,True,,NIFTY 500,^CRSLDX,2026-08-13,37190.0,-1.14,-2.94,-5.68,2316.0,6490.0,0.36,86132040.0,42.78,51.4,False,False,True,-2.74,-1.62,1.57197749,1.62917558,-3.51,-7.25,False,3.4,Actionable watch,Possible inverse H&S,"inverse-head-and-shoulders, base, reversal",35772.5,,,3.96,,,35772.5,A possible inverse head-and-shoulders base is visible. The setup improves only if price clears or holds near the neckline with better volume.,Setup watch: Possible inverse H&S,0.79
MANKIND,Mankind Pharma Ltd.,MANKIND.NS,Healthcare,True,,NIFTY 500,^CRSLDX,2026-08-13,2404.4,-1.18,-0.66,-5.56,129008.0,424577.0,0.3,310186822.6,40.09,40.53,False,False,True,-3.79,-2.95,0.10163115,0.10687888,-4.91,-7.26,False,3.4,Actionable watch,Possible inverse H&S,"inverse-head-and-shoulders, base, reversal",2321.55,,,3.57,,,2321.55,A possible inverse head-and-shoulders base is visible. The setup improves only if price clears or holds near the neckline with better volume.,Setup watch: Possible inverse H&S,0.79
DEEPAKFERT,Deepak Fertilisers & Petrochemicals Corp. Ltd.,DEEPAKFERT.NS,Chemicals,True,,NIFTY 500,^CRSLDX,2026-08-13,1456.5,0.05,-6.57,-5.96,206403.0,470277.0,0.44,300625969.5,36.3,48.07,False,False,True,-7.25,-6.37,0.06156454,0.06708355,-8.23,-7.53,False,3.4,Actionable watch,Possible inverse H&S,"inverse-head-and-shoulders, base, reversal",1302.65,,,11.81,,,1302.65,A possible inverse head-and-shoulders base is visible. The setup improves only if price clears or holds near the neckline with better volume.,Setup watch: Possible inverse H&S,0.79
ADANIENT,Adani Enterprises Ltd.,ADANIENT.NS,Metals & Mining,True,,NIFTY 500,^CRSLDX,2026-08-13,2964.9,-0.7,-2.02,-5.92,1302710.0,1058819.0,1.23,3862404751.78,39.74,46.49,False,False,True,-2.79,-2.86,0.12532283,0.13173943,-4.87,-7.61,False,3.4,Actionable watch,Possible inverse H&S,"inverse-head-and-shoulders, base, reversal",2295.95,,,29.14,,,2295.95,A possible inverse head-and-shoulders base is visible. The setup improves only if price clears or holds near the neckline with better volume.,Setup watch: Possible inverse H&S,0.79
ADANIPORTS,Adani Ports and Special Economic Zone Ltd.,ADANIPORTS.NS,Services,True,,NIFTY 500,^CRSLDX,2026-08-13,1658.0,-0.42,-2.18,-9.22,1992143.0,2235101.0,0.89,3302973094.0,29.88,35.41,False,False,True,-4.4,-7.14,0.07008171,0.07712042,-9.13,-10.85,False,3.4,Actionable watch,Possible inverse H&S,"inverse-head-and-shoulders, base, reversal",1555.65,,,6.58,,,1555.65,A possible inverse head-and-shoulders base is visible. The setup improves only if price clears or holds near the neckline with better volume.,Setup watch: Possible inverse H&S,0.79
NUVAMA,Nuvama Wealth Management Ltd.,NUVAMA.NS,Financial Services,True,,NIFTY 500,^CRSLDX,2026-08-13,1704.9,0.48,2.81,-11.17,311804.0,543329.0,0.57,531594647.21,43.37,35.72,False,False,True,-4.73,-3.4,0.07206412,0.07607599,-5.27,-12.65,False,3.4,Actionable watch,Possible inverse H&S,"inverse-head-and-shoulders, base, reversal",1473.0,,,15.74,,,1473.0,A possible inverse head-and-shoulders base is visible. The setup improves only if price clears or holds near the neckline with better volume.,Setup watch: Possible inverse H&S,0.79
EMMVEE,Emmvee Photovoltaic Power Ltd.,EMMVEE.NS,Capital Goods,True,,NIFTY 500,^CRSLDX,2026-08-13,323.65,2.03,-1.37,-11.41,1256680.0,2150968.0,0.58,406724474.33,48.96,50.32,False,False,,-0.16,-2.68,0.0136803,0.01435764,-4.72,-13.01,False,3.4,Actionable watch,Possible inverse H&S,"inverse-head-and-shoulders, base, reversal",235.5,,,37.43,,,235.5,A possible inverse head-and-shoulders base is visible. The setup improves only if price clears or holds near the neckline with better volume.,Setup watch: Possible inverse H&S,0.79
ZYDUSWELL,Zydus Wellness Ltd.,ZYDUSWELL.NS,Fast Moving Consumer Goods,True,,NIFTY 500,^CRSLDX,2026-08-13,505.45,-0.41,-4.9,-12.08,117417.0,425345.0,0.28,59348424.08,36.07,41.91,False,False,True,-8.62,-7.32,0.02136478,0.02354956,-9.28,-13.55,False,3.4,Actionable watch,Possible inverse H&S,"inverse-head-and-shoulders, base, reversal",468.72,,,7.84,,,468.72,A possible inverse head-and-shoulders base is visible. The setup improves only if price clears or holds near the neckline with better volume.,Setup watch: Possible inverse H&S,0.79
KIRLOSENG,Kirloskar Oil Eng Ltd.,KIRLOSENG.NS,Capital Goods,True,,NIFTY 500,^CRSLDX,2026-08-13,2059.9,0.32,-8.4,-13.85,366576.0,479650.0,0.76,755109866.6,38.87,51.98,False,False,True,-5.68,-6.32,0.08706954,0.0944265,-7.79,-15.4,False,3.4,Actionable watch,Possible inverse H&S,"inverse-head-and-shoulders, base, reversal",1377.0,,,49.59,,,1377.0,A possible inverse head-and-shoulders base is visible. The setup improves only if price clears or holds near the neckline with better volume.,Setup watch: Possible inverse H&S,0.79
TATAPOWER,Tata Power Co. Ltd.,TATAPOWER.NS,Power,True,,NIFTY 500,^CRSLDX,2026-08-13,382.8,0.88,1.11,1.51,3402106.0,3242515.0,1.05,1302326135.27,52.13,46.78,True,False,False,0.96,-0.46,0.0161805,0.01662955,-2.7,-0.31,False,-2.0,Risk review,Head-and-shoulders risk,"head-and-shoulders, risk, distribution, inverse-head-and-shoulders, base, reversal",366.65,,,4.4,,,366.65,"A possible head-and-shoulders top is forming or breaking. This is a caution signal, not an entry setup. Secondary patterns: Possible inverse H&S.",Risk review,0.74
PATANJALI,Patanjali Foods Ltd.,PATANJALI.NS,Fast Moving Consumer Goods,True,,NIFTY 500,^CRSLDX,2026-08-13,353.85,0.35,-0.32,1.71,1531453.0,6058116.0,0.25,541904653.4,38.38,37.69,True,False,False,1.24,-8.93,0.01495682,0.01683532,-11.16,0.02,False,0.0,No clear setup,,,,,,,,,,,Neutral / watch,0.7
ICICIAMC,ICICI Prudential Asset Management Company Ltd.,ICICIAMC.NS,Financial Services,True,,NIFTY 500,^CRSLDX,2026-08-13,3147.0,2.35,2.16,1.19,266662.0,237815.0,1.12,839185314.0,52.1,41.62,True,False,,1.41,-1.75,0.13301998,0.13834554,-3.85,-0.63,False,-2.0,Risk review,Head-and-shoulders risk,"head-and-shoulders, risk, distribution, breakout, retest, pivot, volume",3119.15,,,0.89,,,3119.15,"A possible head-and-shoulders top is forming or breaking. This is a caution signal, not an entry setup. Secondary patterns: Breakout retest.",Risk review,0.67
YESBANK,Yes Bank Ltd.,YESBANK.NS,Financial Services,True,,NIFTY 500,^CRSLDX,2026-08-13,22.98,0.0,1.32,-3.24,37625083.0,60499010.0,0.62,864624390.12,47.17,40.06,True,False,True,0.24,-2.66,0.00097134,0.00101773,-4.56,-4.98,False,-2.0,Risk review,Head-and-shoulders risk,"head-and-shoulders, risk, distribution, inverse-head-and-shoulders, base, reversal",22.32,,,2.96,,,22.32,"A possible head-and-shoulders top is forming or breaking. This is a caution signal, not an entry setup. Secondary patterns: Possible inverse H&S.",Risk review,0.6
APOLLOHOSP,Apollo Hospitals Enterprise Ltd.,APOLLOHOSP.NS,Healthcare,True,,NIFTY 500,^CRSLDX,2026-08-13,8600.0,0.03,-4.17,-3.74,796860.0,312194.0,2.55,6852996000.0,40.03,57.44,False,False,True,-3.03,-1.27,0.36351187,0.37614499,-3.36,-5.34,False,0.0,No clear setup,,,,,,,,,,,Weakening,0.53
IRCTC,Indian Railway Catering And Tourism Corporation Ltd.,IRCTC.NS,Consumer Services,True,,NIFTY 500,^CRSLDX,2026-08-13,504.45,-1.77,-3.07,0.23,1284159.0,974703.0,1.32,647794023.23,47.26,61.25,False,False,False,-0.04,-0.94,0.02132251,0.02201147,-3.13,-1.44,False,0.0,No clear setup,,,,,,,,,,,Weakening,0.51
GPIL,Godawari Power & Ispat Ltd.,GPIL.NS,Capital Goods,True,,NIFTY 500,^CRSLDX,2026-08-13,243.31,6.25,-0.59,-4.02,7874387.0,1814280.0,4.34,1915917081.75,47.16,42.5,True,False,False,0.3,-5.14,0.01028443,0.01111391,-7.46,-5.62,False,-2.0,Risk review,Head-and-shoulders risk,"head-and-shoulders, risk, distribution",233.58,,,4.17,,,233.58,"A possible head-and-shoulders top is forming or breaking. This is a caution signal, not an entry setup.",Risk review,0.48
HDBFS,HDB Financial Services Ltd.,HDBFS.NS,Financial Services,True,,NIFTY 500,^CRSLDX,2026-08-13,684.9,-0.56,1.48,-8.95,595708.0,438637.0,1.36,408000423.74,44.28,33.52,False,False,False,-0.81,-2.75,0.02894992,0.03031474,-4.5,-10.59,False,2.2,Watch,Possible inverse H&S,"inverse-head-and-shoulders, base, reversal",727.68,,,5.88,,,727.68,A possible inverse head-and-shoulders base is visible. The setup improves only if price clears or holds near the neckline with better volume.,Mean reversion bounce,0.47
IOB,Indian Overseas Bank,IOB.NS,Financial Services,True,,NIFTY 500,^CRSLDX,2026-08-13,33.73,-0.33,-3.07,-0.15,1556252.0,4646669.0,0.33,52492379.25,45.57,57.71,False,False,False,-1.23,-1.07,0.00142573,0.00147218,-3.16,-1.81,False,0.0,No clear setup,,,,,,,,,,,Weakening,0.44
KPRMILL,K.P.R. Mill Ltd.,KPRMILL.NS,Textiles,True,,NIFTY 500,^CRSLDX,2026-08-13,1084.7,-0.37,-0.12,-4.63,87097.0,333711.0,0.26,94474111.65,49.94,50.38,True,False,True,0.66,-1.7,0.04584899,0.04759821,-3.67,-6.21,False,-2.0,Risk review,Head-and-shoulders risk,"head-and-shoulders, risk, distribution, inverse-head-and-shoulders, base, reversal",1054.2,,,2.89,,,1054.2,"A possible head-and-shoulders top is forming or breaking. This is a caution signal, not an entry setup. Secondary patterns: Possible inverse H&S.",Risk review,0.4
CENTRALBK,Central Bank of India,CENTRALBK.NS,Financial Services,True,,NIFTY 500,^CRSLDX,2026-08-13,31.36,0.26,-0.48,-3.83,3530105.0,7802031.0,0.45,110704094.95,47.8,48.46,True,False,False,0.21,-1.42,0.00132555,0.00137204,-3.39,-5.56,False,0.0,No clear setup,,,,,,,,,,,Weakening,0.39
HINDUNILVR,Hindustan Unilever Ltd.,HINDUNILVR.NS,Fast Moving Consumer Goods,True,,NIFTY 500,^CRSLDX,2026-08-13,2092.0,1.41,0.6,-0.3,1184382.0,1812293.0,0.65,2477727144.0,46.77,43.43,False,False,False,-0.89,-2.03,0.08842638,0.09212532,-4.02,-2.1,False,0.0,No clear setup,,,,,,,,,,,Weakening,0.38
ERIS,Eris Lifesciences Ltd.,ERIS.NS,Healthcare,True,,NIFTY 500,^CRSLDX,2026-08-13,1380.3,2.12,-0.19,-5.44,53866.0,106822.0,0.5,74351242.43,45.18,43.38,False,False,False,-1.84,-2.46,0.05834366,0.0611082,-4.52,-7.02,False,2.2,Watch,Possible inverse H&S,"inverse-head-and-shoulders, base, reversal",1451.0,,,4.87,,,1451.0,A possible inverse head-and-shoulders base is visible. The setup improves only if price clears or holds near the neckline with better volume.,Setup watch: Possible inverse H&S,0.37
ANGELONE,Angel One Ltd.,ANGELONE.NS,Financial Services,True,,NIFTY 500,^CRSLDX,2026-08-13,292.0,0.34,-1.72,-12.51,1987069.0,5353834.0,0.37,580224148.0,34.67,35.43,False,False,True,-3.6,-10.04,0.0123425,0.01402744,-12.01,-14.09,False,2.2,Actionable watch,Possible inverse H&S,"inverse-head-and-shoulders, base, reversal",297.88,,,1.97,,,297.88,A possible inverse head-and-shoulders base is visible. The setup improves only if price clears or holds near the neckline with better volume.,Setup watch: Possible inverse H&S,0.37
IOC,Indian Oil Corporation Ltd.,IOC.NS,Oil Gas & Consumable Fuels,True,,NIFTY 500,^CRSLDX,2026-08-13,141.5,0.64,-0.81,-0.21,6663539.0,9420698.0,0.71,942890768.5,50.35,53.2,False,True,False,-0.01,0.21,0.00598104,0.00609264,-1.83,-2.01,False,-3.0,Risk review,Head-and-shoulders risk,"head-and-shoulders, risk, distribution",142.5,,,0.7,,,142.5,"A possible head-and-shoulders top is forming or breaking. This is a caution signal, not an entry setup.",Risk review,0.35
BHARATFORG,Bharat Forge Ltd.,BHARATFORG.NS,Automobile and Auto Components,True,,NIFTY 500,^CRSLDX,2026-08-13,2088.0,0.31,-5.52,-0.79,1073158.0,1266459.0,0.85,2240753904.0,43.58,61.59,False,False,True,-3.75,-0.97,0.0882573,0.09082795,-2.83,-2.58,False,0.0,No clear setup,,,,,,,,,,,Weakening,0.28
CHAMBLFERT,Chambal Fertilizers & Chemicals Ltd.,CHAMBLFERT.NS,Chemicals,True,,NIFTY 500,^CRSLDX,2026-08-13,443.3,0.23,-2.28,-0.99,189098.0,410655.0,0.46,83827141.09,47.11,54.98,True,False,False,0.45,-2.45,0.01873777,0.0196385,-4.59,-2.64,False,-2.0,Risk review,Head-and-shoulders risk,"head-and-shoulders, risk, distribution, inverse-head-and-shoulders, base, reversal",423.5,,,4.68,,,423.5,"A possible head-and-shoulders top is forming or breaking. This is a caution signal, not an entry setup. Secondary patterns: Possible inverse H&S.",Risk review,0.27
JWL,Jupiter Wagons Ltd.,JWL.NS,Capital Goods,True,,NIFTY 500,^CRSLDX,2026-08-13,257.6,-0.56,-1.72,0.72,411295.0,1305256.0,0.32,105949594.51,48.72,54.33,True,False,False,0.94,-1.95,0.01088845,0.01137534,-4.28,-0.95,False,-3.0,Risk review,Head-and-shoulders risk,"head-and-shoulders, risk, distribution",258.96,,,0.52,,,258.96,"A possible head-and-shoulders top is forming or breaking. This is a caution signal, not an entry setup.",Risk review,0.26
BBTC,Bombay Burmah Trading Corporation Ltd.,BBTC.NS,Fast Moving Consumer Goods,True,,NIFTY 500,^CRSLDX,2026-08-13,1471.8,-1.28,-1.75,-1.04,97370.0,31879.0,3.05,143309170.75,40.85,47.68,False,False,False,-1.53,-2.92,0.06221125,0.06541975,-4.9,-2.82,False,0.0,No clear setup,,,,,,,,,,,Weakening,0.24
ONESOURCE,Onesource Specialty Pharma Ltd.,ONESOURCE.NS,Healthcare,True,,NIFTY 500,^CRSLDX,2026-08-13,1571.3,2.09,0.91,-4.19,98873.0,237051.0,0.42,155359149.73,43.8,39.39,False,False,False,-3.45,-4.1,0.066417,0.07107406,-6.55,-5.79,False,4.65,Actionable watch,Breakout retest,"breakout, retest, pivot, volume",1539.7,2026-06-29,1.49,0.82,,,,Prior resistance has been cleared on higher volume and price is back near that pivot. This is the kind of retest zone where follow-through can matter more than chasing a stretched candle.,Setup watch: Breakout retest,0.24
INTELLECT,Intellect Design Arena Ltd.,INTELLECT.NS,Information Technology,True,,NIFTY 500,^CRSLDX,2026-08-13,701.05,-0.31,-2.85,-6.3,249349.0,476727.0,0.52,174806113.41,39.74,45.35,False,False,False,-3.98,-5.01,0.02963256,0.03189893,-7.1,-7.86,False,5.1,Actionable watch,Breakout retest,"breakout, retest, pivot, volume, inverse-head-and-shoulders, base, reversal",695.5,2026-08-03,2.95,0.03,,,,Prior resistance has been cleared on higher volume and price is back near that pivot. This is the kind of retest zone where follow-through can matter more than chasing a stretched candle. Secondary patterns: Possible inverse H&S.,Setup watch: Breakout retest,0.2
PWL,Physicswallah Ltd.,PWL.NS,Consumer Services,True,,NIFTY 500,^CRSLDX,2026-08-13,118.22,-4.58,-5.79,-13.63,6917778.0,5772354.0,1.2,817819723.6,37.75,45.13,False,False,,-7.74,-6.11,0.00499702,0.00540814,-7.6,-15.07,False,4.58,Actionable watch,Breakout retest,"breakout, retest, pivot, volume, inverse-head-and-shoulders, base, reversal",112.44,2026-06-19,1.35,3.92,,,,Prior resistance has been cleared on higher volume and price is back near that pivot. This is the kind of retest zone where follow-through can matter more than chasing a stretched candle. Secondary patterns: Possible inverse H&S.,Setup watch: Breakout retest,0.2
DRREDDY,Dr. Reddy's Laboratories Ltd.,DRREDDY.NS,Healthcare,True,,NIFTY 500,^CRSLDX,2026-08-13,1206.0,0.5,2.99,-1.5,1796553.0,2292136.0,0.78,2166642918.0,51.22,38.53,True,False,False,2.62,-3.12,0.0509762,0.05370872,-5.09,-3.27,False,-2.0,Risk review,Head-and-shoulders risk,"head-and-shoulders, risk, distribution",1174.7,,,2.66,,,1174.7,"A possible head-and-shoulders top is forming or breaking. This is a caution signal, not an entry setup.",Risk review,0.15
JKCEMENT,J.K. Cement Ltd.,JKCEMENT.NS,Construction Materials,True,,NIFTY 500,^CRSLDX,2026-08-13,5348.5,-0.83,-1.34,-1.47,13259.0,61508.0,0.22,70915761.5,42.92,46.07,False,False,False,-3.14,-0.68,0.22607479,0.2318619,-2.5,-3.25,False,2.2,Watch,Possible inverse H&S,"inverse-head-and-shoulders, base, reversal",5675.5,,,5.76,,,5675.5,A possible inverse head-and-shoulders base is visible. The setup improves only if price clears or holds near the neckline with better volume.,Setup watch: Possible inverse H&S,0.12
HINDPETRO,Hindustan Petroleum Corporation Ltd.,HINDPETRO.NS,Oil Gas & Consumable Fuels,True,,NIFTY 500,^CRSLDX,2026-08-13,392.9,0.74,-0.53,-1.63,9369815.0,7166444.0,1.31,3681400256.31,49.65,50.82,False,False,False,-0.22,-0.24,0.01660742,0.01698652,-2.23,-3.4,False,0.0,No clear setup,,,,,,,,,,,Weakening,0.12
BANKBARODA,Bank of Baroda,BANKBARODA.NS,Financial Services,True,,NIFTY 500,^CRSLDX,2026-08-13,248.0,-1.2,-1.2,-0.12,3547826.0,8992589.0,0.39,879860848.0,48.07,51.21,True,False,False,0.65,-3.82,0.01048267,0.01112674,-5.79,-1.92,False,-3.0,Risk review,Head-and-shoulders risk,"head-and-shoulders, risk, distribution",278.0,,,10.79,,,278.0,"A possible head-and-shoulders top is forming or breaking. This is a caution signal, not an entry setup.",Risk review,0.07
SWANCORP,Swan Corp Ltd.,SWANCORP.NS,Chemicals,True,,NIFTY 500,^CRSLDX,2026-08-13,308.4,0.23,-0.8,-2.05,834350.0,704729.0,1.18,257313534.91,45.24,46.93,False,False,False,-0.51,-1.91,0.0130357,0.01359637,-4.12,-3.68,False,0.0,No clear setup,,,,,,,,,,,Weakening,0.06
EMAMILTD,Emami Ltd.,EMAMILTD.NS,Fast Moving Consumer Goods,True,,NIFTY 500,^CRSLDX,2026-08-13,402.4,1.3,-1.61,-2.18,832966.0,654926.0,1.27,335185513.32,47.08,50.68,False,False,False,-0.96,-0.73,0.01700897,0.01751161,-2.87,-3.81,False,0.0,No clear setup,,,,,,,,,,,Weakening,0.04
NTPCGREEN,NTPC Green Energy Ltd.,NTPCGREEN.NS,Power,True,,NIFTY 500,^CRSLDX,2026-08-13,92.36,-0.11,1.13,-0.74,1616072.0,9420275.0,0.17,149260410.91,47.39,42.58,True,False,False,0.17,-2.22,0.00390395,0.00408553,-4.44,-2.53,False,-3.0,Risk review,Head-and-shoulders risk,"head-and-shoulders, risk, distribution, breakout, retest, pivot, volume",94.8,,,2.57,,,94.8,"A possible head-and-shoulders top is forming or breaking. This is a caution signal, not an entry setup. Secondary patterns: Breakout retest.",Risk review,-0.06
SIGNATURE,Signatureglobal (India) Ltd.,SIGNATURE.NS,Realty,True,,NIFTY 500,^CRSLDX,2026-08-13,801.05,-0.85,-1.71,-4.83,171184.0,298062.0,0.57,137126941.11,48.76,53.47,False,True,False,-0.33,0.78,0.03385944,0.03440731,-1.59,-6.42,False,-2.0,Risk review,Head-and-shoulders risk,"head-and-shoulders, risk, distribution, breakout, retest, pivot, volume",789.47,,,1.47,,,789.47,"A possible head-and-shoulders top is forming or breaking. This is a caution signal, not an entry setup. Secondary patterns: Breakout retest.",Risk review,-0.1
SBILIFE,SBI Life Insurance Company Ltd.,SBILIFE.NS,Financial Services,True,,NIFTY 500,^CRSLDX,2026-08-13,1812.0,-0.98,-2.66,-2.91,1421843.0,932645.0,1.52,2576379516.0,42.31,52.62,False,False,False,-2.31,-0.06,0.07659111,0.07837624,-2.28,-4.53,False,0.0,No clear setup,,,,,,,,,,,Weakening,-0.11
IDBI,IDBI Bank Ltd.,IDBI.NS,Financial Services,True,,NIFTY 500,^CRSLDX,2026-08-13,82.88,0.51,-1.96,-3.11,3130936.0,6112668.0,0.51,259491967.08,45.96,52.1,False,False,False,-1.89,-0.22,0.00350324,0.00357336,-1.96,-4.85,False,0.0,No clear setup,,,,,,,,,,,Weakening,-0.17
RHIM,RHI MAGNESITA INDIA LTD.,RHIM.NS,Capital Goods,True,,NIFTY 500,^CRSLDX,2026-08-13,391.65,1.49,-4.74,-3.53,1011678.0,898462.0,1.13,396223682.53,45.37,57.26,False,False,False,-3.0,-0.29,0.01655458,0.01697188,-2.46,-5.14,False,0.0,No clear setup,,,,,,,,,,,Weakening,-0.23
ABSLAMC,Aditya Birla Sun Life AMC Ltd.,ABSLAMC.NS,Financial Services,True,,NIFTY 500,^CRSLDX,2026-08-13,1026.4,-1.17,0.22,-8.44,201753.0,345824.0,0.58,207079284.13,46.56,45.11,False,False,True,-0.02,-4.56,0.04338472,0.04639496,-6.49,-9.97,False,-2.0,Risk review,Head-and-shoulders risk,"head-and-shoulders, risk, distribution",989.45,,,3.73,,,989.45,"A possible head-and-shoulders top is forming or breaking. This is a caution signal, not an entry setup.",Risk review,-0.3
RECLTD,REC Ltd.,RECLTD.NS,Financial Services,True,,NIFTY 500,^CRSLDX,2026-08-13,346.5,0.14,-4.15,0.25,8278978.0,5752524.0,1.44,2868665877.0,40.34,52.15,False,False,False,-3.62,-2.45,0.01464615,0.01531115,-4.34,-1.55,False,0.0,No clear setup,,,,,,,,,,,Weakening,-0.31
INDUSTOWER,Indus Towers Ltd.,INDUSTOWER.NS,Telecommunication,True,,NIFTY 500,^CRSLDX,2026-08-13,383.2,-0.05,3.74,-2.28,6066714.0,4713348.0,1.29,2324764878.86,53.51,39.34,True,False,False,1.38,-0.53,0.01619741,0.01668945,-2.95,-3.91,False,-3.0,Risk review,Head-and-shoulders risk,"head-and-shoulders, risk, distribution",399.6,,,4.1,,,399.6,"A possible head-and-shoulders top is forming or breaking. This is a caution signal, not an entry setup.",Risk review,-0.33
UCOBANK,UCO Bank,UCOBANK.NS,Financial Services,True,,NIFTY 500,^CRSLDX,2026-08-13,26.09,-0.31,-2.06,-0.57,1803823.0,4835410.0,0.37,47061742.35,46.06,53.13,False,False,False,-0.88,-1.35,0.00110279,0.00114115,-3.36,-2.23,False,-2.0,Risk review,Head-and-shoulders risk,"head-and-shoulders, risk, distribution",25.26,,,3.31,,,25.26,"A possible head-and-shoulders top is forming or breaking. This is a caution signal, not an entry setup.",Risk review,-0.35
IRFC,Indian Railway Finance Corporation Ltd.,IRFC.NS,Financial Services,True,,NIFTY 500,^CRSLDX,2026-08-13,88.35,0.1,-1.05,-0.07,4752259.0,7218256.0,0.66,419862075.4,43.7,47.16,False,False,False,-0.16,-3.26,0.00373445,0.0039495,-5.45,-1.86,False,0.0,No clear setup,,,,,,,,,,,Weakening,-0.37
CCL,CCL Products (I) Ltd.,CCL.NS,Fast Moving Consumer Goods,True,,NIFTY 500,^CRSLDX,2026-08-13,1143.0,0.66,1.04,-4.42,64659.0,162454.0,0.4,73905237.0,44.78,38.65,False,False,True,-1.72,-2.01,0.04831326,0.05028875,-3.93,-6.14,False,0.0,No clear setup,,,,,,,,,,,Weakening,-0.4
GODREJCP,Godrej Consumer Products Ltd.,GODREJCP.NS,Fast Moving Consumer Goods,True,,NIFTY 500,^CRSLDX,2026-08-13,936.9,3.52,-12.55,-10.93,6813937.0,2113628.0,3.22,6383977741.66,31.58,54.68,False,False,False,-10.23,-9.79,0.03960166,0.04481261,-11.63,-12.53,False,0.0,No clear setup,,,,,,,,,,,Weakening,-0.4
ACUTAAS,Acutaas Chemicals Ltd.,ACUTAAS.NS,Healthcare,True,,NIFTY 500,^CRSLDX,2026-08-13,3110.6,-1.36,-4.6,-13.2,321383.0,375213.0,0.86,999693991.19,38.48,45.77,False,False,True,-6.61,-6.96,0.1314814,0.14425466,-8.85,-14.76,False,0.0,No clear setup,,,,,,,,,,,Weakening,-0.4
J&KBANK,Jammu & Kashmir Bank Ltd.,J&KBANK.NS,Financial Services,True,,NIFTY 500,^CRSLDX,2026-08-13,157.78,0.19,-1.44,-13.61,1547681.0,6152080.0,0.25,244193106.29,43.81,44.74,False,False,True,-5.4,-3.89,0.00666917,0.00708544,-5.87,-15.05,False,0.0,No clear setup,,,,,,,,,,,Weakening,-0.4
BANDHANBNK,Bandhan Bank Ltd.,BANDHANBNK.NS,Financial Services,True,,NIFTY 500,^CRSLDX,2026-08-13,175.9,-0.06,0.71,-17.96,2976817.0,19999581.0,0.15,523622092.13,41.82,38.76,False,False,True,-1.3,-9.89,0.00743509,0.00843866,-11.89,-19.44,False,0.0,No clear setup,,,,,,,,,,,Weakening,-0.4
ELECON,Elecon Engineering Co. Ltd.,ELECON.NS,Capital Goods,True,,NIFTY 500,^CRSLDX,2026-08-13,443.3,0.42,-1.59,-3.84,252426.0,466282.0,0.54,111900442.72,44.8,46.23,True,False,False,1.91,-9.31,0.01873777,0.02111503,-11.26,-5.57,False,0.0,No clear setup,,,,,,,,,,,Weakening,-0.41
ITC,ITC Ltd.,ITC.NS,Fast Moving Consumer Goods,True,,NIFTY 500,^CRSLDX,2026-08-13,278.5,0.85,-2.59,-0.3,11196589.0,15852241.0,0.71,3118250036.5,41.49,51.81,False,False,False,-1.66,-2.22,0.01177187,0.01229233,-4.23,-2.1,False,0.0,No clear setup,,,,,,,,,,,Weakening,-0.42
SHREECEM,Shree Cement Ltd.,SHREECEM.NS,Construction Materials,True,,NIFTY 500,^CRSLDX,2026-08-13,25245.0,-1.27,-3.81,-6.0,16384.0,17757.0,0.92,413614080.0,36.89,47.5,False,False,False,-4.79,-2.11,1.06707641,1.1132651,-4.15,-7.56,False,2.2,Watch,Possible inverse H&S,"inverse-head-and-shoulders, base, reversal",26767.5,,,5.69,,,26767.5,A possible inverse head-and-shoulders base is visible. The setup improves only if price clears or holds near the neckline with better volume.,Setup watch: Possible inverse H&S,-0.43
FORTIS,Fortis Healthcare Ltd.,FORTIS.NS,Healthcare,True,,NIFTY 500,^CRSLDX,2026-08-13,906.15,0.68,-1.51,-7.07,1031683.0,1348633.0,0.76,934859575.64,38.04,36.43,False,False,False,-3.7,-5.27,0.03830189,0.04133741,-7.34,-8.62,False,2.2,Watch,Possible inverse H&S,"inverse-head-and-shoulders, base, reversal",963.93,,,5.99,,,963.93,A possible inverse head-and-shoulders base is visible. The setup improves only if price clears or holds near the neckline with better volume.,Setup watch: Possible inverse H&S,-0.43
NH,Narayana Hrudayalaya Ltd.,NH.NS,Healthcare,True,,NIFTY 500,^CRSLDX,2026-08-13,1831.0,-0.02,-2.86,-9.93,212264.0,366081.0,0.58,388655384.0,33.78,37.85,False,False,False,-6.42,-5.98,0.07739421,0.08419994,-8.08,-11.43,False,2.2,Watch,Possible inverse H&S,"inverse-head-and-shoulders, base, reversal",1895.6,,,3.41,,,1895.6,A possible inverse head-and-shoulders base is visible. The setup improves only if price clears or holds near the neckline with better volume.,Setup watch: Possible inverse H&S,-0.43
COLPAL,Colgate Palmolive (India) Ltd.,COLPAL.NS,Fast Moving Consumer Goods,True,,NIFTY 500,^CRSLDX,2026-08-13,1995.5,-0.47,-1.62,-0.81,225575.0,411083.0,0.55,450134912.5,40.8,45.16,False,False,False,-3.29,-2.28,0.08434743,0.08829361,-4.47,-2.46,False,0.0,No clear setup,,,,,,,,,,,Weakening,-0.49
NTPC,NTPC Ltd.,NTPC.NS,Power,True,,NIFTY 500,^CRSLDX,2026-08-13,344.25,1.41,-0.22,0.53,9671933.0,9477047.0,1.02,3329562935.25,46.59,44.74,False,False,False,-0.34,-1.89,0.01455104,0.01516981,-4.08,-1.28,False,-3.0,Risk review,Head-and-shoulders risk,"head-and-shoulders, risk, distribution",354.58,,,2.91,,,354.58,"A possible head-and-shoulders top is forming or breaking. This is a caution signal, not an entry setup.",Risk review,-0.51
IGL,Indraprastha Gas Ltd.,IGL.NS,Oil Gas & Consumable Fuels,True,,NIFTY 500,^CRSLDX,2026-08-13,151.77,-1.79,-1.66,-1.45,3542496.0,1283086.0,2.76,537644633.06,44.37,49.41,False,False,False,-0.53,-3.83,0.00641514,0.00681089,-5.81,-3.22,False,-2.0,Risk review,Head-and-shoulders risk,"head-and-shoulders, risk, distribution",145.43,,,4.36,,,145.43,"A possible head-and-shoulders top is forming or breaking. This is a caution signal, not an entry setup.",Risk review,-0.54
THERMAX,Thermax Ltd.,THERMAX.NS,Capital Goods,True,,NIFTY 500,^CRSLDX,2026-08-13,4001.6,-2.0,0.27,-12.65,181921.0,387399.0,0.47,727975091.37,35.1,31.98,False,False,True,-7.21,-12.46,0.16914292,0.19760165,-14.4,-14.22,False,-3.0,Risk review,Head-and-shoulders risk,"head-and-shoulders, risk, distribution",4140.5,,,3.35,,,4140.5,"A possible head-and-shoulders top is forming or breaking. This is a caution signal, not an entry setup.",Risk review,-0.55
NHPC,NHPC Ltd.,NHPC.NS,Power,True,,NIFTY 500,^CRSLDX,2026-08-13,77.5,0.85,0.27,-1.52,10133231.0,14353924.0,0.71,785325402.5,46.1,43.14,False,False,False,-1.31,-0.41,0.00327583,0.00335692,-2.42,-3.29,False,-2.0,Risk review,Head-and-shoulders risk,"head-and-shoulders, risk, distribution",74.38,,,4.19,,,74.38,"A possible head-and-shoulders top is forming or breaking. This is a caution signal, not an entry setup.",Risk review,-0.56
TATACONSUM,Tata Consumer Products Ltd.,TATACONSUM.NS,Fast Moving Consumer Goods,True,,NIFTY 500,^CRSLDX,2026-08-13,1090.5,2.69,0.05,0.18,1826870.0,1529388.0,1.19,1992201735.0,48.94,46.99,False,False,False,-0.07,-0.99,0.04609415,0.04758561,-3.13,-1.62,False,-3.0,Risk review,Head-and-shoulders risk,"head-and-shoulders, risk, distribution",1090.85,,,0.03,,,1090.85,"A possible head-and-shoulders top is forming or breaking. This is a caution signal, not an entry setup.",Risk review,-0.57
INDIAMART,Indiamart Intermesh Ltd.,INDIAMART.NS,Consumer Services,True,,NIFTY 500,^CRSLDX,2026-08-13,1803.6,1.06,2.27,-7.37,120337.0,176125.0,0.68,217039810.26,45.85,35.9,True,False,False,0.34,-4.65,0.07623605,0.08171027,-6.7,-9.03,False,-3.0,Risk review,Head-and-shoulders risk,"head-and-shoulders, risk, distribution",1907.55,,,5.45,,,1907.55,"A possible head-and-shoulders top is forming or breaking. This is a caution signal, not an entry setup.",Risk review,-0.75
DCMSHRIRAM,DCM Shriram Ltd.,DCMSHRIRAM.NS,Diversified,True,,NIFTY 500,^CRSLDX,2026-08-13,1010.0,1.64,-0.04,-1.34,197635.0,203973.0,0.97,199611350.0,45.11,42.86,False,False,False,-1.01,-1.52,0.04269151,0.04432084,-3.68,-2.98,False,-3.0,Risk review,Head-and-shoulders risk,"head-and-shoulders, risk, distribution",1035.1,,,2.42,,,1035.1,"A possible head-and-shoulders top is forming or breaking. This is a caution signal, not an entry setup.",Risk review,-0.85
GILLETTE,Gillette India Ltd.,GILLETTE.NS,Fast Moving Consumer Goods,True,,NIFTY 500,^CRSLDX,2026-08-13,7595.5,0.08,-1.28,-2.47,5613.0,19047.0,0.29,42633541.5,40.94,45.91,False,False,False,-1.96,-1.96,0.32105284,0.33459135,-4.05,-4.23,False,0.0,No clear setup,,,,,,,,,,,Weakening,-0.85
SUNTV,Sun TV Network Ltd.,SUNTV.NS,Media Entertainment & Publication,True,,NIFTY 500,^CRSLDX,2026-08-13,487.9,2.03,-0.27,-1.5,3842981.0,434012.0,8.85,1874990406.44,43.54,40.58,False,False,False,-1.1,-3.19,0.02062296,0.02179143,-5.36,-3.15,False,-3.0,Risk review,Head-and-shoulders risk,"head-and-shoulders, risk, distribution",507.0,,,3.77,,,507.0,"A possible head-and-shoulders top is forming or breaking. This is a caution signal, not an entry setup.",Risk review,-0.88
IRCON,IRCON International Ltd.,IRCON.NS,Construction,True,,NIFTY 500,^CRSLDX,2026-08-13,125.9,-0.22,-4.7,-3.47,2615381.0,1213165.0,2.16,329276471.89,39.39,54.93,False,False,False,-1.82,-4.46,0.00532164,0.00569371,-6.53,-5.2,False,-2.0,Risk review,Head-and-shoulders risk,"head-and-shoulders, risk, distribution",122.25,,,2.99,,,122.25,"A possible head-and-shoulders top is forming or breaking. This is a caution signal, not an entry setup.",Risk review,-0.94
AMBUJACEM,Ambuja Cements Ltd.,AMBUJACEM.NS,Construction Materials,True,,NIFTY 500,^CRSLDX,2026-08-13,419.4,-0.38,-3.92,-3.27,2109747.0,2693954.0,0.78,884827878.92,41.65,51.92,False,False,False,-2.99,-2.04,0.01772754,0.01848599,-4.1,-5.01,False,0.0,No clear setup,,,,,,,,,,,Weakening,-1.0
CANFINHOME,Can Fin Homes Ltd.,CANFINHOME.NS,Financial Services,True,,NIFTY 500,^CRSLDX,2026-08-13,821.85,-0.01,1.68,-9.18,100011.0,244921.0,0.41,82194037.91,42.56,34.86,False,False,False,-0.69,-3.76,0.03473863,0.03685328,-5.74,-10.69,False,-2.0,Risk review,Head-and-shoulders risk,"head-and-shoulders, risk, distribution",789.8,,,4.06,,,789.8,"A possible head-and-shoulders top is forming or breaking. This is a caution signal, not an entry setup.",Risk review,-1.0
ALKEM,Alkem Laboratories Ltd.,ALKEM.NS,Healthcare,True,,NIFTY 500,^CRSLDX,2026-08-13,5449.5,-0.56,-2.47,-3.53,33025.0,89847.0,0.37,179969737.5,41.45,49.25,False,False,False,-2.96,-1.15,0.23034395,0.23808196,-3.25,-5.14,False,0.0,No clear setup,,,,,,,,,,,Weakening,-1.03
RAMCOCEM,The Ramco Cements Ltd.,RAMCOCEM.NS,Construction Materials,True,,NIFTY 500,^CRSLDX,2026-08-13,908.8,-0.79,-2.76,-2.36,219296.0,217089.0,1.01,199296202.12,45.57,54.96,False,False,False,-1.48,-0.2,0.0384139,0.03929382,-2.24,-3.99,False,-3.0,Risk review,Head-and-shoulders risk,"head-and-shoulders, risk, distribution, inverse-head-and-shoulders, base, reversal",920.5,,,1.27,,,920.5,"A possible head-and-shoulders top is forming or breaking. This is a caution signal, not an entry setup. Secondary patterns: Possible inverse H&S.",Risk review,-1.05
CUMMINSIND,Cummins India Ltd.,CUMMINSIND.NS,Capital Goods,True,,NIFTY 500,^CRSLDX,2026-08-13,5315.0,-0.93,-1.61,-4.17,357202.0,447973.0,0.8,1898528630.0,38.63,43.01,False,False,True,-2.99,-4.13,0.22465879,0.23959235,-6.23,-5.89,False,-2.0,Risk review,Head-and-shoulders risk,"head-and-shoulders, risk, distribution, inverse-head-and-shoulders, base, reversal",5264.25,,,0.96,,,5264.25,"A possible head-and-shoulders top is forming or breaking. This is a caution signal, not an entry setup. Secondary patterns: Possible inverse H&S.",Risk review,-1.08
TIINDIA,Tube Investments of India Ltd.,TIINDIA.NS,Automobile and Auto Components,True,,NIFTY 500,^CRSLDX,2026-08-13,2780.0,-2.08,1.01,-5.16,323716.0,306463.0,1.06,899930480.0,44.13,39.49,False,False,True,-0.89,-6.3,0.11750733,0.12823822,-8.37,-6.86,False,-2.0,Risk review,Head-and-shoulders risk,"head-and-shoulders, risk, distribution, breakout, retest, pivot, volume, inverse-head-and-shoulders, base, reversal",2775.45,,,0.16,,,2775.45,"A possible head-and-shoulders top is forming or breaking. This is a caution signal, not an entry setup. Secondary patterns: Breakout retest, Possible inverse H&S.",Risk review,-1.1
DELHIVERY,Delhivery Ltd.,DELHIVERY.NS,Services,True,,NIFTY 500,^CRSLDX,2026-08-13,467.0,-0.69,0.73,-5.97,4726398.0,4472259.0,1.06,2207227866.0,44.75,42.62,False,False,True,-1.37,-1.89,0.01973954,0.02052468,-3.83,-7.66,False,-2.0,Risk review,Head-and-shoulders risk,"head-and-shoulders, risk, distribution, breakout, retest, pivot, volume",459.0,,,1.74,,,459.0,"A possible head-and-shoulders top is forming or breaking. This is a caution signal, not an entry setup. Secondary patterns: Breakout retest.",Risk review,-1.1
UTIAMC,UTI Asset Management Company Ltd.,UTIAMC.NS,Financial Services,True,,NIFTY 500,^CRSLDX,2026-08-13,908.5,-0.94,0.91,-6.22,61115.0,240659.0,0.25,55522977.5,47.77,43.82,False,False,False,-0.23,-0.64,0.03840122,0.03950606,-2.8,-7.78,False,-2.0,Risk review,Head-and-shoulders risk,"head-and-shoulders, risk, distribution",893.02,,,1.73,,,893.02,"A possible head-and-shoulders top is forming or breaking. This is a caution signal, not an entry setup.",Risk review,-1.1
VOLTAS,Voltas Ltd.,VOLTAS.NS,Consumer Durables,True,,NIFTY 500,^CRSLDX,2026-08-13,1289.5,-0.04,1.14,-6.14,462584.0,503092.0,0.92,596502068.0,45.23,39.44,False,False,False,-1.76,-1.62,0.05450565,0.05658322,-3.67,-7.83,False,-2.0,Risk review,Head-and-shoulders risk,"head-and-shoulders, risk, distribution",1265.25,,,1.92,,,1265.25,"A possible head-and-shoulders top is forming or breaking. This is a caution signal, not an entry setup.",Risk review,-1.1
JBMA,JBM Auto Ltd.,JBMA.NS,Automobile and Auto Components,True,,NIFTY 500,^CRSLDX,2026-08-13,632.9,0.88,-3.75,-7.09,157597.0,240405.0,0.66,99743145.15,37.26,43.59,False,False,True,-4.02,-6.54,0.02675194,0.02925425,-8.55,-8.64,False,-2.0,Risk review,Head-and-shoulders risk,"head-and-shoulders, risk, distribution, breakout, retest, pivot, volume, inverse-head-and-shoulders, base, reversal",624.78,,,1.3,,,624.78,"A possible head-and-shoulders top is forming or breaking. This is a caution signal, not an entry setup. Secondary patterns: Breakout retest, Possible inverse H&S.",Risk review,-1.1
VTL,Vardhman Textiles Ltd.,VTL.NS,Textiles,True,,NIFTY 500,^CRSLDX,2026-08-13,590.85,-0.18,-1.88,-7.08,95060.0,339364.0,0.28,56166198.68,39.69,43.46,False,False,True,-3.0,-5.73,0.02497453,0.02706974,-7.74,-8.75,False,-2.0,Risk review,Head-and-shoulders risk,"head-and-shoulders, risk, distribution, inverse-head-and-shoulders, base, reversal",572.2,,,3.26,,,572.2,"A possible head-and-shoulders top is forming or breaking. This is a caution signal, not an entry setup. Secondary patterns: Possible inverse H&S.",Risk review,-1.1
TRITURBINE,Triveni Turbine Ltd.,TRITURBINE.NS,Capital Goods,True,,NIFTY 500,^CRSLDX,2026-08-13,591.95,0.89,-8.42,-7.4,345714.0,777789.0,0.44,204645406.52,39.66,56.61,False,False,True,-3.88,-8.01,0.02502103,0.02782716,-10.08,-8.94,False,-2.0,Risk review,Head-and-shoulders risk,"head-and-shoulders, risk, distribution, inverse-head-and-shoulders, base, reversal",569.25,,,3.99,,,569.25,"A possible head-and-shoulders top is forming or breaking. This is a caution signal, not an entry setup. Secondary patterns: Possible inverse H&S.",Risk review,-1.1
ATGL,Adani Total Gas Ltd.,ATGL.NS,Oil Gas & Consumable Fuels,True,,NIFTY 500,^CRSLDX,2026-08-13,655.05,-0.8,-0.79,-7.44,517514.0,881988.0,0.59,338997539.38,39.46,40.22,False,False,True,-1.75,-6.5,0.02768819,0.03029166,-8.59,-9.1,False,-2.0,Risk review,Head-and-shoulders risk,"head-and-shoulders, risk, distribution, breakout, retest, pivot, volume, inverse-head-and-shoulders, base, reversal",639.25,,,2.47,,,639.25,"A possible head-and-shoulders top is forming or breaking. This is a caution signal, not an entry setup. Secondary patterns: Breakout retest, Possible inverse H&S.",Risk review,-1.1
LUPIN,Lupin Ltd.,LUPIN.NS,Healthcare,True,,NIFTY 500,^CRSLDX,2026-08-13,2250.3,-1.35,-5.65,-9.08,582846.0,1176526.0,0.5,1311578382.26,32.4,46.8,False,False,True,-5.88,-4.97,0.09511753,0.10226021,-6.98,-10.6,False,-2.0,Risk review,Head-and-shoulders risk,"head-and-shoulders, risk, distribution",2144.4,,,4.94,,,2144.4,"A possible head-and-shoulders top is forming or breaking. This is a caution signal, not an entry setup.",Risk review,-1.1
HDFCAMC,HDFC Asset Management Company Ltd.,HDFCAMC.NS,Financial Services,True,,NIFTY 500,^CRSLDX,2026-08-13,2499.5,0.38,-1.52,-3.95,716255.0,720063.0,0.99,1790279372.5,40.67,43.37,False,False,False,-2.16,-4.3,0.10565092,0.11261483,-6.18,-5.67,False,0.0,No clear setup,,,,,,,,,,,Weakening,-1.13
LEMONTREE,Lemon Tree Hotels Ltd.,LEMONTREE.NS,Consumer Services,True,,NIFTY 500,^CRSLDX,2026-08-13,109.05,-0.1,-3.32,-4.13,1934465.0,2973667.0,0.65,210953414.15,41.65,49.31,False,False,False,-1.66,-3.51,0.00460942,0.00487635,-5.47,-5.73,False,0.0,No clear setup,,,,,,,,,,,Weakening,-1.15
ACC,ACC Ltd.,ACC.NS,Construction Materials,True,,NIFTY 500,^CRSLDX,2026-08-13,1324.7,-0.61,-3.9,-4.23,100172.0,210247.0,0.48,132697843.51,41.05,52.51,False,False,False,-2.79,-2.13,0.05599351,0.05849663,-4.28,-5.83,False,0.0,No clear setup,,,,,,,,,,,Weakening,-1.17
HUDCO,Housing & Urban Development Corporation Ltd.,HUDCO.NS,Financial Services,True,,NIFTY 500,^CRSLDX,2026-08-13,193.91,0.61,-4.06,-4.77,886663.0,2143551.0,0.41,171932825.58,40.39,50.89,False,False,False,-2.17,-4.68,0.00819635,0.00878985,-6.75,-6.36,False,0.0,No clear setup,,,,,,,,,,,Weakening,-1.2
VMM,Vishal Mega Mart Ltd.,VMM.NS,Consumer Services,True,,NIFTY 500,^CRSLDX,2026-08-13,107.0,-0.93,-2.3,-4.86,11958772.0,10346757.0,1.16,1279588604.0,38.23,42.33,False,False,False,-2.45,-6.52,0.00452276,0.00494692,-8.57,-6.57,False,0.0,No clear setup,,,,,,,,,,,Weakening,-1.2
PIIND,PI Industries Ltd.,PIIND.NS,Chemicals,True,,NIFTY 500,^CRSLDX,2026-08-13,2494.3,0.46,-10.47,-4.88,352135.0,283178.0,1.24,878330347.69,31.21,59.17,False,False,False,-7.85,-7.52,0.10543112,0.11651773,-9.51,-6.59,False,0.0,No clear setup,,,,,,,,,,,Weakening,-1.2
RAILTEL,Railtel Corporation Of India Ltd.,RAILTEL.NS,Telecommunication,True,,NIFTY 500,^CRSLDX,2026-08-13,285.2,0.23,-1.51,-5.09,300553.0,508144.0,0.59,85717719.27,40.7,43.63,False,False,False,-1.19,-5.36,0.01205507,0.01301813,-7.4,-6.79,False,0.0,No clear setup,,,,,,,,,,,Weakening,-1.2
HDFCLIFE,HDFC Life Insurance Company Ltd.,HDFCLIFE.NS,Financial Services,True,,NIFTY 500,^CRSLDX,2026-08-13,538.05,0.2,-0.82,-5.21,1565273.0,3450484.0,0.45,842195118.54,39.36,40.78,False,False,False,-1.98,-4.37,0.02274274,0.02428995,-6.37,-6.91,False,0.0,No clear setup,,,,,,,,,,,Weakening,-1.2
VBL,Varun Beverages Ltd.,VBL.NS,Fast Moving Consumer Goods,True,,NIFTY 500,^CRSLDX,2026-08-13,440.5,0.0,-0.79,-5.48,2014471.0,6931670.0,0.29,887374475.5,39.42,39.14,False,False,False,-1.78,-8.84,0.01861942,0.02090499,-10.93,-7.18,False,0.0,No clear setup,,,,,,,,,,,Weakening,-1.2
RPOWER,Reliance Power Ltd.,RPOWER.NS,Power,True,,NIFTY 500,^CRSLDX,2026-08-13,23.22,-0.68,-4.21,-5.57,11308347.0,18208127.0,0.62,262579809.58,37.03,47.62,False,False,False,-2.67,-7.25,0.00098148,0.0010841,-9.47,-7.27,False,0.0,No clear setup,,,,,,,,,,,Weakening,-1.2
SRF,SRF Ltd.,SRF.NS,Chemicals,True,,NIFTY 500,^CRSLDX,2026-08-13,2608.7,0.92,-0.62,-5.83,336144.0,640559.0,0.52,876898836.39,42.34,41.7,False,False,False,-2.92,-3.86,0.11026667,0.11728813,-5.99,-7.4,False,0.0,No clear setup,,,,,,,,,,,Weakening,-1.2
SUZLON,Suzlon Energy Ltd.,SUZLON.NS,Capital Goods,True,,NIFTY 500,^CRSLDX,2026-08-13,47.61,0.55,-1.02,-8.39,24224098.0,70391542.0,0.34,1153309320.57,30.74,30.69,False,False,False,-3.86,-10.76,0.00201242,0.00230439,-12.67,-10.04,False,0.0,No clear setup,,,,,,,,,,,Weakening,-1.2
ICICIGI,ICICI Lombard General Insurance Company Ltd.,ICICIGI.NS,Financial Services,True,,NIFTY 500,^CRSLDX,2026-08-13,1628.0,-0.43,-1.81,-10.28,342897.0,1688467.0,0.2,558236316.0,41.28,44.7,False,False,False,-0.89,-5.74,0.06881364,0.07461036,-7.77,-11.78,False,0.0,No clear setup,,,,,,,,,,,Weakening,-1.2
EIHOTEL,EIH Ltd.,EIHOTEL.NS,Consumer Services,True,,NIFTY 500,^CRSLDX,2026-08-13,300.65,0.72,-7.68,-10.91,110804.0,193484.0,0.57,33313221.92,33.72,48.63,False,False,False,-6.91,-5.72,0.01270812,0.01374589,-7.55,-12.39,False,0.0,No clear setup,,,,,,,,,,,Weakening,-1.2
GODIGIT,Go Digit General Insurance Ltd.,GODIGIT.NS,Financial Services,True,,NIFTY 500,^CRSLDX,2026-08-13,260.05,-1.05,-3.72,-12.92,316061.0,1385293.0,0.23,82191659.19,38.56,43.64,False,False,False,-3.09,-10.82,0.01099201,0.01260224,-12.78,-14.38,False,0.0,No clear setup,,,,,,,,,,,Weakening,-1.2
JUBLPHARMA,Jubilant Pharmova Ltd.,JUBLPHARMA.NS,Healthcare,True,,NIFTY 500,^CRSLDX,2026-08-13,890.5,-0.01,-3.86,-12.96,207349.0,200870.0,1.03,184644284.5,33.71,36.43,False,False,False,-7.28,-7.7,0.03764039,0.04172,-9.78,-14.41,False,0.0,No clear setup,,,,,,,,,,,Weakening,-1.2
APTUS,Aptus Value Housing Finance India Ltd.,APTUS.NS,Financial Services,True,,NIFTY 500,^CRSLDX,2026-08-13,253.8,-0.37,-2.68,-15.39,539042.0,1086394.0,0.5,136808861.25,34.08,36.47,False,False,False,-7.35,-7.48,0.01072783,0.01184367,-9.42,-16.91,False,0.0,No clear setup,,,,,,,,,,,Weakening,-1.2
WHIRLPOOL,Whirlpool of India Ltd.,WHIRLPOOL.NS,Consumer Durables,True,,NIFTY 500,^CRSLDX,2026-08-13,784.8,-0.68,-5.5,0.99,350033.0,428332.0,0.82,274705894.13,44.88,61.63,False,False,False,-1.01,-1.08,0.03317257,0.03426421,-3.19,-0.83,False,-3.0,Risk review,Head-and-shoulders risk,"head-and-shoulders, risk, distribution",791.6,,,0.86,,,791.6,"A possible head-and-shoulders top is forming or breaking. This is a caution signal, not an entry setup.",Risk review,-1.22
BAYERCROP,Bayer Cropscience Ltd.,BAYERCROP.NS,Chemicals,True,,NIFTY 500,^CRSLDX,2026-08-13,4085.4,-0.71,-3.07,0.77,13698.0,37720.0,0.36,55961807.86,41.14,52.2,False,False,False,-2.51,-1.79,0.17268504,0.18001716,-4.07,-0.91,False,-3.0,Risk review,Head-and-shoulders risk,"head-and-shoulders, risk, distribution",4352.55,,,6.14,,,4352.55,"A possible head-and-shoulders top is forming or breaking. This is a caution signal, not an entry setup.",Risk review,-1.23
LINDEINDIA,Linde India Ltd.,LINDEINDIA.NS,Chemicals,True,,NIFTY 500,^CRSLDX,2026-08-13,6688.5,-1.31,-6.49,-4.67,24737.0,25085.0,0.99,165453424.5,39.56,57.08,False,False,True,-3.16,-4.49,0.28271502,0.30275828,-6.62,-6.26,False,-3.0,Risk review,Head-and-shoulders risk,"head-and-shoulders, risk, distribution",6817.5,,,1.89,,,6817.5,"A possible head-and-shoulders top is forming or breaking. This is a caution signal, not an entry setup.",Risk review,-1.45
TTML,Tata Teleservices (Maharashtra) Ltd.,TTML.NS,Telecommunication,True,,NIFTY 500,^CRSLDX,2026-08-13,38.74,1.49,-2.1,-4.79,6808130.0,2472265.0,2.75,263746967.63,37.6,40.16,False,False,False,-2.1,-6.88,0.00163749,0.00179888,-8.97,-6.5,False,-3.0,Risk review,Head-and-shoulders risk,"head-and-shoulders, risk, distribution",41.21,,,5.99,,,41.21,"A possible head-and-shoulders top is forming or breaking. This is a caution signal, not an entry setup.",Risk review,-1.45
ADANIPOWER,Adani Power Ltd.,ADANIPOWER.NS,Power,True,,NIFTY 500,^CRSLDX,2026-08-13,206.1,-0.43,-0.97,-4.83,13548913.0,19342308.0,0.7,2792431052.0,38.1,39.55,False,False,True,-2.6,-5.85,0.0087116,0.00945807,-7.89,-6.55,False,-3.0,Risk review,Head-and-shoulders risk,"head-and-shoulders, risk, distribution, inverse-head-and-shoulders, base, reversal",211.42,,,2.51,,,211.42,"A possible head-and-shoulders top is forming or breaking. This is a caution signal, not an entry setup. Secondary patterns: Possible inverse H&S.",Risk review,-1.45
BSE,BSE Ltd.,BSE.NS,Financial Services,True,,NIFTY 500,^CRSLDX,2026-08-13,3502.8,-0.69,1.97,-4.94,3400699.0,3211899.0,1.06,11911968623.25,42.32,35.77,False,False,True,-1.63,-6.71,0.14805923,0.16238943,-8.82,-6.65,False,-3.0,Risk review,Head-and-shoulders risk,"head-and-shoulders, risk, distribution",3598.5,,,2.66,,,3598.5,"A possible head-and-shoulders top is forming or breaking. This is a caution signal, not an entry setup.",Risk review,-1.45
GICRE,General Insurance Corporation of India,GICRE.NS,Financial Services,True,,NIFTY 500,^CRSLDX,2026-08-13,348.2,-2.15,-2.97,-5.12,1180514.0,430686.0,2.74,411054989.21,33.03,44.38,False,False,False,-2.82,-4.38,0.014718,0.01576626,-6.65,-6.7,False,-3.0,Risk review,Head-and-shoulders risk,"head-and-shoulders, risk, distribution",359.73,,,3.2,,,359.73,"A possible head-and-shoulders top is forming or breaking. This is a caution signal, not an entry setup.",Risk review,-1.45
GESHIP,Great Eastern Shipping Co. Ltd.,GESHIP.NS,Services,True,,NIFTY 500,^CRSLDX,2026-08-13,1298.8,1.32,-2.97,-5.77,575828.0,1007588.0,0.57,747885434.52,38.02,41.23,False,False,True,-4.73,-6.95,0.05489875,0.06033432,-9.01,-7.34,False,-3.0,Risk review,Head-and-shoulders risk,"head-and-shoulders, risk, distribution",1313.35,,,1.11,,,1313.35,"A possible head-and-shoulders top is forming or breaking. This is a caution signal, not an entry setup.",Risk review,-1.45
GVT&D,GE Vernova T&D India Ltd.,GVT&D.NS,Capital Goods,True,,NIFTY 500,^CRSLDX,2026-08-13,4304.7,-2.31,-1.42,-6.09,913947.0,1070708.0,0.85,3934267829.41,44.4,46.26,False,False,True,-0.45,-7.44,0.18195461,0.20100635,-9.48,-7.78,False,-3.0,Risk review,Head-and-shoulders risk,"head-and-shoulders, risk, distribution, inverse-head-and-shoulders, base, reversal",4450.5,,,3.28,,,4450.5,"A possible head-and-shoulders top is forming or breaking. This is a caution signal, not an entry setup. Secondary patterns: Possible inverse H&S.",Risk review,-1.45
ABLBL,Aditya Birla Lifestyle Brands Ltd.,ABLBL.NS,Consumer Services,True,,NIFTY 500,^CRSLDX,2026-08-13,89.96,-0.37,-4.46,-6.69,3488384.0,879292.0,3.97,313815021.45,34.84,46.46,False,False,False,-3.78,-6.02,0.0038025,0.0041395,-8.14,-8.24,False,-3.0,Risk review,Head-and-shoulders risk,"head-and-shoulders, risk, distribution",98.06,,,8.26,,,98.06,"A possible head-and-shoulders top is forming or breaking. This is a caution signal, not an entry setup.",Risk review,-1.45
PAGEIND,Page Industries Ltd.,PAGEIND.NS,Textiles,True,,NIFTY 500,^CRSLDX,2026-08-13,36520.0,-4.64,-8.81,-9.59,120967.0,25978.0,4.66,4417714840.0,28.51,48.38,False,False,False,-8.13,-8.77,1.54365738,1.72702941,-10.62,-11.1,False,-3.0,Risk review,Head-and-shoulders risk,"head-and-shoulders, risk, distribution, inverse-head-and-shoulders, base, reversal",36985.0,,,1.26,,,36985.0,"A possible head-and-shoulders top is forming or breaking. This is a caution signal, not an entry setup. Secondary patterns: Possible inverse H&S.",Risk review,-1.45
ADANIGREEN,Adani Green Energy Ltd.,ADANIGREEN.NS,Power,True,,NIFTY 500,^CRSLDX,2026-08-13,1319.0,-1.0,-3.83,-14.56,1661800.0,2487768.0,0.67,2191914200.0,30.63,37.82,False,False,True,-5.83,-10.34,0.05575258,0.06346364,-12.15,-16.09,False,-3.0,Risk review,Head-and-shoulders risk,"head-and-shoulders, risk, distribution, inverse-head-and-shoulders, base, reversal",1331.2,,,0.92,,,1331.2,"A possible head-and-shoulders top is forming or breaking. This is a caution signal, not an entry setup. Secondary patterns: Possible inverse H&S.",Risk review,-1.45
TATASTEEL,Tata Steel Ltd.,TATASTEEL.NS,Metals & Mining,True,,NIFTY 500,^CRSLDX,2026-08-13,184.85,-0.73,-2.35,-0.35,19918432.0,21105828.0,0.94,3681922276.77,42.32,50.3,False,False,False,-1.28,-2.9,0.00781339,0.00823917,-5.17,-2.14,False,-3.0,Risk review,Head-and-shoulders risk,"head-and-shoulders, risk, distribution",185.6,,,0.41,,,185.6,"A possible head-and-shoulders top is forming or breaking. This is a caution signal, not an entry setup.",Risk review,-1.48
BAJAJHFL,Bajaj Housing Finance Ltd.,BAJAJHFL.NS,Financial Services,True,,NIFTY 500,^CRSLDX,2026-08-13,84.37,-0.46,-2.36,-2.32,1831971.0,2992380.0,0.61,154563398.3,40.06,49.24,False,False,False,-1.71,-2.39,0.00356622,0.0037288,-4.36,-4.07,False,-2.0,Risk review,Head-and-shoulders risk,"head-and-shoulders, risk, distribution",82.68,,,2.05,,,82.68,"A possible head-and-shoulders top is forming or breaking. This is a caution signal, not an entry setup.",Risk review,-1.51
IREDA,Indian Renewable Energy Development Agency Ltd.,IREDA.NS,Financial Services,True,,NIFTY 500,^CRSLDX,2026-08-13,117.4,-0.34,-2.99,-2.84,2414857.0,5018677.0,0.48,283504215.48,36.41,46.15,False,False,False,-2.34,-4.65,0.00496236,0.00531378,-6.61,-4.59,False,-2.0,Risk review,Head-and-shoulders risk,"head-and-shoulders, risk, distribution",115.58,,,1.58,,,115.58,"A possible head-and-shoulders top is forming or breaking. This is a caution signal, not an entry setup.",Risk review,-1.62
INDIACEM,India Cements Ltd.,INDIACEM.NS,Construction Materials,True,,NIFTY 500,^CRSLDX,2026-08-13,382.0,-0.91,-2.81,-1.77,82967.0,403932.0,0.21,31693394.0,43.03,50.36,False,False,False,-3.62,-1.35,0.01614669,0.01673558,-3.52,-3.41,False,-3.0,Risk review,Head-and-shoulders risk,"head-and-shoulders, risk, distribution",386.9,,,1.27,,,386.9,"A possible head-and-shoulders top is forming or breaking. This is a caution signal, not an entry setup.",Risk review,-1.73
ABFRL,Aditya Birla Fashion and Retail Ltd.,ABFRL.NS,Consumer Services,True,,NIFTY 500,^CRSLDX,2026-08-13,56.73,-0.75,-10.32,-4.27,3507762.0,6789518.0,0.52,198995336.65,40.82,63.16,False,False,False,-3.6,-4.82,0.00239791,0.00257658,-6.93,-5.86,False,-2.0,Risk review,Head-and-shoulders risk,"head-and-shoulders, risk, distribution",55.8,,,1.66,,,55.8,"A possible head-and-shoulders top is forming or breaking. This is a caution signal, not an entry setup.",Risk review,-1.87
DOMS,DOMS Industries Ltd.,DOMS.NS,Fast Moving Consumer Goods,True,,NIFTY 500,^CRSLDX,2026-08-13,2234.6,-0.33,-0.74,-2.54,16575.0,55331.0,0.3,37038496.62,44.76,47.01,False,False,False,-0.94,-1.2,0.09445391,0.09765129,-3.27,-4.17,False,-3.0,Risk review,Head-and-shoulders risk,"head-and-shoulders, risk, distribution",2273.25,,,1.7,,,2273.25,"A possible head-and-shoulders top is forming or breaking. This is a caution signal, not an entry setup.",Risk review,-1.88
SJVN,SJVN Ltd.,SJVN.NS,Power,True,,NIFTY 500,^CRSLDX,2026-08-13,67.13,0.03,-1.9,-4.17,960064.0,1872257.0,0.51,64449093.68,33.91,40.86,False,False,False,-1.7,-4.91,0.00283751,0.00305108,-7.0,-5.89,False,-2.0,Risk review,Head-and-shoulders risk,"head-and-shoulders, risk, distribution",66.76,,,0.55,,,66.76,"A possible head-and-shoulders top is forming or breaking. This is a caution signal, not an entry setup.",Risk review,-1.88
LATENTVIEW,Latent View Analytics Ltd.,LATENTVIEW.NS,Information Technology,True,,NIFTY 500,^CRSLDX,2026-08-13,285.25,-1.65,-4.21,-4.88,478562.0,1029086.0,0.47,136509810.5,39.36,47.71,False,False,False,-5.35,-4.25,0.01205718,0.01289219,-6.48,-6.47,False,-2.0,Risk review,Head-and-shoulders risk,"head-and-shoulders, risk, distribution",279.97,,,1.88,,,279.97,"A possible head-and-shoulders top is forming or breaking. This is a caution signal, not an entry setup.",Risk review,-1.9
ANURAS,Anupam Rasayan India Ltd.,ANURAS.NS,Chemicals,True,,NIFTY 500,^CRSLDX,2026-08-13,1207.8,0.28,-0.43,-4.82,138085.0,205894.0,0.67,166779069.74,32.41,31.42,False,False,False,-1.49,-3.74,0.05105229,0.05426542,-5.92,-6.53,False,-2.0,Risk review,Head-and-shoulders risk,"head-and-shoulders, risk, distribution",1181.8,,,2.2,,,1181.8,"A possible head-and-shoulders top is forming or breaking. This is a caution signal, not an entry setup.",Risk review,-1.9
NBCC,NBCC (India) Ltd.,NBCC.NS,Construction,True,,NIFTY 500,^CRSLDX,2026-08-13,92.07,-0.11,-4.34,-5.38,4905548.0,6067347.0,0.81,451653802.86,35.19,46.66,False,False,False,-2.94,-8.28,0.00389169,0.00433468,-10.22,-7.08,False,-2.0,Risk review,Head-and-shoulders risk,"head-and-shoulders, risk, distribution",90.59,,,1.63,,,90.59,"A possible head-and-shoulders top is forming or breaking. This is a caution signal, not an entry setup.",Risk review,-1.9
MFSL,Max Financial Services Ltd.,MFSL.NS,Financial Services,True,,NIFTY 500,^CRSLDX,2026-08-13,1512.4,-0.24,-0.42,-6.13,476778.0,686883.0,0.69,721079058.84,43.27,41.65,False,False,False,-0.59,-4.09,0.06392737,0.06812907,-6.17,-7.69,False,-2.0,Risk review,Head-and-shoulders risk,"head-and-shoulders, risk, distribution",1497.5,,,0.99,,,1497.5,"A possible head-and-shoulders top is forming or breaking. This is a caution signal, not an entry setup.",Risk review,-1.9
TECHNOE,Techno Electric & Engineering Company Ltd.,TECHNOE.NS,Construction,True,,NIFTY 500,^CRSLDX,2026-08-13,983.6,0.06,-0.87,-6.19,231837.0,208123.0,1.11,228034867.54,41.76,41.45,False,False,False,-2.51,-5.3,0.04157561,0.0448588,-7.32,-7.75,False,-2.0,Risk review,Head-and-shoulders risk,"head-and-shoulders, risk, distribution",958.5,,,2.62,,,958.5,"A possible head-and-shoulders top is forming or breaking. This is a caution signal, not an entry setup.",Risk review,-1.9
AXISBANK,Axis Bank Ltd.,AXISBANK.NS,Financial Services,True,,NIFTY 500,^CRSLDX,2026-08-13,1221.8,-0.67,-2.72,-6.56,5257241.0,7995397.0,0.66,6423297310.5,37.15,44.55,False,False,False,-1.81,-6.0,0.05164405,0.05603871,-7.84,-8.24,False,-2.0,Risk review,Head-and-shoulders risk,"head-and-shoulders, risk, distribution",1183.6,,,3.23,,,1183.6,"A possible head-and-shoulders top is forming or breaking. This is a caution signal, not an entry setup.",Risk review,-1.9
UPL,UPL Ltd.,UPL.NS,Chemicals,True,,NIFTY 500,^CRSLDX,2026-08-13,568.15,-0.41,-0.8,-8.34,1029106.0,1854535.0,0.55,584686599.02,38.93,39.71,False,False,False,-4.37,-4.48,0.02401503,0.02573544,-6.68,-9.99,False,-2.0,Risk review,Head-and-shoulders risk,"head-and-shoulders, risk, distribution",564.15,,,0.71,,,564.15,"A possible head-and-shoulders top is forming or breaking. This is a caution signal, not an entry setup.",Risk review,-1.9
TRIDENT,Trident Ltd.,TRIDENT.NS,Textiles,True,,NIFTY 500,^CRSLDX,2026-08-13,24.66,0.0,-0.96,-2.57,1630728.0,6609983.0,0.25,40213752.23,41.29,44.5,False,False,False,-1.24,-2.39,0.00104235,0.001089,-4.28,-4.32,False,-3.0,Risk review,Head-and-shoulders risk,"head-and-shoulders, risk, distribution",24.81,,,0.58,,,24.81,"A possible head-and-shoulders top is forming or breaking. This is a caution signal, not an entry setup.",Risk review,-1.91
BIKAJI,Bikaji Foods International Ltd.,BIKAJI.NS,Fast Moving Consumer Goods,True,,NIFTY 500,^CRSLDX,2026-08-13,616.9,1.2,-1.18,-2.72,71192.0,96152.0,0.74,43918346.54,37.88,38.65,False,False,False,-2.76,-4.36,0.02607564,0.02789511,-6.52,-4.34,False,-3.0,Risk review,Head-and-shoulders risk,"head-and-shoulders, risk, distribution",645.55,,,4.44,,,645.55,"A possible head-and-shoulders top is forming or breaking. This is a caution signal, not an entry setup.",Risk review,-1.92
COALINDIA,Coal India Ltd.,COALINDIA.NS,Oil Gas & Consumable Fuels,True,,NIFTY 500,^CRSLDX,2026-08-13,410.5,0.29,-1.23,-2.66,4422519.0,6919723.0,0.64,1815444049.5,37.81,41.3,False,False,False,-1.29,-4.13,0.01735135,0.01854073,-6.41,-4.41,False,-3.0,Risk review,Head-and-shoulders risk,"head-and-shoulders, risk, distribution",415.53,,,1.21,,,415.53,"A possible head-and-shoulders top is forming or breaking. This is a caution signal, not an entry setup.",Risk review,-1.93
ONGC,Oil & Natural Gas Corporation Ltd.,ONGC.NS,Oil Gas & Consumable Fuels,True,,NIFTY 500,^CRSLDX,2026-08-13,239.9,0.36,0.88,-2.78,7263414.0,11370687.0,0.64,1742492974.27,42.51,36.87,False,False,False,-1.25,-1.8,0.01014029,0.01058432,-4.2,-4.52,False,-3.0,Risk review,Head-and-shoulders risk,"head-and-shoulders, risk, distribution",243.0,,,1.28,,,243.0,"A possible head-and-shoulders top is forming or breaking. This is a caution signal, not an entry setup.",Risk review,-1.95
FACT,Fertilisers and Chemicals Travancore Ltd.,FACT.NS,Chemicals,True,,NIFTY 500,^CRSLDX,2026-08-13,818.95,-0.07,-2.86,-3.49,46376.0,76022.0,0.61,37979625.77,39.82,49.46,False,False,False,-1.1,-5.09,0.03461605,0.0372924,-7.18,-5.1,False,-3.0,Risk review,Head-and-shoulders risk,"head-and-shoulders, risk, distribution",848.5,,,3.48,,,848.5,"A possible head-and-shoulders top is forming or breaking. This is a caution signal, not an entry setup.",Risk review,-2.07
CROMPTON,Crompton Greaves Consumer Electricals Ltd.,CROMPTON.NS,Consumer Durables,True,,NIFTY 500,^CRSLDX,2026-08-13,248.15,0.12,-8.09,-3.52,1237164.0,3654425.0,0.34,307002239.05,41.53,59.63,False,False,False,-2.79,-4.69,0.01048901,0.01123849,-6.67,-5.26,False,-3.0,Risk review,Head-and-shoulders risk,"head-and-shoulders, risk, distribution, inverse-head-and-shoulders, base, reversal",250.03,,,0.75,,,250.03,"A possible head-and-shoulders top is forming or breaking. This is a caution signal, not an entry setup. Secondary patterns: Possible inverse H&S.",Risk review,-2.1
DABUR,Dabur India Ltd.,DABUR.NS,Fast Moving Consumer Goods,True,,NIFTY 500,^CRSLDX,2026-08-13,410.0,-0.3,-0.32,-3.71,730758.0,2126906.0,0.34,299610780.0,38.95,38.58,False,False,False,-2.46,-3.25,0.01733022,0.01831163,-5.36,-5.31,False,-3.0,Risk review,Head-and-shoulders risk,"head-and-shoulders, risk, distribution",427.48,,,4.09,,,427.48,"A possible head-and-shoulders top is forming or breaking. This is a caution signal, not an entry setup.",Risk review,-2.11
TATACHEM,Tata Chemicals Ltd.,TATACHEM.NS,Chemicals,True,,NIFTY 500,^CRSLDX,2026-08-13,672.05,-0.16,1.32,-3.77,355042.0,641363.0,0.55,238605971.77,42.05,35.48,False,False,False,-1.06,-4.44,0.02840676,0.03037777,-6.49,-5.38,False,-3.0,Risk review,Head-and-shoulders risk,"head-and-shoulders, risk, distribution",692.08,,,2.89,,,692.08,"A possible head-and-shoulders top is forming or breaking. This is a caution signal, not an entry setup.",Risk review,-2.13
MUTHOOTFIN,Muthoot Finance Ltd.,MUTHOOTFIN.NS,Financial Services,True,,NIFTY 500,^CRSLDX,2026-08-13,2875.7,-0.02,-0.64,-4.02,1175168.0,1249380.0,0.94,3379430560.22,39.56,40.26,False,False,False,-2.98,-4.85,0.12155245,0.13067415,-6.98,-5.74,False,-3.0,Risk review,Head-and-shoulders risk,"head-and-shoulders, risk, distribution",3385.25,,,15.05,,,3385.25,"A possible head-and-shoulders top is forming or breaking. This is a caution signal, not an entry setup.",Risk review,-2.2
IRB,IRB Infrastructure Developers Ltd.,IRB.NS,Construction,True,,NIFTY 500,^CRSLDX,2026-08-13,19.21,-0.62,-3.61,-4.19,5396973.0,10641653.0,0.51,103675846.39,33.52,44.9,False,False,False,-2.76,-5.86,0.00081198,0.00088156,-7.89,-5.91,False,-3.0,Risk review,Head-and-shoulders risk,"head-and-shoulders, risk, distribution",19.64,,,2.16,,,19.64,"A possible head-and-shoulders top is forming or breaking. This is a caution signal, not an entry setup.",Risk review,-2.23
SYNGENE,Syngene International Ltd.,SYNGENE.NS,Healthcare,True,,NIFTY 500,^CRSLDX,2026-08-13,401.3,-1.8,0.39,-4.32,810275.0,1794825.0,0.45,325163347.61,43.22,41.43,False,False,False,-1.27,-5.34,0.01696248,0.01831679,-7.39,-6.04,False,-3.0,Risk review,Head-and-shoulders risk,"head-and-shoulders, risk, distribution",404.95,,,0.9,,,404.95,"A possible head-and-shoulders top is forming or breaking. This is a caution signal, not an entry setup.",Risk review,-2.25
PFC,Power Finance Corporation Ltd.,PFC.NS,Financial Services,True,,NIFTY 500,^CRSLDX,2026-08-13,378.95,0.65,-9.34,-4.7,8781396.0,7803545.0,1.13,3327710121.39,28.68,52.24,False,False,False,-7.19,-8.61,0.01601777,0.01790561,-10.54,-6.41,False,-3.0,Risk review,Head-and-shoulders risk,"head-and-shoulders, risk, distribution",379.93,,,0.26,,,379.93,"A possible head-and-shoulders top is forming or breaking. This is a caution signal, not an entry setup.",Risk review,-2.25
POWERGRID,Power Grid Corporation of India Ltd.,POWERGRID.NS,Power,True,,NIFTY 500,^CRSLDX,2026-08-13,266.6,-1.06,-1.53,-5.04,9704703.0,8999876.0,1.08,2587273879.03,30.05,31.33,False,False,False,-5.15,-6.16,0.01126887,0.01227201,-8.17,-6.75,False,-3.0,Risk review,Head-and-shoulders risk,"head-and-shoulders, risk, distribution",270.1,,,1.3,,,270.1,"A possible head-and-shoulders top is forming or breaking. This is a caution signal, not an entry setup.",Risk review,-2.25
WAAREEENER,Waaree Energies Ltd.,WAAREEENER.NS,Capital Goods,True,,NIFTY 500,^CRSLDX,2026-08-13,2687.0,0.71,0.98,-5.06,229539.0,907937.0,0.25,616771293.0,42.34,37.38,False,False,False,-0.79,-6.03,0.11357632,0.12362616,-8.13,-6.77,False,-3.0,Risk review,Head-and-shoulders risk,"head-and-shoulders, risk, distribution",2751.5,,,2.34,,,2751.5,"A possible head-and-shoulders top is forming or breaking. This is a caution signal, not an entry setup.",Risk review,-2.25
TENNIND,Tenneco Clean Air India Ltd.,TENNIND.NS,Automobile and Auto Components,True,,NIFTY 500,^CRSLDX,2026-08-13,533.4,-1.34,-6.51,-5.52,2459575.0,3835616.0,0.64,1311937365.05,39.15,53.21,False,False,,-3.14,-6.36,0.02254619,0.02462041,-8.42,-7.09,False,-3.0,Risk review,Head-and-shoulders risk,"head-and-shoulders, risk, distribution",551.3,,,3.25,,,551.3,"A possible head-and-shoulders top is forming or breaking. This is a caution signal, not an entry setup.",Risk review,-2.25
INOXWIND,Inox Wind Ltd.,INOXWIND.NS,Capital Goods,True,,NIFTY 500,^CRSLDX,2026-08-13,74.1,0.14,-5.24,-5.95,6703564.0,12162789.0,0.55,496734082.17,35.2,42.8,False,False,False,-3.72,-10.48,0.00313212,0.00357332,-12.35,-7.64,False,-3.0,Risk review,Head-and-shoulders risk,"head-and-shoulders, risk, distribution",82.74,,,10.44,,,82.74,"A possible head-and-shoulders top is forming or breaking. This is a caution signal, not an entry setup.",Risk review,-2.25
AFCONS,Afcons Infrastructure Ltd.,AFCONS.NS,Construction,True,,NIFTY 500,^CRSLDX,2026-08-13,271.6,1.36,-2.57,-6.4,405099.0,2366131.0,0.17,110024890.87,38.91,38.29,False,False,False,-2.98,-9.11,0.01148021,0.0129305,-11.22,-7.96,False,-3.0,Risk review,Head-and-shoulders risk,"head-and-shoulders, risk, distribution",277.8,,,2.23,,,277.8,"A possible head-and-shoulders top is forming or breaking. This is a caution signal, not an entry setup.",Risk review,-2.25
HBLENGINE,HBL Engineering Ltd.,HBLENGINE.NS,Capital Goods,True,,NIFTY 500,^CRSLDX,2026-08-13,693.05,0.22,-5.85,-6.51,448503.0,825873.0,0.54,310834998.68,36.96,48.21,False,False,False,-3.04,-8.77,0.02929441,0.03279266,-10.67,-8.19,False,-3.0,Risk review,Head-and-shoulders risk,"head-and-shoulders, risk, distribution",710.6,,,2.47,,,710.6,"A possible head-and-shoulders top is forming or breaking. This is a caution signal, not an entry setup.",Risk review,-2.25
JKTYRE,JK Tyre & Industries Ltd.,JKTYRE.NS,Automobile and Auto Components,True,,NIFTY 500,^CRSLDX,2026-08-13,383.5,-0.78,-7.2,-7.82,558478.0,954815.0,0.58,214176313.0,41.58,59.75,False,False,False,-3.23,-2.64,0.01621009,0.01699254,-4.6,-9.47,False,-3.0,Risk review,Head-and-shoulders risk,"head-and-shoulders, risk, distribution",407.3,,,5.84,,,407.3,"A possible head-and-shoulders top is forming or breaking. This is a caution signal, not an entry setup.",Risk review,-2.25
LICHSGFIN,LIC Housing Finance Ltd.,LICHSGFIN.NS,Financial Services,True,,NIFTY 500,^CRSLDX,2026-08-13,502.0,-1.18,-0.59,-8.18,1371013.0,1412202.0,0.97,688248526.0,33.78,31.47,False,False,False,-4.76,-7.09,0.02121895,0.02333769,-9.08,-9.84,False,-3.0,Risk review,Head-and-shoulders risk,"head-and-shoulders, risk, distribution",533.52,,,5.91,,,533.52,"A possible head-and-shoulders top is forming or breaking. This is a caution signal, not an entry setup.",Risk review,-2.25
TORNTPOWER,Torrent Power Ltd.,TORNTPOWER.NS,Power,True,,NIFTY 500,^CRSLDX,2026-08-13,1318.0,-0.08,-0.54,-8.54,140424.0,341650.0,0.41,185078832.0,32.75,30.56,False,False,False,-5.0,-6.23,0.05571031,0.06078493,-8.35,-10.07,False,-3.0,Risk review,Head-and-shoulders risk,"head-and-shoulders, risk, distribution",1319.45,,,0.11,,,1319.45,"A possible head-and-shoulders top is forming or breaking. This is a caution signal, not an entry setup.",Risk review,-2.25
NLCINDIA,NLC India Ltd.,NLCINDIA.NS,Power,True,,NIFTY 500,^CRSLDX,2026-08-13,274.35,-0.87,-9.75,-9.25,1988897.0,2330410.0,0.85,545653904.09,30.82,50.82,False,False,False,-6.66,-10.87,0.01159645,0.01333484,-13.04,-10.76,False,-3.0,Risk review,Head-and-shoulders risk,"head-and-shoulders, risk, distribution",283.1,,,3.09,,,283.1,"A possible head-and-shoulders top is forming or breaking. This is a caution signal, not an entry setup.",Risk review,-2.25
SOBHA,Sobha Ltd.,SOBHA.NS,Realty,True,,NIFTY 500,^CRSLDX,2026-08-13,1342.6,0.67,-0.98,-10.07,35743.0,252260.0,0.14,47988550.93,40.14,39.83,False,False,False,-2.3,-3.64,0.05675012,0.06009959,-5.57,-11.69,False,-3.0,Risk review,Head-and-shoulders risk,"head-and-shoulders, risk, distribution",1349.4,,,0.5,,,1349.4,"A possible head-and-shoulders top is forming or breaking. This is a caution signal, not an entry setup.",Risk review,-2.25
HDFCBANK,HDFC Bank Ltd.,HDFCBANK.NS,Financial Services,True,,NIFTY 500,^CRSLDX,2026-08-13,725.0,-0.55,-1.27,-10.31,22088242.0,30667978.0,0.72,16013975450.0,32.2,35.59,False,False,False,-2.92,-5.91,0.0306449,0.03322896,-7.78,-11.92,False,-3.0,Risk review,Head-and-shoulders risk,"head-and-shoulders, risk, distribution",732.15,,,0.98,,,732.15,"A possible head-and-shoulders top is forming or breaking. This is a caution signal, not an entry setup.",Risk review,-2.25
KEC,Kec International Ltd.,KEC.NS,Construction,True,,NIFTY 500,^CRSLDX,2026-08-13,444.65,0.65,-5.83,-11.36,469418.0,963044.0,0.49,208726710.83,34.45,44.07,False,False,False,-5.26,-9.41,0.01879483,0.0211967,-11.33,-12.84,False,-3.0,Risk review,Head-and-shoulders risk,"head-and-shoulders, risk, distribution",644.02,,,30.96,,,644.02,"A possible head-and-shoulders top is forming or breaking. This is a caution signal, not an entry setup.",Risk review,-2.25
JAINREC,Jain Resource Recycling Ltd.,JAINREC.NS,Metals & Mining,True,,NIFTY 500,^CRSLDX,2026-08-13,301.45,-0.51,-4.41,-12.25,685702.0,1805310.0,0.38,206704876.27,32.42,35.13,False,False,False,-7.63,-11.65,0.01274194,0.01474649,-13.59,-13.83,False,-3.0,Risk review,Head-and-shoulders risk,"head-and-shoulders, risk, distribution",350.35,,,13.96,,,350.35,"A possible head-and-shoulders top is forming or breaking. This is a caution signal, not an entry setup.",Risk review,-2.25
TARIL,Transformers And Rectifiers (India) Ltd.,TARIL.NS,Capital Goods,True,,NIFTY 500,^CRSLDX,2026-08-13,292.0,-0.15,-1.4,-12.43,538346.0,1397224.0,0.39,157197032.0,36.58,38.48,False,False,False,-3.05,-8.88,0.0123425,0.01382777,-10.74,-14.01,False,-3.0,Risk review,Head-and-shoulders risk,"head-and-shoulders, risk, distribution",309.4,,,5.62,,,309.4,"A possible head-and-shoulders top is forming or breaking. This is a caution signal, not an entry setup.",Risk review,-2.25
BLUESTARCO,Blue Star Ltd.,BLUESTARCO.NS,Consumer Durables,True,,NIFTY 500,^CRSLDX,2026-08-13,1514.0,1.61,-3.63,-12.65,239698.0,554025.0,0.43,362902772.0,35.49,38.02,False,False,False,-6.98,-6.96,0.063995,0.07024263,-8.89,-14.22,False,-3.0,Risk review,Head-and-shoulders risk,"head-and-shoulders, risk, distribution",1547.5,,,2.16,,,1547.5,"A possible head-and-shoulders top is forming or breaking. This is a caution signal, not an entry setup.",Risk review,-2.25
CIEINDIA,CIE Automotive India Ltd.,CIEINDIA.NS,Automobile and Auto Components,True,,NIFTY 500,^CRSLDX,2026-08-13,408.6,-0.75,-0.41,-13.54,188635.0,815748.0,0.23,77076262.15,35.85,35.55,False,False,False,-3.76,-8.41,0.01727104,0.01925861,-10.32,-15.1,False,-3.0,Risk review,Head-and-shoulders risk,"head-and-shoulders, risk, distribution",409.23,,,0.15,,,409.23,"A possible head-and-shoulders top is forming or breaking. This is a caution signal, not an entry setup.",Risk review,-2.25
GALLANTT,Gallantt Ispat Ltd.,GALLANTT.NS,Capital Goods,True,,NIFTY 500,^CRSLDX,2026-08-13,573.45,-2.92,-6.81,-16.76,89436.0,213927.0,0.42,51287075.29,39.25,47.28,False,False,False,-3.87,-11.44,0.02423906,0.02793692,-13.24,-18.15,False,-3.0,Risk review,Head-and-shoulders risk,"head-and-shoulders, risk, distribution, breakout, retest, pivot, volume",580.17,,,1.16,,,580.17,"A possible head-and-shoulders top is forming or breaking. This is a caution signal, not an entry setup. Secondary patterns: Breakout retest.",Risk review,-2.25
