symbol,name,ticker,sector,downloaded,download_note,source_index,benchmark_ticker,last_date,last,return_1d_pct,return_5d_pct,return_20d_pct,volume,avg_volume_20,volume_ratio_20d,turnover_proxy,rsi_14,rsi_5d_ago,above_sma_10,above_sma_20,above_sma_50,above_sma_100,above_sma_200,distance_sma_20_pct,distance_sma_50_pct,ma200_roc20_pct,supertrend_bullish,new_high20,within_3pct_ath,at_ath,rs_acceleration_pct,rs_ratio,rs_ratio_sma_50,rs_distance_sma_50_pct,rs_return_20d_pct,rs_above_50dma,trend_raw,breakout_raw,volume_raw,setup_score,setup_quality,primary_setup,setup_tags,setup_pivot_level,setup_breakout_date,setup_volume_ratio,setup_retest_gap_pct,setup_flag_depth_pct,setup_impulse_return_pct,setup_neckline_level,setup_commentary,rotation_signal,rotation_score
KFINTECH,Kfin Technologies Ltd.,KFINTECH.NS,Financial Services,True,,NIFTY 500,^CRSLDX,2026-08-21,980.0,1.98,4.26,14.25,2709720.0,1573999.0,1.72,2655525600.0,63.08,57.06,True,True,True,True,True,3.52,8.57,-1.56,False,True,False,False,10.93,0.04164843,0.03868144,7.67,11.26,True,0.3333333333333333,0.5,1.72,5.05,Actionable watch,Breakout retest,"breakout, retest, pivot, volume, inverse-head-and-shoulders, base, reversal",942.54,2026-07-28,2.3,1.12,,,,Prior resistance has been cleared on higher volume and price is back near that pivot. This is the kind of retest zone where follow-through can matter more than chasing a stretched candle. Secondary patterns: Possible inverse H&S.,Strengthening with volume,7.9
ACMESOLAR,ACME Solar Holdings Ltd.,ACMESOLAR.NS,Power,True,,NIFTY 500,^CRSLDX,2026-08-21,401.6,1.06,7.35,9.77,4539592.0,2296702.0,1.98,1823100174.91,67.05,53.71,True,True,True,True,True,7.69,8.58,3.31,False,True,True,True,3.58,0.01706736,0.01585032,7.68,6.89,True,1.0,1.0,1.98,4.14,Actionable watch,Breakout retest,"breakout, retest, pivot, volume, inverse-head-and-shoulders, base, reversal",395.95,2026-08-21,2.09,0.77,,,,Prior resistance has been cleared on higher volume and price is back near that pivot. This is the kind of retest zone where follow-through can matter more than chasing a stretched candle. Secondary patterns: Possible inverse H&S.,Strengthening with volume,7.9
BALRAMCHIN,Balrampur Chini Mills Ltd.,BALRAMCHIN.NS,Fast Moving Consumer Goods,True,,NIFTY 500,^CRSLDX,2026-08-21,729.35,-4.92,16.72,19.54,19992314.0,3428113.0,5.83,14581393727.81,66.61,54.39,True,True,True,True,True,13.98,22.17,3.59,False,False,False,False,1.19,0.0309962,0.02560862,21.04,16.4,True,1.0,0.0,5.83,3.4,Actionable watch,Possible inverse H&S,"inverse-head-and-shoulders, base, reversal",460.95,,,58.23,,,460.95,A possible inverse head-and-shoulders base is visible. The setup improves only if price clears or holds near the neckline with better volume.,Strengthening with volume,7.69
ENDURANCE,Endurance Technologies Ltd.,ENDURANCE.NS,Automobile and Auto Components,True,,NIFTY 500,^CRSLDX,2026-08-21,3029.5,0.93,4.5,15.49,271213.0,161976.0,1.67,821639783.5,65.61,58.16,True,True,True,True,True,4.63,9.81,0.04,False,True,True,True,14.02,0.12874889,0.11816479,8.96,12.46,True,1.0,1.0,1.67,3.4,Actionable watch,Possible inverse H&S,"inverse-head-and-shoulders, base, reversal",2771.5,,,9.31,,,2771.5,A possible inverse head-and-shoulders base is visible. The setup improves only if price clears or holds near the neckline with better volume.,Strengthening with volume,7.69
CARBORUNIV,Carborundum Universal Ltd.,CARBORUNIV.NS,Capital Goods,True,,NIFTY 500,^CRSLDX,2026-08-21,1169.8,2.83,1.58,10.17,751724.0,237453.0,3.17,879366771.91,59.21,58.83,True,True,True,True,True,5.65,5.03,2.15,False,False,False,False,13.38,0.04971462,0.04771532,4.19,7.29,True,1.0,0.0,3.17,3.4,Actionable watch,Possible inverse H&S,"inverse-head-and-shoulders, base, reversal",961.2,,,21.7,,,961.2,A possible inverse head-and-shoulders base is visible. The setup improves only if price clears or holds near the neckline with better volume.,Strengthening with volume,7.69
GRASIM,Grasim Industries Ltd.,GRASIM.NS,Construction Materials,True,,NIFTY 500,^CRSLDX,2026-08-21,3308.0,0.24,1.83,7.41,1465187.0,923164.0,1.59,4846838596.0,59.7,54.91,True,True,True,True,True,2.5,4.33,1.32,False,False,True,False,4.92,0.14058469,0.13602127,3.35,4.59,True,1.0,0.5,1.59,3.4,Actionable watch,Possible inverse H&S,"inverse-head-and-shoulders, base, reversal",2913.6,,,13.54,,,2913.6,A possible inverse head-and-shoulders base is visible. The setup improves only if price clears or holds near the neckline with better volume.,Strengthening with volume,7.41
DIXON,Dixon Technologies (India) Ltd.,DIXON.NS,Consumer Durables,True,,NIFTY 500,^CRSLDX,2026-08-21,14850.0,0.0,5.1,7.25,582697.0,367971.0,1.58,8653050450.0,67.86,57.43,True,True,True,True,True,4.8,10.41,-1.65,False,True,False,False,-11.83,0.63110115,0.57646029,9.48,4.44,True,0.6666666666666666,0.5,1.58,3.4,Actionable watch,Possible inverse H&S,"inverse-head-and-shoulders, base, reversal",12835.0,,,15.7,,,12835.0,A possible inverse head-and-shoulders base is visible. The setup improves only if price clears or holds near the neckline with better volume.,Strengthening with volume,7.38
DATAPATTNS,Data Patterns (India) Ltd.,DATAPATTNS.NS,Capital Goods,True,,NIFTY 500,^CRSLDX,2026-08-21,4829.9,2.76,8.4,5.35,2315241.0,885278.0,2.62,11182382279.8,62.73,51.48,True,True,True,True,True,7.08,7.69,5.24,False,True,True,False,-0.25,0.20526299,0.19251446,6.62,2.59,True,1.0,1.0,2.62,5.1,Actionable watch,Breakout retest,"breakout, retest, pivot, volume, inverse-head-and-shoulders, base, reversal",4722.78,2026-08-21,2.77,0.16,,,,Prior resistance has been cleared on higher volume and price is back near that pivot. This is the kind of retest zone where follow-through can matter more than chasing a stretched candle. Secondary patterns: Possible inverse H&S.,Strengthening with volume,7.22
REDINGTON,Redington Ltd.,REDINGTON.NS,Services,True,,NIFTY 500,^CRSLDX,2026-08-21,350.55,0.7,4.94,35.32,5045121.0,12065853.0,0.42,1768567104.96,66.59,61.66,True,True,True,True,True,5.47,18.86,2.83,False,False,True,False,38.53,0.01489781,0.01259801,18.26,31.77,True,1.0,0.5,0.42,4.72,Actionable watch,High-tight flag,"flag, continuation, uptrend, high-tight, inverse-head-and-shoulders, base, reversal",354.85,2026-08-07,0.48,,9.96,57.99,,Price has made a sharp impulse move and is now consolidating near the highs. A controlled pullback with quieter volume keeps the continuation setup alive. Secondary patterns: Possible inverse H&S.,Strengthening,7.1
FINCABLES,Finolex Cables Ltd.,FINCABLES.NS,Capital Goods,True,,NIFTY 500,^CRSLDX,2026-08-21,1260.5,-2.38,1.09,26.19,548612.0,1990268.0,0.28,691525426.0,64.79,72.23,True,True,True,True,True,11.9,14.62,3.75,False,False,False,False,32.63,0.05356923,0.04711041,13.71,22.88,True,1.0,0.0,0.28,5.1,Actionable watch,Breakout retest,"breakout, retest, pivot, volume",1187.17,2026-08-11,36.41,5.73,,,,Prior resistance has been cleared on higher volume and price is back near that pivot. This is the kind of retest zone where follow-through can matter more than chasing a stretched candle.,Strengthening,7.1
BRIGADE,Brigade Enterprises Ltd.,BRIGADE.NS,Realty,True,,NIFTY 500,^CRSLDX,2026-08-21,639.3,2.17,8.07,22.09,1199117.0,537621.0,2.23,766595483.46,71.97,60.1,True,True,True,True,True,9.19,15.19,-2.51,False,True,False,False,17.96,0.02716922,0.02378939,14.21,18.89,True,0.3333333333333333,0.5,2.23,5.1,Actionable watch,Breakout retest,"breakout, retest, pivot, volume, inverse-head-and-shoulders, base, reversal",609.34,2026-08-20,3.52,1.61,,,,Prior resistance has been cleared on higher volume and price is back near that pivot. This is the kind of retest zone where follow-through can matter more than chasing a stretched candle. Secondary patterns: Possible inverse H&S.,Strengthening with volume,7.1
ATHERENERG,Ather Energy Ltd.,ATHERENERG.NS,Automobile and Auto Components,True,,NIFTY 500,^CRSLDX,2026-08-21,1462.0,0.86,-3.27,20.96,1559384.0,4349117.0,0.36,2279819408.0,61.28,69.99,False,True,True,True,True,3.72,17.58,8.99,False,False,False,False,-4.29,0.06213265,0.05331548,16.54,17.78,True,1.0,0.0,0.36,4.79,Actionable watch,High-tight flag,"flag, continuation, uptrend, high-tight",1569.4,2026-08-12,0.52,,10.39,63.38,,Price has made a sharp impulse move and is now consolidating near the highs. A controlled pullback with quieter volume keeps the continuation setup alive.,Strengthening,7.1
CHENNPETRO,Chennai Petroleum Corporation Ltd.,CHENNPETRO.NS,Oil Gas & Consumable Fuels,True,,NIFTY 500,^CRSLDX,2026-08-21,1393.5,0.22,5.42,19.71,882643.0,2796203.0,0.32,1229963020.5,61.5,59.21,True,True,True,True,True,7.89,17.75,5.53,False,False,False,False,5.39,0.05922151,0.05077622,16.63,16.57,True,1.0,0.0,0.32,5.1,Actionable watch,Breakout retest,"breakout, retest, pivot, volume",1352.5,2026-08-11,7.68,2.03,,,,Prior resistance has been cleared on higher volume and price is back near that pivot. This is the kind of retest zone where follow-through can matter more than chasing a stretched candle.,Strengthening,7.1
INDGN,Indegene Ltd.,INDGN.NS,Healthcare,True,,NIFTY 500,^CRSLDX,2026-08-21,567.8,0.19,2.16,15.76,364702.0,794073.0,0.46,207077791.15,64.52,60.75,True,True,True,True,True,3.6,8.22,0.09,False,False,True,False,16.8,0.02413059,0.02249924,7.25,12.72,True,1.0,0.5,0.46,5.1,Actionable watch,Breakout retest,"breakout, retest, pivot, volume, inverse-head-and-shoulders, base, reversal",542.3,2026-08-04,3.3,2.76,,,,Prior resistance has been cleared on higher volume and price is back near that pivot. This is the kind of retest zone where follow-through can matter more than chasing a stretched candle. Secondary patterns: Possible inverse H&S.,Strengthening,7.1
CARTRADE,Cartrade Tech Ltd.,CARTRADE.NS,Consumer Services,True,,NIFTY 500,^CRSLDX,2026-08-21,3072.9,6.14,9.83,15.68,2129176.0,711433.0,2.99,6542744722.47,68.61,53.63,True,True,True,True,True,8.8,11.9,0.73,False,True,False,False,13.19,0.13059331,0.11751257,11.13,12.65,True,1.0,0.5,2.99,5.1,Actionable watch,Breakout retest,"breakout, retest, pivot, volume, inverse-head-and-shoulders, base, reversal",2895.7,2026-08-21,3.41,0.2,,,,Prior resistance has been cleared on higher volume and price is back near that pivot. This is the kind of retest zone where follow-through can matter more than chasing a stretched candle. Secondary patterns: Possible inverse H&S.,Strengthening with volume,7.1
TATATECH,Tata Technologies Ltd.,TATATECH.NS,Information Technology,True,,NIFTY 500,^CRSLDX,2026-08-21,820.75,-0.39,-5.43,15.44,611938.0,2358720.0,0.26,502248113.5,55.54,68.83,False,True,True,True,True,1.92,7.7,1.85,False,False,False,False,16.57,0.03488056,0.03268679,6.71,12.41,True,1.0,0.0,0.26,5.1,Actionable watch,Breakout retest,"breakout, retest, pivot, volume, flag, continuation, uptrend, inverse-head-and-shoulders, base, reversal",778.02,2026-08-06,9.07,4.5,,,,"Prior resistance has been cleared on higher volume and price is back near that pivot. This is the kind of retest zone where follow-through can matter more than chasing a stretched candle. Secondary patterns: Bullish flag, Possible inverse H&S.",Strengthening,7.1
IFCI,IFCI Ltd.,IFCI.NS,Financial Services,True,,NIFTY 500,^CRSLDX,2026-08-21,80.91,-1.04,5.16,15.39,12843438.0,22493931.0,0.57,1039162615.61,62.36,55.95,True,True,True,True,True,6.36,5.21,3.22,False,False,False,False,20.5,0.00343855,0.00330718,3.97,12.36,True,1.0,0.0,0.57,5.1,Actionable watch,Breakout retest,"breakout, retest, pivot, volume, inverse-head-and-shoulders, base, reversal",79.13,2026-08-18,2.95,1.82,,,,Prior resistance has been cleared on higher volume and price is back near that pivot. This is the kind of retest zone where follow-through can matter more than chasing a stretched candle. Secondary patterns: Possible inverse H&S.,Strengthening,7.1
NATIONALUM,National Aluminium Co. Ltd.,NATIONALUM.NS,Metals & Mining,True,,NIFTY 500,^CRSLDX,2026-08-21,394.45,2.3,4.91,14.7,6391251.0,8780153.0,0.73,2521029034.97,59.24,52.49,True,True,True,True,True,4.98,9.16,4.5,False,False,False,False,7.25,0.01676349,0.01553922,7.88,11.69,True,1.0,0.0,0.73,5.1,Actionable watch,Breakout retest,"breakout, retest, pivot, volume, flag, continuation, uptrend",379.01,2026-08-12,5.08,1.47,,,,Prior resistance has been cleared on higher volume and price is back near that pivot. This is the kind of retest zone where follow-through can matter more than chasing a stretched candle. Secondary patterns: Bullish flag.,Strengthening,7.1
VIJAYA,Vijaya Diagnostic Centre Ltd.,VIJAYA.NS,Healthcare,True,,NIFTY 500,^CRSLDX,2026-08-21,1504.4,0.4,2.06,14.5,97322.0,228062.0,0.43,146411219.18,65.61,63.9,True,True,True,True,True,5.85,9.42,3.92,False,False,True,False,14.6,0.06393459,0.05891414,8.52,11.5,True,1.0,0.5,0.43,5.1,Actionable watch,Breakout retest,"breakout, retest, pivot, volume, flag, continuation, uptrend",1418.18,2026-08-12,6.55,3.7,,,,Prior resistance has been cleared on higher volume and price is back near that pivot. This is the kind of retest zone where follow-through can matter more than chasing a stretched candle. Secondary patterns: Bullish flag.,Strengthening,7.1
CLEAN,Clean Science and Technology Ltd.,CLEAN.NS,Chemicals,True,,NIFTY 500,^CRSLDX,2026-08-21,825.5,-1.1,0.49,14.49,255277.0,568158.0,0.45,210731163.5,59.91,63.78,True,True,True,True,True,4.75,6.18,-3.04,False,False,False,False,18.13,0.03508242,0.03334908,5.2,11.49,True,0.3333333333333333,0.0,0.45,4.74,Actionable watch,Breakout retest,"breakout, retest, pivot, volume, inverse-head-and-shoulders, base, reversal",808.31,2026-08-13,1.68,1.47,,,,Prior resistance has been cleared on higher volume and price is back near that pivot. This is the kind of retest zone where follow-through can matter more than chasing a stretched candle. Secondary patterns: Possible inverse H&S.,Strengthening,7.1
JINDALSAW,Jindal Saw Ltd.,JINDALSAW.NS,Capital Goods,True,,NIFTY 500,^CRSLDX,2026-08-21,291.65,8.12,9.19,14.22,16800852.0,1809429.0,9.29,4899968383.26,69.82,53.31,True,True,True,True,True,9.53,10.8,3.89,False,True,True,True,12.42,0.01239466,0.01127398,9.94,11.22,True,1.0,1.0,9.29,5.1,Actionable watch,Breakout retest,"breakout, retest, pivot, volume",279.98,2026-08-21,16.46,3.13,,,,Prior resistance has been cleared on higher volume and price is back near that pivot. This is the kind of retest zone where follow-through can matter more than chasing a stretched candle.,Strengthening with volume,7.1
KEI,KEI Industries Ltd.,KEI.NS,Capital Goods,True,,NIFTY 500,^CRSLDX,2026-08-21,5527.6,-2.6,-3.02,13.55,289580.0,528655.0,0.55,1600682436.28,53.54,68.67,False,True,True,True,True,1.65,3.95,2.79,False,False,False,False,17.36,0.23491413,0.22821404,2.94,10.57,True,1.0,0.0,0.55,4.76,Actionable watch,Breakout retest,"breakout, retest, pivot, volume, flag, continuation, uptrend, inverse-head-and-shoulders, base, reversal",5392.43,2026-06-17,1.72,1.86,,,,"Prior resistance has been cleared on higher volume and price is back near that pivot. This is the kind of retest zone where follow-through can matter more than chasing a stretched candle. Secondary patterns: Bullish flag, Possible inverse H&S.",Strengthening,7.1
BEML,BEML Ltd.,BEML.NS,Capital Goods,True,,NIFTY 500,^CRSLDX,2026-08-21,1935.4,-1.4,3.25,12.97,237451.0,473848.0,0.5,459562671.2,61.64,58.77,True,True,True,True,True,5.59,7.01,-1.94,False,False,False,False,11.18,0.08225139,0.07762248,5.96,10.01,True,0.6666666666666666,0.0,0.5,4.77,Actionable watch,Breakout retest,"breakout, retest, pivot, volume, inverse-head-and-shoulders, base, reversal",1892.39,2026-08-18,1.73,2.0,,,,Prior resistance has been cleared on higher volume and price is back near that pivot. This is the kind of retest zone where follow-through can matter more than chasing a stretched candle. Secondary patterns: Possible inverse H&S.,Strengthening,7.1
SYRMA,Syrma SGS Technology Ltd.,SYRMA.NS,Capital Goods,True,,NIFTY 500,^CRSLDX,2026-08-21,1439.3,-0.3,-1.67,11.84,602874.0,1732998.0,0.35,867716577.64,52.72,59.21,False,True,True,True,True,0.97,3.08,6.67,False,False,False,False,18.69,0.06116794,0.05975221,2.37,8.9,True,1.0,0.0,0.35,4.7,Actionable watch,Breakout retest,"breakout, retest, pivot, volume, flag, continuation, uptrend, inverse-head-and-shoulders, base, reversal",1462.5,2026-08-10,2.8,1.59,,,,"Prior resistance has been cleared on higher volume and price is back near that pivot. This is the kind of retest zone where follow-through can matter more than chasing a stretched candle. Secondary patterns: Bullish flag, Possible inverse H&S.",Strengthening,7.1
HEG,H.E.G. Ltd.,HEG.NS,Capital Goods,True,,NIFTY 500,^CRSLDX,2026-08-21,710.75,-0.17,1.39,10.51,926953.0,1863325.0,0.5,658831844.75,65.28,72.38,True,True,True,True,True,3.95,17.74,2.75,False,False,False,False,-17.84,0.03020573,0.0258841,16.7,7.61,True,1.0,0.0,0.5,4.6,Actionable watch,Breakout retest,"breakout, retest, pivot, volume, inverse-head-and-shoulders, base, reversal",687.97,2026-08-14,1.41,2.48,,,,Prior resistance has been cleared on higher volume and price is back near that pivot. This is the kind of retest zone where follow-through can matter more than chasing a stretched candle. Secondary patterns: Possible inverse H&S.,Strengthening,7.1
AARTIIND,Aarti Industries Ltd.,AARTIIND.NS,Chemicals,True,,NIFTY 500,^CRSLDX,2026-08-21,527.2,1.37,-1.29,10.34,995699.0,1794833.0,0.55,524932524.95,61.66,68.87,True,True,True,True,True,4.24,7.29,2.99,False,False,True,False,4.03,0.02240515,0.02105868,6.39,7.45,True,1.0,0.5,0.55,5.1,Actionable watch,Breakout retest,"breakout, retest, pivot, volume, flag, continuation, uptrend, inverse-head-and-shoulders, base, reversal",508.52,2026-08-12,3.64,1.55,,,,"Prior resistance has been cleared on higher volume and price is back near that pivot. This is the kind of retest zone where follow-through can matter more than chasing a stretched candle. Secondary patterns: Bullish flag, Possible inverse H&S.",Strengthening,7.1
ELGIEQUIP,Elgi Equipments Ltd.,ELGIEQUIP.NS,Capital Goods,True,,NIFTY 500,^CRSLDX,2026-08-21,634.35,0.3,4.08,9.88,701799.0,742841.0,0.94,445186178.52,65.71,62.14,True,True,True,True,True,6.97,7.16,2.19,False,False,True,False,10.14,0.02695886,0.0254023,6.13,7.0,True,1.0,0.5,0.94,5.1,Actionable watch,Breakout retest,"breakout, retest, pivot, volume, inverse-head-and-shoulders, base, reversal",623.94,2026-08-19,2.78,0.3,,,,Prior resistance has been cleared on higher volume and price is back near that pivot. This is the kind of retest zone where follow-through can matter more than chasing a stretched candle. Secondary patterns: Possible inverse H&S.,Strengthening,7.1
NAVINFLUOR,Navin Fluorine International Ltd.,NAVINFLUOR.NS,Chemicals,True,,NIFTY 500,^CRSLDX,2026-08-21,8206.5,-0.6,-0.35,9.13,135441.0,352553.0,0.38,1111496566.5,56.97,58.98,False,True,True,True,True,2.66,5.92,4.73,False,False,False,False,6.57,0.34876307,0.33211047,5.01,6.27,True,1.0,0.0,0.38,5.1,Actionable watch,Breakout retest,"breakout, retest, pivot, volume, flag, continuation, uptrend, inverse-head-and-shoulders, base, reversal",7873.0,2026-08-06,30.67,3.4,,,,"Prior resistance has been cleared on higher volume and price is back near that pivot. This is the kind of retest zone where follow-through can matter more than chasing a stretched candle. Secondary patterns: Bullish flag, Possible inverse H&S.",Strengthening,7.1
ZENTEC,Zen Technologies Ltd.,ZENTEC.NS,Capital Goods,True,,NIFTY 500,^CRSLDX,2026-08-21,1926.3,0.95,3.78,8.97,579747.0,621968.0,0.93,1116766674.41,63.46,62.75,True,True,True,True,True,9.03,6.96,2.55,False,False,False,False,5.38,0.08186466,0.07731198,5.89,6.11,True,1.0,0.0,0.93,5.1,Actionable watch,Breakout retest,"breakout, retest, pivot, volume, inverse-head-and-shoulders, base, reversal",1877.73,2026-08-18,6.16,0.42,,,,Prior resistance has been cleared on higher volume and price is back near that pivot. This is the kind of retest zone where follow-through can matter more than chasing a stretched candle. Secondary patterns: Possible inverse H&S.,Strengthening,7.1
LODHA,Lodha Developers Ltd.,LODHA.NS,Realty,True,,NIFTY 500,^CRSLDX,2026-08-21,1242.0,0.16,-0.15,8.94,1491523.0,2377266.0,0.63,1852471566.0,58.63,61.35,True,True,True,True,True,0.45,10.31,0.66,False,False,False,False,-15.73,0.05278301,0.04823062,9.44,6.08,True,1.0,0.0,0.63,4.66,Actionable watch,High-tight flag,"flag, continuation, uptrend, high-tight, inverse-head-and-shoulders, base, reversal",1311.74,2026-07-29,0.49,,10.7,52.71,,Price has made a sharp impulse move and is now consolidating near the highs. A controlled pullback with quieter volume keeps the continuation setup alive. Secondary patterns: Possible inverse H&S.,Strengthening,7.1
KOTAKBANK,Kotak Mahindra Bank Ltd.,KOTAKBANK.NS,Financial Services,True,,NIFTY 500,^CRSLDX,2026-08-21,402.8,1.37,2.98,4.69,15670073.0,9858518.0,1.59,6311905213.11,62.21,51.15,True,True,True,True,True,2.61,2.85,-0.94,False,True,False,False,6.89,0.01711835,0.01680089,1.89,1.95,True,0.3333333333333333,0.5,1.59,4.7,Actionable watch,Breakout retest,"breakout, retest, pivot, volume, inverse-head-and-shoulders, base, reversal",392.26,2026-08-21,1.61,1.54,,,,Prior resistance has been cleared on higher volume and price is back near that pivot. This is the kind of retest zone where follow-through can matter more than chasing a stretched candle. Secondary patterns: Possible inverse H&S.,Strengthening with volume,7.09
HINDCOPPER,Hindustan Copper Ltd.,HINDCOPPER.NS,Metals & Mining,True,,NIFTY 500,^CRSLDX,2026-08-21,572.7,2.25,8.25,18.53,13672441.0,11395818.0,1.2,7830207127.6,65.5,57.02,True,True,True,True,True,8.86,12.67,3.79,False,True,False,False,16.25,0.02433883,0.0218229,11.53,15.43,True,1.0,0.5,1.2,3.9,Actionable watch,Breakout retest,"breakout, retest, pivot, volume, inverse-head-and-shoulders, base, reversal",572.95,2026-05-18,2.47,0.04,,,,Prior resistance has been cleared on higher volume and price is back near that pivot. This is the kind of retest zone where follow-through can matter more than chasing a stretched candle. Secondary patterns: Possible inverse H&S.,Strengthening,7.07
ASAHIINDIA,Asahi India Glass Ltd.,ASAHIINDIA.NS,Automobile and Auto Components,True,,NIFTY 500,^CRSLDX,2026-08-21,965.75,1.49,2.83,8.72,229004.0,250134.0,0.92,221160613.0,65.48,62.96,True,True,True,True,True,6.05,8.09,-0.1,False,True,False,False,6.18,0.04104282,0.03832153,7.1,5.87,True,0.3333333333333333,0.5,0.92,5.1,Actionable watch,Breakout retest,"breakout, retest, pivot, volume, inverse-head-and-shoulders, base, reversal",939.05,2026-08-18,3.8,0.28,,,,Prior resistance has been cleared on higher volume and price is back near that pivot. This is the kind of retest zone where follow-through can matter more than chasing a stretched candle. Secondary patterns: Possible inverse H&S.,Strengthening,7.07
NAM-INDIA,Nippon Life India Asset Management Ltd.,NAM-INDIA.NS,Financial Services,True,,NIFTY 500,^CRSLDX,2026-08-21,1251.0,1.5,7.12,12.45,1545220.0,1073873.0,1.44,1933070220.0,63.26,49.56,True,True,True,True,True,5.64,6.41,3.24,False,True,True,True,10.97,0.05316549,0.05038766,5.51,9.5,True,1.0,1.0,1.44,3.85,Actionable watch,Breakout retest,"breakout, retest, pivot, volume, inverse-head-and-shoulders, base, reversal",1218.83,2026-08-21,1.49,0.6,,,,Prior resistance has been cleared on higher volume and price is back near that pivot. This is the kind of retest zone where follow-through can matter more than chasing a stretched candle. Secondary patterns: Possible inverse H&S.,Strengthening,7.05
KPIL,Kalpataru Projects International Ltd.,KPIL.NS,Construction,True,,NIFTY 500,^CRSLDX,2026-08-21,1404.5,1.22,3.87,8.05,151468.0,342285.0,0.44,212736806.0,61.84,56.03,True,True,True,True,True,5.4,4.6,0.68,False,True,True,False,9.72,0.05968899,0.05755074,3.72,5.21,True,1.0,1.0,0.44,5.1,Actionable watch,Breakout retest,"breakout, retest, pivot, volume, inverse-head-and-shoulders, base, reversal",1335.48,2026-08-12,28.24,3.85,,,,Prior resistance has been cleared on higher volume and price is back near that pivot. This is the kind of retest zone where follow-through can matter more than chasing a stretched candle. Secondary patterns: Possible inverse H&S.,Strengthening,6.94
RKFORGE,Ramkrishna Forgings Ltd.,RKFORGE.NS,Automobile and Auto Components,True,,NIFTY 500,^CRSLDX,2026-08-21,737.05,-1.12,0.61,26.92,507030.0,2117647.0,0.24,373706455.31,67.95,73.27,False,True,True,True,True,4.42,17.72,2.95,False,False,True,False,19.68,0.03132344,0.02686574,16.59,23.6,True,1.0,0.5,0.24,3.52,Actionable watch,Bullish flag,"flag, continuation, uptrend, inverse-head-and-shoulders, base, reversal",755.0,2026-08-17,0.55,,2.87,41.23,,Price has made a sharp impulse move and is now consolidating near the highs. A controlled pullback with quieter volume keeps the continuation setup alive. Secondary patterns: Possible inverse H&S.,Strengthening,6.93
NEULANDLAB,Neuland Laboratories Ltd.,NEULANDLAB.NS,Healthcare,True,,NIFTY 500,^CRSLDX,2026-08-21,23301.0,-1.13,-0.08,25.64,29207.0,113420.0,0.26,680552307.0,67.96,72.62,True,True,True,True,True,8.25,18.76,3.44,False,False,True,False,17.99,0.99025508,0.84055141,17.81,22.34,True,1.0,0.5,0.26,3.52,Actionable watch,Bullish flag,"flag, continuation, uptrend, inverse-head-and-shoulders, base, reversal",23661.0,2026-08-17,0.71,,3.0,41.76,,Price has made a sharp impulse move and is now consolidating near the highs. A controlled pullback with quieter volume keeps the continuation setup alive. Secondary patterns: Possible inverse H&S.,Strengthening,6.93
GLAND,Gland Pharma Ltd.,GLAND.NS,Healthcare,True,,NIFTY 500,^CRSLDX,2026-08-21,2819.3,-0.02,-5.08,19.36,244647.0,920361.0,0.27,689733299.05,62.87,78.08,False,True,True,True,True,4.81,12.84,4.06,False,False,False,False,12.53,0.11981573,0.1070935,11.88,16.23,True,1.0,0.0,0.27,3.47,Actionable watch,Bullish flag,"flag, continuation, uptrend, inverse-head-and-shoulders, base, reversal",2970.2,2026-08-14,0.56,,6.38,37.36,,Price has made a sharp impulse move and is now consolidating near the highs. A controlled pullback with quieter volume keeps the continuation setup alive. Secondary patterns: Possible inverse H&S.,Strengthening,6.91
TVSMOTOR,TVS Motor Company Ltd.,TVSMOTOR.NS,Automobile and Auto Components,True,,NIFTY 500,^CRSLDX,2026-08-21,4390.0,0.0,1.93,13.43,912606.0,1169308.0,0.78,4006340340.0,66.43,63.83,True,True,True,True,True,1.78,13.05,2.17,False,False,True,False,1.09,0.18656795,0.16626457,12.21,10.46,True,1.0,0.5,0.78,3.45,Actionable watch,Bullish flag,"flag, continuation, uptrend, inverse-head-and-shoulders, base, reversal",4466.2,2026-08-10,0.51,,3.94,35.86,,Price has made a sharp impulse move and is now consolidating near the highs. A controlled pullback with quieter volume keeps the continuation setup alive. Secondary patterns: Possible inverse H&S.,Strengthening,6.91
URBANCO,Urban Company Ltd.,URBANCO.NS,Consumer Services,True,,NIFTY 500,^CRSLDX,2026-08-21,158.6,9.01,9.84,22.23,65636609.0,14362071.0,4.57,10409966588.01,73.94,62.54,True,True,True,True,True,12.71,17.0,-1.14,False,True,False,False,18.2,0.00674025,0.00581177,15.98,19.02,True,0.6666666666666666,0.5,4.57,3.4,Actionable watch,Possible inverse H&S,"inverse-head-and-shoulders, base, reversal",147.85,,,7.27,,,147.85,A possible inverse head-and-shoulders base is visible. The setup improves only if price clears or holds near the neckline with better volume.,Strengthening with volume,6.89
APARINDS,Apar Industries Ltd.,APARINDS.NS,Capital Goods,True,,NIFTY 500,^CRSLDX,2026-08-21,16856.0,0.43,0.99,21.36,93071.0,192611.0,0.48,1568804776.0,59.8,61.41,False,True,True,True,True,6.29,10.47,6.71,False,False,False,False,30.73,0.71635293,0.65389095,9.55,18.18,True,1.0,0.0,0.48,3.4,Actionable watch,Possible inverse H&S,"inverse-head-and-shoulders, base, reversal, flag, continuation, uptrend",9447.5,,,78.42,,,9447.5,A possible inverse head-and-shoulders base is visible. The setup improves only if price clears or holds near the neckline with better volume. Secondary patterns: Bullish flag.,Strengthening,6.89
AFFLE,Affle 3i Ltd.,AFFLE.NS,Information Technology,True,,NIFTY 500,^CRSLDX,2026-08-21,1718.7,-0.62,2.99,18.92,73288.0,492836.0,0.15,125960082.02,61.39,58.59,True,True,True,True,True,3.71,10.99,-1.62,False,False,False,False,15.23,0.07304199,0.06640754,9.99,15.8,True,0.3333333333333333,0.0,0.15,3.4,Actionable watch,Possible inverse H&S,"inverse-head-and-shoulders, base, reversal",1588.05,,,8.23,,,1588.05,A possible inverse head-and-shoulders base is visible. The setup improves only if price clears or holds near the neckline with better volume.,Strengthening,6.89
TBOTEK,TBO Tek Ltd.,TBOTEK.NS,Consumer Services,True,,NIFTY 500,^CRSLDX,2026-08-21,1696.5,-0.36,3.87,18.72,157423.0,369719.0,0.43,267068119.5,63.89,62.24,True,True,True,True,True,5.22,11.16,0.41,False,False,True,False,16.93,0.07209853,0.0653625,10.31,15.61,True,1.0,0.5,0.43,3.4,Actionable watch,Possible inverse H&S,"inverse-head-and-shoulders, base, reversal",1458.3,,,16.33,,,1458.3,A possible inverse head-and-shoulders base is visible. The setup improves only if price clears or holds near the neckline with better volume.,Strengthening,6.89
SAILIFE,Sai Life Sciences Ltd.,SAILIFE.NS,Healthcare,True,,NIFTY 500,^CRSLDX,2026-08-21,1457.4,-0.96,0.52,18.21,323792.0,564418.0,0.57,471894468.71,64.14,70.06,True,True,True,True,True,4.66,12.08,5.07,False,False,True,False,13.28,0.06193716,0.05576544,11.07,15.11,True,1.0,0.5,0.57,3.4,Actionable watch,Possible inverse H&S,"inverse-head-and-shoulders, base, reversal",976.67,,,49.22,,,976.67,A possible inverse head-and-shoulders base is visible. The setup improves only if price clears or holds near the neckline with better volume.,Strengthening,6.89
PPLPHARMA,Piramal Pharma Ltd.,PPLPHARMA.NS,Healthcare,True,,NIFTY 500,^CRSLDX,2026-08-21,213.67,-1.38,3.4,17.87,4572376.0,7358651.0,0.62,976979571.55,65.28,63.66,True,True,True,True,True,3.91,15.46,0.42,False,False,True,False,5.74,0.00908063,0.00793118,14.49,14.78,True,1.0,0.5,0.62,3.4,Actionable watch,Possible inverse H&S,"inverse-head-and-shoulders, base, reversal",190.74,,,12.02,,,190.74,A possible inverse head-and-shoulders base is visible. The setup improves only if price clears or holds near the neckline with better volume.,Strengthening,6.89
NAUKRI,Info Edge (India) Ltd.,NAUKRI.NS,Consumer Services,True,,NIFTY 500,^CRSLDX,2026-08-21,1350.1,-0.79,0.53,15.84,599947.0,2175972.0,0.28,809988430.05,65.61,69.25,True,True,True,True,True,4.39,15.6,-0.45,False,False,False,False,-7.68,0.05737708,0.05006466,14.61,12.8,True,0.6666666666666666,0.0,0.28,3.4,Actionable watch,Possible inverse H&S,"inverse-head-and-shoulders, base, reversal",1308.55,,,3.18,,,1308.55,A possible inverse head-and-shoulders base is visible. The setup improves only if price clears or holds near the neckline with better volume.,Strengthening,6.89
CRAFTSMAN,Craftsman Automation Ltd.,CRAFTSMAN.NS,Automobile and Auto Components,True,,NIFTY 500,^CRSLDX,2026-08-21,10644.5,-0.43,3.84,14.65,24175.0,64847.0,0.37,257330787.5,62.66,59.42,True,True,True,True,True,3.54,9.76,4.74,False,False,True,False,10.3,0.45237416,0.41567679,8.83,11.65,True,1.0,0.5,0.37,3.4,Actionable watch,Possible inverse H&S,"inverse-head-and-shoulders, base, reversal",8979.0,,,18.55,,,8979.0,A possible inverse head-and-shoulders base is visible. The setup improves only if price clears or holds near the neckline with better volume.,Strengthening,6.89
ASHOKLEY,Ashok Leyland Ltd.,ASHOKLEY.NS,Capital Goods,True,,NIFTY 500,^CRSLDX,2026-08-21,173.0,-0.46,0.79,14.52,5800368.0,20092456.0,0.29,1003463664.0,56.7,58.13,False,True,True,True,True,1.16,6.19,2.19,False,False,False,False,16.67,0.00735222,0.00698029,5.33,11.51,True,0.6666666666666666,0.0,0.29,3.4,Actionable watch,Possible inverse H&S,"inverse-head-and-shoulders, base, reversal, flag, continuation, uptrend",166.68,,,3.79,,,166.68,A possible inverse head-and-shoulders base is visible. The setup improves only if price clears or holds near the neckline with better volume. Secondary patterns: Bullish flag.,Strengthening,6.89
ACE,Action Construction Equipment Ltd.,ACE.NS,Capital Goods,True,,NIFTY 500,^CRSLDX,2026-08-21,1182.2,1.53,8.9,13.74,422876.0,464306.0,0.91,499923986.55,65.55,55.45,True,True,True,True,True,6.79,13.97,0.15,False,False,True,False,4.64,0.0502416,0.04444145,13.05,10.76,True,1.0,0.5,0.91,3.4,Actionable watch,Possible inverse H&S,"inverse-head-and-shoulders, base, reversal",960.7,,,23.06,,,960.7,A possible inverse head-and-shoulders base is visible. The setup improves only if price clears or holds near the neckline with better volume.,Strengthening,6.89
MOTILALOFS,Motilal Oswal Financial Services Ltd.,MOTILALOFS.NS,Financial Services,True,,NIFTY 500,^CRSLDX,2026-08-21,990.0,1.71,9.55,13.54,1852104.0,1192438.0,1.55,1833582960.0,68.33,51.96,True,True,True,True,True,10.66,6.72,-1.2,False,True,False,False,17.6,0.04207341,0.03976319,5.81,10.56,True,0.6666666666666666,0.5,1.55,3.4,Actionable watch,Possible inverse H&S,"inverse-head-and-shoulders, base, reversal",856.25,,,15.62,,,856.25,A possible inverse head-and-shoulders base is visible. The setup improves only if price clears or holds near the neckline with better volume.,Strengthening with volume,6.89
RADICO,Radico Khaitan Ltd,RADICO.NS,Fast Moving Consumer Goods,True,,NIFTY 500,^CRSLDX,2026-08-21,4639.8,-1.2,-0.22,13.41,174100.0,483301.0,0.36,807789146.0,67.08,74.73,False,True,True,True,True,2.7,11.41,4.44,False,False,True,False,2.43,0.19718404,0.17832825,10.57,10.43,True,1.0,0.5,0.36,3.4,Actionable watch,Possible inverse H&S,"inverse-head-and-shoulders, base, reversal",3538.95,,,31.11,,,3538.95,A possible inverse head-and-shoulders base is visible. The setup improves only if price clears or holds near the neckline with better volume.,Strengthening,6.89
ANTHEM,Anthem Biosciences Ltd.,ANTHEM.NS,Healthcare,True,,NIFTY 500,^CRSLDX,2026-08-21,871.45,-0.35,-2.1,13.19,781207.0,626417.0,1.25,680782849.69,62.5,73.53,False,True,True,True,True,3.1,9.03,1.45,False,False,True,False,8.26,0.03703523,0.03430571,7.96,10.22,True,1.0,0.5,1.25,3.4,Actionable watch,Possible inverse H&S,"inverse-head-and-shoulders, base, reversal, flag, continuation, uptrend",731.68,,,19.1,,,731.68,A possible inverse head-and-shoulders base is visible. The setup improves only if price clears or holds near the neckline with better volume. Secondary patterns: Bullish flag.,Strengthening,6.89
SHRIRAMFIN,Shriram Finance Ltd.,SHRIRAMFIN.NS,Financial Services,True,,NIFTY 500,^CRSLDX,2026-08-21,1130.0,0.16,0.71,12.43,2513822.0,4763203.0,0.53,2840618860.0,60.96,60.44,True,True,True,True,True,2.79,6.99,4.3,False,False,True,False,10.66,0.04802319,0.04523689,6.16,9.48,True,1.0,0.5,0.53,3.4,Actionable watch,Possible inverse H&S,"inverse-head-and-shoulders, base, reversal, flag, continuation, uptrend",1085.35,,,4.11,,,1085.35,A possible inverse head-and-shoulders base is visible. The setup improves only if price clears or holds near the neckline with better volume. Secondary patterns: Bullish flag.,Strengthening,6.89
UNOMINDA,UNO Minda Ltd.,UNOMINDA.NS,Automobile and Auto Components,True,,NIFTY 500,^CRSLDX,2026-08-21,1265.0,0.36,2.02,12.24,456850.0,838058.0,0.55,577915250.0,63.65,61.17,True,True,True,True,True,2.37,8.09,0.04,False,False,False,False,9.27,0.05376047,0.05012931,7.24,9.3,True,0.6666666666666666,0.0,0.55,3.4,Actionable watch,Possible inverse H&S,"inverse-head-and-shoulders, base, reversal, flag, continuation, uptrend",1210.0,,,4.55,,,1210.0,A possible inverse head-and-shoulders base is visible. The setup improves only if price clears or holds near the neckline with better volume. Secondary patterns: Bullish flag.,Strengthening,6.89
PNBHOUSING,PNB Housing Finance Ltd.,PNBHOUSING.NS,Financial Services,True,,NIFTY 500,^CRSLDX,2026-08-21,1170.3,-0.44,1.72,11.48,636285.0,1195648.0,0.53,744644366.57,64.89,62.75,True,True,True,True,True,4.38,8.32,2.57,False,False,True,False,6.41,0.04973587,0.04629718,7.43,8.55,True,1.0,0.5,0.53,3.4,Actionable watch,Possible inverse H&S,"inverse-head-and-shoulders, base, reversal",987.98,,,18.45,,,987.98,A possible inverse head-and-shoulders base is visible. The setup improves only if price clears or holds near the neckline with better volume.,Strengthening,6.89
COHANCE,Cohance Lifesciences Ltd.,COHANCE.NS,Healthcare,True,,NIFTY 500,^CRSLDX,2026-08-21,463.0,-2.64,5.07,11.0,1638217.0,1358782.0,1.21,758494471.0,58.18,51.24,True,True,True,True,True,4.93,5.06,-8.58,False,False,False,False,16.24,0.01967676,0.01888269,4.21,8.09,True,0.6666666666666666,0.0,1.21,3.4,Actionable watch,Possible inverse H&S,"inverse-head-and-shoulders, base, reversal",329.7,,,40.43,,,329.7,A possible inverse head-and-shoulders base is visible. The setup improves only if price clears or holds near the neckline with better volume.,Strengthening,6.89
AUBANK,AU Small Finance Bank Ltd.,AUBANK.NS,Financial Services,True,,NIFTY 500,^CRSLDX,2026-08-21,1108.2,1.86,2.43,10.49,2113499.0,1761639.0,1.2,2342179488.6,63.97,58.19,True,True,True,True,True,3.71,5.81,2.49,False,True,True,True,9.63,0.04709672,0.04491995,4.85,7.59,True,1.0,1.0,1.2,3.4,Actionable watch,Possible inverse H&S,"inverse-head-and-shoulders, base, reversal",1059.38,,,4.61,,,1059.38,A possible inverse head-and-shoulders base is visible. The setup improves only if price clears or holds near the neckline with better volume.,Strengthening,6.89
OFSS,Oracle Financial Services Software Ltd.,OFSS.NS,Information Technology,True,,NIFTY 500,^CRSLDX,2026-08-21,11724.0,-0.86,-0.88,10.06,110023.0,230568.0,0.48,1289909652.0,55.69,59.6,False,True,True,True,True,1.13,5.43,3.8,False,False,True,False,9.27,0.49825117,0.47550176,4.78,7.18,True,1.0,0.5,0.48,3.4,Actionable watch,Possible inverse H&S,"inverse-head-and-shoulders, base, reversal, flag, continuation, uptrend",8993.75,,,30.36,,,8993.75,A possible inverse head-and-shoulders base is visible. The setup improves only if price clears or holds near the neckline with better volume. Secondary patterns: Bullish flag.,Strengthening,6.89
HAL,Hindustan Aeronautics Ltd.,HAL.NS,Capital Goods,True,,NIFTY 500,^CRSLDX,2026-08-21,5000.0,0.04,-0.59,9.55,733481.0,1154286.0,0.64,3667405000.0,66.87,75.04,True,True,True,True,True,3.43,8.89,0.24,False,False,True,False,1.08,0.21249197,0.19680747,7.97,6.68,True,1.0,0.5,0.64,3.4,Actionable watch,Possible inverse H&S,"inverse-head-and-shoulders, base, reversal",4541.5,,,10.1,,,4541.5,A possible inverse head-and-shoulders base is visible. The setup improves only if price clears or holds near the neckline with better volume.,Strengthening,6.89
PERSISTENT,Persistent Systems Ltd.,PERSISTENT.NS,Information Technology,True,,NIFTY 500,^CRSLDX,2026-08-21,5667.5,-0.11,1.57,9.36,355121.0,600956.0,0.59,2012648267.5,64.67,64.78,True,True,True,True,True,2.84,10.45,-0.25,False,False,False,False,-1.86,0.24085965,0.22004461,9.46,6.49,True,0.3333333333333333,0.0,0.59,3.4,Actionable watch,Possible inverse H&S,"inverse-head-and-shoulders, base, reversal",5455.95,,,3.88,,,5455.95,A possible inverse head-and-shoulders base is visible. The setup improves only if price clears or holds near the neckline with better volume.,Strengthening,6.89
PARADEEP,Paradeep Phosphates Ltd.,PARADEEP.NS,Chemicals,True,,NIFTY 500,^CRSLDX,2026-08-21,148.48,-0.11,0.43,9.12,2023549.0,13124598.0,0.15,300456546.87,55.17,55.73,False,True,True,True,True,0.61,4.55,-2.01,False,False,False,False,5.44,0.00631016,0.00608359,3.72,6.26,True,0.6666666666666666,0.0,0.15,3.4,Actionable watch,Possible inverse H&S,"inverse-head-and-shoulders, base, reversal, flag, continuation, uptrend",139.86,,,6.16,,,139.86,A possible inverse head-and-shoulders base is visible. The setup improves only if price clears or holds near the neckline with better volume. Secondary patterns: Bullish flag.,Strengthening,6.89
MINDACORP,Minda Corporation Ltd.,MINDACORP.NS,Automobile and Auto Components,True,,NIFTY 500,^CRSLDX,2026-08-21,727.85,-2.08,1.08,7.72,212722.0,770275.0,0.28,154829702.51,55.54,56.44,False,True,True,True,True,1.21,4.87,2.51,False,False,True,False,3.12,0.03093246,0.02974501,3.99,4.89,True,1.0,0.5,0.28,4.3,Actionable watch,Breakout retest,"breakout, retest, pivot, volume, inverse-head-and-shoulders, base, reversal",712.58,2026-08-03,2.99,1.79,,,,Prior resistance has been cleared on higher volume and price is back near that pivot. This is the kind of retest zone where follow-through can matter more than chasing a stretched candle. Secondary patterns: Possible inverse H&S.,Strengthening,6.88
AJANTPHARM,Ajanta Pharmaceuticals Ltd.,AJANTPHARM.NS,Healthcare,True,,NIFTY 500,^CRSLDX,2026-08-21,3639.8,-0.51,-0.9,9.01,51777.0,109769.0,0.47,188457927.13,63.71,72.24,True,True,True,True,True,3.25,7.77,4.02,False,False,True,False,-0.72,0.15468566,0.14483037,6.8,6.15,True,1.0,0.5,0.47,3.33,Watch,Bullish flag,"flag, continuation, uptrend",3718.2,2026-08-17,0.74,,2.85,26.39,,Price has made a sharp impulse move and is now consolidating near the highs. A controlled pullback with quieter volume keeps the continuation setup alive.,Strengthening,6.87
360ONE,360 ONE WAM Ltd.,360ONE.NS,Financial Services,True,,NIFTY 500,^CRSLDX,2026-08-21,1199.0,-0.33,1.61,8.77,484633.0,939878.0,0.52,581074967.0,61.59,59.24,True,True,True,True,True,2.76,5.92,0.43,False,False,True,False,3.48,0.05095557,0.04857441,4.9,5.92,True,1.0,0.5,0.52,3.4,Actionable watch,Possible inverse H&S,"inverse-head-and-shoulders, base, reversal",1160.25,,,3.34,,,1160.25,A possible inverse head-and-shoulders base is visible. The setup improves only if price clears or holds near the neckline with better volume.,Strengthening,6.87
ENGINERSIN,Engineers India Ltd.,ENGINERSIN.NS,Construction,True,,NIFTY 500,^CRSLDX,2026-08-21,244.91,3.25,0.5,8.75,2543315.0,2285757.0,1.11,622883285.96,57.22,58.28,True,True,True,True,True,3.95,3.04,1.79,False,False,False,False,15.68,0.01040828,0.01018457,2.2,5.9,True,1.0,0.0,1.11,3.4,Actionable watch,Possible inverse H&S,"inverse-head-and-shoulders, base, reversal",223.27,,,9.69,,,223.27,A possible inverse head-and-shoulders base is visible. The setup improves only if price clears or holds near the neckline with better volume.,Strengthening,6.87
SOLARINDS,Solar Industries India Ltd.,SOLARINDS.NS,Chemicals,True,,NIFTY 500,^CRSLDX,2026-08-21,19900.0,0.71,-0.35,7.67,89546.0,141133.0,0.63,1781965400.0,62.09,67.01,True,True,True,True,True,4.58,7.52,3.38,False,False,True,False,-2.2,0.84571805,0.79374962,6.55,4.84,True,1.0,0.5,0.63,5.1,Actionable watch,Breakout retest,"breakout, retest, pivot, volume, flag, continuation, uptrend",18896.4,2026-08-13,8.39,3.99,,,,Prior resistance has been cleared on higher volume and price is back near that pivot. This is the kind of retest zone where follow-through can matter more than chasing a stretched candle. Secondary patterns: Bullish flag.,Strengthening,6.87
JUBLFOOD,Jubilant Foodworks Ltd.,JUBLFOOD.NS,Consumer Services,True,,NIFTY 500,^CRSLDX,2026-08-21,506.75,-0.11,0.53,21.16,937379.0,3843073.0,0.24,475016808.25,66.74,70.23,True,True,True,True,True,6.18,13.71,-2.36,False,False,False,False,18.0,0.02153606,0.01910905,12.7,17.98,True,0.3333333333333333,0.0,0.24,3.3,Watch,Bullish flag,"flag, continuation, uptrend",511.5,2026-08-17,0.38,,3.39,24.06,,Price has made a sharp impulse move and is now consolidating near the highs. A controlled pullback with quieter volume keeps the continuation setup alive.,Strengthening,6.86
HEROMOTOCO,Hero MotoCorp Ltd.,HEROMOTOCO.NS,Automobile and Auto Components,True,,NIFTY 500,^CRSLDX,2026-08-21,5735.0,-0.1,-0.95,14.45,463679.0,738814.0,0.63,2659199065.0,65.93,71.07,False,True,True,True,True,2.38,11.05,0.44,False,False,False,False,6.68,0.24372829,0.22152401,10.02,11.44,True,0.6666666666666666,0.0,0.63,3.32,Watch,Bullish flag,"flag, continuation, uptrend",5895.0,2026-08-12,0.68,,4.48,25.26,,Price has made a sharp impulse move and is now consolidating near the highs. A controlled pullback with quieter volume keeps the continuation setup alive.,Strengthening,6.86
HYUNDAI,Hyundai Motor India Ltd.,HYUNDAI.NS,Automobile and Auto Components,True,,NIFTY 500,^CRSLDX,2026-08-21,2218.8,-0.37,0.9,14.72,820304.0,888872.0,0.92,1820090555.25,64.8,65.18,True,True,True,True,True,2.74,9.15,-0.92,False,False,False,False,11.7,0.09429544,0.08719939,8.14,11.71,True,0.3333333333333333,0.0,0.92,3.24,Watch,Bullish flag,"flag, continuation, uptrend, inverse-head-and-shoulders, base, reversal",2240.0,2026-08-12,0.9,,3.7,19.59,,Price has made a sharp impulse move and is now consolidating near the highs. A controlled pullback with quieter volume keeps the continuation setup alive. Secondary patterns: Possible inverse H&S.,Strengthening,6.83
KPRMILL,K.P.R. Mill Ltd.,KPRMILL.NS,Textiles,True,,NIFTY 500,^CRSLDX,2026-08-21,1151.6,-0.14,3.75,8.49,221431.0,270836.0,0.82,254999934.19,62.79,56.05,True,True,True,True,True,5.84,3.53,0.53,False,False,False,False,15.56,0.04894115,0.04762626,2.76,5.64,True,1.0,0.0,0.82,3.4,Actionable watch,Possible inverse H&S,"inverse-head-and-shoulders, base, reversal",988.93,,,16.45,,,988.93,A possible inverse head-and-shoulders base is visible. The setup improves only if price clears or holds near the neckline with better volume.,Strengthening,6.82
BAJAJFINSV,Bajaj Finserv Ltd.,BAJAJFINSV.NS,Financial Services,True,,NIFTY 500,^CRSLDX,2026-08-21,2032.5,0.82,1.2,8.3,830023.0,1356933.0,0.61,1687021747.5,61.18,57.47,True,True,True,True,True,0.94,6.76,-0.39,False,False,False,False,-1.91,0.08637799,0.08158406,5.88,5.46,True,0.3333333333333333,0.0,0.61,3.4,Actionable watch,Possible inverse H&S,"inverse-head-and-shoulders, base, reversal, flag, continuation, uptrend",1971.0,,,3.12,,,1971.0,A possible inverse head-and-shoulders base is visible. The setup improves only if price clears or holds near the neckline with better volume. Secondary patterns: Bullish flag.,Strengthening,6.78
TATACAP,Tata Capital Ltd.,TATACAP.NS,Financial Services,True,,NIFTY 500,^CRSLDX,2026-08-21,365.05,-0.3,0.23,6.95,941922.0,2294467.0,0.41,343848614.6,54.01,53.86,True,True,True,True,True,0.11,2.12,,False,False,False,False,9.3,0.01551404,0.01530458,1.37,4.14,True,0.6666666666666666,0.0,0.41,4.37,Actionable watch,Breakout retest,"breakout, retest, pivot, volume, flag, continuation, uptrend, inverse-head-and-shoulders, base, reversal",365.74,2026-08-05,1.74,0.19,,,,"Prior resistance has been cleared on higher volume and price is back near that pivot. This is the kind of retest zone where follow-through can matter more than chasing a stretched candle. Secondary patterns: Bullish flag, Possible inverse H&S.",Strengthening,6.73
SIEMENS,Siemens Ltd.,SIEMENS.NS,Capital Goods,True,,NIFTY 500,^CRSLDX,2026-08-21,3920.0,1.03,-0.51,6.76,373452.0,397016.0,0.94,1463931840.0,58.22,62.41,False,True,True,True,True,0.93,5.68,2.28,False,False,True,False,1.37,0.16659371,0.15906718,4.73,3.96,True,1.0,0.5,0.94,5.1,Actionable watch,Breakout retest,"breakout, retest, pivot, volume, inverse-head-and-shoulders, base, reversal",3886.2,2026-08-04,3.1,0.16,,,,Prior resistance has been cleared on higher volume and price is back near that pivot. This is the kind of retest zone where follow-through can matter more than chasing a stretched candle. Secondary patterns: Possible inverse H&S.,Strengthening,6.69
PFOCUS,Prime Focus Ltd.,PFOCUS.NS,Media Entertainment & Publication,True,,NIFTY 500,^CRSLDX,2026-08-21,296.95,5.08,10.14,2.65,4338188.0,1041951.0,4.16,1288224979.56,58.97,45.51,True,True,True,True,True,3.62,12.75,4.63,False,False,False,False,-39.05,0.0126199,0.01131889,11.49,-0.04,True,1.0,0.0,4.16,4.3,Actionable watch,Breakout retest,"breakout, retest, pivot, volume, flag, continuation, uptrend, high-tight",293.07,2026-07-29,3.63,1.32,,,,Prior resistance has been cleared on higher volume and price is back near that pivot. This is the kind of retest zone where follow-through can matter more than chasing a stretched candle. Secondary patterns: High-tight flag.,Setup watch: Breakout retest,6.69
PETRONET,Petronet LNG Ltd.,PETRONET.NS,Oil Gas & Consumable Fuels,True,,NIFTY 500,^CRSLDX,2026-08-21,293.0,0.55,3.68,6.66,1700150.0,1893536.0,0.9,498143950.0,66.28,55.33,True,True,True,True,True,3.99,4.36,0.4,False,True,False,False,5.69,0.01245203,0.01204132,3.41,3.86,True,1.0,0.5,0.9,5.1,Actionable watch,Breakout retest,"breakout, retest, pivot, volume, inverse-head-and-shoulders, base, reversal",283.26,2026-08-19,2.9,2.29,,,,Prior resistance has been cleared on higher volume and price is back near that pivot. This is the kind of retest zone where follow-through can matter more than chasing a stretched candle. Secondary patterns: Possible inverse H&S.,Strengthening,6.67
M&M,Mahindra & Mahindra Ltd.,M&M.NS,Automobile and Auto Components,True,,NIFTY 500,^CRSLDX,2026-08-21,3412.2,-0.37,-0.47,7.93,1729760.0,2414785.0,0.72,5902286987.54,57.13,60.06,False,True,True,True,True,0.45,5.63,-0.31,False,False,False,False,3.84,0.14501302,0.13844198,4.75,5.1,True,0.3333333333333333,0.0,0.72,3.25,Watch,Bullish flag,"flag, continuation, uptrend",3517.0,2026-08-10,0.64,,4.33,20.37,,Price has made a sharp impulse move and is now consolidating near the highs. A controlled pullback with quieter volume keeps the continuation setup alive.,Strengthening,6.66
IDFCFIRSTB,IDFC First Bank Ltd.,IDFCFIRSTB.NS,Financial Services,True,,NIFTY 500,^CRSLDX,2026-08-21,86.75,1.06,1.24,7.69,12588998.0,22516373.0,0.56,1092095576.5,64.41,61.82,True,True,True,True,True,1.73,6.17,1.21,False,True,True,True,1.99,0.00368674,0.00350287,5.25,4.87,True,1.0,1.0,0.56,3.4,Actionable watch,Possible inverse H&S,"inverse-head-and-shoulders, base, reversal",84.23,,,2.99,,,84.23,A possible inverse head-and-shoulders base is visible. The setup improves only if price clears or holds near the neckline with better volume.,Strengthening,6.66
POONAWALLA,Poonawalla Fincorp Ltd.,POONAWALLA.NS,Financial Services,True,,NIFTY 500,^CRSLDX,2026-08-21,490.05,-0.81,-1.58,6.6,748250.0,1315678.0,0.57,366679903.37,56.33,61.68,False,True,True,True,True,1.38,5.84,-0.56,False,False,False,False,-1.51,0.02082634,0.01981704,5.09,3.81,True,0.6666666666666666,0.0,0.57,4.35,Actionable watch,Breakout retest,"breakout, retest, pivot, volume, flag, continuation, uptrend, inverse-head-and-shoulders, base, reversal",492.09,2026-08-13,1.7,0.41,,,,"Prior resistance has been cleared on higher volume and price is back near that pivot. This is the kind of retest zone where follow-through can matter more than chasing a stretched candle. Secondary patterns: Bullish flag, Possible inverse H&S.",Strengthening,6.66
HINDALCO,Hindalco Industries Ltd.,HINDALCO.NS,Metals & Mining,True,,NIFTY 500,^CRSLDX,2026-08-21,1034.0,0.4,0.44,9.67,2643775.0,4819494.0,0.55,2733663350.0,55.2,55.84,False,True,True,True,True,1.46,4.75,2.38,False,False,False,False,6.5,0.04394334,0.04240663,3.62,6.8,True,1.0,0.0,0.55,2.67,Actionable watch,Possible inverse H&S,"inverse-head-and-shoulders, base, reversal",1031.75,,,0.22,,,1031.75,A possible inverse head-and-shoulders base is visible. The setup improves only if price clears or holds near the neckline with better volume.,Strengthening,6.63
DEEPAKNTR,Deepak Nitrite Ltd.,DEEPAKNTR.NS,Chemicals,True,,NIFTY 500,^CRSLDX,2026-08-21,1747.1,-0.19,1.39,6.39,294632.0,521048.0,0.57,514751560.01,54.73,53.53,False,True,True,True,True,1.13,4.65,-0.2,False,False,False,False,1.04,0.07424894,0.07166112,3.61,3.6,True,0.6666666666666666,0.0,0.57,5.1,Actionable watch,Breakout retest,"breakout, retest, pivot, volume, inverse-head-and-shoulders, base, reversal",1737.52,2026-08-07,4.44,0.55,,,,Prior resistance has been cleared on higher volume and price is back near that pivot. This is the kind of retest zone where follow-through can matter more than chasing a stretched candle. Secondary patterns: Possible inverse H&S.,Strengthening,6.62
UNIONBANK,Union Bank of India,UNIONBANK.NS,Financial Services,True,,NIFTY 500,^CRSLDX,2026-08-21,183.45,-0.67,-2.1,7.6,6916849.0,11891964.0,0.58,1268895927.94,58.2,69.99,False,True,True,True,True,2.06,6.18,2.57,False,False,False,False,3.42,0.00779633,0.00740731,5.25,4.77,True,1.0,0.0,0.58,3.28,Watch,Bullish flag,"flag, continuation, uptrend, inverse-head-and-shoulders, base, reversal",188.9,2026-08-17,0.54,,3.51,22.35,,Price has made a sharp impulse move and is now consolidating near the highs. A controlled pullback with quieter volume keeps the continuation setup alive. Secondary patterns: Possible inverse H&S.,Strengthening,6.6
LGEINDIA,LG Electronics India Ltd.,LGEINDIA.NS,Consumer Durables,True,,NIFTY 500,^CRSLDX,2026-08-21,1623.3,-0.58,-6.15,6.29,534393.0,955890.0,0.56,867480182.99,55.21,73.98,True,True,True,True,True,2.64,3.29,,False,False,False,False,5.46,0.06898765,0.06738472,2.38,3.51,True,0.6666666666666666,0.0,0.56,5.1,Actionable watch,Breakout retest,"breakout, retest, pivot, volume, inverse-head-and-shoulders, base, reversal",1585.36,2026-08-14,37.31,2.18,,,,Prior resistance has been cleared on higher volume and price is back near that pivot. This is the kind of retest zone where follow-through can matter more than chasing a stretched candle. Secondary patterns: Possible inverse H&S.,Strengthening,6.6
CDSL,Central Depository Services (India) Ltd.,CDSL.NS,Financial Services,True,,NIFTY 500,^CRSLDX,2026-08-21,1388.9,3.19,3.31,4.19,3741472.0,1129692.0,3.31,5196530552.14,61.37,51.63,True,True,True,True,True,3.59,3.52,-1.78,False,True,False,False,-1.59,0.05902602,0.05749302,2.67,1.45,True,0.3333333333333333,0.5,3.31,2.74,Actionable watch,Possible inverse H&S,"inverse-head-and-shoulders, base, reversal",1383.05,,,0.42,,,1383.05,A possible inverse head-and-shoulders base is visible. The setup improves only if price clears or holds near the neckline with better volume.,Strengthening with volume,6.55
ANANDRATHI,Anand Rathi Wealth Ltd.,ANANDRATHI.NS,Financial Services,True,,NIFTY 500,^CRSLDX,2026-08-21,2188.0,0.78,0.61,7.14,125637.0,209484.0,0.6,274893756.0,66.34,67.97,True,True,True,True,True,3.42,7.11,3.48,False,False,True,False,-2.26,0.09298649,0.08747962,6.3,4.34,True,1.0,0.5,0.6,3.34,Watch,Bullish flag,"flag, continuation, uptrend",2198.8,2026-08-13,0.38,,2.5,27.05,,Price has made a sharp impulse move and is now consolidating near the highs. A controlled pullback with quieter volume keeps the continuation setup alive.,Strengthening,6.54
JSWDULUX,JSW Dulux Ltd.,JSWDULUX.NS,Consumer Durables,True,,NIFTY 500,^CRSLDX,2026-08-21,3118.8,1.06,-1.53,5.94,14724.0,16451.0,0.9,45921211.92,54.97,59.58,True,True,True,True,True,2.24,1.35,-0.72,False,False,False,False,8.89,0.13254399,0.132032,0.39,3.16,True,0.6666666666666666,0.0,0.9,5.1,Actionable watch,Breakout retest,"breakout, retest, pivot, volume, inverse-head-and-shoulders, base, reversal",3076.95,2026-08-11,4.14,0.13,,,,Prior resistance has been cleared on higher volume and price is back near that pivot. This is the kind of retest zone where follow-through can matter more than chasing a stretched candle. Secondary patterns: Possible inverse H&S.,Strengthening,6.53
ZFCVINDIA,ZF Commercial Vehicle Control Systems India Ltd.,ZFCVINDIA.NS,Automobile and Auto Components,True,,NIFTY 500,^CRSLDX,2026-08-21,2662.0,1.54,0.96,14.71,90697.0,100346.0,0.9,241435414.0,64.37,66.8,True,True,True,True,True,4.47,6.76,1.6,False,False,True,False,22.06,0.11313073,0.10684333,5.88,11.7,True,1.0,0.5,0.9,2.32,Actionable watch,Possible inverse H&S,"inverse-head-and-shoulders, base, reversal",2684.5,,,0.84,,,2684.5,A possible inverse head-and-shoulders base is visible. The setup improves only if price clears or holds near the neckline with better volume.,Strengthening,6.51
ANANTRAJ,Anant Raj Ltd.,ANANTRAJ.NS,Realty,True,,NIFTY 500,^CRSLDX,2026-08-21,625.0,-1.4,-0.79,6.73,1202531.0,2181131.0,0.55,751581875.0,58.51,63.42,True,True,True,True,True,0.68,7.72,-0.6,False,False,False,False,-9.3,0.0265615,0.02489423,6.7,3.93,True,0.6666666666666666,0.0,0.55,3.4,Actionable watch,Possible inverse H&S,"inverse-head-and-shoulders, base, reversal",603.6,,,3.55,,,603.6,A possible inverse head-and-shoulders base is visible. The setup improves only if price clears or holds near the neckline with better volume.,Strengthening,6.48
MAZDOCK,Mazagoan Dock Shipbuilders Ltd.,MAZDOCK.NS,Capital Goods,True,,NIFTY 500,^CRSLDX,2026-08-21,2552.0,-0.7,-0.91,11.46,486411.0,938025.0,0.52,1241320872.0,60.67,67.45,False,True,True,True,True,3.25,4.03,-1.26,False,False,False,False,14.95,0.1084559,0.10520151,3.09,8.53,True,0.3333333333333333,0.0,0.52,2.2,Watch,Possible inverse H&S,"inverse-head-and-shoulders, base, reversal",2698.0,,,5.41,,,2698.0,A possible inverse head-and-shoulders base is visible. The setup improves only if price clears or holds near the neckline with better volume.,Strengthening,6.47
JINDALSTEL,Jindal Steel Ltd.,JINDALSTEL.NS,Metals & Mining,True,,NIFTY 500,^CRSLDX,2026-08-21,1127.8,0.98,3.51,9.08,998904.0,945987.0,1.06,1126563979.97,59.47,50.85,True,True,True,False,True,2.45,4.63,0.63,False,True,False,False,7.6,0.04792969,0.04632751,3.46,6.22,True,0.6666666666666666,0.5,1.06,2.2,Actionable watch,Possible inverse H&S,"inverse-head-and-shoulders, base, reversal",1148.35,,,1.79,,,1148.35,A possible inverse head-and-shoulders base is visible. The setup improves only if price clears or holds near the neckline with better volume.,Strengthening,6.47
PRESTIGE,Prestige Estates Projects Ltd.,PRESTIGE.NS,Realty,True,,NIFTY 500,^CRSLDX,2026-08-21,1631.0,2.87,2.42,2.53,961572.0,600988.0,1.6,1568323932.0,54.49,47.81,True,True,True,True,True,1.42,1.3,-0.52,False,False,False,False,-3.4,0.06931488,0.06893848,0.55,-0.16,True,0.6666666666666666,0.0,1.6,3.4,Actionable watch,Possible inverse H&S,"inverse-head-and-shoulders, base, reversal",1559.7,,,4.57,,,1559.7,A possible inverse head-and-shoulders base is visible. The setup improves only if price clears or holds near the neckline with better volume.,Setup watch: Possible inverse H&S,6.46
DLF,DLF Ltd.,DLF.NS,Realty,True,,NIFTY 500,^CRSLDX,2026-08-21,678.1,0.29,1.97,6.42,2480384.0,3348457.0,0.74,1681948329.84,60.03,55.95,True,True,True,True,True,2.7,4.88,-1.43,False,True,False,False,-1.12,0.02881816,0.02770921,4.0,3.63,True,0.6666666666666666,0.5,0.74,3.4,Actionable watch,Possible inverse H&S,"inverse-head-and-shoulders, base, reversal",645.7,,,5.02,,,645.7,A possible inverse head-and-shoulders base is visible. The setup improves only if price clears or holds near the neckline with better volume.,Strengthening,6.42
BALKRISIND,Balkrishna Industries Ltd.,BALKRISIND.NS,Automobile and Auto Components,True,,NIFTY 500,^CRSLDX,2026-08-21,2350.8,-1.14,-0.54,16.94,82858.0,559001.0,0.15,194782590.45,51.95,54.59,False,False,True,True,True,-0.96,4.48,0.44,False,False,False,False,22.77,0.09990523,0.09630214,3.74,13.87,True,0.6666666666666666,0.0,0.15,5.1,Actionable watch,Breakout retest,"breakout, retest, pivot, volume, flag, continuation, uptrend, inverse-head-and-shoulders, base, reversal",2308.14,2026-07-31,9.07,1.47,,,,"Prior resistance has been cleared on higher volume and price is back near that pivot. This is the kind of retest zone where follow-through can matter more than chasing a stretched candle. Secondary patterns: Bullish flag, Possible inverse H&S.",Strengthening,6.4
FSL,Firstsource Solutions Ltd.,FSL.NS,Services,True,,NIFTY 500,^CRSLDX,2026-08-21,276.05,1.4,3.35,8.86,1034869.0,6580309.0,0.16,285675574.82,50.43,44.99,True,False,True,True,True,-3.39,4.68,-1.5,False,False,False,False,0.93,0.01173168,0.01131109,3.72,6.01,True,0.3333333333333333,0.0,0.16,5.1,Actionable watch,Breakout retest,"breakout, retest, pivot, volume",275.62,2026-07-29,31.92,0.16,,,,Prior resistance has been cleared on higher volume and price is back near that pivot. This is the kind of retest zone where follow-through can matter more than chasing a stretched candle.,Strengthening,6.4
NIACL,The New India Assurance Company Ltd.,NIACL.NS,Financial Services,True,,NIFTY 500,^CRSLDX,2026-08-21,184.13,0.57,2.82,6.31,627621.0,2836145.0,0.22,115563857.79,57.62,53.5,True,True,True,True,True,4.04,2.9,-0.62,False,False,False,False,8.11,0.00782523,0.00765055,2.28,3.52,True,0.6666666666666666,0.0,0.22,3.4,Actionable watch,Possible inverse H&S,"inverse-head-and-shoulders, base, reversal",169.35,,,8.73,,,169.35,A possible inverse head-and-shoulders base is visible. The setup improves only if price clears or holds near the neckline with better volume.,Strengthening,6.39
KALYANKJIL,Kalyan Jewellers India Ltd.,KALYANKJIL.NS,Consumer Durables,True,,NIFTY 500,^CRSLDX,2026-08-21,603.55,1.27,-0.77,5.23,6935278.0,18685344.0,0.37,4185786952.24,60.4,63.18,True,True,True,True,True,0.18,18.8,2.47,False,False,False,False,-50.67,0.02564991,0.0217411,17.98,2.47,True,1.0,0.0,0.37,4.8,Actionable watch,High-tight flag,"flag, continuation, uptrend, high-tight, inverse-head-and-shoulders, base, reversal",634.6,2026-07-30,0.54,,13.07,91.84,,Price has made a sharp impulse move and is now consolidating near the highs. A controlled pullback with quieter volume keeps the continuation setup alive. Secondary patterns: Possible inverse H&S.,Strengthening,6.39
BLUEJET,Blue Jet Healthcare Ltd.,BLUEJET.NS,Healthcare,True,,NIFTY 500,^CRSLDX,2026-08-21,596.15,0.14,1.99,5.16,397216.0,1153784.0,0.34,236800328.1,54.32,51.32,True,True,True,True,True,0.47,4.49,-1.25,False,False,False,False,-5.99,0.02533542,0.02445965,3.58,2.4,True,0.6666666666666666,0.0,0.34,5.1,Actionable watch,Breakout retest,"breakout, retest, pivot, volume, flag, continuation, uptrend, inverse-head-and-shoulders, base, reversal",569.05,2026-07-07,2.92,3.86,,,,"Prior resistance has been cleared on higher volume and price is back near that pivot. This is the kind of retest zone where follow-through can matter more than chasing a stretched candle. Secondary patterns: Bullish flag, Possible inverse H&S.",Strengthening,6.38
HONASA,Honasa Consumer Ltd.,HONASA.NS,Fast Moving Consumer Goods,True,,NIFTY 500,^CRSLDX,2026-08-21,481.9,-0.39,-4.16,7.42,1115088.0,2142194.0,0.52,537360900.39,58.32,74.36,True,True,True,True,True,2.94,5.94,5.67,False,False,False,False,-3.73,0.02047998,0.01950942,4.97,4.61,True,1.0,0.0,0.52,2.72,Watch,Bullish flag,"flag, continuation, uptrend",502.8,2026-08-14,2.68,,6.97,25.57,,Price has made a sharp impulse move and is now consolidating near the highs. A controlled pullback with quieter volume keeps the continuation setup alive.,Strengthening,6.37
EICHERMOT,Eicher Motors Ltd.,EICHERMOT.NS,Automobile and Auto Components,True,,NIFTY 500,^CRSLDX,2026-08-21,8010.0,-0.4,-0.7,6.11,316029.0,488901.0,0.65,2531392290.0,60.69,66.46,False,True,True,True,True,0.71,5.06,1.51,False,False,True,False,2.05,0.34041214,0.32682139,4.16,3.33,True,1.0,0.5,0.65,3.35,Actionable watch,Possible inverse H&S,"inverse-head-and-shoulders, base, reversal",7832.75,,,2.26,,,7832.75,A possible inverse head-and-shoulders base is visible. The setup improves only if price clears or holds near the neckline with better volume.,Strengthening,6.34
UNITDSPR,United Spirits Ltd.,UNITDSPR.NS,Fast Moving Consumer Goods,True,,NIFTY 500,^CRSLDX,2026-08-21,1556.0,0.78,1.3,6.05,831703.0,670176.0,1.24,1294129868.0,65.76,65.11,True,True,True,True,True,2.03,8.8,1.32,False,True,True,True,-4.42,0.0661275,0.06123949,7.98,3.27,True,1.0,1.0,1.24,3.4,Actionable watch,Possible inverse H&S,"inverse-head-and-shoulders, base, reversal",1500.2,,,3.72,,,1500.2,A possible inverse head-and-shoulders base is visible. The setup improves only if price clears or holds near the neckline with better volume.,Strengthening,6.34
LT,Larsen & Toubro Ltd.,LT.NS,Construction,True,,NIFTY 500,^CRSLDX,2026-08-21,4093.0,0.29,0.89,8.12,1258681.0,1598517.0,0.79,5151781333.0,60.35,58.64,True,True,True,True,True,1.98,1.97,0.46,False,True,False,False,14.72,0.17394593,0.17210835,1.07,5.29,True,1.0,0.5,0.79,2.2,Watch,Possible inverse H&S,"inverse-head-and-shoulders, base, reversal",4317.5,,,5.2,,,4317.5,A possible inverse head-and-shoulders base is visible. The setup improves only if price clears or holds near the neckline with better volume.,Strengthening,6.33
LTF,L&T Finance Ltd.,LTF.NS,Financial Services,True,,NIFTY 500,^CRSLDX,2026-08-21,317.15,0.76,3.54,4.88,3401314.0,5340899.0,0.64,1078726714.34,53.62,45.7,True,True,True,True,True,0.95,2.33,1.75,False,False,False,False,0.11,0.01347837,0.01327739,1.51,2.13,True,1.0,0.0,0.64,4.78,Actionable watch,Breakout retest,"breakout, retest, pivot, volume, inverse-head-and-shoulders, base, reversal",303.35,2026-06-30,1.76,3.56,,,,Prior resistance has been cleared on higher volume and price is back near that pivot. This is the kind of retest zone where follow-through can matter more than chasing a stretched candle. Secondary patterns: Possible inverse H&S.,Strengthening,6.33
APOLLOTYRE,Apollo Tyres Ltd.,APOLLOTYRE.NS,Automobile and Auto Components,True,,NIFTY 500,^CRSLDX,2026-08-21,439.7,2.42,-0.99,4.78,1728275.0,822498.0,2.1,759922538.6,54.4,59.59,True,True,True,True,False,0.8,1.66,-1.21,False,False,False,False,3.17,0.01868654,0.01852757,0.86,2.03,True,0.3333333333333333,0.0,2.1,4.7,Actionable watch,Breakout retest,"breakout, retest, pivot, volume, inverse-head-and-shoulders, base, reversal",440.15,2026-07-02,3.79,0.1,,,,Prior resistance has been cleared on higher volume and price is back near that pivot. This is the kind of retest zone where follow-through can matter more than chasing a stretched candle. Secondary patterns: Possible inverse H&S.,Strengthening with volume,6.31
PAYTM,One 97 Communications Ltd.,PAYTM.NS,Financial Services,True,,NIFTY 500,^CRSLDX,2026-08-21,1632.0,1.77,1.81,27.18,5129340.0,4869411.0,1.05,8371082880.0,72.33,75.92,True,True,True,True,True,9.86,23.14,1.74,False,False,True,False,8.77,0.06935738,0.05676248,22.19,23.85,True,1.0,0.5,1.05,4.17,Actionable watch,High-tight flag,"flag, continuation, uptrend, high-tight, inverse-head-and-shoulders, base, reversal",1649.5,2026-08-13,1.07,,6.67,61.23,,Price has made a sharp impulse move and is now consolidating near the highs. A controlled pullback with quieter volume keeps the continuation setup alive. Secondary patterns: Possible inverse H&S.,Strengthening,6.3
POLICYBZR,PB Fintech Ltd.,POLICYBZR.NS,Financial Services,True,,NIFTY 500,^CRSLDX,2026-08-21,1795.2,0.88,3.11,16.78,533992.0,1151698.0,0.46,958622412.33,70.62,66.64,True,True,True,True,True,7.39,10.23,-0.32,False,True,False,False,17.72,0.07629312,0.06981056,9.29,13.72,True,0.3333333333333333,0.5,0.46,4.86,Actionable watch,Breakout retest,"breakout, retest, pivot, volume, inverse-head-and-shoulders, base, reversal",1720.38,2026-08-19,1.93,2.13,,,,Prior resistance has been cleared on higher volume and price is back near that pivot. This is the kind of retest zone where follow-through can matter more than chasing a stretched candle. Secondary patterns: Possible inverse H&S.,Strengthening,6.3
BAJAJHLDNG,Bajaj Holdings & Investment Ltd.,BAJAJHLDNG.NS,Financial Services,True,,NIFTY 500,^CRSLDX,2026-08-21,11320.0,-0.42,-1.35,6.0,24314.0,42346.0,0.57,275234480.0,55.78,63.16,False,True,True,True,True,0.0,4.25,-0.91,False,False,False,False,0.32,0.48108182,0.46541384,3.37,3.22,True,0.6666666666666666,0.0,0.57,3.24,Watch,Bullish flag,"flag, continuation, uptrend, inverse-head-and-shoulders, base, reversal",11599.0,2026-08-03,0.68,,3.46,19.06,,Price has made a sharp impulse move and is now consolidating near the highs. A controlled pullback with quieter volume keeps the continuation setup alive. Secondary patterns: Possible inverse H&S.,Strengthening,6.28
CONCOR,Container Corporation of India Ltd.,CONCOR.NS,Services,True,,NIFTY 500,^CRSLDX,2026-08-21,515.05,-0.76,-2.27,8.18,506882.0,2413320.0,0.21,261069567.91,54.11,62.49,False,False,True,True,True,-0.48,4.78,-0.25,False,False,False,False,2.81,0.0218888,0.02106891,3.89,5.35,True,0.3333333333333333,0.0,0.21,4.58,Actionable watch,Breakout retest,"breakout, retest, pivot, volume, flag, continuation, uptrend, inverse-head-and-shoulders, base, reversal",526.08,2026-08-13,2.15,2.1,,,,"Prior resistance has been cleared on higher volume and price is back near that pivot. This is the kind of retest zone where follow-through can matter more than chasing a stretched candle. Secondary patterns: Bullish flag, Possible inverse H&S.",Strengthening,6.27
CHOLAFIN,Cholamandalam Investment and Finance Company Ltd.,CHOLAFIN.NS,Financial Services,True,,NIFTY 500,^CRSLDX,2026-08-21,1862.9,-1.38,-1.66,8.03,902328.0,1485051.0,0.61,1680946853.23,52.32,57.61,False,False,True,True,True,-0.29,3.16,1.16,False,False,False,False,8.48,0.07917026,0.07725914,2.47,5.2,True,1.0,0.0,0.61,4.6,Actionable watch,Breakout retest,"breakout, retest, pivot, volume, flag, continuation, uptrend, inverse-head-and-shoulders, base, reversal",1839.62,2026-08-03,1.39,0.84,,,,"Prior resistance has been cleared on higher volume and price is back near that pivot. This is the kind of retest zone where follow-through can matter more than chasing a stretched candle. Secondary patterns: Bullish flag, Possible inverse H&S.",Strengthening,6.24
PFIZER,Pfizer Ltd.,PFIZER.NS,Healthcare,True,,NIFTY 500,^CRSLDX,2026-08-21,4978.2,1.18,2.12,7.67,63972.0,63922.0,1.0,318465422.89,63.63,58.59,True,True,True,True,True,2.27,7.13,-0.73,False,False,False,False,-1.41,0.21156551,0.19937481,6.11,4.85,True,0.3333333333333333,0.0,1.0,2.2,Watch,Possible inverse H&S,"inverse-head-and-shoulders, base, reversal",5211.65,,,4.48,,,5211.65,A possible inverse head-and-shoulders base is visible. The setup improves only if price clears or holds near the neckline with better volume.,Strengthening,6.24
AUROPHARMA,Aurobindo Pharma Ltd.,AUROPHARMA.NS,Healthcare,True,,NIFTY 500,^CRSLDX,2026-08-21,1621.3,0.83,-0.05,5.83,750057.0,1001543.0,0.75,1216067450.72,53.97,55.63,False,True,True,True,True,0.6,3.56,3.86,False,False,True,False,3.68,0.06890265,0.06708955,2.7,3.05,True,1.0,0.5,0.75,3.24,Watch,Bullish flag,"flag, continuation, uptrend",1667.0,2026-08-12,0.67,,4.19,19.35,,Price has made a sharp impulse move and is now consolidating near the highs. A controlled pullback with quieter volume keeps the continuation setup alive.,Strengthening,6.24
LAURUSLABS,Laurus Labs Ltd.,LAURUSLABS.NS,Healthcare,True,,NIFTY 500,^CRSLDX,2026-08-21,1802.0,-1.26,0.82,12.54,1401832.0,2164643.0,0.65,2526101264.0,60.0,61.61,False,False,True,True,True,-0.65,10.92,7.91,False,False,False,False,-1.8,0.07658211,0.06959944,10.03,9.59,True,1.0,0.0,0.65,3.45,Actionable watch,Bullish flag,"flag, continuation, uptrend, inverse-head-and-shoulders, base, reversal",1858.0,2026-08-11,0.58,,5.01,35.74,,Price has made a sharp impulse move and is now consolidating near the highs. A controlled pullback with quieter volume keeps the continuation setup alive. Secondary patterns: Possible inverse H&S.,Strengthening,6.21
JBMA,JBM Auto Ltd.,JBMA.NS,Automobile and Auto Components,True,,NIFTY 500,^CRSLDX,2026-08-21,673.95,8.12,8.19,2.73,13183960.0,873839.0,15.09,8885330002.94,59.16,34.35,True,True,True,True,True,4.07,0.29,-0.16,False,False,False,False,4.55,0.02864179,0.02883729,-0.68,0.03,False,0.6666666666666666,0.0,15.09,3.4,Actionable watch,Possible inverse H&S,"inverse-head-and-shoulders, base, reversal",631.68,,,6.69,,,631.68,A possible inverse head-and-shoulders base is visible. The setup improves only if price clears or holds near the neckline with better volume.,Mean reversion bounce,6.2
WELCORP,Welspun Corp Ltd.,WELCORP.NS,Capital Goods,True,,NIFTY 500,^CRSLDX,2026-08-21,2311.9,15.3,23.41,44.77,19962897.0,1704129.0,11.71,46152219624.8,90.27,74.04,True,True,True,True,True,26.52,40.64,9.35,False,True,True,True,29.91,0.09825203,0.07042721,39.51,40.98,True,1.0,1.0,11.71,3.4,Actionable watch,Possible inverse H&S,"inverse-head-and-shoulders, base, reversal",837.45,,,176.06,,,837.45,A possible inverse head-and-shoulders base is visible. The setup improves only if price clears or holds near the neckline with better volume.,Strengthening with volume,6.19
IIFL,IIFL Finance Ltd.,IIFL.NS,Financial Services,True,,NIFTY 500,^CRSLDX,2026-08-21,679.8,6.77,7.71,22.15,11452898.0,2199973.0,5.21,7785679920.59,77.97,69.3,True,True,True,True,True,9.98,19.64,2.25,False,True,True,True,8.8,0.02889041,0.02437289,18.53,18.94,True,1.0,1.0,5.21,3.4,Actionable watch,Possible inverse H&S,"inverse-head-and-shoulders, base, reversal",631.35,,,7.67,,,631.35,A possible inverse head-and-shoulders base is visible. The setup improves only if price clears or holds near the neckline with better volume.,Strengthening with volume,6.19
CHALET,Chalet Hotels Ltd.,CHALET.NS,Consumer Services,True,,NIFTY 500,^CRSLDX,2026-08-21,861.95,1.06,4.47,5.84,104668.0,107466.0,0.97,90218583.88,59.59,48.48,True,True,True,True,True,3.07,4.2,-1.34,False,False,False,False,2.75,0.03663149,0.03541583,3.43,3.06,True,0.6666666666666666,0.0,0.97,2.99,Actionable watch,Possible inverse H&S,"inverse-head-and-shoulders, base, reversal",852.02,,,1.16,,,852.02,A possible inverse head-and-shoulders base is visible. The setup improves only if price clears or holds near the neckline with better volume.,Strengthening,6.16
BAJAJ-AUTO,Bajaj Auto Ltd.,BAJAJ-AUTO.NS,Automobile and Auto Components,True,,NIFTY 500,^CRSLDX,2026-08-21,11700.0,-0.79,0.0,5.12,221614.0,256176.0,0.87,2592883800.0,62.91,66.65,True,True,True,True,True,0.75,8.86,2.89,False,False,True,False,-11.7,0.49723121,0.46114656,7.82,2.36,True,1.0,0.5,0.87,3.4,Actionable watch,Possible inverse H&S,"inverse-head-and-shoulders, base, reversal, flag, continuation, uptrend",10081.5,,,16.05,,,10081.5,A possible inverse head-and-shoulders base is visible. The setup improves only if price clears or holds near the neckline with better volume. Secondary patterns: Bullish flag.,Strengthening,6.16
AEGISLOG,Aegis Logistics Ltd.,AEGISLOG.NS,Oil Gas & Consumable Fuels,True,,NIFTY 500,^CRSLDX,2026-08-21,1417.9,6.11,12.05,5.06,1431514.0,1144757.0,1.25,2029743735.55,61.52,48.16,True,True,True,True,True,7.14,12.78,6.68,False,True,True,True,-17.68,0.06025847,0.05374487,12.12,2.31,True,1.0,1.0,1.25,3.4,Actionable watch,Possible inverse H&S,"inverse-head-and-shoulders, base, reversal",767.98,,,84.63,,,767.98,A possible inverse head-and-shoulders base is visible. The setup improves only if price clears or holds near the neckline with better volume.,Strengthening,6.15
ABCAPITAL,Aditya Birla Capital Ltd.,ABCAPITAL.NS,Financial Services,True,,NIFTY 500,^CRSLDX,2026-08-21,413.0,0.98,2.99,4.86,3667532.0,3936028.0,0.93,1514690716.0,56.07,48.5,True,True,True,True,True,1.48,3.6,2.84,False,False,True,False,0.45,0.01755184,0.01707382,2.8,2.11,True,1.0,0.5,0.93,3.4,Actionable watch,Possible inverse H&S,"inverse-head-and-shoulders, base, reversal, flag, continuation, uptrend",365.07,,,13.13,,,365.07,A possible inverse head-and-shoulders base is visible. The setup improves only if price clears or holds near the neckline with better volume. Secondary patterns: Bullish flag.,Strengthening,6.11
DEVYANI,Devyani International Ltd.,DEVYANI.NS,Consumer Services,True,,NIFTY 500,^CRSLDX,2026-08-21,144.4,-2.29,0.45,28.58,2967784.0,8589755.0,0.35,428547991.49,68.83,74.18,True,True,True,True,True,10.2,20.11,-2.64,False,False,False,False,24.82,0.00613677,0.00515218,19.11,25.21,True,0.3333333333333333,0.0,0.35,3.4,Actionable watch,Possible inverse H&S,"inverse-head-and-shoulders, base, reversal",137.65,,,4.9,,,137.65,A possible inverse head-and-shoulders base is visible. The setup improves only if price clears or holds near the neckline with better volume.,Strengthening,6.09
COFORGE,Coforge Ltd.,COFORGE.NS,Information Technology,True,,NIFTY 500,^CRSLDX,2026-08-21,1891.7,0.52,4.4,28.0,1989931.0,3367511.0,0.59,3764352375.54,72.96,70.34,True,True,True,True,True,6.74,18.73,0.21,False,True,False,False,24.33,0.08039421,0.06819804,17.88,24.65,True,1.0,0.5,0.59,3.4,Actionable watch,Possible inverse H&S,"inverse-head-and-shoulders, base, reversal",1664.0,,,13.68,,,1664.0,A possible inverse head-and-shoulders base is visible. The setup improves only if price clears or holds near the neckline with better volume.,Strengthening,6.09
DIVISLAB,Divi's Laboratories Ltd.,DIVISLAB.NS,Healthcare,True,,NIFTY 500,^CRSLDX,2026-08-21,8597.0,0.32,1.42,18.6,180649.0,533479.0,0.34,1553039453.0,73.84,72.4,True,True,True,True,True,3.74,15.6,2.85,False,False,True,True,6.13,0.3653587,0.31876014,14.62,15.49,True,1.0,0.5,0.34,3.41,Actionable watch,Bullish flag,"flag, continuation, uptrend, inverse-head-and-shoulders, base, reversal",8600.0,2026-08-12,0.66,,2.21,32.43,,Price has made a sharp impulse move and is now consolidating near the highs. A controlled pullback with quieter volume keeps the continuation setup alive. Secondary patterns: Possible inverse H&S.,Strengthening,6.09
THELEELA,Leela Palaces Hotels & Resorts Ltd.,THELEELA.NS,Consumer Services,True,,NIFTY 500,^CRSLDX,2026-08-21,561.7,4.08,10.13,18.33,1049377.0,728548.0,1.44,589435073.71,74.32,59.47,True,True,True,True,True,11.09,14.14,1.59,False,True,True,True,16.27,0.02387135,0.02106354,13.33,15.22,True,1.0,1.0,1.44,3.4,Actionable watch,Possible inverse H&S,"inverse-head-and-shoulders, base, reversal",491.0,,,14.4,,,491.0,A possible inverse head-and-shoulders base is visible. The setup improves only if price clears or holds near the neckline with better volume.,Strengthening,6.09
ETERNAL,Eternal Ltd.,ETERNAL.NS,Consumer Services,True,,NIFTY 500,^CRSLDX,2026-08-21,328.0,0.02,2.98,17.14,31644285.0,29136238.0,1.09,10379325480.0,69.53,65.04,True,True,True,True,True,4.42,12.88,-0.81,False,True,False,False,3.37,0.01393947,0.01245103,11.95,14.07,True,0.6666666666666666,0.5,1.09,3.4,Actionable watch,Possible inverse H&S,"inverse-head-and-shoulders, base, reversal",306.77,,,6.92,,,306.77,A possible inverse head-and-shoulders base is visible. The setup improves only if price clears or holds near the neckline with better volume.,Strengthening,6.09
RRKABEL,R R Kabel Ltd.,RRKABEL.NS,Capital Goods,True,,NIFTY 500,^CRSLDX,2026-08-21,2919.3,0.87,4.8,17.07,270264.0,673705.0,0.4,788981708.4,72.09,67.44,True,True,True,True,True,6.85,16.96,8.74,False,True,True,True,12.91,0.12406556,0.10675112,16.22,14.0,True,1.0,1.0,0.4,3.4,Actionable watch,Possible inverse H&S,"inverse-head-and-shoulders, base, reversal",1569.1,,,86.05,,,1569.1,A possible inverse head-and-shoulders base is visible. The setup improves only if price clears or holds near the neckline with better volume.,Strengthening,6.09
WELSPUNLIV,Welspun Living Ltd.,WELSPUNLIV.NS,Textiles,True,,NIFTY 500,^CRSLDX,2026-08-21,189.22,0.28,15.34,16.8,4943329.0,9963971.0,0.5,935376719.41,72.24,53.08,True,True,True,True,True,14.0,15.05,3.0,False,True,True,True,16.01,0.00804155,0.0070314,14.37,13.74,True,1.0,1.0,0.5,3.4,Actionable watch,Possible inverse H&S,"inverse-head-and-shoulders, base, reversal",145.9,,,29.69,,,145.9,A possible inverse head-and-shoulders base is visible. The setup improves only if price clears or holds near the neckline with better volume.,Strengthening,6.09
MOTHERSON,Samvardhana Motherson International Ltd.,MOTHERSON.NS,Automobile and Auto Components,True,,NIFTY 500,^CRSLDX,2026-08-21,169.38,-0.12,0.64,16.37,7596421.0,21736055.0,0.35,1286681826.07,71.31,72.54,True,True,True,True,True,5.39,11.84,4.53,False,False,True,False,16.37,0.00719838,0.00648849,10.94,13.32,True,1.0,0.5,0.35,3.4,Actionable watch,Possible inverse H&S,"inverse-head-and-shoulders, base, reversal",130.43,,,29.86,,,130.43,A possible inverse head-and-shoulders base is visible. The setup improves only if price clears or holds near the neckline with better volume.,Strengthening,6.09
TMCV,Tata Motors Ltd.,TMCV.NS,Capital Goods,True,,NIFTY 500,^CRSLDX,2026-08-21,472.55,-1.06,-0.37,16.35,5661648.0,8943514.0,0.63,2675411693.29,66.4,71.88,True,True,True,True,,4.66,9.73,,False,False,False,False,18.44,0.02008262,0.01843547,8.93,13.3,True,0.3333333333333333,0.0,0.63,3.4,Actionable watch,Possible inverse H&S,"inverse-head-and-shoulders, base, reversal",442.3,,,6.84,,,442.3,A possible inverse head-and-shoulders base is visible. The setup improves only if price clears or holds near the neckline with better volume.,Strengthening,6.09
PTCIL,PTC Industries Ltd.,PTCIL.NS,Capital Goods,True,,NIFTY 500,^CRSLDX,2026-08-21,20629.0,5.13,8.29,16.34,48130.0,34635.0,1.39,992873770.0,68.63,64.09,True,True,True,True,True,9.65,13.89,1.17,False,True,True,True,10.66,0.87669938,0.77811155,12.67,13.29,True,1.0,1.0,1.39,3.4,Actionable watch,Possible inverse H&S,"inverse-head-and-shoulders, base, reversal",18337.5,,,12.5,,,18337.5,A possible inverse head-and-shoulders base is visible. The setup improves only if price clears or holds near the neckline with better volume.,Strengthening,6.09
BOSCHLTD,Bosch Ltd.,BOSCHLTD.NS,Automobile and Auto Components,True,,NIFTY 500,^CRSLDX,2026-08-21,48200.0,-1.13,2.34,16.19,30215.0,48543.0,0.62,1456363000.0,74.91,79.04,True,True,True,True,True,8.91,14.54,1.67,False,False,True,False,8.99,2.0484226,1.80385352,13.56,13.15,True,1.0,0.5,0.62,3.4,Actionable watch,Possible inverse H&S,"inverse-head-and-shoulders, base, reversal",38997.5,,,23.6,,,38997.5,A possible inverse head-and-shoulders base is visible. The setup improves only if price clears or holds near the neckline with better volume.,Strengthening,6.09
GLAXO,Glaxosmithkline Pharmaceuticals Ltd.,GLAXO.NS,Healthcare,True,,NIFTY 500,^CRSLDX,2026-08-21,2902.2,-3.25,7.94,15.43,86561.0,167078.0,0.52,251217329.97,68.96,68.99,True,True,True,True,True,7.83,15.31,0.18,False,False,False,False,4.69,0.12333884,0.10774893,14.47,12.4,True,1.0,0.0,0.52,3.4,Actionable watch,Possible inverse H&S,"inverse-head-and-shoulders, base, reversal",2623.9,,,10.61,,,2623.9,A possible inverse head-and-shoulders base is visible. The setup improves only if price clears or holds near the neckline with better volume.,Strengthening,6.09
PVRINOX,PVR INOX Ltd.,PVRINOX.NS,Media Entertainment & Publication,True,,NIFTY 500,^CRSLDX,2026-08-21,1216.8,-0.22,3.65,14.37,342781.0,408649.0,0.84,417095937.54,72.1,66.51,True,True,True,True,True,4.39,14.82,0.2,False,False,True,False,2.56,0.05171205,0.04540373,13.89,11.37,True,1.0,0.5,0.84,3.4,Actionable watch,Possible inverse H&S,"inverse-head-and-shoulders, base, reversal",1084.42,,,12.21,,,1084.42,A possible inverse head-and-shoulders base is visible. The setup improves only if price clears or holds near the neckline with better volume.,Strengthening,6.09
SONACOMS,Sona BLW Precision Forgings Ltd.,SONACOMS.NS,Automobile and Auto Components,True,,NIFTY 500,^CRSLDX,2026-08-21,817.6,-0.52,3.23,13.88,1974670.0,2592018.0,0.76,1614490143.79,68.6,65.26,True,True,True,True,True,3.59,15.44,6.19,False,False,True,False,-6.06,0.03474669,0.0303376,14.53,10.89,True,1.0,0.5,0.76,3.4,Actionable watch,Possible inverse H&S,"inverse-head-and-shoulders, base, reversal",525.88,,,55.47,,,525.88,A possible inverse head-and-shoulders base is visible. The setup improves only if price clears or holds near the neckline with better volume.,Strengthening,6.09
MEESHO,Meesho Ltd.,MEESHO.NS,Consumer Services,True,,NIFTY 500,^CRSLDX,2026-08-21,205.69,-1.82,7.6,11.04,14152965.0,11859419.0,1.19,2911123405.4,65.98,54.51,True,True,True,True,,7.8,9.75,,False,False,False,False,7.91,0.00874149,0.00802331,8.95,8.13,True,0.3333333333333333,0.0,1.19,3.4,Actionable watch,Possible inverse H&S,"inverse-head-and-shoulders, base, reversal",194.69,,,5.65,,,194.69,A possible inverse head-and-shoulders base is visible. The setup improves only if price clears or holds near the neckline with better volume.,Strengthening,6.09
TITAN,Titan Company Ltd.,TITAN.NS,Consumer Durables,True,,NIFTY 500,^CRSLDX,2026-08-21,5086.1,0.36,0.59,8.75,352373.0,948996.0,0.37,1792204349.71,69.13,68.55,True,True,True,True,True,2.0,8.61,3.25,False,False,True,False,-4.41,0.21615109,0.20074459,7.67,5.9,True,1.0,0.5,0.37,3.4,Actionable watch,Possible inverse H&S,"inverse-head-and-shoulders, base, reversal, flag, continuation, uptrend",4453.1,,,14.21,,,4453.1,A possible inverse head-and-shoulders base is visible. The setup improves only if price clears or holds near the neckline with better volume. Secondary patterns: Bullish flag.,Strengthening,6.07
KAYNES,Kaynes Technology India Ltd.,KAYNES.NS,Capital Goods,True,,NIFTY 500,^CRSLDX,2026-08-21,3890.0,1.97,6.28,22.47,990767.0,1596772.0,0.62,3854083630.0,63.77,54.03,True,True,True,True,False,4.76,12.92,-7.56,False,False,False,False,21.12,0.16531875,0.14755623,12.04,19.26,True,0.3333333333333333,0.0,0.62,3.28,Watch,Bullish flag,"flag, continuation, uptrend",3898.0,2026-08-05,0.7,,10.27,22.73,,Price has made a sharp impulse move and is now consolidating near the highs. A controlled pullback with quieter volume keeps the continuation setup alive.,Strengthening,6.05
SWIGGY,Swiggy Ltd.,SWIGGY.NS,Consumer Services,True,,NIFTY 500,^CRSLDX,2026-08-21,282.5,1.25,2.24,12.36,12188223.0,22509821.0,0.54,3443172997.5,55.77,51.09,True,True,True,True,False,0.63,5.83,-4.52,False,False,False,False,4.07,0.0120058,0.01145728,4.79,9.42,True,0.3333333333333333,0.0,0.54,3.3,Watch,Bullish flag,"flag, continuation, uptrend, inverse-head-and-shoulders, base, reversal",295.91,2026-07-30,0.81,,9.7,23.94,,Price has made a sharp impulse move and is now consolidating near the highs. A controlled pullback with quieter volume keeps the continuation setup alive. Secondary patterns: Possible inverse H&S.,Strengthening,6.05
BAJFINANCE,Bajaj Finance Ltd.,BAJFINANCE.NS,Financial Services,True,,NIFTY 500,^CRSLDX,2026-08-21,1095.0,0.0,0.74,8.12,3042341.0,8287184.0,0.37,3331363395.0,55.13,53.8,True,False,True,True,True,-0.23,5.09,0.5,False,False,False,False,0.43,0.04653574,0.04463477,4.26,5.28,True,1.0,0.0,0.37,3.42,Actionable watch,Bullish flag,"flag, continuation, uptrend, inverse-head-and-shoulders, base, reversal",1158.8,2026-08-05,0.59,,8.22,33.93,,Price has made a sharp impulse move and is now consolidating near the highs. A controlled pullback with quieter volume keeps the continuation setup alive. Secondary patterns: Possible inverse H&S.,Strengthening,6.05
M&MFIN,Mahindra & Mahindra Financial Services Ltd.,M&MFIN.NS,Financial Services,True,,NIFTY 500,^CRSLDX,2026-08-21,381.6,-0.22,-2.18,7.04,1314023.0,3364470.0,0.39,501431184.82,52.86,58.34,False,False,True,True,True,-2.53,9.62,3.08,False,False,False,False,-7.68,0.01621739,0.01489198,8.9,4.23,True,1.0,0.0,0.39,4.66,Actionable watch,High-tight flag,"flag, continuation, uptrend, high-tight, inverse-head-and-shoulders, base, reversal",412.3,2026-08-10,0.4,,8.67,52.91,,Price has made a sharp impulse move and is now consolidating near the highs. A controlled pullback with quieter volume keeps the continuation setup alive. Secondary patterns: Possible inverse H&S.,Strengthening,6.05
BLS,BLS International Services Ltd.,BLS.NS,Consumer Services,True,,NIFTY 500,^CRSLDX,2026-08-21,271.29,-0.96,-2.46,16.13,664383.0,1870439.0,0.36,180240469.75,63.09,75.52,True,True,True,True,False,5.44,7.66,-2.11,False,False,False,False,22.21,0.01152939,0.01081442,6.61,13.09,True,0.3333333333333333,0.0,0.36,3.26,Watch,Bullish flag,"flag, continuation, uptrend",278.12,2026-08-14,0.84,,5.02,20.76,,Price has made a sharp impulse move and is now consolidating near the highs. A controlled pullback with quieter volume keeps the continuation setup alive.,Strengthening,6.04
SAGILITY,Sagility Ltd.,SAGILITY.NS,Information Technology,True,,NIFTY 500,^CRSLDX,2026-08-21,43.35,1.67,2.53,7.49,28332903.0,26923335.0,1.05,1228231301.82,55.36,47.79,True,True,True,True,False,0.0,3.95,-0.93,False,False,False,False,3.68,0.00184231,0.00178909,2.97,4.68,True,0.3333333333333333,0.0,1.05,4.82,Actionable watch,Breakout retest,"breakout, retest, pivot, volume",43.23,2026-07-29,1.85,0.27,,,,Prior resistance has been cleared on higher volume and price is back near that pivot. This is the kind of retest zone where follow-through can matter more than chasing a stretched candle.,Strengthening,6.04
SUPREMEIND,Supreme Industries Ltd.,SUPREMEIND.NS,Capital Goods,True,,NIFTY 500,^CRSLDX,2026-08-21,3642.0,-0.22,2.33,5.29,154086.0,203757.0,0.76,561181212.0,64.14,59.09,True,True,True,True,True,3.92,6.08,-1.47,False,False,False,False,0.57,0.15477915,0.14734992,5.04,2.53,True,0.3333333333333333,0.0,0.76,2.92,Actionable watch,Possible inverse H&S,"inverse-head-and-shoulders, base, reversal",3607.0,,,0.97,,,3607.0,A possible inverse head-and-shoulders base is visible. The setup improves only if price clears or holds near the neckline with better volume.,Strengthening,6.03
LALPATHLAB,Dr. Lal Path Labs Ltd.,LALPATHLAB.NS,Healthcare,True,,NIFTY 500,^CRSLDX,2026-08-21,1894.2,0.25,-1.15,7.96,99702.0,440007.0,0.23,188855523.53,57.94,64.09,False,False,True,True,True,-0.34,7.38,2.35,False,False,False,False,0.07,0.08050046,0.07556866,6.53,5.13,True,1.0,0.0,0.23,3.4,Actionable watch,Possible inverse H&S,"inverse-head-and-shoulders, base, reversal, flag, continuation, uptrend",1472.75,,,28.62,,,1472.75,A possible inverse head-and-shoulders base is visible. The setup improves only if price clears or holds near the neckline with better volume. Secondary patterns: Bullish flag.,Strengthening,6.02
JSWINFRA,JSW Infrastructure Ltd.,JSWINFRA.NS,Services,True,,NIFTY 500,^CRSLDX,2026-08-21,335.7,1.77,-1.02,4.03,1452824.0,2977958.0,0.49,487713034.53,54.0,56.51,False,True,True,True,True,1.51,2.57,1.14,False,False,False,False,2.63,0.01426671,0.01400696,1.85,1.3,True,1.0,0.0,0.49,3.4,Actionable watch,Possible inverse H&S,"inverse-head-and-shoulders, base, reversal",281.87,,,19.1,,,281.87,A possible inverse head-and-shoulders base is visible. The setup improves only if price clears or holds near the neckline with better volume.,Strengthening,5.95
CRISIL,CRISIL Ltd.,CRISIL.NS,Financial Services,True,,NIFTY 500,^CRSLDX,2026-08-21,4514.5,0.8,0.86,4.09,20968.0,43872.0,0.48,94660036.0,57.68,56.36,True,True,True,True,True,0.77,5.88,-0.62,False,False,False,False,-5.86,0.191859,0.18273858,4.99,1.36,True,0.3333333333333333,0.0,0.48,3.28,Watch,Bullish flag,"flag, continuation, uptrend, inverse-head-and-shoulders, base, reversal",4635.4,2026-08-10,0.47,,5.32,22.07,,Price has made a sharp impulse move and is now consolidating near the highs. A controlled pullback with quieter volume keeps the continuation setup alive. Secondary patterns: Possible inverse H&S.,Strengthening,5.92
OBEROIRLTY,Oberoi Realty Ltd.,OBEROIRLTY.NS,Realty,True,,NIFTY 500,^CRSLDX,2026-08-21,1886.0,-0.98,2.17,3.56,323694.0,468199.0,0.69,610486884.0,56.52,55.32,True,True,True,True,True,2.87,3.51,1.02,False,False,False,False,-4.3,0.08015197,0.07806737,2.67,0.84,True,1.0,0.0,0.69,3.4,Actionable watch,Possible inverse H&S,"inverse-head-and-shoulders, base, reversal",1755.55,,,7.43,,,1755.55,A possible inverse head-and-shoulders base is visible. The setup improves only if price clears or holds near the neckline with better volume.,Strengthening,5.86
CANHLIFE,Canara HSBC Life Insurance Company Ltd.,CANHLIFE.NS,Financial Services,True,,NIFTY 500,^CRSLDX,2026-08-21,155.24,2.34,4.39,5.66,794508.0,618712.0,1.28,123339426.28,63.81,52.47,True,True,True,True,True,4.33,6.69,,False,True,True,True,-7.32,0.00659745,0.00624568,5.63,2.89,True,0.6666666666666666,1.0,1.28,2.2,Watch,Possible inverse H&S,"inverse-head-and-shoulders, base, reversal",162.85,,,4.67,,,162.85,A possible inverse head-and-shoulders base is visible. The setup improves only if price clears or holds near the neckline with better volume.,Strengthening,5.85
ARE&M,Amara Raja Energy & Mobility Ltd.,ARE&M.NS,Automobile and Auto Components,True,,NIFTY 500,^CRSLDX,2026-08-21,919.75,-1.19,-2.77,6.0,318613.0,1368117.0,0.23,293044306.75,51.11,58.93,False,False,True,True,True,-0.46,3.89,-0.75,False,False,False,False,-2.26,0.0390879,0.03796435,2.96,3.22,True,0.6666666666666666,0.0,0.23,4.7,Actionable watch,Breakout retest,"breakout, retest, pivot, volume, flag, continuation, uptrend, inverse-head-and-shoulders, base, reversal",930.24,2026-08-11,9.4,1.13,,,,"Prior resistance has been cleared on higher volume and price is back near that pivot. This is the kind of retest zone where follow-through can matter more than chasing a stretched candle. Secondary patterns: Bullish flag, Possible inverse H&S.",Strengthening,5.84
PINELABS,Pine Labs Ltd.,PINELABS.NS,Financial Services,True,,NIFTY 500,^CRSLDX,2026-08-21,156.91,-1.77,-4.82,7.72,21910132.0,25008615.0,0.88,3437918892.36,50.4,59.51,False,True,True,False,,0.73,1.99,,False,False,False,False,13.09,0.00666842,0.00659285,1.15,4.89,True,0.3333333333333333,0.0,0.88,3.28,Watch,Bullish flag,"flag, continuation, uptrend",169.93,2026-08-12,0.37,,8.78,22.28,,Price has made a sharp impulse move and is now consolidating near the highs. A controlled pullback with quieter volume keeps the continuation setup alive.,Strengthening,5.83
BATAINDIA,Bata India Ltd.,BATAINDIA.NS,Consumer Durables,True,,NIFTY 500,^CRSLDX,2026-08-21,701.05,-1.43,-4.05,6.47,305906.0,730243.0,0.42,214455397.57,53.52,68.37,False,True,True,True,False,0.85,3.44,-4.9,False,False,False,False,6.35,0.0297935,0.02903894,2.6,3.67,True,0.3333333333333333,0.0,0.42,4.7,Actionable watch,Breakout retest,"breakout, retest, pivot, volume",712.07,2026-08-14,3.51,1.55,,,,Prior resistance has been cleared on higher volume and price is back near that pivot. This is the kind of retest zone where follow-through can matter more than chasing a stretched candle.,Strengthening,5.83
SONATSOFTW,Sonata Software Ltd.,SONATSOFTW.NS,Information Technology,True,,NIFTY 500,^CRSLDX,2026-08-21,304.0,-0.65,-6.72,5.92,622603.0,2003812.0,0.31,189271312.0,46.13,56.87,False,False,True,True,True,-4.75,1.61,-1.36,False,False,False,False,-0.49,0.01291951,0.01280446,0.9,3.15,True,0.6666666666666666,0.0,0.31,5.1,Actionable watch,Breakout retest,"breakout, retest, pivot, volume, flag, continuation, uptrend, inverse-head-and-shoulders, base, reversal",292.57,2026-07-13,6.28,3.31,,,,"Prior resistance has been cleared on higher volume and price is back near that pivot. This is the kind of retest zone where follow-through can matter more than chasing a stretched candle. Secondary patterns: Bullish flag, Possible inverse H&S.",Strengthening,5.83
CASTROLIND,Castrol India Ltd.,CASTROLIND.NS,Oil Gas & Consumable Fuels,True,,NIFTY 500,^CRSLDX,2026-08-21,187.77,-0.42,0.51,5.01,958550.0,3219276.0,0.3,179986937.6,64.65,66.94,True,True,True,True,True,1.78,3.7,-0.15,False,False,False,False,1.69,0.00797992,0.00776686,2.74,2.25,True,0.6666666666666666,0.0,0.3,2.5,Actionable watch,Possible inverse H&S,"inverse-head-and-shoulders, base, reversal",188.35,,,0.31,,,188.35,A possible inverse head-and-shoulders base is visible. The setup improves only if price clears or holds near the neckline with better volume.,Strengthening,5.83
HINDZINC,Hindustan Zinc Ltd.,HINDZINC.NS,Metals & Mining,True,,NIFTY 500,^CRSLDX,2026-08-21,594.9,3.66,5.87,11.83,14186902.0,5449446.0,2.6,8439788346.16,62.84,50.68,True,True,True,True,True,5.05,8.32,1.51,False,False,False,False,5.32,0.0252823,0.02359689,7.14,8.9,True,0.6666666666666666,0.0,2.6,-2.0,Risk review,Head-and-shoulders risk,"head-and-shoulders, risk, distribution, inverse-head-and-shoulders, base, reversal",574.25,,,3.6,,,574.25,"A possible head-and-shoulders top is forming or breaking. This is a caution signal, not an entry setup. Secondary patterns: Possible inverse H&S.",Risk review,5.8
ESCORTS,Escorts Kubota Ltd.,ESCORTS.NS,Capital Goods,True,,NIFTY 500,^CRSLDX,2026-08-21,3086.6,-0.18,-0.87,6.25,47479.0,124851.0,0.38,146548686.04,56.13,63.39,False,True,True,True,False,0.35,3.78,-1.68,False,False,False,False,2.99,0.13117555,0.12742774,2.94,3.46,True,0.3333333333333333,0.0,0.38,5.1,Actionable watch,Breakout retest,"breakout, retest, pivot, volume, inverse-head-and-shoulders, base, reversal",3030.92,2026-07-31,3.39,0.7,,,,Prior resistance has been cleared on higher volume and price is back near that pivot. This is the kind of retest zone where follow-through can matter more than chasing a stretched candle. Secondary patterns: Possible inverse H&S.,Strengthening,5.79
GRANULES,Granules India Ltd.,GRANULES.NS,Healthcare,True,,NIFTY 500,^CRSLDX,2026-08-21,858.15,1.97,-0.03,3.17,406171.0,617482.0,0.66,348555653.57,53.99,54.25,True,True,True,True,True,1.19,2.71,4.37,False,False,False,False,-9.57,0.03647,0.03584697,1.74,0.46,True,1.0,0.0,0.66,3.4,Actionable watch,Possible inverse H&S,"inverse-head-and-shoulders, base, reversal",633.5,,,35.46,,,633.5,A possible inverse head-and-shoulders base is visible. The setup improves only if price clears or holds near the neckline with better volume.,Strengthening,5.78
ASTRAL,Astral Ltd.,ASTRAL.NS,Capital Goods,True,,NIFTY 500,^CRSLDX,2026-08-21,1528.5,-0.23,-1.79,4.28,451537.0,964864.0,0.47,690174304.5,58.96,66.06,True,True,True,True,True,3.12,5.52,0.3,False,False,False,False,1.94,0.0649588,0.06217742,4.47,1.54,True,0.6666666666666666,0.0,0.47,2.66,Watch,Bullish flag,"flag, continuation, uptrend, inverse-head-and-shoulders, base, reversal",1589.5,2026-08-13,2.24,,6.61,20.87,,Price has made a sharp impulse move and is now consolidating near the highs. A controlled pullback with quieter volume keeps the continuation setup alive. Secondary patterns: Possible inverse H&S.,Strengthening,5.74
NETWEB,Netweb Technologies India Ltd.,NETWEB.NS,Information Technology,True,,NIFTY 500,^CRSLDX,2026-08-21,5601.0,3.34,11.86,34.85,4267155.0,1972150.0,2.16,23900335155.0,68.45,61.86,True,True,True,True,True,15.18,20.03,2.49,False,True,True,True,46.52,0.23803351,0.19987936,19.09,31.32,True,1.0,1.0,2.16,0.0,No clear setup,,,,,,,,,,,Strengthening with volume,5.7
HFCL,HFCL Ltd.,HFCL.NS,Telecommunication,True,,NIFTY 500,^CRSLDX,2026-08-21,228.01,1.84,2.2,15.83,12472826.0,24174776.0,0.52,2843928987.74,60.04,59.83,True,True,True,True,True,8.33,8.44,12.57,False,False,True,False,20.43,0.00969006,0.00898302,7.87,12.79,True,1.0,0.5,0.52,0.0,No clear setup,,,,,,,,,,,Strengthening,5.7
LTFOODS,LT Foods Ltd.,LTFOODS.NS,Fast Moving Consumer Goods,True,,NIFTY 500,^CRSLDX,2026-08-21,427.6,-0.79,2.1,14.12,455617.0,873824.0,0.52,194821831.98,64.55,62.71,True,True,True,True,True,3.63,8.7,0.05,False,False,False,False,12.85,0.01817231,0.01686898,7.73,11.13,True,0.6666666666666666,0.0,0.52,0.0,No clear setup,,,,,,,,,,,Strengthening,5.7
RBLBANK,RBL Bank Ltd.,RBLBANK.NS,Financial Services,True,,NIFTY 500,^CRSLDX,2026-08-21,392.5,0.05,1.95,11.51,1987002.0,3487764.0,0.57,779898285.0,63.59,58.89,True,True,True,True,True,2.69,5.16,2.29,False,True,True,True,12.65,0.01668062,0.01600883,4.2,8.59,True,1.0,1.0,0.57,0.0,No clear setup,,,,,,,,,,,Strengthening,5.7
NCC,NCC Ltd.,NCC.NS,Construction,True,,NIFTY 500,^CRSLDX,2026-08-21,149.56,6.78,6.33,10.78,20821604.0,2580586.0,8.07,3114079043.41,64.77,47.66,True,True,True,True,False,5.96,4.07,-4.15,False,True,False,False,17.84,0.00635606,0.00616599,3.08,7.88,True,0.3333333333333333,0.5,8.07,0.0,No clear setup,,,,,,,,,,,Strengthening with volume,5.7
POWERINDIA,Hitachi Energy India Ltd.,POWERINDIA.NS,Capital Goods,True,,NIFTY 500,^CRSLDX,2026-08-21,34190.0,2.05,-4.21,10.07,104110.0,141242.0,0.74,3559520900.0,52.71,62.08,False,True,True,True,True,2.26,2.01,6.2,False,False,False,False,14.91,1.4530201,1.43855111,1.01,7.18,True,1.0,0.0,0.74,0.0,No clear setup,,,,,,,,,,,Strengthening,5.7
JSWSTEEL,JSW Steel Ltd.,JSWSTEEL.NS,Metals & Mining,True,,NIFTY 500,^CRSLDX,2026-08-21,1293.7,-0.46,1.87,4.26,2013052.0,1546547.0,1.3,2604285274.11,55.95,49.55,True,True,True,True,True,0.82,2.73,1.01,False,False,True,False,-0.73,0.05498017,0.0540887,1.65,1.53,True,1.0,0.5,1.3,2.55,Actionable watch,Possible inverse H&S,"inverse-head-and-shoulders, base, reversal",1295.75,,,0.16,,,1295.75,A possible inverse head-and-shoulders base is visible. The setup improves only if price clears or holds near the neckline with better volume.,Strengthening,5.7
IPCALAB,Ipca Laboratories Ltd.,IPCALAB.NS,Healthcare,True,,NIFTY 500,^CRSLDX,2026-08-21,1911.2,0.58,10.21,8.8,193745.0,674868.0,0.29,370285434.54,64.76,48.62,True,True,True,True,True,7.19,9.73,3.23,False,True,True,True,-3.93,0.08122293,0.07469378,8.74,5.95,True,1.0,1.0,0.29,0.0,No clear setup,,,,,,,,,,,Strengthening,5.69
TEGA,Tega Industries Ltd.,TEGA.NS,Capital Goods,True,,NIFTY 500,^CRSLDX,2026-08-21,1743.2,-1.87,2.31,11.72,132207.0,240777.0,0.55,230463235.94,62.65,63.24,True,True,True,True,False,7.46,4.97,-1.7,False,False,False,False,17.82,0.0740832,0.07129833,3.91,8.79,True,0.3333333333333333,0.0,0.55,2.2,Watch,Possible inverse H&S,"inverse-head-and-shoulders, base, reversal",1832.0,,,4.85,,,1832.0,A possible inverse head-and-shoulders base is visible. The setup improves only if price clears or holds near the neckline with better volume.,Strengthening,5.67
GRAVITA,Gravita India Ltd.,GRAVITA.NS,Metals & Mining,True,,NIFTY 500,^CRSLDX,2026-08-21,1821.7,1.61,1.53,2.59,337391.0,261838.0,1.29,614625168.23,59.53,57.53,True,True,True,True,True,4.88,4.63,0.63,False,True,True,False,-7.29,0.07741932,0.07464736,3.71,-0.1,True,1.0,1.0,1.29,3.4,Actionable watch,Possible inverse H&S,"inverse-head-and-shoulders, base, reversal",1736.85,,,4.89,,,1736.85,A possible inverse head-and-shoulders base is visible. The setup improves only if price clears or holds near the neckline with better volume.,Setup watch: Possible inverse H&S,5.67
BERGEPAINT,Berger Paints India Ltd.,BERGEPAINT.NS,Consumer Durables,True,,NIFTY 500,^CRSLDX,2026-08-21,524.4,-0.79,-3.8,6.11,157453.0,527320.0,0.3,82568357.04,48.89,60.05,False,False,True,True,True,-1.24,1.38,-0.07,False,False,False,False,10.07,0.02228616,0.02217228,0.51,3.32,True,0.6666666666666666,0.0,0.3,3.4,Actionable watch,Possible inverse H&S,"inverse-head-and-shoulders, base, reversal",508.2,,,3.19,,,508.2,A possible inverse head-and-shoulders base is visible. The setup improves only if price clears or holds near the neckline with better volume.,Strengthening,5.65
MPHASIS,MphasiS Ltd.,MPHASIS.NS,Information Technology,True,,NIFTY 500,^CRSLDX,2026-08-21,2430.0,0.0,-4.52,6.2,241512.0,550215.0,0.44,586874160.0,51.67,65.03,False,False,True,True,True,-0.51,4.1,-1.14,False,False,False,False,-1.29,0.1032711,0.10013389,3.13,3.42,True,0.3333333333333333,0.0,0.44,3.29,Watch,Bullish flag,"flag, continuation, uptrend",2545.0,2026-08-14,0.61,,6.71,22.87,,Price has made a sharp impulse move and is now consolidating near the highs. A controlled pullback with quieter volume keeps the continuation setup alive.,Strengthening,5.63
NYKAA,FSN E-Commerce Ventures Ltd.,NYKAA.NS,Consumer Services,True,,NIFTY 500,^CRSLDX,2026-08-21,334.0,1.1,0.91,3.47,6455005.0,6845114.0,0.94,2155971670.0,57.78,56.29,True,True,True,True,True,0.97,4.63,2.75,False,False,False,False,-7.3,0.01419446,0.01366897,3.84,0.76,True,1.0,0.0,0.94,2.81,Watch,Bullish flag,"flag, continuation, uptrend",344.9,2026-08-03,0.91,,7.68,32.53,,Price has made a sharp impulse move and is now consolidating near the highs. A controlled pullback with quieter volume keeps the continuation setup alive.,Strengthening,5.63
SAPPHIRE,Sapphire Foods India Ltd.,SAPPHIRE.NS,Consumer Services,True,,NIFTY 500,^CRSLDX,2026-08-21,242.34,0.41,3.25,35.29,1403342.0,3792783.0,0.37,340085895.14,75.05,73.57,True,True,True,True,True,12.92,23.85,-3.43,False,True,False,False,31.57,0.01029906,0.00838002,22.9,31.75,True,0.3333333333333333,0.5,0.37,5.1,Actionable watch,Breakout retest,"breakout, retest, pivot, volume, inverse-head-and-shoulders, base, reversal",226.88,2026-08-11,4.16,6.22,,,,Prior resistance has been cleared on higher volume and price is back near that pivot. This is the kind of retest zone where follow-through can matter more than chasing a stretched candle. Secondary patterns: Possible inverse H&S.,Strengthening,5.6
LTM,LTM Ltd.,LTM.NS,Information Technology,True,,NIFTY 500,^CRSLDX,2026-08-21,4487.8,-1.43,-4.82,9.68,620243.0,506404.0,1.22,2783526414.26,51.89,65.19,False,False,True,True,False,-1.82,7.83,-1.85,False,False,False,False,-2.9,0.19072429,0.17853311,6.83,6.8,True,0.3333333333333333,0.0,1.22,5.1,Actionable watch,Breakout retest,"breakout, retest, pivot, volume, flag, continuation, uptrend, inverse-head-and-shoulders, base, reversal",4359.35,2026-08-03,3.76,1.27,,,,"Prior resistance has been cleared on higher volume and price is back near that pivot. This is the kind of retest zone where follow-through can matter more than chasing a stretched candle. Secondary patterns: Bullish flag, Possible inverse H&S.",Strengthening,5.6
FEDERALBNK,Federal Bank Ltd.,FEDERALBNK.NS,Financial Services,True,,NIFTY 500,^CRSLDX,2026-08-21,361.0,1.6,2.76,2.24,4397811.0,4301911.0,1.02,1587609771.0,60.85,53.58,True,True,True,True,True,1.27,5.93,4.85,False,False,True,False,-10.73,0.01534192,0.0146114,5.0,-0.44,True,1.0,0.5,1.02,3.4,Actionable watch,Possible inverse H&S,"inverse-head-and-shoulders, base, reversal, flag, continuation, uptrend",279.5,,,29.16,,,279.5,A possible inverse head-and-shoulders base is visible. The setup improves only if price clears or holds near the neckline with better volume. Secondary patterns: Bullish flag.,Setup watch: Possible inverse H&S,5.6
EIDPARRY,E.I.D. Parry (India) Ltd.,EIDPARRY.NS,Fast Moving Consumer Goods,True,,NIFTY 500,^CRSLDX,2026-08-21,797.3,-1.6,2.85,5.18,778376.0,542844.0,1.43,620599175.3,55.32,50.02,True,True,True,True,False,1.32,5.01,-2.94,False,False,False,False,-5.31,0.03388397,0.03258736,3.98,2.43,True,0.3333333333333333,0.0,1.43,4.3,Actionable watch,Breakout retest,"breakout, retest, pivot, volume, inverse-head-and-shoulders, base, reversal",796.12,2026-08-05,2.61,0.15,,,,Prior resistance has been cleared on higher volume and price is back near that pivot. This is the kind of retest zone where follow-through can matter more than chasing a stretched candle. Secondary patterns: Possible inverse H&S.,Strengthening,5.59
FLUOROCHEM,Gujarat Fluorochemicals Ltd.,FLUOROCHEM.NS,Chemicals,True,,NIFTY 500,^CRSLDX,2026-08-21,4621.9,-1.3,-2.45,1.05,87544.0,237759.0,0.37,404619605.05,58.53,67.0,False,True,True,True,True,1.19,9.17,2.45,False,False,True,False,-19.62,0.19642332,0.18134117,8.32,-1.6,True,1.0,0.5,0.37,4.7,Actionable watch,Breakout retest,"breakout, retest, pivot, volume, flag, continuation, uptrend, inverse-head-and-shoulders, base, reversal",4651.1,2026-08-13,5.91,0.63,,,,"Prior resistance has been cleared on higher volume and price is back near that pivot. This is the kind of retest zone where follow-through can matter more than chasing a stretched candle. Secondary patterns: Bullish flag, Possible inverse H&S.",Setup watch: Breakout retest,5.58
ZEEL,Zee Entertainment Enterprises Ltd.,ZEEL.NS,Media Entertainment & Publication,True,,NIFTY 500,^CRSLDX,2026-08-21,107.58,-0.42,5.18,2.01,23302266.0,36828315.0,0.63,2506857818.95,56.72,51.49,True,True,True,True,True,5.43,2.54,-0.43,False,False,False,False,3.81,0.00457198,0.00450498,1.49,-0.66,True,0.6666666666666666,0.0,0.63,3.4,Actionable watch,Possible inverse H&S,"inverse-head-and-shoulders, base, reversal",98.05,,,9.72,,,98.05,A possible inverse head-and-shoulders base is visible. The setup improves only if price clears or holds near the neckline with better volume.,Setup watch: Possible inverse H&S,5.56
GABRIEL,Gabriel India Ltd.,GABRIEL.NS,Automobile and Auto Components,True,,NIFTY 500,^CRSLDX,2026-08-21,1420.6,-1.13,-2.63,4.4,205129.0,337139.0,0.61,291406252.39,49.87,55.18,False,False,True,True,True,-3.02,5.61,1.87,False,False,False,False,-10.23,0.06037322,0.05750934,4.98,1.67,True,1.0,0.0,0.61,4.77,Actionable watch,High-tight flag,"flag, continuation, uptrend, high-tight, inverse-head-and-shoulders, base, reversal",1584.42,2026-08-05,0.37,,12.68,61.85,,Price has made a sharp impulse move and is now consolidating near the highs. A controlled pullback with quieter volume keeps the continuation setup alive. Secondary patterns: Possible inverse H&S.,Strengthening,5.53
AIIL,Authum Investment & Infrastructure Ltd.,AIIL.NS,Financial Services,True,,NIFTY 500,^CRSLDX,2026-08-21,552.25,3.75,-2.24,3.98,673003.0,512634.0,1.31,371665906.75,50.09,53.37,False,False,True,True,True,-1.51,1.73,-1.15,False,False,False,False,-2.17,0.02346974,0.02329978,0.73,1.26,True,0.6666666666666666,0.0,1.31,5.1,Actionable watch,Breakout retest,"breakout, retest, pivot, volume, flag, continuation, uptrend, inverse-head-and-shoulders, base, reversal",522.62,2026-06-12,48.34,1.83,,,,"Prior resistance has been cleared on higher volume and price is back near that pivot. This is the kind of retest zone where follow-through can matter more than chasing a stretched candle. Secondary patterns: Bullish flag, Possible inverse H&S.",Strengthening,5.45
PIDILITIND,Pidilite Industries Ltd.,PIDILITIND.NS,Chemicals,True,,NIFTY 500,^CRSLDX,2026-08-21,1649.0,-0.66,-2.6,4.97,732954.0,1103809.0,0.66,1208641146.0,52.36,64.92,False,False,True,True,True,-0.48,2.65,1.15,False,False,False,False,2.28,0.07007985,0.06886575,1.76,2.22,True,1.0,0.0,0.66,3.4,Actionable watch,Possible inverse H&S,"inverse-head-and-shoulders, base, reversal",1474.9,,,11.8,,,1474.9,A possible inverse head-and-shoulders base is visible. The setup improves only if price clears or holds near the neckline with better volume.,Strengthening,5.43
PGEL,PG Electroplast Ltd.,PGEL.NS,Consumer Durables,True,,NIFTY 500,^CRSLDX,2026-08-21,600.55,-0.25,-0.07,4.91,1073955.0,2190157.0,0.49,644963662.14,50.48,51.31,False,False,True,True,True,-1.24,2.69,0.71,False,False,False,False,-3.62,0.02552241,0.02502944,1.97,2.16,True,1.0,0.0,0.49,3.4,Actionable watch,Possible inverse H&S,"inverse-head-and-shoulders, base, reversal, flag, continuation, uptrend",564.38,,,6.41,,,564.38,A possible inverse head-and-shoulders base is visible. The setup improves only if price clears or holds near the neckline with better volume. Secondary patterns: Bullish flag.,Strengthening,5.42
PREMIERENE,Premier Energies Ltd.,PREMIERENE.NS,Capital Goods,True,,NIFTY 500,^CRSLDX,2026-08-21,1053.0,1.25,3.51,3.31,2710042.0,969501.0,2.8,2853674226.0,54.54,43.93,True,True,True,True,True,2.3,0.56,-0.32,False,True,False,False,2.73,0.04475081,0.0449254,-0.39,0.6,False,0.6666666666666666,0.5,2.8,3.4,Actionable watch,Possible inverse H&S,"inverse-head-and-shoulders, base, reversal",995.85,,,5.74,,,995.85,A possible inverse head-and-shoulders base is visible. The setup improves only if price clears or holds near the neckline with better volume.,Setup watch: Possible inverse H&S,5.41
ABREL,Aditya Birla Real Estate Ltd.,ABREL.NS,Realty,True,,NIFTY 500,^CRSLDX,2026-08-21,1406.3,-2.71,0.24,2.34,399181.0,173141.0,2.31,561368259.79,51.47,51.83,True,True,True,True,False,0.27,1.58,-2.03,False,False,False,False,-3.46,0.05976549,0.05926611,0.84,-0.35,True,0.3333333333333333,0.0,2.31,2.78,Actionable watch,Possible inverse H&S,"inverse-head-and-shoulders, base, reversal",1398.95,,,0.53,,,1398.95,A possible inverse head-and-shoulders base is visible. The setup improves only if price clears or holds near the neckline with better volume.,Setup watch: Possible inverse H&S,5.4
CONCORDBIO,Concord Biotech Ltd.,CONCORDBIO.NS,Healthcare,True,,NIFTY 500,^CRSLDX,2026-08-21,1571.3,-0.34,8.27,25.86,94192.0,222961.0,0.42,148003894.2,75.45,67.72,True,True,True,True,True,10.01,16.21,-0.59,False,False,False,False,24.04,0.06677773,0.05805396,15.03,22.55,True,0.6666666666666666,0.0,0.42,3.4,Actionable watch,Possible inverse H&S,"inverse-head-and-shoulders, base, reversal",1431.45,,,9.77,,,1431.45,A possible inverse head-and-shoulders base is visible. The setup improves only if price clears or holds near the neckline with better volume.,Strengthening,5.39
JYOTICNC,Jyoti CNC Automation Ltd.,JYOTICNC.NS,Capital Goods,True,,NIFTY 500,^CRSLDX,2026-08-21,988.8,4.11,19.58,24.37,1618375.0,1488851.0,1.09,1600249180.24,76.54,55.32,True,True,True,True,True,16.12,23.51,-0.72,False,True,False,False,15.78,0.04202241,0.0342685,22.63,21.11,True,0.3333333333333333,0.5,1.09,3.4,Actionable watch,Possible inverse H&S,"inverse-head-and-shoulders, base, reversal",865.25,,,14.28,,,865.25,A possible inverse head-and-shoulders base is visible. The setup improves only if price clears or holds near the neckline with better volume.,Strengthening,5.39
LTTS,L&T Technology Services Ltd.,LTTS.NS,Information Technology,True,,NIFTY 500,^CRSLDX,2026-08-21,3604.6,0.71,3.68,5.46,54783.0,107009.0,0.51,197470807.15,57.67,49.11,True,True,True,True,False,1.18,5.76,-1.5,False,False,False,False,-1.09,0.15318972,0.14624491,4.75,2.69,True,0.3333333333333333,0.0,0.51,3.25,Watch,Bullish flag,"flag, continuation, uptrend, inverse-head-and-shoulders, base, reversal",3652.7,2026-08-11,0.48,,5.57,19.85,,Price has made a sharp impulse move and is now consolidating near the highs. A controlled pullback with quieter volume keeps the continuation setup alive. Secondary patterns: Possible inverse H&S.,Strengthening,5.38
POLYMED,Poly Medicure Ltd.,POLYMED.NS,Healthcare,True,,NIFTY 500,^CRSLDX,2026-08-21,1719.4,-2.84,-3.74,3.33,96741.0,193531.0,0.5,166336477.76,48.84,58.25,False,False,True,True,True,-1.25,1.96,-1.06,False,False,False,False,-1.1,0.07307174,0.07223849,1.15,0.62,True,0.6666666666666666,0.0,0.5,4.7,Actionable watch,Breakout retest,"breakout, retest, pivot, volume, flag, continuation, uptrend, inverse-head-and-shoulders, base, reversal",1751.48,2026-08-11,8.05,1.83,,,,"Prior resistance has been cleared on higher volume and price is back near that pivot. This is the kind of retest zone where follow-through can matter more than chasing a stretched candle. Secondary patterns: Bullish flag, Possible inverse H&S.",Strengthening,5.32
EXIDEIND,Exide Industries Ltd.,EXIDEIND.NS,Automobile and Auto Components,True,,NIFTY 500,^CRSLDX,2026-08-21,459.6,-0.97,-3.47,3.75,2410617.0,5858545.0,0.41,1107919587.91,52.28,62.99,False,False,True,True,True,-0.82,6.64,2.04,False,False,False,False,-14.16,0.01953226,0.01848403,5.67,1.03,True,1.0,0.0,0.41,3.4,Actionable watch,Possible inverse H&S,"inverse-head-and-shoulders, base, reversal, flag, continuation, uptrend",360.8,,,27.38,,,360.8,A possible inverse head-and-shoulders base is visible. The setup improves only if price clears or holds near the neckline with better volume. Secondary patterns: Bullish flag.,Strengthening,5.2
IDEA,Vodafone Idea Ltd.,IDEA.NS,Telecommunication,True,,NIFTY 500,^CRSLDX,2026-08-21,13.94,-0.64,-1.2,6.17,190437625.0,381715271.0,0.5,2654700412.59,57.99,65.19,True,True,True,True,True,4.95,1.0,3.71,False,False,False,False,9.18,0.00059243,0.0005932,-0.13,3.39,False,1.0,0.0,0.5,3.4,Actionable watch,Possible inverse H&S,"inverse-head-and-shoulders, base, reversal",11.26,,,23.75,,,11.26,A possible inverse head-and-shoulders base is visible. The setup improves only if price clears or holds near the neckline with better volume.,Setup watch: Possible inverse H&S,5.17
INDIANB,Indian Bank,INDIANB.NS,Financial Services,True,,NIFTY 500,^CRSLDX,2026-08-21,876.9,0.68,-2.02,6.15,576563.0,1314342.0,0.44,505588108.78,56.77,65.44,False,True,True,True,True,1.41,3.74,0.84,False,False,False,False,3.28,0.03726684,0.0362777,2.73,3.37,True,0.6666666666666666,0.0,0.44,0.0,No clear setup,,,,,,,,,,,Strengthening,5.17
BHARTIARTL,Bharti Airtel Ltd.,BHARTIARTL.NS,Telecommunication,True,,NIFTY 500,^CRSLDX,2026-08-21,1946.0,0.22,-2.31,2.52,3016210.0,6716375.0,0.45,5869544660.0,52.77,63.13,True,False,True,True,True,-0.1,2.18,-0.22,False,False,False,False,-4.94,0.08270188,0.08168289,1.25,-0.17,True,0.3333333333333333,0.0,0.45,5.08,Actionable watch,Breakout retest,"breakout, retest, pivot, volume, inverse-head-and-shoulders, base, reversal",1933.87,2026-08-05,2.36,0.34,,,,Prior resistance has been cleared on higher volume and price is back near that pivot. This is the kind of retest zone where follow-through can matter more than chasing a stretched candle. Secondary patterns: Possible inverse H&S.,Setup watch: Breakout retest,5.17
NESTLEIND,Nestle India Ltd.,NESTLEIND.NS,Fast Moving Consumer Goods,True,,NIFTY 500,^CRSLDX,2026-08-21,1477.1,1.31,-1.47,2.33,2679812.0,2334969.0,1.15,3958350239.77,49.22,53.78,False,False,True,True,True,-1.47,1.58,2.02,False,False,False,False,-4.67,0.06277438,0.06235736,0.67,-0.36,True,1.0,0.0,1.15,4.32,Actionable watch,Breakout retest,"breakout, retest, pivot, volume, inverse-head-and-shoulders, base, reversal",1486.48,2026-07-30,1.64,0.63,,,,Prior resistance has been cleared on higher volume and price is back near that pivot. This is the kind of retest zone where follow-through can matter more than chasing a stretched candle. Secondary patterns: Possible inverse H&S.,Setup watch: Breakout retest,5.13
INFY,Infosys Ltd.,INFY.NS,Information Technology,True,,NIFTY 500,^CRSLDX,2026-08-21,1121.0,-0.8,-4.12,7.7,6090905.0,11811041.0,0.52,6827904505.0,47.14,58.65,False,False,True,False,False,-2.55,1.87,-2.2,False,False,False,False,4.03,0.0476407,0.04726883,0.79,4.87,True,0.3333333333333333,0.0,0.52,3.26,Watch,Bullish flag,"flag, continuation, uptrend",1190.7,2026-08-11,0.55,,7.03,20.85,,Price has made a sharp impulse move and is now consolidating near the highs. A controlled pullback with quieter volume keeps the continuation setup alive.,Strengthening,5.12
GLENMARK,Glenmark Pharmaceuticals Ltd.,GLENMARK.NS,Healthcare,True,,NIFTY 500,^CRSLDX,2026-08-21,2317.9,-0.64,-0.02,5.74,237218.0,499590.0,0.47,549847579.03,56.71,61.32,True,True,True,True,True,2.3,3.69,1.85,False,False,False,False,0.34,0.09850702,0.09592618,2.69,2.97,True,1.0,0.0,0.47,0.0,No clear setup,,,,,,,,,,,Strengthening,5.09
GRAPHITE,Graphite India Ltd.,GRAPHITE.NS,Capital Goods,True,,NIFTY 500,^CRSLDX,2026-08-21,710.75,-0.88,-1.5,5.65,669598.0,1393251.0,0.48,475916778.5,56.07,63.18,False,True,True,True,True,1.12,8.5,2.07,False,False,False,False,-10.37,0.03020573,0.02812894,7.38,2.88,True,1.0,0.0,0.48,0.0,No clear setup,,,,,,,,,,,Strengthening,5.08
SAREGAMA,Saregama India Ltd,SAREGAMA.NS,Media Entertainment & Publication,True,,NIFTY 500,^CRSLDX,2026-08-21,506.55,-2.62,-3.94,2.02,293919.0,903275.0,0.33,148884665.86,47.72,55.2,False,False,True,True,True,-3.35,1.54,1.84,False,False,False,False,-4.84,0.02152756,0.02137772,0.7,-0.65,True,1.0,0.0,0.33,4.69,Actionable watch,Breakout retest,"breakout, retest, pivot, volume, flag, continuation, uptrend, inverse-head-and-shoulders, base, reversal",510.9,2026-07-28,2.38,0.85,,,,"Prior resistance has been cleared on higher volume and price is back near that pivot. This is the kind of retest zone where follow-through can matter more than chasing a stretched candle. Secondary patterns: Bullish flag, Possible inverse H&S.",Setup watch: Breakout retest,5.07
PNB,Punjab National Bank,PNB.NS,Financial Services,True,,NIFTY 500,^CRSLDX,2026-08-21,116.55,-1.23,-1.23,5.59,14047780.0,13068341.0,1.07,1637268801.87,59.85,68.96,False,True,True,True,True,1.51,5.67,0.01,False,False,False,False,-0.4,0.00495319,0.00473067,4.7,2.82,True,0.6666666666666666,0.0,1.07,0.0,No clear setup,,,,,,,,,,,Strengthening,5.06
HOMEFIRST,Home First Finance Company India Ltd.,HOMEFIRST.NS,Financial Services,True,,NIFTY 500,^CRSLDX,2026-08-21,1193.7,0.53,1.46,1.68,233480.0,148050.0,1.58,278705064.6,53.02,46.84,True,True,True,True,True,0.99,0.4,-0.31,False,False,False,False,-0.36,0.05073033,0.05094715,-0.43,-0.99,False,0.6666666666666666,0.0,1.58,3.3,Watch,Bullish flag,"flag, continuation, uptrend, inverse-head-and-shoulders, base, reversal",1280.1,2026-07-21,0.67,,11.31,24.32,,Price has made a sharp impulse move and is now consolidating near the highs. A controlled pullback with quieter volume keeps the continuation setup alive. Secondary patterns: Possible inverse H&S.,Setup watch: Bullish flag,5.06
VEDL,Vedanta Ltd.,VEDL.NS,Metals & Mining,True,,NIFTY 500,^CRSLDX,2026-08-21,279.0,4.1,4.3,5.42,23083360.0,11849788.0,1.95,6440257440.0,55.25,43.58,True,True,True,False,False,3.26,1.57,-4.09,False,False,False,False,5.03,0.01185705,0.01182073,0.31,2.66,True,0.3333333333333333,0.0,1.95,0.0,No clear setup,,,,,,,,,,,Strengthening with volume,5.03
MEDANTA,Global Health Ltd.,MEDANTA.NS,Healthcare,True,,NIFTY 500,^CRSLDX,2026-08-21,1409.7,0.11,-0.91,2.86,117792.0,256914.0,0.46,166051376.65,52.11,55.86,False,False,True,True,True,-1.01,3.72,0.55,False,False,False,False,-5.22,0.05990998,0.05823493,2.88,0.16,True,1.0,0.0,0.46,3.4,Actionable watch,Possible inverse H&S,"inverse-head-and-shoulders, base, reversal, flag, continuation, uptrend",1216.85,,,15.85,,,1216.85,A possible inverse head-and-shoulders base is visible. The setup improves only if price clears or holds near the neckline with better volume. Secondary patterns: Bullish flag.,Strengthening,5.02
SUMICHEM,Sumitomo Chemical India Ltd.,SUMICHEM.NS,Chemicals,True,,NIFTY 500,^CRSLDX,2026-08-21,534.65,-3.11,-5.36,2.73,221306.0,644225.0,0.34,118321258.3,50.97,64.93,False,False,True,True,True,-0.25,6.14,0.42,False,False,False,False,-20.86,0.02272177,0.021627,5.06,0.03,True,1.0,0.0,0.34,3.44,Actionable watch,Bullish flag,"flag, continuation, uptrend, inverse-head-and-shoulders, base, reversal",564.95,2026-08-14,0.2,,6.37,34.87,,Price has made a sharp impulse move and is now consolidating near the highs. A controlled pullback with quieter volume keeps the continuation setup alive. Secondary patterns: Possible inverse H&S.,Strengthening,5.01
BDL,Bharat Dynamics Ltd.,BDL.NS,Capital Goods,True,,NIFTY 500,^CRSLDX,2026-08-21,1359.0,3.19,-2.79,9.33,2189590.0,1782879.0,1.23,2975652810.0,56.75,69.61,True,True,True,True,True,3.82,3.2,-1.5,False,False,False,False,14.83,0.05775532,0.05635924,2.48,6.47,True,0.3333333333333333,0.0,1.23,-2.0,Risk review,Head-and-shoulders risk,"head-and-shoulders, risk, distribution, inverse-head-and-shoulders, base, reversal",1315.85,,,3.28,,,1315.85,"A possible head-and-shoulders top is forming or breaking. This is a caution signal, not an entry setup. Secondary patterns: Possible inverse H&S.",Risk review,5.0
CUB,City Union Bank Ltd.,CUB.NS,Financial Services,True,,NIFTY 500,^CRSLDX,2026-08-21,217.3,-0.93,4.15,-0.19,727667.0,4179035.0,0.17,158122041.32,52.41,46.1,True,True,True,True,True,1.23,1.98,2.36,False,False,False,False,-14.28,0.0092349,0.00914594,0.97,-2.81,True,1.0,0.0,0.17,2.98,Actionable watch,Possible inverse H&S,"inverse-head-and-shoulders, base, reversal, flag, continuation, uptrend",214.84,,,1.15,,,214.84,A possible inverse head-and-shoulders base is visible. The setup improves only if price clears or holds near the neckline with better volume. Secondary patterns: Bullish flag.,Setup watch: Possible inverse H&S,4.98
JMFINANCIL,JM Financial Ltd.,JMFINANCIL.NS,Financial Services,True,,NIFTY 500,^CRSLDX,2026-08-21,128.24,-0.71,1.43,5.07,2136934.0,3627127.0,0.59,274040427.9,54.24,51.48,True,True,True,True,False,1.88,1.93,-3.09,False,False,False,False,4.46,0.00544999,0.00539407,1.04,2.32,True,0.3333333333333333,0.0,0.59,2.2,Watch,Possible inverse H&S,"inverse-head-and-shoulders, base, reversal",135.06,,,5.05,,,135.06,A possible inverse head-and-shoulders base is visible. The setup improves only if price clears or holds near the neckline with better volume.,Strengthening,4.93
MCX,Multi Commodity Exchange of India Ltd.,MCX.NS,Financial Services,True,,NIFTY 500,^CRSLDX,2026-08-21,3185.0,1.89,9.39,16.67,3473335.0,2625623.0,1.32,11062571975.0,69.45,58.94,True,True,True,True,True,12.71,12.84,4.07,False,True,False,False,16.36,0.13535739,0.1211503,11.73,13.61,True,1.0,0.5,1.32,0.0,No clear setup,,,,,,,,,,,Strengthening,4.9
PIRAMALFIN,Piramal Finance Ltd.,PIRAMALFIN.NS,Financial Services,True,,NIFTY 500,^CRSLDX,2026-08-21,2180.8,2.48,5.98,4.57,411484.0,195954.0,2.1,897364327.29,63.07,44.82,True,True,True,True,,4.99,3.47,,False,True,True,False,3.12,0.0926805,0.09035002,2.58,1.83,True,0.3333333333333333,1.0,2.1,0.0,No clear setup,,,,,,,,,,,Strengthening with volume,4.87
ABB,ABB India Ltd.,ABB.NS,Capital Goods,True,,NIFTY 500,^CRSLDX,2026-08-21,7424.0,-0.74,-2.94,1.84,85361.0,300476.0,0.28,633720064.0,49.73,62.77,False,False,True,True,True,-0.93,2.75,3.98,False,False,False,False,-7.22,0.31550808,0.30975126,1.86,-0.83,True,1.0,0.0,0.28,3.4,Actionable watch,Possible inverse H&S,"inverse-head-and-shoulders, base, reversal",5654.0,,,31.31,,,5654.0,A possible inverse head-and-shoulders base is visible. The setup improves only if price clears or holds near the neckline with better volume.,Setup watch: Possible inverse H&S,4.82
MANAPPURAM,Manappuram Finance Ltd.,MANAPPURAM.NS,Financial Services,True,,NIFTY 500,^CRSLDX,2026-08-21,357.5,2.36,2.73,1.58,9884010.0,7501772.0,1.32,3533533575.0,55.95,48.39,True,False,True,True,True,-0.04,5.11,2.65,False,False,False,False,-12.87,0.01519318,0.01457818,4.22,-1.08,True,1.0,0.0,1.32,3.4,Actionable watch,Possible inverse H&S,"inverse-head-and-shoulders, base, reversal, flag, continuation, uptrend",318.03,,,12.41,,,318.03,A possible inverse head-and-shoulders base is visible. The setup improves only if price clears or holds near the neckline with better volume. Secondary patterns: Bullish flag.,Setup watch: Possible inverse H&S,4.77
CHOICEIN,Choice International Ltd.,CHOICEIN.NS,Financial Services,True,,NIFTY 500,^CRSLDX,2026-08-21,808.6,-0.14,0.53,1.44,238715.0,501738.0,0.48,193024943.17,51.72,49.38,False,False,True,True,True,-0.74,2.62,0.0,False,False,False,False,-12.31,0.0343642,0.03375437,1.81,-1.22,True,0.6666666666666666,0.0,0.48,3.4,Actionable watch,Possible inverse H&S,"inverse-head-and-shoulders, base, reversal, flag, continuation, uptrend",775.2,,,4.31,,,775.2,A possible inverse head-and-shoulders base is visible. The setup improves only if price clears or holds near the neckline with better volume. Secondary patterns: Bullish flag.,Setup watch: Possible inverse H&S,4.75
SAIL,Steel Authority of India Ltd.,SAIL.NS,Metals & Mining,True,,NIFTY 500,^CRSLDX,2026-08-21,173.46,-0.82,2.33,7.44,14683544.0,17688886.0,0.83,2547007640.82,53.45,48.3,True,True,True,False,True,1.22,1.9,2.44,False,False,False,False,9.26,0.00737177,0.00731634,0.76,4.62,True,1.0,0.0,0.83,-2.0,Risk review,Head-and-shoulders risk,"head-and-shoulders, risk, distribution, inverse-head-and-shoulders, base, reversal",166.58,,,4.13,,,166.58,"A possible head-and-shoulders top is forming or breaking. This is a caution signal, not an entry setup. Secondary patterns: Possible inverse H&S.",Risk review,4.72
CAPLIPOINT,Caplin Point Laboratories Ltd.,CAPLIPOINT.NS,Healthcare,True,,NIFTY 500,^CRSLDX,2026-08-21,2560.8,1.23,3.24,3.8,49778.0,105498.0,0.47,127471504.83,51.99,45.04,True,True,True,True,True,0.16,0.59,2.8,False,False,False,False,1.78,0.10882989,0.10914422,-0.29,1.08,False,1.0,0.0,0.47,3.4,Actionable watch,Possible inverse H&S,"inverse-head-and-shoulders, base, reversal",2045.55,,,25.19,,,2045.55,A possible inverse head-and-shoulders base is visible. The setup improves only if price clears or holds near the neckline with better volume.,Setup watch: Possible inverse H&S,4.71
INDUSINDBK,IndusInd Bank Ltd.,INDUSINDBK.NS,Financial Services,True,,NIFTY 500,^CRSLDX,2026-08-21,1005.6,-0.24,-1.49,0.96,1043285.0,1176813.0,0.89,1049127370.53,48.53,54.49,False,False,True,True,True,-0.94,1.48,2.83,False,False,False,False,-11.03,0.04273638,0.04250929,0.53,-1.69,True,1.0,0.0,0.89,3.4,Actionable watch,Possible inverse H&S,"inverse-head-and-shoulders, base, reversal, flag, continuation, uptrend",963.38,,,4.38,,,963.38,A possible inverse head-and-shoulders base is visible. The setup improves only if price clears or holds near the neckline with better volume. Secondary patterns: Bullish flag.,Setup watch: Possible inverse H&S,4.65
GODREJPROP,Godrej Properties Ltd.,GODREJPROP.NS,Realty,True,,NIFTY 500,^CRSLDX,2026-08-21,2035.0,0.74,2.26,0.8,277201.0,619382.0,0.45,564104035.0,50.14,44.57,True,False,True,True,True,-1.32,1.87,-0.74,False,False,False,False,-12.43,0.08648423,0.08555151,1.09,-1.85,True,0.6666666666666666,0.0,0.45,3.42,Actionable watch,Bullish flag,"flag, continuation, uptrend",2156.0,2026-07-29,0.79,,9.44,33.9,,Price has made a sharp impulse move and is now consolidating near the highs. A controlled pullback with quieter volume keeps the continuation setup alive.,Setup watch: Bullish flag,4.63
LENSKART,Lenskart Solutions Ltd.,LENSKART.NS,Consumer Services,True,,NIFTY 500,^CRSLDX,2026-08-21,661.4,1.01,8.1,18.98,9357932.0,7087966.0,1.32,6189336453.27,83.87,76.44,True,True,True,True,,11.95,19.5,,False,True,True,True,5.67,0.02810844,0.02372479,18.48,15.86,True,0.3333333333333333,1.0,1.32,3.4,Actionable watch,Possible inverse H&S,"inverse-head-and-shoulders, base, reversal",540.15,,,22.45,,,540.15,A possible inverse head-and-shoulders base is visible. The setup improves only if price clears or holds near the neckline with better volume.,Strengthening,4.59
BLUEDART,Blue Dart Express Ltd.,BLUEDART.NS,Services,True,,NIFTY 500,^CRSLDX,2026-08-21,5083.0,0.12,-1.13,3.49,4048.0,49236.0,0.08,20575984.0,50.75,54.19,False,False,True,True,False,-1.12,1.73,-1.21,False,False,False,False,1.34,0.21601934,0.21417139,0.86,0.78,True,0.3333333333333333,0.0,0.08,5.1,Actionable watch,Breakout retest,"breakout, retest, pivot, volume",5064.75,2026-07-31,3.63,0.07,,,,Prior resistance has been cleared on higher volume and price is back near that pivot. This is the kind of retest zone where follow-through can matter more than chasing a stretched candle.,Strengthening,4.56
TECHM,Tech Mahindra Ltd.,TECHM.NS,Information Technology,True,,NIFTY 500,^CRSLDX,2026-08-21,1584.0,-0.51,-2.99,1.57,1324616.0,2889814.0,0.46,2098191744.0,48.62,62.46,False,False,True,True,True,-2.63,4.2,1.52,False,False,False,False,-13.4,0.06731746,0.06518794,3.27,-1.09,True,1.0,0.0,0.46,2.77,Actionable watch,Possible inverse H&S,"inverse-head-and-shoulders, base, reversal, flag, continuation, uptrend",1576.05,,,0.5,,,1576.05,A possible inverse head-and-shoulders base is visible. The setup improves only if price clears or holds near the neckline with better volume. Secondary patterns: Bullish flag.,Setup watch: Possible inverse H&S,4.55
WIPRO,Wipro Ltd.,WIPRO.NS,Information Technology,True,,NIFTY 500,^CRSLDX,2026-08-21,180.79,-0.12,-1.74,3.24,4635652.0,12637480.0,0.37,838079493.96,48.78,54.92,False,False,True,False,False,-1.51,1.58,-2.42,False,False,False,False,-1.57,0.00768328,0.00764015,0.56,0.53,True,0.3333333333333333,0.0,0.37,4.65,Actionable watch,Breakout retest,"breakout, retest, pivot, volume",179.32,2026-07-29,1.5,0.38,,,,Prior resistance has been cleared on higher volume and price is back near that pivot. This is the kind of retest zone where follow-through can matter more than chasing a stretched candle.,Strengthening,4.51
BHEL,Bharat Heavy Electricals Ltd.,BHEL.NS,Capital Goods,True,,NIFTY 500,^CRSLDX,2026-08-21,413.0,-0.12,-2.06,-1.03,3638333.0,7881805.0,0.46,1502631529.0,50.12,58.94,False,False,True,True,True,-0.08,1.51,5.55,False,False,False,False,-8.49,0.01755184,0.01743648,0.66,-3.63,True,1.0,0.0,0.46,4.41,Actionable watch,Breakout retest,"breakout, retest, pivot, volume",422.26,2026-08-17,1.81,2.19,,,,Prior resistance has been cleared on higher volume and price is back near that pivot. This is the kind of retest zone where follow-through can matter more than chasing a stretched candle.,Setup watch: Breakout retest,4.47
COCHINSHIP,Cochin Shipyard Ltd.,COCHINSHIP.NS,Capital Goods,True,,NIFTY 500,^CRSLDX,2026-08-21,1480.5,-0.57,-1.07,6.33,817068.0,1068707.0,0.76,1209669174.0,54.01,59.16,False,True,True,False,False,1.32,2.08,-2.1,False,False,False,False,7.23,0.06291887,0.06219984,1.16,3.54,True,0.3333333333333333,0.0,0.76,0.0,No clear setup,,,,,,,,,,,Strengthening,4.41
CYIENT,Cyient Ltd.,CYIENT.NS,Information Technology,True,,NIFTY 500,^CRSLDX,2026-08-21,892.65,-1.15,2.95,6.26,594682.0,589373.0,1.01,530842901.82,58.36,53.12,True,True,True,True,False,3.55,3.37,-3.04,False,False,False,False,7.86,0.03793619,0.03704986,2.39,3.48,True,0.3333333333333333,0.0,1.01,0.0,No clear setup,,,,,,,,,,,Strengthening,4.4
OIL,Oil India Ltd.,OIL.NS,Oil Gas & Consumable Fuels,True,,NIFTY 500,^CRSLDX,2026-08-21,475.0,-1.23,1.39,5.61,1163218.0,3235944.0,0.36,552528550.0,59.38,59.95,True,True,True,True,True,3.12,7.82,1.13,False,False,False,False,-8.68,0.02018674,0.01890778,6.76,2.84,True,0.6666666666666666,0.0,0.36,-2.0,Risk review,Head-and-shoulders risk,"head-and-shoulders, risk, distribution, inverse-head-and-shoulders, base, reversal",460.22,,,3.21,,,460.22,"A possible head-and-shoulders top is forming or breaking. This is a caution signal, not an entry setup. Secondary patterns: Possible inverse H&S.",Risk review,4.37
SBICARD,SBI Cards and Payment Services Ltd.,SBICARD.NS,Financial Services,True,,NIFTY 500,^CRSLDX,2026-08-21,649.0,0.3,2.53,4.89,2055549.0,1664088.0,1.24,1334051301.0,53.37,45.02,True,False,True,True,False,-0.14,2.92,-3.5,False,False,False,False,2.25,0.02758146,0.02702095,2.07,2.14,True,0.3333333333333333,0.0,1.24,2.63,Actionable watch,Possible inverse H&S,"inverse-head-and-shoulders, base, reversal",648.35,,,0.1,,,648.35,A possible inverse head-and-shoulders base is visible. The setup improves only if price clears or holds near the neckline with better volume.,Strengthening,4.35
SBFC,SBFC Finance Ltd.,SBFC.NS,Financial Services,True,,NIFTY 500,^CRSLDX,2026-08-21,93.93,-0.06,-0.13,1.9,697508.0,1633726.0,0.43,65516926.65,54.89,56.47,True,True,True,True,False,1.13,1.63,-1.96,False,False,False,False,-3.16,0.00399187,0.00396571,0.66,-0.77,True,0.3333333333333333,0.0,0.43,2.2,Watch,Possible inverse H&S,"inverse-head-and-shoulders, base, reversal",99.61,,,5.7,,,99.61,A possible inverse head-and-shoulders base is visible. The setup improves only if price clears or holds near the neckline with better volume.,Setup watch: Possible inverse H&S,4.32
KARURVYSYA,Karur Vysya Bank Ltd.,KARURVYSYA.NS,Financial Services,True,,NIFTY 500,^CRSLDX,2026-08-21,335.5,0.42,1.13,-1.0,785399.0,1691890.0,0.46,263501364.5,56.81,54.11,True,False,True,True,True,-0.47,6.32,3.69,False,False,False,False,-22.2,0.01425821,0.01353357,5.35,-3.6,True,1.0,0.0,0.46,3.4,Actionable watch,Possible inverse H&S,"inverse-head-and-shoulders, base, reversal, flag, continuation, uptrend",321.93,,,4.22,,,321.93,A possible inverse head-and-shoulders base is visible. The setup improves only if price clears or holds near the neckline with better volume. Secondary patterns: Bullish flag.,Setup watch: Possible inverse H&S,4.27
TORNTPHARM,Torrent Pharmaceuticals Ltd.,TORNTPHARM.NS,Healthcare,True,,NIFTY 500,^CRSLDX,2026-08-21,4896.5,-2.17,1.31,-1.31,226263.0,515001.0,0.44,1107896779.5,48.7,45.36,False,False,True,True,True,-1.07,1.47,3.42,False,False,False,False,-14.72,0.20809339,0.20707431,0.49,-3.9,True,1.0,0.0,0.44,3.4,Actionable watch,Possible inverse H&S,"inverse-head-and-shoulders, base, reversal",4519.0,,,8.35,,,4519.0,A possible inverse head-and-shoulders base is visible. The setup improves only if price clears or holds near the neckline with better volume.,Setup watch: Possible inverse H&S,4.21
APLAPOLLO,APL Apollo Tubes Ltd.,APLAPOLLO.NS,Capital Goods,True,,NIFTY 500,^CRSLDX,2026-08-21,2139.0,-0.05,2.67,17.35,237091.0,713452.0,0.33,507137649.0,76.97,73.33,True,True,True,True,True,7.55,13.43,1.22,False,False,False,False,11.75,0.09090407,0.08091006,12.35,14.27,True,0.6666666666666666,0.0,0.33,0.0,No clear setup,,,,,,,,,,,Strengthening,4.2
SBIN,State Bank of India,SBIN.NS,Financial Services,True,,NIFTY 500,^CRSLDX,2026-08-21,1048.7,0.07,-1.78,3.32,6533266.0,10063461.0,0.65,6851435735.19,49.43,56.21,False,False,True,True,True,-0.38,0.73,1.63,False,False,False,False,2.67,0.04456806,0.04464284,-0.17,0.61,False,1.0,0.0,0.65,4.21,Actionable watch,Breakout retest,"breakout, retest, pivot, volume",1050.38,2026-08-06,1.42,0.16,,,,Prior resistance has been cleared on higher volume and price is back near that pivot. This is the kind of retest zone where follow-through can matter more than chasing a stretched candle.,Setup watch: Breakout retest,4.12
MRPL,Mangalore Refinery & Petrochemicals Ltd.,MRPL.NS,Oil Gas & Consumable Fuels,True,,NIFTY 500,^CRSLDX,2026-08-21,176.81,1.63,3.68,4.16,6535381.0,13239934.0,0.49,1155520698.65,56.59,52.59,True,True,True,True,True,3.45,7.85,1.4,False,False,False,False,-9.81,0.00751414,0.00703901,6.75,1.43,True,0.6666666666666666,0.0,0.49,-2.0,Risk review,Head-and-shoulders risk,"head-and-shoulders, risk, distribution, flag, continuation, uptrend",176.7,,,0.06,,,176.7,"A possible head-and-shoulders top is forming or breaking. This is a caution signal, not an entry setup. Secondary patterns: Bullish flag.",Risk review,4.09
TCS,Tata Consultancy Services Ltd.,TCS.NS,Information Technology,True,,NIFTY 500,^CRSLDX,2026-08-21,2302.0,0.17,-2.5,2.12,2066301.0,3576230.0,0.58,4756624902.0,48.3,53.16,False,False,True,True,False,-3.17,3.21,-2.01,False,False,False,False,-9.72,0.0978313,0.09572019,2.21,-0.56,True,0.3333333333333333,0.0,0.58,3.32,Watch,Bullish flag,"flag, continuation, uptrend",2473.7,2026-08-03,0.58,,9.54,25.45,,Price has made a sharp impulse move and is now consolidating near the highs. A controlled pullback with quieter volume keeps the continuation setup alive.,Setup watch: Bullish flag,4.05
JUBLINGREA,Jubilant Ingrevia Ltd.,JUBLINGREA.NS,Chemicals,True,,NIFTY 500,^CRSLDX,2026-08-21,718.35,-0.28,-2.52,-0.99,287899.0,289042.0,1.0,206812239.62,47.71,53.44,False,False,True,True,True,-2.24,2.3,0.83,False,False,False,False,-21.72,0.03052872,0.03011961,1.36,-3.59,True,1.0,0.0,1.0,2.74,Actionable watch,Possible inverse H&S,"inverse-head-and-shoulders, base, reversal, flag, continuation, uptrend",715.35,,,0.42,,,715.35,A possible inverse head-and-shoulders base is visible. The setup improves only if price clears or holds near the neckline with better volume. Secondary patterns: Bullish flag.,Setup watch: Possible inverse H&S,4.04
DCMSHRIRAM,DCM Shriram Ltd.,DCMSHRIRAM.NS,Diversified,True,,NIFTY 500,^CRSLDX,2026-08-21,1082.1,0.22,5.6,8.0,209924.0,244560.0,0.86,227158755.27,67.01,50.72,True,True,True,True,False,5.01,5.14,-1.68,False,True,False,False,8.13,0.04598751,0.04415108,4.16,5.16,True,0.3333333333333333,0.5,0.86,-2.0,Risk review,Head-and-shoulders risk,"head-and-shoulders, risk, distribution",1035.1,,,4.54,,,1035.1,"A possible head-and-shoulders top is forming or breaking. This is a caution signal, not an entry setup.",Risk review,4.03
ICICIBANK,ICICI Bank Ltd.,ICICIBANK.NS,Financial Services,True,,NIFTY 500,^CRSLDX,2026-08-21,1420.0,0.57,0.21,-0.06,4565105.0,10512906.0,0.43,6482449100.0,51.78,50.17,True,False,True,True,True,-0.51,1.42,0.46,False,False,True,False,-6.86,0.06034772,0.06003149,0.53,-2.69,True,1.0,0.5,0.43,2.2,Watch,Possible inverse H&S,"inverse-head-and-shoulders, base, reversal",1461.95,,,2.87,,,1461.95,A possible inverse head-and-shoulders base is visible. The setup improves only if price clears or holds near the neckline with better volume.,Setup watch: Possible inverse H&S,4.03
AEGISVOPAK,Aegis Vopak Terminals Ltd.,AEGISVOPAK.NS,Oil Gas & Consumable Fuels,True,,NIFTY 500,^CRSLDX,2026-08-21,276.3,3.64,2.68,-5.58,849977.0,1126959.0,0.75,234848634.72,50.32,44.73,True,False,True,True,True,-2.34,2.46,0.21,False,False,False,False,-34.74,0.01174231,0.01155317,1.64,-8.06,True,1.0,0.0,0.75,4.8,Actionable watch,High-tight flag,"flag, continuation, uptrend, high-tight, inverse-head-and-shoulders, base, reversal",303.49,2026-07-27,0.44,,15.42,64.83,,Price has made a sharp impulse move and is now consolidating near the highs. A controlled pullback with quieter volume keeps the continuation setup alive. Secondary patterns: Possible inverse H&S.,Setup watch: High-tight flag,4.0
BHARTIHEXA,Bharti Hexacom Ltd.,BHARTIHEXA.NS,Telecommunication,True,,NIFTY 500,^CRSLDX,2026-08-21,1591.2,-1.51,-1.84,0.07,50755.0,190077.0,0.27,80761353.52,52.28,57.62,True,True,True,True,False,0.48,3.22,-1.26,False,False,False,False,-12.35,0.06762344,0.06613884,2.24,-2.56,True,0.3333333333333333,0.0,0.27,2.2,Watch,Possible inverse H&S,"inverse-head-and-shoulders, base, reversal",1687.7,,,5.72,,,1687.7,A possible inverse head-and-shoulders base is visible. The setup improves only if price clears or holds near the neckline with better volume.,Setup watch: Possible inverse H&S,3.96
NEWGEN,Newgen Software Technologies Ltd.,NEWGEN.NS,Information Technology,True,,NIFTY 500,^CRSLDX,2026-08-21,522.7,-0.88,-2.33,3.36,364642.0,1687313.0,0.22,190598377.85,46.41,50.38,False,False,True,True,False,-3.55,1.59,-5.75,False,False,False,False,-8.38,0.02221391,0.02205802,0.71,0.65,True,0.3333333333333333,0.0,0.22,2.2,Watch,Possible inverse H&S,"inverse-head-and-shoulders, base, reversal",536.0,,,2.48,,,536.0,A possible inverse head-and-shoulders base is visible. The setup improves only if price clears or holds near the neckline with better volume.,Strengthening,3.9
HAVELLS,Havells India Ltd.,HAVELLS.NS,Consumer Durables,True,,NIFTY 500,^CRSLDX,2026-08-21,1268.0,-0.78,-2.31,3.35,497878.0,883471.0,0.56,631309304.0,53.33,67.22,False,False,True,True,False,-0.52,3.7,-1.53,False,False,False,False,-4.4,0.05388796,0.05243297,2.77,0.64,True,0.3333333333333333,0.0,0.56,2.2,Watch,Possible inverse H&S,"inverse-head-and-shoulders, base, reversal",1295.9,,,2.15,,,1295.9,A possible inverse head-and-shoulders base is visible. The setup improves only if price clears or holds near the neckline with better volume.,Strengthening,3.9
TENNIND,Tenneco Clean Air India Ltd.,TENNIND.NS,Automobile and Auto Components,True,,NIFTY 500,^CRSLDX,2026-08-21,576.15,1.33,7.04,6.7,1313977.0,4305803.0,0.31,757047880.63,58.94,41.84,True,True,True,False,,4.66,1.75,,False,False,False,False,9.8,0.02448545,0.02429865,0.77,3.91,True,0.3333333333333333,0.0,0.31,-2.0,Risk review,Head-and-shoulders risk,"head-and-shoulders, risk, distribution",551.3,,,4.51,,,551.3,"A possible head-and-shoulders top is forming or breaking. This is a caution signal, not an entry setup.",Risk review,3.78
MMTC,MMTC Ltd.,MMTC.NS,Services,True,,NIFTY 500,^CRSLDX,2026-08-21,65.38,-1.34,1.6,6.27,4097044.0,3553159.0,1.15,267864725.47,55.15,51.7,True,True,False,True,True,3.11,-0.73,-0.8,False,False,False,False,13.06,0.00277854,0.00282657,-1.7,3.49,False,0.3333333333333333,0.0,1.15,2.2,Watch,Possible inverse H&S,"inverse-head-and-shoulders, base, reversal",69.47,,,5.89,,,69.47,A possible inverse head-and-shoulders base is visible. The setup improves only if price clears or holds near the neckline with better volume.,Setup watch: Possible inverse H&S,3.77
ELECON,Elecon Engineering Co. Ltd.,ELECON.NS,Capital Goods,True,,NIFTY 500,^CRSLDX,2026-08-21,451.55,-0.03,4.44,7.09,433951.0,466408.0,0.93,195950568.75,51.73,39.95,True,True,False,False,False,4.1,-5.58,-2.66,False,False,False,False,22.83,0.01919015,0.02054853,-6.61,4.28,False,0.3333333333333333,0.0,0.93,4.88,Actionable watch,Breakout retest,"breakout, retest, pivot, volume",435.75,2026-08-20,1.97,1.71,,,,Prior resistance has been cleared on higher volume and price is back near that pivot. This is the kind of retest zone where follow-through can matter more than chasing a stretched candle.,Setup watch: Breakout retest,3.76
ICICIPRULI,ICICI Prudential Life Insurance Company Ltd.,ICICIPRULI.NS,Financial Services,True,,NIFTY 500,^CRSLDX,2026-08-21,515.0,2.59,1.15,2.89,1609291.0,1484762.0,1.08,828784865.0,57.08,52.68,True,True,True,True,False,1.34,2.55,-1.51,False,False,False,False,-2.64,0.02188667,0.02152837,1.66,0.19,True,0.3333333333333333,0.0,1.08,0.0,No clear setup,,,,,,,,,,,Strengthening,3.74
DALBHARAT,Dalmia Bharat Ltd.,DALBHARAT.NS,Construction Materials,True,,NIFTY 500,^CRSLDX,2026-08-21,1880.0,-0.9,2.06,3.82,339125.0,179856.0,1.89,637555000.0,61.1,56.31,True,True,True,True,False,2.32,4.97,-1.7,False,False,False,False,-5.08,0.07989698,0.07677692,4.06,1.1,True,0.3333333333333333,0.0,1.89,-3.0,Risk review,Head-and-shoulders risk,"head-and-shoulders, risk, distribution, breakout, retest, pivot, volume",1904.3,,,1.28,,,1904.3,"A possible head-and-shoulders top is forming or breaking. This is a caution signal, not an entry setup. Secondary patterns: Breakout retest.",Risk review,3.67
LICI,Life Insurance Corporation of India,LICI.NS,Financial Services,True,,NIFTY 500,^CRSLDX,2026-08-21,422.25,0.78,2.12,0.23,10060917.0,18667529.0,0.54,4248222203.25,55.79,49.32,True,True,True,True,True,2.57,0.17,-0.66,False,False,False,False,-2.79,0.01794495,0.01806235,-0.65,-2.4,False,0.6666666666666666,0.0,0.54,2.2,Watch,Possible inverse H&S,"inverse-head-and-shoulders, base, reversal",441.09,,,4.27,,,441.09,A possible inverse head-and-shoulders base is visible. The setup improves only if price clears or holds near the neckline with better volume.,Setup watch: Possible inverse H&S,3.59
TITAGARH,Titagarh Rail Systems Ltd.,TITAGARH.NS,Capital Goods,True,,NIFTY 500,^CRSLDX,2026-08-21,843.55,-0.68,1.47,2.94,359033.0,369696.0,0.97,302862282.77,50.38,45.99,True,True,False,True,True,0.61,-1.74,-0.66,False,False,False,False,7.2,0.03584952,0.03681855,-2.63,0.24,False,0.3333333333333333,0.0,0.97,3.4,Actionable watch,Possible inverse H&S,"inverse-head-and-shoulders, base, reversal",796.33,,,5.93,,,796.33,A possible inverse head-and-shoulders base is visible. The setup improves only if price clears or holds near the neckline with better volume.,Setup watch: Possible inverse H&S,3.54
PCBL,PCBL Chemical Ltd.,PCBL.NS,Chemicals,True,,NIFTY 500,^CRSLDX,2026-08-21,317.55,-0.72,2.5,1.28,617073.0,3528613.0,0.17,195951523.62,49.23,45.6,False,False,True,True,True,-1.49,0.54,-1.34,False,False,False,False,-2.4,0.01349536,0.0135276,-0.24,-1.37,False,0.6666666666666666,0.0,0.17,3.43,Watch,Breakout retest,"breakout, retest, pivot, volume, flag, continuation, uptrend, inverse-head-and-shoulders, base, reversal",322.19,2026-07-21,1.47,1.44,,,,"Prior resistance has been cleared on higher volume and price is back near that pivot. This is the kind of retest zone where follow-through can matter more than chasing a stretched candle. Secondary patterns: Bullish flag, Possible inverse H&S.",Setup watch: Breakout retest,3.53
JIOFIN,Jio Financial Services Ltd.,JIOFIN.NS,Financial Services,True,,NIFTY 500,^CRSLDX,2026-08-21,244.0,-0.25,-2.03,4.2,5578537.0,18633763.0,0.3,1361163028.0,45.49,50.56,False,False,True,True,False,-2.88,0.21,-2.13,False,False,False,False,2.58,0.01036961,0.0104425,-0.7,1.47,False,0.3333333333333333,0.0,0.3,4.54,Actionable watch,Breakout retest,"breakout, retest, pivot, volume",248.56,2026-07-31,2.07,1.84,,,,Prior resistance has been cleared on higher volume and price is back near that pivot. This is the kind of retest zone where follow-through can matter more than chasing a stretched candle.,Setup watch: Breakout retest,3.49
RITES,RITES Ltd.,RITES.NS,Construction,True,,NIFTY 500,^CRSLDX,2026-08-21,218.08,-0.16,-1.35,2.66,277757.0,734981.0,0.38,60573247.07,47.46,50.47,False,False,True,True,True,-1.32,0.14,-1.04,False,False,False,False,-3.23,0.00926805,0.00934074,-0.78,-0.03,False,0.6666666666666666,0.0,0.38,2.4,Actionable watch,Possible inverse H&S,"inverse-head-and-shoulders, base, reversal",219.38,,,0.59,,,219.38,A possible inverse head-and-shoulders base is visible. The setup improves only if price clears or holds near the neckline with better volume.,Setup watch: Possible inverse H&S,3.43
ICICIAMC,ICICI Prudential Asset Management Company Ltd.,ICICIAMC.NS,Financial Services,True,,NIFTY 500,^CRSLDX,2026-08-21,3269.7,1.26,5.55,4.61,218951.0,274154.0,0.8,715904074.01,60.77,46.85,True,True,True,True,,4.9,2.22,,False,True,False,False,7.1,0.138957,0.13722076,1.27,1.87,True,0.3333333333333333,0.5,0.8,-2.0,Risk review,Head-and-shoulders risk,"head-and-shoulders, risk, distribution, breakout, retest, pivot, volume, inverse-head-and-shoulders, base, reversal",3119.15,,,4.83,,,3119.15,"A possible head-and-shoulders top is forming or breaking. This is a caution signal, not an entry setup. Secondary patterns: Breakout retest, Possible inverse H&S.",Risk review,3.37
INDHOTEL,Indian Hotels Co. Ltd.,INDHOTEL.NS,Consumer Services,True,,NIFTY 500,^CRSLDX,2026-08-21,730.0,-0.79,1.39,0.35,741125.0,1533842.0,0.48,541021250.0,51.61,44.21,True,False,True,True,True,-0.35,0.38,-0.03,False,False,False,False,-4.11,0.03102383,0.03116557,-0.45,-2.28,False,0.6666666666666666,0.0,0.48,3.4,Actionable watch,Possible inverse H&S,"inverse-head-and-shoulders, base, reversal",710.05,,,2.81,,,710.05,A possible inverse head-and-shoulders base is visible. The setup improves only if price clears or holds near the neckline with better volume.,Setup watch: Possible inverse H&S,3.33
KAJARIACER,Kajaria Ceramics Ltd.,KAJARIACER.NS,Consumer Durables,True,,NIFTY 500,^CRSLDX,2026-08-21,1208.5,-1.0,-3.58,-0.53,81268.0,296368.0,0.27,98212378.0,48.43,62.95,False,False,True,True,True,-0.38,0.12,-0.01,False,False,False,False,-5.55,0.05135931,0.05169227,-0.64,-3.14,False,0.6666666666666666,0.0,0.27,3.4,Actionable watch,Possible inverse H&S,"inverse-head-and-shoulders, base, reversal, flag, continuation, uptrend",1174.85,,,2.86,,,1174.85,A possible inverse head-and-shoulders base is visible. The setup improves only if price clears or holds near the neckline with better volume. Secondary patterns: Bullish flag.,Setup watch: Possible inverse H&S,3.16
BANDHANBNK,Bandhan Bank Ltd.,BANDHANBNK.NS,Financial Services,True,,NIFTY 500,^CRSLDX,2026-08-21,175.1,0.54,1.18,6.44,6666536.0,8562278.0,0.78,1167310494.29,45.78,40.52,True,True,False,False,True,1.8,-7.92,0.46,False,True,False,False,20.69,0.00744147,0.00816718,-8.89,3.65,False,0.6666666666666666,0.5,0.78,0.0,No clear setup,,,,,,,,,,,Neutral / watch,3.03
INDIGO,InterGlobe Aviation Ltd.,INDIGO.NS,Services,True,,NIFTY 500,^CRSLDX,2026-08-21,5110.0,-1.06,-3.77,2.51,1115328.0,587672.0,1.9,5699326080.0,41.99,53.35,False,False,False,True,True,-3.2,-2.26,-1.0,False,False,False,False,7.55,0.21716679,0.22366884,-2.91,-0.18,False,0.3333333333333333,0.0,1.9,4.88,Actionable watch,Breakout retest,"breakout, retest, pivot, volume, inverse-head-and-shoulders, base, reversal",5033.52,2026-06-24,1.95,0.44,,,,Prior resistance has been cleared on higher volume and price is back near that pivot. This is the kind of retest zone where follow-through can matter more than chasing a stretched candle. Secondary patterns: Possible inverse H&S.,Setup watch: Breakout retest,2.96
ENRIN,Siemens Energy India Ltd.,ENRIN.NS,Capital Goods,True,,NIFTY 500,^CRSLDX,2026-08-21,3435.6,0.01,-2.85,6.03,272110.0,787827.0,0.35,934861142.57,49.04,56.91,False,True,False,True,True,0.94,-1.29,0.74,False,False,False,False,14.57,0.14600749,0.14931093,-2.21,3.25,False,0.6666666666666666,0.0,0.35,0.0,No clear setup,,,,,,,,,,,Neutral / watch,2.95
BEL,Bharat Electronics Ltd.,BEL.NS,Capital Goods,True,,NIFTY 500,^CRSLDX,2026-08-21,414.0,1.12,0.78,2.36,13685362.0,13517572.0,1.01,5665739868.0,60.83,58.74,True,True,True,False,False,3.27,1.46,-0.24,False,True,False,False,-0.65,0.01759434,0.01751135,0.47,-0.32,True,0.3333333333333333,0.5,1.01,-2.0,Risk review,Head-and-shoulders risk,"head-and-shoulders, risk, distribution",394.45,,,4.96,,,394.45,"A possible head-and-shoulders top is forming or breaking. This is a caution signal, not an entry setup.",Risk review,2.94
BSOFT,Birlasoft Ltd.,BSOFT.NS,Information Technology,True,,NIFTY 500,^CRSLDX,2026-08-21,303.75,-1.7,-2.66,7.56,750047.0,1865603.0,0.4,227826776.25,47.22,54.46,False,False,True,False,False,-2.48,1.23,-1.17,False,False,False,False,8.61,0.01290889,0.01288558,0.18,4.74,True,0.3333333333333333,0.0,0.4,-3.0,Risk review,Head-and-shoulders risk,"head-and-shoulders, risk, distribution, flag, continuation, uptrend",374.82,,,18.96,,,374.82,"A possible head-and-shoulders top is forming or breaking. This is a caution signal, not an entry setup. Secondary patterns: Bullish flag.",Risk review,2.9
MFSL,Max Financial Services Ltd.,MFSL.NS,Financial Services,True,,NIFTY 500,^CRSLDX,2026-08-21,1585.0,0.63,3.05,4.59,454882.0,853390.0,0.53,720987970.0,57.48,50.2,True,True,True,False,False,3.64,0.77,-0.19,False,True,False,False,6.97,0.06735995,0.067482,-0.18,1.84,False,0.3333333333333333,0.5,0.53,0.0,No clear setup,,,,,,,,,,,Neutral / watch,2.87
ECLERX,eClerx Services Ltd.,ECLERX.NS,Services,True,,NIFTY 500,^CRSLDX,2026-08-21,1815.7,0.66,-4.23,-2.41,77982.0,233843.0,0.33,141591913.59,51.44,59.05,False,False,True,True,False,-1.96,7.96,-1.76,False,False,False,False,-38.66,0.07716433,0.07210088,7.02,-4.97,True,0.3333333333333333,0.0,0.33,2.27,Actionable watch,Possible inverse H&S,"inverse-head-and-shoulders, base, reversal",1833.75,,,0.98,,,1833.75,A possible inverse head-and-shoulders base is visible. The setup improves only if price clears or holds near the neckline with better volume.,Setup watch: Possible inverse H&S,2.8
CANBK,Canara Bank,CANBK.NS,Financial Services,True,,NIFTY 500,^CRSLDX,2026-08-21,129.96,0.28,-0.98,3.43,8124111.0,17701086.0,0.46,1055809520.1,53.41,57.34,False,True,True,True,False,0.89,1.18,0.27,False,False,False,False,2.42,0.00552309,0.00551414,0.16,0.72,True,0.6666666666666666,0.0,0.46,-3.0,Risk review,Head-and-shoulders risk,"head-and-shoulders, risk, distribution",139.23,,,6.66,,,139.23,"A possible head-and-shoulders top is forming or breaking. This is a caution signal, not an entry setup.",Risk review,2.79
SUNDARMFIN,Sundaram Finance Ltd.,SUNDARMFIN.NS,Financial Services,True,,NIFTY 500,^CRSLDX,2026-08-21,4534.5,0.69,1.43,1.95,28816.0,59723.0,0.48,130666152.0,49.86,45.73,True,False,True,True,False,-0.61,0.04,0.11,False,False,False,False,1.8,0.19270897,0.19408831,-0.71,-0.72,False,0.6666666666666666,0.0,0.48,3.24,Watch,Bullish flag,"flag, continuation, uptrend, inverse-head-and-shoulders, base, reversal",4828.7,2026-08-03,0.74,,9.71,19.29,,Price has made a sharp impulse move and is now consolidating near the highs. A controlled pullback with quieter volume keeps the continuation setup alive. Secondary patterns: Possible inverse H&S.,Setup watch: Bullish flag,2.79
AMBER,Amber Enterprises India Ltd.,AMBER.NS,Consumer Durables,True,,NIFTY 500,^CRSLDX,2026-08-21,7350.0,1.03,1.77,1.22,170375.0,314917.0,0.54,1252256250.0,49.44,43.66,True,True,False,False,True,0.71,-2.31,-1.28,False,False,False,False,2.93,0.3123632,0.32269591,-3.2,-1.44,False,0.3333333333333333,0.0,0.54,2.2,Actionable watch,Possible inverse H&S,"inverse-head-and-shoulders, base, reversal",7483.25,,,1.78,,,7483.25,A possible inverse head-and-shoulders base is visible. The setup improves only if price clears or holds near the neckline with better volume.,Setup watch: Possible inverse H&S,2.78
MGL,Mahanagar Gas Ltd.,MGL.NS,Oil Gas & Consumable Fuels,True,,NIFTY 500,^CRSLDX,2026-08-21,1114.2,-2.07,-0.57,5.13,153238.0,435537.0,0.35,170737772.12,52.2,56.14,False,True,False,True,True,0.82,-0.21,-1.38,False,False,False,False,9.88,0.04735171,0.04785017,-1.04,2.37,False,0.3333333333333333,0.0,0.35,0.0,No clear setup,,,,,,,,,,,Neutral / watch,2.77
IKS,Inventurus Knowledge Solutions Ltd.,IKS.NS,Information Technology,True,,NIFTY 500,^CRSLDX,2026-08-21,1786.2,-0.3,-2.92,1.5,90179.0,159863.0,0.56,161077725.4,47.5,54.9,False,False,False,True,True,-1.13,-0.54,1.62,False,False,False,False,-5.32,0.07591063,0.07703276,-1.46,-1.16,False,0.6666666666666666,0.0,0.56,5.1,Actionable watch,Breakout retest,"breakout, retest, pivot, volume, inverse-head-and-shoulders, base, reversal",1741.38,2026-07-01,11.6,1.62,,,,Prior resistance has been cleared on higher volume and price is back near that pivot. This is the kind of retest zone where follow-through can matter more than chasing a stretched candle. Secondary patterns: Possible inverse H&S.,Setup watch: Breakout retest,2.77
WOCKPHARMA,Wockhardt Ltd.,WOCKPHARMA.NS,Healthcare,True,,NIFTY 500,^CRSLDX,2026-08-21,1886.3,3.04,-2.4,2.01,558475.0,650021.0,0.86,1053451419.77,48.3,51.32,True,False,False,True,True,-1.82,-1.68,3.78,False,False,False,False,4.41,0.08016472,0.08230543,-2.6,-0.67,False,0.6666666666666666,0.0,0.86,3.4,Actionable watch,Possible inverse H&S,"inverse-head-and-shoulders, base, reversal",1530.5,,,23.25,,,1530.5,A possible inverse head-and-shoulders base is visible. The setup improves only if price clears or holds near the neckline with better volume.,Setup watch: Possible inverse H&S,2.66
HDFCAMC,HDFC Asset Management Company Ltd.,HDFCAMC.NS,Financial Services,True,,NIFTY 500,^CRSLDX,2026-08-21,2610.0,-0.53,5.03,4.16,707650.0,702934.0,1.01,1846966500.0,55.14,39.27,True,True,False,False,True,2.41,-0.51,-0.67,False,False,False,False,6.04,0.11092081,0.11241607,-1.33,1.43,False,0.3333333333333333,0.0,1.01,0.0,No clear setup,,,,,,,,,,,Neutral / watch,2.59
CIPLA,Cipla Ltd.,CIPLA.NS,Healthcare,True,,NIFTY 500,^CRSLDX,2026-08-21,1432.2,-0.4,-1.23,1.53,728265.0,914835.0,0.8,1043021097.44,45.91,50.72,False,False,False,True,True,-1.43,-0.28,-0.67,False,False,False,False,0.06,0.0608662,0.06157849,-1.16,-1.13,False,0.3333333333333333,0.0,0.8,3.4,Actionable watch,Possible inverse H&S,"inverse-head-and-shoulders, base, reversal",1380.4,,,3.75,,,1380.4,A possible inverse head-and-shoulders base is visible. The setup improves only if price clears or holds near the neckline with better volume.,Setup watch: Possible inverse H&S,2.56
RELIANCE,Reliance Industries Ltd.,RELIANCE.NS,Oil Gas & Consumable Fuels,True,,NIFTY 500,^CRSLDX,2026-08-21,1316.0,0.21,0.46,2.97,5433825.0,10400655.0,0.52,7150913700.0,52.27,50.79,False,True,True,False,False,0.61,0.72,-0.85,False,False,False,False,2.47,0.05592789,0.0560446,-0.21,0.27,False,0.3333333333333333,0.0,0.52,0.0,No clear setup,,,,,,,,,,,Neutral / watch,2.55
ZYDUSLIFE,Zydus Lifesciences Ltd.,ZYDUSLIFE.NS,Healthcare,True,,NIFTY 500,^CRSLDX,2026-08-21,1120.0,1.11,-1.34,1.02,1005814.0,1543788.0,0.65,1126511680.0,48.15,50.68,False,False,False,True,True,-0.72,-0.2,1.42,False,False,False,False,-3.26,0.0475982,0.04815382,-1.15,-1.63,False,0.6666666666666666,0.0,0.65,3.4,Actionable watch,Possible inverse H&S,"inverse-head-and-shoulders, base, reversal",955.23,,,17.25,,,955.23,A possible inverse head-and-shoulders base is visible. The setup improves only if price clears or holds near the neckline with better volume.,Setup watch: Possible inverse H&S,2.46
GAIL,GAIL (India) Ltd.,GAIL.NS,Oil Gas & Consumable Fuels,True,,NIFTY 500,^CRSLDX,2026-08-21,172.0,-0.29,-1.66,1.16,6509016.0,12394804.0,0.53,1119550752.0,46.16,51.09,False,False,False,True,True,-1.58,-1.12,0.02,False,False,False,False,-0.71,0.00730972,0.00746205,-2.04,-1.49,False,0.6666666666666666,0.0,0.53,3.05,Actionable watch,Possible inverse H&S,"inverse-head-and-shoulders, base, reversal",169.71,,,1.35,,,169.71,A possible inverse head-and-shoulders base is visible. The setup improves only if price clears or holds near the neckline with better volume.,Setup watch: Possible inverse H&S,2.37
PHOENIXLTD,Phoenix Mills Ltd.,PHOENIXLTD.NS,Realty,True,,NIFTY 500,^CRSLDX,2026-08-21,1930.0,0.26,2.12,-4.01,232737.0,519942.0,0.45,449182410.0,47.58,40.25,True,True,False,True,True,0.11,-2.07,1.56,False,False,False,False,-13.02,0.0820219,0.08444616,-2.87,-6.53,False,0.6666666666666666,0.0,0.45,3.4,Actionable watch,Possible inverse H&S,"inverse-head-and-shoulders, base, reversal",1825.65,,,5.72,,,1825.65,A possible inverse head-and-shoulders base is visible. The setup improves only if price clears or holds near the neckline with better volume.,Setup watch: Possible inverse H&S,2.29
NUVAMA,Nuvama Wealth Management Ltd.,NUVAMA.NS,Financial Services,True,,NIFTY 500,^CRSLDX,2026-08-21,1743.6,0.91,4.4,-11.94,240145.0,365340.0,0.66,418716816.14,49.33,40.04,True,True,False,True,True,0.54,-2.64,2.25,False,False,False,False,-28.48,0.0741002,0.07672321,-3.42,-14.25,False,0.6666666666666666,0.0,0.66,3.4,Actionable watch,Possible inverse H&S,"inverse-head-and-shoulders, base, reversal",1473.0,,,18.37,,,1473.0,A possible inverse head-and-shoulders base is visible. The setup improves only if price clears or holds near the neckline with better volume.,Setup watch: Possible inverse H&S,2.29
STARHEALTH,Star Health and Allied Insurance Company Ltd.,STARHEALTH.NS,Financial Services,True,,NIFTY 500,^CRSLDX,2026-08-21,578.5,0.52,-1.14,-0.4,203187.0,525993.0,0.39,117543679.5,46.99,51.26,False,False,False,True,True,-1.24,-0.66,2.0,False,False,False,False,-4.53,0.02458532,0.02493707,-1.41,-3.01,False,0.6666666666666666,0.0,0.39,3.4,Actionable watch,Possible inverse H&S,"inverse-head-and-shoulders, base, reversal",479.2,,,20.72,,,479.2,A possible inverse head-and-shoulders base is visible. The setup improves only if price clears or holds near the neckline with better volume.,Setup watch: Possible inverse H&S,2.19
RPOWER,Reliance Power Ltd.,RPOWER.NS,Power,True,,NIFTY 500,^CRSLDX,2026-08-21,23.45,5.87,2.05,-2.54,63804471.0,21132208.0,3.02,1496214893.63,48.41,34.8,True,True,False,False,False,0.25,-4.26,-7.0,False,False,False,False,-2.64,0.00099659,0.00105285,-5.34,-5.09,False,0.0,0.0,3.02,0.0,No clear setup,,,,,,,,,,,Mean reversion bounce,2.18
ADANIENT,Adani Enterprises Ltd.,ADANIENT.NS,Metals & Mining,True,,NIFTY 500,^CRSLDX,2026-08-21,2997.0,0.07,-1.26,-0.97,803177.0,1007831.0,0.8,2407121469.0,45.5,49.78,False,False,False,True,True,-0.63,-1.99,2.04,False,False,False,False,-4.06,0.12736769,0.13111533,-2.86,-3.57,False,0.6666666666666666,0.0,0.8,3.4,Actionable watch,Possible inverse H&S,"inverse-head-and-shoulders, base, reversal",2295.95,,,30.53,,,2295.95,A possible inverse head-and-shoulders base is visible. The setup improves only if price clears or holds near the neckline with better volume.,Setup watch: Possible inverse H&S,2.08
TEJASNET,Tejas Networks Ltd.,TEJASNET.NS,Telecommunication,True,,NIFTY 500,^CRSLDX,2026-08-21,510.45,0.25,-5.21,3.04,600781.0,1455490.0,0.41,306668668.78,42.91,52.24,False,False,False,False,True,-1.81,-7.6,-0.92,False,False,False,False,20.09,0.02169331,0.0236942,-8.44,0.34,False,0.3333333333333333,0.0,0.41,3.4,Actionable watch,Possible inverse H&S,"inverse-head-and-shoulders, base, reversal",496.98,,,2.71,,,496.98,A possible inverse head-and-shoulders base is visible. The setup improves only if price clears or holds near the neckline with better volume.,Setup watch: Possible inverse H&S,2.06
RAILTEL,Railtel Corporation Of India Ltd.,RAILTEL.NS,Telecommunication,True,,NIFTY 500,^CRSLDX,2026-08-21,287.25,2.32,1.81,1.32,2430359.0,1196911.0,2.03,698120622.75,48.18,37.85,True,True,False,False,False,0.34,-3.83,-2.57,False,False,False,False,7.2,0.01220766,0.01281714,-4.76,-1.34,False,0.0,0.0,2.03,0.0,No clear setup,,,,,,,,,,,Weakening,2.03
MARICO,Marico Ltd.,MARICO.NS,Fast Moving Consumer Goods,True,,NIFTY 500,^CRSLDX,2026-08-21,849.25,-1.06,-1.84,-0.29,815321.0,1681991.0,0.48,692411359.25,47.52,54.77,False,False,True,True,True,-1.53,0.47,1.9,False,False,False,False,-7.42,0.03609176,0.036261,-0.47,-2.9,False,1.0,0.0,0.48,0.0,No clear setup,,,,,,,,,,,Weakening,2.02
ULTRACEMCO,UltraTech Cement Ltd.,ULTRACEMCO.NS,Construction Materials,True,,NIFTY 500,^CRSLDX,2026-08-21,11570.0,-0.04,-0.42,-0.34,133744.0,233168.0,0.57,1547418080.0,45.96,46.06,False,False,True,True,True,-2.01,0.33,-0.06,False,False,False,False,-6.96,0.49170642,0.49440738,-0.55,-2.95,False,0.3333333333333333,0.0,0.57,0.0,No clear setup,,,,,,,,,,,Weakening,2.01
BELRISE,Belrise Industries Ltd.,BELRISE.NS,Automobile and Auto Components,True,,NIFTY 500,^CRSLDX,2026-08-21,231.77,-0.99,-9.23,1.54,3829731.0,5201637.0,0.74,887616770.23,42.75,64.42,False,False,False,True,True,-3.98,-2.57,4.7,False,False,False,False,5.15,0.00984985,0.01019095,-3.35,-1.12,False,0.6666666666666666,0.0,0.74,5.1,Actionable watch,Breakout retest,"breakout, retest, pivot, volume",226.2,2026-06-09,9.51,2.1,,,,Prior resistance has been cleared on higher volume and price is back near that pivot. This is the kind of retest zone where follow-through can matter more than chasing a stretched candle.,Setup watch: Breakout retest,1.98
TIINDIA,Tube Investments of India Ltd.,TIINDIA.NS,Automobile and Auto Components,True,,NIFTY 500,^CRSLDX,2026-08-21,2885.8,-1.51,5.57,4.35,225930.0,548629.0,0.41,651988805.03,52.39,40.71,True,True,False,False,True,2.81,-1.91,-1.12,False,False,False,False,10.22,0.12264187,0.12637111,-2.95,1.61,False,0.3333333333333333,0.0,0.41,-2.0,Risk review,Head-and-shoulders risk,"head-and-shoulders, risk, distribution, inverse-head-and-shoulders, base, reversal",2775.45,,,3.98,,,2775.45,"A possible head-and-shoulders top is forming or breaking. This is a caution signal, not an entry setup. Secondary patterns: Possible inverse H&S.",Risk review,1.92
TRAVELFOOD,Travel Food Services Ltd.,TRAVELFOOD.NS,Consumer Services,True,,NIFTY 500,^CRSLDX,2026-08-21,1307.2,-0.68,-4.23,1.62,35441.0,113833.0,0.31,46328473.47,43.6,55.25,False,False,False,True,True,-2.61,-1.55,0.0,False,False,False,False,1.7,0.0555539,0.05688784,-2.34,-1.04,False,0.3333333333333333,0.0,0.31,3.78,Actionable watch,Breakout retest,"breakout, retest, pivot, volume, inverse-head-and-shoulders, base, reversal",1316.72,2026-08-03,2.16,0.72,,,,Prior resistance has been cleared on higher volume and price is back near that pivot. This is the kind of retest zone where follow-through can matter more than chasing a stretched candle. Secondary patterns: Possible inverse H&S.,Setup watch: Breakout retest,1.92
HCLTECH,HCL Technologies Ltd.,HCLTECH.NS,Information Technology,True,,NIFTY 500,^CRSLDX,2026-08-21,1302.5,-1.21,-4.23,2.48,1484015.0,2420001.0,0.61,1932929537.5,50.37,67.07,False,False,True,True,False,-2.92,6.41,-0.79,False,False,False,False,-17.88,0.05535416,0.05249482,5.45,-0.21,True,0.3333333333333333,0.0,0.61,-3.0,Risk review,Head-and-shoulders risk,"head-and-shoulders, risk, distribution, flag, continuation, uptrend",1438.9,,,9.48,,,1438.9,"A possible head-and-shoulders top is forming or breaking. This is a caution signal, not an entry setup. Secondary patterns: Bullish flag.",Risk review,1.91
CPPLUS,Aditya Infotech Ltd.,CPPLUS.NS,Capital Goods,True,,NIFTY 500,^CRSLDX,2026-08-21,3475.5,0.2,-1.24,-1.92,255278.0,251277.0,1.02,887218689.0,47.9,47.38,False,False,False,True,True,-1.46,-2.24,10.32,False,False,False,False,-4.98,0.14770317,0.1523849,-3.07,-4.49,False,0.6666666666666666,0.0,1.02,3.4,Actionable watch,Possible inverse H&S,"inverse-head-and-shoulders, base, reversal",1683.45,,,106.45,,,1683.45,A possible inverse head-and-shoulders base is visible. The setup improves only if price clears or holds near the neckline with better volume.,Setup watch: Possible inverse H&S,1.89
ANURAS,Anupam Rasayan India Ltd.,ANURAS.NS,Chemicals,True,,NIFTY 500,^CRSLDX,2026-08-21,1243.7,0.35,2.84,-0.47,436272.0,268115.0,1.63,542591465.1,57.8,33.9,True,True,False,False,False,2.34,-0.31,0.96,False,True,False,False,-1.94,0.05285525,0.05352667,-1.25,-3.08,False,0.3333333333333333,0.5,1.63,-2.0,Risk review,Head-and-shoulders risk,"head-and-shoulders, risk, distribution",1185.25,,,4.93,,,1185.25,"A possible head-and-shoulders top is forming or breaking. This is a caution signal, not an entry setup.",Risk review,1.88
HDBFS,HDB Financial Services Ltd.,HDBFS.NS,Financial Services,True,,NIFTY 500,^CRSLDX,2026-08-21,695.85,0.51,1.3,0.63,743145.0,513776.0,1.45,517117430.11,51.3,45.53,True,True,False,True,False,1.76,-2.22,-0.69,False,False,False,False,4.18,0.02957251,0.03045265,-2.89,-2.01,False,0.3333333333333333,0.0,1.45,2.2,Watch,Possible inverse H&S,"inverse-head-and-shoulders, base, reversal",727.68,,,4.37,,,727.68,A possible inverse head-and-shoulders base is visible. The setup improves only if price clears or holds near the neckline with better volume.,Setup watch: Possible inverse H&S,1.87
CEATLTD,Ceat Ltd.,CEATLTD.NS,Automobile and Auto Components,True,,NIFTY 500,^CRSLDX,2026-08-21,3563.4,-0.69,-3.4,8.15,28009.0,86034.0,0.33,99807267.86,47.83,57.07,False,False,False,True,False,-0.81,-0.22,-0.65,False,False,False,False,9.1,0.15143877,0.15307875,-1.07,5.31,False,0.0,0.0,0.33,0.0,No clear setup,,,,,,,,,,,Neutral / watch,1.86
IGIL,International Gemological Institute Ltd.,IGIL.NS,Services,True,,NIFTY 500,^CRSLDX,2026-08-21,340.6,1.43,-1.53,0.72,394317.0,658989.0,0.6,134304372.61,44.44,46.4,False,False,False,False,True,-2.22,-2.87,0.28,False,False,False,False,3.25,0.01447495,0.01505365,-3.84,-1.92,False,0.6666666666666666,0.0,0.6,4.67,Actionable watch,Breakout retest,"breakout, retest, pivot, volume, inverse-head-and-shoulders, base, reversal",343.47,2026-07-31,2.33,0.83,,,,Prior resistance has been cleared on higher volume and price is back near that pivot. This is the kind of retest zone where follow-through can matter more than chasing a stretched candle. Secondary patterns: Possible inverse H&S.,Setup watch: Breakout retest,1.82
CCL,CCL Products (I) Ltd.,CCL.NS,Fast Moving Consumer Goods,True,,NIFTY 500,^CRSLDX,2026-08-21,1082.3,-2.71,-4.51,-8.56,380689.0,178584.0,2.13,412019723.29,28.86,41.91,False,False,False,False,True,-5.08,-6.98,2.85,False,False,False,False,-13.6,0.04599601,0.04990792,-7.84,-10.96,False,0.6666666666666666,0.0,2.13,5.1,Actionable watch,Breakout retest,"breakout, retest, pivot, volume",1058.1,2026-06-08,32.09,1.61,,,,Prior resistance has been cleared on higher volume and price is back near that pivot. This is the kind of retest zone where follow-through can matter more than chasing a stretched candle.,Setup watch: Breakout retest,1.8
TARIL,Transformers And Rectifiers (India) Ltd.,TARIL.NS,Capital Goods,True,,NIFTY 500,^CRSLDX,2026-08-21,298.65,4.73,0.2,1.24,3554661.0,1164880.0,3.05,1061599485.95,47.27,42.97,True,True,False,False,True,1.03,-6.17,-5.63,False,False,False,False,9.61,0.01269215,0.01364776,-7.0,-1.42,False,0.3333333333333333,0.0,3.05,-3.0,Risk review,Head-and-shoulders risk,"head-and-shoulders, risk, distribution",309.4,,,3.47,,,309.4,"A possible head-and-shoulders top is forming or breaking. This is a caution signal, not an entry setup.",Risk review,1.77
SARDAEN,Sarda Energy and Minerals Ltd.,SARDAEN.NS,Metals & Mining,True,,NIFTY 500,^CRSLDX,2026-08-21,510.6,0.25,-3.87,2.05,400991.0,1556620.0,0.26,204746007.05,51.1,62.57,True,True,True,False,False,0.29,0.78,-0.68,False,False,False,False,2.15,0.02169968,0.02174254,-0.2,-0.62,False,0.3333333333333333,0.0,0.26,-2.0,Risk review,Head-and-shoulders risk,"head-and-shoulders, risk, distribution",492.4,,,3.7,,,492.4,"A possible head-and-shoulders top is forming or breaking. This is a caution signal, not an entry setup.",Risk review,1.68
HSCL,Himadri Speciality Chemical Ltd.,HSCL.NS,Chemicals,True,,NIFTY 500,^CRSLDX,2026-08-21,654.4,-7.07,-16.22,-17.12,17235306.0,6787982.0,2.54,11278784667.18,31.79,61.3,False,False,False,True,True,-13.4,-8.75,5.48,False,False,False,False,-36.74,0.02781095,0.03076419,-9.6,-19.29,False,0.6666666666666666,0.0,2.54,3.4,Actionable watch,Possible inverse H&S,"inverse-head-and-shoulders, base, reversal",576.62,,,13.49,,,576.62,A possible inverse head-and-shoulders base is visible. The setup improves only if price clears or holds near the neckline with better volume.,Setup watch: Possible inverse H&S,1.59
MRF,MRF Ltd.,MRF.NS,Automobile and Auto Components,True,,NIFTY 500,^CRSLDX,2026-08-21,132665.0,-1.0,-0.62,1.46,2805.0,4214.0,0.67,372125325.0,50.04,53.6,False,False,True,True,False,-0.37,0.55,-1.72,False,False,False,False,-3.19,5.63804948,5.65759056,-0.35,-1.2,False,0.3333333333333333,0.0,0.67,0.0,No clear setup,,,,,,,,,,,Weakening,1.56
BRITANNIA,Britannia Industries Ltd.,BRITANNIA.NS,Fast Moving Consumer Goods,True,,NIFTY 500,^CRSLDX,2026-08-21,5365.0,-3.3,-3.47,1.39,704389.0,359843.0,1.96,3779046985.0,44.86,59.63,False,False,True,True,False,-2.23,0.66,-0.6,False,False,False,False,-4.89,0.22800389,0.22859142,-0.26,-1.27,False,0.3333333333333333,0.0,1.96,0.0,No clear setup,,,,,,,,,,,Weakening,1.55
CAMS,Computer Age Management Services Ltd.,CAMS.NS,Financial Services,True,,NIFTY 500,^CRSLDX,2026-08-21,753.0,0.5,-1.21,-0.79,1631260.0,1323731.0,1.23,1228338780.0,40.79,41.85,False,False,False,False,True,-3.59,-3.54,0.3,False,False,False,False,-0.11,0.03200129,0.03346249,-4.37,-3.4,False,0.6666666666666666,0.0,1.23,4.39,Actionable watch,Breakout retest,"breakout, retest, pivot, volume, inverse-head-and-shoulders, base, reversal",766.84,2026-06-17,1.79,1.8,,,,Prior resistance has been cleared on higher volume and price is back near that pivot. This is the kind of retest zone where follow-through can matter more than chasing a stretched candle. Secondary patterns: Possible inverse H&S.,Setup watch: Breakout retest,1.52
EMCURE,Emcure Pharmaceuticals Ltd.,EMCURE.NS,Healthcare,True,,NIFTY 500,^CRSLDX,2026-08-21,1863.0,-0.98,-3.59,-0.96,124891.0,161655.0,0.77,232671933.0,42.88,52.23,False,False,False,True,True,-3.83,-0.24,3.7,False,False,False,False,-4.47,0.07917451,0.07998803,-1.02,-3.55,False,0.6666666666666666,0.0,0.77,4.8,Actionable watch,Breakout retest,"breakout, retest, pivot, volume",1837.13,2026-07-27,1.81,0.49,,,,Prior resistance has been cleared on higher volume and price is back near that pivot. This is the kind of retest zone where follow-through can matter more than chasing a stretched candle.,Setup watch: Breakout retest,1.49
ADANIPORTS,Adani Ports and Special Economic Zone Ltd.,ADANIPORTS.NS,Services,True,,NIFTY 500,^CRSLDX,2026-08-21,1700.0,0.24,0.0,-3.86,1113234.0,2238052.0,0.5,1892497800.0,44.54,42.52,True,True,False,False,True,0.16,-4.05,1.68,False,False,False,False,-5.7,0.07224727,0.07606542,-5.02,-6.38,False,0.6666666666666666,0.0,0.5,3.4,Actionable watch,Possible inverse H&S,"inverse-head-and-shoulders, base, reversal",1549.45,,,9.72,,,1549.45,A possible inverse head-and-shoulders base is visible. The setup improves only if price clears or holds near the neckline with better volume.,Setup watch: Possible inverse H&S,1.49
GODIGIT,Go Digit General Insurance Ltd.,GODIGIT.NS,Financial Services,True,,NIFTY 500,^CRSLDX,2026-08-21,262.9,2.42,1.25,2.62,366548.0,935866.0,0.39,96365466.96,45.35,38.82,True,True,False,False,False,0.92,-7.88,-2.94,False,False,False,False,17.26,0.01117283,0.01224362,-8.75,-0.08,False,0.0,0.0,0.39,0.0,No clear setup,,,,,,,,,,,Weakening,1.48
ASIANPAINT,Asian Paints Ltd.,ASIANPAINT.NS,Consumer Durables,True,,NIFTY 500,^CRSLDX,2026-08-21,2640.0,0.56,-2.09,0.08,330275.0,1009870.0,0.33,871926000.0,39.6,45.7,False,False,False,True,True,-2.98,-2.22,1.17,False,False,False,False,-3.14,0.11219576,0.11591705,-3.21,-2.54,False,0.6666666666666666,0.0,0.33,3.4,Actionable watch,Possible inverse H&S,"inverse-head-and-shoulders, base, reversal",2553.5,,,3.39,,,2553.5,A possible inverse head-and-shoulders base is visible. The setup improves only if price clears or holds near the neckline with better volume.,Setup watch: Possible inverse H&S,1.48
SCI,Shipping Corporation of India Ltd.,SCI.NS,Services,True,,NIFTY 500,^CRSLDX,2026-08-21,290.55,-0.21,-0.58,5.62,1061872.0,3005405.0,0.35,308526896.64,48.39,49.73,False,False,False,False,True,-0.71,-1.43,2.18,False,False,False,False,13.85,0.01234791,0.01263712,-2.29,2.85,False,0.6666666666666666,0.0,0.35,-2.0,Risk review,Head-and-shoulders risk,"head-and-shoulders, risk, distribution, inverse-head-and-shoulders, base, reversal",284.1,,,2.27,,,284.1,"A possible head-and-shoulders top is forming or breaking. This is a caution signal, not an entry setup. Secondary patterns: Possible inverse H&S.",Risk review,1.47
RAINBOW,Rainbow Childrens Medicare Ltd.,RAINBOW.NS,Healthcare,True,,NIFTY 500,^CRSLDX,2026-08-21,1433.2,-1.4,-1.96,-1.69,86436.0,104784.0,0.82,123880070.98,38.9,43.34,False,False,False,True,True,-4.69,-2.6,1.22,False,False,False,False,-7.02,0.0609087,0.06307021,-3.43,-4.27,False,0.6666666666666666,0.0,0.82,5.1,Actionable watch,Breakout retest,"breakout, retest, pivot, volume, inverse-head-and-shoulders, base, reversal",1386.67,2026-06-15,3.23,2.74,,,,Prior resistance has been cleared on higher volume and price is back near that pivot. This is the kind of retest zone where follow-through can matter more than chasing a stretched candle. Secondary patterns: Possible inverse H&S.,Setup watch: Breakout retest,1.35
GROWW,Billionbrains Garage Ventures Ltd.,GROWW.NS,Financial Services,True,,NIFTY 500,^CRSLDX,2026-08-21,197.01,-1.85,0.43,-2.54,29419548.0,24933723.0,1.18,5795944989.87,50.3,49.15,True,True,False,False,,1.21,-1.12,,False,False,False,False,-7.16,0.00837261,0.00855071,-2.08,-5.1,False,0.0,0.0,1.18,2.2,Watch,Possible inverse H&S,"inverse-head-and-shoulders, base, reversal",205.85,,,4.29,,,205.85,A possible inverse head-and-shoulders base is visible. The setup improves only if price clears or holds near the neckline with better volume.,Setup watch: Possible inverse H&S,1.25
JSWENERGY,JSW Energy Ltd.,JSWENERGY.NS,Power,True,,NIFTY 500,^CRSLDX,2026-08-21,544.95,0.54,-2.69,-1.21,973357.0,1500954.0,0.65,530430909.03,42.42,50.26,False,False,False,False,True,-1.99,-2.54,0.41,False,False,False,False,-0.84,0.0231595,0.02398318,-3.43,-3.8,False,0.6666666666666666,0.0,0.65,3.4,Actionable watch,Possible inverse H&S,"inverse-head-and-shoulders, base, reversal",515.17,,,5.78,,,515.17,A possible inverse head-and-shoulders base is visible. The setup improves only if price clears or holds near the neckline with better volume.,Setup watch: Possible inverse H&S,1.23
FIVESTAR,Five-Star Business Finance Ltd.,FIVESTAR.NS,Financial Services,True,,NIFTY 500,^CRSLDX,2026-08-21,520.95,-1.23,-5.32,-2.31,188910.0,618008.0,0.31,98412666.81,41.58,54.5,False,False,False,True,True,-4.31,-2.1,-0.11,False,False,False,False,-13.5,0.02213954,0.02277722,-2.8,-4.87,False,0.3333333333333333,0.0,0.31,4.2,Actionable watch,Breakout retest,"breakout, retest, pivot, volume, inverse-head-and-shoulders, base, reversal",527.27,2026-07-02,1.41,1.2,,,,Prior resistance has been cleared on higher volume and price is back near that pivot. This is the kind of retest zone where follow-through can matter more than chasing a stretched candle. Secondary patterns: Possible inverse H&S.,Setup watch: Breakout retest,1.23
CREDITACC,CreditAccess Grameen Ltd.,CREDITACC.NS,Financial Services,True,,NIFTY 500,^CRSLDX,2026-08-21,1496.1,-2.5,-3.44,-1.42,327782.0,422618.0,0.78,490394642.2,43.66,54.25,False,False,False,True,True,-3.48,-0.95,1.22,False,False,False,False,-8.69,0.06358185,0.0646657,-1.68,-4.0,False,0.6666666666666666,0.0,0.78,3.4,Actionable watch,Possible inverse H&S,"inverse-head-and-shoulders, base, reversal",1397.35,,,7.07,,,1397.35,A possible inverse head-and-shoulders base is visible. The setup improves only if price clears or holds near the neckline with better volume.,Setup watch: Possible inverse H&S,1.19
POLYCAB,Polycab India Ltd.,POLYCAB.NS,Capital Goods,True,,NIFTY 500,^CRSLDX,2026-08-21,8966.0,-1.74,-2.97,0.66,317770.0,261945.0,1.21,2849125820.0,42.13,51.1,False,False,False,False,True,-2.06,-3.97,1.94,False,False,False,False,3.74,0.3810406,0.40068423,-4.9,-1.98,False,0.6666666666666666,0.0,1.21,2.2,Watch,Possible inverse H&S,"inverse-head-and-shoulders, base, reversal",9424.0,,,4.86,,,9424.0,A possible inverse head-and-shoulders base is visible. The setup improves only if price clears or holds near the neckline with better volume.,Setup watch: Possible inverse H&S,1.17
MUTHOOTFIN,Muthoot Finance Ltd.,MUTHOOTFIN.NS,Financial Services,True,,NIFTY 500,^CRSLDX,2026-08-21,3022.0,1.75,6.33,1.18,1361981.0,1356825.0,1.0,4115906582.0,56.32,36.93,True,True,True,False,False,3.01,0.29,-0.76,False,False,False,False,-1.05,0.12843015,0.12934621,-0.71,-1.47,False,0.3333333333333333,0.0,1.0,-3.0,Risk review,Head-and-shoulders risk,"head-and-shoulders, risk, distribution",3385.25,,,10.73,,,3385.25,"A possible head-and-shoulders top is forming or breaking. This is a caution signal, not an entry setup.",Risk review,1.16
CENTRALBK,Central Bank of India,CENTRALBK.NS,Financial Services,True,,NIFTY 500,^CRSLDX,2026-08-21,31.29,0.71,-0.35,0.84,4728458.0,4776294.0,0.99,147953455.15,48.39,48.36,True,True,False,False,False,0.29,-1.83,-1.84,False,False,False,False,0.98,0.00132977,0.00136693,-2.72,-1.81,False,0.0,0.0,0.99,0.0,No clear setup,,,,,,,,,,,Weakening,1.14
HONAUT,Honeywell Automation India Ltd.,HONAUT.NS,Capital Goods,True,,NIFTY 500,^CRSLDX,2026-08-21,36700.0,-0.04,-1.36,-1.73,2374.0,6457.0,0.37,87125800.0,41.98,43.04,False,False,False,True,True,-2.72,-3.53,0.44,False,False,False,False,-0.18,1.55969107,1.62967451,-4.29,-4.3,False,0.6666666666666666,0.0,0.37,3.4,Actionable watch,Possible inverse H&S,"inverse-head-and-shoulders, base, reversal",35772.5,,,2.59,,,35772.5,A possible inverse head-and-shoulders base is visible. The setup improves only if price clears or holds near the neckline with better volume.,Setup watch: Possible inverse H&S,1.13
TRENT,Trent Ltd.,TRENT.NS,Consumer Services,True,,NIFTY 500,^CRSLDX,2026-08-21,2924.0,-1.55,-1.81,1.16,522170.0,1061849.0,0.49,1526825080.0,42.33,47.59,False,False,False,True,False,-2.51,-3.55,-5.33,False,False,False,False,7.85,0.1242653,0.12969411,-4.19,-1.49,False,0.0,0.0,0.49,4.66,Actionable watch,Breakout retest,"breakout, retest, pivot, volume, inverse-head-and-shoulders, base, reversal",2922.2,2026-08-14,1.52,0.06,,,,Prior resistance has been cleared on higher volume and price is back near that pivot. This is the kind of retest zone where follow-through can matter more than chasing a stretched candle. Secondary patterns: Possible inverse H&S.,Setup watch: Breakout retest,1.1
SUNPHARMA,Sun Pharmaceutical Industries Ltd.,SUNPHARMA.NS,Healthcare,True,,NIFTY 500,^CRSLDX,2026-08-21,1902.4,-0.08,-1.43,-1.99,1491879.0,2343715.0,0.64,2838150646.02,43.09,47.16,False,False,False,True,True,-2.07,-0.51,1.58,False,False,False,False,-9.95,0.08084895,0.08199515,-1.4,-4.56,False,0.6666666666666666,0.0,0.64,3.4,Actionable watch,Possible inverse H&S,"inverse-head-and-shoulders, base, reversal",1799.4,,,5.72,,,1799.4,A possible inverse head-and-shoulders base is visible. The setup improves only if price clears or holds near the neckline with better volume.,Setup watch: Possible inverse H&S,1.08
CGPOWER,CG Power and Industrial Solutions Ltd.,CGPOWER.NS,Capital Goods,True,,NIFTY 500,^CRSLDX,2026-08-21,867.0,-1.06,-2.6,-0.08,1308528.0,3245852.0,0.4,1134493776.0,45.08,51.27,False,False,False,False,True,-0.47,-4.24,1.71,False,False,False,False,4.39,0.03684611,0.03883988,-5.13,-2.7,False,0.6666666666666666,0.0,0.4,0.0,No clear setup,,,,,,,,,,,Weakening,1.06
BHARATFORG,Bharat Forge Ltd.,BHARATFORG.NS,Automobile and Auto Components,True,,NIFTY 500,^CRSLDX,2026-08-21,2063.0,0.05,-0.1,-4.12,877816.0,1245232.0,0.7,1810934408.0,41.87,41.22,False,False,False,True,True,-3.42,-2.99,5.22,False,False,False,False,-8.11,0.08767419,0.09107153,-3.73,-6.63,False,0.6666666666666666,0.0,0.7,4.74,Actionable watch,Breakout retest,"breakout, retest, pivot, volume",1949.73,2026-06-15,1.68,3.67,,,,Prior resistance has been cleared on higher volume and price is back near that pivot. This is the kind of retest zone where follow-through can matter more than chasing a stretched candle.,Setup watch: Breakout retest,1.0
HDFCLIFE,HDFC Life Insurance Company Ltd.,HDFCLIFE.NS,Financial Services,True,,NIFTY 500,^CRSLDX,2026-08-21,554.8,2.36,3.54,-0.05,3327625.0,3445740.0,0.97,1846166309.38,54.59,38.06,True,True,False,False,False,1.99,-1.08,-2.97,False,False,False,False,1.7,0.02357811,0.02404552,-1.94,-2.67,False,0.0,0.0,0.97,0.0,No clear setup,,,,,,,,,,,Weakening,0.97
ITCHOTELS,ITC Hotels Ltd.,ITCHOTELS.NS,Consumer Services,True,,NIFTY 500,^CRSLDX,2026-08-21,164.98,-0.69,0.03,3.16,1074726.0,1815054.0,0.59,177308290.89,46.27,45.13,False,False,False,True,False,-0.47,-3.22,-2.81,False,False,False,False,7.58,0.00701138,0.00729854,-3.93,0.46,False,0.0,0.0,0.59,0.0,No clear setup,,,,,,,,,,,Neutral / watch,0.89
MAHABANK,Bank of Maharashtra,MAHABANK.NS,Financial Services,True,,NIFTY 500,^CRSLDX,2026-08-21,80.26,-0.02,0.17,-0.95,7790968.0,10162309.0,0.77,625303108.32,48.49,47.83,False,True,False,True,True,0.5,-3.6,3.39,False,False,False,False,4.31,0.00341092,0.00357274,-4.53,-3.55,False,0.6666666666666666,0.0,0.77,-2.0,Risk review,Head-and-shoulders risk,"head-and-shoulders, risk, distribution",76.88,,,4.39,,,76.88,"A possible head-and-shoulders top is forming or breaking. This is a caution signal, not an entry setup.",Risk review,0.89
CHOLAHLDNG,Cholamandalam Financial Holdings Ltd.,CHOLAHLDNG.NS,Financial Services,True,,NIFTY 500,^CRSLDX,2026-08-21,1561.8,-0.79,-2.22,3.05,74199.0,221076.0,0.34,115884001.82,47.16,52.52,False,False,False,False,False,-0.47,-2.01,-1.95,False,False,False,False,7.82,0.06637399,0.06828367,-2.8,0.35,False,0.0,0.0,0.34,0.0,No clear setup,,,,,,,,,,,Neutral / watch,0.87
ASTERDM,Aster DM Quality Care Ltd.,ASTERDM.NS,Healthcare,True,,NIFTY 500,^CRSLDX,2026-08-21,761.55,-0.54,-7.39,-3.07,3493553.0,5078785.0,0.69,2660515244.5,32.04,50.64,False,False,False,False,True,-7.34,-5.28,1.88,False,False,False,False,-8.66,0.03236465,0.0345341,-6.28,-5.61,False,0.6666666666666666,0.0,0.69,3.4,Actionable watch,Possible inverse H&S,"inverse-head-and-shoulders, base, reversal",643.85,,,18.28,,,643.85,A possible inverse head-and-shoulders base is visible. The setup improves only if price clears or holds near the neckline with better volume.,Setup watch: Possible inverse H&S,0.87
APOLLOHOSP,Apollo Hospitals Enterprise Ltd.,APOLLOHOSP.NS,Healthcare,True,,NIFTY 500,^CRSLDX,2026-08-21,8693.0,-0.48,-2.55,-1.16,184089.0,399530.0,0.46,1600285677.0,45.18,54.75,False,False,False,True,True,-1.65,-0.73,1.36,False,False,False,False,-7.14,0.36943854,0.37567388,-1.66,-3.75,False,0.6666666666666666,0.0,0.46,0.0,No clear setup,,,,,,,,,,,Weakening,0.85
KIRLOSENG,Kirloskar Oil Eng Ltd.,KIRLOSENG.NS,Capital Goods,True,,NIFTY 500,^CRSLDX,2026-08-21,2100.8,-2.29,0.03,-3.54,450739.0,476215.0,0.95,946912513.21,44.74,42.93,True,False,False,True,True,-2.55,-5.79,8.42,False,False,False,False,5.31,0.08928063,0.09519061,-6.21,-6.07,False,0.6666666666666666,0.0,0.95,3.4,Actionable watch,Possible inverse H&S,"inverse-head-and-shoulders, base, reversal",1377.0,,,52.56,,,1377.0,A possible inverse head-and-shoulders base is visible. The setup improves only if price clears or holds near the neckline with better volume.,Setup watch: Possible inverse H&S,0.79
LLOYDSME,Lloyds Metals And Energy Ltd.,LLOYDSME.NS,Metals & Mining,True,,NIFTY 500,^CRSLDX,2026-08-21,1865.9,-1.35,-2.75,-3.84,345179.0,636087.0,0.54,644069504.53,41.59,47.18,False,False,False,True,True,-6.15,-0.62,4.6,False,False,False,False,-20.08,0.07929775,0.08057312,-1.58,-6.37,False,0.6666666666666666,0.0,0.54,3.4,Actionable watch,Possible inverse H&S,"inverse-head-and-shoulders, base, reversal",1359.0,,,37.3,,,1359.0,A possible inverse head-and-shoulders base is visible. The setup improves only if price clears or holds near the neckline with better volume.,Setup watch: Possible inverse H&S,0.79
NIVABUPA,Niva Bupa Health Insurance Company Ltd.,NIVABUPA.NS,Financial Services,True,,NIFTY 500,^CRSLDX,2026-08-21,82.62,-0.31,-0.12,-4.64,2129738.0,1710220.0,1.25,175958959.41,37.57,35.49,False,False,False,False,True,-3.13,-3.52,1.11,False,False,False,False,-10.22,0.00351122,0.00367397,-4.43,-7.14,False,0.6666666666666666,0.0,1.25,3.4,Actionable watch,Possible inverse H&S,"inverse-head-and-shoulders, base, reversal",79.5,,,3.92,,,79.5,A possible inverse head-and-shoulders base is visible. The setup improves only if price clears or holds near the neckline with better volume.,Setup watch: Possible inverse H&S,0.79
MANKIND,Mankind Pharma Ltd.,MANKIND.NS,Healthcare,True,,NIFTY 500,^CRSLDX,2026-08-21,2384.0,-0.04,-1.7,-4.91,343261.0,466141.0,0.74,818334224.0,39.66,43.25,False,False,False,False,True,-2.87,-3.88,0.05,False,False,False,False,-10.12,0.10131617,0.10636682,-4.75,-7.41,False,0.6666666666666666,0.0,0.74,3.4,Actionable watch,Possible inverse H&S,"inverse-head-and-shoulders, base, reversal",2321.55,,,2.69,,,2321.55,A possible inverse head-and-shoulders base is visible. The setup improves only if price clears or holds near the neckline with better volume.,Setup watch: Possible inverse H&S,0.79
GODREJIND,Godrej Industries Ltd.,GODREJIND.NS,Diversified,True,,NIFTY 500,^CRSLDX,2026-08-21,1230.0,0.54,-1.8,-7.67,31720.0,111554.0,0.28,39015600.0,42.26,44.22,False,False,False,True,True,-3.89,-1.6,1.83,False,False,False,False,-25.87,0.05227302,0.05351232,-2.32,-10.09,False,0.6666666666666666,0.0,0.28,3.4,Actionable watch,Possible inverse H&S,"inverse-head-and-shoulders, base, reversal",1053.4,,,16.76,,,1053.4,A possible inverse head-and-shoulders base is visible. The setup improves only if price clears or holds near the neckline with better volume.,Setup watch: Possible inverse H&S,0.79
DEEPAKFERT,Deepak Fertilisers & Petrochemicals Corp. Ltd.,DEEPAKFERT.NS,Chemicals,True,,NIFTY 500,^CRSLDX,2026-08-21,1449.2,-1.02,-3.15,-7.88,250968.0,491500.0,0.51,363702813.35,37.37,42.91,False,False,False,True,True,-5.47,-6.89,0.45,False,False,False,False,-11.61,0.06158867,0.0667898,-7.79,-10.3,False,0.6666666666666666,0.0,0.51,3.4,Actionable watch,Possible inverse H&S,"inverse-head-and-shoulders, base, reversal",1302.65,,,11.25,,,1302.65,A possible inverse head-and-shoulders base is visible. The setup improves only if price clears or holds near the neckline with better volume.,Setup watch: Possible inverse H&S,0.79
CEMPRO,Cemindia Projects Ltd.,CEMPRO.NS,Construction,True,,NIFTY 500,^CRSLDX,2026-08-21,1276.4,0.2,-1.72,-11.42,78894.0,599653.0,0.13,100700303.53,43.18,44.87,False,False,False,True,True,-1.9,-6.66,5.76,False,False,False,False,-33.54,0.05424495,0.05860369,-7.44,-13.75,False,0.6666666666666666,0.0,0.13,3.4,Actionable watch,Possible inverse H&S,"inverse-head-and-shoulders, base, reversal",907.23,,,40.69,,,907.23,A possible inverse head-and-shoulders base is visible. The setup improves only if price clears or holds near the neckline with better volume.,Setup watch: Possible inverse H&S,0.79
ZYDUSWELL,Zydus Wellness Ltd.,ZYDUSWELL.NS,Fast Moving Consumer Goods,True,,NIFTY 500,^CRSLDX,2026-08-21,490.8,-2.09,-3.82,-12.83,107456.0,337149.0,0.32,52739403.49,35.01,38.46,False,False,False,False,True,-7.17,-10.15,1.24,False,False,False,False,-24.96,0.02085821,0.02343229,-10.99,-15.12,False,0.6666666666666666,0.0,0.32,3.4,Actionable watch,Possible inverse H&S,"inverse-head-and-shoulders, base, reversal",468.72,,,4.71,,,468.72,A possible inverse head-and-shoulders base is visible. The setup improves only if price clears or holds near the neckline with better volume.,Setup watch: Possible inverse H&S,0.79
GPIL,Godawari Power & Ispat Ltd.,GPIL.NS,Capital Goods,True,,NIFTY 500,^CRSLDX,2026-08-21,245.09,-1.13,4.1,2.48,1383646.0,2047238.0,0.68,339117793.07,49.57,42.06,True,True,False,False,False,0.95,-2.35,-0.56,False,False,False,False,8.51,0.01041593,0.01078431,-3.42,-0.21,False,0.0,0.0,0.68,-2.0,Risk review,Head-and-shoulders risk,"head-and-shoulders, risk, distribution",233.58,,,4.93,,,233.58,"A possible head-and-shoulders top is forming or breaking. This is a caution signal, not an entry setup.",Risk review,0.76
VTL,Vardhman Textiles Ltd.,VTL.NS,Textiles,True,,NIFTY 500,^CRSLDX,2026-08-21,602.9,0.4,2.08,-1.9,312172.0,347315.0,0.9,188208506.42,47.53,39.6,True,True,False,False,True,0.21,-3.4,3.51,False,False,False,False,-2.22,0.02562228,0.02678305,-4.33,-4.48,False,0.6666666666666666,0.0,0.9,-2.0,Risk review,Head-and-shoulders risk,"head-and-shoulders, risk, distribution",580.17,,,3.92,,,580.17,"A possible head-and-shoulders top is forming or breaking. This is a caution signal, not an entry setup.",Risk review,0.7
CANFINHOME,Can Fin Homes Ltd.,CANFINHOME.NS,Financial Services,True,,NIFTY 500,^CRSLDX,2026-08-21,830.45,-1.48,1.18,2.03,199581.0,189738.0,1.05,165742043.89,49.44,42.61,True,True,False,False,False,1.35,-2.75,0.03,False,False,False,False,5.87,0.03529279,0.03663097,-3.65,-0.64,False,0.3333333333333333,0.0,1.05,-2.0,Risk review,Head-and-shoulders risk,"head-and-shoulders, risk, distribution",795.95,,,4.33,,,795.95,"A possible head-and-shoulders top is forming or breaking. This is a caution signal, not an entry setup.",Risk review,0.67
GRSE,Garden Reach Shipbuilders & Engineers Ltd.,GRSE.NS,Capital Goods,True,,NIFTY 500,^CRSLDX,2026-08-21,2601.5,-0.62,-0.65,1.39,363696.0,527954.0,0.69,946155144.0,48.28,51.05,False,False,False,False,True,-0.0,-1.97,0.01,False,False,False,False,3.74,0.11055957,0.11383529,-2.88,-1.27,False,0.6666666666666666,0.0,0.69,-2.0,Risk review,Head-and-shoulders risk,"head-and-shoulders, risk, distribution, breakout, retest, pivot, volume",2532.75,,,2.71,,,2532.75,"A possible head-and-shoulders top is forming or breaking. This is a caution signal, not an entry setup. Secondary patterns: Breakout retest.",Risk review,0.65
ATUL,Atul Ltd.,ATUL.NS,Chemicals,True,,NIFTY 500,^CRSLDX,2026-08-21,6509.5,-0.02,-3.26,1.59,28223.0,66135.0,0.43,183717618.5,42.77,54.51,False,False,False,False,True,-3.48,-0.06,1.37,False,False,False,False,1.55,0.2766433,0.27930328,-0.95,-1.07,False,0.6666666666666666,0.0,0.43,0.0,No clear setup,,,,,,,,,,,Weakening,0.59
AXISBANK,Axis Bank Ltd.,AXISBANK.NS,Financial Services,True,,NIFTY 500,^CRSLDX,2026-08-21,1245.8,-0.42,2.33,1.51,3690174.0,5566549.0,0.66,4597218949.38,47.65,36.1,True,True,False,False,False,0.57,-3.57,0.2,False,False,False,False,8.88,0.0529445,0.05543602,-4.49,-1.15,False,0.6666666666666666,0.0,0.66,-2.0,Risk review,Head-and-shoulders risk,"head-and-shoulders, risk, distribution",1199.15,,,3.89,,,1199.15,"A possible head-and-shoulders top is forming or breaking. This is a caution signal, not an entry setup.",Risk review,0.57
CROMPTON,Crompton Greaves Consumer Electricals Ltd.,CROMPTON.NS,Consumer Durables,True,,NIFTY 500,^CRSLDX,2026-08-21,252.0,0.0,1.49,0.74,13382696.0,3907124.0,3.43,3372439392.0,47.77,41.7,True,False,False,False,False,-0.68,-2.91,-1.16,False,False,False,False,5.34,0.0107096,0.01112269,-3.71,-1.9,False,0.3333333333333333,0.0,3.43,-2.0,Risk review,Head-and-shoulders risk,"head-and-shoulders, risk, distribution, inverse-head-and-shoulders, base, reversal",250.03,,,0.79,,,250.03,"A possible head-and-shoulders top is forming or breaking. This is a caution signal, not an entry setup. Secondary patterns: Possible inverse H&S.",Risk review,0.52
GALLANTT,Gallantt Ispat Ltd.,GALLANTT.NS,Capital Goods,True,,NIFTY 500,^CRSLDX,2026-08-21,584.4,0.34,0.4,12.13,58650.0,120184.0,0.49,34275061.43,43.32,41.48,True,False,False,False,False,-1.45,-8.64,-0.11,False,False,False,False,35.26,0.02483606,0.02740998,-9.39,9.19,False,0.3333333333333333,0.0,0.49,-2.0,Risk review,Head-and-shoulders risk,"head-and-shoulders, risk, distribution",573.4,,,1.92,,,573.4,"A possible head-and-shoulders top is forming or breaking. This is a caution signal, not an entry setup.",Risk review,0.5
NH,Narayana Hrudayalaya Ltd.,NH.NS,Healthcare,True,,NIFTY 500,^CRSLDX,2026-08-21,1815.8,0.92,-0.92,-7.43,218812.0,383350.0,0.57,397318840.28,35.66,33.28,False,False,False,False,False,-4.51,-6.27,0.73,False,False,False,False,-11.2,0.07716859,0.08309052,-7.13,-9.86,False,0.6666666666666666,0.0,0.57,2.2,Watch,Possible inverse H&S,"inverse-head-and-shoulders, base, reversal",1895.6,,,4.21,,,1895.6,A possible inverse head-and-shoulders base is visible. The setup improves only if price clears or holds near the neckline with better volume.,Mean reversion bounce,0.47
RVNL,Rail Vikas Nigam Ltd.,RVNL.NS,Construction,True,,NIFTY 500,^CRSLDX,2026-08-21,225.3,-1.14,-0.59,0.66,2616366.0,4341620.0,0.6,589467267.78,45.0,45.19,False,False,False,False,False,-0.86,-2.42,-3.59,False,False,False,False,3.98,0.00957489,0.00990205,-3.3,-1.98,False,0.0,0.0,0.6,0.0,No clear setup,,,,,,,,,,,Weakening,0.4
BIOCON,Biocon Ltd.,BIOCON.NS,Healthcare,True,,NIFTY 500,^CRSLDX,2026-08-21,415.55,0.74,-0.35,-4.17,2223200.0,3520886.0,0.63,923850732.86,43.88,42.32,False,False,False,True,True,-1.93,-1.67,1.61,False,False,False,False,-11.93,0.01766021,0.01813716,-2.63,-6.69,False,0.6666666666666666,0.0,0.63,2.2,Actionable watch,Possible inverse H&S,"inverse-head-and-shoulders, base, reversal",421.6,,,1.44,,,421.6,A possible inverse head-and-shoulders base is visible. The setup improves only if price clears or holds near the neckline with better volume.,Setup watch: Possible inverse H&S,0.37
SYNGENE,Syngene International Ltd.,SYNGENE.NS,Healthcare,True,,NIFTY 500,^CRSLDX,2026-08-21,407.25,2.97,1.44,0.15,953453.0,1737497.0,0.55,388293734.25,49.65,43.34,True,True,False,False,False,0.89,-2.68,-4.68,False,False,False,False,3.55,0.01730747,0.01798159,-3.75,-2.48,False,0.0,0.0,0.55,-2.0,Risk review,Head-and-shoulders risk,"head-and-shoulders, risk, distribution",404.95,,,0.57,,,404.95,"A possible head-and-shoulders top is forming or breaking. This is a caution signal, not an entry setup.",Risk review,0.3
BANKINDIA,Bank of India,BANKINDIA.NS,Financial Services,True,,NIFTY 500,^CRSLDX,2026-08-21,142.79,-0.01,-0.91,0.12,5333928.0,7115620.0,0.75,761631543.31,51.01,53.72,False,True,False,True,False,0.98,-0.03,0.94,False,False,False,False,-1.92,0.00606835,0.00613057,-1.02,-2.51,False,0.3333333333333333,0.0,0.75,-2.0,Risk review,Head-and-shoulders risk,"head-and-shoulders, risk, distribution",136.32,,,4.75,,,136.32,"A possible head-and-shoulders top is forming or breaking. This is a caution signal, not an entry setup.",Risk review,0.3
NMDC,NMDC Ltd.,NMDC.NS,Metals & Mining,True,,NIFTY 500,^CRSLDX,2026-08-21,84.61,0.79,0.25,1.26,18865805.0,18480866.0,1.02,1596235772.56,48.94,46.45,False,False,False,False,True,-0.23,-0.54,1.39,False,False,False,False,-0.63,0.00359579,0.00365609,-1.65,-1.4,False,0.6666666666666666,0.0,1.02,-3.0,Risk review,Head-and-shoulders risk,"head-and-shoulders, risk, distribution",84.94,,,0.39,,,84.94,"A possible head-and-shoulders top is forming or breaking. This is a caution signal, not an entry setup.",Risk review,0.27
AWL,AWL Agri Business Ltd.,AWL.NS,Fast Moving Consumer Goods,True,,NIFTY 500,^CRSLDX,2026-08-21,188.12,-0.28,-2.1,-0.02,6188685.0,2732886.0,2.26,1164215391.98,44.08,52.06,False,False,False,False,False,-1.67,-0.5,-3.52,False,False,False,False,-6.91,0.0079948,0.00811861,-1.53,-2.64,False,0.0,0.0,2.26,0.0,No clear setup,,,,,,,,,,,Weakening,0.27
SIGNATURE,Signatureglobal (India) Ltd.,SIGNATURE.NS,Realty,True,,NIFTY 500,^CRSLDX,2026-08-21,795.3,-0.71,-1.72,3.51,217388.0,224788.0,0.97,172888673.75,47.19,50.98,False,False,False,False,False,-1.65,-0.06,-2.68,False,False,False,False,-1.66,0.03379897,0.03415963,-1.06,0.79,False,0.0,0.0,0.97,-2.0,Risk review,Head-and-shoulders risk,"head-and-shoulders, risk, distribution",789.47,,,0.74,,,789.47,"A possible head-and-shoulders top is forming or breaking. This is a caution signal, not an entry setup.",Risk review,0.26
YESBANK,Yes Bank Ltd.,YESBANK.NS,Financial Services,True,,NIFTY 500,^CRSLDX,2026-08-21,22.8,0.26,0.57,-0.65,33822601.0,45447337.0,0.74,771155277.0,46.49,41.12,True,False,False,True,True,-0.01,-3.32,-0.01,False,False,False,False,3.65,0.00096896,0.00101065,-4.13,-3.26,False,0.3333333333333333,0.0,0.74,-2.0,Risk review,Head-and-shoulders risk,"head-and-shoulders, risk, distribution, inverse-head-and-shoulders, base, reversal",22.32,,,2.15,,,22.32,"A possible head-and-shoulders top is forming or breaking. This is a caution signal, not an entry setup. Secondary patterns: Possible inverse H&S.",Risk review,0.25
POWERGRID,Power Grid Corporation of India Ltd.,POWERGRID.NS,Power,True,,NIFTY 500,^CRSLDX,2026-08-21,272.4,2.87,2.39,-5.48,18024559.0,9227919.0,1.95,4909889761.59,45.89,29.56,True,False,False,False,False,-0.88,-3.3,-0.21,False,False,False,False,-10.36,0.01157656,0.01209171,-4.26,-7.96,False,0.0,0.0,1.95,-3.0,Risk review,Head-and-shoulders risk,"head-and-shoulders, risk, distribution",286.85,,,5.04,,,286.85,"A possible head-and-shoulders top is forming or breaking. This is a caution signal, not an entry setup.",Risk review,0.25
HBLENGINE,HBL Engineering Ltd.,HBLENGINE.NS,Capital Goods,True,,NIFTY 500,^CRSLDX,2026-08-21,702.55,-1.45,3.54,0.57,1018163.0,997993.0,1.02,715310403.22,46.37,33.37,True,False,False,False,False,-0.26,-6.27,-2.92,False,False,False,False,12.74,0.02985725,0.03213061,-7.08,-2.07,False,0.0,0.0,1.02,-3.0,Risk review,Head-and-shoulders risk,"head-and-shoulders, risk, distribution",710.6,,,1.13,,,710.6,"A possible head-and-shoulders top is forming or breaking. This is a caution signal, not an entry setup.",Risk review,0.24
TATACOMM,Tata Communications Ltd.,TATACOMM.NS,Telecommunication,True,,NIFTY 500,^CRSLDX,2026-08-21,1655.4,-1.32,-3.65,-6.75,152200.0,247214.0,0.62,251951883.72,32.05,37.65,False,False,False,False,False,-4.59,-9.75,-0.67,False,False,False,False,0.9,0.07035184,0.07870872,-10.62,-9.2,False,0.3333333333333333,0.0,0.62,5.1,Actionable watch,Breakout retest,"breakout, retest, pivot, volume, inverse-head-and-shoulders, base, reversal",1617.67,2026-05-20,5.29,2.0,,,,Prior resistance has been cleared on higher volume and price is back near that pivot. This is the kind of retest zone where follow-through can matter more than chasing a stretched candle. Secondary patterns: Possible inverse H&S.,Setup watch: Breakout retest,0.2
ONESOURCE,Onesource Specialty Pharma Ltd.,ONESOURCE.NS,Healthcare,True,,NIFTY 500,^CRSLDX,2026-08-21,1535.0,0.03,-1.55,-7.19,50188.0,227387.0,0.22,77038580.0,40.5,42.42,False,False,False,False,False,-3.43,-4.95,-1.6,False,False,False,False,-16.84,0.06523504,0.06936003,-5.95,-9.62,False,0.3333333333333333,0.0,0.22,4.25,Actionable watch,Breakout retest,"breakout, retest, pivot, volume",1539.7,2026-06-29,1.49,0.31,,,,Prior resistance has been cleared on higher volume and price is back near that pivot. This is the kind of retest zone where follow-through can matter more than chasing a stretched candle.,Setup watch: Breakout retest,0.2
MAPMYINDIA,C.E. Info Systems Ltd.,MAPMYINDIA.NS,Information Technology,True,,NIFTY 500,^CRSLDX,2026-08-21,983.9,-2.31,-0.59,-11.67,112091.0,278814.0,0.4,110286337.64,41.45,41.81,False,False,False,True,False,-7.29,-2.53,-5.83,False,False,False,False,-48.03,0.04181417,0.04329842,-3.43,-13.98,False,0.0,0.0,0.4,5.1,Actionable watch,Breakout retest,"breakout, retest, pivot, volume",939.77,2026-07-09,12.57,4.14,,,,Prior resistance has been cleared on higher volume and price is back near that pivot. This is the kind of retest zone where follow-through can matter more than chasing a stretched candle.,Setup watch: Breakout retest,0.2
TATAELXSI,Tata Elxsi Ltd.,TATAELXSI.NS,Information Technology,True,,NIFTY 500,^CRSLDX,2026-08-21,3708.0,1.31,-1.71,4.8,147967.0,278382.0,0.53,548661636.0,49.62,53.9,False,False,False,False,False,-0.05,-1.07,-3.55,False,False,False,False,13.46,0.15758405,0.1608887,-2.05,2.06,False,0.0,0.0,0.53,-3.0,Risk review,Head-and-shoulders risk,"head-and-shoulders, risk, distribution",5208.5,,,28.81,,,5208.5,"A possible head-and-shoulders top is forming or breaking. This is a caution signal, not an entry setup.",Risk review,0.16
OLECTRA,Olectra Greentech Ltd.,OLECTRA.NS,Automobile and Auto Components,True,,NIFTY 500,^CRSLDX,2026-08-21,1318.4,2.11,0.11,-1.34,863925.0,339877.0,2.54,1138998741.09,43.49,40.64,False,False,False,True,True,-2.02,-5.15,-1.11,False,False,False,False,5.81,0.05602988,0.05948469,-5.81,-3.93,False,0.3333333333333333,0.0,2.54,-2.0,Risk review,Head-and-shoulders risk,"head-and-shoulders, risk, distribution, breakout, retest, pivot, volume, inverse-head-and-shoulders, base, reversal",1266.1,,,4.13,,,1266.1,"A possible head-and-shoulders top is forming or breaking. This is a caution signal, not an entry setup. Secondary patterns: Breakout retest, Possible inverse H&S.",Risk review,0.11
EMAMILTD,Emami Ltd.,EMAMILTD.NS,Fast Moving Consumer Goods,True,,NIFTY 500,^CRSLDX,2026-08-21,402.6,-1.18,-0.17,-1.3,456799.0,631236.0,0.72,183907280.19,48.01,48.06,False,False,False,False,False,-0.37,-1.13,-2.74,False,False,False,False,-7.54,0.01710985,0.01746895,-2.06,-3.89,False,0.0,0.0,0.72,0.0,No clear setup,,,,,,,,,,,Weakening,0.02
PATANJALI,Patanjali Foods Ltd.,PATANJALI.NS,Fast Moving Consumer Goods,True,,NIFTY 500,^CRSLDX,2026-08-21,348.0,-0.57,-0.49,2.74,1622657.0,4823375.0,0.34,564684636.0,37.59,37.58,False,False,False,False,False,-1.0,-7.52,-4.7,False,False,False,False,16.68,0.01478944,0.01616714,-8.52,0.04,False,0.0,0.0,0.34,0.0,No clear setup,,,,,,,,,,,Neutral / watch,0.01
TATAINVEST,Tata Investment Corporation Ltd.,TATAINVEST.NS,Financial Services,True,,NIFTY 500,^CRSLDX,2026-08-21,647.95,-0.22,-2.9,2.73,128569.0,427680.0,0.3,83306285.12,40.32,47.53,False,False,False,False,False,-3.11,-3.19,-2.87,False,False,False,False,6.31,0.02753684,0.02871008,-4.09,0.03,False,0.0,0.0,0.3,0.0,No clear setup,,,,,,,,,,,Neutral / watch,0.01
BANKBARODA,Bank of Baroda,BANKBARODA.NS,Financial Services,True,,NIFTY 500,^CRSLDX,2026-08-21,247.0,1.02,-0.49,0.22,7914129.0,7997836.0,0.99,1954789863.0,48.13,48.35,True,True,False,False,False,0.43,-3.21,-0.6,False,False,False,False,8.54,0.0104971,0.01095052,-4.14,-2.4,False,0.0,0.0,0.99,-3.0,Risk review,Head-and-shoulders risk,"head-and-shoulders, risk, distribution",278.0,,,11.15,,,278.0,"A possible head-and-shoulders top is forming or breaking. This is a caution signal, not an entry setup.",Risk review,-0.03
OLAELEC,Ola Electric Mobility Ltd.,OLAELEC.NS,Automobile and Auto Components,True,,NIFTY 500,^CRSLDX,2026-08-21,37.73,-0.24,-2.58,1.75,13587602.0,44200812.0,0.31,512660217.24,41.87,44.98,False,False,False,False,True,-3.05,-6.63,-3.5,False,False,False,False,9.6,0.00160346,0.00173796,-7.74,-0.92,False,0.3333333333333333,0.0,0.31,-2.0,Risk review,Head-and-shoulders risk,"head-and-shoulders, risk, distribution, breakout, retest, pivot, volume, inverse-head-and-shoulders, base, reversal",36.7,,,2.81,,,36.7,"A possible head-and-shoulders top is forming or breaking. This is a caution signal, not an entry setup. Secondary patterns: Breakout retest, Possible inverse H&S.",Risk review,-0.08
KIMS,Krishna Institute of Medical Sciences Ltd.,KIMS.NS,Healthcare,True,,NIFTY 500,^CRSLDX,2026-08-21,782.5,-0.95,-3.29,-1.92,302499.0,604457.0,0.5,236705467.5,40.72,52.68,False,False,False,True,True,-2.6,-2.62,1.21,False,False,False,False,-5.69,0.03325499,0.03447044,-3.53,-4.5,False,0.6666666666666666,0.0,0.5,0.0,No clear setup,,,,,,,,,,,Weakening,-0.1
EMMVEE,Emmvee Photovoltaic Power Ltd.,EMMVEE.NS,Capital Goods,True,,NIFTY 500,^CRSLDX,2026-08-21,324.0,-0.49,0.78,-2.11,1669309.0,1948592.0,0.86,540856116.0,50.08,47.72,True,True,False,True,,0.8,-2.17,,False,False,False,False,-3.69,0.01376948,0.01422053,-3.17,-4.68,False,0.0,0.0,0.86,-2.0,Risk review,Head-and-shoulders risk,"head-and-shoulders, risk, distribution, inverse-head-and-shoulders, base, reversal",314.85,,,2.91,,,314.85,"A possible head-and-shoulders top is forming or breaking. This is a caution signal, not an entry setup. Secondary patterns: Possible inverse H&S.",Risk review,-0.14
USHAMART,Usha Martin Ltd.,USHAMART.NS,Capital Goods,True,,NIFTY 500,^CRSLDX,2026-08-21,481.3,-2.9,-1.36,-2.18,527081.0,602205.0,0.88,253684078.87,39.94,42.74,False,False,False,True,True,-3.97,-2.74,0.93,False,False,False,False,-10.43,0.02045448,0.02124455,-3.72,-4.74,False,0.6666666666666666,0.0,0.88,0.0,No clear setup,,,,,,,,,,,Weakening,-0.15
SCHAEFFLER,Schaeffler India Ltd.,SCHAEFFLER.NS,Automobile and Auto Components,True,,NIFTY 500,^CRSLDX,2026-08-21,4017.9,-0.78,-0.63,-2.19,72271.0,68638.0,1.05,290377643.84,43.09,44.28,False,False,False,False,True,-1.6,-2.6,0.25,False,False,False,False,-4.41,0.17075429,0.17694512,-3.5,-4.75,False,0.6666666666666666,0.0,1.05,0.0,No clear setup,,,,,,,,,,,Weakening,-0.15
AMBUJACEM,Ambuja Cements Ltd.,AMBUJACEM.NS,Construction Materials,True,,NIFTY 500,^CRSLDX,2026-08-21,414.5,0.85,-0.72,-2.5,5526066.0,3154407.0,1.75,2290554357.0,41.63,40.54,False,False,False,False,False,-2.79,-3.19,-2.8,False,False,False,False,-6.27,0.01761558,0.01837201,-4.12,-5.06,False,0.0,0.0,1.75,0.0,No clear setup,,,,,,,,,,,Weakening,-0.21
ITI,ITI Ltd.,ITI.NS,Telecommunication,True,,NIFTY 500,^CRSLDX,2026-08-21,279.25,-0.09,0.9,1.49,153877.0,340917.0,0.45,42970152.25,44.78,40.9,False,False,False,False,False,-0.31,-3.34,-1.77,False,False,False,False,6.8,0.01186768,0.01239843,-4.28,-1.17,False,0.0,0.0,0.45,0.0,No clear setup,,,,,,,,,,,Weakening,-0.23
BAJAJHFL,Bajaj Housing Finance Ltd.,BAJAJHFL.NS,Financial Services,True,,NIFTY 500,^CRSLDX,2026-08-21,84.85,-0.86,0.62,0.78,1829399.0,3094263.0,0.59,155224502.36,45.18,39.87,True,False,False,False,False,-0.88,-2.0,-2.64,False,False,False,False,1.08,0.00360599,0.00371311,-2.88,-1.86,False,0.0,0.0,0.59,-2.0,Risk review,Head-and-shoulders risk,"head-and-shoulders, risk, distribution",82.68,,,2.63,,,82.68,"A possible head-and-shoulders top is forming or breaking. This is a caution signal, not an entry setup.",Risk review,-0.27
ACUTAAS,Acutaas Chemicals Ltd.,ACUTAAS.NS,Healthcare,True,,NIFTY 500,^CRSLDX,2026-08-21,3169.0,-1.29,-2.06,-2.78,220689.0,343046.0,0.64,699363441.0,44.41,46.67,False,False,False,True,True,-2.07,-5.28,6.95,False,False,False,False,-4.96,0.13467741,0.14344605,-6.11,-5.33,False,0.6666666666666666,0.0,0.64,0.0,No clear setup,,,,,,,,,,,Weakening,-0.27
EIHOTEL,EIH Ltd.,EIHOTEL.NS,Consumer Services,True,,NIFTY 500,^CRSLDX,2026-08-21,302.75,0.95,0.8,-6.82,63528.0,195232.0,0.33,19233102.0,39.97,33.76,True,False,False,False,False,-3.28,-5.6,-2.18,False,False,False,False,-10.13,0.01286639,0.01373705,-6.34,-9.27,False,0.0,0.0,0.33,0.0,No clear setup,,,,,,,,,,,Mean reversion bounce,-0.3
APTUS,Aptus Value Housing Finance India Ltd.,APTUS.NS,Financial Services,True,,NIFTY 500,^CRSLDX,2026-08-21,257.75,1.76,2.89,-7.0,798201.0,1027157.0,0.78,205736307.75,42.78,32.01,True,False,False,False,False,-1.54,-5.83,-1.68,False,False,False,False,-14.9,0.01095396,0.01175453,-6.81,-9.44,False,0.3333333333333333,0.0,0.78,0.0,No clear setup,,,,,,,,,,,Mean reversion bounce,-0.3
PIIND,PI Industries Ltd.,PIIND.NS,Chemicals,True,,NIFTY 500,^CRSLDX,2026-08-21,2496.8,0.58,0.27,-8.25,111654.0,297537.0,0.38,278777712.65,35.41,30.96,False,False,False,False,False,-5.82,-6.25,-2.93,False,False,False,False,-13.27,0.10610999,0.1144325,-7.27,-10.66,False,0.0,0.0,0.38,0.0,No clear setup,,,,,,,,,,,Mean reversion bounce,-0.3
JUBLPHARMA,Jubilant Pharmova Ltd.,JUBLPHARMA.NS,Healthcare,True,,NIFTY 500,^CRSLDX,2026-08-21,880.35,1.07,1.68,-8.81,229192.0,276304.0,0.83,201769171.6,35.93,29.58,False,False,False,False,False,-4.27,-7.65,-1.85,False,False,False,False,-12.69,0.03741346,0.04093041,-8.59,-11.2,False,0.0,0.0,0.83,0.0,No clear setup,,,,,,,,,,,Mean reversion bounce,-0.3
INDUSTOWER,Indus Towers Ltd.,INDUSTOWER.NS,Telecommunication,True,,NIFTY 500,^CRSLDX,2026-08-21,375.75,1.88,-2.24,-1.19,4156805.0,5135366.0,0.81,1561919478.75,48.22,54.69,False,True,False,False,False,0.25,-1.36,0.67,False,False,False,False,-4.93,0.01596877,0.01637215,-2.46,-3.78,False,0.3333333333333333,0.0,0.81,-3.0,Risk review,Head-and-shoulders risk,"head-and-shoulders, risk, distribution",399.6,,,5.97,,,399.6,"A possible head-and-shoulders top is forming or breaking. This is a caution signal, not an entry setup.",Risk review,-0.31
COROMANDEL,Coromandel International Ltd.,COROMANDEL.NS,Chemicals,True,,NIFTY 500,^CRSLDX,2026-08-21,1996.1,-0.43,-4.73,0.77,35363.0,97785.0,0.36,70588083.44,39.81,57.73,False,False,False,True,False,-3.35,-2.08,-0.57,False,False,False,False,-1.85,0.08483104,0.08738993,-2.93,-1.87,False,0.0,0.0,0.36,0.0,No clear setup,,,,,,,,,,,Weakening,-0.37
BPCL,Bharat Petroleum Corporation Ltd.,BPCL.NS,Oil Gas & Consumable Fuels,True,,NIFTY 500,^CRSLDX,2026-08-21,311.0,0.75,-2.65,0.27,4996439.0,5086908.0,0.98,1553892529.0,45.78,53.51,False,False,False,True,False,-2.13,-0.72,-0.3,False,False,False,False,-3.36,0.013217,0.01343457,-1.62,-2.36,False,0.0,0.0,0.98,-2.0,Risk review,Head-and-shoulders risk,"head-and-shoulders, risk, distribution",306.05,,,1.62,,,306.05,"A possible head-and-shoulders top is forming or breaking. This is a caution signal, not an entry setup.",Risk review,-0.37
SHYAMMETL,Shyam Metalics and Energy Ltd.,SHYAMMETL.NS,Capital Goods,True,,NIFTY 500,^CRSLDX,2026-08-21,984.9,-1.19,-1.47,-3.89,62990.0,406006.0,0.16,62038852.54,44.73,49.02,False,False,False,True,True,-2.11,-0.56,1.09,False,False,False,False,-16.18,0.04185667,0.04252961,-1.58,-6.41,False,0.6666666666666666,0.0,0.16,0.0,No clear setup,,,,,,,,,,,Weakening,-0.4
VMM,Vishal Mega Mart Ltd.,VMM.NS,Consumer Services,True,,NIFTY 500,^CRSLDX,2026-08-21,103.43,0.81,-1.68,-4.27,17740551.0,9061165.0,1.96,1834905195.34,33.75,34.69,False,False,False,False,False,-3.9,-8.25,-3.15,False,False,False,False,-0.41,0.00439561,0.0048419,-9.22,-6.78,False,0.0,0.0,1.96,0.0,No clear setup,,,,,,,,,,,Weakening,-0.4
ANGELONE,Angel One Ltd.,ANGELONE.NS,Financial Services,True,,NIFTY 500,^CRSLDX,2026-08-21,287.8,-0.59,0.17,-6.54,3614261.0,4821839.0,0.75,1040184271.68,34.96,31.78,False,False,False,False,True,-2.41,-9.99,1.98,False,False,False,False,-1.94,0.01223104,0.01373123,-10.93,-8.99,False,0.6666666666666666,0.0,0.75,0.0,No clear setup,,,,,,,,,,,Weakening,-0.4
SCHNEIDER,Schneider Electric Infrastructure Ltd.,SCHNEIDER.NS,Capital Goods,True,,NIFTY 500,^CRSLDX,2026-08-21,1217.3,-2.04,-11.09,-10.0,242489.0,490106.0,0.49,295181871.54,38.76,51.05,False,False,False,False,True,-8.3,-10.06,5.04,False,False,False,False,-14.54,0.0517333,0.05787609,-10.61,-12.36,False,0.6666666666666666,0.0,0.49,0.0,No clear setup,,,,,,,,,,,Weakening,-0.4
FORTIS,Fortis Healthcare Ltd.,FORTIS.NS,Healthcare,True,,NIFTY 500,^CRSLDX,2026-08-21,907.1,-1.06,-2.36,-4.38,812673.0,1551744.0,0.52,737175658.46,41.54,46.31,False,False,False,False,False,-2.37,-4.34,-1.41,False,False,False,False,-7.23,0.03855029,0.04073116,-5.35,-6.89,False,0.3333333333333333,0.0,0.52,2.2,Watch,Possible inverse H&S,"inverse-head-and-shoulders, base, reversal",963.93,,,5.9,,,963.93,A possible inverse head-and-shoulders base is visible. The setup improves only if price clears or holds near the neckline with better volume.,Setup watch: Possible inverse H&S,-0.43
GMRAIRPORT,GMR Airports Ltd.,GMRAIRPORT.NS,Services,True,,NIFTY 500,^CRSLDX,2026-08-21,99.63,-0.78,-1.85,-6.99,9118911.0,9578238.0,0.95,908517077.88,30.35,31.86,False,False,False,False,False,-4.7,-7.87,1.31,False,False,False,False,-9.08,0.00423411,0.00463742,-8.7,-9.43,False,0.6666666666666666,0.0,0.95,2.2,Watch,Possible inverse H&S,"inverse-head-and-shoulders, base, reversal",104.01,,,4.21,,,104.01,A possible inverse head-and-shoulders base is visible. The setup improves only if price clears or holds near the neckline with better volume.,Setup watch: Possible inverse H&S,-0.43
HINDPETRO,Hindustan Petroleum Corporation Ltd.,HINDPETRO.NS,Oil Gas & Consumable Fuels,True,,NIFTY 500,^CRSLDX,2026-08-21,363.25,0.01,-2.74,0.23,3747201.0,6046183.0,0.62,1361170763.25,40.22,49.51,False,False,False,False,False,-2.29,-3.25,-1.47,False,False,False,False,3.66,0.01543754,0.01609615,-4.09,-2.4,False,0.0,0.0,0.62,0.0,No clear setup,,,,,,,,,,,Weakening,-0.48
DRREDDY,Dr. Reddy's Laboratories Ltd.,DRREDDY.NS,Healthcare,True,,NIFTY 500,^CRSLDX,2026-08-21,1174.7,-0.45,-2.11,2.0,1246083.0,1697847.0,0.73,1463773639.26,43.2,49.44,False,True,False,False,False,0.15,-4.87,-0.54,False,False,False,False,12.75,0.04992286,0.0529406,-5.7,-0.68,False,0.0,0.0,0.73,-3.0,Risk review,Head-and-shoulders risk,"head-and-shoulders, risk, distribution",1174.7,,,0.0,,,1174.7,"A possible head-and-shoulders top is forming or breaking. This is a caution signal, not an entry setup.",Risk review,-0.49
TECHNOE,Techno Electric & Engineering Company Ltd.,TECHNOE.NS,Construction,True,,NIFTY 500,^CRSLDX,2026-08-21,987.45,0.2,1.97,-0.44,107267.0,250811.0,0.43,105920800.46,45.14,39.46,False,False,False,False,False,-1.06,-4.57,-2.98,False,False,False,False,4.92,0.04196504,0.04436895,-5.42,-3.05,False,0.0,0.0,0.43,-2.0,Risk review,Head-and-shoulders risk,"head-and-shoulders, risk, distribution",958.5,,,3.02,,,958.5,"A possible head-and-shoulders top is forming or breaking. This is a caution signal, not an entry setup.",Risk review,-0.51
GMDCLTD,Gujarat Mineral Development Corporation Ltd.,GMDCLTD.NS,Metals & Mining,True,,NIFTY 500,^CRSLDX,2026-08-21,570.0,1.43,-1.86,1.32,2024506.0,1473323.0,1.37,1153968420.0,45.7,48.08,False,False,False,False,False,-0.94,-2.68,-0.25,False,False,False,False,1.88,0.02422408,0.02515869,-3.71,-1.33,False,0.0,0.0,1.37,-3.0,Risk review,Head-and-shoulders risk,"head-and-shoulders, risk, distribution",573.0,,,0.52,,,573.0,"A possible head-and-shoulders top is forming or breaking. This is a caution signal, not an entry setup.",Risk review,-0.52
AFCONS,Afcons Infrastructure Ltd.,AFCONS.NS,Construction,True,,NIFTY 500,^CRSLDX,2026-08-21,278.9,-0.46,3.76,-2.47,273948.0,1031776.0,0.27,76404095.53,48.22,37.77,True,True,False,False,False,1.29,-4.74,-5.01,False,False,False,False,4.03,0.0118528,0.01257587,-5.75,-5.02,False,0.0,0.0,0.27,-3.0,Risk review,Head-and-shoulders risk,"head-and-shoulders, risk, distribution",287.47,,,2.98,,,287.47,"A possible head-and-shoulders top is forming or breaking. This is a caution signal, not an entry setup.",Risk review,-0.55
LICHSGFIN,LIC Housing Finance Ltd.,LICHSGFIN.NS,Financial Services,True,,NIFTY 500,^CRSLDX,2026-08-21,497.0,-0.21,1.4,-5.93,3120346.0,1785299.0,1.75,1550811962.0,41.61,32.9,True,False,False,False,False,-1.45,-5.22,-1.09,False,False,False,False,-7.27,0.0211217,0.02251753,-6.2,-8.4,False,0.0,0.0,1.75,-3.0,Risk review,Head-and-shoulders risk,"head-and-shoulders, risk, distribution",533.52,,,6.85,,,533.52,"A possible head-and-shoulders top is forming or breaking. This is a caution signal, not an entry setup.",Risk review,-0.55
KEC,Kec International Ltd.,KEC.NS,Construction,True,,NIFTY 500,^CRSLDX,2026-08-21,435.95,2.79,-0.9,-6.14,3670007.0,1220570.0,3.01,1599939596.45,37.0,32.63,False,False,False,False,False,-4.01,-9.82,-6.16,False,False,False,False,1.65,0.01852718,0.02073356,-10.64,-8.61,False,0.0,0.0,3.01,-3.0,Risk review,Head-and-shoulders risk,"head-and-shoulders, risk, distribution",483.52,,,9.84,,,483.52,"A possible head-and-shoulders top is forming or breaking. This is a caution signal, not an entry setup.",Risk review,-0.55
ABSLAMC,Aditya Birla Sun Life AMC Ltd.,ABSLAMC.NS,Financial Services,True,,NIFTY 500,^CRSLDX,2026-08-21,1008.4,1.31,-0.28,-0.85,154959.0,193075.0,0.8,156260659.38,44.52,43.7,False,False,False,False,True,-0.42,-5.84,2.33,False,False,False,False,4.41,0.04285538,0.0459365,-6.71,-3.45,False,0.6666666666666666,0.0,0.8,-2.0,Risk review,Head-and-shoulders risk,"head-and-shoulders, risk, distribution",976.2,,,3.3,,,976.2,"A possible head-and-shoulders top is forming or breaking. This is a caution signal, not an entry setup.",Risk review,-0.59
GODFRYPHLP,Godfrey Phillips India Ltd.,GODFRYPHLP.NS,Fast Moving Consumer Goods,True,,NIFTY 500,^CRSLDX,2026-08-21,2117.0,0.66,-1.49,0.86,184634.0,651268.0,0.28,390870178.0,45.79,48.12,False,False,False,False,False,-2.24,-1.4,-4.31,False,False,False,False,2.63,0.0899691,0.09217561,-2.39,-1.78,False,0.0,0.0,0.28,-3.0,Risk review,Head-and-shoulders risk,"head-and-shoulders, risk, distribution",2156.55,,,1.83,,,2156.55,"A possible head-and-shoulders top is forming or breaking. This is a caution signal, not an entry setup.",Risk review,-0.61
ATGL,Adani Total Gas Ltd.,ATGL.NS,Oil Gas & Consumable Fuels,True,,NIFTY 500,^CRSLDX,2026-08-21,646.1,-1.76,-1.22,-1.03,772730.0,1012896.0,0.76,499260834.13,39.17,39.04,False,False,False,False,True,-1.62,-6.43,0.51,False,False,False,False,4.88,0.02745821,0.02964704,-7.38,-3.63,False,0.6666666666666666,0.0,0.76,-2.0,Risk review,Head-and-shoulders risk,"head-and-shoulders, risk, distribution, inverse-head-and-shoulders, base, reversal",639.25,,,1.07,,,639.25,"A possible head-and-shoulders top is forming or breaking. This is a caution signal, not an entry setup. Secondary patterns: Possible inverse H&S.",Risk review,-0.63
CUMMINSIND,Cummins India Ltd.,CUMMINSIND.NS,Capital Goods,True,,NIFTY 500,^CRSLDX,2026-08-21,5107.5,-1.87,-5.42,-8.8,753659.0,466324.0,1.62,3849313342.5,31.95,45.37,False,False,False,False,True,-5.41,-7.27,2.82,False,False,False,False,-12.16,0.21706055,0.23638124,-8.17,-11.19,False,0.6666666666666666,0.0,1.62,-3.0,Risk review,Head-and-shoulders risk,"head-and-shoulders, risk, distribution",5264.25,,,2.98,,,5264.25,"A possible head-and-shoulders top is forming or breaking. This is a caution signal, not an entry setup.",Risk review,-0.65
TIMKEN,Timken India Ltd.,TIMKEN.NS,Capital Goods,True,,NIFTY 500,^CRSLDX,2026-08-21,3134.1,-1.33,-4.33,0.31,108473.0,40306.0,2.69,339965239.89,38.77,52.61,False,False,False,False,False,-2.64,-5.48,0.7,False,False,False,False,11.34,0.13319422,0.14222347,-6.35,-2.32,False,0.6666666666666666,0.0,2.69,-3.0,Risk review,Head-and-shoulders risk,"head-and-shoulders, risk, distribution",3210.0,,,2.36,,,3210.0,"A possible head-and-shoulders top is forming or breaking. This is a caution signal, not an entry setup.",Risk review,-0.71
LEMONTREE,Lemon Tree Hotels Ltd.,LEMONTREE.NS,Consumer Services,True,,NIFTY 500,^CRSLDX,2026-08-21,108.33,0.34,-0.54,-0.94,2589212.0,2928008.0,0.88,280489340.7,40.92,41.41,False,False,False,False,False,-1.61,-4.27,-4.23,False,False,False,False,4.29,0.00460385,0.00484599,-5.0,-3.54,False,0.0,0.0,0.88,0.0,No clear setup,,,,,,,,,,,Weakening,-0.71
IRFC,Indian Railway Finance Corporation Ltd.,IRFC.NS,Financial Services,True,,NIFTY 500,^CRSLDX,2026-08-21,86.4,-0.08,-1.34,-1.39,4765907.0,7462363.0,0.64,411774372.07,39.01,39.89,False,False,False,False,False,-1.88,-4.3,-3.22,False,False,False,False,-0.29,0.00367186,0.00387861,-5.33,-3.98,False,0.0,0.0,0.64,0.0,No clear setup,,,,,,,,,,,Weakening,-0.8
GVT&D,GE Vernova T&D India Ltd.,GVT&D.NS,Capital Goods,True,,NIFTY 500,^CRSLDX,2026-08-21,4127.2,2.16,-4.89,-0.48,1255807.0,1070506.0,1.17,5182966895.67,40.34,46.69,False,False,False,False,True,-3.01,-9.41,3.37,False,False,False,False,13.75,0.17539938,0.19551354,-10.29,-3.09,False,0.6666666666666666,0.0,1.17,-3.0,Risk review,Head-and-shoulders risk,"head-and-shoulders, risk, distribution, inverse-head-and-shoulders, base, reversal",4275.55,,,3.47,,,4275.55,"A possible head-and-shoulders top is forming or breaking. This is a caution signal, not an entry setup. Secondary patterns: Possible inverse H&S.",Risk review,-0.87
GICRE,General Insurance Corporation of India,GICRE.NS,Financial Services,True,,NIFTY 500,^CRSLDX,2026-08-21,355.75,-1.13,1.04,-0.49,602727.0,526386.0,1.15,214420130.25,45.81,40.12,True,False,False,False,False,-0.32,-1.31,-0.68,False,False,False,False,-3.01,0.0151188,0.01548639,-2.37,-3.1,False,0.0,0.0,1.15,-3.0,Risk review,Head-and-shoulders risk,"head-and-shoulders, risk, distribution",359.73,,,1.11,,,359.73,"A possible head-and-shoulders top is forming or breaking. This is a caution signal, not an entry setup.",Risk review,-0.87
NAVA,Nava Ltd.,NAVA.NS,Power,True,,NIFTY 500,^CRSLDX,2026-08-21,558.95,0.4,-2.39,1.69,180115.0,331022.0,0.54,100675281.45,44.58,48.16,False,False,False,False,False,-1.25,-4.13,-0.7,False,False,False,False,6.85,0.02375448,0.02500295,-4.99,-0.98,False,0.3333333333333333,0.0,0.54,-2.0,Risk review,Head-and-shoulders risk,"head-and-shoulders, risk, distribution",542.08,,,3.11,,,542.08,"A possible head-and-shoulders top is forming or breaking. This is a caution signal, not an entry setup.",Risk review,-0.9
LINDEINDIA,Linde India Ltd.,LINDEINDIA.NS,Chemicals,True,,NIFTY 500,^CRSLDX,2026-08-21,6672.0,-0.34,-0.36,-0.71,10187.0,26466.0,0.38,67967664.0,39.26,39.89,False,False,False,False,True,-2.35,-4.41,1.09,False,False,False,False,-0.01,0.28354929,0.29945946,-5.31,-3.31,False,0.6666666666666666,0.0,0.38,-3.0,Risk review,Head-and-shoulders risk,"head-and-shoulders, risk, distribution",6817.5,,,2.13,,,6817.5,"A possible head-and-shoulders top is forming or breaking. This is a caution signal, not an entry setup.",Risk review,-0.91
SWANCORP,Swan Corp Ltd.,SWANCORP.NS,Chemicals,True,,NIFTY 500,^CRSLDX,2026-08-21,303.85,-0.56,-0.25,-2.08,556970.0,842907.0,0.66,169235337.9,41.4,40.87,False,False,False,False,False,-1.36,-3.05,-3.6,False,False,False,False,-3.0,0.01291314,0.01344878,-3.98,-4.65,False,0.0,0.0,0.66,0.0,No clear setup,,,,,,,,,,,Weakening,-0.93
BBTC,Bombay Burmah Trading Corporation Ltd.,BBTC.NS,Fast Moving Consumer Goods,True,,NIFTY 500,^CRSLDX,2026-08-21,1427.4,-0.6,-2.78,-2.11,23466.0,34882.0,0.67,33495368.97,32.1,39.97,False,False,False,False,False,-3.88,-5.41,-2.75,False,False,False,False,0.83,0.06066221,0.06472921,-6.28,-4.68,False,0.0,0.0,0.67,0.0,No clear setup,,,,,,,,,,,Weakening,-0.94
IRCTC,Indian Railway Catering And Tourism Corporation Ltd.,IRCTC.NS,Consumer Services,True,,NIFTY 500,^CRSLDX,2026-08-21,484.2,-0.35,-2.67,-2.19,1105694.0,987281.0,1.12,535377048.3,35.8,43.11,False,False,False,False,False,-3.52,-4.14,-3.47,False,False,False,False,-1.89,0.02057772,0.02168251,-5.1,-4.76,False,0.0,0.0,1.12,0.0,No clear setup,,,,,,,,,,,Weakening,-0.95
ACC,ACC Ltd.,ACC.NS,Construction Materials,True,,NIFTY 500,^CRSLDX,2026-08-21,1307.4,0.48,-1.06,-2.5,119003.0,181528.0,0.66,155584525.11,39.97,40.0,False,False,False,False,False,-2.78,-3.35,-3.22,False,False,False,False,-6.16,0.0555624,0.05804443,-4.28,-5.05,False,0.0,0.0,0.66,0.0,No clear setup,,,,,,,,,,,Weakening,-1.01
IDBI,IDBI Bank Ltd.,IDBI.NS,Financial Services,True,,NIFTY 500,^CRSLDX,2026-08-21,82.24,0.61,-0.25,-3.17,3260145.0,4016321.0,0.81,268114317.84,46.01,44.1,True,False,False,True,False,-1.23,-2.11,-1.35,False,False,False,False,-4.86,0.00349507,0.00359568,-2.8,-5.71,False,0.0,0.0,0.81,-2.0,Risk review,Head-and-shoulders risk,"head-and-shoulders, risk, distribution",78.66,,,4.56,,,78.66,"A possible head-and-shoulders top is forming or breaking. This is a caution signal, not an entry setup.",Risk review,-1.04
ICICIGI,ICICI Lombard General Insurance Company Ltd.,ICICIGI.NS,Financial Services,True,,NIFTY 500,^CRSLDX,2026-08-21,1617.0,-0.49,-0.8,-2.7,916592.0,759336.0,1.21,1482129264.0,40.79,42.25,False,False,False,False,False,-1.61,-5.52,-1.68,False,False,False,False,2.32,0.0687199,0.073358,-6.32,-5.25,False,0.0,0.0,1.21,0.0,No clear setup,,,,,,,,,,,Weakening,-1.05
HDFCBANK,HDFC Bank Ltd.,HDFCBANK.NS,Financial Services,True,,NIFTY 500,^CRSLDX,2026-08-21,726.95,0.26,-0.01,-2.13,26007126.0,26799032.0,0.97,18905880563.17,37.81,33.86,True,False,False,False,False,-1.0,-5.5,-2.79,False,False,False,False,1.2,0.03089421,0.0329884,-6.35,-4.7,False,0.0,0.0,0.97,-3.0,Risk review,Head-and-shoulders risk,"head-and-shoulders, risk, distribution",732.15,,,0.71,,,732.15,"A possible head-and-shoulders top is forming or breaking. This is a caution signal, not an entry setup.",Risk review,-1.09
MSUMI,Motherson Sumi Wiring India Ltd.,MSUMI.NS,Automobile and Auto Components,True,,NIFTY 500,^CRSLDX,2026-08-21,38.36,-2.09,-4.93,-4.36,16049905.0,10543053.0,1.52,615674365.6,34.02,49.0,False,False,False,False,False,-5.5,-3.72,-1.21,False,False,False,False,-6.36,0.00163024,0.00170559,-4.42,-6.87,False,0.0,0.0,1.52,-2.0,Risk review,Head-and-shoulders risk,"head-and-shoulders, risk, distribution, breakout, retest, pivot, volume",37.5,,,2.31,,,37.5,"A possible head-and-shoulders top is forming or breaking. This is a caution signal, not an entry setup. Secondary patterns: Breakout retest.",Risk review,-1.1
JSWCEMENT,JSW Cement Ltd.,JSWCEMENT.NS,Construction Materials,True,,NIFTY 500,^CRSLDX,2026-08-21,126.04,0.73,-3.06,-4.6,1435776.0,1189254.0,1.21,180965208.35,36.86,40.72,False,False,False,False,True,-3.6,-5.3,-0.46,False,False,False,False,-7.27,0.0053565,0.00570602,-6.13,-7.1,False,0.3333333333333333,0.0,1.21,-2.0,Risk review,Head-and-shoulders risk,"head-and-shoulders, risk, distribution, breakout, retest, pivot, volume, inverse-head-and-shoulders, base, reversal",124.6,,,1.16,,,124.6,"A possible head-and-shoulders top is forming or breaking. This is a caution signal, not an entry setup. Secondary patterns: Breakout retest, Possible inverse H&S.",Risk review,-1.1
SPLPETRO,Supreme Petrochem Ltd.,SPLPETRO.NS,Chemicals,True,,NIFTY 500,^CRSLDX,2026-08-21,697.8,-0.41,-3.96,-5.91,35289.0,181706.0,0.19,24624663.77,44.03,53.89,False,False,False,False,True,-2.23,-2.89,-0.78,False,False,False,False,-10.51,0.02965538,0.03080433,-3.73,-8.37,False,0.3333333333333333,0.0,0.19,-2.0,Risk review,Head-and-shoulders risk,"head-and-shoulders, risk, distribution, inverse-head-and-shoulders, base, reversal",688.05,,,1.42,,,688.05,"A possible head-and-shoulders top is forming or breaking. This is a caution signal, not an entry setup. Secondary patterns: Possible inverse H&S.",Risk review,-1.1
CGCL,Capri Global Capital Ltd.,CGCL.NS,Financial Services,True,,NIFTY 500,^CRSLDX,2026-08-21,224.03,-0.48,-1.1,-5.96,4823929.0,4062195.0,1.19,1080704807.98,42.67,44.6,False,False,False,True,True,-2.58,-3.81,1.75,False,False,False,False,-18.95,0.00952092,0.00998575,-4.65,-8.43,False,0.6666666666666666,0.0,1.19,-2.0,Risk review,Head-and-shoulders risk,"head-and-shoulders, risk, distribution, inverse-head-and-shoulders, base, reversal",216.47,,,3.49,,,216.47,"A possible head-and-shoulders top is forming or breaking. This is a caution signal, not an entry setup. Secondary patterns: Possible inverse H&S.",Risk review,-1.1
TRITURBINE,Triveni Turbine Ltd.,TRITURBINE.NS,Capital Goods,True,,NIFTY 500,^CRSLDX,2026-08-21,574.85,-0.9,-2.96,-6.04,323630.0,835124.0,0.39,186038697.6,37.96,40.24,False,False,False,False,True,-5.04,-9.02,1.46,False,False,False,False,-0.7,0.0244302,0.02712454,-9.93,-8.5,False,0.6666666666666666,0.0,0.39,-2.0,Risk review,Head-and-shoulders risk,"head-and-shoulders, risk, distribution, inverse-head-and-shoulders, base, reversal",553.92,,,3.78,,,553.92,"A possible head-and-shoulders top is forming or breaking. This is a caution signal, not an entry setup. Secondary patterns: Possible inverse H&S.",Risk review,-1.1
ADANIENSOL,Adani Energy Solutions Ltd.,ADANIENSOL.NS,Power,True,,NIFTY 500,^CRSLDX,2026-08-21,1541.9,-0.43,-4.59,-9.42,2335682.0,2174185.0,1.07,3601388132.82,36.75,47.31,False,False,False,True,True,-4.78,-3.95,5.78,False,False,False,False,-25.67,0.06552828,0.06886356,-4.84,-11.79,False,0.6666666666666666,0.0,1.07,-2.0,Risk review,Head-and-shoulders risk,"head-and-shoulders, risk, distribution, breakout, retest, pivot, volume, inverse-head-and-shoulders, base, reversal",1532.35,,,0.62,,,1532.35,"A possible head-and-shoulders top is forming or breaking. This is a caution signal, not an entry setup. Secondary patterns: Breakout retest, Possible inverse H&S.",Risk review,-1.1
J&KBANK,Jammu & Kashmir Bank Ltd.,J&KBANK.NS,Financial Services,True,,NIFTY 500,^CRSLDX,2026-08-21,149.01,0.55,-4.16,-13.65,1026876.0,5308978.0,0.19,153014787.12,37.92,41.73,False,False,False,False,True,-4.97,-9.13,4.13,False,False,False,False,-25.82,0.00633269,0.00703765,-10.02,-15.92,False,0.6666666666666666,0.0,0.19,-2.0,Risk review,Head-and-shoulders risk,"head-and-shoulders, risk, distribution",148.69,,,0.22,,,148.69,"A possible head-and-shoulders top is forming or breaking. This is a caution signal, not an entry setup.",Risk review,-1.1
JKTYRE,JK Tyre & Industries Ltd.,JKTYRE.NS,Automobile and Auto Components,True,,NIFTY 500,^CRSLDX,2026-08-21,374.7,0.35,-2.45,-3.11,421917.0,861843.0,0.49,158092305.05,37.56,42.03,False,False,False,False,False,-4.52,-5.26,-0.23,False,False,False,False,-4.86,0.01592415,0.01695533,-6.08,-5.65,False,0.0,0.0,0.49,0.0,No clear setup,,,,,,,,,,,Weakening,-1.13
MARUTI,Maruti Suzuki India Ltd.,MARUTI.NS,Automobile and Auto Components,True,,NIFTY 500,^CRSLDX,2026-08-21,13565.0,-1.77,-1.94,1.93,224903.0,374984.0,0.6,3050809195.0,42.76,51.05,False,False,False,True,False,-2.23,-1.13,-1.48,False,False,False,False,0.6,0.57649072,0.58836733,-2.02,-0.74,False,0.0,0.0,0.6,-3.0,Risk review,Head-and-shoulders risk,"head-and-shoulders, risk, distribution, breakout, retest, pivot, volume",15139.5,,,10.4,,,15139.5,"A possible head-and-shoulders top is forming or breaking. This is a caution signal, not an entry setup. Secondary patterns: Breakout retest.",Risk review,-1.2
KPITTECH,KPIT Technologies Ltd.,KPITTECH.NS,Information Technology,True,,NIFTY 500,^CRSLDX,2026-08-21,589.3,-0.61,-4.02,1.9,903935.0,4510659.0,0.2,532688884.47,43.47,51.39,False,False,False,False,False,-2.99,-4.72,-6.06,False,False,False,False,20.01,0.0250443,0.02655769,-5.7,-0.77,False,0.0,0.0,0.2,-3.0,Risk review,Head-and-shoulders risk,"head-and-shoulders, risk, distribution",616.58,,,4.42,,,616.58,"A possible head-and-shoulders top is forming or breaking. This is a caution signal, not an entry setup.",Risk review,-1.2
HEXT,Hexaware Technologies Ltd.,HEXT.NS,Information Technology,True,,NIFTY 500,^CRSLDX,2026-08-21,532.45,-2.16,-6.56,-3.52,237586.0,935106.0,0.25,126502668.6,40.55,53.79,False,False,False,True,False,-5.83,-2.22,-2.29,False,False,False,False,-18.54,0.02262827,0.02336256,-3.14,-6.05,False,0.0,0.0,0.25,0.0,No clear setup,,,,,,,,,,,Weakening,-1.2
SBILIFE,SBI Life Insurance Company Ltd.,SBILIFE.NS,Financial Services,True,,NIFTY 500,^CRSLDX,2026-08-21,1792.9,0.61,-0.12,-3.53,655473.0,889653.0,0.74,1175197557.7,40.46,38.37,False,False,False,False,False,-2.76,-1.51,-0.12,False,False,False,False,-13.51,0.07619537,0.07807065,-2.4,-6.06,False,0.0,0.0,0.74,0.0,No clear setup,,,,,,,,,,,Weakening,-1.2
ALKEM,Alkem Laboratories Ltd.,ALKEM.NS,Healthcare,True,,NIFTY 500,^CRSLDX,2026-08-21,5400.0,0.0,0.6,-3.97,76853.0,135699.0,0.57,415006200.0,41.38,36.6,False,False,False,False,False,-2.79,-2.42,0.17,False,False,False,False,-11.24,0.22949133,0.23735307,-3.31,-6.49,False,0.6666666666666666,0.0,0.57,0.0,No clear setup,,,,,,,,,,,Weakening,-1.2
GILLETTE,Gillette India Ltd.,GILLETTE.NS,Fast Moving Consumer Goods,True,,NIFTY 500,^CRSLDX,2026-08-21,7498.5,-0.18,-1.34,-4.22,13751.0,18768.0,0.73,103111873.5,35.77,41.31,False,False,False,False,False,-2.04,-2.98,-1.75,False,False,False,False,-9.03,0.31867421,0.33169924,-3.93,-6.73,False,0.0,0.0,0.73,0.0,No clear setup,,,,,,,,,,,Weakening,-1.2
ITC,ITC Ltd.,ITC.NS,Fast Moving Consumer Goods,True,,NIFTY 500,^CRSLDX,2026-08-21,269.4,-0.83,-3.16,-4.96,8308411.0,15410022.0,0.54,2238285872.69,35.37,41.07,False,False,False,False,False,-3.84,-5.0,-3.41,False,False,False,False,-6.05,0.01144907,0.01216636,-5.9,-7.45,False,0.0,0.0,0.54,0.0,No clear setup,,,,,,,,,,,Weakening,-1.2
VBL,Varun Beverages Ltd.,VBL.NS,Fast Moving Consumer Goods,True,,NIFTY 500,^CRSLDX,2026-08-21,430.1,-1.87,-1.13,-5.82,2398987.0,6395626.0,0.38,1031804323.34,37.81,36.78,False,False,False,False,False,-2.39,-8.99,-0.34,False,False,False,False,0.86,0.01827856,0.02030333,-9.97,-8.29,False,0.3333333333333333,0.0,0.38,0.0,No clear setup,,,,,,,,,,,Weakening,-1.2
HINDUNILVR,Hindustan Unilever Ltd.,HINDUNILVR.NS,Fast Moving Consumer Goods,True,,NIFTY 500,^CRSLDX,2026-08-21,2015.0,-0.64,-2.99,-6.06,857182.0,1866244.0,0.46,1727221730.0,37.02,44.61,False,False,False,False,False,-3.03,-5.21,-1.75,False,False,False,False,-8.04,0.08563426,0.09121087,-6.11,-8.52,False,0.0,0.0,0.46,0.0,No clear setup,,,,,,,,,,,Weakening,-1.2
ABBOTINDIA,Abbott India Ltd.,ABBOTINDIA.NS,Healthcare,True,,NIFTY 500,^CRSLDX,2026-08-21,26230.0,0.42,-3.07,-6.34,8779.0,8908.0,0.99,230273170.0,35.66,44.72,False,False,False,True,False,-4.38,-1.6,-0.62,False,False,False,False,-21.79,1.11473288,1.14416594,-2.57,-8.79,False,0.0,0.0,0.99,0.0,No clear setup,,,,,,,,,,,Weakening,-1.2
MAXHEALTH,Max Healthcare Institute Ltd.,MAXHEALTH.NS,Healthcare,True,,NIFTY 500,^CRSLDX,2026-08-21,1000.0,0.21,-0.85,-7.44,1236731.0,1910851.0,0.65,1236731000.0,32.56,31.17,False,False,False,False,False,-5.24,-7.45,-1.07,False,False,False,False,-7.06,0.04249839,0.04627874,-8.17,-9.87,False,0.3333333333333333,0.0,0.65,0.0,No clear setup,,,,,,,,,,,Weakening,-1.2
COLPAL,Colgate Palmolive (India) Ltd.,COLPAL.NS,Fast Moving Consumer Goods,True,,NIFTY 500,^CRSLDX,2026-08-21,1889.0,-1.1,-4.64,-9.45,382746.0,439325.0,0.87,723007194.0,31.57,38.27,False,False,False,False,False,-6.35,-6.96,-0.83,False,False,False,False,-17.41,0.08027947,0.08720634,-7.94,-11.82,False,0.0,0.0,0.87,0.0,No clear setup,,,,,,,,,,,Weakening,-1.2
GODREJCP,Godrej Consumer Products Ltd.,GODREJCP.NS,Fast Moving Consumer Goods,True,,NIFTY 500,^CRSLDX,2026-08-21,933.0,-1.48,-0.14,-11.45,1613370.0,2456090.0,0.66,1505274210.0,34.15,31.27,False,False,False,False,False,-7.32,-9.4,-0.91,False,False,False,False,-17.08,0.039651,0.04419382,-10.28,-13.77,False,0.0,0.0,0.66,0.0,No clear setup,,,,,,,,,,,Weakening,-1.2
ZENSARTECH,Zensar Technolgies Ltd.,ZENSARTECH.NS,Information Technology,True,,NIFTY 500,^CRSLDX,2026-08-21,483.55,-0.29,-1.48,-4.42,451458.0,1355152.0,0.33,218302510.39,44.95,47.04,False,False,True,False,False,-3.67,0.41,-4.35,False,False,False,False,-24.28,0.0205501,0.02066327,-0.55,-6.92,False,0.3333333333333333,0.0,0.33,-3.0,Risk review,Head-and-shoulders risk,"head-and-shoulders, risk, distribution, flag, continuation, uptrend",510.18,,,5.22,,,510.18,"A possible head-and-shoulders top is forming or breaking. This is a caution signal, not an entry setup. Secondary patterns: Bullish flag.",Risk review,-1.25
DELHIVERY,Delhivery Ltd.,DELHIVERY.NS,Services,True,,NIFTY 500,^CRSLDX,2026-08-21,450.7,0.13,-1.96,-2.56,1293009.0,3664093.0,0.35,582759172.08,37.56,41.3,False,False,False,False,True,-3.38,-5.67,-0.09,False,False,False,False,-5.5,0.01915403,0.0204832,-6.49,-5.12,False,0.3333333333333333,0.0,0.35,-3.0,Risk review,Head-and-shoulders risk,"head-and-shoulders, risk, distribution",459.0,,,1.81,,,459.0,"A possible head-and-shoulders top is forming or breaking. This is a caution signal, not an entry setup.",Risk review,-1.27
CHAMBLFERT,Chambal Fertilizers & Chemicals Ltd.,CHAMBLFERT.NS,Chemicals,True,,NIFTY 500,^CRSLDX,2026-08-21,431.15,-0.65,-2.61,1.38,458168.0,419617.0,1.09,197539130.4,38.25,47.25,False,False,False,False,False,-2.29,-4.47,-0.86,False,False,False,False,6.03,0.01832318,0.01937137,-5.41,-1.28,False,0.3333333333333333,0.0,1.09,-3.0,Risk review,Head-and-shoulders risk,"head-and-shoulders, risk, distribution",434.62,,,0.8,,,434.62,"A possible head-and-shoulders top is forming or breaking. This is a caution signal, not an entry setup.",Risk review,-1.31
IEX,Indian Energy Exchange Ltd.,IEX.NS,Financial Services,True,,NIFTY 500,^CRSLDX,2026-08-21,123.7,0.28,-0.84,-0.45,1544121.0,4948412.0,0.31,191007762.99,44.45,46.28,False,False,False,False,False,-2.89,-0.79,-0.73,False,False,False,False,-3.34,0.00525705,0.00534625,-1.67,-3.06,False,0.0,0.0,0.31,-2.0,Risk review,Head-and-shoulders risk,"head-and-shoulders, risk, distribution, breakout, retest, pivot, volume",118.03,,,4.8,,,118.03,"A possible head-and-shoulders top is forming or breaking. This is a caution signal, not an entry setup. Secondary patterns: Breakout retest.",Risk review,-1.31
UTIAMC,UTI Asset Management Company Ltd.,UTIAMC.NS,Financial Services,True,,NIFTY 500,^CRSLDX,2026-08-21,893.05,-0.38,-1.65,1.32,38923.0,126719.0,0.31,34760184.67,42.41,47.86,False,False,False,False,False,-1.25,-2.5,-3.55,False,False,False,False,0.06,0.03795319,0.03929382,-3.41,-1.34,False,0.0,0.0,0.31,-3.0,Risk review,Head-and-shoulders risk,"head-and-shoulders, risk, distribution",899.0,,,0.66,,,899.0,"A possible head-and-shoulders top is forming or breaking. This is a caution signal, not an entry setup.",Risk review,-1.32
UCOBANK,UCO Bank,UCOBANK.NS,Financial Services,True,,NIFTY 500,^CRSLDX,2026-08-21,25.72,-0.35,-1.08,-0.62,2190711.0,3955387.0,0.55,56345085.42,41.38,44.59,False,False,False,False,False,-1.78,-2.98,-1.89,False,False,False,False,0.66,0.00109306,0.00113663,-3.83,-3.22,False,0.0,0.0,0.55,-2.0,Risk review,Head-and-shoulders risk,"head-and-shoulders, risk, distribution",25.26,,,1.84,,,25.26,"A possible head-and-shoulders top is forming or breaking. This is a caution signal, not an entry setup.",Risk review,-1.34
COALINDIA,Coal India Ltd.,COALINDIA.NS,Oil Gas & Consumable Fuels,True,,NIFTY 500,^CRSLDX,2026-08-21,405.2,0.67,-0.47,-3.93,10327223.0,7291633.0,1.42,4184590885.66,38.17,34.34,False,False,False,False,False,-1.3,-4.12,1.03,False,False,False,False,-5.47,0.01722035,0.01814629,-5.1,-6.45,False,0.6666666666666666,0.0,1.42,-3.0,Risk review,Head-and-shoulders risk,"head-and-shoulders, risk, distribution",409.98,,,1.16,,,409.98,"A possible head-and-shoulders top is forming or breaking. This is a caution signal, not an entry setup.",Risk review,-1.35
INOXWIND,Inox Wind Ltd.,INOXWIND.NS,Capital Goods,True,,NIFTY 500,^CRSLDX,2026-08-21,73.6,-0.41,-0.1,-4.38,6093812.0,13994724.0,0.44,448504553.9,39.41,34.25,False,False,False,False,False,-3.22,-9.74,-6.88,False,False,False,False,6.38,0.00312788,0.00349989,-10.63,-6.89,False,0.0,0.0,0.44,-3.0,Risk review,Head-and-shoulders risk,"head-and-shoulders, risk, distribution",82.74,,,11.04,,,82.74,"A possible head-and-shoulders top is forming or breaking. This is a caution signal, not an entry setup.",Risk review,-1.35
BLUESTARCO,Blue Star Ltd.,BLUESTARCO.NS,Consumer Durables,True,,NIFTY 500,^CRSLDX,2026-08-21,1511.9,0.13,0.26,-7.65,199149.0,620280.0,0.32,301093377.96,37.63,34.87,True,False,False,False,False,-4.13,-6.68,-2.02,False,False,False,False,-11.44,0.06425332,0.06948831,-7.53,-10.07,False,0.0,0.0,0.32,-3.0,Risk review,Head-and-shoulders risk,"head-and-shoulders, risk, distribution",1547.5,,,2.3,,,1547.5,"A possible head-and-shoulders top is forming or breaking. This is a caution signal, not an entry setup.",Risk review,-1.35
JAINREC,Jain Resource Recycling Ltd.,JAINREC.NS,Metals & Mining,True,,NIFTY 500,^CRSLDX,2026-08-21,295.85,-1.3,0.84,-13.24,1053645.0,1832273.0,0.58,311720879.68,37.38,29.4,False,False,False,False,False,-6.13,-12.02,-1.1,False,False,False,False,-13.92,0.01257315,0.01441728,-12.79,-15.52,False,0.0,0.0,0.58,-3.0,Risk review,Head-and-shoulders risk,"head-and-shoulders, risk, distribution",350.35,,,15.56,,,350.35,"A possible head-and-shoulders top is forming or breaking. This is a caution signal, not an entry setup.",Risk review,-1.35
JPPOWER,Jaiprakash Power Ventures Ltd.,JPPOWER.NS,Power,True,,NIFTY 500,^CRSLDX,2026-08-21,17.1,0.0,-1.67,0.88,34164324.0,58180050.0,0.59,584209953.43,40.99,44.93,False,False,False,False,False,-3.03,-2.72,-0.22,False,False,False,False,2.93,0.00072672,0.00075467,-3.7,-1.76,False,0.3333333333333333,0.0,0.59,-3.0,Risk review,Head-and-shoulders risk,"head-and-shoulders, risk, distribution",17.34,,,1.38,,,17.34,"A possible head-and-shoulders top is forming or breaking. This is a caution signal, not an entry setup.",Risk review,-1.4
FACT,Fertilisers and Chemicals Travancore Ltd.,FACT.NS,Chemicals,True,,NIFTY 500,^CRSLDX,2026-08-21,783.3,1.34,-3.02,-3.21,403387.0,102769.0,3.93,315973032.18,32.53,35.42,False,False,False,False,False,-4.21,-7.94,-0.88,False,False,False,False,2.52,0.03328899,0.0365317,-8.88,-5.75,False,0.3333333333333333,0.0,3.93,-3.0,Risk review,Head-and-shoulders risk,"head-and-shoulders, risk, distribution",794.5,,,1.41,,,794.5,"A possible head-and-shoulders top is forming or breaking. This is a caution signal, not an entry setup.",Risk review,-1.4
FORCEMOT,Force Motors Ltd.,FORCEMOT.NS,Automobile and Auto Components,True,,NIFTY 500,^CRSLDX,2026-08-21,17770.0,-0.64,-3.22,0.85,40853.0,92095.0,0.44,725957810.0,44.37,51.16,False,False,False,False,False,-2.09,-2.44,0.71,False,False,False,False,1.56,0.75519647,0.78110505,-3.32,-1.79,False,0.3333333333333333,0.0,0.44,-3.0,Risk review,Head-and-shoulders risk,"head-and-shoulders, risk, distribution",18995.0,,,6.45,,,18995.0,"A possible head-and-shoulders top is forming or breaking. This is a caution signal, not an entry setup.",Risk review,-1.41
IGL,Indraprastha Gas Ltd.,IGL.NS,Oil Gas & Consumable Fuels,True,,NIFTY 500,^CRSLDX,2026-08-21,147.87,-1.78,-2.52,-0.98,2837498.0,1900064.0,1.49,419580815.41,38.62,44.21,False,False,False,False,False,-2.8,-5.42,-3.27,False,False,False,False,8.01,0.00628424,0.0067047,-6.27,-3.57,False,0.0,0.0,1.49,-2.0,Risk review,Head-and-shoulders risk,"head-and-shoulders, risk, distribution",145.43,,,1.68,,,145.43,"A possible head-and-shoulders top is forming or breaking. This is a caution signal, not an entry setup.",Risk review,-1.41
IRCON,IRCON International Ltd.,IRCON.NS,Construction,True,,NIFTY 500,^CRSLDX,2026-08-21,124.72,-1.44,-0.06,-1.07,909714.0,1336096.0,0.68,113459531.19,41.79,37.04,False,False,False,False,False,-1.98,-4.51,-2.94,False,False,False,False,1.54,0.0053004,0.00560692,-5.47,-3.66,False,0.0,0.0,0.68,-2.0,Risk review,Head-and-shoulders risk,"head-and-shoulders, risk, distribution",122.25,,,2.02,,,122.25,"A possible head-and-shoulders top is forming or breaking. This is a caution signal, not an entry setup.",Risk review,-1.43
ADANIPOWER,Adani Power Ltd.,ADANIPOWER.NS,Power,True,,NIFTY 500,^CRSLDX,2026-08-21,205.5,0.74,0.12,-3.82,10486032.0,14384440.0,0.73,2154879576.0,40.76,37.02,False,False,False,False,True,-1.26,-5.12,2.78,False,False,False,False,-0.35,0.00873342,0.00929187,-6.01,-6.34,False,0.6666666666666666,0.0,0.73,-3.0,Risk review,Head-and-shoulders risk,"head-and-shoulders, risk, distribution, inverse-head-and-shoulders, base, reversal",211.42,,,2.8,,,211.42,"A possible head-and-shoulders top is forming or breaking. This is a caution signal, not an entry setup. Secondary patterns: Possible inverse H&S.",Risk review,-1.45
ABDL,Allied Blenders and Distillers Ltd.,ABDL.NS,Fast Moving Consumer Goods,True,,NIFTY 500,^CRSLDX,2026-08-21,595.0,-0.08,-0.74,-4.15,298299.0,328581.0,0.91,177487905.0,42.41,43.15,False,False,False,True,True,-3.38,-5.41,0.62,False,False,False,False,-7.28,0.02528654,0.0270129,-6.39,-6.66,False,0.6666666666666666,0.0,0.91,-3.0,Risk review,Head-and-shoulders risk,"head-and-shoulders, risk, distribution, inverse-head-and-shoulders, base, reversal",595.08,,,0.01,,,595.08,"A possible head-and-shoulders top is forming or breaking. This is a caution signal, not an entry setup. Secondary patterns: Possible inverse H&S.",Risk review,-1.45
AIAENG,AIA Engineering Ltd.,AIAENG.NS,Capital Goods,True,,NIFTY 500,^CRSLDX,2026-08-21,4348.9,-0.2,-2.99,-5.11,21350.0,61566.0,0.35,92849012.92,36.43,40.61,False,False,False,False,True,-4.94,-6.88,3.27,False,False,False,False,-3.31,0.18482126,0.1999878,-7.58,-7.6,False,0.6666666666666666,0.0,0.35,-3.0,Risk review,Head-and-shoulders risk,"head-and-shoulders, risk, distribution, breakout, retest, pivot, volume, inverse-head-and-shoulders, base, reversal",4375.25,,,0.6,,,4375.25,"A possible head-and-shoulders top is forming or breaking. This is a caution signal, not an entry setup. Secondary patterns: Breakout retest, Possible inverse H&S.",Risk review,-1.45
ADANIGREEN,Adani Green Energy Ltd.,ADANIGREEN.NS,Power,True,,NIFTY 500,^CRSLDX,2026-08-21,1320.0,1.4,-2.08,-5.38,1151498.0,1512489.0,0.76,1519977360.0,38.0,38.15,False,False,False,False,True,-2.51,-8.94,2.58,False,False,False,False,-0.08,0.05609788,0.0621933,-9.8,-7.86,False,0.6666666666666666,0.0,0.76,-3.0,Risk review,Head-and-shoulders risk,"head-and-shoulders, risk, distribution, inverse-head-and-shoulders, base, reversal",1331.2,,,0.84,,,1331.2,"A possible head-and-shoulders top is forming or breaking. This is a caution signal, not an entry setup. Secondary patterns: Possible inverse H&S.",Risk review,-1.45
AADHARHFC,Aadhar Housing Finance Ltd.,AADHARHFC.NS,Financial Services,True,,NIFTY 500,^CRSLDX,2026-08-21,462.55,-2.61,-7.16,-6.56,1132611.0,374584.0,3.02,523889204.22,29.61,45.65,False,False,False,False,False,-6.54,-8.82,-0.36,False,False,False,False,-5.31,0.01965763,0.02173069,-9.54,-9.01,False,0.3333333333333333,0.0,3.02,-3.0,Risk review,Head-and-shoulders risk,"head-and-shoulders, risk, distribution",468.45,,,1.26,,,468.45,"A possible head-and-shoulders top is forming or breaking. This is a caution signal, not an entry setup.",Risk review,-1.45
GESHIP,Great Eastern Shipping Co. Ltd.,GESHIP.NS,Services,True,,NIFTY 500,^CRSLDX,2026-08-21,1311.3,0.95,2.09,-7.82,640317.0,1123522.0,0.57,839647713.37,44.25,37.06,True,False,False,False,True,-1.63,-5.04,2.48,False,False,False,False,-7.0,0.05572815,0.05917801,-5.83,-10.24,False,0.6666666666666666,0.0,0.57,-3.0,Risk review,Head-and-shoulders risk,"head-and-shoulders, risk, distribution",1313.35,,,0.16,,,1313.35,"A possible head-and-shoulders top is forming or breaking. This is a caution signal, not an entry setup.",Risk review,-1.45
BSE,BSE Ltd.,BSE.NS,Financial Services,True,,NIFTY 500,^CRSLDX,2026-08-21,3241.0,-1.52,-5.98,-8.7,6638702.0,4248906.0,1.56,21516033182.0,31.84,39.36,False,False,False,False,False,-6.78,-11.99,3.31,False,False,False,False,-3.81,0.1377373,0.15823758,-12.96,-11.09,False,0.6666666666666666,0.0,1.56,-3.0,Risk review,Head-and-shoulders risk,"head-and-shoulders, risk, distribution",3598.5,,,9.93,,,3598.5,"A possible head-and-shoulders top is forming or breaking. This is a caution signal, not an entry setup.",Risk review,-1.45
THERMAX,Thermax Ltd.,THERMAX.NS,Capital Goods,True,,NIFTY 500,^CRSLDX,2026-08-21,3967.8,-1.64,-1.91,-12.1,95670.0,387811.0,0.25,379599430.67,36.5,37.63,False,False,False,False,True,-3.83,-11.71,2.61,False,False,False,False,-9.09,0.16862513,0.19290057,-12.58,-14.4,False,0.6666666666666666,0.0,0.25,-3.0,Risk review,Head-and-shoulders risk,"head-and-shoulders, risk, distribution",4140.5,,,4.17,,,4140.5,"A possible head-and-shoulders top is forming or breaking. This is a caution signal, not an entry setup.",Risk review,-1.45
JSL,Jindal Stainless Ltd.,JSL.NS,Metals & Mining,True,,NIFTY 500,^CRSLDX,2026-08-21,701.35,-1.96,-4.55,-1.39,338315.0,391282.0,0.86,237277216.99,38.47,55.79,False,False,False,False,False,-3.66,-1.9,-0.65,False,False,False,False,-7.64,0.02980625,0.03067516,-2.83,-3.98,False,0.0,0.0,0.86,-2.0,Risk review,Head-and-shoulders risk,"head-and-shoulders, risk, distribution",671.2,,,4.49,,,671.2,"A possible head-and-shoulders top is forming or breaking. This is a caution signal, not an entry setup.",Risk review,-1.5
JWL,Jupiter Wagons Ltd.,JWL.NS,Capital Goods,True,,NIFTY 500,^CRSLDX,2026-08-21,247.0,-0.44,-3.7,0.18,475954.0,1358931.0,0.35,117560638.0,37.07,47.29,False,False,False,False,False,-3.45,-4.82,-2.45,False,False,False,False,2.97,0.0104971,0.01114866,-5.84,-2.44,False,0.0,0.0,0.35,-3.0,Risk review,Head-and-shoulders risk,"head-and-shoulders, risk, distribution",258.96,,,4.62,,,258.96,"A possible head-and-shoulders top is forming or breaking. This is a caution signal, not an entry setup.",Risk review,-1.54
TATASTEEL,Tata Steel Ltd.,TATASTEEL.NS,Metals & Mining,True,,NIFTY 500,^CRSLDX,2026-08-21,183.0,-0.27,-0.27,0.18,26292345.0,21262205.0,1.24,4811499135.0,40.3,40.08,False,False,False,False,False,-2.08,-3.04,0.76,False,False,False,False,-0.09,0.00777721,0.00810764,-4.08,-2.45,False,0.3333333333333333,0.0,1.24,-3.0,Risk review,Head-and-shoulders risk,"head-and-shoulders, risk, distribution",185.6,,,1.4,,,185.6,"A possible head-and-shoulders top is forming or breaking. This is a caution signal, not an entry setup.",Risk review,-1.54
AAVAS,Aavas Financiers Ltd.,AAVAS.NS,Financial Services,True,,NIFTY 500,^CRSLDX,2026-08-21,1355.3,-0.7,-3.01,-1.72,53900.0,67270.0,0.8,73050672.63,39.99,46.82,False,False,False,False,False,-2.32,-5.96,-1.78,False,False,False,False,2.34,0.05759808,0.06178373,-6.77,-4.3,False,0.3333333333333333,0.0,0.8,-2.0,Risk review,Head-and-shoulders risk,"head-and-shoulders, risk, distribution, inverse-head-and-shoulders, base, reversal",1296.9,,,4.5,,,1296.9,"A possible head-and-shoulders top is forming or breaking. This is a caution signal, not an entry setup. Secondary patterns: Possible inverse H&S.",Risk review,-1.56
TATAPOWER,Tata Power Co. Ltd.,TATAPOWER.NS,Power,True,,NIFTY 500,^CRSLDX,2026-08-21,374.3,-0.25,-2.03,-0.03,4139300.0,3733357.0,1.11,1549339939.47,40.3,51.09,False,False,False,False,False,-1.29,-2.15,-0.42,False,False,False,False,0.25,0.01590715,0.01641798,-3.11,-2.65,False,0.0,0.0,1.11,-3.0,Risk review,Head-and-shoulders risk,"head-and-shoulders, risk, distribution, inverse-head-and-shoulders, base, reversal",379.4,,,1.34,,,379.4,"A possible head-and-shoulders top is forming or breaking. This is a caution signal, not an entry setup. Secondary patterns: Possible inverse H&S.",Risk review,-1.58
WHIRLPOOL,Whirlpool of India Ltd.,WHIRLPOOL.NS,Consumer Durables,True,,NIFTY 500,^CRSLDX,2026-08-21,768.5,-0.93,-1.34,-0.38,226767.0,370493.0,0.61,174270439.5,42.63,42.92,False,False,False,False,False,-3.12,-3.01,-5.47,False,False,False,False,0.07,0.03266002,0.03397236,-3.86,-2.99,False,0.0,0.0,0.61,-3.0,Risk review,Head-and-shoulders risk,"head-and-shoulders, risk, distribution",791.6,,,2.92,,,791.6,"A possible head-and-shoulders top is forming or breaking. This is a caution signal, not an entry setup.",Risk review,-1.65
DOMS,DOMS Industries Ltd.,DOMS.NS,Fast Moving Consumer Goods,True,,NIFTY 500,^CRSLDX,2026-08-21,2206.3,-0.16,-0.43,-0.66,11373.0,48798.0,0.23,25092250.46,41.26,41.38,False,False,False,False,False,-1.64,-2.85,-1.2,False,False,False,False,-2.75,0.09376421,0.09749379,-3.83,-3.27,False,0.0,0.0,0.23,-3.0,Risk review,Head-and-shoulders risk,"head-and-shoulders, risk, distribution",2273.25,,,2.95,,,2273.25,"A possible head-and-shoulders top is forming or breaking. This is a caution signal, not an entry setup.",Risk review,-1.7
IOB,Indian Overseas Bank,IOB.NS,Financial Services,True,,NIFTY 500,^CRSLDX,2026-08-21,33.01,-0.45,-1.73,-2.57,2378653.0,2109388.0,1.13,78519331.54,37.77,43.96,False,False,False,False,False,-2.42,-3.33,-1.7,False,False,False,False,-4.27,0.00140287,0.00146449,-4.21,-5.12,False,0.0,0.0,1.13,-2.0,Risk review,Head-and-shoulders risk,"head-and-shoulders, risk, distribution",32.07,,,2.93,,,32.07,"A possible head-and-shoulders top is forming or breaking. This is a caution signal, not an entry setup.",Risk review,-1.72
WAAREEENER,Waaree Energies Ltd.,WAAREEENER.NS,Capital Goods,True,,NIFTY 500,^CRSLDX,2026-08-21,2678.2,0.12,-0.14,-0.88,449068.0,795490.0,0.56,1202693895.67,42.2,41.84,False,False,False,False,False,-0.42,-4.99,-2.54,False,False,False,False,5.95,0.1138192,0.12103191,-5.96,-3.48,False,0.0,0.0,0.56,-3.0,Risk review,Head-and-shoulders risk,"head-and-shoulders, risk, distribution",2751.5,,,2.66,,,2751.5,"A possible head-and-shoulders top is forming or breaking. This is a caution signal, not an entry setup.",Risk review,-1.75
IOC,Indian Oil Corporation Ltd.,IOC.NS,Oil Gas & Consumable Fuels,True,,NIFTY 500,^CRSLDX,2026-08-21,135.9,0.0,-2.51,-0.98,6642176.0,8441607.0,0.79,902671677.86,39.56,48.14,False,False,False,False,False,-2.54,-2.99,-0.62,False,False,False,False,-0.65,0.00577553,0.00600927,-3.89,-3.58,False,0.0,0.0,0.79,-3.0,Risk review,Head-and-shoulders risk,"head-and-shoulders, risk, distribution",142.5,,,4.63,,,142.5,"A possible head-and-shoulders top is forming or breaking. This is a caution signal, not an entry setup.",Risk review,-1.77
INDIAMART,Indiamart Intermesh Ltd.,INDIAMART.NS,Consumer Services,True,,NIFTY 500,^CRSLDX,2026-08-21,1742.2,-0.4,-2.66,-1.01,38323.0,128188.0,0.3,66766328.73,37.22,43.32,False,False,False,False,False,-1.45,-6.77,-2.7,False,False,False,False,5.61,0.0740407,0.08022616,-7.71,-3.6,False,0.0,0.0,0.3,-3.0,Risk review,Head-and-shoulders risk,"head-and-shoulders, risk, distribution",1907.55,,,8.67,,,1907.55,"A possible head-and-shoulders top is forming or breaking. This is a caution signal, not an entry setup.",Risk review,-1.77
DMART,Avenue Supermarts Ltd.,DMART.NS,Consumer Services,True,,NIFTY 500,^CRSLDX,2026-08-21,3906.0,-1.36,-3.79,-2.81,417728.0,531426.0,0.79,1631645568.0,40.5,53.84,False,False,False,False,False,-1.64,-4.07,-0.68,False,False,False,False,0.25,0.16599873,0.17449465,-4.87,-5.36,False,0.3333333333333333,0.0,0.79,-2.0,Risk review,Head-and-shoulders risk,"head-and-shoulders, risk, distribution",3794.4,,,2.94,,,3794.4,"A possible head-and-shoulders top is forming or breaking. This is a caution signal, not an entry setup.",Risk review,-1.77
CESC,CESC Ltd.,CESC.NS,Power,True,,NIFTY 500,^CRSLDX,2026-08-21,155.09,-0.97,-4.17,-1.44,1605633.0,1601525.0,1.0,249017616.09,41.24,56.74,False,False,False,False,False,-2.2,-3.08,-0.47,False,False,False,False,-1.98,0.00659108,0.0068671,-4.02,-4.02,False,0.0,0.0,1.0,-3.0,Risk review,Head-and-shoulders risk,"head-and-shoulders, risk, distribution",156.56,,,0.94,,,156.56,"A possible head-and-shoulders top is forming or breaking. This is a caution signal, not an entry setup.",Risk review,-1.85
RAMCOCEM,The Ramco Cements Ltd.,RAMCOCEM.NS,Construction Materials,True,,NIFTY 500,^CRSLDX,2026-08-21,899.05,-0.87,-0.9,-1.45,239794.0,273904.0,0.88,215586792.77,43.29,44.94,False,False,False,False,False,-2.26,-1.99,-1.05,False,False,False,False,-4.44,0.03820818,0.03932546,-2.84,-4.04,False,0.0,0.0,0.88,-3.0,Risk review,Head-and-shoulders risk,"head-and-shoulders, risk, distribution",944.7,,,4.83,,,944.7,"A possible head-and-shoulders top is forming or breaking. This is a caution signal, not an entry setup.",Risk review,-1.86
SRF,SRF Ltd.,SRF.NS,Chemicals,True,,NIFTY 500,^CRSLDX,2026-08-21,2571.9,-0.1,-1.31,-3.3,174316.0,322236.0,0.54,448323303.38,38.98,42.11,False,False,False,False,False,-1.56,-4.73,-1.51,False,False,False,False,-4.19,0.10930162,0.11587322,-5.67,-5.83,False,0.0,0.0,0.54,-2.0,Risk review,Head-and-shoulders risk,"head-and-shoulders, risk, distribution",2472.75,,,4.01,,,2472.75,"A possible head-and-shoulders top is forming or breaking. This is a caution signal, not an entry setup.",Risk review,-1.87
HUDCO,Housing & Urban Development Corporation Ltd.,HUDCO.NS,Financial Services,True,,NIFTY 500,^CRSLDX,2026-08-21,186.09,0.02,-1.27,-3.46,875044.0,2124075.0,0.41,162836934.76,33.8,36.01,False,False,False,False,False,-3.93,-6.89,-1.44,False,False,False,False,-0.7,0.00790853,0.00857604,-7.78,-5.99,False,0.0,0.0,0.41,-2.0,Risk review,Head-and-shoulders risk,"head-and-shoulders, risk, distribution",178.06,,,4.51,,,178.06,"A possible head-and-shoulders top is forming or breaking. This is a caution signal, not an entry setup.",Risk review,-1.9
NHPC,NHPC Ltd.,NHPC.NS,Power,True,,NIFTY 500,^CRSLDX,2026-08-21,76.15,-0.26,-0.98,-3.82,7594661.0,8986942.0,0.85,578333446.74,40.01,43.12,False,False,False,False,False,-1.76,-2.62,-0.85,False,False,False,False,-7.2,0.00323625,0.00335091,-3.42,-6.34,False,0.3333333333333333,0.0,0.85,-2.0,Risk review,Head-and-shoulders risk,"head-and-shoulders, risk, distribution",73.77,,,3.23,,,73.77,"A possible head-and-shoulders top is forming or breaking. This is a caution signal, not an entry setup.",Risk review,-1.9
3MINDIA,3M India Ltd.,3MINDIA.NS,Diversified,True,,NIFTY 500,^CRSLDX,2026-08-21,33640.0,0.27,-4.81,-5.24,1579.0,4073.0,0.39,53117560.0,37.1,51.06,False,False,False,True,False,-4.54,-2.38,1.87,False,False,False,False,-16.56,1.42964598,1.47669278,-3.19,-7.72,False,0.6666666666666666,0.0,0.39,-2.0,Risk review,Head-and-shoulders risk,"head-and-shoulders, risk, distribution",32880.0,,,2.31,,,32880.0,"A possible head-and-shoulders top is forming or breaking. This is a caution signal, not an entry setup.",Risk review,-1.9
UPL,UPL Ltd.,UPL.NS,Chemicals,True,,NIFTY 500,^CRSLDX,2026-08-21,569.0,-0.51,1.07,-5.55,885783.0,1992824.0,0.44,504010527.0,42.8,36.93,True,False,False,False,False,-2.08,-3.46,-1.52,False,False,False,False,-11.94,0.02418159,0.02531134,-4.46,-8.03,False,0.0,0.0,0.44,-2.0,Risk review,Head-and-shoulders risk,"head-and-shoulders, risk, distribution",564.15,,,0.86,,,564.15,"A possible head-and-shoulders top is forming or breaking. This is a caution signal, not an entry setup.",Risk review,-1.9
INTELLECT,Intellect Design Arena Ltd.,INTELLECT.NS,Information Technology,True,,NIFTY 500,^CRSLDX,2026-08-21,691.25,0.81,-1.33,-5.59,234650.0,532625.0,0.44,162201812.5,39.57,39.38,False,False,False,False,False,-3.17,-5.68,-3.56,False,False,False,False,-7.89,0.02937702,0.0314509,-6.59,-8.07,False,0.0,0.0,0.44,-2.0,Risk review,Head-and-shoulders risk,"head-and-shoulders, risk, distribution, breakout, retest, pivot, volume",663.62,,,4.16,,,663.62,"A possible head-and-shoulders top is forming or breaking. This is a caution signal, not an entry setup. Secondary patterns: Breakout retest.",Risk review,-1.9
RHIM,RHI MAGNESITA INDIA LTD.,RHIM.NS,Capital Goods,True,,NIFTY 500,^CRSLDX,2026-08-21,375.25,0.13,-1.21,-5.94,177532.0,757120.0,0.23,66618883.0,40.14,40.7,False,False,False,False,False,-4.96,-4.43,-1.46,False,False,False,False,-15.38,0.01594752,0.01683818,-5.29,-8.41,False,0.0,0.0,0.23,-2.0,Risk review,Head-and-shoulders risk,"head-and-shoulders, risk, distribution",364.55,,,2.94,,,364.55,"A possible head-and-shoulders top is forming or breaking. This is a caution signal, not an entry setup.",Risk review,-1.9
JKCEMENT,J.K. Cement Ltd.,JKCEMENT.NS,Construction Materials,True,,NIFTY 500,^CRSLDX,2026-08-21,5250.0,-0.3,-1.06,-7.06,13416.0,33629.0,0.4,70434000.0,38.78,40.67,False,False,False,False,False,-3.38,-3.59,-1.68,False,False,False,False,-12.06,0.22311657,0.23305048,-4.26,-9.5,False,0.0,0.0,0.4,-2.0,Risk review,Head-and-shoulders risk,"head-and-shoulders, risk, distribution",5092.25,,,3.1,,,5092.25,"A possible head-and-shoulders top is forming or breaking. This is a caution signal, not an entry setup.",Risk review,-1.9
SHREECEM,Shree Cement Ltd.,SHREECEM.NS,Construction Materials,True,,NIFTY 500,^CRSLDX,2026-08-21,24280.0,-0.08,-2.08,-9.2,15449.0,25285.0,0.61,375101720.0,31.36,33.98,False,False,False,False,False,-5.8,-6.3,-1.2,False,False,False,False,-16.67,1.03186101,1.11056936,-7.09,-11.58,False,0.3333333333333333,0.0,0.61,-2.0,Risk review,Head-and-shoulders risk,"head-and-shoulders, risk, distribution",23955.0,,,1.36,,,23955.0,"A possible head-and-shoulders top is forming or breaking. This is a caution signal, not an entry setup.",Risk review,-1.9
NUVOCO,Nuvoco Vistas Corporation Ltd.,NUVOCO.NS,Construction Materials,True,,NIFTY 500,^CRSLDX,2026-08-21,322.05,0.11,-2.87,-9.55,163688.0,271707.0,0.6,52715718.4,40.1,44.42,False,False,False,False,False,-5.04,-2.76,-2.38,False,False,False,False,-29.22,0.01368661,0.01421284,-3.7,-11.92,False,0.0,0.0,0.6,-2.0,Risk review,Head-and-shoulders risk,"head-and-shoulders, risk, distribution, breakout, retest, pivot, volume",309.23,,,4.15,,,309.23,"A possible head-and-shoulders top is forming or breaking. This is a caution signal, not an entry setup. Secondary patterns: Breakout retest.",Risk review,-1.9
SUZLON,Suzlon Energy Ltd.,SUZLON.NS,Capital Goods,True,,NIFTY 500,^CRSLDX,2026-08-21,46.71,-0.62,-0.83,-10.65,32148556.0,67240920.0,0.48,1501659021.33,34.88,28.55,False,False,False,False,False,-2.57,-11.02,-1.41,False,False,False,False,-5.29,0.0019851,0.00225229,-11.86,-13.0,False,0.3333333333333333,0.0,0.48,-2.0,Risk review,Head-and-shoulders risk,"head-and-shoulders, risk, distribution",44.73,,,4.43,,,44.73,"A possible head-and-shoulders top is forming or breaking. This is a caution signal, not an entry setup.",Risk review,-1.9
TMPV,Tata Motors Passenger Vehicles Ltd.,TMPV.NS,Automobile and Auto Components,True,,NIFTY 500,^CRSLDX,2026-08-21,317.9,-0.73,-4.96,-1.82,10821968.0,9399694.0,1.15,3440303561.15,33.17,43.44,False,False,False,False,False,-5.53,-7.12,-3.65,False,False,False,False,3.13,0.01351024,0.01471838,-8.21,-4.4,False,0.0,0.0,1.15,-3.0,Risk review,Head-and-shoulders risk,"head-and-shoulders, risk, distribution",325.95,,,2.47,,,325.95,"A possible head-and-shoulders top is forming or breaking. This is a caution signal, not an entry setup.",Risk review,-1.93
SUNTV,Sun TV Network Ltd.,SUNTV.NS,Media Entertainment & Publication,True,,NIFTY 500,^CRSLDX,2026-08-21,472.05,-1.15,-1.58,-2.05,298913.0,486596.0,0.61,141101878.0,36.14,40.92,False,False,False,False,False,-2.97,-4.78,-1.25,False,False,False,False,-0.26,0.02006137,0.02127718,-5.71,-4.62,False,0.0,0.0,0.61,-3.0,Risk review,Head-and-shoulders risk,"head-and-shoulders, risk, distribution",480.55,,,1.77,,,480.55,"A possible head-and-shoulders top is forming or breaking. This is a caution signal, not an entry setup.",Risk review,-1.97
NTPC,NTPC Ltd.,NTPC.NS,Power,True,,NIFTY 500,^CRSLDX,2026-08-21,340.0,0.74,0.0,-2.07,6532622.0,9110109.0,0.72,2221091480.0,44.53,42.27,True,False,False,False,False,-0.77,-2.5,0.24,False,False,False,False,-4.13,0.01444945,0.0149681,-3.46,-4.64,False,0.3333333333333333,0.0,0.72,-3.0,Risk review,Head-and-shoulders risk,"head-and-shoulders, risk, distribution",340.33,,,0.1,,,340.33,"A possible head-and-shoulders top is forming or breaking. This is a caution signal, not an entry setup.",Risk review,-1.98
BAYERCROP,Bayer Cropscience Ltd.,BAYERCROP.NS,Chemicals,True,,NIFTY 500,^CRSLDX,2026-08-21,4071.5,0.12,0.64,-2.11,20419.0,22286.0,0.92,83135958.5,41.8,37.55,False,False,False,False,False,-1.91,-1.64,-1.49,False,False,False,False,-6.3,0.17303221,0.1776838,-2.62,-4.67,False,0.0,0.0,0.92,-3.0,Risk review,Head-and-shoulders risk,"head-and-shoulders, risk, distribution",4352.55,,,6.46,,,4352.55,"A possible head-and-shoulders top is forming or breaking. This is a caution signal, not an entry setup.",Risk review,-1.98
SJVN,SJVN Ltd.,SJVN.NS,Power,True,,NIFTY 500,^CRSLDX,2026-08-21,66.06,0.23,-1.71,-2.25,1156420.0,1656925.0,0.7,76393102.38,29.79,34.81,False,False,False,False,False,-2.36,-5.47,-2.66,False,False,False,False,0.62,0.00280744,0.00300011,-6.42,-4.81,False,0.0,0.0,0.7,-3.0,Risk review,Head-and-shoulders risk,"head-and-shoulders, risk, distribution",66.76,,,1.05,,,66.76,"A possible head-and-shoulders top is forming or breaking. This is a caution signal, not an entry setup.",Risk review,-2.01
UBL,United Breweries Ltd.,UBL.NS,Fast Moving Consumer Goods,True,,NIFTY 500,^CRSLDX,2026-08-21,1348.9,0.78,-2.01,-2.87,68115.0,106361.0,0.64,91880325.16,41.28,47.21,False,False,False,False,False,-3.21,-0.98,-2.53,False,False,False,False,-11.59,0.05732609,0.05846765,-1.95,-5.41,False,0.0,0.0,0.64,-3.0,Risk review,Head-and-shoulders risk,"head-and-shoulders, risk, distribution, breakout, retest, pivot, volume",1469.05,,,8.18,,,1469.05,"A possible head-and-shoulders top is forming or breaking. This is a caution signal, not an entry setup. Secondary patterns: Breakout retest.",Risk review,-2.13
TRIDENT,Trident Ltd.,TRIDENT.NS,Textiles,True,,NIFTY 500,^CRSLDX,2026-08-21,24.39,-0.97,0.21,-2.91,2663129.0,3493991.0,0.76,64953714.68,39.77,36.1,False,False,False,False,False,-1.43,-3.66,-1.19,False,False,False,False,-1.25,0.00103654,0.00108453,-4.42,-5.45,False,0.0,0.0,0.76,-3.0,Risk review,Head-and-shoulders risk,"head-and-shoulders, risk, distribution",24.81,,,1.67,,,24.81,"A possible head-and-shoulders top is forming or breaking. This is a caution signal, not an entry setup.",Risk review,-2.14
CIEINDIA,CIE Automotive India Ltd.,CIEINDIA.NS,Automobile and Auto Components,True,,NIFTY 500,^CRSLDX,2026-08-21,401.05,-0.68,-1.64,-3.07,260935.0,461284.0,0.57,104647978.56,32.79,35.42,False,False,False,False,False,-2.26,-9.24,-0.2,False,False,False,False,5.83,0.01704398,0.01895217,-10.07,-5.61,False,0.3333333333333333,0.0,0.57,-3.0,Risk review,Head-and-shoulders risk,"head-and-shoulders, risk, distribution",407.3,,,1.53,,,407.3,"A possible head-and-shoulders top is forming or breaking. This is a caution signal, not an entry setup.",Risk review,-2.17
IRB,IRB Infrastructure Developers Ltd.,IRB.NS,Construction,True,,NIFTY 500,^CRSLDX,2026-08-21,18.95,0.0,-1.61,-3.13,4411827.0,10490808.0,0.42,83604125.02,30.16,34.98,False,False,False,False,False,-3.05,-6.29,-0.95,False,False,False,False,0.98,0.00080534,0.00086763,-7.18,-5.67,False,0.0,0.0,0.42,-3.0,Risk review,Head-and-shoulders risk,"head-and-shoulders, risk, distribution",19.22,,,1.38,,,19.22,"A possible head-and-shoulders top is forming or breaking. This is a caution signal, not an entry setup.",Risk review,-2.18
ABFRL,Aditya Birla Fashion and Retail Ltd.,ABFRL.NS,Consumer Services,True,,NIFTY 500,^CRSLDX,2026-08-21,54.35,-0.73,-2.91,-3.38,3032287.0,7764840.0,0.39,164804793.82,34.68,38.35,False,False,False,False,False,-6.81,-7.96,-3.65,False,False,False,False,-0.29,0.00230979,0.00253377,-8.84,-5.91,False,0.0,0.0,0.39,-3.0,Risk review,Head-and-shoulders risk,"head-and-shoulders, risk, distribution",55.8,,,2.61,,,55.8,"A possible head-and-shoulders top is forming or breaking. This is a caution signal, not an entry setup.",Risk review,-2.23
TATACONSUM,Tata Consumer Products Ltd.,TATACONSUM.NS,Fast Moving Consumer Goods,True,,NIFTY 500,^CRSLDX,2026-08-21,1049.0,-0.69,-2.83,-3.58,1126473.0,1443130.0,0.78,1181670177.0,39.91,46.4,False,False,False,False,False,-3.14,-4.28,-0.53,False,False,False,False,-3.13,0.04458082,0.04700348,-5.15,-6.11,False,0.0,0.0,0.78,-3.0,Risk review,Head-and-shoulders risk,"head-and-shoulders, risk, distribution",1090.85,,,3.84,,,1090.85,"A possible head-and-shoulders top is forming or breaking. This is a caution signal, not an entry setup.",Risk review,-2.25
NSLNISP,NMDC Steel Ltd.,NSLNISP.NS,Metals & Mining,True,,NIFTY 500,^CRSLDX,2026-08-21,39.79,0.68,-10.58,-3.91,3898951.0,4721734.0,0.83,155139263.86,33.79,54.27,False,False,False,False,False,-7.25,-8.7,-0.39,False,False,False,False,-2.06,0.00169101,0.00187345,-9.74,-6.43,False,0.3333333333333333,0.0,0.83,-3.0,Risk review,Head-and-shoulders risk,"head-and-shoulders, risk, distribution",41.55,,,4.24,,,41.55,"A possible head-and-shoulders top is forming or breaking. This is a caution signal, not an entry setup.",Risk review,-2.25
BIKAJI,Bikaji Foods International Ltd.,BIKAJI.NS,Fast Moving Consumer Goods,True,,NIFTY 500,^CRSLDX,2026-08-21,605.75,-0.21,-1.23,-3.96,42834.0,101710.0,0.42,25946695.5,32.6,36.11,False,False,False,False,False,-3.28,-5.16,-1.55,False,False,False,False,-5.98,0.0257434,0.02744268,-6.19,-6.47,False,0.0,0.0,0.42,-3.0,Risk review,Head-and-shoulders risk,"head-and-shoulders, risk, distribution",612.55,,,1.11,,,612.55,"A possible head-and-shoulders top is forming or breaking. This is a caution signal, not an entry setup.",Risk review,-2.25
TTML,Tata Teleservices (Maharashtra) Ltd.,TTML.NS,Telecommunication,True,,NIFTY 500,^CRSLDX,2026-08-21,37.78,0.88,-2.1,-4.06,1250122.0,1612192.0,0.78,47229607.63,33.92,36.54,False,False,False,False,False,-2.98,-7.56,-3.73,False,False,False,False,0.56,0.00160559,0.00175771,-8.65,-6.58,False,0.0,0.0,0.78,-3.0,Risk review,Head-and-shoulders risk,"head-and-shoulders, risk, distribution",41.21,,,8.32,,,41.21,"A possible head-and-shoulders top is forming or breaking. This is a caution signal, not an entry setup.",Risk review,-2.25
NATCOPHARM,NATCO Pharma Ltd.,NATCOPHARM.NS,Healthcare,True,,NIFTY 500,^CRSLDX,2026-08-21,882.4,0.56,-2.13,-4.08,363664.0,449866.0,0.81,320897122.48,39.86,42.71,False,False,False,False,False,-3.15,-4.05,0.96,False,False,False,False,-9.45,0.03750058,0.03942928,-4.89,-6.59,False,0.3333333333333333,0.0,0.81,-3.0,Risk review,Head-and-shoulders risk,"head-and-shoulders, risk, distribution",940.62,,,6.19,,,940.62,"A possible head-and-shoulders top is forming or breaking. This is a caution signal, not an entry setup.",Risk review,-2.25
IREDA,Indian Renewable Energy Development Agency Ltd.,IREDA.NS,Financial Services,True,,NIFTY 500,^CRSLDX,2026-08-21,115.0,0.09,-1.08,-4.55,2338254.0,4887686.0,0.48,268899210.0,34.65,33.56,False,False,False,False,False,-3.04,-6.06,-2.51,False,False,False,False,-2.39,0.00488732,0.00524984,-6.91,-7.05,False,0.0,0.0,0.48,-3.0,Risk review,Head-and-shoulders risk,"head-and-shoulders, risk, distribution",115.58,,,0.5,,,115.58,"A possible head-and-shoulders top is forming or breaking. This is a caution signal, not an entry setup.",Risk review,-2.25
ONGC,Oil & Natural Gas Corporation Ltd.,ONGC.NS,Oil Gas & Consumable Fuels,True,,NIFTY 500,^CRSLDX,2026-08-21,236.4,-0.88,0.0,-4.97,13308300.0,13279496.0,1.0,3146082038.77,38.85,36.41,False,False,False,False,False,-1.22,-2.34,0.05,False,False,False,False,-15.11,0.01004662,0.01039968,-3.39,-7.46,False,0.3333333333333333,0.0,1.0,-3.0,Risk review,Head-and-shoulders risk,"head-and-shoulders, risk, distribution",237.62,,,0.52,,,237.62,"A possible head-and-shoulders top is forming or breaking. This is a caution signal, not an entry setup.",Risk review,-2.25
SOBHA,Sobha Ltd.,SOBHA.NS,Realty,True,,NIFTY 500,^CRSLDX,2026-08-21,1294.6,-0.69,-2.53,-4.97,45850.0,91047.0,0.5,59357408.88,35.88,37.21,False,False,False,False,False,-3.3,-7.11,-1.24,False,False,False,False,-5.46,0.05501842,0.05975411,-7.93,-7.46,False,0.0,0.0,0.5,-3.0,Risk review,Head-and-shoulders risk,"head-and-shoulders, risk, distribution",1295.35,,,0.06,,,1295.35,"A possible head-and-shoulders top is forming or breaking. This is a caution signal, not an entry setup.",Risk review,-2.25
NTPCGREEN,NTPC Green Energy Ltd.,NTPCGREEN.NS,Power,True,,NIFTY 500,^CRSLDX,2026-08-21,91.43,-0.49,-0.54,-5.08,1481770.0,2996417.0,0.49,135478231.55,43.25,45.53,False,False,False,False,False,-0.29,-2.3,-0.93,False,False,False,False,-9.07,0.00388563,0.00401904,-3.32,-7.57,False,0.0,0.0,0.49,-3.0,Risk review,Head-and-shoulders risk,"head-and-shoulders, risk, distribution",92.15,,,0.79,,,92.15,"A possible head-and-shoulders top is forming or breaking. This is a caution signal, not an entry setup.",Risk review,-2.25
NBCC,NBCC (India) Ltd.,NBCC.NS,Construction,True,,NIFTY 500,^CRSLDX,2026-08-21,88.88,0.71,-0.13,-5.13,5369124.0,5867068.0,0.92,477207726.37,34.94,28.95,False,False,False,False,False,-4.02,-9.65,-1.96,False,False,False,False,4.06,0.00377726,0.00422139,-10.52,-7.61,False,0.0,0.0,0.92,-3.0,Risk review,Head-and-shoulders risk,"head-and-shoulders, risk, distribution",90.59,,,1.89,,,90.59,"A possible head-and-shoulders top is forming or breaking. This is a caution signal, not an entry setup.",Risk review,-2.25
ERIS,Eris Lifesciences Ltd.,ERIS.NS,Healthcare,True,,NIFTY 500,^CRSLDX,2026-08-21,1328.2,0.17,-2.23,-5.17,56997.0,106161.0,0.54,75703412.62,36.96,42.01,False,False,False,False,False,-3.13,-5.88,-1.53,False,False,False,False,-4.49,0.05644637,0.06052027,-6.73,-7.66,False,0.0,0.0,0.54,-3.0,Risk review,Head-and-shoulders risk,"head-and-shoulders, risk, distribution",1333.5,,,0.4,,,1333.5,"A possible head-and-shoulders top is forming or breaking. This is a caution signal, not an entry setup.",Risk review,-2.25
DABUR,Dabur India Ltd.,DABUR.NS,Fast Moving Consumer Goods,True,,NIFTY 500,^CRSLDX,2026-08-21,400.5,0.12,-1.17,-5.36,672508.0,2116150.0,0.32,269339454.0,34.31,36.32,False,False,False,False,False,-3.12,-5.06,-1.64,False,False,False,False,-9.86,0.01702061,0.01810677,-6.0,-7.85,False,0.0,0.0,0.32,-3.0,Risk review,Head-and-shoulders risk,"head-and-shoulders, risk, distribution",427.48,,,6.31,,,427.48,"A possible head-and-shoulders top is forming or breaking. This is a caution signal, not an entry setup.",Risk review,-2.25
PWL,Physicswallah Ltd.,PWL.NS,Consumer Services,True,,NIFTY 500,^CRSLDX,2026-08-21,120.83,-0.92,3.17,-5.64,5529135.0,13273649.0,0.42,668085392.17,42.85,36.53,False,False,False,True,,-2.56,-5.66,,False,False,False,False,-11.17,0.00513508,0.00547997,-6.29,-8.11,False,0.0,0.0,0.42,-3.0,Risk review,Head-and-shoulders risk,"head-and-shoulders, risk, distribution, breakout, retest, pivot, volume, inverse-head-and-shoulders, base, reversal",120.87,,,0.03,,,120.87,"A possible head-and-shoulders top is forming or breaking. This is a caution signal, not an entry setup. Secondary patterns: Breakout retest, Possible inverse H&S.",Risk review,-2.25
FIRSTCRY,Brainbees Solutions Ltd.,FIRSTCRY.NS,Consumer Services,True,,NIFTY 500,^CRSLDX,2026-08-21,196.33,-0.17,-4.74,-5.75,956816.0,877853.0,1.09,187851687.03,29.06,36.93,False,False,False,False,False,-6.55,-8.14,-5.76,False,False,False,False,-2.46,0.00834371,0.00916688,-8.98,-8.22,False,0.0,0.0,1.09,-3.0,Risk review,Head-and-shoulders risk,"head-and-shoulders, risk, distribution",219.21,,,10.44,,,219.21,"A possible head-and-shoulders top is forming or breaking. This is a caution signal, not an entry setup.",Risk review,-2.25
LATENTVIEW,Latent View Analytics Ltd.,LATENTVIEW.NS,Information Technology,True,,NIFTY 500,^CRSLDX,2026-08-21,278.1,-1.3,-2.49,-6.06,257673.0,909357.0,0.28,71658862.87,37.26,39.4,False,False,False,False,False,-5.93,-6.02,-3.73,False,False,False,False,-8.77,0.0118188,0.01270258,-6.96,-8.53,False,0.0,0.0,0.28,-3.0,Risk review,Head-and-shoulders risk,"head-and-shoulders, risk, distribution",279.97,,,0.67,,,279.97,"A possible head-and-shoulders top is forming or breaking. This is a caution signal, not an entry setup.",Risk review,-2.25
SAMMAANCAP,Sammaan Capital Ltd.,SAMMAANCAP.NS,Financial Services,True,,NIFTY 500,^CRSLDX,2026-08-21,150.52,0.19,-1.23,-6.3,4317771.0,8319519.0,0.52,649910909.37,37.08,35.7,False,False,False,False,False,-5.47,-8.9,-0.98,False,False,False,False,-4.18,0.00639686,0.00709631,-9.86,-8.76,False,0.3333333333333333,0.0,0.52,-3.0,Risk review,Head-and-shoulders risk,"head-and-shoulders, risk, distribution, breakout, retest, pivot, volume, inverse-head-and-shoulders, base, reversal",150.62,,,0.07,,,150.62,"A possible head-and-shoulders top is forming or breaking. This is a caution signal, not an entry setup. Secondary patterns: Breakout retest, Possible inverse H&S.",Risk review,-2.25
VOLTAS,Voltas Ltd.,VOLTAS.NS,Consumer Durables,True,,NIFTY 500,^CRSLDX,2026-08-21,1235.0,1.27,-6.47,-6.95,557657.0,898529.0,0.62,688706395.0,38.47,53.52,False,False,False,False,False,-4.13,-5.49,-0.84,False,False,False,False,-12.2,0.05248552,0.05606772,-6.39,-9.39,False,0.0,0.0,0.62,-3.0,Risk review,Head-and-shoulders risk,"head-and-shoulders, risk, distribution",1265.25,,,2.39,,,1265.25,"A possible head-and-shoulders top is forming or breaking. This is a caution signal, not an entry setup.",Risk review,-2.25
LUPIN,Lupin Ltd.,LUPIN.NS,Healthcare,True,,NIFTY 500,^CRSLDX,2026-08-21,2201.8,0.01,-1.49,-7.12,770166.0,1161301.0,0.66,1695751536.41,29.46,30.21,False,False,False,False,False,-5.28,-7.05,1.78,False,False,False,False,-12.33,0.09357297,0.10161313,-7.91,-9.55,False,0.6666666666666666,0.0,0.66,-3.0,Risk review,Head-and-shoulders risk,"head-and-shoulders, risk, distribution",2235.45,,,1.51,,,2235.45,"A possible head-and-shoulders top is forming or breaking. This is a caution signal, not an entry setup.",Risk review,-2.25
NLCINDIA,NLC India Ltd.,NLCINDIA.NS,Power,True,,NIFTY 500,^CRSLDX,2026-08-21,269.8,-0.83,-2.03,-7.86,1015921.0,2143760.0,0.47,274095473.4,32.2,31.51,False,False,False,False,False,-6.27,-10.38,0.94,False,False,False,False,-2.54,0.01146607,0.01291966,-11.25,-10.27,False,0.6666666666666666,0.0,0.47,-3.0,Risk review,Head-and-shoulders risk,"head-and-shoulders, risk, distribution",270.55,,,0.28,,,270.55,"A possible head-and-shoulders top is forming or breaking. This is a caution signal, not an entry setup.",Risk review,-2.25
ABLBL,Aditya Birla Lifestyle Brands Ltd.,ABLBL.NS,Consumer Services,True,,NIFTY 500,^CRSLDX,2026-08-21,86.12,-0.44,-2.99,-7.91,531078.0,1121990.0,0.47,45736438.82,28.12,31.35,False,False,False,False,False,-6.04,-8.8,-4.13,False,False,False,False,-7.52,0.00365996,0.0040537,-9.71,-10.32,False,0.0,0.0,0.47,-3.0,Risk review,Head-and-shoulders risk,"head-and-shoulders, risk, distribution",98.06,,,12.18,,,98.06,"A possible head-and-shoulders top is forming or breaking. This is a caution signal, not an entry setup.",Risk review,-2.25
RECLTD,REC Ltd.,RECLTD.NS,Financial Services,True,,NIFTY 500,^CRSLDX,2026-08-21,326.65,-0.44,-2.49,-8.22,4327156.0,6171517.0,0.7,1413465480.99,30.92,33.78,False,False,False,False,False,-7.15,-7.44,-0.18,False,False,False,False,-10.66,0.0138821,0.01513057,-8.25,-10.63,False,0.3333333333333333,0.0,0.7,-3.0,Risk review,Head-and-shoulders risk,"head-and-shoulders, risk, distribution",327.6,,,0.29,,,327.6,"A possible head-and-shoulders top is forming or breaking. This is a caution signal, not an entry setup.",Risk review,-2.25
TATACHEM,Tata Chemicals Ltd.,TATACHEM.NS,Chemicals,True,,NIFTY 500,^CRSLDX,2026-08-21,626.75,-1.22,-6.55,-8.55,511835.0,680581.0,0.75,320792586.25,24.58,41.48,False,False,False,False,False,-5.82,-9.62,-3.03,False,False,False,False,-3.6,0.02663587,0.02976732,-10.52,-10.95,False,0.0,0.0,0.75,-3.0,Risk review,Head-and-shoulders risk,"head-and-shoulders, risk, distribution",644.15,,,2.7,,,644.15,"A possible head-and-shoulders top is forming or breaking. This is a caution signal, not an entry setup.",Risk review,-2.25
INDIACEM,India Cements Ltd.,INDIACEM.NS,Construction Materials,True,,NIFTY 500,^CRSLDX,2026-08-21,370.9,0.07,-1.17,-8.87,42287.0,152770.0,0.28,15684248.04,36.58,38.42,False,False,False,False,False,-4.05,-4.07,-0.15,False,False,False,False,-18.22,0.01576265,0.01659989,-5.04,-11.26,False,0.0,0.0,0.28,-3.0,Risk review,Head-and-shoulders risk,"head-and-shoulders, risk, distribution",386.9,,,4.14,,,386.9,"A possible head-and-shoulders top is forming or breaking. This is a caution signal, not an entry setup.",Risk review,-2.25
PFC,Power Finance Corporation Ltd.,PFC.NS,Financial Services,True,,NIFTY 500,^CRSLDX,2026-08-21,363.0,-0.22,-3.46,-11.05,9592260.0,8614700.0,1.11,3481990380.0,22.02,27.45,False,False,False,False,False,-8.65,-11.12,0.29,False,False,False,False,-9.42,0.01542692,0.01752114,-11.95,-13.38,False,0.6666666666666666,0.0,1.11,-3.0,Risk review,Head-and-shoulders risk,"head-and-shoulders, risk, distribution",379.93,,,4.45,,,379.93,"A possible head-and-shoulders top is forming or breaking. This is a caution signal, not an entry setup.",Risk review,-2.25
PAGEIND,Page Industries Ltd.,PAGEIND.NS,Textiles,True,,NIFTY 500,^CRSLDX,2026-08-21,35480.0,-0.07,-2.92,-11.42,18856.0,33831.0,0.56,669010880.0,30.07,30.05,False,False,False,False,False,-7.53,-10.37,-0.63,False,False,False,False,-12.95,1.50784303,1.69701939,-11.15,-13.74,False,0.3333333333333333,0.0,0.56,-3.0,Risk review,Head-and-shoulders risk,"head-and-shoulders, risk, distribution, inverse-head-and-shoulders, base, reversal",36985.0,,,4.07,,,36985.0,"A possible head-and-shoulders top is forming or breaking. This is a caution signal, not an entry setup. Secondary patterns: Possible inverse H&S.",Risk review,-2.25
TORNTPOWER,Torrent Power Ltd.,TORNTPOWER.NS,Power,True,,NIFTY 500,^CRSLDX,2026-08-21,1247.7,-0.08,-4.69,-13.0,168801.0,292205.0,0.58,210612999.46,24.36,30.76,False,False,False,False,False,-6.92,-10.11,0.43,False,False,False,False,-17.61,0.05302524,0.05955649,-10.97,-15.28,False,0.3333333333333333,0.0,0.58,-3.0,Risk review,Head-and-shoulders risk,"head-and-shoulders, risk, distribution",1264.35,,,1.32,,,1264.35,"A possible head-and-shoulders top is forming or breaking. This is a caution signal, not an entry setup.",Risk review,-2.25
