symbol,name,ticker,sector,downloaded,download_note,source_index,benchmark_ticker,last_date,last,return_1d_pct,return_5d_pct,return_20d_pct,volume,avg_volume_20,volume_ratio_20d,turnover_proxy,rsi_14,rsi_5d_ago,above_sma_10,above_sma_20,above_sma_50,above_sma_100,above_sma_200,distance_sma_20_pct,distance_sma_50_pct,ma200_roc20_pct,supertrend_bullish,new_high20,within_3pct_ath,at_ath,rs_acceleration_pct,rs_ratio,rs_ratio_sma_50,rs_distance_sma_50_pct,rs_return_20d_pct,rs_above_50dma,trend_raw,breakout_raw,volume_raw,setup_score,setup_quality,primary_setup,setup_tags,setup_pivot_level,setup_breakout_date,setup_volume_ratio,setup_retest_gap_pct,setup_flag_depth_pct,setup_impulse_return_pct,setup_neckline_level,setup_commentary,rotation_signal,rotation_score
BEML,BEML Ltd.,BEML.NS,Capital Goods,True,,NIFTY 500,^CRSLDX,2026-09-02,2032.4,3.16,4.89,21.58,966073.0,542365.0,1.78,1963446788.79,66.18,60.98,True,True,True,True,True,6.01,10.58,-1.08,False,True,False,False,31.64,0.08751744,0.0784552,11.55,22.64,True,0.6666666666666666,0.5,1.78,4.77,Actionable watch,Breakout retest,"breakout, retest, pivot, volume, inverse-head-and-shoulders, base, reversal",1892.39,2026-08-18,1.73,3.31,,,,Prior resistance has been cleared on higher volume and price is back near that pivot. This is the kind of retest zone where follow-through can matter more than chasing a stretched candle. Secondary patterns: Possible inverse H&S.,Strengthening with volume,7.9
NIACL,The New India Assurance Company Ltd.,NIACL.NS,Financial Services,True,,NIFTY 500,^CRSLDX,2026-09-02,199.11,7.18,6.42,8.35,24333313.0,3723083.0,6.54,4845005966.28,67.7,60.93,True,True,True,True,True,8.14,10.6,0.01,False,True,False,False,25.91,0.0085739,0.00771446,11.14,18.25,True,1.0,0.5,6.54,5.1,Actionable watch,Breakout retest,"breakout, retest, pivot, volume, inverse-head-and-shoulders, base, reversal",188.24,2026-08-31,9.17,3.09,,,,Prior resistance has been cleared on higher volume and price is back near that pivot. This is the kind of retest zone where follow-through can matter more than chasing a stretched candle. Secondary patterns: Possible inverse H&S.,Strengthening with volume,7.9
CLEAN,Clean Science and Technology Ltd.,CLEAN.NS,Chemicals,True,,NIFTY 500,^CRSLDX,2026-09-02,863.15,4.36,4.06,12.25,1112247.0,423313.0,2.63,960036025.2,66.92,60.19,True,True,True,True,True,4.92,10.09,-2.11,False,True,False,False,18.64,0.03716821,0.03353153,10.85,13.68,True,0.3333333333333333,0.5,2.63,5.1,Actionable watch,Breakout retest,"breakout, retest, pivot, volume, inverse-head-and-shoulders, base, reversal",848.78,2026-09-02,2.77,1.69,,,,Prior resistance has been cleared on higher volume and price is back near that pivot. This is the kind of retest zone where follow-through can matter more than chasing a stretched candle. Secondary patterns: Possible inverse H&S.,Strengthening with volume,7.9
CAPLIPOINT,Caplin Point Laboratories Ltd.,CAPLIPOINT.NS,Healthcare,True,,NIFTY 500,^CRSLDX,2026-09-02,2720.5,0.34,8.12,7.03,373588.0,206940.0,1.81,1016346154.0,64.18,48.65,True,True,True,True,True,6.54,6.03,2.87,False,True,True,True,9.07,0.1171478,0.10981076,6.68,7.91,True,1.0,1.0,1.81,4.08,Actionable watch,Breakout retest,"breakout, retest, pivot, volume, inverse-head-and-shoulders, base, reversal",2680.28,2026-09-02,1.96,1.13,,,,Prior resistance has been cleared on higher volume and price is back near that pivot. This is the kind of retest zone where follow-through can matter more than chasing a stretched candle. Secondary patterns: Possible inverse H&S.,Strengthening with volume,7.9
JSWDULUX,JSW Dulux Ltd.,JSWDULUX.NS,Consumer Durables,True,,NIFTY 500,^CRSLDX,2026-09-02,3163.3,0.63,1.84,4.67,29236.0,18689.0,1.56,92482240.23,58.74,53.4,True,True,True,True,True,1.59,3.11,-0.45,False,False,False,False,12.83,0.13621527,0.13137114,3.69,7.83,True,0.6666666666666666,0.0,1.56,5.1,Actionable watch,Breakout retest,"breakout, retest, pivot, volume, inverse-head-and-shoulders, base, reversal",3076.95,2026-08-11,4.14,0.28,,,,Prior resistance has been cleared on higher volume and price is back near that pivot. This is the kind of retest zone where follow-through can matter more than chasing a stretched candle. Secondary patterns: Possible inverse H&S.,Strengthening with volume,7.9
MPHASIS,MphasiS Ltd.,MPHASIS.NS,Information Technology,True,,NIFTY 500,^CRSLDX,2026-09-02,2480.0,-1.02,3.33,0.81,900480.0,444225.0,2.03,2233190400.0,56.15,47.75,True,True,True,True,True,0.56,4.76,-1.03,False,False,False,False,4.78,0.1067916,0.10106031,5.67,6.3,True,0.3333333333333333,0.0,2.03,5.04,Actionable watch,Breakout retest,"breakout, retest, pivot, volume, flag, continuation, uptrend",2460.03,2026-09-01,2.29,0.81,,,,Prior resistance has been cleared on higher volume and price is back near that pivot. This is the kind of retest zone where follow-through can matter more than chasing a stretched candle. Secondary patterns: Bullish flag.,Strengthening with volume,7.9
POLYMED,Poly Medicure Ltd.,POLYMED.NS,Healthcare,True,,NIFTY 500,^CRSLDX,2026-09-02,1783.8,1.56,4.46,4.62,744104.0,252754.0,2.94,1327332751.53,57.79,47.68,True,True,True,True,True,1.49,4.43,-1.1,False,False,False,False,3.86,0.07681244,0.07302637,5.18,5.74,True,0.6666666666666666,0.0,2.94,5.1,Actionable watch,Breakout retest,"breakout, retest, pivot, volume, flag, continuation, uptrend, inverse-head-and-shoulders, base, reversal",1751.48,2026-08-11,8.05,0.68,,,,"Prior resistance has been cleared on higher volume and price is back near that pivot. This is the kind of retest zone where follow-through can matter more than chasing a stretched candle. Secondary patterns: Bullish flag, Possible inverse H&S.",Strengthening with volume,7.85
NUVAMA,Nuvama Wealth Management Ltd.,NUVAMA.NS,Financial Services,True,,NIFTY 500,^CRSLDX,2026-09-02,1841.0,3.14,3.47,9.84,1438167.0,379623.0,3.79,2647665447.0,60.34,54.22,True,True,True,True,True,6.26,2.18,2.07,False,True,False,False,23.68,0.07927554,0.07706087,2.87,10.85,True,1.0,0.5,3.79,3.4,Actionable watch,Possible inverse H&S,"inverse-head-and-shoulders, base, reversal",1458.45,,,26.23,,,1458.45,A possible inverse head-and-shoulders base is visible. The setup improves only if price clears or holds near the neckline with better volume.,Strengthening with volume,7.69
KAJARIACER,Kajaria Ceramics Ltd.,KAJARIACER.NS,Consumer Durables,True,,NIFTY 500,^CRSLDX,2026-09-02,1261.1,2.61,4.27,6.34,725692.0,247301.0,2.93,915170163.48,61.21,48.82,True,True,True,True,True,3.31,3.66,0.43,False,True,True,True,9.85,0.05430439,0.05206381,4.3,7.4,True,1.0,1.0,2.93,3.4,Actionable watch,Possible inverse H&S,"inverse-head-and-shoulders, base, reversal",1131.63,,,11.44,,,1131.63,A possible inverse head-and-shoulders base is visible. The setup improves only if price clears or holds near the neckline with better volume.,Strengthening with volume,7.69
REDINGTON,Redington Ltd.,REDINGTON.NS,Services,True,,NIFTY 500,^CRSLDX,2026-09-02,363.2,3.89,2.54,4.41,10765066.0,5006118.0,2.15,3909872102.61,62.68,63.65,True,True,True,True,True,3.88,16.93,3.24,False,False,True,False,-19.63,0.0156398,0.01319805,18.5,5.98,True,1.0,0.5,2.15,3.4,Actionable watch,Possible inverse H&S,"inverse-head-and-shoulders, base, reversal",295.24,,,23.02,,,295.24,A possible inverse head-and-shoulders base is visible. The setup improves only if price clears or holds near the neckline with better volume.,Strengthening with volume,7.69
PAYTM,One 97 Communications Ltd.,PAYTM.NS,Financial Services,True,,NIFTY 500,^CRSLDX,2026-09-02,1619.0,-0.89,-5.65,13.3,3007702.0,4861964.0,0.62,4869469538.0,56.98,76.52,False,True,True,True,True,0.48,14.3,2.54,False,False,False,False,7.13,0.06971597,0.06005917,16.08,17.97,True,1.0,0.0,0.62,4.13,Actionable watch,High-tight flag,"flag, continuation, uptrend, high-tight, inverse-head-and-shoulders, base, reversal",1718.0,2026-08-25,0.96,,7.77,58.01,,Price has made a sharp impulse move and is now consolidating near the highs. A controlled pullback with quieter volume keeps the continuation setup alive. Secondary patterns: Possible inverse H&S.,Strengthening,7.1
CUB,City Union Bank Ltd.,CUB.NS,Financial Services,True,,NIFTY 500,^CRSLDX,2026-09-02,230.61,-1.86,1.68,12.73,2227157.0,2648459.0,0.84,513604677.13,58.46,59.27,True,True,True,True,True,5.12,6.03,1.91,False,False,True,False,28.77,0.00993033,0.00929276,6.86,16.77,True,1.0,0.5,0.84,4.83,Actionable watch,Breakout retest,"breakout, retest, pivot, volume, inverse-head-and-shoulders, base, reversal",226.37,2026-08-31,1.87,0.01,,,,Prior resistance has been cleared on higher volume and price is back near that pivot. This is the kind of retest zone where follow-through can matter more than chasing a stretched candle. Secondary patterns: Possible inverse H&S.,Strengthening,7.1
CHENNPETRO,Chennai Petroleum Corporation Ltd.,CHENNPETRO.NS,Oil Gas & Consumable Fuels,True,,NIFTY 500,^CRSLDX,2026-09-02,1414.0,1.95,2.84,13.17,1672729.0,2502299.0,0.67,2365238806.0,61.28,58.07,True,True,True,True,True,3.65,15.02,5.22,False,False,True,False,-6.85,0.06088844,0.05237205,16.26,13.55,True,1.0,0.5,0.67,5.1,Actionable watch,Breakout retest,"breakout, retest, pivot, volume, flag, continuation, uptrend",1352.5,2026-08-11,7.68,2.22,,,,Prior resistance has been cleared on higher volume and price is back near that pivot. This is the kind of retest zone where follow-through can matter more than chasing a stretched candle. Secondary patterns: Bullish flag.,Strengthening,7.1
BRIGADE,Brigade Enterprises Ltd.,BRIGADE.NS,Realty,True,,NIFTY 500,^CRSLDX,2026-09-02,640.0,-0.79,-2.3,12.22,258602.0,579610.0,0.45,165505280.0,61.18,72.8,False,True,True,True,True,3.34,11.68,-2.11,False,False,False,False,2.08,0.02755912,0.02442787,12.82,12.92,True,0.6666666666666666,0.0,0.45,5.1,Actionable watch,Breakout retest,"breakout, retest, pivot, volume, flag, continuation, uptrend, inverse-head-and-shoulders, base, reversal",609.34,2026-08-20,3.52,2.18,,,,"Prior resistance has been cleared on higher volume and price is back near that pivot. This is the kind of retest zone where follow-through can matter more than chasing a stretched candle. Secondary patterns: Bullish flag, Possible inverse H&S.",Strengthening,7.1
CHALET,Chalet Hotels Ltd.,CHALET.NS,Consumer Services,True,,NIFTY 500,^CRSLDX,2026-09-02,897.95,0.05,-1.59,6.94,70205.0,230810.0,0.3,63040580.61,63.79,71.13,True,True,True,True,True,3.92,6.34,-0.8,False,False,False,False,11.35,0.03866674,0.03606982,7.2,10.95,True,0.6666666666666666,0.0,0.3,4.7,Actionable watch,Breakout retest,"breakout, retest, pivot, volume, inverse-head-and-shoulders, base, reversal",899.78,2026-08-26,3.38,0.2,,,,Prior resistance has been cleared on higher volume and price is back near that pivot. This is the kind of retest zone where follow-through can matter more than chasing a stretched candle. Secondary patterns: Possible inverse H&S.,Strengthening,7.1
CRISIL,CRISIL Ltd.,CRISIL.NS,Financial Services,True,,NIFTY 500,^CRSLDX,2026-09-02,4701.7,-2.65,4.17,5.05,40753.0,52951.0,0.77,191608388.06,61.24,57.18,True,True,True,True,True,2.87,8.0,-0.46,False,False,False,False,0.5,0.20246051,0.18580175,8.97,10.08,True,0.6666666666666666,0.0,0.77,5.1,Actionable watch,Breakout retest,"breakout, retest, pivot, volume, inverse-head-and-shoulders, base, reversal",4565.07,2026-08-27,4.26,2.34,,,,Prior resistance has been cleared on higher volume and price is back near that pivot. This is the kind of retest zone where follow-through can matter more than chasing a stretched candle. Secondary patterns: Possible inverse H&S.,Strengthening,7.1
SBFC,SBFC Finance Ltd.,SBFC.NS,Financial Services,True,,NIFTY 500,^CRSLDX,2026-09-02,99.23,-0.72,-1.89,6.03,1753371.0,3174689.0,0.55,173987010.22,63.14,72.82,True,True,True,True,True,3.92,6.42,-1.81,False,False,False,False,11.52,0.00427296,0.00398391,7.26,9.83,True,0.3333333333333333,0.0,0.55,5.1,Actionable watch,Breakout retest,"breakout, retest, pivot, volume, inverse-head-and-shoulders, base, reversal",96.19,2026-08-26,12.92,0.74,,,,Prior resistance has been cleared on higher volume and price is back near that pivot. This is the kind of retest zone where follow-through can matter more than chasing a stretched candle. Secondary patterns: Possible inverse H&S.,Strengthening,7.1
LGEINDIA,LG Electronics India Ltd.,LGEINDIA.NS,Consumer Durables,True,,NIFTY 500,^CRSLDX,2026-09-02,1653.2,-0.74,-1.33,4.73,199921.0,1069785.0,0.19,330509387.44,53.98,60.56,False,True,True,True,True,0.71,4.21,-0.05,False,False,False,False,12.56,0.07118865,0.06780588,4.99,9.33,True,0.6666666666666666,0.0,0.19,5.1,Actionable watch,Breakout retest,"breakout, retest, pivot, volume, inverse-head-and-shoulders, base, reversal",1585.36,2026-08-14,37.31,3.7,,,,Prior resistance has been cleared on higher volume and price is back near that pivot. This is the kind of retest zone where follow-through can matter more than chasing a stretched candle. Secondary patterns: Possible inverse H&S.,Strengthening,7.1
LTFOODS,LT Foods Ltd.,LTFOODS.NS,Fast Moving Consumer Goods,True,,NIFTY 500,^CRSLDX,2026-09-02,442.45,1.25,-1.96,6.32,718007.0,2670513.0,0.27,317682205.91,59.4,68.27,True,True,True,True,True,2.45,9.69,0.46,False,False,False,False,0.47,0.0190524,0.01720597,10.73,8.39,True,1.0,0.0,0.27,5.1,Actionable watch,Breakout retest,"breakout, retest, pivot, volume, flag, continuation, uptrend",436.1,2026-08-24,47.94,1.46,,,,Prior resistance has been cleared on higher volume and price is back near that pivot. This is the kind of retest zone where follow-through can matter more than chasing a stretched candle. Secondary patterns: Bullish flag.,Strengthening,7.1
TBOTEK,TBO Tek Ltd.,TBOTEK.NS,Consumer Services,True,,NIFTY 500,^CRSLDX,2026-09-02,1700.0,-1.3,-0.38,1.95,156687.0,172284.0,0.91,266367900.0,58.02,63.23,False,True,True,True,True,1.61,8.49,0.69,False,False,True,False,3.08,0.07320392,0.06683041,9.54,8.17,True,1.0,0.5,0.91,4.35,Actionable watch,Breakout retest,"breakout, retest, pivot, volume, inverse-head-and-shoulders, base, reversal",1704.0,2026-08-31,1.71,0.23,,,,Prior resistance has been cleared on higher volume and price is back near that pivot. This is the kind of retest zone where follow-through can matter more than chasing a stretched candle. Secondary patterns: Possible inverse H&S.,Strengthening,7.1
MAHABANK,Bank of Maharashtra,MAHABANK.NS,Financial Services,True,,NIFTY 500,^CRSLDX,2026-09-02,82.4,-0.36,-3.74,4.04,17802410.0,14189839.0,1.25,1466918611.16,52.76,66.05,False,True,True,True,True,1.51,0.16,3.48,False,False,False,False,14.2,0.00354824,0.00352539,0.65,7.19,True,1.0,0.0,1.25,4.7,Actionable watch,Breakout retest,"breakout, retest, pivot, volume",82.43,2026-08-26,5.37,0.04,,,,Prior resistance has been cleared on higher volume and price is back near that pivot. This is the kind of retest zone where follow-through can matter more than chasing a stretched candle.,Strengthening,7.1
OFSS,Oracle Financial Services Software Ltd.,OFSS.NS,Information Technology,True,,NIFTY 500,^CRSLDX,2026-09-02,12158.0,-0.24,3.03,3.39,238642.0,217948.0,1.09,2901409436.0,59.13,56.58,True,True,True,True,True,2.61,5.81,4.39,False,False,False,False,3.8,0.5235372,0.48928119,7.0,6.92,True,1.0,0.0,1.09,4.98,Actionable watch,Breakout retest,"breakout, retest, pivot, volume, inverse-head-and-shoulders, base, reversal",11900.0,2026-08-28,2.17,0.43,,,,Prior resistance has been cleared on higher volume and price is back near that pivot. This is the kind of retest zone where follow-through can matter more than chasing a stretched candle. Secondary patterns: Possible inverse H&S.,Strengthening,7.1
DLF,DLF Ltd.,DLF.NS,Realty,True,,NIFTY 500,^CRSLDX,2026-09-02,673.55,-0.24,0.16,3.77,3577683.0,2962917.0,1.21,2409748340.98,53.08,54.95,False,True,True,True,True,0.64,2.55,-1.42,False,False,False,False,8.09,0.02900382,0.02804065,3.43,6.79,True,0.6666666666666666,0.0,1.21,4.26,Actionable watch,Breakout retest,"breakout, retest, pivot, volume, inverse-head-and-shoulders, base, reversal",678.75,2026-08-24,1.52,0.77,,,,Prior resistance has been cleared on higher volume and price is back near that pivot. This is the kind of retest zone where follow-through can matter more than chasing a stretched candle. Secondary patterns: Possible inverse H&S.,Strengthening,7.1
CARTRADE,Cartrade Tech Ltd.,CARTRADE.NS,Consumer Services,True,,NIFTY 500,^CRSLDX,2026-09-02,2932.3,-1.27,-6.68,3.17,157324.0,358207.0,0.44,461321172.88,52.56,71.07,False,True,True,True,True,0.87,3.65,0.1,False,False,False,False,7.2,0.12626815,0.12066633,4.64,6.63,True,1.0,0.0,0.44,5.1,Actionable watch,Breakout retest,"breakout, retest, pivot, volume, flag, continuation, uptrend, inverse-head-and-shoulders, base, reversal",2895.7,2026-08-21,3.41,0.63,,,,"Prior resistance has been cleared on higher volume and price is back near that pivot. This is the kind of retest zone where follow-through can matter more than chasing a stretched candle. Secondary patterns: Bullish flag, Possible inverse H&S.",Strengthening,7.1
ACMESOLAR,ACME Solar Holdings Ltd.,ACMESOLAR.NS,Power,True,,NIFTY 500,^CRSLDX,2026-09-02,398.25,-1.35,0.58,4.19,2449125.0,1915799.0,1.28,975364031.25,58.07,60.0,False,True,True,True,True,3.39,5.17,4.09,False,False,True,False,3.91,0.01714909,0.01617179,6.04,6.45,True,1.0,0.5,1.28,4.94,Actionable watch,Breakout retest,"breakout, retest, pivot, volume, flag, continuation, uptrend, inverse-head-and-shoulders, base, reversal",395.95,2026-08-21,2.09,0.58,,,,"Prior resistance has been cleared on higher volume and price is back near that pivot. This is the kind of retest zone where follow-through can matter more than chasing a stretched candle. Secondary patterns: Bullish flag, Possible inverse H&S.",Strengthening,7.1
ELGIEQUIP,Elgi Equipments Ltd.,ELGIEQUIP.NS,Capital Goods,True,,NIFTY 500,^CRSLDX,2026-09-02,616.75,-1.93,-0.13,5.59,340529.0,846499.0,0.4,210021260.75,53.57,56.72,False,True,True,True,True,1.19,3.82,2.38,False,False,False,False,6.95,0.02655795,0.02542006,4.48,6.42,True,1.0,0.0,0.4,4.7,Actionable watch,Breakout retest,"breakout, retest, pivot, volume, inverse-head-and-shoulders, base, reversal",623.94,2026-08-19,2.78,1.15,,,,Prior resistance has been cleared on higher volume and price is back near that pivot. This is the kind of retest zone where follow-through can matter more than chasing a stretched candle. Secondary patterns: Possible inverse H&S.,Strengthening,7.1
HEG,H.E.G. Ltd.,HEG.NS,Capital Goods,True,,NIFTY 500,^CRSLDX,2026-09-02,706.4,-3.22,-1.0,2.94,1020296.0,1646285.0,0.62,720737119.31,55.64,63.72,False,True,True,True,True,0.04,11.49,3.06,False,False,False,False,-20.63,0.03041838,0.02692542,12.97,6.14,True,1.0,0.0,0.62,4.6,Actionable watch,Breakout retest,"breakout, retest, pivot, volume, flag, continuation, uptrend, inverse-head-and-shoulders, base, reversal",687.97,2026-08-14,1.41,2.18,,,,"Prior resistance has been cleared on higher volume and price is back near that pivot. This is the kind of retest zone where follow-through can matter more than chasing a stretched candle. Secondary patterns: Bullish flag, Possible inverse H&S.",Strengthening,7.1
NSLNISP,NMDC Steel Ltd.,NSLNISP.NS,Metals & Mining,True,,NIFTY 500,^CRSLDX,2026-09-02,45.69,0.18,10.26,2.05,10187326.0,13043653.0,0.78,465458910.95,57.45,45.21,True,True,True,True,True,5.53,5.8,-0.19,False,False,False,False,5.55,0.00196746,0.00184547,6.61,5.91,True,0.6666666666666666,0.0,0.78,4.7,Actionable watch,Breakout retest,"breakout, retest, pivot, volume, inverse-head-and-shoulders, base, reversal",45.95,2026-08-28,6.31,0.56,,,,Prior resistance has been cleared on higher volume and price is back near that pivot. This is the kind of retest zone where follow-through can matter more than chasing a stretched candle. Secondary patterns: Possible inverse H&S.,Strengthening,7.08
BHEL,Bharat Heavy Electricals Ltd.,BHEL.NS,Capital Goods,True,,NIFTY 500,^CRSLDX,2026-09-02,427.5,0.22,2.89,3.66,5739500.0,8145372.0,0.7,2453636250.0,54.9,51.68,True,True,True,True,True,1.79,3.94,5.14,False,False,False,False,-2.43,0.01840863,0.01757597,4.74,5.86,True,1.0,0.0,0.7,4.81,Actionable watch,Breakout retest,"breakout, retest, pivot, volume",422.26,2026-08-17,1.81,1.16,,,,Prior resistance has been cleared on higher volume and price is back near that pivot. This is the kind of retest zone where follow-through can matter more than chasing a stretched candle.,Strengthening,7.07
PNB,Punjab National Bank,PNB.NS,Financial Services,True,,NIFTY 500,^CRSLDX,2026-09-02,117.0,1.54,0.26,3.04,21094953.0,13679204.0,1.54,2468109501.0,59.05,59.7,True,True,True,True,True,0.74,4.98,-0.09,False,False,False,False,-3.63,0.00503815,0.00476184,5.8,4.71,True,0.3333333333333333,0.0,1.54,2.2,Watch,Possible inverse H&S,"inverse-head-and-shoulders, base, reversal",124.16,,,5.77,,,124.16,A possible inverse head-and-shoulders base is visible. The setup improves only if price clears or holds near the neckline with better volume.,Strengthening with volume,7.01
CPPLUS,Aditya Infotech Ltd.,CPPLUS.NS,Capital Goods,True,,NIFTY 500,^CRSLDX,2026-09-02,3721.4,-0.15,5.41,4.69,222181.0,291529.0,0.76,826824351.7,58.48,51.06,True,True,True,True,True,4.02,4.37,9.87,False,False,False,False,11.29,0.16024768,0.15264866,4.98,8.49,True,1.0,0.0,0.76,3.7,Actionable watch,Breakout retest,"breakout, retest, pivot, volume, flag, continuation, uptrend",3731.6,2026-08-11,2.0,0.27,,,,Prior resistance has been cleared on higher volume and price is back near that pivot. This is the kind of retest zone where follow-through can matter more than chasing a stretched candle. Secondary patterns: Bullish flag.,Strengthening,7.0
IIFL,IIFL Finance Ltd.,IIFL.NS,Financial Services,True,,NIFTY 500,^CRSLDX,2026-09-02,633.25,-0.92,-3.18,3.78,4478588.0,2527559.0,1.77,2836065851.0,52.18,61.21,False,False,True,True,True,-0.97,7.7,2.27,False,False,False,False,-7.97,0.02726846,0.02505766,8.82,6.31,True,1.0,0.0,1.77,3.4,Actionable watch,Possible inverse H&S,"inverse-head-and-shoulders, base, reversal, flag, continuation, uptrend",516.65,,,22.57,,,516.65,A possible inverse head-and-shoulders base is visible. The setup improves only if price clears or holds near the neckline with better volume. Secondary patterns: Bullish flag.,Strengthening with volume,6.99
NAUKRI,Info Edge (India) Ltd.,NAUKRI.NS,Consumer Services,True,,NIFTY 500,^CRSLDX,2026-09-02,1343.7,-0.91,1.53,8.19,1456027.0,2004228.0,0.73,1956463408.8,58.06,58.54,True,True,True,True,True,0.78,9.88,-0.08,False,False,False,False,1.26,0.05786124,0.0520383,11.19,8.79,True,0.6666666666666666,0.0,0.73,3.52,Actionable watch,Bullish flag,"flag, continuation, uptrend, inverse-head-and-shoulders, base, reversal",1378.4,2026-08-19,0.46,,4.98,41.38,,Price has made a sharp impulse move and is now consolidating near the highs. A controlled pullback with quieter volume keeps the continuation setup alive. Secondary patterns: Possible inverse H&S.,Strengthening,6.93
GLAND,Gland Pharma Ltd.,GLAND.NS,Healthcare,True,,NIFTY 500,^CRSLDX,2026-09-02,2868.4,-0.23,-1.2,13.55,556479.0,851933.0,0.65,1596204309.26,62.41,67.36,True,True,True,True,True,1.11,10.18,4.93,False,False,False,False,14.21,0.12351654,0.11086646,11.41,14.14,True,1.0,0.0,0.65,3.46,Actionable watch,Bullish flag,"flag, continuation, uptrend, inverse-head-and-shoulders, base, reversal",2970.2,2026-08-14,0.46,,6.99,36.86,,Price has made a sharp impulse move and is now consolidating near the highs. A controlled pullback with quieter volume keeps the continuation setup alive. Secondary patterns: Possible inverse H&S.,Strengthening,6.91
MOTILALOFS,Motilal Oswal Financial Services Ltd.,MOTILALOFS.NS,Financial Services,True,,NIFTY 500,^CRSLDX,2026-09-02,1017.6,0.16,-2.15,15.64,1043683.0,1257980.0,0.83,1062051795.32,65.26,75.34,True,True,True,True,True,5.95,8.19,-0.49,False,False,False,False,31.25,0.043819,0.04016457,9.1,20.57,True,0.6666666666666666,0.0,0.83,3.4,Actionable watch,Possible inverse H&S,"inverse-head-and-shoulders, base, reversal",856.25,,,18.84,,,856.25,A possible inverse head-and-shoulders base is visible. The setup improves only if price clears or holds near the neckline with better volume.,Strengthening,6.89
POLICYBZR,PB Fintech Ltd.,POLICYBZR.NS,Financial Services,True,,NIFTY 500,^CRSLDX,2026-09-02,1851.9,1.24,0.65,14.31,610564.0,1389238.0,0.44,1130703486.51,65.98,73.72,True,True,True,True,True,5.07,11.46,0.11,False,False,False,False,20.33,0.0797449,0.07095189,12.39,18.29,True,1.0,0.0,0.44,3.4,Actionable watch,Possible inverse H&S,"inverse-head-and-shoulders, base, reversal",1778.4,,,4.13,,,1778.4,A possible inverse head-and-shoulders base is visible. The setup improves only if price clears or holds near the neckline with better volume.,Strengthening,6.89
BOSCHLTD,Bosch Ltd.,BOSCHLTD.NS,Automobile and Auto Components,True,,NIFTY 500,^CRSLDX,2026-09-02,47250.0,-2.68,-3.36,10.09,50831.0,49395.0,1.03,2401764750.0,55.87,76.57,False,True,True,True,True,0.11,8.54,2.61,False,False,False,False,19.44,2.0346383,1.85507299,9.68,16.99,True,1.0,0.0,1.03,3.4,Actionable watch,Possible inverse H&S,"inverse-head-and-shoulders, base, reversal",38997.5,,,21.16,,,38997.5,A possible inverse head-and-shoulders base is visible. The setup improves only if price clears or holds near the neckline with better volume.,Strengthening,6.89
ANTHEM,Anthem Biosciences Ltd.,ANTHEM.NS,Healthcare,True,,NIFTY 500,^CRSLDX,2026-09-02,934.5,1.08,1.24,13.18,1484601.0,820667.0,1.81,1387359634.5,68.16,71.92,True,True,True,True,True,5.42,13.89,2.54,False,True,True,True,10.95,0.04024062,0.03500269,14.96,16.36,True,1.0,1.0,1.81,3.4,Actionable watch,Possible inverse H&S,"inverse-head-and-shoulders, base, reversal",731.68,,,27.72,,,731.68,A possible inverse head-and-shoulders base is visible. The setup improves only if price clears or holds near the neckline with better volume.,Strengthening with volume,6.89
SAIL,Steel Authority of India Ltd.,SAIL.NS,Metals & Mining,True,,NIFTY 500,^CRSLDX,2026-09-02,196.5,1.81,0.82,11.97,18746876.0,25455928.0,0.74,3683761134.0,67.04,73.43,True,True,True,True,True,8.79,13.88,2.73,False,False,False,False,12.16,0.00846151,0.00735817,14.99,15.5,True,1.0,0.0,0.74,3.4,Actionable watch,Possible inverse H&S,"inverse-head-and-shoulders, base, reversal",179.36,,,9.56,,,179.36,A possible inverse head-and-shoulders base is visible. The setup improves only if price clears or holds near the neckline with better volume.,Strengthening,6.89
JYOTICNC,Jyoti CNC Automation Ltd.,JYOTICNC.NS,Capital Goods,True,,NIFTY 500,^CRSLDX,2026-09-02,955.65,-3.38,-5.63,11.15,757082.0,1571214.0,0.48,723505431.78,57.83,77.21,False,True,True,True,True,3.86,13.13,0.06,False,False,False,False,7.41,0.04115137,0.03590063,14.63,14.98,True,1.0,0.0,0.48,3.4,Actionable watch,Possible inverse H&S,"inverse-head-and-shoulders, base, reversal",865.25,,,10.45,,,865.25,A possible inverse head-and-shoulders base is visible. The setup improves only if price clears or holds near the neckline with better volume.,Strengthening,6.89
IDEA,Vodafone Idea Ltd.,IDEA.NS,Telecommunication,True,,NIFTY 500,^CRSLDX,2026-09-02,14.53,3.34,-3.52,13.52,526686856.0,434850597.0,1.21,7652759877.04,57.6,70.0,True,True,True,True,True,4.14,5.44,3.79,False,False,False,False,23.02,0.00062568,0.00058991,6.06,14.9,True,1.0,0.0,1.21,3.4,Actionable watch,Possible inverse H&S,"inverse-head-and-shoulders, base, reversal, flag, continuation, uptrend",11.26,,,28.98,,,11.26,A possible inverse head-and-shoulders base is visible. The setup improves only if price clears or holds near the neckline with better volume. Secondary patterns: Bullish flag.,Strengthening,6.89
CGCL,Capri Global Capital Ltd.,CGCL.NS,Financial Services,True,,NIFTY 500,^CRSLDX,2026-09-02,256.6,2.27,0.1,7.68,3707901.0,6555076.0,0.57,951447419.23,61.4,67.53,True,True,True,True,True,8.05,7.83,1.95,False,False,True,False,19.47,0.01104949,0.01015272,8.83,14.47,True,1.0,0.5,0.57,3.4,Actionable watch,Possible inverse H&S,"inverse-head-and-shoulders, base, reversal",198.38,,,29.34,,,198.38,A possible inverse head-and-shoulders base is visible. The setup improves only if price clears or holds near the neckline with better volume.,Strengthening,6.89
NAVINFLUOR,Navin Fluorine International Ltd.,NAVINFLUOR.NS,Chemicals,True,,NIFTY 500,^CRSLDX,2026-09-02,8542.5,-1.08,-0.12,12.26,217818.0,350988.0,0.62,1860710265.0,61.33,65.16,True,True,True,True,True,2.19,7.92,4.4,False,False,True,False,14.51,0.36784969,0.33791475,8.86,14.23,True,1.0,0.5,0.62,3.4,Actionable watch,Possible inverse H&S,"inverse-head-and-shoulders, base, reversal",6933.0,,,23.22,,,6933.0,A possible inverse head-and-shoulders base is visible. The setup improves only if price clears or holds near the neckline with better volume.,Strengthening,6.89
GLAXO,Glaxosmithkline Pharmaceuticals Ltd.,GLAXO.NS,Healthcare,True,,NIFTY 500,^CRSLDX,2026-09-02,2949.9,-1.54,-2.78,14.8,59172.0,188541.0,0.31,174551477.02,60.47,74.89,False,True,True,True,True,3.55,11.99,1.2,False,False,False,False,5.18,0.12702602,0.11210069,13.31,13.69,True,1.0,0.0,0.31,3.4,Actionable watch,Possible inverse H&S,"inverse-head-and-shoulders, base, reversal",2623.9,,,12.42,,,2623.9,A possible inverse head-and-shoulders base is visible. The setup improves only if price clears or holds near the neckline with better volume.,Strengthening,6.89
KPRMILL,K.P.R. Mill Ltd.,KPRMILL.NS,Textiles,True,,NIFTY 500,^CRSLDX,2026-09-02,1167.4,0.77,2.76,8.24,308583.0,307771.0,1.0,360239801.73,60.77,57.14,True,True,True,True,True,4.01,4.67,0.62,False,False,False,False,21.57,0.05026956,0.04776176,5.25,12.64,True,1.0,0.0,1.0,3.4,Actionable watch,Possible inverse H&S,"inverse-head-and-shoulders, base, reversal",988.93,,,18.05,,,988.93,A possible inverse head-and-shoulders base is visible. The setup improves only if price clears or holds near the neckline with better volume.,Strengthening,6.89
MEESHO,Meesho Ltd.,MEESHO.NS,Consumer Services,True,,NIFTY 500,^CRSLDX,2026-09-02,211.6,3.14,1.66,11.52,23150857.0,14107861.0,1.64,4898721482.5,67.75,67.61,True,True,True,True,,5.98,9.79,,False,True,False,False,13.09,0.00911173,0.00823138,10.7,12.5,True,0.3333333333333333,0.5,1.64,3.4,Actionable watch,Possible inverse H&S,"inverse-head-and-shoulders, base, reversal",201.74,,,4.88,,,201.74,A possible inverse head-and-shoulders base is visible. The setup improves only if price clears or holds near the neckline with better volume.,Strengthening with volume,6.89
KPIL,Kalpataru Projects International Ltd.,KPIL.NS,Construction,True,,NIFTY 500,^CRSLDX,2026-09-02,1410.5,0.15,1.38,9.94,78295.0,360187.0,0.22,110435097.5,61.89,58.39,True,True,True,True,True,2.48,4.79,0.98,False,True,True,False,19.13,0.06073772,0.05766372,5.33,12.44,True,1.0,1.0,0.22,3.4,Actionable watch,Possible inverse H&S,"inverse-head-and-shoulders, base, reversal",1262.25,,,11.74,,,1262.25,A possible inverse head-and-shoulders base is visible. The setup improves only if price clears or holds near the neckline with better volume.,Strengthening,6.89
CRAFTSMAN,Craftsman Automation Ltd.,CRAFTSMAN.NS,Automobile and Auto Components,True,,NIFTY 500,^CRSLDX,2026-09-02,10999.0,-2.26,4.36,5.67,43059.0,50748.0,0.85,473605941.0,62.06,58.25,True,True,True,True,True,3.17,10.84,5.02,False,False,True,False,-0.17,0.47362935,0.42321635,11.91,10.27,True,1.0,0.5,0.85,3.4,Actionable watch,Possible inverse H&S,"inverse-head-and-shoulders, base, reversal",8979.0,,,22.5,,,8979.0,A possible inverse head-and-shoulders base is visible. The setup improves only if price clears or holds near the neckline with better volume.,Strengthening,6.89
COHANCE,Cohance Lifesciences Ltd.,COHANCE.NS,Healthcare,True,,NIFTY 500,^CRSLDX,2026-09-02,458.3,-0.37,-0.88,6.72,417152.0,1564212.0,0.27,191180756.51,54.49,56.74,True,True,True,True,True,1.34,3.04,-6.85,False,False,False,False,15.28,0.01973491,0.01904795,3.61,10.03,True,0.6666666666666666,0.0,0.27,3.4,Actionable watch,Possible inverse H&S,"inverse-head-and-shoulders, base, reversal",329.7,,,39.01,,,329.7,A possible inverse head-and-shoulders base is visible. The setup improves only if price clears or holds near the neckline with better volume.,Strengthening,6.89
PARADEEP,Paradeep Phosphates Ltd.,PARADEEP.NS,Chemicals,True,,NIFTY 500,^CRSLDX,2026-09-02,156.19,-0.84,-4.67,6.46,2872209.0,6213144.0,0.46,448610330.72,55.77,72.39,False,True,True,True,True,2.18,7.01,-1.17,False,False,False,False,7.22,0.00672572,0.00621883,8.15,9.93,True,0.6666666666666666,0.0,0.46,3.4,Actionable watch,Possible inverse H&S,"inverse-head-and-shoulders, base, reversal",139.86,,,11.67,,,139.86,A possible inverse head-and-shoulders base is visible. The setup improves only if price clears or holds near the neckline with better volume.,Strengthening,6.89
PPLPHARMA,Piramal Pharma Ltd.,PPLPHARMA.NS,Healthcare,True,,NIFTY 500,^CRSLDX,2026-09-02,213.78,0.27,1.18,3.39,3101137.0,4343008.0,0.71,662961064.07,59.46,60.42,True,True,True,True,True,0.95,10.82,0.78,False,False,True,False,-6.3,0.00920561,0.00821238,12.09,7.69,True,1.0,0.5,0.71,3.4,Actionable watch,Possible inverse H&S,"inverse-head-and-shoulders, base, reversal",190.74,,,12.08,,,190.74,A possible inverse head-and-shoulders base is visible. The setup improves only if price clears or holds near the neckline with better volume.,Strengthening,6.89
GRASIM,Grasim Industries Ltd.,GRASIM.NS,Construction Materials,True,,NIFTY 500,^CRSLDX,2026-09-02,3294.9,-0.31,-0.15,2.52,1085963.0,1192504.0,0.91,3578139382.65,54.18,58.35,False,True,True,True,True,0.07,3.08,1.6,False,False,True,False,10.44,0.14188211,0.1366523,3.83,7.45,True,1.0,0.5,0.91,3.4,Actionable watch,Possible inverse H&S,"inverse-head-and-shoulders, base, reversal",2913.6,,,13.09,,,2913.6,A possible inverse head-and-shoulders base is visible. The setup improves only if price clears or holds near the neckline with better volume.,Strengthening,6.89
OBEROIRLTY,Oberoi Realty Ltd.,OBEROIRLTY.NS,Realty,True,,NIFTY 500,^CRSLDX,2026-09-02,1866.0,-0.78,-0.21,3.29,378085.0,493057.0,0.77,705506610.0,52.4,53.75,False,True,True,True,True,0.71,0.86,0.72,False,False,False,False,14.87,0.08035207,0.07904308,1.66,7.01,True,1.0,0.0,0.77,3.4,Actionable watch,Possible inverse H&S,"inverse-head-and-shoulders, base, reversal",1755.55,,,6.29,,,1755.55,A possible inverse head-and-shoulders base is visible. The setup improves only if price clears or holds near the neckline with better volume.,Strengthening,6.89
ETERNAL,Eternal Ltd.,ETERNAL.NS,Consumer Services,True,,NIFTY 500,^CRSLDX,2026-09-02,327.3,-0.14,0.09,5.46,20128556.0,38015716.0,0.53,6588076133.09,64.46,65.37,False,True,True,True,True,1.57,8.46,0.09,False,False,False,False,0.39,0.01409391,0.01285163,9.67,6.88,True,1.0,0.0,0.53,3.4,Actionable watch,Possible inverse H&S,"inverse-head-and-shoulders, base, reversal, flag, continuation, uptrend",306.77,,,6.69,,,306.77,A possible inverse head-and-shoulders base is visible. The setup improves only if price clears or holds near the neckline with better volume. Secondary patterns: Bullish flag.,Strengthening,6.89
BAJAJ-AUTO,Bajaj Auto Ltd.,BAJAJ-AUTO.NS,Automobile and Auto Components,True,,NIFTY 500,^CRSLDX,2026-09-02,12130.0,-1.87,3.46,2.8,333604.0,238714.0,1.4,4046616520.0,64.16,59.56,True,True,True,True,True,2.86,9.66,3.1,False,False,True,False,-6.51,0.52233148,0.47153367,10.77,6.67,True,1.0,0.5,1.4,3.4,Actionable watch,Possible inverse H&S,"inverse-head-and-shoulders, base, reversal",10081.5,,,20.32,,,10081.5,A possible inverse head-and-shoulders base is visible. The setup improves only if price clears or holds near the neckline with better volume.,Strengthening,6.89
ECLERX,eClerx Services Ltd.,ECLERX.NS,Services,True,,NIFTY 500,^CRSLDX,2026-09-02,2004.5,1.56,3.11,4.58,264719.0,274026.0,0.97,530629235.5,66.27,61.93,True,True,True,True,True,7.27,13.63,-2.07,False,True,False,False,-19.48,0.08631603,0.07496161,15.15,6.61,True,0.3333333333333333,0.5,0.97,3.4,Actionable watch,Possible inverse H&S,"inverse-head-and-shoulders, base, reversal",1833.75,,,9.31,,,1833.75,A possible inverse head-and-shoulders base is visible. The setup improves only if price clears or holds near the neckline with better volume.,Strengthening,6.89
DIXON,Dixon Technologies (India) Ltd.,DIXON.NS,Consumer Durables,True,,NIFTY 500,^CRSLDX,2026-09-02,14590.0,0.89,-0.98,1.96,216645.0,343667.0,0.63,3160850550.0,55.51,60.63,False,True,True,True,True,1.18,5.5,-0.87,False,False,False,False,2.2,0.62826186,0.58946192,6.58,6.4,True,0.6666666666666666,0.0,0.63,3.4,Actionable watch,Possible inverse H&S,"inverse-head-and-shoulders, base, reversal, flag, continuation, uptrend",12068.5,,,20.89,,,12068.5,A possible inverse head-and-shoulders base is visible. The setup improves only if price clears or holds near the neckline with better volume. Secondary patterns: Bullish flag.,Strengthening,6.89
UNIONBANK,Union Bank of India,UNIONBANK.NS,Financial Services,True,,NIFTY 500,^CRSLDX,2026-09-02,186.86,1.06,-0.35,6.29,9419790.0,11221807.0,0.84,1760181965.15,58.35,63.96,True,True,True,True,True,0.76,6.49,2.54,False,False,False,False,3.0,0.0080464,0.00749431,7.37,9.55,True,1.0,0.0,0.84,3.28,Watch,Bullish flag,"flag, continuation, uptrend, inverse-head-and-shoulders, base, reversal",188.9,2026-08-17,0.51,,4.13,22.35,,Price has made a sharp impulse move and is now consolidating near the highs. A controlled pullback with quieter volume keeps the continuation setup alive. Secondary patterns: Possible inverse H&S.,Strengthening,6.85
FLUOROCHEM,Gujarat Fluorochemicals Ltd.,FLUOROCHEM.NS,Chemicals,True,,NIFTY 500,^CRSLDX,2026-09-02,4727.7,-0.26,-0.09,5.1,116596.0,241721.0,0.48,551230931.97,59.54,63.75,True,True,True,True,True,1.75,8.0,2.77,False,False,True,False,-10.34,0.2035801,0.18654215,9.13,4.55,True,1.0,0.5,0.48,5.1,Actionable watch,Breakout retest,"breakout, retest, pivot, volume, inverse-head-and-shoulders, base, reversal",4651.1,2026-08-13,5.91,0.62,,,,Prior resistance has been cleared on higher volume and price is back near that pivot. This is the kind of retest zone where follow-through can matter more than chasing a stretched candle. Secondary patterns: Possible inverse H&S.,Strengthening,6.81
PERSISTENT,Persistent Systems Ltd.,PERSISTENT.NS,Information Technology,True,,NIFTY 500,^CRSLDX,2026-09-02,5690.0,-1.9,1.78,3.08,610194.0,469406.0,1.3,3472003860.0,55.99,58.31,True,True,True,True,True,1.66,8.21,-0.51,False,False,False,False,-5.88,0.24501782,0.22411584,9.33,5.56,True,0.3333333333333333,0.0,1.3,3.4,Actionable watch,Possible inverse H&S,"inverse-head-and-shoulders, base, reversal",5455.95,,,4.29,,,5455.95,A possible inverse head-and-shoulders base is visible. The setup improves only if price clears or holds near the neckline with better volume.,Strengthening,6.8
TEJASNET,Tejas Networks Ltd.,TEJASNET.NS,Telecommunication,True,,NIFTY 500,^CRSLDX,2026-09-02,548.85,1.28,8.67,4.03,2070820.0,3567999.0,0.58,1136569506.44,57.62,41.01,True,True,True,True,True,4.56,1.71,-0.23,False,False,False,False,8.56,0.0236341,0.0231647,2.03,4.86,True,0.6666666666666666,0.0,0.58,3.76,Actionable watch,Breakout retest,"breakout, retest, pivot, volume",551.05,2026-08-31,2.12,0.4,,,,Prior resistance has been cleared on higher volume and price is back near that pivot. This is the kind of retest zone where follow-through can matter more than chasing a stretched candle.,Strengthening,6.79
KARURVYSYA,Karur Vysya Bank Ltd.,KARURVYSYA.NS,Financial Services,True,,NIFTY 500,^CRSLDX,2026-09-02,346.6,-0.29,-2.19,2.65,1317008.0,1564987.0,0.84,456474980.84,60.61,70.27,True,True,True,True,True,2.15,6.88,3.35,False,False,True,False,-7.98,0.01492499,0.01383313,7.89,3.55,True,1.0,0.5,0.84,5.1,Actionable watch,Breakout retest,"breakout, retest, pivot, volume, flag, continuation, uptrend, inverse-head-and-shoulders, base, reversal",345.79,2026-08-26,2.4,0.23,,,,"Prior resistance has been cleared on higher volume and price is back near that pivot. This is the kind of retest zone where follow-through can matter more than chasing a stretched candle. Secondary patterns: Bullish flag, Possible inverse H&S.",Strengthening,6.61
JINDALSTEL,Jindal Steel Ltd.,JINDALSTEL.NS,Metals & Mining,True,,NIFTY 500,^CRSLDX,2026-09-02,1159.4,-0.05,-1.36,4.32,706185.0,799862.0,0.88,818750906.24,59.08,68.83,True,True,True,True,True,2.49,6.85,0.7,False,False,False,False,-1.67,0.04992507,0.04637225,7.66,5.41,True,0.6666666666666666,0.0,0.88,2.92,Actionable watch,Possible inverse H&S,"inverse-head-and-shoulders, base, reversal",1148.35,,,0.96,,,1148.35,A possible inverse head-and-shoulders base is visible. The setup improves only if price clears or holds near the neckline with better volume.,Strengthening,6.6
PETRONET,Petronet LNG Ltd.,PETRONET.NS,Oil Gas & Consumable Fuels,True,,NIFTY 500,^CRSLDX,2026-09-02,289.2,-1.06,0.07,2.99,1476267.0,2027842.0,0.73,426936434.42,52.84,57.07,False,True,True,True,True,0.78,2.73,0.63,False,False,False,False,2.97,0.01245328,0.01204733,3.37,3.52,True,1.0,0.0,0.73,5.1,Actionable watch,Breakout retest,"breakout, retest, pivot, volume, inverse-head-and-shoulders, base, reversal",283.26,2026-08-19,2.9,1.8,,,,Prior resistance has been cleared on higher volume and price is back near that pivot. This is the kind of retest zone where follow-through can matter more than chasing a stretched candle. Secondary patterns: Possible inverse H&S.,Strengthening,6.6
GRAPHITE,Graphite India Ltd.,GRAPHITE.NS,Capital Goods,True,,NIFTY 500,^CRSLDX,2026-09-02,726.6,-0.86,5.44,2.46,680122.0,1075075.0,0.63,494176628.6,58.77,47.62,True,True,True,True,True,1.38,9.08,2.26,False,False,False,False,-12.94,0.03128821,0.02844892,9.98,4.39,True,1.0,0.0,0.63,3.36,Watch,Bullish flag,"flag, continuation, uptrend",737.15,2026-08-18,0.72,,8.64,28.63,,Price has made a sharp impulse move and is now consolidating near the highs. A controlled pullback with quieter volume keeps the continuation setup alive.,Strengthening,6.55
ZYDUSLIFE,Zydus Lifesciences Ltd.,ZYDUSLIFE.NS,Healthcare,True,,NIFTY 500,^CRSLDX,2026-09-02,1154.2,-1.16,0.37,2.95,1377397.0,1758250.0,0.78,1589791550.14,53.16,55.57,True,True,True,True,True,0.98,1.8,1.75,False,False,False,False,7.43,0.04970115,0.04845588,2.57,4.2,True,1.0,0.0,0.78,3.4,Actionable watch,Possible inverse H&S,"inverse-head-and-shoulders, base, reversal",955.23,,,20.83,,,955.23,A possible inverse head-and-shoulders base is visible. The setup improves only if price clears or holds near the neckline with better volume.,Strengthening,6.53
PIRAMALFIN,Piramal Finance Ltd.,PIRAMALFIN.NS,Financial Services,True,,NIFTY 500,^CRSLDX,2026-09-02,2186.5,-1.78,-1.57,2.34,588816.0,350626.0,1.68,1287446184.0,54.39,67.33,False,True,True,True,True,1.85,2.48,,False,False,False,False,14.94,0.09415316,0.09119205,3.25,8.68,True,0.6666666666666666,0.0,1.68,0.0,No clear setup,,,,,,,,,,,Strengthening with volume,6.5
ASAHIINDIA,Asahi India Glass Ltd.,ASAHIINDIA.NS,Automobile and Auto Components,True,,NIFTY 500,^CRSLDX,2026-09-02,951.05,-0.02,-0.01,2.63,213322.0,208022.0,1.03,202879885.5,59.47,59.83,False,True,True,True,True,1.47,4.87,-0.11,False,False,False,False,6.3,0.04095329,0.03870004,5.82,8.04,True,0.3333333333333333,0.0,1.03,2.2,Watch,Possible inverse H&S,"inverse-head-and-shoulders, base, reversal",1009.67,,,5.81,,,1009.67,A possible inverse head-and-shoulders base is visible. The setup improves only if price clears or holds near the neckline with better volume.,Strengthening,6.47
PVRINOX,PVR INOX Ltd.,PVRINOX.NS,Media Entertainment & Publication,True,,NIFTY 500,^CRSLDX,2026-09-02,1210.0,-1.48,-3.61,4.14,311591.0,436376.0,0.71,377025110.0,58.57,77.18,False,True,True,True,True,0.84,9.79,0.45,False,False,False,False,-13.08,0.05210397,0.04693486,11.01,3.89,True,1.0,0.0,0.71,3.4,Actionable watch,Possible inverse H&S,"inverse-head-and-shoulders, base, reversal, flag, continuation, uptrend",1084.42,,,11.58,,,1084.42,A possible inverse head-and-shoulders base is visible. The setup improves only if price clears or holds near the neckline with better volume. Secondary patterns: Bullish flag.,Strengthening,6.47
BALRAMCHIN,Balrampur Chini Mills Ltd.,BALRAMCHIN.NS,Fast Moving Consumer Goods,True,,NIFTY 500,^CRSLDX,2026-09-02,669.75,0.13,-0.68,5.38,4011450.0,6827101.0,0.59,2686668637.5,53.34,55.29,False,True,True,True,True,1.28,8.46,4.13,False,False,False,False,-9.94,0.02884019,0.02631602,9.59,3.72,True,1.0,0.0,0.59,3.4,Actionable watch,Possible inverse H&S,"inverse-head-and-shoulders, base, reversal, flag, continuation, uptrend",460.95,,,45.3,,,460.95,A possible inverse head-and-shoulders base is visible. The setup improves only if price clears or holds near the neckline with better volume. Secondary patterns: Bullish flag.,Strengthening,6.43
FINCABLES,Finolex Cables Ltd.,FINCABLES.NS,Capital Goods,True,,NIFTY 500,^CRSLDX,2026-09-02,1191.2,-4.57,-7.4,18.72,643573.0,2164548.0,0.3,766624126.18,48.87,64.71,False,False,True,True,True,-3.67,6.22,5.02,False,False,False,False,28.85,0.05129441,0.04788286,7.12,22.34,True,1.0,0.0,0.3,5.1,Actionable watch,Breakout retest,"breakout, retest, pivot, volume, flag, continuation, uptrend",1187.17,2026-08-11,36.41,0.06,,,,Prior resistance has been cleared on higher volume and price is back near that pivot. This is the kind of retest zone where follow-through can matter more than chasing a stretched candle. Secondary patterns: Bullish flag.,Strengthening,6.4
ZENTEC,Zen Technologies Ltd.,ZENTEC.NS,Capital Goods,True,,NIFTY 500,^CRSLDX,2026-09-02,1829.1,2.72,-2.36,9.28,433911.0,547513.0,0.79,793666599.51,51.41,56.33,False,False,True,True,True,-0.6,2.11,3.04,False,False,False,False,21.78,0.07876311,0.07681879,2.53,10.9,True,1.0,0.0,0.79,4.7,Actionable watch,Breakout retest,"breakout, retest, pivot, volume, flag, continuation, uptrend, inverse-head-and-shoulders, base, reversal",1851.4,2026-08-18,6.16,1.2,,,,"Prior resistance has been cleared on higher volume and price is back near that pivot. This is the kind of retest zone where follow-through can matter more than chasing a stretched candle. Secondary patterns: Bullish flag, Possible inverse H&S.",Strengthening,6.4
TATATECH,Tata Technologies Ltd.,TATATECH.NS,Information Technology,True,,NIFTY 500,^CRSLDX,2026-09-02,813.25,-0.21,2.49,7.86,946970.0,2488590.0,0.38,770123352.5,52.54,48.88,True,False,True,True,True,-2.1,5.48,2.37,False,False,False,False,5.26,0.03501946,0.03291958,6.38,8.8,True,1.0,0.0,0.38,5.1,Actionable watch,Breakout retest,"breakout, retest, pivot, volume, flag, continuation, uptrend, inverse-head-and-shoulders, base, reversal",778.02,2026-08-06,9.07,2.18,,,,"Prior resistance has been cleared on higher volume and price is back near that pivot. This is the kind of retest zone where follow-through can matter more than chasing a stretched candle. Secondary patterns: Bullish flag, Possible inverse H&S.",Strengthening,6.4
PNBHOUSING,PNB Housing Finance Ltd.,PNBHOUSING.NS,Financial Services,True,,NIFTY 500,^CRSLDX,2026-09-02,1141.0,-0.95,-3.71,1.73,446878.0,899354.0,0.5,509887798.0,50.54,67.05,False,False,True,True,True,-1.62,3.2,2.77,False,False,False,False,11.02,0.04913275,0.04717636,4.15,7.77,True,1.0,0.0,0.5,5.1,Actionable watch,Breakout retest,"breakout, retest, pivot, volume, flag, continuation, uptrend, inverse-head-and-shoulders, base, reversal",1087.3,2026-07-07,2.7,3.5,,,,"Prior resistance has been cleared on higher volume and price is back near that pivot. This is the kind of retest zone where follow-through can matter more than chasing a stretched candle. Secondary patterns: Bullish flag, Possible inverse H&S.",Strengthening,6.4
JSWSTEEL,JSW Steel Ltd.,JSWSTEEL.NS,Metals & Mining,True,,NIFTY 500,^CRSLDX,2026-09-02,1306.0,-0.57,-2.61,-1.8,1562554.0,1683278.0,0.93,2040695524.0,53.02,65.84,False,True,True,True,True,0.39,2.97,1.1,False,False,True,False,-0.4,0.05623783,0.05419001,3.78,2.48,True,1.0,0.5,0.93,4.68,Actionable watch,Breakout retest,"breakout, retest, pivot, volume, inverse-head-and-shoulders, base, reversal",1308.9,2026-08-24,2.36,0.22,,,,Prior resistance has been cleared on higher volume and price is back near that pivot. This is the kind of retest zone where follow-through can matter more than chasing a stretched candle. Secondary patterns: Possible inverse H&S.,Strengthening,6.4
SIEMENS,Siemens Ltd.,SIEMENS.NS,Capital Goods,True,,NIFTY 500,^CRSLDX,2026-09-02,4018.9,-0.28,-0.6,0.98,263282.0,404798.0,0.65,1058104004.09,57.8,62.7,False,True,True,True,True,0.63,6.52,2.71,False,False,True,False,-10.98,0.17305836,0.16100289,7.49,2.48,True,1.0,0.5,0.65,5.1,Actionable watch,Breakout retest,"breakout, retest, pivot, volume, flag, continuation, uptrend, inverse-head-and-shoulders, base, reversal",3886.2,2026-08-04,3.1,2.06,,,,"Prior resistance has been cleared on higher volume and price is back near that pivot. This is the kind of retest zone where follow-through can matter more than chasing a stretched candle. Secondary patterns: Bullish flag, Possible inverse H&S.",Strengthening,6.4
UNOMINDA,UNO Minda Ltd.,UNOMINDA.NS,Automobile and Auto Components,True,,NIFTY 500,^CRSLDX,2026-09-02,1236.0,-3.01,-1.9,-1.12,1277959.0,740156.0,1.73,1579557324.0,48.67,60.87,False,False,True,True,True,-2.24,3.4,0.15,False,False,False,False,-4.43,0.05322355,0.050981,4.4,2.76,True,1.0,0.0,1.73,3.32,Actionable watch,Possible inverse H&S,"inverse-head-and-shoulders, base, reversal, flag, continuation, uptrend",1210.0,,,2.15,,,1210.0,A possible inverse head-and-shoulders base is visible. The setup improves only if price clears or holds near the neckline with better volume. Secondary patterns: Bullish flag.,Strengthening with volume,6.31
ENGINERSIN,Engineers India Ltd.,ENGINERSIN.NS,Construction,True,,NIFTY 500,^CRSLDX,2026-09-02,276.6,-1.23,10.48,15.12,6778160.0,5806198.0,1.17,1874839097.37,70.43,59.41,True,True,True,True,True,11.17,15.53,2.48,False,False,True,False,33.87,0.01191071,0.01025433,16.15,25.47,True,1.0,0.5,1.17,5.1,Actionable watch,Breakout retest,"breakout, retest, pivot, volume",265.53,2026-09-01,18.69,3.06,,,,Prior resistance has been cleared on higher volume and price is back near that pivot. This is the kind of retest zone where follow-through can matter more than chasing a stretched candle.,Strengthening,6.3
CANHLIFE,Canara HSBC Life Insurance Company Ltd.,CANHLIFE.NS,Financial Services,True,,NIFTY 500,^CRSLDX,2026-09-02,152.81,-0.89,-0.7,2.19,315187.0,1101091.0,0.29,48163724.7,53.2,59.1,False,True,True,True,True,0.62,3.33,2.45,False,False,True,False,2.63,0.00658017,0.00631626,4.18,5.14,True,1.0,0.5,0.29,2.2,Watch,Possible inverse H&S,"inverse-head-and-shoulders, base, reversal",159.69,,,4.31,,,159.69,A possible inverse head-and-shoulders base is visible. The setup improves only if price clears or holds near the neckline with better volume.,Strengthening,6.3
HAL,Hindustan Aeronautics Ltd.,HAL.NS,Capital Goods,True,,NIFTY 500,^CRSLDX,2026-09-02,4780.0,-0.57,-1.76,3.11,525469.0,1110636.0,0.47,2511741820.0,46.29,54.1,False,False,True,True,True,-3.01,2.45,0.52,False,False,False,False,1.51,0.20583219,0.19931097,3.27,5.42,True,1.0,0.0,0.47,5.1,Actionable watch,Breakout retest,"breakout, retest, pivot, volume, inverse-head-and-shoulders, base, reversal",4535.79,2026-08-06,7.53,3.77,,,,Prior resistance has been cleared on higher volume and price is back near that pivot. This is the kind of retest zone where follow-through can matter more than chasing a stretched candle. Secondary patterns: Possible inverse H&S.,Strengthening,6.28
LAURUSLABS,Laurus Labs Ltd.,LAURUSLABS.NS,Healthcare,True,,NIFTY 500,^CRSLDX,2026-09-02,1864.0,0.13,-1.22,1.58,2265297.0,3531297.0,0.64,4222513608.0,58.98,70.22,False,True,True,True,True,0.78,9.65,7.54,False,False,False,False,-20.74,0.08026594,0.07232596,10.98,2.78,True,1.0,0.0,0.64,3.4,Actionable watch,Possible inverse H&S,"inverse-head-and-shoulders, base, reversal",1124.2,,,65.81,,,1124.2,A possible inverse head-and-shoulders base is visible. The setup improves only if price clears or holds near the neckline with better volume.,Strengthening,6.25
MEDANTA,Global Health Ltd.,MEDANTA.NS,Healthcare,True,,NIFTY 500,^CRSLDX,2026-09-02,1444.9,-0.91,-0.96,2.49,224420.0,295338.0,0.76,324264463.48,53.7,61.03,False,True,True,True,True,0.46,4.02,1.17,False,False,False,False,-4.15,0.06221903,0.05929713,4.93,2.75,True,1.0,0.0,0.76,3.4,Actionable watch,Possible inverse H&S,"inverse-head-and-shoulders, base, reversal, flag, continuation, uptrend",1216.85,,,18.74,,,1216.85,A possible inverse head-and-shoulders base is visible. The setup improves only if price clears or holds near the neckline with better volume. Secondary patterns: Bullish flag.,Strengthening,6.24
RBLBANK,RBL Bank Ltd.,RBLBANK.NS,Financial Services,True,,NIFTY 500,^CRSLDX,2026-09-02,389.4,2.34,1.8,0.16,4296931.0,1965687.0,2.19,1673224905.17,58.47,52.03,True,True,True,True,True,0.86,3.81,2.01,False,False,True,False,4.58,0.016768,0.01604732,4.49,4.66,True,1.0,0.5,2.19,0.0,No clear setup,,,,,,,,,,,Strengthening with volume,6.23
SAPPHIRE,Sapphire Foods India Ltd.,SAPPHIRE.NS,Consumer Services,True,,NIFTY 500,^CRSLDX,2026-09-02,228.21,-0.76,-8.6,12.69,683459.0,3017660.0,0.23,155972182.98,53.45,77.75,False,False,True,True,True,-2.41,11.64,-2.07,False,False,False,False,20.63,0.00982698,0.00870964,12.83,21.06,True,0.6666666666666666,0.0,0.23,3.49,Actionable watch,Bullish flag,"flag, continuation, uptrend, inverse-head-and-shoulders, base, reversal",249.81,2026-08-25,0.37,,11.77,39.47,,Price has made a sharp impulse move and is now consolidating near the highs. A controlled pullback with quieter volume keeps the continuation setup alive. Secondary patterns: Possible inverse H&S.,Strengthening,6.22
NEULANDLAB,Neuland Laboratories Ltd.,NEULANDLAB.NS,Healthcare,True,,NIFTY 500,^CRSLDX,2026-09-02,22960.0,-0.28,-2.48,15.05,39701.0,111841.0,0.35,911534960.0,59.93,67.47,False,False,True,True,True,-0.37,11.72,3.99,False,False,True,False,20.75,0.9886835,0.87476487,13.02,21.53,True,1.0,0.5,0.35,3.47,Actionable watch,Bullish flag,"flag, continuation, uptrend, inverse-head-and-shoulders, base, reversal",23661.0,2026-08-17,0.57,,4.52,37.66,,Price has made a sharp impulse move and is now consolidating near the highs. A controlled pullback with quieter volume keeps the continuation setup alive. Secondary patterns: Possible inverse H&S.,Strengthening,6.21
DEVYANI,Devyani International Ltd.,DEVYANI.NS,Consumer Services,True,,NIFTY 500,^CRSLDX,2026-09-02,138.07,-0.45,-7.56,10.38,1211053.0,6518049.0,0.19,167210096.58,53.21,71.82,False,False,True,True,True,-2.36,10.62,-1.21,False,False,False,False,16.11,0.00594545,0.00532066,11.74,17.62,True,0.6666666666666666,0.0,0.19,3.46,Actionable watch,Bullish flag,"flag, continuation, uptrend, inverse-head-and-shoulders, base, reversal",149.9,2026-08-25,0.48,,10.75,36.43,,Price has made a sharp impulse move and is now consolidating near the highs. A controlled pullback with quieter volume keeps the continuation setup alive. Secondary patterns: Possible inverse H&S.,Strengthening,6.21
RKFORGE,Ramkrishna Forgings Ltd.,RKFORGE.NS,Automobile and Auto Components,True,,NIFTY 500,^CRSLDX,2026-09-02,726.1,-3.65,-0.81,2.78,603867.0,1059890.0,0.57,438467813.96,55.11,63.65,False,False,True,True,True,-1.46,11.68,3.54,False,False,False,False,-12.37,0.03126668,0.02765751,13.05,7.55,True,1.0,0.0,0.57,3.45,Actionable watch,Bullish flag,"flag, continuation, uptrend, inverse-head-and-shoulders, base, reversal",755.0,2026-08-17,0.32,,5.84,36.32,,Price has made a sharp impulse move and is now consolidating near the highs. A controlled pullback with quieter volume keeps the continuation setup alive. Secondary patterns: Possible inverse H&S.,Strengthening,6.21
AEGISVOPAK,Aegis Vopak Terminals Ltd.,AEGISVOPAK.NS,Oil Gas & Consumable Fuels,True,,NIFTY 500,^CRSLDX,2026-09-02,286.3,6.0,8.39,0.86,3126551.0,904706.0,3.46,895131513.13,58.88,43.04,True,True,True,True,True,4.81,4.13,-0.06,False,False,False,False,-0.71,0.0123284,0.01173235,5.08,-1.38,True,0.6666666666666666,0.0,3.46,3.4,Actionable watch,Possible inverse H&S,"inverse-head-and-shoulders, base, reversal",244.72,,,16.99,,,244.72,A possible inverse head-and-shoulders base is visible. The setup improves only if price clears or holds near the neckline with better volume.,Setup watch: Possible inverse H&S,6.21
APARINDS,Apar Industries Ltd.,APARINDS.NS,Capital Goods,True,,NIFTY 500,^CRSLDX,2026-09-02,16813.0,-3.37,-1.47,7.32,94221.0,161992.0,0.58,1584137673.0,53.44,60.94,False,False,True,True,True,-1.17,8.97,7.54,False,False,False,False,3.58,0.72398675,0.65968586,9.75,11.13,True,1.0,0.0,0.58,3.43,Actionable watch,Bullish flag,"flag, continuation, uptrend",18000.0,2026-08-12,0.74,,11.12,34.1,,Price has made a sharp impulse move and is now consolidating near the highs. A controlled pullback with quieter volume keeps the continuation setup alive.,Strengthening,6.2
IFCI,IFCI Ltd.,IFCI.NS,Financial Services,True,,NIFTY 500,^CRSLDX,2026-09-02,98.32,12.67,15.07,29.98,428006087.0,55537197.0,7.71,42081558343.22,77.56,70.75,True,True,True,True,True,20.41,27.2,4.24,False,True,True,True,31.59,0.00423377,0.00330312,28.17,32.15,True,1.0,1.0,7.71,3.4,Actionable watch,Possible inverse H&S,"inverse-head-and-shoulders, base, reversal",66.15,,,48.63,,,66.15,A possible inverse head-and-shoulders base is visible. The setup improves only if price clears or holds near the neckline with better volume.,Strengthening with volume,6.19
HOMEFIRST,Home First Finance Company India Ltd.,HOMEFIRST.NS,Financial Services,True,,NIFTY 500,^CRSLDX,2026-09-02,1196.7,1.18,1.1,0.83,125641.0,117963.0,1.07,150354578.57,53.3,48.68,True,True,True,True,True,0.95,0.01,-0.07,False,False,False,False,8.99,0.05153125,0.05112779,0.79,4.37,True,0.6666666666666666,0.0,1.07,2.2,Watch,Possible inverse H&S,"inverse-head-and-shoulders, base, reversal",1252.35,,,4.44,,,1252.35,A possible inverse head-and-shoulders base is visible. The setup improves only if price clears or holds near the neckline with better volume.,Strengthening,6.14
KALYANKJIL,Kalyan Jewellers India Ltd.,KALYANKJIL.NS,Consumer Durables,True,,NIFTY 500,^CRSLDX,2026-09-02,590.0,2.97,-3.37,3.6,21211204.0,11671370.0,1.82,12514610360.0,50.85,61.93,False,False,True,True,True,-2.25,8.45,2.24,False,False,False,False,-62.68,0.02540607,0.02305365,10.2,1.77,True,1.0,0.0,1.82,3.4,Actionable watch,Possible inverse H&S,"inverse-head-and-shoulders, base, reversal",419.93,,,40.5,,,419.93,A possible inverse head-and-shoulders base is visible. The setup improves only if price clears or holds near the neckline with better volume.,Strengthening with volume,6.14
SONACOMS,Sona BLW Precision Forgings Ltd.,SONACOMS.NS,Automobile and Auto Components,True,,NIFTY 500,^CRSLDX,2026-09-02,782.65,-3.32,-1.55,-3.92,3609175.0,2016887.0,1.79,2824720901.86,48.61,57.27,False,False,True,True,True,-3.18,5.74,6.01,False,False,False,False,-14.21,0.03370179,0.03148628,7.04,1.45,True,1.0,0.0,1.79,3.46,Actionable watch,Bullish flag,"flag, continuation, uptrend",824.0,2026-08-18,0.73,,6.54,36.58,,Price has made a sharp impulse move and is now consolidating near the highs. A controlled pullback with quieter volume keeps the continuation setup alive.,Strengthening with volume,6.1
PTCIL,PTC Industries Ltd.,PTCIL.NS,Capital Goods,True,,NIFTY 500,^CRSLDX,2026-09-02,22715.0,-0.18,8.59,25.55,33710.0,52282.0,0.64,765722650.0,72.57,65.07,True,True,True,True,True,11.67,21.23,1.83,False,False,True,False,25.48,0.97813353,0.79779205,22.61,28.03,True,1.0,0.5,0.64,3.4,Actionable watch,Possible inverse H&S,"inverse-head-and-shoulders, base, reversal",18125.0,,,25.32,,,18125.0,A possible inverse head-and-shoulders base is visible. The setup improves only if price clears or holds near the neckline with better volume.,Strengthening,6.09
LENSKART,Lenskart Solutions Ltd.,LENSKART.NS,Consumer Services,True,,NIFTY 500,^CRSLDX,2026-09-02,668.9,0.78,3.36,16.81,8766428.0,14439302.0,0.61,5863863903.22,74.58,73.1,True,True,True,True,True,6.75,15.98,,False,True,True,True,15.72,0.02880359,0.02457731,17.2,20.24,True,0.6666666666666666,1.0,0.61,3.4,Actionable watch,Possible inverse H&S,"inverse-head-and-shoulders, base, reversal",540.15,,,23.84,,,540.15,A possible inverse head-and-shoulders base is visible. The setup improves only if price clears or holds near the neckline with better volume.,Strengthening,6.09
THELEELA,Leela Palaces Hotels & Resorts Ltd.,THELEELA.NS,Consumer Services,True,,NIFTY 500,^CRSLDX,2026-09-02,569.9,-0.95,3.09,13.47,151712.0,658795.0,0.23,86460672.5,70.0,67.44,True,True,True,True,True,6.47,12.65,2.32,False,False,True,False,15.09,0.02454054,0.02159169,13.66,16.25,True,1.0,0.5,0.23,3.4,Actionable watch,Possible inverse H&S,"inverse-head-and-shoulders, base, reversal",491.0,,,16.07,,,491.0,A possible inverse head-and-shoulders base is visible. The setup improves only if price clears or holds near the neckline with better volume.,Strengthening,6.09
COFORGE,Coforge Ltd.,COFORGE.NS,Information Technology,True,,NIFTY 500,^CRSLDX,2026-09-02,1965.7,-1.17,4.56,10.62,1664705.0,2121606.0,0.78,3272310537.22,68.87,68.54,True,True,True,True,True,5.43,17.74,0.65,False,False,True,False,0.22,0.08464526,0.0709452,19.31,14.59,True,1.0,0.5,0.78,3.4,Actionable watch,Possible inverse H&S,"inverse-head-and-shoulders, base, reversal",1664.0,,,18.13,,,1664.0,A possible inverse head-and-shoulders base is visible. The setup improves only if price clears or holds near the neckline with better volume.,Strengthening,6.09
OIL,Oil India Ltd.,OIL.NS,Oil Gas & Consumable Fuels,True,,NIFTY 500,^CRSLDX,2026-09-02,498.15,1.66,6.18,12.2,4334029.0,3071202.0,1.41,2158996519.9,68.72,54.74,True,True,True,True,True,5.38,10.63,1.25,False,True,False,False,8.02,0.0214509,0.01922168,11.6,12.93,True,0.6666666666666666,0.5,1.41,3.4,Actionable watch,Possible inverse H&S,"inverse-head-and-shoulders, base, reversal",480.2,,,3.74,,,480.2,A possible inverse head-and-shoulders base is visible. The setup improves only if price clears or holds near the neckline with better volume.,Strengthening,6.09
DIVISLAB,Divi's Laboratories Ltd.,DIVISLAB.NS,Healthcare,True,,NIFTY 500,^CRSLDX,2026-09-02,9220.0,0.6,2.16,9.92,403502.0,420954.0,0.96,3720288440.0,71.06,78.35,True,True,True,True,True,5.8,18.0,3.26,False,False,True,False,-10.28,0.3970236,0.33206024,19.56,12.26,True,1.0,0.5,0.96,3.4,Actionable watch,Possible inverse H&S,"inverse-head-and-shoulders, base, reversal",6849.75,,,34.6,,,6849.75,A possible inverse head-and-shoulders base is visible. The setup improves only if price clears or holds near the neckline with better volume.,Strengthening,6.09
INDGN,Indegene Ltd.,INDGN.NS,Healthcare,True,,NIFTY 500,^CRSLDX,2026-09-02,600.15,-0.87,5.34,11.08,684757.0,940617.0,0.73,410956930.27,69.07,64.13,True,True,True,True,True,5.06,12.31,0.8,False,False,True,False,-0.99,0.02584314,0.0228288,13.2,10.56,True,1.0,0.5,0.73,3.4,Actionable watch,Possible inverse H&S,"inverse-head-and-shoulders, base, reversal",540.3,,,11.08,,,540.3,A possible inverse head-and-shoulders base is visible. The setup improves only if price clears or holds near the neckline with better volume.,Strengthening,6.09
KOTAKBANK,Kotak Mahindra Bank Ltd.,KOTAKBANK.NS,Financial Services,True,,NIFTY 500,^CRSLDX,2026-09-02,423.5,-0.35,1.63,5.88,10022191.0,11969428.0,0.84,4244397888.5,69.59,71.2,True,True,True,True,True,5.2,7.53,-0.57,False,False,False,False,5.51,0.01823639,0.01683421,8.33,8.55,True,0.3333333333333333,0.0,0.84,3.4,Actionable watch,Possible inverse H&S,"inverse-head-and-shoulders, base, reversal",410.68,,,3.12,,,410.68,A possible inverse head-and-shoulders base is visible. The setup improves only if price clears or holds near the neckline with better volume.,Strengthening,6.09
360ONE,360 ONE WAM Ltd.,360ONE.NS,Financial Services,True,,NIFTY 500,^CRSLDX,2026-09-02,1181.3,1.35,-1.33,-0.9,664045.0,842766.0,0.79,784436390.92,52.84,58.73,False,False,True,True,True,-0.16,3.48,0.64,False,False,True,False,5.27,0.05086811,0.04879053,4.26,4.34,True,1.0,0.5,0.79,5.1,Actionable watch,Breakout retest,"breakout, retest, pivot, volume, inverse-head-and-shoulders, base, reversal",1146.82,2026-09-01,2.55,1.59,,,,Prior resistance has been cleared on higher volume and price is back near that pivot. This is the kind of retest zone where follow-through can matter more than chasing a stretched candle. Secondary patterns: Possible inverse H&S.,Strengthening,6.07
TORNTPHARM,Torrent Pharmaceuticals Ltd.,TORNTPHARM.NS,Healthcare,True,,NIFTY 500,^CRSLDX,2026-09-02,5012.0,0.94,2.49,0.24,295457.0,338728.0,0.87,1480830484.0,54.74,48.28,True,True,True,True,True,1.34,2.15,3.15,False,False,True,False,-0.52,0.21582237,0.20950827,3.01,1.65,True,1.0,0.5,0.87,3.4,Actionable watch,Possible inverse H&S,"inverse-head-and-shoulders, base, reversal",4519.0,,,10.91,,,4519.0,A possible inverse head-and-shoulders base is visible. The setup improves only if price clears or holds near the neckline with better volume.,Strengthening,6.02
NETWEB,Netweb Technologies India Ltd.,NETWEB.NS,Information Technology,True,,NIFTY 500,^CRSLDX,2026-09-02,5110.0,-0.52,-3.07,4.48,1272906.0,1979181.0,0.64,6504549660.0,52.62,58.42,False,False,True,True,True,-0.99,8.39,3.92,False,False,False,False,-1.5,0.22004236,0.20146459,9.22,9.53,True,1.0,0.0,0.64,2.84,Watch,Bullish flag,"flag, continuation, uptrend",5601.0,2026-08-21,1.13,,10.6,34.85,,Price has made a sharp impulse move and is now consolidating near the highs. A controlled pullback with quieter volume keeps the continuation setup alive.,Strengthening,5.99
CDSL,Central Depository Services (India) Ltd.,CDSL.NS,Financial Services,True,,NIFTY 500,^CRSLDX,2026-09-02,1365.2,-1.85,-4.8,2.92,857829.0,1242467.0,0.69,1171108108.91,49.32,68.79,False,False,True,True,True,-0.1,0.7,-1.64,False,False,False,False,5.85,0.05878705,0.0579709,1.41,3.93,True,0.6666666666666666,0.0,0.69,4.7,Actionable watch,Breakout retest,"breakout, retest, pivot, volume, inverse-head-and-shoulders, base, reversal",1383.8,2026-08-26,3.18,1.34,,,,Prior resistance has been cleared on higher volume and price is back near that pivot. This is the kind of retest zone where follow-through can matter more than chasing a stretched candle. Secondary patterns: Possible inverse H&S.,Strengthening,5.99
TITAN,Titan Company Ltd.,TITAN.NS,Consumer Durables,True,,NIFTY 500,^CRSLDX,2026-09-02,5074.0,0.48,-0.51,3.29,812647.0,842387.0,0.96,4123370878.0,58.34,67.4,False,False,True,True,True,-0.07,5.59,3.17,False,False,True,False,-1.19,0.21849216,0.20487847,6.64,4.89,True,1.0,0.5,0.96,3.4,Actionable watch,Possible inverse H&S,"inverse-head-and-shoulders, base, reversal",4453.1,,,13.94,,,4453.1,A possible inverse head-and-shoulders base is visible. The setup improves only if price clears or holds near the neckline with better volume.,Strengthening,5.97
CONCORDBIO,Concord Biotech Ltd.,CONCORDBIO.NS,Healthcare,True,,NIFTY 500,^CRSLDX,2026-09-02,1444.8,-2.66,-6.32,4.32,90943.0,183008.0,0.5,131394450.84,48.61,67.46,False,False,True,True,True,-2.78,4.8,0.23,False,False,False,False,-6.93,0.06221472,0.05883736,5.74,3.79,True,1.0,0.0,0.5,5.1,Actionable watch,Breakout retest,"breakout, retest, pivot, volume, flag, continuation, uptrend, inverse-head-and-shoulders, base, reversal",1382.08,2026-07-31,5.79,4.26,,,,"Prior resistance has been cleared on higher volume and price is back near that pivot. This is the kind of retest zone where follow-through can matter more than chasing a stretched candle. Secondary patterns: Bullish flag, Possible inverse H&S.",Strengthening,5.96
ICICIBANK,ICICI Bank Ltd.,ICICIBANK.NS,Financial Services,True,,NIFTY 500,^CRSLDX,2026-09-02,1426.5,-0.8,-0.24,-1.63,8515709.0,9381645.0,0.91,12147658888.5,51.13,55.29,False,True,True,True,True,0.08,0.74,0.53,False,False,True,False,-2.24,0.0614267,0.06050519,1.52,0.04,True,1.0,0.5,0.91,4.33,Actionable watch,Breakout retest,"breakout, retest, pivot, volume, inverse-head-and-shoulders, base, reversal",1432.79,2026-08-31,1.67,0.44,,,,Prior resistance has been cleared on higher volume and price is back near that pivot. This is the kind of retest zone where follow-through can matter more than chasing a stretched candle. Secondary patterns: Possible inverse H&S.,Strengthening,5.91
JINDALSAW,Jindal Saw Ltd.,JINDALSAW.NS,Capital Goods,True,,NIFTY 500,^CRSLDX,2026-09-02,309.15,-0.19,2.22,16.4,2081922.0,3095709.0,0.67,643626173.59,70.93,69.86,True,True,True,True,True,8.89,14.24,5.36,False,False,True,False,19.56,0.01331235,0.01153531,15.41,19.28,True,1.0,0.5,0.67,2.7,Watch,Bullish flag,"flag, continuation, uptrend",310.25,2026-08-27,1.47,,2.99,23.68,,Price has made a sharp impulse move and is now consolidating near the highs. A controlled pullback with quieter volume keeps the continuation setup alive.,Strengthening,5.85
DEEPAKNTR,Deepak Nitrite Ltd.,DEEPAKNTR.NS,Chemicals,True,,NIFTY 500,^CRSLDX,2026-09-02,1734.1,-2.73,-2.4,-0.15,389410.0,459130.0,0.85,675275871.49,49.8,58.67,False,False,True,True,True,-1.22,2.74,0.12,False,False,False,False,-2.53,0.0746723,0.07212961,3.53,2.99,True,1.0,0.0,0.85,4.7,Actionable watch,Breakout retest,"breakout, retest, pivot, volume, inverse-head-and-shoulders, base, reversal",1737.52,2026-08-07,4.44,0.2,,,,Prior resistance has been cleared on higher volume and price is back near that pivot. This is the kind of retest zone where follow-through can matter more than chasing a stretched candle. Secondary patterns: Possible inverse H&S.,Strengthening,5.8
TECHM,Tech Mahindra Ltd.,TECHM.NS,Information Technology,True,,NIFTY 500,^CRSLDX,2026-09-02,1623.0,-0.92,3.31,-1.64,1508236.0,2536920.0,0.59,2447867028.0,55.85,45.19,True,True,True,True,True,0.54,4.49,1.47,False,False,False,False,-11.91,0.06988821,0.06625131,5.49,0.43,True,1.0,0.0,0.59,3.4,Actionable watch,Possible inverse H&S,"inverse-head-and-shoulders, base, reversal",1576.05,,,2.98,,,1576.05,A possible inverse head-and-shoulders base is visible. The setup improves only if price clears or holds near the neckline with better volume.,Strengthening,5.78
USHAMART,Usha Martin Ltd.,USHAMART.NS,Capital Goods,True,,NIFTY 500,^CRSLDX,2026-09-02,501.6,0.4,1.1,-2.86,1857599.0,630090.0,2.95,931771669.74,53.4,49.77,True,True,True,True,True,0.75,0.9,0.87,False,False,True,False,4.42,0.02159946,0.02124718,1.66,2.37,True,1.0,0.5,2.95,0.0,No clear setup,,,,,,,,,,,Strengthening with volume,5.77
AUBANK,AU Small Finance Bank Ltd.,AUBANK.NS,Financial Services,True,,NIFTY 500,^CRSLDX,2026-09-02,1077.9,-0.12,-3.2,2.53,864091.0,1686118.0,0.51,931403710.0,50.48,62.26,False,False,True,True,True,-0.89,1.94,2.16,False,False,False,False,5.82,0.04641559,0.04523369,2.61,3.83,True,1.0,0.0,0.51,3.4,Actionable watch,Possible inverse H&S,"inverse-head-and-shoulders, base, reversal",1029.85,,,4.67,,,1029.85,A possible inverse head-and-shoulders base is visible. The setup improves only if price clears or holds near the neckline with better volume.,Strengthening,5.76
SUNPHARMA,Sun Pharmaceutical Industries Ltd.,SUNPHARMA.NS,Healthcare,True,,NIFTY 500,^CRSLDX,2026-09-02,1931.7,0.14,1.7,-0.43,1245246.0,1656565.0,0.75,2405441637.4,51.24,43.31,True,True,True,True,True,0.45,0.23,1.31,False,False,False,False,-1.45,0.08318118,0.08244632,0.89,0.33,True,1.0,0.0,0.75,3.4,Actionable watch,Possible inverse H&S,"inverse-head-and-shoulders, base, reversal",1799.4,,,7.35,,,1799.4,A possible inverse head-and-shoulders base is visible. The setup improves only if price clears or holds near the neckline with better volume.,Strengthening,5.76
HONASA,Honasa Consumer Ltd.,HONASA.NS,Fast Moving Consumer Goods,True,,NIFTY 500,^CRSLDX,2026-09-02,469.95,-0.75,-0.55,2.88,966487.0,2154412.0,0.45,454200577.45,50.01,52.71,False,False,True,True,True,-1.27,1.46,5.98,False,False,False,False,7.52,0.02023658,0.01977388,2.34,5.0,True,1.0,0.0,0.45,2.7,Watch,Bullish flag,"flag, continuation, uptrend",499.69,2026-08-14,1.38,,7.55,23.69,,Price has made a sharp impulse move and is now consolidating near the highs. A controlled pullback with quieter volume keeps the continuation setup alive.,Strengthening,5.75
MCX,Multi Commodity Exchange of India Ltd.,MCX.NS,Financial Services,True,,NIFTY 500,^CRSLDX,2026-09-02,3286.0,-0.51,-1.67,26.76,2448139.0,2789259.0,0.88,8044584754.0,63.88,75.0,True,True,True,True,True,7.01,13.7,4.82,False,False,False,False,25.37,0.14149887,0.12326349,14.79,25.39,True,1.0,0.0,0.88,0.0,No clear setup,,,,,,,,,,,Strengthening,5.7
SAILIFE,Sai Life Sciences Ltd.,SAILIFE.NS,Healthcare,True,,NIFTY 500,^CRSLDX,2026-09-02,1587.0,4.54,8.62,13.82,2747126.0,787427.0,3.49,4359688962.0,73.12,63.0,True,True,True,True,True,9.03,18.02,5.49,False,True,True,True,6.96,0.06833801,0.05728292,19.3,18.48,True,1.0,1.0,3.49,0.0,No clear setup,,,,,,,,,,,Strengthening with volume,5.7
IPCALAB,Ipca Laboratories Ltd.,IPCALAB.NS,Healthcare,True,,NIFTY 500,^CRSLDX,2026-09-02,1956.5,-1.56,0.21,11.23,161642.0,716351.0,0.23,316252573.0,64.2,68.34,True,True,True,True,True,4.89,8.54,3.71,False,False,True,False,24.95,0.0842491,0.07686157,9.61,18.18,True,1.0,0.5,0.23,0.0,No clear setup,,,,,,,,,,,Strengthening,5.7
GLENMARK,Glenmark Pharmaceuticals Ltd.,GLENMARK.NS,Healthcare,True,,NIFTY 500,^CRSLDX,2026-09-02,2460.0,-0.42,0.99,9.01,515939.0,527781.0,0.98,1269209940.0,64.76,68.04,True,True,True,True,True,4.43,7.98,2.41,False,False,True,False,15.99,0.10593038,0.09723158,8.95,12.9,True,1.0,0.5,0.98,0.0,No clear setup,,,,,,,,,,,Strengthening,5.7
SOLARINDS,Solar Industries India Ltd.,SOLARINDS.NS,Chemicals,True,,NIFTY 500,^CRSLDX,2026-09-02,20600.0,2.69,2.5,11.96,139007.0,155630.0,0.89,2863544200.0,64.82,63.51,True,True,True,True,True,4.31,8.99,3.92,False,True,True,True,11.34,0.88705924,0.80736783,9.87,12.38,True,1.0,1.0,0.89,0.0,No clear setup,,,,,,,,,,,Strengthening,5.7
IDBI,IDBI Bank Ltd.,IDBI.NS,Financial Services,True,,NIFTY 500,^CRSLDX,2026-09-02,91.55,-0.55,-3.38,8.57,10606533.0,11946688.0,0.89,971028128.52,63.52,77.84,True,True,True,True,True,6.43,7.49,-1.37,False,False,False,False,10.41,0.00394225,0.00364034,8.29,10.46,True,0.3333333333333333,0.0,0.89,0.0,No clear setup,,,,,,,,,,,Strengthening,5.7
ANANDRATHI,Anand Rathi Wealth Ltd.,ANANDRATHI.NS,Financial Services,True,,NIFTY 500,^CRSLDX,2026-09-02,2198.3,0.06,0.87,7.89,183609.0,236277.0,0.78,403627673.67,63.41,62.75,True,True,True,True,True,1.18,4.79,3.69,False,False,True,False,12.47,0.09466128,0.08949642,5.77,10.25,True,1.0,0.5,0.78,0.0,No clear setup,,,,,,,,,,,Strengthening,5.7
VIJAYA,Vijaya Diagnostic Centre Ltd.,VIJAYA.NS,Healthcare,True,,NIFTY 500,^CRSLDX,2026-09-02,1481.1,-1.19,0.56,6.58,146439.0,243680.0,0.6,216890799.32,55.99,58.31,False,True,True,True,True,0.85,5.6,4.14,False,False,True,False,7.07,0.06377784,0.05983327,6.59,9.08,True,1.0,0.5,0.6,0.0,No clear setup,,,,,,,,,,,Strengthening,5.7
SHYAMMETL,Shyam Metalics and Energy Ltd.,SHYAMMETL.NS,Capital Goods,True,,NIFTY 500,^CRSLDX,2026-09-02,1072.6,-0.5,3.09,4.45,102401.0,592554.0,0.17,109835310.1,63.59,62.53,True,True,True,True,True,5.39,6.66,1.56,False,False,True,False,2.78,0.04618736,0.0429213,7.61,7.58,True,1.0,0.5,0.17,0.0,No clear setup,,,,,,,,,,,Strengthening,5.7
AUROPHARMA,Aurobindo Pharma Ltd.,AUROPHARMA.NS,Healthcare,True,,NIFTY 500,^CRSLDX,2026-09-02,1648.2,-2.09,1.55,2.16,816323.0,931657.0,0.88,1345463528.74,54.21,54.13,True,True,True,True,True,0.47,3.36,3.85,False,False,False,False,7.2,0.07097335,0.06812534,4.18,6.02,True,1.0,0.0,0.88,0.0,No clear setup,,,,,,,,,,,Strengthening,5.7
LALPATHLAB,Dr. Lal Path Labs Ltd.,LALPATHLAB.NS,Healthcare,True,,NIFTY 500,^CRSLDX,2026-09-02,1916.1,0.61,-1.09,1.54,178401.0,211592.0,0.84,341834151.74,57.29,63.75,True,False,True,True,True,-0.22,5.97,2.49,False,False,True,False,-7.73,0.08250943,0.07709767,7.02,3.45,True,1.0,0.5,0.84,3.4,Actionable watch,Possible inverse H&S,"inverse-head-and-shoulders, base, reversal, flag, continuation, uptrend",1472.75,,,30.1,,,1472.75,A possible inverse head-and-shoulders base is visible. The setup improves only if price clears or holds near the neckline with better volume. Secondary patterns: Bullish flag.,Strengthening,5.68
SAGILITY,Sagility Ltd.,SAGILITY.NS,Information Technology,True,,NIFTY 500,^CRSLDX,2026-09-02,46.7,0.54,6.14,6.69,16443184.0,24223269.0,0.68,767896705.35,68.76,59.21,True,True,True,True,True,6.59,9.73,-1.36,False,False,False,False,3.35,0.00201095,0.00181543,10.77,8.3,True,0.3333333333333333,0.0,0.68,2.2,Watch,Possible inverse H&S,"inverse-head-and-shoulders, base, reversal",47.89,,,2.48,,,47.89,A possible inverse head-and-shoulders base is visible. The setup improves only if price clears or holds near the neckline with better volume.,Strengthening,5.67
JMFINANCIL,JM Financial Ltd.,JMFINANCIL.NS,Financial Services,True,,NIFTY 500,^CRSLDX,2026-09-02,129.39,0.89,-2.6,2.59,1533496.0,2733283.0,0.56,198419046.5,53.94,62.42,False,True,True,True,False,0.65,2.34,-2.27,False,False,False,False,13.86,0.00557168,0.0054083,3.02,6.81,True,0.3333333333333333,0.0,0.56,2.2,Watch,Possible inverse H&S,"inverse-head-and-shoulders, base, reversal",135.06,,,4.2,,,135.06,A possible inverse head-and-shoulders base is visible. The setup improves only if price clears or holds near the neckline with better volume.,Strengthening,5.67
FEDERALBNK,Federal Bank Ltd.,FEDERALBNK.NS,Financial Services,True,,NIFTY 500,^CRSLDX,2026-09-02,353.35,1.17,2.33,-0.53,6271289.0,4694263.0,1.34,2215960006.43,52.59,44.73,True,True,True,True,True,0.08,2.28,4.24,False,False,False,False,-8.05,0.01521565,0.01476215,3.07,-0.21,True,1.0,0.0,1.34,3.4,Actionable watch,Possible inverse H&S,"inverse-head-and-shoulders, base, reversal",279.5,,,26.42,,,279.5,A possible inverse head-and-shoulders base is visible. The setup improves only if price clears or holds near the neckline with better volume.,Setup watch: Possible inverse H&S,5.65
TATACAP,Tata Capital Ltd.,TATACAP.NS,Financial Services,True,,NIFTY 500,^CRSLDX,2026-09-02,364.75,-0.84,-1.59,-1.92,695369.0,1490292.0,0.47,253635842.75,50.15,59.09,False,False,True,True,True,-0.79,1.1,1.25,False,False,False,False,2.14,0.01570655,0.01541071,1.92,3.19,True,1.0,0.0,0.47,3.4,Actionable watch,Possible inverse H&S,"inverse-head-and-shoulders, base, reversal",352.45,,,3.49,,,352.45,A possible inverse head-and-shoulders base is visible. The setup improves only if price clears or holds near the neckline with better volume.,Strengthening,5.63
PIDILITIND,Pidilite Industries Ltd.,PIDILITIND.NS,Chemicals,True,,NIFTY 500,^CRSLDX,2026-09-02,1637.0,-0.4,-0.79,-1.68,635780.0,884899.0,0.72,1040771860.0,48.38,52.16,False,False,True,True,True,-1.75,1.01,1.31,False,False,False,False,3.87,0.07049107,0.06926994,1.76,3.08,True,1.0,0.0,0.72,3.4,Actionable watch,Possible inverse H&S,"inverse-head-and-shoulders, base, reversal",1474.9,,,10.99,,,1474.9,A possible inverse head-and-shoulders base is visible. The setup improves only if price clears or holds near the neckline with better volume.,Strengthening,5.61
PINELABS,Pine Labs Ltd.,PINELABS.NS,Financial Services,True,,NIFTY 500,^CRSLDX,2026-09-02,162.32,1.52,-2.73,9.81,20349062.0,19762978.0,1.03,3303059892.88,53.06,60.21,False,False,True,True,False,-0.04,4.33,,False,False,False,False,8.73,0.00698968,0.00664655,5.16,9.52,True,0.3333333333333333,0.0,1.03,4.61,Actionable watch,Breakout retest,"breakout, retest, pivot, volume, flag, continuation, uptrend",163.43,2026-08-11,2.21,0.68,,,,Prior resistance has been cleared on higher volume and price is back near that pivot. This is the kind of retest zone where follow-through can matter more than chasing a stretched candle. Secondary patterns: Bullish flag.,Strengthening,5.6
AARTIIND,Aarti Industries Ltd.,AARTIIND.NS,Chemicals,True,,NIFTY 500,^CRSLDX,2026-09-02,505.2,-3.74,-6.95,3.96,917424.0,1443688.0,0.64,463482616.0,44.03,66.07,False,False,True,True,True,-3.79,1.21,3.26,False,False,False,False,7.65,0.02175448,0.0213014,2.13,6.98,True,1.0,0.0,0.64,4.7,Actionable watch,Breakout retest,"breakout, retest, pivot, volume, flag, continuation, uptrend, inverse-head-and-shoulders, base, reversal",508.52,2026-08-12,3.64,0.65,,,,"Prior resistance has been cleared on higher volume and price is back near that pivot. This is the kind of retest zone where follow-through can matter more than chasing a stretched candle. Secondary patterns: Bullish flag, Possible inverse H&S.",Strengthening,5.6
JUBLFOOD,Jubilant Foodworks Ltd.,JUBLFOOD.NS,Consumer Services,True,,NIFTY 500,^CRSLDX,2026-09-02,486.5,0.43,-2.6,0.31,976214.0,2884493.0,0.34,474928111.0,51.49,59.62,False,False,True,True,False,-2.03,6.3,-1.93,False,False,False,False,5.62,0.02094924,0.01952103,7.32,6.73,True,0.3333333333333333,0.0,0.34,5.1,Actionable watch,Breakout retest,"breakout, retest, pivot, volume, flag, continuation, uptrend",473.17,2026-08-05,5.5,0.8,,,,Prior resistance has been cleared on higher volume and price is back near that pivot. This is the kind of retest zone where follow-through can matter more than chasing a stretched candle. Secondary patterns: Bullish flag.,Strengthening,5.6
CASTROLIND,Castrol India Ltd.,CASTROLIND.NS,Oil Gas & Consumable Fuels,True,,NIFTY 500,^CRSLDX,2026-09-02,186.08,0.03,-0.36,0.39,858821.0,2531958.0,0.34,159809413.25,55.5,59.58,False,False,True,True,True,-0.42,2.2,0.18,False,False,False,False,4.78,0.00801281,0.00778931,2.87,4.87,True,1.0,0.0,0.34,2.2,Actionable watch,Possible inverse H&S,"inverse-head-and-shoulders, base, reversal",188.35,,,1.21,,,188.35,A possible inverse head-and-shoulders base is visible. The setup improves only if price clears or holds near the neckline with better volume.,Strengthening,5.54
RADICO,Radico Khaitan Ltd,RADICO.NS,Fast Moving Consumer Goods,True,,NIFTY 500,^CRSLDX,2026-09-02,4476.2,0.04,-2.99,-1.62,183652.0,297467.0,0.62,822063118.27,48.94,62.97,False,False,True,True,True,-2.55,3.94,4.26,False,False,False,False,-4.73,0.19275023,0.18340371,5.1,2.61,True,1.0,0.0,0.62,3.36,Watch,Bullish flag,"flag, continuation, uptrend",4732.9,2026-08-18,0.65,,7.81,28.55,,Price has made a sharp impulse move and is now consolidating near the highs. A controlled pullback with quieter volume keeps the continuation setup alive.,Strengthening,5.5
EIDPARRY,E.I.D. Parry (India) Ltd.,EIDPARRY.NS,Fast Moving Consumer Goods,True,,NIFTY 500,^CRSLDX,2026-09-02,800.65,0.63,0.54,-2.73,358864.0,914975.0,0.39,287324470.36,53.67,52.86,False,True,True,True,False,0.6,3.62,-2.84,False,False,False,False,-3.87,0.03447689,0.03298281,4.53,1.7,True,0.3333333333333333,0.0,0.39,5.1,Actionable watch,Breakout retest,"breakout, retest, pivot, volume, inverse-head-and-shoulders, base, reversal",796.12,2026-08-05,2.61,0.57,,,,Prior resistance has been cleared on higher volume and price is back near that pivot. This is the kind of retest zone where follow-through can matter more than chasing a stretched candle. Secondary patterns: Possible inverse H&S.,Strengthening,5.44
TVSMOTOR,TVS Motor Company Ltd.,TVSMOTOR.NS,Automobile and Auto Components,True,,NIFTY 500,^CRSLDX,2026-09-02,4200.0,-0.07,-5.91,-5.73,1596072.0,937810.0,1.7,6703502400.0,46.5,69.05,False,False,True,True,True,-3.78,4.35,2.36,False,False,False,False,-17.57,0.18085674,0.17130582,5.58,-1.73,True,1.0,0.0,1.7,3.4,Actionable watch,Possible inverse H&S,"inverse-head-and-shoulders, base, reversal, flag, continuation, uptrend",3910.25,,,7.41,,,3910.25,A possible inverse head-and-shoulders base is visible. The setup improves only if price clears or holds near the neckline with better volume. Secondary patterns: Bullish flag.,Setup watch: Possible inverse H&S,5.44
WELSPUNLIV,Welspun Living Ltd.,WELSPUNLIV.NS,Textiles,True,,NIFTY 500,^CRSLDX,2026-09-02,200.01,0.81,4.92,24.4,3447029.0,10878431.0,0.32,689440251.35,76.81,72.92,True,True,True,True,True,11.42,17.42,3.58,False,True,True,True,33.86,0.00861266,0.00726769,18.51,26.94,True,1.0,1.0,0.32,3.4,Actionable watch,Possible inverse H&S,"inverse-head-and-shoulders, base, reversal",144.65,,,38.27,,,144.65,A possible inverse head-and-shoulders base is visible. The setup improves only if price clears or holds near the neckline with better volume.,Strengthening,5.39
URBANCO,Urban Company Ltd.,URBANCO.NS,Consumer Services,True,,NIFTY 500,^CRSLDX,2026-09-02,171.84,2.51,2.57,20.55,6811979.0,14684718.0,0.46,1170570446.41,77.43,76.49,True,True,True,True,True,11.59,21.47,0.43,False,True,False,False,22.5,0.00739962,0.00602536,22.81,23.55,True,1.0,0.5,0.46,3.4,Actionable watch,Possible inverse H&S,"inverse-head-and-shoulders, base, reversal",142.07,,,20.95,,,142.07,A possible inverse head-and-shoulders base is visible. The setup improves only if price clears or holds near the neckline with better volume.,Strengthening,5.39
RRKABEL,R R Kabel Ltd.,RRKABEL.NS,Capital Goods,True,,NIFTY 500,^CRSLDX,2026-09-02,2630.4,-8.34,-6.41,-5.82,1150017.0,430408.0,2.67,3025004604.49,42.64,59.76,False,False,True,True,True,-6.71,1.89,8.71,False,False,False,False,-17.34,0.11326799,0.1099286,3.04,1.6,True,1.0,0.0,2.67,3.4,Actionable watch,Possible inverse H&S,"inverse-head-and-shoulders, base, reversal",1569.1,,,67.64,,,1569.1,A possible inverse head-and-shoulders base is visible. The setup improves only if price clears or holds near the neckline with better volume.,Strengthening with volume,5.31
AJANTPHARM,Ajanta Pharmaceuticals Ltd.,AJANTPHARM.NS,Healthcare,True,,NIFTY 500,^CRSLDX,2026-09-02,3481.7,-0.66,-1.97,1.29,99444.0,77363.0,1.29,346234169.94,45.21,53.33,False,False,True,True,True,-2.74,0.93,3.95,False,False,False,False,-3.23,0.14992593,0.14734175,1.75,1.68,True,1.0,0.0,1.29,3.28,Watch,Bullish flag,"flag, continuation, uptrend",3718.2,2026-08-17,0.64,,8.56,22.41,,Price has made a sharp impulse move and is now consolidating near the highs. A controlled pullback with quieter volume keeps the continuation setup alive.,Strengthening,5.28
ACE,Action Construction Equipment Ltd.,ACE.NS,Capital Goods,True,,NIFTY 500,^CRSLDX,2026-09-02,1090.9,-0.27,-5.88,-4.12,159135.0,340284.0,0.47,173600375.39,46.77,60.42,False,False,True,True,True,-3.18,2.68,0.67,False,False,False,False,-7.27,0.04697539,0.04535593,3.57,1.3,True,1.0,0.0,0.47,3.4,Actionable watch,Possible inverse H&S,"inverse-head-and-shoulders, base, reversal, flag, continuation, uptrend",960.7,,,13.55,,,960.7,A possible inverse head-and-shoulders base is visible. The setup improves only if price clears or holds near the neckline with better volume. Secondary patterns: Bullish flag.,Strengthening,5.25
IDFCFIRSTB,IDFC First Bank Ltd.,IDFCFIRSTB.NS,Financial Services,True,,NIFTY 500,^CRSLDX,2026-09-02,85.09,0.22,0.82,0.05,15101679.0,11769269.0,1.28,1285001810.81,53.56,51.29,True,False,True,True,True,-0.08,2.84,0.77,False,False,True,False,-4.25,0.00366407,0.00353653,3.61,1.23,True,1.0,0.5,1.28,3.4,Actionable watch,Possible inverse H&S,"inverse-head-and-shoulders, base, reversal",71.98,,,18.21,,,71.98,A possible inverse head-and-shoulders base is visible. The setup improves only if price clears or holds near the neckline with better volume.,Strengthening,5.24
DATAPATTNS,Data Patterns (India) Ltd.,DATAPATTNS.NS,Capital Goods,True,,NIFTY 500,^CRSLDX,2026-09-02,4516.7,0.03,-5.5,1.58,292244.0,778073.0,0.38,1319978531.88,48.49,57.93,False,False,True,True,True,-1.32,0.99,5.26,False,False,False,False,-1.25,0.19449421,0.19169949,1.46,1.16,True,1.0,0.0,0.38,3.4,Actionable watch,Possible inverse H&S,"inverse-head-and-shoulders, base, reversal, flag, continuation, uptrend",3191.75,,,41.51,,,3191.75,A possible inverse head-and-shoulders base is visible. The setup improves only if price clears or holds near the neckline with better volume. Secondary patterns: Bullish flag.,Strengthening,5.22
MINDACORP,Minda Corporation Ltd.,MINDACORP.NS,Automobile and Auto Components,True,,NIFTY 500,^CRSLDX,2026-09-02,707.85,-0.64,0.05,-1.99,355440.0,795546.0,0.45,251598195.32,49.18,48.45,False,False,True,True,True,-1.67,0.82,2.4,False,False,False,False,-3.71,0.03048082,0.03001091,1.57,0.1,True,1.0,0.0,0.45,4.7,Actionable watch,Breakout retest,"breakout, retest, pivot, volume, inverse-head-and-shoulders, base, reversal",712.58,2026-08-03,2.99,0.66,,,,Prior resistance has been cleared on higher volume and price is back near that pivot. This is the kind of retest zone where follow-through can matter more than chasing a stretched candle. Secondary patterns: Possible inverse H&S.,Strengthening,5.22
CONCOR,Container Corporation of India Ltd.,CONCOR.NS,Services,True,,NIFTY 500,^CRSLDX,2026-09-02,510.0,-0.78,-1.35,-1.23,2200028.0,1601188.0,1.37,1122014280.0,50.08,55.21,False,False,True,True,True,-0.87,2.29,-0.23,False,False,False,False,-6.77,0.02196118,0.02130458,3.08,1.02,True,0.6666666666666666,0.0,1.37,3.23,Watch,Bullish flag,"flag, continuation, uptrend, inverse-head-and-shoulders, base, reversal",533.65,2026-08-13,0.6,,8.23,18.58,,Price has made a sharp impulse move and is now consolidating near the highs. A controlled pullback with quieter volume keeps the continuation setup alive. Secondary patterns: Possible inverse H&S.,Strengthening,5.13
ZFCVINDIA,ZF Commercial Vehicle Control Systems India Ltd.,ZFCVINDIA.NS,Automobile and Auto Components,True,,NIFTY 500,^CRSLDX,2026-09-02,2572.2,0.96,-0.63,-0.68,86753.0,99884.0,0.87,223146062.36,52.04,53.88,False,False,True,True,True,-1.33,3.17,1.98,False,False,False,False,-3.44,0.11076183,0.10682431,3.69,2.68,True,1.0,0.0,0.87,2.2,Watch,Possible inverse H&S,"inverse-head-and-shoulders, base, reversal",2696.42,,,4.61,,,2696.42,A possible inverse head-and-shoulders base is visible. The setup improves only if price clears or holds near the neckline with better volume.,Strengthening,5.11
LODHA,Lodha Developers Ltd.,LODHA.NS,Realty,True,,NIFTY 500,^CRSLDX,2026-09-02,1208.3,1.21,-4.48,-3.0,1530653.0,1270004.0,1.21,1849488094.64,48.64,60.58,False,False,True,True,True,-1.85,2.65,0.34,False,False,False,False,-9.45,0.05203076,0.05003284,3.99,0.58,True,1.0,0.0,1.21,3.4,Actionable watch,Possible inverse H&S,"inverse-head-and-shoulders, base, reversal",1004.0,,,20.35,,,1004.0,A possible inverse head-and-shoulders base is visible. The setup improves only if price clears or holds near the neckline with better volume.,Strengthening,5.11
HFCL,HFCL Ltd.,HFCL.NS,Telecommunication,True,,NIFTY 500,^CRSLDX,2026-09-02,226.27,-4.38,-4.08,6.62,17041005.0,18152218.0,0.94,3855868274.16,50.5,62.92,False,False,True,True,True,-0.77,4.28,13.59,False,False,False,False,25.34,0.00974344,0.00923525,5.5,13.83,True,1.0,0.0,0.94,0.0,No clear setup,,,,,,,,,,,Strengthening,5.0
MOTHERSON,Samvardhana Motherson International Ltd.,MOTHERSON.NS,Automobile and Auto Components,True,,NIFTY 500,^CRSLDX,2026-09-02,163.3,-1.39,-1.03,5.8,18938779.0,19659853.0,0.96,3092702668.5,51.4,59.08,False,False,True,True,True,-2.37,5.48,4.92,False,False,False,False,6.25,0.00703188,0.00659823,6.57,10.32,True,1.0,0.0,0.96,0.0,No clear setup,,,,,,,,,,,Strengthening,5.0
LICHSGFIN,LIC Housing Finance Ltd.,LICHSGFIN.NS,Financial Services,True,,NIFTY 500,^CRSLDX,2026-09-02,541.25,1.19,3.21,7.82,2786766.0,2831725.0,0.98,1508337097.5,65.9,60.14,True,True,True,True,True,6.98,3.63,-1.09,False,True,False,False,17.09,0.02330684,0.02235757,4.25,10.01,True,0.3333333333333333,0.5,0.98,-2.0,Risk review,Head-and-shoulders risk,"head-and-shoulders, risk, distribution, inverse-head-and-shoulders, base, reversal",533.52,,,1.45,,,533.52,"A possible head-and-shoulders top is forming or breaking. This is a caution signal, not an entry setup. Secondary patterns: Possible inverse H&S.",Risk review,5.0
INDIANB,Indian Bank,INDIANB.NS,Financial Services,True,,NIFTY 500,^CRSLDX,2026-09-02,878.8,-0.33,-1.15,2.9,898673.0,1268211.0,0.71,789753821.43,53.26,60.69,False,False,True,True,True,-0.46,3.5,0.58,False,False,False,False,0.04,0.03784212,0.03631073,4.22,6.09,True,0.6666666666666666,0.0,0.71,0.0,No clear setup,,,,,,,,,,,Strengthening,5.0
ABB,ABB India Ltd.,ABB.NS,Capital Goods,True,,NIFTY 500,^CRSLDX,2026-09-02,7447.5,0.7,-2.12,-2.02,163167.0,166246.0,0.98,1215186232.5,48.99,57.82,False,False,True,True,True,-1.58,1.97,4.15,False,False,False,False,-9.02,0.32069775,0.31212163,2.75,-0.17,True,1.0,0.0,0.98,3.4,Actionable watch,Possible inverse H&S,"inverse-head-and-shoulders, base, reversal",5654.0,,,31.72,,,5654.0,A possible inverse head-and-shoulders base is visible. The setup improves only if price clears or holds near the neckline with better volume.,Setup watch: Possible inverse H&S,4.96
JSL,Jindal Stainless Ltd.,JSL.NS,Metals & Mining,True,,NIFTY 500,^CRSLDX,2026-09-02,734.9,0.12,3.08,-0.88,484855.0,381940.0,1.27,356319951.34,58.0,46.07,True,True,True,True,False,1.92,2.55,-0.53,False,False,False,False,-2.01,0.03164562,0.03065581,3.23,2.34,True,0.3333333333333333,0.0,1.27,2.2,Watch,Possible inverse H&S,"inverse-head-and-shoulders, base, reversal",772.17,,,4.83,,,772.17,A possible inverse head-and-shoulders base is visible. The setup improves only if price clears or holds near the neckline with better volume.,Strengthening,4.94
ASTRAL,Astral Ltd.,ASTRAL.NS,Capital Goods,True,,NIFTY 500,^CRSLDX,2026-09-02,1487.0,-1.33,-2.56,3.81,1046510.0,1582303.0,0.66,1556160370.0,47.72,57.48,False,False,True,False,False,-1.48,2.94,0.15,False,False,False,False,-0.14,0.0640319,0.06184791,3.53,4.92,True,0.6666666666666666,0.0,0.66,2.66,Watch,Bullish flag,"flag, continuation, uptrend, inverse-head-and-shoulders, base, reversal",1589.5,2026-08-13,2.14,,7.64,20.87,,Price has made a sharp impulse move and is now consolidating near the highs. A controlled pullback with quieter volume keeps the continuation setup alive. Secondary patterns: Possible inverse H&S.,Strengthening,4.92
CYIENT,Cyient Ltd.,CYIENT.NS,Information Technology,True,,NIFTY 500,^CRSLDX,2026-09-02,1122.2,-3.64,7.11,29.8,820286.0,1750164.0,0.47,920524909.15,74.2,79.89,True,True,True,True,True,18.24,25.63,-2.17,False,False,False,False,31.04,0.0483232,0.03804771,27.01,31.95,True,0.3333333333333333,0.0,0.47,0.0,No clear setup,,,,,,,,,,,Strengthening,4.9
ATHERENERG,Ather Energy Ltd.,ATHERENERG.NS,Automobile and Auto Components,True,,NIFTY 500,^CRSLDX,2026-09-02,1686.1,-2.29,12.81,14.64,6307031.0,4985501.0,1.27,10634284815.12,72.51,63.55,True,True,True,True,True,10.7,26.05,9.99,False,False,True,False,-6.85,0.07260537,0.05667522,28.11,18.59,True,1.0,0.5,1.27,0.0,No clear setup,,,,,,,,,,,Strengthening,4.9
APLAPOLLO,APL Apollo Tubes Ltd.,APLAPOLLO.NS,Capital Goods,True,,NIFTY 500,^CRSLDX,2026-09-02,2210.0,-1.07,2.36,13.42,786401.0,629210.0,1.25,1737946210.0,70.14,77.56,True,True,True,True,True,4.61,13.84,1.76,False,False,False,False,13.35,0.09516509,0.08272345,15.04,17.42,True,0.6666666666666666,0.0,1.25,0.0,No clear setup,,,,,,,,,,,Strengthening,4.9
AWL,AWL Agri Business Ltd.,AWL.NS,Fast Moving Consumer Goods,True,,NIFTY 500,^CRSLDX,2026-09-02,191.25,-1.61,-5.27,-1.18,2934421.0,3557244.0,0.82,561208016.25,47.18,66.54,False,False,True,False,False,-1.46,0.5,-3.54,False,False,False,False,0.94,0.00823544,0.0081339,1.25,2.37,True,0.3333333333333333,0.0,0.82,4.7,Actionable watch,Breakout retest,"breakout, retest, pivot, volume",197.07,2026-08-25,5.26,2.95,,,,Prior resistance has been cleared on higher volume and price is back near that pivot. This is the kind of retest zone where follow-through can matter more than chasing a stretched candle.,Strengthening,4.87
UNITDSPR,United Spirits Ltd.,UNITDSPR.NS,Fast Moving Consumer Goods,True,,NIFTY 500,^CRSLDX,2026-09-02,1469.5,-0.03,-4.48,-3.32,878475.0,568450.0,1.55,1290919012.5,41.1,59.74,False,False,True,True,True,-3.6,0.51,1.04,False,False,False,False,-7.01,0.06327833,0.06237611,1.45,-1.7,True,1.0,0.0,1.55,5.1,Actionable watch,Breakout retest,"breakout, retest, pivot, volume, flag, continuation, uptrend, inverse-head-and-shoulders, base, reversal",1425.33,2026-07-24,4.53,1.47,,,,"Prior resistance has been cleared on higher volume and price is back near that pivot. This is the kind of retest zone where follow-through can matter more than chasing a stretched candle. Secondary patterns: Bullish flag, Possible inverse H&S.",Setup watch: Breakout retest,4.86
TMCV,Tata Motors Ltd.,TMCV.NS,Capital Goods,True,,NIFTY 500,^CRSLDX,2026-09-02,447.45,-3.64,-7.5,-0.61,11499379.0,8675708.0,1.33,5145397273.92,44.16,71.29,False,False,True,True,True,-4.24,1.49,,False,False,False,False,-1.52,0.0192677,0.01878817,2.55,2.17,True,0.6666666666666666,0.0,1.33,5.1,Actionable watch,Breakout retest,"breakout, retest, pivot, volume, flag, continuation, uptrend, inverse-head-and-shoulders, base, reversal",445.59,2026-08-03,2.57,0.22,,,,"Prior resistance has been cleared on higher volume and price is back near that pivot. This is the kind of retest zone where follow-through can matter more than chasing a stretched candle. Secondary patterns: Bullish flag, Possible inverse H&S.",Strengthening,4.83
LTM,LTM Ltd.,LTM.NS,Information Technology,True,,NIFTY 500,^CRSLDX,2026-09-02,4588.0,-0.8,2.87,1.82,218003.0,393391.0,0.55,1000197764.0,54.7,49.76,True,False,True,True,False,-0.63,7.51,-2.01,False,False,False,False,-13.89,0.19756446,0.18179182,8.68,2.66,True,0.3333333333333333,0.0,0.55,3.46,Actionable watch,Bullish flag,"flag, continuation, uptrend, inverse-head-and-shoulders, base, reversal",4850.0,2026-08-11,0.71,,9.86,37.08,,Price has made a sharp impulse move and is now consolidating near the highs. A controlled pullback with quieter volume keeps the continuation setup alive. Secondary patterns: Possible inverse H&S.,Strengthening,4.74
NYKAA,FSN E-Commerce Ventures Ltd.,NYKAA.NS,Consumer Services,True,,NIFTY 500,^CRSLDX,2026-09-02,337.4,-0.32,-0.76,0.61,3265911.0,4921826.0,0.66,1101918351.47,54.74,61.64,True,True,True,True,True,1.54,3.34,2.84,False,False,False,False,-6.69,0.01452882,0.0139481,4.16,0.49,True,1.0,0.0,0.66,0.0,No clear setup,,,,,,,,,,,Strengthening,4.6
NMDC,NMDC Ltd.,NMDC.NS,Metals & Mining,True,,NIFTY 500,^CRSLDX,2026-09-02,85.75,0.07,-2.79,-0.06,15599201.0,18955428.0,0.82,1337631485.75,50.64,63.51,False,True,True,False,True,0.23,1.0,1.52,False,False,False,False,5.42,0.00369249,0.00363328,1.63,3.89,True,1.0,0.0,0.82,-2.0,Risk review,Head-and-shoulders risk,"head-and-shoulders, risk, distribution",84.94,,,0.95,,,84.94,"A possible head-and-shoulders top is forming or breaking. This is a caution signal, not an entry setup.",Risk review,4.58
JSWINFRA,JSW Infrastructure Ltd.,JSWINFRA.NS,Services,True,,NIFTY 500,^CRSLDX,2026-09-02,332.1,-0.81,-3.73,-0.69,1661593.0,2359347.0,0.7,551815045.44,47.87,60.33,False,False,False,True,True,-1.61,-0.09,1.75,False,False,False,False,2.17,0.0143006,0.01420933,0.64,2.9,True,0.6666666666666666,0.0,0.7,3.4,Actionable watch,Possible inverse H&S,"inverse-head-and-shoulders, base, reversal",281.87,,,17.82,,,281.87,A possible inverse head-and-shoulders base is visible. The setup improves only if price clears or holds near the neckline with better volume.,Setup watch: Possible inverse H&S,4.57
LTTS,L&T Technology Services Ltd.,LTTS.NS,Information Technology,True,,NIFTY 500,^CRSLDX,2026-09-02,3505.0,-2.31,-1.08,-1.97,41075.0,106627.0,0.39,143967875.0,47.35,52.05,False,False,True,True,False,-1.71,1.96,-1.4,False,False,False,False,-5.14,0.15092925,0.14688979,2.75,2.1,True,0.3333333333333333,0.0,0.39,3.25,Watch,Bullish flag,"flag, continuation, uptrend",3652.7,2026-08-11,0.53,,5.57,19.85,,Price has made a sharp impulse move and is now consolidating near the highs. A controlled pullback with quieter volume keeps the continuation setup alive.,Strengthening,4.56
HYUNDAI,Hyundai Motor India Ltd.,HYUNDAI.NS,Automobile and Auto Components,True,,NIFTY 500,^CRSLDX,2026-09-02,2154.4,-1.17,-4.25,-2.89,1011484.0,680299.0,1.49,2179141030.82,48.02,67.29,False,False,True,True,True,-2.64,3.87,-0.58,False,False,False,False,-10.63,0.09277089,0.08843338,4.9,-0.06,True,0.6666666666666666,0.0,1.49,2.2,Watch,Possible inverse H&S,"inverse-head-and-shoulders, base, reversal",2215.65,,,2.76,,,2215.65,A possible inverse head-and-shoulders base is visible. The setup improves only if price clears or holds near the neckline with better volume.,Setup watch: Possible inverse H&S,4.56
MRPL,Mangalore Refinery & Petrochemicals Ltd.,MRPL.NS,Oil Gas & Consumable Fuels,True,,NIFTY 500,^CRSLDX,2026-09-02,175.22,2.22,0.93,2.49,9769696.0,11864380.0,0.82,1711846145.05,55.12,53.04,True,True,True,True,True,1.38,5.55,0.79,False,False,False,False,-8.86,0.00754517,0.00709189,6.39,5.37,True,1.0,0.0,0.82,-3.0,Risk review,Head-and-shoulders risk,"head-and-shoulders, risk, distribution, flag, continuation, uptrend",176.7,,,0.84,,,176.7,"A possible head-and-shoulders top is forming or breaking. This is a caution signal, not an entry setup. Secondary patterns: Bullish flag.",Risk review,4.52
INDHOTEL,Indian Hotels Co. Ltd.,INDHOTEL.NS,Consumer Services,True,,NIFTY 500,^CRSLDX,2026-09-02,727.7,1.35,0.93,-1.8,1623615.0,1521927.0,1.07,1181504655.32,50.87,45.15,True,True,False,True,True,0.36,-0.23,-0.0,False,False,False,False,-0.2,0.03133558,0.03123653,0.32,-1.02,True,0.3333333333333333,0.0,1.07,3.4,Actionable watch,Possible inverse H&S,"inverse-head-and-shoulders, base, reversal",691.35,,,5.26,,,691.35,A possible inverse head-and-shoulders base is visible. The setup improves only if price clears or holds near the neckline with better volume.,Setup watch: Possible inverse H&S,4.49
RELIANCE,Reliance Industries Ltd.,RELIANCE.NS,Oil Gas & Consumable Fuels,True,,NIFTY 500,^CRSLDX,2026-09-02,1313.1,0.31,1.16,2.59,13491087.0,10871860.0,1.24,17715146010.33,52.74,45.73,True,True,True,False,False,0.09,0.75,-1.18,False,False,False,False,6.44,0.05654357,0.05579811,1.34,3.77,True,0.3333333333333333,0.0,1.24,0.0,No clear setup,,,,,,,,,,,Strengthening,4.45
BAJAJHLDNG,Bajaj Holdings & Investment Ltd.,BAJAJHLDNG.NS,Financial Services,True,,NIFTY 500,^CRSLDX,2026-09-02,11100.0,-1.86,-3.81,-3.44,32371.0,42426.0,0.76,359318100.0,46.33,60.66,False,False,True,True,True,-2.49,0.91,-0.94,False,False,False,False,-6.53,0.47797852,0.46994736,1.71,-1.32,True,0.6666666666666666,0.0,0.76,2.58,Actionable watch,Possible inverse H&S,"inverse-head-and-shoulders, base, reversal",11107.5,,,0.07,,,11107.5,A possible inverse head-and-shoulders base is visible. The setup improves only if price clears or holds near the neckline with better volume.,Setup watch: Possible inverse H&S,4.44
GAIL,GAIL (India) Ltd.,GAIL.NS,Oil Gas & Consumable Fuels,True,,NIFTY 500,^CRSLDX,2026-09-02,173.0,0.47,-0.57,-1.95,5579991.0,7825475.0,0.71,965338443.0,49.48,51.29,False,False,False,True,True,-0.29,-0.12,-0.12,False,False,False,False,1.93,0.00744958,0.00741721,0.44,1.14,True,0.3333333333333333,0.0,0.71,5.1,Actionable watch,Breakout retest,"breakout, retest, pivot, volume, inverse-head-and-shoulders, base, reversal",172.03,2026-07-28,2.62,0.56,,,,Prior resistance has been cleared on higher volume and price is back near that pivot. This is the kind of retest zone where follow-through can matter more than chasing a stretched candle. Secondary patterns: Possible inverse H&S.,Setup watch: Breakout retest,4.43
SYRMA,Syrma SGS Technology Ltd.,SYRMA.NS,Capital Goods,True,,NIFTY 500,^CRSLDX,2026-09-02,1434.0,-0.96,-2.72,0.1,785344.0,1089729.0,0.72,1126183296.0,49.19,57.72,False,False,True,True,True,-2.02,1.28,6.8,False,False,False,False,-0.41,0.06174966,0.06048836,2.09,3.01,True,1.0,0.0,0.72,0.0,No clear setup,,,,,,,,,,,Strengthening,4.4
EICHERMOT,Eicher Motors Ltd.,EICHERMOT.NS,Automobile and Auto Components,True,,NIFTY 500,^CRSLDX,2026-09-02,7711.5,-3.24,-4.03,-3.44,1117429.0,408221.0,2.74,8617053733.5,38.67,61.17,False,False,True,True,True,-3.74,0.13,1.63,False,False,False,False,-5.82,0.33206589,0.32903711,0.92,-0.86,True,1.0,0.0,2.74,2.2,Watch,Possible inverse H&S,"inverse-head-and-shoulders, base, reversal",7992.0,,,3.51,,,7992.0,A possible inverse head-and-shoulders base is visible. The setup improves only if price clears or holds near the neckline with better volume.,Setup watch: Possible inverse H&S,4.4
ONESOURCE,Onesource Specialty Pharma Ltd.,ONESOURCE.NS,Healthcare,True,,NIFTY 500,^CRSLDX,2026-09-02,1544.4,1.08,4.1,-0.6,136288.0,143166.0,0.95,210483190.53,47.04,33.7,True,True,False,False,False,0.15,-3.56,-1.67,False,False,False,False,10.12,0.06650361,0.06859637,-3.05,2.93,False,0.3333333333333333,0.0,0.95,4.65,Actionable watch,Breakout retest,"breakout, retest, pivot, volume",1539.7,2026-06-29,1.49,0.31,,,,Prior resistance has been cleared on higher volume and price is back near that pivot. This is the kind of retest zone where follow-through can matter more than chasing a stretched candle.,Mean reversion bounce,4.39
KFINTECH,Kfin Technologies Ltd.,KFINTECH.NS,Financial Services,True,,NIFTY 500,^CRSLDX,2026-09-02,929.0,-0.91,-4.86,-2.08,1181845.0,1008865.0,1.17,1097934005.0,46.63,60.96,False,False,True,True,False,-2.19,1.47,-1.53,False,False,False,False,-9.61,0.04000379,0.03912143,2.26,-0.13,True,0.3333333333333333,0.0,1.17,4.65,Actionable watch,Breakout retest,"breakout, retest, pivot, volume, inverse-head-and-shoulders, base, reversal",942.54,2026-07-28,2.3,1.44,,,,Prior resistance has been cleared on higher volume and price is back near that pivot. This is the kind of retest zone where follow-through can matter more than chasing a stretched candle. Secondary patterns: Possible inverse H&S.,Setup watch: Breakout retest,4.37
SPLPETRO,Supreme Petrochem Ltd.,SPLPETRO.NS,Chemicals,True,,NIFTY 500,^CRSLDX,2026-09-02,721.85,0.47,1.91,2.25,83706.0,145547.0,0.58,60423174.06,54.04,49.31,True,True,True,True,True,2.06,0.88,-0.13,False,False,False,False,5.14,0.03108367,0.03068424,1.3,2.73,True,0.6666666666666666,0.0,0.58,-2.0,Risk review,Head-and-shoulders risk,"head-and-shoulders, risk, distribution, breakout, retest, pivot, volume",688.05,,,4.91,,,688.05,"A possible head-and-shoulders top is forming or breaking. This is a caution signal, not an entry setup. Secondary patterns: Breakout retest.",Risk review,4.35
TCS,Tata Consultancy Services Ltd.,TCS.NS,Information Technology,True,,NIFTY 500,^CRSLDX,2026-09-02,2348.0,-0.89,3.44,-2.69,2532948.0,2706780.0,0.94,5947361904.0,52.94,45.06,True,True,True,True,False,0.29,3.93,-2.28,False,False,False,False,-19.04,0.10110753,0.09641802,4.86,-2.63,True,0.3333333333333333,0.0,0.94,3.32,Watch,Bullish flag,"flag, continuation, uptrend, inverse-head-and-shoulders, base, reversal",2473.7,2026-08-03,0.56,,10.24,25.45,,Price has made a sharp impulse move and is now consolidating near the highs. A controlled pullback with quieter volume keeps the continuation setup alive. Secondary patterns: Possible inverse H&S.,Setup watch: Bullish flag,4.34
BLUEJET,Blue Jet Healthcare Ltd.,BLUEJET.NS,Healthcare,True,,NIFTY 500,^CRSLDX,2026-09-02,580.35,-1.02,-1.65,-1.84,275948.0,599104.0,0.46,160146415.06,47.36,51.68,False,False,False,True,True,-1.57,-0.31,-0.65,False,False,False,False,2.58,0.02499052,0.02484809,0.57,1.71,True,0.3333333333333333,0.0,0.46,3.4,Actionable watch,Possible inverse H&S,"inverse-head-and-shoulders, base, reversal",544.38,,,6.61,,,544.38,A possible inverse head-and-shoulders base is visible. The setup improves only if price clears or holds near the neckline with better volume.,Setup watch: Possible inverse H&S,4.33
HINDCOPPER,Hindustan Copper Ltd.,HINDCOPPER.NS,Metals & Mining,True,,NIFTY 500,^CRSLDX,2026-09-02,520.95,-1.08,-6.31,-2.41,6612449.0,17880864.0,0.37,3444755387.27,46.23,56.46,False,False,True,False,True,-4.37,1.57,4.16,False,False,False,False,9.91,0.0224327,0.021926,2.31,7.94,True,1.0,0.0,0.37,-2.0,Risk review,Head-and-shoulders risk,"head-and-shoulders, risk, distribution, breakout, retest, pivot, volume, flag, continuation, uptrend",512.88,,,1.57,,,512.88,"A possible head-and-shoulders top is forming or breaking. This is a caution signal, not an entry setup. Secondary patterns: Breakout retest, Bullish flag.",Risk review,4.3
HINDZINC,Hindustan Zinc Ltd.,HINDZINC.NS,Metals & Mining,True,,NIFTY 500,^CRSLDX,2026-09-02,588.4,-1.44,-6.08,-1.43,3986010.0,7103345.0,0.56,2345368381.31,52.24,68.49,False,False,True,True,True,-0.16,5.84,2.06,False,False,False,False,2.08,0.02533717,0.02374358,6.71,6.63,True,0.6666666666666666,0.0,0.56,-2.0,Risk review,Head-and-shoulders risk,"head-and-shoulders, risk, distribution, flag, continuation, uptrend, inverse-head-and-shoulders, base, reversal",574.25,,,2.46,,,574.25,"A possible head-and-shoulders top is forming or breaking. This is a caution signal, not an entry setup. Secondary patterns: Bullish flag, Possible inverse H&S.",Risk review,4.3
LTF,L&T Finance Ltd.,LTF.NS,Financial Services,True,,NIFTY 500,^CRSLDX,2026-09-02,312.8,1.21,-2.92,-1.76,6164922.0,4605361.0,1.34,1928387526.34,48.62,57.4,False,False,False,True,True,-0.95,-0.43,1.36,False,False,False,False,6.54,0.01346952,0.01341843,0.38,0.38,True,0.6666666666666666,0.0,1.34,4.78,Actionable watch,Breakout retest,"breakout, retest, pivot, volume, inverse-head-and-shoulders, base, reversal",303.35,2026-06-30,1.76,0.21,,,,Prior resistance has been cleared on higher volume and price is back near that pivot. This is the kind of retest zone where follow-through can matter more than chasing a stretched candle. Secondary patterns: Possible inverse H&S.,Setup watch: Breakout retest,4.28
BLUEDART,Blue Dart Express Ltd.,BLUEDART.NS,Services,True,,NIFTY 500,^CRSLDX,2026-09-02,5017.5,-1.71,0.21,-5.21,23531.0,12962.0,1.82,118066792.5,48.08,45.67,False,False,True,False,False,-0.99,0.14,-1.8,False,False,False,False,-12.61,0.21605921,0.21443439,0.76,-4.59,True,0.3333333333333333,0.0,1.82,4.7,Actionable watch,Breakout retest,"breakout, retest, pivot, volume",5064.75,2026-07-31,3.63,0.93,,,,Prior resistance has been cleared on higher volume and price is back near that pivot. This is the kind of retest zone where follow-through can matter more than chasing a stretched candle.,Setup watch: Breakout retest,4.28
BALKRISIND,Balkrishna Industries Ltd.,BALKRISIND.NS,Automobile and Auto Components,True,,NIFTY 500,^CRSLDX,2026-09-02,2329.1,-0.12,0.02,-6.9,343301.0,722373.0,0.48,799582392.63,49.55,49.13,False,False,True,True,True,-2.53,2.7,0.36,False,False,False,False,-14.04,0.10029368,0.0968996,3.5,-4.65,True,0.6666666666666666,0.0,0.48,5.1,Actionable watch,Breakout retest,"breakout, retest, pivot, volume, flag, continuation, uptrend, inverse-head-and-shoulders, base, reversal",2308.14,2026-07-31,9.07,0.91,,,,"Prior resistance has been cleared on higher volume and price is back near that pivot. This is the kind of retest zone where follow-through can matter more than chasing a stretched candle. Secondary patterns: Bullish flag, Possible inverse H&S.",Setup watch: Breakout retest,4.27
ESCORTS,Escorts Kubota Ltd.,ESCORTS.NS,Capital Goods,True,,NIFTY 500,^CRSLDX,2026-09-02,3019.4,0.11,-1.55,-2.26,103142.0,69290.0,1.49,311426944.73,47.31,52.46,False,False,True,True,False,-1.59,0.45,-1.68,False,False,False,False,-3.37,0.13001877,0.12852846,1.16,-0.68,True,0.3333333333333333,0.0,1.49,4.7,Actionable watch,Breakout retest,"breakout, retest, pivot, volume",3030.92,2026-07-31,3.39,0.38,,,,Prior resistance has been cleared on higher volume and price is back near that pivot. This is the kind of retest zone where follow-through can matter more than chasing a stretched candle.,Setup watch: Breakout retest,4.26
BAJAJFINSV,Bajaj Finserv Ltd.,BAJAJFINSV.NS,Financial Services,True,,NIFTY 500,^CRSLDX,2026-09-02,1990.0,0.91,-1.0,-4.6,730982.0,846969.0,0.86,1454654180.0,50.32,55.76,False,False,True,True,True,-1.22,2.53,-0.45,False,False,False,False,-13.7,0.08569164,0.08284613,3.43,-3.56,True,0.6666666666666666,0.0,0.86,3.25,Watch,Bullish flag,"flag, continuation, uptrend, inverse-head-and-shoulders, base, reversal",2105.0,2026-08-04,0.66,,8.55,19.75,,Price has made a sharp impulse move and is now consolidating near the highs. A controlled pullback with quieter volume keeps the continuation setup alive. Secondary patterns: Possible inverse H&S.,Setup watch: Bullish flag,4.23
COALINDIA,Coal India Ltd.,COALINDIA.NS,Oil Gas & Consumable Fuels,True,,NIFTY 500,^CRSLDX,2026-09-02,417.85,4.05,3.56,0.57,34128070.0,9251087.0,3.69,14260414257.8,59.64,37.3,True,True,True,False,False,2.65,0.32,0.86,False,True,False,False,4.76,0.01799309,0.01786788,0.7,2.07,True,0.6666666666666666,0.5,3.69,-2.0,Risk review,Head-and-shoulders risk,"head-and-shoulders, risk, distribution",401.05,,,4.19,,,401.05,"A possible head-and-shoulders top is forming or breaking. This is a caution signal, not an entry setup.",Risk review,4.21
WELCORP,Welspun Corp Ltd.,WELCORP.NS,Capital Goods,True,,NIFTY 500,^CRSLDX,2026-09-02,2523.5,-1.18,9.4,41.13,2258526.0,2741016.0,0.82,5699390361.0,79.86,79.1,True,True,True,True,True,19.12,39.66,11.54,False,False,True,False,37.07,0.10866476,0.07640968,42.21,48.24,True,1.0,0.5,0.82,0.0,No clear setup,,,,,,,,,,,Strengthening,4.2
GRAVITA,Gravita India Ltd.,GRAVITA.NS,Metals & Mining,True,,NIFTY 500,^CRSLDX,2026-09-02,1749.1,-1.84,-4.96,3.57,120608.0,176250.0,0.68,210955449.86,44.93,61.01,False,False,False,True,True,-2.62,-0.49,0.66,False,False,False,False,16.04,0.07531822,0.07516363,0.21,7.58,True,0.6666666666666666,0.0,0.68,2.84,Actionable watch,Possible inverse H&S,"inverse-head-and-shoulders, base, reversal",1736.85,,,0.71,,,1736.85,A possible inverse head-and-shoulders base is visible. The setup improves only if price clears or holds near the neckline with better volume.,Setup watch: Possible inverse H&S,4.19
OLAELEC,Ola Electric Mobility Ltd.,OLAELEC.NS,Automobile and Auto Components,True,,NIFTY 500,^CRSLDX,2026-09-02,38.98,-3.78,2.58,-5.94,44508836.0,47179381.0,0.94,1734954406.91,49.88,46.11,True,True,False,False,True,0.06,-1.84,-2.71,False,False,False,False,13.36,0.00167852,0.00170515,-1.56,3.1,False,0.3333333333333333,0.0,0.94,3.4,Actionable watch,Possible inverse H&S,"inverse-head-and-shoulders, base, reversal",37.77,,,3.19,,,37.77,A possible inverse head-and-shoulders base is visible. The setup improves only if price clears or holds near the neckline with better volume.,Setup watch: Possible inverse H&S,4.11
CHOLAFIN,Cholamandalam Investment and Finance Company Ltd.,CHOLAFIN.NS,Financial Services,True,,NIFTY 500,^CRSLDX,2026-09-02,1825.9,0.62,-2.26,-2.88,853167.0,1055992.0,0.81,1557797646.13,45.81,52.86,False,False,False,True,True,-2.83,-0.21,1.04,False,False,False,False,-0.49,0.07862531,0.07817157,0.58,-0.66,True,0.6666666666666666,0.0,0.81,4.2,Actionable watch,Breakout retest,"breakout, retest, pivot, volume, inverse-head-and-shoulders, base, reversal",1839.62,2026-08-03,1.39,0.75,,,,Prior resistance has been cleared on higher volume and price is back near that pivot. This is the kind of retest zone where follow-through can matter more than chasing a stretched candle. Secondary patterns: Possible inverse H&S.,Setup watch: Breakout retest,4.07
INFY,Infosys Ltd.,INFY.NS,Information Technology,True,,NIFTY 500,^CRSLDX,2026-09-02,1140.0,-1.38,1.79,-2.9,8564016.0,8171738.0,1.05,9762978240.0,51.49,46.98,True,False,True,True,False,-0.6,3.01,-2.38,False,False,False,False,-7.84,0.04908969,0.04726302,3.86,-0.39,True,0.3333333333333333,0.0,1.05,3.26,Watch,Bullish flag,"flag, continuation, uptrend, inverse-head-and-shoulders, base, reversal",1190.7,2026-08-11,0.59,,7.54,20.85,,Price has made a sharp impulse move and is now consolidating near the highs. A controlled pullback with quieter volume keeps the continuation setup alive. Secondary patterns: Possible inverse H&S.,Setup watch: Bullish flag,4.06
PHOENIXLTD,Phoenix Mills Ltd.,PHOENIXLTD.NS,Realty,True,,NIFTY 500,^CRSLDX,2026-09-02,1920.1,1.45,-0.21,-0.54,199584.0,373532.0,0.53,383221233.53,47.88,46.45,True,True,False,True,True,0.25,-2.93,1.15,False,False,False,False,9.51,0.08268167,0.08463016,-2.3,1.37,False,0.6666666666666666,0.0,0.53,5.1,Actionable watch,Breakout retest,"breakout, retest, pivot, volume, inverse-head-and-shoulders, base, reversal",1829.7,2026-06-16,2.47,2.24,,,,Prior resistance has been cleared on higher volume and price is back near that pivot. This is the kind of retest zone where follow-through can matter more than chasing a stretched candle. Secondary patterns: Possible inverse H&S.,Setup watch: Breakout retest,3.97
NH,Narayana Hrudayalaya Ltd.,NH.NS,Healthcare,True,,NIFTY 500,^CRSLDX,2026-09-02,1922.7,-0.83,2.12,1.03,302703.0,320834.0,0.94,582007043.32,54.25,49.08,True,True,False,True,True,3.32,-0.91,0.41,False,False,False,False,7.43,0.08279363,0.08306344,-0.32,2.19,False,0.6666666666666666,0.0,0.94,3.4,Actionable watch,Possible inverse H&S,"inverse-head-and-shoulders, base, reversal",1869.0,,,2.87,,,1869.0,A possible inverse head-and-shoulders base is visible. The setup improves only if price clears or holds near the neckline with better volume.,Setup watch: Possible inverse H&S,3.93
BPCL,Bharat Petroleum Corporation Ltd.,BPCL.NS,Oil Gas & Consumable Fuels,True,,NIFTY 500,^CRSLDX,2026-09-02,319.6,0.61,0.5,-2.04,8277377.0,5263279.0,1.57,2645449739.72,54.0,53.83,True,True,True,True,False,0.94,1.7,-0.78,False,False,False,False,-1.17,0.01376234,0.01344555,2.36,0.63,True,0.3333333333333333,0.0,1.57,-2.0,Risk review,Head-and-shoulders risk,"head-and-shoulders, risk, distribution, breakout, retest, pivot, volume",306.05,,,4.43,,,306.05,"A possible head-and-shoulders top is forming or breaking. This is a caution signal, not an entry setup. Secondary patterns: Breakout retest.",Risk review,3.93
SUNDARMFIN,Sundaram Finance Ltd.,SUNDARMFIN.NS,Financial Services,True,,NIFTY 500,^CRSLDX,2026-09-02,4557.2,0.38,0.39,-3.78,35537.0,45128.0,0.79,161949223.34,51.02,50.41,True,True,True,True,False,0.34,0.24,-0.21,False,False,False,False,-1.27,0.19623818,0.19446662,0.91,-2.73,True,0.3333333333333333,0.0,0.79,2.2,Watch,Possible inverse H&S,"inverse-head-and-shoulders, base, reversal",4725.0,,,3.55,,,4725.0,A possible inverse head-and-shoulders base is visible. The setup improves only if price clears or holds near the neckline with better volume.,Setup watch: Possible inverse H&S,3.92
TATACOMM,Tata Communications Ltd.,TATACOMM.NS,Telecommunication,True,,NIFTY 500,^CRSLDX,2026-09-02,1710.0,-1.37,3.68,-2.16,505807.0,258580.0,1.96,864929970.0,46.69,35.27,True,True,False,False,True,0.08,-4.56,-0.93,False,False,False,False,6.08,0.07363453,0.07702486,-4.4,-1.92,False,0.3333333333333333,0.0,1.96,3.4,Actionable watch,Possible inverse H&S,"inverse-head-and-shoulders, base, reversal",1661.0,,,2.95,,,1661.0,A possible inverse head-and-shoulders base is visible. The setup improves only if price clears or holds near the neckline with better volume.,Setup watch: Possible inverse H&S,3.91
HEROMOTOCO,Hero MotoCorp Ltd.,HEROMOTOCO.NS,Automobile and Auto Components,True,,NIFTY 500,^CRSLDX,2026-09-02,5300.0,-4.59,-5.27,-6.85,1746616.0,690864.0,2.53,9257064800.0,39.55,54.95,False,False,True,True,False,-6.67,0.67,0.64,False,False,False,False,-13.71,0.22822398,0.22460482,1.61,-2.55,True,0.6666666666666666,0.0,2.53,4.94,Actionable watch,Breakout retest,"breakout, retest, pivot, volume, flag, continuation, uptrend",5070.35,2026-07-30,2.08,1.91,,,,Prior resistance has been cleared on higher volume and price is back near that pivot. This is the kind of retest zone where follow-through can matter more than chasing a stretched candle. Secondary patterns: Bullish flag.,Setup watch: Breakout retest,3.89
COCHINSHIP,Cochin Shipyard Ltd.,COCHINSHIP.NS,Capital Goods,True,,NIFTY 500,^CRSLDX,2026-09-02,1463.0,-0.87,-5.43,2.67,327598.0,1065284.0,0.31,479275874.0,45.27,65.67,False,False,True,False,False,-2.53,0.34,-1.71,False,False,False,False,6.79,0.06299843,0.06238079,0.99,4.37,True,0.3333333333333333,0.0,0.31,0.0,No clear setup,,,,,,,,,,,Strengthening,3.87
BBTC,Bombay Burmah Trading Corporation Ltd.,BBTC.NS,Fast Moving Consumer Goods,True,,NIFTY 500,^CRSLDX,2026-09-02,1492.7,-3.01,4.66,-0.59,76777.0,796704.0,0.1,114605024.15,50.07,32.98,True,True,False,False,False,0.65,-0.55,-2.8,False,False,False,False,4.02,0.06427734,0.06427461,0.0,1.13,True,0.0,0.0,0.1,0.0,No clear setup,,,,,,,,,,,Mean reversion bounce,3.83
GABRIEL,Gabriel India Ltd.,GABRIEL.NS,Automobile and Auto Components,True,,NIFTY 500,^CRSLDX,2026-09-02,1384.9,-2.9,3.15,-12.59,230243.0,308837.0,0.75,318863536.32,47.48,41.14,False,False,True,True,True,-3.16,0.58,1.78,False,False,False,False,-26.76,0.05963536,0.05878737,1.44,-7.52,True,1.0,0.0,0.75,3.4,Actionable watch,Possible inverse H&S,"inverse-head-and-shoulders, base, reversal, flag, continuation, uptrend",1076.4,,,28.66,,,1076.4,A possible inverse head-and-shoulders base is visible. The setup improves only if price clears or holds near the neckline with better volume. Secondary patterns: Bullish flag.,Setup watch: Possible inverse H&S,3.79
APOLLOTYRE,Apollo Tyres Ltd.,APOLLOTYRE.NS,Automobile and Auto Components,True,,NIFTY 500,^CRSLDX,2026-09-02,434.15,-1.93,-2.01,-2.42,332910.0,951383.0,0.35,144532874.47,46.71,55.96,False,False,False,True,False,-1.53,-0.38,-1.42,False,False,False,False,5.32,0.01869499,0.01862511,0.38,1.04,True,0.0,0.0,0.35,4.7,Actionable watch,Breakout retest,"breakout, retest, pivot, volume, inverse-head-and-shoulders, base, reversal",440.15,2026-07-02,3.79,1.36,,,,Prior resistance has been cleared on higher volume and price is back near that pivot. This is the kind of retest zone where follow-through can matter more than chasing a stretched candle. Secondary patterns: Possible inverse H&S.,Setup watch: Breakout retest,3.61
AMBER,Amber Enterprises India Ltd.,AMBER.NS,Consumer Durables,True,,NIFTY 500,^CRSLDX,2026-09-02,7415.0,-1.24,-0.68,-1.47,174402.0,345180.0,0.51,1293190830.0,49.03,54.25,False,True,False,False,True,0.82,-0.78,-0.67,False,False,False,False,6.62,0.31929827,0.32018038,-0.28,2.29,False,0.3333333333333333,0.0,0.51,2.3,Actionable watch,Possible inverse H&S,"inverse-head-and-shoulders, base, reversal",7483.25,,,0.91,,,7483.25,A possible inverse head-and-shoulders base is visible. The setup improves only if price clears or holds near the neckline with better volume.,Setup watch: Possible inverse H&S,3.56
ZYDUSWELL,Zydus Wellness Ltd.,ZYDUSWELL.NS,Fast Moving Consumer Goods,True,,NIFTY 500,^CRSLDX,2026-09-02,534.6,1.1,1.02,0.79,178782.0,245801.0,0.73,95576852.84,52.82,50.81,True,True,False,True,True,3.57,-2.5,0.98,False,False,False,False,4.68,0.02302048,0.0234842,-1.97,-0.88,False,0.6666666666666666,0.0,0.73,4.7,Actionable watch,Breakout retest,"breakout, retest, pivot, volume, inverse-head-and-shoulders, base, reversal",534.86,2026-06-29,38.03,0.05,,,,Prior resistance has been cleared on higher volume and price is back near that pivot. This is the kind of retest zone where follow-through can matter more than chasing a stretched candle. Secondary patterns: Possible inverse H&S.,Setup watch: Breakout retest,3.52
SBICARD,SBI Cards and Payment Services Ltd.,SBICARD.NS,Financial Services,True,,NIFTY 500,^CRSLDX,2026-09-02,635.15,0.43,-3.78,-4.59,1968658.0,3231210.0,0.61,1250393176.76,46.68,57.71,False,False,True,True,False,-1.46,0.01,-3.37,False,False,False,False,-8.82,0.02735028,0.02713383,0.8,-1.53,True,0.3333333333333333,0.0,0.61,2.2,Watch,Possible inverse H&S,"inverse-head-and-shoulders, base, reversal",659.0,,,3.62,,,659.0,A possible inverse head-and-shoulders base is visible. The setup improves only if price clears or holds near the neckline with better volume.,Setup watch: Possible inverse H&S,3.46
PFOCUS,Prime Focus Ltd.,PFOCUS.NS,Media Entertainment & Publication,True,,NIFTY 500,^CRSLDX,2026-09-02,280.35,-2.15,-7.34,-6.46,514865.0,931715.0,0.55,144342405.89,46.88,59.93,False,False,True,True,True,-2.06,2.47,4.54,False,False,False,False,-32.44,0.01207219,0.01163812,3.73,-5.55,True,1.0,0.0,0.55,2.2,Watch,Possible inverse H&S,"inverse-head-and-shoulders, base, reversal",287.5,,,2.49,,,287.5,A possible inverse head-and-shoulders base is visible. The setup improves only if price clears or holds near the neckline with better volume.,Setup watch: Possible inverse H&S,3.46
ABSLAMC,Aditya Birla Sun Life AMC Ltd.,ABSLAMC.NS,Financial Services,True,,NIFTY 500,^CRSLDX,2026-09-02,1022.0,-0.69,-1.11,0.48,398519.0,197880.0,2.01,407286418.0,47.83,52.24,False,True,False,False,True,0.06,-3.07,2.78,False,False,False,False,17.8,0.04400847,0.04529052,-2.83,4.72,False,0.6666666666666666,0.0,2.01,-2.0,Risk review,Head-and-shoulders risk,"head-and-shoulders, risk, distribution",976.2,,,4.69,,,976.2,"A possible head-and-shoulders top is forming or breaking. This is a caution signal, not an entry setup.",Risk review,3.34
GRANULES,Granules India Ltd.,GRANULES.NS,Healthcare,True,,NIFTY 500,^CRSLDX,2026-09-02,831.75,-0.65,0.43,-1.58,787508.0,545203.0,1.44,655009779.0,45.28,42.86,False,False,False,True,True,-1.91,-1.78,4.37,False,False,False,False,8.24,0.03581609,0.03620504,-1.07,2.76,False,0.6666666666666666,0.0,1.44,3.4,Actionable watch,Possible inverse H&S,"inverse-head-and-shoulders, base, reversal",633.5,,,31.29,,,633.5,A possible inverse head-and-shoulders base is visible. The setup improves only if price clears or holds near the neckline with better volume.,Setup watch: Possible inverse H&S,3.34
HINDALCO,Hindalco Industries Ltd.,HINDALCO.NS,Metals & Mining,True,,NIFTY 500,^CRSLDX,2026-09-02,1009.7,-0.46,-4.11,-2.91,1902404.0,4248933.0,0.45,1920857342.02,46.16,58.89,False,False,True,False,True,-2.92,1.66,2.46,False,False,False,False,-3.34,0.04347882,0.04246958,2.38,0.98,True,1.0,0.0,0.45,-2.0,Risk review,Head-and-shoulders risk,"head-and-shoulders, risk, distribution, breakout, retest, pivot, volume, inverse-head-and-shoulders, base, reversal",979.8,,,3.05,,,979.8,"A possible head-and-shoulders top is forming or breaking. This is a caution signal, not an entry setup. Secondary patterns: Breakout retest, Possible inverse H&S.",Risk review,3.3
INDUSTOWER,Indus Towers Ltd.,INDUSTOWER.NS,Telecommunication,True,,NIFTY 500,^CRSLDX,2026-09-02,379.0,1.07,0.34,1.92,2706156.0,5277256.0,0.51,1025633124.0,50.13,49.69,True,True,True,False,False,0.52,0.1,0.2,False,False,False,False,2.37,0.01632017,0.01621555,0.65,2.87,True,0.6666666666666666,0.0,0.51,-3.0,Risk review,Head-and-shoulders risk,"head-and-shoulders, risk, distribution",405.5,,,6.54,,,405.5,"A possible head-and-shoulders top is forming or breaking. This is a caution signal, not an entry setup.",Risk review,3.22
WOCKPHARMA,Wockhardt Ltd.,WOCKPHARMA.NS,Healthcare,True,,NIFTY 500,^CRSLDX,2026-09-02,1904.3,2.9,1.18,-5.07,684342.0,676817.0,1.01,1303192504.02,50.05,47.7,True,False,False,True,True,-0.01,-0.14,3.72,False,False,False,False,-11.37,0.08200131,0.08164758,0.43,-3.95,True,0.6666666666666666,0.0,1.01,3.4,Actionable watch,Possible inverse H&S,"inverse-head-and-shoulders, base, reversal",1530.5,,,24.42,,,1530.5,A possible inverse head-and-shoulders base is visible. The setup improves only if price clears or holds near the neckline with better volume.,Setup watch: Possible inverse H&S,3.2
CGPOWER,CG Power and Industrial Solutions Ltd.,CGPOWER.NS,Capital Goods,True,,NIFTY 500,^CRSLDX,2026-09-02,877.75,-0.88,1.47,-1.32,2060605.0,2054983.0,1.0,1808696038.75,48.12,44.73,False,False,False,False,True,-0.63,-1.97,1.92,False,False,False,False,6.4,0.03779691,0.03836382,-1.48,1.75,False,0.6666666666666666,0.0,1.0,3.41,Watch,Breakout retest,"breakout, retest, pivot, volume",892.92,2026-08-31,1.42,1.7,,,,Prior resistance has been cleared on higher volume and price is back near that pivot. This is the kind of retest zone where follow-through can matter more than chasing a stretched candle.,Setup watch: Breakout retest,3.14
LT,Larsen & Toubro Ltd.,LT.NS,Construction,True,,NIFTY 500,^CRSLDX,2026-09-02,3981.0,0.02,-1.41,-1.87,1306451.0,1305243.0,1.0,5200981431.0,44.39,51.47,False,False,False,False,True,-1.79,-0.23,0.38,False,False,False,False,3.19,0.17142635,0.17085348,0.34,1.78,True,0.6666666666666666,0.0,1.0,2.2,Watch,Possible inverse H&S,"inverse-head-and-shoulders, base, reversal",4176.15,,,4.67,,,4176.15,A possible inverse head-and-shoulders base is visible. The setup improves only if price clears or holds near the neckline with better volume.,Setup watch: Possible inverse H&S,3.13
M&MFIN,Mahindra & Mahindra Financial Services Ltd.,M&MFIN.NS,Financial Services,True,,NIFTY 500,^CRSLDX,2026-09-02,368.85,1.22,-4.28,-7.42,1218593.0,2075434.0,0.59,449478035.49,44.93,54.99,False,False,True,True,True,-4.58,1.94,2.57,False,False,False,False,-26.62,0.0158831,0.0153821,3.26,-5.6,True,1.0,0.0,0.59,3.56,Actionable watch,Bullish flag,"flag, continuation, uptrend, inverse-head-and-shoulders, base, reversal",412.3,2026-08-10,0.3,,14.43,44.75,,Price has made a sharp impulse move and is now consolidating near the highs. A controlled pullback with quieter volume keeps the continuation setup alive. Secondary patterns: Possible inverse H&S.,Setup watch: Bullish flag,3.13
BANKINDIA,Bank of India,BANKINDIA.NS,Financial Services,True,,NIFTY 500,^CRSLDX,2026-09-02,143.1,0.53,-1.95,1.49,5131170.0,5868813.0,0.87,734270458.32,50.73,58.15,False,False,True,True,False,-0.17,0.47,0.54,False,False,False,False,6.67,0.00616205,0.00609613,1.08,3.94,True,0.6666666666666666,0.0,0.87,-2.0,Risk review,Head-and-shoulders risk,"head-and-shoulders, risk, distribution",138.71,,,3.16,,,138.71,"A possible head-and-shoulders top is forming or breaking. This is a caution signal, not an entry setup.",Risk review,3.09
ADANIPORTS,Adani Ports and Special Economic Zone Ltd.,ADANIPORTS.NS,Services,True,,NIFTY 500,^CRSLDX,2026-09-02,1672.7,1.53,-1.11,-1.61,2338933.0,2288816.0,1.02,3912333114.89,46.0,44.56,False,False,False,False,True,-0.47,-4.34,1.43,False,False,False,False,8.18,0.07202835,0.07494404,-3.89,-0.02,False,0.6666666666666666,0.0,1.02,3.97,Actionable watch,Breakout retest,"breakout, retest, pivot, volume, inverse-head-and-shoulders, base, reversal",1581.47,2026-09-01,1.75,3.2,,,,Prior resistance has been cleared on higher volume and price is back near that pivot. This is the kind of retest zone where follow-through can matter more than chasing a stretched candle. Secondary patterns: Possible inverse H&S.,Setup watch: Breakout retest,2.99
BELRISE,Belrise Industries Ltd.,BELRISE.NS,Automobile and Auto Components,True,,NIFTY 500,^CRSLDX,2026-09-02,234.31,1.55,2.02,-2.97,3569451.0,4816058.0,0.74,836358055.1,48.52,41.83,True,False,False,True,True,-2.08,-0.78,4.49,False,False,False,False,-3.64,0.01008965,0.0101162,-0.26,-0.55,False,0.6666666666666666,0.0,0.74,5.1,Actionable watch,Breakout retest,"breakout, retest, pivot, volume",226.2,2026-06-09,9.51,0.68,,,,Prior resistance has been cleared on higher volume and price is back near that pivot. This is the kind of retest zone where follow-through can matter more than chasing a stretched candle.,Setup watch: Breakout retest,2.89
KIRLOSENG,Kirloskar Oil Eng Ltd.,KIRLOSENG.NS,Capital Goods,True,,NIFTY 500,^CRSLDX,2026-09-02,2160.9,1.06,6.1,-3.59,498693.0,461644.0,1.08,1077625655.0,52.89,40.21,True,True,False,True,True,2.48,-2.68,7.47,False,False,False,False,-2.08,0.09305079,0.09545903,-2.52,-3.06,False,0.6666666666666666,0.0,1.08,3.4,Actionable watch,Possible inverse H&S,"inverse-head-and-shoulders, base, reversal",1377.0,,,56.93,,,1377.0,A possible inverse head-and-shoulders base is visible. The setup improves only if price clears or holds near the neckline with better volume.,Setup watch: Possible inverse H&S,2.88
SUPREMEIND,Supreme Industries Ltd.,SUPREMEIND.NS,Capital Goods,True,,NIFTY 500,^CRSLDX,2026-09-02,3530.6,-2.06,-0.27,2.02,177612.0,200976.0,0.88,627076944.54,49.39,52.28,False,False,True,True,False,-0.7,2.55,-0.92,False,False,False,False,-5.68,0.15203162,0.14733074,3.19,2.87,True,0.3333333333333333,0.0,0.88,-2.0,Risk review,Head-and-shoulders risk,"head-and-shoulders, risk, distribution, inverse-head-and-shoulders, base, reversal",3401.0,,,3.81,,,3401.0,"A possible head-and-shoulders top is forming or breaking. This is a caution signal, not an entry setup. Secondary patterns: Possible inverse H&S.",Risk review,2.87
ANURAS,Anupam Rasayan India Ltd.,ANURAS.NS,Chemicals,True,,NIFTY 500,^CRSLDX,2026-09-02,1240.3,-1.55,-2.15,1.97,280141.0,305577.0,0.92,347458895.98,49.03,66.75,False,True,False,False,False,0.59,-0.34,1.18,False,False,False,False,9.95,0.05340872,0.05329114,0.22,4.19,True,0.3333333333333333,0.0,0.92,-2.0,Risk review,Head-and-shoulders risk,"head-and-shoulders, risk, distribution",1185.25,,,4.64,,,1185.25,"A possible head-and-shoulders top is forming or breaking. This is a caution signal, not an entry setup.",Risk review,2.84
MANKIND,Mankind Pharma Ltd.,MANKIND.NS,Healthcare,True,,NIFTY 500,^CRSLDX,2026-09-02,2391.5,1.49,-0.09,-1.81,333941.0,349880.0,0.95,798619901.5,45.91,43.09,True,False,False,False,True,-0.41,-3.29,0.14,False,False,False,False,4.91,0.10298069,0.10599908,-2.85,0.07,False,0.6666666666666666,0.0,0.95,3.4,Actionable watch,Possible inverse H&S,"inverse-head-and-shoulders, base, reversal",2321.55,,,3.01,,,2321.55,A possible inverse head-and-shoulders base is visible. The setup improves only if price clears or holds near the neckline with better volume.,Setup watch: Possible inverse H&S,2.8
VMM,Vishal Mega Mart Ltd.,VMM.NS,Consumer Services,True,,NIFTY 500,^CRSLDX,2026-09-02,108.57,1.9,-0.96,-2.19,13752327.0,17175056.0,0.8,1493090138.19,49.44,50.9,True,True,False,False,False,0.89,-2.43,-2.91,False,False,False,False,5.9,0.00467515,0.00477566,-2.1,-0.49,False,0.0,0.0,0.8,4.7,Actionable watch,Breakout retest,"breakout, retest, pivot, volume",110.63,2026-08-24,17.06,1.87,,,,Prior resistance has been cleared on higher volume and price is back near that pivot. This is the kind of retest zone where follow-through can matter more than chasing a stretched candle.,Setup watch: Breakout retest,2.8
WIPRO,Wipro Ltd.,WIPRO.NS,Information Technology,True,,NIFTY 500,^CRSLDX,2026-09-02,177.09,-2.54,-0.15,-5.29,12045988.0,7996591.0,1.51,2133223970.81,43.69,41.74,False,False,False,False,False,-2.58,-0.66,-2.43,False,False,False,False,-10.47,0.0076257,0.00762064,0.07,-3.03,True,0.0,0.0,1.51,4.54,Actionable watch,Breakout retest,"breakout, retest, pivot, volume",180.85,2026-08-31,2.07,2.08,,,,Prior resistance has been cleared on higher volume and price is back near that pivot. This is the kind of retest zone where follow-through can matter more than chasing a stretched candle.,Setup watch: Breakout retest,2.79
GODREJPROP,Godrej Properties Ltd.,GODREJPROP.NS,Realty,True,,NIFTY 500,^CRSLDX,2026-09-02,1970.7,-0.37,-3.16,-6.11,769875.0,500026.0,1.54,1517192624.91,42.13,49.98,False,False,False,True,True,-2.99,-3.18,-1.09,False,False,False,False,0.2,0.08486056,0.08686803,-2.31,-1.14,False,0.3333333333333333,0.0,1.54,4.75,Actionable watch,Breakout retest,"breakout, retest, pivot, volume",1858.3,2026-07-01,1.7,2.72,,,,Prior resistance has been cleared on higher volume and price is back near that pivot. This is the kind of retest zone where follow-through can matter more than chasing a stretched candle.,Setup watch: Breakout retest,2.77
WHIRLPOOL,Whirlpool of India Ltd.,WHIRLPOOL.NS,Consumer Durables,True,,NIFTY 500,^CRSLDX,2026-09-02,800.2,-0.12,4.31,-0.41,163297.0,537117.0,0.3,130670261.39,53.72,44.38,True,True,True,False,False,1.73,1.62,-5.98,False,False,False,False,-0.81,0.03445752,0.03369425,2.27,0.08,True,0.3333333333333333,0.0,0.3,-3.0,Risk review,Head-and-shoulders risk,"head-and-shoulders, risk, distribution",812.17,,,1.47,,,812.17,"A possible head-and-shoulders top is forming or breaking. This is a caution signal, not an entry setup.",Risk review,2.67
NAM-INDIA,Nippon Life India Asset Management Ltd.,NAM-INDIA.NS,Financial Services,True,,NIFTY 500,^CRSLDX,2026-09-02,1171.5,-0.63,-4.21,-3.58,1595181.0,1273696.0,1.25,1868754541.5,45.42,56.51,False,False,False,True,True,-2.12,-1.05,3.32,False,False,False,False,0.0,0.05044611,0.05063911,-0.38,-0.58,False,0.6666666666666666,0.0,1.25,3.4,Actionable watch,Possible inverse H&S,"inverse-head-and-shoulders, base, reversal",1068.35,,,9.66,,,1068.35,A possible inverse head-and-shoulders base is visible. The setup improves only if price clears or holds near the neckline with better volume.,Setup watch: Possible inverse H&S,2.67
TITAGARH,Titagarh Rail Systems Ltd.,TITAGARH.NS,Capital Goods,True,,NIFTY 500,^CRSLDX,2026-09-02,824.95,-1.08,-0.05,-3.28,276179.0,384418.0,0.72,227833869.42,45.89,44.83,False,False,False,False,True,-1.43,-2.46,-0.51,False,False,False,False,0.58,0.03552328,0.03629232,-2.12,-0.96,False,0.3333333333333333,0.0,0.72,3.4,Actionable watch,Possible inverse H&S,"inverse-head-and-shoulders, base, reversal",796.33,,,3.59,,,796.33,A possible inverse head-and-shoulders base is visible. The setup improves only if price clears or holds near the neckline with better volume.,Setup watch: Possible inverse H&S,2.6
FSL,Firstsource Solutions Ltd.,FSL.NS,Services,True,,NIFTY 500,^CRSLDX,2026-09-02,270.4,1.65,0.13,-20.34,674105.0,2704805.0,0.25,182277987.89,48.28,46.99,False,False,True,True,True,-0.89,0.94,-2.39,False,False,False,False,-50.42,0.01164373,0.01143557,1.82,-16.59,True,0.3333333333333333,0.0,0.25,0.0,No clear setup,,,,,,,,,,,Neutral / watch,2.6
VEDL,Vedanta Ltd.,VEDL.NS,Metals & Mining,True,,NIFTY 500,^CRSLDX,2026-09-02,270.7,-1.2,-5.51,-2.27,7577476.0,13553294.0,0.56,2051222845.7,46.5,60.04,False,False,False,False,False,-1.57,-0.32,-4.38,False,False,False,False,6.18,0.01165665,0.01162598,0.26,2.66,True,0.0,0.0,0.56,0.0,No clear setup,,,,,,,,,,,Neutral / watch,2.53
HCLTECH,HCL Technologies Ltd.,HCLTECH.NS,Information Technology,True,,NIFTY 500,^CRSLDX,2026-09-02,1331.5,-1.47,2.54,-1.37,2739309.0,1958938.0,1.4,3647389933.5,54.85,48.93,True,True,True,True,False,0.08,6.13,-1.14,False,False,False,False,-17.7,0.05733589,0.0534932,7.18,-0.85,True,0.3333333333333333,0.0,1.4,-3.0,Risk review,Head-and-shoulders risk,"head-and-shoulders, risk, distribution, flag, continuation, uptrend, inverse-head-and-shoulders, base, reversal",1438.9,,,7.46,,,1438.9,"A possible head-and-shoulders top is forming or breaking. This is a caution signal, not an entry setup. Secondary patterns: Bullish flag, Possible inverse H&S.",Risk review,2.48
BEL,Bharat Electronics Ltd.,BEL.NS,Capital Goods,True,,NIFTY 500,^CRSLDX,2026-09-02,405.75,-1.33,-0.28,4.18,11917433.0,9952786.0,1.2,4835498439.75,47.59,50.35,False,False,False,False,False,-0.74,-0.22,-0.17,False,False,False,False,13.73,0.01747205,0.01741888,0.31,5.87,True,0.0,0.0,1.2,-2.0,Risk review,Head-and-shoulders risk,"head-and-shoulders, risk, distribution",394.27,,,2.91,,,394.27,"A possible head-and-shoulders top is forming or breaking. This is a caution signal, not an entry setup.",Risk review,2.47
KAYNES,Kaynes Technology India Ltd.,KAYNES.NS,Capital Goods,True,,NIFTY 500,^CRSLDX,2026-09-02,3583.0,-0.49,-11.14,-8.08,834791.0,1315250.0,0.63,2991056153.0,43.4,67.71,False,False,True,True,False,-5.52,1.19,-6.91,False,False,False,False,-21.07,0.15428802,0.15077401,2.33,-5.67,True,0.3333333333333333,0.0,0.63,5.1,Actionable watch,Breakout retest,"breakout, retest, pivot, volume, flag, continuation, uptrend",3420.38,2026-07-29,5.92,2.83,,,,Prior resistance has been cleared on higher volume and price is back near that pivot. This is the kind of retest zone where follow-through can matter more than chasing a stretched candle. Secondary patterns: Bullish flag.,Setup watch: Breakout retest,2.47
ANANTRAJ,Anant Raj Ltd.,ANANTRAJ.NS,Realty,True,,NIFTY 500,^CRSLDX,2026-09-02,588.85,0.18,-2.89,-6.26,1282222.0,1576826.0,0.81,755036393.4,39.11,48.0,False,False,False,True,True,-4.15,-0.54,-0.26,False,False,False,False,-20.47,0.02535654,0.02526258,0.37,-4.71,True,0.3333333333333333,0.0,0.81,5.1,Actionable watch,Breakout retest,"breakout, retest, pivot, volume, inverse-head-and-shoulders, base, reversal",574.9,2026-06-04,4.53,0.62,,,,Prior resistance has been cleared on higher volume and price is back near that pivot. This is the kind of retest zone where follow-through can matter more than chasing a stretched candle. Secondary patterns: Possible inverse H&S.,Setup watch: Breakout retest,2.46
FIVESTAR,Five-Star Business Finance Ltd.,FIVESTAR.NS,Financial Services,True,,NIFTY 500,^CRSLDX,2026-09-02,524.85,-2.46,1.9,-4.17,558672.0,496092.0,1.13,293218985.56,46.75,42.63,True,False,False,True,True,-1.6,-2.29,-1.2,False,False,False,False,-0.03,0.02260063,0.02294935,-1.52,-1.71,False,0.3333333333333333,0.0,1.13,3.4,Actionable watch,Possible inverse H&S,"inverse-head-and-shoulders, base, reversal",497.3,,,5.54,,,497.3,A possible inverse head-and-shoulders base is visible. The setup improves only if price clears or holds near the neckline with better volume.,Setup watch: Possible inverse H&S,2.45
FORTIS,Fortis Healthcare Ltd.,FORTIS.NS,Healthcare,True,,NIFTY 500,^CRSLDX,2026-09-02,915.0,0.0,0.13,-1.08,724587.0,1511626.0,0.48,662997105.0,46.15,44.55,False,False,False,False,True,-0.47,-2.69,-1.11,False,False,False,False,5.29,0.03940093,0.04030727,-2.25,0.07,False,0.3333333333333333,0.0,0.48,2.2,Watch,Possible inverse H&S,"inverse-head-and-shoulders, base, reversal",963.93,,,5.08,,,963.93,A possible inverse head-and-shoulders base is visible. The setup improves only if price clears or holds near the neckline with better volume.,Setup watch: Possible inverse H&S,2.38
NATIONALUM,National Aluminium Co. Ltd.,NATIONALUM.NS,Metals & Mining,True,,NIFTY 500,^CRSLDX,2026-09-02,370.0,-0.54,-7.34,-2.64,4445955.0,7669132.0,0.58,1645003350.0,44.8,60.27,False,False,True,False,True,-4.73,1.69,4.46,False,False,False,False,-8.19,0.01593262,0.0155455,2.49,0.37,True,1.0,0.0,0.58,-2.0,Risk review,Head-and-shoulders risk,"head-and-shoulders, risk, distribution, flag, continuation, uptrend",361.48,,,2.36,,,361.48,"A possible head-and-shoulders top is forming or breaking. This is a caution signal, not an entry setup. Secondary patterns: Bullish flag.",Risk review,2.37
ATUL,Atul Ltd.,ATUL.NS,Chemicals,True,,NIFTY 500,^CRSLDX,2026-09-02,6485.5,0.52,-0.62,-4.54,22847.0,39924.0,0.57,148174218.5,45.56,45.53,True,False,False,False,True,-2.15,-0.37,1.25,False,False,False,False,-7.31,0.27927295,0.27852621,0.27,-2.61,True,0.6666666666666666,0.0,0.57,0.0,No clear setup,,,,,,,,,,,Neutral / watch,2.28
MRF,MRF Ltd.,MRF.NS,Automobile and Auto Components,True,,NIFTY 500,^CRSLDX,2026-09-02,131880.0,-0.34,-1.23,-1.88,4250.0,4365.0,0.97,560490000.0,46.96,52.41,False,False,False,True,False,-0.8,-0.46,-1.82,False,False,False,False,6.74,5.67890158,5.67013895,0.15,1.35,True,0.0,0.0,0.97,0.0,No clear setup,,,,,,,,,,,Neutral / watch,2.27
MAZDOCK,Mazagoan Dock Shipbuilders Ltd.,MAZDOCK.NS,Capital Goods,True,,NIFTY 500,^CRSLDX,2026-09-02,2459.0,-1.05,-6.32,3.48,399534.0,972857.0,0.41,982454106.0,43.5,67.63,False,False,False,False,False,-3.6,-0.02,-0.78,False,False,False,False,11.79,0.10588731,0.10522977,0.62,5.19,True,0.0,0.0,0.41,0.0,No clear setup,,,,,,,,,,,Neutral / watch,2.24
BAJFINANCE,Bajaj Finance Ltd.,BAJFINANCE.NS,Financial Services,True,,NIFTY 500,^CRSLDX,2026-09-02,1055.9,0.19,-2.68,-8.88,6233871.0,5305110.0,1.18,6582344541.09,43.37,51.96,False,False,False,True,True,-2.79,-0.43,0.39,False,False,False,False,-14.97,0.04546825,0.0452748,0.43,-6.25,True,0.6666666666666666,0.0,1.18,5.1,Actionable watch,Breakout retest,"breakout, retest, pivot, volume, inverse-head-and-shoulders, base, reversal",1048.54,2026-07-31,4.88,0.7,,,,Prior resistance has been cleared on higher volume and price is back near that pivot. This is the kind of retest zone where follow-through can matter more than chasing a stretched candle. Secondary patterns: Possible inverse H&S.,Setup watch: Breakout retest,2.2
TARIL,Transformers And Rectifiers (India) Ltd.,TARIL.NS,Capital Goods,True,,NIFTY 500,^CRSLDX,2026-09-02,302.0,-2.23,-0.66,2.48,990110.0,1916128.0,0.52,299013220.0,48.55,51.1,False,True,False,False,True,0.87,-3.67,-3.57,False,False,False,False,17.8,0.01300446,0.01346455,-3.42,4.72,False,0.3333333333333333,0.0,0.52,-3.0,Risk review,Head-and-shoulders risk,"head-and-shoulders, risk, distribution, breakout, retest, pivot, volume",309.4,,,2.39,,,309.4,"A possible head-and-shoulders top is forming or breaking. This is a caution signal, not an entry setup. Secondary patterns: Breakout retest.",Risk review,2.19
SUMICHEM,Sumitomo Chemical India Ltd.,SUMICHEM.NS,Chemicals,True,,NIFTY 500,^CRSLDX,2026-09-02,505.15,-1.76,-4.77,-0.47,151714.0,383845.0,0.4,76638326.17,39.97,49.85,False,False,False,True,True,-6.03,-1.78,0.92,False,False,False,False,-6.27,0.02175233,0.02194003,-0.86,0.67,False,0.6666666666666666,0.0,0.4,3.4,Actionable watch,Possible inverse H&S,"inverse-head-and-shoulders, base, reversal",448.45,,,12.64,,,448.45,A possible inverse head-and-shoulders base is visible. The setup improves only if price clears or holds near the neckline with better volume.,Setup watch: Possible inverse H&S,2.12
EMMVEE,Emmvee Photovoltaic Power Ltd.,EMMVEE.NS,Capital Goods,True,,NIFTY 500,^CRSLDX,2026-09-02,324.7,1.71,-2.48,0.03,1011260.0,1778056.0,0.57,328356134.34,50.04,56.15,False,True,False,True,True,0.44,-1.57,,False,False,False,False,5.07,0.01398195,0.01412637,-1.02,2.39,False,0.3333333333333333,0.0,0.57,-2.0,Risk review,Head-and-shoulders risk,"head-and-shoulders, risk, distribution, inverse-head-and-shoulders, base, reversal",314.85,,,3.13,,,314.85,"A possible head-and-shoulders top is forming or breaking. This is a caution signal, not an entry setup. Secondary patterns: Possible inverse H&S.",Risk review,2.08
ABCAPITAL,Aditya Birla Capital Ltd.,ABCAPITAL.NS,Financial Services,True,,NIFTY 500,^CRSLDX,2026-09-02,397.05,0.66,-3.16,-6.51,4882951.0,3157349.0,1.55,1938775634.94,44.46,53.77,False,False,False,True,True,-2.36,-1.48,2.42,False,False,False,False,-5.76,0.01709742,0.01723221,-0.78,-3.56,False,0.6666666666666666,0.0,1.55,3.4,Actionable watch,Possible inverse H&S,"inverse-head-and-shoulders, base, reversal",363.48,,,9.24,,,363.48,A possible inverse head-and-shoulders base is visible. The setup improves only if price clears or holds near the neckline with better volume.,Setup watch: Possible inverse H&S,2.08
SHRIRAMFIN,Shriram Finance Ltd.,SHRIRAMFIN.NS,Financial Services,True,,NIFTY 500,^CRSLDX,2026-09-02,1047.0,-1.14,-6.31,-6.72,6534566.0,3971548.0,1.65,6841690602.0,40.29,55.39,False,False,False,True,True,-5.97,-2.35,3.75,False,False,False,False,-2.31,0.045085,0.04577986,-1.52,-1.77,False,0.6666666666666666,0.0,1.65,2.2,Watch,Possible inverse H&S,"inverse-head-and-shoulders, base, reversal",1085.35,,,3.53,,,1085.35,A possible inverse head-and-shoulders base is visible. The setup improves only if price clears or holds near the neckline with better volume.,Setup watch: Possible inverse H&S,2.02
KEI,KEI Industries Ltd.,KEI.NS,Capital Goods,True,,NIFTY 500,^CRSLDX,2026-09-02,5170.0,-3.33,-6.68,-7.3,666046.0,355341.0,1.87,3443457820.0,39.17,53.48,False,False,False,False,True,-7.91,-2.62,3.34,False,False,False,False,-10.36,0.22262603,0.22729329,-2.05,-4.11,False,0.6666666666666666,0.0,1.87,3.56,Actionable watch,Breakout retest,"breakout, retest, pivot, volume, inverse-head-and-shoulders, base, reversal",5315.33,2026-06-17,1.72,2.73,,,,Prior resistance has been cleared on higher volume and price is back near that pivot. This is the kind of retest zone where follow-through can matter more than chasing a stretched candle. Secondary patterns: Possible inverse H&S.,Setup watch: Breakout retest,2.02
ENDURANCE,Endurance Technologies Ltd.,ENDURANCE.NS,Automobile and Auto Components,True,,NIFTY 500,^CRSLDX,2026-09-02,2755.9,-3.02,-7.71,-4.75,143303.0,145654.0,0.98,394928723.71,36.75,60.3,False,False,False,True,True,-6.51,-1.71,0.4,False,False,False,False,-6.35,0.11867216,0.11975663,-0.91,-0.96,False,0.6666666666666666,0.0,0.98,4.67,Actionable watch,Breakout retest,"breakout, retest, pivot, volume, inverse-head-and-shoulders, base, reversal",2741.7,2026-07-30,1.54,0.24,,,,Prior resistance has been cleared on higher volume and price is back near that pivot. This is the kind of retest zone where follow-through can matter more than chasing a stretched candle. Secondary patterns: Possible inverse H&S.,Setup watch: Breakout retest,2.01
CCL,CCL Products (I) Ltd.,CCL.NS,Fast Moving Consumer Goods,True,,NIFTY 500,^CRSLDX,2026-09-02,1086.1,-1.27,-0.55,-4.37,145991.0,146431.0,1.0,158560821.54,40.63,35.89,False,False,False,False,True,-2.25,-5.86,1.79,False,False,False,False,6.19,0.04676869,0.04942646,-5.38,-0.98,False,0.6666666666666666,0.0,1.0,5.1,Actionable watch,Breakout retest,"breakout, retest, pivot, volume",1066.47,2026-06-08,32.09,0.75,,,,Prior resistance has been cleared on higher volume and price is back near that pivot. This is the kind of retest zone where follow-through can matter more than chasing a stretched candle.,Setup watch: Breakout retest,2.0
NCC,NCC Ltd.,NCC.NS,Construction,True,,NIFTY 500,^CRSLDX,2026-09-02,142.53,-2.68,-3.17,0.81,1798856.0,2973979.0,0.6,256390943.48,46.79,58.6,False,False,False,False,False,-1.16,-0.18,-3.51,False,False,False,False,8.07,0.0061375,0.00611941,0.3,3.17,True,0.0,0.0,0.6,-2.0,Risk review,Head-and-shoulders risk,"head-and-shoulders, risk, distribution",137.56,,,3.62,,,137.56,"A possible head-and-shoulders top is forming or breaking. This is a caution signal, not an entry setup.",Risk review,1.93
INDIGO,InterGlobe Aviation Ltd.,INDIGO.NS,Services,True,,NIFTY 500,^CRSLDX,2026-09-02,5020.0,-0.63,-4.39,-7.04,1437791.0,503719.0,2.85,7217710820.0,39.19,51.74,False,False,False,True,True,-3.91,-4.5,-1.12,False,False,False,False,-2.39,0.21616686,0.22459416,-3.75,-4.42,False,0.3333333333333333,0.0,2.85,3.4,Actionable watch,Possible inverse H&S,"inverse-head-and-shoulders, base, reversal",4902.15,,,2.4,,,4902.15,A possible inverse head-and-shoulders base is visible. The setup improves only if price clears or holds near the neckline with better volume.,Setup watch: Possible inverse H&S,1.91
UPL,UPL Ltd.,UPL.NS,Chemicals,True,,NIFTY 500,^CRSLDX,2026-09-02,578.45,2.0,-1.84,0.21,4049686.0,2011865.0,2.01,2342540916.13,50.05,54.56,True,True,False,False,False,1.29,-1.12,-2.14,False,False,False,False,4.95,0.02490871,0.0250668,-0.63,1.41,False,0.0,0.0,2.01,-2.0,Risk review,Head-and-shoulders risk,"head-and-shoulders, risk, distribution",564.15,,,2.53,,,564.15,"A possible head-and-shoulders top is forming or breaking. This is a caution signal, not an entry setup.",Risk review,1.88
CIPLA,Cipla Ltd.,CIPLA.NS,Healthcare,True,,NIFTY 500,^CRSLDX,2026-09-02,1412.8,-0.72,0.72,-3.15,578237.0,740723.0,0.78,816933261.83,43.4,37.31,False,False,False,True,True,-1.72,-1.97,-0.72,False,False,False,False,-0.49,0.06083676,0.06169109,-1.38,-1.29,False,0.3333333333333333,0.0,0.78,3.4,Actionable watch,Possible inverse H&S,"inverse-head-and-shoulders, base, reversal",1372.2,,,2.96,,,1372.2,A possible inverse head-and-shoulders base is visible. The setup improves only if price clears or holds near the neckline with better volume.,Setup watch: Possible inverse H&S,1.73
HSCL,Himadri Speciality Chemical Ltd.,HSCL.NS,Chemicals,True,,NIFTY 500,^CRSLDX,2026-09-02,659.6,-3.12,-0.64,-11.93,10981522.0,8203398.0,1.34,7243411643.1,37.85,34.89,False,False,False,False,True,-8.22,-7.91,4.72,False,False,False,False,-25.69,0.02840312,0.03060715,-7.2,-10.48,False,0.6666666666666666,0.0,1.34,3.4,Actionable watch,Possible inverse H&S,"inverse-head-and-shoulders, base, reversal",575.9,,,14.53,,,575.9,A possible inverse head-and-shoulders base is visible. The setup improves only if price clears or holds near the neckline with better volume.,Mean reversion bounce,1.69
GODREJIND,Godrej Industries Ltd.,GODREJIND.NS,Diversified,True,,NIFTY 500,^CRSLDX,2026-09-02,1138.8,-1.22,0.07,-13.75,45381.0,142211.0,0.32,51679885.02,35.11,29.32,False,False,False,False,True,-6.27,-9.51,1.21,False,False,False,False,-17.69,0.04903801,0.05382271,-8.89,-11.24,False,0.6666666666666666,0.0,0.32,3.4,Actionable watch,Possible inverse H&S,"inverse-head-and-shoulders, base, reversal",1053.4,,,8.11,,,1053.4,A possible inverse head-and-shoulders base is visible. The setup improves only if price clears or holds near the neckline with better volume.,Mean reversion bounce,1.69
NEWGEN,Newgen Software Technologies Ltd.,NEWGEN.NS,Information Technology,True,,NIFTY 500,^CRSLDX,2026-09-02,519.3,-2.4,-0.96,-6.69,652056.0,1316746.0,0.5,338612672.84,46.05,47.14,False,False,False,True,False,-2.99,-0.83,-6.49,False,False,False,False,-22.28,0.02236164,0.02231782,0.2,-5.63,True,0.0,0.0,0.5,2.2,Watch,Possible inverse H&S,"inverse-head-and-shoulders, base, reversal",536.0,,,3.12,,,536.0,A possible inverse head-and-shoulders base is visible. The setup improves only if price clears or holds near the neckline with better volume.,Setup watch: Possible inverse H&S,1.64
MANAPPURAM,Manappuram Finance Ltd.,MANAPPURAM.NS,Financial Services,True,,NIFTY 500,^CRSLDX,2026-09-02,340.9,1.16,-6.7,-5.97,5410127.0,6453829.0,0.84,1844312261.28,43.68,59.92,False,False,False,True,True,-3.4,-1.29,2.63,False,False,False,False,-5.02,0.01467954,0.01475111,-0.49,-2.2,False,0.6666666666666666,0.0,0.84,3.4,Actionable watch,Possible inverse H&S,"inverse-head-and-shoulders, base, reversal",318.03,,,7.19,,,318.03,A possible inverse head-and-shoulders base is visible. The setup improves only if price clears or holds near the neckline with better volume.,Setup watch: Possible inverse H&S,1.55
POONAWALLA,Poonawalla Fincorp Ltd.,POONAWALLA.NS,Financial Services,True,,NIFTY 500,^CRSLDX,2026-09-02,459.65,-0.28,-2.75,-4.39,473349.0,1209567.0,0.39,217574864.96,40.28,46.3,False,False,False,True,True,-4.85,-2.62,-0.01,False,False,False,False,1.64,0.01979305,0.02014287,-1.74,-0.16,False,0.3333333333333333,0.0,0.39,2.2,Actionable watch,Possible inverse H&S,"inverse-head-and-shoulders, base, reversal",468.2,,,1.83,,,468.2,A possible inverse head-and-shoulders base is visible. The setup improves only if price clears or holds near the neckline with better volume.,Setup watch: Possible inverse H&S,1.54
IKS,Inventurus Knowledge Solutions Ltd.,IKS.NS,Information Technology,True,,NIFTY 500,^CRSLDX,2026-09-02,1744.1,0.19,0.16,-7.12,78597.0,179431.0,0.44,137081025.78,43.32,41.77,False,False,False,True,True,-1.79,-3.58,1.12,False,False,False,False,0.07,0.07510291,0.07737872,-2.94,-3.61,False,0.6666666666666666,0.0,0.44,5.1,Actionable watch,Breakout retest,"breakout, retest, pivot, volume, inverse-head-and-shoulders, base, reversal",1741.38,2026-07-01,11.6,0.16,,,,Prior resistance has been cleared on higher volume and price is back near that pivot. This is the kind of retest zone where follow-through can matter more than chasing a stretched candle. Secondary patterns: Possible inverse H&S.,Setup watch: Breakout retest,1.48
ADANIPOWER,Adani Power Ltd.,ADANIPOWER.NS,Power,True,,NIFTY 500,^CRSLDX,2026-09-02,207.7,1.63,0.24,-0.62,18171438.0,20559061.0,0.88,3774207617.15,48.99,45.86,True,True,False,False,True,0.52,-2.61,2.68,False,False,False,False,5.95,0.0089438,0.0091474,-2.23,0.92,False,0.6666666666666666,0.0,0.88,-3.0,Risk review,Head-and-shoulders risk,"head-and-shoulders, risk, distribution, inverse-head-and-shoulders, base, reversal",211.42,,,1.76,,,211.42,"A possible head-and-shoulders top is forming or breaking. This is a caution signal, not an entry setup. Secondary patterns: Possible inverse H&S.",Risk review,1.43
GICRE,General Insurance Corporation of India,GICRE.NS,Financial Services,True,,NIFTY 500,^CRSLDX,2026-09-02,355.45,0.2,1.63,-1.17,1794944.0,816153.0,2.2,638012866.71,48.41,38.72,True,True,False,False,False,0.13,-0.86,-0.77,False,False,False,False,2.94,0.01530608,0.01536154,-0.36,0.81,False,0.0,0.0,2.2,-3.0,Risk review,Head-and-shoulders risk,"head-and-shoulders, risk, distribution",359.73,,,1.19,,,359.73,"A possible head-and-shoulders top is forming or breaking. This is a caution signal, not an entry setup.",Risk review,1.41
ASHOKLEY,Ashok Leyland Ltd.,ASHOKLEY.NS,Capital Goods,True,,NIFTY 500,^CRSLDX,2026-09-02,167.9,-1.54,-6.23,-5.14,16399466.0,15900646.0,1.03,2753470241.31,44.57,64.64,False,False,True,True,False,-3.95,1.32,2.23,False,False,False,False,-3.87,0.00722996,0.00706357,2.36,-0.47,True,0.6666666666666666,0.0,1.03,-2.0,Risk review,Head-and-shoulders risk,"head-and-shoulders, risk, distribution, flag, continuation, uptrend, inverse-head-and-shoulders, base, reversal",159.98,,,4.95,,,159.98,"A possible head-and-shoulders top is forming or breaking. This is a caution signal, not an entry setup. Secondary patterns: Bullish flag, Possible inverse H&S.",Risk review,1.41
HEXT,Hexaware Technologies Ltd.,HEXT.NS,Information Technology,True,,NIFTY 500,^CRSLDX,2026-09-02,543.6,-1.36,-2.05,-4.73,311273.0,325330.0,0.96,169207995.2,44.46,49.46,False,False,False,True,False,-2.47,-1.84,-2.29,False,False,False,False,-1.26,0.02340803,0.02363999,-0.98,-0.07,False,0.0,0.0,0.96,4.7,Actionable watch,Breakout retest,"breakout, retest, pivot, volume",558.12,2026-07-28,8.52,2.6,,,,Prior resistance has been cleared on higher volume and price is back near that pivot. This is the kind of retest zone where follow-through can matter more than chasing a stretched candle.,Setup watch: Breakout retest,1.39
DCMSHRIRAM,DCM Shriram Ltd.,DCMSHRIRAM.NS,Diversified,True,,NIFTY 500,^CRSLDX,2026-09-02,1028.0,-0.23,-2.1,1.78,88712.0,118245.0,0.75,91195936.0,47.87,54.3,False,False,False,False,False,-0.38,-0.08,-1.88,False,False,False,False,4.67,0.04426684,0.04403973,0.52,2.14,True,0.0,0.0,0.75,-3.0,Risk review,Head-and-shoulders risk,"head-and-shoulders, risk, distribution",1035.1,,,0.69,,,1035.1,"A possible head-and-shoulders top is forming or breaking. This is a caution signal, not an entry setup.",Risk review,1.38
ONGC,Oil & Natural Gas Corporation Ltd.,ONGC.NS,Oil Gas & Consumable Fuels,True,,NIFTY 500,^CRSLDX,2026-09-02,237.5,0.44,2.28,-1.12,13073573.0,12246636.0,1.07,3104973587.5,48.62,32.1,True,True,False,False,False,0.32,-1.19,-0.15,False,False,False,False,2.35,0.01022702,0.01030481,-0.75,0.12,False,0.0,0.0,1.07,-3.0,Risk review,Head-and-shoulders risk,"head-and-shoulders, risk, distribution",237.62,,,0.05,,,237.62,"A possible head-and-shoulders top is forming or breaking. This is a caution signal, not an entry setup.",Risk review,1.37
EMCURE,Emcure Pharmaceuticals Ltd.,EMCURE.NS,Healthcare,True,,NIFTY 500,^CRSLDX,2026-09-02,1858.4,0.68,-0.21,-5.14,93727.0,135670.0,0.69,174182259.09,44.39,43.81,False,False,False,True,True,-2.48,-1.26,3.46,False,False,False,False,-10.01,0.0800248,0.08046002,-0.54,-4.16,False,0.6666666666666666,0.0,0.69,4.8,Actionable watch,Breakout retest,"breakout, retest, pivot, volume",1837.13,2026-07-27,1.81,0.16,,,,Prior resistance has been cleared on higher volume and price is back near that pivot. This is the kind of retest zone where follow-through can matter more than chasing a stretched candle.,Setup watch: Breakout retest,1.37
ADANIENT,Adani Enterprises Ltd.,ADANIENT.NS,Metals & Mining,True,,NIFTY 500,^CRSLDX,2026-09-02,2891.8,0.97,-7.08,-5.19,1641043.0,1885929.0,0.87,4745568227.53,38.72,61.12,False,False,False,True,True,-3.93,-5.55,2.26,False,False,False,False,-0.11,0.12452417,0.13090006,-4.87,-3.28,False,0.6666666666666666,0.0,0.87,3.4,Actionable watch,Possible inverse H&S,"inverse-head-and-shoulders, base, reversal",2295.95,,,25.95,,,2295.95,A possible inverse head-and-shoulders base is visible. The setup improves only if price clears or holds near the neckline with better volume.,Setup watch: Possible inverse H&S,1.33
APOLLOHOSP,Apollo Hospitals Enterprise Ltd.,APOLLOHOSP.NS,Healthcare,True,,NIFTY 500,^CRSLDX,2026-09-02,8719.0,-0.41,-0.54,-2.03,169171.0,410082.0,0.41,1475001949.0,46.36,48.92,False,False,False,True,True,-0.82,-1.05,1.38,False,False,False,False,-2.63,0.37544998,0.37682619,-0.37,-1.6,False,0.6666666666666666,0.0,0.41,0.0,No clear setup,,,,,,,,,,,Weakening,1.28
LICI,Life Insurance Corporation of India,LICI.NS,Financial Services,True,,NIFTY 500,^CRSLDX,2026-09-02,408.25,-0.95,-1.7,3.88,2705212.0,16901691.0,0.16,1104402799.0,44.15,49.55,False,False,False,False,False,-0.83,-3.1,-0.7,False,False,False,False,17.78,0.01757971,0.01804684,-2.59,6.43,False,0.3333333333333333,0.0,0.16,0.0,No clear setup,,,,,,,,,,,Neutral / watch,1.2
PRESTIGE,Prestige Estates Projects Ltd.,PRESTIGE.NS,Realty,True,,NIFTY 500,^CRSLDX,2026-09-02,1582.0,0.76,-2.05,-0.57,545812.0,510669.0,1.07,863474584.0,46.29,51.29,False,False,False,True,True,-1.06,-2.69,-0.94,False,False,False,False,7.28,0.0681227,0.06950529,-1.99,1.31,False,0.3333333333333333,0.0,1.07,-2.0,Risk review,Head-and-shoulders risk,"head-and-shoulders, risk, distribution, inverse-head-and-shoulders, base, reversal",1526.65,,,3.63,,,1526.65,"A possible head-and-shoulders top is forming or breaking. This is a caution signal, not an entry setup. Secondary patterns: Possible inverse H&S.",Risk review,1.16
M&M,Mahindra & Mahindra Ltd.,M&M.NS,Automobile and Auto Components,True,,NIFTY 500,^CRSLDX,2026-09-02,3190.0,-2.12,-6.13,-7.68,2882845.0,1873511.0,1.54,9196275550.0,34.72,54.24,False,False,False,True,False,-5.98,-2.53,-0.59,False,False,False,False,-11.15,0.137365,0.13965306,-1.64,-5.21,False,0.0,0.0,1.54,4.55,Actionable watch,Breakout retest,"breakout, retest, pivot, volume",3208.9,2026-07-30,2.1,0.59,,,,Prior resistance has been cleared on higher volume and price is back near that pivot. This is the kind of retest zone where follow-through can matter more than chasing a stretched candle.,Setup watch: Breakout retest,1.16
AFCONS,Afcons Infrastructure Ltd.,AFCONS.NS,Construction,True,,NIFTY 500,^CRSLDX,2026-09-02,285.1,-0.05,0.02,1.5,402480.0,1111494.0,0.36,114747050.46,53.65,54.08,True,True,False,False,False,2.67,-0.91,-4.63,False,False,False,False,13.12,0.01227673,0.01233628,-0.48,3.28,False,0.0,0.0,0.36,-3.0,Risk review,Head-and-shoulders risk,"head-and-shoulders, risk, distribution",287.47,,,0.83,,,287.47,"A possible head-and-shoulders top is forming or breaking. This is a caution signal, not an entry setup.",Risk review,1.11
VTL,Vardhman Textiles Ltd.,VTL.NS,Textiles,True,,NIFTY 500,^CRSLDX,2026-09-02,587.45,-2.47,-1.74,-0.93,990563.0,1526751.0,0.65,581906246.44,45.8,47.91,False,False,False,False,True,-0.96,-3.9,3.05,False,False,False,False,9.6,0.02529626,0.02621449,-3.5,1.05,False,0.6666666666666666,0.0,0.65,-2.0,Risk review,Head-and-shoulders risk,"head-and-shoulders, risk, distribution",561.17,,,4.68,,,561.17,"A possible head-and-shoulders top is forming or breaking. This is a caution signal, not an entry setup.",Risk review,1.11
JSWENERGY,JSW Energy Ltd.,JSWENERGY.NS,Power,True,,NIFTY 500,^CRSLDX,2026-09-02,539.8,4.21,-0.68,-4.63,3634720.0,1906949.0,1.91,1962021811.63,46.02,42.14,True,False,False,False,True,-1.59,-2.49,0.41,False,False,False,False,-6.01,0.0232444,0.02372406,-2.02,-3.05,False,0.6666666666666666,0.0,1.91,-2.0,Risk review,Head-and-shoulders risk,"head-and-shoulders, risk, distribution, inverse-head-and-shoulders, base, reversal",518.35,,,4.14,,,518.35,"A possible head-and-shoulders top is forming or breaking. This is a caution signal, not an entry setup. Secondary patterns: Possible inverse H&S.",Risk review,1.09
BHARATFORG,Bharat Forge Ltd.,BHARATFORG.NS,Automobile and Auto Components,True,,NIFTY 500,^CRSLDX,2026-09-02,2031.8,-0.99,1.34,-7.52,1339918.0,1320072.0,1.02,2722445457.83,43.08,35.86,False,False,False,True,True,-2.35,-4.38,4.46,False,False,False,False,-8.11,0.0874916,0.09102406,-3.88,-5.57,False,0.6666666666666666,0.0,1.02,4.74,Actionable watch,Breakout retest,"breakout, retest, pivot, volume",1949.73,2026-06-15,1.68,2.9,,,,Prior resistance has been cleared on higher volume and price is back near that pivot. This is the kind of retest zone where follow-through can matter more than chasing a stretched candle.,Setup watch: Breakout retest,1.09
AXISBANK,Axis Bank Ltd.,AXISBANK.NS,Financial Services,True,,NIFTY 500,^CRSLDX,2026-09-02,1253.9,-0.33,-0.09,0.0,6436922.0,4857060.0,1.33,8071256652.95,49.56,51.56,False,True,False,False,False,0.71,-1.66,0.1,False,False,False,False,8.48,0.05399435,0.05467536,-1.25,1.37,False,0.3333333333333333,0.0,1.33,-2.0,Risk review,Head-and-shoulders risk,"head-and-shoulders, risk, distribution",1199.15,,,4.57,,,1199.15,"A possible head-and-shoulders top is forming or breaking. This is a caution signal, not an entry setup.",Risk review,1.07
CARBORUNIV,Carborundum Universal Ltd.,CARBORUNIV.NS,Capital Goods,True,,NIFTY 500,^CRSLDX,2026-09-02,1071.5,-2.64,-3.09,-0.94,146272.0,260769.0,0.56,156730448.0,43.0,48.92,False,False,False,True,True,-4.45,-3.05,2.39,False,False,False,False,4.94,0.04614,0.04740156,-2.66,1.35,False,0.6666666666666666,0.0,0.56,0.0,No clear setup,,,,,,,,,,,Neutral / watch,1.07
NIVABUPA,Niva Bupa Health Insurance Company Ltd.,NIVABUPA.NS,Financial Services,True,,NIFTY 500,^CRSLDX,2026-09-02,80.73,-1.91,-1.75,-7.78,363644.0,700192.0,0.52,29356981.34,35.34,37.36,False,False,False,False,True,-3.24,-5.07,1.01,False,False,False,False,-5.24,0.00347633,0.00364549,-4.64,-5.68,False,0.6666666666666666,0.0,0.52,4.36,Actionable watch,Breakout retest,"breakout, retest, pivot, volume, inverse-head-and-shoulders, base, reversal",80.86,2026-09-01,1.71,0.16,,,,Prior resistance has been cleared on higher volume and price is back near that pivot. This is the kind of retest zone where follow-through can matter more than chasing a stretched candle. Secondary patterns: Possible inverse H&S.,Setup watch: Breakout retest,1.06
KIMS,Krishna Institute of Medical Sciences Ltd.,KIMS.NS,Healthcare,True,,NIFTY 500,^CRSLDX,2026-09-02,753.65,-0.63,-0.32,-6.05,670675.0,624194.0,1.07,505454230.12,36.08,33.23,False,False,False,False,True,-4.25,-5.62,1.09,False,False,False,False,-0.85,0.03245302,0.03421379,-5.15,-3.4,False,0.6666666666666666,0.0,1.07,0.0,No clear setup,,,,,,,,,,,Mean reversion bounce,1.02
TRAVELFOOD,Travel Food Services Ltd.,TRAVELFOOD.NS,Consumer Services,True,,NIFTY 500,^CRSLDX,2026-09-02,1273.5,0.24,-1.11,-5.53,102712.0,148989.0,0.69,130803732.0,40.21,39.69,False,False,False,False,True,-4.67,-3.65,0.23,False,False,False,False,-5.52,0.05483835,0.05658973,-3.09,-4.9,False,0.6666666666666666,0.0,0.69,3.4,Actionable watch,Possible inverse H&S,"inverse-head-and-shoulders, base, reversal",1235.45,,,3.08,,,1235.45,A possible inverse head-and-shoulders base is visible. The setup improves only if price clears or holds near the neckline with better volume.,Setup watch: Possible inverse H&S,1.01
JUBLINGREA,Jubilant Ingrevia Ltd.,JUBLINGREA.NS,Chemicals,True,,NIFTY 500,^CRSLDX,2026-09-02,683.6,-1.39,-3.47,-8.38,93217.0,327135.0,0.28,63723138.92,40.05,44.6,False,False,False,False,True,-4.51,-3.85,0.57,False,False,False,False,-16.07,0.02943659,0.03038281,-3.11,-7.19,False,0.6666666666666666,0.0,0.28,4.52,Actionable watch,Breakout retest,"breakout, retest, pivot, volume, inverse-head-and-shoulders, base, reversal",695.95,2026-07-09,2.04,1.77,,,,Prior resistance has been cleared on higher volume and price is back near that pivot. This is the kind of retest zone where follow-through can matter more than chasing a stretched candle. Secondary patterns: Possible inverse H&S.,Setup watch: Breakout retest,1.0
AIIL,Authum Investment & Infrastructure Ltd.,AIIL.NS,Financial Services,True,,NIFTY 500,^CRSLDX,2026-09-02,507.45,-5.91,-9.64,-11.05,1026577.0,631232.0,1.63,520936511.18,37.73,52.69,False,False,False,False,False,-9.24,-6.57,-0.49,False,False,False,False,-13.73,0.02185137,0.02324777,-6.01,-7.32,False,0.3333333333333333,0.0,1.63,4.7,Actionable watch,Breakout retest,"breakout, retest, pivot, volume, inverse-head-and-shoulders, base, reversal",522.62,2026-06-12,48.34,2.9,,,,Prior resistance has been cleared on higher volume and price is back near that pivot. This is the kind of retest zone where follow-through can matter more than chasing a stretched candle. Secondary patterns: Possible inverse H&S.,Setup watch: Breakout retest,1.0
AFFLE,Affle 3i Ltd.,AFFLE.NS,Information Technology,True,,NIFTY 500,^CRSLDX,2026-09-02,1517.9,-3.02,-10.01,-8.7,443261.0,190132.0,2.33,672825882.72,36.3,55.42,False,False,False,False,False,-8.66,-3.58,-1.12,False,False,False,False,-20.76,0.06536249,0.067221,-2.76,-8.01,False,0.3333333333333333,0.0,2.33,4.7,Actionable watch,Breakout retest,"breakout, retest, pivot, volume, inverse-head-and-shoulders, base, reversal",1529.3,2026-07-28,21.21,0.75,,,,Prior resistance has been cleared on higher volume and price is back near that pivot. This is the kind of retest zone where follow-through can matter more than chasing a stretched candle. Secondary patterns: Possible inverse H&S.,Setup watch: Breakout retest,1.0
MAPMYINDIA,C.E. Info Systems Ltd.,MAPMYINDIA.NS,Information Technology,True,,NIFTY 500,^CRSLDX,2026-09-02,982.6,-1.7,-2.57,-6.1,114008.0,228993.0,0.5,112024258.02,45.1,47.69,False,False,False,True,False,-1.44,-4.28,-6.46,False,False,False,False,-30.02,0.04231186,0.04386616,-3.54,-12.05,False,0.0,0.0,0.5,5.1,Actionable watch,Breakout retest,"breakout, retest, pivot, volume",939.77,2026-07-09,12.57,4.1,,,,Prior resistance has been cleared on higher volume and price is back near that pivot. This is the kind of retest zone where follow-through can matter more than chasing a stretched candle.,Setup watch: Breakout retest,1.0
RITES,RITES Ltd.,RITES.NS,Construction,True,,NIFTY 500,^CRSLDX,2026-09-02,212.6,-1.75,-2.48,-5.93,292046.0,483829.0,0.6,62088981.38,40.26,47.52,False,False,False,False,False,-3.86,-2.91,-0.94,False,False,False,False,10.38,0.0091548,0.00936313,-2.23,0.95,False,0.3333333333333333,0.0,0.6,2.2,Watch,Possible inverse H&S,"inverse-head-and-shoulders, base, reversal",224.58,,,5.33,,,224.58,A possible inverse head-and-shoulders base is visible. The setup improves only if price clears or holds near the neckline with better volume.,Setup watch: Possible inverse H&S,0.96
BIOCON,Biocon Ltd.,BIOCON.NS,Healthcare,True,,NIFTY 500,^CRSLDX,2026-09-02,401.0,-0.01,-3.95,-5.69,1432978.0,3146234.0,0.46,574624178.0,35.4,47.13,False,False,False,False,True,-3.81,-4.9,0.95,False,False,False,False,-5.37,0.01726751,0.01806232,-4.4,-3.06,False,0.6666666666666666,0.0,0.46,2.2,Watch,Possible inverse H&S,"inverse-head-and-shoulders, base, reversal",421.6,,,4.89,,,421.6,A possible inverse head-and-shoulders base is visible. The setup improves only if price clears or holds near the neckline with better volume.,Setup watch: Possible inverse H&S,0.96
EXIDEIND,Exide Industries Ltd.,EXIDEIND.NS,Automobile and Auto Components,True,,NIFTY 500,^CRSLDX,2026-09-02,425.65,-2.43,-4.13,-8.85,2878584.0,2953581.0,0.97,1225269262.03,36.02,43.71,False,False,False,True,True,-7.87,-3.25,2.19,False,False,False,False,-14.34,0.01832897,0.01877214,-2.36,-5.27,False,0.6666666666666666,0.0,0.97,3.4,Actionable watch,Possible inverse H&S,"inverse-head-and-shoulders, base, reversal",360.8,,,17.97,,,360.8,A possible inverse head-and-shoulders base is visible. The setup improves only if price clears or holds near the neckline with better volume.,Setup watch: Possible inverse H&S,0.94
CREDITACC,CreditAccess Grameen Ltd.,CREDITACC.NS,Financial Services,True,,NIFTY 500,^CRSLDX,2026-09-02,1403.4,0.72,-2.56,-8.13,394282.0,281131.0,1.4,553335368.43,37.89,37.96,False,False,False,False,True,-5.39,-7.07,0.79,False,False,False,False,-5.2,0.06043199,0.06461547,-6.47,-8.09,False,0.6666666666666666,0.0,1.4,3.78,Actionable watch,Breakout retest,"breakout, retest, pivot, volume, inverse-head-and-shoulders, base, reversal",1317.22,2026-06-15,1.37,3.42,,,,Prior resistance has been cleared on higher volume and price is back near that pivot. This is the kind of retest zone where follow-through can matter more than chasing a stretched candle. Secondary patterns: Possible inverse H&S.,Setup watch: Breakout retest,0.92
NESTLEIND,Nestle India Ltd.,NESTLEIND.NS,Fast Moving Consumer Goods,True,,NIFTY 500,^CRSLDX,2026-09-02,1425.0,-0.92,-1.83,-6.25,875005.0,1625252.0,0.54,1246882125.0,40.01,42.69,False,False,False,False,True,-3.74,-2.74,1.66,False,False,False,False,-6.73,0.06136211,0.06262383,-2.01,-4.36,False,0.6666666666666666,0.0,0.54,2.8,Actionable watch,Possible inverse H&S,"inverse-head-and-shoulders, base, reversal",1416.45,,,0.6,,,1416.45,A possible inverse head-and-shoulders base is visible. The setup improves only if price clears or holds near the neckline with better volume.,Setup watch: Possible inverse H&S,0.91
ARE&M,Amara Raja Energy & Mobility Ltd.,ARE&M.NS,Automobile and Auto Components,True,,NIFTY 500,^CRSLDX,2026-09-02,871.25,-0.98,-5.38,-7.2,410693.0,1121884.0,0.37,357816276.25,37.2,51.31,False,False,False,True,True,-5.78,-2.7,-0.61,False,False,False,False,-11.97,0.03751701,0.03825336,-1.92,-3.5,False,0.3333333333333333,0.0,0.37,2.2,Watch,Possible inverse H&S,"inverse-head-and-shoulders, base, reversal",914.0,,,4.68,,,914.0,A possible inverse head-and-shoulders base is visible. The setup improves only if price clears or holds near the neckline with better volume.,Setup watch: Possible inverse H&S,0.87
PCBL,PCBL Chemical Ltd.,PCBL.NS,Chemicals,True,,NIFTY 500,^CRSLDX,2026-09-02,315.3,-0.69,-3.18,-4.3,867182.0,1005077.0,0.86,273422474.01,46.63,54.1,False,False,False,True,True,-1.5,-0.96,-1.05,False,False,False,False,-2.76,0.01357717,0.0136086,-0.23,-0.28,False,0.3333333333333333,0.0,0.86,-2.0,Risk review,Head-and-shoulders risk,"head-and-shoulders, risk, distribution, inverse-head-and-shoulders, base, reversal",301.57,,,4.55,,,301.57,"A possible head-and-shoulders top is forming or breaking. This is a caution signal, not an entry setup. Secondary patterns: Possible inverse H&S.",Risk review,0.84
AEGISLOG,Aegis Logistics Ltd.,AEGISLOG.NS,Oil Gas & Consumable Fuels,True,,NIFTY 500,^CRSLDX,2026-09-02,1241.8,1.85,-6.75,-11.03,722924.0,1012356.0,0.71,897727058.5,43.96,52.2,False,False,False,True,True,-5.42,-4.53,6.55,False,False,False,False,-4.03,0.05347331,0.05538376,-3.45,-6.71,False,0.6666666666666666,0.0,0.71,3.4,Actionable watch,Possible inverse H&S,"inverse-head-and-shoulders, base, reversal",767.98,,,61.7,,,767.98,A possible inverse head-and-shoulders base is visible. The setup improves only if price clears or holds near the neckline with better volume.,Setup watch: Possible inverse H&S,0.79
DEEPAKFERT,Deepak Fertilisers & Petrochemicals Corp. Ltd.,DEEPAKFERT.NS,Chemicals,True,,NIFTY 500,^CRSLDX,2026-09-02,1416.7,-0.76,-4.23,-10.54,130758.0,245415.0,0.53,185244852.22,38.38,45.72,False,False,False,False,True,-3.38,-7.35,0.24,False,False,False,False,-9.08,0.0610047,0.06560947,-7.02,-9.01,False,0.6666666666666666,0.0,0.53,3.4,Actionable watch,Possible inverse H&S,"inverse-head-and-shoulders, base, reversal",1302.65,,,8.76,,,1302.65,A possible inverse head-and-shoulders base is visible. The setup improves only if price clears or holds near the neckline with better volume.,Setup watch: Possible inverse H&S,0.79
LLOYDSME,Lloyds Metals And Energy Ltd.,LLOYDSME.NS,Metals & Mining,True,,NIFTY 500,^CRSLDX,2026-09-02,1813.0,1.28,-1.77,-13.13,369632.0,501438.0,0.74,670142816.0,39.82,40.4,False,False,False,False,True,-4.57,-3.91,3.98,False,False,False,False,-25.27,0.07806983,0.08068621,-3.24,-9.91,False,0.6666666666666666,0.0,0.74,3.4,Actionable watch,Possible inverse H&S,"inverse-head-and-shoulders, base, reversal",1359.0,,,33.41,,,1359.0,A possible inverse head-and-shoulders base is visible. The setup improves only if price clears or holds near the neckline with better volume.,Setup watch: Possible inverse H&S,0.79
ABDL,Allied Blenders and Distillers Ltd.,ABDL.NS,Fast Moving Consumer Goods,True,,NIFTY 500,^CRSLDX,2026-09-02,604.4,-2.07,-1.52,-1.59,125467.0,348280.0,0.36,75832257.86,46.24,49.37,False,False,False,True,True,-1.05,-3.69,-0.15,False,False,False,False,9.43,0.02602615,0.02687105,-3.14,-1.01,False,0.3333333333333333,0.0,0.36,-2.0,Risk review,Head-and-shoulders risk,"head-and-shoulders, risk, distribution, inverse-head-and-shoulders, base, reversal",595.08,,,1.57,,,595.08,"A possible head-and-shoulders top is forming or breaking. This is a caution signal, not an entry setup. Secondary patterns: Possible inverse H&S.",Risk review,0.7
ICICIPRULI,ICICI Prudential Life Insurance Company Ltd.,ICICIPRULI.NS,Financial Services,True,,NIFTY 500,^CRSLDX,2026-09-02,499.5,0.82,-3.02,-3.3,1099158.0,1377067.0,0.8,549029421.0,45.86,56.58,False,False,False,False,False,-1.26,-0.78,-1.75,False,False,False,False,-4.62,0.02150903,0.02154361,-0.16,-0.78,False,0.0,0.0,0.8,0.0,No clear setup,,,,,,,,,,,Weakening,0.64
MUTHOOTFIN,Muthoot Finance Ltd.,MUTHOOTFIN.NS,Financial Services,True,,NIFTY 500,^CRSLDX,2026-09-02,2937.7,1.13,-8.39,1.58,949787.0,1032669.0,0.92,2790189223.52,45.35,67.17,False,False,False,False,False,-1.17,-2.06,-0.86,False,False,False,False,13.81,0.12650067,0.12851873,-1.57,4.42,False,0.0,0.0,0.92,-3.0,Risk review,Head-and-shoulders risk,"head-and-shoulders, risk, distribution",3385.25,,,13.22,,,3385.25,"A possible head-and-shoulders top is forming or breaking. This is a caution signal, not an entry setup.",Risk review,0.63
POWERINDIA,Hitachi Energy India Ltd.,POWERINDIA.NS,Capital Goods,True,,NIFTY 500,^CRSLDX,2026-09-02,32200.0,-1.35,-2.79,-0.59,84768.0,123396.0,0.69,2729529600.0,42.2,46.75,False,False,False,False,True,-5.38,-2.81,5.73,False,False,False,False,3.74,1.38656833,1.42029157,-2.37,2.66,False,0.6666666666666666,0.0,0.69,-2.0,Risk review,Head-and-shoulders risk,"head-and-shoulders, risk, distribution",30797.5,,,4.55,,,30797.5,"A possible head-and-shoulders top is forming or breaking. This is a caution signal, not an entry setup.",Risk review,0.63
PGEL,PG Electroplast Ltd.,PGEL.NS,Consumer Durables,True,,NIFTY 500,^CRSLDX,2026-09-02,566.0,-0.68,-3.6,-6.14,1907087.0,1878965.0,1.01,1079411242.0,36.38,44.16,False,False,False,True,True,-5.68,-4.21,0.64,False,False,False,False,-9.99,0.0243726,0.02527034,-3.55,-5.66,False,0.6666666666666666,0.0,1.01,2.7,Actionable watch,Possible inverse H&S,"inverse-head-and-shoulders, base, reversal",564.38,,,0.29,,,564.38,A possible inverse head-and-shoulders base is visible. The setup improves only if price clears or holds near the neckline with better volume.,Setup watch: Possible inverse H&S,0.61
GVT&D,GE Vernova T&D India Ltd.,GVT&D.NS,Capital Goods,True,,NIFTY 500,^CRSLDX,2026-09-02,4240.0,-1.94,-2.3,-3.62,836072.0,1014151.0,0.82,3544945280.0,46.28,51.66,False,False,False,False,True,-0.91,-3.98,3.32,False,False,False,False,3.81,0.18257918,0.18997658,-3.89,0.07,False,0.6666666666666666,0.0,0.82,-3.0,Risk review,Head-and-shoulders risk,"head-and-shoulders, risk, distribution, inverse-head-and-shoulders, base, reversal",4275.55,,,0.83,,,4275.55,"A possible head-and-shoulders top is forming or breaking. This is a caution signal, not an entry setup. Secondary patterns: Possible inverse H&S.",Risk review,0.56
SRF,SRF Ltd.,SRF.NS,Chemicals,True,,NIFTY 500,^CRSLDX,2026-09-02,2598.4,0.25,0.6,-1.56,129290.0,265978.0,0.49,335947123.37,46.66,41.54,True,True,False,False,False,0.18,-2.97,-1.38,False,False,False,False,7.4,0.11189003,0.11479257,-2.53,0.32,False,0.0,0.0,0.49,-3.0,Risk review,Head-and-shoulders risk,"head-and-shoulders, risk, distribution",2599.4,,,0.04,,,2599.4,"A possible head-and-shoulders top is forming or breaking. This is a caution signal, not an entry setup.",Risk review,0.51
JUBLPHARMA,Jubilant Pharmova Ltd.,JUBLPHARMA.NS,Healthcare,True,,NIFTY 500,^CRSLDX,2026-09-02,900.3,-0.8,1.45,-2.64,63912.0,379381.0,0.17,57539972.82,47.0,40.25,True,True,False,False,False,0.46,-4.3,-2.29,False,False,False,False,3.97,0.03876793,0.04035594,-3.93,-1.54,False,0.0,0.0,0.17,-2.0,Risk review,Head-and-shoulders risk,"head-and-shoulders, risk, distribution",882.17,,,2.05,,,882.17,"A possible head-and-shoulders top is forming or breaking. This is a caution signal, not an entry setup.",Risk review,0.49
CHOICEIN,Choice International Ltd.,CHOICEIN.NS,Financial Services,True,,NIFTY 500,^CRSLDX,2026-09-02,763.4,-1.46,-2.36,-7.39,203010.0,406050.0,0.5,154977838.96,34.2,38.88,False,False,False,True,True,-4.84,-4.44,-0.09,False,False,False,False,-10.14,0.03287287,0.03410835,-3.62,-5.58,False,0.3333333333333333,0.0,0.5,2.2,Actionable watch,Possible inverse H&S,"inverse-head-and-shoulders, base, reversal",775.2,,,1.52,,,775.2,A possible inverse head-and-shoulders base is visible. The setup improves only if price clears or holds near the neckline with better volume.,Setup watch: Possible inverse H&S,0.45
SCI,Shipping Corporation of India Ltd.,SCI.NS,Services,True,,NIFTY 500,^CRSLDX,2026-09-02,288.2,0.24,-0.1,-4.16,4446441.0,3023219.0,1.47,1281464350.48,46.81,46.77,False,False,False,False,True,-1.79,-0.91,1.63,False,False,False,False,-4.45,0.01241022,0.01247675,-0.53,-2.29,False,0.6666666666666666,0.0,1.47,-2.0,Risk review,Head-and-shoulders risk,"head-and-shoulders, risk, distribution, inverse-head-and-shoulders, base, reversal",284.1,,,1.44,,,284.1,"A possible head-and-shoulders top is forming or breaking. This is a caution signal, not an entry setup. Secondary patterns: Possible inverse H&S.",Risk review,0.44
CAMS,Computer Age Management Services Ltd.,CAMS.NS,Financial Services,True,,NIFTY 500,^CRSLDX,2026-09-02,741.85,-1.35,-0.56,-8.33,1271504.0,1306894.0,0.97,943265211.36,41.65,38.14,False,False,False,False,True,-2.95,-4.03,0.0,False,False,False,False,-9.55,0.0319449,0.03312201,-3.55,-6.2,False,0.3333333333333333,0.0,0.97,2.2,Watch,Possible inverse H&S,"inverse-head-and-shoulders, base, reversal",771.98,,,3.9,,,771.98,A possible inverse head-and-shoulders base is visible. The setup improves only if price clears or holds near the neckline with better volume.,Setup watch: Possible inverse H&S,0.37
GROWW,Billionbrains Garage Ventures Ltd.,GROWW.NS,Financial Services,True,,NIFTY 500,^CRSLDX,2026-09-02,189.88,0.25,-3.24,-1.02,21056388.0,46616363.0,0.45,3998187056.25,42.41,48.93,False,False,False,False,True,-2.56,-4.29,,False,False,False,False,3.49,0.00817645,0.00849512,-3.75,1.24,False,0.3333333333333333,0.0,0.45,-2.0,Risk review,Head-and-shoulders risk,"head-and-shoulders, risk, distribution",186.06,,,2.06,,,186.06,"A possible head-and-shoulders top is forming or breaking. This is a caution signal, not an entry setup.",Risk review,0.35
INDUSINDBK,IndusInd Bank Ltd.,INDUSINDBK.NS,Financial Services,True,,NIFTY 500,^CRSLDX,2026-09-02,978.0,-1.47,-2.59,-4.02,2672970.0,1156337.0,2.31,2614164660.0,40.26,47.59,False,False,False,True,True,-3.24,-2.48,2.39,False,False,False,False,-1.77,0.04211378,0.04284848,-1.71,-2.76,False,0.6666666666666666,0.0,2.31,-2.0,Risk review,Head-and-shoulders risk,"head-and-shoulders, risk, distribution, breakout, retest, pivot, volume, inverse-head-and-shoulders, base, reversal",932.52,,,4.88,,,932.52,"A possible head-and-shoulders top is forming or breaking. This is a caution signal, not an entry setup. Secondary patterns: Breakout retest, Possible inverse H&S.",Risk review,0.35
STARHEALTH,Star Health and Allied Insurance Company Ltd.,STARHEALTH.NS,Financial Services,True,,NIFTY 500,^CRSLDX,2026-09-02,562.95,0.46,-3.56,-4.28,246774.0,331002.0,0.75,138921426.31,39.17,51.37,False,False,False,True,True,-2.53,-3.73,1.66,False,False,False,False,-0.58,0.02424126,0.02503563,-3.17,-2.28,False,0.6666666666666666,0.0,0.75,0.0,No clear setup,,,,,,,,,,,Weakening,0.34
HDBFS,HDB Financial Services Ltd.,HDBFS.NS,Financial Services,True,,NIFTY 500,^CRSLDX,2026-09-02,675.2,-0.01,-1.79,-0.01,203227.0,734223.0,0.28,137218872.88,41.15,47.22,False,False,False,False,False,-1.31,-4.48,-0.64,False,False,False,False,10.75,0.02907487,0.03029691,-4.03,1.51,False,0.3333333333333333,0.0,0.28,0.0,No clear setup,,,,,,,,,,,Neutral / watch,0.3
NAVA,Nava Ltd.,NAVA.NS,Power,True,,NIFTY 500,^CRSLDX,2026-09-02,560.75,-0.51,-1.27,-2.75,108633.0,346595.0,0.31,60915954.75,46.0,48.88,False,False,False,False,False,-1.27,-2.69,-0.25,False,False,False,False,7.58,0.02414653,0.02470315,-2.25,0.99,False,0.0,0.0,0.31,-2.0,Risk review,Head-and-shoulders risk,"head-and-shoulders, risk, distribution",542.08,,,3.45,,,542.08,"A possible head-and-shoulders top is forming or breaking. This is a caution signal, not an entry setup.",Risk review,0.3
HDFCLIFE,HDFC Life Insurance Company Ltd.,HDFCLIFE.NS,Financial Services,True,,NIFTY 500,^CRSLDX,2026-09-02,533.0,-1.35,-3.62,-2.2,1115425.0,2473070.0,0.45,594521525.0,39.24,52.99,False,False,False,False,False,-1.74,-3.82,-3.11,False,False,False,False,9.1,0.02295158,0.02377273,-3.45,1.45,False,0.0,0.0,0.45,0.0,No clear setup,,,,,,,,,,,Neutral / watch,0.29
TRENT,Trent Ltd.,TRENT.NS,Consumer Services,True,,NIFTY 500,^CRSLDX,2026-09-02,2852.3,-0.09,-1.92,-8.84,873630.0,973973.0,0.9,2491854891.66,36.64,41.62,False,False,False,False,False,-3.19,-4.82,-5.28,False,False,False,False,-11.08,0.12282326,0.12850297,-4.42,-6.37,False,0.0,0.0,0.9,4.26,Actionable watch,Breakout retest,"breakout, retest, pivot, volume, inverse-head-and-shoulders, base, reversal",2922.2,2026-08-14,1.52,2.39,,,,Prior resistance has been cleared on higher volume and price is back near that pivot. This is the kind of retest zone where follow-through can matter more than chasing a stretched candle. Secondary patterns: Possible inverse H&S.,Setup watch: Breakout retest,0.2
SONATSOFTW,Sonata Software Ltd.,SONATSOFTW.NS,Information Technology,True,,NIFTY 500,^CRSLDX,2026-09-02,289.3,0.1,-3.39,-13.95,813534.0,1001980.0,0.81,235355376.27,41.61,44.14,False,False,False,True,False,-6.51,-3.64,-1.81,False,False,False,False,-40.57,0.01245758,0.01282927,-2.9,-15.43,False,0.3333333333333333,0.0,0.81,4.7,Actionable watch,Breakout retest,"breakout, retest, pivot, volume, inverse-head-and-shoulders, base, reversal",292.57,2026-07-13,6.28,1.12,,,,Prior resistance has been cleared on higher volume and price is back near that pivot. This is the kind of retest zone where follow-through can matter more than chasing a stretched candle. Secondary patterns: Possible inverse H&S.,Setup watch: Breakout retest,0.2
TATAPOWER,Tata Power Co. Ltd.,TATAPOWER.NS,Power,True,,NIFTY 500,^CRSLDX,2026-09-02,364.0,3.84,0.0,-4.96,12228879.0,5369820.0,2.28,4451311956.0,43.73,29.24,True,False,False,False,False,-2.02,-3.21,-0.62,False,False,False,False,-1.66,0.01567425,0.01614069,-2.89,-2.28,False,0.0,0.0,2.28,-3.0,Risk review,Head-and-shoulders risk,"head-and-shoulders, risk, distribution",366.65,,,0.72,,,366.65,"A possible head-and-shoulders top is forming or breaking. This is a caution signal, not an entry setup.",Risk review,0.19
HDFCAMC,HDFC Asset Management Company Ltd.,HDFCAMC.NS,Financial Services,True,,NIFTY 500,^CRSLDX,2026-09-02,2525.7,-0.75,-5.33,-1.42,962047.0,853244.0,1.13,2429842060.93,44.29,59.53,False,False,False,False,False,-1.51,-3.27,-0.49,False,False,False,False,10.22,0.10875949,0.11184164,-2.76,0.8,False,0.3333333333333333,0.0,1.13,0.0,No clear setup,,,,,,,,,,,Neutral / watch,0.16
MARICO,Marico Ltd.,MARICO.NS,Fast Moving Consumer Goods,True,,NIFTY 500,^CRSLDX,2026-09-02,829.35,-1.04,-0.44,-2.66,1476658.0,1534608.0,0.96,1224666276.25,42.4,40.6,False,False,False,True,True,-2.16,-2.33,1.64,False,False,False,False,-5.6,0.03571275,0.03632603,-1.69,-3.31,False,0.6666666666666666,0.0,0.96,0.0,No clear setup,,,,,,,,,,,Weakening,0.14
NUVOCO,Nuvoco Vistas Corporation Ltd.,NUVOCO.NS,Construction Materials,True,,NIFTY 500,^CRSLDX,2026-09-02,328.15,1.64,1.08,-5.19,697182.0,279012.0,2.5,228780269.04,48.53,43.21,True,False,False,True,False,-0.19,-1.4,-2.11,False,False,False,False,-13.02,0.01413051,0.01423568,-0.74,-3.97,False,0.3333333333333333,0.0,2.5,-2.0,Risk review,Head-and-shoulders risk,"head-and-shoulders, risk, distribution, breakout, retest, pivot, volume",312.8,,,4.91,,,312.8,"A possible head-and-shoulders top is forming or breaking. This is a caution signal, not an entry setup. Secondary patterns: Breakout retest.",Risk review,0.11
GODIGIT,Go Digit General Insurance Ltd.,GODIGIT.NS,Financial Services,True,,NIFTY 500,^CRSLDX,2026-09-02,258.4,-0.9,-0.27,-7.85,121328.0,255690.0,0.47,31351154.46,43.9,42.69,False,False,False,False,False,-0.91,-7.04,-2.97,False,False,False,False,16.64,0.011127,0.01195158,-6.9,0.11,False,0.0,0.0,0.47,0.0,No clear setup,,,,,,,,,,,Neutral / watch,0.02
ACUTAAS,Acutaas Chemicals Ltd.,ACUTAAS.NS,Healthcare,True,,NIFTY 500,^CRSLDX,2026-09-02,3134.9,-1.24,-3.77,-4.51,190272.0,256701.0,0.74,596483674.22,43.37,49.32,False,False,False,True,True,-2.96,-6.6,6.29,False,False,False,False,5.39,0.13499233,0.14367503,-6.04,-0.82,False,0.6666666666666666,0.0,0.74,-2.0,Risk review,Head-and-shoulders risk,"head-and-shoulders, risk, distribution",2992.6,,,4.76,,,2992.6,"A possible head-and-shoulders top is forming or breaking. This is a caution signal, not an entry setup.",Risk review,-0.06
CENTRALBK,Central Bank of India,CENTRALBK.NS,Financial Services,True,,NIFTY 500,^CRSLDX,2026-09-02,30.37,0.2,-1.49,-2.94,6819498.0,5672645.0,1.2,207108159.98,37.92,42.34,False,False,False,False,False,-1.96,-3.7,-2.0,False,False,False,False,3.32,0.00130777,0.00135192,-3.27,-0.8,False,0.0,0.0,1.2,0.0,No clear setup,,,,,,,,,,,Weakening,-0.16
DALBHARAT,Dalmia Bharat Ltd.,DALBHARAT.NS,Construction Materials,True,,NIFTY 500,^CRSLDX,2026-09-02,1773.1,-1.85,-6.58,-3.54,58870.0,304309.0,0.19,104382395.56,40.4,60.49,False,False,False,False,False,-3.93,-2.14,-1.29,False,False,False,False,-1.75,0.07635169,0.07740479,-1.36,-1.0,False,0.0,0.0,0.19,0.0,No clear setup,,,,,,,,,,,Weakening,-0.2
COLPAL,Colgate Palmolive (India) Ltd.,COLPAL.NS,Fast Moving Consumer Goods,True,,NIFTY 500,^CRSLDX,2026-09-02,1861.5,0.09,0.08,-8.75,274660.0,349188.0,0.79,511279590.0,37.06,28.56,False,False,False,False,False,-3.35,-7.18,-1.22,False,False,False,False,-0.98,0.08015829,0.08596069,-6.75,-5.52,False,0.0,0.0,0.79,0.0,No clear setup,,,,,,,,,,,Mean reversion bounce,-0.2
PREMIERENE,Premier Energies Ltd.,PREMIERENE.NS,Capital Goods,True,,NIFTY 500,^CRSLDX,2026-09-02,1000.0,-1.27,-0.5,-4.21,827427.0,1089727.0,0.76,827427000.0,43.38,42.98,False,False,False,False,True,-2.54,-3.91,-0.31,False,False,False,False,-1.34,0.04306113,0.04457828,-3.4,-1.56,False,0.3333333333333333,0.0,0.76,-2.0,Risk review,Head-and-shoulders risk,"head-and-shoulders, risk, distribution",960.25,,,4.14,,,960.25,"A possible head-and-shoulders top is forming or breaking. This is a caution signal, not an entry setup.",Risk review,-0.21
ALKEM,Alkem Laboratories Ltd.,ALKEM.NS,Healthcare,True,,NIFTY 500,^CRSLDX,2026-09-02,5210.0,-1.7,-1.76,-8.38,218194.0,139065.0,1.57,1136790740.0,32.75,36.52,False,False,False,False,False,-3.7,-5.73,-0.24,False,False,False,False,-2.67,0.22434848,0.23660089,-5.18,-5.06,False,0.3333333333333333,0.0,1.57,0.0,No clear setup,,,,,,,,,,,Weakening,-0.21
CEMPRO,Cemindia Projects Ltd.,CEMPRO.NS,Construction,True,,NIFTY 500,^CRSLDX,2026-09-02,1235.8,-0.67,-3.99,-4.81,188567.0,367330.0,0.51,233031107.81,40.91,45.55,False,False,False,True,True,-2.34,-10.12,5.05,False,False,False,False,7.0,0.05321494,0.05883221,-9.55,-5.2,False,0.6666666666666666,0.0,0.51,0.0,No clear setup,,,,,,,,,,,Weakening,-0.24
GILLETTE,Gillette India Ltd.,GILLETTE.NS,Fast Moving Consumer Goods,True,,NIFTY 500,^CRSLDX,2026-09-02,7346.0,-0.99,-0.78,-3.68,20760.0,14067.0,1.48,152502960.0,37.14,35.21,False,False,False,False,False,-1.66,-3.46,-1.46,False,False,False,False,2.44,0.31632705,0.32619643,-3.03,-1.41,False,0.0,0.0,1.48,0.0,No clear setup,,,,,,,,,,,Weakening,-0.28
TATAELXSI,Tata Elxsi Ltd.,TATAELXSI.NS,Information Technology,True,,NIFTY 500,^CRSLDX,2026-09-02,3609.0,-0.8,-1.12,-3.75,181367.0,186071.0,0.97,654553503.0,43.75,44.8,False,False,False,False,False,-2.39,-1.85,-3.51,False,False,False,False,-0.92,0.15540761,0.15771319,-1.46,-1.48,False,0.0,0.0,0.97,0.0,No clear setup,,,,,,,,,,,Weakening,-0.3
PATANJALI,Patanjali Foods Ltd.,PATANJALI.NS,Fast Moving Consumer Goods,True,,NIFTY 500,^CRSLDX,2026-09-02,345.0,-0.23,-0.9,-2.73,3980727.0,3039685.0,1.31,1373350815.0,36.3,38.99,False,False,False,False,False,-1.31,-5.5,-4.77,False,False,False,False,12.78,0.01485609,0.01568788,-5.3,-1.57,False,0.0,0.0,1.31,0.0,No clear setup,,,,,,,,,,,Weakening,-0.31
POLYCAB,Polycab India Ltd.,POLYCAB.NS,Capital Goods,True,,NIFTY 500,^CRSLDX,2026-09-02,8804.0,-1.03,-2.83,-4.3,434439.0,295484.0,1.47,3824800956.0,40.66,45.91,False,False,False,False,True,-3.79,-4.47,1.92,False,False,False,False,1.59,0.37911017,0.39533237,-4.1,-2.12,False,0.6666666666666666,0.0,1.47,-2.0,Risk review,Head-and-shoulders risk,"head-and-shoulders, risk, distribution",8449.0,,,4.2,,,8449.0,"A possible head-and-shoulders top is forming or breaking. This is a caution signal, not an entry setup.",Risk review,-0.32
IOC,Indian Oil Corporation Ltd.,IOC.NS,Oil Gas & Consumable Fuels,True,,NIFTY 500,^CRSLDX,2026-09-02,137.0,0.34,-1.78,-4.01,8224754.0,8110530.0,1.01,1126791298.0,45.27,51.44,False,False,False,False,False,-1.11,-1.59,-1.11,False,False,False,False,1.34,0.00589937,0.00596477,-1.1,-0.42,False,0.0,0.0,1.01,-3.0,Risk review,Head-and-shoulders risk,"head-and-shoulders, risk, distribution",142.5,,,3.86,,,142.5,"A possible head-and-shoulders top is forming or breaking. This is a caution signal, not an entry setup.",Risk review,-0.33
ITCHOTELS,ITC Hotels Ltd.,ITCHOTELS.NS,Consumer Services,True,,NIFTY 500,^CRSLDX,2026-09-02,158.63,-1.83,-4.82,-6.1,2350679.0,1440850.0,1.63,372888221.25,37.49,49.68,False,False,False,False,False,-4.09,-6.56,-2.72,False,False,False,False,10.43,0.00683079,0.00728484,-6.23,-2.19,False,0.0,0.0,1.63,-2.0,Risk review,Head-and-shoulders risk,"head-and-shoulders, risk, distribution",153.42,,,3.39,,,153.42,"A possible head-and-shoulders top is forming or breaking. This is a caution signal, not an entry setup.",Risk review,-0.34
ADANIGREEN,Adani Green Energy Ltd.,ADANIGREEN.NS,Power,True,,NIFTY 500,^CRSLDX,2026-09-02,1296.0,2.45,-0.55,-6.09,2634168.0,1635289.0,1.61,3413881728.0,43.86,37.44,False,False,False,False,True,-1.76,-8.49,2.21,False,False,False,False,5.65,0.05580722,0.06080916,-8.23,-4.47,False,0.6666666666666666,0.0,1.61,-3.0,Risk review,Head-and-shoulders risk,"head-and-shoulders, risk, distribution, inverse-head-and-shoulders, base, reversal",1331.2,,,2.64,,,1331.2,"A possible head-and-shoulders top is forming or breaking. This is a caution signal, not an entry setup. Secondary patterns: Possible inverse H&S.",Risk review,-0.34
TORNTPOWER,Torrent Power Ltd.,TORNTPOWER.NS,Power,True,,NIFTY 500,^CRSLDX,2026-09-02,1248.9,2.43,-0.75,-5.64,1312898.0,315088.0,4.17,1639678344.25,37.27,30.13,True,False,False,False,False,-2.02,-7.94,-0.12,False,False,False,False,0.5,0.05377904,0.05831557,-7.78,-4.99,False,0.0,0.0,4.17,-3.0,Risk review,Head-and-shoulders risk,"head-and-shoulders, risk, distribution",1276.1,,,2.13,,,1276.1,"A possible head-and-shoulders top is forming or breaking. This is a caution signal, not an entry setup.",Risk review,-0.35
MARUTI,Maruti Suzuki India Ltd.,MARUTI.NS,Automobile and Auto Components,True,,NIFTY 500,^CRSLDX,2026-09-02,12849.0,-0.78,-4.96,-8.54,614097.0,320248.0,1.92,7890532353.0,29.89,42.12,False,False,False,False,False,-5.93,-6.34,-1.49,False,False,False,False,-2.69,0.55329244,0.58667094,-5.69,-6.56,False,0.0,0.0,1.92,0.0,No clear setup,,,,,,,,,,,Weakening,-0.4
ASTERDM,Aster DM Quality Care Ltd.,ASTERDM.NS,Healthcare,True,,NIFTY 500,^CRSLDX,2026-09-02,759.9,0.28,-0.29,-9.76,1275383.0,5807882.0,0.22,969163572.84,37.95,35.55,True,False,False,False,True,-4.6,-5.01,1.55,False,False,False,False,-11.47,0.03272215,0.03425156,-4.47,-7.13,False,0.6666666666666666,0.0,0.22,0.0,No clear setup,,,,,,,,,,,Weakening,-0.4
RAINBOW,Rainbow Childrens Medicare Ltd.,RAINBOW.NS,Healthcare,True,,NIFTY 500,^CRSLDX,2026-09-02,1433.0,-0.93,-0.95,-10.36,38360.0,89041.0,0.43,54969880.0,42.94,43.17,False,False,False,True,True,-2.47,-2.65,0.85,False,False,False,False,-17.21,0.0617066,0.06299298,-2.04,-7.42,False,0.6666666666666666,0.0,0.43,0.0,No clear setup,,,,,,,,,,,Weakening,-0.4
JKCEMENT,J.K. Cement Ltd.,JKCEMENT.NS,Construction Materials,True,,NIFTY 500,^CRSLDX,2026-09-02,4979.5,-1.95,-5.64,-9.21,63473.0,26384.0,2.41,316063803.5,27.89,43.16,False,False,False,False,False,-5.5,-7.86,-1.29,False,False,False,False,-8.32,0.21442289,0.23157635,-7.41,-7.52,False,0.0,0.0,2.41,0.0,No clear setup,,,,,,,,,,,Weakening,-0.4
SAREGAMA,Saregama India Ltd,SAREGAMA.NS,Media Entertainment & Publication,True,,NIFTY 500,^CRSLDX,2026-09-02,477.3,-3.33,-4.07,-14.35,358564.0,499083.0,0.72,171142592.82,40.31,44.56,False,False,False,True,True,-6.39,-5.16,1.89,False,False,False,False,-26.56,0.02055308,0.0215101,-4.45,-10.26,False,0.6666666666666666,0.0,0.72,0.0,No clear setup,,,,,,,,,,,Weakening,-0.4
VOLTAS,Voltas Ltd.,VOLTAS.NS,Consumer Durables,True,,NIFTY 500,^CRSLDX,2026-09-02,1152.1,-4.39,-5.33,-11.41,1979841.0,1085403.0,1.82,2280974767.76,27.76,35.91,False,False,False,False,False,-7.37,-10.43,-0.99,False,False,False,False,-13.16,0.04961072,0.05517376,-10.08,-11.48,False,0.0,0.0,1.82,0.0,No clear setup,,,,,,,,,,,Weakening,-0.4
NTPCGREEN,NTPC Green Energy Ltd.,NTPCGREEN.NS,Power,True,,NIFTY 500,^CRSLDX,2026-09-02,88.12,-1.22,-3.45,-2.8,3375058.0,1838931.0,1.84,297410120.23,27.66,42.61,False,False,False,False,False,-3.53,-4.82,-0.96,False,False,False,False,2.52,0.00379455,0.0039664,-4.33,-0.91,False,0.0,0.0,1.84,-3.0,Risk review,Head-and-shoulders risk,"head-and-shoulders, risk, distribution",94.8,,,7.05,,,94.8,"A possible head-and-shoulders top is forming or breaking. This is a caution signal, not an entry setup.",Risk review,-0.43
SWIGGY,Swiggy Ltd.,SWIGGY.NS,Consumer Services,True,,NIFTY 500,^CRSLDX,2026-09-02,267.7,-2.65,-6.58,-7.66,16992910.0,13788352.0,1.23,4549002214.43,40.76,58.44,False,False,False,True,False,-4.38,-1.29,-4.11,False,False,False,False,-13.96,0.01152746,0.0115796,-0.45,-6.16,False,0.0,0.0,1.23,2.2,Watch,Possible inverse H&S,"inverse-head-and-shoulders, base, reversal",284.34,,,5.85,,,284.34,A possible inverse head-and-shoulders base is visible. The setup improves only if price clears or holds near the neckline with better volume.,Setup watch: Possible inverse H&S,-0.43
IOB,Indian Overseas Bank,IOB.NS,Financial Services,True,,NIFTY 500,^CRSLDX,2026-09-02,32.68,1.27,-1.27,-4.44,3854352.0,2224408.0,1.73,125960224.54,39.22,40.37,False,False,False,False,False,-2.01,-3.36,-1.81,False,False,False,False,-2.17,0.00140724,0.00144972,-2.93,-2.78,False,0.0,0.0,1.73,-2.0,Risk review,Head-and-shoulders risk,"head-and-shoulders, risk, distribution",32.07,,,1.9,,,32.07,"A possible head-and-shoulders top is forming or breaking. This is a caution signal, not an entry setup.",Risk review,-0.46
MFSL,Max Financial Services Ltd.,MFSL.NS,Financial Services,True,,NIFTY 500,^CRSLDX,2026-09-02,1505.0,-1.94,-5.94,-1.18,547750.0,750233.0,0.73,824363750.0,40.54,59.3,False,False,False,False,False,-2.8,-3.38,-0.23,False,False,False,False,7.9,0.064807,0.06682719,-3.02,1.05,False,0.0,0.0,0.73,-2.0,Risk review,Head-and-shoulders risk,"head-and-shoulders, risk, distribution",1497.5,,,0.5,,,1497.5,"A possible head-and-shoulders top is forming or breaking. This is a caution signal, not an entry setup.",Risk review,-0.49
SAMMAANCAP,Sammaan Capital Ltd.,SAMMAANCAP.NS,Financial Services,True,,NIFTY 500,^CRSLDX,2026-09-02,152.31,3.51,1.91,-5.71,10525783.0,8912087.0,1.18,1603181983.03,46.22,36.39,True,False,False,False,False,-0.99,-5.29,-1.76,False,False,False,False,3.36,0.00655864,0.00690906,-5.07,-3.06,False,0.3333333333333333,0.0,1.18,-2.0,Risk review,Head-and-shoulders risk,"head-and-shoulders, risk, distribution, inverse-head-and-shoulders, base, reversal",147.75,,,3.09,,,147.75,"A possible head-and-shoulders top is forming or breaking. This is a caution signal, not an entry setup. Secondary patterns: Possible inverse H&S.",Risk review,-0.51
WAAREEENER,Waaree Energies Ltd.,WAAREEENER.NS,Capital Goods,True,,NIFTY 500,^CRSLDX,2026-09-02,2581.1,-0.27,-2.05,-4.3,741114.0,463451.0,1.6,1912889417.77,31.84,36.72,False,False,False,False,False,-3.1,-6.1,-2.52,False,False,False,False,5.92,0.11114508,0.11803731,-5.84,-1.38,False,0.0,0.0,1.6,-3.0,Risk review,Head-and-shoulders risk,"head-and-shoulders, risk, distribution",2751.5,,,6.19,,,2751.5,"A possible head-and-shoulders top is forming or breaking. This is a caution signal, not an entry setup.",Risk review,-0.53
UTIAMC,UTI Asset Management Company Ltd.,UTIAMC.NS,Financial Services,True,,NIFTY 500,^CRSLDX,2026-09-02,877.0,-0.28,-2.25,-2.73,415847.0,102551.0,4.06,364697819.0,39.36,46.04,False,False,False,False,False,-2.05,-3.88,-3.09,False,False,False,False,3.53,0.03776461,0.03906912,-3.34,-1.59,False,0.0,0.0,4.06,-3.0,Risk review,Head-and-shoulders risk,"head-and-shoulders, risk, distribution",893.02,,,1.79,,,893.02,"A possible head-and-shoulders top is forming or breaking. This is a caution signal, not an entry setup.",Risk review,-0.57
PFIZER,Pfizer Ltd.,PFIZER.NS,Healthcare,True,,NIFTY 500,^CRSLDX,2026-09-02,4627.6,-0.82,-3.64,-5.71,9430.0,54274.0,0.17,43638268.92,38.67,49.39,False,False,False,False,False,-4.34,-1.43,-0.6,False,False,False,False,-10.29,0.19926968,0.20067803,-0.7,-2.91,False,0.0,0.0,0.17,0.0,No clear setup,,,,,,,,,,,Weakening,-0.58
GMDCLTD,Gujarat Mineral Development Corporation Ltd.,GMDCLTD.NS,Metals & Mining,True,,NIFTY 500,^CRSLDX,2026-09-02,557.65,-0.82,-3.68,-3.84,395459.0,1228099.0,0.32,220527721.0,41.03,50.36,False,False,False,False,False,-3.29,-3.61,-0.14,False,False,False,False,8.77,0.02401304,0.02480177,-3.18,2.32,False,0.0,0.0,0.32,-3.0,Risk review,Head-and-shoulders risk,"head-and-shoulders, risk, distribution",569.0,,,1.99,,,569.0,"A possible head-and-shoulders top is forming or breaking. This is a caution signal, not an entry setup.",Risk review,-0.59
YESBANK,Yes Bank Ltd.,YESBANK.NS,Financial Services,True,,NIFTY 500,^CRSLDX,2026-09-02,22.15,0.23,-1.03,-3.57,44768185.0,48865886.0,0.92,991615280.67,41.04,39.04,False,False,False,False,True,-2.01,-4.53,-0.04,False,False,False,False,3.75,0.0009538,0.00099535,-4.17,-1.76,False,0.3333333333333333,0.0,0.92,-3.0,Risk review,Head-and-shoulders risk,"head-and-shoulders, risk, distribution, inverse-head-and-shoulders, base, reversal",22.32,,,0.76,,,22.32,"A possible head-and-shoulders top is forming or breaking. This is a caution signal, not an entry setup. Secondary patterns: Possible inverse H&S.",Risk review,-0.6
GPIL,Godawari Power & Ispat Ltd.,GPIL.NS,Capital Goods,True,,NIFTY 500,^CRSLDX,2026-09-02,239.39,-1.65,-2.62,-2.42,1988764.0,2051508.0,0.97,476090212.75,44.95,50.27,False,False,False,False,False,-1.15,-2.81,-1.02,False,False,False,False,3.75,0.0103084,0.01057124,-2.49,0.21,False,0.0,0.0,0.97,-2.0,Risk review,Head-and-shoulders risk,"head-and-shoulders, risk, distribution",233.58,,,2.49,,,233.58,"A possible head-and-shoulders top is forming or breaking. This is a caution signal, not an entry setup.",Risk review,-0.66
NHPC,NHPC Ltd.,NHPC.NS,Power,True,,NIFTY 500,^CRSLDX,2026-09-02,75.65,-0.85,-0.77,-3.49,13050996.0,8103588.0,1.61,987307867.31,42.4,41.39,False,False,False,False,False,-1.15,-3.26,-0.74,False,False,False,False,-4.53,0.00325757,0.00334996,-2.76,-3.87,False,0.3333333333333333,0.0,1.61,-2.0,Risk review,Head-and-shoulders risk,"head-and-shoulders, risk, distribution",73.77,,,2.56,,,73.77,"A possible head-and-shoulders top is forming or breaking. This is a caution signal, not an entry setup.",Risk review,-0.67
BHARTIHEXA,Bharti Hexacom Ltd.,BHARTIHEXA.NS,Telecommunication,True,,NIFTY 500,^CRSLDX,2026-09-02,1531.1,1.28,-3.08,-1.39,70731.0,154245.0,0.46,108296232.37,44.24,50.26,False,False,False,True,False,-2.04,-1.68,-1.48,False,False,False,False,-10.87,0.06593089,0.06658524,-0.98,-3.39,False,0.0,0.0,0.46,0.0,No clear setup,,,,,,,,,,,Weakening,-0.68
TTML,Tata Teleservices (Maharashtra) Ltd.,TTML.NS,Telecommunication,True,,NIFTY 500,^CRSLDX,2026-09-02,38.0,-2.36,1.58,-4.64,1754458.0,4016367.0,0.44,66669404.0,44.96,32.69,True,False,False,False,False,-0.56,-4.55,-3.7,False,False,False,False,2.66,0.00163632,0.00170851,-4.23,-2.8,False,0.0,0.0,0.44,-3.0,Risk review,Head-and-shoulders risk,"head-and-shoulders, risk, distribution",41.21,,,7.79,,,41.21,"A possible head-and-shoulders top is forming or breaking. This is a caution signal, not an entry setup.",Risk review,-0.71
BHARTIARTL,Bharti Airtel Ltd.,BHARTIARTL.NS,Telecommunication,True,,NIFTY 500,^CRSLDX,2026-09-02,1862.8,-0.77,-2.07,-5.82,4124856.0,6871104.0,0.6,7683781958.21,42.62,44.16,False,False,False,False,False,-3.11,-2.43,-0.6,False,False,False,False,-5.73,0.08021427,0.08172097,-1.84,-3.54,False,0.0,0.0,0.6,0.0,No clear setup,,,,,,,,,,,Weakening,-0.71
ULTRACEMCO,UltraTech Cement Ltd.,ULTRACEMCO.NS,Construction Materials,True,,NIFTY 500,^CRSLDX,2026-09-02,11393.0,-0.06,-2.77,-6.54,228771.0,230266.0,0.99,2606388003.0,40.64,52.18,False,False,False,False,False,-2.33,-1.71,-0.07,False,False,False,False,-7.67,0.49059543,0.49554057,-1.0,-3.55,False,0.3333333333333333,0.0,0.99,0.0,No clear setup,,,,,,,,,,,Weakening,-0.71
SBIN,State Bank of India,SBIN.NS,Financial Services,True,,NIFTY 500,^CRSLDX,2026-09-02,1020.9,-1.31,-2.96,-3.23,13842818.0,9801844.0,1.41,14132133234.16,40.26,51.16,False,False,False,False,False,-3.49,-2.13,1.34,False,False,False,False,0.8,0.04396111,0.04461451,-1.46,-0.12,False,0.6666666666666666,0.0,1.41,-2.0,Risk review,Head-and-shoulders risk,"head-and-shoulders, risk, distribution",984.25,,,3.72,,,984.25,"A possible head-and-shoulders top is forming or breaking. This is a caution signal, not an entry setup.",Risk review,-0.72
SCHAEFFLER,Schaeffler India Ltd.,SCHAEFFLER.NS,Automobile and Auto Components,True,,NIFTY 500,^CRSLDX,2026-09-02,3967.1,-0.83,-1.07,-2.99,47909.0,63298.0,0.76,190059798.58,39.13,42.75,False,False,False,False,False,-1.97,-3.07,0.13,False,False,False,False,2.46,0.17082781,0.17544176,-2.63,-0.21,False,0.6666666666666666,0.0,0.76,-2.0,Risk review,Head-and-shoulders risk,"head-and-shoulders, risk, distribution",3820.45,,,3.84,,,3820.45,"A possible head-and-shoulders top is forming or breaking. This is a caution signal, not an entry setup.",Risk review,-0.74
BATAINDIA,Bata India Ltd.,BATAINDIA.NS,Consumer Durables,True,,NIFTY 500,^CRSLDX,2026-09-02,670.45,-1.02,-2.2,-5.01,86819.0,591914.0,0.15,58207799.61,40.9,47.51,False,False,False,False,False,-3.78,-0.95,-4.41,False,False,False,False,-3.76,0.02887033,0.02898262,-0.39,-0.3,False,0.0,0.0,0.15,-2.0,Risk review,Head-and-shoulders risk,"head-and-shoulders, risk, distribution",657.95,,,1.9,,,657.95,"A possible head-and-shoulders top is forming or breaking. This is a caution signal, not an entry setup.",Risk review,-0.76
IRB,IRB Infrastructure Developers Ltd.,IRB.NS,Construction,True,,NIFTY 500,^CRSLDX,2026-09-02,19.18,-0.88,-1.44,-4.53,28943500.0,10501641.0,2.76,555136338.83,44.05,48.8,True,False,False,False,False,-0.37,-3.51,-1.21,False,False,False,False,0.48,0.00082591,0.00085305,-3.18,-2.56,False,0.0,0.0,2.76,-3.0,Risk review,Head-and-shoulders risk,"head-and-shoulders, risk, distribution",19.22,,,0.18,,,19.22,"A possible head-and-shoulders top is forming or breaking. This is a caution signal, not an entry setup.",Risk review,-0.76
HINDUNILVR,Hindustan Unilever Ltd.,HINDUNILVR.NS,Fast Moving Consumer Goods,True,,NIFTY 500,^CRSLDX,2026-09-02,1975.0,-0.99,-2.28,-5.29,1496859.0,1120248.0,1.34,2956296525.0,35.45,38.98,False,False,False,False,False,-3.06,-5.94,-1.8,False,False,False,False,2.47,0.08504573,0.08999608,-5.5,-3.9,False,0.0,0.0,1.34,0.0,No clear setup,,,,,,,,,,,Weakening,-0.78
APTUS,Aptus Value Housing Finance India Ltd.,APTUS.NS,Financial Services,True,,NIFTY 500,^CRSLDX,2026-09-02,254.28,0.36,-1.63,-3.79,466539.0,1154657.0,0.4,118631536.35,43.32,45.13,False,False,False,False,False,-0.34,-6.3,-1.64,False,False,False,False,9.5,0.01094958,0.01162501,-5.81,-0.46,False,0.3333333333333333,0.0,0.4,-2.0,Risk review,Head-and-shoulders risk,"head-and-shoulders, risk, distribution",247.22,,,2.85,,,247.22,"A possible head-and-shoulders top is forming or breaking. This is a caution signal, not an entry setup.",Risk review,-0.79
MMTC,MMTC Ltd.,MMTC.NS,Services,True,,NIFTY 500,^CRSLDX,2026-09-02,62.1,-0.35,-3.0,-2.63,691082.0,3438156.0,0.2,42916191.15,41.37,49.45,False,False,False,False,False,-2.71,-3.18,-0.53,False,False,False,False,3.27,0.0026741,0.00275728,-3.02,-0.47,False,0.3333333333333333,0.0,0.2,-2.0,Risk review,Head-and-shoulders risk,"head-and-shoulders, risk, distribution",60.11,,,3.32,,,60.11,"A possible head-and-shoulders top is forming or breaking. This is a caution signal, not an entry setup.",Risk review,-0.79
TATACHEM,Tata Chemicals Ltd.,TATACHEM.NS,Chemicals,True,,NIFTY 500,^CRSLDX,2026-09-02,633.95,0.06,-0.58,-4.83,529442.0,742867.0,0.71,335639762.36,37.37,34.51,False,False,False,False,False,-2.51,-6.57,-2.93,False,False,False,False,5.03,0.0272986,0.02909863,-6.19,-3.23,False,0.0,0.0,0.71,-3.0,Risk review,Head-and-shoulders risk,"head-and-shoulders, risk, distribution",644.15,,,1.58,,,644.15,"A possible head-and-shoulders top is forming or breaking. This is a caution signal, not an entry setup.",Risk review,-0.8
BRITANNIA,Britannia Industries Ltd.,BRITANNIA.NS,Fast Moving Consumer Goods,True,,NIFTY 500,^CRSLDX,2026-09-02,5154.0,-0.64,-2.94,-5.26,325670.0,339850.0,0.96,1678503180.0,34.93,42.9,False,False,False,False,False,-5.03,-3.69,-0.76,False,False,False,False,-4.88,0.22193705,0.22889352,-3.04,-4.02,False,0.0,0.0,0.96,0.0,No clear setup,,,,,,,,,,,Weakening,-0.8
RAILTEL,Railtel Corporation Of India Ltd.,RAILTEL.NS,Telecommunication,True,,NIFTY 500,^CRSLDX,2026-09-02,271.55,-2.28,-3.33,-5.82,302895.0,1129500.0,0.27,82251133.55,35.55,42.83,False,False,False,False,False,-3.77,-7.05,-2.43,False,False,False,False,3.77,0.01169325,0.01254266,-6.77,-4.04,False,0.0,0.0,0.27,0.0,No clear setup,,,,,,,,,,,Weakening,-0.81
TIINDIA,Tube Investments of India Ltd.,TIINDIA.NS,Automobile and Auto Components,True,,NIFTY 500,^CRSLDX,2026-09-02,2720.0,-1.56,-4.9,-2.38,278272.0,455811.0,0.61,756899840.0,38.22,50.0,False,False,False,False,False,-3.8,-5.34,-0.86,False,False,False,False,10.29,0.11712627,0.12347598,-5.14,1.16,False,0.3333333333333333,0.0,0.61,-3.0,Risk review,Head-and-shoulders risk,"head-and-shoulders, risk, distribution, breakout, retest, pivot, volume, inverse-head-and-shoulders, base, reversal",2775.45,,,2.0,,,2775.45,"A possible head-and-shoulders top is forming or breaking. This is a caution signal, not an entry setup. Secondary patterns: Breakout retest, Possible inverse H&S.",Risk review,-0.82
BDL,Bharat Dynamics Ltd.,BDL.NS,Capital Goods,True,,NIFTY 500,^CRSLDX,2026-09-02,1253.7,0.3,-8.02,1.1,578091.0,2003233.0,0.29,724752658.47,38.56,56.91,False,False,False,False,False,-5.9,-4.65,-1.37,False,False,False,False,11.69,0.05398573,0.05636383,-4.22,1.1,False,0.0,0.0,0.29,-3.0,Risk review,Head-and-shoulders risk,"head-and-shoulders, risk, distribution",1315.85,,,4.72,,,1315.85,"A possible head-and-shoulders top is forming or breaking. This is a caution signal, not an entry setup.",Risk review,-0.83
MGL,Mahanagar Gas Ltd.,MGL.NS,Oil Gas & Consumable Fuels,True,,NIFTY 500,^CRSLDX,2026-09-02,1065.2,-1.16,-4.49,-2.93,176367.0,288829.0,0.61,187866119.79,40.2,51.91,False,False,False,False,False,-3.7,-3.36,-1.15,False,False,False,False,2.62,0.04586871,0.04728713,-3.0,-0.66,False,0.3333333333333333,0.0,0.61,-2.0,Risk review,Head-and-shoulders risk,"head-and-shoulders, risk, distribution",1044.2,,,2.01,,,1044.2,"A possible head-and-shoulders top is forming or breaking. This is a caution signal, not an entry setup.",Risk review,-0.83
BANDHANBNK,Bandhan Bank Ltd.,BANDHANBNK.NS,Financial Services,True,,NIFTY 500,^CRSLDX,2026-09-02,161.52,-0.85,-6.9,-4.42,6394088.0,6962336.0,0.92,1032773121.08,30.27,43.8,False,False,False,False,False,-5.6,-12.01,0.66,False,False,False,False,12.24,0.00695523,0.00790064,-11.97,-4.26,False,0.6666666666666666,0.0,0.92,0.0,No clear setup,,,,,,,,,,,Weakening,-0.85
LEMONTREE,Lemon Tree Hotels Ltd.,LEMONTREE.NS,Consumer Services,True,,NIFTY 500,^CRSLDX,2026-09-02,106.18,0.03,-2.36,-5.77,2312153.0,3038140.0,0.76,245504406.25,36.26,43.29,False,False,False,False,False,-2.25,-5.34,-4.29,False,False,False,False,2.96,0.00457223,0.00481064,-4.96,-4.39,False,0.0,0.0,0.76,0.0,No clear setup,,,,,,,,,,,Weakening,-0.88
ABBOTINDIA,Abbott India Ltd.,ABBOTINDIA.NS,Healthcare,True,,NIFTY 500,^CRSLDX,2026-09-02,26045.0,-0.34,-1.92,-6.26,7824.0,9602.0,0.81,203776080.0,37.97,42.35,False,False,False,False,False,-2.86,-2.79,-0.78,False,False,False,False,-9.62,1.12152708,1.14555433,-2.1,-4.51,False,0.3333333333333333,0.0,0.81,0.0,No clear setup,,,,,,,,,,,Weakening,-0.9
KPITTECH,KPIT Technologies Ltd.,KPITTECH.NS,Information Technology,True,,NIFTY 500,^CRSLDX,2026-09-02,588.0,-0.34,-0.34,-4.82,714958.0,1595737.0,0.45,420395304.0,45.52,44.69,False,False,False,False,False,-2.27,-1.0,-6.48,False,False,False,False,-13.04,0.02531994,0.0255231,-0.8,-3.31,False,0.0,0.0,0.45,-3.0,Risk review,Head-and-shoulders risk,"head-and-shoulders, risk, distribution",616.58,,,4.63,,,616.58,"A possible head-and-shoulders top is forming or breaking. This is a caution signal, not an entry setup.",Risk review,-0.91
CANBK,Canara Bank,CANBK.NS,Financial Services,True,,NIFTY 500,^CRSLDX,2026-09-02,126.3,0.56,-2.43,-2.02,13229131.0,13901764.0,0.95,1670839285.67,43.41,51.82,False,False,False,False,False,-2.38,-1.0,-0.14,False,False,False,False,-0.33,0.00543862,0.00546281,-0.44,0.66,False,0.0,0.0,0.95,-3.0,Risk review,Head-and-shoulders risk,"head-and-shoulders, risk, distribution",127.46,,,0.91,,,127.46,"A possible head-and-shoulders top is forming or breaking. This is a caution signal, not an entry setup.",Risk review,-0.92
DRREDDY,Dr. Reddy's Laboratories Ltd.,DRREDDY.NS,Healthcare,True,,NIFTY 500,^CRSLDX,2026-09-02,1156.5,-1.24,-2.16,-1.66,486524.0,1570654.0,0.31,562665006.0,40.45,46.04,False,False,False,False,False,-2.04,-5.08,-0.41,False,False,False,False,14.68,0.04980019,0.05224591,-4.68,0.61,False,0.0,0.0,0.31,-3.0,Risk review,Head-and-shoulders risk,"head-and-shoulders, risk, distribution",1174.7,,,1.55,,,1174.7,"A possible head-and-shoulders top is forming or breaking. This is a caution signal, not an entry setup.",Risk review,-0.93
ICICIGI,ICICI Lombard General Insurance Company Ltd.,ICICIGI.NS,Financial Services,True,,NIFTY 500,^CRSLDX,2026-09-02,1537.0,-1.91,-3.75,-8.73,605096.0,952534.0,0.64,930032552.0,28.08,37.09,False,False,False,False,False,-4.66,-8.18,-2.11,False,False,False,False,4.9,0.06618495,0.07189913,-7.95,-4.67,False,0.0,0.0,0.64,0.0,No clear setup,,,,,,,,,,,Weakening,-0.93
BANKBARODA,Bank of Baroda,BANKBARODA.NS,Financial Services,True,,NIFTY 500,^CRSLDX,2026-09-02,241.2,1.47,-0.54,-1.79,9636887.0,7981832.0,1.21,2324417114.99,44.17,43.18,False,False,False,False,False,-1.46,-3.08,-0.95,False,False,False,False,2.92,0.01038634,0.0106857,-2.8,0.43,False,0.0,0.0,1.21,-3.0,Risk review,Head-and-shoulders risk,"head-and-shoulders, risk, distribution",255.75,,,5.69,,,255.75,"A possible head-and-shoulders top is forming or breaking. This is a caution signal, not an entry setup.",Risk review,-0.96
TECHNOE,Techno Electric & Engineering Company Ltd.,TECHNOE.NS,Construction,True,,NIFTY 500,^CRSLDX,2026-09-02,969.95,-0.66,-3.42,-3.45,78502.0,251153.0,0.31,76143015.86,42.44,49.36,False,False,False,False,False,-2.97,-4.94,-2.71,False,False,False,False,10.85,0.04176714,0.04372217,-4.47,0.41,False,0.0,0.0,0.31,-3.0,Risk review,Head-and-shoulders risk,"head-and-shoulders, risk, distribution",980.8,,,1.11,,,980.8,"A possible head-and-shoulders top is forming or breaking. This is a caution signal, not an entry setup.",Risk review,-0.97
DELHIVERY,Delhivery Ltd.,DELHIVERY.NS,Services,True,,NIFTY 500,^CRSLDX,2026-09-02,454.8,-1.3,1.29,-3.29,1061099.0,2968190.0,0.36,482587812.25,44.9,38.42,False,False,False,False,True,-1.07,-4.54,0.04,False,False,False,False,4.45,0.0195842,0.02041511,-4.07,-3.74,False,0.6666666666666666,0.0,0.36,-3.0,Risk review,Head-and-shoulders risk,"head-and-shoulders, risk, distribution",459.0,,,0.92,,,459.0,"A possible head-and-shoulders top is forming or breaking. This is a caution signal, not an entry setup.",Risk review,-1.0
CANFINHOME,Can Fin Homes Ltd.,CANFINHOME.NS,Financial Services,True,,NIFTY 500,^CRSLDX,2026-09-02,795.3,0.24,-0.93,-2.0,171617.0,195100.0,0.88,136486998.01,39.18,39.4,False,False,False,False,False,-2.31,-5.62,-0.42,False,False,False,False,12.38,0.03424651,0.03612944,-5.21,0.19,False,0.0,0.0,0.88,-3.0,Risk review,Head-and-shoulders risk,"head-and-shoulders, risk, distribution",795.95,,,0.08,,,795.95,"A possible head-and-shoulders top is forming or breaking. This is a caution signal, not an entry setup.",Risk review,-1.01
AADHARHFC,Aadhar Housing Finance Ltd.,AADHARHFC.NS,Financial Services,True,,NIFTY 500,^CRSLDX,2026-09-02,475.4,-0.22,1.07,-5.9,240290.0,354838.0,0.68,114233864.53,43.44,37.2,True,False,False,False,False,-1.81,-5.57,-0.44,False,False,False,False,9.35,0.02047126,0.02156216,-5.06,-1.59,False,0.3333333333333333,0.0,0.68,-2.0,Risk review,Head-and-shoulders risk,"head-and-shoulders, risk, distribution, inverse-head-and-shoulders, base, reversal",458.62,,,3.66,,,458.62,"A possible head-and-shoulders top is forming or breaking. This is a caution signal, not an entry setup. Secondary patterns: Possible inverse H&S.",Risk review,-1.02
ENRIN,Siemens Energy India Ltd.,ENRIN.NS,Capital Goods,True,,NIFTY 500,^CRSLDX,2026-09-02,3119.3,-1.68,-6.21,-5.18,245594.0,803284.0,0.31,766081376.19,32.5,42.68,False,False,False,False,True,-8.88,-8.42,0.75,False,False,False,False,-0.8,0.13432058,0.14629922,-8.19,-3.87,False,0.6666666666666666,0.0,0.31,-3.0,Risk review,Head-and-shoulders risk,"head-and-shoulders, risk, distribution",3133.85,,,0.46,,,3133.85,"A possible head-and-shoulders top is forming or breaking. This is a caution signal, not an entry setup.",Risk review,-1.02
CHOLAHLDNG,Cholamandalam Financial Holdings Ltd.,CHOLAHLDNG.NS,Financial Services,True,,NIFTY 500,^CRSLDX,2026-09-02,1489.0,0.95,-4.51,-7.08,143777.0,160385.0,0.9,214083953.0,37.73,47.3,False,False,False,False,False,-4.54,-5.87,-2.22,False,False,False,False,8.6,0.06411802,0.06777985,-5.4,-1.66,False,0.0,0.0,0.9,-2.0,Risk review,Head-and-shoulders risk,"head-and-shoulders, risk, distribution",1424.9,,,4.5,,,1424.9,"A possible head-and-shoulders top is forming or breaking. This is a caution signal, not an entry setup.",Risk review,-1.03
JBMA,JBM Auto Ltd.,JBMA.NS,Automobile and Auto Components,True,,NIFTY 500,^CRSLDX,2026-09-02,621.5,-0.06,-4.88,-6.27,208129.0,881247.0,0.24,129352173.5,40.14,50.98,False,False,False,False,True,-2.48,-6.04,-0.19,False,False,False,False,-0.68,0.02676249,0.02839245,-5.74,-3.89,False,0.3333333333333333,0.0,0.24,-3.0,Risk review,Head-and-shoulders risk,"head-and-shoulders, risk, distribution, breakout, retest, pivot, volume, inverse-head-and-shoulders, base, reversal",624.78,,,0.52,,,624.78,"A possible head-and-shoulders top is forming or breaking. This is a caution signal, not an entry setup. Secondary patterns: Breakout retest, Possible inverse H&S.",Risk review,-1.03
DOMS,DOMS Industries Ltd.,DOMS.NS,Fast Moving Consumer Goods,True,,NIFTY 500,^CRSLDX,2026-09-02,2206.3,-1.02,0.27,-1.8,29316.0,34006.0,0.86,64679892.23,44.9,41.62,False,False,False,False,False,-0.56,-2.1,-1.29,False,False,False,False,3.73,0.09500577,0.09659106,-1.64,0.06,False,0.0,0.0,0.86,-3.0,Risk review,Head-and-shoulders risk,"head-and-shoulders, risk, distribution",2273.25,,,2.95,,,2273.25,"A possible head-and-shoulders top is forming or breaking. This is a caution signal, not an entry setup.",Risk review,-1.04
INDIAMART,Indiamart Intermesh Ltd.,INDIAMART.NS,Consumer Services,True,,NIFTY 500,^CRSLDX,2026-09-02,1740.8,-1.34,-0.63,-1.97,48139.0,96204.0,0.5,83800373.55,38.49,40.02,False,False,False,False,False,-1.18,-4.59,-2.93,False,False,False,False,9.04,0.07496081,0.07833183,-4.3,0.06,False,0.0,0.0,0.5,-3.0,Risk review,Head-and-shoulders risk,"head-and-shoulders, risk, distribution",1907.55,,,8.74,,,1907.55,"A possible head-and-shoulders top is forming or breaking. This is a caution signal, not an entry setup.",Risk review,-1.04
GRSE,Garden Reach Shipbuilders & Engineers Ltd.,GRSE.NS,Capital Goods,True,,NIFTY 500,^CRSLDX,2026-09-02,2495.1,-1.39,-5.14,-0.49,273163.0,494214.0,0.55,681569027.98,36.26,52.2,False,False,False,False,False,-4.04,-4.88,-0.15,False,False,False,False,6.73,0.10744183,0.11249743,-4.49,-0.06,False,0.3333333333333333,0.0,0.55,-3.0,Risk review,Head-and-shoulders risk,"head-and-shoulders, risk, distribution",2532.75,,,1.49,,,2532.75,"A possible head-and-shoulders top is forming or breaking. This is a caution signal, not an entry setup.",Risk review,-1.06
IGL,Indraprastha Gas Ltd.,IGL.NS,Oil Gas & Consumable Fuels,True,,NIFTY 500,^CRSLDX,2026-09-02,147.94,-1.27,-0.52,-3.98,1206372.0,2272511.0,0.53,178470676.63,42.09,41.31,False,False,False,False,False,-1.67,-3.33,-3.31,False,False,False,False,-1.67,0.00637046,0.00656731,-3.0,-1.96,False,0.0,0.0,0.53,-2.0,Risk review,Head-and-shoulders risk,"head-and-shoulders, risk, distribution",145.43,,,1.73,,,145.43,"A possible head-and-shoulders top is forming or breaking. This is a caution signal, not an entry setup.",Risk review,-1.09
CEATLTD,Ceat Ltd.,CEATLTD.NS,Automobile and Auto Components,True,,NIFTY 500,^CRSLDX,2026-09-02,3347.8,-1.54,-6.6,-9.6,47129.0,55862.0,0.84,157778468.5,34.05,49.93,False,False,False,False,False,-6.88,-6.46,-1.18,False,False,False,False,2.65,0.14416005,0.15309233,-5.83,-5.43,False,0.3333333333333333,0.0,0.84,0.0,No clear setup,,,,,,,,,,,Weakening,-1.09
TATAINVEST,Tata Investment Corporation Ltd.,TATAINVEST.NS,Financial Services,True,,NIFTY 500,^CRSLDX,2026-09-02,628.1,-0.88,-2.54,-6.32,112334.0,375136.0,0.3,70556982.66,32.09,38.79,False,False,False,False,False,-4.34,-5.23,-2.12,False,False,False,False,-5.52,0.02704669,0.02839374,-4.74,-5.44,False,0.0,0.0,0.3,0.0,No clear setup,,,,,,,,,,,Weakening,-1.09
ERIS,Eris Lifesciences Ltd.,ERIS.NS,Healthcare,True,,NIFTY 500,^CRSLDX,2026-09-02,1288.9,-0.85,-1.66,-6.27,152754.0,82048.0,1.86,196884634.33,30.72,33.92,False,False,False,False,False,-3.81,-7.41,-1.71,False,False,False,False,1.39,0.05550149,0.05972712,-7.07,-4.24,False,0.0,0.0,1.86,-3.0,Risk review,Head-and-shoulders risk,"head-and-shoulders, risk, distribution",1333.5,,,3.34,,,1333.5,"A possible head-and-shoulders top is forming or breaking. This is a caution signal, not an entry setup.",Risk review,-1.1
IRCTC,Indian Railway Catering And Tourism Corporation Ltd.,IRCTC.NS,Consumer Services,True,,NIFTY 500,^CRSLDX,2026-09-02,472.6,-1.82,-3.89,-7.38,1150603.0,861252.0,1.34,543774984.82,31.9,44.3,False,False,False,False,False,-4.63,-5.34,-3.6,False,False,False,False,-6.04,0.02035069,0.02139704,-4.89,-5.51,False,0.0,0.0,1.34,0.0,No clear setup,,,,,,,,,,,Weakening,-1.1
HONAUT,Honeywell Automation India Ltd.,HONAUT.NS,Capital Goods,True,,NIFTY 500,^CRSLDX,2026-09-02,35170.0,-1.15,-3.5,-8.35,2068.0,3032.0,0.68,72731560.0,31.89,40.04,False,False,False,False,True,-4.44,-7.12,0.16,False,False,False,False,-5.11,1.51445988,1.62187222,-6.62,-6.05,False,0.6666666666666666,0.0,0.68,-2.0,Risk review,Head-and-shoulders risk,"head-and-shoulders, risk, distribution, inverse-head-and-shoulders, base, reversal",34925.0,,,0.7,,,34925.0,"A possible head-and-shoulders top is forming or breaking. This is a caution signal, not an entry setup. Secondary patterns: Possible inverse H&S.",Risk review,-1.1
IEX,Indian Energy Exchange Ltd.,IEX.NS,Financial Services,True,,NIFTY 500,^CRSLDX,2026-09-02,118.86,-0.29,-2.57,-8.28,3974033.0,2315015.0,1.72,472353564.81,33.08,40.85,False,False,False,False,False,-3.98,-4.35,-1.03,False,False,False,False,-10.22,0.00511825,0.00532091,-3.81,-6.15,False,0.0,0.0,1.72,-2.0,Risk review,Head-and-shoulders risk,"head-and-shoulders, risk, distribution",118.03,,,0.7,,,118.03,"A possible head-and-shoulders top is forming or breaking. This is a caution signal, not an entry setup.",Risk review,-1.1
SCHNEIDER,Schneider Electric Infrastructure Ltd.,SCHNEIDER.NS,Capital Goods,True,,NIFTY 500,^CRSLDX,2026-09-02,1169.5,-1.58,-0.42,-13.53,190198.0,510619.0,0.37,222436561.0,38.59,37.38,False,False,False,False,True,-7.78,-12.24,4.37,False,False,False,False,1.28,0.05035999,0.05728653,-12.09,-10.56,False,0.6666666666666666,0.0,0.37,-2.0,Risk review,Head-and-shoulders risk,"head-and-shoulders, risk, distribution",1154.6,,,1.29,,,1154.6,"A possible head-and-shoulders top is forming or breaking. This is a caution signal, not an entry setup.",Risk review,-1.1
AMBUJACEM,Ambuja Cements Ltd.,AMBUJACEM.NS,Construction Materials,True,,NIFTY 500,^CRSLDX,2026-09-02,402.7,0.12,-3.94,-9.51,1330379.0,2511679.0,0.53,535743639.54,37.77,47.45,False,False,False,False,False,-3.13,-5.35,-2.98,False,False,False,False,-4.47,0.01734072,0.01821554,-4.8,-5.79,False,0.0,0.0,0.53,0.0,No clear setup,,,,,,,,,,,Weakening,-1.16
TEGA,Tega Industries Ltd.,TEGA.NS,Capital Goods,True,,NIFTY 500,^CRSLDX,2026-09-02,1539.7,-1.96,-6.8,-2.59,60417.0,225286.0,0.27,93024051.95,37.12,48.65,False,False,False,False,False,-7.31,-5.83,-1.48,False,False,False,False,3.15,0.06630122,0.07005442,-5.36,-0.58,False,0.0,0.0,0.27,-3.0,Risk review,Head-and-shoulders risk,"head-and-shoulders, risk, distribution",1562.1,,,1.43,,,1562.1,"A possible head-and-shoulders top is forming or breaking. This is a caution signal, not an entry setup.",Risk review,-1.17
MAXHEALTH,Max Healthcare Institute Ltd.,MAXHEALTH.NS,Healthcare,True,,NIFTY 500,^CRSLDX,2026-09-02,994.0,-0.9,-1.09,-7.96,1195095.0,2031311.0,0.59,1187924430.0,39.41,38.48,False,False,False,False,False,-2.39,-7.27,-1.26,False,False,False,False,-0.84,0.04280276,0.04590917,-6.77,-5.85,False,0.3333333333333333,0.0,0.59,0.0,No clear setup,,,,,,,,,,,Weakening,-1.17
THERMAX,Thermax Ltd.,THERMAX.NS,Capital Goods,True,,NIFTY 500,^CRSLDX,2026-09-02,3752.5,-4.11,-5.44,-7.69,134059.0,128495.0,1.04,503056397.5,28.32,37.28,False,False,False,False,True,-6.11,-14.03,2.25,False,False,False,False,11.24,0.16158688,0.18760187,-13.87,-4.66,False,0.6666666666666666,0.0,1.04,-3.0,Risk review,Head-and-shoulders risk,"head-and-shoulders, risk, distribution",4140.5,,,9.37,,,4140.5,"A possible head-and-shoulders top is forming or breaking. This is a caution signal, not an entry setup.",Risk review,-1.18
ITC,ITC Ltd.,ITC.NS,Fast Moving Consumer Goods,True,,NIFTY 500,^CRSLDX,2026-09-02,266.3,-0.11,-1.46,-7.2,14636618.0,13659008.0,1.07,3897731194.73,41.44,37.85,False,False,False,False,False,-2.32,-4.82,-3.76,False,False,False,False,-4.73,0.01146718,0.0119967,-4.41,-6.0,False,0.0,0.0,1.07,0.0,No clear setup,,,,,,,,,,,Weakening,-1.2
HAVELLS,Havells India Ltd.,HAVELLS.NS,Consumer Durables,True,,NIFTY 500,^CRSLDX,2026-09-02,1193.0,-2.44,-5.22,-7.52,752057.0,759759.0,0.99,897204001.0,33.24,49.18,False,False,False,False,False,-5.76,-3.16,-1.54,False,False,False,False,-10.3,0.05137193,0.05268064,-2.48,-6.02,False,0.0,0.0,0.99,0.0,No clear setup,,,,,,,,,,,Weakening,-1.2
3MINDIA,3M India Ltd.,3MINDIA.NS,Diversified,True,,NIFTY 500,^CRSLDX,2026-09-02,32895.0,-1.26,-2.01,-8.13,1858.0,3984.0,0.47,61118910.0,35.33,37.55,False,False,False,False,False,-4.84,-5.05,0.94,False,False,False,False,-7.46,1.41649581,1.48162738,-4.4,-6.07,False,0.6666666666666666,0.0,0.47,0.0,No clear setup,,,,,,,,,,,Weakening,-1.2
IRFC,Indian Railway Finance Corporation Ltd.,IRFC.NS,Financial Services,True,,NIFTY 500,^CRSLDX,2026-09-02,82.48,-0.02,-3.76,-7.22,7976224.0,6876880.0,1.16,657878982.3,25.5,36.91,False,False,False,False,False,-4.31,-6.3,-3.32,False,False,False,False,-4.39,0.00355168,0.00378124,-6.07,-6.09,False,0.0,0.0,1.16,0.0,No clear setup,,,,,,,,,,,Weakening,-1.2
INDIACEM,India Cements Ltd.,INDIACEM.NS,Construction Materials,True,,NIFTY 500,^CRSLDX,2026-09-02,358.3,-0.43,-3.64,-8.78,73048.0,138837.0,0.53,26173097.51,32.3,41.15,False,False,False,False,False,-4.5,-6.65,-0.43,False,False,False,False,-8.08,0.0154288,0.0164366,-6.13,-6.61,False,0.0,0.0,0.53,0.0,No clear setup,,,,,,,,,,,Weakening,-1.2
ACC,ACC Ltd.,ACC.NS,Construction Materials,True,,NIFTY 500,^CRSLDX,2026-09-02,1266.6,-0.45,-4.89,-9.14,146384.0,126801.0,1.15,185409970.83,33.92,49.04,False,False,False,False,False,-3.7,-5.79,-3.39,False,False,False,False,-5.35,0.05454122,0.05757178,-5.26,-6.69,False,0.0,0.0,1.15,0.0,No clear setup,,,,,,,,,,,Weakening,-1.2
SWANCORP,Swan Corp Ltd.,SWANCORP.NS,Chemicals,True,,NIFTY 500,^CRSLDX,2026-09-02,285.4,-1.38,-4.87,-8.07,479500.0,851752.0,0.56,136849297.07,26.54,37.37,False,False,False,False,False,-5.67,-7.75,-4.05,False,False,False,False,-0.76,0.01228965,0.01327604,-7.43,-7.1,False,0.0,0.0,0.56,0.0,No clear setup,,,,,,,,,,,Weakening,-1.2
ZEEL,Zee Entertainment Enterprises Ltd.,ZEEL.NS,Media Entertainment & Publication,True,,NIFTY 500,^CRSLDX,2026-09-02,90.57,-3.04,-13.26,-4.21,18528610.0,35790523.0,0.52,1678136202.05,34.97,52.24,False,False,False,False,False,-9.17,-11.92,-0.24,False,False,False,False,-3.12,0.00390005,0.00441766,-11.72,-7.19,False,0.3333333333333333,0.0,0.52,0.0,No clear setup,,,,,,,,,,,Weakening,-1.2
COROMANDEL,Coromandel International Ltd.,COROMANDEL.NS,Chemicals,True,,NIFTY 500,^CRSLDX,2026-09-02,1914.6,-0.43,-1.8,-8.23,95890.0,135661.0,0.71,183590991.66,35.57,37.74,False,False,False,False,False,-4.67,-5.39,-0.77,False,False,False,False,-8.37,0.08244483,0.08666359,-4.87,-7.68,False,0.0,0.0,0.71,0.0,No clear setup,,,,,,,,,,,Weakening,-1.2
JKTYRE,JK Tyre & Industries Ltd.,JKTYRE.NS,Automobile and Auto Components,True,,NIFTY 500,^CRSLDX,2026-09-02,370.15,-1.02,-3.49,-10.85,367986.0,658689.0,0.56,136210015.65,36.77,45.94,False,False,False,False,False,-3.29,-5.79,-1.16,False,False,False,False,-6.79,0.01593908,0.01684093,-5.36,-7.99,False,0.0,0.0,0.56,0.0,No clear setup,,,,,,,,,,,Weakening,-1.2
JIOFIN,Jio Financial Services Ltd.,JIOFIN.NS,Financial Services,True,,NIFTY 500,^CRSLDX,2026-09-02,236.9,0.45,-1.7,-9.35,15915810.0,12611299.0,1.26,3770455291.86,40.12,42.44,False,False,False,False,False,-3.9,-2.61,-2.3,False,False,False,False,-16.13,0.01020118,0.01040751,-1.98,-8.59,False,0.0,0.0,1.26,0.0,No clear setup,,,,,,,,,,,Weakening,-1.2
RVNL,Rail Vikas Nigam Ltd.,RVNL.NS,Construction,True,,NIFTY 500,^CRSLDX,2026-09-02,206.0,-1.14,-6.95,-9.76,3793812.0,4061692.0,0.93,781525272.0,27.27,41.79,False,False,False,False,False,-7.52,-9.03,-3.48,False,False,False,False,-7.01,0.00887059,0.0097136,-8.68,-8.9,False,0.0,0.0,0.93,0.0,No clear setup,,,,,,,,,,,Weakening,-1.2
GMRAIRPORT,GMR Airports Ltd.,GMRAIRPORT.NS,Services,True,,NIFTY 500,^CRSLDX,2026-09-02,93.99,-0.14,-4.92,-12.16,6105644.0,13106666.0,0.47,573869466.52,23.82,31.41,False,False,False,False,False,-6.74,-11.62,0.68,False,False,False,False,-1.44,0.00404732,0.00456011,-11.25,-10.02,False,0.6666666666666666,0.0,0.47,0.0,No clear setup,,,,,,,,,,,Weakening,-1.2
PIIND,PI Industries Ltd.,PIIND.NS,Chemicals,True,,NIFTY 500,^CRSLDX,2026-09-02,2393.0,-0.17,-4.6,-14.53,128401.0,303547.0,0.42,307263593.0,31.8,38.62,False,False,False,False,False,-5.26,-8.15,-3.53,False,False,False,False,-15.65,0.10304528,0.11185511,-7.88,-12.05,False,0.0,0.0,0.42,0.0,No clear setup,,,,,,,,,,,Weakening,-1.2
SYNGENE,Syngene International Ltd.,SYNGENE.NS,Healthcare,True,,NIFTY 500,^CRSLDX,2026-09-02,398.6,-0.86,-3.05,-2.05,593732.0,741483.0,0.8,236661578.82,44.31,52.67,False,False,False,False,False,-1.17,-3.3,-4.84,False,False,False,False,3.4,0.01716417,0.017678,-2.91,-0.87,False,0.0,0.0,0.8,-3.0,Risk review,Head-and-shoulders risk,"head-and-shoulders, risk, distribution",404.95,,,1.57,,,404.95,"A possible head-and-shoulders top is forming or breaking. This is a caution signal, not an entry setup.",Risk review,-1.22
NTPC,NTPC Ltd.,NTPC.NS,Power,True,,NIFTY 500,^CRSLDX,2026-09-02,330.0,1.85,-0.31,-4.67,11991346.0,8693682.0,1.38,3957144180.0,42.5,38.06,False,False,False,False,False,-1.04,-3.17,0.18,False,False,False,False,3.31,0.01421017,0.01462196,-2.82,-0.98,False,0.3333333333333333,0.0,1.38,-3.0,Risk review,Head-and-shoulders risk,"head-and-shoulders, risk, distribution",340.33,,,3.03,,,340.33,"A possible head-and-shoulders top is forming or breaking. This is a caution signal, not an entry setup.",Risk review,-1.25
ICICIAMC,ICICI Prudential Asset Management Company Ltd.,ICICIAMC.NS,Financial Services,True,,NIFTY 500,^CRSLDX,2026-09-02,2973.3,-2.13,-7.74,-3.52,880217.0,630389.0,1.4,2617149249.08,37.99,54.44,False,False,False,False,,-5.02,-6.02,,False,False,False,False,4.61,0.12803365,0.13568921,-5.64,-1.0,False,0.0,0.0,1.4,-3.0,Risk review,Head-and-shoulders risk,"head-and-shoulders, risk, distribution",3119.15,,,4.68,,,3119.15,"A possible head-and-shoulders top is forming or breaking. This is a caution signal, not an entry setup.",Risk review,-1.25
TIMKEN,Timken India Ltd.,TIMKEN.NS,Capital Goods,True,,NIFTY 500,^CRSLDX,2026-09-02,3134.5,-2.34,1.16,-5.28,52086.0,35074.0,1.49,163263567.0,44.15,38.46,False,False,False,False,False,-2.4,-3.04,0.58,False,False,False,False,1.09,0.13497511,0.13900723,-2.9,-1.06,False,0.3333333333333333,0.0,1.49,-3.0,Risk review,Head-and-shoulders risk,"head-and-shoulders, risk, distribution",3210.0,,,2.35,,,3210.0,"A possible head-and-shoulders top is forming or breaking. This is a caution signal, not an entry setup.",Risk review,-1.26
ELECON,Elecon Engineering Co. Ltd.,ELECON.NS,Capital Goods,True,,NIFTY 500,^CRSLDX,2026-09-02,416.6,1.06,-2.05,-4.3,329056.0,369763.0,0.89,137084731.61,38.66,40.27,False,False,False,False,False,-3.82,-9.13,-2.41,False,False,False,False,15.73,0.01793927,0.01973992,-9.12,-1.06,False,0.0,0.0,0.89,-3.0,Risk review,Head-and-shoulders risk,"head-and-shoulders, risk, distribution",441.25,,,5.59,,,441.25,"A possible head-and-shoulders top is forming or breaking. This is a caution signal, not an entry setup.",Risk review,-1.26
SARDAEN,Sarda Energy and Minerals Ltd.,SARDAEN.NS,Metals & Mining,True,,NIFTY 500,^CRSLDX,2026-09-02,491.05,-1.21,-4.54,-1.35,130091.0,1492520.0,0.09,63881183.96,39.69,53.5,False,False,False,False,False,-3.06,-2.58,-0.49,False,False,False,False,-2.77,0.02114517,0.02157846,-2.01,-1.29,False,0.0,0.0,0.09,-3.0,Risk review,Head-and-shoulders risk,"head-and-shoulders, risk, distribution",492.4,,,0.27,,,492.4,"A possible head-and-shoulders top is forming or breaking. This is a caution signal, not an entry setup.",Risk review,-1.31
UCOBANK,UCO Bank,UCOBANK.NS,Financial Services,True,,NIFTY 500,^CRSLDX,2026-09-02,24.39,-0.81,-6.87,-7.93,6677969.0,3202842.0,2.09,162875659.83,27.8,51.13,False,False,False,False,False,-5.42,-6.95,-2.09,False,False,False,False,-3.89,0.00105026,0.00112313,-6.49,-5.5,False,0.0,0.0,2.09,-3.0,Risk review,Head-and-shoulders risk,"head-and-shoulders, risk, distribution",25.26,,,3.43,,,25.26,"A possible head-and-shoulders top is forming or breaking. This is a caution signal, not an entry setup.",Risk review,-1.35
PAGEIND,Page Industries Ltd.,PAGEIND.NS,Textiles,True,,NIFTY 500,^CRSLDX,2026-09-02,36200.0,1.47,2.97,-9.8,19407.0,34639.0,0.56,702533400.0,41.72,28.92,True,False,False,False,False,-1.15,-7.12,-0.95,False,False,False,False,-0.44,1.55881284,1.6718762,-6.76,-6.59,False,0.3333333333333333,0.0,0.56,-3.0,Risk review,Head-and-shoulders risk,"head-and-shoulders, risk, distribution, inverse-head-and-shoulders, base, reversal",36985.0,,,2.12,,,36985.0,"A possible head-and-shoulders top is forming or breaking. This is a caution signal, not an entry setup. Secondary patterns: Possible inverse H&S.",Risk review,-1.35
LATENTVIEW,Latent View Analytics Ltd.,LATENTVIEW.NS,Information Technology,True,,NIFTY 500,^CRSLDX,2026-09-02,271.0,-0.57,-0.99,-8.14,335738.0,528555.0,0.64,90984998.0,36.94,34.76,False,False,False,False,False,-4.09,-7.11,-4.6,False,False,False,False,-4.91,0.01166957,0.01249834,-6.63,-7.25,False,0.0,0.0,0.64,-3.0,Risk review,Head-and-shoulders risk,"head-and-shoulders, risk, distribution",279.97,,,3.21,,,279.97,"A possible head-and-shoulders top is forming or breaking. This is a caution signal, not an entry setup.",Risk review,-1.35
TMPV,Tata Motors Passenger Vehicles Ltd.,TMPV.NS,Automobile and Auto Components,True,,NIFTY 500,^CRSLDX,2026-09-02,312.75,0.89,-0.11,-10.59,6664835.0,9620223.0,0.69,2084427146.25,36.59,30.36,False,False,False,False,False,-4.29,-6.32,-2.08,False,False,False,False,-8.91,0.01346737,0.01431711,-5.94,-8.47,False,0.0,0.0,0.69,-3.0,Risk review,Head-and-shoulders risk,"head-and-shoulders, risk, distribution",314.95,,,0.7,,,314.95,"A possible head-and-shoulders top is forming or breaking. This is a caution signal, not an entry setup.",Risk review,-1.35
JAINREC,Jain Resource Recycling Ltd.,JAINREC.NS,Metals & Mining,True,,NIFTY 500,^CRSLDX,2026-09-02,282.15,0.52,-2.4,-12.53,1434573.0,1259102.0,1.14,404764763.19,35.33,34.75,False,False,False,False,False,-4.17,-12.54,-2.51,False,False,False,False,-3.31,0.0121497,0.01390313,-12.61,-11.01,False,0.0,0.0,1.14,-3.0,Risk review,Head-and-shoulders risk,"head-and-shoulders, risk, distribution",350.35,,,19.47,,,350.35,"A possible head-and-shoulders top is forming or breaking. This is a caution signal, not an entry setup.",Risk review,-1.35
DMART,Avenue Supermarts Ltd.,DMART.NS,Consumer Services,True,,NIFTY 500,^CRSLDX,2026-09-02,3813.4,-0.28,-0.35,-3.36,204005.0,447394.0,0.46,777952647.08,38.25,35.65,False,False,False,False,False,-3.22,-4.77,-0.53,False,False,False,False,-0.79,0.1642093,0.17195129,-4.5,-3.3,False,0.0,0.0,0.46,-2.0,Risk review,Head-and-shoulders risk,"head-and-shoulders, risk, distribution",3794.4,,,0.5,,,3794.4,"A possible head-and-shoulders top is forming or breaking. This is a caution signal, not an entry setup.",Risk review,-1.36
ITI,ITI Ltd.,ITI.NS,Telecommunication,True,,NIFTY 500,^CRSLDX,2026-09-02,267.7,-0.32,-3.9,-4.94,133077.0,330108.0,0.4,35624714.52,29.95,43.95,False,False,False,False,False,-3.92,-5.59,-1.58,False,False,False,False,1.21,0.01152746,0.01217111,-5.29,-3.37,False,0.0,0.0,0.4,-2.0,Risk review,Head-and-shoulders risk,"head-and-shoulders, risk, distribution",257.25,,,4.06,,,257.25,"A possible head-and-shoulders top is forming or breaking. This is a caution signal, not an entry setup.",Risk review,-1.37
HINDPETRO,Hindustan Petroleum Corporation Ltd.,HINDPETRO.NS,Oil Gas & Consumable Fuels,True,,NIFTY 500,^CRSLDX,2026-09-02,359.0,-1.13,-4.39,-4.42,7704313.0,5500045.0,1.4,2765848367.0,38.58,54.18,False,False,False,False,False,-2.8,-3.86,-1.87,False,False,False,False,3.23,0.01545894,0.01599802,-3.37,-1.64,False,0.0,0.0,1.4,-3.0,Risk review,Head-and-shoulders risk,"head-and-shoulders, risk, distribution",359.02,,,0.01,,,359.02,"A possible head-and-shoulders top is forming or breaking. This is a caution signal, not an entry setup.",Risk review,-1.38
SUZLON,Suzlon Energy Ltd.,SUZLON.NS,Capital Goods,True,,NIFTY 500,^CRSLDX,2026-09-02,45.46,-2.24,-3.15,-5.59,52599122.0,41433519.0,1.27,2391156037.96,32.75,37.69,False,False,False,False,False,-3.73,-10.25,-1.88,False,False,False,False,9.51,0.00195756,0.00217968,-10.19,-3.41,False,0.3333333333333333,0.0,1.27,-2.0,Risk review,Head-and-shoulders risk,"head-and-shoulders, risk, distribution",44.73,,,1.63,,,44.73,"A possible head-and-shoulders top is forming or breaking. This is a caution signal, not an entry setup.",Risk review,-1.38
TRIDENT,Trident Ltd.,TRIDENT.NS,Textiles,True,,NIFTY 500,^CRSLDX,2026-09-02,24.06,-0.33,-1.55,-3.41,1847109.0,3192632.0,0.58,44441441.55,33.22,41.24,False,False,False,False,False,-1.86,-4.16,-1.31,False,False,False,False,3.34,0.00103605,0.00107612,-3.72,-1.71,False,0.0,0.0,0.58,-3.0,Risk review,Head-and-shoulders risk,"head-and-shoulders, risk, distribution",24.81,,,3.0,,,24.81,"A possible head-and-shoulders top is forming or breaking. This is a caution signal, not an entry setup.",Risk review,-1.39
TATASTEEL,Tata Steel Ltd.,TATASTEEL.NS,Metals & Mining,True,,NIFTY 500,^CRSLDX,2026-09-02,183.85,-0.12,-2.21,-4.74,19494064.0,26334375.0,0.74,3583983785.38,42.73,52.39,False,False,False,False,False,-1.12,-1.68,0.61,False,False,False,False,-1.03,0.00791679,0.0080105,-1.17,-1.78,False,0.3333333333333333,0.0,0.74,-3.0,Risk review,Head-and-shoulders risk,"head-and-shoulders, risk, distribution",185.6,,,0.95,,,185.6,"A possible head-and-shoulders top is forming or breaking. This is a caution signal, not an entry setup.",Risk review,-1.41
VBL,Varun Beverages Ltd.,VBL.NS,Fast Moving Consumer Goods,True,,NIFTY 500,^CRSLDX,2026-09-02,415.0,2.25,-1.48,-5.03,7802319.0,5964561.0,1.31,3237962385.0,39.26,36.49,False,False,False,False,False,-3.48,-8.85,-0.73,False,False,False,False,6.91,0.01787037,0.0195701,-8.69,-3.56,False,0.0,0.0,1.31,-2.0,Risk review,Head-and-shoulders risk,"head-and-shoulders, risk, distribution",402.0,,,3.23,,,402.0,"A possible head-and-shoulders top is forming or breaking. This is a caution signal, not an entry setup.",Risk review,-1.41
ATGL,Adani Total Gas Ltd.,ATGL.NS,Oil Gas & Consumable Fuels,True,,NIFTY 500,^CRSLDX,2026-09-02,614.95,0.21,-4.47,-6.88,776747.0,988987.0,0.79,477660577.13,29.59,39.46,False,False,False,False,True,-4.89,-9.09,0.4,False,False,False,False,1.55,0.02648044,0.02902888,-8.78,-5.94,False,0.6666666666666666,0.0,0.79,-3.0,Risk review,Head-and-shoulders risk,"head-and-shoulders, risk, distribution, inverse-head-and-shoulders, base, reversal",639.25,,,3.8,,,639.25,"A possible head-and-shoulders top is forming or breaking. This is a caution signal, not an entry setup. Secondary patterns: Possible inverse H&S.",Risk review,-1.44
OLECTRA,Olectra Greentech Ltd.,OLECTRA.NS,Automobile and Auto Components,True,,NIFTY 500,^CRSLDX,2026-09-02,1238.9,-0.67,-6.6,-11.47,230564.0,404233.0,0.57,285645745.23,33.15,46.98,False,False,False,False,True,-6.55,-9.48,-1.13,False,False,False,False,-0.14,0.05334843,0.05875459,-9.2,-6.23,False,0.3333333333333333,0.0,0.57,-3.0,Risk review,Head-and-shoulders risk,"head-and-shoulders, risk, distribution, breakout, retest, pivot, volume",1266.1,,,2.15,,,1266.1,"A possible head-and-shoulders top is forming or breaking. This is a caution signal, not an entry setup. Secondary patterns: Breakout retest.",Risk review,-1.45
CUMMINSIND,Cummins India Ltd.,CUMMINSIND.NS,Capital Goods,True,,NIFTY 500,^CRSLDX,2026-09-02,5088.5,-0.32,-2.14,-6.46,368599.0,522349.0,0.71,1875616011.5,34.26,39.77,False,False,False,False,True,-3.42,-6.12,2.19,False,False,False,False,-7.36,0.21911655,0.23236809,-5.7,-6.47,False,0.6666666666666666,0.0,0.71,-3.0,Risk review,Head-and-shoulders risk,"head-and-shoulders, risk, distribution",5264.25,,,3.34,,,5264.25,"A possible head-and-shoulders top is forming or breaking. This is a caution signal, not an entry setup.",Risk review,-1.45
TRITURBINE,Triveni Turbine Ltd.,TRITURBINE.NS,Capital Goods,True,,NIFTY 500,^CRSLDX,2026-09-02,565.2,-1.96,-1.26,-9.03,367724.0,738359.0,0.5,207837609.29,36.91,38.5,False,False,False,False,True,-3.93,-7.7,1.13,False,False,False,False,-2.39,0.02433815,0.02633923,-7.6,-6.5,False,0.6666666666666666,0.0,0.5,-3.0,Risk review,Head-and-shoulders risk,"head-and-shoulders, risk, distribution, inverse-head-and-shoulders, base, reversal",569.25,,,0.71,,,569.25,"A possible head-and-shoulders top is forming or breaking. This is a caution signal, not an entry setup. Secondary patterns: Possible inverse H&S.",Risk review,-1.45
J&KBANK,Jammu & Kashmir Bank Ltd.,J&KBANK.NS,Financial Services,True,,NIFTY 500,^CRSLDX,2026-09-02,144.44,-1.99,-5.0,-7.68,1856024.0,2275546.0,0.82,268084111.09,35.6,44.22,False,False,False,False,True,-4.84,-10.79,3.6,False,False,False,False,-1.72,0.00621975,0.00694176,-10.4,-6.63,False,0.6666666666666666,0.0,0.82,-3.0,Risk review,Head-and-shoulders risk,"head-and-shoulders, risk, distribution",148.69,,,2.86,,,148.69,"A possible head-and-shoulders top is forming or breaking. This is a caution signal, not an entry setup.",Risk review,-1.45
BIKAJI,Bikaji Foods International Ltd.,BIKAJI.NS,Fast Moving Consumer Goods,True,,NIFTY 500,^CRSLDX,2026-09-02,590.2,-1.35,-3.58,-9.24,356628.0,193668.0,1.84,210481849.95,33.99,42.33,False,False,False,False,False,-3.52,-6.35,-1.68,False,False,False,False,-6.69,0.02541468,0.02701997,-5.94,-7.07,False,0.0,0.0,1.84,-3.0,Risk review,Head-and-shoulders risk,"head-and-shoulders, risk, distribution",612.55,,,3.65,,,612.55,"A possible head-and-shoulders top is forming or breaking. This is a caution signal, not an entry setup.",Risk review,-1.45
AAVAS,Aavas Financiers Ltd.,AAVAS.NS,Financial Services,True,,NIFTY 500,^CRSLDX,2026-09-02,1258.7,0.83,-2.11,-8.5,229806.0,132087.0,1.74,289256800.98,30.11,30.3,False,False,False,False,False,-6.46,-11.01,-2.19,False,False,False,False,1.0,0.05420104,0.06069664,-10.7,-7.8,False,0.3333333333333333,0.0,1.74,-3.0,Risk review,Head-and-shoulders risk,"head-and-shoulders, risk, distribution",1296.9,,,2.95,,,1296.9,"A possible head-and-shoulders top is forming or breaking. This is a caution signal, not an entry setup.",Risk review,-1.45
AIAENG,AIA Engineering Ltd.,AIAENG.NS,Capital Goods,True,,NIFTY 500,^CRSLDX,2026-09-02,4159.7,-1.97,-1.79,-10.48,51399.0,51021.0,1.01,213804430.34,29.11,31.63,False,False,False,False,True,-5.9,-9.62,2.63,False,False,False,False,-4.25,0.17912138,0.19762309,-9.36,-8.29,False,0.6666666666666666,0.0,1.01,-3.0,Risk review,Head-and-shoulders risk,"head-and-shoulders, risk, distribution, inverse-head-and-shoulders, base, reversal",4375.25,,,4.93,,,4375.25,"A possible head-and-shoulders top is forming or breaking. This is a caution signal, not an entry setup. Secondary patterns: Possible inverse H&S.",Risk review,-1.45
ADANIENSOL,Adani Energy Solutions Ltd.,ADANIENSOL.NS,Power,True,,NIFTY 500,^CRSLDX,2026-09-02,1396.6,1.06,-11.07,-14.95,4213663.0,4567569.0,0.92,5884801642.93,30.4,44.26,False,False,False,False,True,-10.59,-13.09,4.96,False,False,False,False,-11.79,0.06013917,0.06869551,-12.46,-13.44,False,0.6666666666666666,0.0,0.92,-3.0,Risk review,Head-and-shoulders risk,"head-and-shoulders, risk, distribution",1420.25,,,1.67,,,1420.25,"A possible head-and-shoulders top is forming or breaking. This is a caution signal, not an entry setup.",Risk review,-1.45
FIRSTCRY,Brainbees Solutions Ltd.,FIRSTCRY.NS,Consumer Services,True,,NIFTY 500,^CRSLDX,2026-09-02,170.82,-3.86,-11.01,-20.66,2460700.0,1328026.0,1.85,420336792.02,13.45,25.39,False,False,False,False,False,-14.04,-17.97,-5.85,False,False,False,False,-18.51,0.0073557,0.00894446,-17.76,-18.85,False,0.0,0.0,1.85,-3.0,Risk review,Head-and-shoulders risk,"head-and-shoulders, risk, distribution",219.21,,,22.08,,,219.21,"A possible head-and-shoulders top is forming or breaking. This is a caution signal, not an entry setup.",Risk review,-1.45
FORCEMOT,Force Motors Ltd.,FORCEMOT.NS,Automobile and Auto Components,True,,NIFTY 500,^CRSLDX,2026-09-02,17600.0,-0.69,0.86,-5.06,103482.0,75231.0,1.38,1821283200.0,44.7,40.89,True,False,False,False,False,-2.32,-2.58,0.31,False,False,False,False,1.16,0.75787586,0.77339667,-2.01,-2.31,False,0.3333333333333333,0.0,1.38,-3.0,Risk review,Head-and-shoulders risk,"head-and-shoulders, risk, distribution",18995.0,,,7.34,,,18995.0,"A possible head-and-shoulders top is forming or breaking. This is a caution signal, not an entry setup.",Risk review,-1.51
FACT,Fertilisers and Chemicals Travancore Ltd.,FACT.NS,Chemicals,True,,NIFTY 500,^CRSLDX,2026-09-02,804.3,-1.34,-7.15,-4.32,140166.0,1933826.0,0.07,112735512.09,44.1,61.74,False,False,False,False,False,-1.71,-3.73,-0.9,False,False,False,False,1.24,0.03463406,0.03582475,-3.32,-2.59,False,0.0,0.0,0.07,-3.0,Risk review,Head-and-shoulders risk,"head-and-shoulders, risk, distribution, breakout, retest, pivot, volume",848.5,,,5.21,,,848.5,"A possible head-and-shoulders top is forming or breaking. This is a caution signal, not an entry setup. Secondary patterns: Breakout retest.",Risk review,-1.57
ABREL,Aditya Birla Real Estate Ltd.,ABREL.NS,Realty,True,,NIFTY 500,^CRSLDX,2026-09-02,1331.1,-1.91,-4.4,-6.34,84555.0,223053.0,0.38,112551158.44,37.51,48.31,False,False,False,False,False,-4.35,-4.81,-2.51,False,False,False,False,-4.47,0.05731867,0.05973722,-4.05,-4.65,False,0.0,0.0,0.38,-2.0,Risk review,Head-and-shoulders risk,"head-and-shoulders, risk, distribution, breakout, retest, pivot, volume, inverse-head-and-shoulders, base, reversal",1305.55,,,1.96,,,1305.55,"A possible head-and-shoulders top is forming or breaking. This is a caution signal, not an entry setup. Secondary patterns: Breakout retest, Possible inverse H&S.",Risk review,-1.63
BAJAJHFL,Bajaj Housing Finance Ltd.,BAJAJHFL.NS,Financial Services,True,,NIFTY 500,^CRSLDX,2026-09-02,82.78,-0.08,-1.53,-4.83,2271632.0,2428865.0,0.94,188045694.19,36.51,41.18,False,False,False,False,False,-2.14,-3.84,-2.71,False,False,False,False,-0.12,0.0035646,0.00368743,-3.33,-3.06,False,0.0,0.0,0.94,-3.0,Risk review,Head-and-shoulders risk,"head-and-shoulders, risk, distribution",82.93,,,0.17,,,82.93,"A possible head-and-shoulders top is forming or breaking. This is a caution signal, not an entry setup.",Risk review,-1.66
BLS,BLS International Services Ltd.,BLS.NS,Consumer Services,True,,NIFTY 500,^CRSLDX,2026-09-02,235.22,-1.25,-1.07,-7.98,620108.0,3683703.0,0.17,145861804.52,37.07,37.95,False,False,False,False,False,-7.98,-5.13,-2.2,False,False,False,False,-1.51,0.01012884,0.0106304,-4.72,-3.22,False,0.0,0.0,0.17,-3.0,Risk review,Head-and-shoulders risk,"head-and-shoulders, risk, distribution",238.88,,,1.53,,,238.88,"A possible head-and-shoulders top is forming or breaking. This is a caution signal, not an entry setup.",Risk review,-1.69
HDFCBANK,HDFC Bank Ltd.,HDFCBANK.NS,Financial Services,True,,NIFTY 500,^CRSLDX,2026-09-02,700.8,-1.56,-3.63,-4.65,36929072.0,27838102.0,1.33,25879893206.81,30.98,38.57,False,False,False,False,False,-3.12,-7.72,-2.98,False,False,False,False,8.09,0.03017724,0.03255633,-7.31,-3.65,False,0.0,0.0,1.33,-3.0,Risk review,Head-and-shoulders risk,"head-and-shoulders, risk, distribution",732.15,,,4.28,,,732.15,"A possible head-and-shoulders top is forming or breaking. This is a caution signal, not an entry setup.",Risk review,-1.78
TENNIND,Tenneco Clean Air India Ltd.,TENNIND.NS,Automobile and Auto Components,True,,NIFTY 500,^CRSLDX,2026-09-02,519.8,-1.03,-3.67,-10.49,2271704.0,4345100.0,0.52,1180831711.47,36.0,43.2,False,False,False,False,,-5.0,-7.11,,False,False,False,False,3.84,0.02238317,0.02402598,-6.84,-3.69,False,0.0,0.0,0.52,-3.0,Risk review,Head-and-shoulders risk,"head-and-shoulders, risk, distribution",526.9,,,1.35,,,526.9,"A possible head-and-shoulders top is forming or breaking. This is a caution signal, not an entry setup.",Risk review,-1.79
POWERGRID,Power Grid Corporation of India Ltd.,POWERGRID.NS,Power,True,,NIFTY 500,^CRSLDX,2026-09-02,266.8,0.85,0.6,-5.31,9062279.0,8649907.0,1.05,2417815926.58,42.46,37.21,False,False,False,False,False,-0.28,-4.08,-0.26,False,False,False,False,-2.28,0.01148871,0.01193619,-3.75,-3.96,False,0.0,0.0,1.05,-3.0,Risk review,Head-and-shoulders risk,"head-and-shoulders, risk, distribution",270.1,,,1.22,,,270.1,"A possible head-and-shoulders top is forming or breaking. This is a caution signal, not an entry setup.",Risk review,-1.84
EMAMILTD,Emami Ltd.,EMAMILTD.NS,Fast Moving Consumer Goods,True,,NIFTY 500,^CRSLDX,2026-09-02,368.05,-2.28,-8.32,-8.52,1183370.0,984202.0,1.2,435539314.05,34.31,47.14,False,False,False,False,False,-7.26,-9.0,-2.78,False,False,False,False,3.0,0.01584865,0.0173373,-8.59,-4.17,False,0.0,0.0,1.2,-3.0,Risk review,Head-and-shoulders risk,"head-and-shoulders, risk, distribution",385.3,,,4.48,,,385.3,"A possible head-and-shoulders top is forming or breaking. This is a caution signal, not an entry setup.",Risk review,-1.88
BERGEPAINT,Berger Paints India Ltd.,BERGEPAINT.NS,Consumer Durables,True,,NIFTY 500,^CRSLDX,2026-09-02,488.05,-0.57,-3.11,-10.48,225668.0,436658.0,0.52,110137264.65,34.73,40.01,False,False,False,False,False,-6.83,-4.95,-0.4,False,False,False,False,-9.54,0.02101598,0.02200567,-4.5,-6.03,False,0.3333333333333333,0.0,0.52,-2.0,Risk review,Head-and-shoulders risk,"head-and-shoulders, risk, distribution, breakout, retest, pivot, volume, inverse-head-and-shoulders, base, reversal",468.4,,,4.2,,,468.4,"A possible head-and-shoulders top is forming or breaking. This is a caution signal, not an entry setup. Secondary patterns: Breakout retest, Possible inverse H&S.",Risk review,-1.9
RPOWER,Reliance Power Ltd.,RPOWER.NS,Power,True,,NIFTY 500,^CRSLDX,2026-09-02,22.05,-0.94,-2.86,-8.77,10025529.0,19613795.0,0.51,221062906.8,37.26,42.03,False,False,False,False,False,-3.77,-7.65,-6.77,False,False,False,False,-1.68,0.0009495,0.0010254,-7.4,-6.55,False,0.0,0.0,0.51,-2.0,Risk review,Head-and-shoulders risk,"head-and-shoulders, risk, distribution",21.64,,,1.92,,,21.64,"A possible head-and-shoulders top is forming or breaking. This is a caution signal, not an entry setup.",Risk review,-1.9
IGIL,International Gemological Institute Ltd.,IGIL.NS,Services,True,,NIFTY 500,^CRSLDX,2026-09-02,327.2,-3.69,-5.94,-9.39,551669.0,503936.0,1.09,180506103.53,37.63,52.15,False,False,False,False,False,-4.65,-5.3,0.16,False,False,False,False,-9.27,0.0140896,0.01479279,-4.75,-7.12,False,0.6666666666666666,0.0,1.09,-2.0,Risk review,Head-and-shoulders risk,"head-and-shoulders, risk, distribution",315.97,,,3.55,,,315.97,"A possible head-and-shoulders top is forming or breaking. This is a caution signal, not an entry setup.",Risk review,-1.9
RHIM,RHI MAGNESITA INDIA LTD.,RHIM.NS,Capital Goods,True,,NIFTY 500,^CRSLDX,2026-09-02,370.5,0.62,-0.03,-9.41,330000.0,696307.0,0.47,122265000.0,39.74,38.06,False,False,False,False,False,-3.32,-5.3,-1.94,False,False,False,False,-12.29,0.01595415,0.01675884,-4.8,-7.44,False,0.0,0.0,0.47,-2.0,Risk review,Head-and-shoulders risk,"head-and-shoulders, risk, distribution",364.55,,,1.63,,,364.55,"A possible head-and-shoulders top is forming or breaking. This is a caution signal, not an entry setup.",Risk review,-1.9
INTELLECT,Intellect Design Arena Ltd.,INTELLECT.NS,Information Technology,True,,NIFTY 500,^CRSLDX,2026-09-02,679.25,-2.22,-0.69,-8.97,342022.0,306248.0,1.12,232318443.5,39.28,37.48,False,False,False,False,False,-2.36,-5.99,-4.47,False,False,False,False,-3.05,0.02924927,0.03098973,-5.62,-7.45,False,0.0,0.0,1.12,-2.0,Risk review,Head-and-shoulders risk,"head-and-shoulders, risk, distribution",663.62,,,2.35,,,663.62,"A possible head-and-shoulders top is forming or breaking. This is a caution signal, not an entry setup.",Risk review,-1.9
HUDCO,Housing & Urban Development Corporation Ltd.,HUDCO.NS,Financial Services,True,,NIFTY 500,^CRSLDX,2026-09-02,178.35,-0.13,-4.6,-11.37,1558034.0,1731477.0,0.9,277875373.41,27.28,37.37,False,False,False,False,False,-5.32,-8.99,-1.74,False,False,False,False,-5.69,0.00767995,0.00840812,-8.66,-9.84,False,0.0,0.0,0.9,-2.0,Risk review,Head-and-shoulders risk,"head-and-shoulders, risk, distribution",178.06,,,0.17,,,178.06,"A possible head-and-shoulders top is forming or breaking. This is a caution signal, not an entry setup.",Risk review,-1.9
SHREECEM,Shree Cement Ltd.,SHREECEM.NS,Construction Materials,True,,NIFTY 500,^CRSLDX,2026-09-02,23680.0,0.81,-4.77,-11.97,17541.0,27354.0,0.64,415370880.0,36.29,43.53,False,False,False,False,False,-4.1,-8.01,-1.25,False,False,False,False,-9.8,1.01968751,1.10298344,-7.55,-10.2,False,0.3333333333333333,0.0,0.64,-2.0,Risk review,Head-and-shoulders risk,"head-and-shoulders, risk, distribution",23277.5,,,1.73,,,23277.5,"A possible head-and-shoulders top is forming or breaking. This is a caution signal, not an entry setup.",Risk review,-1.9
CIEINDIA,CIE Automotive India Ltd.,CIEINDIA.NS,Automobile and Auto Components,True,,NIFTY 500,^CRSLDX,2026-09-02,385.0,-1.5,-3.02,-7.24,191321.0,426072.0,0.45,73658585.0,25.37,31.3,False,False,False,False,False,-4.32,-10.52,-0.55,False,False,False,False,8.86,0.01657853,0.01849007,-10.34,-4.35,False,0.0,0.0,0.45,-3.0,Risk review,Head-and-shoulders risk,"head-and-shoulders, risk, distribution",407.3,,,5.48,,,407.3,"A possible head-and-shoulders top is forming or breaking. This is a caution signal, not an entry setup.",Risk review,-1.92
JSWCEMENT,JSW Cement Ltd.,JSWCEMENT.NS,Construction Materials,True,,NIFTY 500,^CRSLDX,2026-09-02,123.6,-0.92,-1.1,-6.39,820589.0,1126863.0,0.73,101424799.15,35.58,35.67,False,False,False,False,False,-3.27,-6.63,-0.31,False,False,False,False,-0.36,0.00532236,0.00566979,-6.13,-4.41,False,0.3333333333333333,0.0,0.73,-3.0,Risk review,Head-and-shoulders risk,"head-and-shoulders, risk, distribution",124.6,,,0.8,,,124.6,"A possible head-and-shoulders top is forming or breaking. This is a caution signal, not an entry setup.",Risk review,-1.93
IREDA,Indian Renewable Energy Development Agency Ltd.,IREDA.NS,Financial Services,True,,NIFTY 500,^CRSLDX,2026-09-02,112.55,-1.44,-5.26,-6.75,4708665.0,4409939.0,1.07,529960260.12,34.49,49.79,False,False,False,False,False,-3.78,-6.76,-2.59,False,False,False,False,0.55,0.00484653,0.00517621,-6.37,-4.6,False,0.0,0.0,1.07,-3.0,Risk review,Head-and-shoulders risk,"head-and-shoulders, risk, distribution",115.58,,,2.62,,,115.58,"A possible head-and-shoulders top is forming or breaking. This is a caution signal, not an entry setup.",Risk review,-1.97
SIGNATURE,Signatureglobal (India) Ltd.,SIGNATURE.NS,Realty,True,,NIFTY 500,^CRSLDX,2026-09-02,765.3,-1.53,-1.08,-5.95,177375.0,209539.0,0.85,135745085.33,39.58,40.3,False,False,False,False,False,-3.72,-3.63,-3.04,False,False,False,False,-7.81,0.03295468,0.03400309,-3.08,-4.6,False,0.0,0.0,0.85,-3.0,Risk review,Head-and-shoulders risk,"head-and-shoulders, risk, distribution",789.47,,,3.06,,,789.47,"A possible head-and-shoulders top is forming or breaking. This is a caution signal, not an entry setup.",Risk review,-1.97
BAYERCROP,Bayer Cropscience Ltd.,BAYERCROP.NS,Chemicals,True,,NIFTY 500,^CRSLDX,2026-09-02,3979.5,-0.2,-2.69,-7.52,16833.0,20622.0,0.82,66986923.5,35.56,45.36,False,False,False,False,False,-2.46,-3.35,-1.28,False,False,False,False,-8.59,0.17136176,0.17631757,-2.81,-4.95,False,0.0,0.0,0.82,-3.0,Risk review,Head-and-shoulders risk,"head-and-shoulders, risk, distribution",4352.55,,,8.57,,,4352.55,"A possible head-and-shoulders top is forming or breaking. This is a caution signal, not an entry setup.",Risk review,-2.04
SJVN,SJVN Ltd.,SJVN.NS,Power,True,,NIFTY 500,^CRSLDX,2026-09-02,63.92,-1.54,-2.93,-7.02,1758985.0,1404949.0,1.25,112434317.98,22.61,31.89,False,False,False,False,False,-3.21,-6.34,-2.54,False,False,False,False,0.21,0.00275247,0.00292885,-6.02,-4.99,False,0.0,0.0,1.25,-3.0,Risk review,Head-and-shoulders risk,"head-and-shoulders, risk, distribution",66.76,,,4.25,,,66.76,"A possible head-and-shoulders top is forming or breaking. This is a caution signal, not an entry setup.",Risk review,-2.05
ANGELONE,Angel One Ltd.,ANGELONE.NS,Financial Services,True,,NIFTY 500,^CRSLDX,2026-09-02,279.25,-0.82,-6.56,-6.67,4435944.0,5146163.0,0.86,1238737362.0,33.82,48.7,False,False,False,False,False,-4.05,-10.07,1.36,False,False,False,False,6.34,0.01202482,0.01334048,-9.86,-5.15,False,0.6666666666666666,0.0,0.86,-3.0,Risk review,Head-and-shoulders risk,"head-and-shoulders, risk, distribution, breakout, retest, pivot, volume",286.2,,,2.43,,,286.2,"A possible head-and-shoulders top is forming or breaking. This is a caution signal, not an entry setup. Secondary patterns: Breakout retest.",Risk review,-2.08
TATACONSUM,Tata Consumer Products Ltd.,TATACONSUM.NS,Fast Moving Consumer Goods,True,,NIFTY 500,^CRSLDX,2026-09-02,1012.0,-1.8,-3.35,-7.69,1052580.0,1230926.0,0.86,1065210960.0,31.81,40.43,False,False,False,False,False,-4.67,-6.7,-0.86,False,False,False,False,-1.21,0.04357786,0.04645404,-6.19,-5.46,False,0.0,0.0,0.86,-3.0,Risk review,Head-and-shoulders risk,"head-and-shoulders, risk, distribution",1090.85,,,7.23,,,1090.85,"A possible head-and-shoulders top is forming or breaking. This is a caution signal, not an entry setup.",Risk review,-2.14
SUNTV,Sun TV Network Ltd.,SUNTV.NS,Media Entertainment & Publication,True,,NIFTY 500,^CRSLDX,2026-09-02,460.6,-0.34,-0.98,-5.67,270871.0,499837.0,0.54,124763184.25,34.39,31.79,False,False,False,False,False,-2.93,-5.61,-1.38,False,False,False,False,-3.15,0.01983396,0.02092534,-5.22,-5.5,False,0.0,0.0,0.54,-3.0,Risk review,Head-and-shoulders risk,"head-and-shoulders, risk, distribution",511.5,,,9.95,,,511.5,"A possible head-and-shoulders top is forming or breaking. This is a caution signal, not an entry setup.",Risk review,-2.15
DABUR,Dabur India Ltd.,DABUR.NS,Fast Moving Consumer Goods,True,,NIFTY 500,^CRSLDX,2026-09-02,379.0,-1.3,-3.37,-8.45,1597151.0,1515156.0,1.05,605320229.0,24.26,28.36,False,False,False,False,False,-5.1,-9.01,-2.23,False,False,False,False,4.12,0.01632017,0.01785518,-8.6,-5.62,False,0.0,0.0,1.05,-3.0,Risk review,Head-and-shoulders risk,"head-and-shoulders, risk, distribution",427.48,,,11.34,,,427.48,"A possible head-and-shoulders top is forming or breaking. This is a caution signal, not an entry setup.",Risk review,-2.17
CESC,CESC Ltd.,CESC.NS,Power,True,,NIFTY 500,^CRSLDX,2026-09-02,146.44,0.89,-4.49,-7.13,1226990.0,1809621.0,0.68,179680418.6,30.51,38.17,False,False,False,False,False,-5.65,-7.13,-0.89,False,False,False,False,-3.47,0.00630587,0.00676535,-6.79,-5.97,False,0.0,0.0,0.68,-3.0,Risk review,Head-and-shoulders risk,"head-and-shoulders, risk, distribution",156.56,,,6.47,,,156.56,"A possible head-and-shoulders top is forming or breaking. This is a caution signal, not an entry setup.",Risk review,-2.24
NATCOPHARM,NATCO Pharma Ltd.,NATCOPHARM.NS,Healthcare,True,,NIFTY 500,^CRSLDX,2026-09-02,843.25,-0.7,-2.33,-7.94,472716.0,498601.0,0.95,398617767.0,32.71,35.49,False,False,False,False,False,-4.69,-8.03,0.72,False,False,False,False,2.05,0.0363113,0.039273,-7.54,-6.03,False,0.3333333333333333,0.0,0.95,-3.0,Risk review,Head-and-shoulders risk,"head-and-shoulders, risk, distribution",861.95,,,2.17,,,861.95,"A possible head-and-shoulders top is forming or breaking. This is a caution signal, not an entry setup.",Risk review,-2.25
JWL,Jupiter Wagons Ltd.,JWL.NS,Capital Goods,True,,NIFTY 500,^CRSLDX,2026-09-02,239.37,-1.23,-3.03,-7.53,498760.0,704449.0,0.71,119388178.76,30.94,37.45,False,False,False,False,False,-4.6,-5.91,-2.35,False,False,False,False,-6.94,0.01030754,0.0109196,-5.61,-6.03,False,0.0,0.0,0.71,-3.0,Risk review,Head-and-shoulders risk,"head-and-shoulders, risk, distribution",258.96,,,7.56,,,258.96,"A possible head-and-shoulders top is forming or breaking. This is a caution signal, not an entry setup.",Risk review,-2.25
MSUMI,Motherson Sumi Wiring India Ltd.,MSUMI.NS,Automobile and Auto Components,True,,NIFTY 500,^CRSLDX,2026-09-02,36.6,-1.37,-2.84,-10.67,5799198.0,9200960.0,0.63,212250637.95,32.23,35.27,False,False,False,False,False,-6.38,-8.15,-1.74,False,False,False,False,-2.37,0.00157604,0.00170219,-7.41,-6.07,False,0.0,0.0,0.63,-3.0,Risk review,Head-and-shoulders risk,"head-and-shoulders, risk, distribution",37.5,,,2.39,,,37.5,"A possible head-and-shoulders top is forming or breaking. This is a caution signal, not an entry setup.",Risk review,-2.25
GESHIP,Great Eastern Shipping Co. Ltd.,GESHIP.NS,Services,True,,NIFTY 500,^CRSLDX,2026-09-02,1305.6,-1.51,-2.0,-6.05,470933.0,938453.0,0.5,614850113.3,44.8,48.33,False,False,False,False,False,-0.6,-4.37,2.08,False,False,False,False,-8.39,0.05622061,0.05855034,-3.98,-6.18,False,0.6666666666666666,0.0,0.5,-3.0,Risk review,Head-and-shoulders risk,"head-and-shoulders, risk, distribution",1313.35,,,0.59,,,1313.35,"A possible head-and-shoulders top is forming or breaking. This is a caution signal, not an entry setup.",Risk review,-2.25
CHAMBLFERT,Chambal Fertilizers & Chemicals Ltd.,CHAMBLFERT.NS,Chemicals,True,,NIFTY 500,^CRSLDX,2026-09-02,411.45,-0.21,-3.77,-9.08,738955.0,539474.0,1.37,304043043.77,27.23,35.34,False,False,False,False,False,-4.93,-7.01,-0.84,False,False,False,False,-3.13,0.0177175,0.0189917,-6.71,-6.43,False,0.0,0.0,1.37,-3.0,Risk review,Head-and-shoulders risk,"head-and-shoulders, risk, distribution",423.5,,,2.85,,,423.5,"A possible head-and-shoulders top is forming or breaking. This is a caution signal, not an entry setup.",Risk review,-2.25
RAMCOCEM,The Ramco Cements Ltd.,RAMCOCEM.NS,Construction Materials,True,,NIFTY 500,^CRSLDX,2026-09-02,864.35,-1.26,-8.11,-6.01,100528.0,340496.0,0.3,86891374.35,37.18,58.09,False,False,False,False,False,-4.92,-5.85,-1.2,False,False,False,False,-6.11,0.03721989,0.0392719,-5.23,-6.53,False,0.0,0.0,0.3,-3.0,Risk review,Head-and-shoulders risk,"head-and-shoulders, risk, distribution",944.7,,,8.51,,,944.7,"A possible head-and-shoulders top is forming or breaking. This is a caution signal, not an entry setup.",Risk review,-2.25
NLCINDIA,NLC India Ltd.,NLCINDIA.NS,Power,True,,NIFTY 500,^CRSLDX,2026-09-02,275.5,0.44,1.51,-9.17,1873494.0,1894799.0,0.99,516147597.0,43.9,35.13,True,False,False,False,False,-0.59,-6.02,0.71,False,False,False,False,-4.67,0.01186334,0.01260339,-5.87,-6.54,False,0.6666666666666666,0.0,0.99,-3.0,Risk review,Head-and-shoulders risk,"head-and-shoulders, risk, distribution",283.1,,,2.68,,,283.1,"A possible head-and-shoulders top is forming or breaking. This is a caution signal, not an entry setup.",Risk review,-2.25
PWL,Physicswallah Ltd.,PWL.NS,Consumer Services,True,,NIFTY 500,^CRSLDX,2026-09-02,115.47,0.46,-8.45,-9.65,5535743.0,15775026.0,0.35,639212250.97,37.73,52.72,False,False,False,False,False,-5.17,-9.97,,False,False,False,False,9.76,0.00497227,0.00549983,-9.59,-6.61,False,0.3333333333333333,0.0,0.35,-3.0,Risk review,Head-and-shoulders risk,"head-and-shoulders, risk, distribution, breakout, retest, pivot, volume, inverse-head-and-shoulders, base, reversal",120.87,,,4.47,,,120.87,"A possible head-and-shoulders top is forming or breaking. This is a caution signal, not an entry setup. Secondary patterns: Breakout retest, Possible inverse H&S.",Risk review,-2.25
BSOFT,Birlasoft Ltd.,BSOFT.NS,Information Technology,True,,NIFTY 500,^CRSLDX,2026-09-02,294.4,-0.47,0.29,-9.04,1273060.0,1137254.0,1.12,374788856.23,44.83,40.46,False,False,False,False,False,-3.51,-0.79,-1.72,False,False,False,False,-21.95,0.0126772,0.01270524,-0.22,-7.08,False,0.0,0.0,1.12,-3.0,Risk review,Head-and-shoulders risk,"head-and-shoulders, risk, distribution",374.82,,,21.46,,,374.82,"A possible head-and-shoulders top is forming or breaking. This is a caution signal, not an entry setup.",Risk review,-2.25
ASIANPAINT,Asian Paints Ltd.,ASIANPAINT.NS,Consumer Durables,True,,NIFTY 500,^CRSLDX,2026-09-02,2527.5,-1.86,-3.77,-8.42,497830.0,683774.0,0.73,1258265325.0,30.24,37.51,False,False,False,False,False,-5.13,-5.92,0.33,False,False,False,False,-7.3,0.108837,0.11504063,-5.39,-7.09,False,0.6666666666666666,0.0,0.73,-3.0,Risk review,Head-and-shoulders risk,"head-and-shoulders, risk, distribution, inverse-head-and-shoulders, base, reversal",2567.95,,,1.58,,,2567.95,"A possible head-and-shoulders top is forming or breaking. This is a caution signal, not an entry setup. Secondary patterns: Possible inverse H&S.",Risk review,-2.25
SBILIFE,SBI Life Insurance Company Ltd.,SBILIFE.NS,Financial Services,True,,NIFTY 500,^CRSLDX,2026-09-02,1719.9,-1.12,-2.73,-8.51,671738.0,825750.0,0.81,1155322202.6,29.0,37.56,False,False,False,False,False,-3.89,-5.24,-0.78,False,False,False,False,-9.84,0.07406084,0.07772094,-4.71,-7.61,False,0.0,0.0,0.81,-3.0,Risk review,Head-and-shoulders risk,"head-and-shoulders, risk, distribution",1741.65,,,1.25,,,1741.65,"A possible head-and-shoulders top is forming or breaking. This is a caution signal, not an entry setup.",Risk review,-2.25
SOBHA,Sobha Ltd.,SOBHA.NS,Realty,True,,NIFTY 500,^CRSLDX,2026-09-02,1230.1,-1.19,-4.81,-9.62,75516.0,86318.0,0.87,92892229.76,26.96,37.47,False,False,False,False,False,-5.5,-10.33,-1.96,False,False,False,False,-0.15,0.05296949,0.05885326,-10.0,-7.62,False,0.0,0.0,0.87,-3.0,Risk review,Head-and-shoulders risk,"head-and-shoulders, risk, distribution",1295.35,,,5.04,,,1295.35,"A possible head-and-shoulders top is forming or breaking. This is a caution signal, not an entry setup.",Risk review,-2.25
HBLENGINE,HBL Engineering Ltd.,HBLENGINE.NS,Capital Goods,True,,NIFTY 500,^CRSLDX,2026-09-02,660.2,0.15,-3.47,-10.36,519452.0,903666.0,0.57,342942216.74,37.05,41.26,False,False,False,False,False,-3.86,-9.29,-3.72,False,False,False,False,0.36,0.02842896,0.03128496,-9.13,-7.64,False,0.0,0.0,0.57,-3.0,Risk review,Head-and-shoulders risk,"head-and-shoulders, risk, distribution",710.6,,,7.09,,,710.6,"A possible head-and-shoulders top is forming or breaking. This is a caution signal, not an entry setup.",Risk review,-2.25
NBCC,NBCC (India) Ltd.,NBCC.NS,Construction,True,,NIFTY 500,^CRSLDX,2026-09-02,85.0,-0.23,-4.22,-10.85,4239654.0,5771159.0,0.73,360370590.0,28.1,37.55,False,False,False,False,False,-4.86,-9.92,-2.28,False,False,False,False,-2.88,0.0036602,0.00405933,-9.83,-7.94,False,0.0,0.0,0.73,-3.0,Risk review,Head-and-shoulders risk,"head-and-shoulders, risk, distribution",90.59,,,6.17,,,90.59,"A possible head-and-shoulders top is forming or breaking. This is a caution signal, not an entry setup.",Risk review,-2.25
UBL,United Breweries Ltd.,UBL.NS,Fast Moving Consumer Goods,True,,NIFTY 500,^CRSLDX,2026-09-02,1282.6,-2.01,-5.25,-8.56,60885.0,79349.0,0.77,78091099.51,26.42,43.61,False,False,False,False,False,-5.48,-5.82,-2.87,False,False,False,False,-12.24,0.0552302,0.0582905,-5.25,-8.12,False,0.0,0.0,0.77,-3.0,Risk review,Head-and-shoulders risk,"head-and-shoulders, risk, distribution",1469.05,,,12.69,,,1469.05,"A possible head-and-shoulders top is forming or breaking. This is a caution signal, not an entry setup.",Risk review,-2.25
ZENSARTECH,Zensar Technolgies Ltd.,ZENSARTECH.NS,Information Technology,True,,NIFTY 500,^CRSLDX,2026-09-02,460.55,-2.62,-2.39,-7.95,470639.0,671891.0,0.7,216752785.7,39.52,40.09,False,False,False,False,False,-4.59,-5.16,-4.41,False,False,False,False,-18.77,0.0198318,0.02075389,-4.44,-8.2,False,0.0,0.0,0.7,-3.0,Risk review,Head-and-shoulders risk,"head-and-shoulders, risk, distribution",510.18,,,9.73,,,510.18,"A possible head-and-shoulders top is forming or breaking. This is a caution signal, not an entry setup.",Risk review,-2.25
IRCON,IRCON International Ltd.,IRCON.NS,Construction,True,,NIFTY 500,^CRSLDX,2026-09-02,118.25,-0.7,-4.68,-9.98,1047317.0,1280796.0,0.82,123845235.25,29.89,41.57,False,False,False,False,False,-5.14,-7.59,-2.83,False,False,False,False,-6.32,0.00509198,0.00549106,-7.27,-8.57,False,0.0,0.0,0.82,-3.0,Risk review,Head-and-shoulders risk,"head-and-shoulders, risk, distribution",122.25,,,3.27,,,122.25,"A possible head-and-shoulders top is forming or breaking. This is a caution signal, not an entry setup.",Risk review,-2.25
LUPIN,Lupin Ltd.,LUPIN.NS,Healthcare,True,,NIFTY 500,^CRSLDX,2026-09-02,2155.2,0.1,-1.36,-9.75,714067.0,1021467.0,0.7,1538957163.53,30.81,29.38,False,False,False,False,False,-3.33,-8.2,1.22,False,False,False,False,-4.93,0.09280534,0.10066609,-7.81,-8.77,False,0.6666666666666666,0.0,0.7,-3.0,Risk review,Head-and-shoulders risk,"head-and-shoulders, risk, distribution",2159.05,,,0.18,,,2159.05,"A possible head-and-shoulders top is forming or breaking. This is a caution signal, not an entry setup.",Risk review,-2.25
INOXWIND,Inox Wind Ltd.,INOXWIND.NS,Capital Goods,True,,NIFTY 500,^CRSLDX,2026-09-02,70.59,1.57,-3.57,-10.49,13546948.0,12908691.0,1.05,956279009.71,34.99,38.51,False,False,False,False,False,-4.29,-10.12,-7.41,False,False,False,False,0.2,0.00303968,0.00337954,-10.06,-9.09,False,0.0,0.0,1.05,-3.0,Risk review,Head-and-shoulders risk,"head-and-shoulders, risk, distribution",82.74,,,14.68,,,82.74,"A possible head-and-shoulders top is forming or breaking. This is a caution signal, not an entry setup.",Risk review,-2.25
LINDEINDIA,Linde India Ltd.,LINDEINDIA.NS,Chemicals,True,,NIFTY 500,^CRSLDX,2026-09-02,6352.5,-0.32,-3.73,-10.22,16562.0,21671.0,0.76,105210105.0,30.42,39.5,False,False,False,False,False,-5.02,-7.52,1.07,False,False,False,False,-8.15,0.27354582,0.2947069,-7.18,-9.29,False,0.6666666666666666,0.0,0.76,-3.0,Risk review,Head-and-shoulders risk,"head-and-shoulders, risk, distribution",6817.5,,,6.82,,,6817.5,"A possible head-and-shoulders top is forming or breaking. This is a caution signal, not an entry setup.",Risk review,-2.25
GALLANTT,Gallantt Ispat Ltd.,GALLANTT.NS,Capital Goods,True,,NIFTY 500,^CRSLDX,2026-09-02,555.4,0.47,-4.82,-11.0,49632.0,53807.0,0.92,27565614.01,35.07,43.51,False,False,False,False,False,-4.48,-9.97,0.09,False,False,False,False,-3.43,0.02391615,0.02655083,-9.92,-9.95,False,0.3333333333333333,0.0,0.92,-3.0,Risk review,Head-and-shoulders risk,"head-and-shoulders, risk, distribution",580.17,,,4.27,,,580.17,"A possible head-and-shoulders top is forming or breaking. This is a caution signal, not an entry setup.",Risk review,-2.25
ABLBL,Aditya Birla Lifestyle Brands Ltd.,ABLBL.NS,Consumer Services,True,,NIFTY 500,^CRSLDX,2026-09-02,82.78,-2.99,-3.79,-12.03,858140.0,905364.0,0.95,71036828.15,29.37,31.26,False,False,False,False,False,-5.9,-10.29,-4.23,False,False,False,False,-8.35,0.0035646,0.00396336,-10.06,-10.23,False,0.0,0.0,0.95,-3.0,Risk review,Head-and-shoulders risk,"head-and-shoulders, risk, distribution",98.06,,,15.58,,,98.06,"A possible head-and-shoulders top is forming or breaking. This is a caution signal, not an entry setup.",Risk review,-2.25
GODFRYPHLP,Godfrey Phillips India Ltd.,GODFRYPHLP.NS,Fast Moving Consumer Goods,True,,NIFTY 500,^CRSLDX,2026-09-02,2025.4,-2.55,-5.94,-11.61,226069.0,207879.0,1.09,457880158.12,36.73,51.16,False,False,False,False,False,-5.53,-4.8,-3.93,False,False,False,False,-18.29,0.08721601,0.09111711,-4.28,-10.29,False,0.0,0.0,1.09,-3.0,Risk review,Head-and-shoulders risk,"head-and-shoulders, risk, distribution",2032.1,,,0.33,,,2032.1,"A possible head-and-shoulders top is forming or breaking. This is a caution signal, not an entry setup.",Risk review,-2.25
BSE,BSE Ltd.,BSE.NS,Financial Services,True,,NIFTY 500,^CRSLDX,2026-09-02,3168.0,-2.28,-4.74,-10.37,6508905.0,4723356.0,1.38,20620211040.0,33.34,39.29,False,False,False,False,False,-6.08,-11.2,2.55,False,False,False,False,-7.82,0.13641765,0.15321817,-10.97,-10.68,False,0.6666666666666666,0.0,1.38,-3.0,Risk review,Head-and-shoulders risk,"head-and-shoulders, risk, distribution",3598.5,,,11.96,,,3598.5,"A possible head-and-shoulders top is forming or breaking. This is a caution signal, not an entry setup.",Risk review,-2.25
EIHOTEL,EIH Ltd.,EIHOTEL.NS,Consumer Services,True,,NIFTY 500,^CRSLDX,2026-09-02,285.8,-2.94,-5.83,-12.87,174141.0,252176.0,0.69,49769495.67,35.61,42.31,False,False,False,False,False,-4.68,-9.91,-2.55,False,False,False,False,-7.06,0.01230687,0.01360453,-9.54,-10.87,False,0.0,0.0,0.69,-3.0,Risk review,Head-and-shoulders risk,"head-and-shoulders, risk, distribution",288.07,,,0.79,,,288.07,"A possible head-and-shoulders top is forming or breaking. This is a caution signal, not an entry setup.",Risk review,-2.25
KEC,Kec International Ltd.,KEC.NS,Construction,True,,NIFTY 500,^CRSLDX,2026-09-02,407.8,-2.21,-5.2,-13.25,701279.0,1074396.0,0.65,285981567.64,29.2,36.08,False,False,False,False,False,-6.56,-12.69,-6.07,False,False,False,False,-5.07,0.01756033,0.02009447,-12.61,-11.23,False,0.0,0.0,0.65,-3.0,Risk review,Head-and-shoulders risk,"head-and-shoulders, risk, distribution",483.52,,,15.66,,,483.52,"A possible head-and-shoulders top is forming or breaking. This is a caution signal, not an entry setup.",Risk review,-2.25
JPPOWER,Jaiprakash Power Ventures Ltd.,JPPOWER.NS,Power,True,,NIFTY 500,^CRSLDX,2026-09-02,16.37,-1.15,-3.59,-10.64,21796393.0,31188695.0,0.7,356806971.7,30.81,39.01,False,False,False,False,False,-4.93,-5.71,-0.4,False,False,False,False,-17.2,0.00070491,0.0007441,-5.27,-11.36,False,0.3333333333333333,0.0,0.7,-3.0,Risk review,Head-and-shoulders risk,"head-and-shoulders, risk, distribution",17.34,,,5.59,,,17.34,"A possible head-and-shoulders top is forming or breaking. This is a caution signal, not an entry setup.",Risk review,-2.25
CROMPTON,Crompton Greaves Consumer Electricals Ltd.,CROMPTON.NS,Consumer Durables,True,,NIFTY 500,^CRSLDX,2026-09-02,227.72,-1.46,-4.42,-14.42,3475503.0,4906418.0,0.71,791441547.4,29.91,35.36,False,False,False,False,False,-6.88,-10.44,-1.4,False,False,False,False,-9.53,0.00980588,0.01091518,-10.16,-11.71,False,0.0,0.0,0.71,-3.0,Risk review,Head-and-shoulders risk,"head-and-shoulders, risk, distribution",234.57,,,2.92,,,234.57,"A possible head-and-shoulders top is forming or breaking. This is a caution signal, not an entry setup.",Risk review,-2.25
RECLTD,REC Ltd.,RECLTD.NS,Financial Services,True,,NIFTY 500,^CRSLDX,2026-09-02,316.45,0.76,-1.78,-13.15,4972312.0,6426011.0,0.77,1573488193.1,32.46,29.08,False,False,False,False,False,-5.15,-8.97,-0.62,False,False,False,False,-14.95,0.01362669,0.01491386,-8.63,-11.88,False,0.3333333333333333,0.0,0.77,-3.0,Risk review,Head-and-shoulders risk,"head-and-shoulders, risk, distribution",327.6,,,3.4,,,327.6,"A possible head-and-shoulders top is forming or breaking. This is a caution signal, not an entry setup.",Risk review,-2.25
GODREJCP,Godrej Consumer Products Ltd.,GODREJCP.NS,Fast Moving Consumer Goods,True,,NIFTY 500,^CRSLDX,2026-09-02,905.0,0.0,-1.93,-14.87,1120068.0,2639922.0,0.42,1013661540.0,30.14,32.44,False,False,False,False,False,-4.42,-10.75,-1.53,False,False,False,False,-7.41,0.03897032,0.04348464,-10.38,-12.27,False,0.0,0.0,0.42,-3.0,Risk review,Head-and-shoulders risk,"head-and-shoulders, risk, distribution",940.85,,,3.81,,,940.85,"A possible head-and-shoulders top is forming or breaking. This is a caution signal, not an entry setup.",Risk review,-2.25
BLUESTARCO,Blue Star Ltd.,BLUESTARCO.NS,Consumer Durables,True,,NIFTY 500,^CRSLDX,2026-09-02,1445.3,-3.06,-2.67,-13.2,657740.0,616564.0,1.07,950631654.12,33.64,34.75,False,False,False,False,False,-3.65,-9.29,-2.16,False,False,False,False,-16.54,0.06223625,0.06837598,-8.98,-12.5,False,0.0,0.0,1.07,-3.0,Risk review,Head-and-shoulders risk,"head-and-shoulders, risk, distribution",1547.5,,,6.6,,,1547.5,"A possible head-and-shoulders top is forming or breaking. This is a caution signal, not an entry setup.",Risk review,-2.25
PFC,Power Finance Corporation Ltd.,PFC.NS,Financial Services,True,,NIFTY 500,^CRSLDX,2026-09-02,346.5,0.2,-3.8,-16.21,11548662.0,9445612.0,1.22,4001611383.0,28.89,26.09,False,False,False,False,False,-5.8,-11.78,-0.11,False,False,False,False,-16.15,0.01492068,0.01687914,-11.6,-14.93,False,0.3333333333333333,0.0,1.22,-3.0,Risk review,Head-and-shoulders risk,"head-and-shoulders, risk, distribution",379.93,,,8.8,,,379.93,"A possible head-and-shoulders top is forming or breaking. This is a caution signal, not an entry setup.",Risk review,-2.25
ABFRL,Aditya Birla Fashion and Retail Ltd.,ABFRL.NS,Consumer Services,True,,NIFTY 500,^CRSLDX,2026-09-02,50.47,-1.23,-7.43,-18.73,4427790.0,6447310.0,0.69,223470566.71,25.09,36.8,False,False,False,False,False,-9.28,-12.61,-3.85,False,False,False,False,-16.51,0.0021733,0.00247904,-12.33,-15.6,False,0.0,0.0,0.69,-3.0,Risk review,Head-and-shoulders risk,"head-and-shoulders, risk, distribution",55.8,,,9.56,,,55.8,"A possible head-and-shoulders top is forming or breaking. This is a caution signal, not an entry setup.",Risk review,-2.25
