symbol,name,ticker,sector,downloaded,download_note,source_index,benchmark_ticker,last_date,last,return_1d_pct,return_5d_pct,return_20d_pct,volume,avg_volume_20,volume_ratio_20d,turnover_proxy,rsi_14,rsi_5d_ago,above_sma_10,above_sma_20,above_sma_50,above_sma_100,above_sma_200,distance_sma_20_pct,distance_sma_50_pct,ma200_roc20_pct,supertrend_bullish,new_high20,within_3pct_ath,at_ath,rs_acceleration_pct,rs_ratio,rs_ratio_sma_50,rs_distance_sma_50_pct,rs_return_20d_pct,rs_above_50dma,trend_raw,breakout_raw,volume_raw,setup_score,setup_quality,primary_setup,setup_tags,setup_pivot_level,setup_breakout_date,setup_volume_ratio,setup_retest_gap_pct,setup_flag_depth_pct,setup_impulse_return_pct,setup_neckline_level,setup_commentary,rotation_signal,rotation_score
NSLNISP,NMDC Steel Ltd.,NSLNISP.NS,Metals & Mining,True,,NIFTY 500,^CRSLDX,2026-08-28,49.02,8.96,23.2,13.95,57433613.0,11896957.0,4.83,2815395735.55,70.81,33.79,True,True,True,True,True,13.92,13.61,-0.26,False,True,False,False,17.52,0.00208343,0.0018497,12.64,13.62,True,0.6666666666666666,0.5,4.83,5.1,Actionable watch,Breakout retest,"breakout, retest, pivot, volume, inverse-head-and-shoulders, base, reversal",45.95,2026-08-28,6.31,2.54,,,,Prior resistance has been cleared on higher volume and price is back near that pivot. This is the kind of retest zone where follow-through can matter more than chasing a stretched candle. Secondary patterns: Possible inverse H&S.,Mean reversion bounce,8.0
OFSS,Oracle Financial Services Software Ltd.,OFSS.NS,Information Technology,True,,NIFTY 500,^CRSLDX,2026-08-28,12190.0,2.83,3.97,8.98,428145.0,204233.0,2.1,5219087550.0,63.95,55.69,True,True,True,True,True,3.85,7.36,4.21,False,True,True,True,9.89,0.51809396,0.48473033,6.88,8.66,True,1.0,1.0,2.1,4.98,Actionable watch,Breakout retest,"breakout, retest, pivot, volume, inverse-head-and-shoulders, base, reversal",11900.0,2026-08-28,2.17,0.2,,,,Prior resistance has been cleared on higher volume and price is back near that pivot. This is the kind of retest zone where follow-through can matter more than chasing a stretched candle. Secondary patterns: Possible inverse H&S.,Strengthening with volume,7.9
RRKABEL,R R Kabel Ltd.,RRKABEL.NS,Capital Goods,True,,NIFTY 500,^CRSLDX,2026-08-28,2905.2,2.65,-0.48,11.62,629242.0,414760.0,1.52,1828073827.68,65.9,72.09,True,True,True,True,True,3.7,13.66,8.81,False,False,True,False,0.98,0.12347552,0.10920517,13.07,11.3,True,1.0,0.5,1.52,3.42,Actionable watch,Bullish flag,"flag, continuation, uptrend, inverse-head-and-shoulders, base, reversal",2919.3,2026-08-21,0.65,,4.75,33.8,,Price has made a sharp impulse move and is now consolidating near the highs. A controlled pullback with quieter volume keeps the continuation setup alive. Secondary patterns: Possible inverse H&S.,Strengthening with volume,7.7
ENGINERSIN,Engineers India Ltd.,ENGINERSIN.NS,Construction,True,,NIFTY 500,^CRSLDX,2026-08-28,253.72,2.74,3.6,14.09,4338720.0,2843794.0,1.53,1100820043.7,60.84,57.22,True,True,True,True,True,4.64,6.38,2.19,False,False,False,False,20.76,0.01078349,0.0102074,5.64,13.76,True,1.0,0.0,1.53,3.4,Actionable watch,Possible inverse H&S,"inverse-head-and-shoulders, base, reversal",223.27,,,13.64,,,223.27,A possible inverse head-and-shoulders base is visible. The setup improves only if price clears or holds near the neckline with better volume.,Strengthening with volume,7.69
REDINGTON,Redington Ltd.,REDINGTON.NS,Services,True,,NIFTY 500,^CRSLDX,2026-08-28,366.0,2.12,4.41,13.79,16021263.0,9027983.0,1.77,5863782258.0,67.86,66.59,True,True,True,True,True,5.06,19.75,3.33,False,True,True,True,-2.71,0.01555557,0.01306455,19.07,13.46,True,1.0,1.0,1.77,3.4,Actionable watch,Possible inverse H&S,"inverse-head-and-shoulders, base, reversal",295.24,,,23.97,,,295.24,A possible inverse head-and-shoulders base is visible. The setup improves only if price clears or holds near the neckline with better volume.,Strengthening with volume,7.69
CRAFTSMAN,Craftsman Automation Ltd.,CRAFTSMAN.NS,Automobile and Auto Components,True,,NIFTY 500,^CRSLDX,2026-08-28,11118.0,2.02,4.45,12.6,70817.0,37528.0,1.89,787343406.0,67.94,62.66,True,True,True,True,True,5.54,13.21,4.99,False,True,True,True,4.61,0.47253229,0.42064163,12.34,12.28,True,1.0,1.0,1.89,3.4,Actionable watch,Possible inverse H&S,"inverse-head-and-shoulders, base, reversal",8979.0,,,23.82,,,8979.0,A possible inverse head-and-shoulders base is visible. The setup improves only if price clears or holds near the neckline with better volume.,Strengthening with volume,7.69
INDGN,Indegene Ltd.,INDGN.NS,Healthcare,True,,NIFTY 500,^CRSLDX,2026-08-28,578.95,2.04,1.96,12.38,1891693.0,844265.0,2.24,1095195685.44,67.44,64.52,True,True,True,True,True,2.95,9.26,0.54,False,True,True,False,10.96,0.02460628,0.02268519,8.47,12.06,True,1.0,1.0,2.24,3.4,Actionable watch,Possible inverse H&S,"inverse-head-and-shoulders, base, reversal",540.3,,,7.15,,,540.3,A possible inverse head-and-shoulders base is visible. The setup improves only if price clears or holds near the neckline with better volume.,Strengthening with volume,7.69
CGCL,Capri Global Capital Ltd.,CGCL.NS,Financial Services,True,,NIFTY 500,^CRSLDX,2026-08-28,257.98,5.38,15.15,11.02,29677234.0,6516091.0,4.55,7656133153.36,64.02,42.67,True,True,True,True,True,10.24,9.43,1.83,False,True,True,False,12.01,0.01096455,0.01009404,8.62,10.7,True,1.0,1.0,4.55,3.4,Actionable watch,Possible inverse H&S,"inverse-head-and-shoulders, base, reversal",198.38,,,30.04,,,198.38,A possible inverse head-and-shoulders base is visible. The setup improves only if price clears or holds near the neckline with better volume.,Strengthening with volume,7.69
TEJASNET,Tejas Networks Ltd.,TEJASNET.NS,Telecommunication,True,,NIFTY 500,^CRSLDX,2026-08-28,550.15,7.63,7.78,7.24,43154849.0,3160959.0,13.65,23741641230.94,60.47,42.91,True,True,True,True,True,5.5,1.12,-0.51,False,True,False,False,21.1,0.02338223,0.02330379,0.34,6.93,True,0.6666666666666666,0.5,13.65,3.4,Actionable watch,Possible inverse H&S,"inverse-head-and-shoulders, base, reversal",496.98,,,10.7,,,496.98,A possible inverse head-and-shoulders base is visible. The setup improves only if price clears or holds near the neckline with better volume.,Strengthening with volume,7.69
SUPREMEIND,Supreme Industries Ltd.,SUPREMEIND.NS,Capital Goods,True,,NIFTY 500,^CRSLDX,2026-08-28,3636.9,1.45,-0.14,4.95,269257.0,177817.0,1.51,979260757.01,60.55,64.14,True,True,True,True,True,2.58,5.68,-1.14,False,False,False,False,-1.95,0.1545739,0.14734523,4.91,4.65,True,0.3333333333333333,0.0,1.51,2.88,Actionable watch,Possible inverse H&S,"inverse-head-and-shoulders, base, reversal",3607.0,,,0.83,,,3607.0,A possible inverse head-and-shoulders base is visible. The setup improves only if price clears or holds near the neckline with better volume.,Strengthening with volume,7.24
BEML,BEML Ltd.,BEML.NS,Capital Goods,True,,NIFTY 500,^CRSLDX,2026-08-28,1984.9,3.35,2.56,13.4,494008.0,496452.0,1.0,980556491.26,64.93,61.64,True,True,True,True,True,5.83,8.8,-1.48,False,True,False,False,19.84,0.08436134,0.07807993,8.04,13.07,True,0.6666666666666666,0.5,1.0,4.77,Actionable watch,Breakout retest,"breakout, retest, pivot, volume, inverse-head-and-shoulders, base, reversal",1892.39,2026-08-18,1.73,0.88,,,,Prior resistance has been cleared on higher volume and price is back near that pivot. This is the kind of retest zone where follow-through can matter more than chasing a stretched candle. Secondary patterns: Possible inverse H&S.,Strengthening,7.1
HEG,H.E.G. Ltd.,HEG.NS,Capital Goods,True,,NIFTY 500,^CRSLDX,2026-08-28,737.35,3.82,3.74,12.19,2664508.0,1651947.0,1.61,1964674908.75,68.61,65.28,True,True,True,True,True,5.43,18.54,2.94,False,False,True,False,-12.73,0.03133852,0.02661344,17.75,11.86,True,1.0,0.5,1.61,4.6,Actionable watch,Breakout retest,"breakout, retest, pivot, volume, flag, continuation, uptrend, inverse-head-and-shoulders, base, reversal",687.97,2026-08-14,1.41,3.52,,,,"Prior resistance has been cleared on higher volume and price is back near that pivot. This is the kind of retest zone where follow-through can matter more than chasing a stretched candle. Secondary patterns: Bullish flag, Possible inverse H&S.",Strengthening with volume,7.1
TATATECH,Tata Technologies Ltd.,TATATECH.NS,Information Technology,True,,NIFTY 500,^CRSLDX,2026-08-28,834.35,4.38,1.66,11.6,2546248.0,2360697.0,1.08,2124461956.64,58.48,55.54,True,True,True,True,True,1.53,8.78,2.21,False,False,False,False,7.48,0.03546117,0.03280936,8.08,11.27,True,1.0,0.0,1.08,5.1,Actionable watch,Breakout retest,"breakout, retest, pivot, volume, flag, continuation, uptrend, inverse-head-and-shoulders, base, reversal",778.02,2026-08-06,9.07,2.4,,,,"Prior resistance has been cleared on higher volume and price is back near that pivot. This is the kind of retest zone where follow-through can matter more than chasing a stretched candle. Secondary patterns: Bullish flag, Possible inverse H&S.",Strengthening,7.1
CHALET,Chalet Hotels Ltd.,CHALET.NS,Consumer Services,True,,NIFTY 500,^CRSLDX,2026-08-28,901.2,-1.0,4.55,11.07,204186.0,183361.0,1.11,184012425.69,66.04,59.59,True,True,True,True,True,5.6,7.33,-1.03,False,False,False,False,14.2,0.0383024,0.03592436,6.62,10.75,True,0.6666666666666666,0.0,1.11,4.3,Actionable watch,Breakout retest,"breakout, retest, pivot, volume, inverse-head-and-shoulders, base, reversal",899.78,2026-08-26,3.38,0.16,,,,Prior resistance has been cleared on higher volume and price is back near that pivot. This is the kind of retest zone where follow-through can matter more than chasing a stretched candle. Secondary patterns: Possible inverse H&S.,Strengthening,7.1
CARTRADE,Cartrade Tech Ltd.,CARTRADE.NS,Consumer Services,True,,NIFTY 500,^CRSLDX,2026-08-28,3014.6,-2.13,-1.9,10.85,205393.0,368100.0,0.56,619177757.86,59.37,68.61,True,True,True,True,True,4.49,7.38,0.44,False,False,False,False,10.47,0.12812519,0.12002879,6.75,10.53,True,1.0,0.0,0.56,5.1,Actionable watch,Breakout retest,"breakout, retest, pivot, volume, inverse-head-and-shoulders, base, reversal",2895.7,2026-08-21,3.41,3.64,,,,Prior resistance has been cleared on higher volume and price is back near that pivot. This is the kind of retest zone where follow-through can matter more than chasing a stretched candle. Secondary patterns: Possible inverse H&S.,Strengthening,7.1
AARTIIND,Aarti Industries Ltd.,AARTIIND.NS,Chemicals,True,,NIFTY 500,^CRSLDX,2026-08-28,540.35,0.27,2.49,10.48,644376.0,1421710.0,0.45,348188555.87,63.88,61.66,True,True,True,True,True,3.89,8.81,3.23,False,False,True,False,10.55,0.02296571,0.02126534,8.0,10.16,True,1.0,0.5,0.45,5.1,Actionable watch,Breakout retest,"breakout, retest, pivot, volume, flag, continuation, uptrend, inverse-head-and-shoulders, base, reversal",508.52,2026-08-12,3.64,3.83,,,,"Prior resistance has been cleared on higher volume and price is back near that pivot. This is the kind of retest zone where follow-through can matter more than chasing a stretched candle. Secondary patterns: Bullish flag, Possible inverse H&S.",Strengthening,7.1
FLUOROCHEM,Gujarat Fluorochemicals Ltd.,FLUOROCHEM.NS,Chemicals,True,,NIFTY 500,^CRSLDX,2026-08-28,4771.2,2.12,3.23,9.26,111013.0,239198.0,0.46,529665247.28,63.8,58.53,True,True,True,True,True,3.32,10.26,2.66,False,True,True,True,-0.43,0.20278343,0.18509107,9.56,8.95,True,1.0,1.0,0.46,5.1,Actionable watch,Breakout retest,"breakout, retest, pivot, volume, inverse-head-and-shoulders, base, reversal",4651.1,2026-08-13,5.91,0.19,,,,Prior resistance has been cleared on higher volume and price is back near that pivot. This is the kind of retest zone where follow-through can matter more than chasing a stretched candle. Secondary patterns: Possible inverse H&S.,Strengthening,7.1
SBFC,SBFC Finance Ltd.,SBFC.NS,Financial Services,True,,NIFTY 500,^CRSLDX,2026-08-28,98.75,0.14,5.13,9.24,2163906.0,2519279.0,0.86,213685717.5,63.46,54.89,True,True,True,True,True,4.52,6.43,-1.88,False,False,False,False,10.53,0.00419703,0.00397509,5.58,8.92,True,0.3333333333333333,0.0,0.86,5.1,Actionable watch,Breakout retest,"breakout, retest, pivot, volume, inverse-head-and-shoulders, base, reversal",96.19,2026-08-26,12.92,2.01,,,,Prior resistance has been cleared on higher volume and price is back near that pivot. This is the kind of retest zone where follow-through can matter more than chasing a stretched candle. Secondary patterns: Possible inverse H&S.,Strengthening,7.1
ACMESOLAR,ACME Solar Holdings Ltd.,ACMESOLAR.NS,Power,True,,NIFTY 500,^CRSLDX,2026-08-28,393.7,1.92,-1.97,8.58,1185393.0,2007474.0,0.59,466689238.57,57.39,67.05,True,True,True,True,True,3.13,4.77,3.83,False,False,False,False,14.3,0.01673286,0.0160673,4.14,8.26,True,1.0,0.0,0.59,4.54,Actionable watch,Breakout retest,"breakout, retest, pivot, volume, flag, continuation, uptrend, inverse-head-and-shoulders, base, reversal",395.95,2026-08-21,2.09,0.57,,,,"Prior resistance has been cleared on higher volume and price is back near that pivot. This is the kind of retest zone where follow-through can matter more than chasing a stretched candle. Secondary patterns: Bullish flag, Possible inverse H&S.",Strengthening,7.1
CRISIL,CRISIL Ltd.,CRISIL.NS,Financial Services,True,,NIFTY 500,^CRSLDX,2026-08-28,4732.7,0.63,4.83,8.55,105227.0,49813.0,2.11,498007843.45,68.72,57.68,True,True,True,True,True,4.81,9.66,-0.59,False,True,False,False,0.2,0.20114712,0.18471095,8.9,8.24,True,0.6666666666666666,0.5,2.11,5.1,Actionable watch,Breakout retest,"breakout, retest, pivot, volume, inverse-head-and-shoulders, base, reversal",4565.07,2026-08-27,4.26,2.75,,,,Prior resistance has been cleared on higher volume and price is back near that pivot. This is the kind of retest zone where follow-through can matter more than chasing a stretched candle. Secondary patterns: Possible inverse H&S.,Strengthening with volume,7.1
VIJAYA,Vijaya Diagnostic Centre Ltd.,VIJAYA.NS,Healthcare,True,,NIFTY 500,^CRSLDX,2026-08-28,1452.5,-1.35,-3.45,8.04,123663.0,231048.0,0.54,179620507.5,53.49,65.61,False,True,True,True,True,0.17,4.41,4.09,False,False,False,False,9.92,0.06173351,0.05953122,3.7,7.73,True,1.0,0.0,0.54,5.1,Actionable watch,Breakout retest,"breakout, retest, pivot, volume",1418.18,2026-08-12,6.55,1.54,,,,Prior resistance has been cleared on higher volume and price is back near that pivot. This is the kind of retest zone where follow-through can matter more than chasing a stretched candle.,Strengthening,7.1
DATAPATTNS,Data Patterns (India) Ltd.,DATAPATTNS.NS,Capital Goods,True,,NIFTY 500,^CRSLDX,2026-08-28,4624.8,-0.9,-4.25,8.03,302857.0,864608.0,0.35,1400652994.45,52.26,62.73,False,True,True,True,True,1.18,3.07,5.43,False,False,False,False,13.17,0.19656118,0.1923482,2.19,7.72,True,1.0,0.0,0.35,4.7,Actionable watch,Breakout retest,"breakout, retest, pivot, volume, flag, continuation, uptrend, inverse-head-and-shoulders, base, reversal",4722.78,2026-08-21,2.77,2.07,,,,"Prior resistance has been cleared on higher volume and price is back near that pivot. This is the kind of retest zone where follow-through can matter more than chasing a stretched candle. Secondary patterns: Bullish flag, Possible inverse H&S.",Strengthening,7.1
KPIL,Kalpataru Projects International Ltd.,KPIL.NS,Construction,True,,NIFTY 500,^CRSLDX,2026-08-28,1386.3,-0.34,-1.3,7.5,96391.0,343306.0,0.28,133626848.01,57.02,61.84,False,True,True,True,True,2.11,2.95,0.82,False,False,True,False,14.64,0.05891991,0.05765278,2.2,7.19,True,1.0,0.5,0.28,5.1,Actionable watch,Breakout retest,"breakout, retest, pivot, volume, inverse-head-and-shoulders, base, reversal",1335.48,2026-08-12,28.24,3.48,,,,Prior resistance has been cleared on higher volume and price is back near that pivot. This is the kind of retest zone where follow-through can matter more than chasing a stretched candle. Secondary patterns: Possible inverse H&S.,Strengthening,7.1
MAZDOCK,Mazagoan Dock Shipbuilders Ltd.,MAZDOCK.NS,Capital Goods,True,,NIFTY 500,^CRSLDX,2026-08-28,2555.0,-1.28,0.12,7.47,388813.0,970217.0,0.4,993417215.0,55.63,60.67,False,True,True,True,True,0.71,3.79,-0.86,False,False,False,False,14.15,0.10859147,0.10539331,3.03,7.16,True,0.3333333333333333,0.0,0.4,4.38,Actionable watch,Breakout retest,"breakout, retest, pivot, volume, inverse-head-and-shoulders, base, reversal",2572.61,2026-08-25,1.76,0.68,,,,Prior resistance has been cleared on higher volume and price is back near that pivot. This is the kind of retest zone where follow-through can matter more than chasing a stretched candle. Secondary patterns: Possible inverse H&S.,Strengthening,7.1
LTFOODS,LT Foods Ltd.,LTFOODS.NS,Fast Moving Consumer Goods,True,,NIFTY 500,^CRSLDX,2026-08-28,439.35,0.34,2.75,7.32,402892.0,2656594.0,0.15,177010602.66,60.07,64.55,True,True,True,True,True,2.68,9.88,0.36,False,False,False,False,-0.48,0.01867306,0.01710488,9.17,7.01,True,1.0,0.0,0.15,5.1,Actionable watch,Breakout retest,"breakout, retest, pivot, volume, flag, continuation, uptrend",436.1,2026-08-24,47.94,0.02,,,,Prior resistance has been cleared on higher volume and price is back near that pivot. This is the kind of retest zone where follow-through can matter more than chasing a stretched candle. Secondary patterns: Bullish flag.,Strengthening,7.1
SAGILITY,Sagility Ltd.,SAGILITY.NS,Information Technology,True,,NIFTY 500,^CRSLDX,2026-08-28,46.34,4.68,6.9,7.02,60731454.0,22457044.0,2.7,2814295587.63,70.44,55.36,True,True,True,True,True,6.82,9.94,-1.23,False,True,False,False,1.53,0.00196952,0.00180306,9.23,6.71,True,0.3333333333333333,0.5,2.7,4.02,Actionable watch,Breakout retest,"breakout, retest, pivot, volume, inverse-head-and-shoulders, base, reversal",43.23,2026-07-29,1.85,2.47,,,,Prior resistance has been cleared on higher volume and price is back near that pivot. This is the kind of retest zone where follow-through can matter more than chasing a stretched candle. Secondary patterns: Possible inverse H&S.,Strengthening with volume,7.1
TMCV,Tata Motors Ltd.,TMCV.NS,Capital Goods,True,,NIFTY 500,^CRSLDX,2026-08-28,466.3,-1.44,-1.32,6.75,6189144.0,8547508.0,0.72,2885997771.65,56.47,66.4,False,True,True,True,True,0.15,6.56,,False,False,False,False,6.02,0.01981847,0.01869806,5.99,6.45,True,0.6666666666666666,0.0,0.72,5.1,Actionable watch,Breakout retest,"breakout, retest, pivot, volume, inverse-head-and-shoulders, base, reversal",445.59,2026-08-03,2.57,3.83,,,,Prior resistance has been cleared on higher volume and price is back near that pivot. This is the kind of retest zone where follow-through can matter more than chasing a stretched candle. Secondary patterns: Possible inverse H&S.,Strengthening,7.1
CDSL,Central Depository Services (India) Ltd.,CDSL.NS,Financial Services,True,,NIFTY 500,^CRSLDX,2026-08-28,1414.7,0.28,1.86,6.13,1052231.0,1391772.0,0.76,1488591144.32,62.56,61.37,True,True,True,True,True,4.17,4.57,-1.68,False,False,False,False,6.9,0.06012695,0.05795182,3.75,5.82,True,0.6666666666666666,0.0,0.76,5.1,Actionable watch,Breakout retest,"breakout, retest, pivot, volume, inverse-head-and-shoulders, base, reversal",1383.8,2026-08-26,3.18,0.95,,,,Prior resistance has been cleared on higher volume and price is back near that pivot. This is the kind of retest zone where follow-through can matter more than chasing a stretched candle. Secondary patterns: Possible inverse H&S.,Strengthening,7.06
BHEL,Bharat Heavy Electricals Ltd.,BHEL.NS,Capital Goods,True,,NIFTY 500,^CRSLDX,2026-08-28,430.85,-0.71,4.32,5.86,5836135.0,7833049.0,0.75,2514498800.37,59.67,50.12,True,True,True,True,True,3.34,5.19,5.31,False,False,True,False,-0.16,0.0183118,0.01754057,4.4,5.55,True,1.0,0.5,0.75,4.81,Actionable watch,Breakout retest,"breakout, retest, pivot, volume",422.26,2026-08-17,1.81,1.12,,,,Prior resistance has been cleared on higher volume and price is back near that pivot. This is the kind of retest zone where follow-through can matter more than chasing a stretched candle.,Strengthening,7.01
JSWDULUX,JSW Dulux Ltd.,JSWDULUX.NS,Consumer Durables,True,,NIFTY 500,^CRSLDX,2026-08-28,3110.8,0.01,-0.26,5.85,6926.0,17503.0,0.4,21545401.14,53.91,54.97,False,True,True,True,True,0.62,1.34,-0.53,False,False,False,False,16.47,0.13221384,0.13146879,0.57,5.55,True,0.6666666666666666,0.0,0.4,5.1,Actionable watch,Breakout retest,"breakout, retest, pivot, volume, inverse-head-and-shoulders, base, reversal",3076.95,2026-08-11,4.14,0.76,,,,Prior resistance has been cleared on higher volume and price is back near that pivot. This is the kind of retest zone where follow-through can matter more than chasing a stretched candle. Secondary patterns: Possible inverse H&S.,Strengthening,7.01
MAHABANK,Bank of Maharashtra,MAHABANK.NS,Financial Services,True,,NIFTY 500,^CRSLDX,2026-08-28,83.8,-1.05,4.41,5.63,9938035.0,13356201.0,0.74,832807363.33,58.36,48.49,True,True,True,True,True,3.87,1.4,3.45,False,False,False,False,16.33,0.00356163,0.00353966,0.62,5.33,True,1.0,0.0,0.74,5.1,Actionable watch,Breakout retest,"breakout, retest, pivot, volume",82.43,2026-08-26,5.37,0.62,,,,Prior resistance has been cleared on higher volume and price is back near that pivot. This is the kind of retest zone where follow-through can matter more than chasing a stretched candle.,Strengthening,6.97
NEULANDLAB,Neuland Laboratories Ltd.,NEULANDLAB.NS,Healthcare,True,,NIFTY 500,^CRSLDX,2026-08-28,23205.0,-1.24,-0.41,21.86,38982.0,113344.0,0.34,904577310.0,63.13,67.96,False,True,True,True,True,2.95,14.66,3.79,False,False,True,False,21.48,0.98624859,0.86510404,14.0,21.5,True,1.0,0.5,0.34,3.52,Actionable watch,Bullish flag,"flag, continuation, uptrend, inverse-head-and-shoulders, base, reversal",23661.0,2026-08-17,0.61,,4.52,41.76,,Price has made a sharp impulse move and is now consolidating near the highs. A controlled pullback with quieter volume keeps the continuation setup alive. Secondary patterns: Possible inverse H&S.,Strengthening,6.93
NAUKRI,Info Edge (India) Ltd.,NAUKRI.NS,Consumer Services,True,,NIFTY 500,^CRSLDX,2026-08-28,1354.0,1.8,0.29,10.42,1808776.0,1899577.0,0.95,2449082704.0,63.61,65.61,True,True,True,True,True,2.48,12.6,-0.19,False,False,False,False,-7.98,0.05754711,0.05144206,11.87,10.1,True,0.6666666666666666,0.0,0.95,3.52,Actionable watch,Bullish flag,"flag, continuation, uptrend, inverse-head-and-shoulders, base, reversal",1378.4,2026-08-19,0.38,,4.58,41.38,,Price has made a sharp impulse move and is now consolidating near the highs. A controlled pullback with quieter volume keeps the continuation setup alive. Secondary patterns: Possible inverse H&S.,Strengthening,6.93
FINCABLES,Finolex Cables Ltd.,FINCABLES.NS,Capital Goods,True,,NIFTY 500,^CRSLDX,2026-08-28,1297.9,0.52,2.97,31.42,443190.0,2076444.0,0.21,575216311.82,65.81,64.79,True,True,True,True,True,7.98,16.16,4.65,False,False,True,False,41.88,0.05516277,0.04785659,15.27,31.04,True,1.0,0.5,0.21,3.46,Actionable watch,Bullish flag,"flag, continuation, uptrend",1329.35,2026-08-18,0.22,,6.8,36.62,,Price has made a sharp impulse move and is now consolidating near the highs. A controlled pullback with quieter volume keeps the continuation setup alive.,Strengthening,6.91
GLAND,Gland Pharma Ltd.,GLAND.NS,Healthcare,True,,NIFTY 500,^CRSLDX,2026-08-28,2888.0,0.5,2.44,16.26,165191.0,871092.0,0.19,477071608.0,64.93,62.87,True,True,True,True,True,3.59,12.55,4.62,False,False,True,False,14.97,0.12274449,0.10967821,11.91,15.92,True,1.0,0.5,0.19,3.47,Actionable watch,Bullish flag,"flag, continuation, uptrend, inverse-head-and-shoulders, base, reversal",2970.2,2026-08-14,0.46,,6.99,37.36,,Price has made a sharp impulse move and is now consolidating near the highs. A controlled pullback with quieter volume keeps the continuation setup alive. Secondary patterns: Possible inverse H&S.,Strengthening,6.91
RKFORGE,Ramkrishna Forgings Ltd.,RKFORGE.NS,Automobile and Auto Components,True,,NIFTY 500,^CRSLDX,2026-08-28,751.25,4.83,1.93,15.37,1361427.0,1309747.0,1.04,1022772033.75,65.68,67.95,True,True,True,True,True,2.98,17.31,3.43,False,False,True,False,3.02,0.03192929,0.02740728,16.5,15.04,True,1.0,0.5,1.04,3.45,Actionable watch,Bullish flag,"flag, continuation, uptrend, inverse-head-and-shoulders, base, reversal",755.0,2026-08-17,0.31,,5.84,36.32,,Price has made a sharp impulse move and is now consolidating near the highs. A controlled pullback with quieter volume keeps the continuation setup alive. Secondary patterns: Possible inverse H&S.,Strengthening,6.91
LTM,LTM Ltd.,LTM.NS,Information Technology,True,,NIFTY 500,^CRSLDX,2026-08-28,4675.0,4.73,4.17,7.17,1147867.0,470674.0,2.44,5366278225.0,60.91,51.89,True,True,True,True,False,1.25,10.77,-1.92,False,False,False,False,-8.43,0.19869477,0.18058421,10.03,6.86,True,0.3333333333333333,0.0,2.44,3.46,Actionable watch,Bullish flag,"flag, continuation, uptrend, inverse-head-and-shoulders, base, reversal",4850.0,2026-08-11,0.75,,9.86,37.08,,Price has made a sharp impulse move and is now consolidating near the highs. A controlled pullback with quieter volume keeps the continuation setup alive. Secondary patterns: Possible inverse H&S.,Strengthening with volume,6.91
APARINDS,Apar Industries Ltd.,APARINDS.NS,Capital Goods,True,,NIFTY 500,^CRSLDX,2026-08-28,17803.0,-0.54,5.62,24.08,120779.0,181160.0,0.67,2150228537.0,65.61,59.8,True,True,True,True,True,6.55,15.75,7.41,False,False,True,False,23.18,0.75665519,0.65830434,14.94,23.72,True,1.0,0.5,0.67,3.43,Actionable watch,Bullish flag,"flag, continuation, uptrend, inverse-head-and-shoulders, base, reversal",18000.0,2026-08-12,0.81,,11.12,34.1,,Price has made a sharp impulse move and is now consolidating near the highs. A controlled pullback with quieter volume keeps the continuation setup alive. Secondary patterns: Possible inverse H&S.,Strengthening,6.9
SAPPHIRE,Sapphire Foods India Ltd.,SAPPHIRE.NS,Consumer Services,True,,NIFTY 500,^CRSLDX,2026-08-28,231.5,-3.44,-4.47,25.06,862658.0,3494433.0,0.25,199705327.0,57.18,75.05,False,True,True,True,True,1.39,14.68,-2.56,False,False,False,False,25.98,0.00983911,0.0086403,13.87,24.7,True,0.3333333333333333,0.0,0.25,3.4,Actionable watch,Possible inverse H&S,"inverse-head-and-shoulders, base, reversal",206.4,,,12.16,,,206.4,A possible inverse head-and-shoulders base is visible. The setup improves only if price clears or holds near the neckline with better volume.,Strengthening,6.89
PTCIL,PTC Industries Ltd.,PTCIL.NS,Capital Goods,True,,NIFTY 500,^CRSLDX,2026-08-28,22110.0,7.22,7.18,24.65,100287.0,44821.0,2.24,2217345570.0,70.08,68.63,True,True,True,True,True,12.41,19.88,1.5,False,True,True,True,25.12,0.93970939,0.78990723,18.96,24.3,True,1.0,1.0,2.24,3.4,Actionable watch,Possible inverse H&S,"inverse-head-and-shoulders, base, reversal",18337.5,,,20.57,,,18337.5,A possible inverse head-and-shoulders base is visible. The setup improves only if price clears or holds near the neckline with better volume.,Strengthening with volume,6.89
PAYTM,One 97 Communications Ltd.,PAYTM.NS,Financial Services,True,,NIFTY 500,^CRSLDX,2026-08-28,1650.9,-1.67,1.16,22.93,1837062.0,5293961.0,0.35,3032805700.65,65.23,72.33,True,True,True,True,True,4.83,19.43,2.3,False,False,False,False,13.36,0.07016582,0.05908253,18.76,22.57,True,1.0,0.0,0.35,3.4,Actionable watch,Possible inverse H&S,"inverse-head-and-shoulders, base, reversal",1382.1,,,19.45,,,1382.1,A possible inverse head-and-shoulders base is visible. The setup improves only if price clears or holds near the neckline with better volume.,Strengthening,6.89
DEVYANI,Devyani International Ltd.,DEVYANI.NS,Consumer Services,True,,NIFTY 500,^CRSLDX,2026-08-28,139.94,-4.22,-3.09,22.56,2546507.0,7101615.0,0.36,356358195.8,55.93,68.83,False,True,True,True,True,0.88,13.32,-1.71,False,False,False,False,22.9,0.00594767,0.00528534,12.53,22.21,True,0.6666666666666666,0.0,0.36,3.4,Actionable watch,Possible inverse H&S,"inverse-head-and-shoulders, base, reversal",126.53,,,10.6,,,126.53,A possible inverse head-and-shoulders base is visible. The setup improves only if price clears or holds near the neckline with better volume.,Strengthening,6.89
SAIL,Steel Authority of India Ltd.,SAIL.NS,Metals & Mining,True,,NIFTY 500,^CRSLDX,2026-08-28,200.0,3.63,15.3,18.32,48546532.0,24845544.0,1.95,9709306400.0,74.58,53.45,True,True,True,True,True,12.93,16.85,2.64,False,True,True,False,19.16,0.00850031,0.00733318,15.92,17.98,True,1.0,1.0,1.95,3.4,Actionable watch,Possible inverse H&S,"inverse-head-and-shoulders, base, reversal",179.36,,,11.51,,,179.36,A possible inverse head-and-shoulders base is visible. The setup improves only if price clears or holds near the neckline with better volume.,Strengthening with volume,6.89
IFCI,IFCI Ltd.,IFCI.NS,Financial Services,True,,NIFTY 500,^CRSLDX,2026-08-28,89.96,6.75,11.19,17.53,139308927.0,32418406.0,4.3,12532230945.38,74.61,62.36,True,True,True,True,True,13.4,17.32,3.87,False,True,True,False,17.05,0.00382344,0.00328939,16.24,17.19,True,1.0,1.0,4.3,3.4,Actionable watch,Possible inverse H&S,"inverse-head-and-shoulders, base, reversal",66.15,,,35.99,,,66.15,A possible inverse head-and-shoulders base is visible. The setup improves only if price clears or holds near the neckline with better volume.,Strengthening with volume,6.89
LGEINDIA,LG Electronics India Ltd.,LGEINDIA.NS,Consumer Durables,True,,NIFTY 500,^CRSLDX,2026-08-28,1691.4,-0.53,4.2,13.48,752727.0,1066103.0,0.71,1273162466.18,61.69,55.21,True,True,True,True,True,4.06,6.95,-0.2,False,False,True,False,17.49,0.07188713,0.06775021,6.11,13.15,True,0.6666666666666666,0.5,0.71,3.4,Actionable watch,Possible inverse H&S,"inverse-head-and-shoulders, base, reversal",1595.0,,,6.04,,,1595.0,A possible inverse head-and-shoulders base is visible. The setup improves only if price clears or holds near the neckline with better volume.,Strengthening,6.89
LENSKART,Lenskart Solutions Ltd.,LENSKART.NS,Consumer Services,True,,NIFTY 500,^CRSLDX,2026-08-28,636.15,-0.69,-3.82,13.31,6054212.0,8267051.0,0.73,3851387111.61,65.61,83.87,False,True,True,True,True,3.9,12.04,,False,False,False,False,8.38,0.02703737,0.02429519,11.29,12.99,True,0.6666666666666666,0.0,0.73,3.4,Actionable watch,Possible inverse H&S,"inverse-head-and-shoulders, base, reversal, flag, continuation, uptrend",540.15,,,17.77,,,540.15,A possible inverse head-and-shoulders base is visible. The setup improves only if price clears or holds near the neckline with better volume. Secondary patterns: Bullish flag.,Strengthening,6.89
GRAVITA,Gravita India Ltd.,GRAVITA.NS,Metals & Mining,True,,NIFTY 500,^CRSLDX,2026-08-28,1825.8,0.07,0.23,12.95,85439.0,190524.0,0.45,155994530.37,58.22,59.53,True,True,True,True,True,2.57,4.08,0.7,False,False,True,False,19.53,0.07759934,0.07513074,3.29,12.63,True,1.0,0.5,0.45,3.4,Actionable watch,Possible inverse H&S,"inverse-head-and-shoulders, base, reversal",1736.85,,,5.12,,,1736.85,A possible inverse head-and-shoulders base is visible. The setup improves only if price clears or holds near the neckline with better volume.,Strengthening,6.89
SAILIFE,Sai Life Sciences Ltd.,SAILIFE.NS,Healthcare,True,,NIFTY 500,^CRSLDX,2026-08-28,1485.0,-0.22,1.89,12.92,228728.0,537371.0,0.43,339661080.0,65.58,64.14,True,True,True,True,True,3.7,12.0,5.31,False,False,True,False,8.71,0.06311481,0.05671718,11.28,12.59,True,1.0,0.5,0.43,3.4,Actionable watch,Possible inverse H&S,"inverse-head-and-shoulders, base, reversal",976.67,,,52.05,,,976.67,A possible inverse head-and-shoulders base is visible. The setup improves only if price clears or holds near the neckline with better volume.,Strengthening,6.89
IDEA,Vodafone Idea Ltd.,IDEA.NS,Telecommunication,True,,NIFTY 500,^CRSLDX,2026-08-28,14.68,-1.94,5.31,12.84,375054732.0,409120494.0,0.92,5505803580.22,62.09,57.99,True,True,True,True,True,6.88,6.43,3.9,False,False,False,False,21.83,0.00062392,0.00059124,5.53,12.51,True,1.0,0.0,0.92,3.4,Actionable watch,Possible inverse H&S,"inverse-head-and-shoulders, base, reversal",11.26,,,30.32,,,11.26,A possible inverse head-and-shoulders base is visible. The setup improves only if price clears or holds near the neckline with better volume.,Strengthening,6.89
NAVINFLUOR,Navin Fluorine International Ltd.,NAVINFLUOR.NS,Chemicals,True,,NIFTY 500,^CRSLDX,2026-08-28,8517.5,-0.58,3.79,12.55,77045.0,347139.0,0.22,656230787.5,63.43,56.97,True,True,True,True,True,3.79,8.45,4.46,False,False,True,False,12.71,0.362007,0.33598437,7.75,12.23,True,1.0,0.5,0.22,3.4,Actionable watch,Possible inverse H&S,"inverse-head-and-shoulders, base, reversal, flag, continuation, uptrend",6933.0,,,22.85,,,6933.0,A possible inverse head-and-shoulders base is visible. The setup improves only if price clears or holds near the neckline with better volume. Secondary patterns: Bullish flag.,Strengthening,6.89
PPLPHARMA,Piramal Pharma Ltd.,PPLPHARMA.NS,Healthcare,True,,NIFTY 500,^CRSLDX,2026-08-28,218.68,1.74,2.34,11.79,5416716.0,5068438.0,1.07,1184527415.21,66.39,65.28,True,True,True,True,True,4.07,15.05,0.69,False,True,True,True,1.05,0.00929424,0.0081222,14.43,11.47,True,1.0,1.0,1.07,3.4,Actionable watch,Possible inverse H&S,"inverse-head-and-shoulders, base, reversal",190.74,,,14.65,,,190.74,A possible inverse head-and-shoulders base is visible. The setup improves only if price clears or holds near the neckline with better volume.,Strengthening,6.89
ANTHEM,Anthem Biosciences Ltd.,ANTHEM.NS,Healthcare,True,,NIFTY 500,^CRSLDX,2026-08-28,900.1,-2.65,3.29,11.23,375194.0,727252.0,0.52,337712110.24,62.41,62.5,True,True,True,True,True,3.15,10.9,2.15,False,False,True,False,6.66,0.03825565,0.03474795,10.09,10.91,True,1.0,0.5,0.52,3.4,Actionable watch,Possible inverse H&S,"inverse-head-and-shoulders, base, reversal",731.68,,,23.02,,,731.68,A possible inverse head-and-shoulders base is visible. The setup improves only if price clears or holds near the neckline with better volume.,Strengthening,6.89
PNBHOUSING,PNB Housing Finance Ltd.,PNBHOUSING.NS,Financial Services,True,,NIFTY 500,^CRSLDX,2026-08-28,1169.9,-0.69,-0.03,11.09,438325.0,1119083.0,0.39,512796428.2,60.92,64.89,True,True,True,True,True,1.53,6.56,2.81,False,False,True,False,11.74,0.04972257,0.04694334,5.92,10.77,True,1.0,0.5,0.39,3.4,Actionable watch,Possible inverse H&S,"inverse-head-and-shoulders, base, reversal",987.98,,,18.41,,,987.98,A possible inverse head-and-shoulders base is visible. The setup improves only if price clears or holds near the neckline with better volume.,Strengthening,6.89
BRIGADE,Brigade Enterprises Ltd.,BRIGADE.NS,Realty,True,,NIFTY 500,^CRSLDX,2026-08-28,642.25,-2.21,0.46,11.08,249354.0,579623.0,0.43,160147606.5,65.43,71.97,True,True,True,True,True,5.5,13.44,-2.29,False,False,False,False,-1.39,0.02729662,0.02423895,12.61,10.76,True,0.3333333333333333,0.0,0.43,3.4,Actionable watch,Possible inverse H&S,"inverse-head-and-shoulders, base, reversal",610.39,,,5.22,,,610.39,A possible inverse head-and-shoulders base is visible. The setup improves only if price clears or holds near the neckline with better volume.,Strengthening,6.89
ELGIEQUIP,Elgi Equipments Ltd.,ELGIEQUIP.NS,Capital Goods,True,,NIFTY 500,^CRSLDX,2026-08-28,628.85,4.94,-0.87,10.39,1169510.0,846150.0,1.38,735446334.95,58.72,65.71,True,True,True,True,True,4.16,6.0,2.39,False,False,True,False,11.83,0.0267271,0.02540225,5.22,10.07,True,1.0,0.5,1.38,3.4,Actionable watch,Possible inverse H&S,"inverse-head-and-shoulders, base, reversal",505.15,,,24.49,,,505.15,A possible inverse head-and-shoulders base is visible. The setup improves only if price clears or holds near the neckline with better volume.,Strengthening,6.89
TBOTEK,TBO Tek Ltd.,TBOTEK.NS,Consumer Services,True,,NIFTY 500,^CRSLDX,2026-08-28,1682.7,-0.82,-0.81,9.89,54341.0,265902.0,0.2,91439598.05,58.98,63.89,False,True,True,True,True,1.43,8.51,0.64,False,False,True,False,9.66,0.07151736,0.06637166,7.75,9.58,True,1.0,0.5,0.2,3.4,Actionable watch,Possible inverse H&S,"inverse-head-and-shoulders, base, reversal",1458.3,,,15.39,,,1458.3,A possible inverse head-and-shoulders base is visible. The setup improves only if price clears or holds near the neckline with better volume.,Strengthening,6.89
MOTHERSON,Samvardhana Motherson International Ltd.,MOTHERSON.NS,Automobile and Auto Components,True,,NIFTY 500,^CRSLDX,2026-08-28,165.6,-0.24,-2.23,9.85,8442893.0,20264358.0,0.42,1398143132.33,59.73,71.31,False,True,True,True,True,0.18,7.89,4.84,False,False,True,False,7.02,0.00703826,0.00656162,7.26,9.53,True,1.0,0.5,0.42,3.4,Actionable watch,Possible inverse H&S,"inverse-head-and-shoulders, base, reversal, flag, continuation, uptrend",130.43,,,26.96,,,130.43,A possible inverse head-and-shoulders base is visible. The setup improves only if price clears or holds near the neckline with better volume. Secondary patterns: Bullish flag.,Strengthening,6.89
JSWINFRA,JSW Infrastructure Ltd.,JSWINFRA.NS,Services,True,,NIFTY 500,^CRSLDX,2026-08-28,342.95,1.48,2.16,9.78,1427938.0,2652465.0,0.54,489711354.53,57.3,54.0,True,True,True,True,True,1.82,3.46,1.58,False,False,True,False,14.3,0.01457591,0.01416826,2.88,9.46,True,1.0,0.5,0.54,3.4,Actionable watch,Possible inverse H&S,"inverse-head-and-shoulders, base, reversal",281.87,,,21.67,,,281.87,A possible inverse head-and-shoulders base is visible. The setup improves only if price clears or holds near the neckline with better volume.,Strengthening,6.89
KOTAKBANK,Kotak Mahindra Bank Ltd.,KOTAKBANK.NS,Financial Services,True,,NIFTY 500,^CRSLDX,2026-08-28,423.7,-0.12,5.19,8.56,18952625.0,11746211.0,1.61,8030227443.86,74.16,62.21,True,True,True,True,True,6.2,7.91,-0.72,False,False,False,False,10.37,0.01800791,0.01679735,7.21,8.24,True,0.3333333333333333,0.0,1.61,3.4,Actionable watch,Possible inverse H&S,"inverse-head-and-shoulders, base, reversal",410.68,,,3.17,,,410.68,A possible inverse head-and-shoulders base is visible. The setup improves only if price clears or holds near the neckline with better volume.,Strengthening with volume,6.89
ETERNAL,Eternal Ltd.,ETERNAL.NS,Consumer Services,True,,NIFTY 500,^CRSLDX,2026-08-28,328.0,-0.15,0.0,8.45,31381945.0,25091378.0,1.25,10293277960.0,65.69,69.53,True,True,True,True,True,2.58,10.19,-0.25,False,False,False,False,1.48,0.01394051,0.01274296,9.4,8.13,True,0.6666666666666666,0.0,1.25,3.4,Actionable watch,Possible inverse H&S,"inverse-head-and-shoulders, base, reversal",306.77,,,6.92,,,306.77,A possible inverse head-and-shoulders base is visible. The setup improves only if price clears or holds near the neckline with better volume.,Strengthening,6.89
IIFL,IIFL Finance Ltd.,IIFL.NS,Financial Services,True,,NIFTY 500,^CRSLDX,2026-08-28,659.25,3.71,-3.02,8.31,1784724.0,2436082.0,0.73,1176579297.0,60.51,77.97,True,True,True,True,True,3.77,13.36,2.35,False,False,False,False,-8.35,0.02801915,0.02489602,12.54,8.0,True,1.0,0.0,0.73,3.4,Actionable watch,Possible inverse H&S,"inverse-head-and-shoulders, base, reversal, flag, continuation, uptrend",631.35,,,4.42,,,631.35,A possible inverse head-and-shoulders base is visible. The setup improves only if price clears or holds near the neckline with better volume. Secondary patterns: Bullish flag.,Strengthening,6.89
UNOMINDA,UNO Minda Ltd.,UNOMINDA.NS,Automobile and Auto Components,True,,NIFTY 500,^CRSLDX,2026-08-28,1276.0,-0.31,0.87,8.09,552647.0,828747.0,0.67,705177572.0,63.91,63.65,True,True,True,True,True,1.32,7.55,0.23,False,False,False,False,3.66,0.05423198,0.05074504,6.87,7.78,True,1.0,0.0,0.67,3.4,Actionable watch,Possible inverse H&S,"inverse-head-and-shoulders, base, reversal, flag, continuation, uptrend",1210.0,,,5.45,,,1210.0,A possible inverse head-and-shoulders base is visible. The setup improves only if price clears or holds near the neckline with better volume. Secondary patterns: Bullish flag.,Strengthening,6.89
PVRINOX,PVR INOX Ltd.,PVRINOX.NS,Media Entertainment & Publication,True,,NIFTY 500,^CRSLDX,2026-08-28,1220.9,-1.25,0.34,7.99,210663.0,428425.0,0.49,257198461.84,64.46,72.1,True,True,True,True,True,2.41,12.21,0.37,False,False,True,False,-4.48,0.05189015,0.04650997,11.57,7.68,True,1.0,0.5,0.49,3.4,Actionable watch,Possible inverse H&S,"inverse-head-and-shoulders, base, reversal",1084.42,,,12.59,,,1084.42,A possible inverse head-and-shoulders base is visible. The setup improves only if price clears or holds near the neckline with better volume.,Strengthening,6.89
SYRMA,Syrma SGS Technology Ltd.,SYRMA.NS,Capital Goods,True,,NIFTY 500,^CRSLDX,2026-08-28,1474.3,-1.29,2.43,7.98,404213.0,1160018.0,0.35,595931245.64,56.55,52.72,True,True,True,True,True,1.1,4.41,6.97,False,False,True,False,9.01,0.06266004,0.06033954,3.85,7.66,True,1.0,0.5,0.35,3.4,Actionable watch,Possible inverse H&S,"inverse-head-and-shoulders, base, reversal",827.5,,,78.16,,,827.5,A possible inverse head-and-shoulders base is visible. The setup improves only if price clears or holds near the neckline with better volume.,Strengthening,6.89
KPRMILL,K.P.R. Mill Ltd.,KPRMILL.NS,Textiles,True,,NIFTY 500,^CRSLDX,2026-08-28,1130.2,0.33,-1.86,7.66,270984.0,262670.0,1.03,306266103.57,55.46,62.79,False,True,True,True,True,2.08,1.36,0.55,False,False,False,False,19.13,0.04803526,0.04770814,0.69,7.35,True,1.0,0.0,1.03,3.4,Actionable watch,Possible inverse H&S,"inverse-head-and-shoulders, base, reversal",988.93,,,14.29,,,988.93,A possible inverse head-and-shoulders base is visible. The setup improves only if price clears or holds near the neckline with better volume.,Strengthening,6.89
CUB,City Union Bank Ltd.,CUB.NS,Financial Services,True,,NIFTY 500,^CRSLDX,2026-08-28,222.24,-3.05,2.27,7.62,1085052.0,2658028.0,0.41,241141962.44,54.2,52.41,True,True,True,True,True,3.29,3.12,2.0,False,False,False,False,11.81,0.00944555,0.0092232,2.41,7.31,True,1.0,0.0,0.41,3.4,Actionable watch,Possible inverse H&S,"inverse-head-and-shoulders, base, reversal, flag, continuation, uptrend",214.84,,,3.45,,,214.84,A possible inverse head-and-shoulders base is visible. The setup improves only if price clears or holds near the neckline with better volume. Secondary patterns: Bullish flag.,Strengthening,6.89
NIACL,The New India Assurance Company Ltd.,NIACL.NS,Financial Services,True,,NIFTY 500,^CRSLDX,2026-08-28,186.34,0.62,1.2,7.33,2333454.0,2864886.0,0.81,434815809.81,58.99,57.62,True,True,True,True,True,2.46,3.34,-0.19,False,False,False,False,13.45,0.00791974,0.00773337,2.41,7.02,True,0.6666666666666666,0.0,0.81,3.4,Actionable watch,Possible inverse H&S,"inverse-head-and-shoulders, base, reversal",169.35,,,10.03,,,169.35,A possible inverse head-and-shoulders base is visible. The setup improves only if price clears or holds near the neckline with better volume.,Strengthening,6.89
ACE,Action Construction Equipment Ltd.,ACE.NS,Capital Goods,True,,NIFTY 500,^CRSLDX,2026-08-28,1140.6,0.4,-3.52,6.57,146129.0,405272.0,0.36,166674733.83,56.33,65.55,False,True,True,True,True,1.02,7.91,0.55,False,False,False,False,-1.13,0.04847727,0.04521452,7.22,6.26,True,1.0,0.0,0.36,3.4,Actionable watch,Possible inverse H&S,"inverse-head-and-shoulders, base, reversal, flag, continuation, uptrend",960.7,,,18.73,,,960.7,A possible inverse head-and-shoulders base is visible. The setup improves only if price clears or holds near the neckline with better volume. Secondary patterns: Bullish flag.,Strengthening,6.89
GRASIM,Grasim Industries Ltd.,GRASIM.NS,Construction Materials,True,,NIFTY 500,^CRSLDX,2026-08-28,3290.0,0.98,-0.54,6.43,676176.0,1139186.0,0.59,2224619040.0,56.15,59.7,True,True,True,True,True,0.5,3.29,1.52,False,False,True,False,9.31,0.13983012,0.13633885,2.56,6.13,True,1.0,0.5,0.59,3.4,Actionable watch,Possible inverse H&S,"inverse-head-and-shoulders, base, reversal",2913.6,,,12.92,,,2913.6,A possible inverse head-and-shoulders base is visible. The setup improves only if price clears or holds near the neckline with better volume.,Strengthening,6.89
NATIONALUM,National Aluminium Co. Ltd.,NATIONALUM.NS,Metals & Mining,True,,NIFTY 500,^CRSLDX,2026-08-28,394.95,1.45,0.38,13.11,1867522.0,8403957.0,0.22,737577836.7,57.01,59.24,True,True,True,True,True,1.68,8.82,4.67,False,False,False,False,12.77,0.01678599,0.01556666,7.83,12.79,True,1.0,0.0,0.22,3.33,Watch,Bullish flag,"flag, continuation, uptrend",418.94,2026-08-12,0.86,,11.72,26.45,,Price has made a sharp impulse move and is now consolidating near the highs. A controlled pullback with quieter volume keeps the continuation setup alive.,Strengthening,6.87
SIEMENS,Siemens Ltd.,SIEMENS.NS,Capital Goods,True,,NIFTY 500,^CRSLDX,2026-08-28,4089.0,-0.15,4.31,8.75,278936.0,468324.0,0.6,1140569304.0,64.98,58.22,True,True,True,True,True,2.64,9.03,2.68,False,False,True,False,2.31,0.17378886,0.16058372,8.22,8.44,True,1.0,0.5,0.6,3.33,Actionable watch,Possible inverse H&S,"inverse-head-and-shoulders, base, reversal, flag, continuation, uptrend",4001.9,,,2.18,,,4001.9,A possible inverse head-and-shoulders base is visible. The setup improves only if price clears or holds near the neckline with better volume. Secondary patterns: Bullish flag.,Strengthening,6.87
JSWSTEEL,JSW Steel Ltd.,JSWSTEEL.NS,Metals & Mining,True,,NIFTY 500,^CRSLDX,2026-08-28,1334.9,-0.19,3.18,5.11,1403857.0,1761323.0,0.8,1874008743.57,63.51,55.95,True,True,True,True,True,2.63,5.57,1.12,False,False,True,False,1.69,0.05673533,0.05416182,4.75,4.81,True,1.0,0.5,0.8,5.08,Actionable watch,Breakout retest,"breakout, retest, pivot, volume, inverse-head-and-shoulders, base, reversal",1308.9,2026-08-24,2.36,0.88,,,,Prior resistance has been cleared on higher volume and price is back near that pivot. This is the kind of retest zone where follow-through can matter more than chasing a stretched candle. Secondary patterns: Possible inverse H&S.,Strengthening,6.86
UNIONBANK,Union Bank of India,UNIONBANK.NS,Financial Services,True,,NIFTY 500,^CRSLDX,2026-08-28,186.0,0.81,1.39,8.62,3616969.0,11306129.0,0.32,672756234.0,59.51,58.2,True,True,True,True,True,1.29,6.6,2.57,False,False,False,False,4.02,0.00790529,0.00746719,5.87,8.31,True,1.0,0.0,0.32,3.28,Watch,Bullish flag,"flag, continuation, uptrend, inverse-head-and-shoulders, base, reversal",188.9,2026-08-17,0.51,,4.13,22.35,,Price has made a sharp impulse move and is now consolidating near the highs. A controlled pullback with quieter volume keeps the continuation setup alive. Secondary patterns: Possible inverse H&S.,Strengthening,6.85
RADICO,Radico Khaitan Ltd,RADICO.NS,Fast Moving Consumer Goods,True,,NIFTY 500,^CRSLDX,2026-08-28,4605.0,-0.02,-0.75,6.09,140966.0,307264.0,0.46,649148430.0,61.95,67.08,False,True,True,True,True,0.22,8.04,4.43,False,False,True,False,-5.23,0.19571966,0.18229545,7.36,5.78,True,1.0,0.5,0.46,3.41,Actionable watch,Bullish flag,"flag, continuation, uptrend, inverse-head-and-shoulders, base, reversal",4732.9,2026-08-18,0.59,,3.75,32.79,,Price has made a sharp impulse move and is now consolidating near the highs. A controlled pullback with quieter volume keeps the continuation setup alive. Secondary patterns: Possible inverse H&S.,Strengthening,6.85
SONACOMS,Sona BLW Precision Forgings Ltd.,SONACOMS.NS,Automobile and Auto Components,True,,NIFTY 500,^CRSLDX,2026-08-28,815.0,-0.49,-0.32,5.93,1694749.0,2113093.0,0.8,1381220435.0,62.45,68.6,True,True,True,True,True,0.94,11.78,6.13,False,False,True,False,-10.14,0.03463877,0.03117919,11.1,5.62,True,1.0,0.5,0.8,3.48,Actionable watch,Bullish flag,"flag, continuation, uptrend",824.0,2026-08-18,0.73,,3.65,38.58,,Price has made a sharp impulse move and is now consolidating near the highs. A controlled pullback with quieter volume keeps the continuation setup alive.,Strengthening,6.84
POLICYBZR,PB Fintech Ltd.,POLICYBZR.NS,Financial Services,True,,NIFTY 500,^CRSLDX,2026-08-28,1811.5,-1.44,0.91,13.11,344170.0,1314289.0,0.26,623463955.0,66.69,70.62,True,True,True,True,True,4.83,9.86,-0.05,False,False,False,False,12.82,0.07699157,0.0705794,9.09,12.79,True,0.3333333333333333,0.0,0.26,3.22,Actionable watch,Possible inverse H&S,"inverse-head-and-shoulders, base, reversal",1778.4,,,1.86,,,1778.4,A possible inverse head-and-shoulders base is visible. The setup improves only if price clears or holds near the neckline with better volume.,Strengthening,6.83
ECLERX,eClerx Services Ltd.,ECLERX.NS,Services,True,,NIFTY 500,^CRSLDX,2026-08-28,1955.5,0.75,7.7,6.02,188636.0,204984.0,0.92,368877698.0,62.68,51.44,True,True,True,True,True,5.21,13.07,-1.97,False,True,False,False,-17.4,0.08311179,0.07399124,12.33,5.71,True,0.3333333333333333,0.5,0.92,3.4,Actionable watch,Possible inverse H&S,"inverse-head-and-shoulders, base, reversal",1833.75,,,6.64,,,1833.75,A possible inverse head-and-shoulders base is visible. The setup improves only if price clears or holds near the neckline with better volume.,Strengthening,6.83
BBTC,Bombay Burmah Trading Corporation Ltd.,BBTC.NS,Fast Moving Consumer Goods,True,,NIFTY 500,^CRSLDX,2026-08-28,1563.2,-3.12,9.51,4.42,627783.0,779253.0,0.81,981350354.95,61.73,32.1,True,True,True,True,False,5.37,3.87,-2.83,False,False,False,False,8.6,0.06643843,0.06441244,3.15,4.11,True,0.3333333333333333,0.0,0.81,5.1,Actionable watch,Breakout retest,"breakout, retest, pivot, volume",1557.48,2026-08-27,423.49,0.35,,,,Prior resistance has been cleared on higher volume and price is back near that pivot. This is the kind of retest zone where follow-through can matter more than chasing a stretched candle.,Mean reversion bounce,6.82
PERSISTENT,Persistent Systems Ltd.,PERSISTENT.NS,Information Technology,True,,NIFTY 500,^CRSLDX,2026-08-28,5875.0,3.91,3.66,5.87,957595.0,462520.0,2.07,5625870625.0,69.39,64.67,True,True,True,True,True,5.43,12.81,-0.42,False,True,False,False,-12.53,0.24969664,0.22279103,12.08,5.57,True,0.3333333333333333,0.5,2.07,3.4,Actionable watch,Possible inverse H&S,"inverse-head-and-shoulders, base, reversal",5455.95,,,7.68,,,5455.95,A possible inverse head-and-shoulders base is visible. The setup improves only if price clears or holds near the neckline with better volume.,Strengthening with volume,6.8
COHANCE,Cohance Lifesciences Ltd.,COHANCE.NS,Healthcare,True,,NIFTY 500,^CRSLDX,2026-08-28,449.9,-0.9,-2.83,5.85,272682.0,1446035.0,0.19,122679630.14,51.3,58.18,False,True,True,True,True,0.53,1.37,-7.69,False,False,False,False,12.66,0.01912145,0.01895178,0.9,5.54,True,0.6666666666666666,0.0,0.19,3.4,Actionable watch,Possible inverse H&S,"inverse-head-and-shoulders, base, reversal",329.7,,,36.46,,,329.7,A possible inverse head-and-shoulders base is visible. The setup improves only if price clears or holds near the neckline with better volume.,Strengthening,6.8
ASHOKLEY,Ashok Leyland Ltd.,ASHOKLEY.NS,Capital Goods,True,,NIFTY 500,^CRSLDX,2026-08-28,175.77,-0.92,1.6,5.77,11812071.0,18153751.0,0.65,2076207770.14,58.03,56.7,True,True,True,True,True,0.28,6.72,2.38,False,False,False,False,5.04,0.0074705,0.00704298,6.07,5.47,True,0.6666666666666666,0.0,0.65,3.4,Actionable watch,Possible inverse H&S,"inverse-head-and-shoulders, base, reversal",166.68,,,5.46,,,166.68,A possible inverse head-and-shoulders base is visible. The setup improves only if price clears or holds near the neckline with better volume.,Strengthening,6.78
ZYDUSLIFE,Zydus Lifesciences Ltd.,ZYDUSLIFE.NS,Healthcare,True,,NIFTY 500,^CRSLDX,2026-08-28,1191.0,0.15,6.34,5.7,1291489.0,1738784.0,0.74,1538163399.0,62.97,48.15,True,True,True,True,True,4.71,5.4,1.63,False,False,True,False,7.19,0.05061935,0.04834007,4.72,5.39,True,1.0,0.5,0.74,3.4,Actionable watch,Possible inverse H&S,"inverse-head-and-shoulders, base, reversal",955.23,,,24.68,,,955.23,A possible inverse head-and-shoulders base is visible. The setup improves only if price clears or holds near the neckline with better volume.,Strengthening,6.77
360ONE,360 ONE WAM Ltd.,360ONE.NS,Financial Services,True,,NIFTY 500,^CRSLDX,2026-08-28,1200.0,-0.33,0.08,5.7,422710.0,800216.0,0.53,507252000.0,58.87,61.59,True,True,True,True,True,1.54,5.42,0.57,False,False,True,False,3.76,0.05100187,0.04876127,4.6,5.39,True,1.0,0.5,0.53,3.4,Actionable watch,Possible inverse H&S,"inverse-head-and-shoulders, base, reversal",1160.25,,,3.43,,,1160.25,A possible inverse head-and-shoulders base is visible. The setup improves only if price clears or holds near the neckline with better volume.,Strengthening,6.77
SCI,Shipping Corporation of India Ltd.,SCI.NS,Services,True,,NIFTY 500,^CRSLDX,2026-08-28,299.05,2.22,2.93,2.61,5130031.0,3202292.0,1.6,1534135707.93,56.84,48.39,True,True,True,False,True,1.41,2.11,1.88,False,False,False,False,6.38,0.01271009,0.01253667,1.38,2.31,True,1.0,0.0,1.6,2.76,Actionable watch,Possible inverse H&S,"inverse-head-and-shoulders, base, reversal",297.6,,,0.49,,,297.6,A possible inverse head-and-shoulders base is visible. The setup improves only if price clears or holds near the neckline with better volume.,Strengthening with volume,6.73
HINDZINC,Hindustan Zinc Ltd.,HINDZINC.NS,Metals & Mining,True,,NIFTY 500,^CRSLDX,2026-08-28,622.0,1.95,4.56,15.36,6226298.0,7286643.0,0.85,3872757356.0,64.38,62.84,True,True,True,True,True,6.21,12.36,1.95,False,False,False,False,15.21,0.02643597,0.02372596,11.42,15.02,True,0.6666666666666666,0.0,0.85,2.91,Actionable watch,Possible inverse H&S,"inverse-head-and-shoulders, base, reversal",616.35,,,0.92,,,616.35,A possible inverse head-and-shoulders base is visible. The setup improves only if price clears or holds near the neckline with better volume.,Strengthening,6.72
DEEPAKNTR,Deepak Nitrite Ltd.,DEEPAKNTR.NS,Chemicals,True,,NIFTY 500,^CRSLDX,2026-08-28,1762.9,0.58,0.9,6.06,186874.0,588506.0,0.32,329440179.16,55.75,54.73,True,True,True,True,True,0.7,4.86,0.05,False,False,False,False,-0.69,0.07492599,0.07196013,4.12,5.75,True,1.0,0.0,0.32,3.01,Actionable watch,Possible inverse H&S,"inverse-head-and-shoulders, base, reversal",1741.4,,,1.23,,,1741.4,A possible inverse head-and-shoulders base is visible. The setup improves only if price clears or holds near the neckline with better volume.,Strengthening,6.7
NETWEB,Netweb Technologies India Ltd.,NETWEB.NS,Information Technology,True,,NIFTY 500,^CRSLDX,2026-08-28,5322.9,0.96,-4.97,17.73,1961988.0,2099413.0,0.93,10443465733.6,59.6,68.45,False,True,True,True,True,4.35,13.07,3.6,False,False,False,False,15.91,0.22623152,0.20152402,12.26,17.39,True,1.0,0.0,0.93,2.84,Watch,Bullish flag,"flag, continuation, uptrend",5601.0,2026-08-21,1.37,,7.9,34.85,,Price has made a sharp impulse move and is now consolidating near the highs. A controlled pullback with quieter volume keeps the continuation setup alive.,Strengthening,6.69
ADANIENT,Adani Enterprises Ltd.,ADANIENT.NS,Metals & Mining,True,,NIFTY 500,^CRSLDX,2026-08-28,3168.5,-0.02,5.72,5.28,530753.0,1097958.0,0.48,1681690880.5,66.52,45.5,True,True,True,True,True,4.3,3.17,2.32,False,False,True,False,11.92,0.13466618,0.13146659,2.43,4.98,True,1.0,0.5,0.48,3.4,Actionable watch,Possible inverse H&S,"inverse-head-and-shoulders, base, reversal",2295.95,,,38.0,,,2295.95,A possible inverse head-and-shoulders base is visible. The setup improves only if price clears or holds near the neckline with better volume.,Strengthening,6.69
MPHASIS,MphasiS Ltd.,MPHASIS.NS,Information Technology,True,,NIFTY 500,^CRSLDX,2026-08-28,2455.0,1.72,1.03,4.81,956613.0,411154.0,2.33,2348484915.0,54.85,51.67,True,False,True,True,True,-0.17,4.41,-1.06,False,False,False,False,0.5,0.10434132,0.10061157,3.71,4.51,True,0.3333333333333333,0.0,2.33,3.29,Watch,Bullish flag,"flag, continuation, uptrend",2545.0,2026-08-14,0.58,,6.71,22.87,,Price has made a sharp impulse move and is now consolidating near the highs. A controlled pullback with quieter volume keeps the continuation setup alive.,Strengthening with volume,6.65
PETRONET,Petronet LNG Ltd.,PETRONET.NS,Oil Gas & Consumable Fuels,True,,NIFTY 500,^CRSLDX,2026-08-28,292.0,0.36,-0.34,4.01,1164822.0,1939019.0,0.6,340128024.0,60.44,66.28,True,True,True,True,True,2.31,3.89,0.58,False,False,False,False,2.66,0.01241045,0.01203544,3.12,3.71,True,1.0,0.0,0.6,5.1,Actionable watch,Breakout retest,"breakout, retest, pivot, volume, inverse-head-and-shoulders, base, reversal",283.26,2026-08-19,2.9,2.4,,,,Prior resistance has been cleared on higher volume and price is back near that pivot. This is the kind of retest zone where follow-through can matter more than chasing a stretched candle. Secondary patterns: Possible inverse H&S.,Strengthening,6.64
WOCKPHARMA,Wockhardt Ltd.,WOCKPHARMA.NS,Healthcare,True,,NIFTY 500,^CRSLDX,2026-08-28,1977.1,0.77,4.81,0.89,1577660.0,716111.0,2.2,3119191547.48,58.02,48.3,True,True,True,True,True,2.68,3.29,3.87,False,False,False,False,0.19,0.08402982,0.08196522,2.52,0.6,True,1.0,0.0,2.2,3.4,Actionable watch,Possible inverse H&S,"inverse-head-and-shoulders, base, reversal",1530.5,,,29.18,,,1530.5,A possible inverse head-and-shoulders base is visible. The setup improves only if price clears or holds near the neckline with better volume.,Strengthening with volume,6.61
MEDANTA,Global Health Ltd.,MEDANTA.NS,Healthcare,True,,NIFTY 500,^CRSLDX,2026-08-28,1472.2,-2.43,4.43,4.78,404293.0,299083.0,1.35,595200134.86,59.65,52.11,True,True,True,True,True,2.69,6.72,0.92,False,False,True,False,1.12,0.06257079,0.05899327,6.06,4.47,True,1.0,0.5,1.35,3.4,Actionable watch,Possible inverse H&S,"inverse-head-and-shoulders, base, reversal",1216.85,,,20.98,,,1216.85,A possible inverse head-and-shoulders base is visible. The setup improves only if price clears or holds near the neckline with better volume.,Strengthening,6.58
ASTRAL,Astral Ltd.,ASTRAL.NS,Capital Goods,True,,NIFTY 500,^CRSLDX,2026-08-28,1532.3,0.2,0.25,5.94,700548.0,988662.0,0.71,1073449734.61,58.56,58.96,False,True,True,True,True,2.21,5.94,0.16,False,False,False,False,1.76,0.06512514,0.06194796,5.13,5.64,True,0.6666666666666666,0.0,0.71,2.66,Watch,Bullish flag,"flag, continuation, uptrend, inverse-head-and-shoulders, base, reversal",1589.5,2026-08-13,1.51,,6.61,20.87,,Price has made a sharp impulse move and is now consolidating near the highs. A controlled pullback with quieter volume keeps the continuation setup alive. Secondary patterns: Possible inverse H&S.,Strengthening,6.56
CLEAN,Clean Science and Technology Ltd.,CLEAN.NS,Chemicals,True,,NIFTY 500,^CRSLDX,2026-08-28,836.45,0.77,1.33,13.95,253568.0,584926.0,0.43,212096956.7,62.15,59.91,True,True,True,True,True,2.96,6.96,-2.44,False,False,False,False,19.34,0.03555043,0.03347051,6.21,13.62,True,0.3333333333333333,0.0,0.43,2.32,Actionable watch,Possible inverse H&S,"inverse-head-and-shoulders, base, reversal",843.45,,,0.83,,,843.45,A possible inverse head-and-shoulders base is visible. The setup improves only if price clears or holds near the neckline with better volume.,Strengthening,6.51
ANANDRATHI,Anand Rathi Wealth Ltd.,ANANDRATHI.NS,Financial Services,True,,NIFTY 500,^CRSLDX,2026-08-28,2213.4,1.4,1.16,6.74,418905.0,220207.0,1.9,927204286.09,67.98,66.34,True,True,True,True,True,2.99,6.38,3.53,False,True,True,True,6.53,0.09407294,0.08898475,5.72,6.43,True,1.0,1.0,1.9,0.0,No clear setup,,,,,,,,,,,Strengthening with volume,6.5
DIXON,Dixon Technologies (India) Ltd.,DIXON.NS,Consumer Durables,True,,NIFTY 500,^CRSLDX,2026-08-28,14650.0,-0.41,-1.35,4.28,223964.0,385487.0,0.58,3281072600.0,58.69,67.86,True,True,True,True,True,2.2,7.1,-1.1,False,False,False,False,-8.04,0.62264778,0.58571566,6.31,3.98,True,0.6666666666666666,0.0,0.58,3.4,Actionable watch,Possible inverse H&S,"inverse-head-and-shoulders, base, reversal",12068.5,,,21.39,,,12068.5,A possible inverse head-and-shoulders base is visible. The setup improves only if price clears or holds near the neckline with better volume.,Strengthening,6.49
CONCORDBIO,Concord Biotech Ltd.,CONCORDBIO.NS,Healthcare,True,,NIFTY 500,^CRSLDX,2026-08-28,1481.1,-0.05,-5.74,4.24,88034.0,196573.0,0.45,130387155.25,54.97,75.45,False,True,True,True,True,0.19,8.14,0.13,False,False,False,False,-7.41,0.06294905,0.05861969,7.39,3.94,True,1.0,0.0,0.45,3.4,Actionable watch,Possible inverse H&S,"inverse-head-and-shoulders, base, reversal, flag, continuation, uptrend",1431.45,,,3.47,,,1431.45,A possible inverse head-and-shoulders base is visible. The setup improves only if price clears or holds near the neckline with better volume. Secondary patterns: Bullish flag.,Strengthening,6.48
ASAHIINDIA,Asahi India Glass Ltd.,ASAHIINDIA.NS,Automobile and Auto Components,True,,NIFTY 500,^CRSLDX,2026-08-28,952.7,0.15,-1.35,8.69,172883.0,256814.0,0.67,164705636.21,60.28,65.48,False,True,True,True,True,2.37,5.68,-0.06,False,False,False,False,8.72,0.04049123,0.03853646,5.07,8.37,True,0.3333333333333333,0.0,0.67,2.2,Watch,Possible inverse H&S,"inverse-head-and-shoulders, base, reversal",1012.0,,,5.86,,,1012.0,A possible inverse head-and-shoulders base is visible. The setup improves only if price clears or holds near the neckline with better volume.,Strengthening,6.47
DLF,DLF Ltd.,DLF.NS,Realty,True,,NIFTY 500,^CRSLDX,2026-08-28,679.8,0.54,0.25,3.11,1059991.0,3135324.0,0.34,720581868.86,57.91,60.03,True,True,True,True,True,2.17,4.15,-1.45,False,False,False,False,4.72,0.02889256,0.02793639,3.42,2.81,True,0.6666666666666666,0.0,0.34,4.66,Actionable watch,Breakout retest,"breakout, retest, pivot, volume, inverse-head-and-shoulders, base, reversal",678.75,2026-08-24,1.52,0.15,,,,Prior resistance has been cleared on higher volume and price is back near that pivot. This is the kind of retest zone where follow-through can matter more than chasing a stretched candle. Secondary patterns: Possible inverse H&S.,Strengthening,6.46
ZENTEC,Zen Technologies Ltd.,ZENTEC.NS,Capital Goods,True,,NIFTY 500,^CRSLDX,2026-08-28,1820.1,-0.3,-5.51,12.12,221585.0,531237.0,0.42,403306853.09,49.6,63.46,False,False,True,True,True,-0.06,1.23,2.98,False,False,False,False,19.44,0.07735708,0.07715833,0.26,11.8,True,1.0,0.0,0.42,4.7,Actionable watch,Breakout retest,"breakout, retest, pivot, volume, flag, continuation, uptrend, inverse-head-and-shoulders, base, reversal",1851.4,2026-08-18,6.16,1.69,,,,"Prior resistance has been cleared on higher volume and price is back near that pivot. This is the kind of retest zone where follow-through can matter more than chasing a stretched candle. Secondary patterns: Bullish flag, Possible inverse H&S.",Strengthening,6.4
JUBLFOOD,Jubilant Foodworks Ltd.,JUBLFOOD.NS,Consumer Services,True,,NIFTY 500,^CRSLDX,2026-08-28,490.45,-2.69,-3.22,11.91,1152289.0,3756069.0,0.31,565140154.12,53.94,66.74,False,False,True,True,True,-0.76,8.05,-1.94,False,False,False,False,9.98,0.02084489,0.01941346,7.37,11.59,True,0.3333333333333333,0.0,0.31,5.1,Actionable watch,Breakout retest,"breakout, retest, pivot, volume",473.17,2026-08-05,5.5,3.57,,,,Prior resistance has been cleared on higher volume and price is back near that pivot. This is the kind of retest zone where follow-through can matter more than chasing a stretched candle.,Strengthening,6.4
KEI,KEI Industries Ltd.,KEI.NS,Capital Goods,True,,NIFTY 500,^CRSLDX,2026-08-28,5570.0,0.61,0.77,11.42,316285.0,526886.0,0.6,1761707450.0,54.89,53.54,False,False,True,True,True,-0.64,4.76,3.28,False,False,False,False,16.9,0.23673366,0.22782981,3.91,11.1,True,1.0,0.0,0.6,4.76,Actionable watch,Breakout retest,"breakout, retest, pivot, volume, flag, continuation, uptrend, inverse-head-and-shoulders, base, reversal",5392.43,2026-06-17,1.72,1.76,,,,"Prior resistance has been cleared on higher volume and price is back near that pivot. This is the kind of retest zone where follow-through can matter more than chasing a stretched candle. Secondary patterns: Bullish flag, Possible inverse H&S.",Strengthening,6.4
CHENNPETRO,Chennai Petroleum Corporation Ltd.,CHENNPETRO.NS,Oil Gas & Consumable Fuels,True,,NIFTY 500,^CRSLDX,2026-08-28,1341.1,-0.84,-3.76,11.03,690502.0,2593037.0,0.27,926032215.34,53.8,61.5,False,False,True,True,True,-0.31,10.8,5.51,False,False,False,False,-0.51,0.05699883,0.05176838,10.1,10.7,True,1.0,0.0,0.27,4.7,Actionable watch,Breakout retest,"breakout, retest, pivot, volume, flag, continuation, uptrend",1352.5,2026-08-11,7.68,0.84,,,,Prior resistance has been cleared on higher volume and price is back near that pivot. This is the kind of retest zone where follow-through can matter more than chasing a stretched candle. Secondary patterns: Bullish flag.,Strengthening,6.4
AUROPHARMA,Aurobindo Pharma Ltd.,AUROPHARMA.NS,Healthcare,True,,NIFTY 500,^CRSLDX,2026-08-28,1645.3,0.51,1.48,4.12,484373.0,995799.0,0.49,796938920.55,58.4,53.97,True,True,True,True,True,1.2,3.82,3.85,False,False,True,False,6.97,0.06992781,0.06777465,3.18,3.82,True,1.0,0.5,0.49,3.24,Watch,Bullish flag,"flag, continuation, uptrend",1667.0,2026-08-12,0.63,,4.27,19.35,,Price has made a sharp impulse move and is now consolidating near the highs. A controlled pullback with quieter volume keeps the continuation setup alive.,Strengthening,6.4
PFOCUS,Prime Focus Ltd.,PFOCUS.NS,Media Entertainment & Publication,True,,NIFTY 500,^CRSLDX,2026-08-28,294.4,-0.42,-0.86,2.54,166014.0,938920.0,0.18,48874520.59,55.02,58.97,True,True,True,True,True,2.01,9.22,4.68,False,False,False,False,-18.59,0.01251246,0.01154957,8.34,2.24,True,1.0,0.0,0.18,5.1,Actionable watch,Breakout retest,"breakout, retest, pivot, volume, flag, continuation, uptrend, high-tight, inverse-head-and-shoulders, base, reversal",293.07,2026-07-29,3.63,0.25,,,,"Prior resistance has been cleared on higher volume and price is back near that pivot. This is the kind of retest zone where follow-through can matter more than chasing a stretched candle. Secondary patterns: High-tight flag, Possible inverse H&S.",Strengthening,6.35
CONCOR,Container Corporation of India Ltd.,CONCOR.NS,Services,True,,NIFTY 500,^CRSLDX,2026-08-28,516.0,4.65,0.18,-1.51,4310957.0,1616145.0,2.67,2224453812.0,53.35,54.11,True,True,True,True,True,0.11,3.97,-0.24,False,False,False,False,-8.7,0.0219308,0.02123936,3.26,-1.79,True,0.6666666666666666,0.0,2.67,4.58,Actionable watch,Breakout retest,"breakout, retest, pivot, volume, flag, continuation, uptrend, inverse-head-and-shoulders, base, reversal",526.08,2026-08-13,2.15,1.92,,,,"Prior resistance has been cleared on higher volume and price is back near that pivot. This is the kind of retest zone where follow-through can matter more than chasing a stretched candle. Secondary patterns: Bullish flag, Possible inverse H&S.",Setup watch: Breakout retest,6.34
CANHLIFE,Canara HSBC Life Insurance Company Ltd.,CANHLIFE.NS,Financial Services,True,,NIFTY 500,^CRSLDX,2026-08-28,154.19,-1.72,-0.68,5.57,1161040.0,811121.0,1.43,179020760.43,57.42,63.81,True,True,True,True,True,2.03,4.91,,False,False,True,False,3.0,0.00655331,0.00629523,4.1,5.26,True,0.6666666666666666,0.5,1.43,2.2,Watch,Possible inverse H&S,"inverse-head-and-shoulders, base, reversal",162.85,,,5.31,,,162.85,A possible inverse head-and-shoulders base is visible. The setup improves only if price clears or holds near the neckline with better volume.,Strengthening,6.32
BAJAJ-AUTO,Bajaj Auto Ltd.,BAJAJ-AUTO.NS,Automobile and Auto Components,True,,NIFTY 500,^CRSLDX,2026-08-28,11910.0,1.62,1.79,3.38,262585.0,228099.0,1.15,3127387350.0,64.43,62.91,True,True,True,True,True,1.59,8.98,3.01,False,False,True,False,-13.85,0.50619352,0.46773398,8.22,3.08,True,1.0,0.5,1.15,3.4,Actionable watch,Possible inverse H&S,"inverse-head-and-shoulders, base, reversal",10081.5,,,18.14,,,10081.5,A possible inverse head-and-shoulders base is visible. The setup improves only if price clears or holds near the neckline with better volume.,Strengthening,6.31
PINELABS,Pine Labs Ltd.,PINELABS.NS,Financial Services,True,,NIFTY 500,^CRSLDX,2026-08-28,165.07,-2.71,5.2,18.78,8247734.0,23108533.0,0.36,1361453511.79,56.62,50.4,True,True,True,True,,2.76,6.39,,False,False,False,False,30.03,0.00701573,0.00663326,5.77,18.44,True,0.3333333333333333,0.0,0.36,5.01,Actionable watch,Breakout retest,"breakout, retest, pivot, volume, flag, continuation, uptrend",163.43,2026-08-11,2.21,0.44,,,,Prior resistance has been cleared on higher volume and price is back near that pivot. This is the kind of retest zone where follow-through can matter more than chasing a stretched candle. Secondary patterns: Bullish flag.,Strengthening,6.3
MEESHO,Meesho Ltd.,MEESHO.NS,Consumer Services,True,,NIFTY 500,^CRSLDX,2026-08-28,208.63,0.48,1.43,14.51,9519154.0,13244787.0,0.72,1985981145.5,67.63,65.98,True,True,True,True,,5.78,9.1,,False,False,False,False,17.25,0.0088671,0.00817357,8.49,14.18,True,0.3333333333333333,0.0,0.72,5.1,Actionable watch,Breakout retest,"breakout, retest, pivot, volume, flag, continuation, uptrend, inverse-head-and-shoulders, base, reversal",195.12,2026-08-20,3.14,3.43,,,,"Prior resistance has been cleared on higher volume and price is back near that pivot. This is the kind of retest zone where follow-through can matter more than chasing a stretched candle. Secondary patterns: Bullish flag, Possible inverse H&S.",Strengthening,6.3
PIRAMALFIN,Piramal Finance Ltd.,PIRAMALFIN.NS,Financial Services,True,,NIFTY 500,^CRSLDX,2026-08-28,2278.4,2.23,4.48,10.84,394644.0,266549.0,1.48,899156851.06,72.69,63.07,True,True,True,True,True,7.32,7.16,,False,True,True,True,15.02,0.09683554,0.09102988,6.38,10.52,True,0.6666666666666666,1.0,1.48,5.1,Actionable watch,Breakout retest,"breakout, retest, pivot, volume",2193.07,2026-08-26,3.9,0.83,,,,Prior resistance has been cleared on higher volume and price is back near that pivot. This is the kind of retest zone where follow-through can matter more than chasing a stretched candle.,Strengthening,6.3
AMBER,Amber Enterprises India Ltd.,AMBER.NS,Consumer Durables,True,,NIFTY 500,^CRSLDX,2026-08-28,7675.0,-0.34,4.42,3.15,271303.0,358321.0,0.76,2082250525.0,61.26,49.44,True,True,True,True,True,4.51,2.42,-0.87,False,False,False,False,4.12,0.32619944,0.32100103,1.62,2.85,True,0.6666666666666666,0.0,0.76,3.4,Actionable watch,Possible inverse H&S,"inverse-head-and-shoulders, base, reversal",7483.25,,,2.56,,,7483.25,A possible inverse head-and-shoulders base is visible. The setup improves only if price clears or holds near the neckline with better volume.,Strengthening,6.26
NEWGEN,Newgen Software Technologies Ltd.,NEWGEN.NS,Information Technology,True,,NIFTY 500,^CRSLDX,2026-08-28,567.1,8.43,8.49,2.05,10500343.0,1236026.0,8.5,5954744258.94,62.77,46.41,True,True,True,True,False,4.95,9.0,-6.18,False,True,False,False,-14.06,0.02410263,0.02226785,8.24,1.76,True,0.3333333333333333,0.5,8.5,5.1,Actionable watch,Breakout retest,"breakout, retest, pivot, volume, inverse-head-and-shoulders, base, reversal",539.77,2026-08-28,13.64,2.79,,,,Prior resistance has been cleared on higher volume and price is back near that pivot. This is the kind of retest zone where follow-through can matter more than chasing a stretched candle. Secondary patterns: Possible inverse H&S.,Strengthening with volume,6.25
LODHA,Lodha Developers Ltd.,LODHA.NS,Realty,True,,NIFTY 500,^CRSLDX,2026-08-28,1274.0,2.22,2.58,2.78,994076.0,1205830.0,0.82,1266452824.0,60.73,58.63,True,True,True,True,True,3.04,9.79,0.47,False,False,True,False,-14.41,0.05414698,0.04961442,9.14,2.48,True,1.0,0.5,0.82,3.56,Actionable watch,Bullish flag,"flag, continuation, uptrend, inverse-head-and-shoulders, base, reversal",1311.74,2026-07-29,0.4,,10.7,44.53,,Price has made a sharp impulse move and is now consolidating near the highs. A controlled pullback with quieter volume keeps the continuation setup alive. Secondary patterns: Possible inverse H&S.,Strengthening,6.24
EICHERMOT,Eicher Motors Ltd.,EICHERMOT.NS,Automobile and Auto Components,True,,NIFTY 500,^CRSLDX,2026-08-28,8059.0,-0.51,0.61,2.88,336950.0,378880.0,0.89,2715480050.0,60.94,60.69,True,True,True,True,True,0.39,4.94,1.63,False,False,True,False,-4.53,0.34252003,0.32864248,4.22,2.58,True,1.0,0.5,0.89,3.4,Actionable watch,Possible inverse H&S,"inverse-head-and-shoulders, base, reversal",7832.75,,,2.89,,,7832.75,A possible inverse head-and-shoulders base is visible. The setup improves only if price clears or holds near the neckline with better volume.,Strengthening,6.21
COFORGE,Coforge Ltd.,COFORGE.NS,Information Technology,True,,NIFTY 500,^CRSLDX,2026-08-28,2014.6,5.93,6.5,17.33,5515290.0,2120512.0,2.6,11111103099.35,77.89,72.96,True,True,True,True,True,9.96,22.87,0.5,False,True,True,True,-0.03,0.08562363,0.0700959,22.15,16.99,True,1.0,1.0,2.6,3.4,Actionable watch,Possible inverse H&S,"inverse-head-and-shoulders, base, reversal",1664.0,,,21.07,,,1664.0,A possible inverse head-and-shoulders base is visible. The setup improves only if price clears or holds near the neckline with better volume.,Strengthening with volume,6.19
DIVISLAB,Divi's Laboratories Ltd.,DIVISLAB.NS,Healthcare,True,,NIFTY 500,^CRSLDX,2026-08-28,9239.0,1.98,7.47,14.68,773191.0,496720.0,1.56,7143511649.0,81.33,73.84,True,True,True,True,True,7.56,20.6,3.07,False,True,True,True,-4.55,0.39267187,0.3276604,19.84,14.35,True,1.0,1.0,1.56,3.4,Actionable watch,Possible inverse H&S,"inverse-head-and-shoulders, base, reversal",6849.75,,,34.88,,,6849.75,A possible inverse head-and-shoulders base is visible. The setup improves only if price clears or holds near the neckline with better volume.,Strengthening with volume,6.19
BALRAMCHIN,Balrampur Chini Mills Ltd.,BALRAMCHIN.NS,Fast Moving Consumer Goods,True,,NIFTY 500,^CRSLDX,2026-08-28,654.85,0.75,-10.21,11.71,2100523.0,4644869.0,0.45,1375527435.27,51.71,66.61,False,False,True,True,True,-0.29,7.53,4.06,False,False,False,False,7.88,0.02783214,0.02605199,6.83,11.39,True,1.0,0.0,0.45,3.4,Actionable watch,Possible inverse H&S,"inverse-head-and-shoulders, base, reversal, flag, continuation, uptrend",460.95,,,42.07,,,460.95,A possible inverse head-and-shoulders base is visible. The setup improves only if price clears or holds near the neckline with better volume. Secondary patterns: Bullish flag.,Strengthening,6.19
TATACAP,Tata Capital Ltd.,TATACAP.NS,Financial Services,True,,NIFTY 500,^CRSLDX,2026-08-28,375.7,-0.08,2.92,2.82,1158212.0,1657859.0,0.7,435140262.54,62.93,54.01,True,True,True,True,True,2.23,4.37,1.23,False,False,True,False,-1.52,0.01596783,0.01540884,3.63,2.52,True,1.0,0.5,0.7,3.4,Actionable watch,Possible inverse H&S,"inverse-head-and-shoulders, base, reversal",356.65,,,5.34,,,356.65,A possible inverse head-and-shoulders base is visible. The setup improves only if price clears or holds near the neckline with better volume.,Strengthening,6.19
ENDURANCE,Endurance Technologies Ltd.,ENDURANCE.NS,Automobile and Auto Components,True,,NIFTY 500,^CRSLDX,2026-08-28,2929.2,-0.53,-3.31,6.2,119626.0,156723.0,0.76,350408473.36,53.18,65.61,False,False,True,True,True,-0.71,4.79,0.32,False,False,False,False,1.72,0.12449555,0.11954338,4.14,5.89,True,1.0,0.0,0.76,3.4,Actionable watch,Possible inverse H&S,"inverse-head-and-shoulders, base, reversal",2727.4,,,7.4,,,2727.4,A possible inverse head-and-shoulders base is visible. The setup improves only if price clears or holds near the neckline with better volume.,Strengthening,6.17
GRAPHITE,Graphite India Ltd.,GRAPHITE.NS,Capital Goods,True,,NIFTY 500,^CRSLDX,2026-08-28,696.0,1.9,-2.08,6.03,929555.0,1370365.0,0.68,646970280.0,50.33,56.07,False,False,True,True,True,-2.31,5.41,2.24,False,False,False,False,0.74,0.02958108,0.02827686,4.61,5.73,True,1.0,0.0,0.68,3.36,Watch,Bullish flag,"flag, continuation, uptrend",737.15,2026-08-18,0.42,,8.64,28.63,,Price has made a sharp impulse move and is now consolidating near the highs. A controlled pullback with quieter volume keeps the continuation setup alive.,Strengthening,6.12
WELSPUNLIV,Welspun Living Ltd.,WELSPUNLIV.NS,Textiles,True,,NIFTY 500,^CRSLDX,2026-08-28,190.46,-0.95,0.66,22.14,3067859.0,10467133.0,0.29,584304445.74,70.66,72.24,True,True,True,True,True,9.72,13.16,3.3,False,False,True,False,31.12,0.00809485,0.00719907,12.44,21.78,True,1.0,0.5,0.29,3.4,Actionable watch,Possible inverse H&S,"inverse-head-and-shoulders, base, reversal",145.9,,,30.54,,,145.9,A possible inverse head-and-shoulders base is visible. The setup improves only if price clears or holds near the neckline with better volume.,Strengthening,6.09
MOTILALOFS,Motilal Oswal Financial Services Ltd.,MOTILALOFS.NS,Financial Services,True,,NIFTY 500,^CRSLDX,2026-08-28,1038.3,0.02,4.88,21.87,553912.0,1257536.0,0.44,575126856.65,74.67,68.33,True,True,True,True,True,10.8,11.0,-0.79,False,False,False,False,34.14,0.04412937,0.04005039,10.18,21.52,True,0.6666666666666666,0.0,0.44,3.4,Actionable watch,Possible inverse H&S,"inverse-head-and-shoulders, base, reversal",856.25,,,21.26,,,856.25,A possible inverse head-and-shoulders base is visible. The setup improves only if price clears or holds near the neckline with better volume.,Strengthening,6.09
BOSCHLTD,Bosch Ltd.,BOSCHLTD.NS,Automobile and Auto Components,True,,NIFTY 500,^CRSLDX,2026-08-28,48640.0,-0.29,0.91,19.17,26114.0,48453.0,0.54,1270184960.0,73.76,74.91,True,True,True,True,True,5.36,13.07,2.29,False,False,True,False,21.42,2.06727565,1.84040969,12.33,18.82,True,1.0,0.5,0.54,3.4,Actionable watch,Possible inverse H&S,"inverse-head-and-shoulders, base, reversal",38997.5,,,24.73,,,38997.5,A possible inverse head-and-shoulders base is visible. The setup improves only if price clears or holds near the neckline with better volume.,Strengthening,6.09
PARADEEP,Paradeep Phosphates Ltd.,PARADEEP.NS,Chemicals,True,,NIFTY 500,^CRSLDX,2026-08-28,165.88,3.32,11.72,12.59,8462785.0,6473244.0,1.31,1403806817.12,70.58,55.17,True,True,True,True,True,9.86,14.65,-1.45,False,True,False,False,12.44,0.00705016,0.00619105,13.88,12.27,True,0.6666666666666666,0.5,1.31,3.4,Actionable watch,Possible inverse H&S,"inverse-head-and-shoulders, base, reversal",155.88,,,6.42,,,155.88,A possible inverse head-and-shoulders base is visible. The setup improves only if price clears or holds near the neckline with better volume.,Strengthening,6.09
THELEELA,Leela Palaces Hotels & Resorts Ltd.,THELEELA.NS,Consumer Services,True,,NIFTY 500,^CRSLDX,2026-08-28,555.25,0.26,-1.15,12.26,455523.0,736356.0,0.62,252929145.75,68.19,74.32,True,True,True,True,True,5.83,10.84,2.03,False,False,True,False,8.67,0.02359899,0.02144636,10.04,11.94,True,1.0,0.5,0.62,3.4,Actionable watch,Possible inverse H&S,"inverse-head-and-shoulders, base, reversal, flag, continuation, uptrend",491.0,,,13.09,,,491.0,A possible inverse head-and-shoulders base is visible. The setup improves only if price clears or holds near the neckline with better volume. Secondary patterns: Bullish flag.,Strengthening,6.09
JINDALSTEL,Jindal Steel Ltd.,JINDALSTEL.NS,Metals & Mining,True,,NIFTY 500,^CRSLDX,2026-08-28,1179.2,0.79,4.56,7.16,652406.0,830480.0,0.79,769317123.34,68.51,59.47,True,True,True,True,True,5.06,9.11,0.72,False,True,False,False,2.97,0.05011783,0.04631763,8.2,6.85,True,0.6666666666666666,0.5,0.79,3.4,Actionable watch,Possible inverse H&S,"inverse-head-and-shoulders, base, reversal",1148.35,,,2.69,,,1148.35,A possible inverse head-and-shoulders base is visible. The setup improves only if price clears or holds near the neckline with better volume.,Strengthening,6.09
LAURUSLABS,Laurus Labs Ltd.,LAURUSLABS.NS,Healthcare,True,,NIFTY 500,^CRSLDX,2026-08-28,1938.5,0.47,7.57,6.73,2230824.0,1962491.0,1.14,4324452324.0,74.76,60.0,True,True,True,True,True,5.22,15.76,7.74,False,True,True,True,-10.53,0.08238926,0.07159548,15.08,6.43,True,1.0,1.0,1.14,3.4,Actionable watch,Possible inverse H&S,"inverse-head-and-shoulders, base, reversal",1124.2,,,72.43,,,1124.2,A possible inverse head-and-shoulders base is visible. The setup improves only if price clears or holds near the neckline with better volume.,Strengthening,6.09
OBEROIRLTY,Oberoi Realty Ltd.,OBEROIRLTY.NS,Realty,True,,NIFTY 500,^CRSLDX,2026-08-28,1870.0,-0.15,-0.85,2.31,263019.0,468194.0,0.56,491845530.0,53.65,56.52,False,True,True,True,True,1.38,1.6,0.82,False,False,False,False,8.08,0.07947791,0.07872648,0.95,2.02,True,1.0,0.0,0.56,3.4,Actionable watch,Possible inverse H&S,"inverse-head-and-shoulders, base, reversal",1755.55,,,6.52,,,1755.55,A possible inverse head-and-shoulders base is visible. The setup improves only if price clears or holds near the neckline with better volume.,Strengthening,6.09
KARURVYSYA,Karur Vysya Bank Ltd.,KARURVYSYA.NS,Financial Services,True,,NIFTY 500,^CRSLDX,2026-08-28,346.0,-0.09,3.13,1.04,1302237.0,1678092.0,0.78,450574002.0,60.75,56.81,True,True,True,True,True,2.19,7.78,3.49,False,False,True,False,-16.72,0.01470554,0.01373687,7.05,0.75,True,1.0,0.5,0.78,5.1,Actionable watch,Breakout retest,"breakout, retest, pivot, volume, inverse-head-and-shoulders, base, reversal",345.79,2026-08-26,2.4,0.06,,,,Prior resistance has been cleared on higher volume and price is back near that pivot. This is the kind of retest zone where follow-through can matter more than chasing a stretched candle. Secondary patterns: Possible inverse H&S.,Strengthening,6.05
TITAN,Titan Company Ltd.,TITAN.NS,Consumer Durables,True,,NIFTY 500,^CRSLDX,2026-08-28,5169.2,0.58,1.63,6.03,547794.0,858552.0,0.64,2831656851.79,71.93,69.13,True,True,True,True,True,2.18,8.59,3.23,False,True,True,True,-3.17,0.21969905,0.20377763,7.81,5.72,True,1.0,1.0,0.64,3.4,Actionable watch,Possible inverse H&S,"inverse-head-and-shoulders, base, reversal",4453.1,,,16.08,,,4453.1,A possible inverse head-and-shoulders base is visible. The setup improves only if price clears or holds near the neckline with better volume.,Strengthening,6.03
PCBL,PCBL Chemical Ltd.,PCBL.NS,Chemicals,True,,NIFTY 500,^CRSLDX,2026-08-28,322.1,-0.28,1.43,2.74,353132.0,1185798.0,0.3,113743819.36,51.56,49.23,True,True,True,True,True,0.24,1.34,-1.14,False,False,False,False,4.12,0.01368975,0.01359662,0.68,2.44,True,0.6666666666666666,0.0,0.3,2.89,Actionable watch,Possible inverse H&S,"inverse-head-and-shoulders, base, reversal, flag, continuation, uptrend",319.32,,,0.87,,,319.32,A possible inverse head-and-shoulders base is visible. The setup improves only if price clears or holds near the neckline with better volume. Secondary patterns: Bullish flag.,Strengthening,6.0
HINDALCO,Hindalco Industries Ltd.,HINDALCO.NS,Metals & Mining,True,,NIFTY 500,^CRSLDX,2026-08-28,1037.4,1.31,0.33,6.46,1687919.0,4645085.0,0.36,1751047211.81,53.52,55.2,False,False,True,True,True,-0.33,4.61,2.54,False,False,False,False,4.09,0.04409111,0.04248226,3.79,6.15,True,1.0,0.0,0.36,2.78,Actionable watch,Possible inverse H&S,"inverse-head-and-shoulders, base, reversal",1031.75,,,0.55,,,1031.75,A possible inverse head-and-shoulders base is visible. The setup improves only if price clears or holds near the neckline with better volume.,Strengthening,5.97
KALYANKJIL,Kalyan Jewellers India Ltd.,KALYANKJIL.NS,Consumer Durables,True,,NIFTY 500,^CRSLDX,2026-08-28,615.8,-2.15,2.03,0.52,7908165.0,13242476.0,0.6,4869847910.46,60.71,60.4,True,True,True,True,True,1.98,15.89,2.32,False,False,True,False,-59.02,0.02617246,0.02272446,15.17,0.23,True,1.0,0.5,0.6,4.8,Actionable watch,High-tight flag,"flag, continuation, uptrend, high-tight, inverse-head-and-shoulders, base, reversal",634.6,2026-07-30,0.27,,13.07,78.89,,Price has made a sharp impulse move and is now consolidating near the highs. A controlled pullback with quieter volume keeps the continuation setup alive. Secondary patterns: Possible inverse H&S.,Strengthening,5.95
HAL,Hindustan Aeronautics Ltd.,HAL.NS,Capital Goods,True,,NIFTY 500,^CRSLDX,2026-08-28,4861.1,-0.77,-2.78,4.83,483811.0,1116086.0,0.43,2351853699.35,53.09,66.87,False,False,True,True,True,-0.92,4.65,0.45,False,False,False,False,0.33,0.20660431,0.19878741,3.93,4.53,True,1.0,0.0,0.43,3.4,Actionable watch,Possible inverse H&S,"inverse-head-and-shoulders, base, reversal, flag, continuation, uptrend",4541.5,,,7.04,,,4541.5,A possible inverse head-and-shoulders base is visible. The setup improves only if price clears or holds near the neckline with better volume. Secondary patterns: Bullish flag.,Strengthening,5.9
LALPATHLAB,Dr. Lal Path Labs Ltd.,LALPATHLAB.NS,Healthcare,True,,NIFTY 500,^CRSLDX,2026-08-28,1931.1,-0.27,1.95,1.36,90724.0,248184.0,0.37,175197114.19,62.19,57.94,True,True,True,True,True,0.76,7.72,2.47,False,False,True,False,-14.22,0.08207475,0.07664366,7.09,1.07,True,1.0,0.5,0.37,3.4,Actionable watch,Possible inverse H&S,"inverse-head-and-shoulders, base, reversal, flag, continuation, uptrend",1472.75,,,31.12,,,1472.75,A possible inverse head-and-shoulders base is visible. The setup improves only if price clears or holds near the neckline with better volume. Secondary patterns: Bullish flag.,Strengthening,5.9
HYUNDAI,Hyundai Motor India Ltd.,HYUNDAI.NS,Automobile and Auto Components,True,,NIFTY 500,^CRSLDX,2026-08-28,2267.0,0.62,2.17,4.95,855254.0,714813.0,1.2,1938860818.0,69.19,64.8,True,True,True,True,True,2.3,10.04,-0.57,False,True,False,False,-4.0,0.09635103,0.08813938,9.32,4.65,True,0.3333333333333333,0.5,1.2,3.4,Actionable watch,Possible inverse H&S,"inverse-head-and-shoulders, base, reversal",2212.75,,,2.45,,,2212.75,A possible inverse head-and-shoulders base is visible. The setup improves only if price clears or holds near the neckline with better volume.,Strengthening,5.82
POONAWALLA,Poonawalla Fincorp Ltd.,POONAWALLA.NS,Financial Services,True,,NIFTY 500,^CRSLDX,2026-08-28,479.05,-0.68,-2.24,3.34,559742.0,1264038.0,0.44,268144398.27,50.07,56.33,False,False,True,True,True,-1.22,1.94,-0.17,False,False,False,False,3.17,0.02036037,0.02009755,1.31,3.05,True,0.6666666666666666,0.0,0.44,4.35,Actionable watch,Breakout retest,"breakout, retest, pivot, volume, flag, continuation, uptrend, inverse-head-and-shoulders, base, reversal",492.09,2026-08-13,1.7,2.65,,,,"Prior resistance has been cleared on higher volume and price is back near that pivot. This is the kind of retest zone where follow-through can matter more than chasing a stretched candle. Secondary patterns: Bullish flag, Possible inverse H&S.",Strengthening,5.81
ABB,ABB India Ltd.,ABB.NS,Capital Goods,True,,NIFTY 500,^CRSLDX,2026-08-28,7509.0,0.25,1.14,4.3,98511.0,243710.0,0.4,739719099.0,52.32,49.73,False,False,True,True,True,-0.92,3.19,4.14,False,False,True,False,-0.1,0.31914418,0.31159641,2.42,3.99,True,1.0,0.5,0.4,3.4,Actionable watch,Possible inverse H&S,"inverse-head-and-shoulders, base, reversal",5654.0,,,32.81,,,5654.0,A possible inverse head-and-shoulders base is visible. The setup improves only if price clears or holds near the neckline with better volume.,Strengthening,5.79
HONASA,Honasa Consumer Ltd.,HONASA.NS,Fast Moving Consumer Goods,True,,NIFTY 500,^CRSLDX,2026-08-28,470.65,-2.32,-1.73,5.35,684018.0,2108670.0,0.32,321933067.53,50.96,58.32,False,False,True,True,True,-0.54,2.41,5.96,False,False,False,False,8.35,0.02000336,0.01966712,1.71,5.04,True,1.0,0.0,0.32,2.72,Watch,Bullish flag,"flag, continuation, uptrend",499.69,2026-08-14,1.64,,6.95,25.57,,Price has made a sharp impulse move and is now consolidating near the highs. A controlled pullback with quieter volume keeps the continuation setup alive.,Strengthening,5.76
AWL,AWL Agri Business Ltd.,AWL.NS,Fast Moving Consumer Goods,True,,NIFTY 500,^CRSLDX,2026-08-28,196.27,-1.74,4.33,3.61,1133847.0,3496081.0,0.32,222540155.53,55.27,44.08,True,True,True,True,False,1.22,3.4,-3.48,False,False,False,False,4.85,0.00834178,0.00812538,2.66,3.31,True,0.3333333333333333,0.0,0.32,4.7,Actionable watch,Breakout retest,"breakout, retest, pivot, volume",197.07,2026-08-25,5.26,0.41,,,,Prior resistance has been cleared on higher volume and price is back near that pivot. This is the kind of retest zone where follow-through can matter more than chasing a stretched candle.,Strengthening,5.76
ZFCVINDIA,ZF Commercial Vehicle Control Systems India Ltd.,ZFCVINDIA.NS,Automobile and Auto Components,True,,NIFTY 500,^CRSLDX,2026-08-28,2568.0,-0.1,-3.53,6.21,70679.0,115122.0,0.61,181503672.0,51.19,64.37,False,False,True,True,True,-1.38,2.77,1.94,False,False,False,False,6.35,0.10914399,0.10694841,2.05,5.9,True,1.0,0.0,0.61,2.2,Watch,Possible inverse H&S,"inverse-head-and-shoulders, base, reversal",2696.42,,,4.76,,,2696.42,A possible inverse head-and-shoulders base is visible. The setup improves only if price clears or holds near the neckline with better volume.,Strengthening,5.75
NYKAA,FSN E-Commerce Ventures Ltd.,NYKAA.NS,Consumer Services,True,,NIFTY 500,^CRSLDX,2026-08-28,335.65,-0.7,0.49,0.67,1538324.0,6247122.0,0.25,516338441.21,56.65,57.78,True,True,True,True,True,1.06,3.51,2.86,False,False,True,False,-6.33,0.01426565,0.01387756,2.8,0.38,True,1.0,0.5,0.25,3.33,Watch,Bullish flag,"flag, continuation, uptrend",344.9,2026-08-03,0.78,,7.68,26.73,,Price has made a sharp impulse move and is now consolidating near the highs. A controlled pullback with quieter volume keeps the continuation setup alive.,Strengthening,5.74
NAM-INDIA,Nippon Life India Asset Management Ltd.,NAM-INDIA.NS,Financial Services,True,,NIFTY 500,^CRSLDX,2026-08-28,1194.4,-0.8,-4.52,2.84,504864.0,1051020.0,0.48,603009573.93,50.0,63.26,False,False,True,True,True,-0.46,0.97,3.35,False,False,False,False,7.86,0.05076386,0.05066075,0.2,2.54,True,1.0,0.0,0.48,4.25,Actionable watch,Breakout retest,"breakout, retest, pivot, volume, inverse-head-and-shoulders, base, reversal",1218.83,2026-08-21,1.49,2.0,,,,Prior resistance has been cleared on higher volume and price is back near that pivot. This is the kind of retest zone where follow-through can matter more than chasing a stretched candle. Secondary patterns: Possible inverse H&S.,Strengthening,5.71
ATHERENERG,Ather Energy Ltd.,ATHERENERG.NS,Automobile and Auto Components,True,,NIFTY 500,^CRSLDX,2026-08-28,1616.3,8.09,10.55,28.25,14534560.0,4939925.0,2.94,23492210037.7,73.21,61.28,True,True,True,True,True,9.48,24.89,9.56,False,True,True,True,17.1,0.06869527,0.05531898,24.18,27.88,True,1.0,1.0,2.94,0.0,No clear setup,,,,,,,,,,,Strengthening with volume,5.7
GLENMARK,Glenmark Pharmaceuticals Ltd.,GLENMARK.NS,Healthcare,True,,NIFTY 500,^CRSLDX,2026-08-28,2515.0,2.24,8.5,12.58,807632.0,529478.0,1.53,2031194480.0,73.54,56.71,True,True,True,True,True,8.28,11.13,2.25,False,True,True,True,11.91,0.10689141,0.09690665,10.3,12.26,True,1.0,1.0,1.53,0.0,No clear setup,,,,,,,,,,,Strengthening with volume,5.7
IPCALAB,Ipca Laboratories Ltd.,IPCALAB.NS,Healthcare,True,,NIFTY 500,^CRSLDX,2026-08-28,1950.3,-0.48,2.05,11.97,276397.0,713225.0,0.39,539057082.6,67.1,64.76,True,True,True,True,True,6.7,9.53,3.55,False,False,True,False,14.07,0.08289079,0.07618109,8.81,11.65,True,1.0,0.5,0.39,0.0,No clear setup,,,,,,,,,,,Strengthening,5.7
SOLARINDS,Solar Industries India Ltd.,SOLARINDS.NS,Chemicals,True,,NIFTY 500,^CRSLDX,2026-08-28,20400.0,-0.87,2.51,10.92,128626.0,147893.0,0.87,2623970400.0,64.89,62.09,True,True,True,True,True,4.62,8.65,3.76,False,False,True,False,11.89,0.86703173,0.80406456,7.83,10.6,True,1.0,0.5,0.87,0.0,No clear setup,,,,,,,,,,,Strengthening,5.7
COCHINSHIP,Cochin Shipyard Ltd.,COCHINSHIP.NS,Capital Goods,True,,NIFTY 500,^CRSLDX,2026-08-28,1535.0,-0.52,3.68,7.87,411786.0,1111315.0,0.37,632091510.0,62.19,54.01,True,True,True,True,True,2.78,5.28,-1.83,False,False,False,False,14.83,0.06523989,0.0624024,4.55,7.56,True,0.3333333333333333,0.0,0.37,0.0,No clear setup,,,,,,,,,,,Strengthening,5.7
SHYAMMETL,Shyam Metalics and Energy Ltd.,SHYAMMETL.NS,Capital Goods,True,,NIFTY 500,^CRSLDX,2026-08-28,1099.8,5.51,11.67,6.93,2682592.0,616284.0,4.35,2950314812.59,73.55,44.73,True,True,True,True,True,9.01,10.21,1.35,False,True,True,True,-0.81,0.04674321,0.04273333,9.38,6.62,True,1.0,1.0,4.35,0.0,No clear setup,,,,,,,,,,,Strengthening with volume,5.7
HEROMOTOCO,Hero MotoCorp Ltd.,HEROMOTOCO.NS,Automobile and Auto Components,True,,NIFTY 500,^CRSLDX,2026-08-28,5600.0,0.9,-2.35,3.97,408211.0,643217.0,0.63,2285981600.0,54.89,65.93,False,False,True,True,True,-1.72,7.05,0.69,False,False,False,False,-8.19,0.23800871,0.22385179,6.32,3.67,True,0.6666666666666666,0.0,0.63,3.31,Watch,Bullish flag,"flag, continuation, uptrend",5895.0,2026-08-12,0.6,,6.96,24.77,,Price has made a sharp impulse move and is now consolidating near the highs. A controlled pullback with quieter volume keeps the continuation setup alive.,Strengthening,5.69
TVSMOTOR,TVS Motor Company Ltd.,TVSMOTOR.NS,Automobile and Auto Components,True,,NIFTY 500,^CRSLDX,2026-08-28,4304.2,-2.39,-1.95,-0.21,2653668.0,906837.0,2.93,11421918323.89,54.12,66.43,False,False,True,True,True,-1.91,8.21,2.39,False,False,False,False,-18.59,0.1829352,0.17001796,7.6,-0.49,True,1.0,0.0,2.93,3.4,Actionable watch,Possible inverse H&S,"inverse-head-and-shoulders, base, reversal, flag, continuation, uptrend",3910.25,,,10.07,,,3910.25,A possible inverse head-and-shoulders base is visible. The setup improves only if price clears or holds near the neckline with better volume. Secondary patterns: Bullish flag.,Setup watch: Possible inverse H&S,5.69
SHRIRAMFIN,Shriram Finance Ltd.,SHRIRAMFIN.NS,Financial Services,True,,NIFTY 500,^CRSLDX,2026-08-28,1086.9,-1.28,-3.81,3.84,2207255.0,3930620.0,0.56,2399065513.39,47.53,60.96,False,False,True,True,True,-2.75,1.81,4.05,False,False,False,False,5.8,0.04619494,0.04565766,1.18,3.54,True,1.0,0.0,0.56,3.36,Actionable watch,Possible inverse H&S,"inverse-head-and-shoulders, base, reversal",1062.65,,,2.28,,,1062.65,A possible inverse head-and-shoulders base is visible. The setup improves only if price clears or holds near the neckline with better volume.,Strengthening,5.68
AJANTPHARM,Ajanta Pharmaceuticals Ltd.,AJANTPHARM.NS,Healthcare,True,,NIFTY 500,^CRSLDX,2026-08-28,3557.0,0.38,-2.27,3.59,39912.0,81403.0,0.49,141966984.0,53.84,63.71,False,False,True,True,True,-0.39,3.74,4.03,False,False,False,False,-0.18,0.15117803,0.14663386,3.1,3.29,True,1.0,0.0,0.49,3.29,Watch,Bullish flag,"flag, continuation, uptrend",3718.2,2026-08-17,0.64,,6.21,22.85,,Price has made a sharp impulse move and is now consolidating near the highs. A controlled pullback with quieter volume keeps the continuation setup alive.,Strengthening,5.61
WELCORP,Welspun Corp Ltd.,WELCORP.NS,Capital Goods,True,,NIFTY 500,^CRSLDX,2026-08-28,2373.8,-1.33,2.68,43.81,1342520.0,2514373.0,0.53,3186874041.55,78.29,90.27,True,True,True,True,True,18.27,36.29,10.75,False,False,True,False,29.5,0.10089019,0.07445623,35.5,43.4,True,1.0,0.5,0.53,4.2,Actionable watch,High-tight flag,"flag, continuation, uptrend, high-tight, inverse-head-and-shoulders, base, reversal",2409.2,2026-08-24,2.64,,9.33,75.95,,Price has made a sharp impulse move and is now consolidating near the highs. A controlled pullback with quieter volume keeps the continuation setup alive. Secondary patterns: Possible inverse H&S.,Strengthening,5.6
EIDPARRY,E.I.D. Parry (India) Ltd.,EIDPARRY.NS,Fast Moving Consumer Goods,True,,NIFTY 500,^CRSLDX,2026-08-28,805.3,1.26,1.0,5.95,567850.0,897812.0,0.63,457289598.07,55.37,55.32,True,True,True,True,False,1.12,4.92,-2.82,False,False,False,False,3.97,0.0342265,0.03283827,4.23,5.65,True,0.3333333333333333,0.0,0.63,2.2,Actionable watch,Possible inverse H&S,"inverse-head-and-shoulders, base, reversal",815.75,,,1.28,,,815.75,A possible inverse head-and-shoulders base is visible. The setup improves only if price clears or holds near the neckline with better volume.,Strengthening,5.6
JMFINANCIL,JM Financial Ltd.,JMFINANCIL.NS,Financial Services,True,,NIFTY 500,^CRSLDX,2026-08-28,129.29,-0.89,0.82,5.84,2230013.0,4131579.0,0.54,288318365.8,53.78,54.24,True,True,True,True,False,1.16,2.34,-2.57,False,False,False,False,12.67,0.00549503,0.00540759,1.62,5.53,True,0.3333333333333333,0.0,0.54,2.2,Watch,Possible inverse H&S,"inverse-head-and-shoulders, base, reversal",135.06,,,4.28,,,135.06,A possible inverse head-and-shoulders base is visible. The setup improves only if price clears or holds near the neckline with better volume.,Strengthening,5.58
POLYMED,Poly Medicure Ltd.,POLYMED.NS,Healthcare,True,,NIFTY 500,^CRSLDX,2026-08-28,1733.0,1.4,1.0,2.03,197406.0,202545.0,0.97,342104598.0,51.23,48.84,False,False,True,True,True,-0.98,1.85,-1.08,False,False,False,False,0.98,0.0736552,0.07273971,1.26,1.74,True,0.6666666666666666,0.0,0.97,4.7,Actionable watch,Breakout retest,"breakout, retest, pivot, volume, flag, continuation, uptrend, inverse-head-and-shoulders, base, reversal",1751.48,2026-08-11,8.05,1.06,,,,"Prior resistance has been cleared on higher volume and price is back near that pivot. This is the kind of retest zone where follow-through can matter more than chasing a stretched candle. Secondary patterns: Bullish flag, Possible inverse H&S.",Strengthening,5.55
INDIANB,Indian Bank,INDIANB.NS,Financial Services,True,,NIFTY 500,^CRSLDX,2026-08-28,882.4,-0.23,0.63,5.49,456577.0,1259957.0,0.36,402883555.95,57.17,56.77,True,True,True,True,True,0.61,4.19,0.69,False,False,False,False,1.2,0.03750337,0.03627411,3.39,5.18,True,0.6666666666666666,0.0,0.36,0.0,No clear setup,,,,,,,,,,,Strengthening,5.54
TECHM,Tech Mahindra Ltd.,TECHM.NS,Information Technology,True,,NIFTY 500,^CRSLDX,2026-08-28,1640.9,3.53,3.59,-0.63,3415061.0,2605105.0,1.31,5603773678.28,61.51,48.62,True,True,True,True,True,1.47,6.59,1.5,False,False,False,False,-17.23,0.0697408,0.06584624,5.91,-0.92,True,1.0,0.0,1.31,3.4,Actionable watch,Possible inverse H&S,"inverse-head-and-shoulders, base, reversal, flag, continuation, uptrend",1576.05,,,4.11,,,1576.05,A possible inverse head-and-shoulders base is visible. The setup improves only if price clears or holds near the neckline with better volume. Secondary patterns: Bullish flag.,Setup watch: Possible inverse H&S,5.51
AUBANK,AU Small Finance Bank Ltd.,AUBANK.NS,Financial Services,True,,NIFTY 500,^CRSLDX,2026-08-28,1077.1,-1.27,-2.81,2.85,871802.0,1670314.0,0.52,939017912.92,50.52,63.97,False,False,True,True,True,-0.63,2.07,2.3,False,False,False,False,4.18,0.04577842,0.04515928,1.37,2.55,True,1.0,0.0,0.52,3.4,Actionable watch,Possible inverse H&S,"inverse-head-and-shoulders, base, reversal",1029.85,,,4.59,,,1029.85,A possible inverse head-and-shoulders base is visible. The setup improves only if price clears or holds near the neckline with better volume.,Strengthening,5.5
EXIDEIND,Exide Industries Ltd.,EXIDEIND.NS,Automobile and Auto Components,True,,NIFTY 500,^CRSLDX,2026-08-28,444.6,1.56,-3.26,-1.16,6027526.0,3478574.0,1.73,2679838096.39,45.2,52.28,False,False,True,True,True,-4.47,1.74,2.23,False,False,False,False,-8.68,0.01889619,0.01868795,1.11,-1.44,True,1.0,0.0,1.73,3.4,Actionable watch,Possible inverse H&S,"inverse-head-and-shoulders, base, reversal, flag, continuation, uptrend",360.8,,,23.23,,,360.8,A possible inverse head-and-shoulders base is visible. The setup improves only if price clears or holds near the neckline with better volume. Secondary patterns: Bullish flag.,Setup watch: Possible inverse H&S,5.5
LICHSGFIN,LIC Housing Finance Ltd.,LICHSGFIN.NS,Financial Services,True,,NIFTY 500,^CRSLDX,2026-08-28,535.0,-0.09,7.65,4.33,4032382.0,2654073.0,1.52,2157324370.0,64.45,41.61,True,True,True,True,True,6.82,2.46,-1.18,False,False,False,False,10.2,0.02273833,0.0223568,1.71,4.03,True,0.3333333333333333,0.0,1.52,-2.0,Risk review,Head-and-shoulders risk,"head-and-shoulders, risk, distribution",533.52,,,0.28,,,533.52,"A possible head-and-shoulders top is forming or breaking. This is a caution signal, not an entry setup.",Risk review,5.41
KFINTECH,Kfin Technologies Ltd.,KFINTECH.NS,Financial Services,True,,NIFTY 500,^CRSLDX,2026-08-28,949.95,-0.74,-3.07,1.28,586824.0,955866.0,0.61,557453465.96,52.61,63.08,False,False,True,True,True,-0.02,4.2,-1.58,False,False,False,False,-6.29,0.04037435,0.03904614,3.4,0.99,True,0.3333333333333333,0.0,0.61,5.05,Actionable watch,Breakout retest,"breakout, retest, pivot, volume, inverse-head-and-shoulders, base, reversal",942.54,2026-07-28,2.3,0.01,,,,Prior resistance has been cleared on higher volume and price is back near that pivot. This is the kind of retest zone where follow-through can matter more than chasing a stretched candle. Secondary patterns: Possible inverse H&S.,Strengthening,5.4
URBANCO,Urban Company Ltd.,URBANCO.NS,Consumer Services,True,,NIFTY 500,^CRSLDX,2026-08-28,168.41,0.63,6.19,30.16,8656148.0,19341074.0,0.45,1457781916.38,76.82,73.94,True,True,True,True,True,12.13,20.81,-0.04,False,False,False,False,32.35,0.00715769,0.00596459,20.0,29.78,True,0.6666666666666666,0.0,0.45,3.4,Actionable watch,Possible inverse H&S,"inverse-head-and-shoulders, base, reversal",142.07,,,18.54,,,142.07,A possible inverse head-and-shoulders base is visible. The setup improves only if price clears or holds near the neckline with better volume.,Strengthening,5.39
JYOTICNC,Jyoti CNC Automation Ltd.,JYOTICNC.NS,Capital Goods,True,,NIFTY 500,^CRSLDX,2026-08-28,1039.4,0.93,5.12,28.54,873855.0,1592633.0,0.55,908284908.33,79.46,76.54,True,True,True,True,True,15.31,25.09,-0.08,False,True,True,False,23.91,0.04417612,0.03553077,24.33,28.16,True,0.6666666666666666,1.0,0.55,3.4,Actionable watch,Possible inverse H&S,"inverse-head-and-shoulders, base, reversal",865.25,,,20.13,,,865.25,A possible inverse head-and-shoulders base is visible. The setup improves only if price clears or holds near the neckline with better volume.,Strengthening,5.39
GLAXO,Glaxosmithkline Pharmaceuticals Ltd.,GLAXO.NS,Healthcare,True,,NIFTY 500,^CRSLDX,2026-08-28,3106.4,1.22,7.04,16.98,135764.0,182821.0,0.74,421737276.34,77.63,68.96,True,True,True,True,True,11.23,19.63,0.81,False,True,True,True,6.55,0.13202683,0.11107895,18.86,16.65,True,1.0,1.0,0.74,3.4,Actionable watch,Possible inverse H&S,"inverse-head-and-shoulders, base, reversal",2623.9,,,18.39,,,2623.9,A possible inverse head-and-shoulders base is visible. The setup improves only if price clears or holds near the neckline with better volume.,Strengthening,5.39
ARE&M,Amara Raja Energy & Mobility Ltd.,ARE&M.NS,Automobile and Auto Components,True,,NIFTY 500,^CRSLDX,2026-08-28,921.35,1.04,0.17,1.2,567121.0,1246754.0,0.45,522516919.5,51.58,51.11,False,False,True,True,True,-1.15,3.15,-0.57,False,False,False,False,-5.47,0.03915881,0.03822906,2.43,0.91,True,0.6666666666666666,0.0,0.45,4.37,Actionable watch,Breakout retest,"breakout, retest, pivot, volume, flag, continuation, uptrend, inverse-head-and-shoulders, base, reversal",926.62,2026-08-05,1.73,0.57,,,,"Prior resistance has been cleared on higher volume and price is back near that pivot. This is the kind of retest zone where follow-through can matter more than chasing a stretched candle. Secondary patterns: Bullish flag, Possible inverse H&S.",Strengthening,5.38
TORNTPHARM,Torrent Pharmaceuticals Ltd.,TORNTPHARM.NS,Healthcare,True,,NIFTY 500,^CRSLDX,2026-08-28,5050.0,1.02,3.13,-1.42,184014.0,381689.0,0.48,929270700.0,58.65,48.7,True,True,True,True,True,2.07,3.59,3.28,False,True,True,False,-8.41,0.21463285,0.20856894,2.91,-1.71,True,1.0,1.0,0.48,3.4,Actionable watch,Possible inverse H&S,"inverse-head-and-shoulders, base, reversal",4519.0,,,11.75,,,4519.0,A possible inverse head-and-shoulders base is visible. The setup improves only if price clears or holds near the neckline with better volume.,Setup watch: Possible inverse H&S,5.35
AFFLE,Affle 3i Ltd.,AFFLE.NS,Information Technology,True,,NIFTY 500,^CRSLDX,2026-08-28,1620.2,-1.82,-5.73,2.16,133531.0,194754.0,0.69,216346919.68,46.88,61.39,False,False,True,True,True,-3.46,3.28,-1.2,False,False,False,False,-5.69,0.06886102,0.0671247,2.59,1.86,True,0.6666666666666666,0.0,0.69,3.3,Watch,Bullish flag,"flag, continuation, uptrend, inverse-head-and-shoulders, base, reversal",1740.0,2026-08-24,0.36,,7.68,24.33,,Price has made a sharp impulse move and is now consolidating near the highs. A controlled pullback with quieter volume keeps the continuation setup alive. Secondary patterns: Possible inverse H&S.,Strengthening,5.33
CHOLAFIN,Cholamandalam Investment and Finance Company Ltd.,CHOLAFIN.NS,Financial Services,True,,NIFTY 500,^CRSLDX,2026-08-28,1862.9,-0.67,0.0,0.7,802975.0,1081400.0,0.74,1495862147.1,51.73,52.32,False,False,True,True,True,-1.25,2.11,1.12,False,False,False,False,-2.28,0.07917615,0.07798343,1.53,0.41,True,1.0,0.0,0.74,4.6,Actionable watch,Breakout retest,"breakout, retest, pivot, volume, inverse-head-and-shoulders, base, reversal",1839.62,2026-08-03,1.39,0.29,,,,Prior resistance has been cleared on higher volume and price is back near that pivot. This is the kind of retest zone where follow-through can matter more than chasing a stretched candle. Secondary patterns: Possible inverse H&S.,Strengthening,5.28
APOLLOTYRE,Apollo Tyres Ltd.,APOLLOTYRE.NS,Automobile and Auto Components,True,,NIFTY 500,^CRSLDX,2026-08-28,443.5,0.06,0.86,3.59,836230.0,1038934.0,0.8,370868005.0,56.33,54.4,True,True,True,True,False,0.55,1.99,-1.3,False,False,False,False,7.93,0.01884944,0.01860611,1.31,3.29,True,0.3333333333333333,0.0,0.8,2.37,Actionable watch,Possible inverse H&S,"inverse-head-and-shoulders, base, reversal",446.57,,,0.69,,,446.57,A possible inverse head-and-shoulders base is visible. The setup improves only if price clears or holds near the neckline with better volume.,Strengthening,5.19
CASTROLIND,Castrol India Ltd.,CASTROLIND.NS,Oil Gas & Consumable Fuels,True,,NIFTY 500,^CRSLDX,2026-08-28,185.24,-0.02,-1.35,3.36,847795.0,3297599.0,0.26,157045550.46,52.18,64.65,False,False,True,True,True,-0.6,1.91,0.08,False,False,False,False,3.29,0.00787299,0.00778013,1.19,3.06,True,1.0,0.0,0.26,2.2,Watch,Possible inverse H&S,"inverse-head-and-shoulders, base, reversal",195.3,,,5.15,,,195.3,A possible inverse head-and-shoulders base is visible. The setup improves only if price clears or holds near the neckline with better volume.,Strengthening,5.18
KAYNES,Kaynes Technology India Ltd.,KAYNES.NS,Capital Goods,True,,NIFTY 500,^CRSLDX,2026-08-28,3943.1,-1.88,1.37,3.64,673231.0,1288101.0,0.52,2654617221.85,61.48,63.77,True,True,True,True,True,3.01,12.1,-6.98,False,False,False,False,-10.0,0.16758789,0.15044616,11.39,3.34,True,0.3333333333333333,0.0,0.52,0.0,No clear setup,,,,,,,,,,,Strengthening,5.17
PIDILITIND,Pidilite Industries Ltd.,PIDILITIND.NS,Chemicals,True,,NIFTY 500,^CRSLDX,2026-08-28,1629.5,-1.6,-1.18,1.12,449540.0,986331.0,0.46,732525430.0,46.57,52.36,False,False,True,True,True,-2.08,0.91,1.26,False,False,False,False,-0.04,0.06925628,0.06909513,0.23,0.83,True,1.0,0.0,0.46,3.4,Actionable watch,Possible inverse H&S,"inverse-head-and-shoulders, base, reversal",1474.9,,,10.48,,,1474.9,A possible inverse head-and-shoulders base is visible. The setup improves only if price clears or holds near the neckline with better volume.,Strengthening,5.16
CPPLUS,Aditya Infotech Ltd.,CPPLUS.NS,Capital Goods,True,,NIFTY 500,^CRSLDX,2026-08-28,3576.6,-1.46,2.91,5.47,138476.0,260022.0,0.53,495273275.12,52.64,47.9,True,True,True,True,True,0.72,0.43,10.07,False,False,False,False,11.27,0.15201107,0.15251214,-0.33,5.17,False,1.0,0.0,0.53,2.25,Watch,Bullish flag,"flag, continuation, uptrend",3899.1,2026-08-12,1.52,,19.94,19.61,,Price has made a sharp impulse move and is now consolidating near the highs. A controlled pullback with quieter volume keeps the continuation setup alive.,Setup watch: Bullish flag,5.12
LT,Larsen & Toubro Ltd.,LT.NS,Construction,True,,NIFTY 500,^CRSLDX,2026-08-28,4045.8,0.47,-1.15,2.71,893597.0,1396438.0,0.64,3615314786.23,52.39,60.35,False,False,True,True,True,-0.28,1.12,0.47,False,False,False,False,5.26,0.17195279,0.17125342,0.41,2.42,True,1.0,0.0,0.64,2.2,Watch,Possible inverse H&S,"inverse-head-and-shoulders, base, reversal",4294.5,,,5.79,,,4294.5,A possible inverse head-and-shoulders base is visible. The setup improves only if price clears or holds near the neckline with better volume.,Strengthening,5.05
CYIENT,Cyient Ltd.,CYIENT.NS,Information Technology,True,,NIFTY 500,^CRSLDX,2026-08-28,1107.45,5.2,24.06,30.64,2503404.0,1544977.0,1.62,2772394637.56,83.79,58.36,True,True,True,True,True,22.29,26.25,-2.6,False,True,False,False,35.7,0.04706835,0.03751878,25.45,30.26,True,0.3333333333333333,0.5,1.62,0.0,No clear setup,,,,,,,,,,,Strengthening with volume,5.0
ABCAPITAL,Aditya Birla Capital Ltd.,ABCAPITAL.NS,Financial Services,True,,NIFTY 500,^CRSLDX,2026-08-28,405.55,-1.09,-1.8,0.31,1216894.0,3531857.0,0.34,493511346.85,50.06,56.07,False,False,True,True,True,-1.1,0.78,2.67,False,False,False,False,-0.05,0.01723651,0.01720964,0.16,0.02,True,1.0,0.0,0.34,3.4,Actionable watch,Possible inverse H&S,"inverse-head-and-shoulders, base, reversal",365.07,,,11.09,,,365.07,A possible inverse head-and-shoulders base is visible. The setup improves only if price clears or holds near the neckline with better volume.,Strengthening,4.99
SONATSOFTW,Sonata Software Ltd.,SONATSOFTW.NS,Information Technology,True,,NIFTY 500,^CRSLDX,2026-08-28,304.6,5.22,0.2,-5.17,2110500.0,1409956.0,1.5,642858312.88,48.52,46.13,False,False,True,True,True,-4.04,1.53,-1.49,False,False,False,False,-22.22,0.01294597,0.01284575,0.78,-5.45,True,0.6666666666666666,0.0,1.5,5.1,Actionable watch,Breakout retest,"breakout, retest, pivot, volume, flag, continuation, uptrend, inverse-head-and-shoulders, base, reversal",292.57,2026-07-13,6.28,0.98,,,,"Prior resistance has been cleared on higher volume and price is back near that pivot. This is the kind of retest zone where follow-through can matter more than chasing a stretched candle. Secondary patterns: Bullish flag, Possible inverse H&S.",Setup watch: Breakout retest,4.91
HFCL,HFCL Ltd.,HFCL.NS,Telecommunication,True,,NIFTY 500,^CRSLDX,2026-08-28,251.47,2.29,10.29,29.68,17020395.0,20642729.0,0.82,4280118751.43,70.04,60.04,True,True,True,True,True,12.62,16.92,13.39,False,True,True,True,39.5,0.01068787,0.00920014,16.17,29.3,True,1.0,1.0,0.82,0.0,No clear setup,,,,,,,,,,,Strengthening,4.9
MCX,Multi Commodity Exchange of India Ltd.,MCX.NS,Financial Services,True,,NIFTY 500,^CRSLDX,2026-08-28,3332.0,2.05,4.87,24.07,1360609.0,2910635.0,0.47,4533549188.0,70.73,69.45,True,True,True,True,True,12.33,16.48,4.45,False,False,True,False,28.69,0.14161518,0.12241457,15.68,23.71,True,1.0,0.5,0.47,0.0,No clear setup,,,,,,,,,,,Strengthening,4.9
JINDALSAW,Jindal Saw Ltd.,JINDALSAW.NS,Capital Goods,True,,NIFTY 500,^CRSLDX,2026-08-28,308.6,-0.53,5.81,20.1,1152961.0,2858675.0,0.4,355803771.64,71.14,69.82,True,True,True,True,True,11.43,15.37,4.81,False,False,True,False,21.96,0.01311598,0.01144716,14.58,19.75,True,1.0,0.5,0.4,0.0,No clear setup,,,,,,,,,,,Strengthening,4.9
IDBI,IDBI Bank Ltd.,IDBI.NS,Financial Services,True,,NIFTY 500,^CRSLDX,2026-08-28,92.66,0.46,12.67,10.64,10392589.0,10980957.0,0.95,962977334.8,69.17,46.01,True,True,True,True,True,9.05,9.15,-1.35,False,False,False,False,11.11,0.00393819,0.00363093,8.46,10.32,True,0.3333333333333333,0.0,0.95,0.0,No clear setup,,,,,,,,,,,Strengthening,4.9
VEDL,Vedanta Ltd.,VEDL.NS,Metals & Mining,True,,NIFTY 500,^CRSLDX,2026-08-28,287.95,2.47,3.21,8.97,19429000.0,13910597.0,1.4,5594580787.17,59.62,55.25,True,True,True,False,False,4.88,5.66,-4.24,False,True,False,False,15.06,0.01223832,0.01168846,4.7,8.65,True,0.3333333333333333,0.5,1.4,0.0,No clear setup,,,,,,,,,,,Strengthening,4.9
NCC,NCC Ltd.,NCC.NS,Construction,True,,NIFTY 500,^CRSLDX,2026-08-28,148.4,-1.26,-0.78,6.81,1457178.0,2885195.0,0.51,216245206.31,58.89,64.77,True,True,True,False,False,3.37,3.52,-3.76,False,False,False,False,12.78,0.00630723,0.00613847,2.75,6.5,True,0.3333333333333333,0.0,0.51,0.0,No clear setup,,,,,,,,,,,Strengthening,4.9
BALKRISIND,Balkrishna Industries Ltd.,BALKRISIND.NS,Automobile and Auto Components,True,,NIFTY 500,^CRSLDX,2026-08-28,2340.1,-0.51,-0.46,-5.24,755064.0,244819.0,3.08,1766925340.14,50.34,51.95,False,False,True,True,True,-3.17,3.43,0.57,False,False,False,False,-16.36,0.09945789,0.09680001,2.75,-5.51,True,0.6666666666666666,0.0,3.08,5.1,Actionable watch,Breakout retest,"breakout, retest, pivot, volume, flag, continuation, uptrend, inverse-head-and-shoulders, base, reversal",2308.14,2026-07-31,9.07,0.8,,,,"Prior resistance has been cleared on higher volume and price is back near that pivot. This is the kind of retest zone where follow-through can matter more than chasing a stretched candle. Secondary patterns: Bullish flag, Possible inverse H&S.",Setup watch: Breakout retest,4.9
BAJAJHLDNG,Bajaj Holdings & Investment Ltd.,BAJAJHLDNG.NS,Financial Services,True,,NIFTY 500,^CRSLDX,2026-08-28,11340.0,-0.52,0.18,-0.03,31933.0,41450.0,0.77,362120220.0,53.79,55.78,True,False,True,True,True,-0.61,3.53,-0.92,False,False,False,False,-2.0,0.48196764,0.46877037,2.82,-0.31,True,0.6666666666666666,0.0,0.77,3.3,Actionable watch,Possible inverse H&S,"inverse-head-and-shoulders, base, reversal",11107.5,,,2.09,,,11107.5,A possible inverse head-and-shoulders base is visible. The setup improves only if price clears or holds near the neckline with better volume.,Setup watch: Possible inverse H&S,4.89
LTTS,L&T Technology Services Ltd.,LTTS.NS,Information Technology,True,,NIFTY 500,^CRSLDX,2026-08-28,3568.7,0.87,-1.0,0.37,48138.0,86538.0,0.56,171790078.25,54.29,57.67,True,True,True,True,False,0.16,4.24,-1.42,False,False,False,False,-10.05,0.1516753,0.1465016,3.53,0.08,True,0.3333333333333333,0.0,0.56,3.25,Watch,Bullish flag,"flag, continuation, uptrend, inverse-head-and-shoulders, base, reversal",3652.7,2026-08-11,0.38,,5.57,19.85,,Price has made a sharp impulse move and is now consolidating near the highs. A controlled pullback with quieter volume keeps the continuation setup alive. Secondary patterns: Possible inverse H&S.,Strengthening,4.85
UNITDSPR,United Spirits Ltd.,UNITDSPR.NS,Fast Moving Consumer Goods,True,,NIFTY 500,^CRSLDX,2026-08-28,1510.0,-0.79,-2.96,-0.39,612741.0,499159.0,1.23,925238910.0,51.04,65.76,False,False,True,True,True,-1.42,3.88,1.21,False,False,True,False,-9.57,0.06417735,0.062142,3.28,-0.68,True,1.0,0.5,1.23,3.4,Actionable watch,Possible inverse H&S,"inverse-head-and-shoulders, base, reversal, flag, continuation, uptrend",1446.7,,,4.38,,,1446.7,A possible inverse head-and-shoulders base is visible. The setup improves only if price clears or holds near the neckline with better volume. Secondary patterns: Bullish flag.,Setup watch: Possible inverse H&S,4.85
OIL,Oil India Ltd.,OIL.NS,Oil Gas & Consumable Fuels,True,,NIFTY 500,^CRSLDX,2026-08-28,482.85,2.77,1.65,5.29,1906789.0,2940752.0,0.65,920693080.29,61.97,59.38,True,True,True,True,True,3.52,8.26,1.17,False,True,False,False,-2.92,0.02052188,0.0190958,7.47,4.98,True,0.6666666666666666,0.5,0.65,-2.0,Risk review,Head-and-shoulders risk,"head-and-shoulders, risk, distribution, inverse-head-and-shoulders, base, reversal",460.22,,,4.92,,,460.22,"A possible head-and-shoulders top is forming or breaking. This is a caution signal, not an entry setup. Secondary patterns: Possible inverse H&S.",Risk review,4.8
M&M,Mahindra & Mahindra Ltd.,M&M.NS,Automobile and Auto Components,True,,NIFTY 500,^CRSLDX,2026-08-28,3334.0,0.12,-2.29,-1.9,1743814.0,1783871.0,0.98,5813875876.0,47.28,57.13,False,False,True,True,True,-2.58,2.28,-0.41,False,False,False,False,-9.78,0.14170019,0.13938395,1.66,-2.18,True,0.3333333333333333,0.0,0.98,4.95,Actionable watch,Breakout retest,"breakout, retest, pivot, volume",3208.9,2026-07-30,2.1,2.9,,,,Prior resistance has been cleared on higher volume and price is back near that pivot. This is the kind of retest zone where follow-through can matter more than chasing a stretched candle.,Setup watch: Breakout retest,4.76
CARBORUNIV,Carborundum Universal Ltd.,CARBORUNIV.NS,Capital Goods,True,,NIFTY 500,^CRSLDX,2026-08-28,1116.8,1.23,-4.53,4.98,85149.0,251746.0,0.34,95094407.36,50.89,59.21,False,False,True,True,True,-0.31,0.5,2.34,False,False,False,False,11.74,0.04746574,0.04765079,-0.39,4.68,False,1.0,0.0,0.34,3.4,Actionable watch,Possible inverse H&S,"inverse-head-and-shoulders, base, reversal",961.2,,,16.19,,,961.2,A possible inverse head-and-shoulders base is visible. The setup improves only if price clears or holds near the neckline with better volume.,Setup watch: Possible inverse H&S,4.73
KAJARIACER,Kajaria Ceramics Ltd.,KAJARIACER.NS,Consumer Durables,True,,NIFTY 500,^CRSLDX,2026-08-28,1215.5,1.26,0.58,1.44,91389.0,233480.0,0.39,111083329.5,51.03,48.43,False,True,True,True,True,0.13,0.19,0.22,False,False,False,False,2.15,0.05166064,0.05190988,-0.48,1.14,False,1.0,0.0,0.39,3.4,Actionable watch,Possible inverse H&S,"inverse-head-and-shoulders, base, reversal",1131.63,,,7.41,,,1131.63,A possible inverse head-and-shoulders base is visible. The setup improves only if price clears or holds near the neckline with better volume.,Setup watch: Possible inverse H&S,4.72
DALBHARAT,Dalmia Bharat Ltd.,DALBHARAT.NS,Construction Materials,True,,NIFTY 500,^CRSLDX,2026-08-28,1845.3,-1.65,-1.85,2.53,72289.0,210904.0,0.34,133394895.23,50.79,61.1,False,False,True,True,False,-0.22,2.21,-1.41,False,False,False,False,0.97,0.07842812,0.0772616,1.51,2.24,True,0.3333333333333333,0.0,0.34,3.39,Watch,Breakout retest,"breakout, retest, pivot, volume",1848.98,2026-08-19,1.38,0.2,,,,Prior resistance has been cleared on higher volume and price is back near that pivot. This is the kind of retest zone where follow-through can matter more than chasing a stretched candle.,Strengthening,4.63
IDFCFIRSTB,IDFC First Bank Ltd.,IDFCFIRSTB.NS,Financial Services,True,,NIFTY 500,^CRSLDX,2026-08-28,83.12,-0.81,-4.18,-1.55,14245180.0,11484102.0,1.24,1184059400.73,45.2,64.41,False,False,True,True,True,-2.43,0.9,0.93,False,False,False,False,-6.37,0.00353273,0.0035248,0.23,-1.84,True,1.0,0.0,1.24,3.4,Actionable watch,Possible inverse H&S,"inverse-head-and-shoulders, base, reversal",71.98,,,15.48,,,71.98,A possible inverse head-and-shoulders base is visible. The setup improves only if price clears or holds near the neckline with better volume.,Setup watch: Possible inverse H&S,4.62
BAJAJFINSV,Bajaj Finserv Ltd.,BAJAJFINSV.NS,Financial Services,True,,NIFTY 500,^CRSLDX,2026-08-28,2002.0,-0.45,-1.5,-1.34,466690.0,1097626.0,0.43,934313380.0,53.65,61.18,False,False,True,True,True,-1.37,3.86,-0.37,False,False,False,False,-7.93,0.08508811,0.08247931,3.16,-1.62,True,0.6666666666666666,0.0,0.43,3.25,Watch,Bullish flag,"flag, continuation, uptrend, inverse-head-and-shoulders, base, reversal",2105.0,2026-08-04,0.73,,6.19,20.37,,Price has made a sharp impulse move and is now consolidating near the highs. A controlled pullback with quieter volume keeps the continuation setup alive. Secondary patterns: Possible inverse H&S.,Setup watch: Bullish flag,4.61
M&MFIN,Mahindra & Mahindra Financial Services Ltd.,M&MFIN.NS,Financial Services,True,,NIFTY 500,^CRSLDX,2026-08-28,376.6,-1.76,-1.31,-2.37,886138.0,2405604.0,0.37,333719576.21,48.96,52.86,False,False,True,True,True,-3.77,5.43,2.81,False,False,False,False,-19.93,0.01600609,0.01524991,4.96,-2.65,True,1.0,0.0,0.37,3.56,Actionable watch,Bullish flag,"flag, continuation, uptrend, inverse-head-and-shoulders, base, reversal",412.3,2026-08-10,0.32,,9.89,44.75,,Price has made a sharp impulse move and is now consolidating near the highs. A controlled pullback with quieter volume keeps the continuation setup alive. Secondary patterns: Possible inverse H&S.,Setup watch: Bullish flag,4.52
ANURAS,Anupam Rasayan India Ltd.,ANURAS.NS,Chemicals,True,,NIFTY 500,^CRSLDX,2026-08-28,1260.4,0.05,1.34,4.36,131636.0,300850.0,0.44,165914017.61,61.91,57.8,True,True,True,False,False,2.73,1.16,1.09,False,False,False,False,9.59,0.05356896,0.05334392,0.42,4.05,True,0.6666666666666666,0.0,0.44,0.0,No clear setup,,,,,,,,,,,Strengthening,4.51
ICICIBANK,ICICI Bank Ltd.,ICICIBANK.NS,Financial Services,True,,NIFTY 500,^CRSLDX,2026-08-28,1422.8,-1.4,0.2,-0.04,8625517.0,9202333.0,0.94,12272386008.77,51.4,51.78,True,False,True,True,True,-0.35,0.89,0.52,False,False,True,False,-1.34,0.06047121,0.06032068,0.25,-0.33,True,1.0,0.5,0.94,2.2,Watch,Possible inverse H&S,"inverse-head-and-shoulders, base, reversal",1461.95,,,2.68,,,1461.95,A possible inverse head-and-shoulders base is visible. The setup improves only if price clears or holds near the neckline with better volume.,Setup watch: Possible inverse H&S,4.5
NUVAMA,Nuvama Wealth Management Ltd.,NUVAMA.NS,Financial Services,True,,NIFTY 500,^CRSLDX,2026-08-28,1805.0,1.18,3.52,0.07,246060.0,331001.0,0.74,444138300.0,57.71,49.33,True,True,True,True,True,4.92,0.38,2.04,False,True,False,False,4.86,0.07671531,0.07698448,-0.35,-0.22,False,1.0,0.5,0.74,3.4,Actionable watch,Possible inverse H&S,"inverse-head-and-shoulders, base, reversal",1473.0,,,22.54,,,1473.0,A possible inverse head-and-shoulders base is visible. The setup improves only if price clears or holds near the neckline with better volume.,Setup watch: Possible inverse H&S,4.45
SUMICHEM,Sumitomo Chemical India Ltd.,SUMICHEM.NS,Chemicals,True,,NIFTY 500,^CRSLDX,2026-08-28,517.85,-1.36,-3.14,1.48,76406.0,401452.0,0.19,39566845.23,44.95,50.97,False,False,True,True,True,-3.65,1.56,0.74,False,False,False,False,0.04,0.02200943,0.02182995,0.82,1.19,True,1.0,0.0,0.19,3.44,Actionable watch,Bullish flag,"flag, continuation, uptrend, inverse-head-and-shoulders, base, reversal",564.95,2026-08-14,0.15,,9.17,34.87,,Price has made a sharp impulse move and is now consolidating near the highs. A controlled pullback with quieter volume keeps the continuation setup alive. Secondary patterns: Possible inverse H&S.,Strengthening,4.44
OLAELEC,Ola Electric Mobility Ltd.,OLAELEC.NS,Automobile and Auto Components,True,,NIFTY 500,^CRSLDX,2026-08-28,38.98,3.59,3.31,0.83,78423367.0,48296856.0,1.62,3056942809.76,51.24,41.87,True,True,False,False,True,0.3,-2.27,-3.15,False,False,False,False,14.21,0.00165671,0.00170799,-3.0,0.54,False,0.3333333333333333,0.0,1.62,3.4,Actionable watch,Possible inverse H&S,"inverse-head-and-shoulders, base, reversal",37.77,,,3.19,,,37.77,A possible inverse head-and-shoulders base is visible. The setup improves only if price clears or holds near the neckline with better volume.,Setup watch: Possible inverse H&S,4.4
ADANIPORTS,Adani Ports and Special Economic Zone Ltd.,ADANIPORTS.NS,Services,True,,NIFTY 500,^CRSLDX,2026-08-28,1707.5,-0.38,0.44,0.65,3267967.0,1757098.0,1.86,5580053652.5,48.61,44.54,True,True,False,False,True,1.01,-2.92,1.54,False,False,False,False,10.46,0.07257141,0.07534141,-3.68,0.36,False,0.6666666666666666,0.0,1.86,3.4,Actionable watch,Possible inverse H&S,"inverse-head-and-shoulders, base, reversal",1549.45,,,10.2,,,1549.45,A possible inverse head-and-shoulders base is visible. The setup improves only if price clears or holds near the neckline with better volume.,Setup watch: Possible inverse H&S,4.36
ANANTRAJ,Anant Raj Ltd.,ANANTRAJ.NS,Realty,True,,NIFTY 500,^CRSLDX,2026-08-28,606.15,0.15,-3.02,-2.94,615598.0,1652183.0,0.37,373144742.73,47.97,58.51,False,False,True,True,True,-2.16,3.08,-0.25,False,False,False,False,-15.22,0.02576232,0.02515766,2.4,-3.22,True,0.6666666666666666,0.0,0.37,3.4,Actionable watch,Possible inverse H&S,"inverse-head-and-shoulders, base, reversal, flag, continuation, uptrend",586.62,,,3.33,,,586.62,A possible inverse head-and-shoulders base is visible. The setup improves only if price clears or holds near the neckline with better volume. Secondary patterns: Bullish flag.,Setup watch: Possible inverse H&S,4.35
INFY,Infosys Ltd.,INFY.NS,Information Technology,True,,NIFTY 500,^CRSLDX,2026-08-28,1144.0,2.99,2.05,1.23,9619511.0,8016703.0,1.2,11004720584.0,53.02,47.14,True,False,True,True,False,-0.65,3.9,-2.27,False,False,False,False,-6.24,0.04862178,0.04712067,3.19,0.94,True,0.3333333333333333,0.0,1.2,3.26,Watch,Bullish flag,"flag, continuation, uptrend, inverse-head-and-shoulders, base, reversal",1190.7,2026-08-11,0.56,,7.54,20.85,,Price has made a sharp impulse move and is now consolidating near the highs. A controlled pullback with quieter volume keeps the continuation setup alive. Secondary patterns: Possible inverse H&S.,Strengthening,4.33
HINDCOPPER,Hindustan Copper Ltd.,HINDCOPPER.NS,Metals & Mining,True,,NIFTY 500,^CRSLDX,2026-08-28,533.55,-0.51,-6.84,8.53,10108091.0,17919504.0,0.56,5393171829.66,49.87,65.5,False,False,True,True,True,-1.59,4.27,4.13,False,False,False,False,10.41,0.0226767,0.02191238,3.49,8.22,True,1.0,0.0,0.56,-2.0,Risk review,Head-and-shoulders risk,"head-and-shoulders, risk, distribution, flag, continuation, uptrend",512.88,,,4.03,,,512.88,"A possible head-and-shoulders top is forming or breaking. This is a caution signal, not an entry setup. Secondary patterns: Bullish flag.",Risk review,4.3
PNB,Punjab National Bank,PNB.NS,Financial Services,True,,NIFTY 500,^CRSLDX,2026-08-28,115.4,0.0,-0.99,2.39,8500970.0,12675760.0,0.67,981011950.97,54.14,59.85,False,False,True,True,True,-0.38,3.95,-0.04,False,False,False,False,-4.17,0.00490468,0.00475141,3.23,2.09,True,0.3333333333333333,0.0,0.67,0.0,No clear setup,,,,,,,,,,,Strengthening,4.22
APLAPOLLO,APL Apollo Tubes Ltd.,APLAPOLLO.NS,Capital Goods,True,,NIFTY 500,^CRSLDX,2026-08-28,2265.6,3.55,5.92,24.52,1037503.0,774680.0,1.34,2350566898.12,84.31,76.97,True,True,True,True,True,9.46,18.1,1.57,False,True,True,False,23.09,0.09629153,0.08214753,17.22,24.16,True,0.6666666666666666,1.0,1.34,0.0,No clear setup,,,,,,,,,,,Strengthening,4.2
BEL,Bharat Electronics Ltd.,BEL.NS,Capital Goods,True,,NIFTY 500,^CRSLDX,2026-08-28,411.9,0.22,-0.51,6.35,8024554.0,10139468.0,0.79,3305313743.62,55.51,60.83,True,True,True,False,False,1.51,1.13,-0.18,False,False,False,False,13.89,0.01750639,0.01745263,0.31,6.04,True,0.3333333333333333,0.0,0.79,-2.0,Risk review,Head-and-shoulders risk,"head-and-shoulders, risk, distribution",394.27,,,4.47,,,394.27,"A possible head-and-shoulders top is forming or breaking. This is a caution signal, not an entry setup.",Risk review,4.2
AIIL,Authum Investment & Infrastructure Ltd.,AIIL.NS,Financial Services,True,,NIFTY 500,^CRSLDX,2026-08-28,545.9,-1.44,-1.15,1.22,114584.0,495503.0,0.23,62551408.4,47.36,50.09,False,False,True,True,True,-2.97,0.45,-0.66,False,False,False,False,-1.14,0.0232016,0.02327703,-0.32,0.93,False,0.6666666666666666,0.0,0.23,5.1,Actionable watch,Breakout retest,"breakout, retest, pivot, volume, flag, continuation, uptrend, inverse-head-and-shoulders, base, reversal",522.62,2026-06-12,48.34,4.09,,,,"Prior resistance has been cleared on higher volume and price is back near that pivot. This is the kind of retest zone where follow-through can matter more than chasing a stretched candle. Secondary patterns: Bullish flag, Possible inverse H&S.",Setup watch: Breakout retest,4.19
HOMEFIRST,Home First Finance Company India Ltd.,HOMEFIRST.NS,Financial Services,True,,NIFTY 500,^CRSLDX,2026-08-28,1198.3,-0.16,0.39,0.78,89891.0,112902.0,0.8,107716389.69,54.45,53.02,True,True,True,True,True,1.16,0.33,-0.16,False,False,False,False,2.51,0.05092962,0.05109313,-0.32,0.49,False,0.6666666666666666,0.0,0.8,2.2,Watch,Possible inverse H&S,"inverse-head-and-shoulders, base, reversal",1252.35,,,4.32,,,1252.35,A possible inverse head-and-shoulders base is visible. The setup improves only if price clears or holds near the neckline with better volume.,Setup watch: Possible inverse H&S,4.17
NMDC,NMDC Ltd.,NMDC.NS,Metals & Mining,True,,NIFTY 500,^CRSLDX,2026-08-28,86.76,1.21,2.54,2.02,14210304.0,19691431.0,0.72,1232886005.4,55.55,48.94,True,True,True,False,True,1.75,2.2,1.5,False,False,False,False,2.83,0.00368744,0.00363676,1.39,1.73,True,1.0,0.0,0.72,-2.0,Risk review,Head-and-shoulders risk,"head-and-shoulders, risk, distribution, breakout, retest, pivot, volume",84.94,,,2.14,,,84.94,"A possible head-and-shoulders top is forming or breaking. This is a caution signal, not an entry setup. Secondary patterns: Breakout retest.",Risk review,4.15
RBLBANK,RBL Bank Ltd.,RBLBANK.NS,Financial Services,True,,NIFTY 500,^CRSLDX,2026-08-28,382.0,-0.88,-2.68,1.99,963697.0,2174572.0,0.44,368132254.0,51.06,63.59,False,False,True,True,True,-1.02,1.98,2.09,False,False,True,False,-1.58,0.01623559,0.01603736,1.24,1.7,True,1.0,0.5,0.44,0.0,No clear setup,,,,,,,,,,,Strengthening,4.14
LTF,L&T Finance Ltd.,LTF.NS,Financial Services,True,,NIFTY 500,^CRSLDX,2026-08-28,314.3,-2.36,-0.9,0.98,2885571.0,4609273.0,0.63,906934930.08,49.69,53.62,False,False,True,True,True,-0.65,0.51,1.52,False,False,False,False,6.15,0.01335824,0.01337341,-0.11,0.69,False,1.0,0.0,0.63,4.78,Actionable watch,Breakout retest,"breakout, retest, pivot, volume, inverse-head-and-shoulders, base, reversal",303.35,2026-06-30,1.76,3.61,,,,Prior resistance has been cleared on higher volume and price is back near that pivot. This is the kind of retest zone where follow-through can matter more than chasing a stretched candle. Secondary patterns: Possible inverse H&S.,Setup watch: Breakout retest,4.14
HEXT,Hexaware Technologies Ltd.,HEXT.NS,Information Technology,True,,NIFTY 500,^CRSLDX,2026-08-28,555.7,-0.16,4.37,-1.06,188517.0,365768.0,0.52,104758899.2,49.73,40.55,True,False,True,True,False,-0.62,0.96,-2.32,False,False,False,False,-3.4,0.02361811,0.02355919,0.25,-1.34,True,0.3333333333333333,0.0,0.52,4.7,Actionable watch,Breakout retest,"breakout, retest, pivot, volume, flag, continuation, uptrend",558.12,2026-07-28,8.52,0.43,,,,Prior resistance has been cleared on higher volume and price is back near that pivot. This is the kind of retest zone where follow-through can matter more than chasing a stretched candle. Secondary patterns: Bullish flag.,Setup watch: Breakout retest,4.13
WHIRLPOOL,Whirlpool of India Ltd.,WHIRLPOOL.NS,Consumer Durables,True,,NIFTY 500,^CRSLDX,2026-08-28,813.25,-2.74,6.46,1.89,892612.0,582942.0,1.53,725916709.0,57.78,42.63,True,True,True,False,False,3.17,3.25,-5.86,False,False,False,False,2.93,0.03456439,0.03370633,2.55,1.6,True,0.3333333333333333,0.0,1.53,-2.0,Risk review,Head-and-shoulders risk,"head-and-shoulders, risk, distribution",791.6,,,2.73,,,791.6,"A possible head-and-shoulders top is forming or breaking. This is a caution signal, not an entry setup.",Risk review,4.12
BAJFINANCE,Bajaj Finance Ltd.,BAJFINANCE.NS,Financial Services,True,,NIFTY 500,^CRSLDX,2026-08-28,1079.9,-0.29,-1.38,-5.37,4554220.0,5820172.0,0.78,4918102289.19,50.31,55.13,False,False,True,True,True,-1.9,2.34,0.49,False,False,False,False,-15.54,0.04589743,0.04513231,1.7,-5.64,True,1.0,0.0,0.78,5.1,Actionable watch,Breakout retest,"breakout, retest, pivot, volume, flag, continuation, uptrend, inverse-head-and-shoulders, base, reversal",1048.54,2026-07-31,4.88,1.64,,,,"Prior resistance has been cleared on higher volume and price is back near that pivot. This is the kind of retest zone where follow-through can matter more than chasing a stretched candle. Secondary patterns: Bullish flag, Possible inverse H&S.",Setup watch: Breakout retest,4.07
FIVESTAR,Five-Star Business Finance Ltd.,FIVESTAR.NS,Financial Services,True,,NIFTY 500,^CRSLDX,2026-08-28,537.85,0.77,3.24,-1.84,347853.0,466040.0,0.75,187092727.56,52.66,41.58,True,True,True,True,True,0.41,0.54,-0.83,False,False,False,False,-1.36,0.02285946,0.02291565,-0.25,-2.13,False,0.6666666666666666,0.0,0.75,3.4,Actionable watch,Possible inverse H&S,"inverse-head-and-shoulders, base, reversal",497.3,,,8.15,,,497.3,A possible inverse head-and-shoulders base is visible. The setup improves only if price clears or holds near the neckline with better volume.,Setup watch: Possible inverse H&S,4.06
MINDACORP,Minda Corporation Ltd.,MINDACORP.NS,Automobile and Auto Components,True,,NIFTY 500,^CRSLDX,2026-08-28,702.8,1.76,-3.44,0.38,348313.0,804402.0,0.43,244794372.15,47.6,55.54,False,False,True,True,True,-2.62,0.5,2.54,False,False,False,False,1.08,0.02987009,0.02991026,-0.13,0.09,False,1.0,0.0,0.43,4.7,Actionable watch,Breakout retest,"breakout, retest, pivot, volume, inverse-head-and-shoulders, base, reversal",712.58,2026-08-03,2.99,1.37,,,,Prior resistance has been cleared on higher volume and price is back near that pivot. This is the kind of retest zone where follow-through can matter more than chasing a stretched candle. Secondary patterns: Possible inverse H&S.,Setup watch: Breakout retest,4.02
CCL,CCL Products (I) Ltd.,CCL.NS,Fast Moving Consumer Goods,True,,NIFTY 500,^CRSLDX,2026-08-28,1123.1,1.04,3.77,-2.79,131036.0,155805.0,0.84,147166528.4,47.24,28.86,True,True,False,False,True,0.16,-3.26,2.18,False,False,False,False,-0.89,0.0477335,0.04968505,-3.93,-3.07,False,0.6666666666666666,0.0,0.84,4.7,Actionable watch,Breakout retest,"breakout, retest, pivot, volume",1129.77,2026-06-08,32.09,0.59,,,,Prior resistance has been cleared on higher volume and price is back near that pivot. This is the kind of retest zone where follow-through can matter more than chasing a stretched candle.,Mean reversion bounce,3.99
TEGA,Tega Industries Ltd.,TEGA.NS,Capital Goods,True,,NIFTY 500,^CRSLDX,2026-08-28,1658.7,2.3,-4.85,11.66,216658.0,244046.0,0.89,359370614.02,50.01,62.65,False,False,True,False,False,-0.3,0.79,-1.44,False,False,False,False,21.58,0.07049733,0.07050171,-0.01,11.34,False,0.3333333333333333,0.0,0.89,2.65,Watch,Bullish flag,"flag, continuation, uptrend",1776.5,2026-08-20,0.97,,9.94,20.25,,Price has made a sharp impulse move and is now consolidating near the highs. A controlled pullback with quieter volume keeps the continuation setup alive.,Setup watch: Bullish flag,3.93
KPITTECH,KPIT Technologies Ltd.,KPITTECH.NS,Information Technology,True,,NIFTY 500,^CRSLDX,2026-08-28,609.4,3.64,3.41,2.7,5637018.0,1803259.0,3.13,3435198906.82,53.29,43.47,True,True,True,False,False,0.54,1.07,-6.26,False,False,False,False,-3.98,0.02590045,0.02582639,0.29,2.4,True,0.3333333333333333,0.0,3.13,-3.0,Risk review,Head-and-shoulders risk,"head-and-shoulders, risk, distribution",616.58,,,1.16,,,616.58,"A possible head-and-shoulders top is forming or breaking. This is a caution signal, not an entry setup.",Risk review,3.93
TCS,Tata Consultancy Services Ltd.,TCS.NS,Information Technology,True,,NIFTY 500,^CRSLDX,2026-08-28,2342.0,4.16,1.74,-1.0,4052761.0,2743075.0,1.48,9491566262.0,53.64,48.3,True,False,True,True,False,-0.45,4.46,-2.15,False,False,False,False,-14.13,0.09953864,0.09595612,3.73,-1.28,True,0.3333333333333333,0.0,1.48,3.32,Watch,Bullish flag,"flag, continuation, uptrend, inverse-head-and-shoulders, base, reversal",2473.7,2026-08-03,0.56,,10.24,25.45,,Price has made a sharp impulse move and is now consolidating near the highs. A controlled pullback with quieter volume keeps the continuation setup alive. Secondary patterns: Possible inverse H&S.,Setup watch: Bullish flag,3.91
BANKINDIA,Bank of India,BANKINDIA.NS,Financial Services,True,,NIFTY 500,^CRSLDX,2026-08-28,144.0,-0.41,0.85,4.39,4690705.0,6068562.0,0.77,675461520.0,52.81,51.01,True,True,True,True,False,0.64,0.99,0.74,False,False,False,False,8.97,0.00612022,0.00610482,0.25,4.08,True,0.6666666666666666,0.0,0.77,-2.0,Risk review,Head-and-shoulders risk,"head-and-shoulders, risk, distribution",138.71,,,3.81,,,138.71,"A possible head-and-shoulders top is forming or breaking. This is a caution signal, not an entry setup.",Risk review,3.82
SWIGGY,Swiggy Ltd.,SWIGGY.NS,Consumer Services,True,,NIFTY 500,^CRSLDX,2026-08-28,280.5,-1.48,-0.71,-1.53,4823678.0,14069233.0,0.34,1353041679.0,52.03,55.77,False,False,True,True,False,-0.59,4.01,-4.26,False,False,False,False,-15.77,0.01192169,0.01154989,3.22,-1.81,True,0.3333333333333333,0.0,0.34,3.3,Watch,Bullish flag,"flag, continuation, uptrend, inverse-head-and-shoulders, base, reversal",295.91,2026-07-30,0.73,,9.7,23.94,,Price has made a sharp impulse move and is now consolidating near the highs. A controlled pullback with quieter volume keeps the continuation setup alive. Secondary patterns: Possible inverse H&S.,Setup watch: Bullish flag,3.79
MANAPPURAM,Manappuram Finance Ltd.,MANAPPURAM.NS,Financial Services,True,,NIFTY 500,^CRSLDX,2026-08-28,348.9,0.26,-2.41,-5.9,1893194.0,7718196.0,0.25,660535375.04,47.6,55.95,False,False,True,True,True,-2.02,1.36,2.71,False,False,False,False,-18.7,0.01482879,0.0147303,0.67,-6.17,True,1.0,0.0,0.25,3.4,Actionable watch,Possible inverse H&S,"inverse-head-and-shoulders, base, reversal",318.03,,,9.71,,,318.03,A possible inverse head-and-shoulders base is visible. The setup improves only if price clears or holds near the neckline with better volume.,Setup watch: Possible inverse H&S,3.79
WIPRO,Wipro Ltd.,WIPRO.NS,Information Technology,True,,NIFTY 500,^CRSLDX,2026-08-28,180.95,2.58,0.09,-1.47,14679655.0,8048622.0,1.82,2656283527.45,50.6,48.78,True,False,True,False,False,-0.96,1.74,-2.42,False,False,False,False,-6.53,0.00769066,0.00761653,0.97,-1.75,True,0.3333333333333333,0.0,1.82,0.0,No clear setup,,,,,,,,,,,Neutral / watch,3.45
ACUTAAS,Acutaas Chemicals Ltd.,ACUTAAS.NS,Healthcare,True,,NIFTY 500,^CRSLDX,2026-08-28,3281.6,-1.43,3.55,5.69,240677.0,257478.0,0.93,789805666.7,50.34,44.41,True,True,False,True,True,1.34,-2.42,6.5,False,False,False,False,21.92,0.13947311,0.14394814,-3.11,5.39,False,0.6666666666666666,0.0,0.93,0.0,No clear setup,,,,,,,,,,,Neutral / watch,3.38
SUNDARMFIN,Sundaram Finance Ltd.,SUNDARMFIN.NS,Financial Services,True,,NIFTY 500,^CRSLDX,2026-08-28,4574.4,-1.35,0.88,-1.95,46282.0,52938.0,0.87,211712376.28,52.05,49.86,True,False,True,True,False,-0.06,0.65,-0.06,False,False,False,False,-4.05,0.19441911,0.19439724,0.01,-2.24,True,0.3333333333333333,0.0,0.87,2.2,Watch,Possible inverse H&S,"inverse-head-and-shoulders, base, reversal",4855.0,,,5.78,,,4855.0,A possible inverse head-and-shoulders base is visible. The setup improves only if price clears or holds near the neckline with better volume.,Setup watch: Possible inverse H&S,3.32
POWERINDIA,Hitachi Energy India Ltd.,POWERINDIA.NS,Capital Goods,True,,NIFTY 500,^CRSLDX,2026-08-28,33330.0,-1.62,-2.52,3.61,32683.0,119944.0,0.27,1089324390.0,48.08,52.71,False,False,True,False,True,-1.74,0.11,5.96,False,False,False,False,0.36,1.41657684,1.42758973,-0.77,3.32,False,1.0,0.0,0.27,0.0,No clear setup,,,,,,,,,,,Neutral / watch,3.26
PHOENIXLTD,Phoenix Mills Ltd.,PHOENIXLTD.NS,Realty,True,,NIFTY 500,^CRSLDX,2026-08-28,1917.0,0.8,-0.67,1.25,252651.0,363212.0,0.7,484331967.0,45.85,47.58,False,False,False,True,True,-0.19,-3.01,1.27,False,False,False,False,9.12,0.08147548,0.0845981,-3.69,0.96,False,0.6666666666666666,0.0,0.7,5.1,Actionable watch,Breakout retest,"breakout, retest, pivot, volume, inverse-head-and-shoulders, base, reversal",1829.7,2026-06-16,2.47,3.62,,,,Prior resistance has been cleared on higher volume and price is back near that pivot. This is the kind of retest zone where follow-through can matter more than chasing a stretched candle. Secondary patterns: Possible inverse H&S.,Setup watch: Breakout retest,3.19
SBICARD,SBI Cards and Payment Services Ltd.,SBICARD.NS,Financial Services,True,,NIFTY 500,^CRSLDX,2026-08-28,641.05,-0.61,-1.22,-2.89,1398790.0,1764480.0,0.79,896694312.42,48.98,53.37,False,False,True,True,False,-1.13,1.16,-3.39,False,False,False,False,-11.76,0.02724562,0.02711281,0.49,-3.17,True,0.3333333333333333,0.0,0.79,2.22,Actionable watch,Possible inverse H&S,"inverse-head-and-shoulders, base, reversal",648.35,,,1.13,,,648.35,A possible inverse head-and-shoulders base is visible. The setup improves only if price clears or holds near the neckline with better volume.,Setup watch: Possible inverse H&S,3.14
GRANULES,Granules India Ltd.,GRANULES.NS,Healthcare,True,,NIFTY 500,^CRSLDX,2026-08-28,836.65,0.52,-2.51,1.46,328237.0,565436.0,0.58,274619494.06,46.47,53.99,False,False,False,True,True,-1.43,-0.81,4.36,False,False,False,False,2.73,0.03555893,0.03612235,-1.56,1.16,False,0.6666666666666666,0.0,0.58,3.4,Actionable watch,Possible inverse H&S,"inverse-head-and-shoulders, base, reversal",633.5,,,32.07,,,633.5,A possible inverse head-and-shoulders base is visible. The setup improves only if price clears or holds near the neckline with better volume.,Setup watch: Possible inverse H&S,3.02
APOLLOHOSP,Apollo Hospitals Enterprise Ltd.,APOLLOHOSP.NS,Healthcare,True,,NIFTY 500,^CRSLDX,2026-08-28,8838.5,0.44,1.67,-1.21,311260.0,413647.0,0.75,2751071510.0,52.19,45.18,True,True,True,True,True,0.32,0.5,1.34,False,False,True,False,-1.52,0.37565,0.37633942,-0.18,-1.49,False,1.0,0.5,0.75,0.0,No clear setup,,,,,,,,,,,Weakening,3.0
TITAGARH,Titagarh Rail Systems Ltd.,TITAGARH.NS,Capital Goods,True,,NIFTY 500,^CRSLDX,2026-08-28,835.35,0.51,-0.97,1.23,225329.0,397800.0,0.57,188228574.65,48.48,50.38,True,False,False,True,True,-0.69,-1.86,-0.48,False,False,False,False,7.51,0.03550367,0.03646823,-2.64,0.94,False,0.3333333333333333,0.0,0.57,3.4,Actionable watch,Possible inverse H&S,"inverse-head-and-shoulders, base, reversal",796.33,,,4.9,,,796.33,A possible inverse head-and-shoulders base is visible. The setup improves only if price clears or holds near the neckline with better volume.,Setup watch: Possible inverse H&S,2.98
GODREJPROP,Godrej Properties Ltd.,GODREJPROP.NS,Realty,True,,NIFTY 500,^CRSLDX,2026-08-28,2029.1,-1.95,-0.29,-3.64,329078.0,583214.0,0.56,667732161.77,48.96,50.14,False,False,True,True,True,-0.75,0.26,-0.97,False,False,False,False,-9.18,0.0862399,0.08656607,-0.38,-3.92,False,0.6666666666666666,0.0,0.56,3.28,Watch,Bullish flag,"flag, continuation, uptrend",2156.0,2026-07-29,0.76,,9.44,22.66,,Price has made a sharp impulse move and is now consolidating near the highs. A controlled pullback with quieter volume keeps the continuation setup alive.,Setup watch: Bullish flag,2.96
GABRIEL,Gabriel India Ltd.,GABRIEL.NS,Automobile and Auto Components,True,,NIFTY 500,^CRSLDX,2026-08-28,1367.6,0.77,-3.73,-4.95,501369.0,341156.0,1.47,685672232.16,45.04,49.87,False,False,True,True,True,-5.65,0.13,1.8,False,False,False,False,-21.48,0.05812513,0.05840677,-0.48,-5.22,False,1.0,0.0,1.47,5.1,Actionable watch,Breakout retest,"breakout, retest, pivot, volume, flag, continuation, uptrend, inverse-head-and-shoulders, base, reversal",1288.65,2026-07-15,5.49,2.13,,,,"Prior resistance has been cleared on higher volume and price is back near that pivot. This is the kind of retest zone where follow-through can matter more than chasing a stretched candle. Secondary patterns: Bullish flag, Possible inverse H&S.",Setup watch: Breakout retest,2.96
ABSLAMC,Aditya Birla Sun Life AMC Ltd.,ABSLAMC.NS,Financial Services,True,,NIFTY 500,^CRSLDX,2026-08-28,1047.9,0.13,3.92,3.57,74281.0,187672.0,0.4,77839061.71,55.69,44.52,True,True,False,True,True,2.96,-1.33,2.57,False,True,False,False,15.85,0.04453738,0.04550756,-2.13,3.27,False,0.6666666666666666,0.5,0.4,0.0,No clear setup,,,,,,,,,,,Neutral / watch,2.95
CAMS,Computer Age Management Services Ltd.,CAMS.NS,Financial Services,True,,NIFTY 500,^CRSLDX,2026-08-28,762.0,2.85,1.2,-3.98,3418563.0,1404492.0,2.43,2604945006.0,47.92,40.79,True,False,False,False,True,-1.15,-1.76,0.15,False,False,False,False,-3.82,0.03238619,0.03322331,-2.52,-4.26,False,0.6666666666666666,0.0,2.43,4.39,Actionable watch,Breakout retest,"breakout, retest, pivot, volume, inverse-head-and-shoulders, base, reversal",766.84,2026-06-17,1.79,0.63,,,,Prior resistance has been cleared on higher volume and price is back near that pivot. This is the kind of retest zone where follow-through can matter more than chasing a stretched candle. Secondary patterns: Possible inverse H&S.,Setup watch: Breakout retest,2.95
INDIGO,InterGlobe Aviation Ltd.,INDIGO.NS,Services,True,,NIFTY 500,^CRSLDX,2026-08-28,5166.0,-0.44,1.1,-0.1,257446.0,497524.0,0.52,1329966036.0,46.28,41.99,False,False,False,True,True,-1.92,-1.68,-1.01,False,False,False,False,4.97,0.21956303,0.22452546,-2.21,-0.38,False,0.3333333333333333,0.0,0.52,4.88,Actionable watch,Breakout retest,"breakout, retest, pivot, volume, inverse-head-and-shoulders, base, reversal",5033.52,2026-06-24,1.95,2.07,,,,Prior resistance has been cleared on higher volume and price is back near that pivot. This is the kind of retest zone where follow-through can matter more than chasing a stretched candle. Secondary patterns: Possible inverse H&S.,Setup watch: Breakout retest,2.92
BPCL,Bharat Petroleum Corporation Ltd.,BPCL.NS,Oil Gas & Consumable Fuels,True,,NIFTY 500,^CRSLDX,2026-08-28,319.25,0.39,2.65,-0.16,4732898.0,4848020.0,0.98,1510977686.5,55.32,45.78,True,True,True,True,False,0.53,1.77,-0.55,False,False,False,False,-3.5,0.01356862,0.01342338,1.08,-0.44,True,0.3333333333333333,0.0,0.98,-2.0,Risk review,Head-and-shoulders risk,"head-and-shoulders, risk, distribution",306.05,,,4.31,,,306.05,"A possible head-and-shoulders top is forming or breaking. This is a caution signal, not an entry setup.",Risk review,2.91
LICI,Life Insurance Corporation of India,LICI.NS,Financial Services,True,,NIFTY 500,^CRSLDX,2026-08-28,422.0,1.94,-0.06,-0.64,15814771.0,21269709.0,0.74,6673833362.0,54.7,55.79,True,True,False,True,True,2.83,-0.08,-0.71,False,False,False,False,1.04,0.01793566,0.01808758,-0.84,-0.92,False,0.3333333333333333,0.0,0.74,2.2,Watch,Possible inverse H&S,"inverse-head-and-shoulders, base, reversal",441.09,,,4.33,,,441.09,A possible inverse head-and-shoulders base is visible. The setup improves only if price clears or holds near the neckline with better volume.,Setup watch: Possible inverse H&S,2.89
AEGISLOG,Aegis Logistics Ltd.,AEGISLOG.NS,Oil Gas & Consumable Fuels,True,,NIFTY 500,^CRSLDX,2026-08-28,1289.4,-0.66,-9.06,0.67,263547.0,1102325.0,0.24,339817508.23,47.9,61.52,False,False,False,True,True,-3.33,-0.02,6.86,False,False,False,False,3.89,0.05480151,0.05506807,-0.48,0.38,False,0.6666666666666666,0.0,0.24,3.4,Actionable watch,Possible inverse H&S,"inverse-head-and-shoulders, base, reversal",767.98,,,67.9,,,767.98,A possible inverse head-and-shoulders base is visible. The setup improves only if price clears or holds near the neckline with better volume.,Setup watch: Possible inverse H&S,2.87
CGPOWER,CG Power and Industrial Solutions Ltd.,CGPOWER.NS,Capital Goods,True,,NIFTY 500,^CRSLDX,2026-08-28,889.0,-0.99,2.54,2.97,2229714.0,2381451.0,0.94,1982215746.0,51.68,45.08,True,True,False,True,True,1.12,-1.05,1.86,False,False,False,False,6.59,0.03778388,0.0384839,-1.82,2.67,False,0.6666666666666666,0.0,0.94,0.0,No clear setup,,,,,,,,,,,Neutral / watch,2.83
ULTRACEMCO,UltraTech Cement Ltd.,ULTRACEMCO.NS,Construction Materials,True,,NIFTY 500,^CRSLDX,2026-08-28,11589.0,-1.09,0.16,-2.64,235695.0,216435.0,1.09,2731469355.0,47.2,45.96,True,False,True,True,True,-1.52,0.12,-0.03,False,False,False,False,-5.82,0.49255052,0.49527903,-0.55,-2.92,False,0.6666666666666666,0.0,1.09,2.2,Watch,Possible inverse H&S,"inverse-head-and-shoulders, base, reversal",12257.0,,,5.45,,,12257.0,A possible inverse head-and-shoulders base is visible. The setup improves only if price clears or holds near the neckline with better volume.,Setup watch: Possible inverse H&S,2.79
CAPLIPOINT,Caplin Point Laboratories Ltd.,CAPLIPOINT.NS,Healthcare,True,,NIFTY 500,^CRSLDX,2026-08-28,2517.2,-0.92,-1.7,0.02,47399.0,91797.0,0.52,119312760.49,48.69,51.99,False,False,False,True,True,-0.9,-1.58,2.76,False,False,False,False,1.24,0.10698491,0.10948225,-2.28,-0.27,False,0.6666666666666666,0.0,0.52,3.4,Actionable watch,Possible inverse H&S,"inverse-head-and-shoulders, base, reversal",2045.55,,,23.06,,,2045.55,A possible inverse head-and-shoulders base is visible. The setup improves only if price clears or holds near the neckline with better volume.,Setup watch: Possible inverse H&S,2.74
RITES,RITES Ltd.,RITES.NS,Construction,True,,NIFTY 500,^CRSLDX,2026-08-28,217.0,-0.09,-0.5,1.97,226612.0,688026.0,0.33,49174804.0,46.14,47.46,False,False,False,True,True,-2.12,-0.72,-0.92,False,False,False,False,4.21,0.00922284,0.00935866,-1.45,1.67,False,0.3333333333333333,0.0,0.33,2.24,Actionable watch,Possible inverse H&S,"inverse-head-and-shoulders, base, reversal",219.38,,,1.08,,,219.38,A possible inverse head-and-shoulders base is visible. The setup improves only if price clears or holds near the neckline with better volume.,Setup watch: Possible inverse H&S,2.72
ESCORTS,Escorts Kubota Ltd.,ESCORTS.NS,Capital Goods,True,,NIFTY 500,^CRSLDX,2026-08-28,3015.5,1.39,-2.3,-2.28,65905.0,100000.0,0.66,198736527.5,46.18,56.13,False,False,True,True,False,-2.18,0.52,-1.68,False,False,False,False,-5.94,0.12816344,0.12827147,-0.08,-2.57,False,0.3333333333333333,0.0,0.66,4.7,Actionable watch,Breakout retest,"breakout, retest, pivot, volume",3030.92,2026-07-31,3.39,0.51,,,,Prior resistance has been cleared on higher volume and price is back near that pivot. This is the kind of retest zone where follow-through can matter more than chasing a stretched candle.,Setup watch: Breakout retest,2.69
NH,Narayana Hrudayalaya Ltd.,NH.NS,Healthcare,True,,NIFTY 500,^CRSLDX,2026-08-28,1932.1,1.49,6.4,-4.79,209526.0,397460.0,0.53,404825179.48,57.1,35.66,True,True,False,True,True,3.9,-0.43,0.48,False,True,False,False,-5.91,0.08211725,0.08301618,-1.08,-5.06,False,0.6666666666666666,0.5,0.53,4.64,Actionable watch,Breakout retest,"breakout, retest, pivot, volume, inverse-head-and-shoulders, base, reversal",1936.93,2026-07-03,2.27,0.25,,,,Prior resistance has been cleared on higher volume and price is back near that pivot. This is the kind of retest zone where follow-through can matter more than chasing a stretched candle. Secondary patterns: Possible inverse H&S.,Setup watch: Breakout retest,2.69
FORTIS,Fortis Healthcare Ltd.,FORTIS.NS,Healthcare,True,,NIFTY 500,^CRSLDX,2026-08-28,926.75,1.21,2.17,-1.93,1462737.0,1563646.0,0.94,1355591514.75,49.53,41.54,True,True,False,False,True,0.48,-1.82,-1.31,False,False,False,False,1.38,0.03938832,0.04041886,-2.55,-2.21,False,0.3333333333333333,0.0,0.94,2.2,Watch,Possible inverse H&S,"inverse-head-and-shoulders, base, reversal",963.93,,,3.86,,,963.93,A possible inverse head-and-shoulders base is visible. The setup improves only if price clears or holds near the neckline with better volume.,Setup watch: Possible inverse H&S,2.63
BSOFT,Birlasoft Ltd.,BSOFT.NS,Information Technology,True,,NIFTY 500,^CRSLDX,2026-08-28,300.9,4.5,-0.94,-0.5,3235361.0,1245789.0,2.6,973520105.15,48.42,47.22,True,False,True,False,False,-2.76,1.14,-1.4,False,False,False,False,-8.65,0.01278872,0.01275218,0.29,-0.78,True,0.3333333333333333,0.0,2.6,-3.0,Risk review,Head-and-shoulders risk,"head-and-shoulders, risk, distribution, flag, continuation, uptrend",374.82,,,19.72,,,374.82,"A possible head-and-shoulders top is forming or breaking. This is a caution signal, not an entry setup. Secondary patterns: Bullish flag.",Risk review,2.59
MRPL,Mangalore Refinery & Petrochemicals Ltd.,MRPL.NS,Oil Gas & Consumable Fuels,True,,NIFTY 500,^CRSLDX,2026-08-28,168.53,-1.33,-4.68,-0.83,2976803.0,11279222.0,0.26,501680605.96,47.52,56.59,False,False,True,True,True,-2.43,2.18,1.09,False,False,False,False,-13.5,0.00716279,0.00705802,1.48,-1.12,True,0.6666666666666666,0.0,0.26,-3.0,Risk review,Head-and-shoulders risk,"head-and-shoulders, risk, distribution, breakout, retest, pivot, volume, flag, continuation, uptrend",176.7,,,4.62,,,176.7,"A possible head-and-shoulders top is forming or breaking. This is a caution signal, not an entry setup. Secondary patterns: Breakout retest, Bullish flag.",Risk review,2.53
ZYDUSWELL,Zydus Wellness Ltd.,ZYDUSWELL.NS,Fast Moving Consumer Goods,True,,NIFTY 500,^CRSLDX,2026-08-28,526.55,-1.62,7.28,-8.83,171030.0,353319.0,0.48,90055844.41,49.6,35.01,True,True,False,True,True,1.55,-3.95,1.01,False,False,False,False,-5.16,0.02237919,0.02346814,-4.64,-9.09,False,0.6666666666666666,0.0,0.48,4.7,Actionable watch,Breakout retest,"breakout, retest, pivot, volume, inverse-head-and-shoulders, base, reversal",528.36,2026-06-22,4.07,0.34,,,,Prior resistance has been cleared on higher volume and price is back near that pivot. This is the kind of retest zone where follow-through can matter more than chasing a stretched candle. Secondary patterns: Possible inverse H&S.,Setup watch: Breakout retest,2.5
ZEEL,Zee Entertainment Enterprises Ltd.,ZEEL.NS,Media Entertainment & Publication,True,,NIFTY 500,^CRSLDX,2026-08-28,101.51,-2.38,-5.64,-11.38,20420060.0,36107064.0,0.57,2072840334.22,47.76,56.72,False,True,False,True,True,1.06,-2.58,-0.3,False,False,False,False,-19.9,0.00431433,0.00446357,-3.34,-11.64,False,0.3333333333333333,0.0,0.57,5.1,Actionable watch,Breakout retest,"breakout, retest, pivot, volume, inverse-head-and-shoulders, base, reversal",93.85,2026-06-01,4.32,7.46,,,,Prior resistance has been cleared on higher volume and price is back near that pivot. This is the kind of retest zone where follow-through can matter more than chasing a stretched candle. Secondary patterns: Possible inverse H&S.,Setup watch: Breakout retest,2.5
MUTHOOTFIN,Muthoot Finance Ltd.,MUTHOOTFIN.NS,Financial Services,True,,NIFTY 500,^CRSLDX,2026-08-28,3091.0,0.19,2.28,-0.92,403471.0,1461254.0,0.28,1247128861.0,56.05,56.32,True,True,True,False,False,4.29,2.61,-0.72,False,False,False,False,-2.63,0.13137231,0.1290534,1.8,-1.2,True,0.3333333333333333,0.0,0.28,-3.0,Risk review,Head-and-shoulders risk,"head-and-shoulders, risk, distribution",3385.25,,,8.69,,,3385.25,"A possible head-and-shoulders top is forming or breaking. This is a caution signal, not an entry setup.",Risk review,2.41
POLYCAB,Polycab India Ltd.,POLYCAB.NS,Capital Goods,True,,NIFTY 500,^CRSLDX,2026-08-28,9088.0,0.1,1.36,-0.2,252509.0,255787.0,0.99,2294801792.0,47.11,42.13,False,False,False,True,True,-0.83,-1.91,1.95,False,False,False,False,4.79,0.38625413,0.39712768,-2.74,-0.49,False,0.6666666666666666,0.0,0.99,2.2,Watch,Possible inverse H&S,"inverse-head-and-shoulders, base, reversal",9424.0,,,3.57,,,9424.0,A possible inverse head-and-shoulders base is visible. The setup improves only if price clears or holds near the neckline with better volume.,Setup watch: Possible inverse H&S,2.27
HCLTECH,HCL Technologies Ltd.,HCLTECH.NS,Information Technology,True,,NIFTY 500,^CRSLDX,2026-08-28,1316.1,2.66,1.04,-2.29,3459383.0,1891277.0,1.83,4552893881.84,52.98,50.37,True,False,True,True,False,-1.45,6.04,-0.99,False,False,False,False,-21.22,0.0559363,0.05311828,5.31,-2.57,True,0.3333333333333333,0.0,1.83,-3.0,Risk review,Head-and-shoulders risk,"head-and-shoulders, risk, distribution, flag, continuation, uptrend, inverse-head-and-shoulders, base, reversal",1438.9,,,8.53,,,1438.9,"A possible head-and-shoulders top is forming or breaking. This is a caution signal, not an entry setup. Secondary patterns: Bullish flag, Possible inverse H&S.",Risk review,2.24
SBIN,State Bank of India,SBIN.NS,Financial Services,True,,NIFTY 500,^CRSLDX,2026-08-28,1047.5,0.44,-0.11,1.96,4968450.0,9860406.0,0.5,5204451375.0,49.39,49.43,False,False,True,True,True,-1.1,0.45,1.48,False,False,False,False,3.55,0.04452038,0.04462449,-0.23,1.66,False,1.0,0.0,0.5,-2.0,Risk review,Head-and-shoulders risk,"head-and-shoulders, risk, distribution, breakout, retest, pivot, volume",997.8,,,4.98,,,997.8,"A possible head-and-shoulders top is forming or breaking. This is a caution signal, not an entry setup. Secondary patterns: Breakout retest.",Risk review,2.23
FEDERALBNK,Federal Bank Ltd.,FEDERALBNK.NS,Financial Services,True,,NIFTY 500,^CRSLDX,2026-08-28,344.25,-0.16,-4.64,-3.74,3390660.0,4618506.0,0.73,1167234705.0,43.79,60.85,False,False,True,True,True,-2.88,0.2,4.44,False,False,False,False,-12.88,0.01463116,0.01470306,-0.49,-4.02,False,1.0,0.0,0.73,3.4,Actionable watch,Possible inverse H&S,"inverse-head-and-shoulders, base, reversal",279.5,,,23.17,,,279.5,A possible inverse head-and-shoulders base is visible. The setup improves only if price clears or holds near the neckline with better volume.,Setup watch: Possible inverse H&S,2.19
TIINDIA,Tube Investments of India Ltd.,TIINDIA.NS,Automobile and Auto Components,True,,NIFTY 500,^CRSLDX,2026-08-28,2840.0,-1.05,-1.59,3.22,123842.0,478255.0,0.26,351711280.0,48.07,52.39,False,True,False,False,True,0.39,-2.17,-0.9,False,False,False,False,11.03,0.12070442,0.12448899,-3.04,2.92,False,0.3333333333333333,0.0,0.26,-2.0,Risk review,Head-and-shoulders risk,"head-and-shoulders, risk, distribution, inverse-head-and-shoulders, base, reversal",2775.45,,,2.33,,,2775.45,"A possible head-and-shoulders top is forming or breaking. This is a caution signal, not an entry setup. Secondary patterns: Possible inverse H&S.",Risk review,2.18
KIRLOSENG,Kirloskar Oil Eng Ltd.,KIRLOSENG.NS,Capital Goods,True,,NIFTY 500,^CRSLDX,2026-08-28,2123.1,1.09,1.06,-3.05,332309.0,449740.0,0.74,705525270.35,49.08,44.74,True,False,False,True,True,-0.12,-5.27,7.89,False,False,False,False,-1.03,0.09023506,0.09554757,-5.56,-3.33,False,0.6666666666666666,0.0,0.74,3.4,Actionable watch,Possible inverse H&S,"inverse-head-and-shoulders, base, reversal",1377.0,,,54.18,,,1377.0,A possible inverse head-and-shoulders base is visible. The setup improves only if price clears or holds near the neckline with better volume.,Setup watch: Possible inverse H&S,2.12
ANGELONE,Angel One Ltd.,ANGELONE.NS,Financial Services,True,,NIFTY 500,^CRSLDX,2026-08-28,294.0,-0.64,2.15,-1.33,2863621.0,4672476.0,0.61,841904574.0,44.45,34.96,True,True,False,False,True,0.09,-6.44,1.63,False,False,False,False,14.12,0.01249546,0.01347276,-7.25,-1.61,False,0.6666666666666666,0.0,0.61,0.0,No clear setup,,,,,,,,,,,Mean reversion bounce,2.08
GODIGIT,Go Digit General Insurance Ltd.,GODIGIT.NS,Financial Services,True,,NIFTY 500,^CRSLDX,2026-08-28,262.35,1.78,-0.21,3.17,368020.0,682489.0,0.54,96550049.25,46.57,45.35,True,True,False,False,False,0.03,-6.78,-2.94,False,False,False,False,22.32,0.01115028,0.01204683,-7.44,2.87,False,0.0,0.0,0.54,0.0,No clear setup,,,,,,,,,,,Neutral / watch,2.07
CIPLA,Cipla Ltd.,CIPLA.NS,Healthcare,True,,NIFTY 500,^CRSLDX,2026-08-28,1423.5,0.25,-0.61,-3.37,377849.0,755534.0,0.5,537868051.5,45.5,45.91,False,False,False,True,True,-1.48,-1.29,-0.7,False,False,False,False,-3.99,0.06050096,0.06164849,-1.86,-3.65,False,0.3333333333333333,0.0,0.5,3.4,Actionable watch,Possible inverse H&S,"inverse-head-and-shoulders, base, reversal",1380.4,,,3.12,,,1380.4,A possible inverse head-and-shoulders base is visible. The setup improves only if price clears or holds near the neckline with better volume.,Setup watch: Possible inverse H&S,2.06
SUNPHARMA,Sun Pharmaceutical Industries Ltd.,SUNPHARMA.NS,Healthcare,True,,NIFTY 500,^CRSLDX,2026-08-28,1920.0,0.35,0.93,-3.54,1140656.0,1672777.0,0.68,2190059520.0,49.77,43.09,True,False,False,True,True,-0.22,-0.11,1.4,False,False,False,False,-7.88,0.08160299,0.08225093,-0.79,-3.82,False,0.6666666666666666,0.0,0.68,3.4,Actionable watch,Possible inverse H&S,"inverse-head-and-shoulders, base, reversal",1799.4,,,6.7,,,1799.4,A possible inverse head-and-shoulders base is visible. The setup improves only if price clears or holds near the neckline with better volume.,Setup watch: Possible inverse H&S,2.03
EMCURE,Emcure Pharmaceuticals Ltd.,EMCURE.NS,Healthcare,True,,NIFTY 500,^CRSLDX,2026-08-28,1869.4,-0.48,0.34,-4.63,133168.0,140215.0,0.95,248944262.45,45.46,42.88,False,False,False,True,True,-2.79,-0.55,3.62,False,False,False,False,-10.76,0.07945241,0.08035908,-1.13,-4.9,False,0.6666666666666666,0.0,0.95,4.8,Actionable watch,Breakout retest,"breakout, retest, pivot, volume",1837.13,2026-07-27,1.81,0.7,,,,Prior resistance has been cleared on higher volume and price is back near that pivot. This is the kind of retest zone where follow-through can matter more than chasing a stretched candle.,Setup watch: Breakout retest,2.02
IKS,Inventurus Knowledge Solutions Ltd.,IKS.NS,Information Technology,True,,NIFTY 500,^CRSLDX,2026-08-28,1762.0,0.65,-1.35,-4.7,110044.0,168482.0,0.65,193897528.0,45.17,47.5,False,False,False,True,True,-1.75,-2.47,1.33,False,False,False,False,-3.64,0.07488774,0.07730433,-3.13,-4.97,False,0.6666666666666666,0.0,0.65,5.1,Actionable watch,Breakout retest,"breakout, retest, pivot, volume, inverse-head-and-shoulders, base, reversal",1741.38,2026-07-01,11.6,0.05,,,,Prior resistance has been cleared on higher volume and price is back near that pivot. This is the kind of retest zone where follow-through can matter more than chasing a stretched candle. Secondary patterns: Possible inverse H&S.,Setup watch: Breakout retest,2.01
TRAVELFOOD,Travel Food Services Ltd.,TRAVELFOOD.NS,Consumer Services,True,,NIFTY 500,^CRSLDX,2026-08-28,1297.7,-2.71,-0.73,-0.4,54196.0,144408.0,0.38,70330146.55,44.13,43.6,False,False,False,True,True,-3.63,-2.07,0.2,False,False,False,False,0.59,0.05515427,0.05673445,-2.79,-0.69,False,0.6666666666666666,0.0,0.38,3.78,Actionable watch,Breakout retest,"breakout, retest, pivot, volume, inverse-head-and-shoulders, base, reversal",1316.72,2026-08-03,2.16,1.44,,,,Prior resistance has been cleared on higher volume and price is back near that pivot. This is the kind of retest zone where follow-through can matter more than chasing a stretched candle. Secondary patterns: Possible inverse H&S.,Setup watch: Breakout retest,1.99
INDHOTEL,Indian Hotels Co. Ltd.,INDHOTEL.NS,Consumer Services,True,,NIFTY 500,^CRSLDX,2026-08-28,706.4,-1.68,-3.23,-4.35,3199057.0,1424491.0,2.25,2259813942.9,36.63,51.61,False,False,False,True,True,-2.98,-3.14,0.02,False,False,False,False,-5.31,0.0300231,0.03121663,-3.82,-4.63,False,0.6666666666666666,0.0,2.25,3.4,Actionable watch,Possible inverse H&S,"inverse-head-and-shoulders, base, reversal",676.9,,,4.36,,,676.9,A possible inverse head-and-shoulders base is visible. The setup improves only if price clears or holds near the neckline with better volume.,Setup watch: Possible inverse H&S,1.86
FSL,Firstsource Solutions Ltd.,FSL.NS,Services,True,,NIFTY 500,^CRSLDX,2026-08-28,269.3,0.3,-2.45,-10.86,683069.0,3420142.0,0.2,183950473.36,46.65,50.43,False,False,True,True,False,-4.67,1.07,-1.83,False,False,False,False,-35.98,0.01144567,0.01139933,0.41,-11.12,True,0.3333333333333333,0.0,0.2,0.0,No clear setup,,,,,,,,,,,Neutral / watch,1.8
INDUSINDBK,IndusInd Bank Ltd.,INDUSINDBK.NS,Financial Services,True,,NIFTY 500,^CRSLDX,2026-08-28,994.0,-0.89,-1.15,-1.82,1026706.0,1010498.0,1.02,1020545764.0,43.63,48.53,False,False,False,True,True,-2.08,-0.42,2.64,False,False,False,False,-5.31,0.04224655,0.04274158,-1.16,-2.11,False,0.6666666666666666,0.0,1.02,4.76,Actionable watch,Breakout retest,"breakout, retest, pivot, volume, inverse-head-and-shoulders, base, reversal",956.31,2026-07-03,1.73,3.24,,,,Prior resistance has been cleared on higher volume and price is back near that pivot. This is the kind of retest zone where follow-through can matter more than chasing a stretched candle. Secondary patterns: Possible inverse H&S.,Setup watch: Breakout retest,1.78
BIKAJI,Bikaji Foods International Ltd.,BIKAJI.NS,Fast Moving Consumer Goods,True,,NIFTY 500,^CRSLDX,2026-08-28,618.8,1.13,2.15,-3.56,244238.0,151841.0,1.61,151134471.42,48.32,32.6,True,True,False,False,False,0.06,-2.29,-1.64,False,False,False,False,-0.27,0.02629996,0.02712971,-3.06,-3.84,False,0.0,0.0,1.61,-2.0,Risk review,Head-and-shoulders risk,"head-and-shoulders, risk, distribution",612.55,,,1.02,,,612.55,"A possible head-and-shoulders top is forming or breaking. This is a caution signal, not an entry setup.",Risk review,1.73
CREDITACC,CreditAccess Grameen Ltd.,CREDITACC.NS,Financial Services,True,,NIFTY 500,^CRSLDX,2026-08-28,1391.7,-2.4,-6.98,-12.63,487975.0,256436.0,1.9,679114783.67,32.11,43.66,False,False,False,False,True,-7.68,-7.95,0.94,False,False,False,False,-14.46,0.05914941,0.06466132,-8.52,-12.88,False,0.6666666666666666,0.0,1.9,3.78,Actionable watch,Breakout retest,"breakout, retest, pivot, volume, inverse-head-and-shoulders, base, reversal",1317.22,2026-06-15,1.37,3.81,,,,Prior resistance has been cleared on higher volume and price is back near that pivot. This is the kind of retest zone where follow-through can matter more than chasing a stretched candle. Secondary patterns: Possible inverse H&S.,Setup watch: Breakout retest,1.72
HSCL,Himadri Speciality Chemical Ltd.,HSCL.NS,Chemicals,True,,NIFTY 500,^CRSLDX,2026-08-28,672.95,-0.21,2.83,-10.35,8439514.0,7096213.0,1.19,5679371049.32,37.88,31.79,False,False,False,True,True,-7.97,-5.93,4.96,False,False,False,False,-20.14,0.02860142,0.03060857,-6.56,-10.61,False,0.6666666666666666,0.0,1.19,3.4,Actionable watch,Possible inverse H&S,"inverse-head-and-shoulders, base, reversal",576.62,,,16.7,,,576.62,A possible inverse head-and-shoulders base is visible. The setup improves only if price clears or holds near the neckline with better volume.,Mean reversion bounce,1.69
ADANIPOWER,Adani Power Ltd.,ADANIPOWER.NS,Power,True,,NIFTY 500,^CRSLDX,2026-08-28,212.63,-1.1,3.47,0.62,14235773.0,17074480.0,0.83,3026952482.5,54.68,40.76,True,True,False,False,True,2.34,-1.09,2.72,False,False,False,False,5.71,0.00903711,0.00920656,-1.84,0.33,False,0.6666666666666666,0.0,0.83,-2.0,Risk review,Head-and-shoulders risk,"head-and-shoulders, risk, distribution, inverse-head-and-shoulders, base, reversal",211.42,,,0.57,,,211.42,"A possible head-and-shoulders top is forming or breaking. This is a caution signal, not an entry setup. Secondary patterns: Possible inverse H&S.",Risk review,1.67
TECHNOE,Techno Electric & Engineering Company Ltd.,TECHNOE.NS,Construction,True,,NIFTY 500,^CRSLDX,2026-08-28,1025.5,2.81,3.85,4.61,272844.0,251259.0,1.09,279801522.0,54.48,45.14,True,True,False,False,False,2.27,-0.14,-2.82,False,False,False,False,14.31,0.04358534,0.04395769,-0.85,4.31,False,0.0,0.0,1.09,-2.0,Risk review,Head-and-shoulders risk,"head-and-shoulders, risk, distribution",980.8,,,4.56,,,980.8,"A possible head-and-shoulders top is forming or breaking. This is a caution signal, not an entry setup.",Risk review,1.66
TARIL,Transformers And Rectifiers (India) Ltd.,TARIL.NS,Capital Goods,True,,NIFTY 500,^CRSLDX,2026-08-28,303.45,-0.23,1.61,2.34,728952.0,1355557.0,0.54,221200493.3,50.61,47.27,True,True,False,False,True,2.04,-3.9,-4.42,False,False,False,False,14.6,0.0128971,0.01354127,-4.76,2.05,False,0.3333333333333333,0.0,0.54,-3.0,Risk review,Head-and-shoulders risk,"head-and-shoulders, risk, distribution, breakout, retest, pivot, volume",309.4,,,1.92,,,309.4,"A possible head-and-shoulders top is forming or breaking. This is a caution signal, not an entry setup. Secondary patterns: Breakout retest.",Risk review,1.66
GRSE,Garden Reach Shipbuilders & Engineers Ltd.,GRSE.NS,Capital Goods,True,,NIFTY 500,^CRSLDX,2026-08-28,2612.9,-1.14,0.44,0.45,199101.0,509562.0,0.39,520230983.46,49.49,48.28,False,True,False,False,True,0.4,-1.03,0.0,False,False,False,False,6.16,0.11105231,0.11309111,-1.8,0.16,False,0.3333333333333333,0.0,0.39,-2.0,Risk review,Head-and-shoulders risk,"head-and-shoulders, risk, distribution, breakout, retest, pivot, volume",2532.75,,,3.16,,,2532.75,"A possible head-and-shoulders top is forming or breaking. This is a caution signal, not an entry setup. Secondary patterns: Breakout retest.",Risk review,1.63
VMM,Vishal Mega Mart Ltd.,VMM.NS,Consumer Services,True,,NIFTY 500,^CRSLDX,2026-08-28,107.0,-0.93,3.45,-0.09,5126434.0,16550774.0,0.31,548528438.0,45.79,33.75,True,False,False,False,False,-0.93,-4.36,-2.97,False,False,False,False,11.39,0.00454767,0.00479221,-5.1,-0.38,False,0.0,0.0,0.31,0.0,No clear setup,,,,,,,,,,,Mean reversion bounce,1.62
MFSL,Max Financial Services Ltd.,MFSL.NS,Financial Services,True,,NIFTY 500,^CRSLDX,2026-08-28,1564.4,-0.23,-1.3,4.36,305736.0,778910.0,0.39,478293405.86,51.46,57.48,False,True,False,False,False,1.13,-0.11,-0.15,False,False,False,False,10.81,0.06648943,0.06709673,-0.91,4.06,False,0.0,0.0,0.39,-2.0,Risk review,Head-and-shoulders risk,"head-and-shoulders, risk, distribution",1497.5,,,4.47,,,1497.5,"A possible head-and-shoulders top is forming or breaking. This is a caution signal, not an entry setup.",Risk review,1.61
GESHIP,Great Eastern Shipping Co. Ltd.,GESHIP.NS,Services,True,,NIFTY 500,^CRSLDX,2026-08-28,1339.6,1.7,2.16,0.27,1427855.0,1317965.0,1.08,1912754523.14,50.16,44.25,True,True,False,False,True,0.99,-2.54,2.31,False,False,False,False,6.86,0.05693508,0.05880085,-3.17,-0.02,False,0.6666666666666666,0.0,1.08,-2.0,Risk review,Head-and-shoulders risk,"head-and-shoulders, risk, distribution, breakout, retest, pivot, volume",1313.35,,,2.0,,,1313.35,"A possible head-and-shoulders top is forming or breaking. This is a caution signal, not an entry setup. Secondary patterns: Breakout retest.",Risk review,1.6
AEGISVOPAK,Aegis Vopak Terminals Ltd.,AEGISVOPAK.NS,Oil Gas & Consumable Fuels,True,,NIFTY 500,^CRSLDX,2026-08-28,269.9,2.43,-2.32,-6.98,587426.0,900036.0,0.65,158546273.81,47.66,50.32,True,False,False,True,True,-2.21,-1.01,-0.02,False,False,False,False,-19.28,0.01147117,0.01167197,-1.72,-7.25,False,0.3333333333333333,0.0,0.65,3.4,Actionable watch,Possible inverse H&S,"inverse-head-and-shoulders, base, reversal",244.72,,,10.29,,,244.72,A possible inverse head-and-shoulders base is visible. The setup improves only if price clears or holds near the neckline with better volume.,Setup watch: Possible inverse H&S,1.59
BLUEJET,Blue Jet Healthcare Ltd.,BLUEJET.NS,Healthcare,True,,NIFTY 500,^CRSLDX,2026-08-28,577.65,-1.36,-3.1,-7.76,378717.0,1016881.0,0.37,218765884.3,45.74,54.32,False,False,False,True,True,-2.17,-0.11,-0.89,False,False,False,False,-19.9,0.02455102,0.02473459,-0.74,-8.03,False,0.3333333333333333,0.0,0.37,3.4,Actionable watch,Possible inverse H&S,"inverse-head-and-shoulders, base, reversal",560.05,,,3.14,,,560.05,A possible inverse head-and-shoulders base is visible. The setup improves only if price clears or holds near the neckline with better volume.,Setup watch: Possible inverse H&S,1.59
TATACHEM,Tata Chemicals Ltd.,TATACHEM.NS,Chemicals,True,,NIFTY 500,^CRSLDX,2026-08-28,655.75,1.8,4.63,-2.64,1439034.0,714218.0,2.01,943646545.5,47.13,24.58,True,True,False,False,False,0.09,-4.15,-3.01,False,False,False,False,0.56,0.02787039,0.02927944,-4.81,-2.92,False,0.0,0.0,2.01,-3.0,Risk review,Head-and-shoulders risk,"head-and-shoulders, risk, distribution",692.08,,,5.25,,,692.08,"A possible head-and-shoulders top is forming or breaking. This is a caution signal, not an entry setup.",Risk review,1.57
INDUSTOWER,Indus Towers Ltd.,INDUSTOWER.NS,Telecommunication,True,,NIFTY 500,^CRSLDX,2026-08-28,380.0,0.01,1.13,0.82,1536168.0,5078241.0,0.3,583743840.0,51.42,48.22,True,True,True,False,False,0.97,0.23,0.43,False,False,False,False,-0.81,0.01615059,0.01624421,-0.58,0.53,False,0.6666666666666666,0.0,0.3,-3.0,Risk review,Head-and-shoulders risk,"head-and-shoulders, risk, distribution",405.5,,,6.29,,,405.5,"A possible head-and-shoulders top is forming or breaking. This is a caution signal, not an entry setup.",Risk review,1.56
BELRISE,Belrise Industries Ltd.,BELRISE.NS,Automobile and Auto Components,True,,NIFTY 500,^CRSLDX,2026-08-28,229.87,0.28,-0.82,-2.9,3130783.0,4921568.0,0.64,719673072.92,42.29,42.75,False,False,False,True,True,-4.46,-2.97,4.69,False,False,False,False,-5.08,0.00976983,0.01013507,-3.6,-3.18,False,0.6666666666666666,0.0,0.64,5.1,Actionable watch,Breakout retest,"breakout, retest, pivot, volume",226.2,2026-06-09,9.51,0.0,,,,Prior resistance has been cleared on higher volume and price is back near that pivot. This is the kind of retest zone where follow-through can matter more than chasing a stretched candle.,Setup watch: Breakout retest,1.56
USHAMART,Usha Martin Ltd.,USHAMART.NS,Capital Goods,True,,NIFTY 500,^CRSLDX,2026-08-28,492.45,0.67,2.32,0.04,386291.0,412520.0,0.94,190229007.67,47.98,39.94,False,False,False,True,True,-1.25,-0.56,0.82,False,False,False,False,3.94,0.02092989,0.02119862,-1.27,-0.25,False,0.6666666666666666,0.0,0.94,0.0,No clear setup,,,,,,,,,,,Weakening,1.55
TTML,Tata Teleservices (Maharashtra) Ltd.,TTML.NS,Telecommunication,True,,NIFTY 500,^CRSLDX,2026-08-28,38.84,6.53,2.81,-2.78,50934461.0,3803238.0,13.39,1978294473.01,50.84,33.92,True,True,False,False,False,1.05,-3.2,-3.7,False,False,False,False,4.17,0.00165076,0.00171913,-3.98,-3.06,False,0.0,0.0,13.39,-3.0,Risk review,Head-and-shoulders risk,"head-and-shoulders, risk, distribution",41.21,,,5.75,,,41.21,"A possible head-and-shoulders top is forming or breaking. This is a caution signal, not an entry setup.",Risk review,1.54
AFCONS,Afcons Infrastructure Ltd.,AFCONS.NS,Construction,True,,NIFTY 500,^CRSLDX,2026-08-28,286.65,0.56,2.78,5.72,728491.0,1186532.0,0.61,208821940.7,55.7,48.22,True,True,False,False,False,3.55,-0.93,-4.83,False,True,False,False,18.54,0.01218307,0.01238479,-1.63,5.41,False,0.0,0.5,0.61,-3.0,Risk review,Head-and-shoulders risk,"head-and-shoulders, risk, distribution",287.47,,,0.29,,,287.47,"A possible head-and-shoulders top is forming or breaking. This is a caution signal, not an entry setup.",Risk review,1.53
SARDAEN,Sarda Energy and Minerals Ltd.,SARDAEN.NS,Metals & Mining,True,,NIFTY 500,^CRSLDX,2026-08-28,508.25,-0.26,-0.46,-1.24,139232.0,1520516.0,0.09,70764664.0,49.57,51.1,False,True,True,False,False,0.01,0.54,-0.53,False,False,False,False,-2.52,0.02160142,0.02164097,-0.18,-1.52,False,0.3333333333333333,0.0,0.09,-2.0,Risk review,Head-and-shoulders risk,"head-and-shoulders, risk, distribution",484.25,,,4.96,,,484.25,"A possible head-and-shoulders top is forming or breaking. This is a caution signal, not an entry setup.",Risk review,1.5
PREMIERENE,Premier Energies Ltd.,PREMIERENE.NS,Capital Goods,True,,NIFTY 500,^CRSLDX,2026-08-28,1013.9,1.39,-3.71,-0.81,2307383.0,1063236.0,2.17,2339455680.03,45.85,54.54,False,False,False,False,True,-1.44,-2.79,-0.34,False,False,False,False,1.92,0.04309233,0.04467383,-3.54,-1.1,False,0.3333333333333333,0.0,2.17,-2.0,Risk review,Head-and-shoulders risk,"head-and-shoulders, risk, distribution",969.7,,,4.56,,,969.7,"A possible head-and-shoulders top is forming or breaking. This is a caution signal, not an entry setup.",Risk review,1.48
NAVA,Nava Ltd.,NAVA.NS,Power,True,,NIFTY 500,^CRSLDX,2026-08-28,564.85,1.5,1.06,3.01,556546.0,361292.0,1.54,314364994.51,48.01,44.58,True,False,False,False,False,-0.77,-2.43,-0.38,False,False,False,False,14.39,0.024007,0.02479495,-3.18,2.72,False,0.0,0.0,1.54,-2.0,Risk review,Head-and-shoulders risk,"head-and-shoulders, risk, distribution",542.08,,,4.2,,,542.08,"A possible head-and-shoulders top is forming or breaking. This is a caution signal, not an entry setup.",Risk review,1.44
FACT,Fertilisers and Chemicals Travancore Ltd.,FACT.NS,Chemicals,True,,NIFTY 500,^CRSLDX,2026-08-28,832.5,-1.19,6.28,0.71,165115.0,1922436.0,0.09,137458237.5,51.54,32.53,True,True,False,False,False,1.21,-0.97,-0.81,False,False,False,False,7.47,0.03538254,0.03598453,-1.67,0.42,False,0.0,0.0,0.09,-3.0,Risk review,Head-and-shoulders risk,"head-and-shoulders, risk, distribution, breakout, retest, pivot, volume, inverse-head-and-shoulders, base, reversal",848.5,,,1.89,,,848.5,"A possible head-and-shoulders top is forming or breaking. This is a caution signal, not an entry setup. Secondary patterns: Breakout retest, Possible inverse H&S.",Risk review,1.43
HDFCLIFE,HDFC Life Insurance Company Ltd.,HDFCLIFE.NS,Financial Services,True,,NIFTY 500,^CRSLDX,2026-08-28,548.0,0.0,-1.23,-0.09,2076128.0,3073678.0,0.68,1137718144.0,49.39,54.59,True,True,False,False,False,0.86,-1.72,-3.03,False,False,False,False,3.66,0.02329085,0.02387799,-2.46,-0.38,False,0.0,0.0,0.68,0.0,No clear setup,,,,,,,,,,,Weakening,1.42
ICICIPRULI,ICICI Prudential Life Insurance Company Ltd.,ICICIPRULI.NS,Financial Services,True,,NIFTY 500,^CRSLDX,2026-08-28,506.0,-0.78,-1.75,-1.82,1603027.0,1470673.0,1.09,811131662.0,49.29,57.08,False,False,True,False,False,-0.38,0.56,-1.61,False,False,False,False,-7.6,0.02150579,0.02154565,-0.19,-2.11,False,0.3333333333333333,0.0,1.09,0.0,No clear setup,,,,,,,,,,,Weakening,1.38
AXISBANK,Axis Bank Ltd.,AXISBANK.NS,Financial Services,True,,NIFTY 500,^CRSLDX,2026-08-28,1265.0,0.72,1.54,2.89,3242475.0,4786258.0,0.68,4101730875.0,54.95,47.65,True,True,False,False,False,1.7,-1.24,0.15,False,False,False,False,11.53,0.05376447,0.05482377,-1.93,2.59,False,0.3333333333333333,0.0,0.68,-2.0,Risk review,Head-and-shoulders risk,"head-and-shoulders, risk, distribution",1216.35,,,4.0,,,1216.35,"A possible head-and-shoulders top is forming or breaking. This is a caution signal, not an entry setup.",Risk review,1.32
GVT&D,GE Vernova T&D India Ltd.,GVT&D.NS,Capital Goods,True,,NIFTY 500,^CRSLDX,2026-08-28,4339.2,-1.56,5.14,0.62,520087.0,970767.0,0.54,2256761611.98,51.19,40.34,True,True,False,False,True,1.32,-3.01,3.39,False,False,False,False,2.77,0.18442276,0.19199938,-3.95,0.33,False,0.6666666666666666,0.0,0.54,-3.0,Risk review,Head-and-shoulders risk,"head-and-shoulders, risk, distribution, inverse-head-and-shoulders, base, reversal",4450.5,,,2.5,,,4450.5,"A possible head-and-shoulders top is forming or breaking. This is a caution signal, not an entry setup. Secondary patterns: Possible inverse H&S.",Risk review,1.32
SCHAEFFLER,Schaeffler India Ltd.,SCHAEFFLER.NS,Automobile and Auto Components,True,,NIFTY 500,^CRSLDX,2026-08-28,4033.4,-0.44,0.39,-1.12,48575.0,61664.0,0.79,195922400.26,45.87,43.09,False,False,False,False,True,-0.62,-1.84,0.23,False,False,False,False,1.25,0.17142577,0.17605828,-2.63,-1.41,False,0.6666666666666666,0.0,0.79,0.0,No clear setup,,,,,,,,,,,Weakening,1.32
SPLPETRO,Supreme Petrochem Ltd.,SPLPETRO.NS,Chemicals,True,,NIFTY 500,^CRSLDX,2026-08-28,700.85,1.28,0.44,-1.72,199388.0,82584.0,2.41,139741074.93,47.07,44.03,False,False,False,False,True,-0.69,-2.31,-0.41,False,False,False,False,-0.78,0.02978721,0.03072106,-3.04,-2.01,False,0.3333333333333333,0.0,2.41,-2.0,Risk review,Head-and-shoulders risk,"head-and-shoulders, risk, distribution, inverse-head-and-shoulders, base, reversal",688.05,,,1.86,,,688.05,"A possible head-and-shoulders top is forming or breaking. This is a caution signal, not an entry setup. Secondary patterns: Possible inverse H&S.",Risk review,1.3
BATAINDIA,Bata India Ltd.,BATAINDIA.NS,Consumer Durables,True,,NIFTY 500,^CRSLDX,2026-08-28,681.3,-0.04,-2.82,1.23,80050.0,735215.0,0.11,54538064.02,45.76,53.52,False,False,True,True,False,-2.56,0.5,-4.53,False,False,False,False,0.39,0.02895631,0.02903839,-0.28,0.94,False,0.3333333333333333,0.0,0.11,-2.0,Risk review,Head-and-shoulders risk,"head-and-shoulders, risk, distribution",657.95,,,3.55,,,657.95,"A possible head-and-shoulders top is forming or breaking. This is a caution signal, not an entry setup.",Risk review,1.29
TATACOMM,Tata Communications Ltd.,TATACOMM.NS,Telecommunication,True,,NIFTY 500,^CRSLDX,2026-08-28,1694.7,0.3,2.37,-3.51,205459.0,250205.0,0.82,348191357.27,43.87,32.05,True,False,False,False,False,-1.22,-6.4,-0.93,False,False,False,False,4.72,0.07202738,0.07752841,-7.1,-3.79,False,0.3333333333333333,0.0,0.82,3.28,Actionable watch,Possible inverse H&S,"inverse-head-and-shoulders, base, reversal",1661.0,,,2.03,,,1661.0,A possible inverse head-and-shoulders base is visible. The setup improves only if price clears or holds near the neckline with better volume.,Mean reversion bounce,1.29
VTL,Vardhman Textiles Ltd.,VTL.NS,Textiles,True,,NIFTY 500,^CRSLDX,2026-08-28,592.75,0.53,-0.85,2.04,103519.0,192482.0,0.54,61360887.25,45.42,47.53,False,False,False,False,True,-0.13,-3.54,3.23,False,False,False,False,14.42,0.0251928,0.02633123,-4.32,1.75,False,0.6666666666666666,0.0,0.54,-2.0,Risk review,Head-and-shoulders risk,"head-and-shoulders, risk, distribution",572.2,,,3.59,,,572.2,"A possible head-and-shoulders top is forming or breaking. This is a caution signal, not an entry setup.",Risk review,1.25
CANBK,Canara Bank,CANBK.NS,Financial Services,True,,NIFTY 500,^CRSLDX,2026-08-28,128.35,0.16,-1.24,2.7,13930403.0,14905143.0,0.93,1787967310.07,48.56,53.41,False,False,True,False,False,-1.0,0.34,0.08,False,False,False,False,4.81,0.00545507,0.00547877,-0.43,2.4,False,0.6666666666666666,0.0,0.93,-3.0,Risk review,Head-and-shoulders risk,"head-and-shoulders, risk, distribution",139.23,,,7.81,,,139.23,"A possible head-and-shoulders top is forming or breaking. This is a caution signal, not an entry setup.",Risk review,1.23
MANKIND,Mankind Pharma Ltd.,MANKIND.NS,Healthcare,True,,NIFTY 500,^CRSLDX,2026-08-28,2382.9,-1.43,-0.05,-3.51,190648.0,356619.0,0.53,454295100.58,42.37,39.66,False,False,False,False,True,-1.16,-3.93,0.06,False,False,False,False,-0.79,0.10127695,0.10615106,-4.59,-3.79,False,0.6666666666666666,0.0,0.53,3.4,Actionable watch,Possible inverse H&S,"inverse-head-and-shoulders, base, reversal",2321.55,,,2.64,,,2321.55,A possible inverse head-and-shoulders base is visible. The setup improves only if price clears or holds near the neckline with better volume.,Setup watch: Possible inverse H&S,1.23
NESTLEIND,Nestle India Ltd.,NESTLEIND.NS,Fast Moving Consumer Goods,True,,NIFTY 500,^CRSLDX,2026-08-28,1454.6,0.32,-1.52,-3.64,445682.0,1737867.0,0.26,648289026.32,43.89,49.22,False,False,False,True,True,-2.44,-0.45,1.8,False,False,False,False,-7.12,0.06182276,0.06254063,-1.15,-3.92,False,0.6666666666666666,0.0,0.26,3.4,Actionable watch,Possible inverse H&S,"inverse-head-and-shoulders, base, reversal",1419.25,,,2.49,,,1419.25,A possible inverse head-and-shoulders base is visible. The setup improves only if price clears or holds near the neckline with better volume.,Setup watch: Possible inverse H&S,1.21
EMMVEE,Emmvee Photovoltaic Power Ltd.,EMMVEE.NS,Capital Goods,True,,NIFTY 500,^CRSLDX,2026-08-28,324.1,-0.98,0.03,2.05,737469.0,1724805.0,0.43,239013707.4,49.01,50.08,False,True,False,True,,0.22,-1.91,,False,False,False,False,13.87,0.01377475,0.01414135,-2.59,1.75,False,0.0,0.0,0.43,-2.0,Risk review,Head-and-shoulders risk,"head-and-shoulders, risk, distribution, inverse-head-and-shoulders, base, reversal",314.85,,,2.94,,,314.85,"A possible head-and-shoulders top is forming or breaking. This is a caution signal, not an entry setup. Secondary patterns: Possible inverse H&S.",Risk review,1.15
HONAUT,Honeywell Automation India Ltd.,HONAUT.NS,Capital Goods,True,,NIFTY 500,^CRSLDX,2026-08-28,36635.0,-0.45,-0.18,-3.98,1504.0,2727.0,0.55,55099040.0,42.93,41.98,True,False,False,True,True,-1.64,-3.71,0.26,False,False,False,False,-0.43,1.55704448,1.62709649,-4.31,-4.26,False,0.6666666666666666,0.0,0.55,3.4,Actionable watch,Possible inverse H&S,"inverse-head-and-shoulders, base, reversal",35772.5,,,2.41,,,35772.5,A possible inverse head-and-shoulders base is visible. The setup improves only if price clears or holds near the neckline with better volume.,Setup watch: Possible inverse H&S,1.14
ABREL,Aditya Birla Real Estate Ltd.,ABREL.NS,Realty,True,,NIFTY 500,^CRSLDX,2026-08-28,1387.0,-0.46,-1.37,-2.19,81313.0,214767.0,0.38,112781131.0,47.25,51.47,False,False,False,True,False,-1.17,-0.63,-2.3,False,False,False,False,-2.85,0.05894966,0.05968233,-1.23,-2.48,False,0.0,0.0,0.38,2.32,Actionable watch,Possible inverse H&S,"inverse-head-and-shoulders, base, reversal",1398.95,,,0.85,,,1398.95,A possible inverse head-and-shoulders base is visible. The setup improves only if price clears or holds near the neckline with better volume.,Setup watch: Possible inverse H&S,1.12
MAXHEALTH,Max Healthcare Institute Ltd.,MAXHEALTH.NS,Healthcare,True,,NIFTY 500,^CRSLDX,2026-08-28,1014.1,0.51,1.41,-7.68,1810969.0,1938367.0,0.93,1836503618.69,42.08,32.56,True,False,False,False,False,-1.48,-5.76,-1.23,False,False,False,False,-2.54,0.04310083,0.04605107,-6.41,-7.95,False,0.3333333333333333,0.0,0.93,4.42,Actionable watch,Breakout retest,"breakout, retest, pivot, volume, inverse-head-and-shoulders, base, reversal",1031.58,2026-06-18,1.85,1.69,,,,Prior resistance has been cleared on higher volume and price is back near that pivot. This is the kind of retest zone where follow-through can matter more than chasing a stretched candle. Secondary patterns: Possible inverse H&S.,Mean reversion bounce,1.1
HDFCAMC,HDFC Asset Management Company Ltd.,HDFCAMC.NS,Financial Services,True,,NIFTY 500,^CRSLDX,2026-08-28,2569.0,-0.23,-1.57,-1.79,587123.0,824161.0,0.71,1508318987.0,48.12,55.14,False,True,False,False,False,0.13,-1.84,-0.57,False,False,False,False,5.15,0.1091865,0.11209548,-2.6,-2.07,False,0.3333333333333333,0.0,0.71,0.0,No clear setup,,,,,,,,,,,Weakening,1.09
DELHIVERY,Delhivery Ltd.,DELHIVERY.NS,Services,True,,NIFTY 500,^CRSLDX,2026-08-28,470.2,0.9,4.33,-2.44,1424904.0,3140711.0,0.45,669989878.19,54.03,37.56,True,True,False,True,True,1.73,-1.6,0.02,False,False,False,False,2.95,0.01998423,0.02045359,-2.29,-2.72,False,0.6666666666666666,0.0,0.45,-2.0,Risk review,Head-and-shoulders risk,"head-and-shoulders, risk, distribution",459.0,,,2.44,,,459.0,"A possible head-and-shoulders top is forming or breaking. This is a caution signal, not an entry setup.",Risk review,1.06
PGEL,PG Electroplast Ltd.,PGEL.NS,Consumer Durables,True,,NIFTY 500,^CRSLDX,2026-08-28,585.85,-1.7,-2.45,-4.48,532477.0,1998425.0,0.27,311951637.45,44.26,50.48,False,False,False,True,True,-3.31,-0.74,0.75,False,False,False,False,-13.06,0.02489954,0.02526929,-1.46,-4.76,False,0.6666666666666666,0.0,0.27,3.4,Actionable watch,Possible inverse H&S,"inverse-head-and-shoulders, base, reversal",564.38,,,3.81,,,564.38,A possible inverse head-and-shoulders base is visible. The setup improves only if price clears or holds near the neckline with better volume.,Setup watch: Possible inverse H&S,1.04
GAIL,GAIL (India) Ltd.,GAIL.NS,Oil Gas & Consumable Fuels,True,,NIFTY 500,^CRSLDX,2026-08-28,171.1,-0.78,-0.52,-5.7,8704515.0,9953716.0,0.87,1489342569.63,44.29,46.16,False,False,False,True,True,-1.74,-1.53,-0.05,False,False,False,False,-9.45,0.00727202,0.00743812,-2.23,-5.97,False,0.3333333333333333,0.0,0.87,4.35,Actionable watch,Breakout retest,"breakout, retest, pivot, volume, inverse-head-and-shoulders, base, reversal",172.03,2026-07-27,1.7,0.54,,,,Prior resistance has been cleared on higher volume and price is back near that pivot. This is the kind of retest zone where follow-through can matter more than chasing a stretched candle. Secondary patterns: Possible inverse H&S.,Setup watch: Breakout retest,1.01
JUBLINGREA,Jubilant Ingrevia Ltd.,JUBLINGREA.NS,Chemicals,True,,NIFTY 500,^CRSLDX,2026-08-28,683.5,-1.1,-4.85,-7.1,142239.0,284266.0,0.5,97220356.5,36.96,47.71,False,False,False,False,True,-5.86,-3.45,0.69,False,False,False,False,-15.35,0.02904981,0.03030781,-4.15,-7.36,False,0.6666666666666666,0.0,0.5,4.52,Actionable watch,Breakout retest,"breakout, retest, pivot, volume, inverse-head-and-shoulders, base, reversal",695.95,2026-07-09,2.04,1.79,,,,Prior resistance has been cleared on higher volume and price is back near that pivot. This is the kind of retest zone where follow-through can matter more than chasing a stretched candle. Secondary patterns: Possible inverse H&S.,Setup watch: Breakout retest,1.0
BHARATFORG,Bharat Forge Ltd.,BHARATFORG.NS,Automobile and Auto Components,True,,NIFTY 500,^CRSLDX,2026-08-28,2037.7,-0.6,-1.23,-7.37,362638.0,1267309.0,0.29,738947434.89,42.01,41.87,False,False,False,True,True,-3.03,-4.25,4.76,False,False,False,False,-9.89,0.08660542,0.09101467,-4.84,-7.64,False,0.6666666666666666,0.0,0.29,4.74,Actionable watch,Breakout retest,"breakout, retest, pivot, volume",1949.73,2026-06-15,1.68,2.86,,,,Prior resistance has been cleared on higher volume and price is back near that pivot. This is the kind of retest zone where follow-through can matter more than chasing a stretched candle.,Setup watch: Breakout retest,1.0
CHOICEIN,Choice International Ltd.,CHOICEIN.NS,Financial Services,True,,NIFTY 500,^CRSLDX,2026-08-28,786.4,1.46,-2.75,-4.44,378440.0,438306.0,0.86,297605225.24,43.23,51.72,False,False,False,True,True,-2.94,-1.13,-0.06,False,False,False,False,-6.88,0.03342322,0.03404249,-1.82,-4.72,False,0.3333333333333333,0.0,0.86,3.08,Actionable watch,Possible inverse H&S,"inverse-head-and-shoulders, base, reversal",775.2,,,1.44,,,775.2,A possible inverse head-and-shoulders base is visible. The setup improves only if price clears or holds near the neckline with better volume.,Setup watch: Possible inverse H&S,0.93
ASIANPAINT,Asian Paints Ltd.,ASIANPAINT.NS,Consumer Durables,True,,NIFTY 500,^CRSLDX,2026-08-28,2608.7,-0.85,-1.19,-5.04,482507.0,664967.0,0.73,1258715987.34,35.13,39.6,False,False,False,False,True,-3.15,-3.05,0.75,False,False,False,False,-4.98,0.1108738,0.11523184,-3.78,-5.32,False,0.6666666666666666,0.0,0.73,3.4,Actionable watch,Possible inverse H&S,"inverse-head-and-shoulders, base, reversal",2517.2,,,3.63,,,2517.2,A possible inverse head-and-shoulders base is visible. The setup improves only if price clears or holds near the neckline with better volume.,Setup watch: Possible inverse H&S,0.93
HAVELLS,Havells India Ltd.,HAVELLS.NS,Consumer Durables,True,,NIFTY 500,^CRSLDX,2026-08-28,1222.9,-1.46,-3.56,-3.0,1777886.0,833312.0,2.13,2174176832.81,37.05,53.33,False,False,False,True,False,-4.19,-0.54,-1.44,False,False,False,False,-9.29,0.05197515,0.05261599,-1.22,-3.28,False,0.0,0.0,2.13,2.2,Watch,Possible inverse H&S,"inverse-head-and-shoulders, base, reversal",1295.9,,,5.63,,,1295.9,A possible inverse head-and-shoulders base is visible. The setup improves only if price clears or holds near the neckline with better volume.,Setup watch: Possible inverse H&S,0.91
ICICIAMC,ICICI Prudential Asset Management Company Ltd.,ICICIAMC.NS,Financial Services,True,,NIFTY 500,^CRSLDX,2026-08-28,3139.6,1.49,-3.98,0.76,754988.0,553480.0,1.36,2370360398.53,48.23,60.77,False,True,False,False,,0.02,-1.45,,False,False,False,False,7.67,0.13343789,0.13648059,-2.23,0.47,False,0.0,0.0,1.36,-2.0,Risk review,Head-and-shoulders risk,"head-and-shoulders, risk, distribution, breakout, retest, pivot, volume",3119.15,,,0.66,,,3119.15,"A possible head-and-shoulders top is forming or breaking. This is a caution signal, not an entry setup. Secondary patterns: Breakout retest.",Risk review,0.89
RAINBOW,Rainbow Childrens Medicare Ltd.,RAINBOW.NS,Healthcare,True,,NIFTY 500,^CRSLDX,2026-08-28,1442.8,0.12,0.67,-5.41,68321.0,102410.0,0.67,98573542.14,42.55,38.9,False,False,False,True,True,-3.21,-2.01,1.04,False,False,False,False,-11.15,0.06132125,0.06304832,-2.74,-5.69,False,0.6666666666666666,0.0,0.67,3.4,Actionable watch,Possible inverse H&S,"inverse-head-and-shoulders, base, reversal",1349.5,,,6.91,,,1349.5,A possible inverse head-and-shoulders base is visible. The setup improves only if price clears or holds near the neckline with better volume.,Setup watch: Possible inverse H&S,0.85
BIOCON,Biocon Ltd.,BIOCON.NS,Healthcare,True,,NIFTY 500,^CRSLDX,2026-08-28,411.1,-1.74,-1.07,-3.43,2186878.0,3239411.0,0.68,899025559.15,42.02,43.88,False,False,False,True,True,-2.09,-2.73,1.26,False,False,False,False,-2.77,0.01747239,0.01809162,-3.42,-3.71,False,0.6666666666666666,0.0,0.68,2.2,Watch,Possible inverse H&S,"inverse-head-and-shoulders, base, reversal",421.6,,,2.49,,,421.6,A possible inverse head-and-shoulders base is visible. The setup improves only if price clears or holds near the neckline with better volume.,Setup watch: Possible inverse H&S,0.83
BHARTIHEXA,Bharti Hexacom Ltd.,BHARTIHEXA.NS,Telecommunication,True,,NIFTY 500,^CRSLDX,2026-08-28,1550.1,-0.06,-2.58,-3.57,104940.0,178285.0,0.59,162667491.44,46.06,52.28,False,False,False,True,False,-1.54,-0.25,-1.37,False,False,False,False,-14.85,0.06588166,0.06652815,-0.97,-3.85,False,0.0,0.0,0.59,2.2,Watch,Possible inverse H&S,"inverse-head-and-shoulders, base, reversal",1643.05,,,5.66,,,1643.05,A possible inverse head-and-shoulders base is visible. The setup improves only if price clears or holds near the neckline with better volume.,Setup watch: Possible inverse H&S,0.8
SAREGAMA,Saregama India Ltd,SAREGAMA.NS,Media Entertainment & Publication,True,,NIFTY 500,^CRSLDX,2026-08-28,492.8,1.09,-2.71,-5.75,216948.0,873632.0,0.25,106911971.75,43.62,47.72,False,False,False,True,True,-4.87,-1.97,1.9,False,False,False,False,-12.92,0.02094477,0.02149848,-2.58,-6.02,False,0.6666666666666666,0.0,0.25,3.4,Actionable watch,Possible inverse H&S,"inverse-head-and-shoulders, base, reversal",378.15,,,30.32,,,378.15,A possible inverse head-and-shoulders base is visible. The setup improves only if price clears or holds near the neckline with better volume.,Setup watch: Possible inverse H&S,0.79
NIVABUPA,Niva Bupa Health Insurance Company Ltd.,NIVABUPA.NS,Financial Services,True,,NIFTY 500,^CRSLDX,2026-08-28,81.8,-0.85,-0.99,-5.99,329141.0,763158.0,0.43,26923734.8,36.61,37.57,False,False,False,False,True,-2.95,-4.16,1.1,False,False,False,False,-6.03,0.00347663,0.00365537,-4.89,-6.26,False,0.6666666666666666,0.0,0.43,3.4,Actionable watch,Possible inverse H&S,"inverse-head-and-shoulders, base, reversal",79.5,,,2.89,,,79.5,A possible inverse head-and-shoulders base is visible. The setup improves only if price clears or holds near the neckline with better volume.,Setup watch: Possible inverse H&S,0.79
DEEPAKFERT,Deepak Fertilisers & Petrochemicals Corp. Ltd.,DEEPAKFERT.NS,Chemicals,True,,NIFTY 500,^CRSLDX,2026-08-28,1436.3,-1.31,-0.21,-6.87,117237.0,340210.0,0.34,168387508.82,39.28,37.37,False,False,False,False,True,-3.64,-6.69,0.43,False,False,False,False,-0.65,0.06104499,0.06589738,-7.36,-7.14,False,0.6666666666666666,0.0,0.34,3.4,Actionable watch,Possible inverse H&S,"inverse-head-and-shoulders, base, reversal",1302.65,,,10.26,,,1302.65,A possible inverse head-and-shoulders base is visible. The setup improves only if price clears or holds near the neckline with better volume.,Setup watch: Possible inverse H&S,0.79
CEMPRO,Cemindia Projects Ltd.,CEMPRO.NS,Construction,True,,NIFTY 500,^CRSLDX,2026-08-28,1268.1,1.35,-0.65,-7.29,129074.0,395488.0,0.33,163678736.25,43.84,43.18,False,False,False,True,True,-0.9,-7.77,5.36,False,False,False,False,-1.31,0.05389622,0.05891107,-8.51,-7.56,False,0.6666666666666666,0.0,0.33,3.4,Actionable watch,Possible inverse H&S,"inverse-head-and-shoulders, base, reversal",907.23,,,39.78,,,907.23,A possible inverse head-and-shoulders base is visible. The setup improves only if price clears or holds near the neckline with better volume.,Setup watch: Possible inverse H&S,0.79
ASTERDM,Aster DM Quality Care Ltd.,ASTERDM.NS,Healthcare,True,,NIFTY 500,^CRSLDX,2026-08-28,748.4,-0.85,-1.73,-8.97,1768628.0,5748995.0,0.31,1323641238.38,32.17,32.04,False,False,False,False,True,-7.32,-6.57,1.68,False,False,False,False,-12.18,0.03180816,0.03431769,-7.31,-9.23,False,0.6666666666666666,0.0,0.31,3.4,Actionable watch,Possible inverse H&S,"inverse-head-and-shoulders, base, reversal",643.85,,,16.24,,,643.85,A possible inverse head-and-shoulders base is visible. The setup improves only if price clears or holds near the neckline with better volume.,Setup watch: Possible inverse H&S,0.79
GODREJIND,Godrej Industries Ltd.,GODREJIND.NS,Diversified,True,,NIFTY 500,^CRSLDX,2026-08-28,1167.5,1.48,-5.08,-11.39,71294.0,129416.0,0.55,83235745.0,36.91,42.26,False,False,False,True,True,-5.99,-7.19,1.46,False,False,False,False,-19.82,0.04962057,0.05379914,-7.77,-11.65,False,0.6666666666666666,0.0,0.55,3.4,Actionable watch,Possible inverse H&S,"inverse-head-and-shoulders, base, reversal",1053.4,,,10.83,,,1053.4,A possible inverse head-and-shoulders base is visible. The setup improves only if price clears or holds near the neckline with better volume.,Setup watch: Possible inverse H&S,0.79
LLOYDSME,Lloyds Metals And Energy Ltd.,LLOYDSME.NS,Metals & Mining,True,,NIFTY 500,^CRSLDX,2026-08-28,1810.2,0.65,-2.99,-11.57,427610.0,512123.0,0.83,774059601.12,37.65,41.59,False,False,False,True,True,-6.66,-3.92,4.22,False,False,False,False,-26.23,0.07693631,0.08066061,-4.62,-11.82,False,0.6666666666666666,0.0,0.83,3.4,Actionable watch,Possible inverse H&S,"inverse-head-and-shoulders, base, reversal",1359.0,,,33.2,,,1359.0,A possible inverse head-and-shoulders base is visible. The setup improves only if price clears or holds near the neckline with better volume.,Setup watch: Possible inverse H&S,0.79
3MINDIA,3M India Ltd.,3MINDIA.NS,Diversified,True,,NIFTY 500,^CRSLDX,2026-08-28,34415.0,0.5,2.3,-0.58,2419.0,3930.0,0.62,83249885.0,47.93,37.1,True,False,False,True,True,-1.58,-0.63,1.36,False,False,False,False,0.15,1.46269102,1.4820454,-1.31,-0.86,False,0.6666666666666666,0.0,0.62,-2.0,Risk review,Head-and-shoulders risk,"head-and-shoulders, risk, distribution, inverse-head-and-shoulders, base, reversal",32880.0,,,4.67,,,32880.0,"A possible head-and-shoulders top is forming or breaking. This is a caution signal, not an entry setup. Secondary patterns: Possible inverse H&S.",Risk review,0.73
BLUEDART,Blue Dart Express Ltd.,BLUEDART.NS,Services,True,,NIFTY 500,^CRSLDX,2026-08-28,4989.5,-0.32,-1.84,-3.31,3660.0,44939.0,0.08,18261570.0,44.36,50.75,False,False,False,False,False,-2.54,-0.39,-1.55,False,False,False,False,-9.22,0.21206151,0.21436742,-1.08,-3.59,False,0.0,0.0,0.08,4.7,Actionable watch,Breakout retest,"breakout, retest, pivot, volume",5064.75,2026-07-31,3.63,1.49,,,,Prior resistance has been cleared on higher volume and price is back near that pivot. This is the kind of retest zone where follow-through can matter more than chasing a stretched candle.,Setup watch: Breakout retest,0.68
MGL,Mahanagar Gas Ltd.,MGL.NS,Oil Gas & Consumable Fuels,True,,NIFTY 500,^CRSLDX,2026-08-28,1092.6,-0.02,-1.94,-0.91,270473.0,278184.0,0.97,295518793.2,45.94,52.2,False,False,False,False,True,-1.57,-1.57,-1.2,False,False,False,False,0.2,0.0464372,0.04754492,-2.33,-1.2,False,0.3333333333333333,0.0,0.97,-2.0,Risk review,Head-and-shoulders risk,"head-and-shoulders, risk, distribution",1044.2,,,4.64,,,1044.2,"A possible head-and-shoulders top is forming or breaking. This is a caution signal, not an entry setup.",Risk review,0.66
MRF,MRF Ltd.,MRF.NS,Automobile and Auto Components,True,,NIFTY 500,^CRSLDX,2026-08-28,132080.0,-1.14,-0.44,-0.52,2261.0,3940.0,0.57,298632880.0,47.5,50.04,False,False,False,True,False,-0.76,-0.22,-1.79,False,False,False,False,1.09,5.61360541,5.66525812,-0.91,-0.81,False,0.0,0.0,0.57,0.0,No clear setup,,,,,,,,,,,Weakening,0.64
TRENT,Trent Ltd.,TRENT.NS,Consumer Services,True,,NIFTY 500,^CRSLDX,2026-08-28,2898.0,0.68,-0.89,-3.59,469847.0,1008566.0,0.47,1361616606.0,41.59,42.33,False,False,False,False,False,-2.79,-3.92,-5.29,False,False,False,False,6.76,0.12316951,0.12911216,-4.6,-3.87,False,0.0,0.0,0.47,4.26,Actionable watch,Breakout retest,"breakout, retest, pivot, volume, inverse-head-and-shoulders, base, reversal",2922.2,2026-08-14,1.52,0.83,,,,Prior resistance has been cleared on higher volume and price is back near that pivot. This is the kind of retest zone where follow-through can matter more than chasing a stretched candle. Secondary patterns: Possible inverse H&S.,Setup watch: Breakout retest,0.63
SYNGENE,Syngene International Ltd.,SYNGENE.NS,Healthcare,True,,NIFTY 500,^CRSLDX,2026-08-28,403.4,-2.51,-0.95,4.53,292936.0,812546.0,0.36,118170380.61,47.25,49.65,False,False,False,False,False,-0.2,-2.69,-4.72,False,False,False,False,17.13,0.01714513,0.01775126,-3.41,4.23,False,0.0,0.0,0.36,-3.0,Risk review,Head-and-shoulders risk,"head-and-shoulders, risk, distribution",404.95,,,0.38,,,404.95,"A possible head-and-shoulders top is forming or breaking. This is a caution signal, not an entry setup.",Risk review,0.6
LEMONTREE,Lemon Tree Hotels Ltd.,LEMONTREE.NS,Consumer Services,True,,NIFTY 500,^CRSLDX,2026-08-28,108.53,0.78,0.18,-0.7,9178463.0,3161555.0,2.9,996138578.19,43.7,40.92,False,False,False,False,False,-1.06,-3.91,-4.25,False,False,False,False,7.75,0.00461269,0.00482966,-4.49,-0.99,False,0.0,0.0,2.9,0.0,No clear setup,,,,,,,,,,,Weakening,0.6
MARICO,Marico Ltd.,MARICO.NS,Fast Moving Consumer Goods,True,,NIFTY 500,^CRSLDX,2026-08-28,829.65,-0.46,-2.31,-4.71,2455287.0,1510376.0,1.63,2037028919.49,39.28,47.52,False,False,False,True,True,-2.82,-2.19,1.77,False,False,False,False,-8.58,0.03526142,0.03629767,-2.85,-4.98,False,0.6666666666666666,0.0,1.63,0.0,No clear setup,,,,,,,,,,,Weakening,0.6
TATAELXSI,Tata Elxsi Ltd.,TATAELXSI.NS,Information Technology,True,,NIFTY 500,^CRSLDX,2026-08-28,3685.0,1.43,-0.62,0.33,303465.0,192212.0,1.58,1118268525.0,48.83,49.62,True,False,False,False,False,-0.9,-0.54,-3.47,False,False,False,False,0.88,0.15661823,0.15861936,-1.26,0.04,False,0.0,0.0,1.58,-3.0,Risk review,Head-and-shoulders risk,"head-and-shoulders, risk, distribution",5208.5,,,29.25,,,5208.5,"A possible head-and-shoulders top is forming or breaking. This is a caution signal, not an entry setup.",Risk review,0.56
ABDL,Allied Blenders and Distillers Ltd.,ABDL.NS,Fast Moving Consumer Goods,True,,NIFTY 500,^CRSLDX,2026-08-28,610.0,0.41,2.52,-1.53,109273.0,359308.0,0.3,66656530.0,48.33,42.41,True,False,False,True,True,-0.27,-2.88,0.15,False,False,False,False,4.27,0.02592595,0.0268919,-3.59,-1.82,False,0.6666666666666666,0.0,0.3,-2.0,Risk review,Head-and-shoulders risk,"head-and-shoulders, risk, distribution, inverse-head-and-shoulders, base, reversal",595.08,,,2.51,,,595.08,"A possible head-and-shoulders top is forming or breaking. This is a caution signal, not an entry setup. Secondary patterns: Possible inverse H&S.",Risk review,0.54
BDL,Bharat Dynamics Ltd.,BDL.NS,Capital Goods,True,,NIFTY 500,^CRSLDX,2026-08-28,1306.0,-3.16,-3.9,4.22,1588685.0,1952287.0,0.81,2074822610.0,45.89,56.75,False,False,False,False,False,-1.94,-1.28,-1.29,False,False,False,False,14.27,0.05550703,0.05663199,-1.99,3.92,False,0.0,0.0,0.81,-3.0,Risk review,Head-and-shoulders risk,"head-and-shoulders, risk, distribution, breakout, retest, pivot, volume",1315.85,,,0.75,,,1315.85,"A possible head-and-shoulders top is forming or breaking. This is a caution signal, not an entry setup. Secondary patterns: Breakout retest.",Risk review,0.53
PRESTIGE,Prestige Estates Projects Ltd.,PRESTIGE.NS,Realty,True,,NIFTY 500,^CRSLDX,2026-08-28,1588.0,-2.16,-2.64,-1.62,273774.0,480723.0,0.57,434753112.0,46.19,54.49,False,False,False,True,True,-0.9,-2.05,-0.83,False,False,False,False,1.86,0.06749247,0.06934566,-2.67,-1.9,False,0.3333333333333333,0.0,0.57,-2.0,Risk review,Head-and-shoulders risk,"head-and-shoulders, risk, distribution, inverse-head-and-shoulders, base, reversal",1526.65,,,4.02,,,1526.65,"A possible head-and-shoulders top is forming or breaking. This is a caution signal, not an entry setup. Secondary patterns: Possible inverse H&S.",Risk review,0.52
TATASTEEL,Tata Steel Ltd.,TATASTEEL.NS,Metals & Mining,True,,NIFTY 500,^CRSLDX,2026-08-28,186.5,-0.16,1.91,-1.68,39367410.0,24811694.0,1.59,7342021965.0,48.77,40.3,True,False,False,False,False,-0.3,-0.58,0.68,False,False,False,False,-1.23,0.00792654,0.00803874,-1.4,-1.97,False,0.3333333333333333,0.0,1.59,-2.0,Risk review,Head-and-shoulders risk,"head-and-shoulders, risk, distribution",179.29,,,4.02,,,179.29,"A possible head-and-shoulders top is forming or breaking. This is a caution signal, not an entry setup.",Risk review,0.51
PFIZER,Pfizer Ltd.,PFIZER.NS,Healthcare,True,,NIFTY 500,^CRSLDX,2026-08-28,4703.8,-0.77,-5.51,-2.49,26864.0,57296.0,0.47,126362877.95,43.26,63.63,False,False,True,True,False,-3.47,0.51,-0.64,False,False,False,False,-9.34,0.19991881,0.20032905,-0.2,-2.77,False,0.3333333333333333,0.0,0.47,0.0,No clear setup,,,,,,,,,,,Weakening,0.45
GROWW,Billionbrains Garage Ventures Ltd.,GROWW.NS,Financial Services,True,,NIFTY 500,^CRSLDX,2026-08-28,191.46,-2.73,-2.82,-1.5,53244290.0,36254968.0,1.47,10194152120.88,43.72,50.3,False,False,False,False,True,-1.87,-3.69,,False,False,False,False,4.73,0.00813735,0.00851087,-4.39,-1.78,False,0.3333333333333333,0.0,1.47,0.0,No clear setup,,,,,,,,,,,Weakening,0.44
BHARTIARTL,Bharti Airtel Ltd.,BHARTIARTL.NS,Telecommunication,True,,NIFTY 500,^CRSLDX,2026-08-28,1882.4,0.22,-3.27,-4.54,6103006.0,6504872.0,0.94,11488298643.4,41.3,52.77,False,False,False,True,False,-3.02,-1.47,-0.39,False,False,False,False,-8.63,0.08000493,0.08182096,-2.22,-4.82,False,0.0,0.0,0.94,4.68,Actionable watch,Breakout retest,"breakout, retest, pivot, volume",1933.87,2026-08-05,2.36,2.66,,,,Prior resistance has been cleared on higher volume and price is back near that pivot. This is the kind of retest zone where follow-through can matter more than chasing a stretched candle.,Setup watch: Breakout retest,0.44
CEATLTD,Ceat Ltd.,CEATLTD.NS,Automobile and Auto Components,True,,NIFTY 500,^CRSLDX,2026-08-28,3511.5,0.03,-1.46,2.38,33013.0,73397.0,0.45,115925149.5,44.43,47.83,False,False,False,True,False,-3.26,-1.99,-0.91,False,False,False,False,11.51,0.14924421,0.15330286,-2.65,2.08,False,0.3333333333333333,0.0,0.45,0.0,No clear setup,,,,,,,,,,,Neutral / watch,0.42
GMRAIRPORT,GMR Airports Ltd.,GMRAIRPORT.NS,Services,True,,NIFTY 500,^CRSLDX,2026-08-28,98.31,-0.37,-1.32,-6.6,23294002.0,9883487.0,2.36,2290033279.75,30.12,30.35,False,False,False,False,False,-4.23,-8.28,0.96,False,False,False,False,0.45,0.00417833,0.00458928,-8.95,-6.87,False,0.6666666666666666,0.0,2.36,2.2,Watch,Possible inverse H&S,"inverse-head-and-shoulders, base, reversal",103.31,,,4.84,,,103.31,A possible inverse head-and-shoulders base is visible. The setup improves only if price clears or holds near the neckline with better volume.,Setup watch: Possible inverse H&S,0.37
JBMA,JBM Auto Ltd.,JBMA.NS,Automobile and Auto Components,True,,NIFTY 500,^CRSLDX,2026-08-28,641.55,-0.57,-4.81,-2.55,132172.0,866961.0,0.15,84794944.99,46.69,59.16,True,False,False,False,True,-0.26,-3.83,-0.13,False,False,False,False,4.23,0.02726687,0.0285919,-4.63,-2.83,False,0.3333333333333333,0.0,0.15,-2.0,Risk review,Head-and-shoulders risk,"head-and-shoulders, risk, distribution, breakout, retest, pivot, volume, inverse-head-and-shoulders, base, reversal",624.78,,,2.68,,,624.78,"A possible head-and-shoulders top is forming or breaking. This is a caution signal, not an entry setup. Secondary patterns: Breakout retest, Possible inverse H&S.",Risk review,0.33
ONESOURCE,Onesource Specialty Pharma Ltd.,ONESOURCE.NS,Healthcare,True,,NIFTY 500,^CRSLDX,2026-08-28,1532.2,0.97,-0.18,-5.4,32478.0,163286.0,0.2,49762790.01,43.83,40.5,True,False,False,False,False,-0.81,-4.51,-1.74,False,False,False,False,-2.06,0.06512088,0.0687423,-5.27,-5.68,False,0.3333333333333333,0.0,0.2,4.25,Actionable watch,Breakout retest,"breakout, retest, pivot, volume",1539.7,2026-06-29,1.49,0.49,,,,Prior resistance has been cleared on higher volume and price is back near that pivot. This is the kind of retest zone where follow-through can matter more than chasing a stretched candle.,Setup watch: Breakout retest,0.26
BSE,BSE Ltd.,BSE.NS,Financial Services,True,,NIFTY 500,^CRSLDX,2026-08-28,3405.0,2.31,5.06,-6.62,4771876.0,4607201.0,1.04,16248237780.0,46.04,31.84,True,False,False,False,True,-0.58,-5.69,2.88,False,False,False,False,-2.02,0.1447178,0.15473002,-6.47,-6.88,False,0.6666666666666666,0.0,1.04,-3.0,Risk review,Head-and-shoulders risk,"head-and-shoulders, risk, distribution",3598.5,,,5.38,,,3598.5,"A possible head-and-shoulders top is forming or breaking. This is a caution signal, not an entry setup.",Risk review,0.25
MAPMYINDIA,C.E. Info Systems Ltd.,MAPMYINDIA.NS,Information Technology,True,,NIFTY 500,^CRSLDX,2026-08-28,965.9,-1.15,-1.83,-18.02,250621.0,270762.0,0.93,242074830.02,41.44,41.45,False,False,False,True,False,-4.94,-5.21,-6.45,False,False,False,False,-43.33,0.04105225,0.04364974,-5.95,-18.25,False,0.0,0.0,0.93,5.1,Actionable watch,Breakout retest,"breakout, retest, pivot, volume",939.77,2026-07-09,12.57,2.32,,,,Prior resistance has been cleared on higher volume and price is back near that pivot. This is the kind of retest zone where follow-through can matter more than chasing a stretched candle.,Setup watch: Breakout retest,0.2
MMTC,MMTC Ltd.,MMTC.NS,Services,True,,NIFTY 500,^CRSLDX,2026-08-28,63.07,-0.69,-3.53,0.65,1025217.0,3491522.0,0.29,64660435.88,45.4,55.15,False,False,False,False,False,-1.53,-2.69,-0.54,False,False,False,False,7.67,0.00268057,0.00277989,-3.57,0.36,False,0.3333333333333333,0.0,0.29,-2.0,Risk review,Head-and-shoulders risk,"head-and-shoulders, risk, distribution",60.11,,,4.93,,,60.11,"A possible head-and-shoulders top is forming or breaking. This is a caution signal, not an entry setup.",Risk review,0.17
IGIL,International Gemological Institute Ltd.,IGIL.NS,Services,True,,NIFTY 500,^CRSLDX,2026-08-28,338.95,-1.34,0.27,-3.38,277869.0,590419.0,0.47,94183700.94,45.34,44.44,False,False,False,False,True,-2.29,-2.18,0.27,False,False,False,False,-1.31,0.0144059,0.01482828,-2.85,-3.66,False,0.6666666666666666,0.0,0.47,-2.0,Risk review,Head-and-shoulders risk,"head-and-shoulders, risk, distribution, breakout, retest, pivot, volume, inverse-head-and-shoulders, base, reversal",323.85,,,4.66,,,323.85,"A possible head-and-shoulders top is forming or breaking. This is a caution signal, not an entry setup. Secondary patterns: Breakout retest, Possible inverse H&S.",Risk review,0.17
ENRIN,Siemens Energy India Ltd.,ENRIN.NS,Capital Goods,True,,NIFTY 500,^CRSLDX,2026-08-28,3242.6,-0.42,-5.62,0.37,253629.0,809172.0,0.31,822417420.17,38.49,49.04,False,False,False,False,True,-5.74,-5.83,0.87,False,False,False,False,2.29,0.13781555,0.14753099,-6.59,0.08,False,0.6666666666666666,0.0,0.31,-2.0,Risk review,Head-and-shoulders risk,"head-and-shoulders, risk, distribution",3133.85,,,3.47,,,3133.85,"A possible head-and-shoulders top is forming or breaking. This is a caution signal, not an entry setup.",Risk review,0.12
ADANIENSOL,Adani Energy Solutions Ltd.,ADANIENSOL.NS,Power,True,,NIFTY 500,^CRSLDX,2026-08-28,1581.4,-2.2,2.56,-3.89,1647570.0,2312632.0,0.71,2605467238.22,46.81,36.75,True,False,False,True,True,-1.1,-2.0,5.42,False,False,False,False,-8.34,0.06721196,0.06907003,-2.69,-4.17,False,0.6666666666666666,0.0,0.71,-2.0,Risk review,Head-and-shoulders risk,"head-and-shoulders, risk, distribution, breakout, retest, pivot, volume, inverse-head-and-shoulders, base, reversal",1532.35,,,3.2,,,1532.35,"A possible head-and-shoulders top is forming or breaking. This is a caution signal, not an entry setup. Secondary patterns: Breakout retest, Possible inverse H&S.",Risk review,0.07
ITCHOTELS,ITC Hotels Ltd.,ITCHOTELS.NS,Consumer Services,True,,NIFTY 500,^CRSLDX,2026-08-28,162.73,-0.87,-1.36,0.22,1318243.0,1499190.0,0.88,214517677.76,42.64,46.27,False,False,False,False,False,-2.18,-4.74,-2.7,False,False,False,False,9.65,0.00691628,0.00731108,-5.4,-0.07,False,0.0,0.0,0.88,0.0,No clear setup,,,,,,,,,,,Weakening,-0.01
CANFINHOME,Can Fin Homes Ltd.,CANFINHOME.NS,Financial Services,True,,NIFTY 500,^CRSLDX,2026-08-28,815.5,1.46,-1.8,-0.62,225559.0,196202.0,1.15,183943364.5,45.97,49.44,False,False,False,False,False,-0.16,-3.81,-0.25,False,False,False,False,8.54,0.03466002,0.03629801,-4.51,-0.91,False,0.0,0.0,1.15,-2.0,Risk review,Head-and-shoulders risk,"head-and-shoulders, risk, distribution",789.8,,,3.25,,,789.8,"A possible head-and-shoulders top is forming or breaking. This is a caution signal, not an entry setup.",Risk review,-0.08
ATUL,Atul Ltd.,ATUL.NS,Chemicals,True,,NIFTY 500,^CRSLDX,2026-08-28,6459.5,-1.91,-0.77,-4.11,28383.0,43377.0,0.65,183339988.5,42.58,42.77,False,False,False,False,True,-3.3,-0.84,1.37,False,False,False,False,-6.94,0.2745388,0.27862568,-1.47,-4.39,False,0.6666666666666666,0.0,0.65,0.0,No clear setup,,,,,,,,,,,Weakening,-0.08
GPIL,Godawari Power & Ispat Ltd.,GPIL.NS,Capital Goods,True,,NIFTY 500,^CRSLDX,2026-08-28,239.85,-0.2,-2.14,-0.64,837387.0,1884888.0,0.44,200847277.06,45.19,49.57,False,False,False,False,False,-1.08,-3.29,-0.85,False,False,False,False,4.47,0.010194,0.01062119,-4.02,-0.93,False,0.0,0.0,0.44,-2.0,Risk review,Head-and-shoulders risk,"head-and-shoulders, risk, distribution",233.58,,,2.69,,,233.58,"A possible head-and-shoulders top is forming or breaking. This is a caution signal, not an entry setup.",Risk review,-0.09
KIMS,Krishna Institute of Medical Sciences Ltd.,KIMS.NS,Healthcare,True,,NIFTY 500,^CRSLDX,2026-08-28,771.0,0.33,-1.47,-4.19,627298.0,651067.0,0.96,483646758.0,41.22,40.72,False,False,False,True,True,-2.98,-3.8,1.09,False,False,False,False,1.58,0.0327687,0.03431399,-4.5,-4.46,False,0.6666666666666666,0.0,0.96,0.0,No clear setup,,,,,,,,,,,Weakening,-0.09
GODFRYPHLP,Godfrey Phillips India Ltd.,GODFRYPHLP.NS,Fast Moving Consumer Goods,True,,NIFTY 500,^CRSLDX,2026-08-28,2123.7,0.41,0.32,1.0,125108.0,397259.0,0.31,265691853.49,47.63,45.79,True,False,False,False,False,-2.31,-0.61,-3.98,False,False,False,False,3.07,0.09026055,0.09147465,-1.33,0.71,False,0.0,0.0,0.31,-3.0,Risk review,Head-and-shoulders risk,"head-and-shoulders, risk, distribution",2156.55,,,1.52,,,2156.55,"A possible head-and-shoulders top is forming or breaking. This is a caution signal, not an entry setup.",Risk review,-0.11
ITI,ITI Ltd.,ITI.NS,Telecommunication,True,,NIFTY 500,^CRSLDX,2026-08-28,275.5,0.11,-1.34,-0.43,176831.0,338270.0,0.52,48716940.5,39.55,44.78,False,False,False,False,False,-1.81,-3.65,-1.57,False,False,False,False,7.04,0.01170918,0.01225115,-4.42,-0.72,False,0.0,0.0,0.52,0.0,No clear setup,,,,,,,,,,,Weakening,-0.14
OLECTRA,Olectra Greentech Ltd.,OLECTRA.NS,Automobile and Auto Components,True,,NIFTY 500,^CRSLDX,2026-08-28,1312.3,-1.06,-0.46,-0.9,237755.0,401202.0,0.59,312005898.11,44.3,43.49,True,False,False,False,True,-2.23,-5.17,-1.05,False,False,False,False,10.55,0.05577479,0.05926882,-5.9,-1.18,False,0.3333333333333333,0.0,0.59,-2.0,Risk review,Head-and-shoulders risk,"head-and-shoulders, risk, distribution, breakout, retest, pivot, volume, inverse-head-and-shoulders, base, reversal",1266.1,,,3.65,,,1266.1,"A possible head-and-shoulders top is forming or breaking. This is a caution signal, not an entry setup. Secondary patterns: Breakout retest, Possible inverse H&S.",Risk review,-0.14
STARHEALTH,Star Health and Allied Insurance Company Ltd.,STARHEALTH.NS,Financial Services,True,,NIFTY 500,^CRSLDX,2026-08-28,573.5,-2.15,-0.86,-4.58,123280.0,336771.0,0.37,70701080.0,44.22,46.99,False,False,False,True,True,-1.36,-2.09,1.85,False,False,False,False,-7.71,0.02437464,0.0250756,-2.8,-4.85,False,0.6666666666666666,0.0,0.37,0.0,No clear setup,,,,,,,,,,,Weakening,-0.17
GMDCLTD,Gujarat Mineral Development Corporation Ltd.,GMDCLTD.NS,Metals & Mining,True,,NIFTY 500,^CRSLDX,2026-08-28,567.65,0.07,-0.41,0.6,736141.0,1362207.0,0.54,417870456.62,45.46,45.7,False,False,False,False,False,-1.67,-2.33,-0.18,False,False,False,False,7.39,0.02412601,0.02490043,-3.11,0.31,False,0.0,0.0,0.54,-3.0,Risk review,Head-and-shoulders risk,"head-and-shoulders, risk, distribution",569.0,,,0.24,,,569.0,"A possible head-and-shoulders top is forming or breaking. This is a caution signal, not an entry setup.",Risk review,-0.19
BAJAJHFL,Bajaj Housing Finance Ltd.,BAJAJHFL.NS,Financial Services,True,,NIFTY 500,^CRSLDX,2026-08-28,85.0,-0.34,0.18,-1.19,1691758.0,2564961.0,0.66,143799430.0,48.18,45.18,True,False,False,False,False,-0.18,-1.6,-2.67,False,False,False,False,5.0,0.00361263,0.00369862,-2.32,-1.47,False,0.0,0.0,0.66,-2.0,Risk review,Head-and-shoulders risk,"head-and-shoulders, risk, distribution",82.68,,,2.81,,,82.68,"A possible head-and-shoulders top is forming or breaking. This is a caution signal, not an entry setup.",Risk review,-0.19
IRCTC,Indian Railway Catering And Tourism Corporation Ltd.,IRCTC.NS,Consumer Services,True,,NIFTY 500,^CRSLDX,2026-08-28,485.65,-0.39,0.3,-0.85,581018.0,975570.0,0.6,282171388.15,40.05,35.8,False,False,False,False,False,-2.96,-3.19,-3.51,False,False,False,False,3.47,0.02064088,0.02147753,-3.9,-1.13,False,0.0,0.0,0.6,0.0,No clear setup,,,,,,,,,,,Weakening,-0.23
DRREDDY,Dr. Reddy's Laboratories Ltd.,DRREDDY.NS,Healthcare,True,,NIFTY 500,^CRSLDX,2026-08-28,1178.0,0.08,0.28,2.6,682607.0,1728418.0,0.39,804111046.0,44.88,43.2,False,False,False,False,False,-0.41,-3.97,-0.38,False,False,False,False,18.8,0.05006683,0.05245833,-4.56,2.31,False,0.0,0.0,0.39,-2.0,Risk review,Head-and-shoulders risk,"head-and-shoulders, risk, distribution",1124.7,,,4.74,,,1124.7,"A possible head-and-shoulders top is forming or breaking. This is a caution signal, not an entry setup.",Risk review,-0.24
HDBFS,HDB Financial Services Ltd.,HDBFS.NS,Financial Services,True,,NIFTY 500,^CRSLDX,2026-08-28,679.35,-0.85,-2.37,-1.02,172317.0,683596.0,0.25,117063549.74,42.89,51.3,False,False,False,False,False,-0.75,-4.31,-0.65,False,False,False,False,7.44,0.02887343,0.03037373,-4.94,-1.31,False,0.3333333333333333,0.0,0.25,0.0,No clear setup,,,,,,,,,,,Weakening,-0.26
PATANJALI,Patanjali Foods Ltd.,PATANJALI.NS,Fast Moving Consumer Goods,True,,NIFTY 500,^CRSLDX,2026-08-28,348.45,0.06,0.13,-1.09,1098986.0,3201272.0,0.34,382941685.12,39.5,37.59,False,False,False,False,False,-0.87,-5.61,-4.69,False,False,False,False,13.55,0.01480967,0.01581568,-6.36,-1.37,False,0.0,0.0,0.34,0.0,No clear setup,,,,,,,,,,,Weakening,-0.27
IREDA,Indian Renewable Energy Development Agency Ltd.,IREDA.NS,Financial Services,True,,NIFTY 500,^CRSLDX,2026-08-28,117.02,-0.32,1.76,-2.15,4509117.0,5457457.0,0.83,527656856.2,44.98,34.65,True,False,False,False,False,-0.84,-3.73,-2.55,False,False,False,False,5.13,0.00497353,0.00520392,-4.43,-2.43,False,0.0,0.0,0.83,-2.0,Risk review,Head-and-shoulders risk,"head-and-shoulders, risk, distribution",115.58,,,1.25,,,115.58,"A possible head-and-shoulders top is forming or breaking. This is a caution signal, not an entry setup.",Risk review,-0.29
SHREECEM,Shree Cement Ltd.,SHREECEM.NS,Construction Materials,True,,NIFTY 500,^CRSLDX,2026-08-28,24000.0,-1.96,-1.15,-7.89,20061.0,28207.0,0.71,481464000.0,35.06,31.36,False,False,False,False,False,-4.81,-7.16,-1.22,False,False,False,False,-5.09,1.02003732,1.10612206,-7.78,-8.15,False,0.3333333333333333,0.0,0.71,0.0,No clear setup,,,,,,,,,,,Mean reversion bounce,-0.3
CENTRALBK,Central Bank of India,CENTRALBK.NS,Financial Services,True,,NIFTY 500,^CRSLDX,2026-08-28,30.54,-0.36,-2.4,-1.39,6424346.0,5734031.0,1.12,196199532.72,38.54,48.39,False,False,False,False,False,-1.9,-3.6,-1.92,False,False,False,False,4.55,0.001298,0.00135676,-4.33,-1.67,False,0.0,0.0,1.12,0.0,No clear setup,,,,,,,,,,,Weakening,-0.33
RAILTEL,Railtel Corporation Of India Ltd.,RAILTEL.NS,Telecommunication,True,,NIFTY 500,^CRSLDX,2026-08-28,278.9,-0.05,-2.91,-1.54,365408.0,1151252.0,0.32,101912288.97,41.05,48.18,False,False,False,False,False,-1.91,-5.38,-2.4,False,False,False,False,8.33,0.01185368,0.01262415,-6.1,-1.82,False,0.0,0.0,0.32,0.0,No clear setup,,,,,,,,,,,Weakening,-0.36
SUZLON,Suzlon Energy Ltd.,SUZLON.NS,Capital Goods,True,,NIFTY 500,^CRSLDX,2026-08-28,46.79,-0.04,0.17,-2.54,23902258.0,41629777.0,0.57,1118386673.7,36.91,34.88,False,False,False,False,False,-1.41,-8.92,-1.72,False,False,False,False,13.33,0.00198865,0.00220208,-9.69,-2.82,False,0.3333333333333333,0.0,0.57,-2.0,Risk review,Head-and-shoulders risk,"head-and-shoulders, risk, distribution",44.73,,,4.61,,,44.73,"A possible head-and-shoulders top is forming or breaking. This is a caution signal, not an entry setup.",Risk review,-0.36
RELIANCE,Reliance Industries Ltd.,RELIANCE.NS,Oil Gas & Consumable Fuels,True,,NIFTY 500,^CRSLDX,2026-08-28,1287.0,0.37,-2.2,-1.59,6826848.0,9977121.0,0.68,8786153376.0,42.91,52.27,False,False,False,False,False,-1.86,-1.33,-1.04,False,False,False,False,-1.48,0.0546995,0.05582253,-2.01,-1.87,False,0.0,0.0,0.68,0.0,No clear setup,,,,,,,,,,,Weakening,-0.37
ALKEM,Alkem Laboratories Ltd.,ALKEM.NS,Healthcare,True,,NIFTY 500,^CRSLDX,2026-08-28,5355.0,0.66,-0.83,-6.73,231099.0,130188.0,1.78,1237535145.0,41.31,41.38,False,False,False,False,False,-2.05,-3.22,-0.08,False,False,False,False,-9.69,0.22759583,0.23682029,-3.9,-7.0,False,0.3333333333333333,0.0,1.78,0.0,No clear setup,,,,,,,,,,,Weakening,-0.4
HINDPETRO,Hindustan Petroleum Corporation Ltd.,HINDPETRO.NS,Oil Gas & Consumable Fuels,True,,NIFTY 500,^CRSLDX,2026-08-28,364.0,-1.89,0.21,-1.8,3144153.0,5438338.0,0.58,1144471692.0,42.46,40.22,False,False,False,False,False,-1.92,-2.82,-1.68,False,False,False,False,0.96,0.01547057,0.01601895,-3.42,-2.08,False,0.0,0.0,0.58,0.0,No clear setup,,,,,,,,,,,Weakening,-0.42
ELECON,Elecon Engineering Co. Ltd.,ELECON.NS,Capital Goods,True,,NIFTY 500,^CRSLDX,2026-08-28,425.25,0.47,-5.82,1.48,259116.0,400389.0,0.65,110189079.0,40.71,51.73,False,False,False,False,False,-2.42,-8.75,-2.34,False,False,False,False,22.17,0.01807379,0.01997254,-9.51,1.19,False,0.3333333333333333,0.0,0.65,-2.0,Risk review,Head-and-shoulders risk,"head-and-shoulders, risk, distribution, breakout, retest, pivot, volume",410.82,,,3.51,,,410.82,"A possible head-and-shoulders top is forming or breaking. This is a caution signal, not an entry setup. Secondary patterns: Breakout retest.",Risk review,-0.46
BRITANNIA,Britannia Industries Ltd.,BRITANNIA.NS,Fast Moving Consumer Goods,True,,NIFTY 500,^CRSLDX,2026-08-28,5308.5,0.2,-1.05,-1.99,246601.0,339212.0,0.73,1309081408.5,43.06,44.86,False,False,False,False,False,-2.95,-0.75,-0.7,False,False,False,False,-3.95,0.22561951,0.22887298,-1.42,-2.28,False,0.0,0.0,0.73,0.0,No clear setup,,,,,,,,,,,Weakening,-0.46
DCMSHRIRAM,DCM Shriram Ltd.,DCMSHRIRAM.NS,Diversified,True,,NIFTY 500,^CRSLDX,2026-08-28,1022.3,-0.59,-5.53,-1.12,70239.0,114020.0,0.62,71805328.84,45.4,67.01,False,False,False,False,False,-0.89,-0.7,-1.8,False,False,False,False,-1.88,0.04344934,0.0440736,-1.42,-1.41,False,0.0,0.0,0.62,-3.0,Risk review,Head-and-shoulders risk,"head-and-shoulders, risk, distribution",1035.1,,,1.24,,,1035.1,"A possible head-and-shoulders top is forming or breaking. This is a caution signal, not an entry setup.",Risk review,-0.53
CUMMINSIND,Cummins India Ltd.,CUMMINSIND.NS,Capital Goods,True,,NIFTY 500,^CRSLDX,2026-08-28,5193.0,0.06,1.67,-5.91,387252.0,510249.0,0.76,2010999636.0,39.52,31.95,False,False,False,False,True,-2.59,-4.76,2.45,False,False,False,False,-7.07,0.22071058,0.23361313,-5.52,-6.18,False,0.6666666666666666,0.0,0.76,-3.0,Risk review,Head-and-shoulders risk,"head-and-shoulders, risk, distribution",5264.25,,,1.35,,,5264.25,"A possible head-and-shoulders top is forming or breaking. This is a caution signal, not an entry setup.",Risk review,-0.55
BANDHANBNK,Bandhan Bank Ltd.,BANDHANBNK.NS,Financial Services,True,,NIFTY 500,^CRSLDX,2026-08-28,168.25,-0.85,-3.91,-2.54,3463952.0,7099290.0,0.49,582809924.0,37.19,45.78,False,False,False,False,False,-2.39,-9.66,0.66,False,False,False,False,10.97,0.00715089,0.00798137,-10.41,-2.82,False,0.6666666666666666,0.0,0.49,0.0,No clear setup,,,,,,,,,,,Weakening,-0.56
JSWENERGY,JSW Energy Ltd.,JSWENERGY.NS,Power,True,,NIFTY 500,^CRSLDX,2026-08-28,535.3,-1.25,-1.77,-3.49,994928.0,1599252.0,0.62,532584946.25,37.08,42.42,False,False,False,False,True,-3.51,-3.81,0.48,False,False,False,False,-3.89,0.02275108,0.02381958,-4.49,-3.77,False,0.6666666666666666,0.0,0.62,-2.0,Risk review,Head-and-shoulders risk,"head-and-shoulders, risk, distribution, inverse-head-and-shoulders, base, reversal",518.35,,,3.27,,,518.35,"A possible head-and-shoulders top is forming or breaking. This is a caution signal, not an entry setup. Secondary patterns: Possible inverse H&S.",Risk review,-0.65
SWANCORP,Swan Corp Ltd.,SWANCORP.NS,Chemicals,True,,NIFTY 500,^CRSLDX,2026-08-28,298.15,-1.81,-1.83,-3.09,698162.0,852976.0,0.82,208156996.04,37.55,41.4,False,False,False,False,False,-2.51,-4.33,-3.83,False,False,False,False,-1.7,0.01267184,0.01334118,-5.02,-3.37,False,0.0,0.0,0.82,0.0,No clear setup,,,,,,,,,,,Weakening,-0.67
TRITURBINE,Triveni Turbine Ltd.,TRITURBINE.NS,Capital Goods,True,,NIFTY 500,^CRSLDX,2026-08-28,580.3,-0.54,0.95,-3.56,270490.0,803613.0,0.34,156965343.7,41.87,37.96,True,False,False,False,True,-2.77,-6.8,1.29,False,False,False,False,5.33,0.02466365,0.02666151,-7.49,-3.83,False,0.6666666666666666,0.0,0.34,-2.0,Risk review,Head-and-shoulders risk,"head-and-shoulders, risk, distribution, inverse-head-and-shoulders, base, reversal",553.92,,,4.76,,,553.92,"A possible head-and-shoulders top is forming or breaking. This is a caution signal, not an entry setup. Secondary patterns: Possible inverse H&S.",Risk review,-0.67
GILLETTE,Gillette India Ltd.,GILLETTE.NS,Fast Moving Consumer Goods,True,,NIFTY 500,^CRSLDX,2026-08-28,7316.0,-1.26,-1.65,-3.27,14842.0,14270.0,1.04,108584072.0,30.16,35.77,False,False,False,False,False,-2.58,-4.16,-1.56,False,False,False,False,-3.04,0.31094138,0.32688168,-4.88,-3.54,False,0.0,0.0,1.04,0.0,No clear setup,,,,,,,,,,,Weakening,-0.71
J&KBANK,Jammu & Kashmir Bank Ltd.,J&KBANK.NS,Financial Services,True,,NIFTY 500,^CRSLDX,2026-08-28,150.01,-1.42,0.67,-3.84,884757.0,2639678.0,0.34,132722392.71,41.83,37.92,True,False,False,False,True,-2.17,-7.83,3.77,False,False,False,False,2.09,0.00637566,0.00697356,-8.57,-4.12,False,0.6666666666666666,0.0,0.34,-2.0,Risk review,Head-and-shoulders risk,"head-and-shoulders, risk, distribution",148.69,,,0.89,,,148.69,"A possible head-and-shoulders top is forming or breaking. This is a caution signal, not an entry setup.",Risk review,-0.72
ATGL,Adani Total Gas Ltd.,ATGL.NS,Oil Gas & Consumable Fuels,True,,NIFTY 500,^CRSLDX,2026-08-28,636.5,-1.37,-1.49,-2.29,302674.0,989679.0,0.31,192652001.0,36.61,39.17,False,False,False,False,True,-2.65,-6.79,0.52,False,False,False,False,7.78,0.02705224,0.02924373,-7.49,-2.58,False,0.6666666666666666,0.0,0.31,-3.0,Risk review,Head-and-shoulders risk,"head-and-shoulders, risk, distribution, inverse-head-and-shoulders, base, reversal",639.25,,,0.43,,,639.25,"A possible head-and-shoulders top is forming or breaking. This is a caution signal, not an entry setup. Secondary patterns: Possible inverse H&S.",Risk review,-0.77
JSL,Jindal Stainless Ltd.,JSL.NS,Metals & Mining,True,,NIFTY 500,^CRSLDX,2026-08-28,705.15,0.02,0.54,-3.63,307374.0,367951.0,0.84,216744783.6,42.4,38.47,False,False,False,False,False,-2.42,-1.37,-0.6,False,False,False,False,-8.44,0.02996997,0.0306009,-2.06,-3.91,False,0.0,0.0,0.84,0.0,No clear setup,,,,,,,,,,,Weakening,-0.78
BLS,BLS International Services Ltd.,BLS.NS,Consumer Services,True,,NIFTY 500,^CRSLDX,2026-08-28,239.03,0.4,-11.89,-0.15,890373.0,3765162.0,0.24,212825857.1,39.11,63.09,False,False,False,False,False,-7.22,-4.17,-1.98,False,False,False,False,5.8,0.01015915,0.0106825,-4.9,-0.44,False,0.0,0.0,0.24,-2.0,Risk review,Head-and-shoulders risk,"head-and-shoulders, risk, distribution",231.32,,,3.33,,,231.32,"A possible head-and-shoulders top is forming or breaking. This is a caution signal, not an entry setup.",Risk review,-0.79
ACC,ACC Ltd.,ACC.NS,Construction Materials,True,,NIFTY 500,^CRSLDX,2026-08-28,1306.4,-0.32,-0.08,-3.76,65570.0,150484.0,0.44,85660649.6,42.42,39.97,False,False,False,False,False,-2.02,-3.13,-3.27,False,False,False,False,-0.76,0.05552403,0.05773385,-3.83,-4.03,False,0.0,0.0,0.44,0.0,No clear setup,,,,,,,,,,,Weakening,-0.81
ICICIGI,ICICI Lombard General Insurance Company Ltd.,ICICIGI.NS,Financial Services,True,,NIFTY 500,^CRSLDX,2026-08-28,1562.0,-1.64,-3.4,-3.8,859457.0,1048030.0,0.82,1342471834.0,31.19,40.79,False,False,False,False,False,-4.1,-7.61,-1.96,False,False,False,False,4.96,0.06638743,0.07243955,-8.35,-4.08,False,0.0,0.0,0.82,0.0,No clear setup,,,,,,,,,,,Weakening,-0.82
YESBANK,Yes Bank Ltd.,YESBANK.NS,Financial Services,True,,NIFTY 500,^CRSLDX,2026-08-28,22.1,-0.72,-3.07,-2.94,63477575.0,45663761.0,1.39,1402854431.71,34.53,46.49,False,False,False,False,True,-2.64,-5.34,-0.04,False,False,False,False,4.05,0.00093928,0.00100007,-6.08,-3.22,False,0.3333333333333333,0.0,1.39,-3.0,Risk review,Head-and-shoulders risk,"head-and-shoulders, risk, distribution, inverse-head-and-shoulders, base, reversal",22.32,,,0.99,,,22.32,"A possible head-and-shoulders top is forming or breaking. This is a caution signal, not an entry setup. Secondary patterns: Possible inverse H&S.",Risk review,-0.89
AADHARHFC,Aadhar Housing Finance Ltd.,AADHARHFC.NS,Financial Services,True,,NIFTY 500,^CRSLDX,2026-08-28,471.1,1.14,1.85,-5.15,121779.0,372293.0,0.33,57370087.64,39.29,29.61,False,False,False,False,False,-3.52,-6.71,-0.41,False,False,False,False,5.78,0.02002248,0.02161666,-7.37,-5.43,False,0.3333333333333333,0.0,0.33,-2.0,Risk review,Head-and-shoulders risk,"head-and-shoulders, risk, distribution, breakout, retest, pivot, volume, inverse-head-and-shoulders, base, reversal",458.62,,,2.72,,,458.62,"A possible head-and-shoulders top is forming or breaking. This is a caution signal, not an entry setup. Secondary patterns: Breakout retest, Possible inverse H&S.",Risk review,-0.89
HINDUNILVR,Hindustan Unilever Ltd.,HINDUNILVR.NS,Fast Moving Consumer Goods,True,,NIFTY 500,^CRSLDX,2026-08-28,2010.4,0.07,-0.23,-4.33,933029.0,1086651.0,0.86,1875761524.38,37.47,37.02,False,False,False,False,False,-2.24,-4.74,-1.77,False,False,False,False,0.59,0.08544513,0.09035376,-5.43,-4.6,False,0.0,0.0,0.86,0.0,No clear setup,,,,,,,,,,,Weakening,-0.92
NTPCGREEN,NTPC Green Energy Ltd.,NTPCGREEN.NS,Power,True,,NIFTY 500,^CRSLDX,2026-08-28,90.82,-0.19,-0.67,0.88,1033651.0,2072701.0,0.5,93876183.5,39.99,43.25,False,False,False,False,False,-0.85,-2.34,-0.94,False,False,False,False,6.9,0.00385999,0.00398147,-3.05,0.59,False,0.0,0.0,0.5,-3.0,Risk review,Head-and-shoulders risk,"head-and-shoulders, risk, distribution",94.8,,,4.2,,,94.8,"A possible head-and-shoulders top is forming or breaking. This is a caution signal, not an entry setup.",Risk review,-0.93
COALINDIA,Coal India Ltd.,COALINDIA.NS,Oil Gas & Consumable Fuels,True,,NIFTY 500,^CRSLDX,2026-08-28,401.0,0.25,-1.04,-3.18,38501826.0,7589701.0,5.07,15439232226.0,35.63,38.17,False,False,False,False,False,-1.82,-4.17,0.94,False,False,False,False,1.53,0.01704312,0.01792791,-4.94,-3.45,False,0.3333333333333333,0.0,5.07,-3.0,Risk review,Head-and-shoulders risk,"head-and-shoulders, risk, distribution",401.05,,,0.01,,,401.05,"A possible head-and-shoulders top is forming or breaking. This is a caution signal, not an entry setup.",Risk review,-0.94
AMBUJACEM,Ambuja Cements Ltd.,AMBUJACEM.NS,Construction Materials,True,,NIFTY 500,^CRSLDX,2026-08-28,412.05,0.24,-0.59,-4.66,2152460.0,2824648.0,0.76,886921116.72,42.78,41.63,False,False,False,False,False,-2.28,-3.44,-2.87,False,False,False,False,-1.75,0.01751277,0.01826655,-4.13,-4.94,False,0.0,0.0,0.76,0.0,No clear setup,,,,,,,,,,,Weakening,-0.99
EMAMILTD,Emami Ltd.,EMAMILTD.NS,Fast Moving Consumer Goods,True,,NIFTY 500,^CRSLDX,2026-08-28,379.4,-2.14,-5.76,-4.69,1065110.0,866058.0,1.23,404102727.5,33.96,48.01,False,False,False,False,False,-5.49,-6.67,-2.71,False,False,False,False,0.92,0.01612509,0.01741672,-7.42,-4.96,False,0.0,0.0,1.23,0.0,No clear setup,,,,,,,,,,,Weakening,-0.99
RVNL,Rail Vikas Nigam Ltd.,RVNL.NS,Construction,True,,NIFTY 500,^CRSLDX,2026-08-28,214.22,-0.82,-4.92,-4.7,2938624.0,4284191.0,0.69,629512036.87,34.16,45.0,False,False,False,False,False,-5.25,-6.23,-3.43,False,False,False,False,0.04,0.00910468,0.00978181,-6.92,-4.97,False,0.0,0.0,0.69,0.0,No clear setup,,,,,,,,,,,Weakening,-0.99
MSUMI,Motherson Sumi Wiring India Ltd.,MSUMI.NS,Automobile and Auto Components,True,,NIFTY 500,^CRSLDX,2026-08-28,37.74,-0.47,-1.62,-7.07,6033419.0,11391517.0,0.53,227701243.19,36.61,34.02,False,False,False,False,False,-4.89,-5.38,-1.51,False,False,False,False,-6.41,0.00160401,0.0017045,-5.9,-7.34,False,0.0,0.0,0.53,-2.0,Risk review,Head-and-shoulders risk,"head-and-shoulders, risk, distribution, breakout, retest, pivot, volume",37.5,,,0.65,,,37.5,"A possible head-and-shoulders top is forming or breaking. This is a caution signal, not an entry setup. Secondary patterns: Breakout retest.",Risk review,-1.0
JKTYRE,JK Tyre & Industries Ltd.,JKTYRE.NS,Automobile and Auto Components,True,,NIFTY 500,^CRSLDX,2026-08-28,380.25,0.4,1.48,-4.88,301839.0,802197.0,0.38,114774279.75,43.92,37.56,True,False,False,False,False,-2.1,-3.63,-0.75,False,False,False,False,-2.36,0.01616122,0.01689458,-4.34,-5.15,False,0.0,0.0,0.38,0.0,No clear setup,,,,,,,,,,,Weakening,-1.03
JKCEMENT,J.K. Cement Ltd.,JKCEMENT.NS,Construction Materials,True,,NIFTY 500,^CRSLDX,2026-08-28,5168.5,-1.24,-1.55,-5.06,26767.0,23952.0,1.12,138345239.5,36.74,38.78,False,False,False,False,False,-3.15,-4.81,-1.43,False,False,False,False,-4.09,0.21966929,0.23237891,-5.47,-5.33,False,0.0,0.0,1.12,0.0,No clear setup,,,,,,,,,,,Weakening,-1.07
MARUTI,Maruti Suzuki India Ltd.,MARUTI.NS,Automobile and Auto Components,True,,NIFTY 500,^CRSLDX,2026-08-28,13376.0,-0.48,-1.39,-5.08,277478.0,316258.0,0.88,3711545728.0,38.02,42.76,False,False,False,False,False,-3.04,-2.55,-1.44,False,False,False,False,-3.77,0.5685008,0.58720895,-3.19,-5.36,False,0.0,0.0,0.88,0.0,No clear setup,,,,,,,,,,,Weakening,-1.07
TIMKEN,Timken India Ltd.,TIMKEN.NS,Capital Goods,True,,NIFTY 500,^CRSLDX,2026-08-28,3149.8,-1.06,0.5,0.14,32308.0,39604.0,0.82,101763739.98,44.6,38.77,False,False,False,False,False,-2.32,-3.63,0.69,False,False,False,False,7.93,0.1338714,0.13996528,-4.35,-0.15,False,0.3333333333333333,0.0,0.82,-3.0,Risk review,Head-and-shoulders risk,"head-and-shoulders, risk, distribution",3210.0,,,1.88,,,3210.0,"A possible head-and-shoulders top is forming or breaking. This is a caution signal, not an entry setup.",Risk review,-1.08
IRB,IRB Infrastructure Developers Ltd.,IRB.NS,Construction,True,,NIFTY 500,^CRSLDX,2026-08-28,19.07,-1.29,0.63,-4.41,5016008.0,6424161.0,0.78,95655271.03,40.74,30.16,True,False,False,False,False,-1.56,-4.68,-1.12,False,False,False,False,2.05,0.0008105,0.00085674,-5.4,-4.69,False,0.0,0.0,0.78,-3.0,Risk review,Head-and-shoulders risk,"head-and-shoulders, risk, distribution",19.22,,,0.75,,,19.22,"A possible head-and-shoulders top is forming or breaking. This is a caution signal, not an entry setup.",Risk review,-1.09
JSWCEMENT,JSW Cement Ltd.,JSWCEMENT.NS,Construction Materials,True,,NIFTY 500,^CRSLDX,2026-08-28,125.24,-1.04,-0.63,-5.91,476053.0,1113839.0,0.43,59620876.7,38.26,36.86,False,False,False,False,True,-2.84,-5.64,-0.33,False,False,False,False,-3.33,0.00532289,0.0056776,-6.25,-6.18,False,0.3333333333333333,0.0,0.43,-2.0,Risk review,Head-and-shoulders risk,"head-and-shoulders, risk, distribution",119.74,,,4.59,,,119.74,"A possible head-and-shoulders top is forming or breaking. This is a caution signal, not an entry setup.",Risk review,-1.1
SCHNEIDER,Schneider Electric Infrastructure Ltd.,SCHNEIDER.NS,Capital Goods,True,,NIFTY 500,^CRSLDX,2026-08-28,1201.9,-0.42,-1.27,-11.32,197068.0,487724.0,0.4,236856034.01,41.05,38.76,False,False,False,False,True,-6.9,-10.66,4.59,False,False,False,False,-2.43,0.05108262,0.05759325,-11.3,-11.57,False,0.6666666666666666,0.0,0.4,-2.0,Risk review,Head-and-shoulders risk,"head-and-shoulders, risk, distribution",1154.6,,,4.1,,,1154.6,"A possible head-and-shoulders top is forming or breaking. This is a caution signal, not an entry setup.",Risk review,-1.1
TENNIND,Tenneco Clean Air India Ltd.,TENNIND.NS,Automobile and Auto Components,True,,NIFTY 500,^CRSLDX,2026-08-28,537.5,-0.72,-6.71,-0.08,682415.0,4326260.0,0.16,366798062.5,42.55,58.94,False,False,False,False,,-2.67,-4.67,,False,False,False,False,11.61,0.02284459,0.02414361,-5.38,-0.37,False,0.0,0.0,0.16,-3.0,Risk review,Head-and-shoulders risk,"head-and-shoulders, risk, distribution",551.3,,,2.5,,,551.3,"A possible head-and-shoulders top is forming or breaking. This is a caution signal, not an entry setup.",Risk review,-1.12
ITC,ITC Ltd.,ITC.NS,Fast Moving Consumer Goods,True,,NIFTY 500,^CRSLDX,2026-08-28,266.0,-1.12,-1.26,-5.34,15187256.0,13627440.0,1.11,4039810096.0,32.82,35.37,False,False,False,False,False,-3.74,-5.48,-3.6,False,False,False,False,-1.87,0.01130541,0.01205028,-6.18,-5.61,False,0.0,0.0,1.11,0.0,No clear setup,,,,,,,,,,,Weakening,-1.12
APTUS,Aptus Value Housing Finance India Ltd.,APTUS.NS,Financial Services,True,,NIFTY 500,^CRSLDX,2026-08-28,256.15,-0.12,-0.62,-1.93,324084.0,1220966.0,0.27,83014114.62,42.83,42.78,True,False,False,False,False,-0.24,-5.9,-1.67,False,False,False,False,7.66,0.01088677,0.01166017,-6.63,-2.22,False,0.3333333333333333,0.0,0.27,-2.0,Risk review,Head-and-shoulders risk,"head-and-shoulders, risk, distribution",247.22,,,3.61,,,247.22,"A possible head-and-shoulders top is forming or breaking. This is a caution signal, not an entry setup.",Risk review,-1.14
BANKBARODA,Bank of Baroda,BANKBARODA.NS,Financial Services,True,,NIFTY 500,^CRSLDX,2026-08-28,241.9,0.37,-2.06,-0.29,3569740.0,7444784.0,0.48,863520084.21,42.9,48.13,False,False,False,False,False,-1.58,-3.78,-0.81,False,False,False,False,3.88,0.01028113,0.01076522,-4.5,-0.58,False,0.0,0.0,0.48,-3.0,Risk review,Head-and-shoulders risk,"head-and-shoulders, risk, distribution",278.0,,,12.99,,,278.0,"A possible head-and-shoulders top is forming or breaking. This is a caution signal, not an entry setup.",Risk review,-1.17
JUBLPHARMA,Jubilant Pharmova Ltd.,JUBLPHARMA.NS,Healthcare,True,,NIFTY 500,^CRSLDX,2026-08-28,882.65,0.45,0.26,-5.61,124044.0,365262.0,0.34,109487439.63,39.66,35.93,True,False,False,False,False,-2.06,-6.57,-2.16,False,False,False,False,-2.21,0.037514,0.04044986,-7.26,-5.89,False,0.0,0.0,0.34,0.0,No clear setup,,,,,,,,,,,Weakening,-1.18
CHOLAHLDNG,Cholamandalam Financial Holdings Ltd.,CHOLAHLDNG.NS,Financial Services,True,,NIFTY 500,^CRSLDX,2026-08-28,1498.8,-1.21,-4.03,-2.23,190996.0,161185.0,1.18,286264814.13,37.41,47.16,False,False,False,False,False,-4.73,-5.69,-2.05,False,False,False,False,6.46,0.06370133,0.06797349,-6.29,-2.51,False,0.0,0.0,1.18,-2.0,Risk review,Head-and-shoulders risk,"head-and-shoulders, risk, distribution",1459.0,,,2.73,,,1459.0,"A possible head-and-shoulders top is forming or breaking. This is a caution signal, not an entry setup.",Risk review,-1.2
ABBOTINDIA,Abbott India Ltd.,ABBOTINDIA.NS,Healthcare,True,,NIFTY 500,^CRSLDX,2026-08-28,26175.0,-0.66,-0.21,-5.85,6548.0,9206.0,0.71,171393900.0,36.94,35.66,False,False,False,False,False,-3.36,-2.11,-0.7,False,False,False,False,-15.24,1.11247821,1.14496497,-2.84,-6.12,False,0.3333333333333333,0.0,0.71,0.0,No clear setup,,,,,,,,,,,Weakening,-1.2
IRFC,Indian Railway Finance Corporation Ltd.,IRFC.NS,Financial Services,True,,NIFTY 500,^CRSLDX,2026-08-28,83.9,-0.89,-2.89,-5.89,6866209.0,6946851.0,0.99,576074945.58,29.96,39.01,False,False,False,False,False,-3.8,-5.62,-3.24,False,False,False,False,-3.92,0.00356588,0.0038125,-6.47,-6.16,False,0.0,0.0,0.99,0.0,No clear setup,,,,,,,,,,,Weakening,-1.2
TATAINVEST,Tata Investment Corporation Ltd.,TATAINVEST.NS,Financial Services,True,,NIFTY 500,^CRSLDX,2026-08-28,638.75,-0.52,-1.42,-5.99,271815.0,380269.0,0.71,173621831.25,35.93,40.32,False,False,False,False,False,-3.6,-4.02,-2.42,False,False,False,False,-7.39,0.02714787,0.02849537,-4.73,-6.26,False,0.0,0.0,0.71,0.0,No clear setup,,,,,,,,,,,Weakening,-1.2
SBILIFE,SBI Life Insurance Company Ltd.,SBILIFE.NS,Financial Services,True,,NIFTY 500,^CRSLDX,2026-08-28,1761.1,-0.68,-1.77,-6.42,1039818.0,872494.0,1.19,1831223454.41,36.65,40.46,False,False,False,False,False,-2.93,-3.14,-0.52,False,False,False,False,-11.19,0.07484949,0.07786985,-3.88,-6.69,False,0.0,0.0,1.19,0.0,No clear setup,,,,,,,,,,,Weakening,-1.2
JIOFIN,Jio Financial Services Ltd.,JIOFIN.NS,Financial Services,True,,NIFTY 500,^CRSLDX,2026-08-28,238.4,0.13,-2.3,-6.82,7137422.0,14253963.0,0.5,1701561361.24,39.76,45.49,False,False,False,False,False,-4.72,-2.03,-2.14,False,False,False,False,-13.51,0.01013237,0.0104177,-2.74,-7.09,False,0.0,0.0,0.5,0.0,No clear setup,,,,,,,,,,,Weakening,-1.2
COROMANDEL,Coromandel International Ltd.,COROMANDEL.NS,Chemicals,True,,NIFTY 500,^CRSLDX,2026-08-28,1913.7,-0.76,-4.13,-7.71,115764.0,134837.0,0.86,221537561.15,33.7,39.81,False,False,False,False,False,-6.06,-5.64,-0.61,False,False,False,False,-9.31,0.08133522,0.08681523,-6.31,-7.98,False,0.0,0.0,0.86,0.0,No clear setup,,,,,,,,,,,Weakening,-1.2
EIHOTEL,EIH Ltd.,EIHOTEL.NS,Consumer Services,True,,NIFTY 500,^CRSLDX,2026-08-28,297.8,-0.75,-1.64,-8.93,52002.0,198761.0,0.26,15486194.97,37.19,39.97,False,False,False,False,False,-2.67,-6.81,-2.39,False,False,False,False,-8.24,0.01265696,0.0136779,-7.46,-9.19,False,0.0,0.0,0.26,0.0,No clear setup,,,,,,,,,,,Weakening,-1.2
PIIND,PI Industries Ltd.,PIIND.NS,Chemicals,True,,NIFTY 500,^CRSLDX,2026-08-28,2420.1,-1.9,-3.07,-11.72,248592.0,305472.0,0.81,601617523.48,31.2,35.41,False,False,False,False,False,-6.41,-7.91,-3.32,False,False,False,False,-15.24,0.10285802,0.11259361,-8.65,-11.97,False,0.0,0.0,0.81,0.0,No clear setup,,,,,,,,,,,Weakening,-1.2
COLPAL,Colgate Palmolive (India) Ltd.,COLPAL.NS,Fast Moving Consumer Goods,True,,NIFTY 500,^CRSLDX,2026-08-28,1826.9,-0.98,-3.29,-12.0,283311.0,324147.0,0.87,517580872.82,25.3,31.57,False,False,False,False,False,-6.38,-9.19,-1.12,False,False,False,False,-12.99,0.07764609,0.08612885,-9.85,-12.26,False,0.0,0.0,0.87,0.0,No clear setup,,,,,,,,,,,Weakening,-1.2
DMART,Avenue Supermarts Ltd.,DMART.NS,Consumer Services,True,,NIFTY 500,^CRSLDX,2026-08-28,3830.6,-0.44,-1.93,-2.31,276806.0,455424.0,0.61,1060333090.63,36.84,40.5,False,False,False,False,False,-3.34,-5.07,-0.55,False,False,False,False,-0.08,0.16280646,0.17274813,-5.76,-2.59,False,0.3333333333333333,0.0,0.61,-2.0,Risk review,Head-and-shoulders risk,"head-and-shoulders, risk, distribution",3794.4,,,0.95,,,3794.4,"A possible head-and-shoulders top is forming or breaking. This is a caution signal, not an entry setup.",Risk review,-1.22
UCOBANK,UCO Bank,UCOBANK.NS,Financial Services,True,,NIFTY 500,^CRSLDX,2026-08-28,25.48,-0.04,-0.93,-2.64,3624201.0,2968077.0,1.22,92344639.82,39.56,41.38,False,False,False,False,False,-2.19,-3.36,-2.0,False,False,False,False,0.67,0.00108294,0.00112902,-4.08,-2.92,False,0.0,0.0,1.22,-2.0,Risk review,Head-and-shoulders risk,"head-and-shoulders, risk, distribution",25.26,,,0.89,,,25.26,"A possible head-and-shoulders top is forming or breaking. This is a caution signal, not an entry setup.",Risk review,-1.28
GICRE,General Insurance Corporation of India,GICRE.NS,Financial Services,True,,NIFTY 500,^CRSLDX,2026-08-28,353.3,0.41,-0.69,-0.93,669686.0,697025.0,0.96,236600055.63,44.76,45.81,False,False,False,False,False,-0.65,-1.65,-0.71,False,False,False,False,0.67,0.0150158,0.01538532,-2.4,-1.21,False,0.0,0.0,0.96,-3.0,Risk review,Head-and-shoulders risk,"head-and-shoulders, risk, distribution",359.73,,,1.79,,,359.73,"A possible head-and-shoulders top is forming or breaking. This is a caution signal, not an entry setup.",Risk review,-1.29
IRCON,IRCON International Ltd.,IRCON.NS,Construction,True,,NIFTY 500,^CRSLDX,2026-08-28,122.4,-0.52,-1.86,-2.85,834876.0,1421043.0,0.59,102188823.67,37.82,41.79,False,False,False,False,False,-3.3,-5.16,-2.77,False,False,False,False,3.58,0.00520219,0.00552759,-5.89,-3.13,False,0.0,0.0,0.59,-2.0,Risk review,Head-and-shoulders risk,"head-and-shoulders, risk, distribution",122.25,,,0.12,,,122.25,"A possible head-and-shoulders top is forming or breaking. This is a caution signal, not an entry setup.",Risk review,-1.33
IGL,Indraprastha Gas Ltd.,IGL.NS,Oil Gas & Consumable Fuels,True,,NIFTY 500,^CRSLDX,2026-08-28,147.61,0.3,-0.18,-2.88,2537381.0,2073363.0,1.22,374542810.96,39.5,38.62,False,False,False,False,False,-2.41,-4.28,-3.25,False,False,False,False,-1.18,0.00627365,0.00659939,-4.94,-3.16,False,0.0,0.0,1.22,-2.0,Risk review,Head-and-shoulders risk,"head-and-shoulders, risk, distribution",145.43,,,1.5,,,145.43,"A possible head-and-shoulders top is forming or breaking. This is a caution signal, not an entry setup.",Risk review,-1.33
ADANIGREEN,Adani Green Energy Ltd.,ADANIGREEN.NS,Power,True,,NIFTY 500,^CRSLDX,2026-08-28,1311.0,-1.32,-0.68,-5.21,774598.0,1469136.0,0.53,1015497978.0,40.5,38.0,False,False,False,False,True,-2.05,-8.47,2.42,False,False,False,False,6.25,0.05571954,0.06131814,-9.13,-5.48,False,0.6666666666666666,0.0,0.53,-3.0,Risk review,Head-and-shoulders risk,"head-and-shoulders, risk, distribution, inverse-head-and-shoulders, base, reversal",1331.2,,,1.52,,,1331.2,"A possible head-and-shoulders top is forming or breaking. This is a caution signal, not an entry setup. Secondary patterns: Possible inverse H&S.",Risk review,-1.35
TMPV,Tata Motors Passenger Vehicles Ltd.,TMPV.NS,Automobile and Auto Components,True,,NIFTY 500,^CRSLDX,2026-08-28,319.4,1.08,0.47,-5.99,5849186.0,9696976.0,0.6,1868229972.7,38.86,33.17,True,False,False,False,False,-3.96,-5.09,-1.94,False,False,False,False,-4.33,0.013575,0.01441168,-5.81,-6.26,False,0.0,0.0,0.6,-3.0,Risk review,Head-and-shoulders risk,"head-and-shoulders, risk, distribution",325.95,,,2.01,,,325.95,"A possible head-and-shoulders top is forming or breaking. This is a caution signal, not an entry setup.",Risk review,-1.35
NLCINDIA,NLC India Ltd.,NLCINDIA.NS,Power,True,,NIFTY 500,^CRSLDX,2026-08-28,270.6,0.67,0.3,-9.16,914925.0,1839143.0,0.5,247578710.58,35.81,32.2,False,False,False,False,False,-3.83,-8.7,0.81,False,False,False,False,-3.8,0.01150092,0.0126927,-9.39,-9.43,False,0.6666666666666666,0.0,0.5,-3.0,Risk review,Head-and-shoulders risk,"head-and-shoulders, risk, distribution",283.1,,,4.42,,,283.1,"A possible head-and-shoulders top is forming or breaking. This is a caution signal, not an entry setup.",Risk review,-1.35
PAGEIND,Page Industries Ltd.,PAGEIND.NS,Textiles,True,,NIFTY 500,^CRSLDX,2026-08-28,35985.0,0.52,1.42,-10.38,13086.0,33211.0,0.39,470899710.0,37.88,30.07,True,False,False,False,False,-3.32,-8.23,-0.82,False,False,False,False,-4.33,1.52941846,1.67816118,-8.86,-10.64,False,0.3333333333333333,0.0,0.39,-3.0,Risk review,Head-and-shoulders risk,"head-and-shoulders, risk, distribution, inverse-head-and-shoulders, base, reversal",36985.0,,,2.7,,,36985.0,"A possible head-and-shoulders top is forming or breaking. This is a caution signal, not an entry setup. Secondary patterns: Possible inverse H&S.",Risk review,-1.35
SRF,SRF Ltd.,SRF.NS,Chemicals,True,,NIFTY 500,^CRSLDX,2026-08-28,2589.9,-0.58,0.7,-1.24,150525.0,271017.0,0.56,389844682.8,43.52,38.98,False,False,False,False,False,-0.49,-3.62,-1.48,False,False,False,False,5.09,0.11007477,0.11502348,-4.3,-1.53,False,0.0,0.0,0.56,-3.0,Risk review,Head-and-shoulders risk,"head-and-shoulders, risk, distribution",2599.4,,,0.37,,,2599.4,"A possible head-and-shoulders top is forming or breaking. This is a caution signal, not an entry setup.",Risk review,-1.36
IOC,Indian Oil Corporation Ltd.,IOC.NS,Oil Gas & Consumable Fuels,True,,NIFTY 500,^CRSLDX,2026-08-28,137.1,-0.34,0.88,-1.32,4045554.0,8225710.0,0.49,554645478.09,44.32,39.56,False,False,False,False,False,-1.5,-1.76,-0.89,False,False,False,False,0.05,0.00582696,0.00597356,-2.45,-1.6,False,0.0,0.0,0.49,-3.0,Risk review,Head-and-shoulders risk,"head-and-shoulders, risk, distribution",142.5,,,3.79,,,142.5,"A possible head-and-shoulders top is forming or breaking. This is a caution signal, not an entry setup.",Risk review,-1.37
IOB,Indian Overseas Bank,IOB.NS,Financial Services,True,,NIFTY 500,^CRSLDX,2026-08-28,32.81,-0.27,-0.61,-3.22,1292861.0,2149836.0,0.6,42418771.19,36.66,37.77,False,False,False,False,False,-2.38,-3.43,-1.75,False,False,False,False,-1.46,0.00139448,0.00145486,-4.15,-3.49,False,0.0,0.0,0.6,-2.0,Risk review,Head-and-shoulders risk,"head-and-shoulders, risk, distribution",32.07,,,2.31,,,32.07,"A possible head-and-shoulders top is forming or breaking. This is a caution signal, not an entry setup.",Risk review,-1.4
WAAREEENER,Waaree Energies Ltd.,WAAREEENER.NS,Capital Goods,True,,NIFTY 500,^CRSLDX,2026-08-28,2640.0,0.61,-1.43,-1.5,488179.0,450241.0,1.08,1288792560.0,38.84,42.2,False,False,False,False,False,-1.38,-4.89,-2.57,False,False,False,False,5.11,0.11220411,0.11895195,-5.67,-1.78,False,0.0,0.0,1.08,-3.0,Risk review,Head-and-shoulders risk,"head-and-shoulders, risk, distribution",2751.5,,,4.05,,,2751.5,"A possible head-and-shoulders top is forming or breaking. This is a caution signal, not an entry setup.",Risk review,-1.41
TRIDENT,Trident Ltd.,TRIDENT.NS,Textiles,True,,NIFTY 500,^CRSLDX,2026-08-28,24.32,-0.25,-0.29,-1.58,1788173.0,3338917.0,0.54,43488366.81,38.62,39.77,False,False,False,False,False,-1.29,-3.6,-1.23,False,False,False,False,6.32,0.00103364,0.00107964,-4.26,-1.86,False,0.0,0.0,0.54,-3.0,Risk review,Head-and-shoulders risk,"head-and-shoulders, risk, distribution",24.81,,,1.96,,,24.81,"A possible head-and-shoulders top is forming or breaking. This is a caution signal, not an entry setup.",Risk review,-1.42
UTIAMC,UTI Asset Management Company Ltd.,UTIAMC.NS,Financial Services,True,,NIFTY 500,^CRSLDX,2026-08-28,887.7,-0.34,-0.6,-1.71,50141.0,107217.0,0.47,44510166.31,41.68,42.41,False,False,False,False,False,-1.4,-2.88,-3.32,False,False,False,False,2.42,0.03772863,0.03913535,-3.59,-1.99,False,0.0,0.0,0.47,-3.0,Risk review,Head-and-shoulders risk,"head-and-shoulders, risk, distribution",893.02,,,0.6,,,893.02,"A possible head-and-shoulders top is forming or breaking. This is a caution signal, not an entry setup.",Risk review,-1.45
SUNTV,Sun TV Network Ltd.,SUNTV.NS,Media Entertainment & Publication,True,,NIFTY 500,^CRSLDX,2026-08-28,474.5,2.27,0.52,-5.75,1054209.0,469231.0,2.25,500222170.5,43.75,36.14,True,False,False,False,False,-0.99,-3.38,-1.29,False,False,False,False,-4.06,0.02016699,0.0210304,-4.11,-6.02,False,0.0,0.0,2.25,-3.0,Risk review,Head-and-shoulders risk,"head-and-shoulders, risk, distribution",511.5,,,7.23,,,511.5,"A possible head-and-shoulders top is forming or breaking. This is a caution signal, not an entry setup.",Risk review,-1.45
AAVAS,Aavas Financiers Ltd.,AAVAS.NS,Financial Services,True,,NIFTY 500,^CRSLDX,2026-08-28,1275.5,0.48,-5.89,-6.2,348777.0,111364.0,3.13,444865063.5,30.16,39.99,False,False,False,False,False,-6.74,-10.62,-1.9,False,False,False,False,3.86,0.05421073,0.06108433,-11.25,-6.47,False,0.3333333333333333,0.0,3.13,-3.0,Risk review,Head-and-shoulders risk,"head-and-shoulders, risk, distribution, breakout, retest, pivot, volume",1296.9,,,1.65,,,1296.9,"A possible head-and-shoulders top is forming or breaking. This is a caution signal, not an entry setup. Secondary patterns: Breakout retest.",Risk review,-1.45
INDIACEM,India Cements Ltd.,INDIACEM.NS,Construction Materials,True,,NIFTY 500,^CRSLDX,2026-08-28,369.75,0.19,-0.31,-7.1,235653.0,129305.0,1.82,87132696.75,39.9,36.58,False,False,False,False,False,-2.57,-3.92,-0.29,False,False,False,False,-9.96,0.01571495,0.01646664,-4.56,-7.37,False,0.0,0.0,1.82,-3.0,Risk review,Head-and-shoulders risk,"head-and-shoulders, risk, distribution",386.9,,,4.43,,,386.9,"A possible head-and-shoulders top is forming or breaking. This is a caution signal, not an entry setup.",Risk review,-1.45
ZENSARTECH,Zensar Technolgies Ltd.,ZENSARTECH.NS,Information Technology,True,,NIFTY 500,^CRSLDX,2026-08-28,470.6,1.48,-2.68,-7.35,1833714.0,760109.0,2.41,862945819.59,41.21,44.95,False,False,False,False,False,-3.86,-2.77,-4.36,False,False,False,False,-7.75,0.02000123,0.02071517,-3.45,-7.62,False,0.0,0.0,2.41,-3.0,Risk review,Head-and-shoulders risk,"head-and-shoulders, risk, distribution",510.18,,,7.76,,,510.18,"A possible head-and-shoulders top is forming or breaking. This is a caution signal, not an entry setup.",Risk review,-1.45
AIAENG,AIA Engineering Ltd.,AIAENG.NS,Capital Goods,True,,NIFTY 500,^CRSLDX,2026-08-28,4234.2,0.04,-2.64,-7.77,33928.0,51527.0,0.66,143657944.23,31.68,36.43,False,False,False,False,True,-5.6,-8.77,2.95,False,False,False,False,-3.94,0.17996009,0.19859124,-9.38,-8.04,False,0.6666666666666666,0.0,0.66,-3.0,Risk review,Head-and-shoulders risk,"head-and-shoulders, risk, distribution, breakout, retest, pivot, volume, inverse-head-and-shoulders, base, reversal",4375.25,,,3.22,,,4375.25,"A possible head-and-shoulders top is forming or breaking. This is a caution signal, not an entry setup. Secondary patterns: Breakout retest, Possible inverse H&S.",Risk review,-1.45
THERMAX,Thermax Ltd.,THERMAX.NS,Capital Goods,True,,NIFTY 500,^CRSLDX,2026-08-28,3944.2,-0.47,-0.59,-8.4,35940.0,189534.0,0.19,141754546.25,36.12,36.5,False,False,False,False,True,-2.09,-10.78,2.3,False,False,False,False,-1.49,0.16763463,0.18925395,-11.42,-8.67,False,0.6666666666666666,0.0,0.19,-3.0,Risk review,Head-and-shoulders risk,"head-and-shoulders, risk, distribution",4140.5,,,4.74,,,4140.5,"A possible head-and-shoulders top is forming or breaking. This is a caution signal, not an entry setup.",Risk review,-1.45
RAMCOCEM,The Ramco Cements Ltd.,RAMCOCEM.NS,Construction Materials,True,,NIFTY 500,^CRSLDX,2026-08-28,895.65,0.35,-0.38,-2.2,243570.0,340008.0,0.72,218153476.45,44.53,43.29,False,False,False,False,False,-2.48,-2.55,-1.13,False,False,False,False,1.27,0.03806652,0.03931155,-3.17,-2.48,False,0.0,0.0,0.72,-3.0,Risk review,Head-and-shoulders risk,"head-and-shoulders, risk, distribution",944.7,,,5.19,,,944.7,"A possible head-and-shoulders top is forming or breaking. This is a caution signal, not an entry setup.",Risk review,-1.55
INDIAMART,Indiamart Intermesh Ltd.,INDIAMART.NS,Consumer Services,True,,NIFTY 500,^CRSLDX,2026-08-28,1756.9,0.09,0.84,-2.38,74123.0,105799.0,0.7,130226700.51,41.64,37.22,True,False,False,False,False,-0.52,-4.5,-2.81,False,False,False,False,2.21,0.07467098,0.07888543,-5.34,-2.67,False,0.0,0.0,0.7,-3.0,Risk review,Head-and-shoulders risk,"head-and-shoulders, risk, distribution",1907.55,,,7.9,,,1907.55,"A possible head-and-shoulders top is forming or breaking. This is a caution signal, not an entry setup.",Risk review,-1.58
RPOWER,Reliance Power Ltd.,RPOWER.NS,Power,True,,NIFTY 500,^CRSLDX,2026-08-28,22.45,-1.14,-4.26,-4.1,10843995.0,21051514.0,0.52,243447696.02,39.8,48.41,False,False,False,False,False,-3.23,-6.85,-6.79,False,False,False,False,5.15,0.00095416,0.0010329,-7.62,-4.38,False,0.0,0.0,0.52,-2.0,Risk review,Head-and-shoulders risk,"head-and-shoulders, risk, distribution",21.64,,,3.77,,,21.64,"A possible head-and-shoulders top is forming or breaking. This is a caution signal, not an entry setup.",Risk review,-1.58
DOMS,DOMS Industries Ltd.,DOMS.NS,Fast Moving Consumer Goods,True,,NIFTY 500,^CRSLDX,2026-08-28,2198.9,-0.72,-0.17,-2.54,25984.0,44785.0,0.58,57136215.06,42.23,41.26,False,False,False,False,False,-1.16,-2.6,-1.23,False,False,False,False,0.03,0.09345667,0.09666437,-3.32,-2.82,False,0.0,0.0,0.58,-3.0,Risk review,Head-and-shoulders risk,"head-and-shoulders, risk, distribution",2273.25,,,3.27,,,2273.25,"A possible head-and-shoulders top is forming or breaking. This is a caution signal, not an entry setup.",Risk review,-1.61
BERGEPAINT,Berger Paints India Ltd.,BERGEPAINT.NS,Consumer Durables,True,,NIFTY 500,^CRSLDX,2026-08-28,494.35,-1.33,-5.73,-4.3,149998.0,519881.0,0.29,74151512.22,36.34,48.89,False,False,False,False,False,-6.71,-4.23,-0.14,False,False,False,False,-4.08,0.02101064,0.02210213,-4.94,-4.57,False,0.3333333333333333,0.0,0.29,-2.0,Risk review,Head-and-shoulders risk,"head-and-shoulders, risk, distribution, breakout, retest, pivot, volume, inverse-head-and-shoulders, base, reversal",482.7,,,2.41,,,482.7,"A possible head-and-shoulders top is forming or breaking. This is a caution signal, not an entry setup. Secondary patterns: Breakout retest, Possible inverse H&S.",Risk review,-1.61
CHAMBLFERT,Chambal Fertilizers & Chemicals Ltd.,CHAMBLFERT.NS,Chemicals,True,,NIFTY 500,^CRSLDX,2026-08-28,421.55,-0.75,-2.23,-2.66,336161.0,503495.0,0.67,141708665.45,30.64,38.25,False,False,False,False,False,-3.89,-5.55,-0.75,False,False,False,False,6.54,0.01791653,0.01911926,-6.29,-2.94,False,0.3333333333333333,0.0,0.67,-3.0,Risk review,Head-and-shoulders risk,"head-and-shoulders, risk, distribution",423.5,,,0.46,,,423.5,"A possible head-and-shoulders top is forming or breaking. This is a caution signal, not an entry setup.",Risk review,-1.64
ERIS,Eris Lifesciences Ltd.,ERIS.NS,Healthcare,True,,NIFTY 500,^CRSLDX,2026-08-28,1314.8,0.2,-1.01,-2.95,86133.0,80859.0,1.07,113247672.61,35.54,36.96,False,False,False,False,False,-2.77,-6.2,-1.66,False,False,False,False,2.76,0.05588105,0.06000127,-6.87,-3.23,False,0.0,0.0,1.07,-3.0,Risk review,Head-and-shoulders risk,"head-and-shoulders, risk, distribution",1333.5,,,1.4,,,1333.5,"A possible head-and-shoulders top is forming or breaking. This is a caution signal, not an entry setup.",Risk review,-1.7
FORCEMOT,Force Motors Ltd.,FORCEMOT.NS,Automobile and Auto Components,True,,NIFTY 500,^CRSLDX,2026-08-28,17370.0,-0.03,-2.25,-2.97,39497.0,72544.0,0.54,686062890.0,39.92,44.37,False,False,False,False,False,-4.27,-4.03,0.44,False,False,False,False,2.19,0.73825201,0.77490162,-4.73,-3.25,False,0.3333333333333333,0.0,0.54,-3.0,Risk review,Head-and-shoulders risk,"head-and-shoulders, risk, distribution",18995.0,,,8.55,,,18995.0,"A possible head-and-shoulders top is forming or breaking. This is a caution signal, not an entry setup.",Risk review,-1.7
NHPC,NHPC Ltd.,NHPC.NS,Power,True,,NIFTY 500,^CRSLDX,2026-08-28,74.82,-2.26,-1.75,-4.71,9587905.0,9073401.0,1.06,717367049.17,34.53,40.01,False,False,False,False,False,-2.8,-4.47,-0.79,False,False,False,False,-2.08,0.00317997,0.00335001,-5.08,-4.98,False,0.3333333333333333,0.0,1.06,-2.0,Risk review,Head-and-shoulders risk,"head-and-shoulders, risk, distribution",73.77,,,1.43,,,73.77,"A possible head-and-shoulders top is forming or breaking. This is a caution signal, not an entry setup.",Risk review,-1.7
BAYERCROP,Bayer Cropscience Ltd.,BAYERCROP.NS,Chemicals,True,,NIFTY 500,^CRSLDX,2026-08-28,4048.7,-0.47,-0.56,-3.04,12947.0,20680.0,0.63,52418518.27,40.86,41.8,False,False,False,False,False,-1.83,-1.89,-1.33,False,False,False,False,-5.01,0.17207604,0.17670948,-2.62,-3.32,False,0.0,0.0,0.63,-3.0,Risk review,Head-and-shoulders risk,"head-and-shoulders, risk, distribution",4352.55,,,6.98,,,4352.55,"A possible head-and-shoulders top is forming or breaking. This is a caution signal, not an entry setup.",Risk review,-1.71
RHIM,RHI MAGNESITA INDIA LTD.,RHIM.NS,Capital Goods,True,,NIFTY 500,^CRSLDX,2026-08-28,369.35,-0.26,-1.57,-4.94,126968.0,739584.0,0.17,46895631.57,37.38,40.14,False,False,False,False,False,-5.1,-5.79,-1.66,False,False,False,False,-5.63,0.01569795,0.0167858,-6.48,-5.22,False,0.0,0.0,0.17,-2.0,Risk review,Head-and-shoulders risk,"head-and-shoulders, risk, distribution",364.55,,,1.32,,,364.55,"A possible head-and-shoulders top is forming or breaking. This is a caution signal, not an entry setup.",Risk review,-1.74
LINDEINDIA,Linde India Ltd.,LINDEINDIA.NS,Chemicals,True,,NIFTY 500,^CRSLDX,2026-08-28,6504.0,-0.69,-2.52,-3.41,9803.0,25026.0,0.39,63758712.0,35.74,39.26,False,False,False,False,False,-4.24,-6.02,1.14,False,False,False,False,2.99,0.27643012,0.29665766,-6.82,-3.69,False,0.6666666666666666,0.0,0.39,-3.0,Risk review,Head-and-shoulders risk,"head-and-shoulders, risk, distribution",6817.5,,,4.6,,,6817.5,"A possible head-and-shoulders top is forming or breaking. This is a caution signal, not an entry setup.",Risk review,-1.79
HUDCO,Housing & Urban Development Corporation Ltd.,HUDCO.NS,Financial Services,True,,NIFTY 500,^CRSLDX,2026-08-28,183.23,0.33,-1.54,-5.34,1008664.0,1698463.0,0.59,184817500.41,33.08,33.8,False,False,False,False,False,-4.3,-7.26,-1.56,False,False,False,False,3.92,0.00778756,0.00845891,-7.94,-5.61,False,0.0,0.0,0.59,-2.0,Risk review,Head-and-shoulders risk,"head-and-shoulders, risk, distribution",178.06,,,2.91,,,178.06,"A possible head-and-shoulders top is forming or breaking. This is a caution signal, not an entry setup.",Risk review,-1.82
HDFCBANK,HDFC Bank Ltd.,HDFCBANK.NS,Financial Services,True,,NIFTY 500,^CRSLDX,2026-08-28,720.3,1.31,-0.91,-3.72,16487351.0,25184502.0,0.65,11875838724.04,38.45,37.81,False,False,False,False,False,-1.16,-5.73,-2.89,False,False,False,False,3.24,0.03061387,0.03270035,-6.38,-4.0,False,0.0,0.0,0.65,-3.0,Risk review,Head-and-shoulders risk,"head-and-shoulders, risk, distribution",732.15,,,1.62,,,732.15,"A possible head-and-shoulders top is forming or breaking. This is a caution signal, not an entry setup.",Risk review,-1.85
UPL,UPL Ltd.,UPL.NS,Chemicals,True,,NIFTY 500,^CRSLDX,2026-08-28,571.0,-1.23,0.35,-5.51,1181519.0,2130417.0,0.55,674647349.0,44.72,42.8,False,False,False,False,False,-0.63,-2.65,-1.89,False,False,False,False,-5.55,0.02426839,0.02512505,-3.41,-5.78,False,0.0,0.0,0.55,-2.0,Risk review,Head-and-shoulders risk,"head-and-shoulders, risk, distribution",564.15,,,1.21,,,564.15,"A possible head-and-shoulders top is forming or breaking. This is a caution signal, not an entry setup.",Risk review,-1.86
INTELLECT,Intellect Design Arena Ltd.,INTELLECT.NS,Information Technology,True,,NIFTY 500,^CRSLDX,2026-08-28,679.7,0.21,-1.67,-5.58,395150.0,338121.0,1.17,268583459.82,36.37,39.57,False,False,False,False,False,-3.6,-6.4,-4.11,False,False,False,False,2.42,0.02888831,0.03108612,-7.07,-5.86,False,0.0,0.0,1.17,-2.0,Risk review,Head-and-shoulders risk,"head-and-shoulders, risk, distribution",663.62,,,2.42,,,663.62,"A possible head-and-shoulders top is forming or breaking. This is a caution signal, not an entry setup.",Risk review,-1.87
TATACONSUM,Tata Consumer Products Ltd.,TATACONSUM.NS,Fast Moving Consumer Goods,True,,NIFTY 500,^CRSLDX,2026-08-28,1040.7,-0.12,-0.79,-3.91,971638.0,1277686.0,0.76,1011183619.16,38.87,39.91,False,False,False,False,False,-2.96,-4.47,-0.72,False,False,False,False,-0.52,0.04423137,0.04661657,-5.12,-4.19,False,0.0,0.0,0.76,-3.0,Risk review,Head-and-shoulders risk,"head-and-shoulders, risk, distribution",1090.85,,,4.6,,,1090.85,"A possible head-and-shoulders top is forming or breaking. This is a caution signal, not an entry setup.",Risk review,-1.89
NUVOCO,Nuvoco Vistas Corporation Ltd.,NUVOCO.NS,Construction Materials,True,,NIFTY 500,^CRSLDX,2026-08-28,324.85,0.22,0.87,-5.74,236362.0,247806.0,0.95,76782197.14,43.58,40.1,True,False,False,True,False,-2.31,-2.19,-2.2,False,False,False,False,-12.21,0.01380663,0.01422068,-2.91,-6.02,False,0.3333333333333333,0.0,0.95,-2.0,Risk review,Head-and-shoulders risk,"head-and-shoulders, risk, distribution, breakout, retest, pivot, volume",312.8,,,3.85,,,312.8,"A possible head-and-shoulders top is forming or breaking. This is a caution signal, not an entry setup. Secondary patterns: Breakout retest.",Risk review,-1.9
VBL,Varun Beverages Ltd.,VBL.NS,Fast Moving Consumer Goods,True,,NIFTY 500,^CRSLDX,2026-08-28,414.0,-1.13,-3.74,-6.4,7915587.0,5512224.0,1.44,3277053018.0,33.56,37.81,False,False,False,False,False,-4.82,-10.25,-0.6,False,False,False,False,8.07,0.01759564,0.01977289,-11.01,-6.67,False,0.0,0.0,1.44,-2.0,Risk review,Head-and-shoulders risk,"head-and-shoulders, risk, distribution",402.0,,,2.99,,,402.0,"A possible head-and-shoulders top is forming or breaking. This is a caution signal, not an entry setup.",Risk review,-1.9
IEX,Indian Energy Exchange Ltd.,IEX.NS,Financial Services,True,,NIFTY 500,^CRSLDX,2026-08-28,121.8,-0.16,-1.54,-7.89,1550281.0,3148848.0,0.49,188824230.53,40.31,44.45,False,False,False,False,False,-2.71,-2.25,-0.89,False,False,False,False,-14.13,0.00517669,0.00533132,-2.9,-8.16,False,0.0,0.0,0.49,-2.0,Risk review,Head-and-shoulders risk,"head-and-shoulders, risk, distribution",118.03,,,3.19,,,118.03,"A possible head-and-shoulders top is forming or breaking. This is a caution signal, not an entry setup.",Risk review,-1.9
ONGC,Oil & Natural Gas Corporation Ltd.,ONGC.NS,Oil Gas & Consumable Fuels,True,,NIFTY 500,^CRSLDX,2026-08-28,232.25,0.11,-1.76,-4.24,7638220.0,12314870.0,0.62,1773976595.0,32.63,38.85,False,False,False,False,False,-2.28,-3.57,-0.09,False,False,False,False,-5.79,0.00987099,0.01032121,-4.36,-4.51,False,0.0,0.0,0.62,-3.0,Risk review,Head-and-shoulders risk,"head-and-shoulders, risk, distribution",233.58,,,0.57,,,233.58,"A possible head-and-shoulders top is forming or breaking. This is a caution signal, not an entry setup.",Risk review,-1.95
PWL,Physicswallah Ltd.,PWL.NS,Consumer Services,True,,NIFTY 500,^CRSLDX,2026-08-28,119.46,-3.73,-1.13,-4.35,16229809.0,15223137.0,1.07,1938812968.28,42.21,42.85,False,False,False,True,,-3.21,-7.36,,False,False,False,False,0.08,0.00507724,0.00551867,-8.0,-4.62,False,0.0,0.0,1.07,-3.0,Risk review,Head-and-shoulders risk,"head-and-shoulders, risk, distribution, breakout, retest, pivot, volume, inverse-head-and-shoulders, base, reversal",120.87,,,1.17,,,120.87,"A possible head-and-shoulders top is forming or breaking. This is a caution signal, not an entry setup. Secondary patterns: Breakout retest, Possible inverse H&S.",Risk review,-1.97
CIEINDIA,CIE Automotive India Ltd.,CIEINDIA.NS,Automobile and Auto Components,True,,NIFTY 500,^CRSLDX,2026-08-28,389.95,-1.15,-2.77,-4.56,257396.0,449432.0,0.57,100371573.34,27.29,32.79,False,False,False,False,False,-4.02,-10.39,-0.41,False,False,False,False,9.01,0.01657348,0.01862974,-11.04,-4.84,False,0.0,0.0,0.57,-3.0,Risk review,Head-and-shoulders risk,"head-and-shoulders, risk, distribution",407.3,,,4.26,,,407.3,"A possible head-and-shoulders top is forming or breaking. This is a caution signal, not an entry setup.",Risk review,-2.02
SJVN,SJVN Ltd.,SJVN.NS,Power,True,,NIFTY 500,^CRSLDX,2026-08-28,64.88,-0.58,-1.26,-4.95,1275793.0,1425629.0,0.89,82773446.34,25.52,29.79,False,False,False,False,False,-2.7,-5.63,-2.56,False,False,False,False,0.84,0.0027575,0.00294419,-6.34,-5.22,False,0.0,0.0,0.89,-3.0,Risk review,Head-and-shoulders risk,"head-and-shoulders, risk, distribution",66.76,,,2.82,,,66.76,"A possible head-and-shoulders top is forming or breaking. This is a caution signal, not an entry setup.",Risk review,-2.09
NTPC,NTPC Ltd.,NTPC.NS,Power,True,,NIFTY 500,^CRSLDX,2026-08-28,330.05,-0.26,-2.93,-4.95,7328496.0,8365816.0,0.88,2418770015.34,33.48,44.53,False,False,False,False,False,-2.89,-4.74,0.23,False,False,False,False,-1.98,0.01402764,0.01484501,-5.51,-5.23,False,0.3333333333333333,0.0,0.88,-3.0,Risk review,Head-and-shoulders risk,"head-and-shoulders, risk, distribution",340.33,,,3.02,,,340.33,"A possible head-and-shoulders top is forming or breaking. This is a caution signal, not an entry setup.",Risk review,-2.1
SIGNATURE,Signatureglobal (India) Ltd.,SIGNATURE.NS,Realty,True,,NIFTY 500,^CRSLDX,2026-08-28,779.25,-0.54,-2.02,-5.02,166976.0,207524.0,0.8,130116048.0,42.99,47.19,False,False,False,False,False,-2.9,-1.97,-2.88,False,False,False,False,-12.85,0.03311934,0.03405578,-2.75,-5.3,False,0.0,0.0,0.8,-3.0,Risk review,Head-and-shoulders risk,"head-and-shoulders, risk, distribution",789.47,,,1.3,,,789.47,"A possible head-and-shoulders top is forming or breaking. This is a caution signal, not an entry setup.",Risk review,-2.11
UBL,United Breweries Ltd.,UBL.NS,Fast Moving Consumer Goods,True,,NIFTY 500,^CRSLDX,2026-08-28,1334.1,-0.93,-1.1,-5.3,36542.0,92657.0,0.39,48750681.31,37.64,41.28,False,False,False,False,False,-2.95,-2.17,-2.7,False,False,False,False,-10.34,0.05670132,0.05837746,-2.87,-5.57,False,0.0,0.0,0.39,-3.0,Risk review,Head-and-shoulders risk,"head-and-shoulders, risk, distribution, breakout, retest, pivot, volume",1469.05,,,9.19,,,1469.05,"A possible head-and-shoulders top is forming or breaking. This is a caution signal, not an entry setup. Secondary patterns: Breakout retest.",Risk review,-2.16
JWL,Jupiter Wagons Ltd.,JWL.NS,Capital Goods,True,,NIFTY 500,^CRSLDX,2026-08-28,245.1,-0.77,-0.77,-5.44,605636.0,802339.0,0.75,148441387.3,35.25,37.07,False,False,False,False,False,-3.49,-4.42,-2.32,False,False,False,False,-3.86,0.01041713,0.01098893,-5.2,-5.71,False,0.0,0.0,0.75,-3.0,Risk review,Head-and-shoulders risk,"head-and-shoulders, risk, distribution",258.96,,,5.35,,,258.96,"A possible head-and-shoulders top is forming or breaking. This is a caution signal, not an entry setup.",Risk review,-2.19
GALLANTT,Gallantt Ispat Ltd.,GALLANTT.NS,Capital Goods,True,,NIFTY 500,^CRSLDX,2026-08-28,577.85,0.17,-1.12,-5.98,16959.0,74771.0,0.23,9799757.74,41.7,43.32,False,False,False,False,False,-2.34,-7.88,0.13,False,False,False,False,5.12,0.02455952,0.02686043,-8.57,-6.25,False,0.3333333333333333,0.0,0.23,-3.0,Risk review,Head-and-shoulders risk,"head-and-shoulders, risk, distribution",580.17,,,0.4,,,580.17,"A possible head-and-shoulders top is forming or breaking. This is a caution signal, not an entry setup.",Risk review,-2.25
HBLENGINE,HBL Engineering Ltd.,HBLENGINE.NS,Capital Goods,True,,NIFTY 500,^CRSLDX,2026-08-28,674.1,1.25,-4.05,-6.21,573296.0,934810.0,0.61,386458819.6,39.95,46.37,False,False,False,False,False,-3.44,-8.6,-3.38,False,False,False,False,6.15,0.0286503,0.0315716,-9.25,-6.48,False,0.0,0.0,0.61,-3.0,Risk review,Head-and-shoulders risk,"head-and-shoulders, risk, distribution",710.6,,,5.14,,,710.6,"A possible head-and-shoulders top is forming or breaking. This is a caution signal, not an entry setup.",Risk review,-2.25
POWERGRID,Power Grid Corporation of India Ltd.,POWERGRID.NS,Power,True,,NIFTY 500,^CRSLDX,2026-08-28,266.05,0.43,-2.33,-6.4,5107065.0,8391413.0,0.61,1358734580.91,39.06,45.89,False,False,False,False,False,-1.61,-4.88,-0.23,False,False,False,False,-4.75,0.01130754,0.01198277,-5.63,-6.67,False,0.0,0.0,0.61,-3.0,Risk review,Head-and-shoulders risk,"head-and-shoulders, risk, distribution",270.1,,,1.5,,,270.1,"A possible head-and-shoulders top is forming or breaking. This is a caution signal, not an entry setup.",Risk review,-2.25
NATCOPHARM,NATCO Pharma Ltd.,NATCOPHARM.NS,Healthcare,True,,NIFTY 500,^CRSLDX,2026-08-28,853.8,-0.44,-3.24,-6.73,401815.0,484484.0,0.83,343069642.1,33.24,39.86,False,False,False,False,False,-4.71,-7.15,0.85,False,False,False,False,-4.79,0.03628783,0.03935311,-7.79,-7.0,False,0.3333333333333333,0.0,0.83,-3.0,Risk review,Head-and-shoulders risk,"head-and-shoulders, risk, distribution",861.95,,,0.95,,,861.95,"A possible head-and-shoulders top is forming or breaking. This is a caution signal, not an entry setup.",Risk review,-2.25
NBCC,NBCC (India) Ltd.,NBCC.NS,Construction,True,,NIFTY 500,^CRSLDX,2026-08-28,87.5,-0.73,-1.04,-7.06,6690061.0,5843863.0,1.14,585380337.5,34.11,34.94,False,False,False,False,False,-3.57,-8.61,-2.11,False,False,False,False,0.69,0.00371889,0.00410354,-9.37,-7.33,False,0.0,0.0,1.14,-3.0,Risk review,Head-and-shoulders risk,"head-and-shoulders, risk, distribution",90.59,,,3.41,,,90.59,"A possible head-and-shoulders top is forming or breaking. This is a caution signal, not an entry setup.",Risk review,-2.25
CESC,CESC Ltd.,CESC.NS,Power,True,,NIFTY 500,^CRSLDX,2026-08-28,148.11,-2.64,-4.5,-7.23,1725008.0,1690106.0,1.02,255490935.93,30.0,41.24,False,False,False,False,False,-5.75,-6.77,-0.71,False,False,False,False,-4.4,0.00629491,0.00680128,-7.45,-7.5,False,0.0,0.0,1.02,-3.0,Risk review,Head-and-shoulders risk,"head-and-shoulders, risk, distribution",156.56,,,5.4,,,156.56,"A possible head-and-shoulders top is forming or breaking. This is a caution signal, not an entry setup.",Risk review,-2.25
SOBHA,Sobha Ltd.,SOBHA.NS,Realty,True,,NIFTY 500,^CRSLDX,2026-08-28,1270.2,-0.29,-1.88,-7.43,42616.0,83036.0,0.51,54130841.12,33.46,35.88,False,False,False,False,False,-3.76,-8.08,-1.7,False,False,False,False,-2.54,0.05398547,0.05917094,-8.76,-7.7,False,0.0,0.0,0.51,-3.0,Risk review,Head-and-shoulders risk,"head-and-shoulders, risk, distribution",1295.35,,,1.94,,,1295.35,"A possible head-and-shoulders top is forming or breaking. This is a caution signal, not an entry setup.",Risk review,-2.25
TATAPOWER,Tata Power Co. Ltd.,TATAPOWER.NS,Power,True,,NIFTY 500,^CRSLDX,2026-08-28,351.85,-0.04,-6.0,-7.58,4300488.0,4578141.0,0.94,1513126729.05,21.5,40.3,False,False,False,False,False,-6.34,-7.1,-0.53,False,False,False,False,-8.62,0.01495417,0.01622239,-7.82,-7.84,False,0.0,0.0,0.94,-3.0,Risk review,Head-and-shoulders risk,"head-and-shoulders, risk, distribution",355.18,,,0.94,,,355.18,"A possible head-and-shoulders top is forming or breaking. This is a caution signal, not an entry setup.",Risk review,-2.25
JPPOWER,Jaiprakash Power Ventures Ltd.,JPPOWER.NS,Power,True,,NIFTY 500,^CRSLDX,2026-08-28,16.82,-0.59,-1.64,-8.04,19537920.0,43794161.0,0.45,328627808.44,36.05,40.99,False,False,False,False,False,-4.13,-3.66,-0.23,False,False,False,False,-10.36,0.00071488,0.00074735,-4.35,-8.3,False,0.3333333333333333,0.0,0.45,-3.0,Risk review,Head-and-shoulders risk,"head-and-shoulders, risk, distribution",17.34,,,3.0,,,17.34,"A possible head-and-shoulders top is forming or breaking. This is a caution signal, not an entry setup.",Risk review,-2.25
INOXWIND,Inox Wind Ltd.,INOXWIND.NS,Capital Goods,True,,NIFTY 500,^CRSLDX,2026-08-28,71.79,-0.29,-2.46,-8.13,7053350.0,12553315.0,0.56,506360002.96,35.01,39.41,False,False,False,False,False,-4.38,-10.04,-7.21,False,False,False,False,3.42,0.00305119,0.00341846,-10.74,-8.39,False,0.0,0.0,0.56,-3.0,Risk review,Head-and-shoulders risk,"head-and-shoulders, risk, distribution",82.74,,,13.23,,,82.74,"A possible head-and-shoulders top is forming or breaking. This is a caution signal, not an entry setup.",Risk review,-2.25
KEC,Kec International Ltd.,KEC.NS,Construction,True,,NIFTY 500,^CRSLDX,2026-08-28,425.8,1.04,-2.33,-8.14,486490.0,1131970.0,0.43,207147436.06,35.94,37.0,False,False,False,False,False,-4.31,-10.21,-6.03,False,False,False,False,0.44,0.01809716,0.02031852,-10.93,-8.41,False,0.0,0.0,0.43,-3.0,Risk review,Head-and-shoulders risk,"head-and-shoulders, risk, distribution",483.52,,,11.94,,,483.52,"A possible head-and-shoulders top is forming or breaking. This is a caution signal, not an entry setup.",Risk review,-2.25
DABUR,Dabur India Ltd.,DABUR.NS,Fast Moving Consumer Goods,True,,NIFTY 500,^CRSLDX,2026-08-28,386.0,-0.05,-3.62,-8.41,1925384.0,1771149.0,1.09,743198224.0,24.68,34.31,False,False,False,False,False,-4.6,-7.8,-2.01,False,False,False,False,-4.1,0.0164056,0.01792257,-8.46,-8.68,False,0.0,0.0,1.09,-3.0,Risk review,Head-and-shoulders risk,"head-and-shoulders, risk, distribution",427.48,,,9.7,,,427.48,"A possible head-and-shoulders top is forming or breaking. This is a caution signal, not an entry setup.",Risk review,-2.25
VOLTAS,Voltas Ltd.,VOLTAS.NS,Consumer Durables,True,,NIFTY 500,^CRSLDX,2026-08-28,1200.0,-1.44,-2.83,-9.7,761101.0,967427.0,0.79,913321200.0,33.06,38.47,False,False,False,False,False,-5.06,-7.34,-0.9,False,False,False,False,-13.06,0.05100187,0.05547538,-8.06,-9.96,False,0.0,0.0,0.79,-3.0,Risk review,Head-and-shoulders risk,"head-and-shoulders, risk, distribution",1265.25,,,5.16,,,1265.25,"A possible head-and-shoulders top is forming or breaking. This is a caution signal, not an entry setup.",Risk review,-2.25
LUPIN,Lupin Ltd.,LUPIN.NS,Healthcare,True,,NIFTY 500,^CRSLDX,2026-08-28,2171.5,0.62,-1.38,-10.08,347936.0,1089334.0,0.32,755543024.0,30.15,29.46,False,False,False,False,False,-4.09,-7.91,1.45,False,False,False,False,-7.92,0.09229213,0.1009594,-8.58,-10.34,False,0.6666666666666666,0.0,0.32,-3.0,Risk review,Head-and-shoulders risk,"head-and-shoulders, risk, distribution",2185.3,,,0.63,,,2185.3,"A possible head-and-shoulders top is forming or breaking. This is a caution signal, not an entry setup.",Risk review,-2.25
ABLBL,Aditya Birla Lifestyle Brands Ltd.,ABLBL.NS,Consumer Services,True,,NIFTY 500,^CRSLDX,2026-08-28,84.6,-0.73,-1.76,-10.16,251891.0,932779.0,0.27,21309978.22,27.75,28.12,False,False,False,False,False,-5.38,-9.11,-4.1,False,False,False,False,-6.47,0.00359563,0.00398471,-9.76,-10.42,False,0.0,0.0,0.27,-3.0,Risk review,Head-and-shoulders risk,"head-and-shoulders, risk, distribution",98.06,,,13.73,,,98.06,"A possible head-and-shoulders top is forming or breaking. This is a caution signal, not an entry setup.",Risk review,-2.25
SAMMAANCAP,Sammaan Capital Ltd.,SAMMAANCAP.NS,Financial Services,True,,NIFTY 500,^CRSLDX,2026-08-28,145.8,-1.05,-3.14,-10.24,4308890.0,8477120.0,0.51,628236175.15,32.23,37.08,False,False,False,False,False,-6.36,-10.19,-1.51,False,False,False,False,-2.35,0.00619673,0.00695521,-10.91,-10.5,False,0.3333333333333333,0.0,0.51,-3.0,Risk review,Head-and-shoulders risk,"head-and-shoulders, risk, distribution",147.75,,,1.32,,,147.75,"A possible head-and-shoulders top is forming or breaking. This is a caution signal, not an entry setup.",Risk review,-2.25
CROMPTON,Crompton Greaves Consumer Electricals Ltd.,CROMPTON.NS,Consumer Durables,True,,NIFTY 500,^CRSLDX,2026-08-28,233.0,-2.06,-7.54,-10.45,5654521.0,4615958.0,1.22,1317503393.0,31.46,47.77,False,False,False,False,False,-6.64,-9.22,-1.26,False,False,False,False,-7.29,0.00990286,0.01098762,-9.87,-10.71,False,0.3333333333333333,0.0,1.22,-3.0,Risk review,Head-and-shoulders risk,"head-and-shoulders, risk, distribution",234.57,,,0.67,,,234.57,"A possible head-and-shoulders top is forming or breaking. This is a caution signal, not an entry setup.",Risk review,-2.25
LATENTVIEW,Latent View Analytics Ltd.,LATENTVIEW.NS,Information Technology,True,,NIFTY 500,^CRSLDX,2026-08-28,279.6,1.58,0.54,-11.57,539481.0,600627.0,0.9,150838890.89,41.77,37.26,True,False,False,False,False,-2.39,-4.66,-4.25,False,False,False,False,-23.65,0.01188344,0.0125549,-5.35,-11.83,False,0.0,0.0,0.9,-3.0,Risk review,Head-and-shoulders risk,"head-and-shoulders, risk, distribution",279.97,,,0.13,,,279.97,"A possible head-and-shoulders top is forming or breaking. This is a caution signal, not an entry setup.",Risk review,-2.25
BLUESTARCO,Blue Star Ltd.,BLUESTARCO.NS,Consumer Durables,True,,NIFTY 500,^CRSLDX,2026-08-28,1480.0,-1.14,-2.11,-11.97,292149.0,632535.0,0.46,432380520.0,35.29,37.63,False,False,False,False,False,-3.52,-7.76,-2.08,False,False,False,False,-18.21,0.0629023,0.06872223,-8.47,-12.22,False,0.0,0.0,0.46,-3.0,Risk review,Head-and-shoulders risk,"head-and-shoulders, risk, distribution",1547.5,,,4.36,,,1547.5,"A possible head-and-shoulders top is forming or breaking. This is a caution signal, not an entry setup.",Risk review,-2.25
FIRSTCRY,Brainbees Solutions Ltd.,FIRSTCRY.NS,Consumer Services,True,,NIFTY 500,^CRSLDX,2026-08-28,185.48,-1.48,-5.53,-12.62,750933.0,980279.0,0.77,139283049.63,20.57,29.06,False,False,False,False,False,-9.26,-12.06,-5.73,False,False,False,False,-9.02,0.00788319,0.00902394,-12.64,-12.87,False,0.0,0.0,0.77,-3.0,Risk review,Head-and-shoulders risk,"head-and-shoulders, risk, distribution",219.21,,,15.39,,,219.21,"A possible head-and-shoulders top is forming or breaking. This is a caution signal, not an entry setup.",Risk review,-2.25
ABFRL,Aditya Birla Fashion and Retail Ltd.,ABFRL.NS,Consumer Services,True,,NIFTY 500,^CRSLDX,2026-08-28,52.49,-2.14,-3.42,-12.87,4609423.0,6795840.0,0.68,241948621.01,30.36,34.68,False,False,False,False,False,-8.28,-9.99,-3.68,False,False,False,False,-8.89,0.00223091,0.00249658,-10.64,-13.12,False,0.0,0.0,0.68,-3.0,Risk review,Head-and-shoulders risk,"head-and-shoulders, risk, distribution",55.8,,,5.94,,,55.8,"A possible head-and-shoulders top is forming or breaking. This is a caution signal, not an entry setup.",Risk review,-2.25
TORNTPOWER,Torrent Power Ltd.,TORNTPOWER.NS,Power,True,,NIFTY 500,^CRSLDX,2026-08-28,1217.7,-1.01,-2.4,-13.84,213258.0,278171.0,0.77,259684256.19,24.0,24.36,False,False,False,False,False,-5.84,-11.15,0.0,False,False,False,False,-16.81,0.05175414,0.05870526,-11.84,-14.09,False,0.0,0.0,0.77,-3.0,Risk review,Head-and-shoulders risk,"head-and-shoulders, risk, distribution",1276.1,,,4.58,,,1276.1,"A possible head-and-shoulders top is forming or breaking. This is a caution signal, not an entry setup.",Risk review,-2.25
GODREJCP,Godrej Consumer Products Ltd.,GODREJCP.NS,Fast Moving Consumer Goods,True,,NIFTY 500,^CRSLDX,2026-08-28,915.0,-0.87,-1.93,-14.05,930420.0,2618959.0,0.36,851334300.0,30.99,34.15,False,False,False,False,False,-5.78,-10.35,-1.25,False,False,False,False,-13.01,0.03888892,0.04367046,-10.95,-14.29,False,0.0,0.0,0.36,-3.0,Risk review,Head-and-shoulders risk,"head-and-shoulders, risk, distribution",940.85,,,2.75,,,940.85,"A possible head-and-shoulders top is forming or breaking. This is a caution signal, not an entry setup.",Risk review,-2.25
RECLTD,REC Ltd.,RECLTD.NS,Financial Services,True,,NIFTY 500,^CRSLDX,2026-08-28,316.8,-1.28,-3.02,-14.67,4330877.0,5967400.0,0.73,1372021780.73,26.07,30.92,False,False,False,False,False,-7.05,-9.52,-0.46,False,False,False,False,-17.52,0.01346449,0.01498099,-10.12,-14.92,False,0.3333333333333333,0.0,0.73,-3.0,Risk review,Head-and-shoulders risk,"head-and-shoulders, risk, distribution",327.6,,,3.3,,,327.6,"A possible head-and-shoulders top is forming or breaking. This is a caution signal, not an entry setup.",Risk review,-2.25
PFC,Power Finance Corporation Ltd.,PFC.NS,Financial Services,True,,NIFTY 500,^CRSLDX,2026-08-28,352.0,-1.08,-1.98,-16.15,6294913.0,8776400.0,0.72,2215809376.0,22.29,22.02,False,False,False,False,False,-7.05,-11.53,0.07,False,False,False,False,-16.3,0.01496055,0.01703343,-12.17,-16.39,False,0.6666666666666666,0.0,0.72,-3.0,Risk review,Head-and-shoulders risk,"head-and-shoulders, risk, distribution",379.93,,,7.35,,,379.93,"A possible head-and-shoulders top is forming or breaking. This is a caution signal, not an entry setup.",Risk review,-2.25
JAINREC,Jain Resource Recycling Ltd.,JAINREC.NS,Metals & Mining,True,,NIFTY 500,^CRSLDX,2026-08-28,287.95,1.02,-2.67,-17.3,809844.0,1805522.0,0.45,233194589.69,35.52,37.38,False,False,False,False,False,-4.73,-12.27,-1.87,False,False,False,False,-12.47,0.01223832,0.0140808,-13.09,-17.54,False,0.0,0.0,0.45,-3.0,Risk review,Head-and-shoulders risk,"head-and-shoulders, risk, distribution",350.35,,,17.81,,,350.35,"A possible head-and-shoulders top is forming or breaking. This is a caution signal, not an entry setup.",Risk review,-2.25
