symbol,name,ticker,sector,downloaded,download_note,source_index,benchmark_ticker,last_date,last,return_1d_pct,return_5d_pct,return_20d_pct,volume,avg_volume_20,volume_ratio_20d,turnover_proxy,rsi_14,rsi_5d_ago,above_sma_10,above_sma_20,above_sma_50,above_sma_100,above_sma_200,distance_sma_20_pct,distance_sma_50_pct,ma200_roc20_pct,supertrend_bullish,new_high20,within_3pct_ath,at_ath,rs_acceleration_pct,rs_ratio,rs_ratio_sma_50,rs_distance_sma_50_pct,rs_return_20d_pct,rs_above_50dma,trend_raw,breakout_raw,volume_raw,setup_score,setup_quality,primary_setup,setup_tags,setup_pivot_level,setup_breakout_date,setup_volume_ratio,setup_retest_gap_pct,setup_flag_depth_pct,setup_impulse_return_pct,setup_neckline_level,setup_commentary,rotation_signal,rotation_score
KIRLOSENG,Kirloskar Oil Eng Ltd.,KIRLOSENG.NS,Capital Goods,True,,NIFTY 500,^CRSLDX,2026-09-30,2304.2,-4.07,3.82,6.63,1822978.0,749878.0,2.43,4200505907.6,58.03,55.72,True,True,True,True,True,5.43,6.71,6.12,False,False,False,False,20.84,0.10439424,0.09323951,11.96,16.61,True,1.0,0.0,2.43,4.7,Actionable watch,Breakout retest,"breakout, retest, pivot, volume",2305.2,2026-09-29,12.1,0.04,,,,Prior resistance has been cleared on higher volume and price is back near that pivot. This is the kind of retest zone where follow-through can matter more than chasing a stretched candle.,Strengthening with volume,7.9
ADANIPORTS,Adani Ports and Special Economic Zone Ltd.,ADANIPORTS.NS,Services,True,,NIFTY 500,^CRSLDX,2026-09-30,1798.3,-1.3,-0.5,7.51,3199507.0,2092362.0,1.53,5753673438.1,55.9,60.4,True,True,True,True,True,2.13,4.42,1.6,False,False,False,False,24.86,0.0814739,0.07440339,9.5,19.93,True,1.0,0.0,1.53,3.4,Actionable watch,Possible inverse H&S,"inverse-head-and-shoulders, base, reversal",1688.0,,,6.53,,,1688.0,A possible inverse head-and-shoulders base is visible. The setup improves only if price clears or holds near the neckline with better volume.,Strengthening with volume,7.69
MANKIND,Mankind Pharma Ltd.,MANKIND.NS,Healthcare,True,,NIFTY 500,^CRSLDX,2026-09-30,2503.8,-1.62,1.57,4.7,1311278.0,547827.0,2.39,3283177856.4,59.86,61.71,True,True,True,True,True,5.74,3.8,0.8,False,False,False,False,11.06,0.11343733,0.10443456,8.62,9.96,True,1.0,0.0,2.39,3.4,Actionable watch,Possible inverse H&S,"inverse-head-and-shoulders, base, reversal",2303.55,,,8.69,,,2303.55,A possible inverse head-and-shoulders base is visible. The setup improves only if price clears or holds near the neckline with better volume.,Strengthening with volume,7.69
LALPATHLAB,Dr. Lal Path Labs Ltd.,LALPATHLAB.NS,Healthcare,True,,NIFTY 500,^CRSLDX,2026-09-30,1987.0,1.88,3.26,3.7,525994.0,338834.0,1.55,1045150078.0,64.96,55.36,True,True,True,True,True,3.37,4.28,2.99,False,True,True,True,5.79,0.09002315,0.08175328,10.12,9.12,True,1.0,1.0,1.55,3.4,Actionable watch,Possible inverse H&S,"inverse-head-and-shoulders, base, reversal",1472.75,,,34.92,,,1472.75,A possible inverse head-and-shoulders base is visible. The setup improves only if price clears or holds near the neckline with better volume.,Strengthening with volume,7.69
THELEELA,Leela Palaces Hotels & Resorts Ltd.,THELEELA.NS,Consumer Services,True,,NIFTY 500,^CRSLDX,2026-09-30,573.8,7.53,5.29,0.68,1251659.0,382163.0,3.28,718201934.2,62.31,54.27,True,True,True,True,True,5.79,8.7,3.06,False,True,True,False,-8.5,0.02599662,0.02267774,14.63,6.88,True,1.0,1.0,3.28,3.4,Actionable watch,Possible inverse H&S,"inverse-head-and-shoulders, base, reversal, flag, continuation, uptrend",488.3,,,17.51,,,488.3,A possible inverse head-and-shoulders base is visible. The setup improves only if price clears or holds near the neckline with better volume. Secondary patterns: Bullish flag.,Strengthening with volume,7.69
KOTAKBANK,Kotak Mahindra Bank Ltd.,KOTAKBANK.NS,Financial Services,True,,NIFTY 500,^CRSLDX,2026-09-30,417.0,2.71,0.91,-1.53,32537029.0,13413835.0,2.43,13567941093.0,56.44,51.77,True,True,True,True,True,0.68,3.02,-0.41,False,False,False,False,-1.46,0.01889263,0.0173923,8.63,5.64,True,0.6666666666666666,0.0,2.43,3.11,Actionable watch,Possible inverse H&S,"inverse-head-and-shoulders, base, reversal",410.67,,,1.54,,,410.67,A possible inverse head-and-shoulders base is visible. The setup improves only if price clears or holds near the neckline with better volume.,Strengthening with volume,7.52
FINCABLES,Finolex Cables Ltd.,FINCABLES.NS,Capital Goods,True,,NIFTY 500,^CRSLDX,2026-09-30,1450.3,1.03,-1.35,21.75,452990.0,1405323.0,0.32,656971397.0,61.26,67.24,True,True,True,True,True,4.62,16.31,6.72,False,False,True,False,-3.29,0.06570739,0.05316535,23.59,23.55,True,1.0,0.5,0.32,4.65,Actionable watch,High-tight flag,"flag, continuation, uptrend, high-tight, inverse-head-and-shoulders, base, reversal",1480.0,2026-09-24,0.34,,5.99,52.11,,Price has made a sharp impulse move and is now consolidating near the highs. A controlled pullback with quieter volume keeps the continuation setup alive. Secondary patterns: Possible inverse H&S.,Strengthening,7.1
REDINGTON,Redington Ltd.,REDINGTON.NS,Services,True,,NIFTY 500,^CRSLDX,2026-09-30,407.0,0.38,1.56,12.06,4204334.0,6113601.0,0.69,1711163938.0,64.38,62.89,True,True,True,True,True,3.64,13.76,4.44,False,False,True,False,16.48,0.01843957,0.01522825,21.09,20.87,True,1.0,0.5,0.69,4.73,Actionable watch,High-tight flag,"flag, continuation, uptrend, high-tight, inverse-head-and-shoulders, base, reversal",410.35,2026-09-22,0.45,,4.52,58.41,,Price has made a sharp impulse move and is now consolidating near the highs. A controlled pullback with quieter volume keeps the continuation setup alive. Secondary patterns: Possible inverse H&S.,Strengthening,7.1
CARBORUNIV,Carborundum Universal Ltd.,CARBORUNIV.NS,Capital Goods,True,,NIFTY 500,^CRSLDX,2026-09-30,1252.5,4.33,-0.95,16.89,475133.0,626227.0,0.76,595104082.5,61.91,71.2,True,True,True,True,True,9.08,11.68,2.99,False,False,False,False,17.72,0.05674585,0.04838878,17.27,20.25,True,1.0,0.0,0.76,4.3,Actionable watch,Breakout retest,"breakout, retest, pivot, volume, flag, continuation, uptrend",1189.8,2026-09-22,2.71,1.23,,,,Prior resistance has been cleared on higher volume and price is back near that pivot. This is the kind of retest zone where follow-through can matter more than chasing a stretched candle. Secondary patterns: Bullish flag.,Strengthening,7.1
MEESHO,Meesho Ltd.,MEESHO.NS,Consumer Services,True,,NIFTY 500,^CRSLDX,2026-09-30,227.75,2.03,-3.65,7.63,15536460.0,26897312.0,0.58,3538428765.0,59.65,71.83,True,True,True,True,True,4.24,11.45,,False,False,False,False,8.99,0.01031846,0.00877236,17.62,17.81,True,0.6666666666666666,0.0,0.58,5.1,Actionable watch,Breakout retest,"breakout, retest, pivot, volume, flag, continuation, uptrend, inverse-head-and-shoulders, base, reversal",224.62,2026-09-22,5.41,1.39,,,,"Prior resistance has been cleared on higher volume and price is back near that pivot. This is the kind of retest zone where follow-through can matter more than chasing a stretched candle. Secondary patterns: Bullish flag, Possible inverse H&S.",Strengthening,7.1
WHIRLPOOL,Whirlpool of India Ltd.,WHIRLPOOL.NS,Consumer Durables,True,,NIFTY 500,^CRSLDX,2026-09-30,890.25,0.23,2.89,11.25,3226987.0,2993383.0,1.08,2872825176.75,64.95,67.64,True,True,True,True,True,10.85,11.74,-1.8,False,False,False,False,18.89,0.04033372,0.03435387,17.41,17.77,True,0.3333333333333333,0.0,1.08,4.3,Actionable watch,Breakout retest,"breakout, retest, pivot, volume",837.81,2026-09-23,18.17,2.92,,,,Prior resistance has been cleared on higher volume and price is back near that pivot. This is the kind of retest zone where follow-through can matter more than chasing a stretched candle.,Strengthening,7.1
JSL,Jindal Stainless Ltd.,JSL.NS,Metals & Mining,True,,NIFTY 500,^CRSLDX,2026-09-30,747.4,1.23,-1.47,1.7,860756.0,1371120.0,0.63,643329034.4,52.89,57.49,True,True,True,True,True,0.25,1.89,-0.44,False,False,False,False,15.69,0.03386175,0.03161261,7.11,13.09,True,0.3333333333333333,0.0,0.63,4.7,Actionable watch,Breakout retest,"breakout, retest, pivot, volume, inverse-head-and-shoulders, base, reversal",748.87,2026-09-09,13.41,0.2,,,,Prior resistance has been cleared on higher volume and price is back near that pivot. This is the kind of retest zone where follow-through can matter more than chasing a stretched candle. Secondary patterns: Possible inverse H&S.,Strengthening,7.1
JSWINFRA,JSW Infrastructure Ltd.,JSWINFRA.NS,Services,True,,NIFTY 500,^CRSLDX,2026-09-30,356.6,1.89,-1.93,7.38,2191121.0,4852712.0,0.45,781353748.6,58.14,65.85,True,True,True,True,True,3.58,5.73,2.52,False,False,True,False,6.53,0.01615614,0.01454222,11.1,11.43,True,1.0,0.5,0.45,5.1,Actionable watch,Breakout retest,"breakout, retest, pivot, volume, inverse-head-and-shoulders, base, reversal",350.75,2026-09-22,4.63,0.58,,,,Prior resistance has been cleared on higher volume and price is back near that pivot. This is the kind of retest zone where follow-through can matter more than chasing a stretched candle. Secondary patterns: Possible inverse H&S.,Strengthening,7.1
PCBL,PCBL Chemical Ltd.,PCBL.NS,Chemicals,True,,NIFTY 500,^CRSLDX,2026-09-30,331.1,0.2,-4.15,5.01,1026589.0,1799972.0,0.57,339903617.9,50.89,62.67,False,True,True,True,True,0.08,1.62,0.57,False,False,False,False,12.48,0.01500084,0.01405149,6.76,10.95,True,1.0,0.0,0.57,4.56,Actionable watch,Breakout retest,"breakout, retest, pivot, volume",332.37,2026-09-21,2.13,0.38,,,,Prior resistance has been cleared on higher volume and price is back near that pivot. This is the kind of retest zone where follow-through can matter more than chasing a stretched candle.,Strengthening,7.1
BELRISE,Belrise Industries Ltd.,BELRISE.NS,Automobile and Auto Components,True,,NIFTY 500,^CRSLDX,2026-09-30,240.36,-0.07,-3.77,2.58,1036662.0,3054179.0,0.34,249172078.32,52.81,68.76,False,True,True,True,True,1.67,1.36,3.63,False,False,False,False,12.4,0.01088977,0.01023028,6.45,9.91,True,1.0,0.0,0.34,4.71,Actionable watch,Breakout retest,"breakout, retest, pivot, volume",238.88,2026-09-22,1.63,0.47,,,,Prior resistance has been cleared on higher volume and price is back near that pivot. This is the kind of retest zone where follow-through can matter more than chasing a stretched candle.,Strengthening,7.1
ZYDUSLIFE,Zydus Lifesciences Ltd.,ZYDUSLIFE.NS,Healthcare,True,,NIFTY 500,^CRSLDX,2026-09-30,1162.0,-3.21,-0.69,0.68,1614233.0,1500522.0,1.08,1875738746.0,51.49,58.5,False,True,True,True,True,1.02,1.87,2.26,False,False,False,False,1.16,0.05264565,0.04920521,6.99,6.31,True,1.0,0.0,1.08,4.7,Actionable watch,Breakout retest,"breakout, retest, pivot, volume",1197.6,2026-09-28,3.07,2.97,,,,Prior resistance has been cleared on higher volume and price is back near that pivot. This is the kind of retest zone where follow-through can matter more than chasing a stretched candle.,Strengthening,7.1
TEGA,Tega Industries Ltd.,TEGA.NS,Capital Goods,True,,NIFTY 500,^CRSLDX,2026-09-30,2106.7,2.24,1.34,36.83,1493714.0,941173.0,1.59,3146807283.8,69.36,73.8,True,True,True,True,True,13.71,23.02,-0.41,False,False,True,False,39.69,0.09544629,0.07372398,29.46,41.1,True,0.3333333333333333,0.5,1.59,3.4,Actionable watch,Possible inverse H&S,"inverse-head-and-shoulders, base, reversal, flag, continuation, uptrend",1878.35,,,12.16,,,1878.35,A possible inverse head-and-shoulders base is visible. The setup improves only if price clears or holds near the neckline with better volume. Secondary patterns: Bullish flag.,Strengthening with volume,6.89
ACE,Action Construction Equipment Ltd.,ACE.NS,Capital Goods,True,,NIFTY 500,^CRSLDX,2026-09-30,1232.0,2.17,-1.75,12.93,343169.0,363160.0,0.94,422784208.0,63.49,73.28,True,True,True,True,True,4.53,8.48,2.36,False,False,True,False,15.9,0.05581707,0.04877609,14.44,17.87,True,1.0,0.5,0.94,3.4,Actionable watch,Possible inverse H&S,"inverse-head-and-shoulders, base, reversal, flag, continuation, uptrend",935.75,,,31.66,,,935.75,A possible inverse head-and-shoulders base is visible. The setup improves only if price clears or holds near the neckline with better volume. Secondary patterns: Bullish flag.,Strengthening,6.89
AEGISLOG,Aegis Logistics Ltd.,AEGISLOG.NS,Oil Gas & Consumable Fuels,True,,NIFTY 500,^CRSLDX,2026-09-30,1380.1,6.18,-1.74,11.14,1090547.0,978941.0,1.11,1505063914.7,53.69,56.17,False,True,True,True,True,2.42,3.85,6.97,False,False,False,False,23.49,0.0625269,0.05726331,9.19,15.95,True,1.0,0.0,1.11,3.4,Actionable watch,Possible inverse H&S,"inverse-head-and-shoulders, base, reversal, flag, continuation, uptrend",761.75,,,81.17,,,761.75,A possible inverse head-and-shoulders base is visible. The setup improves only if price clears or holds near the neckline with better volume. Secondary patterns: Bullish flag.,Strengthening,6.89
CASTROLIND,Castrol India Ltd.,CASTROLIND.NS,Oil Gas & Consumable Fuels,True,,NIFTY 500,^CRSLDX,2026-09-30,200.52,0.35,3.77,7.76,2564891.0,3738963.0,0.69,514311943.32,67.13,58.65,True,True,True,True,True,4.05,5.89,0.29,False,False,False,False,14.71,0.00908477,0.00815785,11.36,15.48,True,1.0,0.0,0.69,3.4,Actionable watch,Possible inverse H&S,"inverse-head-and-shoulders, base, reversal",188.35,,,6.46,,,188.35,A possible inverse head-and-shoulders base is visible. The setup improves only if price clears or holds near the neckline with better volume.,Strengthening,6.89
JYOTICNC,Jyoti CNC Automation Ltd.,JYOTICNC.NS,Capital Goods,True,,NIFTY 500,^CRSLDX,2026-09-30,1039.85,-1.84,-5.54,8.81,430258.0,1336903.0,0.32,447403781.3,54.79,66.68,False,True,True,True,True,0.89,10.11,0.85,False,False,False,False,-6.62,0.04711151,0.04043608,16.51,11.04,True,1.0,0.0,0.32,3.4,Actionable watch,Possible inverse H&S,"inverse-head-and-shoulders, base, reversal, flag, continuation, uptrend",865.25,,,20.18,,,865.25,A possible inverse head-and-shoulders base is visible. The setup improves only if price clears or holds near the neckline with better volume. Secondary patterns: Bullish flag.,Strengthening,6.89
LENSKART,Lenskart Solutions Ltd.,LENSKART.NS,Consumer Services,True,,NIFTY 500,^CRSLDX,2026-09-30,685.05,1.55,-0.24,2.41,6800271.0,8396697.0,0.81,4658525648.55,56.51,59.92,True,True,True,True,True,0.2,7.58,5.19,False,False,False,False,-8.42,0.03103692,0.02723762,13.95,9.88,True,1.0,0.0,0.81,3.4,Actionable watch,Possible inverse H&S,"inverse-head-and-shoulders, base, reversal, flag, continuation, uptrend",540.15,,,26.83,,,540.15,A possible inverse head-and-shoulders base is visible. The setup improves only if price clears or holds near the neckline with better volume. Secondary patterns: Bullish flag.,Strengthening,6.89
LAURUSLABS,Laurus Labs Ltd.,LAURUSLABS.NS,Healthcare,True,,NIFTY 500,^CRSLDX,2026-09-30,1980.0,0.05,-2.65,6.22,1397926.0,1731654.0,0.81,2767893480.0,57.79,68.88,False,True,True,True,True,1.16,5.71,7.37,False,False,True,False,2.54,0.08970601,0.08012789,11.95,9.85,True,1.0,0.5,0.81,3.41,Actionable watch,Bullish flag,"flag, continuation, uptrend, inverse-head-and-shoulders, base, reversal",2034.0,2026-09-23,0.55,,4.04,32.96,,Price has made a sharp impulse move and is now consolidating near the highs. A controlled pullback with quieter volume keeps the continuation setup alive. Secondary patterns: Possible inverse H&S.,Strengthening,6.89
PHOENIXLTD,Phoenix Mills Ltd.,PHOENIXLTD.NS,Realty,True,,NIFTY 500,^CRSLDX,2026-09-30,1935.0,0.31,-2.92,0.78,421345.0,416084.0,1.01,815302575.0,51.75,63.96,False,True,True,True,True,1.01,0.54,0.82,False,False,False,False,9.55,0.08766724,0.08330543,5.24,8.2,True,1.0,0.0,1.01,3.4,Actionable watch,Possible inverse H&S,"inverse-head-and-shoulders, base, reversal",1825.65,,,5.99,,,1825.65,A possible inverse head-and-shoulders base is visible. The setup improves only if price clears or holds near the neckline with better volume.,Strengthening,6.89
LGEINDIA,LG Electronics India Ltd.,LGEINDIA.NS,Consumer Durables,True,,NIFTY 500,^CRSLDX,2026-09-30,1723.5,-0.9,1.73,4.25,421274.0,543911.0,0.77,726065739.0,61.33,58.85,True,True,True,True,True,3.1,5.66,0.57,False,False,True,False,-1.93,0.078085,0.07016237,11.29,7.85,True,1.0,0.5,0.77,3.4,Actionable watch,Possible inverse H&S,"inverse-head-and-shoulders, base, reversal",1636.55,,,5.31,,,1636.55,A possible inverse head-and-shoulders base is visible. The setup improves only if price clears or holds near the neckline with better volume.,Strengthening,6.89
ACMESOLAR,ACME Solar Holdings Ltd.,ACMESOLAR.NS,Power,True,,NIFTY 500,^CRSLDX,2026-09-30,439.0,0.24,-2.94,10.23,1108840.0,2780801.0,0.4,486780760.0,60.71,69.12,False,True,True,True,True,3.2,10.4,6.85,False,False,False,False,6.1,0.01988936,0.01708295,16.43,16.04,True,1.0,0.0,0.4,3.36,Watch,Bullish flag,"flag, continuation, uptrend",458.65,2026-09-22,0.86,,7.19,29.02,,Price has made a sharp impulse move and is now consolidating near the highs. A controlled pullback with quieter volume keeps the continuation setup alive.,Strengthening,6.88
INDHOTEL,Indian Hotels Co. Ltd.,INDHOTEL.NS,Consumer Services,True,,NIFTY 500,^CRSLDX,2026-09-30,728.65,2.0,-2.02,0.13,3733640.0,2996633.0,1.25,2720516786.0,51.65,59.26,False,True,True,True,True,0.6,0.15,-0.11,False,False,False,False,5.31,0.03301226,0.03136832,5.24,4.91,True,0.6666666666666666,0.0,1.25,3.4,Actionable watch,Possible inverse H&S,"inverse-head-and-shoulders, base, reversal",676.9,,,7.65,,,676.9,A possible inverse head-and-shoulders base is visible. The setup improves only if price clears or holds near the neckline with better volume.,Strengthening,6.67
SONACOMS,Sona BLW Precision Forgings Ltd.,SONACOMS.NS,Automobile and Auto Components,True,,NIFTY 500,^CRSLDX,2026-09-30,830.0,1.76,-0.36,6.05,2734579.0,2153210.0,1.27,2269700570.0,58.69,62.09,True,True,True,True,True,3.52,4.49,5.3,False,False,True,False,3.33,0.03760403,0.03412473,10.2,8.46,True,1.0,0.5,1.27,2.67,Watch,Bullish flag,"flag, continuation, uptrend",833.0,2026-09-23,1.34,,4.43,21.89,,Price has made a sharp impulse move and is now consolidating near the highs. A controlled pullback with quieter volume keeps the continuation setup alive.,Strengthening,6.63
BANDHANBNK,Bandhan Bank Ltd.,BANDHANBNK.NS,Financial Services,True,,NIFTY 500,^CRSLDX,2026-09-30,178.23,-3.82,-6.87,10.35,13031625.0,14606618.0,0.89,2322626523.75,50.57,71.89,False,True,True,False,True,1.1,2.82,1.7,False,False,False,False,20.25,0.0080749,0.00749981,7.67,15.82,True,0.6666666666666666,0.0,0.89,2.63,Watch,Bullish flag,"flag, continuation, uptrend",191.38,2026-09-23,1.15,,7.97,18.49,,Price has made a sharp impulse move and is now consolidating near the highs. A controlled pullback with quieter volume keeps the continuation setup alive.,Strengthening,6.62
APLAPOLLO,APL Apollo Tubes Ltd.,APLAPOLLO.NS,Capital Goods,True,,NIFTY 500,^CRSLDX,2026-09-30,2190.1,0.07,-0.22,-0.9,587352.0,621801.0,0.94,1286359615.2,53.96,55.45,False,True,True,True,True,0.27,4.61,2.14,False,False,False,False,-11.59,0.09922481,0.08971092,10.61,4.65,True,1.0,0.0,0.94,3.33,Watch,Bullish flag,"flag, continuation, uptrend, inverse-head-and-shoulders, base, reversal",2270.1,2026-09-18,0.84,,5.77,26.64,,Price has made a sharp impulse move and is now consolidating near the highs. A controlled pullback with quieter volume keeps the continuation setup alive. Secondary patterns: Possible inverse H&S.,Strengthening,6.6
AJANTPHARM,Ajanta Pharmaceuticals Ltd.,AJANTPHARM.NS,Healthcare,True,,NIFTY 500,^CRSLDX,2026-09-30,3620.8,1.78,1.48,4.0,344068.0,91108.0,3.78,1245801414.4,59.61,54.43,True,True,True,True,True,2.42,2.51,3.01,False,True,True,False,2.76,0.1640442,0.15219709,7.78,6.8,True,1.0,1.0,3.78,0.0,No clear setup,,,,,,,,,,,Strengthening with volume,6.5
JUBLPHARMA,Jubilant Pharmova Ltd.,JUBLPHARMA.NS,Healthcare,True,,NIFTY 500,^CRSLDX,2026-09-30,1028.8,-1.85,-2.76,14.27,460073.0,332818.0,1.38,473323102.4,56.09,68.17,False,True,True,True,True,0.77,7.42,-0.58,False,False,False,False,28.01,0.04661088,0.04127679,12.92,23.94,True,0.6666666666666666,0.0,1.38,2.2,Actionable watch,Possible inverse H&S,"inverse-head-and-shoulders, base, reversal",1041.5,,,1.22,,,1041.5,A possible inverse head-and-shoulders base is visible. The setup improves only if price clears or holds near the neckline with better volume.,Strengthening,6.47
CYIENT,Cyient Ltd.,CYIENT.NS,Information Technology,True,,NIFTY 500,^CRSLDX,2026-09-30,1100.7,4.3,2.66,-1.92,2323228.0,473171.0,4.91,2557177059.6,59.75,58.22,True,True,True,True,True,2.16,12.27,-0.76,False,False,False,False,-39.35,0.04986839,0.04190888,18.99,-0.46,True,0.6666666666666666,0.0,4.91,3.53,Actionable watch,Bullish flag,"flag, continuation, uptrend",1174.8,2026-08-31,0.44,,14.03,42.37,,Price has made a sharp impulse move and is now consolidating near the highs. A controlled pullback with quieter volume keeps the continuation setup alive.,Setup watch: Bullish flag,6.44
WOCKPHARMA,Wockhardt Ltd.,WOCKPHARMA.NS,Healthcare,True,,NIFTY 500,^CRSLDX,2026-09-30,2116.3,-3.55,-9.16,11.13,823461.0,1436819.0,0.57,1742690514.3,50.15,68.77,False,False,True,True,True,-2.24,5.1,5.04,False,False,False,False,25.1,0.09588123,0.08642279,10.94,19.36,True,1.0,0.0,0.57,5.1,Actionable watch,Breakout retest,"breakout, retest, pivot, volume, flag, continuation, uptrend, inverse-head-and-shoulders, base, reversal",2093.85,2026-09-07,5.07,0.59,,,,"Prior resistance has been cleared on higher volume and price is back near that pivot. This is the kind of retest zone where follow-through can matter more than chasing a stretched candle. Secondary patterns: Bullish flag, Possible inverse H&S.",Strengthening,6.4
PFOCUS,Prime Focus Ltd.,PFOCUS.NS,Media Entertainment & Publication,True,,NIFTY 500,^CRSLDX,2026-09-30,316.0,-0.47,-6.27,12.72,3709507.0,3006735.0,1.23,1172204212.0,50.77,62.26,False,False,True,True,True,-1.62,4.71,4.64,False,False,False,False,19.24,0.01431672,0.01296703,10.41,16.86,True,1.0,0.0,1.23,4.3,Actionable watch,Breakout retest,"breakout, retest, pivot, volume, flag, continuation, uptrend, inverse-head-and-shoulders, base, reversal",293.07,2026-07-29,3.63,6.92,,,,"Prior resistance has been cleared on higher volume and price is back near that pivot. This is the kind of retest zone where follow-through can matter more than chasing a stretched candle. Secondary patterns: Bullish flag, Possible inverse H&S.",Strengthening,6.4
GRAPHITE,Graphite India Ltd.,GRAPHITE.NS,Capital Goods,True,,NIFTY 500,^CRSLDX,2026-09-30,764.8,-4.58,-6.85,5.26,2394392.0,4062696.0,0.59,1831231001.6,46.81,61.58,False,False,True,True,True,-3.93,3.46,3.82,False,False,False,False,7.27,0.03465008,0.0315896,9.69,15.66,True,1.0,0.0,0.59,5.1,Actionable watch,Breakout retest,"breakout, retest, pivot, volume, flag, continuation, uptrend, inverse-head-and-shoulders, base, reversal",757.33,2026-09-09,34.9,0.01,,,,"Prior resistance has been cleared on higher volume and price is back near that pivot. This is the kind of retest zone where follow-through can matter more than chasing a stretched candle. Secondary patterns: Bullish flag, Possible inverse H&S.",Strengthening,6.4
CAPLIPOINT,Caplin Point Laboratories Ltd.,CAPLIPOINT.NS,Healthcare,True,,NIFTY 500,^CRSLDX,2026-09-30,2716.4,-1.01,-2.77,-0.15,156298.0,236589.0,0.66,424567887.2,50.31,59.64,False,False,True,True,True,-1.42,3.14,4.05,False,False,False,False,15.07,0.1230694,0.11335256,8.57,14.64,True,1.0,0.0,0.66,4.08,Actionable watch,Breakout retest,"breakout, retest, pivot, volume, inverse-head-and-shoulders, base, reversal",2680.28,2026-09-02,1.96,0.63,,,,Prior resistance has been cleared on higher volume and price is back near that pivot. This is the kind of retest zone where follow-through can matter more than chasing a stretched candle. Secondary patterns: Possible inverse H&S.,Strengthening,6.4
CHENNPETRO,Chennai Petroleum Corporation Ltd.,CHENNPETRO.NS,Oil Gas & Consumable Fuels,True,,NIFTY 500,^CRSLDX,2026-09-30,1436.3,-0.04,3.44,1.58,1709133.0,2088291.0,0.82,2454827727.9,52.89,46.3,True,False,True,True,True,-1.29,4.17,5.2,False,False,False,False,6.89,0.0650731,0.05902689,10.24,11.6,True,1.0,0.0,0.82,5.1,Actionable watch,Breakout retest,"breakout, retest, pivot, volume, flag, continuation, uptrend",1352.5,2026-08-11,7.68,5.58,,,,Prior resistance has been cleared on higher volume and price is back near that pivot. This is the kind of retest zone where follow-through can matter more than chasing a stretched candle. Secondary patterns: Bullish flag.,Strengthening,6.4
EMCURE,Emcure Pharmaceuticals Ltd.,EMCURE.NS,Healthcare,True,,NIFTY 500,^CRSLDX,2026-09-30,1943.0,-0.82,-1.95,4.55,71094.0,214357.0,0.33,138135642.0,50.73,57.42,False,False,True,True,True,-0.38,0.81,3.34,False,False,False,False,15.66,0.08802968,0.08292342,6.16,11.27,True,1.0,0.0,0.33,4.85,Actionable watch,Breakout retest,"breakout, retest, pivot, volume",1942.67,2026-09-15,1.9,0.02,,,,Prior resistance has been cleared on higher volume and price is back near that pivot. This is the kind of retest zone where follow-through can matter more than chasing a stretched candle.,Strengthening,6.4
KAJARIACER,Kajaria Ceramics Ltd.,KAJARIACER.NS,Consumer Durables,True,,NIFTY 500,^CRSLDX,2026-09-30,1235.1,3.75,1.54,-2.06,2882388.0,429103.0,6.72,3560037418.8,54.91,49.32,True,True,True,True,True,1.19,1.44,1.52,False,False,False,False,1.4,0.05595752,0.05248265,6.62,5.42,True,1.0,0.0,6.72,0.0,No clear setup,,,,,,,,,,,Strengthening with volume,6.38
MCX,Multi Commodity Exchange of India Ltd.,MCX.NS,Financial Services,True,,NIFTY 500,^CRSLDX,2026-09-30,3300.4,2.12,-2.18,0.44,2066935.0,1944195.0,1.06,6821712274.0,54.28,61.74,True,True,True,True,True,0.59,7.08,4.64,False,False,False,False,-27.49,0.14952814,0.13219746,13.11,3.13,True,1.0,0.0,1.06,3.4,Actionable watch,Possible inverse H&S,"inverse-head-and-shoulders, base, reversal, flag, continuation, uptrend",3219.0,,,2.53,,,3219.0,A possible inverse head-and-shoulders base is visible. The setup improves only if price clears or holds near the neckline with better volume. Secondary patterns: Bullish flag.,Strengthening,6.32
TBOTEK,TBO Tek Ltd.,TBOTEK.NS,Consumer Services,True,,NIFTY 500,^CRSLDX,2026-09-30,1685.2,0.03,-1.13,-0.87,446861.0,154661.0,2.89,753050157.2,51.66,55.42,False,False,True,True,True,-0.11,2.09,0.1,False,False,False,False,-7.02,0.07634978,0.07079043,7.85,2.6,True,1.0,0.0,2.89,3.4,Actionable watch,Possible inverse H&S,"inverse-head-and-shoulders, base, reversal, flag, continuation, uptrend",1458.3,,,15.56,,,1458.3,A possible inverse head-and-shoulders base is visible. The setup improves only if price clears or holds near the neckline with better volume. Secondary patterns: Bullish flag.,Strengthening with volume,6.31
JMFINANCIL,JM Financial Ltd.,JMFINANCIL.NS,Financial Services,True,,NIFTY 500,^CRSLDX,2026-09-30,129.02,2.58,1.18,-0.29,2299895.0,2557817.0,0.9,296732452.9,55.54,52.15,True,True,True,True,False,1.85,1.86,-1.36,False,False,False,False,-0.37,0.00584539,0.00546016,7.06,7.1,True,0.3333333333333333,0.0,0.9,4.42,Actionable watch,Breakout retest,"breakout, retest, pivot, volume, inverse-head-and-shoulders, base, reversal",131.77,2026-09-03,1.84,2.08,,,,Prior resistance has been cleared on higher volume and price is back near that pivot. This is the kind of retest zone where follow-through can matter more than chasing a stretched candle. Secondary patterns: Possible inverse H&S.,Strengthening,6.3
SAILIFE,Sai Life Sciences Ltd.,SAILIFE.NS,Healthcare,True,,NIFTY 500,^CRSLDX,2026-09-30,1524.5,-2.27,-5.29,-3.94,537181.0,716056.0,0.75,818932434.5,46.08,62.15,False,False,True,True,True,-3.88,3.1,6.47,False,False,False,False,-0.16,0.0690691,0.06325552,9.19,10.96,True,1.0,0.0,0.75,3.45,Actionable watch,Bullish flag,"flag, continuation, uptrend",1675.4,2026-09-09,0.89,,12.11,35.89,,Price has made a sharp impulse move and is now consolidating near the highs. A controlled pullback with quieter volume keeps the continuation setup alive.,Strengthening,6.21
PVRINOX,PVR INOX Ltd.,PVRINOX.NS,Media Entertainment & Publication,True,,NIFTY 500,^CRSLDX,2026-09-30,1242.7,4.42,-5.68,2.7,711172.0,771738.0,0.92,883773444.4,50.86,61.98,False,False,True,True,True,-0.47,3.26,1.72,False,False,False,False,1.92,0.05630185,0.05147858,9.37,9.32,True,1.0,0.0,0.92,3.45,Actionable watch,Bullish flag,"flag, continuation, uptrend",1349.3,2026-09-21,0.81,,14.23,35.93,,Price has made a sharp impulse move and is now consolidating near the highs. A controlled pullback with quieter volume keeps the continuation setup alive.,Strengthening,6.21
PTCIL,PTC Industries Ltd.,PTCIL.NS,Capital Goods,True,,NIFTY 500,^CRSLDX,2026-09-30,22190.0,-1.53,-0.74,-2.31,20719.0,29592.0,0.7,459754610.0,52.05,53.84,False,False,True,True,True,-2.44,6.6,2.61,False,False,False,False,-18.22,1.00534159,0.88868863,13.13,6.61,True,1.0,0.0,0.7,3.45,Actionable watch,Bullish flag,"flag, continuation, uptrend, inverse-head-and-shoulders, base, reversal",23830.0,2026-09-04,0.72,,10.79,35.76,,Price has made a sharp impulse move and is now consolidating near the highs. A controlled pullback with quieter volume keeps the continuation setup alive. Secondary patterns: Possible inverse H&S.,Strengthening,6.21
AEGISVOPAK,Aegis Vopak Terminals Ltd.,AEGISVOPAK.NS,Oil Gas & Consumable Fuels,True,,NIFTY 500,^CRSLDX,2026-09-30,296.8,0.87,-1.98,3.67,532792.0,1938351.0,0.27,158132665.6,52.91,57.5,False,False,True,True,True,-0.07,3.44,1.78,False,False,False,False,26.95,0.01344684,0.01235964,8.8,17.33,True,1.0,0.0,0.27,3.4,Actionable watch,Possible inverse H&S,"inverse-head-and-shoulders, base, reversal, flag, continuation, uptrend",244.72,,,21.28,,,244.72,A possible inverse head-and-shoulders base is visible. The setup improves only if price clears or holds near the neckline with better volume. Secondary patterns: Bullish flag.,Strengthening,6.19
BEML,BEML Ltd.,BEML.NS,Capital Goods,True,,NIFTY 500,^CRSLDX,2026-09-30,1992.4,1.31,-4.92,-1.97,204724.0,440056.0,0.47,407892097.6,48.38,60.08,False,False,True,True,True,-2.62,3.08,1.71,False,False,False,False,-3.37,0.0902678,0.08295657,8.81,9.33,True,1.0,0.0,0.47,3.4,Actionable watch,Possible inverse H&S,"inverse-head-and-shoulders, base, reversal, flag, continuation, uptrend",1857.5,,,7.26,,,1857.5,A possible inverse head-and-shoulders base is visible. The setup improves only if price clears or holds near the neckline with better volume. Secondary patterns: Bullish flag.,Strengthening,6.19
GLAND,Gland Pharma Ltd.,GLAND.NS,Healthcare,True,,NIFTY 500,^CRSLDX,2026-09-30,2899.4,-3.02,-0.37,1.08,528548.0,633892.0,0.83,1532472071.2,51.11,54.01,False,False,True,True,True,-0.96,3.38,6.0,False,False,False,False,-6.82,0.13136041,0.12012487,9.35,6.75,True,1.0,0.0,0.83,3.4,Actionable watch,Possible inverse H&S,"inverse-head-and-shoulders, base, reversal, flag, continuation, uptrend",1853.35,,,56.44,,,1853.35,A possible inverse head-and-shoulders base is visible. The setup improves only if price clears or holds near the neckline with better volume. Secondary patterns: Bullish flag.,Strengthening,6.19
SPLPETRO,Supreme Petrochem Ltd.,SPLPETRO.NS,Chemicals,True,,NIFTY 500,^CRSLDX,2026-09-30,808.2,-2.84,-8.39,11.96,247547.0,425532.0,0.58,200067485.4,49.95,74.01,False,False,True,True,True,-2.26,6.48,2.69,False,False,False,False,14.41,0.03661636,0.03262275,12.24,17.78,True,1.0,0.0,0.58,3.34,Watch,Bullish flag,"flag, continuation, uptrend, inverse-head-and-shoulders, base, reversal",882.2,2026-09-23,0.84,,10.05,27.6,,Price has made a sharp impulse move and is now consolidating near the highs. A controlled pullback with quieter volume keeps the continuation setup alive. Secondary patterns: Possible inverse H&S.,Strengthening,6.17
LLOYDSME,Lloyds Metals And Energy Ltd.,LLOYDSME.NS,Metals & Mining,True,,NIFTY 500,^CRSLDX,2026-09-30,1884.0,-0.96,-0.36,3.92,333292.0,345382.0,0.96,627922128.0,55.64,58.85,True,True,False,True,True,3.04,-0.56,3.62,False,False,False,False,22.71,0.08535663,0.08180619,4.34,11.54,True,0.6666666666666666,0.0,0.96,4.58,Actionable watch,Breakout retest,"breakout, retest, pivot, volume",1873.6,2026-09-29,1.36,0.19,,,,Prior resistance has been cleared on higher volume and price is back near that pivot. This is the kind of retest zone where follow-through can matter more than chasing a stretched candle.,Setup watch: Breakout retest,6.1
ABDL,Allied Blenders and Distillers Ltd.,ABDL.NS,Fast Moving Consumer Goods,True,,NIFTY 500,^CRSLDX,2026-09-30,718.9,0.33,9.52,18.94,319559.0,1121871.0,0.28,229730965.1,73.82,62.65,True,True,True,True,True,10.42,14.2,0.51,False,False,True,False,22.2,0.03257053,0.02712248,20.09,23.51,True,1.0,0.5,0.28,3.4,Actionable watch,Possible inverse H&S,"inverse-head-and-shoulders, base, reversal",537.75,,,33.69,,,537.75,A possible inverse head-and-shoulders base is visible. The setup improves only if price clears or holds near the neckline with better volume.,Strengthening,6.09
WELSPUNLIV,Welspun Living Ltd.,WELSPUNLIV.NS,Textiles,True,,NIFTY 500,^CRSLDX,2026-09-30,227.33,0.94,1.59,13.66,3089710.0,4415718.0,0.7,702383774.3,74.0,76.92,True,True,True,True,True,6.1,19.89,5.5,False,False,True,False,-5.7,0.01029943,0.00811793,26.87,23.1,True,1.0,0.5,0.7,3.4,Actionable watch,Possible inverse H&S,"inverse-head-and-shoulders, base, reversal",144.65,,,57.16,,,144.65,A possible inverse head-and-shoulders base is visible. The setup improves only if price clears or holds near the neckline with better volume.,Strengthening,6.09
PAYTM,One 97 Communications Ltd.,PAYTM.NS,Financial Services,True,,NIFTY 500,^CRSLDX,2026-09-30,1678.0,-0.3,-5.46,3.64,2424277.0,4725164.0,0.51,4067936806.0,48.57,58.02,False,False,True,True,True,-3.21,4.51,3.41,False,False,False,False,-19.79,0.07602358,0.06840143,11.14,3.83,True,1.0,0.0,0.51,4.59,Actionable watch,High-tight flag,"flag, continuation, uptrend, high-tight, inverse-head-and-shoulders, base, reversal",1849.9,2026-09-18,0.75,,13.88,47.19,,Price has made a sharp impulse move and is now consolidating near the highs. A controlled pullback with quieter volume keeps the continuation setup alive. Secondary patterns: Possible inverse H&S.,Strengthening,5.97
MOTHERSON,Samvardhana Motherson International Ltd.,MOTHERSON.NS,Automobile and Auto Components,True,,NIFTY 500,^CRSLDX,2026-09-30,163.26,2.96,-0.69,-0.02,15307995.0,11336463.0,1.35,2499183263.7,51.47,54.47,True,True,True,True,True,0.57,0.98,3.34,False,False,False,False,-10.14,0.00739667,0.00693685,6.63,1.63,True,1.0,0.0,1.35,3.24,Watch,Bullish flag,"flag, continuation, uptrend",170.68,2026-08-31,0.67,,9.13,19.15,,Price has made a sharp impulse move and is now consolidating near the highs. A controlled pullback with quieter volume keeps the continuation setup alive.,Strengthening,5.96
RBLBANK,RBL Bank Ltd.,RBLBANK.NS,Financial Services,True,,NIFTY 500,^CRSLDX,2026-09-30,403.35,0.34,-5.76,3.58,3855694.0,4506780.0,0.86,1555194174.9,49.4,66.24,False,False,True,True,True,-1.97,2.55,3.23,False,False,False,False,11.06,0.0182742,0.01687477,8.29,12.67,True,1.0,0.0,0.86,2.67,Watch,Bullish flag,"flag, continuation, uptrend",428.0,2026-09-23,1.13,,6.61,21.28,,Price has made a sharp impulse move and is now consolidating near the highs. A controlled pullback with quieter volume keeps the continuation setup alive.,Strengthening,5.93
KPIL,Kalpataru Projects International Ltd.,KPIL.NS,Construction,True,,NIFTY 500,^CRSLDX,2026-09-30,1380.6,1.14,-2.21,-2.12,71593.0,149042.0,0.48,98841295.8,46.77,52.61,False,False,True,True,True,-1.87,0.7,1.91,False,False,False,False,-6.08,0.06254955,0.05895614,6.1,4.7,True,1.0,0.0,0.48,3.4,Actionable watch,Possible inverse H&S,"inverse-head-and-shoulders, base, reversal",1262.25,,,9.38,,,1262.25,A possible inverse head-and-shoulders base is visible. The setup improves only if price clears or holds near the neckline with better volume.,Strengthening,5.93
APARINDS,Apar Industries Ltd.,APARINDS.NS,Capital Goods,True,,NIFTY 500,^CRSLDX,2026-09-30,17384.0,-2.35,-2.75,3.4,116165.0,139590.0,0.83,2019412360.0,49.49,54.6,False,False,True,True,True,-1.69,3.91,7.48,False,False,False,False,-17.51,0.78760064,0.71556793,10.07,4.34,True,1.0,0.0,0.83,3.51,Actionable watch,Bullish flag,"flag, continuation, uptrend",18945.0,2026-09-21,0.8,,10.49,41.14,,Price has made a sharp impulse move and is now consolidating near the highs. A controlled pullback with quieter volume keeps the continuation setup alive.,Strengthening,5.9
DIVISLAB,Divi's Laboratories Ltd.,DIVISLAB.NS,Healthcare,True,,NIFTY 500,^CRSLDX,2026-09-30,9291.5,-1.48,-3.45,0.78,541269.0,504144.0,1.07,5029200913.5,52.9,67.81,False,False,True,True,True,-1.02,5.48,4.41,False,False,False,False,-7.66,0.4209613,0.37655853,11.79,4.27,True,1.0,0.0,1.07,3.4,Actionable watch,Possible inverse H&S,"inverse-head-and-shoulders, base, reversal, flag, continuation, uptrend",6766.25,,,37.32,,,6766.25,A possible inverse head-and-shoulders base is visible. The setup improves only if price clears or holds near the neckline with better volume. Secondary patterns: Bullish flag.,Strengthening,5.84
ASAHIINDIA,Asahi India Glass Ltd.,ASAHIINDIA.NS,Automobile and Auto Components,True,,NIFTY 500,^CRSLDX,2026-09-30,958.85,0.09,-1.28,0.82,85211.0,150608.0,0.57,81704567.35,52.08,58.26,True,False,True,True,True,-0.27,2.38,-0.57,False,False,False,False,-0.72,0.04344172,0.04022761,7.99,7.0,True,0.6666666666666666,0.0,0.57,2.21,Actionable watch,Possible inverse H&S,"inverse-head-and-shoulders, base, reversal",970.17,,,1.17,,,970.17,A possible inverse head-and-shoulders base is visible. The setup improves only if price clears or holds near the neckline with better volume.,Strengthening,5.77
SYRMA,Syrma SGS Technology Ltd.,SYRMA.NS,Capital Goods,True,,NIFTY 500,^CRSLDX,2026-09-30,1782.9,5.33,3.69,24.33,3788979.0,2928053.0,1.29,6755370659.1,66.68,66.83,True,True,True,True,True,8.79,17.83,8.68,False,True,True,True,24.62,0.08077618,0.06496567,24.34,31.82,True,1.0,1.0,1.29,0.0,No clear setup,,,,,,,,,,,Strengthening,5.7
HBLENGINE,HBL Engineering Ltd.,HBLENGINE.NS,Capital Goods,True,,NIFTY 500,^CRSLDX,2026-09-30,794.5,-1.71,3.94,20.34,1235100.0,2912390.0,0.42,981286950.0,63.72,64.14,True,True,True,True,True,6.76,11.08,-1.14,False,False,False,False,38.15,0.03599567,0.03084118,16.71,28.41,True,0.3333333333333333,0.0,0.42,0.0,No clear setup,,,,,,,,,,,Strengthening,5.7
WELCORP,Welspun Corp Ltd.,WELCORP.NS,Capital Goods,True,,NIFTY 500,^CRSLDX,2026-09-30,2717.0,-4.4,-2.85,7.67,1718055.0,2185536.0,0.79,4667955435.0,57.47,68.04,False,True,True,True,True,2.06,20.97,15.59,False,False,False,False,-20.76,0.12309658,0.09540928,29.02,20.73,True,1.0,0.0,0.79,0.0,No clear setup,,,,,,,,,,,Strengthening,5.7
CPPLUS,Aditya Infotech Ltd.,CPPLUS.NS,Capital Goods,True,,NIFTY 500,^CRSLDX,2026-09-30,3846.5,0.76,0.38,3.36,237687.0,263064.0,0.9,914263045.5,58.21,58.74,True,True,True,True,True,3.89,6.67,9.12,False,True,True,False,9.03,0.17426978,0.15495857,12.46,14.6,True,1.0,1.0,0.9,0.0,No clear setup,,,,,,,,,,,Strengthening,5.7
ABBOTINDIA,Abbott India Ltd.,ABBOTINDIA.NS,Healthcare,True,,NIFTY 500,^CRSLDX,2026-09-30,27125.0,-0.53,0.71,4.15,5645.0,8783.0,0.64,153120625.0,57.38,56.65,True,True,True,True,True,3.02,1.07,-0.81,False,False,False,False,17.42,1.22892702,1.16149031,5.81,11.48,True,0.6666666666666666,0.0,0.64,0.0,No clear setup,,,,,,,,,,,Strengthening,5.7
ICICIGI,ICICI Lombard General Insurance Company Ltd.,ICICIGI.NS,Financial Services,True,,NIFTY 500,^CRSLDX,2026-09-30,1590.0,4.95,5.96,3.45,1952166.0,875224.0,2.23,3103943940.0,57.98,45.41,True,True,True,False,False,6.19,0.95,-2.56,False,True,False,False,12.86,0.07203664,0.06811015,5.76,7.81,True,0.3333333333333333,0.5,2.23,0.0,No clear setup,,,,,,,,,,,Strengthening with volume,5.7
RHIM,RHI MAGNESITA INDIA LTD.,RHIM.NS,Capital Goods,True,,NIFTY 500,^CRSLDX,2026-09-30,384.85,-2.12,-1.03,3.87,469409.0,1063023.0,0.44,180652053.65,54.45,60.78,True,True,True,False,False,2.29,0.32,-1.81,False,False,False,False,18.54,0.01743604,0.01658841,5.11,10.03,True,0.3333333333333333,0.0,0.44,2.2,Watch,Possible inverse H&S,"inverse-head-and-shoulders, base, reversal",406.25,,,5.27,,,406.25,A possible inverse head-and-shoulders base is visible. The setup improves only if price clears or holds near the neckline with better volume.,Strengthening,5.67
IPCALAB,Ipca Laboratories Ltd.,IPCALAB.NS,Healthcare,True,,NIFTY 500,^CRSLDX,2026-09-30,1927.0,-0.57,-1.81,-1.51,312460.0,236826.0,1.32,602110420.0,47.46,55.18,False,False,True,True,True,-1.93,2.31,3.34,False,False,False,False,-12.5,0.08730479,0.08093848,7.87,3.67,True,1.0,0.0,1.32,3.24,Watch,Bullish flag,"flag, continuation, uptrend",2009.6,2026-09-18,0.44,,5.64,19.21,,Price has made a sharp impulse move and is now consolidating near the highs. A controlled pullback with quieter volume keeps the continuation setup alive.,Strengthening,5.67
AIIL,Authum Investment & Infrastructure Ltd.,AIIL.NS,Financial Services,True,,NIFTY 500,^CRSLDX,2026-09-30,546.6,0.89,-2.64,7.72,158568.0,775798.0,0.2,86673268.8,50.91,56.58,False,True,False,True,True,1.64,-0.37,-0.05,False,False,False,False,-0.21,0.0247643,0.02365848,4.67,3.54,True,0.3333333333333333,0.0,0.2,5.1,Actionable watch,Breakout retest,"breakout, retest, pivot, volume, inverse-head-and-shoulders, base, reversal",523.39,2026-07-17,10.03,3.36,,,,Prior resistance has been cleared on higher volume and price is back near that pivot. This is the kind of retest zone where follow-through can matter more than chasing a stretched candle. Secondary patterns: Possible inverse H&S.,Setup watch: Breakout retest,5.61
GESHIP,Great Eastern Shipping Co. Ltd.,GESHIP.NS,Services,True,,NIFTY 500,^CRSLDX,2026-09-30,1560.0,1.44,5.14,19.49,938291.0,1042710.0,0.9,1463733960.0,76.03,67.6,True,True,True,True,True,8.4,12.96,2.51,False,True,False,False,32.83,0.07067746,0.05959506,18.6,27.32,True,1.0,0.5,0.9,5.1,Actionable watch,Breakout retest,"breakout, retest, pivot, volume, inverse-head-and-shoulders, base, reversal",1478.92,2026-09-28,3.87,4.0,,,,Prior resistance has been cleared on higher volume and price is back near that pivot. This is the kind of retest zone where follow-through can matter more than chasing a stretched candle. Secondary patterns: Possible inverse H&S.,Strengthening,5.6
PATANJALI,Patanjali Foods Ltd.,PATANJALI.NS,Fast Moving Consumer Goods,True,,NIFTY 500,^CRSLDX,2026-09-30,363.0,-2.26,-11.34,5.22,1344954.0,5320044.0,0.25,488218302.0,47.1,78.64,False,False,True,False,False,-0.54,1.77,-3.96,False,False,False,False,15.58,0.0164461,0.01537413,6.97,11.79,True,0.3333333333333333,0.0,0.25,4.7,Actionable watch,Breakout retest,"breakout, retest, pivot, volume, flag, continuation, uptrend",364.25,2026-09-21,6.99,0.34,,,,Prior resistance has been cleared on higher volume and price is back near that pivot. This is the kind of retest zone where follow-through can matter more than chasing a stretched candle. Secondary patterns: Bullish flag.,Strengthening,5.6
PINELABS,Pine Labs Ltd.,PINELABS.NS,Financial Services,True,,NIFTY 500,^CRSLDX,2026-09-30,171.79,0.14,-8.77,5.83,19780220.0,63121148.0,0.31,3398043993.8,46.23,57.73,False,False,True,True,False,-5.02,3.05,-3.16,False,False,False,False,1.86,0.00778313,0.00710449,9.55,11.27,True,0.3333333333333333,0.0,0.31,5.01,Actionable watch,Breakout retest,"breakout, retest, pivot, volume, flag, continuation, uptrend",163.68,2026-08-11,2.21,3.34,,,,Prior resistance has been cleared on higher volume and price is back near that pivot. This is the kind of retest zone where follow-through can matter more than chasing a stretched candle. Secondary patterns: Bullish flag.,Strengthening,5.6
INDGN,Indegene Ltd.,INDGN.NS,Healthcare,True,,NIFTY 500,^CRSLDX,2026-09-30,590.75,-2.38,-1.28,-1.57,390007.0,515017.0,0.76,230396635.25,51.89,61.13,False,False,True,True,True,-0.26,3.78,1.23,False,False,False,False,-11.25,0.02676456,0.02440978,9.65,2.61,True,1.0,0.0,0.76,3.4,Actionable watch,Possible inverse H&S,"inverse-head-and-shoulders, base, reversal",510.1,,,15.81,,,510.1,A possible inverse head-and-shoulders base is visible. The setup improves only if price clears or holds near the neckline with better volume.,Strengthening,5.51
SAREGAMA,Saregama India Ltd,SAREGAMA.NS,Media Entertainment & Publication,True,,NIFTY 500,^CRSLDX,2026-09-30,506.55,2.65,-0.09,6.13,643873.0,427522.0,1.51,326153868.15,53.99,53.76,True,True,False,True,True,1.93,-0.09,3.25,False,False,False,False,17.41,0.02294979,0.02185226,5.02,12.14,True,0.6666666666666666,0.0,1.51,0.0,No clear setup,,,,,,,,,,,Neutral / watch,5.5
MOTILALOFS,Motilal Oswal Financial Services Ltd.,MOTILALOFS.NS,Financial Services,True,,NIFTY 500,^CRSLDX,2026-09-30,994.0,-0.22,-4.65,-2.32,766759.0,800914.0,0.96,762158446.0,47.97,60.65,False,False,True,True,True,-2.13,3.09,1.58,False,False,False,False,-20.7,0.04503423,0.04148024,8.57,1.26,True,1.0,0.0,0.96,4.68,Actionable watch,Breakout retest,"breakout, retest, pivot, volume, flag, continuation, uptrend, inverse-head-and-shoulders, base, reversal",977.7,2026-08-25,1.56,1.67,,,,"Prior resistance has been cleared on higher volume and price is back near that pivot. This is the kind of retest zone where follow-through can matter more than chasing a stretched candle. Secondary patterns: Bullish flag, Possible inverse H&S.",Strengthening,5.45
PARADEEP,Paradeep Phosphates Ltd.,PARADEEP.NS,Chemicals,True,,NIFTY 500,^CRSLDX,2026-09-30,154.28,0.13,0.01,-1.22,1932116.0,2467487.0,0.78,298086856.48,50.53,50.92,False,False,True,True,True,-0.43,1.55,-0.16,False,False,False,False,-9.67,0.00698982,0.00652477,7.13,2.42,True,0.6666666666666666,0.0,0.78,3.29,Watch,Bullish flag,"flag, continuation, uptrend",165.88,2026-08-28,0.21,,14.4,23.2,,Price has made a sharp impulse move and is now consolidating near the highs. A controlled pullback with quieter volume keeps the continuation setup alive.,Strengthening,5.44
GRANULES,Granules India Ltd.,GRANULES.NS,Healthcare,True,,NIFTY 500,^CRSLDX,2026-09-30,846.55,-2.33,-1.59,1.78,819196.0,1884731.0,0.43,693490373.8,45.82,49.02,False,False,False,True,True,-2.74,-1.0,4.3,False,False,False,False,8.83,0.03835385,0.03680668,4.2,8.56,True,0.6666666666666666,0.0,0.43,4.67,Actionable watch,Breakout retest,"breakout, retest, pivot, volume",802.03,2026-06-30,1.54,5.23,,,,Prior resistance has been cleared on higher volume and price is back near that pivot. This is the kind of retest zone where follow-through can matter more than chasing a stretched candle.,Setup watch: Breakout retest,5.4
IKS,Inventurus Knowledge Solutions Ltd.,IKS.NS,Information Technology,True,,NIFTY 500,^CRSLDX,2026-09-30,1747.5,-1.79,-9.82,0.19,152839.0,227015.0,0.67,267086152.5,45.06,68.86,False,False,False,False,True,-2.18,-2.35,0.74,False,False,False,False,11.71,0.07917235,0.07726077,2.47,7.05,True,0.6666666666666666,0.0,0.67,5.1,Actionable watch,Breakout retest,"breakout, retest, pivot, volume",1746.68,2026-07-01,11.83,0.05,,,,Prior resistance has been cleared on higher volume and price is back near that pivot. This is the kind of retest zone where follow-through can matter more than chasing a stretched candle.,Setup watch: Breakout retest,5.4
ANANTRAJ,Anant Raj Ltd.,ANANTRAJ.NS,Realty,True,,NIFTY 500,^CRSLDX,2026-09-30,598.9,-0.56,-5.21,1.71,1122020.0,2999098.0,0.37,671977778.0,46.08,59.38,False,False,False,True,True,-1.8,-2.19,1.24,False,False,False,False,7.47,0.0271338,0.02641688,2.71,5.36,True,0.6666666666666666,0.0,0.37,4.96,Actionable watch,Breakout retest,"breakout, retest, pivot, volume, inverse-head-and-shoulders, base, reversal",575.1,2026-07-10,2.11,3.81,,,,Prior resistance has been cleared on higher volume and price is back near that pivot. This is the kind of retest zone where follow-through can matter more than chasing a stretched candle. Secondary patterns: Possible inverse H&S.,Setup watch: Breakout retest,5.27
DLF,DLF Ltd.,DLF.NS,Realty,True,,NIFTY 500,^CRSLDX,2026-09-30,674.0,3.22,-0.15,0.07,5830044.0,4075217.0,1.43,3929449656.0,54.44,57.02,True,True,True,True,True,2.21,1.75,-0.64,False,False,False,False,-1.3,0.03053629,0.02859383,6.79,3.62,True,0.6666666666666666,0.0,1.43,0.0,No clear setup,,,,,,,,,,,Strengthening,5.22
ADANIENT,Adani Enterprises Ltd.,ADANIENT.NS,Metals & Mining,True,,NIFTY 500,^CRSLDX,2026-09-30,2903.4,-2.34,-3.0,0.4,1663023.0,1516547.0,1.1,4828420978.2,45.2,49.58,False,False,False,False,True,-2.12,-3.13,2.89,False,False,False,False,13.3,0.13154163,0.12941532,1.64,7.89,True,0.6666666666666666,0.0,1.1,3.4,Actionable watch,Possible inverse H&S,"inverse-head-and-shoulders, base, reversal",2401.95,,,20.88,,,2401.95,A possible inverse head-and-shoulders base is visible. The setup improves only if price clears or holds near the neckline with better volume.,Setup watch: Possible inverse H&S,5.19
PETRONET,Petronet LNG Ltd.,PETRONET.NS,Oil Gas & Consumable Fuels,True,,NIFTY 500,^CRSLDX,2026-09-30,284.5,0.55,-0.47,-1.63,2419296.0,1616868.0,1.5,688289712.0,47.79,49.29,False,False,False,True,True,-0.71,-0.19,0.51,False,False,False,False,-6.56,0.01288958,0.01227054,5.04,0.55,True,0.6666666666666666,0.0,1.5,4.49,Actionable watch,Breakout retest,"breakout, retest, pivot, volume, inverse-head-and-shoulders, base, reversal",285.29,2026-09-28,1.98,0.28,,,,Prior resistance has been cleared on higher volume and price is back near that pivot. This is the kind of retest zone where follow-through can matter more than chasing a stretched candle. Secondary patterns: Possible inverse H&S.,Setup watch: Breakout retest,5.11
SOLARINDS,Solar Industries India Ltd.,SOLARINDS.NS,Chemicals,True,,NIFTY 500,^CRSLDX,2026-09-30,19700.0,5.63,-0.15,-4.37,302167.0,280479.0,1.08,5952689900.0,48.51,46.41,True,False,False,True,True,-3.38,-0.21,5.03,False,False,False,False,-5.3,0.89252948,0.84758923,5.3,4.09,True,0.6666666666666666,0.0,1.08,5.1,Actionable watch,Breakout retest,"breakout, retest, pivot, volume",18896.4,2026-08-13,8.39,0.71,,,,Prior resistance has been cleared on higher volume and price is back near that pivot. This is the kind of retest zone where follow-through can matter more than chasing a stretched candle.,Setup watch: Breakout retest,5.02
BOSCHLTD,Bosch Ltd.,BOSCHLTD.NS,Automobile and Auto Components,True,,NIFTY 500,^CRSLDX,2026-09-30,47100.0,3.06,-1.78,-0.32,30394.0,23672.0,1.28,1431557400.0,48.99,54.04,False,False,True,True,True,-1.29,1.78,2.99,False,False,False,False,-22.8,2.13391567,1.98349442,7.58,0.08,True,1.0,0.0,1.28,3.4,Actionable watch,Possible inverse H&S,"inverse-head-and-shoulders, base, reversal, flag, continuation, uptrend",37925.0,,,24.19,,,37925.0,A possible inverse head-and-shoulders base is visible. The setup improves only if price clears or holds near the neckline with better volume. Secondary patterns: Bullish flag.,Strengthening,5.01
SUNTV,Sun TV Network Ltd.,SUNTV.NS,Media Entertainment & Publication,True,,NIFTY 500,^CRSLDX,2026-09-30,605.0,9.35,23.42,31.35,34672457.0,2991386.0,11.59,20976836485.0,82.92,59.14,True,True,True,True,True,24.89,24.97,-1.33,False,True,False,False,43.97,0.02741017,0.02090837,31.1,37.89,True,0.3333333333333333,0.5,11.59,0.0,No clear setup,,,,,,,,,,,Strengthening with volume,5.0
ELECON,Elecon Engineering Co. Ltd.,ELECON.NS,Capital Goods,True,,NIFTY 500,^CRSLDX,2026-09-30,461.8,-3.87,-1.03,10.85,812540.0,2649309.0,0.31,375230972.0,58.63,66.4,True,True,True,False,True,6.17,6.85,-1.05,False,False,False,False,21.53,0.02092234,0.01867109,12.06,19.13,True,0.3333333333333333,0.0,0.31,-2.0,Risk review,Head-and-shoulders risk,"head-and-shoulders, risk, distribution, breakout, retest, pivot, volume, inverse-head-and-shoulders, base, reversal",441.25,,,4.66,,,441.25,"A possible head-and-shoulders top is forming or breaking. This is a caution signal, not an entry setup. Secondary patterns: Breakout retest, Possible inverse H&S.",Risk review,5.0
DRREDDY,Dr. Reddy's Laboratories Ltd.,DRREDDY.NS,Healthcare,True,,NIFTY 500,^CRSLDX,2026-09-30,1233.0,-1.51,1.8,6.61,4026022.0,1934315.0,2.08,4964085126.0,62.71,62.31,True,True,True,False,False,4.52,4.9,-0.72,False,False,False,False,14.18,0.05586238,0.05072507,10.13,13.48,True,0.3333333333333333,0.0,2.08,-2.0,Risk review,Head-and-shoulders risk,"head-and-shoulders, risk, distribution",1174.7,,,4.96,,,1174.7,"A possible head-and-shoulders top is forming or breaking. This is a caution signal, not an entry setup.",Risk review,5.0
NUVOCO,Nuvoco Vistas Corporation Ltd.,NUVOCO.NS,Construction Materials,True,,NIFTY 500,^CRSLDX,2026-09-30,337.8,2.3,-2.02,2.94,197279.0,371022.0,0.53,66640846.2,54.09,59.68,True,True,True,True,True,1.48,0.87,-0.64,False,False,False,False,20.22,0.01530439,0.01449578,5.58,12.54,True,0.6666666666666666,0.0,0.53,-2.0,Risk review,Head-and-shoulders risk,"head-and-shoulders, risk, distribution, inverse-head-and-shoulders, base, reversal",321.77,,,4.98,,,321.77,"A possible head-and-shoulders top is forming or breaking. This is a caution signal, not an entry setup. Secondary patterns: Possible inverse H&S.",Risk review,5.0
ACUTAAS,Acutaas Chemicals Ltd.,ACUTAAS.NS,Healthcare,True,,NIFTY 500,^CRSLDX,2026-09-30,3279.4,-0.75,0.43,4.61,349433.0,355389.0,0.98,1145930580.2,49.7,48.7,False,False,True,True,True,-0.35,0.55,6.28,False,False,False,False,7.29,0.14857671,0.14116208,5.25,10.24,True,1.0,0.0,0.98,0.0,No clear setup,,,,,,,,,,,Strengthening,5.0
ICICIAMC,ICICI Prudential Asset Management Company Ltd.,ICICIAMC.NS,Financial Services,True,,NIFTY 500,^CRSLDX,2026-09-30,3136.7,-2.98,-1.33,5.5,372808.0,391646.0,0.95,1169386853.6,50.4,57.67,False,True,True,False,True,1.14,0.74,,False,False,False,False,8.34,0.14211153,0.13431961,5.8,8.73,True,0.6666666666666666,0.0,0.95,-2.0,Risk review,Head-and-shoulders risk,"head-and-shoulders, risk, distribution",3119.15,,,0.56,,,3119.15,"A possible head-and-shoulders top is forming or breaking. This is a caution signal, not an entry setup.",Risk review,5.0
SAIL,Steel Authority of India Ltd.,SAIL.NS,Metals & Mining,True,,NIFTY 500,^CRSLDX,2026-09-30,181.49,-0.18,-2.13,-7.64,15646382.0,15634647.0,1.0,2839661869.18,50.07,55.51,True,False,True,True,True,-0.5,1.57,3.11,False,False,False,False,-21.07,0.0082226,0.00767854,7.09,-1.12,True,1.0,0.0,1.0,5.1,Actionable watch,Breakout retest,"breakout, retest, pivot, volume, flag, continuation, uptrend, inverse-head-and-shoulders, base, reversal",176.29,2026-08-24,2.73,2.25,,,,"Prior resistance has been cleared on higher volume and price is back near that pivot. This is the kind of retest zone where follow-through can matter more than chasing a stretched candle. Secondary patterns: Bullish flag, Possible inverse H&S.",Setup watch: Breakout retest,4.98
MINDACORP,Minda Corporation Ltd.,MINDACORP.NS,Automobile and Auto Components,True,,NIFTY 500,^CRSLDX,2026-09-30,692.85,2.99,0.55,-2.12,255045.0,161557.0,1.58,176707928.25,50.39,46.17,True,True,False,True,True,0.39,-1.55,1.69,False,False,False,False,3.9,0.03139031,0.0302862,3.65,3.31,True,0.6666666666666666,0.0,1.58,0.0,No clear setup,,,,,,,,,,,Neutral / watch,4.96
PNBHOUSING,PNB Housing Finance Ltd.,PNBHOUSING.NS,Financial Services,True,,NIFTY 500,^CRSLDX,2026-09-30,1120.0,1.99,-1.62,-1.84,1164222.0,961874.0,1.21,1303928640.0,47.48,48.51,True,False,False,True,True,-1.55,-1.16,2.38,False,False,False,False,-3.38,0.05074279,0.04869014,4.22,3.59,True,0.6666666666666666,0.0,1.21,5.1,Actionable watch,Breakout retest,"breakout, retest, pivot, volume, inverse-head-and-shoulders, base, reversal",1089.02,2026-07-07,2.6,0.63,,,,Prior resistance has been cleared on higher volume and price is back near that pivot. This is the kind of retest zone where follow-through can matter more than chasing a stretched candle. Secondary patterns: Possible inverse H&S.,Setup watch: Breakout retest,4.92
INDIGO,InterGlobe Aviation Ltd.,INDIGO.NS,Services,True,,NIFTY 500,^CRSLDX,2026-09-30,4984.0,2.3,-0.88,-0.72,624800.0,609287.0,1.03,3114003200.0,49.71,50.47,True,True,False,False,True,1.04,-2.46,-0.62,False,False,False,False,2.79,0.22580543,0.22065303,2.34,1.17,True,0.3333333333333333,0.0,1.03,3.4,Actionable watch,Possible inverse H&S,"inverse-head-and-shoulders, base, reversal",4862.3,,,2.5,,,4862.3,A possible inverse head-and-shoulders base is visible. The setup improves only if price clears or holds near the neckline with better volume.,Setup watch: Possible inverse H&S,4.92
ENGINERSIN,Engineers India Ltd.,ENGINERSIN.NS,Construction,True,,NIFTY 500,^CRSLDX,2026-09-30,309.6,-0.19,1.11,11.93,3125317.0,5988631.0,0.52,967598143.2,68.44,75.36,True,True,True,True,True,8.75,19.72,4.02,False,False,True,False,8.41,0.01402676,0.01109246,26.45,25.61,True,1.0,0.5,0.52,0.0,No clear setup,,,,,,,,,,,Strengthening,4.9
VBL,Varun Beverages Ltd.,VBL.NS,Fast Moving Consumer Goods,True,,NIFTY 500,^CRSLDX,2026-09-30,432.0,0.47,-0.95,4.1,8815664.0,5992642.0,1.47,3808366848.0,55.61,60.21,True,True,True,False,False,3.06,0.67,-1.23,False,False,False,False,23.27,0.01957222,0.01857051,5.39,14.61,True,0.3333333333333333,0.0,1.47,0.0,No clear setup,,,,,,,,,,,Strengthening,4.9
ITCHOTELS,ITC Hotels Ltd.,ITCHOTELS.NS,Consumer Services,True,,NIFTY 500,^CRSLDX,2026-09-30,164.13,2.24,1.8,3.47,1550628.0,1690523.0,0.92,254504573.64,57.0,53.71,True,True,True,True,False,4.0,1.34,-2.41,False,True,False,False,10.57,0.00743608,0.00699608,6.29,8.93,True,0.3333333333333333,0.5,0.92,0.0,No clear setup,,,,,,,,,,,Strengthening,4.9
GODIGIT,Go Digit General Insurance Ltd.,GODIGIT.NS,Financial Services,True,,NIFTY 500,^CRSLDX,2026-09-30,260.05,2.71,6.14,0.64,1467678.0,1071918.0,1.37,381669663.9,53.89,40.09,True,True,True,False,False,2.91,0.98,-3.0,False,False,False,False,7.9,0.01178184,0.01114597,5.7,7.34,True,0.3333333333333333,0.0,1.37,0.0,No clear setup,,,,,,,,,,,Strengthening,4.9
CARTRADE,Cartrade Tech Ltd.,CARTRADE.NS,Consumer Services,True,,NIFTY 500,^CRSLDX,2026-09-30,2899.8,-0.26,-3.4,-1.11,191607.0,338292.0,0.57,555621978.6,45.58,52.29,False,False,False,True,True,-3.24,-0.82,0.6,False,False,False,False,-5.33,0.13137853,0.12551913,4.67,2.99,True,0.6666666666666666,0.0,0.57,5.1,Actionable watch,Breakout retest,"breakout, retest, pivot, volume",2869.0,2026-08-21,3.41,0.66,,,,Prior resistance has been cleared on higher volume and price is back near that pivot. This is the kind of retest zone where follow-through can matter more than chasing a stretched candle.,Setup watch: Breakout retest,4.8
JINDALSTEL,Jindal Steel Ltd.,JINDALSTEL.NS,Metals & Mining,True,,NIFTY 500,^CRSLDX,2026-09-30,1134.9,0.43,-3.44,-2.11,1535849.0,748088.0,2.05,1743035030.1,49.73,61.27,False,False,True,True,False,-0.18,0.95,1.09,False,False,False,False,-8.49,0.05141785,0.0483378,6.37,1.08,True,0.6666666666666666,0.0,2.05,2.21,Actionable watch,Possible inverse H&S,"inverse-head-and-shoulders, base, reversal",1148.35,,,1.17,,,1148.35,A possible inverse head-and-shoulders base is visible. The setup improves only if price clears or holds near the neckline with better volume.,Strengthening with volume,4.79
FIVESTAR,Five-Star Business Finance Ltd.,FIVESTAR.NS,Financial Services,True,,NIFTY 500,^CRSLDX,2026-09-30,516.85,3.94,-5.98,-1.52,602120.0,779201.0,0.77,311205722.0,45.82,55.96,False,False,False,True,True,-2.59,-3.44,-0.96,False,False,False,False,4.14,0.02341644,0.02307576,1.48,2.63,True,0.3333333333333333,0.0,0.77,4.7,Actionable watch,Breakout retest,"breakout, retest, pivot, volume, inverse-head-and-shoulders, base, reversal",531.93,2026-09-11,3.81,2.84,,,,Prior resistance has been cleared on higher volume and price is back near that pivot. This is the kind of retest zone where follow-through can matter more than chasing a stretched candle. Secondary patterns: Possible inverse H&S.,Setup watch: Breakout retest,4.73
HSCL,Himadri Speciality Chemical Ltd.,HSCL.NS,Chemicals,True,,NIFTY 500,^CRSLDX,2026-09-30,677.8,1.53,1.51,2.76,2047533.0,2317243.0,0.88,1387817867.4,50.3,45.64,True,True,False,False,True,1.63,-4.13,3.63,False,False,False,False,20.1,0.03070845,0.03067786,0.1,9.24,True,0.6666666666666666,0.0,0.88,0.0,No clear setup,,,,,,,,,,,Neutral / watch,4.7
COHANCE,Cohance Lifesciences Ltd.,COHANCE.NS,Healthcare,True,,NIFTY 500,^CRSLDX,2026-09-30,444.0,-3.04,-3.78,-3.12,1480412.0,1249927.0,1.18,657302928.0,47.39,56.93,False,False,False,True,True,-0.95,-0.29,-2.2,False,False,False,False,-5.35,0.02011589,0.01920599,4.74,3.46,True,0.3333333333333333,0.0,1.18,3.4,Actionable watch,Possible inverse H&S,"inverse-head-and-shoulders, base, reversal",329.7,,,34.67,,,329.7,A possible inverse head-and-shoulders base is visible. The setup improves only if price clears or holds near the neckline with better volume.,Setup watch: Possible inverse H&S,4.68
CGCL,Capri Global Capital Ltd.,CGCL.NS,Financial Services,True,,NIFTY 500,^CRSLDX,2026-09-30,247.45,0.22,-7.87,-3.57,1406907.0,3990521.0,0.35,348139137.15,42.83,58.32,False,False,True,True,True,-6.27,0.11,4.1,False,False,False,False,-11.93,0.01121099,0.01063432,5.42,2.51,True,1.0,0.0,0.35,3.33,Watch,Bullish flag,"flag, continuation, uptrend",279.9,2026-09-04,0.55,,14.46,26.77,,Price has made a sharp impulse move and is now consolidating near the highs. A controlled pullback with quieter volume keeps the continuation setup alive.,Strengthening,4.67
ENRIN,Siemens Energy India Ltd.,ENRIN.NS,Capital Goods,True,,NIFTY 500,^CRSLDX,2026-09-30,3200.0,0.03,-0.45,2.59,666697.0,383960.0,1.74,2133430400.0,47.75,48.74,False,True,False,False,True,0.82,-2.64,0.73,False,False,False,False,4.59,0.14497941,0.14201998,2.08,5.27,True,0.6666666666666666,0.0,1.74,-2.0,Risk review,Head-and-shoulders risk,"head-and-shoulders, risk, distribution",3133.85,,,2.11,,,3133.85,"A possible head-and-shoulders top is forming or breaking. This is a caution signal, not an entry setup.",Risk review,4.65
SHYAMMETL,Shyam Metalics and Energy Ltd.,SHYAMMETL.NS,Capital Goods,True,,NIFTY 500,^CRSLDX,2026-09-30,1065.0,-0.84,-3.69,-0.71,235248.0,531665.0,0.44,250539120.0,49.07,63.78,False,False,True,True,True,-1.29,1.96,3.03,False,False,False,False,-4.8,0.04825096,0.04500379,7.22,3.48,True,1.0,0.0,0.44,0.0,No clear setup,,,,,,,,,,,Strengthening,4.5
AUROPHARMA,Aurobindo Pharma Ltd.,AUROPHARMA.NS,Healthcare,True,,NIFTY 500,^CRSLDX,2026-09-30,1672.0,-1.51,-2.88,1.44,1138610.0,776357.0,1.47,1903755920.0,49.06,59.76,False,False,True,True,True,-0.85,1.71,3.52,False,False,False,False,-8.64,0.07575174,0.07065916,7.21,3.46,True,1.0,0.0,1.47,0.0,No clear setup,,,,,,,,,,,Strengthening,4.49
PPLPHARMA,Piramal Pharma Ltd.,PPLPHARMA.NS,Healthcare,True,,NIFTY 500,^CRSLDX,2026-09-30,206.52,-1.22,-2.0,-3.4,2240520.0,4244366.0,0.53,462712190.4,46.94,51.34,False,False,False,True,True,-2.19,-0.74,2.03,False,False,False,False,-6.87,0.00935661,0.00891904,4.91,2.34,True,0.6666666666666666,0.0,0.53,3.4,Actionable watch,Possible inverse H&S,"inverse-head-and-shoulders, base, reversal",170.59,,,21.06,,,170.59,A possible inverse head-and-shoulders base is visible. The setup improves only if price clears or holds near the neckline with better volume.,Setup watch: Possible inverse H&S,4.46
PAGEIND,Page Industries Ltd.,PAGEIND.NS,Textiles,True,,NIFTY 500,^CRSLDX,2026-09-30,36385.0,-0.53,-2.56,0.51,83553.0,23101.0,3.62,3040075905.0,48.72,57.86,False,True,False,False,True,0.77,-2.16,-0.25,False,False,False,False,17.59,1.64846118,1.61066493,2.35,7.98,True,0.3333333333333333,0.0,3.62,-3.0,Risk review,Head-and-shoulders risk,"head-and-shoulders, risk, distribution",36985.0,,,1.62,,,36985.0,"A possible head-and-shoulders top is forming or breaking. This is a caution signal, not an entry setup.",Risk review,4.45
ELGIEQUIP,Elgi Equipments Ltd.,ELGIEQUIP.NS,Capital Goods,True,,NIFTY 500,^CRSLDX,2026-09-30,608.85,2.35,-0.95,-1.28,316761.0,388515.0,0.82,192859934.85,49.68,51.05,True,False,True,True,True,-0.89,0.6,2.4,False,False,False,False,-6.19,0.0275846,0.02604222,5.92,3.11,True,1.0,0.0,0.82,0.0,No clear setup,,,,,,,,,,,Strengthening,4.42
URBANCO,Urban Company Ltd.,URBANCO.NS,Consumer Services,True,,NIFTY 500,^CRSLDX,2026-09-30,157.48,-3.81,-8.83,-8.36,3304372.0,6000347.0,0.55,520372502.56,42.88,59.85,False,False,True,True,True,-6.65,0.99,3.12,False,False,False,False,-15.91,0.0071348,0.00667229,6.93,0.12,True,1.0,0.0,0.55,5.1,Actionable watch,Breakout retest,"breakout, retest, pivot, volume, flag, continuation, uptrend, inverse-head-and-shoulders, base, reversal",151.3,2026-08-21,5.89,3.01,,,,"Prior resistance has been cleared on higher volume and price is back near that pivot. This is the kind of retest zone where follow-through can matter more than chasing a stretched candle. Secondary patterns: Bullish flag, Possible inverse H&S.",Strengthening,4.42
TITAGARH,Titagarh Rail Systems Ltd.,TITAGARH.NS,Capital Goods,True,,NIFTY 500,^CRSLDX,2026-09-30,818.15,-0.15,-2.84,-0.82,933675.0,696375.0,1.34,763886201.25,43.48,50.23,False,False,False,False,True,-2.71,-2.28,0.56,False,False,False,False,9.59,0.03706716,0.03608307,2.73,6.25,True,0.6666666666666666,0.0,1.34,3.4,Actionable watch,Possible inverse H&S,"inverse-head-and-shoulders, base, reversal",727.83,,,12.41,,,727.83,A possible inverse head-and-shoulders base is visible. The setup improves only if price clears or holds near the neckline with better volume.,Setup watch: Possible inverse H&S,4.39
TECHNOE,Techno Electric & Engineering Company Ltd.,TECHNOE.NS,Construction,True,,NIFTY 500,^CRSLDX,2026-09-30,1008.75,-0.14,-0.33,4.0,133810.0,145488.0,0.92,134980837.5,53.43,55.13,True,True,True,False,False,2.14,1.59,-1.18,False,False,False,False,9.39,0.04570249,0.04287962,6.58,9.13,True,0.3333333333333333,0.0,0.92,-2.0,Risk review,Head-and-shoulders risk,"head-and-shoulders, risk, distribution",980.8,,,2.85,,,980.8,"A possible head-and-shoulders top is forming or breaking. This is a caution signal, not an entry setup.",Risk review,4.2
IRCON,IRCON International Ltd.,IRCON.NS,Construction,True,,NIFTY 500,^CRSLDX,2026-09-30,117.09,14.27,6.32,-0.98,76654100.0,5514077.0,13.9,8975428569.0,56.19,30.52,True,True,False,False,False,5.09,-2.38,-3.15,False,False,False,False,12.34,0.00530489,0.00519206,2.17,4.22,True,0.0,0.0,13.9,-3.0,Risk review,Head-and-shoulders risk,"head-and-shoulders, risk, distribution",122.25,,,4.22,,,122.25,"A possible head-and-shoulders top is forming or breaking. This is a caution signal, not an entry setup.",Risk review,4.19
GAIL,GAIL (India) Ltd.,GAIL.NS,Oil Gas & Consumable Fuels,True,,NIFTY 500,^CRSLDX,2026-09-30,170.55,0.3,-1.39,-1.42,12187561.0,6536433.0,1.86,2078588528.55,43.39,49.06,False,False,False,False,True,-1.42,-1.84,0.11,False,False,False,False,-1.28,0.00772695,0.00748862,3.18,2.08,True,0.6666666666666666,0.0,1.86,2.76,Actionable watch,Possible inverse H&S,"inverse-head-and-shoulders, base, reversal",169.71,,,0.49,,,169.71,A possible inverse head-and-shoulders base is visible. The setup improves only if price clears or holds near the neckline with better volume.,Setup watch: Possible inverse H&S,4.18
BHEL,Bharat Heavy Electricals Ltd.,BHEL.NS,Capital Goods,True,,NIFTY 500,^CRSLDX,2026-09-30,415.5,0.52,-1.8,-2.81,8153812.0,6320353.0,1.29,3387908886.0,46.19,49.26,False,False,False,True,True,-2.02,-0.98,4.32,False,False,False,False,-9.55,0.01882467,0.01807057,4.17,-0.27,True,0.6666666666666666,0.0,1.29,4.41,Actionable watch,Breakout retest,"breakout, retest, pivot, volume",422.26,2026-08-17,1.81,1.6,,,,Prior resistance has been cleared on higher volume and price is back near that pivot. This is the kind of retest zone where follow-through can matter more than chasing a stretched candle.,Setup watch: Breakout retest,4.15
GLENMARK,Glenmark Pharmaceuticals Ltd.,GLENMARK.NS,Healthcare,True,,NIFTY 500,^CRSLDX,2026-09-30,2334.7,-4.37,-5.67,-5.09,1261905.0,544219.0,2.32,2946169603.5,43.46,61.73,False,False,False,True,True,-3.63,-0.89,2.09,False,False,False,False,-12.86,0.10577607,0.10123214,4.49,0.02,True,0.6666666666666666,0.0,2.32,3.81,Actionable watch,Breakout retest,"breakout, retest, pivot, volume, inverse-head-and-shoulders, base, reversal",2270.0,2026-08-24,1.42,2.85,,,,Prior resistance has been cleared on higher volume and price is back near that pivot. This is the kind of retest zone where follow-through can matter more than chasing a stretched candle. Secondary patterns: Possible inverse H&S.,Setup watch: Breakout retest,4.14
BALRAMCHIN,Balrampur Chini Mills Ltd.,BALRAMCHIN.NS,Fast Moving Consumer Goods,True,,NIFTY 500,^CRSLDX,2026-09-30,662.85,-1.49,-2.0,-1.03,1285691.0,2030219.0,0.63,852220279.35,47.08,51.02,False,False,True,True,True,-3.07,0.21,4.69,False,False,False,False,-7.28,0.03003113,0.0284011,5.74,1.55,True,1.0,0.0,0.63,0.0,No clear setup,,,,,,,,,,,Strengthening,4.11
TVSMOTOR,TVS Motor Company Ltd.,TVSMOTOR.NS,Automobile and Auto Components,True,,NIFTY 500,^CRSLDX,2026-09-30,4106.0,0.36,-0.7,-2.24,605529.0,638542.0,0.95,2486302074.0,45.5,46.64,False,False,False,True,True,-0.4,-2.8,1.32,False,False,False,False,0.09,0.1860267,0.18152021,2.48,0.49,True,0.6666666666666666,0.0,0.95,3.4,Actionable watch,Possible inverse H&S,"inverse-head-and-shoulders, base, reversal",3910.25,,,5.01,,,3910.25,A possible inverse head-and-shoulders base is visible. The setup improves only if price clears or holds near the neckline with better volume.,Setup watch: Possible inverse H&S,4.09
TECHM,Tech Mahindra Ltd.,TECHM.NS,Information Technology,True,,NIFTY 500,^CRSLDX,2026-09-30,1524.0,0.89,-2.12,-6.1,2794174.0,1791276.0,1.56,4258321176.0,41.64,47.07,False,False,False,False,True,-1.68,-4.18,-0.16,False,False,False,False,-0.75,0.06904644,0.06852406,0.76,-0.54,True,0.3333333333333333,0.0,1.56,5.1,Actionable watch,Breakout retest,"breakout, retest, pivot, volume, inverse-head-and-shoulders, base, reversal",1495.92,2026-07-17,4.06,1.48,,,,Prior resistance has been cleared on higher volume and price is back near that pivot. This is the kind of retest zone where follow-through can matter more than chasing a stretched candle. Secondary patterns: Possible inverse H&S.,Setup watch: Breakout retest,4.09
RKFORGE,Ramkrishna Forgings Ltd.,RKFORGE.NS,Automobile and Auto Components,True,,NIFTY 500,^CRSLDX,2026-09-30,702.3,-1.73,-1.11,-3.28,529472.0,585831.0,0.9,371848185.6,47.33,50.13,False,False,False,True,True,-1.01,-0.65,3.33,False,False,False,False,-10.47,0.03181845,0.03023976,5.22,0.34,True,0.6666666666666666,0.0,0.9,3.4,Actionable watch,Possible inverse H&S,"inverse-head-and-shoulders, base, reversal",559.27,,,25.57,,,559.27,A possible inverse head-and-shoulders base is visible. The setup improves only if price clears or holds near the neckline with better volume.,Setup watch: Possible inverse H&S,4.06
RITES,RITES Ltd.,RITES.NS,Construction,True,,NIFTY 500,^CRSLDX,2026-09-30,209.05,8.7,2.45,-1.67,50416237.0,2846242.0,17.71,10539514344.85,51.4,34.12,True,True,False,False,False,1.12,-2.61,-1.07,False,False,False,False,0.58,0.00947123,0.00926006,2.28,1.68,True,0.3333333333333333,0.0,17.71,-2.0,Risk review,Head-and-shoulders risk,"head-and-shoulders, risk, distribution, inverse-head-and-shoulders, base, reversal",200.62,,,4.2,,,200.62,"A possible head-and-shoulders top is forming or breaking. This is a caution signal, not an entry setup. Secondary patterns: Possible inverse H&S.",Risk review,4.04
GABRIEL,Gabriel India Ltd.,GABRIEL.NS,Automobile and Auto Components,True,,NIFTY 500,^CRSLDX,2026-09-30,1341.8,2.91,-6.04,-3.11,243468.0,649776.0,0.37,326685362.4,47.56,56.28,False,False,False,True,True,-0.66,-4.31,3.19,False,False,False,False,3.59,0.06079168,0.06061522,0.29,-0.86,True,0.6666666666666666,0.0,0.37,5.1,Actionable watch,Breakout retest,"breakout, retest, pivot, volume, inverse-head-and-shoulders, base, reversal",1288.65,2026-07-15,5.47,1.89,,,,Prior resistance has been cleared on higher volume and price is back near that pivot. This is the kind of retest zone where follow-through can matter more than chasing a stretched candle. Secondary patterns: Possible inverse H&S.,Setup watch: Breakout retest,4.03
HAL,Hindustan Aeronautics Ltd.,HAL.NS,Capital Goods,True,,NIFTY 500,^CRSLDX,2026-09-30,4668.0,2.61,-3.47,-2.34,1233758.0,873946.0,1.41,5759182344.0,42.45,50.34,False,False,False,True,True,-2.99,-3.17,1.0,False,False,False,False,-0.63,0.21148871,0.20731215,2.01,3.29,True,0.6666666666666666,0.0,1.41,3.85,Actionable watch,Breakout retest,"breakout, retest, pivot, volume, inverse-head-and-shoulders, base, reversal",4487.22,2026-07-22,1.5,2.84,,,,Prior resistance has been cleared on higher volume and price is back near that pivot. This is the kind of retest zone where follow-through can matter more than chasing a stretched candle. Secondary patterns: Possible inverse H&S.,Setup watch: Breakout retest,4.01
USHAMART,Usha Martin Ltd.,USHAMART.NS,Capital Goods,True,,NIFTY 500,^CRSLDX,2026-09-30,498.65,-0.05,-6.8,-0.59,808936.0,1125939.0,0.72,403375936.4,46.27,66.28,False,False,False,True,True,-1.48,-0.84,1.47,False,False,False,False,5.7,0.02259187,0.02168993,4.16,6.18,True,0.6666666666666666,0.0,0.72,0.0,No clear setup,,,,,,,,,,,Neutral / watch,4.0
RAILTEL,Railtel Corporation Of India Ltd.,RAILTEL.NS,Telecommunication,True,,NIFTY 500,^CRSLDX,2026-09-30,265.65,2.47,-1.15,-2.17,6564878.0,818744.0,8.02,1743959840.7,48.65,48.84,True,True,False,False,False,1.21,-3.69,-2.3,False,False,False,False,6.47,0.01203556,0.01193946,0.8,2.3,True,0.0,0.0,8.02,0.0,No clear setup,,,,,,,,,,,Neutral / watch,3.96
HFCL,HFCL Ltd.,HFCL.NS,Telecommunication,True,,NIFTY 500,^CRSLDX,2026-09-30,227.02,5.0,4.44,0.33,3383926.0,6345378.0,0.53,768218880.52,53.27,45.31,True,True,True,True,True,1.45,3.09,12.34,False,False,False,False,-28.01,0.01028538,0.00947101,8.6,-3.17,True,1.0,0.0,0.53,0.0,No clear setup,,,,,,,,,,,Neutral / watch,3.87
COALINDIA,Coal India Ltd.,COALINDIA.NS,Oil Gas & Consumable Fuels,True,,NIFTY 500,^CRSLDX,2026-09-30,425.0,0.0,0.11,1.71,7436925.0,8032636.0,0.93,3160693125.0,54.92,55.42,True,True,True,False,False,0.62,2.31,0.91,False,False,False,False,14.37,0.01925508,0.01791768,7.46,12.39,True,0.6666666666666666,0.0,0.93,-3.0,Risk review,Head-and-shoulders risk,"head-and-shoulders, risk, distribution",425.98,,,0.23,,,425.98,"A possible head-and-shoulders top is forming or breaking. This is a caution signal, not an entry setup.",Risk review,3.85
NTPCGREEN,NTPC Green Energy Ltd.,NTPCGREEN.NS,Power,True,,NIFTY 500,^CRSLDX,2026-09-30,93.37,3.76,-2.15,5.96,3214816.0,2894645.0,1.11,300167369.92,57.53,71.16,True,True,True,False,False,3.84,2.63,-0.17,False,False,False,False,10.65,0.00423023,0.00392987,7.64,10.83,True,0.3333333333333333,0.0,1.11,-3.0,Risk review,Head-and-shoulders risk,"head-and-shoulders, risk, distribution",98.2,,,4.92,,,98.2,"A possible head-and-shoulders top is forming or breaking. This is a caution signal, not an entry setup.",Risk review,3.85
KARURVYSYA,Karur Vysya Bank Ltd.,KARURVYSYA.NS,Financial Services,True,,NIFTY 500,^CRSLDX,2026-09-30,324.8,2.09,0.11,-6.29,3398416.0,1669640.0,2.04,1103805516.8,44.48,40.85,False,False,False,True,True,-2.1,-3.48,2.85,False,False,False,False,-2.08,0.01471541,0.01451493,1.38,-0.72,True,0.6666666666666666,0.0,2.04,3.4,Actionable watch,Possible inverse H&S,"inverse-head-and-shoulders, base, reversal",311.82,,,4.16,,,311.82,A possible inverse head-and-shoulders base is visible. The setup improves only if price clears or holds near the neckline with better volume.,Setup watch: Possible inverse H&S,3.85
CUB,City Union Bank Ltd.,CUB.NS,Financial Services,True,,NIFTY 500,^CRSLDX,2026-09-30,226.05,5.18,0.32,-1.98,8157697.0,2528825.0,3.23,1844047406.85,50.68,47.84,True,False,True,True,False,-0.98,1.7,-1.83,False,False,False,False,-8.89,0.01024144,0.00958162,6.89,4.79,True,0.3333333333333333,0.0,3.23,-3.0,Risk review,Head-and-shoulders risk,"head-and-shoulders, risk, distribution, flag, continuation, uptrend",236.16,,,4.28,,,236.16,"A possible head-and-shoulders top is forming or breaking. This is a caution signal, not an entry setup. Secondary patterns: Bullish flag.",Risk review,3.71
CIEINDIA,CIE Automotive India Ltd.,CIEINDIA.NS,Automobile and Auto Components,True,,NIFTY 500,^CRSLDX,2026-09-30,386.3,2.62,0.55,0.34,288927.0,254231.0,1.14,111612500.1,47.01,41.65,False,True,False,False,False,0.62,-2.75,-0.49,False,False,False,False,10.37,0.01750173,0.01727391,1.32,4.95,True,0.0,0.0,1.14,0.0,No clear setup,,,,,,,,,,,Neutral / watch,3.69
MRPL,Mangalore Refinery & Petrochemicals Ltd.,MRPL.NS,Oil Gas & Consumable Fuels,True,,NIFTY 500,^CRSLDX,2026-09-30,169.29,-1.37,1.79,-3.38,30852898.0,12315812.0,2.51,5223087102.42,49.34,44.58,True,False,False,True,True,-0.83,-1.04,1.1,False,False,False,False,6.22,0.00766986,0.00737798,3.96,5.57,True,0.6666666666666666,0.0,2.51,-3.0,Risk review,Head-and-shoulders risk,"head-and-shoulders, risk, distribution, breakout, retest, pivot, volume",176.7,,,4.19,,,176.7,"A possible head-and-shoulders top is forming or breaking. This is a caution signal, not an entry setup. Secondary patterns: Breakout retest.",Risk review,3.66
EIHOTEL,EIH Ltd.,EIHOTEL.NS,Consumer Services,True,,NIFTY 500,^CRSLDX,2026-09-30,301.1,-0.25,-0.02,5.35,1001715.0,429989.0,2.33,301616386.5,51.68,51.17,False,True,False,False,False,1.77,-0.94,-2.36,False,False,False,False,26.51,0.01364166,0.01317833,3.52,13.32,True,0.0,0.0,2.33,-3.0,Risk review,Head-and-shoulders risk,"head-and-shoulders, risk, distribution, breakout, retest, pivot, volume",306.88,,,1.88,,,306.88,"A possible head-and-shoulders top is forming or breaking. This is a caution signal, not an entry setup. Secondary patterns: Breakout retest.",Risk review,3.65
ANTHEM,Anthem Biosciences Ltd.,ANTHEM.NS,Healthcare,True,,NIFTY 500,^CRSLDX,2026-09-30,858.6,-1.28,-2.64,-8.12,189868.0,882585.0,0.22,163020664.8,39.52,42.57,False,False,False,True,True,-6.06,-2.41,3.43,False,False,False,False,-7.09,0.03889979,0.03764729,3.33,2.15,True,0.6666666666666666,0.0,0.22,3.4,Actionable watch,Possible inverse H&S,"inverse-head-and-shoulders, base, reversal",731.67,,,17.35,,,731.67,A possible inverse head-and-shoulders base is visible. The setup improves only if price clears or holds near the neckline with better volume.,Setup watch: Possible inverse H&S,3.62
ONESOURCE,Onesource Specialty Pharma Ltd.,ONESOURCE.NS,Healthcare,True,,NIFTY 500,^CRSLDX,2026-09-30,1521.6,-3.9,-4.7,-1.48,194917.0,439369.0,0.44,296585707.2,40.29,54.83,False,False,False,False,False,-3.47,-3.45,-0.47,False,False,False,False,7.61,0.06893771,0.06802958,1.33,6.42,True,0.3333333333333333,0.0,0.44,3.46,Watch,Breakout retest,"breakout, retest, pivot, volume",1539.7,2026-06-29,1.52,1.18,,,,Prior resistance has been cleared on higher volume and price is back near that pivot. This is the kind of retest zone where follow-through can matter more than chasing a stretched candle.,Setup watch: Breakout retest,3.61
KAYNES,Kaynes Technology India Ltd.,KAYNES.NS,Capital Goods,True,,NIFTY 500,^CRSLDX,2026-09-30,3501.0,-0.3,1.24,-2.29,720015.0,1070911.0,0.67,2520772515.0,46.01,43.42,False,False,False,True,False,-0.86,-3.79,-2.59,False,False,False,False,2.64,0.15861653,0.15638498,1.43,0.94,True,0.3333333333333333,0.0,0.67,5.1,Actionable watch,Breakout retest,"breakout, retest, pivot, volume",3413.5,2026-07-29,5.92,2.56,,,,Prior resistance has been cleared on higher volume and price is back near that pivot. This is the kind of retest zone where follow-through can matter more than chasing a stretched candle.,Setup watch: Breakout retest,3.59
MEDANTA,Global Health Ltd.,MEDANTA.NS,Healthcare,True,,NIFTY 500,^CRSLDX,2026-09-30,1365.0,-3.54,-8.76,-5.53,457701.0,251482.0,1.82,624761865.0,38.1,57.87,False,False,False,True,True,-5.95,-5.07,2.24,False,False,False,False,-5.94,0.06184278,0.06181839,0.04,-1.99,True,0.6666666666666666,0.0,1.82,3.4,Actionable watch,Possible inverse H&S,"inverse-head-and-shoulders, base, reversal",1210.6,,,12.75,,,1210.6,A possible inverse head-and-shoulders base is visible. The setup improves only if price clears or holds near the neckline with better volume.,Setup watch: Possible inverse H&S,3.59
VIJAYA,Vijaya Diagnostic Centre Ltd.,VIJAYA.NS,Healthcare,True,,NIFTY 500,^CRSLDX,2026-09-30,1437.7,-2.53,-8.47,-2.93,71365.0,139755.0,0.51,102601460.5,42.05,62.47,False,False,False,True,True,-4.3,-1.48,4.31,False,False,False,False,-13.23,0.06513653,0.062638,3.99,0.6,True,0.6666666666666666,0.0,0.51,5.1,Actionable watch,Breakout retest,"breakout, retest, pivot, volume",1418.18,2026-08-12,6.55,1.19,,,,Prior resistance has been cleared on higher volume and price is back near that pivot. This is the kind of retest zone where follow-through can matter more than chasing a stretched candle.,Setup watch: Breakout retest,3.52
DEEPAKFERT,Deepak Fertilisers & Petrochemicals Corp. Ltd.,DEEPAKFERT.NS,Chemicals,True,,NIFTY 500,^CRSLDX,2026-09-30,1351.0,3.22,-2.54,-4.64,520150.0,248141.0,2.1,702722650.0,45.99,49.6,True,True,False,False,True,0.68,-6.45,0.58,False,False,False,False,11.4,0.06120849,0.06270137,-2.38,2.02,False,0.6666666666666666,0.0,2.1,0.0,No clear setup,,,,,,,,,,,Neutral / watch,3.5
RADICO,Radico Khaitan Ltd,RADICO.NS,Fast Moving Consumer Goods,True,,NIFTY 500,^CRSLDX,2026-09-30,4366.0,0.05,-5.13,-2.46,387850.0,230711.0,1.68,1693353100.0,44.45,58.12,False,False,False,True,True,-2.01,-2.6,3.68,False,False,False,False,1.33,0.19780628,0.1926811,2.66,3.43,True,0.6666666666666666,0.0,1.68,0.0,No clear setup,,,,,,,,,,,Neutral / watch,3.49
OBEROIRLTY,Oberoi Realty Ltd.,OBEROIRLTY.NS,Realty,True,,NIFTY 500,^CRSLDX,2026-09-30,1765.7,0.16,-4.56,-5.38,573434.0,506307.0,1.13,1012512413.8,43.37,55.38,False,False,False,False,True,-1.92,-3.29,0.93,False,False,False,False,-1.45,0.07999692,0.07894207,1.34,0.43,True,0.6666666666666666,0.0,1.13,4.88,Actionable watch,Breakout retest,"breakout, retest, pivot, volume",1731.5,2026-06-30,1.95,1.16,,,,Prior resistance has been cleared on higher volume and price is back near that pivot. This is the kind of retest zone where follow-through can matter more than chasing a stretched candle.,Setup watch: Breakout retest,3.49
RRKABEL,R R Kabel Ltd.,RRKABEL.NS,Capital Goods,True,,NIFTY 500,^CRSLDX,2026-09-30,2518.6,-0.18,1.69,-4.25,254650.0,505075.0,0.5,641361490.0,49.05,44.64,True,True,False,True,True,2.48,-4.1,5.6,False,False,False,False,-21.56,0.11410786,0.11304371,0.94,-8.62,True,0.6666666666666666,0.0,0.5,3.4,Actionable watch,Possible inverse H&S,"inverse-head-and-shoulders, base, reversal",1549.1,,,62.58,,,1549.1,A possible inverse head-and-shoulders base is visible. The setup improves only if price clears or holds near the neckline with better volume.,Setup watch: Possible inverse H&S,3.49
JKCEMENT,J.K. Cement Ltd.,JKCEMENT.NS,Construction Materials,True,,NIFTY 500,^CRSLDX,2026-09-30,5076.0,5.21,-0.18,1.94,106778.0,46454.0,2.3,542005128.0,50.77,50.29,True,True,False,False,False,1.86,-2.73,-1.17,False,False,False,False,11.42,0.22997359,0.22637884,1.59,5.06,True,0.0,0.0,2.3,-3.0,Risk review,Head-and-shoulders risk,"head-and-shoulders, risk, distribution",5093.0,,,0.33,,,5093.0,"A possible head-and-shoulders top is forming or breaking. This is a caution signal, not an entry setup.",Risk review,3.46
NAVINFLUOR,Navin Fluorine International Ltd.,NAVINFLUOR.NS,Chemicals,True,,NIFTY 500,^CRSLDX,2026-09-30,8245.0,0.13,-2.51,-3.48,161189.0,123546.0,1.3,1329003305.0,44.82,52.07,False,False,False,True,True,-2.82,-0.09,3.87,False,False,False,False,-15.59,0.37354851,0.35473677,5.3,0.97,True,0.6666666666666666,0.0,1.3,3.4,Actionable watch,Possible inverse H&S,"inverse-head-and-shoulders, base, reversal",6933.0,,,18.92,,,6933.0,A possible inverse head-and-shoulders base is visible. The setup improves only if price clears or holds near the neckline with better volume.,Setup watch: Possible inverse H&S,3.38
SUPREMEIND,Supreme Industries Ltd.,SUPREMEIND.NS,Capital Goods,True,,NIFTY 500,^CRSLDX,2026-09-30,3451.0,0.15,-1.32,-2.25,139486.0,158473.0,0.88,481366186.0,48.09,51.08,False,False,False,False,False,-0.34,-1.33,0.36,False,False,False,False,0.68,0.15635123,0.15084407,3.65,3.02,True,0.3333333333333333,0.0,0.88,2.2,Watch,Possible inverse H&S,"inverse-head-and-shoulders, base, reversal",3657.15,,,5.64,,,3657.15,A possible inverse head-and-shoulders base is visible. The setup improves only if price clears or holds near the neckline with better volume.,Setup watch: Possible inverse H&S,3.37
TORNTPHARM,Torrent Pharmaceuticals Ltd.,TORNTPHARM.NS,Healthcare,True,,NIFTY 500,^CRSLDX,2026-09-30,4800.0,-1.92,-3.71,-4.23,397999.0,352391.0,1.13,1910395200.0,42.59,54.29,False,False,False,True,True,-2.22,-2.83,2.61,False,False,False,False,-1.16,0.21746911,0.21306701,2.07,0.67,True,0.6666666666666666,0.0,1.13,3.4,Actionable watch,Possible inverse H&S,"inverse-head-and-shoulders, base, reversal",4519.0,,,6.22,,,4519.0,A possible inverse head-and-shoulders base is visible. The setup improves only if price clears or holds near the neckline with better volume.,Setup watch: Possible inverse H&S,3.32
IDFCFIRSTB,IDFC First Bank Ltd.,IDFCFIRSTB.NS,Financial Services,True,,NIFTY 500,^CRSLDX,2026-09-30,81.44,2.49,-7.35,-4.29,23332019.0,23296274.0,1.0,1900159627.36,40.69,60.69,False,False,False,True,True,-4.33,-4.17,0.39,False,False,False,False,-0.82,0.00368973,0.00365387,0.98,0.65,True,0.6666666666666666,0.0,1.0,3.4,Actionable watch,Possible inverse H&S,"inverse-head-and-shoulders, base, reversal",71.98,,,13.14,,,71.98,A possible inverse head-and-shoulders base is visible. The setup improves only if price clears or holds near the neckline with better volume.,Setup watch: Possible inverse H&S,3.32
CLEAN,Clean Science and Technology Ltd.,CLEAN.NS,Chemicals,True,,NIFTY 500,^CRSLDX,2026-09-30,794.35,2.4,-5.05,-7.97,245660.0,344130.0,0.71,195140021.0,42.83,53.17,False,False,False,True,True,-3.84,-1.67,-0.93,False,False,False,False,-6.74,0.03598887,0.03466581,3.82,2.56,True,0.3333333333333333,0.0,0.71,2.2,Watch,Possible inverse H&S,"inverse-head-and-shoulders, base, reversal",843.45,,,5.82,,,843.45,A possible inverse head-and-shoulders base is visible. The setup improves only if price clears or holds near the neckline with better volume.,Setup watch: Possible inverse H&S,3.28
ANANDRATHI,Anand Rathi Wealth Ltd.,ANANDRATHI.NS,Financial Services,True,,NIFTY 500,^CRSLDX,2026-09-30,2120.0,0.92,-2.27,-3.56,552945.0,352018.0,1.57,1172243400.0,40.56,46.58,False,False,False,True,True,-3.03,-1.52,4.12,False,False,False,False,-6.49,0.09604886,0.09257783,3.75,2.19,True,0.6666666666666666,0.0,1.57,0.0,No clear setup,,,,,,,,,,,Neutral / watch,3.24
BLUESTARCO,Blue Star Ltd.,BLUESTARCO.NS,Consumer Durables,True,,NIFTY 500,^CRSLDX,2026-09-30,1518.0,-0.75,-0.95,5.03,615606.0,732775.0,0.84,934489908.0,48.22,51.15,False,False,False,False,False,-0.2,-1.57,-1.45,False,False,False,False,24.25,0.06877461,0.0667327,3.06,10.18,True,0.0,0.0,0.84,0.0,No clear setup,,,,,,,,,,,Neutral / watch,3.2
HEG,H.E.G. Ltd.,HEG.NS,Capital Goods,False,Quote date 2026-09-21 did not match aligned market session 2026-09-30,NIFTY 500,^CRSLDX,2026-09-21,248.5,4.83,4.76,-8.01,1813114.0,3134316.0,0.58,450558829.0,49.89,36.14,True,False,False,True,True,-2.41,-0.58,2.73,False,False,False,False,-15.5,0.01087049,0.01067312,1.85,-3.95,True,0.6666666666666666,0.0,0.58,3.4,Actionable watch,Possible inverse H&S,"inverse-head-and-shoulders, base, reversal",241.08,,,3.08,,,241.08,A possible inverse head-and-shoulders base is visible. The setup improves only if price clears or holds near the neckline with better volume.,Setup watch: Possible inverse H&S,3.2
JSWSTEEL,JSW Steel Ltd.,JSWSTEEL.NS,Metals & Mining,True,,NIFTY 500,^CRSLDX,2026-09-30,1253.4,-1.49,-3.42,-4.03,1329600.0,1370347.0,0.97,1666520640.0,43.16,53.83,False,False,False,False,True,-1.91,-2.53,1.3,False,False,False,False,-0.88,0.05678662,0.05543508,2.44,1.83,True,0.6666666666666666,0.0,0.97,2.2,Watch,Possible inverse H&S,"inverse-head-and-shoulders, base, reversal",1295.75,,,3.27,,,1295.75,A possible inverse head-and-shoulders base is visible. The setup improves only if price clears or holds near the neckline with better volume.,Setup watch: Possible inverse H&S,3.14
DEVYANI,Devyani International Ltd.,DEVYANI.NS,Consumer Services,True,,NIFTY 500,^CRSLDX,2026-09-30,130.29,-0.33,-7.01,-5.63,1090016.0,1752987.0,0.62,142018184.64,37.5,53.76,False,False,False,True,True,-5.16,-3.35,0.21,False,False,False,False,-20.89,0.00590293,0.00576307,2.43,-0.25,True,0.6666666666666666,0.0,0.62,3.4,Actionable watch,Possible inverse H&S,"inverse-head-and-shoulders, base, reversal",122.16,,,6.65,,,122.16,A possible inverse head-and-shoulders base is visible. The setup improves only if price clears or holds near the neckline with better volume.,Setup watch: Possible inverse H&S,3.14
FLUOROCHEM,Gujarat Fluorochemicals Ltd.,FLUOROCHEM.NS,Chemicals,True,,NIFTY 500,^CRSLDX,2026-09-30,4405.3,-0.02,-1.59,-6.82,68354.0,124941.0,0.55,301119876.2,38.87,42.8,False,False,False,True,True,-3.64,-4.02,2.95,False,False,False,False,-6.54,0.19958681,0.1976046,1.0,-0.28,True,0.6666666666666666,0.0,0.55,3.4,Actionable watch,Possible inverse H&S,"inverse-head-and-shoulders, base, reversal",3481.05,,,26.55,,,3481.05,A possible inverse head-and-shoulders base is visible. The setup improves only if price clears or holds near the neckline with better volume.,Setup watch: Possible inverse H&S,3.13
SCHNEIDER,Schneider Electric Infrastructure Ltd.,SCHNEIDER.NS,Capital Goods,True,,NIFTY 500,^CRSLDX,2026-09-30,1203.4,0.9,-3.22,2.9,249878.0,224435.0,1.11,300703185.2,46.69,52.11,False,False,False,False,True,-0.55,-4.36,4.63,False,False,False,False,12.93,0.05452132,0.05443139,0.17,4.87,True,0.6666666666666666,0.0,1.11,-2.0,Risk review,Head-and-shoulders risk,"head-and-shoulders, risk, distribution",1154.6,,,4.23,,,1154.6,"A possible head-and-shoulders top is forming or breaking. This is a caution signal, not an entry setup.",Risk review,3.07
CRISIL,CRISIL Ltd.,CRISIL.NS,Financial Services,True,,NIFTY 500,^CRSLDX,2026-09-30,4450.8,-0.3,-3.37,-5.34,36918.0,51336.0,0.72,164314634.4,41.5,49.96,False,False,False,True,True,-3.85,-2.47,0.54,False,False,False,False,-12.54,0.20164823,0.19623906,2.76,-1.93,True,0.6666666666666666,0.0,0.72,4.7,Actionable watch,Breakout retest,"breakout, retest, pivot, volume, inverse-head-and-shoulders, base, reversal",4565.07,2026-08-27,4.26,2.5,,,,Prior resistance has been cleared on higher volume and price is back near that pivot. This is the kind of retest zone where follow-through can matter more than chasing a stretched candle. Secondary patterns: Possible inverse H&S.,Setup watch: Breakout retest,3.01
POLYMED,Poly Medicure Ltd.,POLYMED.NS,Healthcare,True,,NIFTY 500,^CRSLDX,2026-09-30,1673.8,1.77,-3.06,-6.17,118032.0,111358.0,1.06,197561961.6,43.74,50.31,False,False,False,True,True,-2.19,-2.99,-1.04,False,False,False,False,-2.3,0.07583329,0.07426556,2.11,1.06,True,0.3333333333333333,0.0,1.06,2.2,Watch,Possible inverse H&S,"inverse-head-and-shoulders, base, reversal",1743.5,,,4.0,,,1743.5,A possible inverse head-and-shoulders base is visible. The setup improves only if price clears or holds near the neckline with better volume.,Setup watch: Possible inverse H&S,2.98
CRAFTSMAN,Craftsman Automation Ltd.,CRAFTSMAN.NS,Automobile and Auto Components,True,,NIFTY 500,^CRSLDX,2026-09-30,10417.0,-0.84,-4.47,-5.29,46075.0,53517.0,0.86,479963275.0,40.28,48.87,False,False,False,True,True,-6.13,-2.3,4.89,False,False,False,False,-11.12,0.47195328,0.45612243,3.47,-1.17,True,0.6666666666666666,0.0,0.86,3.4,Actionable watch,Possible inverse H&S,"inverse-head-and-shoulders, base, reversal",8979.0,,,16.02,,,8979.0,A possible inverse head-and-shoulders base is visible. The setup improves only if price clears or holds near the neckline with better volume.,Setup watch: Possible inverse H&S,2.96
ADANIGREEN,Adani Green Energy Ltd.,ADANIGREEN.NS,Power,True,,NIFTY 500,^CRSLDX,2026-09-30,1278.0,1.43,-1.76,-1.39,1452231.0,1189699.0,1.22,1855951218.0,46.89,48.58,False,False,False,False,True,-0.67,-3.1,2.27,False,False,False,False,23.36,0.05790115,0.05722577,1.18,11.76,True,0.6666666666666666,0.0,1.22,-3.0,Risk review,Head-and-shoulders risk,"head-and-shoulders, risk, distribution",1331.2,,,4.0,,,1331.2,"A possible head-and-shoulders top is forming or breaking. This is a caution signal, not an entry setup.",Risk review,2.95
ADANIPOWER,Adani Power Ltd.,ADANIPOWER.NS,Power,True,,NIFTY 500,^CRSLDX,2026-09-30,204.0,3.92,-0.39,-1.78,21070859.0,16887170.0,1.25,4298455236.0,48.62,45.88,True,False,False,False,True,-0.74,-1.48,3.38,False,False,False,False,15.4,0.00924244,0.00894347,3.34,9.46,True,0.6666666666666666,0.0,1.25,-3.0,Risk review,Head-and-shoulders risk,"head-and-shoulders, risk, distribution",211.42,,,3.51,,,211.42,"A possible head-and-shoulders top is forming or breaking. This is a caution signal, not an entry setup.",Risk review,2.95
NAVA,Nava Ltd.,NAVA.NS,Power,True,,NIFTY 500,^CRSLDX,2026-09-30,559.35,2.45,1.03,-0.25,374867.0,251147.0,1.49,209681856.45,51.8,47.14,True,True,False,False,False,1.1,-0.33,0.06,False,False,False,False,5.17,0.02534195,0.02423414,4.57,4.61,True,0.3333333333333333,0.0,1.49,-2.0,Risk review,Head-and-shoulders risk,"head-and-shoulders, risk, distribution",546.48,,,2.36,,,546.48,"A possible head-and-shoulders top is forming or breaking. This is a caution signal, not an entry setup.",Risk review,2.92
TIMKEN,Timken India Ltd.,TIMKEN.NS,Capital Goods,True,,NIFTY 500,^CRSLDX,2026-09-30,3136.0,1.61,-4.62,0.05,76082.0,41485.0,1.83,238593152.0,46.14,56.89,False,False,False,False,False,-1.52,-1.65,0.32,False,False,False,False,6.38,0.14207982,0.13713907,3.6,5.79,True,0.3333333333333333,0.0,1.83,-3.0,Risk review,Head-and-shoulders risk,"head-and-shoulders, risk, distribution",3210.0,,,2.31,,,3210.0,"A possible head-and-shoulders top is forming or breaking. This is a caution signal, not an entry setup.",Risk review,2.91
NEULANDLAB,Neuland Laboratories Ltd.,NEULANDLAB.NS,Healthcare,True,,NIFTY 500,^CRSLDX,2026-09-30,21350.0,-0.12,-5.07,-7.01,51295.0,47247.0,1.09,1095148250.0,36.04,47.76,False,False,False,True,True,-5.7,-3.43,3.92,False,False,False,False,-20.13,0.96728449,0.94501258,2.36,-1.42,True,0.6666666666666666,0.0,1.09,3.4,Actionable watch,Possible inverse H&S,"inverse-head-and-shoulders, base, reversal",14830.5,,,43.96,,,14830.5,A possible inverse head-and-shoulders base is visible. The setup improves only if price clears or holds near the neckline with better volume.,Setup watch: Possible inverse H&S,2.91
JUBLINGREA,Jubilant Ingrevia Ltd.,JUBLINGREA.NS,Chemicals,True,,NIFTY 500,^CRSLDX,2026-09-30,653.2,2.21,1.91,-4.45,605507.0,308218.0,1.96,395517172.4,46.89,38.81,True,True,False,False,False,0.32,-5.98,-0.66,False,False,False,False,12.39,0.02959392,0.03010118,-1.69,2.83,False,0.3333333333333333,0.0,1.96,0.0,No clear setup,,,,,,,,,,,Neutral / watch,2.87
JAINREC,Jain Resource Recycling Ltd.,JAINREC.NS,Metals & Mining,True,,NIFTY 500,^CRSLDX,2026-09-30,292.35,1.63,-3.5,3.62,924581.0,1907726.0,0.48,270301255.35,51.81,58.4,True,True,False,False,False,2.6,-2.32,-2.82,False,False,False,False,31.98,0.01324523,0.01298238,2.02,12.21,True,0.0,0.0,0.48,-3.0,Risk review,Head-and-shoulders risk,"head-and-shoulders, risk, distribution",350.35,,,16.55,,,350.35,"A possible head-and-shoulders top is forming or breaking. This is a caution signal, not an entry setup.",Risk review,2.85
EMAMILTD,Emami Ltd.,EMAMILTD.NS,Fast Moving Consumer Goods,True,,NIFTY 500,^CRSLDX,2026-09-30,379.05,-0.52,-3.17,2.99,1943040.0,2641783.0,0.74,736509312.0,47.26,56.6,False,True,False,False,False,0.93,-2.82,-3.4,False,False,False,False,19.63,0.01717326,0.01686901,1.8,10.64,True,0.0,0.0,0.74,-3.0,Risk review,Head-and-shoulders risk,"head-and-shoulders, risk, distribution",385.3,,,1.62,,,385.3,"A possible head-and-shoulders top is forming or breaking. This is a caution signal, not an entry setup.",Risk review,2.85
ETERNAL,Eternal Ltd.,ETERNAL.NS,Consumer Services,True,,NIFTY 500,^CRSLDX,2026-09-30,320.0,-2.39,-6.61,-2.23,28850208.0,19461186.0,1.48,9232066560.0,44.24,72.12,False,False,False,True,True,-2.01,-0.03,1.28,False,False,False,False,-3.64,0.01449794,0.01373751,5.54,3.62,True,0.6666666666666666,0.0,1.48,0.0,No clear setup,,,,,,,,,,,Neutral / watch,2.72
LINDEINDIA,Linde India Ltd.,LINDEINDIA.NS,Chemicals,True,,NIFTY 500,^CRSLDX,2026-09-30,6323.0,1.99,0.59,-0.46,28491.0,23218.0,1.23,180148593.0,49.07,42.27,True,True,False,False,False,1.21,-3.29,0.48,False,False,False,False,12.35,0.28647025,0.28288151,1.27,5.2,True,0.3333333333333333,0.0,1.23,-3.0,Risk review,Head-and-shoulders risk,"head-and-shoulders, risk, distribution",6405.25,,,1.28,,,6405.25,"A possible head-and-shoulders top is forming or breaking. This is a caution signal, not an entry setup.",Risk review,2.69
CHALET,Chalet Hotels Ltd.,CHALET.NS,Consumer Services,True,,NIFTY 500,^CRSLDX,2026-09-30,845.2,0.53,-4.39,-5.87,132305.0,172431.0,0.77,111824186.0,42.3,55.75,False,False,False,True,True,-3.18,-1.73,-0.15,False,False,False,False,-12.35,0.03829269,0.03701383,3.46,-0.66,True,0.3333333333333333,0.0,0.77,2.33,Actionable watch,Possible inverse H&S,"inverse-head-and-shoulders, base, reversal",852.02,,,0.8,,,852.02,A possible inverse head-and-shoulders base is visible. The setup improves only if price clears or holds near the neckline with better volume.,Setup watch: Possible inverse H&S,2.68
JSWDULUX,JSW Dulux Ltd.,JSWDULUX.NS,Consumer Durables,True,,NIFTY 500,^CRSLDX,2026-09-30,3079.0,1.47,-2.59,-2.66,14235.0,36890.0,0.39,43829565.0,45.0,53.91,False,False,False,False,,-2.14,-0.57,,False,False,False,False,-3.14,0.13949737,0.13323062,4.7,3.37,True,0.0,0.0,0.39,0.0,No clear setup,,,,,,,,,,,Neutral / watch,2.67
PERSISTENT,Persistent Systems Ltd.,PERSISTENT.NS,Information Technology,True,,NIFTY 500,^CRSLDX,2026-09-30,5279.0,2.27,0.74,-7.22,611251.0,416566.0,1.47,3226794029.0,43.12,36.91,False,False,False,True,False,-2.82,-3.89,-1.7,False,False,False,False,-1.61,0.23917072,0.23601458,1.34,0.25,True,0.3333333333333333,0.0,1.47,4.63,Actionable watch,Breakout retest,"breakout, retest, pivot, volume, inverse-head-and-shoulders, base, reversal",5180.75,2026-09-30,1.47,0.37,,,,Prior resistance has been cleared on higher volume and price is back near that pivot. This is the kind of retest zone where follow-through can matter more than chasing a stretched candle. Secondary patterns: Possible inverse H&S.,Setup watch: Breakout retest,2.65
IOC,Indian Oil Corporation Ltd.,IOC.NS,Oil Gas & Consumable Fuels,True,,NIFTY 500,^CRSLDX,2026-09-30,134.93,2.74,-2.33,-1.51,9545086.0,7657110.0,1.25,1287918453.98,47.1,53.95,False,False,False,False,False,-0.34,-2.18,-1.87,False,False,False,False,4.76,0.00611315,0.00595782,2.61,3.04,True,0.0,0.0,1.25,0.0,No clear setup,,,,,,,,,,,Neutral / watch,2.61
ZYDUSWELL,Zydus Wellness Ltd.,ZYDUSWELL.NS,Fast Moving Consumer Goods,True,,NIFTY 500,^CRSLDX,2026-09-30,512.8,1.32,-3.43,-4.08,258147.0,593641.0,0.43,132377781.6,41.96,47.28,False,False,False,False,True,-4.54,-3.8,2.36,False,False,False,False,6.56,0.02323295,0.02302594,0.9,2.72,True,0.6666666666666666,0.0,0.43,0.0,No clear setup,,,,,,,,,,,Neutral / watch,2.54
POONAWALLA,Poonawalla Fincorp Ltd.,POONAWALLA.NS,Financial Services,True,,NIFTY 500,^CRSLDX,2026-09-30,443.85,0.19,-7.31,-3.44,687449.0,1288157.0,0.53,305124238.65,41.76,58.06,False,False,False,False,True,-2.43,-5.4,-0.1,False,False,False,False,1.91,0.0201091,0.0202566,-0.73,1.67,False,0.3333333333333333,0.0,0.53,4.59,Actionable watch,Breakout retest,"breakout, retest, pivot, volume",431.67,2026-06-25,1.39,2.44,,,,Prior resistance has been cleared on higher volume and price is back near that pivot. This is the kind of retest zone where follow-through can matter more than chasing a stretched candle.,Setup watch: Breakout retest,2.53
AUBANK,AU Small Finance Bank Ltd.,AUBANK.NS,Financial Services,True,,NIFTY 500,^CRSLDX,2026-09-30,1010.3,0.51,-4.06,-6.27,1358165.0,1255925.0,1.08,1372154099.5,41.43,48.2,False,False,False,False,True,-2.91,-4.57,0.72,False,False,False,False,-5.19,0.04577272,0.04551416,0.57,-1.18,True,0.6666666666666666,0.0,1.08,2.2,Actionable watch,Possible inverse H&S,"inverse-head-and-shoulders, base, reversal",1029.85,,,1.9,,,1029.85,A possible inverse head-and-shoulders base is visible. The setup improves only if price clears or holds near the neckline with better volume.,Setup watch: Possible inverse H&S,2.53
PWL,Physicswallah Ltd.,PWL.NS,Consumer Services,True,,NIFTY 500,^CRSLDX,2026-09-30,123.48,-1.33,-9.28,6.94,5681880.0,14435310.0,0.39,701598542.4,43.38,60.21,False,False,False,True,True,-5.06,-2.03,-0.32,False,False,False,False,19.14,0.00559439,0.00543189,2.99,12.8,True,0.3333333333333333,0.0,0.39,-2.0,Risk review,Head-and-shoulders risk,"head-and-shoulders, risk, distribution, inverse-head-and-shoulders, base, reversal",120.87,,,2.16,,,120.87,"A possible head-and-shoulders top is forming or breaking. This is a caution signal, not an entry setup. Secondary patterns: Possible inverse H&S.",Risk review,2.5
GLAXO,Glaxosmithkline Pharmaceuticals Ltd.,GLAXO.NS,Healthcare,True,,NIFTY 500,^CRSLDX,2026-09-30,2769.3,-0.52,-3.74,-6.12,45801.0,77457.0,0.59,126836709.3,42.81,53.24,False,False,False,True,True,-3.16,-1.19,1.27,False,False,False,False,-19.83,0.12546609,0.12027915,4.31,-3.54,True,0.6666666666666666,0.0,0.59,3.4,Actionable watch,Possible inverse H&S,"inverse-head-and-shoulders, base, reversal",2676.4,,,3.47,,,2676.4,A possible inverse head-and-shoulders base is visible. The setup improves only if price clears or holds near the neckline with better volume.,Setup watch: Possible inverse H&S,2.48
BAJAJHLDNG,Bajaj Holdings & Investment Ltd.,BAJAJHLDNG.NS,Financial Services,True,,NIFTY 500,^CRSLDX,2026-09-30,10788.0,1.77,-5.77,-2.81,40117.0,44797.0,0.9,432782196.0,43.33,57.0,False,False,False,False,True,-2.41,-3.6,-0.08,False,False,False,False,-3.46,0.48876183,0.48088513,1.64,-1.57,True,0.3333333333333333,0.0,0.9,2.2,Watch,Possible inverse H&S,"inverse-head-and-shoulders, base, reversal",11107.5,,,2.88,,,11107.5,A possible inverse head-and-shoulders base is visible. The setup improves only if price clears or holds near the neckline with better volume.,Setup watch: Possible inverse H&S,2.46
JINDALSAW,Jindal Saw Ltd.,JINDALSAW.NS,Capital Goods,True,,NIFTY 500,^CRSLDX,2026-09-30,277.7,0.0,-5.09,-10.17,1224272.0,1685844.0,0.73,339980334.4,41.69,49.63,False,False,False,True,True,-6.02,-2.01,6.12,False,False,False,False,-25.93,0.01258149,0.01215175,3.54,-4.72,True,0.6666666666666666,0.0,0.73,4.7,Actionable watch,Breakout retest,"breakout, retest, pivot, volume",279.98,2026-08-21,16.46,0.81,,,,Prior resistance has been cleared on higher volume and price is back near that pivot. This is the kind of retest zone where follow-through can matter more than chasing a stretched candle.,Setup watch: Breakout retest,2.46
SAPPHIRE,Sapphire Foods India Ltd.,SAPPHIRE.NS,Consumer Services,True,,NIFTY 500,^CRSLDX,2026-09-30,212.08,0.49,-8.38,-7.07,448922.0,867103.0,0.52,95207377.76,37.43,53.84,False,False,False,True,True,-6.17,-4.33,-0.76,False,False,False,False,-30.79,0.00960851,0.00947809,1.38,-3.88,True,0.3333333333333333,0.0,0.52,3.4,Actionable watch,Possible inverse H&S,"inverse-head-and-shoulders, base, reversal",206.41,,,2.75,,,206.41,A possible inverse head-and-shoulders base is visible. The setup improves only if price clears or holds near the neckline with better volume.,Setup watch: Possible inverse H&S,2.41
ITC,ITC Ltd.,ITC.NS,Fast Moving Consumer Goods,True,,NIFTY 500,^CRSLDX,2026-09-30,262.75,-0.89,-2.74,-1.33,14079098.0,11267365.0,1.25,3699282999.5,44.06,54.5,False,False,False,False,False,-0.43,-3.26,-4.43,False,False,False,False,18.9,0.01190417,0.0117381,1.41,9.26,True,0.0,0.0,1.25,0.0,No clear setup,,,,,,,,,,,Neutral / watch,2.4
CENTRALBK,Central Bank of India,CENTRALBK.NS,Financial Services,True,,NIFTY 500,^CRSLDX,2026-09-30,30.46,1.4,-3.7,0.3,4973027.0,7178712.0,0.69,151478402.42,44.31,59.52,False,False,False,False,False,-1.36,-1.64,-1.76,False,False,False,False,9.59,0.00138002,0.00133605,3.29,7.09,True,0.0,0.0,0.69,0.0,No clear setup,,,,,,,,,,,Neutral / watch,2.4
ECLERX,eClerx Services Ltd.,ECLERX.NS,Services,True,,NIFTY 500,^CRSLDX,2026-09-30,1819.9,2.84,-5.42,-9.21,177436.0,158338.0,1.12,322915776.4,42.66,52.85,False,False,False,True,True,-4.27,-3.54,-2.3,False,False,False,False,-6.58,0.08245251,0.08136507,1.34,-2.19,True,0.3333333333333333,0.0,1.12,2.35,Actionable watch,Possible inverse H&S,"inverse-head-and-shoulders, base, reversal",1833.75,,,0.76,,,1833.75,A possible inverse head-and-shoulders base is visible. The setup improves only if price clears or holds near the neckline with better volume.,Setup watch: Possible inverse H&S,2.38
DMART,Avenue Supermarts Ltd.,DMART.NS,Consumer Services,True,,NIFTY 500,^CRSLDX,2026-09-30,3801.4,1.37,-0.87,-0.31,620771.0,464378.0,1.34,2359798879.4,49.87,53.34,True,True,False,False,False,1.35,-1.71,-0.31,False,False,False,False,4.96,0.17222648,0.16712477,3.05,3.56,True,0.0,0.0,1.34,-3.0,Risk review,Head-and-shoulders risk,"head-and-shoulders, risk, distribution",3809.4,,,0.21,,,3809.4,"A possible head-and-shoulders top is forming or breaking. This is a caution signal, not an entry setup.",Risk review,2.36
MGL,Mahanagar Gas Ltd.,MGL.NS,Oil Gas & Consumable Fuels,True,,NIFTY 500,^CRSLDX,2026-09-30,1058.0,0.71,-3.18,-0.68,217105.0,135675.0,1.6,229697090.0,42.53,50.73,False,False,False,False,False,-1.87,-3.53,-0.63,False,False,False,False,7.84,0.04793382,0.04725023,1.45,5.12,True,0.3333333333333333,0.0,1.6,-2.0,Risk review,Head-and-shoulders risk,"head-and-shoulders, risk, distribution",1044.2,,,1.32,,,1044.2,"A possible head-and-shoulders top is forming or breaking. This is a caution signal, not an entry setup.",Risk review,2.32
PNB,Punjab National Bank,PNB.NS,Financial Services,True,,NIFTY 500,^CRSLDX,2026-09-30,113.06,1.17,-4.43,-3.37,15255055.0,13303520.0,1.15,1724736518.3,41.93,58.95,False,False,False,True,False,-2.56,-1.91,-0.37,False,False,False,False,2.55,0.0051223,0.00495919,3.29,5.16,True,0.3333333333333333,0.0,1.15,0.0,No clear setup,,,,,,,,,,,Neutral / watch,2.23
CANHLIFE,Canara HSBC Life Insurance Company Ltd.,CANHLIFE.NS,Financial Services,True,,NIFTY 500,^CRSLDX,2026-09-30,148.51,-0.74,-2.06,-2.81,225185.0,875190.0,0.26,33442224.35,42.32,47.86,False,False,False,True,True,-2.49,-1.82,1.86,False,False,False,False,-3.96,0.0067284,0.00651989,3.2,1.05,True,0.6666666666666666,0.0,0.26,0.0,No clear setup,,,,,,,,,,,Neutral / watch,2.21
EMMVEE,Emmvee Photovoltaic Power Ltd.,EMMVEE.NS,Capital Goods,True,,NIFTY 500,^CRSLDX,2026-09-30,315.9,0.43,-5.16,-2.71,1295809.0,2606533.0,0.5,409346063.1,42.45,52.01,False,False,False,False,True,-3.9,-2.87,4.9,False,False,False,False,2.11,0.01431219,0.01399404,2.27,4.31,True,0.6666666666666666,0.0,0.5,-2.0,Risk review,Head-and-shoulders risk,"head-and-shoulders, risk, distribution, inverse-head-and-shoulders, base, reversal",314.85,,,0.33,,,314.85,"A possible head-and-shoulders top is forming or breaking. This is a caution signal, not an entry setup. Secondary patterns: Possible inverse H&S.",Risk review,2.16
TATASTEEL,Tata Steel Ltd.,TATASTEEL.NS,Metals & Mining,True,,NIFTY 500,^CRSLDX,2026-09-30,184.3,-1.97,-3.42,0.24,32381754.0,26576998.0,1.22,5967957262.2,46.58,58.88,False,False,False,False,False,-0.85,-1.01,0.93,False,False,False,False,8.25,0.00834991,0.00802824,4.01,6.22,True,0.3333333333333333,0.0,1.22,-3.0,Risk review,Head-and-shoulders risk,"head-and-shoulders, risk, distribution",185.6,,,0.7,,,185.6,"A possible head-and-shoulders top is forming or breaking. This is a caution signal, not an entry setup.",Risk review,2.15
NUVAMA,Nuvama Wealth Management Ltd.,NUVAMA.NS,Financial Services,True,,NIFTY 500,^CRSLDX,2026-09-30,1652.5,0.02,-2.11,-10.24,206395.0,267028.0,0.77,341067737.5,38.67,41.97,False,False,False,False,True,-4.15,-5.41,1.85,False,False,False,False,-0.69,0.07486827,0.07558771,-0.95,0.12,False,0.6666666666666666,0.0,0.77,3.4,Actionable watch,Possible inverse H&S,"inverse-head-and-shoulders, base, reversal",1410.65,,,17.14,,,1410.65,A possible inverse head-and-shoulders base is visible. The setup improves only if price clears or holds near the neckline with better volume.,Setup watch: Possible inverse H&S,2.01
KPRMILL,K.P.R. Mill Ltd.,KPRMILL.NS,Textiles,True,,NIFTY 500,^CRSLDX,2026-09-30,1103.3,2.02,-2.94,-5.49,165794.0,189515.0,0.87,182920520.2,46.36,52.48,False,False,False,True,True,-1.92,-0.57,1.39,False,False,False,False,-12.83,0.04998618,0.04776293,4.65,-0.46,True,0.6666666666666666,0.0,0.87,-2.0,Risk review,Head-and-shoulders risk,"head-and-shoulders, risk, distribution, inverse-head-and-shoulders, base, reversal",1054.2,,,4.66,,,1054.2,"A possible head-and-shoulders top is forming or breaking. This is a caution signal, not an entry setup. Secondary patterns: Possible inverse H&S.",Risk review,2.01
MRF,MRF Ltd.,MRF.NS,Automobile and Auto Components,True,,NIFTY 500,^CRSLDX,2026-09-30,125280.0,1.79,0.56,-5.0,4133.0,3337.0,1.24,517782240.0,40.97,30.44,True,False,False,False,False,-0.8,-3.86,-1.95,False,False,False,False,-1.99,5.67594384,5.62367992,0.93,-0.48,True,0.0,0.0,1.24,0.0,No clear setup,,,,,,,,,,,Mean reversion bounce,2.0
MANAPPURAM,Manappuram Finance Ltd.,MANAPPURAM.NS,Financial Services,True,,NIFTY 500,^CRSLDX,2026-09-30,315.85,-0.19,-1.42,-7.35,3430831.0,4497054.0,0.76,1083627971.35,41.08,39.99,False,False,False,False,True,-2.41,-7.97,1.27,False,False,False,False,4.09,0.01430992,0.01482366,-3.47,-1.33,False,0.6666666666666666,0.0,0.76,4.3,Actionable watch,Breakout retest,"breakout, retest, pivot, volume, inverse-head-and-shoulders, base, reversal",314.4,2026-06-25,2.87,0.46,,,,Prior resistance has been cleared on higher volume and price is back near that pivot. This is the kind of retest zone where follow-through can matter more than chasing a stretched candle. Secondary patterns: Possible inverse H&S.,Setup watch: Breakout retest,1.93
TATATECH,Tata Technologies Ltd.,TATATECH.NS,Information Technology,True,,NIFTY 500,^CRSLDX,2026-09-30,707.5,3.02,-1.25,-13.0,891561.0,901875.0,0.99,630779407.5,36.3,31.76,False,False,False,False,True,-5.34,-9.16,1.3,False,False,False,False,-19.99,0.03205404,0.03346131,-4.21,-9.55,False,0.6666666666666666,0.0,0.99,5.1,Actionable watch,Breakout retest,"breakout, retest, pivot, volume, inverse-head-and-shoulders, base, reversal",665.6,2026-07-02,3.13,3.18,,,,Prior resistance has been cleared on higher volume and price is back near that pivot. This is the kind of retest zone where follow-through can matter more than chasing a stretched candle. Secondary patterns: Possible inverse H&S.,Mean reversion bounce,1.9
TITAN,Titan Company Ltd.,TITAN.NS,Consumer Durables,True,,NIFTY 500,^CRSLDX,2026-09-30,4587.0,-1.88,-6.0,-9.6,927060.0,608533.0,1.52,4252424220.0,29.14,43.91,False,False,False,False,True,-6.35,-7.48,2.37,False,False,False,False,-8.07,0.20781892,0.21316883,-2.51,-4.49,False,0.6666666666666666,0.0,1.52,3.4,Actionable watch,Possible inverse H&S,"inverse-head-and-shoulders, base, reversal",4453.1,,,3.01,,,4453.1,A possible inverse head-and-shoulders base is visible. The setup improves only if price clears or holds near the neckline with better volume.,Setup watch: Possible inverse H&S,1.89
FORCEMOT,Force Motors Ltd.,FORCEMOT.NS,Automobile and Auto Components,True,,NIFTY 500,^CRSLDX,2026-09-30,17054.0,0.88,-1.72,-3.1,56785.0,65581.0,0.87,968411390.0,42.48,44.85,False,False,False,False,False,-2.23,-3.86,-0.05,False,False,False,False,7.19,0.77264963,0.7642453,1.1,3.38,True,0.0,0.0,0.87,0.0,No clear setup,,,,,,,,,,,Neutral / watch,1.88
IGL,Indraprastha Gas Ltd.,IGL.NS,Oil Gas & Consumable Fuels,True,,NIFTY 500,^CRSLDX,2026-09-30,145.61,2.53,-1.01,-1.57,3093267.0,1808900.0,1.71,450410607.87,42.38,40.32,False,False,False,False,False,-2.51,-3.15,-2.55,False,False,False,False,4.99,0.00659702,0.00647945,1.81,2.8,True,0.0,0.0,1.71,-2.0,Risk review,Head-and-shoulders risk,"head-and-shoulders, risk, distribution",145.43,,,0.13,,,145.43,"A possible head-and-shoulders top is forming or breaking. This is a caution signal, not an entry setup.",Risk review,1.86
MAHABANK,Bank of Maharashtra,MAHABANK.NS,Financial Services,True,,NIFTY 500,^CRSLDX,2026-09-30,79.37,0.27,-5.64,-3.68,19568168.0,16467604.0,1.19,1553125494.16,42.28,54.86,False,False,False,False,True,-4.31,-2.71,3.52,False,False,False,False,-1.94,0.00359594,0.00351343,2.35,2.75,True,0.6666666666666666,0.0,1.19,-2.0,Risk review,Head-and-shoulders risk,"head-and-shoulders, risk, distribution",76.88,,,3.23,,,76.88,"A possible head-and-shoulders top is forming or breaking. This is a caution signal, not an entry setup.",Risk review,1.85
IIFL,IIFL Finance Ltd.,IIFL.NS,Financial Services,True,,NIFTY 500,^CRSLDX,2026-09-30,600.75,-1.11,-5.14,-5.13,1194083.0,2623503.0,0.46,717345362.25,45.28,56.06,False,False,False,True,True,-1.95,-3.02,0.77,False,False,False,False,-7.56,0.02721762,0.02664886,2.13,-1.31,True,0.6666666666666666,0.0,0.46,-2.0,Risk review,Head-and-shoulders risk,"head-and-shoulders, risk, distribution, inverse-head-and-shoulders, base, reversal",584.9,,,2.71,,,584.9,"A possible head-and-shoulders top is forming or breaking. This is a caution signal, not an entry setup. Secondary patterns: Possible inverse H&S.",Risk review,1.84
SAGILITY,Sagility Ltd.,SAGILITY.NS,Information Technology,True,,NIFTY 500,^CRSLDX,2026-09-30,42.58,0.09,-7.41,-8.82,11436383.0,13365882.0,0.86,486961188.14,36.52,57.57,False,False,False,True,False,-5.58,-3.78,-1.18,False,False,False,False,-12.69,0.00192913,0.00190026,1.52,-3.85,True,0.3333333333333333,0.0,0.86,4.42,Actionable watch,Breakout retest,"breakout, retest, pivot, volume",43.11,2026-07-29,1.85,1.24,,,,Prior resistance has been cleared on higher volume and price is back near that pivot. This is the kind of retest zone where follow-through can matter more than chasing a stretched candle.,Setup watch: Breakout retest,1.83
CGPOWER,CG Power and Industrial Solutions Ltd.,CGPOWER.NS,Capital Goods,True,,NIFTY 500,^CRSLDX,2026-09-30,854.2,-0.45,-4.56,-2.68,2404620.0,2350058.0,1.02,2054026404.0,40.63,51.02,False,False,False,False,True,-3.94,-3.03,2.88,False,False,False,False,-13.47,0.03870044,0.03801038,1.82,-0.92,True,0.6666666666666666,0.0,1.02,0.0,No clear setup,,,,,,,,,,,Neutral / watch,1.82
BLUEJET,Blue Jet Healthcare Ltd.,BLUEJET.NS,Healthcare,True,,NIFTY 500,^CRSLDX,2026-09-30,538.05,-2.1,-8.14,-7.29,399671.0,430649.0,0.93,215042981.55,32.9,54.75,False,False,False,False,True,-5.51,-7.47,0.38,False,False,False,False,-0.88,0.02437693,0.02509677,-2.87,-1.23,False,0.6666666666666666,0.0,0.93,3.4,Actionable watch,Possible inverse H&S,"inverse-head-and-shoulders, base, reversal",441.55,,,21.85,,,441.55,A possible inverse head-and-shoulders base is visible. The setup improves only if price clears or holds near the neckline with better volume.,Setup watch: Possible inverse H&S,1.74
CIPLA,Cipla Ltd.,CIPLA.NS,Healthcare,True,,NIFTY 500,^CRSLDX,2026-09-30,1346.0,-2.41,-2.68,-4.73,1063964.0,1039398.0,1.02,1432095544.0,35.21,45.35,False,False,False,False,False,-2.35,-4.92,-0.94,False,False,False,False,4.46,0.06098196,0.0610908,-0.18,1.48,False,0.3333333333333333,0.0,1.02,4.52,Actionable watch,Breakout retest,"breakout, retest, pivot, volume, inverse-head-and-shoulders, base, reversal",1363.9,2026-07-24,2.03,1.31,,,,Prior resistance has been cleared on higher volume and price is back near that pivot. This is the kind of retest zone where follow-through can matter more than chasing a stretched candle. Secondary patterns: Possible inverse H&S.,Setup watch: Breakout retest,1.7
SARDAEN,Sarda Energy and Minerals Ltd.,SARDAEN.NS,Metals & Mining,True,,NIFTY 500,^CRSLDX,2026-09-30,497.3,-0.61,-1.71,1.27,213966.0,633985.0,0.34,106405291.8,44.14,47.58,False,False,False,False,False,-2.44,-2.27,0.2,False,False,False,False,7.8,0.02253071,0.02190999,2.83,5.9,True,0.3333333333333333,0.0,0.34,-2.0,Risk review,Head-and-shoulders risk,"head-and-shoulders, risk, distribution",492.4,,,1.0,,,492.4,"A possible head-and-shoulders top is forming or breaking. This is a caution signal, not an entry setup.",Risk review,1.68
SIEMENS,Siemens Ltd.,SIEMENS.NS,Capital Goods,True,,NIFTY 500,^CRSLDX,2026-09-30,3725.6,0.42,-4.13,-7.3,183302.0,258207.0,0.71,682909931.2,38.13,48.33,False,False,False,False,True,-3.81,-4.5,1.93,False,False,False,False,-6.67,0.16879228,0.16770119,0.65,-1.78,True,0.6666666666666666,0.0,0.71,0.0,No clear setup,,,,,,,,,,,Neutral / watch,1.64
HDFCLIFE,HDFC Life Insurance Company Ltd.,HDFCLIFE.NS,Financial Services,True,,NIFTY 500,^CRSLDX,2026-09-30,521.2,-0.45,-7.18,-2.21,5062593.0,5039957.0,1.0,2638623471.6,41.73,59.24,False,False,False,False,False,-2.72,-3.72,-3.58,False,False,False,False,2.2,0.02361352,0.02338284,0.99,1.91,True,0.0,0.0,1.0,0.0,No clear setup,,,,,,,,,,,Neutral / watch,1.58
KALYANKJIL,Kalyan Jewellers India Ltd.,KALYANKJIL.NS,Consumer Durables,True,,NIFTY 500,^CRSLDX,2026-09-30,553.15,-2.76,-5.32,-6.25,5559899.0,5953730.0,0.93,3075458131.85,35.95,47.08,False,False,False,True,True,-5.79,-7.16,2.3,False,False,False,False,-2.55,0.02506105,0.02563794,-2.25,-2.21,False,0.6666666666666666,0.0,0.93,3.4,Actionable watch,Possible inverse H&S,"inverse-head-and-shoulders, base, reversal",419.93,,,31.73,,,419.93,A possible inverse head-and-shoulders base is visible. The setup improves only if price clears or holds near the neckline with better volume.,Setup watch: Possible inverse H&S,1.55
KIMS,Krishna Institute of Medical Sciences Ltd.,KIMS.NS,Healthcare,True,,NIFTY 500,^CRSLDX,2026-09-30,746.4,-3.05,-6.47,-0.96,2363878.0,508796.0,4.65,1764398539.2,37.52,57.87,False,False,False,False,True,-3.74,-4.93,1.5,False,False,False,False,11.51,0.03381645,0.03385968,-0.13,4.96,False,0.6666666666666666,0.0,4.65,-3.0,Risk review,Head-and-shoulders risk,"head-and-shoulders, risk, distribution",754.2,,,1.03,,,754.2,"A possible head-and-shoulders top is forming or breaking. This is a caution signal, not an entry setup.",Risk review,1.54
BANKBARODA,Bank of Baroda,BANKBARODA.NS,Financial Services,True,,NIFTY 500,^CRSLDX,2026-09-30,230.55,1.26,-2.67,-4.42,10920670.0,6769821.0,1.61,2517760468.5,40.63,46.7,False,False,False,False,False,-1.81,-4.17,-1.97,False,False,False,False,4.71,0.01044531,0.01038288,0.6,2.66,True,0.0,0.0,1.61,-3.0,Risk review,Head-and-shoulders risk,"head-and-shoulders, risk, distribution",255.75,,,9.85,,,255.75,"A possible head-and-shoulders top is forming or breaking. This is a caution signal, not an entry setup.",Risk review,1.48
CONCORDBIO,Concord Biotech Ltd.,CONCORDBIO.NS,Healthcare,True,,NIFTY 500,^CRSLDX,2026-09-30,1373.6,-2.63,-11.97,-4.93,100957.0,176486.0,0.57,138674535.2,39.71,60.54,False,False,False,True,True,-6.47,-5.17,0.72,False,False,False,False,-2.85,0.06223241,0.06209403,0.22,0.92,True,0.6666666666666666,0.0,0.57,-2.0,Risk review,Head-and-shoulders risk,"head-and-shoulders, risk, distribution, breakout, retest, pivot, volume, inverse-head-and-shoulders, base, reversal",1324.8,,,3.68,,,1324.8,"A possible head-and-shoulders top is forming or breaking. This is a caution signal, not an entry setup. Secondary patterns: Breakout retest, Possible inverse H&S.",Risk review,1.48
UNOMINDA,UNO Minda Ltd.,UNOMINDA.NS,Automobile and Auto Components,True,,NIFTY 500,^CRSLDX,2026-09-30,1170.0,0.69,-4.34,-5.34,527106.0,526554.0,1.0,616714020.0,40.27,48.97,False,False,False,True,True,-3.76,-4.71,-0.45,False,False,False,False,-9.62,0.0530081,0.05281762,0.36,-2.58,True,0.3333333333333333,0.0,1.0,0.0,No clear setup,,,,,,,,,,,Neutral / watch,1.48
CEMPRO,Cemindia Projects Ltd.,CEMPRO.NS,Construction,True,,NIFTY 500,^CRSLDX,2026-09-30,1192.2,-2.54,-9.08,-3.53,242505.0,243646.0,1.0,289114461.0,38.0,55.7,False,False,False,False,True,-5.45,-7.23,4.84,False,False,False,False,12.1,0.05401389,0.05604258,-3.62,3.35,False,0.6666666666666666,0.0,1.0,0.0,No clear setup,,,,,,,,,,,Neutral / watch,1.47
NYKAA,FSN E-Commerce Ventures Ltd.,NYKAA.NS,Consumer Services,True,,NIFTY 500,^CRSLDX,2026-09-30,320.0,-2.25,-6.12,-5.16,3980003.0,3727066.0,1.07,1273600960.0,39.78,55.42,False,False,False,True,True,-4.25,-3.91,2.89,False,False,False,False,-5.61,0.01449794,0.01432679,1.19,-2.74,True,0.6666666666666666,0.0,1.07,0.0,No clear setup,,,,,,,,,,,Neutral / watch,1.45
FIRSTCRY,Brainbees Solutions Ltd.,FIRSTCRY.NS,Consumer Services,True,,NIFTY 500,^CRSLDX,2026-09-30,179.94,-2.4,-0.26,5.34,2624709.0,9412141.0,0.28,472290137.46,47.55,48.57,True,True,False,False,False,2.47,-6.42,-4.96,False,False,False,False,18.53,0.00815237,0.00834228,-2.28,4.81,False,0.0,0.0,0.28,-3.0,Risk review,Head-and-shoulders risk,"head-and-shoulders, risk, distribution",216.23,,,16.78,,,216.23,"A possible head-and-shoulders top is forming or breaking. This is a caution signal, not an entry setup.",Risk review,1.41
ABSLAMC,Aditya Birla Sun Life AMC Ltd.,ABSLAMC.NS,Financial Services,True,,NIFTY 500,^CRSLDX,2026-09-30,995.3,4.12,-3.05,-2.61,214646.0,216152.0,0.99,213637163.8,42.98,45.36,False,False,False,False,True,-4.64,-3.11,3.1,False,False,False,False,-4.36,0.04509313,0.04417787,2.07,0.54,True,0.6666666666666666,0.0,0.99,-2.0,Risk review,Head-and-shoulders risk,"head-and-shoulders, risk, distribution",976.2,,,1.96,,,976.2,"A possible head-and-shoulders top is forming or breaking. This is a caution signal, not an entry setup.",Risk review,1.41
TATAPOWER,Tata Power Co. Ltd.,TATAPOWER.NS,Power,True,,NIFTY 500,^CRSLDX,2026-09-30,359.0,0.0,-2.71,-1.37,5401745.0,3784385.0,1.43,1939226455.0,41.93,50.94,False,False,False,False,False,-1.81,-3.08,-0.43,False,False,False,False,17.72,0.01626488,0.01598567,1.75,9.92,True,0.0,0.0,1.43,-3.0,Risk review,Head-and-shoulders risk,"head-and-shoulders, risk, distribution",361.93,,,0.81,,,361.93,"A possible head-and-shoulders top is forming or breaking. This is a caution signal, not an entry setup.",Risk review,1.35
TORNTPOWER,Torrent Power Ltd.,TORNTPOWER.NS,Power,True,,NIFTY 500,^CRSLDX,2026-09-30,1245.9,2.11,-1.07,-0.24,187402.0,364393.0,0.51,233484151.8,43.56,42.86,False,False,False,False,False,-2.02,-4.14,-0.11,False,False,False,False,20.31,0.05644683,0.0562254,0.39,8.94,True,0.0,0.0,0.51,-3.0,Risk review,Head-and-shoulders risk,"head-and-shoulders, risk, distribution",1335.05,,,6.68,,,1335.05,"A possible head-and-shoulders top is forming or breaking. This is a caution signal, not an entry setup.",Risk review,1.35
UTIAMC,UTI Asset Management Company Ltd.,UTIAMC.NS,Financial Services,True,,NIFTY 500,^CRSLDX,2026-09-30,882.4,0.55,-3.03,0.62,50373.0,100942.0,0.5,44449135.2,41.78,52.88,False,False,False,False,False,-2.02,-1.87,-2.33,False,False,False,False,11.2,0.03997807,0.03875493,3.16,7.69,True,0.0,0.0,0.5,-3.0,Risk review,Head-and-shoulders risk,"head-and-shoulders, risk, distribution",914.77,,,3.54,,,914.77,"A possible head-and-shoulders top is forming or breaking. This is a caution signal, not an entry setup.",Risk review,1.35
HDFCBANK,HDFC Bank Ltd.,HDFCBANK.NS,Financial Services,True,,NIFTY 500,^CRSLDX,2026-09-30,708.7,-1.94,-3.87,1.13,39365496.0,29481293.0,1.34,27898327015.2,42.99,58.1,False,False,False,False,False,-1.17,-2.26,-3.34,False,False,False,False,10.63,0.03210841,0.03131941,2.52,6.2,True,0.0,0.0,1.34,-3.0,Risk review,Head-and-shoulders risk,"head-and-shoulders, risk, distribution",732.15,,,3.2,,,732.15,"A possible head-and-shoulders top is forming or breaking. This is a caution signal, not an entry setup.",Risk review,1.35
CHAMBLFERT,Chambal Fertilizers & Chemicals Ltd.,CHAMBLFERT.NS,Chemicals,True,,NIFTY 500,^CRSLDX,2026-09-30,409.25,-1.04,-2.47,-0.53,384509.0,486819.0,0.79,157360308.25,34.16,46.06,False,False,False,False,False,-1.77,-4.61,-0.53,False,False,False,False,14.8,0.01854151,0.01851313,0.15,6.17,True,0.0,0.0,0.79,-3.0,Risk review,Head-and-shoulders risk,"head-and-shoulders, risk, distribution",423.5,,,3.36,,,423.5,"A possible head-and-shoulders top is forming or breaking. This is a caution signal, not an entry setup.",Risk review,1.35
DABUR,Dabur India Ltd.,DABUR.NS,Fast Moving Consumer Goods,True,,NIFTY 500,^CRSLDX,2026-09-30,380.1,-0.08,-1.88,0.29,1957070.0,2393316.0,0.82,743882307.0,40.57,48.03,False,False,False,False,False,-0.48,-4.28,-2.62,False,False,False,False,15.17,0.01722084,0.01718352,0.22,5.99,True,0.0,0.0,0.82,-3.0,Risk review,Head-and-shoulders risk,"head-and-shoulders, risk, distribution",427.48,,,11.08,,,427.48,"A possible head-and-shoulders top is forming or breaking. This is a caution signal, not an entry setup.",Risk review,1.35
LEMONTREE,Lemon Tree Hotels Ltd.,LEMONTREE.NS,Consumer Services,True,,NIFTY 500,^CRSLDX,2026-09-30,104.25,0.08,-3.4,-1.82,2167934.0,2303898.0,0.94,226007119.5,41.98,54.46,False,False,False,False,False,-1.05,-3.29,-4.57,False,False,False,False,9.67,0.00472316,0.00465441,1.48,4.24,True,0.0,0.0,0.94,-2.0,Risk review,Head-and-shoulders risk,"head-and-shoulders, risk, distribution",101.81,,,2.4,,,101.81,"A possible head-and-shoulders top is forming or breaking. This is a caution signal, not an entry setup.",Risk review,1.35
INDUSTOWER,Indus Towers Ltd.,INDUSTOWER.NS,Telecommunication,True,,NIFTY 500,^CRSLDX,2026-09-30,373.2,1.54,-3.01,-1.53,6712752.0,5329231.0,1.26,2505199046.4,47.1,53.68,False,False,False,False,False,-0.94,-1.78,-0.75,False,False,False,False,2.15,0.01690822,0.01639918,3.1,1.98,True,0.0,0.0,1.26,-3.0,Risk review,Head-and-shoulders risk,"head-and-shoulders, risk, distribution",414.5,,,9.96,,,414.5,"A possible head-and-shoulders top is forming or breaking. This is a caution signal, not an entry setup.",Risk review,1.35
AXISBANK,Axis Bank Ltd.,AXISBANK.NS,Financial Services,True,,NIFTY 500,^CRSLDX,2026-09-30,1226.0,1.15,-1.38,-2.23,6178741.0,4928848.0,1.25,7575136466.0,46.7,47.61,False,False,False,False,False,-1.05,-1.23,-0.16,False,False,False,False,-3.54,0.05554524,0.05350692,3.81,0.2,True,0.0,0.0,1.25,-2.0,Risk review,Head-and-shoulders risk,"head-and-shoulders, risk, distribution",1216.35,,,0.79,,,1216.35,"A possible head-and-shoulders top is forming or breaking. This is a caution signal, not an entry setup.",Risk review,1.34
IREDA,Indian Renewable Energy Development Agency Ltd.,IREDA.NS,Financial Services,True,,NIFTY 500,^CRSLDX,2026-09-30,111.68,0.61,0.61,-0.77,3872732.0,4715102.0,0.82,432506709.76,46.72,43.38,True,False,False,False,False,-0.03,-3.37,-1.93,False,False,False,False,5.71,0.00505978,0.00499563,1.28,1.85,True,0.0,0.0,0.82,-3.0,Risk review,Head-and-shoulders risk,"head-and-shoulders, risk, distribution",115.58,,,3.37,,,115.58,"A possible head-and-shoulders top is forming or breaking. This is a caution signal, not an entry setup.",Risk review,1.32
GRASIM,Grasim Industries Ltd.,GRASIM.NS,Construction Materials,True,,NIFTY 500,^CRSLDX,2026-09-30,3061.9,-1.23,-3.97,-7.07,448156.0,834821.0,0.54,1372208856.4,34.06,44.49,False,False,False,False,True,-4.79,-5.23,1.5,False,False,False,False,-8.46,0.13872264,0.13909976,-0.27,-3.5,False,0.6666666666666666,0.0,0.54,3.4,Actionable watch,Possible inverse H&S,"inverse-head-and-shoulders, base, reversal",2913.6,,,5.09,,,2913.6,A possible inverse head-and-shoulders base is visible. The setup improves only if price clears or holds near the neckline with better volume.,Setup watch: Possible inverse H&S,1.29
DOMS,DOMS Industries Ltd.,DOMS.NS,Fast Moving Consumer Goods,True,,NIFTY 500,^CRSLDX,2026-09-30,2107.0,2.66,-1.61,-4.5,46672.0,36044.0,1.29,98337904.0,44.64,45.13,True,False,False,False,False,-0.99,-3.85,-1.83,False,False,False,False,1.4,0.09545988,0.09464492,0.86,0.27,True,0.0,0.0,1.29,0.0,No clear setup,,,,,,,,,,,Neutral / watch,1.25
LTFOODS,LT Foods Ltd.,LTFOODS.NS,Fast Moving Consumer Goods,True,,NIFTY 500,^CRSLDX,2026-09-30,400.4,-0.6,-6.88,-9.5,356756.0,454978.0,0.78,142845102.4,35.19,49.91,False,False,False,False,True,-6.75,-5.41,0.77,False,False,False,False,-13.88,0.01814055,0.01814945,-0.05,-4.74,False,0.6666666666666666,0.0,0.78,5.1,Actionable watch,Breakout retest,"breakout, retest, pivot, volume",394.83,2026-07-31,3.07,1.06,,,,Prior resistance has been cleared on higher volume and price is back near that pivot. This is the kind of retest zone where follow-through can matter more than chasing a stretched candle.,Setup watch: Breakout retest,1.25
IDEA,Vodafone Idea Ltd.,IDEA.NS,Telecommunication,True,,NIFTY 500,^CRSLDX,2026-09-30,12.95,-4.5,-10.81,-10.87,640485531.0,481926709.0,1.33,8294287626.45,34.87,52.01,False,False,False,False,True,-10.29,-7.18,2.91,False,False,False,False,-17.09,0.00058671,0.00059925,-2.09,-3.99,False,0.6666666666666666,0.0,1.33,3.4,Actionable watch,Possible inverse H&S,"inverse-head-and-shoulders, base, reversal",10.82,,,19.74,,,10.82,A possible inverse head-and-shoulders base is visible. The setup improves only if price clears or holds near the neckline with better volume.,Setup watch: Possible inverse H&S,1.19
CHOICEIN,Choice International Ltd.,CHOICEIN.NS,Financial Services,True,,NIFTY 500,^CRSLDX,2026-09-30,726.25,-2.01,-3.4,-4.87,401169.0,403127.0,1.0,291348986.25,37.17,44.29,False,False,False,False,False,-3.6,-7.39,-0.25,False,False,False,False,3.14,0.03290353,0.03388034,-2.88,-1.17,False,0.3333333333333333,0.0,1.0,4.89,Actionable watch,Breakout retest,"breakout, retest, pivot, volume",699.0,2026-06-25,1.98,3.18,,,,Prior resistance has been cleared on higher volume and price is back near that pivot. This is the kind of retest zone where follow-through can matter more than chasing a stretched candle.,Setup watch: Breakout retest,1.17
POWERGRID,Power Grid Corporation of India Ltd.,POWERGRID.NS,Power,True,,NIFTY 500,^CRSLDX,2026-09-30,260.5,-0.38,-3.59,-2.36,9769840.0,10092351.0,0.97,2545043320.0,40.67,52.95,False,False,False,False,False,-2.09,-3.73,0.01,False,False,False,False,11.81,0.01180223,0.0116959,0.91,5.01,True,0.3333333333333333,0.0,0.97,-3.0,Risk review,Head-and-shoulders risk,"head-and-shoulders, risk, distribution",286.85,,,9.19,,,286.85,"A possible head-and-shoulders top is forming or breaking. This is a caution signal, not an entry setup.",Risk review,1.15
JWL,Jupiter Wagons Ltd.,JWL.NS,Capital Goods,True,,NIFTY 500,^CRSLDX,2026-09-30,233.12,6.05,-0.02,-2.61,24061117.0,1825683.0,13.18,5609127595.04,47.15,38.85,True,False,False,False,False,-0.26,-4.77,-1.56,False,False,False,False,10.81,0.01056175,0.01056263,-0.01,2.96,False,0.0,0.0,13.18,-3.0,Risk review,Head-and-shoulders risk,"head-and-shoulders, risk, distribution",241.07,,,3.3,,,241.07,"A possible head-and-shoulders top is forming or breaking. This is a caution signal, not an entry setup.",Risk review,1.14
SCHAEFFLER,Schaeffler India Ltd.,SCHAEFFLER.NS,Automobile and Auto Components,True,,NIFTY 500,^CRSLDX,2026-09-30,3897.1,-0.58,-4.62,-1.76,63788.0,51347.0,1.24,248588214.8,40.72,54.89,False,False,False,False,False,-2.23,-3.39,0.34,False,False,False,False,2.98,0.17656227,0.17423638,1.33,3.13,True,0.6666666666666666,0.0,1.24,-2.0,Risk review,Head-and-shoulders risk,"head-and-shoulders, risk, distribution",3750.95,,,3.9,,,3750.95,"A possible head-and-shoulders top is forming or breaking. This is a caution signal, not an entry setup.",Risk review,1.13
BEL,Bharat Electronics Ltd.,BEL.NS,Capital Goods,True,,NIFTY 500,^CRSLDX,2026-09-30,388.3,0.14,-1.96,-4.3,9671143.0,9944499.0,0.97,3755304826.9,40.26,44.65,False,False,False,False,False,-2.25,-3.23,-0.01,False,False,False,False,-7.73,0.01759235,0.01731308,1.61,-0.46,True,0.0,0.0,0.97,0.0,No clear setup,,,,,,,,,,,Neutral / watch,1.11
NTPC,NTPC Ltd.,NTPC.NS,Power,True,,NIFTY 500,^CRSLDX,2026-09-30,322.75,-0.23,-1.0,-2.2,6908628.0,7341844.0,0.94,2229759687.0,37.51,39.27,False,False,False,False,False,-1.8,-3.84,0.16,False,False,False,False,10.03,0.01462253,0.0144895,0.92,4.74,True,0.3333333333333333,0.0,0.94,-3.0,Risk review,Head-and-shoulders risk,"head-and-shoulders, risk, distribution",354.57,,,8.98,,,354.57,"A possible head-and-shoulders top is forming or breaking. This is a caution signal, not an entry setup.",Risk review,1.1
APOLLOHOSP,Apollo Hospitals Enterprise Ltd.,APOLLOHOSP.NS,Healthcare,True,,NIFTY 500,^CRSLDX,2026-09-30,8165.5,-5.7,-9.96,-6.35,2108531.0,412140.0,5.12,17217209880.5,30.27,60.61,False,False,False,False,True,-7.15,-7.39,2.12,False,False,False,False,-4.91,0.36994667,0.38016986,-2.69,-2.51,False,0.6666666666666666,0.0,5.12,0.0,No clear setup,,,,,,,,,,,Weakening,1.1
ALKEM,Alkem Laboratories Ltd.,ALKEM.NS,Healthcare,True,,NIFTY 500,^CRSLDX,2026-09-30,5163.5,-1.65,-4.69,-0.89,146577.0,156337.0,0.94,756850339.5,42.5,56.74,False,False,False,False,False,-1.38,-4.26,-0.71,False,False,False,False,8.15,0.23393787,0.23321114,0.31,2.94,True,0.0,0.0,0.94,-2.0,Risk review,Head-and-shoulders risk,"head-and-shoulders, risk, distribution",5063.0,,,1.98,,,5063.0,"A possible head-and-shoulders top is forming or breaking. This is a caution signal, not an entry setup.",Risk review,1.09
GILLETTE,Gillette India Ltd.,GILLETTE.NS,Fast Moving Consumer Goods,True,,NIFTY 500,^CRSLDX,2026-09-30,7000.0,0.52,-1.33,-4.71,36059.0,21370.0,1.69,252413000.0,35.18,35.04,False,False,False,False,False,-2.9,-5.9,-1.32,False,False,False,False,5.1,0.31714246,0.32150395,-1.36,1.47,False,0.0,0.0,1.69,0.0,No clear setup,,,,,,,,,,,Neutral / watch,1.09
LICHSGFIN,LIC Housing Finance Ltd.,LICHSGFIN.NS,Financial Services,True,,NIFTY 500,^CRSLDX,2026-09-30,530.2,-3.34,-7.39,-2.04,5474497.0,4155108.0,1.32,2902578309.4,41.49,64.1,False,False,False,False,False,-4.66,-0.64,0.35,False,False,False,False,-0.67,0.02402128,0.02299147,4.48,4.63,True,0.6666666666666666,0.0,1.32,-3.0,Risk review,Head-and-shoulders risk,"head-and-shoulders, risk, distribution",533.52,,,0.62,,,533.52,"A possible head-and-shoulders top is forming or breaking. This is a caution signal, not an entry setup.",Risk review,1.08
BPCL,Bharat Petroleum Corporation Ltd.,BPCL.NS,Oil Gas & Consumable Fuels,True,,NIFTY 500,^CRSLDX,2026-09-30,303.2,1.29,-3.97,-5.13,5525502.0,4205193.0,1.31,1675332206.4,43.38,55.46,False,False,False,False,False,-1.46,-3.29,-1.65,False,False,False,False,-0.28,0.0137368,0.01353138,1.52,-0.59,True,0.0,0.0,1.31,0.0,No clear setup,,,,,,,,,,,Neutral / watch,1.08
GVT&D,GE Vernova T&D India Ltd.,GVT&D.NS,Capital Goods,True,,NIFTY 500,^CRSLDX,2026-09-30,4201.0,1.71,-4.89,-0.92,624058.0,786087.0,0.79,2621667658.0,43.46,51.44,False,False,False,False,True,-4.06,-2.67,3.65,False,False,False,False,-2.84,0.19033078,0.18614457,2.25,0.41,True,0.6666666666666666,0.0,0.79,-3.0,Risk review,Head-and-shoulders risk,"head-and-shoulders, risk, distribution",4275.55,,,1.74,,,4275.55,"A possible head-and-shoulders top is forming or breaking. This is a caution signal, not an entry setup.",Risk review,1.03
PIRAMALFIN,Piramal Finance Ltd.,PIRAMALFIN.NS,Financial Services,True,,NIFTY 500,^CRSLDX,2026-09-30,2043.9,-3.93,-8.2,-6.52,230032.0,418829.0,0.55,470162404.8,35.76,51.26,False,False,False,False,True,-7.8,-5.27,3.59,False,False,False,False,-19.63,0.09260107,0.09285493,-0.27,-5.6,False,0.6666666666666666,0.0,0.55,3.85,Actionable watch,Breakout retest,"breakout, retest, pivot, volume",2027.8,2026-08-20,1.51,0.78,,,,Prior resistance has been cleared on higher volume and price is back near that pivot. This is the kind of retest zone where follow-through can matter more than chasing a stretched candle.,Setup watch: Breakout retest,1.03
LODHA,Lodha Developers Ltd.,LODHA.NS,Realty,True,,NIFTY 500,^CRSLDX,2026-09-30,1135.0,2.57,-2.37,-6.07,1779057.0,2067059.0,0.86,2019229695.0,45.88,49.04,False,False,False,True,True,-1.12,-5.32,0.52,False,False,False,False,2.48,0.05142238,0.05177778,-0.69,0.61,False,0.6666666666666666,0.0,0.86,-2.0,Risk review,Head-and-shoulders risk,"head-and-shoulders, risk, distribution, breakout, retest, pivot, volume",1085.75,,,4.54,,,1085.75,"A possible head-and-shoulders top is forming or breaking. This is a caution signal, not an entry setup. Secondary patterns: Breakout retest.",Risk review,1.02
ICICIBANK,ICICI Bank Ltd.,ICICIBANK.NS,Financial Services,True,,NIFTY 500,^CRSLDX,2026-09-30,1321.7,2.28,-1.37,-7.35,14095232.0,9152873.0,1.54,18629668134.4,36.17,31.76,False,False,False,False,False,-2.85,-5.77,-0.09,False,False,False,False,-4.51,0.05988103,0.06056288,-1.13,-3.42,False,0.3333333333333333,0.0,1.54,0.0,No clear setup,,,,,,,,,,,Mean reversion bounce,1.02
IRFC,Indian Railway Finance Corporation Ltd.,IRFC.NS,Financial Services,True,,NIFTY 500,^CRSLDX,2026-09-30,79.28,-1.22,-2.12,-3.88,38110222.0,9225051.0,4.13,3021378400.16,38.8,41.15,False,False,False,False,False,-1.74,-6.14,-3.35,False,False,False,False,7.34,0.00359186,0.00365086,-1.62,1.07,False,0.0,0.0,4.13,0.0,No clear setup,,,,,,,,,,,Neutral / watch,1.01
NETWEB,Netweb Technologies India Ltd.,NETWEB.NS,Information Technology,True,,NIFTY 500,^CRSLDX,2026-09-30,4548.0,-1.41,-3.97,-11.0,586472.0,1125057.0,0.52,2667274656.0,39.12,43.8,False,False,False,False,True,-5.54,-6.81,4.17,False,False,False,False,-21.71,0.20605198,0.20922057,-1.51,-6.87,False,0.6666666666666666,0.0,0.52,5.07,Actionable watch,Breakout retest,"breakout, retest, pivot, volume",4493.5,2026-08-03,2.34,0.81,,,,Prior resistance has been cleared on higher volume and price is back near that pivot. This is the kind of retest zone where follow-through can matter more than chasing a stretched candle.,Setup watch: Breakout retest,1.0
NIACL,The New India Assurance Company Ltd.,NIACL.NS,Financial Services,True,,NIFTY 500,^CRSLDX,2026-09-30,167.02,-0.75,-12.63,-16.12,1160229.0,12149922.0,0.1,193781447.58,36.56,49.67,False,False,False,False,True,-13.08,-9.57,1.87,False,False,False,False,-17.83,0.00756702,0.00793218,-4.6,-7.21,False,0.6666666666666666,0.0,0.1,4.7,Actionable watch,Breakout retest,"breakout, retest, pivot, volume",171.86,2026-08-05,36.07,2.82,,,,Prior resistance has been cleared on higher volume and price is back near that pivot. This is the kind of retest zone where follow-through can matter more than chasing a stretched candle.,Setup watch: Breakout retest,1.0
HYUNDAI,Hyundai Motor India Ltd.,HYUNDAI.NS,Automobile and Auto Components,True,,NIFTY 500,^CRSLDX,2026-09-30,2031.0,-3.29,-3.05,-5.73,644391.0,624714.0,1.03,1308758121.0,38.56,39.74,False,False,False,False,False,-5.28,-5.86,-0.86,False,False,False,False,-3.55,0.09201662,0.09257623,-0.6,-2.14,False,0.3333333333333333,0.0,1.03,4.7,Actionable watch,Breakout retest,"breakout, retest, pivot, volume",2035.85,2026-07-31,8.48,0.24,,,,Prior resistance has been cleared on higher volume and price is back near that pivot. This is the kind of retest zone where follow-through can matter more than chasing a stretched candle.,Setup watch: Breakout retest,0.97
DATAPATTNS,Data Patterns (India) Ltd.,DATAPATTNS.NS,Capital Goods,True,,NIFTY 500,^CRSLDX,2026-09-30,4286.9,1.55,-3.06,-5.09,336383.0,631106.0,0.53,1442040282.7,40.73,44.04,False,False,False,False,True,-5.41,-5.55,5.12,False,False,False,False,-2.9,0.19422257,0.19540357,-0.6,0.73,False,0.6666666666666666,0.0,0.53,0.0,No clear setup,,,,,,,,,,,Neutral / watch,0.95
HEROMOTOCO,Hero MotoCorp Ltd.,HEROMOTOCO.NS,Automobile and Auto Components,True,,NIFTY 500,^CRSLDX,2026-09-30,5241.0,0.63,-2.84,-1.11,567810.0,464231.0,1.22,2975892210.0,43.99,51.29,False,False,False,True,False,-0.97,-3.81,-1.34,False,False,False,False,0.85,0.23744909,0.2343445,1.32,2.17,True,0.3333333333333333,0.0,1.22,-2.0,Risk review,Head-and-shoulders risk,"head-and-shoulders, risk, distribution, breakout, retest, pivot, volume",4997.0,,,4.88,,,4997.0,"A possible head-and-shoulders top is forming or breaking. This is a caution signal, not an entry setup. Secondary patterns: Breakout retest.",Risk review,0.93
TATACOMM,Tata Communications Ltd.,TATACOMM.NS,Telecommunication,True,,NIFTY 500,^CRSLDX,2026-09-30,1656.2,0.09,-2.61,-3.15,137552.0,222376.0,0.62,227813622.4,36.89,42.7,False,False,False,False,False,-4.13,-4.17,-0.51,False,False,False,False,3.83,0.07503591,0.07453096,0.68,2.1,True,0.3333333333333333,0.0,0.62,-2.0,Risk review,Head-and-shoulders risk,"head-and-shoulders, risk, distribution",1585.3,,,4.47,,,1585.3,"A possible head-and-shoulders top is forming or breaking. This is a caution signal, not an entry setup.",Risk review,0.92
FEDERALBNK,Federal Bank Ltd.,FEDERALBNK.NS,Financial Services,True,,NIFTY 500,^CRSLDX,2026-09-30,317.4,-0.87,-4.2,-10.17,5485971.0,5545081.0,0.99,1741247195.4,29.15,36.97,False,False,False,False,True,-5.37,-8.6,2.49,False,False,False,False,-2.87,0.01438015,0.01497373,-3.96,-5.46,False,0.6666666666666666,0.0,0.99,3.4,Actionable watch,Possible inverse H&S,"inverse-head-and-shoulders, base, reversal",298.45,,,6.35,,,298.45,A possible inverse head-and-shoulders base is visible. The setup improves only if price clears or holds near the neckline with better volume.,Setup watch: Possible inverse H&S,0.9
BAJAJHFL,Bajaj Housing Finance Ltd.,BAJAJHFL.NS,Financial Services,True,,NIFTY 500,^CRSLDX,2026-09-30,82.0,0.91,-1.82,-0.94,4275068.0,3225347.0,1.33,350555576.0,41.83,47.05,False,False,False,False,False,-1.63,-2.85,-1.56,False,False,False,False,5.49,0.0037151,0.00363937,2.08,3.69,True,0.0,0.0,1.33,-3.0,Risk review,Head-and-shoulders risk,"head-and-shoulders, risk, distribution",82.67,,,0.82,,,82.67,"A possible head-and-shoulders top is forming or breaking. This is a caution signal, not an entry setup.",Risk review,0.89
ULTRACEMCO,UltraTech Cement Ltd.,ULTRACEMCO.NS,Construction Materials,True,,NIFTY 500,^CRSLDX,2026-09-30,10956.0,1.17,-1.78,-3.84,257558.0,281376.0,0.92,2821805448.0,43.87,48.13,False,False,False,False,False,-0.49,-4.42,-0.48,False,False,False,False,5.24,0.49637325,0.495649,0.15,1.66,True,0.0,0.0,0.92,-2.0,Risk review,Head-and-shoulders risk,"head-and-shoulders, risk, distribution",10535.5,,,3.99,,,10535.5,"A possible head-and-shoulders top is forming or breaking. This is a caution signal, not an entry setup.",Risk review,0.83
COFORGE,Coforge Ltd.,COFORGE.NS,Information Technology,True,,NIFTY 500,^CRSLDX,2026-09-30,1749.1,1.57,-1.87,-11.02,3113656.0,2468342.0,1.26,5446095709.6,40.89,43.25,False,False,False,True,True,-4.4,-3.36,-0.3,False,False,False,False,-20.37,0.07924484,0.07740445,2.38,-6.4,True,0.3333333333333333,0.0,1.26,0.0,No clear setup,,,,,,,,,,,Neutral / watch,0.8
ATHERENERG,Ather Energy Ltd.,ATHERENERG.NS,Automobile and Auto Components,True,,NIFTY 500,^CRSLDX,2026-09-30,1425.0,1.28,-4.96,-15.49,3085289.0,3979961.0,0.78,4396536825.0,39.06,44.85,False,False,False,True,True,-8.64,-4.31,9.5,False,False,False,False,-48.85,0.06456114,0.06359983,1.51,-11.86,True,0.6666666666666666,0.0,0.78,0.0,No clear setup,,,,,,,,,,,Neutral / watch,0.8
DIXON,Dixon Technologies (India) Ltd.,DIXON.NS,Consumer Durables,True,,NIFTY 500,^CRSLDX,2026-09-30,13100.0,-1.13,-0.76,-10.21,273569.0,354380.0,0.77,3583753900.0,39.75,38.93,False,False,False,False,True,-3.01,-6.26,-0.04,False,False,False,False,-14.78,0.59350945,0.60310433,-1.59,-6.28,False,0.3333333333333333,0.0,0.77,3.4,Actionable watch,Possible inverse H&S,"inverse-head-and-shoulders, base, reversal",11799.5,,,11.02,,,11799.5,A possible inverse head-and-shoulders base is visible. The setup improves only if price clears or holds near the neckline with better volume.,Setup watch: Possible inverse H&S,0.79
IFCI,IFCI Ltd.,IFCI.NS,Financial Services,True,,NIFTY 500,^CRSLDX,2026-09-30,68.77,-3.1,-13.49,-30.05,25751767.0,115765760.0,0.22,1770949016.59,34.87,46.47,False,False,False,False,True,-15.4,-13.81,5.0,False,False,False,False,-36.32,0.0031157,0.00342369,-9.0,-18.55,False,0.6666666666666666,0.0,0.22,3.4,Actionable watch,Possible inverse H&S,"inverse-head-and-shoulders, base, reversal",66.15,,,3.96,,,66.15,A possible inverse head-and-shoulders base is visible. The setup improves only if price clears or holds near the neckline with better volume.,Setup watch: Possible inverse H&S,0.79
JUBLFOOD,Jubilant Foodworks Ltd.,JUBLFOOD.NS,Consumer Services,True,,NIFTY 500,^CRSLDX,2026-09-30,456.7,-1.36,-5.5,-6.13,797358.0,992266.0,0.8,364153398.6,38.55,50.97,False,False,False,True,False,-4.38,-4.5,-2.15,False,False,False,False,-9.29,0.02069128,0.02052133,0.83,-2.17,True,0.3333333333333333,0.0,0.8,0.0,No clear setup,,,,,,,,,,,Neutral / watch,0.77
HCLTECH,HCL Technologies Ltd.,HCLTECH.NS,Information Technology,True,,NIFTY 500,^CRSLDX,2026-09-30,1230.0,0.65,-2.12,-7.62,4242658.0,2562585.0,1.66,5218469340.0,42.08,46.25,False,False,False,True,False,-1.8,-5.28,-2.94,False,False,False,False,2.86,0.05572646,0.05594043,-0.38,-0.41,False,0.0,0.0,1.66,0.0,No clear setup,,,,,,,,,,,Weakening,0.72
PIIND,PI Industries Ltd.,PIIND.NS,Chemicals,True,,NIFTY 500,^CRSLDX,2026-09-30,2310.0,0.93,-3.19,-3.47,174009.0,328745.0,0.53,401960790.0,41.07,47.42,False,False,False,False,False,-1.77,-7.71,-3.28,False,False,False,False,17.42,0.10465701,0.10852325,-3.56,3.55,False,0.0,0.0,0.53,0.0,No clear setup,,,,,,,,,,,Neutral / watch,0.71
HINDZINC,Hindustan Zinc Ltd.,HINDZINC.NS,Metals & Mining,True,,NIFTY 500,^CRSLDX,2026-09-30,566.0,0.48,-4.95,-3.81,2880602.0,4523140.0,0.64,1630420732.0,43.3,54.34,False,False,False,False,False,-3.07,-2.09,0.78,False,False,False,False,-9.5,0.02564323,0.02484905,3.2,0.99,True,0.3333333333333333,0.0,0.64,-2.0,Risk review,Head-and-shoulders risk,"head-and-shoulders, risk, distribution",558.9,,,1.27,,,558.9,"A possible head-and-shoulders top is forming or breaking. This is a caution signal, not an entry setup.",Risk review,0.7
SRF,SRF Ltd.,SRF.NS,Chemicals,True,,NIFTY 500,^CRSLDX,2026-09-30,2472.5,2.17,-3.04,-4.85,292029.0,227400.0,1.28,722041702.5,41.47,49.47,False,False,False,False,False,-1.7,-3.82,-1.64,False,False,False,False,4.34,0.11201925,0.11149046,0.47,2.6,True,0.0,0.0,1.28,-3.0,Risk review,Head-and-shoulders risk,"head-and-shoulders, risk, distribution",2472.75,,,0.01,,,2472.75,"A possible head-and-shoulders top is forming or breaking. This is a caution signal, not an entry setup.",Risk review,0.67
BAJAJ-AUTO,Bajaj Auto Ltd.,BAJAJ-AUTO.NS,Automobile and Auto Components,True,,NIFTY 500,^CRSLDX,2026-09-30,10874.0,0.58,-4.61,-10.35,313712.0,205708.0,1.53,3411304288.0,32.55,42.58,False,False,False,False,True,-5.36,-6.28,2.46,False,False,False,False,-8.61,0.49265815,0.49836379,-1.14,-4.76,False,0.6666666666666666,0.0,1.53,0.0,No clear setup,,,,,,,,,,,Weakening,0.65
PRESTIGE,Prestige Estates Projects Ltd.,PRESTIGE.NS,Realty,True,,NIFTY 500,^CRSLDX,2026-09-30,1481.9,4.54,-0.54,-6.33,1284002.0,537907.0,2.39,1902762563.8,45.92,43.4,True,False,False,False,True,-0.8,-5.19,-0.97,False,False,False,False,-2.84,0.06713906,0.06770275,-0.83,-3.59,False,0.3333333333333333,0.0,2.39,-3.0,Risk review,Head-and-shoulders risk,"head-and-shoulders, risk, distribution, breakout, retest, pivot, volume",1526.65,,,2.93,,,1526.65,"A possible head-and-shoulders top is forming or breaking. This is a caution signal, not an entry setup. Secondary patterns: Breakout retest.",Risk review,0.63
AMBUJACEM,Ambuja Cements Ltd.,AMBUJACEM.NS,Construction Materials,True,,NIFTY 500,^CRSLDX,2026-09-30,374.0,2.26,-4.77,-7.13,3219926.0,1317539.0,2.44,1204252324.0,35.34,42.92,False,False,False,False,False,-3.73,-8.41,-3.26,False,False,False,False,7.35,0.01694447,0.01766659,-4.09,-0.95,False,0.0,0.0,2.44,0.0,No clear setup,,,,,,,,,,,Weakening,0.61
LICI,Life Insurance Corporation of India,LICI.NS,Financial Services,True,,NIFTY 500,^CRSLDX,2026-09-30,395.2,1.33,-3.02,-3.2,6311852.0,7363950.0,0.86,2494443910.4,42.17,49.46,False,False,False,False,False,-2.22,-3.59,-0.68,False,False,False,False,1.43,0.01790496,0.01770975,1.1,0.45,True,0.0,0.0,0.86,-2.0,Risk review,Head-and-shoulders risk,"head-and-shoulders, risk, distribution",386.96,,,2.13,,,386.96,"A possible head-and-shoulders top is forming or breaking. This is a caution signal, not an entry setup.",Risk review,0.59
TMCV,Tata Motors Ltd.,TMCV.NS,Capital Goods,True,,NIFTY 500,^CRSLDX,2026-09-30,421.65,-1.98,-6.34,-5.77,10915749.0,6346631.0,1.72,4602625565.85,37.6,51.94,False,False,False,False,False,-4.35,-5.95,1.5,False,False,False,False,-10.58,0.0191033,0.01927115,-0.87,-4.91,False,0.6666666666666666,0.0,1.72,2.2,Watch,Possible inverse H&S,"inverse-head-and-shoulders, base, reversal",442.3,,,4.67,,,442.3,A possible inverse head-and-shoulders base is visible. The setup improves only if price clears or holds near the neckline with better volume.,Setup watch: Possible inverse H&S,0.59
ENDURANCE,Endurance Technologies Ltd.,ENDURANCE.NS,Automobile and Auto Components,True,,NIFTY 500,^CRSLDX,2026-09-30,2656.5,0.06,-0.49,-3.61,137641.0,85905.0,1.6,365643316.5,40.73,39.54,False,False,False,False,True,-1.61,-5.54,0.25,False,False,False,False,-6.25,0.12035556,0.12125986,-0.75,-1.7,False,0.6666666666666666,0.0,1.6,-2.0,Risk review,Head-and-shoulders risk,"head-and-shoulders, risk, distribution, inverse-head-and-shoulders, base, reversal",2565.3,,,3.56,,,2565.3,"A possible head-and-shoulders top is forming or breaking. This is a caution signal, not an entry setup. Secondary patterns: Possible inverse H&S.",Risk review,0.56
NATCOPHARM,NATCO Pharma Ltd.,NATCOPHARM.NS,Healthcare,True,,NIFTY 500,^CRSLDX,2026-09-30,827.5,-1.85,-1.21,-1.87,615035.0,465168.0,1.32,508941462.5,43.73,46.94,False,True,False,False,False,0.18,-4.82,-0.9,False,False,False,False,12.54,0.03749077,0.03766667,-0.47,4.48,False,0.0,0.0,1.32,-3.0,Risk review,Head-and-shoulders risk,"head-and-shoulders, risk, distribution",861.95,,,4.0,,,861.95,"A possible head-and-shoulders top is forming or breaking. This is a caution signal, not an entry setup.",Risk review,0.55
LT,Larsen & Toubro Ltd.,LT.NS,Construction,True,,NIFTY 500,^CRSLDX,2026-09-30,3760.0,0.29,-4.32,-5.55,2396040.0,1531330.0,1.56,9009110400.0,35.61,48.55,False,False,False,False,False,-3.23,-5.0,-0.39,False,False,False,False,-3.24,0.1703508,0.17036873,-0.01,-1.24,False,0.0,0.0,1.56,0.0,No clear setup,,,,,,,,,,,Weakening,0.55
SUNDARMFIN,Sundaram Finance Ltd.,SUNDARMFIN.NS,Financial Services,True,,NIFTY 500,^CRSLDX,2026-09-30,4355.0,0.47,-6.44,-4.44,54266.0,46578.0,1.17,236328430.0,32.92,50.94,False,False,False,False,False,-5.93,-4.96,-0.35,False,False,False,False,6.48,0.19730791,0.19699315,0.16,1.91,True,0.0,0.0,1.17,-3.0,Risk review,Head-and-shoulders risk,"head-and-shoulders, risk, distribution",4372.25,,,0.39,,,4372.25,"A possible head-and-shoulders top is forming or breaking. This is a caution signal, not an entry setup.",Risk review,0.53
GMRAIRPORT,GMR Airports Ltd.,GMRAIRPORT.NS,Services,True,,NIFTY 500,^CRSLDX,2026-09-30,95.15,1.49,-4.02,1.23,16281025.0,11223762.0,1.45,1549139528.75,43.47,51.81,False,False,False,False,False,-1.62,-5.15,-0.64,False,False,False,False,17.93,0.00431087,0.00434686,-0.83,7.97,False,0.3333333333333333,0.0,1.45,-2.0,Risk review,Head-and-shoulders risk,"head-and-shoulders, risk, distribution",92.45,,,2.92,,,92.45,"A possible head-and-shoulders top is forming or breaking. This is a caution signal, not an entry setup.",Risk review,0.5
SBILIFE,SBI Life Insurance Company Ltd.,SBILIFE.NS,Financial Services,True,,NIFTY 500,^CRSLDX,2026-09-30,1696.4,-2.22,-3.61,-1.37,1813203.0,1098899.0,1.65,3075917569.2,41.31,52.51,False,False,False,False,False,-1.52,-4.76,-1.51,False,False,False,False,11.3,0.07685721,0.07697749,-0.16,3.55,False,0.0,0.0,1.65,-3.0,Risk review,Head-and-shoulders risk,"head-and-shoulders, risk, distribution",1741.65,,,2.6,,,1741.65,"A possible head-and-shoulders top is forming or breaking. This is a caution signal, not an entry setup.",Risk review,0.46
IDBI,IDBI Bank Ltd.,IDBI.NS,Financial Services,True,,NIFTY 500,^CRSLDX,2026-09-30,82.2,-1.34,-1.43,-10.21,4433814.0,16360111.0,0.27,364459510.8,42.24,45.21,False,False,False,True,False,-2.24,-3.23,-1.62,False,False,False,False,-12.8,0.00372416,0.00366511,1.61,-3.9,True,0.0,0.0,0.27,0.0,No clear setup,,,,,,,,,,,Neutral / watch,0.42
OLAELEC,Ola Electric Mobility Ltd.,OLAELEC.NS,Automobile and Auto Components,True,,NIFTY 500,^CRSLDX,2026-09-30,36.92,-1.34,-11.82,-5.28,57479402.0,98910912.0,0.58,2122139521.84,44.49,63.83,False,False,False,False,True,-3.24,-4.07,0.54,False,False,False,False,-12.35,0.0016727,0.00165702,0.95,-4.61,True,0.6666666666666666,0.0,0.58,-2.0,Risk review,Head-and-shoulders risk,"head-and-shoulders, risk, distribution, breakout, retest, pivot, volume, inverse-head-and-shoulders, base, reversal",36.7,,,0.6,,,36.7,"A possible head-and-shoulders top is forming or breaking. This is a caution signal, not an entry setup. Secondary patterns: Breakout retest, Possible inverse H&S.",Risk review,0.38
BRITANNIA,Britannia Industries Ltd.,BRITANNIA.NS,Fast Moving Consumer Goods,True,,NIFTY 500,^CRSLDX,2026-09-30,4830.0,-0.1,-2.01,-6.29,485651.0,260125.0,1.87,2345694330.0,29.3,32.32,False,False,False,False,False,-2.98,-8.05,-1.71,False,False,False,False,1.4,0.21882829,0.22709692,-3.64,-2.26,False,0.0,0.0,1.87,0.0,No clear setup,,,,,,,,,,,Weakening,0.35
SWANCORP,Swan Corp Ltd.,SWANCORP.NS,Chemicals,True,,NIFTY 500,^CRSLDX,2026-09-30,280.2,-1.36,-6.62,-1.82,919733.0,4083526.0,0.23,257709186.6,35.36,54.18,False,False,False,False,False,-3.51,-6.35,-4.63,False,False,False,False,5.53,0.01269476,0.0129142,-1.7,1.5,False,0.0,0.0,0.23,0.0,No clear setup,,,,,,,,,,,Neutral / watch,0.3
FSL,Firstsource Solutions Ltd.,FSL.NS,Services,True,,NIFTY 500,^CRSLDX,2026-09-30,255.8,2.77,-4.5,-5.4,6657490.0,2749400.0,2.42,1702985942.0,43.48,49.89,False,False,False,False,False,-2.46,-6.14,-3.09,False,False,False,False,19.77,0.01158929,0.01173454,-1.24,2.63,False,0.3333333333333333,0.0,2.42,-3.0,Risk review,Head-and-shoulders risk,"head-and-shoulders, risk, distribution",257.1,,,0.51,,,257.1,"A possible head-and-shoulders top is forming or breaking. This is a caution signal, not an entry setup.",Risk review,0.28
JKTYRE,JK Tyre & Industries Ltd.,JKTYRE.NS,Automobile and Auto Components,True,,NIFTY 500,^CRSLDX,2026-09-30,347.0,3.64,-2.35,-6.25,1039519.0,472894.0,2.2,360713093.0,41.69,41.46,True,False,False,False,False,-1.41,-7.25,-2.6,False,False,False,False,3.59,0.0157212,0.0161856,-2.87,-2.69,False,0.0,0.0,2.2,0.0,No clear setup,,,,,,,,,,,Weakening,0.26
RVNL,Rail Vikas Nigam Ltd.,RVNL.NS,Construction,True,,NIFTY 500,^CRSLDX,2026-09-30,201.76,1.95,-4.73,-2.06,17689293.0,5466990.0,3.24,3568991755.68,41.29,49.55,False,False,False,False,False,-2.11,-6.97,-4.0,False,False,False,False,10.55,0.00914095,0.00937658,-2.51,2.08,False,0.0,0.0,3.24,-3.0,Risk review,Head-and-shoulders risk,"head-and-shoulders, risk, distribution",234.78,,,14.06,,,234.78,"A possible head-and-shoulders top is forming or breaking. This is a caution signal, not an entry setup.",Risk review,0.17
MARICO,Marico Ltd.,MARICO.NS,Fast Moving Consumer Goods,True,,NIFTY 500,^CRSLDX,2026-09-30,786.0,-0.15,-5.56,-5.23,2455494.0,1600167.0,1.53,1930018284.0,36.22,53.19,False,False,False,False,False,-3.16,-6.16,1.04,False,False,False,False,7.36,0.03561057,0.03618399,-1.58,1.84,False,0.6666666666666666,0.0,1.53,-3.0,Risk review,Head-and-shoulders risk,"head-and-shoulders, risk, distribution",793.62,,,0.96,,,793.62,"A possible head-and-shoulders top is forming or breaking. This is a caution signal, not an entry setup.",Risk review,0.12
IRCTC,Indian Railway Catering And Tourism Corporation Ltd.,IRCTC.NS,Consumer Services,True,,NIFTY 500,^CRSLDX,2026-09-30,455.4,0.63,-1.81,-3.64,829734.0,651188.0,1.27,377860863.6,36.9,40.51,False,False,False,False,False,-1.97,-5.85,-3.73,False,False,False,False,5.41,0.02063238,0.02089145,-1.24,0.54,False,0.0,0.0,1.27,0.0,No clear setup,,,,,,,,,,,Neutral / watch,0.11
STARHEALTH,Star Health and Allied Insurance Company Ltd.,STARHEALTH.NS,Financial Services,True,,NIFTY 500,^CRSLDX,2026-09-30,534.65,-0.64,-2.65,-5.03,240982.0,1043291.0,0.23,128841026.3,36.72,42.2,False,False,False,False,True,-3.61,-6.39,1.71,False,False,False,False,2.8,0.02422289,0.02465691,-1.76,0.05,False,0.6666666666666666,0.0,0.23,-2.0,Risk review,Head-and-shoulders risk,"head-and-shoulders, risk, distribution",522.62,,,2.3,,,522.62,"A possible head-and-shoulders top is forming or breaking. This is a caution signal, not an entry setup.",Risk review,0.11
ACC,ACC Ltd.,ACC.NS,Construction Materials,True,,NIFTY 500,^CRSLDX,2026-09-30,1204.1,0.12,-3.78,-4.93,63787.0,144280.0,0.44,76805926.7,31.66,42.71,False,False,False,False,False,-3.19,-7.12,-3.7,False,False,False,False,7.54,0.05455303,0.05606352,-2.69,0.22,False,0.0,0.0,0.44,0.0,No clear setup,,,,,,,,,,,Neutral / watch,0.04
ANURAS,Anupam Rasayan India Ltd.,ANURAS.NS,Chemicals,True,,NIFTY 500,^CRSLDX,2026-09-30,1181.0,0.27,-1.04,-4.78,133965.0,590115.0,0.23,158212665.0,42.13,43.5,False,False,False,False,False,-1.79,-3.06,-0.64,False,False,False,False,-6.59,0.05350646,0.05259825,1.73,-0.64,True,0.0,0.0,0.23,-3.0,Risk review,Head-and-shoulders risk,"head-and-shoulders, risk, distribution",1204.75,,,1.97,,,1204.75,"A possible head-and-shoulders top is forming or breaking. This is a caution signal, not an entry setup.",Risk review,0.02
LTTS,L&T Technology Services Ltd.,LTTS.NS,Information Technology,True,,NIFTY 500,^CRSLDX,2026-09-30,3228.6,4.77,-0.08,-7.89,146167.0,56216.0,2.6,471914776.2,40.58,30.23,False,False,False,False,False,-2.63,-6.62,-3.41,False,False,False,False,-7.68,0.14627516,0.14887314,-1.75,-4.94,False,0.0,0.0,2.6,-2.0,Risk review,Head-and-shoulders risk,"head-and-shoulders, risk, distribution",3208.5,,,0.63,,,3208.5,"A possible head-and-shoulders top is forming or breaking. This is a caution signal, not an entry setup.",Risk review,0.01
SUNPHARMA,Sun Pharmaceutical Industries Ltd.,SUNPHARMA.NS,Healthcare,True,,NIFTY 500,^CRSLDX,2026-09-30,1816.6,-2.6,-2.6,-5.96,2401495.0,1543692.0,1.56,4362555817.0,39.06,46.11,False,False,False,False,True,-2.33,-4.74,0.4,False,False,False,False,-5.36,0.082303,0.08235017,-0.06,-2.76,False,0.6666666666666666,0.0,1.56,-3.0,Risk review,Head-and-shoulders risk,"head-and-shoulders, risk, distribution, inverse-head-and-shoulders, base, reversal",1841.95,,,1.38,,,1841.95,"A possible head-and-shoulders top is forming or breaking. This is a caution signal, not an entry setup. Secondary patterns: Possible inverse H&S.",Risk review,-0.0
INOXWIND,Inox Wind Ltd.,INOXWIND.NS,Capital Goods,True,,NIFTY 500,^CRSLDX,2026-09-30,69.51,-2.78,-7.34,-1.53,9235114.0,12224998.0,0.76,641932774.14,36.0,48.44,False,False,False,False,False,-7.14,-7.23,-5.51,False,False,False,False,14.42,0.00314922,0.00323233,-2.57,4.95,False,0.0,0.0,0.76,-3.0,Risk review,Head-and-shoulders risk,"head-and-shoulders, risk, distribution",82.73,,,15.98,,,82.73,"A possible head-and-shoulders top is forming or breaking. This is a caution signal, not an entry setup.",Risk review,-0.06
VEDL,Vedanta Ltd.,VEDL.NS,Metals & Mining,True,,NIFTY 500,^CRSLDX,2026-09-30,259.0,-0.38,-4.43,-4.32,8639213.0,7270762.0,1.19,2237556167.0,42.95,52.49,False,False,False,False,False,-2.19,-3.78,2.81,False,False,False,False,-6.75,0.01173427,0.01160113,1.15,-1.09,True,0.6666666666666666,0.0,1.19,-3.0,Risk review,Head-and-shoulders risk,"head-and-shoulders, risk, distribution, inverse-head-and-shoulders, base, reversal",270.59,,,4.28,,,270.59,"A possible head-and-shoulders top is forming or breaking. This is a caution signal, not an entry setup. Secondary patterns: Possible inverse H&S.",Risk review,-0.07
OIL,Oil India Ltd.,OIL.NS,Oil Gas & Consumable Fuels,True,,NIFTY 500,^CRSLDX,2026-09-30,448.65,-2.35,-4.54,-9.94,3069066.0,2378924.0,1.29,1376936460.9,33.71,43.74,False,False,False,False,False,-6.64,-4.83,1.61,False,False,False,False,-9.84,0.02032657,0.0202471,0.39,-1.34,True,0.6666666666666666,0.0,1.29,-3.0,Risk review,Head-and-shoulders risk,"head-and-shoulders, risk, distribution",460.23,,,2.52,,,460.23,"A possible head-and-shoulders top is forming or breaking. This is a caution signal, not an entry setup.",Risk review,-0.12
HONASA,Honasa Consumer Ltd.,HONASA.NS,Fast Moving Consumer Goods,True,,NIFTY 500,^CRSLDX,2026-09-30,431.35,-2.33,-11.04,-8.21,1589113.0,1791080.0,0.89,685463892.55,34.44,56.34,False,False,False,False,True,-7.81,-8.01,5.58,False,False,False,False,-11.23,0.01954277,0.02018461,-3.18,-4.7,False,0.6666666666666666,0.0,0.89,0.0,No clear setup,,,,,,,,,,,Weakening,-0.14
NAUKRI,Info Edge (India) Ltd.,NAUKRI.NS,Consumer Services,True,,NIFTY 500,^CRSLDX,2026-09-30,1219.5,-2.05,-5.98,-9.24,1589054.0,1262266.0,1.26,1937851353.0,39.29,52.63,False,False,False,True,True,-4.0,-5.21,-0.78,False,False,False,False,-6.36,0.05525075,0.05531937,-0.12,-1.32,False,0.3333333333333333,0.0,1.26,-2.0,Risk review,Head-and-shoulders risk,"head-and-shoulders, risk, distribution",1191.4,,,2.36,,,1191.4,"A possible head-and-shoulders top is forming or breaking. This is a caution signal, not an entry setup.",Risk review,-0.16
TATAINVEST,Tata Investment Corporation Ltd.,TATAINVEST.NS,Financial Services,True,,NIFTY 500,^CRSLDX,2026-09-30,620.05,-0.86,-8.05,-1.28,313002.0,2452008.0,0.13,194076890.1,38.96,52.65,False,False,False,False,False,-5.67,-5.78,-0.96,False,False,False,False,6.24,0.02809203,0.02829252,-0.71,2.58,False,0.0,0.0,0.13,-2.0,Risk review,Head-and-shoulders risk,"head-and-shoulders, risk, distribution",595.5,,,4.12,,,595.5,"A possible head-and-shoulders top is forming or breaking. This is a caution signal, not an entry setup.",Risk review,-0.18
NLCINDIA,NLC India Ltd.,NLCINDIA.NS,Power,True,,NIFTY 500,^CRSLDX,2026-09-30,261.7,2.33,-2.02,-5.01,1940444.0,1538940.0,1.26,507814194.8,42.75,44.75,False,False,False,False,False,-1.4,-5.33,0.85,False,False,False,False,12.91,0.0118566,0.01195404,-0.82,3.98,False,0.3333333333333333,0.0,1.26,-3.0,Risk review,Head-and-shoulders risk,"head-and-shoulders, risk, distribution",265.15,,,1.3,,,265.15,"A possible head-and-shoulders top is forming or breaking. This is a caution signal, not an entry setup.",Risk review,-0.25
RELIANCE,Reliance Industries Ltd.,RELIANCE.NS,Oil Gas & Consumable Fuels,True,,NIFTY 500,^CRSLDX,2026-09-30,1187.0,0.42,-4.89,-9.6,16376789.0,11934906.0,1.37,19439248543.0,31.11,41.54,False,False,False,False,False,-5.0,-7.4,-2.18,False,False,False,False,0.49,0.0537783,0.05529395,-2.74,-1.24,False,0.0,0.0,1.37,0.0,No clear setup,,,,,,,,,,,Weakening,-0.25
CHOLAFIN,Cholamandalam Investment and Finance Company Ltd.,CHOLAFIN.NS,Financial Services,True,,NIFTY 500,^CRSLDX,2026-09-30,1620.0,-0.45,-8.68,-11.28,1860436.0,1556778.0,1.2,3013906320.0,25.73,41.85,False,False,False,False,False,-8.43,-11.01,0.4,False,False,False,False,-7.18,0.07339583,0.07825243,-6.21,-7.34,False,0.6666666666666666,0.0,1.2,2.62,Actionable watch,Possible inverse H&S,"inverse-head-and-shoulders, base, reversal",1619.25,,,0.05,,,1619.25,A possible inverse head-and-shoulders base is visible. The setup improves only if price clears or holds near the neckline with better volume.,Setup watch: Possible inverse H&S,-0.28
NH,Narayana Hrudayalaya Ltd.,NH.NS,Healthcare,True,,NIFTY 500,^CRSLDX,2026-09-30,1791.4,0.08,-6.66,-6.83,341005.0,219969.0,1.55,610876357.0,38.16,53.78,False,False,False,False,False,-4.39,-5.4,-0.14,False,False,False,False,-1.05,0.08116129,0.08176712,-0.74,-0.21,False,0.3333333333333333,0.0,1.55,-3.0,Risk review,Head-and-shoulders risk,"head-and-shoulders, risk, distribution",1807.3,,,0.88,,,1807.3,"A possible head-and-shoulders top is forming or breaking. This is a caution signal, not an entry setup.",Risk review,-0.29
J&KBANK,Jammu & Kashmir Bank Ltd.,J&KBANK.NS,Financial Services,True,,NIFTY 500,^CRSLDX,2026-09-30,138.65,0.09,-7.1,-4.01,1592541.0,1849075.0,0.86,220805809.65,32.04,50.25,False,False,False,False,True,-4.93,-8.64,3.34,False,False,False,False,3.73,0.00628169,0.00660322,-4.87,-0.25,False,0.6666666666666666,0.0,0.86,-3.0,Risk review,Head-and-shoulders risk,"head-and-shoulders, risk, distribution",148.69,,,6.75,,,148.69,"A possible head-and-shoulders top is forming or breaking. This is a caution signal, not an entry setup.",Risk review,-0.3
EXIDEIND,Exide Industries Ltd.,EXIDEIND.NS,Automobile and Auto Components,True,,NIFTY 500,^CRSLDX,2026-09-30,412.6,1.38,-3.13,-3.07,2723921.0,2073622.0,1.31,1123889804.6,40.62,46.62,False,False,False,False,True,-1.75,-6.57,1.31,False,False,False,False,-0.92,0.01869328,0.01907433,-2.0,-0.43,False,0.6666666666666666,0.0,1.31,-3.0,Risk review,Head-and-shoulders risk,"head-and-shoulders, risk, distribution, breakout, retest, pivot, volume, inverse-head-and-shoulders, base, reversal",412.73,,,0.03,,,412.73,"A possible head-and-shoulders top is forming or breaking. This is a caution signal, not an entry setup. Secondary patterns: Breakout retest, Possible inverse H&S.",Risk review,-0.34
MPHASIS,MphasiS Ltd.,MPHASIS.NS,Information Technology,True,,NIFTY 500,^CRSLDX,2026-09-30,2154.4,0.0,-4.63,-13.13,701536.0,368566.0,1.9,1511389158.4,27.29,36.48,False,False,False,False,False,-6.27,-9.39,-2.37,False,False,False,False,-7.14,0.09760739,0.10236873,-4.65,-5.7,False,0.0,0.0,1.9,0.0,No clear setup,,,,,,,,,,,Weakening,-0.34
ONGC,Oil & Natural Gas Corporation Ltd.,ONGC.NS,Oil Gas & Consumable Fuels,True,,NIFTY 500,^CRSLDX,2026-09-30,225.8,-1.83,-4.69,-4.93,11131417.0,11010117.0,1.01,2513473958.6,34.4,51.99,False,False,False,False,False,-3.59,-4.68,-0.15,False,False,False,False,6.27,0.01023011,0.01023487,-0.05,3.49,False,0.0,0.0,1.01,-3.0,Risk review,Head-and-shoulders risk,"head-and-shoulders, risk, distribution",237.62,,,4.98,,,237.62,"A possible head-and-shoulders top is forming or breaking. This is a caution signal, not an entry setup.",Risk review,-0.35
SOBHA,Sobha Ltd.,SOBHA.NS,Realty,True,,NIFTY 500,^CRSLDX,2026-09-30,1221.6,0.42,-1.78,-0.69,121889.0,83782.0,1.45,148899602.4,42.68,47.56,True,False,False,False,False,-0.3,-4.8,-1.85,False,False,False,False,10.45,0.05534589,0.05566683,-0.58,3.34,False,0.0,0.0,1.45,-3.0,Risk review,Head-and-shoulders risk,"head-and-shoulders, risk, distribution",1295.35,,,5.69,,,1295.35,"A possible head-and-shoulders top is forming or breaking. This is a caution signal, not an entry setup.",Risk review,-0.38
VTL,Vardhman Textiles Ltd.,VTL.NS,Textiles,True,,NIFTY 500,^CRSLDX,2026-09-30,534.6,0.95,-4.78,-9.0,615004.0,372688.0,1.65,328781138.4,36.81,43.47,False,False,False,False,False,-5.38,-8.8,2.27,False,False,False,False,0.6,0.02422062,0.025366,-4.52,-0.71,False,0.6666666666666666,0.0,1.65,-3.0,Risk review,Head-and-shoulders risk,"head-and-shoulders, risk, distribution, breakout, retest, pivot, volume",535.42,,,0.15,,,535.42,"A possible head-and-shoulders top is forming or breaking. This is a caution signal, not an entry setup. Secondary patterns: Breakout retest.",Risk review,-0.39
BAJAJFINSV,Bajaj Finserv Ltd.,BAJAJFINSV.NS,Financial Services,True,,NIFTY 500,^CRSLDX,2026-09-30,1731.0,-0.65,-6.26,-13.02,1086211.0,700581.0,1.55,1880231241.0,24.33,35.07,False,False,False,False,False,-6.98,-11.01,-1.05,False,False,False,False,-6.87,0.0784248,0.08375698,-6.37,-9.0,False,0.3333333333333333,0.0,1.55,0.0,No clear setup,,,,,,,,,,,Weakening,-0.4
OFSS,Oracle Financial Services Software Ltd.,OFSS.NS,Information Technology,True,,NIFTY 500,^CRSLDX,2026-09-30,10630.0,2.15,-2.02,-12.57,272759.0,228387.0,1.19,2899428170.0,36.21,35.25,False,False,False,False,True,-6.68,-7.91,3.84,False,False,False,False,-22.26,0.48160347,0.49622473,-2.95,-9.94,False,0.6666666666666666,0.0,1.19,0.0,No clear setup,,,,,,,,,,,Weakening,-0.4
CEATLTD,Ceat Ltd.,CEATLTD.NS,Automobile and Auto Components,True,,NIFTY 500,^CRSLDX,2026-09-30,3264.4,0.75,-4.89,-2.49,46666.0,56149.0,0.83,152336490.4,38.39,51.42,False,False,False,False,False,-2.03,-5.75,-1.43,False,False,False,False,3.43,0.14789712,0.1493154,-0.95,1.42,False,0.0,0.0,0.83,-2.0,Risk review,Head-and-shoulders risk,"head-and-shoulders, risk, distribution",3161.8,,,3.24,,,3161.8,"A possible head-and-shoulders top is forming or breaking. This is a caution signal, not an entry setup.",Risk review,-0.42
CHOLAHLDNG,Cholamandalam Financial Holdings Ltd.,CHOLAHLDNG.NS,Financial Services,True,,NIFTY 500,^CRSLDX,2026-09-30,1386.2,1.05,-5.85,-6.9,272263.0,179264.0,1.52,377410970.6,27.93,37.26,False,False,False,False,False,-6.38,-9.0,-2.41,False,False,False,False,3.38,0.06280327,0.06563084,-4.31,-0.86,False,0.0,0.0,1.52,-3.0,Risk review,Head-and-shoulders risk,"head-and-shoulders, risk, distribution",1424.9,,,2.72,,,1424.9,"A possible head-and-shoulders top is forming or breaking. This is a caution signal, not an entry setup.",Risk review,-0.42
CREDITACC,CreditAccess Grameen Ltd.,CREDITACC.NS,Financial Services,True,,NIFTY 500,^CRSLDX,2026-09-30,1272.0,4.58,-5.75,-9.36,364278.0,169094.0,2.15,463361616.0,34.12,35.04,False,False,False,False,False,-7.2,-12.53,0.54,False,False,False,False,10.29,0.05762931,0.06276943,-8.19,-0.89,False,0.6666666666666666,0.0,2.15,-3.0,Risk review,Head-and-shoulders risk,"head-and-shoulders, risk, distribution, inverse-head-and-shoulders, base, reversal",1272.3,,,0.02,,,1272.3,"A possible head-and-shoulders top is forming or breaking. This is a caution signal, not an entry setup. Secondary patterns: Possible inverse H&S.",Risk review,-0.43
BHARTIARTL,Bharti Airtel Ltd.,BHARTIARTL.NS,Telecommunication,True,,NIFTY 500,^CRSLDX,2026-09-30,1757.0,-0.8,-4.16,-5.68,8080358.0,5549490.0,1.46,14197189006.0,34.33,44.65,False,False,False,False,False,-3.67,-6.9,-1.42,False,False,False,False,9.69,0.07960276,0.08148593,-2.31,3.03,False,0.0,0.0,1.46,-3.0,Risk review,Head-and-shoulders risk,"head-and-shoulders, risk, distribution",1776.2,,,1.08,,,1776.2,"A possible head-and-shoulders top is forming or breaking. This is a caution signal, not an entry setup.",Risk review,-0.44
BANKINDIA,Bank of India,BANKINDIA.NS,Financial Services,True,,NIFTY 500,^CRSLDX,2026-09-30,130.24,0.1,-6.74,-8.99,5018149.0,5116301.0,0.98,653563725.76,29.6,46.79,False,False,False,False,False,-5.96,-7.37,-0.25,False,False,False,False,-4.56,0.00590066,0.00606824,-2.76,-2.27,False,0.0,0.0,0.98,0.0,No clear setup,,,,,,,,,,,Weakening,-0.45
PFC,Power Finance Corporation Ltd.,PFC.NS,Financial Services,True,,NIFTY 500,^CRSLDX,2026-09-30,325.5,0.43,-5.92,-6.06,9986223.0,8760170.0,1.14,3250515586.5,25.34,36.77,False,False,False,False,False,-5.55,-12.07,-0.08,False,False,False,False,21.85,0.01474712,0.01604822,-8.11,2.83,False,0.0,0.0,1.14,-3.0,Risk review,Head-and-shoulders risk,"head-and-shoulders, risk, distribution",385.8,,,15.63,,,385.8,"A possible head-and-shoulders top is forming or breaking. This is a caution signal, not an entry setup.",Risk review,-0.48
ABCAPITAL,Aditya Birla Capital Ltd.,ABCAPITAL.NS,Financial Services,True,,NIFTY 500,^CRSLDX,2026-09-30,380.6,0.69,-5.43,-4.14,3567531.0,2547088.0,1.4,1357802298.6,40.72,51.82,False,False,False,False,True,-3.42,-5.12,1.14,False,False,False,False,0.84,0.01724349,0.01730975,-0.38,-1.23,False,0.6666666666666666,0.0,1.4,-3.0,Risk review,Head-and-shoulders risk,"head-and-shoulders, risk, distribution, inverse-head-and-shoulders, base, reversal",381.0,,,0.1,,,381.0,"A possible head-and-shoulders top is forming or breaking. This is a caution signal, not an entry setup. Secondary patterns: Possible inverse H&S.",Risk review,-0.5
RAINBOW,Rainbow Childrens Medicare Ltd.,RAINBOW.NS,Healthcare,True,,NIFTY 500,^CRSLDX,2026-09-30,1314.3,-3.91,-6.56,-8.28,363556.0,135197.0,2.69,477821650.8,23.87,37.41,False,False,False,False,False,-7.98,-10.1,0.6,False,False,False,False,5.8,0.05954576,0.06302807,-5.53,-1.3,False,0.6666666666666666,0.0,2.69,-3.0,Risk review,Head-and-shoulders risk,"head-and-shoulders, risk, distribution",1317.2,,,0.22,,,1317.2,"A possible head-and-shoulders top is forming or breaking. This is a caution signal, not an entry setup.",Risk review,-0.51
ZFCVINDIA,ZF Commercial Vehicle Control Systems India Ltd.,ZFCVINDIA.NS,Automobile and Auto Components,True,,NIFTY 500,^CRSLDX,2026-09-30,2341.0,1.88,-0.69,-8.99,141190.0,98183.0,1.44,330525790.0,36.08,32.18,False,False,False,False,False,-3.94,-6.38,0.02,False,False,False,False,-6.97,0.1060615,0.10742636,-1.27,-1.87,False,0.6666666666666666,0.0,1.44,-3.0,Risk review,Head-and-shoulders risk,"head-and-shoulders, risk, distribution",2352.7,,,0.5,,,2352.7,"A possible head-and-shoulders top is forming or breaking. This is a caution signal, not an entry setup.",Risk review,-0.52
3MINDIA,3M India Ltd.,3MINDIA.NS,Diversified,True,,NIFTY 500,^CRSLDX,2026-09-30,32160.0,0.85,-7.09,-2.23,3548.0,5227.0,0.68,114103680.0,39.89,58.58,False,False,False,False,False,-2.93,-5.83,-0.52,False,False,False,False,8.48,1.45704305,1.47660943,-1.33,2.55,False,0.3333333333333333,0.0,0.68,-3.0,Risk review,Head-and-shoulders risk,"head-and-shoulders, risk, distribution",32810.0,,,1.98,,,32810.0,"A possible head-and-shoulders top is forming or breaking. This is a caution signal, not an entry setup.",Risk review,-0.54
HOMEFIRST,Home First Finance Company India Ltd.,HOMEFIRST.NS,Financial Services,True,,NIFTY 500,^CRSLDX,2026-09-30,1104.8,0.95,-8.38,-7.68,255917.0,293237.0,0.87,282737101.6,35.53,51.18,False,False,False,False,False,-6.68,-6.7,0.43,False,False,False,False,-0.25,0.05005414,0.05113898,-2.12,0.78,False,0.6666666666666666,0.0,0.87,-2.0,Risk review,Head-and-shoulders risk,"head-and-shoulders, risk, distribution, breakout, retest, pivot, volume",1084.25,,,1.9,,,1084.25,"A possible head-and-shoulders top is forming or breaking. This is a caution signal, not an entry setup. Secondary patterns: Breakout retest.",Risk review,-0.54
LUPIN,Lupin Ltd.,LUPIN.NS,Healthcare,True,,NIFTY 500,^CRSLDX,2026-09-30,2030.2,-1.07,-3.45,-5.8,1085192.0,682171.0,1.59,2203156798.4,31.39,41.51,False,False,False,False,False,-2.88,-8.09,-0.01,False,False,False,False,5.74,0.09198037,0.09577728,-3.96,-1.44,False,0.0,0.0,1.59,-3.0,Risk review,Head-and-shoulders risk,"head-and-shoulders, risk, distribution",2159.05,,,5.97,,,2159.05,"A possible head-and-shoulders top is forming or breaking. This is a caution signal, not an entry setup.",Risk review,-0.54
ADANIENSOL,Adani Energy Solutions Ltd.,ADANIENSOL.NS,Power,True,,NIFTY 500,^CRSLDX,2026-09-30,1314.6,0.67,-4.74,-5.87,1154073.0,1486635.0,0.78,1517144365.8,35.64,39.93,False,False,False,False,True,-4.12,-12.72,3.06,False,False,False,False,11.19,0.05955935,0.06546744,-9.02,-1.46,False,0.6666666666666666,0.0,0.78,-3.0,Risk review,Head-and-shoulders risk,"head-and-shoulders, risk, distribution",1420.25,,,7.44,,,1420.25,"A possible head-and-shoulders top is forming or breaking. This is a caution signal, not an entry setup.",Risk review,-0.54
SHREECEM,Shree Cement Ltd.,SHREECEM.NS,Construction Materials,True,,NIFTY 500,^CRSLDX,2026-09-30,22345.0,2.03,-0.69,-5.64,20963.0,40072.0,0.52,468418235.0,41.35,38.96,True,False,False,False,False,-1.12,-7.91,-1.39,False,False,False,False,15.11,1.01236403,1.05283369,-3.84,2.33,False,0.0,0.0,0.52,-3.0,Risk review,Head-and-shoulders risk,"head-and-shoulders, risk, distribution",23277.5,,,4.01,,,23277.5,"A possible head-and-shoulders top is forming or breaking. This is a caution signal, not an entry setup.",Risk review,-0.58
ATUL,Atul Ltd.,ATUL.NS,Chemicals,True,,NIFTY 500,^CRSLDX,2026-09-30,5915.5,-1.12,-3.31,-8.79,61199.0,30142.0,2.03,362022684.5,30.61,38.52,False,False,False,False,False,-4.19,-8.35,0.47,False,False,False,False,2.59,0.26800803,0.27794083,-3.57,-1.68,False,0.6666666666666666,0.0,2.03,-3.0,Risk review,Head-and-shoulders risk,"head-and-shoulders, risk, distribution",5984.5,,,1.15,,,5984.5,"A possible head-and-shoulders top is forming or breaking. This is a caution signal, not an entry setup.",Risk review,-0.59
AFFLE,Affle 3i Ltd.,AFFLE.NS,Information Technology,True,,NIFTY 500,^CRSLDX,2026-09-30,1511.0,0.67,-4.63,-0.45,216326.0,367894.0,0.59,326868586.0,38.1,48.21,False,False,False,False,False,-3.78,-6.21,-0.7,False,False,False,False,2.94,0.06845746,0.06931464,-1.24,0.47,False,0.3333333333333333,0.0,0.59,-2.0,Risk review,Head-and-shoulders risk,"head-and-shoulders, risk, distribution, breakout, retest, pivot, volume",1439.55,,,4.96,,,1439.55,"A possible head-and-shoulders top is forming or breaking. This is a caution signal, not an entry setup. Secondary patterns: Breakout retest.",Risk review,-0.61
RAMCOCEM,The Ramco Cements Ltd.,RAMCOCEM.NS,Construction Materials,True,,NIFTY 500,^CRSLDX,2026-09-30,845.55,0.15,-4.46,-2.18,205668.0,227644.0,0.9,173902577.4,35.88,50.57,False,False,False,False,False,-2.58,-5.59,-1.7,False,False,False,False,7.69,0.03830854,0.03865962,-0.91,2.14,False,0.0,0.0,0.9,-3.0,Risk review,Head-and-shoulders risk,"head-and-shoulders, risk, distribution",897.33,,,5.77,,,897.33,"A possible head-and-shoulders top is forming or breaking. This is a caution signal, not an entry setup.",Risk review,-0.62
AAVAS,Aavas Financiers Ltd.,AAVAS.NS,Financial Services,True,,NIFTY 500,^CRSLDX,2026-09-30,1211.9,-2.92,-5.75,-3.72,80671.0,85905.0,0.94,97765184.9,32.79,43.51,False,False,False,False,False,-5.48,-8.75,-1.66,False,False,False,False,13.13,0.05490642,0.05756218,-4.61,2.09,False,0.0,0.0,0.94,-3.0,Risk review,Head-and-shoulders risk,"head-and-shoulders, risk, distribution",1296.9,,,6.55,,,1296.9,"A possible head-and-shoulders top is forming or breaking. This is a caution signal, not an entry setup.",Risk review,-0.63
UNIONBANK,Union Bank of India,UNIONBANK.NS,Financial Services,True,,NIFTY 500,^CRSLDX,2026-09-30,171.0,3.01,-5.0,-8.49,16921657.0,8321443.0,2.03,2893603347.0,39.15,48.81,False,False,False,False,False,-4.39,-5.0,1.53,False,False,False,False,-13.72,0.00774734,0.00774834,-0.01,-3.69,False,0.6666666666666666,0.0,2.03,-2.0,Risk review,Head-and-shoulders risk,"head-and-shoulders, risk, distribution",166.56,,,2.67,,,166.56,"A possible head-and-shoulders top is forming or breaking. This is a caution signal, not an entry setup.",Risk review,-0.64
TENNIND,Tenneco Clean Air India Ltd.,TENNIND.NS,Automobile and Auto Components,True,,NIFTY 500,^CRSLDX,2026-09-30,508.25,-0.07,-2.0,-2.22,502623.0,617649.0,0.81,255458139.75,42.48,45.42,False,False,False,False,False,-1.24,-4.74,0.62,False,False,False,False,3.33,0.02302681,0.02307344,-0.2,2.0,False,0.3333333333333333,0.0,0.81,-3.0,Risk review,Head-and-shoulders risk,"head-and-shoulders, risk, distribution",526.9,,,3.54,,,526.9,"A possible head-and-shoulders top is forming or breaking. This is a caution signal, not an entry setup.",Risk review,-0.65
UPL,UPL Ltd.,UPL.NS,Chemicals,True,,NIFTY 500,^CRSLDX,2026-09-30,539.75,0.33,-2.42,-6.69,3114983.0,2140970.0,1.45,1681312074.25,36.31,41.28,False,False,False,False,False,-4.13,-5.95,-2.9,False,False,False,False,9.94,0.02445395,0.02480281,-1.41,1.99,False,0.0,0.0,1.45,-3.0,Risk review,Head-and-shoulders risk,"head-and-shoulders, risk, distribution",564.15,,,4.33,,,564.15,"A possible head-and-shoulders top is forming or breaking. This is a caution signal, not an entry setup.",Risk review,-0.65
COROMANDEL,Coromandel International Ltd.,COROMANDEL.NS,Chemicals,True,,NIFTY 500,^CRSLDX,2026-09-30,1758.2,-1.94,-10.11,-8.17,612561.0,155029.0,3.95,1077004750.2,27.42,48.66,False,False,False,False,False,-8.86,-11.44,-1.93,False,False,False,False,6.56,0.07965712,0.08569959,-7.05,-1.99,False,0.0,0.0,3.95,-3.0,Risk review,Head-and-shoulders risk,"head-and-shoulders, risk, distribution",1798.25,,,2.23,,,1798.25,"A possible head-and-shoulders top is forming or breaking. This is a caution signal, not an entry setup.",Risk review,-0.65
ASTERDM,Aster DM Quality Care Ltd.,ASTERDM.NS,Healthcare,True,,NIFTY 500,^CRSLDX,2026-09-30,697.15,-5.01,-8.28,-8.26,2346216.0,1276028.0,1.84,1635664484.4,28.04,45.24,False,False,False,False,False,-8.29,-11.23,1.92,False,False,False,False,3.84,0.03158512,0.03391328,-6.87,-2.03,False,0.6666666666666666,0.0,1.84,-3.0,Risk review,Head-and-shoulders risk,"head-and-shoulders, risk, distribution",727.65,,,4.19,,,727.65,"A possible head-and-shoulders top is forming or breaking. This is a caution signal, not an entry setup.",Risk review,-0.66
NIVABUPA,Niva Bupa Health Insurance Company Ltd.,NIVABUPA.NS,Financial Services,True,,NIFTY 500,^CRSLDX,2026-09-30,74.81,2.09,-6.76,-7.33,3744324.0,1322899.0,2.83,280112878.44,33.44,43.53,False,False,False,False,False,-5.29,-9.06,0.5,False,False,False,False,2.52,0.00338935,0.0035508,-4.55,-2.19,False,0.6666666666666666,0.0,2.83,-3.0,Risk review,Head-and-shoulders risk,"head-and-shoulders, risk, distribution, breakout, retest, pivot, volume, inverse-head-and-shoulders, base, reversal",77.21,,,3.11,,,77.21,"A possible head-and-shoulders top is forming or breaking. This is a caution signal, not an entry setup. Secondary patterns: Breakout retest, Possible inverse H&S.",Risk review,-0.69
HINDPETRO,Hindustan Petroleum Corporation Ltd.,HINDPETRO.NS,Oil Gas & Consumable Fuels,True,,NIFTY 500,^CRSLDX,2026-09-30,350.35,0.33,-2.68,-2.41,2520543.0,3822614.0,0.66,883072240.05,43.01,48.15,False,False,False,False,False,-0.67,-5.15,-2.62,False,False,False,False,7.78,0.01587298,0.01599727,-0.78,1.77,False,0.0,0.0,0.66,-3.0,Risk review,Head-and-shoulders risk,"head-and-shoulders, risk, distribution",358.45,,,2.26,,,358.45,"A possible head-and-shoulders top is forming or breaking. This is a caution signal, not an entry setup.",Risk review,-0.7
GROWW,Billionbrains Garage Ventures Ltd.,GROWW.NS,Financial Services,True,,NIFTY 500,^CRSLDX,2026-09-30,183.91,0.21,-2.5,-3.14,24545475.0,31118250.0,0.79,4514158307.25,37.0,42.02,False,False,False,False,False,-3.83,-4.98,2.14,False,False,False,False,0.52,0.00833224,0.00834912,-0.2,1.74,False,0.6666666666666666,0.0,0.79,-3.0,Risk review,Head-and-shoulders risk,"head-and-shoulders, risk, distribution, breakout, retest, pivot, volume",186.06,,,1.15,,,186.06,"A possible head-and-shoulders top is forming or breaking. This is a caution signal, not an entry setup. Secondary patterns: Breakout retest.",Risk review,-0.7
ATGL,Adani Total Gas Ltd.,ATGL.NS,Oil Gas & Consumable Fuels,True,,NIFTY 500,^CRSLDX,2026-09-30,593.9,0.93,-5.01,-3.42,616167.0,2702484.0,0.23,365941581.3,41.24,50.12,False,False,False,False,False,-2.23,-6.19,0.33,False,False,False,False,7.13,0.02690727,0.02744324,-1.95,1.58,False,0.6666666666666666,0.0,0.23,-3.0,Risk review,Head-and-shoulders risk,"head-and-shoulders, risk, distribution, inverse-head-and-shoulders, base, reversal",639.25,,,7.09,,,639.25,"A possible head-and-shoulders top is forming or breaking. This is a caution signal, not an entry setup. Secondary patterns: Possible inverse H&S.",Risk review,-0.73
ESCORTS,Escorts Kubota Ltd.,ESCORTS.NS,Capital Goods,True,,NIFTY 500,^CRSLDX,2026-09-30,2715.2,0.33,-2.92,-10.07,45053.0,66517.0,0.68,122327905.6,30.45,31.24,False,False,False,False,False,-5.05,-8.75,-2.63,False,False,False,False,-0.64,0.12301503,0.12827253,-4.1,-3.68,False,0.0,0.0,0.68,0.0,No clear setup,,,,,,,,,,,Weakening,-0.74
HINDUNILVR,Hindustan Unilever Ltd.,HINDUNILVR.NS,Fast Moving Consumer Goods,True,,NIFTY 500,^CRSLDX,2026-09-30,1879.1,0.82,-3.64,-4.86,1430335.0,1336343.0,1.07,2687742498.5,34.39,43.01,False,False,False,False,False,-2.98,-6.64,-1.83,False,False,False,False,8.07,0.08513463,0.08705728,-2.21,1.48,False,0.0,0.0,1.07,-3.0,Risk review,Head-and-shoulders risk,"head-and-shoulders, risk, distribution",2044.1,,,8.07,,,2044.1,"A possible head-and-shoulders top is forming or breaking. This is a caution signal, not an entry setup.",Risk review,-0.75
ANGELONE,Angel One Ltd.,ANGELONE.NS,Financial Services,True,,NIFTY 500,^CRSLDX,2026-09-30,274.0,0.18,-8.67,-1.88,2439788.0,5273522.0,0.46,668501912.0,34.1,52.49,False,False,False,False,False,-6.73,-6.87,1.19,False,False,False,False,5.04,0.01241386,0.01270391,-2.28,1.47,False,0.6666666666666666,0.0,0.46,-3.0,Risk review,Head-and-shoulders risk,"head-and-shoulders, risk, distribution",286.2,,,4.26,,,286.2,"A possible head-and-shoulders top is forming or breaking. This is a caution signal, not an entry setup.",Risk review,-0.76
IOB,Indian Overseas Bank,IOB.NS,Financial Services,True,,NIFTY 500,^CRSLDX,2026-09-30,30.96,0.03,-3.64,-5.26,2518317.0,2648098.0,0.95,77967094.32,27.22,38.9,False,False,False,False,False,-4.39,-6.43,-1.21,False,False,False,False,4.65,0.00140268,0.00142893,-1.84,1.3,False,0.0,0.0,0.95,-3.0,Risk review,Head-and-shoulders risk,"head-and-shoulders, risk, distribution",32.07,,,3.46,,,32.07,"A possible head-and-shoulders top is forming or breaking. This is a caution signal, not an entry setup.",Risk review,-0.79
BHARATFORG,Bharat Forge Ltd.,BHARATFORG.NS,Automobile and Auto Components,True,,NIFTY 500,^CRSLDX,2026-09-30,1926.0,-0.82,-3.89,-5.21,1059256.0,916374.0,1.16,2040127056.0,40.2,50.62,False,False,False,False,True,-1.68,-6.14,2.98,False,False,False,False,0.58,0.08725948,0.08886306,-1.8,-2.79,False,0.6666666666666666,0.0,1.16,-3.0,Risk review,Head-and-shoulders risk,"head-and-shoulders, risk, distribution, breakout, retest, pivot, volume",1941.0,,,0.77,,,1941.0,"A possible head-and-shoulders top is forming or breaking. This is a caution signal, not an entry setup. Secondary patterns: Breakout retest.",Risk review,-0.81
TATACHEM,Tata Chemicals Ltd.,TATACHEM.NS,Chemicals,True,,NIFTY 500,^CRSLDX,2026-09-30,611.45,-0.39,-8.73,-3.55,1113198.0,3738598.0,0.3,680664917.1,39.92,50.89,False,False,False,False,False,-6.41,-6.91,-1.64,False,False,False,False,4.29,0.02770239,0.0283333,-2.23,1.03,False,0.0,0.0,0.3,-3.0,Risk review,Head-and-shoulders risk,"head-and-shoulders, risk, distribution",644.15,,,5.08,,,644.15,"A possible head-and-shoulders top is forming or breaking. This is a caution signal, not an entry setup.",Risk review,-0.84
NSLNISP,NMDC Steel Ltd.,NSLNISP.NS,Metals & Mining,True,,NIFTY 500,^CRSLDX,2026-09-30,41.32,-1.12,-5.98,-9.56,4305677.0,4501596.0,0.96,177910573.64,41.26,52.86,False,False,False,False,False,-4.34,-4.26,0.53,False,False,False,False,-13.06,0.00187205,0.00185955,0.67,-4.96,True,0.6666666666666666,0.0,0.96,-3.0,Risk review,Head-and-shoulders risk,"head-and-shoulders, risk, distribution, inverse-head-and-shoulders, base, reversal",41.55,,,0.55,,,41.55,"A possible head-and-shoulders top is forming or breaking. This is a caution signal, not an entry setup. Secondary patterns: Possible inverse H&S.",Risk review,-0.84
JSWENERGY,JSW Energy Ltd.,JSWENERGY.NS,Power,True,,NIFTY 500,^CRSLDX,2026-09-30,494.7,-1.29,-5.05,-8.35,1797485.0,1679785.0,1.07,889215829.5,34.76,44.45,False,False,False,False,False,-4.55,-8.0,0.85,False,False,False,False,8.16,0.02241291,0.02323965,-3.56,1.0,False,0.6666666666666666,0.0,1.07,-3.0,Risk review,Head-and-shoulders risk,"head-and-shoulders, risk, distribution",498.0,,,0.66,,,498.0,"A possible head-and-shoulders top is forming or breaking. This is a caution signal, not an entry setup.",Risk review,-0.85
VMM,Vishal Mega Mart Ltd.,VMM.NS,Consumer Services,True,,NIFTY 500,^CRSLDX,2026-09-30,101.0,-3.16,-4.72,-6.97,16476797.0,10382116.0,1.59,1664156497.0,42.89,52.69,False,False,False,False,False,-2.11,-4.9,-2.61,False,False,False,False,-4.0,0.00457591,0.0045953,-0.42,-3.01,False,0.0,0.0,1.59,-3.0,Risk review,Head-and-shoulders risk,"head-and-shoulders, risk, distribution",106.74,,,5.38,,,106.74,"A possible head-and-shoulders top is forming or breaking. This is a caution signal, not an entry setup.",Risk review,-0.85
NAM-INDIA,Nippon Life India Asset Management Ltd.,NAM-INDIA.NS,Financial Services,True,,NIFTY 500,^CRSLDX,2026-09-30,1070.0,0.19,-8.15,-8.66,728404.0,1012474.0,0.72,779392280.0,33.27,48.63,False,False,False,False,True,-6.93,-8.57,2.91,False,False,False,False,-5.17,0.04847749,0.05037978,-3.78,-3.03,False,0.6666666666666666,0.0,0.72,-3.0,Risk review,Head-and-shoulders risk,"head-and-shoulders, risk, distribution, inverse-head-and-shoulders, base, reversal",1071.95,,,0.18,,,1071.95,"A possible head-and-shoulders top is forming or breaking. This is a caution signal, not an entry setup. Secondary patterns: Possible inverse H&S.",Risk review,-0.86
ASTRAL,Astral Ltd.,ASTRAL.NS,Capital Goods,True,,NIFTY 500,^CRSLDX,2026-09-30,1370.4,-0.33,-1.75,-7.84,258131.0,613921.0,0.42,353742722.4,35.54,38.41,False,False,False,False,False,-3.55,-6.33,-0.04,False,False,False,False,-11.98,0.06208743,0.06306002,-1.54,-4.35,False,0.0,0.0,0.42,0.0,No clear setup,,,,,,,,,,,Weakening,-0.87
NHPC,NHPC Ltd.,NHPC.NS,Power,True,,NIFTY 500,^CRSLDX,2026-09-30,72.81,-0.7,-5.12,-3.75,7849564.0,10126781.0,0.78,571526754.84,32.24,52.0,False,False,False,False,False,-3.91,-5.13,-0.14,False,False,False,False,2.57,0.00329873,0.00331364,-0.45,0.83,False,0.0,0.0,0.78,-3.0,Risk review,Head-and-shoulders risk,"head-and-shoulders, risk, distribution",73.77,,,1.29,,,73.77,"A possible head-and-shoulders top is forming or breaking. This is a caution signal, not an entry setup.",Risk review,-0.88
EICHERMOT,Eicher Motors Ltd.,EICHERMOT.NS,Automobile and Auto Components,True,,NIFTY 500,^CRSLDX,2026-09-30,7150.0,-0.4,-4.28,-7.28,418141.0,369983.0,1.13,2989708150.0,24.42,35.5,False,False,False,False,False,-4.57,-7.98,0.45,False,False,False,False,-4.78,0.32393837,0.33491872,-3.28,-4.49,False,0.6666666666666666,0.0,1.13,0.0,No clear setup,,,,,,,,,,,Weakening,-0.9
GALLANTT,Gallantt Ispat Ltd.,GALLANTT.NS,Capital Goods,True,,NIFTY 500,^CRSLDX,2026-09-30,537.5,-0.3,-3.41,-3.22,51095.0,96545.0,0.53,27463562.5,39.33,46.99,False,False,False,False,False,-2.1,-5.62,-0.35,False,False,False,False,8.93,0.02435201,0.0245847,-0.95,0.67,False,0.0,0.0,0.53,-3.0,Risk review,Head-and-shoulders risk,"head-and-shoulders, risk, distribution",580.17,,,7.36,,,580.17,"A possible head-and-shoulders top is forming or breaking. This is a caution signal, not an entry setup.",Risk review,-0.92
ITI,ITI Ltd.,ITI.NS,Telecommunication,True,,NIFTY 500,^CRSLDX,2026-09-30,246.4,1.23,-4.2,-7.96,1068588.0,196235.0,5.45,263300083.2,29.74,33.28,False,False,False,False,False,-4.61,-8.84,-1.65,False,False,False,False,-0.86,0.01116341,0.01167986,-4.42,-3.38,False,0.0,0.0,5.45,-3.0,Risk review,Head-and-shoulders risk,"head-and-shoulders, risk, distribution",260.1,,,5.27,,,260.1,"A possible head-and-shoulders top is forming or breaking. This is a caution signal, not an entry setup.",Risk review,-0.93
SBICARD,SBI Cards and Payment Services Ltd.,SBICARD.NS,Financial Services,True,,NIFTY 500,^CRSLDX,2026-09-30,578.05,-0.51,-8.97,-8.99,582328.0,1667409.0,0.35,336614700.4,29.87,46.06,False,False,False,False,False,-9.1,-10.01,-3.29,False,False,False,False,-3.15,0.02618917,0.02766563,-5.34,-4.75,False,0.0,0.0,0.35,0.0,No clear setup,,,,,,,,,,,Weakening,-0.95
BALKRISIND,Balkrishna Industries Ltd.,BALKRISIND.NS,Automobile and Auto Components,True,,NIFTY 500,^CRSLDX,2026-09-30,2117.0,-0.43,-3.76,-9.11,119706.0,235736.0,0.51,253417602.0,36.14,43.74,False,False,False,False,False,-3.69,-7.28,-0.67,False,False,False,False,5.86,0.09591294,0.09809344,-2.22,-1.32,False,0.3333333333333333,0.0,0.51,-2.0,Risk review,Head-and-shoulders risk,"head-and-shoulders, risk, distribution",2035.05,,,4.03,,,2035.05,"A possible head-and-shoulders top is forming or breaking. This is a caution signal, not an entry setup.",Risk review,-0.96
POWERINDIA,Hitachi Energy India Ltd.,POWERINDIA.NS,Capital Goods,True,,NIFTY 500,^CRSLDX,2026-09-30,30630.0,-0.34,-1.67,-4.88,88522.0,104981.0,0.84,2711428860.0,42.54,43.71,False,False,False,False,True,-1.97,-5.64,4.13,False,False,False,False,-10.69,1.38772477,1.39955182,-0.85,-3.61,False,0.6666666666666666,0.0,0.84,-3.0,Risk review,Head-and-shoulders risk,"head-and-shoulders, risk, distribution",30797.5,,,0.54,,,30797.5,"A possible head-and-shoulders top is forming or breaking. This is a caution signal, not an entry setup.",Risk review,-0.97
AARTIIND,Aarti Industries Ltd.,AARTIIND.NS,Chemicals,True,,NIFTY 500,^CRSLDX,2026-09-30,475.7,1.23,-3.19,-5.84,723013.0,531991.0,1.36,343937284.1,40.55,46.06,False,False,False,False,True,-2.63,-5.25,2.7,False,False,False,False,-12.97,0.0215521,0.02165193,-0.46,-3.62,False,0.6666666666666666,0.0,1.36,-3.0,Risk review,Head-and-shoulders risk,"head-and-shoulders, risk, distribution",477.75,,,0.43,,,477.75,"A possible head-and-shoulders top is forming or breaking. This is a caution signal, not an entry setup.",Risk review,-0.97
SIGNATURE,Signatureglobal (India) Ltd.,SIGNATURE.NS,Realty,True,,NIFTY 500,^CRSLDX,2026-09-30,727.15,-3.62,-5.41,-4.98,331497.0,342000.0,0.97,241048043.55,33.06,46.36,False,False,False,False,False,-5.58,-7.59,-4.03,False,False,False,False,6.6,0.03294431,0.03395409,-2.97,0.34,False,0.0,0.0,0.97,-3.0,Risk review,Head-and-shoulders risk,"head-and-shoulders, risk, distribution",751.03,,,3.18,,,751.03,"A possible head-and-shoulders top is forming or breaking. This is a caution signal, not an entry setup.",Risk review,-0.98
CCL,CCL Products (I) Ltd.,CCL.NS,Fast Moving Consumer Goods,True,,NIFTY 500,^CRSLDX,2026-09-30,1019.5,1.32,-2.27,-6.13,146634.0,144530.0,1.01,149493363.0,33.67,34.68,False,False,False,False,False,-4.56,-7.85,0.82,False,False,False,False,5.2,0.04618953,0.04787833,-3.53,0.31,False,0.6666666666666666,0.0,1.01,-3.0,Risk review,Head-and-shoulders risk,"head-and-shoulders, risk, distribution",1019.55,,,0.0,,,1019.55,"A possible head-and-shoulders top is forming or breaking. This is a caution signal, not an entry setup.",Risk review,-0.99
GODREJCP,Godrej Consumer Products Ltd.,GODREJCP.NS,Fast Moving Consumer Goods,True,,NIFTY 500,^CRSLDX,2026-09-30,850.0,-0.58,-3.38,-6.08,1632650.0,1420034.0,1.15,1387752500.0,31.82,40.53,False,False,False,False,False,-2.13,-9.63,-2.63,False,False,False,False,15.95,0.03851016,0.04083882,-5.7,0.2,False,0.0,0.0,1.15,-3.0,Risk review,Head-and-shoulders risk,"head-and-shoulders, risk, distribution",984.27,,,13.64,,,984.27,"A possible head-and-shoulders top is forming or breaking. This is a caution signal, not an entry setup.",Risk review,-1.01
BSE,BSE Ltd.,BSE.NS,Financial Services,True,,NIFTY 500,^CRSLDX,2026-09-30,3092.0,-3.37,-5.46,-2.4,6411793.0,5550503.0,1.16,19825263956.0,39.05,45.83,False,False,False,False,False,-5.48,-8.23,1.61,False,False,False,False,6.91,0.14008635,0.14562357,-3.8,0.09,False,0.6666666666666666,0.0,1.16,-3.0,Risk review,Head-and-shoulders risk,"head-and-shoulders, risk, distribution",3598.5,,,14.08,,,3598.5,"A possible head-and-shoulders top is forming or breaking. This is a caution signal, not an entry setup.",Risk review,-1.03
HONAUT,Honeywell Automation India Ltd.,HONAUT.NS,Capital Goods,True,,NIFTY 500,^CRSLDX,2026-09-30,33460.0,-1.53,-2.38,-4.86,1786.0,4221.0,0.42,59759560.0,37.31,41.5,False,False,False,False,False,-2.68,-7.41,0.02,False,False,False,False,6.55,1.51594094,1.56352481,-3.04,0.05,False,0.6666666666666666,0.0,0.42,-3.0,Risk review,Head-and-shoulders risk,"head-and-shoulders, risk, distribution, inverse-head-and-shoulders, base, reversal",34925.0,,,4.19,,,34925.0,"A possible head-and-shoulders top is forming or breaking. This is a caution signal, not an entry setup. Secondary patterns: Possible inverse H&S.",Risk review,-1.04
CANBK,Canara Bank,CANBK.NS,Financial Services,True,,NIFTY 500,^CRSLDX,2026-09-30,119.44,-0.06,-5.21,-5.43,12579795.0,12067296.0,1.04,1502530714.8,32.41,52.08,False,False,False,False,False,-3.4,-5.52,-1.8,False,False,False,False,-1.34,0.00541136,0.00545203,-0.75,-0.0,False,0.0,0.0,1.04,-3.0,Risk review,Head-and-shoulders risk,"head-and-shoulders, risk, distribution",127.46,,,6.29,,,127.46,"A possible head-and-shoulders top is forming or breaking. This is a caution signal, not an entry setup.",Risk review,-1.05
TATACAP,Tata Capital Ltd.,TATACAP.NS,Financial Services,True,,NIFTY 500,^CRSLDX,2026-09-30,327.95,-1.03,-6.31,-10.09,1709693.0,1425811.0,1.2,560693819.35,33.51,43.31,False,False,False,False,False,-6.65,-8.67,0.73,False,False,False,False,-7.67,0.01485812,0.01544812,-3.82,-5.29,False,0.6666666666666666,0.0,1.2,0.0,No clear setup,,,,,,,,,,,Weakening,-1.06
BLUEDART,Blue Dart Express Ltd.,BLUEDART.NS,Services,True,,NIFTY 500,^CRSLDX,2026-09-30,4629.0,1.16,-3.55,-7.74,14406.0,10638.0,1.35,66685374.0,29.38,35.87,False,False,False,False,False,-4.24,-7.15,-1.26,False,False,False,False,7.78,0.20972178,0.21471264,-2.32,-0.12,False,0.0,0.0,1.35,-3.0,Risk review,Head-and-shoulders risk,"head-and-shoulders, risk, distribution",4813.3,,,3.83,,,4813.3,"A possible head-and-shoulders top is forming or breaking. This is a caution signal, not an entry setup.",Risk review,-1.07
ZENTEC,Zen Technologies Ltd.,ZENTEC.NS,Capital Goods,True,,NIFTY 500,^CRSLDX,2026-09-30,1605.2,-0.9,-4.01,-12.24,185419.0,281741.0,0.66,297634578.8,32.97,37.49,False,False,False,False,True,-5.82,-8.48,2.1,False,False,False,False,-13.16,0.0727253,0.07577572,-4.03,-4.14,False,0.6666666666666666,0.0,0.66,-3.0,Risk review,Head-and-shoulders risk,"head-and-shoulders, risk, distribution",1651.55,,,2.81,,,1651.55,"A possible head-and-shoulders top is forming or breaking. This is a caution signal, not an entry setup.",Risk review,-1.08
AMBER,Amber Enterprises India Ltd.,AMBER.NS,Consumer Durables,True,,NIFTY 500,^CRSLDX,2026-09-30,6672.5,1.0,-5.55,-10.01,224400.0,122812.0,1.83,1497309000.0,32.96,41.5,False,False,False,False,False,-6.03,-8.06,0.48,False,False,False,False,-11.49,0.30230472,0.31333029,-3.52,-6.97,False,0.6666666666666666,0.0,1.83,-2.0,Risk review,Head-and-shoulders risk,"head-and-shoulders, risk, distribution",6529.0,,,2.2,,,6529.0,"A possible head-and-shoulders top is forming or breaking. This is a caution signal, not an entry setup.",Risk review,-1.1
TEJASNET,Tejas Networks Ltd.,TEJASNET.NS,Telecommunication,True,,NIFTY 500,^CRSLDX,2026-09-30,486.2,-0.86,-6.78,-11.41,935883.0,3336029.0,0.28,455026314.6,34.44,44.52,False,False,False,False,True,-9.23,-7.68,1.26,False,False,False,False,-17.06,0.02202781,0.02267517,-2.85,-7.72,False,0.6666666666666666,0.0,0.28,-2.0,Risk review,Head-and-shoulders risk,"head-and-shoulders, risk, distribution",475.77,,,2.19,,,475.77,"A possible head-and-shoulders top is forming or breaking. This is a caution signal, not an entry setup.",Risk review,-1.1
DELHIVERY,Delhivery Ltd.,DELHIVERY.NS,Services,True,,NIFTY 500,^CRSLDX,2026-09-30,409.7,-1.84,-5.82,-9.92,5573038.0,2793908.0,1.99,2283273668.6,34.32,42.52,False,False,False,False,False,-5.69,-9.34,0.58,False,False,False,False,-3.11,0.01856189,0.01954015,-5.01,-4.59,False,0.6666666666666666,0.0,1.99,-3.0,Risk review,Head-and-shoulders risk,"head-and-shoulders, risk, distribution",425.3,,,3.67,,,425.3,"A possible head-and-shoulders top is forming or breaking. This is a caution signal, not an entry setup.",Risk review,-1.17
UCOBANK,UCO Bank,UCOBANK.NS,Financial Services,True,,NIFTY 500,^CRSLDX,2026-09-30,23.28,1.0,-3.16,-4.55,2802505.0,3847581.0,0.73,65242316.4,34.64,40.15,False,False,False,False,False,-2.51,-7.34,-2.03,False,False,False,False,3.35,0.00105473,0.00108662,-2.94,-0.63,False,0.0,0.0,0.73,-3.0,Risk review,Head-and-shoulders risk,"head-and-shoulders, risk, distribution",25.26,,,7.82,,,25.26,"A possible head-and-shoulders top is forming or breaking. This is a caution signal, not an entry setup.",Risk review,-1.18
APTUS,Aptus Value Housing Finance India Ltd.,APTUS.NS,Financial Services,True,,NIFTY 500,^CRSLDX,2026-09-30,232.53,-0.35,-7.48,-8.55,1838844.0,1801024.0,1.02,427586395.32,35.27,50.16,False,False,False,False,False,-5.47,-8.84,-1.47,False,False,False,False,3.45,0.01053502,0.01107419,-4.87,-0.72,False,0.0,0.0,1.02,-3.0,Risk review,Head-and-shoulders risk,"head-and-shoulders, risk, distribution",247.22,,,5.94,,,247.22,"A possible head-and-shoulders top is forming or breaking. This is a caution signal, not an entry setup.",Risk review,-1.19
SCI,Shipping Corporation of India Ltd.,SCI.NS,Services,True,,NIFTY 500,^CRSLDX,2026-09-30,270.5,-0.88,-3.06,-6.14,1048767.0,1401015.0,0.75,283691473.5,37.49,44.76,False,False,False,False,False,-3.34,-5.52,2.16,False,False,False,False,-1.21,0.01225529,0.01232681,-0.58,-0.76,False,0.6666666666666666,0.0,0.75,-3.0,Risk review,Head-and-shoulders risk,"head-and-shoulders, risk, distribution",284.11,,,4.79,,,284.11,"A possible head-and-shoulders top is forming or breaking. This is a caution signal, not an entry setup.",Risk review,-1.2
MARUTI,Maruti Suzuki India Ltd.,MARUTI.NS,Automobile and Auto Components,True,,NIFTY 500,^CRSLDX,2026-09-30,11967.0,0.76,-2.15,-6.86,430286.0,380150.0,1.13,5149232562.0,30.44,30.63,False,False,False,False,False,-2.82,-9.18,-2.78,False,False,False,False,-3.32,0.54217768,0.56942679,-4.79,-6.15,False,0.0,0.0,1.13,0.0,No clear setup,,,,,,,,,,,Weakening,-1.2
ASHOKLEY,Ashok Leyland Ltd.,ASHOKLEY.NS,Capital Goods,True,,NIFTY 500,^CRSLDX,2026-09-30,154.19,0.49,-5.34,-8.17,17703276.0,12029960.0,1.47,2729668126.44,35.54,44.84,False,False,False,False,False,-4.74,-7.71,-0.18,False,False,False,False,-8.87,0.00698574,0.0071817,-2.73,-6.73,False,0.0,0.0,1.47,0.0,No clear setup,,,,,,,,,,,Weakening,-1.2
NESTLEIND,Nestle India Ltd.,NESTLEIND.NS,Fast Moving Consumer Goods,True,,NIFTY 500,^CRSLDX,2026-09-30,1310.0,-2.65,-5.57,-8.07,1278279.0,1122325.0,1.14,1674545490.0,30.46,43.22,False,False,False,False,False,-4.77,-9.09,0.99,False,False,False,False,-6.28,0.05935095,0.0622258,-4.62,-7.0,False,0.6666666666666666,0.0,1.14,0.0,No clear setup,,,,,,,,,,,Weakening,-1.2
MFSL,Max Financial Services Ltd.,MFSL.NS,Financial Services,True,,NIFTY 500,^CRSLDX,2026-09-30,1373.4,-1.36,-12.12,-8.74,931017.0,1298100.0,0.72,1278658747.8,35.29,55.53,False,False,False,False,False,-7.82,-9.54,-1.24,False,False,False,False,-10.76,0.06222335,0.06553341,-5.05,-7.24,False,0.0,0.0,0.72,0.0,No clear setup,,,,,,,,,,,Weakening,-1.2
HDFCAMC,HDFC Asset Management Company Ltd.,HDFCAMC.NS,Financial Services,True,,NIFTY 500,^CRSLDX,2026-09-30,2280.7,2.58,-6.85,-9.7,908968.0,634218.0,1.43,2073083317.6,34.11,45.51,False,False,False,False,False,-4.99,-8.64,-0.88,False,False,False,False,-9.93,0.10332954,0.10777184,-4.12,-7.59,False,0.0,0.0,1.43,0.0,No clear setup,,,,,,,,,,,Weakening,-1.2
ICICIPRULI,ICICI Prudential Life Insurance Company Ltd.,ICICIPRULI.NS,Financial Services,True,,NIFTY 500,^CRSLDX,2026-09-30,443.8,-0.17,-8.4,-11.15,839768.0,1646219.0,0.51,372689038.4,31.12,47.67,False,False,False,False,False,-6.12,-10.11,-2.84,False,False,False,False,-9.28,0.02010683,0.02132142,-5.7,-8.81,False,0.0,0.0,0.51,0.0,No clear setup,,,,,,,,,,,Weakening,-1.2
PGEL,PG Electroplast Ltd.,PGEL.NS,Consumer Durables,True,,NIFTY 500,^CRSLDX,2026-09-30,493.45,0.06,-5.32,-12.82,825728.0,866719.0,0.95,407455481.6,25.92,32.5,False,False,False,False,False,-6.97,-13.72,-0.7,False,False,False,False,-5.19,0.02235628,0.02472177,-9.57,-9.77,False,0.3333333333333333,0.0,0.95,0.0,No clear setup,,,,,,,,,,,Weakening,-1.2
PFIZER,Pfizer Ltd.,PFIZER.NS,Healthcare,True,,NIFTY 500,^CRSLDX,2026-09-30,3875.3,-0.96,-3.73,-16.26,39848.0,68441.0,0.58,154422954.4,19.43,23.42,False,False,False,False,False,-6.03,-14.63,-1.87,False,False,False,False,-8.86,0.17557459,0.19632068,-10.57,-12.11,False,0.0,0.0,0.58,0.0,No clear setup,,,,,,,,,,,Weakening,-1.2
GODREJPROP,Godrej Properties Ltd.,GODREJPROP.NS,Realty,True,,NIFTY 500,^CRSLDX,2026-09-30,1628.5,-0.36,-4.63,-17.36,832521.0,808532.0,1.03,1355760448.5,26.83,29.84,False,False,False,False,False,-7.31,-15.75,-1.58,False,False,False,False,-11.98,0.07378093,0.08390413,-12.07,-14.12,False,0.3333333333333333,0.0,1.03,0.0,No clear setup,,,,,,,,,,,Weakening,-1.2
GICRE,General Insurance Corporation of India,GICRE.NS,Financial Services,True,,NIFTY 500,^CRSLDX,2026-09-30,331.15,3.4,-3.78,-6.84,772056.0,926588.0,0.83,255666344.4,40.04,44.72,False,False,False,False,False,-3.46,-5.62,-0.94,False,False,False,False,-1.39,0.0150031,0.01514456,-0.93,-0.82,False,0.0,0.0,0.83,-3.0,Risk review,Head-and-shoulders risk,"head-and-shoulders, risk, distribution",359.73,,,7.94,,,359.73,"A possible head-and-shoulders top is forming or breaking. This is a caution signal, not an entry setup.",Risk review,-1.21
SAMMAANCAP,Sammaan Capital Ltd.,SAMMAANCAP.NS,Financial Services,True,,NIFTY 500,^CRSLDX,2026-09-30,136.54,0.04,-5.5,-10.35,4575005.0,4619352.0,0.99,624671182.7,30.08,40.72,False,False,False,False,False,-6.11,-10.16,-0.09,False,False,False,False,6.95,0.00618609,0.00657712,-5.95,-0.85,False,0.0,0.0,0.99,-3.0,Risk review,Head-and-shoulders risk,"head-and-shoulders, risk, distribution",144.44,,,5.47,,,144.44,"A possible head-and-shoulders top is forming or breaking. This is a caution signal, not an entry setup.",Risk review,-1.22
LTM,LTM Ltd.,LTM.NS,Information Technology,True,,NIFTY 500,^CRSLDX,2026-09-30,4045.0,2.77,-0.98,-11.84,463734.0,443097.0,1.05,1875804030.0,37.07,31.91,False,False,False,False,,-5.01,-8.5,,False,False,False,False,-3.6,0.18326303,0.18983575,-3.46,-5.34,False,0.0,0.0,1.05,-3.0,Risk review,Head-and-shoulders risk,"head-and-shoulders, risk, distribution, inverse-head-and-shoulders, base, reversal",4091.0,,,1.12,,,4091.0,"A possible head-and-shoulders top is forming or breaking. This is a caution signal, not an entry setup. Secondary patterns: Possible inverse H&S.",Risk review,-1.22
TRITURBINE,Triveni Turbine Ltd.,TRITURBINE.NS,Capital Goods,True,,NIFTY 500,^CRSLDX,2026-09-30,539.4,-0.76,-4.04,-4.56,332296.0,496327.0,0.67,179240462.4,38.27,46.1,False,False,False,False,False,-3.55,-7.39,0.44,False,False,False,False,3.17,0.02443809,0.02518299,-2.96,-0.88,False,0.6666666666666666,0.0,0.67,-3.0,Risk review,Head-and-shoulders risk,"head-and-shoulders, risk, distribution, inverse-head-and-shoulders, base, reversal",553.92,,,2.62,,,553.92,"A possible head-and-shoulders top is forming or breaking. This is a caution signal, not an entry setup. Secondary patterns: Possible inverse H&S.",Risk review,-1.23
BSOFT,Birlasoft Ltd.,BSOFT.NS,Information Technology,True,,NIFTY 500,^CRSLDX,2026-09-30,271.7,0.98,-3.34,-7.71,1727416.0,1677848.0,1.03,469338927.2,36.65,42.14,False,False,False,False,False,-3.05,-7.9,-4.02,False,False,False,False,7.16,0.01230966,0.01270107,-3.08,-0.89,False,0.0,0.0,1.03,-3.0,Risk review,Head-and-shoulders risk,"head-and-shoulders, risk, distribution",275.73,,,1.46,,,275.73,"A possible head-and-shoulders top is forming or breaking. This is a caution signal, not an entry setup.",Risk review,-1.23
CUMMINSIND,Cummins India Ltd.,CUMMINSIND.NS,Capital Goods,True,,NIFTY 500,^CRSLDX,2026-09-30,4760.0,-0.83,-4.99,-6.46,573791.0,390556.0,1.47,2731245160.0,31.21,42.98,False,False,False,False,False,-4.75,-8.62,1.02,False,False,False,False,5.7,0.21565687,0.22539232,-4.32,-0.94,False,0.6666666666666666,0.0,1.47,-3.0,Risk review,Head-and-shoulders risk,"head-and-shoulders, risk, distribution",4887.5,,,2.61,,,4887.5,"A possible head-and-shoulders top is forming or breaking. This is a caution signal, not an entry setup.",Risk review,-1.24
AADHARHFC,Aadhar Housing Finance Ltd.,AADHARHFC.NS,Financial Services,True,,NIFTY 500,^CRSLDX,2026-09-30,436.0,0.81,-4.08,-8.29,338639.0,353935.0,0.96,147646604.0,33.3,39.74,False,False,False,False,False,-5.03,-8.58,-0.54,False,False,False,False,4.71,0.01975344,0.02063994,-4.3,-1.04,False,0.0,0.0,0.96,-3.0,Risk review,Head-and-shoulders risk,"head-and-shoulders, risk, distribution",440.67,,,1.06,,,440.67,"A possible head-and-shoulders top is forming or breaking. This is a caution signal, not an entry setup.",Risk review,-1.26
MAXHEALTH,Max Healthcare Institute Ltd.,MAXHEALTH.NS,Healthcare,True,,NIFTY 500,^CRSLDX,2026-09-30,929.8,-5.33,-12.27,-6.46,13817675.0,2607968.0,5.3,12847674215.0,27.54,59.24,False,False,False,False,False,-8.9,-10.17,-0.66,False,False,False,False,-1.33,0.04212558,0.04469446,-5.75,-5.2,False,0.3333333333333333,0.0,5.3,-3.0,Risk review,Head-and-shoulders risk,"head-and-shoulders, risk, distribution",941.65,,,1.26,,,941.65,"A possible head-and-shoulders top is forming or breaking. This is a caution signal, not an entry setup.",Risk review,-1.29
COLPAL,Colgate Palmolive (India) Ltd.,COLPAL.NS,Fast Moving Consumer Goods,True,,NIFTY 500,^CRSLDX,2026-09-30,1763.3,-1.22,-6.54,-5.28,276534.0,432925.0,0.64,487612402.2,34.68,51.4,False,False,False,False,False,-3.93,-8.28,-1.46,False,False,False,False,5.99,0.07988818,0.08330602,-4.1,-1.27,False,0.0,0.0,0.64,-3.0,Risk review,Head-and-shoulders risk,"head-and-shoulders, risk, distribution",1905.65,,,7.47,,,1905.65,"A possible head-and-shoulders top is forming or breaking. This is a caution signal, not an entry setup.",Risk review,-1.3
TRIDENT,Trident Ltd.,TRIDENT.NS,Textiles,True,,NIFTY 500,^CRSLDX,2026-09-30,22.44,-0.22,-4.18,-6.73,2060666.0,2650294.0,0.78,46241345.04,26.22,41.15,False,False,False,False,False,-3.74,-6.95,-1.65,False,False,False,False,0.19,0.00101667,0.00104217,-2.45,-1.4,False,0.0,0.0,0.78,-3.0,Risk review,Head-and-shoulders risk,"head-and-shoulders, risk, distribution",23.03,,,2.56,,,23.03,"A possible head-and-shoulders top is forming or breaking. This is a caution signal, not an entry setup.",Risk review,-1.33
INDIAMART,Indiamart Intermesh Ltd.,INDIAMART.NS,Consumer Services,True,,NIFTY 500,^CRSLDX,2026-09-30,1629.0,1.0,-1.42,-6.42,101414.0,120988.0,0.84,165203406.0,38.42,39.51,False,False,False,False,False,-2.15,-5.54,-2.94,False,False,False,False,-0.47,0.07380358,0.0746041,-1.07,-1.41,False,0.0,0.0,0.84,-3.0,Risk review,Head-and-shoulders risk,"head-and-shoulders, risk, distribution",1907.55,,,14.6,,,1907.55,"A possible head-and-shoulders top is forming or breaking. This is a caution signal, not an entry setup.",Risk review,-1.33
HINDALCO,Hindalco Industries Ltd.,HINDALCO.NS,Metals & Mining,True,,NIFTY 500,^CRSLDX,2026-09-30,941.8,-1.4,-6.18,-6.72,4420021.0,3662585.0,1.21,4162775777.8,35.45,50.97,False,False,False,False,False,-4.43,-6.29,1.58,False,False,False,False,-5.06,0.04266925,0.04325376,-1.35,-1.46,False,0.6666666666666666,0.0,1.21,-3.0,Risk review,Head-and-shoulders risk,"head-and-shoulders, risk, distribution",979.8,,,3.88,,,979.8,"A possible head-and-shoulders top is forming or breaking. This is a caution signal, not an entry setup.",Risk review,-1.34
IGIL,International Gemological Institute Ltd.,IGIL.NS,Services,True,,NIFTY 500,^CRSLDX,2026-09-30,315.9,-2.59,-4.75,-3.45,584224.0,565502.0,1.03,184556361.6,41.07,53.01,False,False,False,False,False,-1.46,-5.9,-0.07,False,False,False,False,3.61,0.01431219,0.01451413,-1.39,-1.56,False,0.0,0.0,1.03,-3.0,Risk review,Head-and-shoulders risk,"head-and-shoulders, risk, distribution",315.98,,,0.02,,,315.98,"A possible head-and-shoulders top is forming or breaking. This is a caution signal, not an entry setup.",Risk review,-1.36
MSUMI,Motherson Sumi Wiring India Ltd.,MSUMI.NS,Automobile and Auto Components,True,,NIFTY 500,^CRSLDX,2026-09-30,34.07,-0.84,-2.6,-6.91,6241303.0,11260863.0,0.55,212641193.21,30.35,32.1,False,False,False,False,False,-4.42,-10.49,-2.43,False,False,False,False,8.36,0.00154358,0.0016465,-6.25,-1.61,False,0.0,0.0,0.55,-3.0,Risk review,Head-and-shoulders risk,"head-and-shoulders, risk, distribution",37.5,,,9.13,,,37.5,"A possible head-and-shoulders top is forming or breaking. This is a caution signal, not an entry setup.",Risk review,-1.37
RECLTD,REC Ltd.,RECLTD.NS,Financial Services,True,,NIFTY 500,^CRSLDX,2026-09-30,299.0,2.24,-4.01,-5.51,6842344.0,6379161.0,1.07,2045860856.0,36.18,39.33,False,False,False,False,False,-3.68,-9.79,-1.06,False,False,False,False,9.11,0.01354651,0.01435766,-5.65,-1.74,False,0.0,0.0,1.07,-3.0,Risk review,Head-and-shoulders risk,"head-and-shoulders, risk, distribution",327.6,,,8.73,,,327.6,"A possible head-and-shoulders top is forming or breaking. This is a caution signal, not an entry setup.",Risk review,-1.4
ABB,ABB India Ltd.,ABB.NS,Capital Goods,True,,NIFTY 500,^CRSLDX,2026-09-30,6776.0,1.73,-4.83,-9.02,229223.0,179740.0,1.28,1553215048.0,32.88,40.42,False,False,False,False,True,-5.51,-8.24,3.1,False,False,False,False,-7.76,0.3069939,0.31866312,-3.66,-5.75,False,0.6666666666666666,0.0,1.28,-3.0,Risk review,Head-and-shoulders risk,"head-and-shoulders, risk, distribution",6869.0,,,1.35,,,6869.0,"A possible head-and-shoulders top is forming or breaking. This is a caution signal, not an entry setup.",Risk review,-1.4
TRAVELFOOD,Travel Food Services Ltd.,TRAVELFOOD.NS,Consumer Services,True,,NIFTY 500,^CRSLDX,2026-09-30,1200.3,0.31,-1.17,-5.75,28635.0,44145.0,0.65,34370590.5,34.18,36.12,False,False,False,False,False,-3.51,-7.18,-0.31,False,False,False,False,0.02,0.05438087,0.0557707,-2.49,-1.87,False,0.3333333333333333,0.0,0.65,-3.0,Risk review,Head-and-shoulders risk,"head-and-shoulders, risk, distribution",1209.55,,,0.76,,,1209.55,"A possible head-and-shoulders top is forming or breaking. This is a caution signal, not an entry setup.",Risk review,-1.42
DALBHARAT,Dalmia Bharat Ltd.,DALBHARAT.NS,Construction Materials,True,,NIFTY 500,^CRSLDX,2026-09-30,1683.7,2.83,-3.46,-5.04,111663.0,90116.0,1.24,188006993.1,41.12,45.78,False,False,False,False,False,-2.07,-5.97,-1.58,False,False,False,False,-5.77,0.07628182,0.0773683,-1.4,-3.63,False,0.0,0.0,1.24,-2.0,Risk review,Head-and-shoulders risk,"head-and-shoulders, risk, distribution",1671.45,,,0.73,,,1671.45,"A possible head-and-shoulders top is forming or breaking. This is a caution signal, not an entry setup.",Risk review,-1.43
FACT,Fertilisers and Chemicals Travancore Ltd.,FACT.NS,Chemicals,True,,NIFTY 500,^CRSLDX,2026-09-30,757.95,0.1,-4.86,-5.76,99917.0,204788.0,0.49,75732090.15,38.26,50.25,False,False,False,False,False,-2.73,-5.72,-0.87,False,False,False,False,-0.8,0.03433973,0.03472244,-1.1,-1.94,False,0.0,0.0,0.49,-3.0,Risk review,Head-and-shoulders risk,"head-and-shoulders, risk, distribution",763.55,,,0.73,,,763.55,"A possible head-and-shoulders top is forming or breaking. This is a caution signal, not an entry setup.",Risk review,-1.44
AWL,AWL Agri Business Ltd.,AWL.NS,Fast Moving Consumer Goods,True,,NIFTY 500,^CRSLDX,2026-09-30,177.68,-0.6,-4.57,-7.1,910512.0,1979464.0,0.46,161779772.16,33.46,46.7,False,False,False,False,False,-3.75,-6.14,-3.12,False,False,False,False,-4.66,0.00804998,0.00816683,-1.43,-1.96,False,0.0,0.0,0.46,-3.0,Risk review,Head-and-shoulders risk,"head-and-shoulders, risk, distribution",177.88,,,0.11,,,177.88,"A possible head-and-shoulders top is forming or breaking. This is a caution signal, not an entry setup.",Risk review,-1.44
UBL,United Breweries Ltd.,UBL.NS,Fast Moving Consumer Goods,True,,NIFTY 500,^CRSLDX,2026-09-30,1158.1,-4.31,-6.78,-9.71,322312.0,181304.0,1.78,373269527.2,28.94,39.67,False,False,False,False,False,-6.88,-12.61,-2.77,False,False,False,False,1.7,0.05246895,0.0573476,-8.51,-5.97,False,0.0,0.0,1.78,-3.0,Risk review,Head-and-shoulders risk,"head-and-shoulders, risk, distribution",1546.85,,,25.13,,,1546.85,"A possible head-and-shoulders top is forming or breaking. This is a caution signal, not an entry setup.",Risk review,-1.44
THERMAX,Thermax Ltd.,THERMAX.NS,Capital Goods,True,,NIFTY 500,^CRSLDX,2026-09-30,3392.2,3.08,-2.1,-9.6,406098.0,160920.0,2.52,1377565635.6,32.49,25.29,False,False,False,False,False,-4.35,-12.55,1.78,False,False,False,False,-3.7,0.15368723,0.16898759,-9.05,-7.63,False,0.6666666666666666,0.0,2.52,-3.0,Risk review,Head-and-shoulders risk,"head-and-shoulders, risk, distribution, breakout, retest, pivot, volume",3744.5,,,9.41,,,3744.5,"A possible head-and-shoulders top is forming or breaking. This is a caution signal, not an entry setup. Secondary patterns: Breakout retest.",Risk review,-1.45
PIDILITIND,Pidilite Industries Ltd.,PIDILITIND.NS,Chemicals,True,,NIFTY 500,^CRSLDX,2026-09-30,1465.1,0.28,-7.75,-10.5,940925.0,609643.0,1.54,1378549217.5,29.38,47.97,False,False,False,False,False,-5.79,-9.1,0.6,False,False,False,False,-12.07,0.06637792,0.06950579,-4.5,-7.77,False,0.6666666666666666,0.0,1.54,-3.0,Risk review,Head-and-shoulders risk,"head-and-shoulders, risk, distribution, inverse-head-and-shoulders, base, reversal",1474.35,,,0.63,,,1474.35,"A possible head-and-shoulders top is forming or breaking. This is a caution signal, not an entry setup. Secondary patterns: Possible inverse H&S.",Risk review,-1.45
TATAELXSI,Tata Elxsi Ltd.,TATAELXSI.NS,Information Technology,True,,NIFTY 500,^CRSLDX,2026-09-30,3088.9,-3.82,-3.83,-14.41,356864.0,235676.0,1.51,1102317209.6,23.54,27.09,False,False,False,False,False,-7.42,-12.74,-4.08,False,False,False,False,-4.85,0.1399459,0.15241908,-8.18,-8.29,False,0.0,0.0,1.51,-3.0,Risk review,Head-and-shoulders risk,"head-and-shoulders, risk, distribution",4028.1,,,23.32,,,4028.1,"A possible head-and-shoulders top is forming or breaking. This is a caution signal, not an entry setup.",Risk review,-1.45
CAMS,Computer Age Management Services Ltd.,CAMS.NS,Financial Services,True,,NIFTY 500,^CRSLDX,2026-09-30,671.0,0.75,-7.31,-9.55,1798467.0,1166524.0,1.54,1206771357.0,31.06,46.01,False,False,False,False,False,-5.73,-10.37,-0.67,False,False,False,False,-9.18,0.03040037,0.03233203,-5.97,-8.84,False,0.3333333333333333,0.0,1.54,-3.0,Risk review,Head-and-shoulders risk,"head-and-shoulders, risk, distribution",675.2,,,0.62,,,675.2,"A possible head-and-shoulders top is forming or breaking. This is a caution signal, not an entry setup.",Risk review,-1.45
TIINDIA,Tube Investments of India Ltd.,TIINDIA.NS,Automobile and Auto Components,True,,NIFTY 500,^CRSLDX,2026-09-30,2375.0,-1.57,-7.9,-12.68,690294.0,218499.0,3.16,1639448250.0,22.38,36.28,False,False,False,False,False,-7.99,-12.67,-0.32,False,False,False,False,-11.25,0.1076019,0.11767984,-8.56,-9.23,False,0.0,0.0,3.16,-3.0,Risk review,Head-and-shoulders risk,"head-and-shoulders, risk, distribution",2467.85,,,3.76,,,2467.85,"A possible head-and-shoulders top is forming or breaking. This is a caution signal, not an entry setup.",Risk review,-1.45
FORTIS,Fortis Healthcare Ltd.,FORTIS.NS,Healthcare,True,,NIFTY 500,^CRSLDX,2026-09-30,770.0,-6.33,-13.87,-15.85,5818918.0,1414963.0,4.11,4480566860.0,18.09,44.99,False,False,False,False,False,-12.39,-15.18,-0.09,False,False,False,False,-7.72,0.03488567,0.03922437,-11.06,-9.79,False,0.0,0.0,4.11,-3.0,Risk review,Head-and-shoulders risk,"head-and-shoulders, risk, distribution",822.95,,,6.43,,,822.95,"A possible head-and-shoulders top is forming or breaking. This is a caution signal, not an entry setup.",Risk review,-1.45
ARE&M,Amara Raja Energy & Mobility Ltd.,ARE&M.NS,Automobile and Auto Components,True,,NIFTY 500,^CRSLDX,2026-09-30,754.55,-1.53,-7.17,-13.39,706708.0,436314.0,1.62,533246521.4,22.65,36.15,False,False,False,False,False,-6.56,-13.51,-1.49,False,False,False,False,-7.38,0.03418569,0.0377156,-9.36,-10.19,False,0.3333333333333333,0.0,1.62,-3.0,Risk review,Head-and-shoulders risk,"head-and-shoulders, risk, distribution",790.05,,,4.49,,,790.05,"A possible head-and-shoulders top is forming or breaking. This is a caution signal, not an entry setup.",Risk review,-1.45
HAVELLS,Havells India Ltd.,HAVELLS.NS,Consumer Durables,True,,NIFTY 500,^CRSLDX,2026-09-30,1016.0,-2.62,-7.34,-14.84,1394518.0,829095.0,1.68,1416830288.0,22.77,33.33,False,False,False,False,False,-8.15,-15.29,-2.42,False,False,False,False,-11.51,0.04603096,0.051819,-11.17,-13.24,False,0.0,0.0,1.68,-3.0,Risk review,Head-and-shoulders risk,"head-and-shoulders, risk, distribution",1102.35,,,7.83,,,1102.35,"A possible head-and-shoulders top is forming or breaking. This is a caution signal, not an entry setup.",Risk review,-1.45
INDIACEM,India Cements Ltd.,INDIACEM.NS,Construction Materials,True,,NIFTY 500,^CRSLDX,2026-09-30,301.85,-0.61,-11.23,-15.75,337561.0,179407.0,1.88,101892787.85,19.42,35.12,False,False,False,False,False,-11.07,-17.37,-1.86,False,False,False,False,-9.71,0.01367564,0.01583897,-13.66,-13.48,False,0.0,0.0,1.88,-3.0,Risk review,Head-and-shoulders risk,"head-and-shoulders, risk, distribution",363.68,,,17.0,,,363.68,"A possible head-and-shoulders top is forming or breaking. This is a caution signal, not an entry setup.",Risk review,-1.45
APOLLOTYRE,Apollo Tyres Ltd.,APOLLOTYRE.NS,Automobile and Auto Components,True,,NIFTY 500,^CRSLDX,2026-09-30,404.7,-0.5,-0.25,-6.78,684149.0,902581.0,0.76,276875100.3,42.87,35.86,True,False,False,False,False,-1.64,-5.13,-2.31,False,False,False,False,-4.1,0.01833536,0.01839833,-0.34,-2.05,False,0.0,0.0,0.76,-3.0,Risk review,Head-and-shoulders risk,"head-and-shoulders, risk, distribution",409.23,,,1.11,,,409.23,"A possible head-and-shoulders top is forming or breaking. This is a caution signal, not an entry setup.",Risk review,-1.46
BHARTIHEXA,Bharti Hexacom Ltd.,BHARTIHEXA.NS,Telecommunication,True,,NIFTY 500,^CRSLDX,2026-09-30,1424.5,1.07,-6.6,-6.96,102458.0,92247.0,1.11,145951421.0,35.02,47.63,False,False,False,False,False,-5.32,-8.12,-1.52,False,False,False,False,2.61,0.06453849,0.06697905,-3.64,-2.07,False,0.0,0.0,1.11,-3.0,Risk review,Head-and-shoulders risk,"head-and-shoulders, risk, distribution",1453.9,,,2.02,,,1453.9,"A possible head-and-shoulders top is forming or breaking. This is a caution signal, not an entry setup.",Risk review,-1.46
JPPOWER,Jaiprakash Power Ventures Ltd.,JPPOWER.NS,Power,True,,NIFTY 500,^CRSLDX,2026-09-30,15.13,-0.85,-5.67,-7.57,29140693.0,69065431.0,0.42,440898685.09,33.66,44.64,False,False,False,False,False,-4.95,-9.86,-1.42,False,False,False,False,8.71,0.00068548,0.00072563,-5.53,-2.28,False,0.0,0.0,0.42,-3.0,Risk review,Head-and-shoulders risk,"head-and-shoulders, risk, distribution",15.29,,,1.05,,,15.29,"A possible head-and-shoulders top is forming or breaking. This is a caution signal, not an entry setup.",Risk review,-1.51
MUTHOOTFIN,Muthoot Finance Ltd.,MUTHOOTFIN.NS,Financial Services,True,,NIFTY 500,^CRSLDX,2026-09-30,2737.1,0.01,-4.18,-6.83,459482.0,648611.0,0.71,1257648182.2,37.66,47.24,False,False,False,False,False,-2.94,-6.06,-2.83,False,False,False,False,-6.92,0.12400723,0.12602119,-1.6,-2.35,False,0.0,0.0,0.71,-3.0,Risk review,Head-and-shoulders risk,"head-and-shoulders, risk, distribution",3139.05,,,12.8,,,3139.05,"A possible head-and-shoulders top is forming or breaking. This is a caution signal, not an entry setup.",Risk review,-1.52
ERIS,Eris Lifesciences Ltd.,ERIS.NS,Healthcare,True,,NIFTY 500,^CRSLDX,2026-09-30,1191.9,-2.25,-6.14,-7.53,97144.0,90057.0,1.08,115785933.6,22.23,33.73,False,False,False,False,False,-8.1,-10.54,-1.99,False,False,False,False,2.43,0.0540003,0.0575965,-6.24,-2.38,False,0.0,0.0,1.08,-3.0,Risk review,Head-and-shoulders risk,"head-and-shoulders, risk, distribution",1261.55,,,5.52,,,1261.55,"A possible head-and-shoulders top is forming or breaking. This is a caution signal, not an entry setup.",Risk review,-1.53
TMPV,Tata Motors Passenger Vehicles Ltd.,TMPV.NS,Automobile and Auto Components,True,,NIFTY 500,^CRSLDX,2026-09-30,283.5,0.91,-5.66,-9.35,11539983.0,10502851.0,1.1,3271585180.5,29.64,38.33,False,False,False,False,False,-5.49,-10.77,-1.51,False,False,False,False,7.78,0.01284427,0.01372719,-6.43,-2.48,False,0.0,0.0,1.1,-3.0,Risk review,Head-and-shoulders risk,"head-and-shoulders, risk, distribution",306.27,,,7.44,,,306.27,"A possible head-and-shoulders top is forming or breaking. This is a caution signal, not an entry setup.",Risk review,-1.55
YESBANK,Yes Bank Ltd.,YESBANK.NS,Financial Services,True,,NIFTY 500,^CRSLDX,2026-09-30,20.95,1.16,-9.85,-5.42,94081938.0,89184355.0,1.05,1971016601.1,33.45,55.36,False,False,False,False,False,-7.17,-7.48,0.23,False,False,False,False,-3.26,0.00094916,0.00097543,-2.69,-2.5,False,0.6666666666666666,0.0,1.05,-3.0,Risk review,Head-and-shoulders risk,"head-and-shoulders, risk, distribution, inverse-head-and-shoulders, base, reversal",21.07,,,0.55,,,21.07,"A possible head-and-shoulders top is forming or breaking. This is a caution signal, not an entry setup. Secondary patterns: Possible inverse H&S.",Risk review,-1.55
CDSL,Central Depository Services (India) Ltd.,CDSL.NS,Financial Services,True,,NIFTY 500,^CRSLDX,2026-09-30,1264.0,0.17,-6.45,-7.41,871860.0,1179293.0,0.74,1102031040.0,34.71,47.79,False,False,False,False,False,-6.06,-6.48,-1.41,False,False,False,False,-11.92,0.05726687,0.058257,-1.7,-4.25,False,0.3333333333333333,0.0,0.74,-2.0,Risk review,Head-and-shoulders risk,"head-and-shoulders, risk, distribution",1210.65,,,4.41,,,1210.65,"A possible head-and-shoulders top is forming or breaking. This is a caution signal, not an entry setup.",Risk review,-1.55
ZENSARTECH,Zensar Technolgies Ltd.,ZENSARTECH.NS,Information Technology,True,,NIFTY 500,^CRSLDX,2026-09-30,422.1,-1.61,-2.01,-8.35,994997.0,3550289.0,0.28,419988233.7,36.35,36.42,False,False,False,False,False,-3.63,-10.35,-5.28,False,False,False,False,7.21,0.01912369,0.02039555,-6.24,-2.58,False,0.0,0.0,0.28,-3.0,Risk review,Head-and-shoulders risk,"head-and-shoulders, risk, distribution",510.18,,,17.26,,,510.18,"A possible head-and-shoulders top is forming or breaking. This is a caution signal, not an entry setup.",Risk review,-1.57
SJVN,SJVN Ltd.,SJVN.NS,Power,True,,NIFTY 500,^CRSLDX,2026-09-30,59.32,-0.85,-6.21,-7.2,2571072.0,2732083.0,0.94,152515991.04,20.04,33.96,False,False,False,False,False,-7.26,-9.82,-1.41,False,False,False,False,2.78,0.00268756,0.00283865,-5.32,-2.61,False,0.0,0.0,0.94,-3.0,Risk review,Head-and-shoulders risk,"head-and-shoulders, risk, distribution",66.76,,,11.14,,,66.76,"A possible head-and-shoulders top is forming or breaking. This is a caution signal, not an entry setup.",Risk review,-1.57
GODREJIND,Godrej Industries Ltd.,GODREJIND.NS,Diversified,True,,NIFTY 500,^CRSLDX,2026-09-30,1039.4,-1.54,-6.02,-8.73,37170.0,87157.0,0.43,38634498.0,26.74,37.11,False,False,False,False,False,-6.73,-13.08,0.89,False,False,False,False,11.22,0.04709112,0.05191903,-9.3,-2.66,False,0.6666666666666666,0.0,0.43,-3.0,Risk review,Head-and-shoulders risk,"head-and-shoulders, risk, distribution, inverse-head-and-shoulders, base, reversal",1065.05,,,2.41,,,1065.05,"A possible head-and-shoulders top is forming or breaking. This is a caution signal, not an entry setup. Secondary patterns: Possible inverse H&S.",Risk review,-1.58
CESC,CESC Ltd.,CESC.NS,Power,True,,NIFTY 500,^CRSLDX,2026-09-30,133.85,-0.01,-6.11,-8.6,1540893.0,2013419.0,0.77,206248528.05,21.97,33.91,False,False,False,False,False,-6.16,-12.53,-1.66,False,False,False,False,7.91,0.00606422,0.00662361,-8.45,-2.7,False,0.0,0.0,0.77,-3.0,Risk review,Head-and-shoulders risk,"head-and-shoulders, risk, distribution",145.19,,,7.81,,,145.19,"A possible head-and-shoulders top is forming or breaking. This is a caution signal, not an entry setup.",Risk review,-1.59
TATACONSUM,Tata Consumer Products Ltd.,TATACONSUM.NS,Fast Moving Consumer Goods,True,,NIFTY 500,^CRSLDX,2026-09-30,949.5,-1.88,-4.51,-6.18,1708408.0,1228265.0,1.39,1622133396.0,30.18,39.78,False,False,False,False,False,-4.39,-8.79,-1.5,False,False,False,False,2.36,0.04301811,0.04500169,-4.41,-2.77,False,0.0,0.0,1.39,-3.0,Risk review,Head-and-shoulders risk,"head-and-shoulders, risk, distribution",1090.85,,,12.96,,,1090.85,"A possible head-and-shoulders top is forming or breaking. This is a caution signal, not an entry setup.",Risk review,-1.6
HUDCO,Housing & Urban Development Corporation Ltd.,HUDCO.NS,Financial Services,True,,NIFTY 500,^CRSLDX,2026-09-30,166.58,0.61,-6.37,-6.6,2274257.0,1843177.0,1.23,378845731.06,33.27,47.36,False,False,False,False,False,-3.98,-9.76,-2.29,False,False,False,False,4.54,0.00754708,0.00799683,-5.62,-2.78,False,0.0,0.0,1.23,-3.0,Risk review,Head-and-shoulders risk,"head-and-shoulders, risk, distribution",178.06,,,6.44,,,178.06,"A possible head-and-shoulders top is forming or breaking. This is a caution signal, not an entry setup.",Risk review,-1.61
BERGEPAINT,Berger Paints India Ltd.,BERGEPAINT.NS,Consumer Durables,True,,NIFTY 500,^CRSLDX,2026-09-30,455.45,1.62,-0.94,-6.68,302319.0,403250.0,0.75,137691188.55,40.6,37.37,True,False,False,False,False,-1.22,-8.4,-1.76,False,False,False,False,1.26,0.02063465,0.02148541,-3.96,-2.78,False,0.3333333333333333,0.0,0.75,-3.0,Risk review,Head-and-shoulders risk,"head-and-shoulders, risk, distribution, inverse-head-and-shoulders, base, reversal",468.4,,,2.76,,,468.4,"A possible head-and-shoulders top is forming or breaking. This is a caution signal, not an entry setup. Secondary patterns: Possible inverse H&S.",Risk review,-1.61
BAYERCROP,Bayer Cropscience Ltd.,BAYERCROP.NS,Chemicals,True,,NIFTY 500,^CRSLDX,2026-09-30,3627.6,0.69,-3.59,-8.84,21117.0,34291.0,0.62,76604029.2,18.2,20.19,False,False,False,False,False,-5.79,-9.86,-1.36,False,False,False,False,3.4,0.16435228,0.17391318,-5.5,-2.94,False,0.0,0.0,0.62,-3.0,Risk review,Head-and-shoulders risk,"head-and-shoulders, risk, distribution",4301.05,,,15.66,,,4301.05,"A possible head-and-shoulders top is forming or breaking. This is a caution signal, not an entry setup.",Risk review,-1.64
MMTC,MMTC Ltd.,MMTC.NS,Services,True,,NIFTY 500,^CRSLDX,2026-09-30,56.91,0.26,-5.89,-8.36,1298784.0,1404597.0,0.92,73913797.44,30.6,40.1,False,False,False,False,False,-5.91,-8.42,0.62,False,False,False,False,-2.46,0.00257837,0.00267862,-3.74,-3.03,False,0.3333333333333333,0.0,0.92,-3.0,Risk review,Head-and-shoulders risk,"head-and-shoulders, risk, distribution",60.11,,,5.32,,,60.11,"A possible head-and-shoulders top is forming or breaking. This is a caution signal, not an entry setup.",Risk review,-1.66
GPIL,Godawari Power & Ispat Ltd.,GPIL.NS,Capital Goods,True,,NIFTY 500,^CRSLDX,2026-09-30,222.34,0.45,-5.26,-7.12,919919.0,1444598.0,0.64,204534790.46,33.04,42.41,False,False,False,False,False,-6.24,-7.63,-0.05,False,False,False,False,-4.27,0.01007335,0.01037544,-2.91,-3.06,False,0.0,0.0,0.64,-3.0,Risk review,Head-and-shoulders risk,"head-and-shoulders, risk, distribution",234.68,,,5.26,,,234.68,"A possible head-and-shoulders top is forming or breaking. This is a caution signal, not an entry setup.",Risk review,-1.66
SYNGENE,Syngene International Ltd.,SYNGENE.NS,Healthcare,True,,NIFTY 500,^CRSLDX,2026-09-30,365.3,-0.52,-4.33,-8.35,345192.0,620130.0,0.56,126098637.6,33.22,43.49,False,False,False,False,False,-4.24,-7.51,-5.57,False,False,False,False,-4.29,0.01655031,0.01706025,-2.99,-3.15,False,0.0,0.0,0.56,-3.0,Risk review,Head-and-shoulders risk,"head-and-shoulders, risk, distribution",404.95,,,9.79,,,404.95,"A possible head-and-shoulders top is forming or breaking. This is a caution signal, not an entry setup.",Risk review,-1.68
WAAREEENER,Waaree Energies Ltd.,WAAREEENER.NS,Capital Goods,True,,NIFTY 500,^CRSLDX,2026-09-30,2374.4,-0.24,-5.48,-8.01,402951.0,625362.0,0.64,956766854.4,30.14,40.68,False,False,False,False,False,-6.01,-9.19,-1.64,False,False,False,False,-1.97,0.10757472,0.11281985,-4.65,-3.16,False,0.0,0.0,0.64,-3.0,Risk review,Head-and-shoulders risk,"head-and-shoulders, risk, distribution",2751.15,,,13.69,,,2751.15,"A possible head-and-shoulders top is forming or breaking. This is a caution signal, not an entry setup.",Risk review,-1.68
NBCC,NBCC (India) Ltd.,NBCC.NS,Construction,True,,NIFTY 500,^CRSLDX,2026-09-30,78.5,0.63,-6.54,-7.65,6032283.0,4920508.0,1.23,473534215.5,31.41,43.38,False,False,False,False,False,-5.19,-10.74,-3.04,False,False,False,False,5.14,0.00355653,0.00381043,-6.66,-3.25,False,0.0,0.0,1.23,-3.0,Risk review,Head-and-shoulders risk,"head-and-shoulders, risk, distribution",84.27,,,6.84,,,84.27,"A possible head-and-shoulders top is forming or breaking. This is a caution signal, not an entry setup.",Risk review,-1.7
HDBFS,HDB Financial Services Ltd.,HDBFS.NS,Financial Services,True,,NIFTY 500,^CRSLDX,2026-09-30,621.3,-1.52,-7.38,-7.98,420599.0,436845.0,0.96,261318158.7,27.52,44.26,False,False,False,False,False,-7.15,-8.38,-1.24,False,False,False,False,-4.39,0.02814866,0.02929211,-3.9,-3.26,False,0.0,0.0,0.96,-3.0,Risk review,Head-and-shoulders risk,"head-and-shoulders, risk, distribution",635.1,,,2.17,,,635.1,"A possible head-and-shoulders top is forming or breaking. This is a caution signal, not an entry setup.",Risk review,-1.7
TRENT,Trent Ltd.,TRENT.NS,Consumer Services,True,,NIFTY 500,^CRSLDX,2026-09-30,2621.6,-0.51,-5.49,-8.09,785465.0,722468.0,1.09,2059175044.0,27.26,39.39,False,False,False,False,False,-5.11,-9.04,-0.0,False,False,False,False,0.87,0.11877438,0.12432866,-4.47,-3.28,False,0.3333333333333333,0.0,1.09,-3.0,Risk review,Head-and-shoulders risk,"head-and-shoulders, risk, distribution",2632.95,,,0.43,,,2632.95,"A possible head-and-shoulders top is forming or breaking. This is a caution signal, not an entry setup.",Risk review,-1.71
UNITDSPR,United Spirits Ltd.,UNITDSPR.NS,Fast Moving Consumer Goods,True,,NIFTY 500,^CRSLDX,2026-09-30,1354.0,-0.66,-6.04,-7.86,976345.0,911914.0,1.07,1321971130.0,33.64,50.7,False,False,False,False,False,-3.88,-8.1,-0.19,False,False,False,False,-2.3,0.06134441,0.06346843,-3.35,-3.45,False,0.3333333333333333,0.0,1.07,-3.0,Risk review,Head-and-shoulders risk,"head-and-shoulders, risk, distribution, inverse-head-and-shoulders, base, reversal",1359.55,,,0.41,,,1359.55,"A possible head-and-shoulders top is forming or breaking. This is a caution signal, not an entry setup. Secondary patterns: Possible inverse H&S.",Risk review,-1.74
AIAENG,AIA Engineering Ltd.,AIAENG.NS,Capital Goods,True,,NIFTY 500,^CRSLDX,2026-09-30,3869.0,0.87,-2.54,-6.99,51956.0,63030.0,0.82,201017764.0,34.39,37.44,False,False,False,False,False,-3.74,-10.0,0.5,False,False,False,False,4.3,0.17528917,0.18620138,-5.86,-3.45,False,0.6666666666666666,0.0,0.82,-3.0,Risk review,Head-and-shoulders risk,"head-and-shoulders, risk, distribution",3920.5,,,1.31,,,3920.5,"A possible head-and-shoulders top is forming or breaking. This is a caution signal, not an entry setup.",Risk review,-1.74
BAJFINANCE,Bajaj Finance Ltd.,BAJFINANCE.NS,Financial Services,True,,NIFTY 500,^CRSLDX,2026-09-30,959.4,-1.48,-8.03,-9.14,6625616.0,6295717.0,1.05,6356615990.4,33.81,49.33,False,False,False,False,False,-6.02,-9.49,0.04,False,False,False,False,3.38,0.04346664,0.0457159,-4.92,-3.57,False,0.6666666666666666,0.0,1.05,-3.0,Risk review,Head-and-shoulders risk,"head-and-shoulders, risk, distribution, inverse-head-and-shoulders, base, reversal",963.38,,,0.41,,,963.38,"A possible head-and-shoulders top is forming or breaking. This is a caution signal, not an entry setup. Secondary patterns: Possible inverse H&S.",Risk review,-1.76
BLS,BLS International Services Ltd.,BLS.NS,Consumer Services,True,,NIFTY 500,^CRSLDX,2026-09-30,218.26,-0.59,-5.13,-7.21,602312.0,781567.0,0.77,131460617.12,30.21,40.21,False,False,False,False,False,-5.08,-9.98,-3.39,False,False,False,False,-0.98,0.0098885,0.01044259,-5.31,-3.6,False,0.0,0.0,0.77,-3.0,Risk review,Head-and-shoulders risk,"head-and-shoulders, risk, distribution",231.32,,,5.65,,,231.32,"A possible head-and-shoulders top is forming or breaking. This is a caution signal, not an entry setup.",Risk review,-1.77
BATAINDIA,Bata India Ltd.,BATAINDIA.NS,Consumer Durables,True,,NIFTY 500,^CRSLDX,2026-09-30,618.75,-0.26,-2.9,-7.71,59998.0,156075.0,0.38,37123762.5,27.4,33.05,False,False,False,False,False,-3.81,-9.07,-4.16,False,False,False,False,-1.27,0.02803313,0.02938751,-4.61,-3.67,False,0.0,0.0,0.38,-3.0,Risk review,Head-and-shoulders risk,"head-and-shoulders, risk, distribution",657.95,,,5.96,,,657.95,"A possible head-and-shoulders top is forming or breaking. This is a caution signal, not an entry setup.",Risk review,-1.78
KEC,Kec International Ltd.,KEC.NS,Construction,True,,NIFTY 500,^CRSLDX,2026-09-30,377.25,-0.29,-6.25,-7.49,715246.0,1120626.0,0.64,269826553.5,31.43,41.86,False,False,False,False,False,-5.54,-12.02,-5.4,False,False,False,False,7.93,0.01709171,0.0185948,-8.08,-3.77,False,0.0,0.0,0.64,-3.0,Risk review,Head-and-shoulders risk,"head-and-shoulders, risk, distribution",483.52,,,21.98,,,483.52,"A possible head-and-shoulders top is forming or breaking. This is a caution signal, not an entry setup.",Risk review,-1.8
ASIANPAINT,Asian Paints Ltd.,ASIANPAINT.NS,Consumer Durables,True,,NIFTY 500,^CRSLDX,2026-09-30,2402.6,-0.51,-2.13,-4.94,553695.0,541908.0,1.02,1330307607.0,34.81,36.11,False,False,False,False,False,-2.19,-7.42,-1.49,False,False,False,False,0.34,0.10885235,0.11218326,-2.97,-3.81,False,0.3333333333333333,0.0,1.02,-3.0,Risk review,Head-and-shoulders risk,"head-and-shoulders, risk, distribution, inverse-head-and-shoulders, base, reversal",2482.7,,,3.23,,,2482.7,"A possible head-and-shoulders top is forming or breaking. This is a caution signal, not an entry setup. Secondary patterns: Possible inverse H&S.",Risk review,-1.81
SBIN,State Bank of India,SBIN.NS,Financial Services,True,,NIFTY 500,^CRSLDX,2026-09-30,959.5,-0.54,-3.48,-6.01,8010571.0,8441886.0,0.95,7686142874.5,33.66,42.29,False,False,False,False,False,-3.2,-6.39,0.23,False,False,False,False,-6.79,0.04347117,0.04423535,-1.73,-3.83,False,0.3333333333333333,0.0,0.95,-3.0,Risk review,Head-and-shoulders risk,"head-and-shoulders, risk, distribution",984.25,,,2.51,,,984.25,"A possible head-and-shoulders top is forming or breaking. This is a caution signal, not an entry setup.",Risk review,-1.82
CANFINHOME,Can Fin Homes Ltd.,CANFINHOME.NS,Financial Services,True,,NIFTY 500,^CRSLDX,2026-09-30,719.2,-1.71,-5.11,-9.57,235321.0,278868.0,0.84,169242863.2,23.81,30.1,False,False,False,False,False,-6.75,-9.8,-1.62,False,False,False,False,-2.73,0.03258412,0.03441423,-5.32,-3.92,False,0.0,0.0,0.84,-3.0,Risk review,Head-and-shoulders risk,"head-and-shoulders, risk, distribution",789.8,,,8.94,,,789.8,"A possible head-and-shoulders top is forming or breaking. This is a caution signal, not an entry setup.",Risk review,-1.83
IRB,IRB Infrastructure Developers Ltd.,IRB.NS,Construction,True,,NIFTY 500,^CRSLDX,2026-09-30,17.49,3.0,-3.0,-8.81,15971102.0,16982806.0,0.94,279334573.98,33.75,31.92,False,False,False,False,False,-6.2,-8.6,-1.16,False,False,False,False,-1.4,0.0007924,0.00082493,-3.94,-4.02,False,0.0,0.0,0.94,-3.0,Risk review,Head-and-shoulders risk,"head-and-shoulders, risk, distribution",19.63,,,10.92,,,19.63,"A possible head-and-shoulders top is forming or breaking. This is a caution signal, not an entry setup.",Risk review,-1.85
BBTC,Bombay Burmah Trading Corporation Ltd.,BBTC.NS,Fast Moving Consumer Goods,True,,NIFTY 500,^CRSLDX,2026-09-30,1357.4,0.18,-6.4,-9.06,24685.0,173434.0,0.14,33507419.0,35.57,47.57,False,False,False,False,False,-5.8,-7.57,-2.64,False,False,False,False,-3.28,0.06149845,0.06338649,-2.98,-4.04,False,0.0,0.0,0.14,-3.0,Risk review,Head-and-shoulders risk,"head-and-shoulders, risk, distribution",1406.1,,,3.46,,,1406.1,"A possible head-and-shoulders top is forming or breaking. This is a caution signal, not an entry setup.",Risk review,-1.86
GMDCLTD,Gujarat Mineral Development Corporation Ltd.,GMDCLTD.NS,Metals & Mining,True,,NIFTY 500,^CRSLDX,2026-09-30,507.7,-1.07,-8.8,-8.96,688502.0,965766.0,0.71,349552465.4,27.69,45.12,False,False,False,False,False,-8.23,-10.09,0.55,False,False,False,False,-6.07,0.02300189,0.02433023,-5.46,-4.2,False,0.3333333333333333,0.0,0.71,-3.0,Risk review,Head-and-shoulders risk,"head-and-shoulders, risk, distribution",573.0,,,11.4,,,573.0,"A possible head-and-shoulders top is forming or breaking. This is a caution signal, not an entry setup.",Risk review,-1.89
INTELLECT,Intellect Design Arena Ltd.,INTELLECT.NS,Information Technology,True,,NIFTY 500,^CRSLDX,2026-09-30,613.65,0.07,-8.14,-9.66,457036.0,306487.0,1.49,280460141.4,29.03,44.94,False,False,False,False,False,-7.02,-10.83,-5.03,False,False,False,False,3.44,0.02780207,0.02976638,-6.6,-4.26,False,0.0,0.0,1.49,-3.0,Risk review,Head-and-shoulders risk,"head-and-shoulders, risk, distribution",631.1,,,2.77,,,631.1,"A possible head-and-shoulders top is forming or breaking. This is a caution signal, not an entry setup.",Risk review,-1.9
SBFC,SBFC Finance Ltd.,SBFC.NS,Financial Services,True,,NIFTY 500,^CRSLDX,2026-09-30,85.48,1.21,-6.28,-13.86,642934.0,1157052.0,0.56,54957998.32,28.21,36.66,False,False,False,False,False,-8.66,-8.94,-1.25,False,False,False,False,-17.03,0.00387276,0.00403759,-4.08,-8.1,False,0.3333333333333333,0.0,0.56,-2.0,Risk review,Head-and-shoulders risk,"head-and-shoulders, risk, distribution",84.33,,,1.36,,,84.33,"A possible head-and-shoulders top is forming or breaking. This is a caution signal, not an entry setup.",Risk review,-1.9
SUMICHEM,Sumitomo Chemical India Ltd.,SUMICHEM.NS,Chemicals,True,,NIFTY 500,^CRSLDX,2026-09-30,433.25,0.49,-6.67,-14.23,261894.0,291474.0,0.9,113465575.5,26.5,35.77,False,False,False,False,False,-6.57,-14.04,0.14,False,False,False,False,-12.86,0.01962885,0.02181547,-10.02,-11.04,False,0.6666666666666666,0.0,0.9,-2.0,Risk review,Head-and-shoulders risk,"head-and-shoulders, risk, distribution, breakout, retest, pivot, volume, inverse-head-and-shoulders, base, reversal",430.3,,,0.69,,,430.3,"A possible head-and-shoulders top is forming or breaking. This is a caution signal, not an entry setup. Secondary patterns: Breakout retest, Possible inverse H&S.",Risk review,-1.9
DCMSHRIRAM,DCM Shriram Ltd.,DCMSHRIRAM.NS,Diversified,True,,NIFTY 500,^CRSLDX,2026-09-30,915.6,0.86,-6.57,-10.93,58580.0,66363.0,0.88,53635848.0,23.67,36.19,False,False,False,False,False,-6.98,-9.58,-2.21,False,False,False,False,-4.53,0.04148223,0.0436616,-4.99,-4.32,False,0.0,0.0,0.88,-3.0,Risk review,Head-and-shoulders risk,"head-and-shoulders, risk, distribution",965.15,,,5.13,,,965.15,"A possible head-and-shoulders top is forming or breaking. This is a caution signal, not an entry setup.",Risk review,-1.91
JSWCEMENT,JSW Cement Ltd.,JSWCEMENT.NS,Construction Materials,True,,NIFTY 500,^CRSLDX,2026-09-30,113.38,0.71,-4.06,-8.27,1945111.0,1635097.0,1.19,220536685.18,28.54,35.75,False,False,False,False,False,-3.85,-9.18,0.19,False,False,False,False,-0.66,0.0051368,0.00541207,-5.09,-4.41,False,0.6666666666666666,0.0,1.19,-3.0,Risk review,Head-and-shoulders risk,"head-and-shoulders, risk, distribution",115.75,,,2.05,,,115.75,"A possible head-and-shoulders top is forming or breaking. This is a caution signal, not an entry setup.",Risk review,-1.93
HINDCOPPER,Hindustan Copper Ltd.,HINDCOPPER.NS,Metals & Mining,True,,NIFTY 500,^CRSLDX,2026-09-30,472.65,-0.36,-7.87,-9.27,5881618.0,7973459.0,0.74,2779946747.7,35.52,48.86,False,False,False,False,False,-6.12,-8.65,2.6,False,False,False,False,-12.13,0.02141391,0.02226055,-3.8,-4.41,False,0.3333333333333333,0.0,0.74,-3.0,Risk review,Head-and-shoulders risk,"head-and-shoulders, risk, distribution",512.88,,,7.84,,,512.88,"A possible head-and-shoulders top is forming or breaking. This is a caution signal, not an entry setup.",Risk review,-1.93
M&M,Mahindra & Mahindra Ltd.,M&M.NS,Automobile and Auto Components,True,,NIFTY 500,^CRSLDX,2026-09-30,2950.0,0.07,-2.8,-7.52,2332540.0,1953840.0,1.19,6880993000.0,28.52,29.33,False,False,False,False,False,-3.91,-9.17,-1.77,False,False,False,False,-1.67,0.13365289,0.14002698,-4.55,-4.5,False,0.0,0.0,1.19,-3.0,Risk review,Head-and-shoulders risk,"head-and-shoulders, risk, distribution",2980.55,,,1.02,,,2980.55,"A possible head-and-shoulders top is forming or breaking. This is a caution signal, not an entry setup.",Risk review,-1.95
GODFRYPHLP,Godfrey Phillips India Ltd.,GODFRYPHLP.NS,Fast Moving Consumer Goods,True,,NIFTY 500,^CRSLDX,2026-09-30,1891.8,1.6,-5.55,-6.6,240882.0,172763.0,1.39,455700567.6,36.35,46.33,False,False,False,False,False,-3.8,-9.03,-3.79,False,False,False,False,0.41,0.08571001,0.08984212,-4.6,-4.51,False,0.0,0.0,1.39,-3.0,Risk review,Head-and-shoulders risk,"head-and-shoulders, risk, distribution",2032.1,,,6.9,,,2032.1,"A possible head-and-shoulders top is forming or breaking. This is a caution signal, not an entry setup.",Risk review,-1.95
BIOCON,Biocon Ltd.,BIOCON.NS,Healthcare,True,,NIFTY 500,^CRSLDX,2026-09-30,370.3,-1.78,-6.25,-7.66,1849491.0,3352169.0,0.55,684866517.3,33.18,47.16,False,False,False,False,False,-4.36,-9.13,-0.13,False,False,False,False,-2.45,0.01677684,0.01763877,-4.89,-4.51,False,0.3333333333333333,0.0,0.55,-3.0,Risk review,Head-and-shoulders risk,"head-and-shoulders, risk, distribution",372.35,,,0.55,,,372.35,"A possible head-and-shoulders top is forming or breaking. This is a caution signal, not an entry setup.",Risk review,-1.95
JIOFIN,Jio Financial Services Ltd.,JIOFIN.NS,Financial Services,True,,NIFTY 500,^CRSLDX,2026-09-30,216.88,-0.31,-6.58,-8.45,14305215.0,12174376.0,1.18,3102515029.2,26.21,44.29,False,False,False,False,False,-5.23,-9.58,-2.77,False,False,False,False,2.32,0.00982598,0.01034334,-5.0,-4.53,False,0.0,0.0,1.18,-3.0,Risk review,Head-and-shoulders risk,"head-and-shoulders, risk, distribution",224.07,,,3.21,,,224.07,"A possible head-and-shoulders top is forming or breaking. This is a caution signal, not an entry setup.",Risk review,-1.96
INDIANB,Indian Bank,INDIANB.NS,Financial Services,True,,NIFTY 500,^CRSLDX,2026-09-30,805.9,1.34,-4.29,-8.3,1068705.0,1033552.0,1.03,861269359.5,31.03,39.39,False,False,False,False,False,-4.43,-6.02,0.46,False,False,False,False,-12.69,0.03651216,0.03692861,-1.13,-4.73,False,0.3333333333333333,0.0,1.03,-3.0,Risk review,Head-and-shoulders risk,"head-and-shoulders, risk, distribution",819.6,,,1.67,,,819.6,"A possible head-and-shoulders top is forming or breaking. This is a caution signal, not an entry setup.",Risk review,-2.0
VOLTAS,Voltas Ltd.,VOLTAS.NS,Consumer Durables,True,,NIFTY 500,^CRSLDX,2026-09-30,1070.0,-1.83,-5.31,-7.13,1028057.0,693134.0,1.48,1100020990.0,33.14,40.16,False,False,False,False,False,-5.75,-11.98,-1.7,False,False,False,False,3.67,0.04847749,0.05264853,-7.92,-4.82,False,0.0,0.0,1.48,-3.0,Risk review,Head-and-shoulders risk,"head-and-shoulders, risk, distribution",1167.7,,,8.37,,,1167.7,"A possible head-and-shoulders top is forming or breaking. This is a caution signal, not an entry setup.",Risk review,-2.01
NATIONALUM,National Aluminium Co. Ltd.,NATIONALUM.NS,Metals & Mining,True,,NIFTY 500,^CRSLDX,2026-09-30,340.95,-1.64,-6.19,-7.85,5109676.0,4820215.0,1.06,1742144032.2,35.34,47.6,False,False,False,False,False,-5.19,-7.88,2.35,False,False,False,False,-9.99,0.0154471,0.01591497,-2.94,-5.05,False,0.3333333333333333,0.0,1.06,-3.0,Risk review,Head-and-shoulders risk,"head-and-shoulders, risk, distribution",361.48,,,5.68,,,361.48,"A possible head-and-shoulders top is forming or breaking. This is a caution signal, not an entry setup.",Risk review,-2.06
JBMA,JBM Auto Ltd.,JBMA.NS,Automobile and Auto Components,True,,NIFTY 500,^CRSLDX,2026-09-30,556.5,-1.18,-7.53,-10.46,234314.0,299173.0,0.78,130395741.0,28.02,42.32,False,False,False,False,False,-7.13,-11.3,0.24,False,False,False,False,-0.87,0.02521283,0.02711476,-7.01,-5.26,False,0.6666666666666666,0.0,0.78,-3.0,Risk review,Head-and-shoulders risk,"head-and-shoulders, risk, distribution",559.95,,,0.62,,,559.95,"A possible head-and-shoulders top is forming or breaking. This is a caution signal, not an entry setup.",Risk review,-2.1
RPOWER,Reliance Power Ltd.,RPOWER.NS,Power,True,,NIFTY 500,^CRSLDX,2026-09-30,19.69,-0.4,-6.37,-10.7,19097261.0,19897191.0,0.96,376025069.09,23.12,35.11,False,False,False,False,False,-6.76,-11.92,-5.71,False,False,False,False,0.77,0.00089208,0.00096749,-7.79,-5.3,False,0.0,0.0,0.96,-3.0,Risk review,Head-and-shoulders risk,"head-and-shoulders, risk, distribution",21.64,,,8.99,,,21.64,"A possible head-and-shoulders top is forming or breaking. This is a caution signal, not an entry setup.",Risk review,-2.11
HEXT,Hexaware Technologies Ltd.,HEXT.NS,Information Technology,True,,NIFTY 500,^CRSLDX,2026-09-30,494.1,2.49,-1.18,-9.11,140752.0,304213.0,0.46,69545563.2,37.75,35.51,False,False,False,False,False,-2.91,-8.55,-4.36,False,False,False,False,-5.95,0.02238573,0.02334675,-4.12,-5.37,False,0.0,0.0,0.46,-3.0,Risk review,Head-and-shoulders risk,"head-and-shoulders, risk, distribution, breakout, retest, pivot, volume",504.25,,,2.01,,,504.25,"A possible head-and-shoulders top is forming or breaking. This is a caution signal, not an entry setup. Secondary patterns: Breakout retest.",Risk review,-2.12
ABFRL,Aditya Birla Fashion and Retail Ltd.,ABFRL.NS,Consumer Services,True,,NIFTY 500,^CRSLDX,2026-09-30,46.32,0.17,-5.64,-8.22,3805401.0,4900685.0,0.78,176266174.32,28.37,32.71,False,False,False,False,False,-7.06,-14.17,-4.14,False,False,False,False,9.72,0.00209858,0.00233549,-10.14,-5.54,False,0.0,0.0,0.78,-3.0,Risk review,Head-and-shoulders risk,"head-and-shoulders, risk, distribution",55.8,,,17.0,,,55.8,"A possible head-and-shoulders top is forming or breaking. This is a caution signal, not an entry setup.",Risk review,-2.16
TTML,Tata Teleservices (Maharashtra) Ltd.,TTML.NS,Telecommunication,True,,NIFTY 500,^CRSLDX,2026-09-30,34.3,-2.5,-3.73,-9.74,3429419.0,5996637.0,0.57,117629071.7,37.9,40.01,False,False,False,False,False,-4.5,-8.73,-3.42,False,False,False,False,-2.93,0.001554,0.00162616,-4.44,-5.54,False,0.0,0.0,0.57,-3.0,Risk review,Head-and-shoulders risk,"head-and-shoulders, risk, distribution",36.05,,,4.84,,,36.05,"A possible head-and-shoulders top is forming or breaking. This is a caution signal, not an entry setup.",Risk review,-2.16
OLECTRA,Olectra Greentech Ltd.,OLECTRA.NS,Automobile and Auto Components,True,,NIFTY 500,^CRSLDX,2026-09-30,1134.2,-0.24,-11.11,-8.45,391576.0,395981.0,0.99,444125499.2,32.73,56.46,False,False,False,False,False,-5.7,-11.3,-0.04,False,False,False,False,-2.02,0.05138614,0.05532246,-7.12,-5.61,False,0.3333333333333333,0.0,0.99,-3.0,Risk review,Head-and-shoulders risk,"head-and-shoulders, risk, distribution",1172.25,,,3.25,,,1172.25,"A possible head-and-shoulders top is forming or breaking. This is a caution signal, not an entry setup.",Risk review,-2.17
IEX,Indian Energy Exchange Ltd.,IEX.NS,Financial Services,True,,NIFTY 500,^CRSLDX,2026-09-30,107.0,0.57,-5.44,-9.98,3890920.0,3958469.0,0.98,416328440.0,27.98,34.73,False,False,False,False,False,-5.97,-11.44,-2.25,False,False,False,False,-1.21,0.00484775,0.005221,-7.15,-5.66,False,0.0,0.0,0.98,-3.0,Risk review,Head-and-shoulders risk,"head-and-shoulders, risk, distribution",118.03,,,9.35,,,118.03,"A possible head-and-shoulders top is forming or breaking. This is a caution signal, not an entry setup.",Risk review,-2.18
SWIGGY,Swiggy Ltd.,SWIGGY.NS,Consumer Services,True,,NIFTY 500,^CRSLDX,2026-09-30,250.1,-1.42,-10.2,-6.57,9125415.0,27141862.0,0.34,2282266291.5,32.18,51.45,False,False,False,False,False,-8.02,-9.47,-4.26,False,False,False,False,-5.09,0.01133105,0.0118824,-4.64,-5.74,False,0.0,0.0,0.34,-3.0,Risk review,Head-and-shoulders risk,"head-and-shoulders, risk, distribution",251.93,,,0.73,,,251.93,"A possible head-and-shoulders top is forming or breaking. This is a caution signal, not an entry setup.",Risk review,-2.2
INDUSINDBK,IndusInd Bank Ltd.,INDUSINDBK.NS,Financial Services,True,,NIFTY 500,^CRSLDX,2026-09-30,901.4,2.67,-6.04,-7.83,2428835.0,2254986.0,1.08,2189351869.0,33.2,40.45,False,False,False,False,False,-6.01,-8.96,1.22,False,False,False,False,-6.08,0.04083889,0.0428094,-4.6,-5.8,False,0.6666666666666666,0.0,1.08,-3.0,Risk review,Head-and-shoulders risk,"head-and-shoulders, risk, distribution, inverse-head-and-shoulders, base, reversal",907.35,,,0.66,,,907.35,"A possible head-and-shoulders top is forming or breaking. This is a caution signal, not an entry setup. Secondary patterns: Possible inverse H&S.",Risk review,-2.21
SHRIRAMFIN,Shriram Finance Ltd.,SHRIRAMFIN.NS,Financial Services,True,,NIFTY 500,^CRSLDX,2026-09-30,982.7,1.15,-2.78,-6.14,5552495.0,4108165.0,1.35,5456436836.5,37.2,40.72,False,False,False,False,False,-2.62,-7.26,1.42,False,False,False,False,-9.27,0.04452227,0.04571672,-2.61,-5.93,False,0.6666666666666666,0.0,1.35,-3.0,Risk review,Head-and-shoulders risk,"head-and-shoulders, risk, distribution",1002.95,,,2.02,,,1002.95,"A possible head-and-shoulders top is forming or breaking. This is a caution signal, not an entry setup.",Risk review,-2.24
NEWGEN,Newgen Software Technologies Ltd.,NEWGEN.NS,Information Technology,True,,NIFTY 500,^CRSLDX,2026-09-30,467.85,-1.09,-7.2,-9.91,443488.0,734513.0,0.6,207485860.8,31.28,45.6,False,False,False,False,False,-6.12,-10.27,-6.39,False,False,False,False,-1.4,0.02119644,0.02251649,-5.86,-6.01,False,0.0,0.0,0.6,-3.0,Risk review,Head-and-shoulders risk,"head-and-shoulders, risk, distribution",475.8,,,1.67,,,475.8,"A possible head-and-shoulders top is forming or breaking. This is a caution signal, not an entry setup.",Risk review,-2.25
CROMPTON,Crompton Greaves Consumer Electricals Ltd.,CROMPTON.NS,Consumer Durables,True,,NIFTY 500,^CRSLDX,2026-09-30,208.67,-1.28,-6.61,-8.37,1957515.0,2388852.0,0.82,408474655.05,23.36,35.26,False,False,False,False,False,-7.18,-12.81,-1.24,False,False,False,False,4.06,0.00945402,0.01035243,-8.68,-6.02,False,0.0,0.0,0.82,-3.0,Risk review,Head-and-shoulders risk,"head-and-shoulders, risk, distribution",236.95,,,11.94,,,236.95,"A possible head-and-shoulders top is forming or breaking. This is a caution signal, not an entry setup.",Risk review,-2.25
SONATSOFTW,Sonata Software Ltd.,SONATSOFTW.NS,Information Technology,True,,NIFTY 500,^CRSLDX,2026-09-30,258.25,-1.0,-8.42,-10.73,817817.0,1294451.0,0.63,211201240.25,36.06,47.4,False,False,False,False,False,-5.98,-12.98,-2.67,False,False,False,False,8.23,0.01170029,0.01281715,-8.71,-6.05,False,0.3333333333333333,0.0,0.63,-3.0,Risk review,Head-and-shoulders risk,"head-and-shoulders, risk, distribution",259.85,,,0.62,,,259.85,"A possible head-and-shoulders top is forming or breaking. This is a caution signal, not an entry setup.",Risk review,-2.25
ABLBL,Aditya Birla Lifestyle Brands Ltd.,ABLBL.NS,Consumer Services,True,,NIFTY 500,^CRSLDX,2026-09-30,76.52,-0.6,-4.12,-7.56,2517738.0,2319110.0,1.09,192657311.76,19.35,25.79,False,False,False,False,False,-6.31,-11.83,-4.37,False,False,False,False,1.99,0.00346682,0.00375548,-7.69,-6.24,False,0.0,0.0,1.09,-3.0,Risk review,Head-and-shoulders risk,"head-and-shoulders, risk, distribution",98.06,,,21.97,,,98.06,"A possible head-and-shoulders top is forming or breaking. This is a caution signal, not an entry setup.",Risk review,-2.25
BRIGADE,Brigade Enterprises Ltd.,BRIGADE.NS,Realty,True,,NIFTY 500,^CRSLDX,2026-09-30,575.25,2.17,-6.68,-10.12,566667.0,669557.0,0.85,325975191.75,37.33,45.67,False,False,False,False,False,-8.8,-6.01,-3.51,False,False,False,False,-20.87,0.02606231,0.02625178,-0.72,-6.81,False,0.0,0.0,0.85,-3.0,Risk review,Head-and-shoulders risk,"head-and-shoulders, risk, distribution, breakout, retest, pivot, volume",618.8,,,7.04,,,618.8,"A possible head-and-shoulders top is forming or breaking. This is a caution signal, not an entry setup. Secondary patterns: Breakout retest.",Risk review,-2.25
INFY,Infosys Ltd.,INFY.NS,Information Technology,True,,NIFTY 500,^CRSLDX,2026-09-30,994.1,-2.1,-2.59,-12.8,13508984.0,9091893.0,1.49,13429280994.4,31.73,33.46,False,False,False,False,False,-5.05,-9.81,-4.28,False,False,False,False,-4.38,0.04503876,0.04746422,-5.11,-6.85,False,0.0,0.0,1.49,-3.0,Risk review,Head-and-shoulders risk,"head-and-shoulders, risk, distribution",1035.7,,,4.02,,,1035.7,"A possible head-and-shoulders top is forming or breaking. This is a caution signal, not an entry setup.",Risk review,-2.25
360ONE,360 ONE WAM Ltd.,360ONE.NS,Financial Services,True,,NIFTY 500,^CRSLDX,2026-09-30,1030.0,0.08,-7.04,-12.81,1348986.0,977623.0,1.38,1389455580.0,32.6,48.16,False,False,False,False,False,-4.84,-9.16,-0.6,False,False,False,False,-10.78,0.04666525,0.04888085,-4.53,-6.87,False,0.3333333333333333,0.0,1.38,-3.0,Risk review,Head-and-shoulders risk,"head-and-shoulders, risk, distribution",1034.2,,,0.41,,,1034.2,"A possible head-and-shoulders top is forming or breaking. This is a caution signal, not an entry setup.",Risk review,-2.25
LATENTVIEW,Latent View Analytics Ltd.,LATENTVIEW.NS,Information Technology,True,,NIFTY 500,^CRSLDX,2026-09-30,236.0,0.21,-6.87,-12.92,300979.0,507322.0,0.59,71031044.0,23.39,34.57,False,False,False,False,False,-6.5,-14.18,-6.64,False,False,False,False,0.99,0.01069223,0.01192721,-10.35,-7.07,False,0.0,0.0,0.59,-3.0,Risk review,Head-and-shoulders risk,"head-and-shoulders, risk, distribution",279.98,,,15.71,,,279.98,"A possible head-and-shoulders top is forming or breaking. This is a caution signal, not an entry setup.",Risk review,-2.25
DEEPAKNTR,Deepak Nitrite Ltd.,DEEPAKNTR.NS,Chemicals,True,,NIFTY 500,^CRSLDX,2026-09-30,1529.8,0.05,-6.48,-11.78,141444.0,234943.0,0.6,216381031.2,32.55,46.38,False,False,False,False,False,-4.88,-9.01,0.17,False,False,False,False,-10.7,0.06930922,0.07261174,-4.55,-7.09,False,0.6666666666666666,0.0,0.6,-3.0,Risk review,Head-and-shoulders risk,"head-and-shoulders, risk, distribution",1641.35,,,6.8,,,1641.35,"A possible head-and-shoulders top is forming or breaking. This is a caution signal, not an entry setup.",Risk review,-2.25
CONCOR,Container Corporation of India Ltd.,CONCOR.NS,Services,True,,NIFTY 500,^CRSLDX,2026-09-30,447.5,0.9,-3.69,-12.25,1094966.0,1141406.0,0.96,489997285.0,30.45,33.67,False,False,False,False,False,-7.62,-10.86,-0.43,False,False,False,False,-6.09,0.02027446,0.02160899,-6.18,-7.12,False,0.3333333333333333,0.0,0.96,-3.0,Risk review,Head-and-shoulders risk,"head-and-shoulders, risk, distribution",451.07,,,0.79,,,451.07,"A possible head-and-shoulders top is forming or breaking. This is a caution signal, not an entry setup.",Risk review,-2.25
M&MFIN,Mahindra & Mahindra Financial Services Ltd.,M&MFIN.NS,Financial Services,True,,NIFTY 500,^CRSLDX,2026-09-30,324.85,-0.98,-6.81,-11.93,920944.0,1829480.0,0.5,299168658.4,26.59,38.37,False,False,False,False,False,-7.6,-12.68,-0.29,False,False,False,False,-0.84,0.01471768,0.0160393,-8.24,-7.47,False,0.3333333333333333,0.0,0.5,-3.0,Risk review,Head-and-shoulders risk,"head-and-shoulders, risk, distribution, breakout, retest, pivot, volume, inverse-head-and-shoulders, base, reversal",338.95,,,4.16,,,338.95,"A possible head-and-shoulders top is forming or breaking. This is a caution signal, not an entry setup. Secondary patterns: Breakout retest, Possible inverse H&S.",Risk review,-2.25
COCHINSHIP,Cochin Shipyard Ltd.,COCHINSHIP.NS,Capital Goods,True,,NIFTY 500,^CRSLDX,2026-09-30,1315.0,-3.26,-4.01,-10.12,985418.0,1450271.0,0.68,1295824670.0,36.32,40.3,False,False,False,False,False,-6.5,-9.0,-1.38,False,False,False,False,-13.77,0.05957748,0.06228446,-4.35,-7.48,False,0.0,0.0,0.68,-3.0,Risk review,Head-and-shoulders risk,"head-and-shoulders, risk, distribution",1325.05,,,0.76,,,1325.05,"A possible head-and-shoulders top is forming or breaking. This is a caution signal, not an entry setup.",Risk review,-2.25
BDL,Bharat Dynamics Ltd.,BDL.NS,Capital Goods,True,,NIFTY 500,^CRSLDX,2026-09-30,1110.1,2.3,-4.38,-11.45,1193043.0,1093625.0,1.09,1324397034.3,32.61,35.34,False,False,False,False,False,-5.6,-11.48,-1.97,False,False,False,False,-9.8,0.05029426,0.05415588,-7.13,-7.5,False,0.0,0.0,1.09,-3.0,Risk review,Head-and-shoulders risk,"head-and-shoulders, risk, distribution",1159.65,,,4.27,,,1159.65,"A possible head-and-shoulders top is forming or breaking. This is a caution signal, not an entry setup.",Risk review,-2.25
NCC,NCC Ltd.,NCC.NS,Construction,True,,NIFTY 500,^CRSLDX,2026-09-30,128.88,0.48,-5.27,-9.58,2665171.0,3468672.0,0.77,343487238.48,30.87,39.37,False,False,False,False,False,-7.01,-8.95,-1.64,False,False,False,False,-11.99,0.00583905,0.00609487,-4.2,-7.71,False,0.0,0.0,0.77,-3.0,Risk review,Head-and-shoulders risk,"head-and-shoulders, risk, distribution",137.56,,,6.31,,,137.56,"A possible head-and-shoulders top is forming or breaking. This is a caution signal, not an entry setup.",Risk review,-2.25
NMDC,NMDC Ltd.,NMDC.NS,Metals & Mining,True,,NIFTY 500,^CRSLDX,2026-09-30,76.54,-0.6,-6.66,-10.74,15817494.0,12220850.0,1.29,1210670990.76,31.42,45.99,False,False,False,False,False,-5.92,-8.48,0.56,False,False,False,False,-14.63,0.00346773,0.00360567,-3.83,-7.8,False,0.3333333333333333,0.0,1.29,-3.0,Risk review,Head-and-shoulders risk,"head-and-shoulders, risk, distribution",79.03,,,3.15,,,79.03,"A possible head-and-shoulders top is forming or breaking. This is a caution signal, not an entry setup.",Risk review,-2.25
AFCONS,Afcons Infrastructure Ltd.,AFCONS.NS,Construction,True,,NIFTY 500,^CRSLDX,2026-09-30,247.8,1.1,-4.07,-13.08,370681.0,2994683.0,0.12,91854751.8,34.63,39.34,False,False,False,False,False,-6.16,-9.13,-4.1,False,False,False,False,-12.9,0.01122684,0.01179944,-4.85,-7.83,False,0.0,0.0,0.12,-3.0,Risk review,Head-and-shoulders risk,"head-and-shoulders, risk, distribution",277.8,,,10.8,,,277.8,"A possible head-and-shoulders top is forming or breaking. This is a caution signal, not an entry setup.",Risk review,-2.25
KFINTECH,Kfin Technologies Ltd.,KFINTECH.NS,Financial Services,True,,NIFTY 500,^CRSLDX,2026-09-30,840.0,0.21,-7.89,-9.58,489013.0,542656.0,0.9,410770920.0,31.97,48.12,False,False,False,False,False,-6.5,-9.25,-1.75,False,False,False,False,-12.18,0.03805709,0.03985192,-4.5,-7.99,False,0.0,0.0,0.9,-3.0,Risk review,Head-and-shoulders risk,"head-and-shoulders, risk, distribution",855.25,,,1.78,,,855.25,"A possible head-and-shoulders top is forming or breaking. This is a caution signal, not an entry setup.",Risk review,-2.25
TARIL,Transformers And Rectifiers (India) Ltd.,TARIL.NS,Capital Goods,True,,NIFTY 500,^CRSLDX,2026-09-30,270.1,-1.01,-6.54,-10.56,783795.0,866066.0,0.91,211703029.5,34.37,47.09,False,False,False,False,False,-5.1,-7.75,0.49,False,False,False,False,-16.34,0.01223717,0.01265991,-3.34,-8.55,False,0.3333333333333333,0.0,0.91,-3.0,Risk review,Head-and-shoulders risk,"head-and-shoulders, risk, distribution",270.25,,,0.06,,,270.25,"A possible head-and-shoulders top is forming or breaking. This is a caution signal, not an entry setup.",Risk review,-2.25
WIPRO,Wipro Ltd.,WIPRO.NS,Information Technology,True,,NIFTY 500,^CRSLDX,2026-09-30,158.5,1.09,-3.88,-10.5,15966068.0,18371194.0,0.87,2530621778.0,29.72,34.42,False,False,False,False,False,-4.94,-9.91,-4.46,False,False,False,False,-7.99,0.00718101,0.00758555,-5.33,-8.73,False,0.0,0.0,0.87,-3.0,Risk review,Head-and-shoulders risk,"head-and-shoulders, risk, distribution",168.41,,,5.88,,,168.41,"A possible head-and-shoulders top is forming or breaking. This is a caution signal, not an entry setup.",Risk review,-2.25
EIDPARRY,E.I.D. Parry (India) Ltd.,EIDPARRY.NS,Fast Moving Consumer Goods,True,,NIFTY 500,^CRSLDX,2026-09-30,685.9,-1.49,-2.21,-14.33,467662.0,347658.0,1.35,320769365.8,30.69,29.83,False,False,False,False,False,-4.9,-10.0,-3.66,False,False,False,False,-12.83,0.03107543,0.03290609,-5.56,-8.84,False,0.0,0.0,1.35,-3.0,Risk review,Head-and-shoulders risk,"head-and-shoulders, risk, distribution",754.38,,,9.08,,,754.38,"A possible head-and-shoulders top is forming or breaking. This is a caution signal, not an entry setup.",Risk review,-2.25
TCS,Tata Consultancy Services Ltd.,TCS.NS,Information Technology,True,,NIFTY 500,^CRSLDX,2026-09-30,2050.6,0.9,-1.87,-12.67,3656425.0,3111411.0,1.18,7497865105.0,31.41,32.63,False,False,False,False,False,-5.38,-10.02,-4.07,False,False,False,False,-7.65,0.09290462,0.09809971,-5.3,-9.2,False,0.0,0.0,1.18,-3.0,Risk review,Head-and-shoulders risk,"head-and-shoulders, risk, distribution",2081.15,,,1.47,,,2081.15,"A possible head-and-shoulders top is forming or breaking. This is a caution signal, not an entry setup.",Risk review,-2.25
KPITTECH,KPIT Technologies Ltd.,KPITTECH.NS,Information Technology,True,,NIFTY 500,^CRSLDX,2026-09-30,499.1,-3.96,-5.29,-15.12,1625467.0,1585942.0,1.02,811270579.7,28.48,31.11,False,False,False,False,False,-8.09,-13.74,-8.33,False,False,False,False,-5.25,0.02261226,0.0249097,-9.22,-9.36,False,0.0,0.0,1.02,-3.0,Risk review,Head-and-shoulders risk,"head-and-shoulders, risk, distribution",616.58,,,19.05,,,616.58,"A possible head-and-shoulders top is forming or breaking. This is a caution signal, not an entry setup.",Risk review,-2.25
MAZDOCK,Mazagoan Dock Shipbuilders Ltd.,MAZDOCK.NS,Capital Goods,True,,NIFTY 500,^CRSLDX,2026-09-30,2113.0,1.24,-4.45,-14.07,510455.0,614847.0,0.83,1078591415.0,26.87,30.38,False,False,False,False,False,-7.5,-12.06,-0.97,False,False,False,False,-14.8,0.09573172,0.1035044,-7.51,-9.48,False,0.0,0.0,0.83,-3.0,Risk review,Head-and-shoulders risk,"head-and-shoulders, risk, distribution",2218.7,,,4.76,,,2218.7,"A possible head-and-shoulders top is forming or breaking. This is a caution signal, not an entry setup.",Risk review,-2.25
GRSE,Garden Reach Shipbuilders & Engineers Ltd.,GRSE.NS,Capital Goods,True,,NIFTY 500,^CRSLDX,2026-09-30,2181.9,-1.1,-8.35,-12.55,377318.0,338218.0,1.12,823270144.2,24.9,38.74,False,False,False,False,False,-8.58,-13.13,-0.28,False,False,False,False,-10.47,0.0988533,0.10850746,-8.9,-9.64,False,0.0,0.0,1.12,-3.0,Risk review,Head-and-shoulders risk,"head-and-shoulders, risk, distribution",2256.85,,,3.32,,,2256.85,"A possible head-and-shoulders top is forming or breaking. This is a caution signal, not an entry setup.",Risk review,-2.25
POLYCAB,Polycab India Ltd.,POLYCAB.NS,Capital Goods,True,,NIFTY 500,^CRSLDX,2026-09-30,8026.0,-0.94,-4.65,-8.84,494724.0,452022.0,1.09,3970654824.0,32.43,43.27,False,False,False,False,False,-3.32,-8.69,1.17,False,False,False,False,-15.84,0.36362648,0.3798637,-4.27,-9.72,False,0.6666666666666666,0.0,1.09,-3.0,Risk review,Head-and-shoulders risk,"head-and-shoulders, risk, distribution",8449.0,,,5.01,,,8449.0,"A possible head-and-shoulders top is forming or breaking. This is a caution signal, not an entry setup.",Risk review,-2.25
MAPMYINDIA,C.E. Info Systems Ltd.,MAPMYINDIA.NS,Information Technology,True,,NIFTY 500,^CRSLDX,2026-09-30,858.1,1.53,-5.37,-12.67,121081.0,204211.0,0.59,103899606.1,33.26,39.03,False,False,False,False,False,-5.99,-13.45,-6.72,False,False,False,False,3.96,0.03887713,0.04293893,-9.46,-10.04,False,0.0,0.0,0.59,-3.0,Risk review,Head-and-shoulders risk,"head-and-shoulders, risk, distribution",875.0,,,1.93,,,875.0,"A possible head-and-shoulders top is forming or breaking. This is a caution signal, not an entry setup.",Risk review,-2.25
PREMIERENE,Premier Energies Ltd.,PREMIERENE.NS,Capital Goods,True,,NIFTY 500,^CRSLDX,2026-09-30,870.1,0.01,-4.91,-12.99,1144007.0,1278006.0,0.9,995400490.7,30.77,36.71,False,False,False,False,False,-6.89,-12.03,0.19,False,False,False,False,-13.85,0.03942081,0.04271092,-7.7,-10.79,False,0.6666666666666666,0.0,0.9,-3.0,Risk review,Head-and-shoulders risk,"head-and-shoulders, risk, distribution",960.25,,,9.39,,,960.25,"A possible head-and-shoulders top is forming or breaking. This is a caution signal, not an entry setup.",Risk review,-2.25
ABREL,Aditya Birla Real Estate Ltd.,ABREL.NS,Realty,True,,NIFTY 500,^CRSLDX,2026-09-30,1130.7,-2.58,-6.27,-15.06,276535.0,191015.0,1.45,312678124.5,24.77,29.24,False,False,False,False,False,-10.61,-15.84,-3.27,False,False,False,False,-7.45,0.05122757,0.05812765,-11.87,-11.38,False,0.0,0.0,1.45,-3.0,Risk review,Head-and-shoulders risk,"head-and-shoulders, risk, distribution",1154.6,,,2.07,,,1154.6,"A possible head-and-shoulders top is forming or breaking. This is a caution signal, not an entry setup.",Risk review,-2.25
BIKAJI,Bikaji Foods International Ltd.,BIKAJI.NS,Fast Moving Consumer Goods,True,,NIFTY 500,^CRSLDX,2026-09-30,521.8,-1.76,-11.72,-11.59,174430.0,383439.0,0.45,91017574.0,33.57,53.26,False,False,False,False,False,-7.23,-12.73,-2.49,False,False,False,False,-9.11,0.0236407,0.02590779,-8.75,-11.4,False,0.0,0.0,0.45,-3.0,Risk review,Head-and-shoulders risk,"head-and-shoulders, risk, distribution",612.55,,,14.82,,,612.55,"A possible head-and-shoulders top is forming or breaking. This is a caution signal, not an entry setup.",Risk review,-2.25
SUZLON,Suzlon Energy Ltd.,SUZLON.NS,Capital Goods,True,,NIFTY 500,^CRSLDX,2026-09-30,39.49,-0.03,-6.84,-13.13,47026942.0,53743103.0,0.88,1857093939.58,20.43,29.53,False,False,False,False,False,-8.16,-14.05,-1.95,False,False,False,False,-11.99,0.00178914,0.0019946,-10.3,-11.71,False,0.0,0.0,0.88,-3.0,Risk review,Head-and-shoulders risk,"head-and-shoulders, risk, distribution",44.73,,,11.71,,,44.73,"A possible head-and-shoulders top is forming or breaking. This is a caution signal, not an entry setup.",Risk review,-2.25
LTF,L&T Finance Ltd.,LTF.NS,Financial Services,True,,NIFTY 500,^CRSLDX,2026-09-30,265.0,-2.23,-14.52,-15.28,6415013.0,5933382.0,1.08,1699978445.0,28.21,50.22,False,False,False,False,False,-11.73,-14.14,-0.14,False,False,False,False,-14.75,0.01200611,0.01329686,-9.71,-12.29,False,0.3333333333333333,0.0,1.08,-3.0,Risk review,Head-and-shoulders risk,"head-and-shoulders, risk, distribution",274.8,,,3.57,,,274.8,"A possible head-and-shoulders top is forming or breaking. This is a caution signal, not an entry setup.",Risk review,-2.25
GRAVITA,Gravita India Ltd.,GRAVITA.NS,Metals & Mining,True,,NIFTY 500,^CRSLDX,2026-09-30,1447.4,0.03,-7.28,-17.25,221058.0,207353.0,1.07,319959349.2,16.47,25.13,False,False,False,False,False,-9.52,-14.55,-1.31,False,False,False,False,-24.4,0.065576,0.07317423,-10.38,-14.58,False,0.3333333333333333,0.0,1.07,-3.0,Risk review,Head-and-shoulders risk,"head-and-shoulders, risk, distribution",1575.55,,,8.13,,,1575.55,"A possible head-and-shoulders top is forming or breaking. This is a caution signal, not an entry setup.",Risk review,-2.25
ZEEL,Zee Entertainment Enterprises Ltd.,ZEEL.NS,Media Entertainment & Publication,True,,NIFTY 500,^CRSLDX,2026-09-30,74.47,0.45,-3.64,-17.78,13100562.0,17222592.0,0.76,975598852.14,26.94,28.3,False,False,False,False,False,-7.39,-20.01,-1.55,False,False,False,False,-12.24,0.00337394,0.00405321,-16.76,-15.45,False,0.3333333333333333,0.0,0.76,-3.0,Risk review,Head-and-shoulders risk,"head-and-shoulders, risk, distribution",79.0,,,5.73,,,79.0,"A possible head-and-shoulders top is forming or breaking. This is a caution signal, not an entry setup.",Risk review,-2.25
KEI,KEI Industries Ltd.,KEI.NS,Capital Goods,True,,NIFTY 500,^CRSLDX,2026-09-30,4455.0,-0.13,-5.66,-13.83,182773.0,667102.0,0.27,814253715.0,33.61,41.48,False,False,False,False,False,-4.09,-12.79,0.99,False,False,False,False,-33.54,0.20183852,0.22054209,-8.48,-17.54,False,0.6666666666666666,0.0,0.27,-3.0,Risk review,Head-and-shoulders risk,"head-and-shoulders, risk, distribution",4634.8,,,3.88,,,4634.8,"A possible head-and-shoulders top is forming or breaking. This is a caution signal, not an entry setup.",Risk review,-2.25
POLICYBZR,PB Fintech Ltd.,POLICYBZR.NS,Financial Services,True,,NIFTY 500,^CRSLDX,2026-09-30,1063.9,-1.58,-43.6,-42.55,8915211.0,6463477.0,1.38,9484892982.9,21.22,61.28,False,False,False,False,False,-35.02,-36.57,-1.47,False,False,False,False,-55.06,0.04820112,0.07182154,-32.89,-39.72,False,0.3333333333333333,0.0,1.38,-3.0,Risk review,Head-and-shoulders risk,"head-and-shoulders, risk, distribution",1421.15,,,25.14,,,1421.15,"A possible head-and-shoulders top is forming or breaking. This is a caution signal, not an entry setup.",Risk review,-2.25
