symbol,name,ticker,sector,downloaded,download_note,source_index,benchmark_ticker,last_date,last,return_1d_pct,return_5d_pct,return_20d_pct,volume,avg_volume_20,volume_ratio_20d,turnover_proxy,rsi_14,rsi_5d_ago,above_sma_10,above_sma_20,above_sma_50,above_sma_100,above_sma_200,distance_sma_20_pct,distance_sma_50_pct,ma200_roc20_pct,supertrend_bullish,new_high20,within_3pct_ath,at_ath,rs_acceleration_pct,rs_ratio,rs_ratio_sma_50,rs_distance_sma_50_pct,rs_return_20d_pct,rs_above_50dma,trend_raw,breakout_raw,volume_raw,setup_score,setup_quality,primary_setup,setup_tags,setup_pivot_level,setup_breakout_date,setup_volume_ratio,setup_retest_gap_pct,setup_flag_depth_pct,setup_impulse_return_pct,setup_neckline_level,setup_commentary,rotation_signal,rotation_score
ACMESOLAR,ACME Solar Holdings Ltd.,ACMESOLAR.NS,Power,True,,NIFTY 500,^CRSLDX,2026-09-18,435.25,5.82,8.19,8.38,12038412.0,2423066.0,4.97,5239718823.0,66.98,55.31,True,True,True,True,True,7.17,12.38,6.23,False,True,True,True,15.29,0.01905602,0.01653702,15.23,17.15,True,1.0,1.0,4.97,4.14,Actionable watch,Breakout retest,"breakout, retest, pivot, volume",395.95,2026-08-21,2.09,3.93,,,,Prior resistance has been cleared on higher volume and price is back near that pivot. This is the kind of retest zone where follow-through can matter more than chasing a stretched candle.,Strengthening with volume,7.9
APARINDS,Apar Industries Ltd.,APARINDS.NS,Capital Goods,True,,NIFTY 500,^CRSLDX,2026-09-18,18858.0,5.94,7.76,11.88,271798.0,132025.0,2.06,5125566684.0,65.32,57.02,True,True,True,True,True,8.08,17.22,7.37,False,True,True,True,-4.43,0.82563686,0.68444928,20.63,16.21,True,1.0,1.0,2.06,5.0,Actionable watch,Breakout retest,"breakout, retest, pivot, volume",18224.0,2026-09-18,2.21,2.63,,,,Prior resistance has been cleared on higher volume and price is back near that pivot. This is the kind of retest zone where follow-through can matter more than chasing a stretched candle.,Strengthening with volume,7.9
AUROPHARMA,Aurobindo Pharma Ltd.,AUROPHARMA.NS,Healthcare,True,,NIFTY 500,^CRSLDX,2026-09-18,1734.0,2.6,3.23,6.95,1209478.0,784339.0,1.54,2097234852.0,63.54,57.03,True,True,True,True,True,4.22,7.08,3.36,False,True,True,True,4.46,0.07591761,0.06925034,9.63,9.29,True,1.0,1.0,1.54,4.69,Actionable watch,Breakout retest,"breakout, retest, pivot, volume",1701.13,2026-09-18,1.59,1.47,,,,Prior resistance has been cleared on higher volume and price is back near that pivot. This is the kind of retest zone where follow-through can matter more than chasing a stretched candle.,Strengthening with volume,7.9
EMCURE,Emcure Pharmaceuticals Ltd.,EMCURE.NS,Healthcare,True,,NIFTY 500,^CRSLDX,2026-09-18,2003.8,4.92,1.26,7.56,1744754.0,218861.0,7.97,3496138065.2,61.98,64.81,True,True,True,True,True,4.97,5.1,3.17,False,True,True,False,9.43,0.08772994,0.0814128,7.76,8.5,True,1.0,1.0,7.97,4.05,Actionable watch,Breakout retest,"breakout, retest, pivot, volume",1942.67,2026-09-15,1.9,1.42,,,,Prior resistance has been cleared on higher volume and price is back near that pivot. This is the kind of retest zone where follow-through can matter more than chasing a stretched candle.,Strengthening with volume,7.9
JSL,Jindal Stainless Ltd.,JSL.NS,Metals & Mining,True,,NIFTY 500,^CRSLDX,2026-09-18,750.95,3.66,-0.68,7.07,2671236.0,1160819.0,2.3,2005964674.2,55.64,59.18,True,True,True,True,True,2.61,2.76,-0.41,False,False,False,False,9.16,0.03287793,0.03127695,5.12,6.2,True,0.3333333333333333,0.0,2.3,5.1,Actionable watch,Breakout retest,"breakout, retest, pivot, volume, inverse-head-and-shoulders, base, reversal",748.87,2026-09-09,13.41,0.28,,,,Prior resistance has been cleared on higher volume and price is back near that pivot. This is the kind of retest zone where follow-through can matter more than chasing a stretched candle. Secondary patterns: Possible inverse H&S.,Strengthening with volume,7.9
ABBOTINDIA,Abbott India Ltd.,ABBOTINDIA.NS,Healthcare,True,,NIFTY 500,^CRSLDX,2026-09-18,27270.0,5.25,6.73,3.96,38339.0,9146.0,4.19,1045504530.0,63.08,36.28,True,True,True,True,True,4.79,0.98,-1.17,False,True,False,False,15.32,1.19392922,1.15921598,2.99,5.74,True,0.6666666666666666,0.5,4.19,5.1,Actionable watch,Breakout retest,"breakout, retest, pivot, volume, inverse-head-and-shoulders, base, reversal",26682.86,2026-09-18,5.0,2.2,,,,Prior resistance has been cleared on higher volume and price is back near that pivot. This is the kind of retest zone where follow-through can matter more than chasing a stretched candle. Secondary patterns: Possible inverse H&S.,Strengthening with volume,7.85
JYOTICNC,Jyoti CNC Automation Ltd.,JYOTICNC.NS,Capital Goods,True,,NIFTY 500,^CRSLDX,2026-09-18,1049.7,7.02,6.57,6.16,3979254.0,1108960.0,3.59,4177022923.8,64.45,55.59,True,True,True,True,True,4.85,16.66,0.23,False,True,True,False,-5.91,0.04595774,0.03825051,20.15,13.06,True,1.0,1.0,3.59,3.4,Actionable watch,Possible inverse H&S,"inverse-head-and-shoulders, base, reversal",865.25,,,21.32,,,865.25,A possible inverse head-and-shoulders base is visible. The setup improves only if price clears or holds near the neckline with better volume.,Strengthening with volume,7.69
MEESHO,Meesho Ltd.,MEESHO.NS,Consumer Services,True,,NIFTY 500,^CRSLDX,2026-09-18,214.44,3.44,-1.22,4.25,83376786.0,20522561.0,4.06,17879317989.84,59.64,69.94,True,True,True,True,True,1.77,8.17,,False,False,False,False,8.9,0.00938857,0.00846062,10.97,11.52,True,0.6666666666666666,0.0,4.06,3.4,Actionable watch,Possible inverse H&S,"inverse-head-and-shoulders, base, reversal, flag, continuation, uptrend",201.75,,,6.29,,,201.75,A possible inverse head-and-shoulders base is visible. The setup improves only if price clears or holds near the neckline with better volume. Secondary patterns: Bullish flag.,Strengthening with volume,7.69
BEML,BEML Ltd.,BEML.NS,Capital Goods,True,,NIFTY 500,^CRSLDX,2026-09-18,2135.0,6.04,5.52,10.31,1380251.0,503224.0,2.74,2946835885.0,64.8,57.23,True,True,True,True,True,6.18,12.57,1.13,False,True,False,False,-0.96,0.09347411,0.08106767,15.3,11.14,True,1.0,0.5,2.74,3.4,Actionable watch,Possible inverse H&S,"inverse-head-and-shoulders, base, reversal",1874.0,,,13.93,,,1874.0,A possible inverse head-and-shoulders base is visible. The setup improves only if price clears or holds near the neckline with better volume.,Strengthening with volume,7.69
ADANIPORTS,Adani Ports and Special Economic Zone Ltd.,ADANIPORTS.NS,Services,True,,NIFTY 500,^CRSLDX,2026-09-18,1824.0,4.93,3.37,7.29,4148803.0,2582681.0,1.61,7567416672.0,64.29,58.64,True,True,True,True,True,6.38,5.53,1.34,False,True,False,False,19.55,0.07985797,0.07422358,7.59,11.04,True,1.0,0.5,1.61,3.4,Actionable watch,Possible inverse H&S,"inverse-head-and-shoulders, base, reversal",1688.0,,,8.06,,,1688.0,A possible inverse head-and-shoulders base is visible. The setup improves only if price clears or holds near the neckline with better volume.,Strengthening with volume,7.69
TATACOMM,Tata Communications Ltd.,TATACOMM.NS,Telecommunication,True,,NIFTY 500,^CRSLDX,2026-09-18,1780.1,-0.64,1.05,7.53,713124.0,288443.0,2.47,1269432032.4,55.83,54.3,True,True,True,False,True,2.56,1.62,-0.65,False,False,False,False,16.53,0.07793595,0.0752795,3.53,9.8,True,0.6666666666666666,0.0,2.47,3.4,Actionable watch,Possible inverse H&S,"inverse-head-and-shoulders, base, reversal",1661.0,,,7.17,,,1661.0,A possible inverse head-and-shoulders base is visible. The setup improves only if price clears or holds near the neckline with better volume.,Strengthening with volume,7.69
MEDANTA,Global Health Ltd.,MEDANTA.NS,Healthcare,True,,NIFTY 500,^CRSLDX,2026-09-18,1499.4,5.29,3.61,6.36,703445.0,319246.0,2.2,1054745433.0,59.33,52.02,True,True,True,True,True,3.58,5.81,2.02,False,False,True,False,4.69,0.06564641,0.06058018,8.36,8.33,True,1.0,0.5,2.2,3.4,Actionable watch,Possible inverse H&S,"inverse-head-and-shoulders, base, reversal",1210.6,,,23.86,,,1210.6,A possible inverse head-and-shoulders base is visible. The setup improves only if price clears or holds near the neckline with better volume.,Strengthening with volume,7.69
JSWINFRA,JSW Infrastructure Ltd.,JSWINFRA.NS,Services,True,,NIFTY 500,^CRSLDX,2026-09-18,348.25,6.61,1.49,3.74,25470641.0,3583716.0,7.11,8870150728.25,59.81,57.94,True,True,True,True,True,3.29,3.99,2.35,False,True,True,False,9.15,0.01524701,0.01434049,6.32,8.08,True,1.0,1.0,7.11,3.4,Actionable watch,Possible inverse H&S,"inverse-head-and-shoulders, base, reversal",281.87,,,23.55,,,281.87,A possible inverse head-and-shoulders base is visible. The setup improves only if price clears or holds near the neckline with better volume.,Strengthening with volume,7.69
ANTHEM,Anthem Biosciences Ltd.,ANTHEM.NS,Healthcare,True,,NIFTY 500,^CRSLDX,2026-09-18,928.5,0.12,-1.32,6.55,5490000.0,1132707.0,4.85,5097465000.0,56.32,63.03,False,True,True,True,True,0.33,7.7,3.82,False,False,False,False,-4.26,0.04065139,0.03663227,10.97,7.8,True,1.0,0.0,4.85,3.4,Actionable watch,Possible inverse H&S,"inverse-head-and-shoulders, base, reversal, flag, continuation, uptrend",731.67,,,26.9,,,731.67,A possible inverse head-and-shoulders base is visible. The setup improves only if price clears or holds near the neckline with better volume. Secondary patterns: Bullish flag.,Strengthening with volume,7.69
NAVINFLUOR,Navin Fluorine International Ltd.,NAVINFLUOR.NS,Chemicals,True,,NIFTY 500,^CRSLDX,2026-09-18,8590.0,4.5,0.54,4.67,298599.0,136352.0,2.19,2564965410.0,56.3,55.28,True,True,True,True,True,0.92,5.55,3.98,False,False,True,False,1.08,0.37608551,0.34764348,8.18,6.25,True,1.0,0.5,2.19,3.4,Actionable watch,Possible inverse H&S,"inverse-head-and-shoulders, base, reversal, flag, continuation, uptrend",6933.0,,,23.9,,,6933.0,A possible inverse head-and-shoulders base is visible. The setup improves only if price clears or holds near the neckline with better volume. Secondary patterns: Bullish flag.,Strengthening with volume,7.69
AEGISLOG,Aegis Logistics Ltd.,AEGISLOG.NS,Oil Gas & Consumable Fuels,True,,NIFTY 500,^CRSLDX,2026-09-18,1415.4,4.55,4.57,-0.18,1333662.0,876675.0,1.52,1887665194.8,60.33,56.11,True,True,True,True,True,7.97,7.33,6.51,False,True,True,False,6.35,0.06196874,0.05638194,9.91,6.25,True,1.0,1.0,1.52,3.4,Actionable watch,Possible inverse H&S,"inverse-head-and-shoulders, base, reversal",761.75,,,85.81,,,761.75,A possible inverse head-and-shoulders base is visible. The setup improves only if price clears or holds near the neckline with better volume.,Strengthening with volume,7.69
ABCAPITAL,Aditya Birla Capital Ltd.,ABCAPITAL.NS,Financial Services,True,,NIFTY 500,^CRSLDX,2026-09-18,410.05,5.14,3.81,-0.71,4888619.0,2634209.0,1.86,2004578220.95,56.81,43.36,True,True,True,True,True,2.42,1.72,1.47,False,False,False,False,8.19,0.01795272,0.01730216,3.76,6.02,True,1.0,0.0,1.86,3.4,Actionable watch,Possible inverse H&S,"inverse-head-and-shoulders, base, reversal",357.6,,,14.67,,,357.6,A possible inverse head-and-shoulders base is visible. The setup improves only if price clears or holds near the neckline with better volume.,Strengthening with volume,7.69
APLAPOLLO,APL Apollo Tubes Ltd.,APLAPOLLO.NS,Capital Goods,True,,NIFTY 500,^CRSLDX,2026-09-18,2270.1,5.66,5.41,6.13,1115754.0,729681.0,1.53,2532873155.4,65.13,53.75,True,True,True,True,True,3.89,11.69,2.32,False,True,True,False,-5.65,0.09938903,0.08656049,14.82,9.55,True,1.0,1.0,1.53,3.26,Actionable watch,Possible inverse H&S,"inverse-head-and-shoulders, base, reversal",2225.7,,,1.99,,,2225.7,A possible inverse head-and-shoulders base is visible. The setup improves only if price clears or holds near the neckline with better volume.,Strengthening with volume,7.64
LGEINDIA,LG Electronics India Ltd.,LGEINDIA.NS,Consumer Durables,True,,NIFTY 500,^CRSLDX,2026-09-18,1696.9,2.66,3.67,4.53,1337344.0,525729.0,2.54,2269339033.6,61.38,49.68,True,True,True,True,True,2.1,5.55,0.28,False,False,True,False,-0.84,0.07429331,0.06879183,8.0,5.61,True,1.0,0.5,2.54,3.4,Actionable watch,Possible inverse H&S,"inverse-head-and-shoulders, base, reversal",1636.55,,,3.69,,,1636.55,A possible inverse head-and-shoulders base is visible. The setup improves only if price clears or holds near the neckline with better volume.,Strengthening with volume,7.61
CLEAN,Clean Science and Technology Ltd.,CLEAN.NS,Chemicals,True,,NIFTY 500,^CRSLDX,2026-09-18,851.9,2.87,1.17,3.2,891352.0,378559.0,2.35,759342768.8,58.56,56.26,True,True,True,True,True,2.01,6.62,-0.95,False,False,False,False,-3.43,0.0372977,0.03413634,9.26,6.46,True,0.6666666666666666,0.0,2.35,2.93,Actionable watch,Possible inverse H&S,"inverse-head-and-shoulders, base, reversal, flag, continuation, uptrend",843.45,,,1.0,,,843.45,A possible inverse head-and-shoulders base is visible. The setup improves only if price clears or holds near the neckline with better volume. Secondary patterns: Bullish flag.,Strengthening with volume,7.53
PETRONET,Petronet LNG Ltd.,PETRONET.NS,Oil Gas & Consumable Fuels,True,,NIFTY 500,^CRSLDX,2026-09-18,292.6,3.23,1.88,-0.14,3218273.0,1571815.0,2.05,941666679.8,57.37,49.98,True,True,True,True,True,1.11,3.16,0.59,False,False,False,False,1.99,0.01281055,0.01214353,5.49,3.97,True,1.0,0.0,2.05,5.1,Actionable watch,Breakout retest,"breakout, retest, pivot, volume, inverse-head-and-shoulders, base, reversal",283.26,2026-08-19,2.9,0.3,,,,Prior resistance has been cleared on higher volume and price is back near that pivot. This is the kind of retest zone where follow-through can matter more than chasing a stretched candle. Secondary patterns: Possible inverse H&S.,Strengthening with volume,7.49
HOMEFIRST,Home First Finance Company India Ltd.,HOMEFIRST.NS,Financial Services,True,,NIFTY 500,^CRSLDX,2026-09-18,1241.3,5.8,4.8,3.99,873253.0,231497.0,3.77,1083968948.9,62.15,46.48,True,True,True,True,True,3.7,3.56,0.47,False,True,False,False,11.55,0.05434633,0.05143319,5.66,7.31,True,1.0,0.5,3.77,2.31,Actionable watch,Possible inverse H&S,"inverse-head-and-shoulders, base, reversal",1252.35,,,0.88,,,1252.35,A possible inverse head-and-shoulders base is visible. The setup improves only if price clears or holds near the neckline with better volume.,Strengthening with volume,7.31
FSL,Firstsource Solutions Ltd.,FSL.NS,Services,True,,NIFTY 500,^CRSLDX,2026-09-18,273.45,0.13,10.44,-0.94,1243136.0,2580057.0,0.48,339935539.2,53.85,33.39,True,True,True,True,True,2.94,0.11,-3.07,False,False,False,False,0.2,0.01197213,0.01167758,2.52,2.54,True,0.6666666666666666,0.0,0.48,4.7,Actionable watch,Breakout retest,"breakout, retest, pivot, volume",276.91,2026-09-15,40.73,1.25,,,,Prior resistance has been cleared on higher volume and price is back near that pivot. This is the kind of retest zone where follow-through can matter more than chasing a stretched candle.,Mean reversion bounce,7.31
JUBLFOOD,Jubilant Foodworks Ltd.,JUBLFOOD.NS,Consumer Services,True,,NIFTY 500,^CRSLDX,2026-09-18,500.0,4.12,6.33,-1.33,2900829.0,1036199.0,2.8,1450414500.0,61.25,43.33,True,True,True,True,True,2.96,6.48,-2.23,False,False,False,False,-15.47,0.02189089,0.02006089,9.12,2.74,True,0.3333333333333333,0.0,2.8,5.1,Actionable watch,Breakout retest,"breakout, retest, pivot, volume, flag, continuation, uptrend",472.55,2026-08-05,5.5,1.64,,,,Prior resistance has been cleared on higher volume and price is back near that pivot. This is the kind of retest zone where follow-through can matter more than chasing a stretched candle. Secondary patterns: Bullish flag.,Strengthening with volume,7.25
INDHOTEL,Indian Hotels Co. Ltd.,INDHOTEL.NS,Consumer Services,True,,NIFTY 500,^CRSLDX,2026-09-18,732.75,0.84,1.98,0.38,3256156.0,1690993.0,1.93,2385948309.0,55.77,47.18,True,True,True,True,True,1.49,0.66,-0.11,False,False,False,False,4.96,0.0320811,0.03124315,2.68,3.72,True,0.6666666666666666,0.0,1.93,3.4,Actionable watch,Possible inverse H&S,"inverse-head-and-shoulders, base, reversal",691.35,,,5.99,,,691.35,A possible inverse head-and-shoulders base is visible. The setup improves only if price clears or holds near the neckline with better volume.,Strengthening with volume,7.23
CARTRADE,Cartrade Tech Ltd.,CARTRADE.NS,Consumer Services,True,,NIFTY 500,^CRSLDX,2026-09-18,2988.9,1.73,-3.21,-2.73,650048.0,371145.0,1.75,1942928467.2,51.06,58.21,False,False,True,True,True,-1.73,3.09,0.19,False,False,False,False,11.9,0.13085937,0.12380703,5.7,9.94,True,1.0,0.0,1.75,4.7,Actionable watch,Breakout retest,"breakout, retest, pivot, volume, flag, continuation, uptrend, inverse-head-and-shoulders, base, reversal",3080.25,2026-09-07,3.35,2.97,,,,"Prior resistance has been cleared on higher volume and price is back near that pivot. This is the kind of retest zone where follow-through can matter more than chasing a stretched candle. Secondary patterns: Bullish flag, Possible inverse H&S.",Strengthening with volume,7.2
UNOMINDA,UNO Minda Ltd.,UNOMINDA.NS,Automobile and Auto Components,True,,NIFTY 500,^CRSLDX,2026-09-18,1284.0,6.56,6.86,1.5,1277954.0,678804.0,1.88,1640892936.0,60.74,39.16,True,True,True,True,True,3.56,5.33,-0.34,False,True,False,False,-7.96,0.05621581,0.05220227,7.69,3.35,True,0.6666666666666666,0.5,1.88,3.4,Actionable watch,Possible inverse H&S,"inverse-head-and-shoulders, base, reversal",1210.0,,,6.12,,,1210.0,A possible inverse head-and-shoulders base is visible. The setup improves only if price clears or holds near the neckline with better volume.,Strengthening with volume,7.16
CGCL,Capri Global Capital Ltd.,CGCL.NS,Financial Services,True,,NIFTY 500,^CRSLDX,2026-09-18,270.65,3.16,1.75,20.81,6367147.0,7967580.0,0.8,1723268335.55,60.32,59.09,True,True,True,True,True,3.77,9.76,3.71,False,False,False,False,30.73,0.01184954,0.01055998,12.21,22.49,True,1.0,0.0,0.8,4.92,Actionable watch,Breakout retest,"breakout, retest, pivot, volume, flag, continuation, uptrend, inverse-head-and-shoulders, base, reversal",261.71,2026-09-03,2.04,0.11,,,,"Prior resistance has been cleared on higher volume and price is back near that pivot. This is the kind of retest zone where follow-through can matter more than chasing a stretched candle. Secondary patterns: Bullish flag, Possible inverse H&S.",Strengthening,7.1
WOCKPHARMA,Wockhardt Ltd.,WOCKPHARMA.NS,Healthcare,True,,NIFTY 500,^CRSLDX,2026-09-18,2086.1,0.67,-4.28,10.59,557349.0,1177803.0,0.47,1162685748.9,54.55,64.37,False,True,True,True,True,2.25,6.46,4.53,False,False,False,False,19.89,0.09133318,0.08349502,9.39,16.97,True,1.0,0.0,0.47,4.7,Actionable watch,Breakout retest,"breakout, retest, pivot, volume, flag, continuation, uptrend, inverse-head-and-shoulders, base, reversal",2093.85,2026-09-07,5.07,0.37,,,,"Prior resistance has been cleared on higher volume and price is back near that pivot. This is the kind of retest zone where follow-through can matter more than chasing a stretched candle. Secondary patterns: Bullish flag, Possible inverse H&S.",Strengthening,7.1
ATHERENERG,Ather Energy Ltd.,ATHERENERG.NS,Automobile and Auto Components,True,,NIFTY 500,^CRSLDX,2026-09-18,1640.0,5.81,-0.97,12.18,5010015.0,5534037.0,0.91,8216424600.0,59.39,64.06,True,True,True,True,True,2.81,12.91,10.32,False,False,False,False,4.52,0.07180212,0.06158888,16.58,16.76,True,1.0,0.0,0.91,4.07,Actionable watch,High-tight flag,"flag, continuation, uptrend, high-tight",1725.6,2026-09-01,0.91,,13.44,53.33,,Price has made a sharp impulse move and is now consolidating near the highs. A controlled pullback with quieter volume keeps the continuation setup alive.,Strengthening,7.1
HBLENGINE,HBL Engineering Ltd.,HBLENGINE.NS,Capital Goods,True,,NIFTY 500,^CRSLDX,2026-09-18,760.0,0.43,5.23,8.18,1898943.0,2241728.0,0.85,1443196680.0,65.36,57.45,True,True,True,True,True,8.42,7.25,-2.22,False,True,False,False,22.51,0.03327415,0.03044765,9.28,15.82,True,0.3333333333333333,0.5,0.85,5.1,Actionable watch,Breakout retest,"breakout, retest, pivot, volume",736.02,2026-09-17,4.04,2.03,,,,Prior resistance has been cleared on higher volume and price is back near that pivot. This is the kind of retest zone where follow-through can matter more than chasing a stretched candle.,Strengthening,7.1
TEGA,Tega Industries Ltd.,TEGA.NS,Capital Goods,True,,NIFTY 500,^CRSLDX,2026-09-18,1943.0,1.2,12.37,11.46,1144337.0,534131.0,2.14,2223446791.0,73.06,61.22,True,True,True,True,True,16.16,18.33,-1.35,False,True,False,False,6.2,0.085068,0.07033365,20.95,15.22,True,0.3333333333333333,0.5,2.14,5.1,Actionable watch,Breakout retest,"breakout, retest, pivot, volume, inverse-head-and-shoulders, base, reversal",1861.21,2026-09-17,11.67,1.4,,,,Prior resistance has been cleared on higher volume and price is back near that pivot. This is the kind of retest zone where follow-through can matter more than chasing a stretched candle. Secondary patterns: Possible inverse H&S.,Strengthening with volume,7.1
PWL,Physicswallah Ltd.,PWL.NS,Consumer Services,True,,NIFTY 500,^CRSLDX,2026-09-18,136.6,6.89,0.37,13.05,20005965.0,16305033.0,1.23,2732814819.0,61.63,64.64,True,True,True,True,True,8.87,7.68,,False,True,False,False,23.24,0.00598059,0.00546606,9.41,14.72,True,0.6666666666666666,0.5,1.23,4.93,Actionable watch,Breakout retest,"breakout, retest, pivot, volume, inverse-head-and-shoulders, base, reversal",133.03,2026-09-11,2.06,2.68,,,,Prior resistance has been cleared on higher volume and price is back near that pivot. This is the kind of retest zone where follow-through can matter more than chasing a stretched candle. Secondary patterns: Possible inverse H&S.,Strengthening,7.1
SAGILITY,Sagility Ltd.,SAGILITY.NS,Information Technology,True,,NIFTY 500,^CRSLDX,2026-09-18,45.66,2.47,1.02,5.33,17450697.0,24957932.0,0.7,796798825.02,56.18,54.28,True,True,True,True,True,0.66,4.25,-0.97,False,False,False,False,8.11,0.00199908,0.00187092,6.85,10.16,True,0.3333333333333333,0.0,0.7,4.82,Actionable watch,Breakout retest,"breakout, retest, pivot, volume, inverse-head-and-shoulders, base, reversal",43.11,2026-07-29,1.85,3.42,,,,Prior resistance has been cleared on higher volume and price is back near that pivot. This is the kind of retest zone where follow-through can matter more than chasing a stretched candle. Secondary patterns: Possible inverse H&S.,Strengthening,7.1
TATAINVEST,Tata Investment Corporation Ltd.,TATAINVEST.NS,Financial Services,True,,NIFTY 500,^CRSLDX,2026-09-18,702.35,-2.36,7.9,8.4,2361598.0,2336514.0,1.01,1658668355.3,60.82,52.82,True,True,True,True,True,7.82,6.47,-1.29,False,False,False,False,9.57,0.03075014,0.02828114,8.73,10.14,True,0.3333333333333333,0.0,1.01,5.1,Actionable watch,Breakout retest,"breakout, retest, pivot, volume",700.41,2026-09-15,41.36,0.28,,,,Prior resistance has been cleared on higher volume and price is back near that pivot. This is the kind of retest zone where follow-through can matter more than chasing a stretched candle.,Strengthening,7.1
CAPLIPOINT,Caplin Point Laboratories Ltd.,CAPLIPOINT.NS,Healthcare,True,,NIFTY 500,^CRSLDX,2026-09-18,2748.6,5.85,-0.23,7.33,308471.0,276528.0,1.12,847863390.6,56.89,58.71,True,True,True,True,True,3.22,5.48,3.68,False,False,False,False,6.89,0.12033861,0.11160881,7.82,9.46,True,1.0,0.0,1.12,4.88,Actionable watch,Breakout retest,"breakout, retest, pivot, volume, inverse-head-and-shoulders, base, reversal",2680.28,2026-09-02,1.96,2.55,,,,Prior resistance has been cleared on higher volume and price is back near that pivot. This is the kind of retest zone where follow-through can matter more than chasing a stretched candle. Secondary patterns: Possible inverse H&S.,Strengthening,7.1
SUNDARMFIN,Sundaram Finance Ltd.,SUNDARMFIN.NS,Financial Services,True,,NIFTY 500,^CRSLDX,2026-09-18,4730.6,1.45,0.42,4.32,179114.0,50322.0,3.56,847316688.4,60.65,60.19,True,True,True,True,False,2.09,3.53,-0.18,False,True,False,False,7.57,0.2071141,0.1956729,5.85,7.99,True,0.3333333333333333,0.5,3.56,5.1,Actionable watch,Breakout retest,"breakout, retest, pivot, volume, inverse-head-and-shoulders, base, reversal",4660.93,2026-09-18,4.18,0.66,,,,Prior resistance has been cleared on higher volume and price is back near that pivot. This is the kind of retest zone where follow-through can matter more than chasing a stretched candle. Secondary patterns: Possible inverse H&S.,Strengthening with volume,7.1
BHEL,Bharat Heavy Electricals Ltd.,BHEL.NS,Capital Goods,True,,NIFTY 500,^CRSLDX,2026-09-18,439.9,2.49,2.06,6.51,7669374.0,6845681.0,1.12,3373757622.6,58.63,55.25,True,True,True,True,True,3.15,4.94,4.39,False,False,True,False,7.53,0.01925961,0.01791016,7.53,7.29,True,1.0,0.5,1.12,4.81,Actionable watch,Breakout retest,"breakout, retest, pivot, volume",422.26,2026-08-17,1.81,1.18,,,,Prior resistance has been cleared on higher volume and price is back near that pivot. This is the kind of retest zone where follow-through can matter more than chasing a stretched candle.,Strengthening,7.1
MAHABANK,Bank of Maharashtra,MAHABANK.NS,Financial Services,True,,NIFTY 500,^CRSLDX,2026-09-18,83.54,3.39,-0.78,4.09,18030197.0,18930416.0,0.95,1506242657.38,53.16,55.13,True,True,True,True,True,0.22,2.71,3.48,False,False,False,False,7.38,0.00365753,0.00348866,4.84,7.16,True,1.0,0.0,0.95,5.1,Actionable watch,Breakout retest,"breakout, retest, pivot, volume",82.44,2026-08-26,5.37,1.34,,,,Prior resistance has been cleared on higher volume and price is back near that pivot. This is the kind of retest zone where follow-through can matter more than chasing a stretched candle.,Strengthening,7.1
BBTC,Bombay Burmah Trading Corporation Ltd.,BBTC.NS,Fast Moving Consumer Goods,True,,NIFTY 500,^CRSLDX,2026-09-18,1512.1,8.05,6.22,5.93,2468226.0,921316.0,2.68,3732204534.6,56.9,40.73,True,True,True,True,False,2.85,2.15,-2.45,False,False,False,False,11.59,0.06620243,0.06360313,4.09,7.14,True,0.3333333333333333,0.0,2.68,4.7,Actionable watch,Breakout retest,"breakout, retest, pivot, volume",1557.48,2026-08-27,423.49,2.91,,,,Prior resistance has been cleared on higher volume and price is back near that pivot. This is the kind of retest zone where follow-through can matter more than chasing a stretched candle.,Strengthening with volume,7.1
CDSL,Central Depository Services (India) Ltd.,CDSL.NS,Financial Services,True,,NIFTY 500,^CRSLDX,2026-09-18,1390.0,3.01,2.21,0.08,1694146.0,1409015.0,1.2,2354862940.0,54.72,46.61,True,True,True,True,True,0.74,1.76,-1.47,False,False,False,False,8.91,0.06085668,0.0586387,3.78,7.09,True,0.6666666666666666,0.0,1.2,5.1,Actionable watch,Breakout retest,"breakout, retest, pivot, volume, inverse-head-and-shoulders, base, reversal",1383.8,2026-08-26,3.18,0.45,,,,Prior resistance has been cleared on higher volume and price is back near that pivot. This is the kind of retest zone where follow-through can matter more than chasing a stretched candle. Secondary patterns: Possible inverse H&S.,Strengthening,7.1
GRAPHITE,Graphite India Ltd.,GRAPHITE.NS,Capital Goods,True,,NIFTY 500,^CRSLDX,2026-09-18,830.85,2.06,0.61,16.9,2312208.0,4053459.0,0.57,1921098016.8,65.73,70.23,True,True,True,True,True,9.96,16.77,3.13,False,False,True,False,5.75,0.03637609,0.03015039,20.65,18.56,True,1.0,0.5,0.57,3.97,Actionable watch,High-tight flag,"flag, continuation, uptrend, high-tight, inverse-head-and-shoulders, base, reversal",844.65,2026-09-09,3.74,,9.04,45.79,,Price has made a sharp impulse move and is now consolidating near the highs. A controlled pullback with quieter volume keeps the continuation setup alive. Secondary patterns: Possible inverse H&S.,Strengthening,7.09
FINCABLES,Finolex Cables Ltd.,FINCABLES.NS,Capital Goods,True,,NIFTY 500,^CRSLDX,2026-09-18,1411.2,1.1,-0.9,11.96,1061919.0,1376182.0,0.77,1498580092.8,63.35,68.76,True,True,True,True,True,7.46,19.59,6.1,False,False,True,False,-18.12,0.06178485,0.05002907,23.5,9.99,True,1.0,0.5,0.77,3.98,Actionable watch,High-tight flag,"flag, continuation, uptrend, high-tight, inverse-head-and-shoulders, base, reversal",1424.0,2026-09-11,1.04,,9.61,46.35,,Price has made a sharp impulse move and is now consolidating near the highs. A controlled pullback with quieter volume keeps the continuation setup alive. Secondary patterns: Possible inverse H&S.,Strengthening,7.09
IDFCFIRSTB,IDFC First Bank Ltd.,IDFCFIRSTB.NS,Financial Services,True,,NIFTY 500,^CRSLDX,2026-09-18,85.92,-0.47,-0.34,-0.96,27340008.0,16984343.0,1.61,2349053487.36,52.7,54.56,False,True,True,True,True,0.34,1.7,0.71,False,False,True,False,-1.91,0.00376173,0.00361163,4.16,2.9,True,1.0,0.5,1.61,3.4,Actionable watch,Possible inverse H&S,"inverse-head-and-shoulders, base, reversal",83.82,,,2.5,,,83.82,A possible inverse head-and-shoulders base is visible. The setup improves only if price clears or holds near the neckline with better volume.,Strengthening with volume,7.07
ALKEM,Alkem Laboratories Ltd.,ALKEM.NS,Healthcare,True,,NIFTY 500,^CRSLDX,2026-09-18,5466.5,2.21,7.45,1.23,320770.0,153640.0,2.09,1753489205.0,61.71,28.69,True,True,True,True,False,4.18,0.34,-0.76,False,True,False,False,8.61,0.23933312,0.23438234,2.11,3.99,True,0.3333333333333333,0.5,2.09,2.2,Watch,Possible inverse H&S,"inverse-head-and-shoulders, base, reversal",5727.0,,,4.55,,,5727.0,A possible inverse head-and-shoulders base is visible. The setup improves only if price clears or holds near the neckline with better volume.,Mean reversion bounce,6.97
CRAFTSMAN,Craftsman Automation Ltd.,CRAFTSMAN.NS,Automobile and Auto Components,True,,NIFTY 500,^CRSLDX,2026-09-18,11138.0,1.84,-4.55,4.64,207605.0,65148.0,3.19,2312304490.0,53.22,67.17,False,False,True,True,True,-0.34,6.72,5.2,False,False,False,False,-7.69,0.4876415,0.44378826,9.88,5.8,True,1.0,0.0,3.19,3.4,Actionable watch,Possible inverse H&S,"inverse-head-and-shoulders, base, reversal, flag, continuation, uptrend",8979.0,,,24.04,,,8979.0,A possible inverse head-and-shoulders base is visible. The setup improves only if price clears or holds near the neckline with better volume. Secondary patterns: Bullish flag.,Strengthening with volume,6.95
PTCIL,PTC Industries Ltd.,PTCIL.NS,Capital Goods,True,,NIFTY 500,^CRSLDX,2026-09-18,22805.0,0.6,-3.49,10.55,28545.0,45262.0,0.63,650968725.0,58.39,67.04,False,True,True,True,True,0.88,13.36,2.59,False,False,False,False,11.47,0.99844356,0.85305312,17.04,19.9,True,1.0,0.0,0.63,3.43,Actionable watch,Bullish flag,"flag, continuation, uptrend, inverse-head-and-shoulders, base, reversal",23830.0,2026-09-04,0.89,,8.05,34.39,,Price has made a sharp impulse move and is now consolidating near the highs. A controlled pullback with quieter volume keeps the continuation setup alive. Secondary patterns: Possible inverse H&S.,Strengthening,6.9
LAURUSLABS,Laurus Labs Ltd.,LAURUSLABS.NS,Healthcare,True,,NIFTY 500,^CRSLDX,2026-09-18,1954.0,0.3,-0.76,8.44,2655873.0,3752687.0,0.71,5189575842.0,61.91,68.28,True,True,True,True,True,2.44,8.45,7.32,False,False,True,False,-1.98,0.0855496,0.07649024,11.84,11.04,True,1.0,0.5,0.71,3.43,Actionable watch,Bullish flag,"flag, continuation, uptrend, inverse-head-and-shoulders, base, reversal",1969.0,2026-09-11,0.83,,5.66,34.02,,Price has made a sharp impulse move and is now consolidating near the highs. A controlled pullback with quieter volume keeps the continuation setup alive. Secondary patterns: Possible inverse H&S.,Strengthening,6.9
CHALET,Chalet Hotels Ltd.,CHALET.NS,Consumer Services,True,,NIFTY 500,^CRSLDX,2026-09-18,865.65,2.77,-1.32,0.43,566679.0,255056.0,2.22,490545676.35,49.0,51.21,False,False,True,True,True,-2.17,0.96,-0.05,False,False,False,False,2.46,0.0378997,0.03669806,3.27,4.51,True,0.6666666666666666,0.0,2.22,4.7,Actionable watch,Breakout retest,"breakout, retest, pivot, volume, inverse-head-and-shoulders, base, reversal",873.48,2026-08-25,8.89,0.9,,,,Prior resistance has been cleared on higher volume and price is back near that pivot. This is the kind of retest zone where follow-through can matter more than chasing a stretched candle. Secondary patterns: Possible inverse H&S.,Strengthening with volume,6.9
PFOCUS,Prime Focus Ltd.,PFOCUS.NS,Media Entertainment & Publication,True,,NIFTY 500,^CRSLDX,2026-09-18,344.35,2.81,10.78,15.96,5344944.0,1489972.0,3.59,1840531466.4,74.01,60.08,True,True,True,True,True,11.96,17.08,4.97,False,True,True,False,29.45,0.01507626,0.01250032,20.61,26.28,True,1.0,1.0,3.59,3.4,Actionable watch,Possible inverse H&S,"inverse-head-and-shoulders, base, reversal",287.5,,,19.77,,,287.5,A possible inverse head-and-shoulders base is visible. The setup improves only if price clears or holds near the neckline with better volume.,Strengthening with volume,6.89
SPLPETRO,Supreme Petrochem Ltd.,SPLPETRO.NS,Chemicals,True,,NIFTY 500,^CRSLDX,2026-09-18,865.7,7.27,5.79,24.06,1234723.0,402388.0,3.07,1068899701.1,71.95,68.85,True,True,True,True,True,12.99,17.57,1.75,False,True,True,False,31.46,0.03790189,0.03144465,20.54,26.16,True,1.0,1.0,3.07,3.4,Actionable watch,Possible inverse H&S,"inverse-head-and-shoulders, base, reversal",817.5,,,5.9,,,817.5,A possible inverse head-and-shoulders base is visible. The setup improves only if price clears or holds near the neckline with better volume.,Strengthening with volume,6.89
REDINGTON,Redington Ltd.,REDINGTON.NS,Services,True,,NIFTY 500,^CRSLDX,2026-09-18,399.85,-0.06,1.56,14.06,10809796.0,7237798.0,1.49,4322296930.6,67.89,70.94,True,True,True,True,True,6.81,18.58,3.52,False,False,True,True,-2.54,0.01750615,0.01426681,22.71,22.19,True,1.0,0.5,1.49,3.4,Actionable watch,Possible inverse H&S,"inverse-head-and-shoulders, base, reversal",268.44,,,48.95,,,268.44,A possible inverse head-and-shoulders base is visible. The setup improves only if price clears or holds near the neckline with better volume.,Strengthening,6.89
PAYTM,One 97 Communications Ltd.,PAYTM.NS,Financial Services,True,,NIFTY 500,^CRSLDX,2026-09-18,1849.9,4.93,2.35,13.35,4640337.0,4914652.0,0.94,8584159416.3,67.28,71.31,True,True,True,True,True,8.1,19.75,3.36,False,True,True,True,-4.08,0.08099192,0.06542289,23.8,19.61,True,1.0,1.0,0.94,3.4,Actionable watch,Possible inverse H&S,"inverse-head-and-shoulders, base, reversal",1215.5,,,52.19,,,1215.5,A possible inverse head-and-shoulders base is visible. The setup improves only if price clears or holds near the neckline with better volume.,Strengthening,6.89
URBANCO,Urban Company Ltd.,URBANCO.NS,Consumer Services,True,,NIFTY 500,^CRSLDX,2026-09-18,169.11,3.87,1.33,6.63,11152442.0,11420742.0,0.98,1885989466.62,57.64,57.49,True,True,True,True,True,0.09,12.52,2.61,False,False,False,False,5.34,0.00740394,0.0063958,15.76,17.13,True,1.0,0.0,0.98,3.4,Actionable watch,Possible inverse H&S,"inverse-head-and-shoulders, base, reversal, flag, continuation, uptrend",133.08,,,27.07,,,133.08,A possible inverse head-and-shoulders base is visible. The setup improves only if price clears or holds near the neckline with better volume. Secondary patterns: Bullish flag.,Strengthening,6.89
LENSKART,Lenskart Solutions Ltd.,LENSKART.NS,Consumer Services,True,,NIFTY 500,^CRSLDX,2026-09-18,707.2,4.01,3.73,6.92,25690503.0,13013006.0,1.97,18168323721.6,73.54,69.25,True,True,True,True,True,4.97,15.0,5.21,False,True,True,True,0.04,0.03096248,0.02612813,18.5,13.21,True,1.0,1.0,1.97,3.4,Actionable watch,Possible inverse H&S,"inverse-head-and-shoulders, base, reversal",540.15,,,30.93,,,540.15,A possible inverse head-and-shoulders base is visible. The setup improves only if price clears or holds near the neckline with better volume.,Strengthening with volume,6.89
DIVISLAB,Divi's Laboratories Ltd.,DIVISLAB.NS,Healthcare,True,,NIFTY 500,^CRSLDX,2026-09-18,9375.0,0.56,0.57,9.05,691534.0,534188.0,1.29,6483131250.0,62.98,63.66,True,True,True,True,True,1.75,10.93,4.2,False,False,True,False,-2.55,0.41045421,0.35808923,14.62,12.14,True,1.0,0.5,1.29,3.4,Actionable watch,Possible inverse H&S,"inverse-head-and-shoulders, base, reversal, flag, continuation, uptrend",6766.25,,,38.56,,,6766.25,A possible inverse head-and-shoulders base is visible. The setup improves only if price clears or holds near the neckline with better volume. Secondary patterns: Bullish flag.,Strengthening,6.89
ABDL,Allied Blenders and Distillers Ltd.,ABDL.NS,Fast Moving Consumer Goods,True,,NIFTY 500,^CRSLDX,2026-09-18,647.6,-0.84,2.39,8.84,437696.0,418161.0,1.05,283451929.6,61.51,57.85,True,True,True,True,True,4.54,4.78,-0.32,False,False,False,False,14.74,0.02835308,0.02653868,6.84,10.87,True,0.6666666666666666,0.0,1.05,3.4,Actionable watch,Possible inverse H&S,"inverse-head-and-shoulders, base, reversal",572.0,,,13.22,,,572.0,A possible inverse head-and-shoulders base is visible. The setup improves only if price clears or holds near the neckline with better volume.,Strengthening,6.89
NH,Narayana Hrudayalaya Ltd.,NH.NS,Healthcare,True,,NIFTY 500,^CRSLDX,2026-09-18,1928.5,3.21,3.17,6.21,271767.0,244489.0,1.11,524102659.5,55.41,46.0,True,True,True,True,True,1.85,0.46,-0.27,False,False,False,False,20.78,0.08443317,0.08250737,2.33,10.58,True,0.6666666666666666,0.0,1.11,3.4,Actionable watch,Possible inverse H&S,"inverse-head-and-shoulders, base, reversal",1869.0,,,3.18,,,1869.0,A possible inverse head-and-shoulders base is visible. The setup improves only if price clears or holds near the neckline with better volume.,Strengthening,6.89
INDGN,Indegene Ltd.,INDGN.NS,Healthcare,True,,NIFTY 500,^CRSLDX,2026-09-18,600.1,1.41,3.76,5.69,469267.0,646720.0,0.73,281607126.7,63.76,53.06,True,True,True,True,True,2.49,8.23,1.24,False,False,True,False,-4.83,0.02627345,0.02364122,11.13,8.63,True,1.0,0.5,0.73,3.4,Actionable watch,Possible inverse H&S,"inverse-head-and-shoulders, base, reversal, flag, continuation, uptrend",510.1,,,17.64,,,510.1,A possible inverse head-and-shoulders base is visible. The setup improves only if price clears or holds near the neckline with better volume. Secondary patterns: Bullish flag.,Strengthening,6.89
KPIL,Kalpataru Projects International Ltd.,KPIL.NS,Construction,True,,NIFTY 500,^CRSLDX,2026-09-18,1445.5,3.3,0.68,2.92,224766.0,150844.0,1.49,324899253.0,61.04,62.88,True,True,True,True,True,2.75,6.38,1.72,False,True,True,True,4.3,0.06328657,0.05814778,8.84,7.51,True,1.0,1.0,1.49,3.4,Actionable watch,Possible inverse H&S,"inverse-head-and-shoulders, base, reversal",1262.25,,,14.52,,,1262.25,A possible inverse head-and-shoulders base is visible. The setup improves only if price clears or holds near the neckline with better volume.,Strengthening,6.89
GLAND,Gland Pharma Ltd.,GLAND.NS,Healthcare,True,,NIFTY 500,^CRSLDX,2026-09-18,2961.9,1.86,1.36,5.06,492452.0,626559.0,0.79,1458593578.8,59.57,58.41,True,True,True,True,True,1.95,8.38,5.76,False,False,True,False,-8.55,0.12967726,0.11638722,11.42,6.73,True,1.0,0.5,0.79,3.4,Actionable watch,Possible inverse H&S,"inverse-head-and-shoulders, base, reversal, flag, continuation, uptrend",1853.35,,,59.81,,,1853.35,A possible inverse head-and-shoulders base is visible. The setup improves only if price clears or holds near the neckline with better volume. Secondary patterns: Bullish flag.,Strengthening,6.89
ACE,Action Construction Equipment Ltd.,ACE.NS,Capital Goods,True,,NIFTY 500,^CRSLDX,2026-09-18,1229.2,1.96,8.88,3.98,881443.0,333951.0,2.64,1083469735.6,70.21,53.32,True,True,True,True,True,7.91,11.91,1.89,False,True,True,True,-9.47,0.05381657,0.04682476,14.93,6.55,True,1.0,1.0,2.64,3.4,Actionable watch,Possible inverse H&S,"inverse-head-and-shoulders, base, reversal",935.75,,,31.36,,,935.75,A possible inverse head-and-shoulders base is visible. The setup improves only if price clears or holds near the neckline with better volume.,Strengthening with volume,6.89
CGPOWER,CG Power and Industrial Solutions Ltd.,CGPOWER.NS,Capital Goods,True,,NIFTY 500,^CRSLDX,2026-09-18,892.0,1.36,-1.87,2.88,3114673.0,2576031.0,1.21,2778288316.0,50.75,54.38,False,True,True,False,True,0.11,0.66,2.7,False,False,False,False,12.25,0.03905335,0.03803656,2.67,5.82,True,1.0,0.0,1.21,3.44,Watch,Breakout retest,"breakout, retest, pivot, volume",898.69,2026-09-09,1.48,0.74,,,,Prior resistance has been cleared on higher volume and price is back near that pivot. This is the kind of retest zone where follow-through can matter more than chasing a stretched candle.,Strengthening,6.87
RBLBANK,RBL Bank Ltd.,RBLBANK.NS,Financial Services,True,,NIFTY 500,^CRSLDX,2026-09-18,415.9,2.91,0.81,5.96,3792806.0,3656106.0,1.04,1577428015.4,65.35,66.45,True,True,True,True,True,3.88,7.6,2.79,False,False,True,False,5.41,0.01820884,0.01650581,10.32,11.62,True,1.0,0.5,1.04,3.23,Watch,Bullish flag,"flag, continuation, uptrend",418.5,2026-09-08,0.75,,5.7,18.59,,Price has made a sharp impulse move and is now consolidating near the highs. A controlled pullback with quieter volume keeps the continuation setup alive.,Strengthening,6.83
PCBL,PCBL Chemical Ltd.,PCBL.NS,Chemicals,True,,NIFTY 500,^CRSLDX,2026-09-18,336.7,2.22,1.71,6.03,1255857.0,1569941.0,0.8,422847051.9,59.08,57.4,True,True,True,True,True,4.09,4.13,-0.0,False,True,False,False,5.14,0.01474133,0.01383225,6.57,5.52,True,0.6666666666666666,0.5,0.8,3.4,Actionable watch,Possible inverse H&S,"inverse-head-and-shoulders, base, reversal",321.82,,,4.62,,,321.82,A possible inverse head-and-shoulders base is visible. The setup improves only if price clears or holds near the neckline with better volume.,Strengthening,6.79
TBOTEK,TBO Tek Ltd.,TBOTEK.NS,Consumer Services,True,,NIFTY 500,^CRSLDX,2026-09-18,1710.6,3.82,1.85,0.83,212106.0,141938.0,1.49,362828523.6,56.42,51.97,True,True,True,True,True,0.91,5.97,0.21,False,False,True,False,-6.5,0.07489312,0.06889162,8.71,5.42,True,1.0,0.5,1.49,3.4,Actionable watch,Possible inverse H&S,"inverse-head-and-shoulders, base, reversal, flag, continuation, uptrend",1458.3,,,17.3,,,1458.3,A possible inverse head-and-shoulders base is visible. The setup improves only if price clears or holds near the neckline with better volume. Secondary patterns: Bullish flag.,Strengthening,6.77
SAILIFE,Sai Life Sciences Ltd.,SAILIFE.NS,Healthcare,True,,NIFTY 500,^CRSLDX,2026-09-18,1600.5,3.55,0.98,9.82,867960.0,944264.0,0.92,1389169980.0,61.64,61.41,True,True,True,True,True,3.46,11.97,6.35,False,False,False,False,2.67,0.07007274,0.0607398,15.37,15.23,True,1.0,0.0,0.92,2.88,Watch,Bullish flag,"flag, continuation, uptrend",1675.4,2026-09-09,1.46,,12.11,38.66,,Price has made a sharp impulse move and is now consolidating near the highs. A controlled pullback with quieter volume keeps the continuation setup alive.,Strengthening,6.71
AIIL,Authum Investment & Infrastructure Ltd.,AIIL.NS,Financial Services,True,,NIFTY 500,^CRSLDX,2026-09-18,559.0,6.03,2.69,1.22,762508.0,919233.0,0.83,426241972.0,56.66,51.81,True,True,True,True,True,4.19,2.41,0.09,False,False,False,False,3.5,0.02447402,0.02334382,4.84,3.97,True,1.0,0.0,0.83,5.1,Actionable watch,Breakout retest,"breakout, retest, pivot, volume, inverse-head-and-shoulders, base, reversal",523.39,2026-06-15,6.26,0.78,,,,Prior resistance has been cleared on higher volume and price is back near that pivot. This is the kind of retest zone where follow-through can matter more than chasing a stretched candle. Secondary patterns: Possible inverse H&S.,Strengthening,6.69
HINDZINC,Hindustan Zinc Ltd.,HINDZINC.NS,Metals & Mining,True,,NIFTY 500,^CRSLDX,2026-09-18,596.0,4.14,3.39,0.18,7197021.0,6576682.0,1.09,4289424516.0,54.64,46.74,True,True,True,True,True,0.52,4.68,1.79,False,False,False,False,6.6,0.02609394,0.02433845,7.21,9.56,True,0.6666666666666666,0.0,1.09,2.66,Watch,Bullish flag,"flag, continuation, uptrend, inverse-head-and-shoulders, base, reversal",626.5,2026-08-26,1.04,,11.7,20.86,,Price has made a sharp impulse move and is now consolidating near the highs. A controlled pullback with quieter volume keeps the continuation setup alive. Secondary patterns: Possible inverse H&S.,Strengthening,6.63
ETERNAL,Eternal Ltd.,ETERNAL.NS,Consumer Services,True,,NIFTY 500,^CRSLDX,2026-09-18,326.85,1.4,1.04,-0.35,17696853.0,33991932.0,0.52,5784216403.05,59.7,57.51,True,True,True,True,True,0.79,4.54,0.93,False,False,False,False,-6.78,0.01431008,0.01335054,7.19,4.58,True,1.0,0.0,0.52,3.4,Actionable watch,Possible inverse H&S,"inverse-head-and-shoulders, base, reversal, flag, continuation, uptrend",286.98,,,13.89,,,286.98,A possible inverse head-and-shoulders base is visible. The setup improves only if price clears or holds near the neckline with better volume. Secondary patterns: Bullish flag.,Strengthening,6.61
PINELABS,Pine Labs Ltd.,PINELABS.NS,Financial Services,True,,NIFTY 500,^CRSLDX,2026-09-18,192.04,4.1,-5.01,22.39,66808323.0,57696775.0,1.16,12829870348.92,62.98,74.99,True,True,True,True,True,10.54,18.42,-3.66,False,False,False,False,18.55,0.00840785,0.00686114,22.54,24.75,True,0.3333333333333333,0.0,1.16,2.57,Watch,Bullish flag,"flag, continuation, uptrend, inverse-head-and-shoulders, base, reversal",202.17,2026-09-11,4.37,,18.26,45.48,,Price has made a sharp impulse move and is now consolidating near the highs. A controlled pullback with quieter volume keeps the continuation setup alive. Secondary patterns: Possible inverse H&S.,Strengthening,6.6
OFSS,Oracle Financial Services Software Ltd.,OFSS.NS,Information Technology,True,,NIFTY 500,^CRSLDX,2026-09-18,11896.0,2.38,1.13,1.47,162844.0,222440.0,0.73,1937192224.0,53.62,49.68,True,True,True,True,True,0.17,1.95,4.27,False,False,False,False,-3.94,0.52082809,0.49941947,4.29,3.45,True,1.0,0.0,0.73,4.58,Actionable watch,Breakout retest,"breakout, retest, pivot, volume",11900.0,2026-08-28,2.17,0.03,,,,Prior resistance has been cleared on higher volume and price is back near that pivot. This is the kind of retest zone where follow-through can matter more than chasing a stretched candle.,Strengthening,6.59
SIEMENS,Siemens Ltd.,SIEMENS.NS,Capital Goods,True,,NIFTY 500,^CRSLDX,2026-09-18,3913.9,4.0,-1.09,-0.16,666502.0,372146.0,1.79,2608622177.8,50.2,50.99,True,False,True,True,True,-1.42,1.21,2.12,False,False,False,False,-2.95,0.17135752,0.16507089,3.81,2.78,True,1.0,0.0,1.79,5.1,Actionable watch,Breakout retest,"breakout, retest, pivot, volume, flag, continuation, uptrend, inverse-head-and-shoulders, base, reversal",3886.2,2026-08-04,3.1,0.71,,,,"Prior resistance has been cleared on higher volume and price is back near that pivot. This is the kind of retest zone where follow-through can matter more than chasing a stretched candle. Secondary patterns: Bullish flag, Possible inverse H&S.",Strengthening with volume,6.56
SONACOMS,Sona BLW Precision Forgings Ltd.,SONACOMS.NS,Automobile and Auto Components,True,,NIFTY 500,^CRSLDX,2026-09-18,808.0,3.87,2.54,-1.17,4201864.0,1686041.0,2.49,3395106112.0,56.43,49.12,True,True,True,True,True,1.25,4.25,5.27,False,False,True,False,-11.72,0.03537568,0.03300578,7.18,0.46,True,1.0,0.5,2.49,3.31,Watch,Bullish flag,"flag, continuation, uptrend",824.0,2026-08-18,0.63,,8.56,24.46,,Price has made a sharp impulse move and is now consolidating near the highs. A controlled pullback with quieter volume keeps the continuation setup alive.,Strengthening with volume,6.55
WELCORP,Welspun Corp Ltd.,WELCORP.NS,Capital Goods,True,,NIFTY 500,^CRSLDX,2026-09-18,2660.1,8.12,-0.62,15.06,4629365.0,2749504.0,1.68,12314573836.5,64.52,72.99,True,True,True,True,True,5.49,28.76,14.89,False,False,False,False,16.78,0.11646392,0.08700711,33.86,37.98,True,1.0,0.0,1.68,0.0,No clear setup,,,,,,,,,,,Strengthening with volume,6.5
SHYAMMETL,Shyam Metalics and Energy Ltd.,SHYAMMETL.NS,Capital Goods,True,,NIFTY 500,^CRSLDX,2026-09-18,1100.0,2.14,2.34,11.69,1196160.0,533818.0,2.24,1315776000.0,63.21,59.07,True,True,True,True,True,3.17,6.08,2.82,False,True,True,True,18.68,0.04815996,0.0442836,8.75,13.78,True,1.0,1.0,2.24,0.0,No clear setup,,,,,,,,,,,Strengthening with volume,6.5
ACUTAAS,Acutaas Chemicals Ltd.,ACUTAAS.NS,Healthcare,True,,NIFTY 500,^CRSLDX,2026-09-18,3440.3,3.78,1.67,8.56,521496.0,305988.0,1.7,1794102688.8,58.41,57.02,True,True,True,True,True,5.23,3.92,6.19,False,False,False,False,21.77,0.15062247,0.14209356,6.0,9.09,True,1.0,0.0,1.7,0.0,No clear setup,,,,,,,,,,,Strengthening with volume,6.5
IPCALAB,Ipca Laboratories Ltd.,IPCALAB.NS,Healthcare,True,,NIFTY 500,^CRSLDX,2026-09-18,2009.6,1.99,2.09,5.15,527501.0,265511.0,1.99,1060066009.6,67.11,64.2,True,True,True,True,True,2.5,7.79,3.33,False,True,True,True,2.74,0.08798387,0.07964079,10.48,8.08,True,1.0,1.0,1.99,0.0,No clear setup,,,,,,,,,,,Strengthening with volume,6.5
ZYDUSLIFE,Zydus Lifesciences Ltd.,ZYDUSLIFE.NS,Healthcare,True,,NIFTY 500,^CRSLDX,2026-09-18,1160.0,2.19,3.65,3.57,2789186.0,1335005.0,2.09,3235455760.0,56.24,45.62,True,True,True,True,True,1.79,2.26,2.13,False,False,False,False,10.48,0.05078687,0.04869425,4.3,7.53,True,1.0,0.0,2.09,0.0,No clear setup,,,,,,,,,,,Strengthening with volume,6.5
VIJAYA,Vijaya Diagnostic Centre Ltd.,VIJAYA.NS,Healthcare,True,,NIFTY 500,^CRSLDX,2026-09-18,1558.9,3.51,3.79,3.62,278137.0,155309.0,1.79,433587769.3,64.16,58.29,True,True,True,True,True,4.59,8.62,4.21,False,True,True,True,-5.18,0.06825142,0.06136473,11.22,7.12,True,1.0,1.0,1.79,0.0,No clear setup,,,,,,,,,,,Strengthening with volume,6.5
CARBORUNIV,Carborundum Universal Ltd.,CARBORUNIV.NS,Capital Goods,True,,NIFTY 500,^CRSLDX,2026-09-18,1124.4,3.77,4.58,-3.88,533148.0,180551.0,2.95,599471611.2,55.45,44.16,True,True,True,True,True,2.84,2.68,2.48,False,False,False,False,5.23,0.04922824,0.04698873,4.77,5.89,True,1.0,0.0,2.95,0.0,No clear setup,,,,,,,,,,,Strengthening with volume,6.48
KPRMILL,K.P.R. Mill Ltd.,KPRMILL.NS,Textiles,True,,NIFTY 500,^CRSLDX,2026-09-18,1141.4,4.2,2.91,-0.89,265730.0,243340.0,1.09,303304222.0,53.43,44.97,True,True,True,True,True,0.37,2.8,0.97,False,False,False,False,-0.9,0.04997253,0.0475867,5.01,3.77,True,1.0,0.0,1.09,3.4,Actionable watch,Possible inverse H&S,"inverse-head-and-shoulders, base, reversal",988.92,,,15.42,,,988.92,A possible inverse head-and-shoulders base is visible. The setup improves only if price clears or holds near the neckline with better volume.,Strengthening,6.44
POONAWALLA,Poonawalla Fincorp Ltd.,POONAWALLA.NS,Financial Services,True,,NIFTY 500,^CRSLDX,2026-09-18,479.4,10.77,7.67,-2.17,7163603.0,1174975.0,6.1,3434231278.2,59.12,35.04,True,True,True,True,True,4.39,1.74,-0.11,False,False,False,False,-3.71,0.02098899,0.0202424,3.69,-0.5,True,0.6666666666666666,0.0,6.1,3.55,Actionable watch,Breakout retest,"breakout, retest, pivot, volume, inverse-head-and-shoulders, base, reversal",491.33,2026-08-13,1.7,2.43,,,,Prior resistance has been cleared on higher volume and price is back near that pivot. This is the kind of retest zone where follow-through can matter more than chasing a stretched candle. Secondary patterns: Possible inverse H&S.,Setup watch: Breakout retest,6.44
HYUNDAI,Hyundai Motor India Ltd.,HYUNDAI.NS,Automobile and Auto Components,True,,NIFTY 500,^CRSLDX,2026-09-18,2208.8,2.26,1.6,-0.45,764325.0,683784.0,1.12,1688241060.0,55.42,49.08,True,True,True,True,True,0.55,3.19,-0.7,False,False,False,False,-6.61,0.0967052,0.09137675,5.83,4.0,True,0.6666666666666666,0.0,1.12,3.23,Watch,Bullish flag,"flag, continuation, uptrend, inverse-head-and-shoulders, base, reversal",2267.0,2026-08-28,0.79,,8.17,18.26,,Price has made a sharp impulse move and is now consolidating near the highs. A controlled pullback with quieter volume keeps the continuation setup alive. Secondary patterns: Possible inverse H&S.,Strengthening,6.43
BELRISE,Belrise Industries Ltd.,BELRISE.NS,Automobile and Auto Components,True,,NIFTY 500,^CRSLDX,2026-09-18,240.18,4.71,5.34,3.63,10829670.0,3037130.0,3.57,2601070140.6,59.9,42.19,True,True,True,True,True,4.1,2.08,3.41,False,True,False,False,6.27,0.01051551,0.01008691,4.25,5.54,True,1.0,0.5,3.57,0.0,No clear setup,,,,,,,,,,,Strengthening with volume,6.41
JINDALSAW,Jindal Saw Ltd.,JINDALSAW.NS,Capital Goods,True,,NIFTY 500,^CRSLDX,2026-09-18,289.5,-0.58,-7.2,-0.74,2085677.0,2926975.0,0.71,603803491.5,47.13,64.74,False,False,True,True,True,-4.4,3.3,6.6,False,False,False,False,10.02,0.01267483,0.01196858,5.9,10.31,True,1.0,0.0,0.71,5.1,Actionable watch,Breakout retest,"breakout, retest, pivot, volume, flag, continuation, uptrend",279.98,2026-08-21,16.46,2.88,,,,Prior resistance has been cleared on higher volume and price is back near that pivot. This is the kind of retest zone where follow-through can matter more than chasing a stretched candle. Secondary patterns: Bullish flag.,Strengthening,6.4
MOTILALOFS,Motilal Oswal Financial Services Ltd.,MOTILALOFS.NS,Financial Services,True,,NIFTY 500,^CRSLDX,2026-09-18,1010.0,2.15,-1.61,2.02,739629.0,863031.0,0.86,747025290.0,54.22,59.77,False,False,True,True,True,-1.03,5.57,1.19,False,False,False,False,10.9,0.0442196,0.04093578,8.02,9.77,True,1.0,0.0,0.86,4.68,Actionable watch,Breakout retest,"breakout, retest, pivot, volume, flag, continuation, uptrend, inverse-head-and-shoulders, base, reversal",977.7,2026-08-25,1.56,1.13,,,,"Prior resistance has been cleared on higher volume and price is back near that pivot. This is the kind of retest zone where follow-through can matter more than chasing a stretched candle. Secondary patterns: Bullish flag, Possible inverse H&S.",Strengthening,6.4
CASTROLIND,Castrol India Ltd.,CASTROLIND.NS,Oil Gas & Consumable Fuels,True,,NIFTY 500,^CRSLDX,2026-09-18,197.14,2.83,4.84,4.99,9615337.0,2300590.0,4.18,1895567536.18,75.15,52.33,True,True,True,True,True,4.82,5.28,-0.12,False,True,False,False,6.39,0.00863114,0.0080188,7.64,6.94,True,0.6666666666666666,0.5,4.18,4.3,Actionable watch,Breakout retest,"breakout, retest, pivot, volume, inverse-head-and-shoulders, base, reversal",188.73,2026-09-17,2.94,1.73,,,,Prior resistance has been cleared on higher volume and price is back near that pivot. This is the kind of retest zone where follow-through can matter more than chasing a stretched candle. Secondary patterns: Possible inverse H&S.,Strengthening with volume,6.4
LALPATHLAB,Dr. Lal Path Labs Ltd.,LALPATHLAB.NS,Healthcare,True,,NIFTY 500,^CRSLDX,2026-09-18,1896.9,-1.44,-0.63,0.14,477275.0,279111.0,1.71,905342947.5,49.71,53.48,False,False,True,True,True,-0.82,1.51,2.52,False,False,False,False,-7.02,0.08304966,0.07970205,4.2,2.92,True,1.0,0.0,1.71,3.4,Actionable watch,Possible inverse H&S,"inverse-head-and-shoulders, base, reversal",1472.75,,,28.8,,,1472.75,A possible inverse head-and-shoulders base is visible. The setup improves only if price clears or holds near the neckline with better volume.,Strengthening with volume,6.37
KIMS,Krishna Institute of Medical Sciences Ltd.,KIMS.NS,Healthcare,True,,NIFTY 500,^CRSLDX,2026-09-18,809.85,2.27,5.32,3.5,1242321.0,575408.0,2.16,1006093661.85,65.38,45.82,True,True,True,True,True,5.38,2.77,1.25,False,True,False,False,5.64,0.03545668,0.03385246,4.74,5.14,True,1.0,0.5,2.16,0.0,No clear setup,,,,,,,,,,,Strengthening with volume,6.33
GAIL,GAIL (India) Ltd.,GAIL.NS,Oil Gas & Consumable Fuels,True,,NIFTY 500,^CRSLDX,2026-09-18,173.9,1.1,0.16,1.1,8527161.0,6321676.0,1.35,1482873297.9,50.96,48.94,True,True,True,True,True,0.12,0.04,-0.17,False,False,False,False,4.54,0.00761365,0.0074496,2.2,3.22,True,0.6666666666666666,0.0,1.35,3.4,Actionable watch,Possible inverse H&S,"inverse-head-and-shoulders, base, reversal",169.71,,,2.47,,,169.71,A possible inverse head-and-shoulders base is visible. The setup improves only if price clears or holds near the neckline with better volume.,Strengthening,6.33
HDBFS,HDB Financial Services Ltd.,HDBFS.NS,Financial Services,True,,NIFTY 500,^CRSLDX,2026-09-18,698.4,2.49,4.36,0.37,780230.0,679124.0,1.15,544912632.0,58.58,40.35,True,True,True,True,True,2.56,1.01,-0.98,False,True,False,False,9.67,0.0305772,0.02977116,2.71,4.99,True,0.3333333333333333,0.5,1.15,2.2,Watch,Possible inverse H&S,"inverse-head-and-shoulders, base, reversal",727.67,,,4.02,,,727.67,A possible inverse head-and-shoulders base is visible. The setup improves only if price clears or holds near the neckline with better volume.,Strengthening,6.27
AEGISVOPAK,Aegis Vopak Terminals Ltd.,AEGISVOPAK.NS,Oil Gas & Consumable Fuels,True,,NIFTY 500,^CRSLDX,2026-09-18,314.95,1.37,6.73,13.99,2342046.0,1610481.0,1.45,737627387.7,69.73,61.61,True,True,True,True,True,10.27,10.67,1.18,False,True,True,True,28.94,0.01378907,0.01216865,13.32,19.37,True,1.0,1.0,1.45,3.86,Actionable watch,Breakout retest,"breakout, retest, pivot, volume, inverse-head-and-shoulders, base, reversal",307.7,2026-09-18,1.52,2.29,,,,Prior resistance has been cleared on higher volume and price is back near that pivot. This is the kind of retest zone where follow-through can matter more than chasing a stretched candle. Secondary patterns: Possible inverse H&S.,Strengthening,6.25
CYIENT,Cyient Ltd.,CYIENT.NS,Information Technology,True,,NIFTY 500,^CRSLDX,2026-09-18,1073.3,0.87,1.31,20.24,668011.0,1625264.0,0.41,716976206.3,59.86,59.35,True,False,True,True,True,-0.17,13.63,-0.71,False,False,False,False,17.88,0.04699099,0.04010617,17.17,22.86,True,0.3333333333333333,0.0,0.41,3.53,Actionable watch,Bullish flag,"flag, continuation, uptrend",1174.8,2026-08-31,0.46,,14.03,42.37,,Price has made a sharp impulse move and is now consolidating near the highs. A controlled pullback with quieter volume keeps the continuation setup alive.,Strengthening,6.24
SAIL,Steel Authority of India Ltd.,SAIL.NS,Metals & Mining,True,,NIFTY 500,^CRSLDX,2026-09-18,177.33,1.33,-0.93,2.23,11881802.0,24701043.0,0.48,2106999948.66,45.03,44.65,False,False,True,False,True,-4.95,0.82,3.24,False,False,False,False,-0.45,0.00776382,0.00752317,3.2,5.1,True,1.0,0.0,0.48,5.1,Actionable watch,Breakout retest,"breakout, retest, pivot, volume, flag, continuation, uptrend, inverse-head-and-shoulders, base, reversal",176.29,2026-08-24,2.73,0.15,,,,"Prior resistance has been cleared on higher volume and price is back near that pivot. This is the kind of retest zone where follow-through can matter more than chasing a stretched candle. Secondary patterns: Bullish flag, Possible inverse H&S.",Strengthening,6.22
ECLERX,eClerx Services Ltd.,ECLERX.NS,Services,True,,NIFTY 500,^CRSLDX,2026-09-18,1915.6,-0.38,0.84,5.5,177527.0,238016.0,0.75,340070721.2,52.48,51.59,True,False,True,True,True,-0.55,1.98,-2.02,False,False,False,False,13.83,0.08386838,0.07998861,4.85,7.01,True,0.6666666666666666,0.0,0.75,3.45,Actionable watch,Bullish flag,"flag, continuation, uptrend, inverse-head-and-shoulders, base, reversal",2004.5,2026-09-02,0.41,,8.46,35.69,,Price has made a sharp impulse move and is now consolidating near the highs. A controlled pullback with quieter volume keeps the continuation setup alive. Secondary patterns: Possible inverse H&S.,Strengthening,6.21
LTF,L&T Finance Ltd.,LTF.NS,Financial Services,True,,NIFTY 500,^CRSLDX,2026-09-18,312.8,3.47,1.2,-1.37,4647669.0,3803645.0,1.22,1453790863.2,52.09,45.82,True,True,True,True,True,0.33,0.15,0.33,False,False,False,False,-0.5,0.01369494,0.01341654,2.08,1.54,True,1.0,0.0,1.22,4.76,Actionable watch,Breakout retest,"breakout, retest, pivot, volume, inverse-head-and-shoulders, base, reversal",303.35,2026-06-30,1.73,0.28,,,,Prior resistance has been cleared on higher volume and price is back near that pivot. This is the kind of retest zone where follow-through can matter more than chasing a stretched candle. Secondary patterns: Possible inverse H&S.,Strengthening,6.21
BAJAJHLDNG,Bajaj Holdings & Investment Ltd.,BAJAJHLDNG.NS,Financial Services,True,,NIFTY 500,^CRSLDX,2026-09-18,11282.0,2.47,1.33,-0.34,56100.0,45468.0,1.23,632920200.0,54.0,48.68,True,True,True,True,True,0.85,1.6,-0.18,False,False,False,False,-6.53,0.49394607,0.47496481,4.0,1.51,True,0.6666666666666666,0.0,1.23,4.69,Actionable watch,Breakout retest,"breakout, retest, pivot, volume, inverse-head-and-shoulders, base, reversal",10955.0,2026-07-31,1.57,1.05,,,,Prior resistance has been cleared on higher volume and price is back near that pivot. This is the kind of retest zone where follow-through can matter more than chasing a stretched candle. Secondary patterns: Possible inverse H&S.,Strengthening,6.2
MCX,Multi Commodity Exchange of India Ltd.,MCX.NS,Financial Services,True,,NIFTY 500,^CRSLDX,2026-09-18,3260.0,-0.16,-0.49,2.35,2197423.0,2024202.0,1.09,7163598980.0,55.66,57.87,False,False,True,True,True,-0.79,8.47,4.93,False,False,False,False,7.34,0.14272861,0.12809513,11.42,12.27,True,1.0,0.0,1.09,3.39,Watch,Bullish flag,"flag, continuation, uptrend, inverse-head-and-shoulders, base, reversal",3400.0,2026-08-31,0.65,,11.23,30.84,,Price has made a sharp impulse move and is now consolidating near the highs. A controlled pullback with quieter volume keeps the continuation setup alive. Secondary patterns: Possible inverse H&S.,Strengthening,6.19
ENGINERSIN,Engineers India Ltd.,ENGINERSIN.NS,Construction,True,,NIFTY 500,^CRSLDX,2026-09-18,266.35,0.99,-0.97,8.75,1732303.0,5909340.0,0.29,461398904.05,55.5,58.51,False,False,True,True,True,-0.03,8.02,3.18,False,False,False,False,11.09,0.01166128,0.01052461,10.8,15.12,True,1.0,0.0,0.29,3.34,Watch,Bullish flag,"flag, continuation, uptrend",281.95,2026-09-03,0.51,,11.18,27.02,,Price has made a sharp impulse move and is now consolidating near the highs. A controlled pullback with quieter volume keeps the continuation setup alive.,Strengthening,6.17
ANANDRATHI,Anand Rathi Wealth Ltd.,ANANDRATHI.NS,Financial Services,True,,NIFTY 500,^CRSLDX,2026-09-18,2229.4,1.0,0.83,1.89,880377.0,242179.0,3.64,1962712483.8,61.62,59.71,True,True,True,True,True,1.3,4.08,4.38,False,False,True,True,0.09,0.09760711,0.09168713,6.46,4.27,True,1.0,0.5,3.64,0.0,No clear setup,,,,,,,,,,,Strengthening with volume,6.15
PARADEEP,Paradeep Phosphates Ltd.,PARADEEP.NS,Chemicals,True,,NIFTY 500,^CRSLDX,2026-09-18,155.62,1.18,-0.22,4.81,2314244.0,6406705.0,0.36,360142651.28,52.97,53.19,True,False,True,True,True,-0.69,3.97,-0.07,False,False,False,False,-1.6,0.00681332,0.00639747,6.5,5.6,True,0.6666666666666666,0.0,0.36,3.4,Actionable watch,Possible inverse H&S,"inverse-head-and-shoulders, base, reversal, flag, continuation, uptrend",139.87,,,11.26,,,139.87,A possible inverse head-and-shoulders base is visible. The setup improves only if price clears or holds near the neckline with better volume. Secondary patterns: Bullish flag.,Strengthening,6.11
WELSPUNLIV,Welspun Living Ltd.,WELSPUNLIV.NS,Textiles,True,,NIFTY 500,^CRSLDX,2026-09-18,214.66,1.14,3.36,13.44,3513969.0,3974402.0,0.88,754308585.54,71.5,71.46,True,True,True,True,True,6.13,18.99,4.7,False,True,True,True,12.55,0.0093982,0.00767182,22.5,21.27,True,1.0,1.0,0.88,3.4,Actionable watch,Possible inverse H&S,"inverse-head-and-shoulders, base, reversal",144.65,,,48.4,,,144.65,A possible inverse head-and-shoulders base is visible. The setup improves only if price clears or holds near the neckline with better volume.,Strengthening,6.09
FIVESTAR,Five-Star Business Finance Ltd.,FIVESTAR.NS,Financial Services,True,,NIFTY 500,^CRSLDX,2026-09-18,538.45,1.41,-2.29,3.36,741259.0,737809.0,1.0,399130908.55,51.4,58.49,True,True,False,True,True,1.4,-0.32,-1.26,False,False,False,False,11.16,0.0235743,0.02315574,1.81,5.77,True,0.3333333333333333,0.0,1.0,5.1,Actionable watch,Breakout retest,"breakout, retest, pivot, volume, inverse-head-and-shoulders, base, reversal",530.45,2026-09-11,3.81,1.22,,,,Prior resistance has been cleared on higher volume and price is back near that pivot. This is the kind of retest zone where follow-through can matter more than chasing a stretched candle. Secondary patterns: Possible inverse H&S.,Setup watch: Breakout retest,6.05
CRISIL,CRISIL Ltd.,CRISIL.NS,Financial Services,True,,NIFTY 500,^CRSLDX,2026-09-18,4577.5,0.38,-2.56,1.4,81962.0,57129.0,1.43,375181055.0,47.13,56.32,False,False,True,True,True,-2.07,1.42,0.44,False,False,False,False,5.1,0.20041111,0.1924772,4.12,4.17,True,1.0,0.0,1.43,5.1,Actionable watch,Breakout retest,"breakout, retest, pivot, volume, flag, continuation, uptrend, inverse-head-and-shoulders, base, reversal",4565.07,2026-08-27,4.26,0.27,,,,"Prior resistance has been cleared on higher volume and price is back near that pivot. This is the kind of retest zone where follow-through can matter more than chasing a stretched candle. Secondary patterns: Bullish flag, Possible inverse H&S.",Strengthening,6.03
FLUOROCHEM,Gujarat Fluorochemicals Ltd.,FLUOROCHEM.NS,Chemicals,True,,NIFTY 500,^CRSLDX,2026-09-18,4586.7,2.57,-3.91,-0.76,225937.0,145599.0,1.55,1036305237.9,48.47,59.29,False,False,True,True,True,-1.68,0.79,3.35,False,False,False,False,-0.94,0.2008139,0.1936992,3.67,0.15,True,1.0,0.0,1.55,4.7,Actionable watch,Breakout retest,"breakout, retest, pivot, volume, flag, continuation, uptrend, inverse-head-and-shoulders, base, reversal",4651.1,2026-08-13,5.91,1.38,,,,"Prior resistance has been cleared on higher volume and price is back near that pivot. This is the kind of retest zone where follow-through can matter more than chasing a stretched candle. Secondary patterns: Bullish flag, Possible inverse H&S.",Strengthening with volume,6.03
USHAMART,Usha Martin Ltd.,USHAMART.NS,Capital Goods,True,,NIFTY 500,^CRSLDX,2026-09-18,507.2,2.33,2.57,5.38,1588391.0,1006847.0,1.58,805631915.2,56.02,46.41,True,True,True,True,True,2.14,1.44,1.44,False,False,True,False,3.62,0.02220612,0.02146233,3.47,3.54,True,1.0,0.5,1.58,0.0,No clear setup,,,,,,,,,,,Strengthening with volume,6.01
KOTAKBANK,Kotak Mahindra Bank Ltd.,KOTAKBANK.NS,Financial Services,True,,NIFTY 500,^CRSLDX,2026-09-18,412.5,-0.96,-1.55,2.41,15461137.0,13500073.0,1.15,6377719012.5,51.26,59.84,False,False,True,True,True,-1.14,3.01,-0.18,False,False,False,False,6.89,0.01805999,0.01710163,5.6,8.23,True,0.6666666666666666,0.0,1.15,2.75,Actionable watch,Possible inverse H&S,"inverse-head-and-shoulders, base, reversal",410.67,,,0.44,,,410.67,A possible inverse head-and-shoulders base is visible. The setup improves only if price clears or holds near the neckline with better volume.,Strengthening,5.96
CANHLIFE,Canara HSBC Life Insurance Company Ltd.,CANHLIFE.NS,Financial Services,True,,NIFTY 500,^CRSLDX,2026-09-18,153.59,-1.14,1.1,-1.06,807851.0,1175602.0,0.69,124077835.09,52.38,49.69,True,False,True,True,True,-0.1,1.54,2.22,False,False,True,False,4.61,0.00672444,0.00646777,3.97,3.71,True,1.0,0.5,0.69,4.75,Actionable watch,Breakout retest,"breakout, retest, pivot, volume, inverse-head-and-shoulders, base, reversal",151.99,2026-08-24,1.71,0.13,,,,Prior resistance has been cleared on higher volume and price is back near that pivot. This is the kind of retest zone where follow-through can matter more than chasing a stretched candle. Secondary patterns: Possible inverse H&S.,Strengthening,5.94
NIACL,The New India Assurance Company Ltd.,NIACL.NS,Financial Services,True,,NIFTY 500,^CRSLDX,2026-09-18,187.66,-4.77,-5.41,1.92,9375719.0,14118356.0,0.66,1759447427.54,47.21,53.18,False,False,True,True,True,-4.3,1.66,1.67,False,False,False,False,-1.44,0.00821609,0.00789985,4.0,3.48,True,1.0,0.0,0.66,5.1,Actionable watch,Breakout retest,"breakout, retest, pivot, volume, inverse-head-and-shoulders, base, reversal",171.86,2026-06-18,101.62,8.23,,,,Prior resistance has been cleared on higher volume and price is back near that pivot. This is the kind of retest zone where follow-through can matter more than chasing a stretched candle. Secondary patterns: Possible inverse H&S.,Strengthening,5.9
CEATLTD,Ceat Ltd.,CEATLTD.NS,Automobile and Auto Components,True,,NIFTY 500,^CRSLDX,2026-09-18,3468.9,1.1,5.81,-2.65,113245.0,57892.0,1.96,392835580.5,55.1,30.86,True,True,False,True,False,2.32,-1.1,-1.32,False,False,False,False,-4.09,0.15187463,0.15132904,0.36,0.48,True,0.0,0.0,1.96,4.66,Actionable watch,Breakout retest,"breakout, retest, pivot, volume",3575.0,2026-07-01,2.32,2.97,,,,Prior resistance has been cleared on higher volume and price is back near that pivot. This is the kind of retest zone where follow-through can matter more than chasing a stretched candle.,Mean reversion bounce,5.9
ATGL,Adani Total Gas Ltd.,ATGL.NS,Oil Gas & Consumable Fuels,True,,NIFTY 500,^CRSLDX,2026-09-18,660.7,12.56,11.08,2.26,39305845.0,2502557.0,15.71,25969371791.5,63.1,26.83,True,True,True,False,True,7.31,1.86,0.25,False,True,False,False,5.39,0.02892662,0.02800799,3.28,1.84,True,1.0,0.5,15.71,-2.0,Risk review,Head-and-shoulders risk,"head-and-shoulders, risk, distribution, inverse-head-and-shoulders, base, reversal",639.25,,,3.36,,,639.25,"A possible head-and-shoulders top is forming or breaking. This is a caution signal, not an entry setup. Secondary patterns: Possible inverse H&S.",Risk review,5.87
NEULANDLAB,Neuland Laboratories Ltd.,NEULANDLAB.NS,Healthcare,True,,NIFTY 500,^CRSLDX,2026-09-18,22840.0,0.77,-2.95,-1.98,75518.0,43186.0,1.75,1724831120.0,51.72,59.07,False,False,True,True,True,-1.19,5.7,4.02,False,False,False,False,-24.41,0.99997592,0.91998802,8.69,0.41,True,1.0,0.0,1.75,3.4,Actionable watch,Possible inverse H&S,"inverse-head-and-shoulders, base, reversal, flag, continuation, uptrend",14830.5,,,54.01,,,14830.5,A possible inverse head-and-shoulders base is visible. The setup improves only if price clears or holds near the neckline with better volume. Secondary patterns: Bullish flag.,Strengthening with volume,5.87
SBICARD,SBI Cards and Payment Services Ltd.,SBICARD.NS,Financial Services,True,,NIFTY 500,^CRSLDX,2026-09-18,651.15,2.23,-0.62,0.33,3242132.0,3302774.0,0.98,2111114251.8,51.76,51.89,False,True,True,True,False,0.24,0.66,-3.13,False,False,False,False,8.44,0.02850851,0.02766064,3.07,6.9,True,0.3333333333333333,0.0,0.98,2.74,Actionable watch,Possible inverse H&S,"inverse-head-and-shoulders, base, reversal",648.35,,,0.43,,,648.35,A possible inverse head-and-shoulders base is visible. The setup improves only if price clears or holds near the neckline with better volume.,Strengthening,5.86
ASAHIINDIA,Asahi India Glass Ltd.,ASAHIINDIA.NS,Automobile and Auto Components,True,,NIFTY 500,^CRSLDX,2026-09-18,961.05,1.09,-2.51,-0.49,98471.0,143710.0,0.69,94635554.55,55.04,70.0,False,True,True,True,True,0.14,3.6,-0.66,False,False,False,False,-4.03,0.04207648,0.03964445,6.13,2.82,True,0.6666666666666666,0.0,0.69,2.29,Actionable watch,Possible inverse H&S,"inverse-head-and-shoulders, base, reversal",970.17,,,0.94,,,970.17,A possible inverse head-and-shoulders base is visible. The setup improves only if price clears or holds near the neckline with better volume.,Strengthening,5.86
DEVYANI,Devyani International Ltd.,DEVYANI.NS,Consumer Services,True,,NIFTY 500,^CRSLDX,2026-09-18,140.62,1.52,1.92,-2.62,2466888.0,2543689.0,0.97,346893790.56,57.79,52.54,True,True,True,True,True,0.26,7.52,0.15,False,False,False,False,-27.08,0.00615659,0.0055615,10.7,0.76,True,1.0,0.0,0.97,3.46,Actionable watch,Bullish flag,"flag, continuation, uptrend, inverse-head-and-shoulders, base, reversal",149.9,2026-08-25,0.31,,12.07,36.43,,Price has made a sharp impulse move and is now consolidating near the highs. A controlled pullback with quieter volume keeps the continuation setup alive. Secondary patterns: Possible inverse H&S.,Strengthening,5.86
BPCL,Bharat Petroleum Corporation Ltd.,BPCL.NS,Oil Gas & Consumable Fuels,True,,NIFTY 500,^CRSLDX,2026-09-18,314.0,2.28,3.12,0.96,9439555.0,4792986.0,1.97,2964020270.0,53.57,38.57,True,True,False,True,False,0.68,-0.09,-1.49,False,False,False,False,7.96,0.01374748,0.01348086,1.98,4.72,True,0.0,0.0,1.97,4.34,Actionable watch,Breakout retest,"breakout, retest, pivot, volume",319.62,2026-08-31,1.68,1.76,,,,Prior resistance has been cleared on higher volume and price is back near that pivot. This is the kind of retest zone where follow-through can matter more than chasing a stretched candle.,Setup watch: Breakout retest,5.84
BALRAMCHIN,Balrampur Chini Mills Ltd.,BALRAMCHIN.NS,Fast Moving Consumer Goods,True,,NIFTY 500,^CRSLDX,2026-09-18,672.6,-0.46,-2.72,-7.78,1086980.0,5177077.0,0.21,731102748.0,49.53,54.21,False,False,True,True,True,-1.73,3.39,4.67,False,False,False,False,2.72,0.02944763,0.02768365,6.37,5.82,True,1.0,0.0,0.21,2.46,Watch,Bullish flag,"flag, continuation, uptrend",767.1,2026-08-20,3.81,,20.46,36.77,,Price has made a sharp impulse move and is now consolidating near the highs. A controlled pullback with quieter volume keeps the continuation setup alive.,Strengthening,5.82
IKS,Inventurus Knowledge Solutions Ltd.,IKS.NS,Information Technology,True,,NIFTY 500,^CRSLDX,2026-09-18,1779.9,2.95,2.26,-0.35,451923.0,149413.0,3.02,804377747.7,51.47,43.47,True,True,False,True,True,1.09,-1.04,0.78,False,False,False,False,1.77,0.0779272,0.07731241,0.8,0.56,True,0.6666666666666666,0.0,3.02,5.1,Actionable watch,Breakout retest,"breakout, retest, pivot, volume, inverse-head-and-shoulders, base, reversal",1746.68,2026-07-01,11.83,1.47,,,,Prior resistance has been cleared on higher volume and price is back near that pivot. This is the kind of retest zone where follow-through can matter more than chasing a stretched candle. Secondary patterns: Possible inverse H&S.,Setup watch: Breakout retest,5.81
PATANJALI,Patanjali Foods Ltd.,PATANJALI.NS,Fast Moving Consumer Goods,True,,NIFTY 500,^CRSLDX,2026-09-18,367.0,3.54,7.62,5.46,1999903.0,3312286.0,0.6,733964401.0,63.31,33.84,True,True,True,False,False,5.8,4.53,-4.54,False,True,False,False,3.75,0.01606791,0.01517433,5.89,7.07,True,0.3333333333333333,0.5,0.6,0.0,No clear setup,,,,,,,,,,,Mean reversion bounce,5.8
COFORGE,Coforge Ltd.,COFORGE.NS,Information Technology,True,,NIFTY 500,^CRSLDX,2026-09-18,1841.0,2.68,-0.3,-2.68,2489460.0,2712185.0,0.92,4583095860.0,50.27,48.97,False,False,True,True,True,-2.8,4.13,0.15,False,False,False,False,-17.99,0.08060226,0.07520458,7.18,3.96,True,1.0,0.0,0.92,3.4,Actionable watch,Possible inverse H&S,"inverse-head-and-shoulders, base, reversal, flag, continuation, uptrend",1664.0,,,10.64,,,1664.0,A possible inverse head-and-shoulders base is visible. The setup improves only if price clears or holds near the neckline with better volume. Secondary patterns: Bullish flag.,Strengthening,5.78
THELEELA,Leela Palaces Hotels & Resorts Ltd.,THELEELA.NS,Consumer Services,True,,NIFTY 500,^CRSLDX,2026-09-18,540.55,1.99,-0.32,-3.77,124085.0,435430.0,0.28,67074146.75,52.21,52.17,True,False,True,True,True,-1.5,4.11,3.16,False,False,False,False,-3.51,0.02366624,0.02220085,6.6,3.88,True,1.0,0.0,0.28,3.4,Actionable watch,Possible inverse H&S,"inverse-head-and-shoulders, base, reversal, flag, continuation, uptrend",488.3,,,10.7,,,488.3,A possible inverse head-and-shoulders base is visible. The setup improves only if price clears or holds near the neckline with better volume. Secondary patterns: Bullish flag.,Strengthening,5.77
PNB,Punjab National Bank,PNB.NS,Financial Services,True,,NIFTY 500,^CRSLDX,2026-09-18,117.27,0.69,0.45,0.62,16061334.0,13137762.0,1.22,1883512638.18,56.6,56.23,True,True,True,True,True,1.01,2.84,-0.49,False,True,False,False,-2.8,0.00513429,0.00486765,5.48,2.21,True,0.3333333333333333,0.5,1.22,2.2,Watch,Possible inverse H&S,"inverse-head-and-shoulders, base, reversal",124.16,,,5.55,,,124.16,A possible inverse head-and-shoulders base is visible. The setup improves only if price clears or holds near the neckline with better volume.,Strengthening,5.71
SYRMA,Syrma SGS Technology Ltd.,SYRMA.NS,Capital Goods,True,,NIFTY 500,^CRSLDX,2026-09-18,1728.9,6.87,8.78,20.12,10474149.0,2450711.0,4.27,18108756206.1,70.37,63.67,True,True,True,True,True,12.9,18.5,7.27,False,True,True,True,9.92,0.07569432,0.06237304,21.36,18.42,True,1.0,1.0,4.27,0.0,No clear setup,,,,,,,,,,,Strengthening with volume,5.7
PIRAMALFIN,Piramal Finance Ltd.,PIRAMALFIN.NS,Financial Services,True,,NIFTY 500,^CRSLDX,2026-09-18,2300.2,2.06,1.98,5.48,529289.0,457426.0,1.16,1217470557.8,60.96,57.39,True,True,True,True,True,2.41,6.52,3.68,False,False,True,False,19.62,0.10070686,0.09240546,8.98,14.47,True,1.0,0.5,1.16,0.0,No clear setup,,,,,,,,,,,Strengthening,5.7
PVRINOX,PVR INOX Ltd.,PVRINOX.NS,Media Entertainment & Publication,True,,NIFTY 500,^CRSLDX,2026-09-18,1324.7,4.09,7.08,8.87,1050636.0,830496.0,1.27,1391777509.2,65.58,56.28,True,True,True,True,True,7.61,14.08,1.41,False,True,True,True,-6.79,0.05799773,0.04937176,17.47,12.94,True,1.0,1.0,1.27,0.0,No clear setup,,,,,,,,,,,Strengthening,5.7
GLENMARK,Glenmark Pharmaceuticals Ltd.,GLENMARK.NS,Healthcare,True,,NIFTY 500,^CRSLDX,2026-09-18,2447.4,1.3,1.17,5.59,545520.0,496020.0,1.1,1335105648.0,58.04,54.93,True,True,True,True,True,0.36,4.96,2.43,False,False,True,False,10.48,0.10715154,0.09974992,7.42,11.55,True,1.0,0.5,1.1,0.0,No clear setup,,,,,,,,,,,Strengthening,5.7
GESHIP,Great Eastern Shipping Co. Ltd.,GESHIP.NS,Services,True,,NIFTY 500,^CRSLDX,2026-09-18,1432.1,0.49,1.41,9.21,465939.0,961590.0,0.48,667271241.9,63.59,61.77,True,True,True,True,True,4.77,5.03,2.01,False,True,False,False,20.75,0.06269989,0.05848693,7.2,11.46,True,1.0,0.5,0.48,0.0,No clear setup,,,,,,,,,,,Strengthening,5.7
ABSLAMC,Aditya Birla Sun Life AMC Ltd.,ABSLAMC.NS,Financial Services,True,,NIFTY 500,^CRSLDX,2026-09-18,1060.4,-2.72,-4.46,5.16,378189.0,265483.0,1.42,401031615.6,51.21,65.44,False,True,True,False,True,0.8,1.55,3.37,False,False,False,False,9.19,0.0464262,0.04488031,3.44,8.21,True,1.0,0.0,1.42,0.0,No clear setup,,,,,,,,,,,Strengthening,5.7
MAXHEALTH,Max Healthcare Institute Ltd.,MAXHEALTH.NS,Healthcare,True,,NIFTY 500,^CRSLDX,2026-09-18,1049.3,1.19,1.12,4.93,2098416.0,1984190.0,1.06,2201867908.8,57.65,54.27,True,True,True,True,True,3.22,0.17,-1.02,False,True,False,False,16.48,0.04594022,0.04501976,2.04,7.76,True,0.6666666666666666,0.5,1.06,0.0,No clear setup,,,,,,,,,,,Strengthening,5.7
ONESOURCE,Onesource Specialty Pharma Ltd.,ONESOURCE.NS,Healthcare,True,,NIFTY 500,^CRSLDX,2026-09-18,1594.9,0.94,0.17,3.9,335793.0,391198.0,0.86,535556255.7,54.87,55.07,True,True,True,False,True,2.75,0.4,-0.62,False,False,False,False,17.37,0.06982757,0.06814693,2.47,7.4,True,0.6666666666666666,0.0,0.86,0.0,No clear setup,,,,,,,,,,,Strengthening,5.7
GRANULES,Granules India Ltd.,GRANULES.NS,Healthcare,True,,NIFTY 500,^CRSLDX,2026-09-18,875.5,0.59,-3.72,2.02,1200729.0,1881093.0,0.64,1051238239.5,53.22,66.81,False,True,True,True,True,1.7,1.92,4.47,False,False,False,False,9.07,0.03833095,0.03681277,4.12,6.57,True,1.0,0.0,0.64,0.0,No clear setup,,,,,,,,,,,Strengthening,5.7
TECHNOE,Techno Electric & Engineering Company Ltd.,TECHNOE.NS,Construction,True,,NIFTY 500,^CRSLDX,2026-09-18,1030.45,4.65,6.0,4.35,286285.0,147244.0,1.94,295002378.25,60.33,44.73,True,True,True,False,False,4.76,3.3,-1.57,False,True,False,False,8.16,0.04511494,0.04290148,5.16,5.83,True,0.3333333333333333,0.5,1.94,0.0,No clear setup,,,,,,,,,,,Strengthening with volume,5.67
SUPREMEIND,Supreme Industries Ltd.,SUPREMEIND.NS,Capital Goods,True,,NIFTY 500,^CRSLDX,2026-09-18,3580.3,7.05,6.42,-1.69,469754.0,198857.0,2.36,1681860246.2,56.58,38.13,True,True,True,True,False,2.2,2.59,0.27,False,False,False,False,-1.93,0.15675192,0.14946149,4.88,1.55,True,0.6666666666666666,0.0,2.36,2.35,Actionable watch,Possible inverse H&S,"inverse-head-and-shoulders, base, reversal",3607.0,,,0.74,,,3607.0,A possible inverse head-and-shoulders base is visible. The setup improves only if price clears or holds near the neckline with better volume.,Strengthening with volume,5.63
SCHAEFFLER,Schaeffler India Ltd.,SCHAEFFLER.NS,Automobile and Auto Components,True,,NIFTY 500,^CRSLDX,2026-09-18,4217.6,5.68,6.76,4.97,171857.0,54067.0,3.18,724824083.2,68.29,40.91,True,True,True,True,True,5.76,3.97,0.14,False,True,False,False,8.45,0.18465405,0.17408944,6.07,5.2,True,1.0,0.5,3.18,0.0,No clear setup,,,,,,,,,,,Strengthening with volume,5.54
CENTRALBK,Central Bank of India,CENTRALBK.NS,Financial Services,True,,NIFTY 500,^CRSLDX,2026-09-18,31.73,4.37,3.22,1.41,56472458.0,8454281.0,6.68,1791871092.34,62.41,46.21,True,True,True,False,False,3.27,1.85,-2.02,False,True,False,False,6.99,0.0013892,0.00133781,3.84,5.11,True,0.3333333333333333,0.5,6.68,0.0,No clear setup,,,,,,,,,,,Strengthening with volume,5.52
RKFORGE,Ramkrishna Forgings Ltd.,RKFORGE.NS,Automobile and Auto Components,True,,NIFTY 500,^CRSLDX,2026-09-18,724.1,2.64,1.81,-1.76,469398.0,728200.0,0.64,339891091.8,54.78,50.12,True,True,True,True,True,0.68,5.8,3.31,False,False,False,False,-29.84,0.03170239,0.02908977,8.98,-1.04,True,1.0,0.0,0.64,3.4,Actionable watch,Possible inverse H&S,"inverse-head-and-shoulders, base, reversal",559.27,,,29.47,,,559.27,A possible inverse head-and-shoulders base is visible. The setup improves only if price clears or holds near the neckline with better volume.,Setup watch: Possible inverse H&S,5.48
APOLLOHOSP,Apollo Hospitals Enterprise Ltd.,APOLLOHOSP.NS,Healthcare,True,,NIFTY 500,^CRSLDX,2026-09-18,8944.5,2.01,1.23,2.89,344265.0,265151.0,1.3,3079278292.5,56.97,51.55,True,True,True,True,True,1.66,1.26,1.96,False,False,True,False,7.78,0.39160616,0.37872083,3.4,4.66,True,1.0,0.5,1.3,0.0,No clear setup,,,,,,,,,,,Strengthening,5.43
JUBLPHARMA,Jubilant Pharmova Ltd.,JUBLPHARMA.NS,Healthcare,True,,NIFTY 500,^CRSLDX,2026-09-18,1065.4,5.27,3.92,21.02,308313.0,359447.0,0.86,328476670.2,75.15,74.11,True,True,True,True,True,11.53,12.21,-1.38,False,True,False,False,38.81,0.04664511,0.04062562,14.82,25.67,True,0.3333333333333333,0.5,0.86,3.4,Actionable watch,Possible inverse H&S,"inverse-head-and-shoulders, base, reversal",1015.03,,,4.96,,,1015.03,A possible inverse head-and-shoulders base is visible. The setup improves only if price clears or holds near the neckline with better volume.,Strengthening,5.39
ADANIENT,Adani Enterprises Ltd.,ADANIENT.NS,Metals & Mining,True,,NIFTY 500,^CRSLDX,2026-09-18,3020.0,3.31,-1.31,0.77,1628125.0,2243307.0,0.73,4916937500.0,51.8,54.39,True,True,False,True,True,0.65,-0.47,2.8,False,False,False,False,9.39,0.13222098,0.13025831,1.51,3.41,True,0.6666666666666666,0.0,0.73,3.4,Actionable watch,Possible inverse H&S,"inverse-head-and-shoulders, base, reversal",2401.95,,,25.73,,,2401.95,A possible inverse head-and-shoulders base is visible. The setup improves only if price clears or holds near the neckline with better volume.,Setup watch: Possible inverse H&S,5.37
KARURVYSYA,Karur Vysya Bank Ltd.,KARURVYSYA.NS,Financial Services,True,,NIFTY 500,^CRSLDX,2026-09-18,332.15,0.2,-0.49,-1.0,3218547.0,1695791.0,1.9,1069040386.05,45.4,43.96,False,False,False,True,True,-2.61,-0.83,3.2,False,False,False,False,6.12,0.01454212,0.01430486,1.66,2.73,True,0.6666666666666666,0.0,1.9,3.4,Actionable watch,Possible inverse H&S,"inverse-head-and-shoulders, base, reversal",321.92,,,3.18,,,321.92,A possible inverse head-and-shoulders base is visible. The setup improves only if price clears or holds near the neckline with better volume.,Setup watch: Possible inverse H&S,5.34
PPLPHARMA,Piramal Pharma Ltd.,PPLPHARMA.NS,Healthcare,True,,NIFTY 500,^CRSLDX,2026-09-18,208.16,1.69,-1.51,-2.58,2926602.0,4178893.0,0.7,609201472.32,49.05,51.07,False,False,True,True,True,-2.09,2.66,1.74,False,False,False,False,-15.49,0.00911362,0.00863312,5.57,1.67,True,1.0,0.0,0.7,3.44,Actionable watch,Bullish flag,"flag, continuation, uptrend, inverse-head-and-shoulders, base, reversal",226.62,2026-09-08,0.81,,13.96,34.8,,Price has made a sharp impulse move and is now consolidating near the highs. A controlled pullback with quieter volume keeps the continuation setup alive. Secondary patterns: Possible inverse H&S.,Strengthening,5.34
CHENNPETRO,Chennai Petroleum Corporation Ltd.,CHENNPETRO.NS,Oil Gas & Consumable Fuels,True,,NIFTY 500,^CRSLDX,2026-09-18,1416.6,0.18,-9.94,1.66,1081342.0,1902792.0,0.57,1531829077.2,48.78,66.82,False,False,True,True,True,-2.19,5.09,4.67,False,False,False,False,-8.29,0.06202127,0.05715279,8.52,0.7,True,1.0,0.0,0.57,5.1,Actionable watch,Breakout retest,"breakout, retest, pivot, volume, flag, continuation, uptrend, high-tight",1352.5,2026-08-11,7.68,2.78,,,,Prior resistance has been cleared on higher volume and price is back near that pivot. This is the kind of retest zone where follow-through can matter more than chasing a stretched candle. Secondary patterns: High-tight flag.,Strengthening,5.34
MOTHERSON,Samvardhana Motherson International Ltd.,MOTHERSON.NS,Automobile and Auto Components,True,,NIFTY 500,^CRSLDX,2026-09-18,162.57,0.43,-1.14,-4.02,19068300.0,11324542.0,1.68,3099933531.0,50.75,53.95,True,False,True,True,True,-0.78,2.5,3.8,False,False,False,False,-19.62,0.0071176,0.00676523,5.21,-2.25,True,1.0,0.0,1.68,3.27,Watch,Bullish flag,"flag, continuation, uptrend",170.68,2026-08-31,0.69,,9.13,21.35,,Price has made a sharp impulse move and is now consolidating near the highs. A controlled pullback with quieter volume keeps the continuation setup alive.,Setup watch: Bullish flag,5.29
POLICYBZR,PB Fintech Ltd.,POLICYBZR.NS,Financial Services,True,,NIFTY 500,^CRSLDX,2026-09-18,1743.0,-1.25,-3.02,-2.91,1368411.0,1352235.0,1.01,2385140373.0,46.29,53.85,False,False,True,True,True,-3.75,2.15,-0.26,False,False,False,False,-13.78,0.07631165,0.07281276,4.81,0.14,True,0.6666666666666666,0.0,1.01,4.06,Actionable watch,Breakout retest,"breakout, retest, pivot, volume, flag, continuation, uptrend, inverse-head-and-shoulders, base, reversal",1720.65,2026-08-19,1.93,1.3,,,,"Prior resistance has been cleared on higher volume and price is back near that pivot. This is the kind of retest zone where follow-through can matter more than chasing a stretched candle. Secondary patterns: Bullish flag, Possible inverse H&S.",Strengthening,5.23
KFINTECH,Kfin Technologies Ltd.,KFINTECH.NS,Financial Services,True,,NIFTY 500,^CRSLDX,2026-09-18,930.0,3.68,3.33,-5.1,539201.0,686987.0,0.78,501456930.0,52.71,39.1,True,True,True,True,False,0.17,0.31,-1.44,False,False,False,False,-6.15,0.04071706,0.03971913,2.51,0.44,True,0.3333333333333333,0.0,0.78,4.65,Actionable watch,Breakout retest,"breakout, retest, pivot, volume, inverse-head-and-shoulders, base, reversal",943.92,2026-07-28,2.3,1.47,,,,Prior resistance has been cleared on higher volume and price is back near that pivot. This is the kind of retest zone where follow-through can matter more than chasing a stretched candle. Secondary patterns: Possible inverse H&S.,Strengthening,5.19
SAPPHIRE,Sapphire Foods India Ltd.,SAPPHIRE.NS,Consumer Services,True,,NIFTY 500,^CRSLDX,2026-09-18,230.11,-1.34,1.94,-5.05,997329.0,915130.0,1.09,229495376.19,54.86,50.5,True,False,True,True,True,-0.75,7.06,-0.9,False,False,False,False,-27.37,0.01007463,0.00913838,10.25,0.81,True,0.6666666666666666,0.0,1.09,3.49,Actionable watch,Bullish flag,"flag, continuation, uptrend, inverse-head-and-shoulders, base, reversal",249.81,2026-08-25,0.25,,13.91,39.47,,Price has made a sharp impulse move and is now consolidating near the highs. A controlled pullback with quieter volume keeps the continuation setup alive. Secondary patterns: Possible inverse H&S.,Strengthening,5.18
POLYMED,Poly Medicure Ltd.,POLYMED.NS,Healthcare,True,,NIFTY 500,^CRSLDX,2026-09-18,1726.0,0.78,-0.72,0.38,150328.0,156984.0,0.96,259466128.0,49.5,50.8,True,False,True,True,True,-0.3,0.04,-1.11,False,False,False,False,-4.81,0.07556736,0.07382934,2.35,-0.17,True,0.6666666666666666,0.0,0.96,4.7,Actionable watch,Breakout retest,"breakout, retest, pivot, volume, inverse-head-and-shoulders, base, reversal",1751.48,2026-08-11,8.05,1.45,,,,Prior resistance has been cleared on higher volume and price is back near that pivot. This is the kind of retest zone where follow-through can matter more than chasing a stretched candle. Secondary patterns: Possible inverse H&S.,Setup watch: Breakout retest,5.17
MFSL,Max Financial Services Ltd.,MFSL.NS,Financial Services,True,,NIFTY 500,^CRSLDX,2026-09-18,1559.0,0.32,5.55,-1.64,898566.0,559972.0,1.6,1400864394.0,55.5,39.04,True,True,True,False,False,2.09,1.6,-1.02,False,False,False,False,2.79,0.0682558,0.0660269,3.38,3.24,True,0.3333333333333333,0.0,1.6,0.0,No clear setup,,,,,,,,,,,Strengthening with volume,5.15
EXIDEIND,Exide Industries Ltd.,EXIDEIND.NS,Automobile and Auto Components,True,,NIFTY 500,^CRSLDX,2026-09-18,435.85,4.12,5.62,-5.17,5570954.0,2270779.0,2.45,2428100300.9,52.81,35.09,True,True,False,True,True,1.86,-1.64,1.45,False,False,False,False,-4.42,0.01908229,0.01900654,0.4,-2.88,True,0.6666666666666666,0.0,2.45,5.1,Actionable watch,Breakout retest,"breakout, retest, pivot, volume, inverse-head-and-shoulders, base, reversal",410.15,2026-07-02,7.9,2.24,,,,Prior resistance has been cleared on higher volume and price is back near that pivot. This is the kind of retest zone where follow-through can matter more than chasing a stretched candle. Secondary patterns: Possible inverse H&S.,Setup watch: Breakout retest,5.12
HONASA,Honasa Consumer Ltd.,HONASA.NS,Fast Moving Consumer Goods,True,,NIFTY 500,^CRSLDX,2026-09-18,479.55,4.23,1.78,-0.49,1065010.0,794055.0,1.34,510725545.5,54.08,49.24,True,True,True,True,True,1.17,2.22,5.56,False,False,False,False,-0.27,0.02099555,0.02011901,4.36,3.02,True,1.0,0.0,1.34,0.0,No clear setup,,,,,,,,,,,Strengthening,5.1
RADICO,Radico Khaitan Ltd,RADICO.NS,Fast Moving Consumer Goods,True,,NIFTY 500,^CRSLDX,2026-09-18,4535.4,3.55,3.83,-2.25,371544.0,222934.0,1.67,1685100657.6,55.09,41.64,True,True,True,True,True,0.98,2.56,3.75,False,False,False,False,-13.17,0.1985679,0.18899977,5.06,-1.11,True,1.0,0.0,1.67,0.0,No clear setup,,,,,,,,,,,Neutral / watch,5.08
BHARTIARTL,Bharti Airtel Ltd.,BHARTIARTL.NS,Telecommunication,True,,NIFTY 500,^CRSLDX,2026-09-18,1893.3,3.12,3.4,-2.71,14189780.0,5899702.0,2.41,26865510474.0,54.16,40.78,True,True,False,True,False,1.75,-0.8,-1.3,False,False,False,False,3.26,0.08289205,0.08194992,1.15,0.86,True,0.0,0.0,2.41,4.68,Actionable watch,Breakout retest,"breakout, retest, pivot, volume, inverse-head-and-shoulders, base, reversal",1925.78,2026-08-05,2.36,1.69,,,,Prior resistance has been cleared on higher volume and price is back near that pivot. This is the kind of retest zone where follow-through can matter more than chasing a stretched candle. Secondary patterns: Possible inverse H&S.,Setup watch: Breakout retest,5.07
AJANTPHARM,Ajanta Pharmaceuticals Ltd.,AJANTPHARM.NS,Healthcare,True,,NIFTY 500,^CRSLDX,2026-09-18,3563.6,1.8,0.85,-2.09,201322.0,74846.0,2.69,717431079.2,54.26,50.38,True,True,True,True,True,0.87,1.32,3.23,False,False,False,False,-7.14,0.15602076,0.15039863,3.74,-1.33,True,1.0,0.0,2.69,0.0,No clear setup,,,,,,,,,,,Neutral / watch,5.03
LICHSGFIN,LIC Housing Finance Ltd.,LICHSGFIN.NS,Financial Services,True,,NIFTY 500,^CRSLDX,2026-09-18,548.15,0.41,-2.62,10.29,2234836.0,4698758.0,0.48,1225025353.4,54.72,63.87,False,True,True,True,True,1.04,3.08,-0.09,False,False,False,False,21.6,0.02399898,0.02278714,5.32,12.93,True,0.3333333333333333,0.0,0.48,-2.0,Risk review,Head-and-shoulders risk,"head-and-shoulders, risk, distribution, inverse-head-and-shoulders, base, reversal",533.52,,,2.74,,,533.52,"A possible head-and-shoulders top is forming or breaking. This is a caution signal, not an entry setup. Secondary patterns: Possible inverse H&S.",Risk review,5.0
TATACHEM,Tata Chemicals Ltd.,TATACHEM.NS,Chemicals,True,,NIFTY 500,^CRSLDX,2026-09-18,693.25,-11.04,13.19,10.61,14086032.0,3241293.0,4.35,9765141684.0,55.6,35.16,True,True,True,False,False,6.93,4.33,-1.99,False,False,False,False,20.5,0.03035172,0.02856037,6.27,11.55,True,0.3333333333333333,0.0,4.35,-2.0,Risk review,Head-and-shoulders risk,"head-and-shoulders, risk, distribution",692.08,,,0.17,,,692.08,"A possible head-and-shoulders top is forming or breaking. This is a caution signal, not an entry setup.",Risk review,5.0
EIHOTEL,EIH Ltd.,EIHOTEL.NS,Consumer Services,True,,NIFTY 500,^CRSLDX,2026-09-18,317.9,6.0,10.98,5.0,1308371.0,333331.0,3.93,415931140.9,64.01,38.85,True,True,True,True,False,8.13,2.62,-2.51,False,True,False,False,20.53,0.01391823,0.01335135,4.25,9.35,True,0.3333333333333333,0.5,3.93,-2.0,Risk review,Head-and-shoulders risk,"head-and-shoulders, risk, distribution, inverse-head-and-shoulders, base, reversal",306.88,,,3.59,,,306.88,"A possible head-and-shoulders top is forming or breaking. This is a caution signal, not an entry setup. Secondary patterns: Possible inverse H&S.",Risk review,5.0
CONCORDBIO,Concord Biotech Ltd.,CONCORDBIO.NS,Healthcare,True,,NIFTY 500,^CRSLDX,2026-09-18,1494.4,2.28,-0.75,-4.89,170417.0,142209.0,1.2,254671164.8,55.25,57.66,True,True,True,True,True,1.12,4.8,0.47,False,False,False,False,-26.02,0.0654275,0.06079115,7.63,-3.62,True,1.0,0.0,1.2,3.4,Actionable watch,Possible inverse H&S,"inverse-head-and-shoulders, base, reversal, flag, continuation, uptrend",1309.6,,,14.11,,,1309.6,A possible inverse head-and-shoulders base is visible. The setup improves only if price clears or holds near the neckline with better volume. Secondary patterns: Bullish flag.,Setup watch: Possible inverse H&S,4.97
PNBHOUSING,PNB Housing Finance Ltd.,PNBHOUSING.NS,Financial Services,True,,NIFTY 500,^CRSLDX,2026-09-18,1133.1,2.68,-3.88,-3.18,1328599.0,956231.0,1.39,1505435526.9,46.74,57.76,False,False,True,True,True,-2.22,0.18,2.72,False,False,False,False,-8.53,0.04960914,0.04836276,2.58,-1.18,True,1.0,0.0,1.39,5.1,Actionable watch,Breakout retest,"breakout, retest, pivot, volume, inverse-head-and-shoulders, base, reversal",1089.02,2026-07-07,2.6,1.28,,,,Prior resistance has been cleared on higher volume and price is back near that pivot. This is the kind of retest zone where follow-through can matter more than chasing a stretched candle. Secondary patterns: Possible inverse H&S.,Setup watch: Breakout retest,4.96
BOSCHLTD,Bosch Ltd.,BOSCHLTD.NS,Automobile and Auto Components,True,,NIFTY 500,^CRSLDX,2026-09-18,47000.0,-1.54,-2.86,-2.49,27389.0,31973.0,0.86,1287283000.0,48.57,58.57,False,False,True,True,True,-2.44,3.79,3.09,False,False,False,False,-16.1,2.05774379,1.9313231,6.55,-0.7,True,1.0,0.0,0.86,3.4,Actionable watch,Possible inverse H&S,"inverse-head-and-shoulders, base, reversal, flag, continuation, uptrend",38507.5,,,22.05,,,38507.5,A possible inverse head-and-shoulders base is visible. The setup improves only if price clears or holds near the neckline with better volume. Secondary patterns: Bullish flag.,Setup watch: Possible inverse H&S,4.85
JSWDULUX,JSW Dulux Ltd.,JSWDULUX.NS,Consumer Durables,True,,NIFTY 500,^CRSLDX,2026-09-18,3188.8,3.73,1.07,2.24,21480.0,22000.0,0.98,68495424.0,58.33,54.71,True,True,True,True,,1.41,3.74,,False,True,False,False,5.29,0.13961135,0.13136946,6.27,5.52,True,0.3333333333333333,0.5,0.98,0.0,No clear setup,,,,,,,,,,,Strengthening,4.8
ELGIEQUIP,Elgi Equipments Ltd.,ELGIEQUIP.NS,Capital Goods,True,,NIFTY 500,^CRSLDX,2026-09-18,609.55,2.74,-1.32,-3.91,398074.0,485884.0,0.82,242646006.7,48.69,50.61,False,False,True,True,True,-1.58,1.36,2.31,False,False,False,False,-10.38,0.02668719,0.02572008,3.76,-2.15,True,1.0,0.0,0.82,4.7,Actionable watch,Breakout retest,"breakout, retest, pivot, volume",623.94,2026-08-19,2.78,2.31,,,,Prior resistance has been cleared on higher volume and price is back near that pivot. This is the kind of retest zone where follow-through can matter more than chasing a stretched candle.,Setup watch: Breakout retest,4.77
HDFCLIFE,HDFC Life Insurance Company Ltd.,HDFCLIFE.NS,Financial Services,True,,NIFTY 500,^CRSLDX,2026-09-18,550.95,-1.09,3.95,-0.69,5599030.0,3876960.0,1.44,3084785578.5,55.22,44.13,True,True,True,False,False,2.34,1.05,-3.53,False,False,False,False,9.22,0.02412157,0.02343058,2.95,5.19,True,0.3333333333333333,0.0,1.44,0.0,No clear setup,,,,,,,,,,,Strengthening,4.74
KIRLOSENG,Kirloskar Oil Eng Ltd.,KIRLOSENG.NS,Capital Goods,True,,NIFTY 500,^CRSLDX,2026-09-18,2160.1,1.86,-0.39,2.82,473818.0,449659.0,1.05,1023494261.8,51.02,50.22,True,True,False,True,True,0.93,-0.72,6.24,False,False,False,False,12.25,0.09457303,0.09387495,0.74,6.34,True,0.6666666666666666,0.0,1.05,0.0,No clear setup,,,,,,,,,,,Neutral / watch,4.7
BANDHANBNK,Bandhan Bank Ltd.,BANDHANBNK.NS,Financial Services,True,,NIFTY 500,^CRSLDX,2026-09-18,175.0,2.04,-0.86,-0.06,20360613.0,10035374.0,2.03,3563107275.0,53.88,56.66,True,True,False,False,False,2.87,-1.19,1.28,False,False,False,False,9.38,0.00766181,0.00764342,0.24,5.9,True,0.6666666666666666,0.0,2.03,0.0,No clear setup,,,,,,,,,,,Neutral / watch,4.68
TITAGARH,Titagarh Rail Systems Ltd.,TITAGARH.NS,Capital Goods,True,,NIFTY 500,^CRSLDX,2026-09-18,837.65,1.27,-0.53,-0.7,475698.0,670736.0,0.71,398468429.7,48.74,48.12,False,False,False,False,True,-0.55,-0.52,0.3,False,False,False,False,2.69,0.03667381,0.0360976,1.6,3.12,True,0.6666666666666666,0.0,0.71,3.4,Actionable watch,Possible inverse H&S,"inverse-head-and-shoulders, base, reversal",792.75,,,5.66,,,792.75,A possible inverse head-and-shoulders base is visible. The setup improves only if price clears or holds near the neckline with better volume.,Setup watch: Possible inverse H&S,4.61
BALKRISIND,Balkrishna Industries Ltd.,BALKRISIND.NS,Automobile and Auto Components,True,,NIFTY 500,^CRSLDX,2026-09-18,2265.3,4.35,4.65,-3.64,616772.0,809089.0,0.76,1397173611.6,50.89,32.75,True,True,False,True,False,0.09,-0.3,-0.31,False,False,False,False,-18.23,0.09917887,0.09746708,1.76,-1.99,True,0.0,0.0,0.76,4.7,Actionable watch,Breakout retest,"breakout, retest, pivot, volume, inverse-head-and-shoulders, base, reversal",2273.19,2026-07-30,25.08,0.35,,,,Prior resistance has been cleared on higher volume and price is back near that pivot. This is the kind of retest zone where follow-through can matter more than chasing a stretched candle. Secondary patterns: Possible inverse H&S.,Mean reversion bounce,4.6
NYKAA,FSN E-Commerce Ventures Ltd.,NYKAA.NS,Consumer Services,True,,NIFTY 500,^CRSLDX,2026-09-18,332.15,2.59,-3.58,-0.55,4424240.0,4150980.0,1.07,1469511316.0,48.55,59.77,False,False,True,True,True,-1.37,0.0,2.75,False,False,False,False,4.69,0.01454212,0.01421257,2.32,3.89,True,1.0,0.0,1.07,0.0,No clear setup,,,,,,,,,,,Strengthening,4.58
HAL,Hindustan Aeronautics Ltd.,HAL.NS,Capital Goods,True,,NIFTY 500,^CRSLDX,2026-09-18,4800.3,0.26,-2.13,-3.99,972849.0,799790.0,1.22,4669967054.7,47.49,53.53,False,False,True,True,True,-1.09,0.42,0.81,False,False,False,False,-10.57,0.21016569,0.20424358,2.9,-2.03,True,1.0,0.0,1.22,3.4,Actionable watch,Possible inverse H&S,"inverse-head-and-shoulders, base, reversal",4541.5,,,5.7,,,4541.5,A possible inverse head-and-shoulders base is visible. The setup improves only if price clears or holds near the neckline with better volume.,Setup watch: Possible inverse H&S,4.58
TVSMOTOR,TVS Motor Company Ltd.,TVSMOTOR.NS,Automobile and Auto Components,True,,NIFTY 500,^CRSLDX,2026-09-18,4171.3,1.7,1.12,-4.98,1304681.0,905271.0,1.44,5442215855.3,49.97,42.01,True,False,True,True,True,-0.9,0.46,1.76,False,False,False,False,-12.52,0.18262695,0.1770906,3.13,-2.07,True,1.0,0.0,1.44,3.4,Actionable watch,Possible inverse H&S,"inverse-head-and-shoulders, base, reversal",3910.25,,,6.68,,,3910.25,A possible inverse head-and-shoulders base is visible. The setup improves only if price clears or holds near the neckline with better volume.,Setup watch: Possible inverse H&S,4.58
DRREDDY,Dr. Reddy's Laboratories Ltd.,DRREDDY.NS,Healthcare,True,,NIFTY 500,^CRSLDX,2026-09-18,1185.0,0.85,1.67,0.88,3002566.0,1388225.0,2.16,3558040710.0,55.41,47.68,True,True,True,False,False,1.86,0.76,-0.74,False,False,False,False,5.8,0.05188141,0.05057717,2.58,3.7,True,0.3333333333333333,0.0,2.16,-2.0,Risk review,Head-and-shoulders risk,"head-and-shoulders, risk, distribution",1134.25,,,4.47,,,1134.25,"A possible head-and-shoulders top is forming or breaking. This is a caution signal, not an entry setup.",Risk review,4.54
CONCOR,Container Corporation of India Ltd.,CONCOR.NS,Services,True,,NIFTY 500,^CRSLDX,2026-09-18,504.55,3.36,1.06,-2.04,2242132.0,1219923.0,1.84,1131267700.6,50.69,44.11,True,False,False,True,True,-0.04,-0.34,-0.12,False,False,False,False,-5.3,0.0220901,0.02164107,2.07,0.44,True,0.3333333333333333,0.0,1.84,2.2,Actionable watch,Possible inverse H&S,"inverse-head-and-shoulders, base, reversal",511.8,,,1.42,,,511.8,A possible inverse head-and-shoulders base is visible. The setup improves only if price clears or holds near the neckline with better volume.,Setup watch: Possible inverse H&S,4.46
3MINDIA,3M India Ltd.,3MINDIA.NS,Diversified,True,,NIFTY 500,^CRSLDX,2026-09-18,34095.0,4.81,4.23,1.35,8040.0,3730.0,2.16,274123800.0,56.2,35.34,True,True,False,True,True,2.95,-1.07,-0.59,False,False,False,False,11.37,1.49273989,1.48186583,0.73,4.19,True,0.3333333333333333,0.0,2.16,-2.0,Risk review,Head-and-shoulders risk,"head-and-shoulders, risk, distribution, inverse-head-and-shoulders, base, reversal",32810.0,,,3.92,,,32810.0,"A possible head-and-shoulders top is forming or breaking. This is a caution signal, not an entry setup. Secondary patterns: Possible inverse H&S.",Risk review,4.44
BAJAJHFL,Bajaj Housing Finance Ltd.,BAJAJHFL.NS,Financial Services,True,,NIFTY 500,^CRSLDX,2026-09-18,85.58,3.48,1.75,0.86,5168608.0,3036027.0,1.7,442329472.64,57.52,48.27,True,True,True,True,False,2.08,0.65,-1.97,False,True,False,False,4.63,0.00374684,0.00365068,2.63,3.08,True,0.3333333333333333,0.5,1.7,-2.0,Risk review,Head-and-shoulders risk,"head-and-shoulders, risk, distribution",82.67,,,3.51,,,82.67,"A possible head-and-shoulders top is forming or breaking. This is a caution signal, not an entry setup.",Risk review,4.42
JINDALSTEL,Jindal Steel Ltd.,JINDALSTEL.NS,Metals & Mining,True,,NIFTY 500,^CRSLDX,2026-09-18,1119.5,-0.79,-0.09,-0.74,1056818.0,750117.0,1.41,1183107751.0,47.7,46.2,False,False,True,False,False,-2.25,1.18,1.0,False,False,False,False,-2.8,0.04901371,0.04730486,3.61,2.8,True,0.6666666666666666,0.0,1.41,2.2,Watch,Possible inverse H&S,"inverse-head-and-shoulders, base, reversal",1148.35,,,2.51,,,1148.35,A possible inverse head-and-shoulders base is visible. The setup improves only if price clears or holds near the neckline with better volume.,Strengthening,4.33
EMMVEE,Emmvee Photovoltaic Power Ltd.,EMMVEE.NS,Capital Goods,True,,NIFTY 500,^CRSLDX,2026-09-18,328.0,0.77,-5.2,1.23,974170.0,1838504.0,0.53,319527760.0,49.58,65.41,False,False,True,True,True,-0.37,0.18,,False,False,False,False,8.54,0.01436042,0.01402885,2.36,5.96,True,0.6666666666666666,0.0,0.53,-2.0,Risk review,Head-and-shoulders risk,"head-and-shoulders, risk, distribution, inverse-head-and-shoulders, base, reversal",314.85,,,4.18,,,314.85,"A possible head-and-shoulders top is forming or breaking. This is a caution signal, not an entry setup. Secondary patterns: Possible inverse H&S.",Risk review,4.29
AFFLE,Affle 3i Ltd.,AFFLE.NS,Information Technology,True,,NIFTY 500,^CRSLDX,2026-09-18,1603.5,3.75,2.29,-6.7,434146.0,390501.0,1.11,696153111.0,51.22,43.95,True,True,False,True,True,0.24,-0.06,-0.47,False,False,False,False,-14.9,0.07020409,0.06860778,2.33,-3.07,True,0.3333333333333333,0.0,1.11,5.1,Actionable watch,Breakout retest,"breakout, retest, pivot, volume, inverse-head-and-shoulders, base, reversal",1529.3,2026-07-28,21.21,0.37,,,,Prior resistance has been cleared on higher volume and price is back near that pivot. This is the kind of retest zone where follow-through can matter more than chasing a stretched candle. Secondary patterns: Possible inverse H&S.,Setup watch: Breakout retest,4.29
OBEROIRLTY,Oberoi Realty Ltd.,OBEROIRLTY.NS,Realty,True,,NIFTY 500,^CRSLDX,2026-09-18,1785.0,2.54,2.52,-5.36,766762.0,425945.0,1.8,1368670170.0,47.01,33.28,True,False,False,True,True,-1.95,-2.8,1.0,False,False,False,False,-2.19,0.07815048,0.07903653,-1.12,-2.25,False,0.6666666666666666,0.0,1.8,4.94,Actionable watch,Breakout retest,"breakout, retest, pivot, volume",1731.5,2026-06-24,2.09,0.61,,,,Prior resistance has been cleared on higher volume and price is back near that pivot. This is the kind of retest zone where follow-through can matter more than chasing a stretched candle.,Mean reversion bounce,4.25
AUBANK,AU Small Finance Bank Ltd.,AUBANK.NS,Financial Services,True,,NIFTY 500,^CRSLDX,2026-09-18,1058.6,1.86,-0.03,-4.48,1251837.0,1244649.0,1.01,1325194648.2,48.73,45.83,True,False,False,True,True,-1.17,-0.06,1.25,False,False,False,False,-7.71,0.0463474,0.04541964,2.04,0.83,True,0.6666666666666666,0.0,1.01,3.4,Actionable watch,Possible inverse H&S,"inverse-head-and-shoulders, base, reversal",1029.85,,,2.79,,,1029.85,A possible inverse head-and-shoulders base is visible. The setup improves only if price clears or holds near the neckline with better volume.,Setup watch: Possible inverse H&S,4.16
GLAXO,Glaxosmithkline Pharmaceuticals Ltd.,GLAXO.NS,Healthcare,True,,NIFTY 500,^CRSLDX,2026-09-18,2838.8,1.39,0.37,-2.18,125265.0,90997.0,1.38,355602282.0,49.23,47.42,False,False,True,True,True,-3.09,3.38,1.64,False,False,False,False,-21.71,0.12428773,0.11703483,6.2,-4.15,True,1.0,0.0,1.38,3.4,Actionable watch,Possible inverse H&S,"inverse-head-and-shoulders, base, reversal, flag, continuation, uptrend",2676.4,,,6.07,,,2676.4,A possible inverse head-and-shoulders base is visible. The setup improves only if price clears or holds near the neckline with better volume. Secondary patterns: Bullish flag.,Setup watch: Possible inverse H&S,4.16
LTFOODS,LT Foods Ltd.,LTFOODS.NS,Fast Moving Consumer Goods,True,,NIFTY 500,^CRSLDX,2026-09-18,423.2,0.31,-3.4,-1.03,459122.0,2748613.0,0.17,194300430.4,44.87,52.68,False,False,True,True,True,-3.88,1.32,0.95,False,False,False,False,-11.37,0.01852845,0.01783088,3.91,0.89,True,1.0,0.0,0.17,2.7,Watch,Bullish flag,"flag, continuation, uptrend",459.0,2026-08-24,0.93,,12.24,24.0,,Price has made a sharp impulse move and is now consolidating near the highs. A controlled pullback with quieter volume keeps the continuation setup alive.,Strengthening,4.12
COHANCE,Cohance Lifesciences Ltd.,COHANCE.NS,Healthcare,True,,NIFTY 500,^CRSLDX,2026-09-18,438.0,-0.44,-0.5,-5.4,699254.0,819342.0,0.85,306273252.0,46.11,44.8,False,False,False,False,True,-2.2,-1.19,-2.64,False,False,False,False,-0.58,0.01917642,0.01902097,0.82,0.36,True,0.3333333333333333,0.0,0.85,3.4,Actionable watch,Possible inverse H&S,"inverse-head-and-shoulders, base, reversal",329.7,,,32.85,,,329.7,A possible inverse head-and-shoulders base is visible. The setup improves only if price clears or holds near the neckline with better volume.,Setup watch: Possible inverse H&S,4.06
KALYANKJIL,Kalyan Jewellers India Ltd.,KALYANKJIL.NS,Consumer Durables,True,,NIFTY 500,^CRSLDX,2026-09-18,581.85,0.07,-3.21,-3.6,5379085.0,8412857.0,0.64,3129820607.25,45.93,52.53,False,False,False,True,True,-3.04,-1.92,2.5,False,False,False,False,1.27,0.02547443,0.02517741,1.18,0.09,True,0.6666666666666666,0.0,0.64,3.4,Actionable watch,Possible inverse H&S,"inverse-head-and-shoulders, base, reversal",419.93,,,38.56,,,419.93,A possible inverse head-and-shoulders base is visible. The setup improves only if price clears or holds near the neckline with better volume.,Setup watch: Possible inverse H&S,4.01
ANGELONE,Angel One Ltd.,ANGELONE.NS,Financial Services,True,,NIFTY 500,^CRSLDX,2026-09-18,299.1,1.39,-1.93,3.93,3531096.0,6736246.0,0.52,1056150813.6,51.49,56.39,False,True,False,False,True,1.35,-0.66,0.91,False,False,False,False,14.07,0.01309513,0.01297904,0.89,5.78,True,0.6666666666666666,0.0,0.52,-2.0,Risk review,Head-and-shoulders risk,"head-and-shoulders, risk, distribution, inverse-head-and-shoulders, base, reversal",286.2,,,4.51,,,286.2,"A possible head-and-shoulders top is forming or breaking. This is a caution signal, not an entry setup. Secondary patterns: Possible inverse H&S.",Risk review,3.96
TMCV,Tata Motors Ltd.,TMCV.NS,Capital Goods,True,,NIFTY 500,^CRSLDX,2026-09-18,442.9,1.56,1.92,-6.27,13129939.0,7355011.0,1.79,5815249983.1,47.06,38.04,True,False,False,True,True,-2.38,-0.4,2.56,False,False,False,False,-21.94,0.01939095,0.01903583,1.87,-5.19,True,0.6666666666666666,0.0,1.79,4.7,Actionable watch,Breakout retest,"breakout, retest, pivot, volume, inverse-head-and-shoulders, base, reversal",445.16,2026-08-03,2.57,0.51,,,,Prior resistance has been cleared on higher volume and price is back near that pivot. This is the kind of retest zone where follow-through can matter more than chasing a stretched candle. Secondary patterns: Possible inverse H&S.,Setup watch: Breakout retest,3.96
GVT&D,GE Vernova T&D India Ltd.,GVT&D.NS,Capital Goods,True,,NIFTY 500,^CRSLDX,2026-09-18,4385.0,1.01,-3.59,6.25,809572.0,980377.0,0.83,3549973220.0,49.85,55.83,False,False,True,False,True,-0.11,0.71,3.78,False,False,False,False,18.96,0.19198312,0.18708246,2.62,9.51,True,1.0,0.0,0.83,-3.0,Risk review,Head-and-shoulders risk,"head-and-shoulders, risk, distribution",4450.5,,,1.47,,,4450.5,"A possible head-and-shoulders top is forming or breaking. This is a caution signal, not an entry setup.",Risk review,3.95
ICICIAMC,ICICI Prudential Asset Management Company Ltd.,ICICIAMC.NS,Financial Services,True,,NIFTY 500,^CRSLDX,2026-09-18,3206.7,3.51,5.43,-1.93,1632087.0,708272.0,2.3,5233613382.9,62.07,45.47,True,True,True,True,,4.1,3.17,,False,False,False,False,-2.75,0.14039504,0.13340875,5.24,0.69,True,0.3333333333333333,0.0,2.3,-2.0,Risk review,Head-and-shoulders risk,"head-and-shoulders, risk, distribution, breakout, retest, pivot, volume, inverse-head-and-shoulders, base, reversal",3119.15,,,2.81,,,3119.15,"A possible head-and-shoulders top is forming or breaking. This is a caution signal, not an entry setup. Secondary patterns: Breakout retest, Possible inverse H&S.",Risk review,3.94
JSWSTEEL,JSW Steel Ltd.,JSWSTEEL.NS,Metals & Mining,True,,NIFTY 500,^CRSLDX,2026-09-18,1275.6,1.77,0.84,-1.4,2378010.0,1641368.0,1.45,3033389556.0,47.57,40.61,True,False,False,True,True,-1.77,-0.47,1.28,False,False,False,False,1.13,0.05584804,0.05490653,1.71,1.58,True,0.6666666666666666,0.0,1.45,2.2,Actionable watch,Possible inverse H&S,"inverse-head-and-shoulders, base, reversal",1295.75,,,1.56,,,1295.75,A possible inverse head-and-shoulders base is visible. The setup improves only if price clears or holds near the neckline with better volume.,Setup watch: Possible inverse H&S,3.89
BLUEJET,Blue Jet Healthcare Ltd.,BLUEJET.NS,Healthcare,True,,NIFTY 500,^CRSLDX,2026-09-18,575.25,1.24,1.18,-3.51,207881.0,443589.0,0.47,119583545.25,49.53,42.66,True,False,False,True,True,-0.16,-1.77,0.3,False,False,False,False,-0.69,0.02518547,0.02516463,0.08,-0.56,True,0.6666666666666666,0.0,0.47,3.4,Actionable watch,Possible inverse H&S,"inverse-head-and-shoulders, base, reversal",441.55,,,30.28,,,441.55,A possible inverse head-and-shoulders base is visible. The setup improves only if price clears or holds near the neckline with better volume.,Setup watch: Possible inverse H&S,3.88
CUB,City Union Bank Ltd.,CUB.NS,Financial Services,True,,NIFTY 500,^CRSLDX,2026-09-18,235.79,1.71,3.73,8.51,2196738.0,2386215.0,0.92,517968853.02,59.51,51.62,True,True,True,True,False,2.92,6.08,-1.67,False,False,False,False,11.36,0.01032331,0.00953482,8.27,9.23,True,0.3333333333333333,0.0,0.92,-3.0,Risk review,Head-and-shoulders risk,"head-and-shoulders, risk, distribution, flag, continuation, uptrend",236.16,,,0.15,,,236.16,"A possible head-and-shoulders top is forming or breaking. This is a caution signal, not an entry setup. Secondary patterns: Bullish flag.",Risk review,3.85
INOXWIND,Inox Wind Ltd.,INOXWIND.NS,Capital Goods,True,,NIFTY 500,^CRSLDX,2026-09-18,76.8,3.64,0.39,4.35,10976663.0,12064047.0,0.91,843007718.4,55.6,54.73,True,True,True,False,False,3.73,1.4,-5.95,False,False,False,False,11.45,0.00336244,0.0032582,3.2,6.64,True,0.3333333333333333,0.0,0.91,-3.0,Risk review,Head-and-shoulders risk,"head-and-shoulders, risk, distribution",82.73,,,7.17,,,82.73,"A possible head-and-shoulders top is forming or breaking. This is a caution signal, not an entry setup.",Risk review,3.85
ANANTRAJ,Anant Raj Ltd.,ANANTRAJ.NS,Realty,True,,NIFTY 500,^CRSLDX,2026-09-18,606.15,1.55,1.3,-3.02,1464027.0,2834699.0,0.52,887419966.05,50.08,44.42,True,False,False,True,True,-0.1,-0.49,0.73,False,False,False,False,-3.14,0.02653833,0.02607919,1.76,-1.73,True,0.6666666666666666,0.0,0.52,4.96,Actionable watch,Breakout retest,"breakout, retest, pivot, volume, inverse-head-and-shoulders, base, reversal",575.1,2026-07-10,2.11,3.46,,,,Prior resistance has been cleared on higher volume and price is back near that pivot. This is the kind of retest zone where follow-through can matter more than chasing a stretched candle. Secondary patterns: Possible inverse H&S.,Setup watch: Breakout retest,3.85
AXISBANK,Axis Bank Ltd.,AXISBANK.NS,Financial Services,True,,NIFTY 500,^CRSLDX,2026-09-18,1257.0,1.37,0.88,0.9,5693016.0,4647353.0,1.23,7156121112.0,52.13,47.12,True,True,True,False,False,0.37,0.38,-0.17,False,False,False,False,5.52,0.0550337,0.05380199,2.29,4.21,True,0.3333333333333333,0.0,1.23,-2.0,Risk review,Head-and-shoulders risk,"head-and-shoulders, risk, distribution",1199.15,,,4.82,,,1199.15,"A possible head-and-shoulders top is forming or breaking. This is a caution signal, not an entry setup.",Risk review,3.84
NAVA,Nava Ltd.,NAVA.NS,Power,True,,NIFTY 500,^CRSLDX,2026-09-18,562.3,2.87,1.89,0.6,664236.0,257166.0,2.58,373499902.8,51.47,41.81,True,True,False,False,False,0.76,-0.8,0.41,False,False,False,False,9.67,0.0246185,0.02438328,0.96,4.83,True,0.3333333333333333,0.0,2.58,-2.0,Risk review,Head-and-shoulders risk,"head-and-shoulders, risk, distribution",546.48,,,2.9,,,546.48,"A possible head-and-shoulders top is forming or breaking. This is a caution signal, not an entry setup.",Risk review,3.77
UPL,UPL Ltd.,UPL.NS,Chemicals,True,,NIFTY 500,^CRSLDX,2026-09-18,580.0,4.55,1.23,1.93,3779171.0,2171178.0,1.74,2191919180.0,53.3,46.62,True,True,False,False,False,1.19,-0.52,-2.68,False,False,False,False,12.22,0.02539343,0.02502696,1.46,4.55,True,0.0,0.0,1.74,-2.0,Risk review,Head-and-shoulders risk,"head-and-shoulders, risk, distribution",564.15,,,2.81,,,564.15,"A possible head-and-shoulders top is forming or breaking. This is a caution signal, not an entry setup.",Risk review,3.71
ICICIPRULI,ICICI Prudential Life Insurance Company Ltd.,ICICIPRULI.NS,Financial Services,True,,NIFTY 500,^CRSLDX,2026-09-18,492.0,0.31,4.35,-4.47,2240637.0,1426053.0,1.57,1102393404.0,51.76,36.52,True,True,False,False,False,0.61,-1.6,-2.34,False,False,False,False,1.88,0.02154064,0.02148665,0.25,0.85,True,0.0,0.0,1.57,0.0,No clear setup,,,,,,,,,,,Neutral / watch,3.67
SAREGAMA,Saregama India Ltd,SAREGAMA.NS,Media Entertainment & Publication,True,,NIFTY 500,^CRSLDX,2026-09-18,499.9,2.18,-1.11,-1.31,387575.0,454373.0,0.85,193748742.5,50.46,51.95,True,True,False,True,True,1.0,-1.37,2.97,False,False,False,False,-2.17,0.02188651,0.02168848,0.91,0.66,True,0.6666666666666666,0.0,0.85,0.0,No clear setup,,,,,,,,,,,Neutral / watch,3.63
OIL,Oil India Ltd.,OIL.NS,Oil Gas & Consumable Fuels,True,,NIFTY 500,^CRSLDX,2026-09-18,475.7,-0.36,-2.88,0.15,3703547.0,2582159.0,1.43,1761777307.9,46.65,57.47,False,False,True,True,True,-1.95,1.87,1.5,False,False,False,False,-1.6,0.02082699,0.01990792,4.62,2.57,True,1.0,0.0,1.43,-2.0,Risk review,Head-and-shoulders risk,"head-and-shoulders, risk, distribution, flag, continuation, uptrend, inverse-head-and-shoulders, base, reversal",460.23,,,3.36,,,460.23,"A possible head-and-shoulders top is forming or breaking. This is a caution signal, not an entry setup. Secondary patterns: Bullish flag, Possible inverse H&S.",Risk review,3.61
COROMANDEL,Coromandel International Ltd.,COROMANDEL.NS,Chemicals,True,,NIFTY 500,^CRSLDX,2026-09-18,1999.5,3.61,3.65,0.17,302340.0,150044.0,2.02,604528830.0,56.29,41.03,True,True,False,True,False,3.17,-0.45,-1.74,False,True,False,False,1.54,0.08754167,0.08625574,1.49,0.45,True,0.0,0.5,2.02,0.0,No clear setup,,,,,,,,,,,Neutral / watch,3.59
NUVOCO,Nuvoco Vistas Corporation Ltd.,NUVOCO.NS,Construction Materials,True,,NIFTY 500,^CRSLDX,2026-09-18,328.6,3.01,-0.47,2.03,629989.0,399027.0,1.58,207014385.4,49.35,47.72,False,True,False,True,True,0.11,-2.63,-0.77,False,False,False,False,18.0,0.01438669,0.01445539,-0.48,5.64,False,0.3333333333333333,0.0,1.58,-2.0,Risk review,Head-and-shoulders risk,"head-and-shoulders, risk, distribution",321.2,,,2.3,,,321.2,"A possible head-and-shoulders top is forming or breaking. This is a caution signal, not an entry setup.",Risk review,3.53
GRASIM,Grasim Industries Ltd.,GRASIM.NS,Construction Materials,True,,NIFTY 500,^CRSLDX,2026-09-18,3209.2,1.14,-2.22,-2.99,682793.0,1031233.0,0.66,2191219295.6,44.1,50.53,False,False,False,True,True,-2.1,-0.59,1.83,False,False,False,False,-1.72,0.1405045,0.13831336,1.58,0.49,True,0.6666666666666666,0.0,0.66,4.17,Actionable watch,Breakout retest,"breakout, retest, pivot, volume, inverse-head-and-shoulders, base, reversal",3207.22,2026-08-07,2.15,0.06,,,,Prior resistance has been cleared on higher volume and price is back near that pivot. This is the kind of retest zone where follow-through can matter more than chasing a stretched candle. Secondary patterns: Possible inverse H&S.,Setup watch: Breakout retest,3.5
NHPC,NHPC Ltd.,NHPC.NS,Power,True,,NIFTY 500,^CRSLDX,2026-09-18,76.95,2.33,0.75,1.05,18275311.0,10890539.0,1.68,1406285181.45,53.14,47.56,True,True,False,False,False,1.01,-0.66,-0.2,False,True,False,False,9.54,0.00336901,0.00332518,1.32,3.44,True,0.0,0.5,1.68,-2.0,Risk review,Head-and-shoulders risk,"head-and-shoulders, risk, distribution",73.77,,,4.32,,,73.77,"A possible head-and-shoulders top is forming or breaking. This is a caution signal, not an entry setup.",Risk review,3.49
CIPLA,Cipla Ltd.,CIPLA.NS,Healthcare,True,,NIFTY 500,^CRSLDX,2026-09-18,1394.5,1.32,2.09,-2.63,1386584.0,937774.0,1.48,1933591388.0,48.85,35.22,True,True,False,False,True,0.11,-2.02,-0.88,False,False,False,False,0.96,0.0610537,0.06112788,-0.12,0.41,False,0.3333333333333333,0.0,1.48,3.14,Actionable watch,Possible inverse H&S,"inverse-head-and-shoulders, base, reversal",1372.2,,,1.63,,,1372.2,A possible inverse head-and-shoulders base is visible. The setup improves only if price clears or holds near the neckline with better volume.,Setup watch: Possible inverse H&S,3.48
POWERGRID,Power Grid Corporation of India Ltd.,POWERGRID.NS,Power,True,,NIFTY 500,^CRSLDX,2026-09-18,270.3,2.48,0.45,-0.77,17896733.0,9039312.0,1.98,4837486929.9,52.92,48.82,True,True,False,False,False,1.37,-1.27,-0.14,False,False,False,False,14.89,0.01183422,0.01176257,0.61,5.03,True,0.0,0.0,1.98,-3.0,Risk review,Head-and-shoulders risk,"head-and-shoulders, risk, distribution",286.85,,,5.77,,,286.85,"A possible head-and-shoulders top is forming or breaking. This is a caution signal, not an entry setup.",Risk review,3.46
IDEA,Vodafone Idea Ltd.,IDEA.NS,Telecommunication,True,,NIFTY 500,^CRSLDX,2026-09-18,13.92,-2.11,-7.01,-0.14,350366817.0,494359991.0,0.71,4877106092.64,42.46,56.94,False,False,False,True,True,-5.51,-0.03,3.65,False,False,False,False,-1.55,0.00060944,0.00059597,2.26,1.3,True,0.6666666666666666,0.0,0.71,3.4,Actionable watch,Possible inverse H&S,"inverse-head-and-shoulders, base, reversal",10.82,,,28.71,,,10.82,A possible inverse head-and-shoulders base is visible. The setup improves only if price clears or holds near the neckline with better volume.,Setup watch: Possible inverse H&S,3.45
HONAUT,Honeywell Automation India Ltd.,HONAUT.NS,Capital Goods,True,,NIFTY 500,^CRSLDX,2026-09-18,35445.0,4.51,2.5,-3.42,15555.0,3360.0,4.63,551346975.0,49.32,34.16,True,True,False,False,True,0.49,-3.88,0.12,False,False,False,False,6.53,1.55184529,1.5870305,-2.22,0.42,False,0.6666666666666666,0.0,4.63,-2.0,Risk review,Head-and-shoulders risk,"head-and-shoulders, risk, distribution, breakout, retest, pivot, volume, inverse-head-and-shoulders, base, reversal",34925.0,,,1.49,,,34925.0,"A possible head-and-shoulders top is forming or breaking. This is a caution signal, not an entry setup. Secondary patterns: Breakout retest, Possible inverse H&S.",Risk review,3.38
PERSISTENT,Persistent Systems Ltd.,PERSISTENT.NS,Information Technology,True,,NIFTY 500,^CRSLDX,2026-09-18,5416.0,-1.04,-1.81,-4.44,494682.0,482847.0,1.02,2679197712.0,44.39,48.93,False,False,False,True,True,-3.04,-0.91,-1.35,False,False,False,False,-6.31,0.23712214,0.23328087,1.65,0.64,True,0.3333333333333333,0.0,1.02,3.4,Actionable watch,Possible inverse H&S,"inverse-head-and-shoulders, base, reversal",5202.45,,,4.1,,,5202.45,A possible inverse head-and-shoulders base is visible. The setup improves only if price clears or holds near the neckline with better volume.,Setup watch: Possible inverse H&S,3.32
POWERINDIA,Hitachi Energy India Ltd.,POWERINDIA.NS,Capital Goods,True,,NIFTY 500,^CRSLDX,2026-09-18,32700.0,4.71,4.02,-4.36,125521.0,86814.0,1.45,4104536700.0,52.8,40.66,True,True,False,False,True,1.68,-0.05,4.1,False,False,False,False,-5.3,1.4316643,1.40436746,1.94,-0.94,True,0.6666666666666666,0.0,1.45,0.0,No clear setup,,,,,,,,,,,Neutral / watch,3.31
NSLNISP,NMDC Steel Ltd.,NSLNISP.NS,Metals & Mining,True,,NIFTY 500,^CRSLDX,2026-09-18,42.6,2.31,-2.43,7.06,6294350.0,12029731.0,0.52,268139310.0,46.07,48.15,False,False,False,False,True,-3.0,-1.56,0.57,False,False,False,False,14.56,0.0018651,0.00185543,0.52,8.64,True,0.6666666666666666,0.0,0.52,-2.0,Risk review,Head-and-shoulders risk,"head-and-shoulders, risk, distribution, breakout, retest, pivot, volume, inverse-head-and-shoulders, base, reversal",41.55,,,2.53,,,41.55,"A possible head-and-shoulders top is forming or breaking. This is a caution signal, not an entry setup. Secondary patterns: Breakout retest, Possible inverse H&S.",Risk review,3.3
SWIGGY,Swiggy Ltd.,SWIGGY.NS,Consumer Services,True,,NIFTY 500,^CRSLDX,2026-09-18,273.05,-1.25,-1.85,-3.35,20140282.0,25161842.0,0.8,5499304000.1,46.3,50.76,False,False,False,True,False,-1.76,-1.33,-3.86,False,False,False,False,0.46,0.01195462,0.01185915,0.8,2.63,True,0.0,0.0,0.8,2.2,Watch,Possible inverse H&S,"inverse-head-and-shoulders, base, reversal",284.34,,,3.97,,,284.34,A possible inverse head-and-shoulders base is visible. The setup improves only if price clears or holds near the neckline with better volume.,Setup watch: Possible inverse H&S,3.3
JMFINANCIL,JM Financial Ltd.,JMFINANCIL.NS,Financial Services,True,,NIFTY 500,^CRSLDX,2026-09-18,126.3,3.09,1.47,-1.51,5637377.0,2863905.0,1.97,712000715.1,49.44,42.28,True,False,False,False,False,-1.21,-0.02,-1.28,False,False,False,False,1.9,0.00552964,0.00541684,2.08,2.39,True,0.0,0.0,1.97,0.0,No clear setup,,,,,,,,,,,Neutral / watch,3.28
YESBANK,Yes Bank Ltd.,YESBANK.NS,Financial Services,True,,NIFTY 500,^CRSLDX,2026-09-18,22.72,-1.77,-3.24,-0.35,73563796.0,81773181.0,0.9,1671369445.12,48.74,61.83,False,True,False,False,True,0.33,-0.57,0.06,False,False,False,False,5.46,0.00099472,0.00098028,1.47,2.3,True,0.6666666666666666,0.0,0.9,-2.0,Risk review,Head-and-shoulders risk,"head-and-shoulders, risk, distribution, inverse-head-and-shoulders, base, reversal",21.7,,,4.72,,,21.7,"A possible head-and-shoulders top is forming or breaking. This is a caution signal, not an entry setup. Secondary patterns: Possible inverse H&S.",Risk review,3.26
PAGEIND,Page Industries Ltd.,PAGEIND.NS,Textiles,True,,NIFTY 500,^CRSLDX,2026-09-18,36400.0,3.94,2.93,2.59,32020.0,19722.0,1.62,1165528000.0,51.92,38.14,True,True,False,False,True,2.29,-3.44,-0.67,False,True,False,False,18.17,1.5936569,1.62405661,-1.87,5.76,False,0.3333333333333333,0.5,1.62,-3.0,Risk review,Head-and-shoulders risk,"head-and-shoulders, risk, distribution, inverse-head-and-shoulders, base, reversal",36985.0,,,1.58,,,36985.0,"A possible head-and-shoulders top is forming or breaking. This is a caution signal, not an entry setup. Secondary patterns: Possible inverse H&S.",Risk review,3.2
ZYDUSWELL,Zydus Wellness Ltd.,ZYDUSWELL.NS,Fast Moving Consumer Goods,True,,NIFTY 500,^CRSLDX,2026-09-18,522.25,-4.38,-5.39,6.41,723768.0,653135.0,1.11,377987838.0,42.2,55.95,False,False,False,False,True,-3.28,-3.95,2.25,False,False,False,False,23.25,0.02286504,0.02336493,-2.14,8.53,False,0.6666666666666666,0.0,1.11,3.4,Actionable watch,Possible inverse H&S,"inverse-head-and-shoulders, base, reversal",451.27,,,15.73,,,451.27,A possible inverse head-and-shoulders base is visible. The setup improves only if price clears or holds near the neckline with better volume.,Setup watch: Possible inverse H&S,3.19
ADANIGREEN,Adani Green Energy Ltd.,ADANIGREEN.NS,Power,True,,NIFTY 500,^CRSLDX,2026-09-18,1334.5,4.73,4.15,1.1,2597171.0,1520232.0,1.71,3465924699.5,54.3,43.12,True,True,False,False,True,3.32,-1.87,2.25,False,True,False,False,18.76,0.05842679,0.05870209,-0.47,5.68,False,0.6666666666666666,0.5,1.71,-3.0,Risk review,Head-and-shoulders risk,"head-and-shoulders, risk, distribution",1373.0,,,2.8,,,1373.0,"A possible head-and-shoulders top is forming or breaking. This is a caution signal, not an entry setup.",Risk review,3.19
IRCTC,Indian Railway Catering And Tourism Corporation Ltd.,IRCTC.NS,Consumer Services,True,,NIFTY 500,^CRSLDX,2026-09-18,476.75,4.32,2.99,-1.54,1670118.0,708108.0,2.36,796228756.5,49.66,27.5,True,True,False,False,False,0.67,-2.73,-3.67,False,False,False,False,2.13,0.02087296,0.021068,-0.93,-0.04,False,0.0,0.0,2.36,0.0,No clear setup,,,,,,,,,,,Mean reversion bounce,3.19
RAINBOW,Rainbow Childrens Medicare Ltd.,RAINBOW.NS,Healthcare,True,,NIFTY 500,^CRSLDX,2026-09-18,1454.7,-1.27,0.68,1.5,99805.0,85700.0,1.16,145186333.5,48.93,46.31,False,True,False,True,True,0.4,-1.57,0.79,False,False,False,False,4.79,0.06368936,0.06338094,0.49,1.89,True,0.6666666666666666,0.0,1.16,-2.0,Risk review,Head-and-shoulders risk,"head-and-shoulders, risk, distribution",1399.7,,,3.93,,,1399.7,"A possible head-and-shoulders top is forming or breaking. This is a caution signal, not an entry setup.",Risk review,3.18
LODHA,Lodha Developers Ltd.,LODHA.NS,Realty,True,,NIFTY 500,^CRSLDX,2026-09-18,1144.7,3.77,2.49,-7.83,4727259.0,1910552.0,2.47,5411293377.3,45.55,35.45,True,False,False,True,True,-3.63,-4.99,0.5,False,False,False,False,-6.28,0.05011701,0.05181737,-3.28,-3.14,False,0.6666666666666666,0.0,2.47,4.89,Actionable watch,Breakout retest,"breakout, retest, pivot, volume, inverse-head-and-shoulders, base, reversal",1106.6,2026-07-09,1.98,0.18,,,,Prior resistance has been cleared on higher volume and price is back near that pivot. This is the kind of retest zone where follow-through can matter more than chasing a stretched candle. Secondary patterns: Possible inverse H&S.,Setup watch: Breakout retest,3.17
BRIGADE,Brigade Enterprises Ltd.,BRIGADE.NS,Realty,True,,NIFTY 500,^CRSLDX,2026-09-18,621.7,0.13,-2.65,-2.75,666470.0,756944.0,0.88,414344399.0,46.51,50.23,False,False,True,True,False,-4.78,2.53,-3.38,False,False,False,False,1.63,0.02721913,0.02586903,5.22,8.31,True,0.3333333333333333,0.0,0.88,-3.0,Risk review,Head-and-shoulders risk,"head-and-shoulders, risk, distribution, breakout, retest, pivot, volume, flag, continuation, uptrend",640.8,,,2.98,,,640.8,"A possible head-and-shoulders top is forming or breaking. This is a caution signal, not an entry setup. Secondary patterns: Breakout retest, Bullish flag.",Risk review,3.15
MINDACORP,Minda Corporation Ltd.,MINDACORP.NS,Automobile and Auto Components,True,,NIFTY 500,^CRSLDX,2026-09-18,691.45,1.5,-1.98,-5.0,90197.0,240433.0,0.38,62366715.65,46.03,49.06,False,False,False,True,True,-1.28,-1.73,1.85,False,False,False,False,-13.13,0.03027291,0.03016764,0.35,-4.19,True,0.6666666666666666,0.0,0.38,3.4,Actionable watch,Possible inverse H&S,"inverse-head-and-shoulders, base, reversal",581.0,,,19.01,,,581.0,A possible inverse head-and-shoulders base is visible. The setup improves only if price clears or holds near the neckline with better volume.,Setup watch: Possible inverse H&S,3.15
SUNPHARMA,Sun Pharmaceutical Industries Ltd.,SUNPHARMA.NS,Healthcare,True,,NIFTY 500,^CRSLDX,2026-09-18,1837.3,-1.61,-0.15,-3.42,2896860.0,1560319.0,1.86,5322400878.0,37.41,33.96,False,False,False,False,True,-2.8,-4.42,0.54,False,False,False,False,2.23,0.08044027,0.0825499,-2.56,-0.99,False,0.6666666666666666,0.0,1.86,2.2,Actionable watch,Possible inverse H&S,"inverse-head-and-shoulders, base, reversal",1867.8,,,1.63,,,1867.8,A possible inverse head-and-shoulders base is visible. The setup improves only if price clears or holds near the neckline with better volume.,Mean reversion bounce,3.07
CHOLAFIN,Cholamandalam Investment and Finance Company Ltd.,CHOLAFIN.NS,Financial Services,True,,NIFTY 500,^CRSLDX,2026-09-18,1800.0,2.01,-2.49,-3.38,1509978.0,1244092.0,1.21,2717960400.0,44.53,49.93,False,False,False,True,True,-1.87,-1.9,0.77,False,False,False,False,-8.93,0.07880721,0.07859086,0.28,-1.63,True,0.6666666666666666,0.0,1.21,4.61,Actionable watch,Breakout retest,"breakout, retest, pivot, volume, inverse-head-and-shoulders, base, reversal",1765.7,2026-06-24,1.42,0.02,,,,Prior resistance has been cleared on higher volume and price is back near that pivot. This is the kind of retest zone where follow-through can matter more than chasing a stretched candle. Secondary patterns: Possible inverse H&S.,Setup watch: Breakout retest,3.07
IOC,Indian Oil Corporation Ltd.,IOC.NS,Oil Gas & Consumable Fuels,True,,NIFTY 500,^CRSLDX,2026-09-18,137.0,2.03,1.4,0.81,11505787.0,7611102.0,1.51,1576292819.0,50.74,41.36,True,True,False,False,False,0.44,-1.31,-1.88,False,False,False,False,7.94,0.0059981,0.00595801,0.67,2.91,True,0.0,0.0,1.51,-3.0,Risk review,Head-and-shoulders risk,"head-and-shoulders, risk, distribution",142.92,,,4.14,,,142.92,"A possible head-and-shoulders top is forming or breaking. This is a caution signal, not an entry setup.",Risk review,3.03
ABB,ABB India Ltd.,ABB.NS,Capital Goods,True,,NIFTY 500,^CRSLDX,2026-09-18,7270.5,1.96,-0.05,-2.07,383030.0,184997.0,2.07,2784819615.0,46.44,40.36,True,False,False,True,True,-1.45,-2.21,3.54,False,False,False,False,2.22,0.31831545,0.31805037,0.08,0.19,True,0.6666666666666666,0.0,2.07,-2.0,Risk review,Head-and-shoulders risk,"head-and-shoulders, risk, distribution",6955.5,,,4.53,,,6955.5,"A possible head-and-shoulders top is forming or breaking. This is a caution signal, not an entry setup.",Risk review,2.94
TATAPOWER,Tata Power Co. Ltd.,TATAPOWER.NS,Power,True,,NIFTY 500,^CRSLDX,2026-09-18,374.8,1.57,2.78,0.13,5102671.0,5285281.0,0.97,1912481090.8,57.15,45.04,True,True,True,False,False,3.08,0.53,-0.55,False,True,False,False,2.22,0.01640941,0.01600347,2.54,1.28,True,0.3333333333333333,0.5,0.97,-3.0,Risk review,Head-and-shoulders risk,"head-and-shoulders, risk, distribution",379.4,,,1.21,,,379.4,"A possible head-and-shoulders top is forming or breaking. This is a caution signal, not an entry setup.",Risk review,2.91
GMRAIRPORT,GMR Airports Ltd.,GMRAIRPORT.NS,Services,True,,NIFTY 500,^CRSLDX,2026-09-18,99.3,4.48,1.35,-0.33,21945461.0,13448421.0,1.63,2179184277.3,52.12,44.33,True,True,False,False,False,2.62,-3.33,-0.66,False,False,False,False,6.83,0.00434753,0.00443055,-1.87,-0.81,False,0.3333333333333333,0.0,1.63,2.2,Watch,Possible inverse H&S,"inverse-head-and-shoulders, base, reversal",101.52,,,2.18,,,101.52,A possible inverse head-and-shoulders base is visible. The setup improves only if price clears or holds near the neckline with better volume.,Setup watch: Possible inverse H&S,2.91
TECHM,Tech Mahindra Ltd.,TECHM.NS,Information Technology,True,,NIFTY 500,^CRSLDX,2026-09-18,1537.1,-1.53,-0.25,-2.96,3113722.0,2028976.0,1.53,4786102086.2,42.15,41.47,False,False,False,True,True,-2.52,-3.29,0.39,False,False,False,False,-1.83,0.06729698,0.06790617,-0.9,-1.01,False,0.6666666666666666,0.0,1.53,5.1,Actionable watch,Breakout retest,"breakout, retest, pivot, volume, inverse-head-and-shoulders, base, reversal",1495.92,2026-07-17,4.06,1.82,,,,Prior resistance has been cleared on higher volume and price is back near that pivot. This is the kind of retest zone where follow-through can matter more than chasing a stretched candle. Secondary patterns: Possible inverse H&S.,Setup watch: Breakout retest,2.8
CEMPRO,Cemindia Projects Ltd.,CEMPRO.NS,Construction,True,,NIFTY 500,^CRSLDX,2026-09-18,1263.5,0.67,1.54,-1.01,233345.0,251549.0,0.93,294831407.5,48.28,42.84,True,True,False,True,True,0.2,-5.8,5.0,False,False,False,False,23.75,0.05531828,0.05807321,-4.74,2.21,False,0.6666666666666666,0.0,0.93,0.0,No clear setup,,,,,,,,,,,Neutral / watch,2.74
CHOICEIN,Choice International Ltd.,CHOICEIN.NS,Financial Services,True,,NIFTY 500,^CRSLDX,2026-09-18,763.85,3.5,0.53,-5.53,989378.0,364625.0,2.71,755736385.3,47.83,39.8,True,False,False,True,True,-0.12,-3.79,-0.13,False,False,False,False,-0.19,0.03344271,0.03415934,-2.1,-2.29,False,0.3333333333333333,0.0,2.71,2.2,Actionable watch,Possible inverse H&S,"inverse-head-and-shoulders, base, reversal",775.2,,,1.46,,,775.2,A possible inverse head-and-shoulders base is visible. The setup improves only if price clears or holds near the neckline with better volume.,Setup watch: Possible inverse H&S,2.71
IIFL,IIFL Finance Ltd.,IIFL.NS,Financial Services,True,,NIFTY 500,^CRSLDX,2026-09-18,600.2,0.61,-0.07,-11.71,2243955.0,3256494.0,0.69,1346821791.0,44.47,41.95,False,False,False,True,True,-4.62,-1.72,1.22,False,False,False,False,-12.05,0.02627783,0.02609559,0.7,-2.59,True,0.6666666666666666,0.0,0.69,3.4,Actionable watch,Possible inverse H&S,"inverse-head-and-shoulders, base, reversal",516.65,,,16.17,,,516.65,A possible inverse head-and-shoulders base is visible. The setup improves only if price clears or holds near the neckline with better volume.,Setup watch: Possible inverse H&S,2.67
VEDL,Vedanta Ltd.,VEDL.NS,Metals & Mining,True,,NIFTY 500,^CRSLDX,2026-09-18,267.6,3.94,1.48,-4.09,8484152.0,10078248.0,0.84,2270359075.2,48.85,41.78,True,False,False,False,True,-1.25,-0.53,3.48,False,False,False,False,5.26,0.01171601,0.01154792,1.46,4.34,True,0.6666666666666666,0.0,0.84,-3.0,Risk review,Head-and-shoulders risk,"head-and-shoulders, risk, distribution, inverse-head-and-shoulders, base, reversal",270.59,,,1.11,,,270.59,"A possible head-and-shoulders top is forming or breaking. This is a caution signal, not an entry setup. Secondary patterns: Possible inverse H&S.",Risk review,2.62
COLPAL,Colgate Palmolive (India) Ltd.,COLPAL.NS,Fast Moving Consumer Goods,True,,NIFTY 500,^CRSLDX,2026-09-18,1917.8,4.21,6.7,1.52,601910.0,435349.0,1.38,1154342998.0,56.59,31.55,True,True,False,False,False,4.06,-1.93,-1.54,False,True,False,False,16.19,0.0839647,0.08423046,-0.32,4.47,False,0.0,0.5,1.38,-2.0,Risk review,Head-and-shoulders risk,"head-and-shoulders, risk, distribution",1905.65,,,0.64,,,1905.65,"A possible head-and-shoulders top is forming or breaking. This is a caution signal, not an entry setup.",Risk review,2.59
TORNTPHARM,Torrent Pharmaceuticals Ltd.,TORNTPHARM.NS,Healthcare,True,,NIFTY 500,^CRSLDX,2026-09-18,4840.0,-0.72,-2.53,-1.15,486733.0,313007.0,1.56,2355787720.0,44.19,52.16,False,False,False,True,True,-1.83,-2.18,2.74,False,False,False,False,0.29,0.21190383,0.2120496,-0.07,-1.14,False,0.6666666666666666,0.0,1.56,3.4,Actionable watch,Possible inverse H&S,"inverse-head-and-shoulders, base, reversal",4519.0,,,7.1,,,4519.0,A possible inverse head-and-shoulders base is visible. The setup improves only if price clears or holds near the neckline with better volume.,Setup watch: Possible inverse H&S,2.56
IGIL,International Gemological Institute Ltd.,IGIL.NS,Services,True,,NIFTY 500,^CRSLDX,2026-09-18,330.95,5.1,5.3,-2.83,2435441.0,561156.0,4.34,806009198.95,52.32,31.7,True,True,False,False,False,1.32,-2.43,0.04,False,False,False,False,4.02,0.01448958,0.01458492,-0.65,0.13,False,0.6666666666666666,0.0,4.34,-2.0,Risk review,Head-and-shoulders risk,"head-and-shoulders, risk, distribution",315.98,,,4.74,,,315.98,"A possible head-and-shoulders top is forming or breaking. This is a caution signal, not an entry setup.",Risk review,2.53
BLUESTARCO,Blue Star Ltd.,BLUESTARCO.NS,Consumer Durables,True,,NIFTY 500,^CRSLDX,2026-09-18,1531.8,-1.37,-1.68,1.32,798646.0,591601.0,1.35,1223365942.8,51.58,56.38,True,True,False,False,False,2.23,-2.43,-1.53,False,False,False,False,16.05,0.06706493,0.06749608,-0.64,5.04,False,0.0,0.0,1.35,0.0,No clear setup,,,,,,,,,,,Neutral / watch,2.51
PIDILITIND,Pidilite Industries Ltd.,PIDILITIND.NS,Chemicals,True,,NIFTY 500,^CRSLDX,2026-09-18,1572.1,1.33,0.33,-4.66,1142486.0,651752.0,1.75,1796102240.6,43.81,37.43,True,False,False,True,True,-2.09,-2.94,0.9,False,False,False,False,-3.96,0.06882934,0.06948836,-0.95,-2.45,False,0.6666666666666666,0.0,1.75,4.98,Actionable watch,Breakout retest,"breakout, retest, pivot, volume, inverse-head-and-shoulders, base, reversal",1502.67,2026-06-15,2.17,3.81,,,,Prior resistance has been cleared on higher volume and price is back near that pivot. This is the kind of retest zone where follow-through can matter more than chasing a stretched candle. Secondary patterns: Possible inverse H&S.,Setup watch: Breakout retest,2.51
HEXT,Hexaware Technologies Ltd.,HEXT.NS,Information Technology,True,,NIFTY 500,^CRSLDX,2026-09-18,524.55,-0.36,5.53,-1.48,191368.0,442745.0,0.43,100382084.4,45.75,28.4,True,False,False,False,False,-1.34,-4.7,-3.66,False,False,False,False,-2.37,0.02296573,0.02365002,-2.89,-2.93,False,0.0,0.0,0.43,5.1,Actionable watch,Breakout retest,"breakout, retest, pivot, volume",506.5,2026-06-29,11.97,1.96,,,,Prior resistance has been cleared on higher volume and price is back near that pivot. This is the kind of retest zone where follow-through can matter more than chasing a stretched candle.,Mean reversion bounce,2.51
ADANIPOWER,Adani Power Ltd.,ADANIPOWER.NS,Power,True,,NIFTY 500,^CRSLDX,2026-09-18,206.6,0.33,-1.6,0.54,18185888.0,21086331.0,0.86,3757204460.8,48.29,51.05,False,False,False,False,True,-0.4,-1.48,3.39,False,False,False,False,10.61,0.00904532,0.00900844,0.41,3.68,True,0.6666666666666666,0.0,0.86,-3.0,Risk review,Head-and-shoulders risk,"head-and-shoulders, risk, distribution",211.42,,,2.28,,,211.42,"A possible head-and-shoulders top is forming or breaking. This is a caution signal, not an entry setup.",Risk review,2.49
NESTLEIND,Nestle India Ltd.,NESTLEIND.NS,Fast Moving Consumer Goods,True,,NIFTY 500,^CRSLDX,2026-09-18,1372.4,0.13,-0.79,-7.09,3264904.0,1298430.0,2.51,4480754249.6,35.41,32.91,False,False,False,False,True,-3.1,-5.64,1.22,False,False,False,False,-1.16,0.06008612,0.06246799,-3.81,-4.08,False,0.6666666666666666,0.0,2.51,2.2,Watch,Possible inverse H&S,"inverse-head-and-shoulders, base, reversal",1419.25,,,3.3,,,1419.25,A possible inverse head-and-shoulders base is visible. The setup improves only if price clears or holds near the neckline with better volume.,Mean reversion bounce,2.45
HDFCBANK,HDFC Bank Ltd.,HDFCBANK.NS,Financial Services,True,,NIFTY 500,^CRSLDX,2026-09-18,731.0,2.52,3.21,0.56,39400710.0,30742378.0,1.28,28801919010.0,55.98,43.93,True,True,False,False,False,2.61,-0.64,-3.39,False,True,False,False,9.34,0.03200448,0.03172037,0.9,3.95,True,0.0,0.5,1.28,-3.0,Risk review,Head-and-shoulders risk,"head-and-shoulders, risk, distribution",732.15,,,0.16,,,732.15,"A possible head-and-shoulders top is forming or breaking. This is a caution signal, not an entry setup.",Risk review,2.44
CPPLUS,Aditya Infotech Ltd.,CPPLUS.NS,Capital Goods,True,,NIFTY 500,^CRSLDX,2026-09-18,3355.1,-0.69,-12.3,-3.46,880079.0,268390.0,3.28,2952753052.9,37.01,60.32,False,False,False,True,True,-7.79,-6.47,8.96,False,False,False,False,9.12,0.14689226,0.15360391,-4.37,3.99,False,0.6666666666666666,0.0,3.28,0.0,No clear setup,,,,,,,,,,,Neutral / watch,2.4
KAJARIACER,Kajaria Ceramics Ltd.,KAJARIACER.NS,Consumer Durables,True,,NIFTY 500,^CRSLDX,2026-09-18,1202.7,-1.19,-1.93,-0.48,194896.0,186853.0,1.04,234401419.2,43.46,49.79,False,False,False,True,True,-1.96,-1.6,1.44,False,False,False,False,4.56,0.05265635,0.05238406,0.52,1.86,True,0.6666666666666666,0.0,1.04,0.0,No clear setup,,,,,,,,,,,Neutral / watch,2.37
TATASTEEL,Tata Steel Ltd.,TATASTEEL.NS,Metals & Mining,True,,NIFTY 500,^CRSLDX,2026-09-18,185.54,-0.93,1.39,1.39,29014128.0,31817667.0,0.91,5383281309.12,49.64,43.78,True,True,False,False,False,0.01,-0.33,0.91,False,False,False,False,5.62,0.00812327,0.00798851,1.69,3.25,True,0.3333333333333333,0.0,0.91,-3.0,Risk review,Head-and-shoulders risk,"head-and-shoulders, risk, distribution",185.6,,,0.04,,,185.6,"A possible head-and-shoulders top is forming or breaking. This is a caution signal, not an entry setup.",Risk review,2.3
NIVABUPA,Niva Bupa Health Insurance Company Ltd.,NIVABUPA.NS,Financial Services,True,,NIFTY 500,^CRSLDX,2026-09-18,79.59,-0.01,-0.43,-3.67,1273196.0,624011.0,2.04,101333669.64,38.57,36.09,False,False,False,False,True,-1.6,-4.95,0.71,False,False,False,False,-0.94,0.00348459,0.00359775,-3.15,-2.94,False,0.6666666666666666,0.0,2.04,3.56,Actionable watch,Breakout retest,"breakout, retest, pivot, volume, inverse-head-and-shoulders, base, reversal",80.94,2026-09-01,1.71,1.67,,,,Prior resistance has been cleared on higher volume and price is back near that pivot. This is the kind of retest zone where follow-through can matter more than chasing a stretched candle. Secondary patterns: Possible inverse H&S.,Setup watch: Breakout retest,2.26
NUVAMA,Nuvama Wealth Management Ltd.,NUVAMA.NS,Financial Services,True,,NIFTY 500,^CRSLDX,2026-09-18,1713.7,1.56,-1.35,-1.71,265082.0,303821.0,0.87,454271023.4,44.25,44.02,False,False,False,True,True,-3.08,-3.81,2.17,False,False,False,False,10.09,0.07502884,0.07681681,-2.33,1.23,False,0.6666666666666666,0.0,0.87,3.4,Actionable watch,Possible inverse H&S,"inverse-head-and-shoulders, base, reversal",1410.65,,,21.48,,,1410.65,A possible inverse head-and-shoulders base is visible. The setup improves only if price clears or holds near the neckline with better volume.,Setup watch: Possible inverse H&S,2.24
PHOENIXLTD,Phoenix Mills Ltd.,PHOENIXLTD.NS,Realty,True,,NIFTY 500,^CRSLDX,2026-09-18,1877.9,0.3,-0.64,-2.7,421506.0,408545.0,1.03,791546117.4,44.5,43.15,False,False,False,False,True,-1.17,-3.61,0.95,False,False,False,False,7.8,0.08221781,0.08393685,-2.05,0.2,False,0.6666666666666666,0.0,1.03,5.1,Actionable watch,Breakout retest,"breakout, retest, pivot, volume, inverse-head-and-shoulders, base, reversal",1832.28,2026-06-16,2.49,2.49,,,,Prior resistance has been cleared on higher volume and price is back near that pivot. This is the kind of retest zone where follow-through can matter more than chasing a stretched candle. Secondary patterns: Possible inverse H&S.,Setup watch: Breakout retest,2.24
DALBHARAT,Dalmia Bharat Ltd.,DALBHARAT.NS,Construction Materials,True,,NIFTY 500,^CRSLDX,2026-09-18,1761.4,4.02,0.85,-6.31,374184.0,243252.0,1.54,659087697.6,48.44,41.29,True,False,False,False,False,-0.7,-2.64,-1.2,False,False,False,False,-3.36,0.07711723,0.07760615,-0.63,-3.81,False,0.0,0.0,1.54,4.52,Actionable watch,Breakout retest,"breakout, retest, pivot, volume",1769.78,2026-07-15,2.03,0.47,,,,Prior resistance has been cleared on higher volume and price is back near that pivot. This is the kind of retest zone where follow-through can matter more than chasing a stretched candle.,Setup watch: Breakout retest,2.24
BANKINDIA,Bank of India,BANKINDIA.NS,Financial Services,True,,NIFTY 500,^CRSLDX,2026-09-18,140.0,1.32,0.0,-1.95,4269930.0,5651716.0,0.76,597790200.0,45.65,42.34,True,False,False,False,False,-1.27,-1.5,-0.18,False,False,False,False,3.77,0.00612945,0.00609608,0.55,1.16,True,0.0,0.0,0.76,0.0,No clear setup,,,,,,,,,,,Neutral / watch,2.23
NAM-INDIA,Nippon Life India Asset Management Ltd.,NAM-INDIA.NS,Financial Services,True,,NIFTY 500,^CRSLDX,2026-09-18,1155.0,3.22,-2.91,-7.67,1528510.0,1359541.0,1.12,1765429050.0,45.83,50.89,False,False,False,True,True,-2.14,-2.03,3.32,False,False,False,False,-7.75,0.05056796,0.0505988,-0.06,-2.83,False,0.6666666666666666,0.0,1.12,3.4,Actionable watch,Possible inverse H&S,"inverse-head-and-shoulders, base, reversal",1068.35,,,8.11,,,1068.35,A possible inverse head-and-shoulders base is visible. The setup improves only if price clears or holds near the neckline with better volume.,Setup watch: Possible inverse H&S,2.22
HINDPETRO,Hindustan Petroleum Corporation Ltd.,HINDPETRO.NS,Oil Gas & Consumable Fuels,True,,NIFTY 500,^CRSLDX,2026-09-18,359.0,2.4,1.99,-1.17,6539998.0,4288438.0,1.53,2347859282.0,46.85,34.88,True,True,False,False,False,0.06,-4.65,-2.48,False,False,False,False,8.54,0.01571766,0.01621122,-3.04,0.31,False,0.0,0.0,1.53,-3.0,Risk review,Head-and-shoulders risk,"head-and-shoulders, risk, distribution",359.02,,,0.01,,,359.02,"A possible head-and-shoulders top is forming or breaking. This is a caution signal, not an entry setup.",Risk review,2.21
UTIAMC,UTI Asset Management Company Ltd.,UTIAMC.NS,Financial Services,True,,NIFTY 500,^CRSLDX,2026-09-18,895.0,-0.36,-1.65,0.22,109250.0,123026.0,0.89,97778750.0,47.19,55.06,False,True,False,False,False,0.15,-1.35,-2.47,False,False,False,False,5.57,0.0391847,0.03902921,0.4,2.68,True,0.0,0.0,0.89,-3.0,Risk review,Head-and-shoulders risk,"head-and-shoulders, risk, distribution",914.77,,,2.16,,,914.77,"A possible head-and-shoulders top is forming or breaking. This is a caution signal, not an entry setup.",Risk review,2.19
TITAN,Titan Company Ltd.,TITAN.NS,Consumer Durables,True,,NIFTY 500,^CRSLDX,2026-09-18,4798.5,-0.88,-4.21,-5.65,1066023.0,520891.0,2.05,5115311365.5,34.1,51.15,False,False,False,True,True,-4.33,-2.66,2.69,False,False,False,False,-9.51,0.21008688,0.21062704,-0.26,-3.06,False,0.6666666666666666,0.0,2.05,3.4,Actionable watch,Possible inverse H&S,"inverse-head-and-shoulders, base, reversal",4453.1,,,7.76,,,4453.1,A possible inverse head-and-shoulders base is visible. The setup improves only if price clears or holds near the neckline with better volume.,Setup watch: Possible inverse H&S,2.18
TATACAP,Tata Capital Ltd.,TATACAP.NS,Financial Services,True,,NIFTY 500,^CRSLDX,2026-09-18,351.35,2.24,-3.18,-3.75,2404143.0,988493.0,2.43,844695643.05,40.68,46.74,False,False,False,True,True,-3.47,-2.86,1.21,False,False,False,False,-5.74,0.01538273,0.01549992,-0.76,-1.59,False,0.6666666666666666,0.0,2.43,2.5,Actionable watch,Possible inverse H&S,"inverse-head-and-shoulders, base, reversal",352.45,,,0.31,,,352.45,A possible inverse head-and-shoulders base is visible. The setup improves only if price clears or holds near the neckline with better volume.,Setup watch: Possible inverse H&S,2.16
DATAPATTNS,Data Patterns (India) Ltd.,DATAPATTNS.NS,Capital Goods,True,,NIFTY 500,^CRSLDX,2026-09-18,4513.3,2.32,-6.54,-6.56,606762.0,766258.0,0.79,2738498934.6,47.33,58.09,False,False,False,True,True,-2.44,-0.08,4.97,False,False,False,False,-2.0,0.19760032,0.19311786,2.32,-3.21,True,0.6666666666666666,0.0,0.79,0.0,No clear setup,,,,,,,,,,,Neutral / watch,2.16
BAJAJ-AUTO,Bajaj Auto Ltd.,BAJAJ-AUTO.NS,Automobile and Auto Components,True,,NIFTY 500,^CRSLDX,2026-09-18,11414.0,-0.75,-2.26,-2.44,296757.0,230621.0,1.29,3387184398.0,42.14,48.91,False,False,False,True,True,-3.3,-0.63,2.82,False,False,False,False,-4.43,0.49972527,0.48984352,2.02,0.36,True,0.6666666666666666,0.0,1.29,0.0,No clear setup,,,,,,,,,,,Neutral / watch,2.07
BHARTIHEXA,Bharti Hexacom Ltd.,BHARTIHEXA.NS,Telecommunication,True,,NIFTY 500,^CRSLDX,2026-09-18,1540.1,3.98,-0.32,-3.21,307475.0,83118.0,3.7,473542247.5,50.02,48.31,True,True,False,True,False,0.24,-2.12,-1.36,False,False,False,False,2.17,0.06742832,0.06754119,-0.17,-1.22,False,0.0,0.0,3.7,0.0,No clear setup,,,,,,,,,,,Weakening,2.06
NLCINDIA,NLC India Ltd.,NLCINDIA.NS,Power,True,,NIFTY 500,^CRSLDX,2026-09-18,268.8,2.48,1.66,-0.37,2578554.0,1577746.0,1.63,693115315.2,46.23,34.63,True,False,False,False,False,-0.08,-4.72,0.9,False,False,False,False,10.43,0.01176854,0.01216961,-3.3,2.68,False,0.3333333333333333,0.0,1.63,-3.0,Risk review,Head-and-shoulders risk,"head-and-shoulders, risk, distribution",283.1,,,5.05,,,283.1,"A possible head-and-shoulders top is forming or breaking. This is a caution signal, not an entry setup.",Risk review,1.99
TRENT,Trent Ltd.,TRENT.NS,Consumer Services,True,,NIFTY 500,^CRSLDX,2026-09-18,2824.0,1.25,0.77,-3.42,925467.0,641759.0,1.44,2613518808.0,45.39,36.38,True,False,False,False,True,-0.46,-2.98,0.06,False,False,False,False,-3.3,0.12363975,0.12495779,-1.05,-2.08,False,0.6666666666666666,0.0,1.44,2.2,Watch,Possible inverse H&S,"inverse-head-and-shoulders, base, reversal",2932.33,,,3.69,,,2932.33,A possible inverse head-and-shoulders base is visible. The setup improves only if price clears or holds near the neckline with better volume.,Setup watch: Possible inverse H&S,1.95
ENDURANCE,Endurance Technologies Ltd.,ENDURANCE.NS,Automobile and Auto Components,True,,NIFTY 500,^CRSLDX,2026-09-18,2732.0,1.53,1.46,-9.82,88695.0,91904.0,0.97,242314740.0,44.65,33.87,True,False,False,True,True,-2.19,-3.14,0.51,False,False,False,False,-14.42,0.11961183,0.12091603,-1.08,-6.4,False,0.6666666666666666,0.0,0.97,4.27,Actionable watch,Breakout retest,"breakout, retest, pivot, volume, inverse-head-and-shoulders, base, reversal",2753.2,2026-07-30,1.54,0.77,,,,Prior resistance has been cleared on higher volume and price is back near that pivot. This is the kind of retest zone where follow-through can matter more than chasing a stretched candle. Secondary patterns: Possible inverse H&S.,Mean reversion bounce,1.9
SUMICHEM,Sumitomo Chemical India Ltd.,SUMICHEM.NS,Chemicals,True,,NIFTY 500,^CRSLDX,2026-09-18,460.85,1.19,-3.26,-13.8,605290.0,223675.0,2.71,278947896.5,30.03,29.91,False,False,False,False,True,-6.51,-11.13,0.77,False,False,False,False,-18.11,0.02017683,0.02227324,-9.41,-14.86,False,0.6666666666666666,0.0,2.71,5.1,Actionable watch,Breakout retest,"breakout, retest, pivot, volume, inverse-head-and-shoulders, base, reversal",444.96,2026-07-03,72.3,2.42,,,,Prior resistance has been cleared on higher volume and price is back near that pivot. This is the kind of retest zone where follow-through can matter more than chasing a stretched candle. Secondary patterns: Possible inverse H&S.,Setup watch: Breakout retest,1.8
LLOYDSME,Lloyds Metals And Energy Ltd.,LLOYDSME.NS,Metals & Mining,True,,NIFTY 500,^CRSLDX,2026-09-18,1826.7,1.52,1.51,-2.1,342148.0,330950.0,1.03,625001751.6,47.98,40.42,True,True,False,False,True,0.81,-3.68,3.82,False,False,False,False,-4.01,0.07997618,0.08122639,-1.54,-2.54,False,0.6666666666666666,0.0,1.03,0.0,No clear setup,,,,,,,,,,,Weakening,1.79
RVNL,Rail Vikas Nigam Ltd.,RVNL.NS,Construction,True,,NIFTY 500,^CRSLDX,2026-09-18,214.29,6.24,4.58,-4.89,9469057.0,4883803.0,1.94,2029124224.53,52.23,31.45,True,True,False,False,False,2.28,-2.67,-3.82,False,False,False,False,-0.97,0.009382,0.00948033,-1.04,-1.83,False,0.0,0.0,1.94,-3.0,Risk review,Head-and-shoulders risk,"head-and-shoulders, risk, distribution",234.78,,,8.73,,,234.78,"A possible head-and-shoulders top is forming or breaking. This is a caution signal, not an entry setup.",Risk review,1.78
FEDERALBNK,Federal Bank Ltd.,FEDERALBNK.NS,Financial Services,True,,NIFTY 500,^CRSLDX,2026-09-18,332.75,0.0,-3.41,-7.83,14568034.0,5629797.0,2.59,4847513313.5,34.83,45.9,False,False,False,True,True,-3.58,-4.83,3.1,False,False,False,False,-5.57,0.01456839,0.01495674,-2.6,-5.04,False,0.6666666666666666,0.0,2.59,3.4,Actionable watch,Possible inverse H&S,"inverse-head-and-shoulders, base, reversal",298.45,,,11.49,,,298.45,A possible inverse head-and-shoulders base is visible. The setup improves only if price clears or holds near the neckline with better volume.,Setup watch: Possible inverse H&S,1.78
RITES,RITES Ltd.,RITES.NS,Construction,True,,NIFTY 500,^CRSLDX,2026-09-18,207.23,-0.34,-0.92,-4.98,523244.0,299995.0,1.74,108431854.12,37.22,36.21,False,False,False,False,False,-2.77,-4.83,-1.06,False,False,False,False,-1.58,0.0090729,0.00935947,-3.06,-2.19,False,0.3333333333333333,0.0,1.74,4.7,Actionable watch,Breakout retest,"breakout, retest, pivot, volume, inverse-head-and-shoulders, base, reversal",213.49,2026-07-01,100.09,2.93,,,,Prior resistance has been cleared on higher volume and price is back near that pivot. This is the kind of retest zone where follow-through can matter more than chasing a stretched candle. Secondary patterns: Possible inverse H&S.,Setup watch: Breakout retest,1.76
ACC,ACC Ltd.,ACC.NS,Construction Materials,True,,NIFTY 500,^CRSLDX,2026-09-18,1259.7,2.21,1.06,-3.65,386560.0,129943.0,2.97,486949632.0,43.42,31.9,True,False,False,False,False,-0.84,-4.54,-3.73,False,False,False,False,6.24,0.05515191,0.05678297,-2.87,0.08,False,0.0,0.0,2.97,0.0,No clear setup,,,,,,,,,,,Mean reversion bounce,1.72
ITCHOTELS,ITC Hotels Ltd.,ITCHOTELS.NS,Consumer Services,True,,NIFTY 500,^CRSLDX,2026-09-18,158.8,2.9,3.32,-3.75,2982731.0,1466259.0,2.03,473657682.8,48.43,32.4,True,False,False,False,False,-0.01,-3.25,-2.69,False,False,False,False,0.69,0.00695255,0.00708822,-1.91,-0.55,False,0.0,0.0,2.03,-2.0,Risk review,Head-and-shoulders risk,"head-and-shoulders, risk, distribution",153.43,,,3.5,,,153.43,"A possible head-and-shoulders top is forming or breaking. This is a caution signal, not an entry setup.",Risk review,1.69
DEEPAKFERT,Deepak Fertilisers & Petrochemicals Corp. Ltd.,DEEPAKFERT.NS,Chemicals,True,,NIFTY 500,^CRSLDX,2026-09-18,1343.2,1.4,1.73,-7.31,209549.0,249759.0,0.84,281466216.8,40.01,29.33,True,False,False,False,True,-2.55,-9.23,0.29,False,False,False,False,1.79,0.05880769,0.06380826,-7.84,-6.84,False,0.6666666666666666,0.0,0.84,3.4,Actionable watch,Possible inverse H&S,"inverse-head-and-shoulders, base, reversal",1244.3,,,7.95,,,1244.3,A possible inverse head-and-shoulders base is visible. The setup improves only if price clears or holds near the neckline with better volume.,Mean reversion bounce,1.69
GICRE,General Insurance Corporation of India,GICRE.NS,Financial Services,True,,NIFTY 500,^CRSLDX,2026-09-18,351.0,3.3,0.46,-1.34,1183930.0,1225047.0,0.97,415559430.0,50.42,44.04,True,True,False,False,False,0.29,-1.2,-0.91,False,False,False,False,1.48,0.01536741,0.01525945,0.71,-0.06,True,0.0,0.0,0.97,-3.0,Risk review,Head-and-shoulders risk,"head-and-shoulders, risk, distribution",354.68,,,1.04,,,354.68,"A possible head-and-shoulders top is forming or breaking. This is a caution signal, not an entry setup.",Risk review,1.64
TEJASNET,Tejas Networks Ltd.,TEJASNET.NS,Telecommunication,True,,NIFTY 500,^CRSLDX,2026-09-18,518.3,-1.13,-6.22,1.54,1522105.0,5870653.0,0.26,788907021.5,42.98,51.4,False,False,False,False,True,-4.95,-2.69,1.09,False,False,False,False,7.27,0.0226921,0.0228599,-0.73,4.15,False,0.6666666666666666,0.0,0.26,0.0,No clear setup,,,,,,,,,,,Neutral / watch,1.63
DABUR,Dabur India Ltd.,DABUR.NS,Fast Moving Consumer Goods,True,,NIFTY 500,^CRSLDX,2026-09-18,395.25,2.78,5.12,-1.31,2455500.0,2265866.0,1.08,970536375.0,55.79,29.8,True,True,False,False,False,3.19,-2.24,-2.78,False,False,False,False,8.47,0.01730475,0.01743437,-0.74,1.24,False,0.0,0.0,1.08,-3.0,Risk review,Head-and-shoulders risk,"head-and-shoulders, risk, distribution",427.48,,,7.54,,,427.48,"A possible head-and-shoulders top is forming or breaking. This is a caution signal, not an entry setup.",Risk review,1.6
INDIGO,InterGlobe Aviation Ltd.,INDIGO.NS,Services,True,,NIFTY 500,^CRSLDX,2026-09-18,4920.0,1.55,-1.07,-3.72,732347.0,631480.0,1.16,3603147240.0,42.94,38.77,True,False,False,False,True,-1.94,-4.51,-1.05,False,False,False,False,-3.43,0.21540637,0.22143679,-2.72,-2.99,False,0.3333333333333333,0.0,1.16,4.46,Actionable watch,Breakout retest,"breakout, retest, pivot, volume, inverse-head-and-shoulders, base, reversal",4998.15,2026-06-24,1.93,1.56,,,,Prior resistance has been cleared on higher volume and price is back near that pivot. This is the kind of retest zone where follow-through can matter more than chasing a stretched candle. Secondary patterns: Possible inverse H&S.,Setup watch: Breakout retest,1.6
AWL,AWL Agri Business Ltd.,AWL.NS,Fast Moving Consumer Goods,True,,NIFTY 500,^CRSLDX,2026-09-18,186.98,1.6,1.06,-0.61,2593357.0,3119503.0,0.83,484905891.86,46.39,38.53,True,False,False,False,False,-1.69,-1.85,-3.42,False,False,False,False,3.09,0.00818632,0.00816992,0.2,1.44,True,0.0,0.0,0.83,-2.0,Risk review,Head-and-shoulders risk,"head-and-shoulders, risk, distribution",179.13,,,4.38,,,179.13,"A possible head-and-shoulders top is forming or breaking. This is a caution signal, not an entry setup.",Risk review,1.59
TATATECH,Tata Technologies Ltd.,TATATECH.NS,Information Technology,True,,NIFTY 500,^CRSLDX,2026-09-18,722.45,-4.78,-5.21,-11.98,2215517.0,1108509.0,2.0,1600600256.65,32.25,39.49,False,False,False,False,True,-8.27,-7.98,1.77,False,False,False,False,-21.84,0.03163015,0.03355615,-5.74,-8.96,False,0.6666666666666666,0.0,2.0,3.4,Actionable watch,Possible inverse H&S,"inverse-head-and-shoulders, base, reversal",633.88,,,13.97,,,633.88,A possible inverse head-and-shoulders base is visible. The setup improves only if price clears or holds near the neckline with better volume.,Setup watch: Possible inverse H&S,1.59
HINDALCO,Hindalco Industries Ltd.,HINDALCO.NS,Metals & Mining,True,,NIFTY 500,^CRSLDX,2026-09-18,986.5,0.61,0.51,-4.59,8310236.0,3366464.0,2.47,8198047814.0,44.16,39.08,False,False,False,False,True,-2.34,-1.61,2.11,False,False,False,False,-11.02,0.04319073,0.04295387,0.55,-2.78,True,0.6666666666666666,0.0,2.47,-2.0,Risk review,Head-and-shoulders risk,"head-and-shoulders, risk, distribution, inverse-head-and-shoulders, base, reversal",979.8,,,0.68,,,979.8,"A possible head-and-shoulders top is forming or breaking. This is a caution signal, not an entry setup. Secondary patterns: Possible inverse H&S.",Risk review,1.54
SARDAEN,Sarda Energy and Minerals Ltd.,SARDAEN.NS,Metals & Mining,True,,NIFTY 500,^CRSLDX,2026-09-18,505.95,-0.2,-3.47,-0.91,328485.0,618762.0,0.53,166196985.75,47.23,55.13,False,False,False,False,False,-1.02,-0.52,0.38,False,False,False,False,-0.31,0.02215139,0.02177463,1.73,1.17,True,0.3333333333333333,0.0,0.53,-2.0,Risk review,Head-and-shoulders risk,"head-and-shoulders, risk, distribution",492.4,,,2.75,,,492.4,"A possible head-and-shoulders top is forming or breaking. This is a caution signal, not an entry setup.",Risk review,1.53
JSWENERGY,JSW Energy Ltd.,JSWENERGY.NS,Power,True,,NIFTY 500,^CRSLDX,2026-09-18,526.0,2.73,-0.09,-3.48,3397652.0,2084439.0,1.63,1787164952.0,46.14,40.44,True,False,False,False,True,-0.7,-3.53,0.91,False,False,False,False,3.17,0.02302922,0.02341282,-1.64,-0.99,False,0.6666666666666666,0.0,1.63,-2.0,Risk review,Head-and-shoulders risk,"head-and-shoulders, risk, distribution, breakout, retest, pivot, volume",518.35,,,1.48,,,518.35,"A possible head-and-shoulders top is forming or breaking. This is a caution signal, not an entry setup. Secondary patterns: Breakout retest.",Risk review,1.5
HFCL,HFCL Ltd.,HFCL.NS,Telecommunication,True,,NIFTY 500,^CRSLDX,2026-09-18,215.71,2.99,-7.69,-5.39,6279766.0,11410493.0,0.55,1354608323.86,43.65,51.98,False,False,False,True,True,-7.69,-2.12,13.58,False,False,False,False,-5.39,0.00944417,0.00942493,0.2,-2.5,True,0.6666666666666666,0.0,0.55,0.0,No clear setup,,,,,,,,,,,Neutral / watch,1.5
SOLARINDS,Solar Industries India Ltd.,SOLARINDS.NS,Chemicals,True,,NIFTY 500,^CRSLDX,2026-09-18,18555.0,-1.38,-16.76,-6.76,202858.0,231539.0,0.88,3764030190.0,33.99,74.07,False,False,False,False,True,-10.31,-5.33,4.92,False,False,False,False,-7.17,0.81237098,0.83506827,-2.72,-3.66,False,0.6666666666666666,0.0,0.88,4.7,Actionable watch,Breakout retest,"breakout, retest, pivot, volume",18896.4,2026-08-13,8.39,1.81,,,,Prior resistance has been cleared on higher volume and price is back near that pivot. This is the kind of retest zone where follow-through can matter more than chasing a stretched candle.,Setup watch: Breakout retest,1.47
SWANCORP,Swan Corp Ltd.,SWANCORP.NS,Chemicals,True,,NIFTY 500,^CRSLDX,2026-09-18,294.95,1.78,-0.51,-2.93,1412160.0,4085773.0,0.35,416516592.0,49.83,50.54,True,True,False,False,False,1.15,-2.46,-4.43,False,False,False,False,2.55,0.01291344,0.01300004,-0.67,-0.4,False,0.0,0.0,0.35,0.0,No clear setup,,,,,,,,,,,Weakening,1.42
SCHNEIDER,Schneider Electric Infrastructure Ltd.,SCHNEIDER.NS,Capital Goods,True,,NIFTY 500,^CRSLDX,2026-09-18,1213.5,0.97,-1.1,-0.31,316226.0,288890.0,1.09,383740251.0,47.39,48.3,True,True,False,False,True,1.29,-5.09,4.47,False,False,False,False,6.65,0.05312919,0.05519865,-3.75,-0.9,False,0.6666666666666666,0.0,1.09,-2.0,Risk review,Head-and-shoulders risk,"head-and-shoulders, risk, distribution",1188.95,,,2.06,,,1188.95,"A possible head-and-shoulders top is forming or breaking. This is a caution signal, not an entry setup.",Risk review,1.42
BAJFINANCE,Bajaj Finance Ltd.,BAJFINANCE.NS,Financial Services,True,,NIFTY 500,^CRSLDX,2026-09-18,1040.3,2.49,0.56,-5.0,8201656.0,5245857.0,1.56,8532182736.8,46.26,38.12,True,False,False,True,True,-1.04,-2.53,0.34,False,False,False,False,-2.22,0.04554619,0.04571401,-0.37,-1.39,False,0.6666666666666666,0.0,1.56,-2.0,Risk review,Head-and-shoulders risk,"head-and-shoulders, risk, distribution, inverse-head-and-shoulders, base, reversal",1030.2,,,0.98,,,1030.2,"A possible head-and-shoulders top is forming or breaking. This is a caution signal, not an entry setup. Secondary patterns: Possible inverse H&S.",Risk review,1.42
MANAPPURAM,Manappuram Finance Ltd.,MANAPPURAM.NS,Financial Services,True,,NIFTY 500,^CRSLDX,2026-09-18,319.15,0.98,-2.99,-10.73,3822669.0,4697887.0,0.81,1220004811.35,36.94,40.53,False,False,False,False,True,-5.11,-7.65,1.86,False,False,False,False,0.02,0.01397296,0.01482822,-5.77,-3.89,False,0.6666666666666666,0.0,0.81,4.76,Actionable watch,Breakout retest,"breakout, retest, pivot, volume, inverse-head-and-shoulders, base, reversal",315.26,2026-06-22,1.72,1.23,,,,Prior resistance has been cleared on higher volume and price is back near that pivot. This is the kind of retest zone where follow-through can matter more than chasing a stretched candle. Secondary patterns: Possible inverse H&S.,Setup watch: Breakout retest,1.42
DLF,DLF Ltd.,DLF.NS,Realty,True,,NIFTY 500,^CRSLDX,2026-09-18,644.35,0.68,-0.02,-4.98,2890331.0,3556366.0,0.81,1862384779.85,44.21,39.04,False,False,False,True,True,-2.96,-2.65,-0.86,False,False,False,False,-3.28,0.02821079,0.02843373,-0.78,-1.52,False,0.3333333333333333,0.0,0.81,2.53,Actionable watch,Possible inverse H&S,"inverse-head-and-shoulders, base, reversal",645.7,,,0.21,,,645.7,A possible inverse head-and-shoulders base is visible. The setup improves only if price clears or holds near the neckline with better volume.,Setup watch: Possible inverse H&S,1.38
ENRIN,Siemens Energy India Ltd.,ENRIN.NS,Capital Goods,True,,NIFTY 500,^CRSLDX,2026-09-18,3228.0,3.82,1.47,-6.04,740325.0,424089.0,1.75,2389769100.0,49.74,40.59,True,True,False,False,True,1.0,-2.64,0.19,False,False,False,False,-7.29,0.1413276,0.14270688,-0.97,-5.11,False,0.6666666666666666,0.0,1.75,-2.0,Risk review,Head-and-shoulders risk,"head-and-shoulders, risk, distribution",3133.85,,,3.0,,,3133.85,"A possible head-and-shoulders top is forming or breaking. This is a caution signal, not an entry setup.",Risk review,1.38
UNIONBANK,Union Bank of India,UNIONBANK.NS,Financial Services,True,,NIFTY 500,^CRSLDX,2026-09-18,176.56,-0.86,-0.86,-3.76,6401370.0,8098653.0,0.79,1130225887.2,41.28,41.66,False,False,False,True,True,-3.56,-1.57,1.79,False,False,False,False,-11.67,0.00773011,0.00766004,0.91,-3.28,True,0.6666666666666666,0.0,0.79,0.0,No clear setup,,,,,,,,,,,Neutral / watch,1.34
ERIS,Eris Lifesciences Ltd.,ERIS.NS,Healthcare,True,,NIFTY 500,^CRSLDX,2026-09-18,1321.3,0.81,-2.52,-0.52,143139.0,59097.0,2.42,189129560.7,45.66,55.14,False,True,False,False,False,0.17,-3.24,-2.0,False,False,False,False,7.71,0.05784887,0.05869803,-1.45,0.34,False,0.0,0.0,2.42,-3.0,Risk review,Head-and-shoulders risk,"head-and-shoulders, risk, distribution",1333.5,,,0.91,,,1333.5,"A possible head-and-shoulders top is forming or breaking. This is a caution signal, not an entry setup.",Risk review,1.32
IRFC,Indian Railway Finance Corporation Ltd.,IRFC.NS,Financial Services,True,,NIFTY 500,^CRSLDX,2026-09-18,81.5,2.76,0.51,-5.67,14377921.0,7987833.0,1.8,1171800561.5,40.49,25.32,True,False,False,False,False,-1.13,-5.08,-3.3,False,False,False,False,1.5,0.00356822,0.00369419,-3.41,-2.03,False,0.0,0.0,1.8,0.0,No clear setup,,,,,,,,,,,Mean reversion bounce,1.29
CUMMINSIND,Cummins India Ltd.,CUMMINSIND.NS,Capital Goods,True,,NIFTY 500,^CRSLDX,2026-09-18,5099.5,1.58,0.58,-0.16,502366.0,442438.0,1.14,2561815417.0,46.97,38.82,True,True,False,False,True,0.1,-3.92,1.34,False,False,False,False,7.54,0.2232652,0.22851117,-2.3,0.03,False,0.6666666666666666,0.0,1.14,-3.0,Risk review,Head-and-shoulders risk,"head-and-shoulders, risk, distribution",5264.25,,,3.13,,,5264.25,"A possible head-and-shoulders top is forming or breaking. This is a caution signal, not an entry setup.",Risk review,1.26
SBILIFE,SBI Life Insurance Company Ltd.,SBILIFE.NS,Financial Services,True,,NIFTY 500,^CRSLDX,2026-09-18,1731.0,-2.03,2.75,-3.45,929365.0,925498.0,1.0,1608730815.0,48.04,34.54,True,True,False,False,False,0.23,-3.62,-1.45,False,False,False,False,2.02,0.07578627,0.07726101,-1.91,-0.45,False,0.0,0.0,1.0,-3.0,Risk review,Head-and-shoulders risk,"head-and-shoulders, risk, distribution",1741.65,,,0.61,,,1741.65,"A possible head-and-shoulders top is forming or breaking. This is a caution signal, not an entry setup.",Risk review,1.26
IGL,Indraprastha Gas Ltd.,IGL.NS,Oil Gas & Consumable Fuels,True,,NIFTY 500,^CRSLDX,2026-09-18,148.56,-0.07,-2.25,0.47,4539547.0,1868370.0,2.43,674395102.32,42.95,50.14,False,False,False,False,False,-1.32,-1.95,-2.71,False,False,False,False,-0.14,0.00650422,0.00649735,0.11,-0.35,True,0.0,0.0,2.43,-2.0,Risk review,Head-and-shoulders risk,"head-and-shoulders, risk, distribution",145.43,,,2.16,,,145.43,"A possible head-and-shoulders top is forming or breaking. This is a caution signal, not an entry setup.",Risk review,1.23
NTPCGREEN,NTPC Green Energy Ltd.,NTPCGREEN.NS,Power,True,,NIFTY 500,^CRSLDX,2026-09-18,88.55,1.11,1.85,-3.15,4164366.0,1889841.0,2.2,368754609.3,45.7,29.12,True,False,False,False,False,-0.33,-2.63,-0.54,False,False,False,False,-0.53,0.00387688,0.00390964,-0.84,-1.13,False,0.0,0.0,2.2,-3.0,Risk review,Head-and-shoulders risk,"head-and-shoulders, risk, distribution",92.16,,,3.91,,,92.16,"A possible head-and-shoulders top is forming or breaking. This is a caution signal, not an entry setup.",Risk review,1.22
AMBUJACEM,Ambuja Cements Ltd.,AMBUJACEM.NS,Construction Materials,True,,NIFTY 500,^CRSLDX,2026-09-18,388.3,1.32,-0.91,-6.32,2583375.0,1462724.0,1.77,1003124512.5,35.49,31.2,False,False,False,False,False,-2.78,-6.85,-3.06,False,False,False,False,3.95,0.01700047,0.01793993,-5.24,-2.44,False,0.0,0.0,1.77,0.0,No clear setup,,,,,,,,,,,Mean reversion bounce,1.21
IFCI,IFCI Ltd.,IFCI.NS,Financial Services,True,,NIFTY 500,^CRSLDX,2026-09-18,76.51,-0.75,-7.02,-5.44,60473703.0,136616016.0,0.44,4626843016.53,40.43,45.5,False,False,False,True,True,-11.93,-4.09,5.79,False,False,False,False,-17.2,0.00334974,0.00341476,-1.9,-4.09,False,0.6666666666666666,0.0,0.44,3.4,Actionable watch,Possible inverse H&S,"inverse-head-and-shoulders, base, reversal",66.15,,,15.66,,,66.15,A possible inverse head-and-shoulders base is visible. The setup improves only if price clears or holds near the neckline with better volume.,Setup watch: Possible inverse H&S,1.17
UNITDSPR,United Spirits Ltd.,UNITDSPR.NS,Fast Moving Consumer Goods,True,,NIFTY 500,^CRSLDX,2026-09-18,1371.0,-1.37,-1.72,-11.89,842151.0,551778.0,1.53,1154589021.0,29.5,29.18,False,False,False,False,True,-5.65,-6.77,0.12,False,False,False,False,-15.3,0.06002482,0.06300771,-4.73,-7.89,False,0.6666666666666666,0.0,1.53,2.2,Watch,Possible inverse H&S,"inverse-head-and-shoulders, base, reversal",1429.45,,,4.09,,,1429.45,A possible inverse head-and-shoulders base is visible. The setup improves only if price clears or holds near the neckline with better volume.,Setup watch: Possible inverse H&S,1.17
COALINDIA,Coal India Ltd.,COALINDIA.NS,Oil Gas & Consumable Fuels,True,,NIFTY 500,^CRSLDX,2026-09-18,409.9,-1.94,-3.87,1.16,7700870.0,10820920.0,0.71,3156586613.0,43.21,60.8,False,False,False,False,False,-1.18,-1.54,0.83,False,False,False,False,12.52,0.01794615,0.01785801,0.49,4.92,True,0.3333333333333333,0.0,0.71,-3.0,Risk review,Head-and-shoulders risk,"head-and-shoulders, risk, distribution",415.52,,,1.35,,,415.52,"A possible head-and-shoulders top is forming or breaking. This is a caution signal, not an entry setup.",Risk review,1.13
GROWW,Billionbrains Garage Ventures Ltd.,GROWW.NS,Financial Services,True,,NIFTY 500,^CRSLDX,2026-09-18,191.76,2.3,-4.23,-2.66,73111303.0,55259704.0,1.32,14019823463.28,45.94,57.79,False,False,False,False,True,-1.33,-2.57,2.06,False,False,False,False,6.9,0.00839559,0.00844023,-0.53,1.13,False,0.6666666666666666,0.0,1.32,-2.0,Risk review,Head-and-shoulders risk,"head-and-shoulders, risk, distribution",186.06,,,3.07,,,186.06,"A possible head-and-shoulders top is forming or breaking. This is a caution signal, not an entry setup.",Risk review,1.13
HSCL,Himadri Speciality Chemical Ltd.,HSCL.NS,Chemicals,True,,NIFTY 500,^CRSLDX,2026-09-18,675.35,3.37,1.57,3.2,2687060.0,5009389.0,0.54,1814705971.0,48.21,40.19,True,True,False,False,True,1.64,-5.65,3.86,False,False,False,False,-4.48,0.02956803,0.03067523,-3.61,-7.83,False,0.6666666666666666,0.0,0.54,0.0,No clear setup,,,,,,,,,,,Weakening,1.1
KEI,KEI Industries Ltd.,KEI.NS,Capital Goods,True,,NIFTY 500,^CRSLDX,2026-09-18,4650.0,1.97,1.57,-15.88,573397.0,688615.0,0.83,2666296050.0,35.67,28.94,True,False,False,False,False,-7.23,-10.21,1.9,False,False,False,False,-29.3,0.20358529,0.22272502,-8.59,-16.19,False,0.6666666666666666,0.0,0.83,4.96,Actionable watch,Breakout retest,"breakout, retest, pivot, volume",4613.25,2026-09-08,2.11,0.8,,,,Prior resistance has been cleared on higher volume and price is back near that pivot. This is the kind of retest zone where follow-through can matter more than chasing a stretched candle.,Mean reversion bounce,1.1
IDBI,IDBI Bank Ltd.,IDBI.NS,Financial Services,True,,NIFTY 500,^CRSLDX,2026-09-18,83.06,1.43,-0.44,1.0,20869049.0,22976554.0,0.91,1733383209.94,43.81,43.44,False,False,False,True,False,-4.84,-2.7,-1.37,False,False,False,False,12.39,0.00363651,0.00365745,-0.57,5.36,False,0.0,0.0,0.91,0.0,No clear setup,,,,,,,,,,,Neutral / watch,1.07
NETWEB,Netweb Technologies India Ltd.,NETWEB.NS,Information Technology,True,,NIFTY 500,^CRSLDX,2026-09-18,4664.5,1.88,-7.21,-16.72,1136499.0,1594937.0,0.71,5301199585.5,40.31,49.15,False,False,False,True,True,-7.75,-3.32,4.8,False,False,False,False,-22.59,0.20422013,0.20582159,-0.78,-5.71,False,0.6666666666666666,0.0,0.71,5.07,Actionable watch,Breakout retest,"breakout, retest, pivot, volume",4493.5,2026-08-03,2.34,2.08,,,,Prior resistance has been cleared on higher volume and price is back near that pivot. This is the kind of retest zone where follow-through can matter more than chasing a stretched candle.,Setup watch: Breakout retest,1.06
PIIND,PI Industries Ltd.,PIIND.NS,Chemicals,True,,NIFTY 500,^CRSLDX,2026-09-18,2366.8,2.59,4.77,-5.21,558327.0,300608.0,1.86,1321448343.6,43.74,26.28,True,False,False,False,False,-0.78,-7.05,-3.41,False,False,False,False,4.84,0.10362272,0.10968867,-5.53,-3.26,False,0.0,0.0,1.86,0.0,No clear setup,,,,,,,,,,,Mean reversion bounce,1.05
KAYNES,Kaynes Technology India Ltd.,KAYNES.NS,Capital Goods,True,,NIFTY 500,^CRSLDX,2026-09-18,3515.0,-0.14,0.29,-9.64,1266788.0,1046937.0,1.21,4452759820.0,45.03,41.34,False,False,False,True,False,-3.53,-2.46,-4.1,False,False,False,False,-22.21,0.15389297,0.15425334,-0.23,-5.87,False,0.0,0.0,1.21,5.1,Actionable watch,Breakout retest,"breakout, retest, pivot, volume",3413.5,2026-07-29,5.92,1.8,,,,Prior resistance has been cleared on higher volume and price is back near that pivot. This is the kind of retest zone where follow-through can matter more than chasing a stretched candle.,Setup watch: Breakout retest,1.03
JKCEMENT,J.K. Cement Ltd.,JKCEMENT.NS,Construction Materials,True,,NIFTY 500,^CRSLDX,2026-09-18,5064.5,0.75,4.56,-3.53,60794.0,42647.0,1.43,307891213.0,49.23,26.44,True,True,False,False,False,0.7,-4.23,-1.14,False,False,False,False,7.66,0.22173284,0.22767181,-2.61,-1.72,False,0.0,0.0,1.43,-3.0,Risk review,Head-and-shoulders risk,"head-and-shoulders, risk, distribution",5093.0,,,0.56,,,5093.0,"A possible head-and-shoulders top is forming or breaking. This is a caution signal, not an entry setup.",Risk review,1.01
IREDA,Indian Renewable Energy Development Agency Ltd.,IREDA.NS,Financial Services,True,,NIFTY 500,^CRSLDX,2026-09-18,114.32,4.89,2.34,-0.59,5072770.0,4142598.0,1.22,579919066.4,50.59,36.31,True,True,False,False,False,0.56,-2.44,-2.1,False,False,False,False,8.54,0.00500513,0.00504521,-0.79,2.75,False,0.0,0.0,1.22,-3.0,Risk review,Head-and-shoulders risk,"head-and-shoulders, risk, distribution",115.58,,,1.09,,,115.58,"A possible head-and-shoulders top is forming or breaking. This is a caution signal, not an entry setup.",Risk review,1.0
HEG,H.E.G. Ltd.,HEG.NS,Capital Goods,True,,NIFTY 500,^CRSLDX,2026-09-18,237.05,4.98,-0.06,-10.77,930482.0,3167014.0,0.29,220570758.1,43.41,36.14,False,False,False,True,True,-7.3,-4.9,2.81,False,False,False,False,-25.3,0.01037847,0.01062226,-2.3,-8.29,False,0.6666666666666666,0.0,0.29,4.94,Actionable watch,Breakout retest,"breakout, retest, pivot, volume, inverse-head-and-shoulders, base, reversal",222.44,2026-07-16,2.09,1.71,,,,Prior resistance has been cleared on higher volume and price is back near that pivot. This is the kind of retest zone where follow-through can matter more than chasing a stretched candle. Secondary patterns: Possible inverse H&S.,Setup watch: Breakout retest,1.0
JUBLINGREA,Jubilant Ingrevia Ltd.,JUBLINGREA.NS,Chemicals,True,,NIFTY 500,^CRSLDX,2026-09-18,624.9,-1.32,-5.09,-13.01,923659.0,282106.0,3.27,577194509.1,25.61,33.07,False,False,False,False,False,-7.06,-12.11,-0.43,False,False,False,False,-3.94,0.02735924,0.03059043,-10.56,-9.68,False,0.3333333333333333,0.0,3.27,5.05,Actionable watch,Breakout retest,"breakout, retest, pivot, volume",595.15,2026-07-01,2.29,2.83,,,,Prior resistance has been cleared on higher volume and price is back near that pivot. This is the kind of retest zone where follow-through can matter more than chasing a stretched candle.,Setup watch: Breakout retest,1.0
HCLTECH,HCL Technologies Ltd.,HCLTECH.NS,Information Technology,True,,NIFTY 500,^CRSLDX,2026-09-18,1249.3,-0.72,3.58,-4.08,2886447.0,2355912.0,1.23,3606038237.1,44.16,32.83,True,False,False,True,False,-2.26,-3.24,-2.6,False,False,False,False,-9.41,0.05469658,0.05519664,-0.91,-3.45,False,0.0,0.0,1.23,2.2,Watch,Possible inverse H&S,"inverse-head-and-shoulders, base, reversal",1318.4,,,5.24,,,1318.4,A possible inverse head-and-shoulders base is visible. The setup improves only if price clears or holds near the neckline with better volume.,Mean reversion bounce,0.98
LEMONTREE,Lemon Tree Hotels Ltd.,LEMONTREE.NS,Consumer Services,True,,NIFTY 500,^CRSLDX,2026-09-18,106.47,2.32,1.61,-1.72,2070198.0,2713759.0,0.76,220413981.06,49.16,37.29,True,True,False,False,False,0.35,-2.27,-4.16,False,False,False,False,2.65,0.00466145,0.00469328,-0.68,0.86,False,0.0,0.0,0.76,-2.0,Risk review,Head-and-shoulders risk,"head-and-shoulders, risk, distribution",101.81,,,4.58,,,101.81,"A possible head-and-shoulders top is forming or breaking. This is a caution signal, not an entry setup.",Risk review,0.97
TRITURBINE,Triveni Turbine Ltd.,TRITURBINE.NS,Capital Goods,True,,NIFTY 500,^CRSLDX,2026-09-18,567.8,1.98,-0.32,-1.23,501922.0,563715.0,0.89,284991311.6,46.83,43.37,True,False,False,False,True,-0.26,-4.3,0.56,False,False,False,False,10.18,0.0248593,0.02551069,-2.55,2.06,False,0.6666666666666666,0.0,0.89,-3.0,Risk review,Head-and-shoulders risk,"head-and-shoulders, risk, distribution, inverse-head-and-shoulders, base, reversal",569.25,,,0.25,,,569.25,"A possible head-and-shoulders top is forming or breaking. This is a caution signal, not an entry setup. Secondary patterns: Possible inverse H&S.",Risk review,0.96
GODFRYPHLP,Godfrey Phillips India Ltd.,GODFRYPHLP.NS,Fast Moving Consumer Goods,True,,NIFTY 500,^CRSLDX,2026-09-18,2018.0,3.86,4.72,-4.68,404029.0,181046.0,2.23,815330522.0,46.92,28.36,True,False,False,False,False,-0.49,-4.1,-3.6,False,False,False,False,-3.55,0.08835164,0.09047043,-2.34,-2.43,False,0.0,0.0,2.23,-3.0,Risk review,Head-and-shoulders risk,"head-and-shoulders, risk, distribution",2032.1,,,0.69,,,2032.1,"A possible head-and-shoulders top is forming or breaking. This is a caution signal, not an entry setup.",Risk review,0.96
EICHERMOT,Eicher Motors Ltd.,EICHERMOT.NS,Automobile and Auto Components,True,,NIFTY 500,^CRSLDX,2026-09-18,7516.0,0.3,-0.19,-6.17,419526.0,433834.0,0.97,3153157416.0,35.75,33.16,False,False,False,False,True,-3.1,-3.57,0.89,False,False,False,False,-7.31,0.32906388,0.33376021,-1.41,-3.69,False,0.6666666666666666,0.0,0.97,0.0,No clear setup,,,,,,,,,,,Mean reversion bounce,0.96
HEROMOTOCO,Hero MotoCorp Ltd.,HEROMOTOCO.NS,Automobile and Auto Components,True,,NIFTY 500,^CRSLDX,2026-09-18,5285.5,-0.74,1.23,-7.84,688654.0,570143.0,1.21,3639880717.0,45.03,38.83,True,False,False,True,False,-1.69,-1.85,-1.3,False,False,False,False,-18.52,0.23140861,0.23024936,0.5,-5.21,True,0.3333333333333333,0.0,1.21,0.0,No clear setup,,,,,,,,,,,Neutral / watch,0.96
MGL,Mahanagar Gas Ltd.,MGL.NS,Oil Gas & Consumable Fuels,True,,NIFTY 500,^CRSLDX,2026-09-18,1081.7,0.98,-0.24,-2.92,196402.0,157857.0,1.24,212448043.4,46.46,45.75,False,False,False,False,False,-0.57,-1.85,-0.87,False,False,False,False,-5.0,0.04735875,0.0473077,0.11,-1.81,True,0.3333333333333333,0.0,1.24,-2.0,Risk review,Head-and-shoulders risk,"head-and-shoulders, risk, distribution",1044.2,,,3.59,,,1044.2,"A possible head-and-shoulders top is forming or breaking. This is a caution signal, not an entry setup.",Risk review,0.94
LT,Larsen & Toubro Ltd.,LT.NS,Construction,True,,NIFTY 500,^CRSLDX,2026-09-18,3885.0,1.27,-1.16,-5.08,1547690.0,1406253.0,1.1,6012775650.0,41.76,41.17,False,False,False,False,False,-2.05,-1.81,-0.15,False,False,False,False,-6.34,0.17009223,0.16958625,0.3,-1.57,True,0.0,0.0,1.1,0.0,No clear setup,,,,,,,,,,,Neutral / watch,0.89
CIEINDIA,CIE Automotive India Ltd.,CIEINDIA.NS,Automobile and Auto Components,True,,NIFTY 500,^CRSLDX,2026-09-18,387.15,0.38,1.98,-3.47,376545.0,242473.0,1.55,145779396.75,42.89,23.6,True,True,False,False,False,0.22,-5.66,-0.64,False,False,False,False,12.3,0.01695012,0.01773476,-4.42,-2.52,False,0.0,0.0,1.55,-3.0,Risk review,Head-and-shoulders risk,"head-and-shoulders, risk, distribution",414.77,,,6.66,,,414.77,"A possible head-and-shoulders top is forming or breaking. This is a caution signal, not an entry setup.",Risk review,0.85
VBL,Varun Beverages Ltd.,VBL.NS,Fast Moving Consumer Goods,True,,NIFTY 500,^CRSLDX,2026-09-18,421.95,1.56,1.31,-1.89,7581873.0,7892536.0,0.96,3199171312.35,50.52,44.53,True,True,False,False,False,1.97,-2.91,-1.15,False,False,False,False,6.77,0.01847372,0.0187393,-1.42,0.04,False,0.0,0.0,0.96,-2.0,Risk review,Head-and-shoulders risk,"head-and-shoulders, risk, distribution",402.0,,,4.96,,,402.0,"A possible head-and-shoulders top is forming or breaking. This is a caution signal, not an entry setup.",Risk review,0.81
NAUKRI,Info Edge (India) Ltd.,NAUKRI.NS,Consumer Services,True,,NIFTY 500,^CRSLDX,2026-09-18,1251.2,-1.09,0.03,-7.33,1486135.0,1177056.0,1.26,1859452112.0,41.54,40.24,False,False,False,True,True,-3.87,-1.91,-0.49,False,False,False,False,-21.76,0.05477977,0.05456902,0.39,-7.06,True,0.3333333333333333,0.0,1.26,0.0,No clear setup,,,,,,,,,,,Neutral / watch,0.8
CREDITACC,CreditAccess Grameen Ltd.,CREDITACC.NS,Financial Services,True,,NIFTY 500,^CRSLDX,2026-09-18,1387.6,1.23,-2.57,-7.25,149069.0,259546.0,0.57,206848144.4,40.34,44.69,False,False,False,False,True,-1.7,-6.54,0.63,False,False,False,False,-7.49,0.0607516,0.06382847,-4.82,-6.49,False,0.6666666666666666,0.0,0.57,3.4,Actionable watch,Possible inverse H&S,"inverse-head-and-shoulders, base, reversal",1349.25,,,2.84,,,1349.25,A possible inverse head-and-shoulders base is visible. The setup improves only if price clears or holds near the neckline with better volume.,Setup watch: Possible inverse H&S,0.79
DIXON,Dixon Technologies (India) Ltd.,DIXON.NS,Consumer Durables,True,,NIFTY 500,^CRSLDX,2026-09-18,13005.0,-2.14,-3.13,-12.42,371296.0,374587.0,0.99,4828704480.0,30.7,35.0,False,False,False,True,True,-7.56,-7.69,-0.22,False,False,False,False,-11.03,0.56938209,0.60392022,-5.72,-7.93,False,0.3333333333333333,0.0,0.99,3.4,Actionable watch,Possible inverse H&S,"inverse-head-and-shoulders, base, reversal",11799.5,,,10.22,,,11799.5,A possible inverse head-and-shoulders base is visible. The setup improves only if price clears or holds near the neckline with better volume.,Setup watch: Possible inverse H&S,0.79
RRKABEL,R R Kabel Ltd.,RRKABEL.NS,Capital Goods,True,,NIFTY 500,^CRSLDX,2026-09-18,2450.8,2.52,1.09,-16.05,373286.0,639010.0,0.58,914849328.8,40.99,35.79,True,False,False,True,True,-5.52,-5.89,6.8,False,False,False,False,-31.38,0.10730039,0.11122445,-3.53,-13.43,False,0.6666666666666666,0.0,0.58,3.4,Actionable watch,Possible inverse H&S,"inverse-head-and-shoulders, base, reversal",1549.1,,,58.21,,,1549.1,A possible inverse head-and-shoulders base is visible. The setup improves only if price clears or holds near the neckline with better volume.,Setup watch: Possible inverse H&S,0.79
TIMKEN,Timken India Ltd.,TIMKEN.NS,Capital Goods,True,,NIFTY 500,^CRSLDX,2026-09-18,3124.2,-1.91,-5.4,-0.32,132715.0,39529.0,3.36,414628203.0,44.59,60.4,False,False,False,False,False,-1.38,-1.78,0.21,False,False,False,False,-5.1,0.13678305,0.13629259,0.36,-1.02,True,0.3333333333333333,0.0,3.36,-3.0,Risk review,Head-and-shoulders risk,"head-and-shoulders, risk, distribution",3210.0,,,2.67,,,3210.0,"A possible head-and-shoulders top is forming or breaking. This is a caution signal, not an entry setup.",Risk review,0.75
WIPRO,Wipro Ltd.,WIPRO.NS,Information Technology,True,,NIFTY 500,^CRSLDX,2026-09-18,166.83,0.26,-0.34,-7.72,23606474.0,10358125.0,2.28,3938268057.42,35.26,32.66,False,False,False,False,False,-3.96,-6.35,-3.7,False,False,False,False,-6.73,0.00730411,0.00764175,-4.42,-4.86,False,0.0,0.0,2.28,0.0,No clear setup,,,,,,,,,,,Mean reversion bounce,0.73
FORTIS,Fortis Healthcare Ltd.,FORTIS.NS,Healthcare,True,,NIFTY 500,^CRSLDX,2026-09-18,886.0,-0.01,-0.2,-2.33,1928099.0,1003235.0,1.92,1708295714.0,40.84,37.88,False,False,False,False,False,-2.05,-4.24,0.01,False,False,False,False,4.59,0.03879066,0.03978283,-2.49,-0.45,False,0.6666666666666666,0.0,1.92,0.0,No clear setup,,,,,,,,,,,Weakening,0.71
J&KBANK,Jammu & Kashmir Bank Ltd.,J&KBANK.NS,Financial Services,True,,NIFTY 500,^CRSLDX,2026-09-18,146.58,-0.48,0.9,-1.63,3653479.0,2017969.0,1.81,535526951.82,42.98,38.9,True,False,False,False,True,-0.71,-7.07,3.32,False,False,False,False,18.78,0.00641753,0.00682175,-5.93,0.76,False,0.6666666666666666,0.0,1.81,-3.0,Risk review,Head-and-shoulders risk,"head-and-shoulders, risk, distribution",148.69,,,1.42,,,148.69,"A possible head-and-shoulders top is forming or breaking. This is a caution signal, not an entry setup.",Risk review,0.7
ULTRACEMCO,UltraTech Cement Ltd.,ULTRACEMCO.NS,Construction Materials,True,,NIFTY 500,^CRSLDX,2026-09-18,11014.0,2.32,0.13,-4.81,458848.0,270061.0,1.7,5053751872.0,42.07,34.01,True,False,False,False,False,-1.76,-4.91,-0.35,False,False,False,False,3.21,0.48221256,0.49761764,-3.1,-1.51,False,0.0,0.0,1.7,-2.0,Risk review,Head-and-shoulders risk,"head-and-shoulders, risk, distribution",10535.5,,,4.54,,,10535.5,"A possible head-and-shoulders top is forming or breaking. This is a caution signal, not an entry setup.",Risk review,0.7
SRF,SRF Ltd.,SRF.NS,Chemicals,True,,NIFTY 500,^CRSLDX,2026-09-18,2512.0,-0.95,1.19,-2.33,401209.0,258909.0,1.55,1007837008.0,42.73,31.61,True,False,False,False,False,-1.3,-4.23,-1.17,False,False,False,False,10.74,0.10997984,0.11292982,-2.61,-0.26,False,0.0,0.0,1.55,-3.0,Risk review,Head-and-shoulders risk,"head-and-shoulders, risk, distribution",2580.2,,,2.64,,,2580.2,"A possible head-and-shoulders top is forming or breaking. This is a caution signal, not an entry setup.",Risk review,0.6
AADHARHFC,Aadhar Housing Finance Ltd.,AADHARHFC.NS,Financial Services,True,,NIFTY 500,^CRSLDX,2026-09-18,461.65,-1.64,1.06,-0.19,2175228.0,344699.0,6.31,1004194006.2,42.69,34.08,False,False,False,False,False,-1.52,-5.42,-0.36,False,False,False,False,7.62,0.02021186,0.0210559,-4.01,-0.36,False,0.3333333333333333,0.0,6.31,-3.0,Risk review,Head-and-shoulders risk,"head-and-shoulders, risk, distribution",468.45,,,1.45,,,468.45,"A possible head-and-shoulders top is forming or breaking. This is a caution signal, not an entry setup.",Risk review,0.58
ADANIENSOL,Adani Energy Solutions Ltd.,ADANIENSOL.NS,Power,True,,NIFTY 500,^CRSLDX,2026-09-18,1436.1,3.55,4.6,-6.86,2145921.0,3916252.0,0.55,3081757148.1,46.64,32.87,True,False,False,False,True,-0.23,-8.15,3.67,False,False,False,False,7.01,0.06287502,0.06746514,-6.8,-4.56,False,0.6666666666666666,0.0,0.55,-3.0,Risk review,Head-and-shoulders risk,"head-and-shoulders, risk, distribution",1532.35,,,6.28,,,1532.35,"A possible head-and-shoulders top is forming or breaking. This is a caution signal, not an entry setup.",Risk review,0.54
360ONE,360 ONE WAM Ltd.,360ONE.NS,Financial Services,True,,NIFTY 500,^CRSLDX,2026-09-18,1073.1,1.11,-1.64,-10.5,519067.0,753484.0,0.69,557010797.7,36.66,34.24,False,False,False,False,False,-5.28,-5.92,-0.02,False,False,False,False,-13.76,0.04698223,0.04894219,-4.0,-6.93,False,0.3333333333333333,0.0,0.69,2.2,Watch,Possible inverse H&S,"inverse-head-and-shoulders, base, reversal",1137.45,,,5.66,,,1137.45,A possible inverse head-and-shoulders base is visible. The setup improves only if price clears or holds near the neckline with better volume.,Mean reversion bounce,0.47
INDUSTOWER,Indus Towers Ltd.,INDUSTOWER.NS,Telecommunication,True,,NIFTY 500,^CRSLDX,2026-09-18,375.9,-1.43,-3.12,0.04,4696284.0,5369444.0,0.87,1765333155.6,46.84,55.83,False,False,False,False,False,-0.78,-2.27,-0.61,False,False,False,False,10.01,0.01645757,0.01651741,-0.36,3.35,False,0.0,0.0,0.87,-3.0,Risk review,Head-and-shoulders risk,"head-and-shoulders, risk, distribution",414.5,,,9.31,,,414.5,"A possible head-and-shoulders top is forming or breaking. This is a caution signal, not an entry setup.",Risk review,0.42
VTL,Vardhman Textiles Ltd.,VTL.NS,Textiles,True,,NIFTY 500,^CRSLDX,2026-09-18,578.05,2.98,2.09,-4.12,361599.0,1579870.0,0.23,209022301.95,47.38,36.61,True,False,False,False,True,-0.88,-3.68,2.63,False,False,False,False,5.11,0.02530806,0.02585443,-2.11,-0.72,False,0.6666666666666666,0.0,0.23,-3.0,Risk review,Head-and-shoulders risk,"head-and-shoulders, risk, distribution",580.17,,,0.37,,,580.17,"A possible head-and-shoulders top is forming or breaking. This is a caution signal, not an entry setup.",Risk review,0.41
APOLLOTYRE,Apollo Tyres Ltd.,APOLLOTYRE.NS,Automobile and Auto Components,True,,NIFTY 500,^CRSLDX,2026-09-18,409.3,-0.69,-2.0,-6.91,2365364.0,905473.0,2.61,968143485.2,36.32,38.75,False,False,False,False,False,-4.2,-5.05,-2.06,False,False,False,False,-1.08,0.01791988,0.01851905,-3.24,-1.94,False,0.0,0.0,2.61,0.0,No clear setup,,,,,,,,,,,Weakening,0.41
SBFC,SBFC Finance Ltd.,SBFC.NS,Financial Services,True,,NIFTY 500,^CRSLDX,2026-09-18,92.36,-1.03,-5.94,-1.67,1954335.0,2735277.0,0.71,180502380.6,37.7,55.14,False,False,False,False,False,-5.05,-2.39,-1.02,False,False,False,False,2.51,0.00404369,0.00404757,-0.1,1.94,False,0.3333333333333333,0.0,0.71,0.0,No clear setup,,,,,,,,,,,Neutral / watch,0.39
SHRIRAMFIN,Shriram Finance Ltd.,SHRIRAMFIN.NS,Financial Services,True,,NIFTY 500,^CRSLDX,2026-09-18,1010.0,1.51,-1.81,-10.62,4870631.0,4187264.0,1.16,4919337310.0,39.7,37.88,False,False,False,False,True,-3.89,-5.34,2.16,False,False,False,False,-9.88,0.0442196,0.0457671,-3.38,-6.5,False,0.6666666666666666,0.0,1.16,2.2,Watch,Possible inverse H&S,"inverse-head-and-shoulders, base, reversal",1065.88,,,5.24,,,1065.88,A possible inverse head-and-shoulders base is visible. The setup improves only if price clears or holds near the neckline with better volume.,Setup watch: Possible inverse H&S,0.37
INDUSINDBK,IndusInd Bank Ltd.,INDUSINDBK.NS,Financial Services,True,,NIFTY 500,^CRSLDX,2026-09-18,966.3,0.85,-1.22,-3.91,6250679.0,1888865.0,3.31,6040031117.7,41.64,41.41,False,False,False,False,True,-2.45,-4.03,1.58,False,False,False,False,3.21,0.04230634,0.04322954,-2.14,-2.69,False,0.6666666666666666,0.0,3.31,-2.0,Risk review,Head-and-shoulders risk,"head-and-shoulders, risk, distribution, breakout, retest, pivot, volume, inverse-head-and-shoulders, base, reversal",927.12,,,4.23,,,927.12,"A possible head-and-shoulders top is forming or breaking. This is a caution signal, not an entry setup. Secondary patterns: Breakout retest, Possible inverse H&S.",Risk review,0.36
HDFCAMC,HDFC Asset Management Company Ltd.,HDFCAMC.NS,Financial Services,True,,NIFTY 500,^CRSLDX,2026-09-18,2425.0,1.56,0.88,-7.09,1040790.0,756898.0,1.38,2523915750.0,41.34,34.8,True,False,False,False,False,-2.89,-4.6,-0.58,False,False,False,False,-1.89,0.10617082,0.10951535,-3.05,-2.69,False,0.0,0.0,1.38,0.0,No clear setup,,,,,,,,,,,Mean reversion bounce,0.36
BHARATFORG,Bharat Forge Ltd.,BHARATFORG.NS,Automobile and Auto Components,True,,NIFTY 500,^CRSLDX,2026-09-18,1962.1,2.26,0.88,-4.89,1602315.0,914652.0,1.75,3143902261.5,44.86,37.27,True,False,False,False,True,-1.25,-5.71,3.22,False,False,False,False,3.41,0.08590424,0.08953066,-4.05,-2.9,False,0.6666666666666666,0.0,1.75,-2.0,Risk review,Head-and-shoulders risk,"head-and-shoulders, risk, distribution, breakout, retest, pivot, volume",1911.65,,,2.64,,,1911.65,"A possible head-and-shoulders top is forming or breaking. This is a caution signal, not an entry setup. Secondary patterns: Breakout retest.",Risk review,0.32
LICI,Life Insurance Corporation of India,LICI.NS,Financial Services,True,,NIFTY 500,^CRSLDX,2026-09-18,407.7,1.92,0.89,-3.45,6937082.0,7802318.0,0.89,2828248331.4,48.79,41.2,True,False,False,False,False,-0.63,-1.79,-0.79,False,False,False,False,4.47,0.01784983,0.01786649,-0.09,1.05,False,0.3333333333333333,0.0,0.89,-2.0,Risk review,Head-and-shoulders risk,"head-and-shoulders, risk, distribution",388.73,,,4.88,,,388.73,"A possible head-and-shoulders top is forming or breaking. This is a caution signal, not an entry setup.",Risk review,0.31
JIOFIN,Jio Financial Services Ltd.,JIOFIN.NS,Financial Services,True,,NIFTY 500,^CRSLDX,2026-09-18,229.89,0.26,-0.0,-5.78,11847025.0,11995684.0,0.99,2723512577.25,39.36,33.68,True,False,False,False,False,-2.01,-4.98,-2.65,False,False,False,False,-5.68,0.01006499,0.01038214,-3.05,-3.19,False,0.0,0.0,0.99,0.0,No clear setup,,,,,,,,,,,Mean reversion bounce,0.26
BAJAJFINSV,Bajaj Finserv Ltd.,BAJAJFINSV.NS,Financial Services,True,,NIFTY 500,^CRSLDX,2026-09-18,1852.5,-0.36,-3.19,-8.86,719520.0,592194.0,1.22,1332910800.0,32.34,37.39,False,False,False,False,False,-4.88,-5.43,-0.63,False,False,False,False,-11.85,0.08110575,0.08396363,-3.4,-5.73,False,0.3333333333333333,0.0,1.22,4.67,Actionable watch,Breakout retest,"breakout, retest, pivot, volume, inverse-head-and-shoulders, base, reversal",1821.82,2026-07-02,1.53,1.68,,,,Prior resistance has been cleared on higher volume and price is back near that pivot. This is the kind of retest zone where follow-through can matter more than chasing a stretched candle. Secondary patterns: Possible inverse H&S.,Setup watch: Breakout retest,0.25
HINDUNILVR,Hindustan Unilever Ltd.,HINDUNILVR.NS,Fast Moving Consumer Goods,True,,NIFTY 500,^CRSLDX,2026-09-18,1932.0,-0.53,0.26,-4.12,1994635.0,1272814.0,1.57,3853634820.0,36.86,32.17,False,False,False,False,False,-1.99,-5.59,-1.91,False,False,False,False,5.08,0.0845864,0.08806631,-3.95,-2.11,False,0.0,0.0,1.57,-3.0,Risk review,Head-and-shoulders risk,"head-and-shoulders, risk, distribution",2044.1,,,5.48,,,2044.1,"A possible head-and-shoulders top is forming or breaking. This is a caution signal, not an entry setup.",Risk review,0.23
MPHASIS,MphasiS Ltd.,MPHASIS.NS,Information Technology,True,,NIFTY 500,^CRSLDX,2026-09-18,2300.4,-0.84,0.24,-5.33,650262.0,429215.0,1.52,1495862704.8,40.6,36.44,False,False,False,False,False,-3.47,-4.11,-1.77,False,False,False,False,-8.38,0.10071561,0.10271461,-1.95,-2.85,False,0.0,0.0,1.52,0.0,No clear setup,,,,,,,,,,,Weakening,0.23
INFY,Infosys Ltd.,INFY.NS,Information Technology,True,,NIFTY 500,^CRSLDX,2026-09-18,1051.4,-0.68,1.32,-6.21,22124953.0,8978343.0,2.46,23262175584.2,39.22,32.61,False,False,False,False,False,-3.99,-5.55,-3.55,False,False,False,False,-9.2,0.04603217,0.04769625,-3.49,-3.87,False,0.0,0.0,2.46,-2.0,Risk review,Head-and-shoulders risk,"head-and-shoulders, risk, distribution",1035.7,,,1.52,,,1035.7,"A possible head-and-shoulders top is forming or breaking. This is a caution signal, not an entry setup.",Risk review,0.23
GODIGIT,Go Digit General Insurance Ltd.,GODIGIT.NS,Financial Services,True,,NIFTY 500,^CRSLDX,2026-09-18,239.0,-6.46,-6.71,-9.09,3424067.0,345631.0,9.91,818352013.0,32.89,44.75,False,False,False,False,False,-6.64,-9.42,-2.97,False,False,False,False,8.94,0.01046385,0.01139916,-8.21,-2.91,False,0.0,0.0,9.91,0.0,No clear setup,,,,,,,,,,,Weakening,0.22
MARICO,Marico Ltd.,MARICO.NS,Fast Moving Consumer Goods,True,,NIFTY 500,^CRSLDX,2026-09-18,803.9,-1.6,0.22,-5.34,2848872.0,1914567.0,1.49,2290208200.8,41.42,36.16,False,False,False,False,True,-1.92,-4.65,1.12,False,False,False,False,-0.68,0.03519618,0.03623362,-2.86,-3.16,False,0.6666666666666666,0.0,1.49,0.0,No clear setup,,,,,,,,,,,Weakening,0.17
BIKAJI,Bikaji Foods International Ltd.,BIKAJI.NS,Fast Moving Consumer Goods,True,,NIFTY 500,^CRSLDX,2026-09-18,580.25,4.99,5.84,-4.21,153843.0,202026.0,0.76,89267400.75,47.56,21.8,True,False,False,False,False,-0.34,-5.03,-1.99,False,False,False,False,2.78,0.02540438,0.02634593,-3.57,-2.47,False,0.0,0.0,0.76,-3.0,Risk review,Head-and-shoulders risk,"head-and-shoulders, risk, distribution",612.55,,,5.27,,,612.55,"A possible head-and-shoulders top is forming or breaking. This is a caution signal, not an entry setup.",Risk review,0.16
CANFINHOME,Can Fin Homes Ltd.,CANFINHOME.NS,Financial Services,True,,NIFTY 500,^CRSLDX,2026-09-18,778.5,0.53,-0.16,-6.26,539763.0,273746.0,1.97,420205495.5,37.84,34.53,False,False,False,False,False,-1.92,-4.91,-1.18,False,False,False,False,-1.22,0.03408412,0.03532053,-3.5,-2.51,False,0.0,0.0,1.97,-3.0,Risk review,Head-and-shoulders risk,"head-and-shoulders, risk, distribution",789.8,,,1.43,,,789.8,"A possible head-and-shoulders top is forming or breaking. This is a caution signal, not an entry setup.",Risk review,0.15
AMBER,Amber Enterprises India Ltd.,AMBER.NS,Consumer Durables,True,,NIFTY 500,^CRSLDX,2026-09-18,7125.0,1.12,-1.66,-3.06,75972.0,175353.0,0.43,541300500.0,42.51,42.74,False,False,False,False,False,-3.0,-3.65,0.5,False,False,False,False,4.69,0.3119452,0.31791082,-1.88,0.62,False,0.6666666666666666,0.0,0.43,0.0,No clear setup,,,,,,,,,,,Neutral / watch,0.12
STARHEALTH,Star Health and Allied Insurance Company Ltd.,STARHEALTH.NS,Financial Services,True,,NIFTY 500,^CRSLDX,2026-09-18,547.05,-2.41,-2.78,-5.44,2515581.0,480823.0,5.23,1376148586.05,39.69,42.42,False,False,False,False,True,-3.29,-5.4,1.61,False,False,False,False,-3.35,0.02395082,0.02487166,-3.7,-3.89,False,0.6666666666666666,0.0,5.23,-2.0,Risk review,Head-and-shoulders risk,"head-and-shoulders, risk, distribution",522.62,,,4.67,,,522.62,"A possible head-and-shoulders top is forming or breaking. This is a caution signal, not an entry setup.",Risk review,0.12
ITC,ITC Ltd.,ITC.NS,Fast Moving Consumer Goods,True,,NIFTY 500,^CRSLDX,2026-09-18,262.3,-1.47,0.94,-2.64,14399150.0,13475193.0,1.07,3776897045.0,43.41,36.04,True,False,False,False,False,-0.63,-4.16,-4.37,False,False,False,False,6.45,0.01148396,0.01176748,-2.41,0.57,False,0.0,0.0,1.07,0.0,No clear setup,,,,,,,,,,,Neutral / watch,0.11
MUTHOOTFIN,Muthoot Finance Ltd.,MUTHOOTFIN.NS,Financial Services,True,,NIFTY 500,^CRSLDX,2026-09-18,2841.1,2.56,1.75,-5.99,654610.0,841421.0,0.78,1859812471.0,45.36,37.2,True,False,False,False,False,-3.0,-3.64,-2.36,False,False,False,False,8.54,0.12438842,0.12693592,-2.01,1.75,False,0.0,0.0,0.78,-3.0,Risk review,Head-and-shoulders risk,"head-and-shoulders, risk, distribution",3139.05,,,9.49,,,3139.05,"A possible head-and-shoulders top is forming or breaking. This is a caution signal, not an entry setup.",Risk review,0.1
BIOCON,Biocon Ltd.,BIOCON.NS,Healthcare,True,,NIFTY 500,^CRSLDX,2026-09-18,385.0,1.32,-1.45,-7.35,7901211.0,3277720.0,2.41,3041966235.0,36.41,31.83,False,False,False,False,False,-3.27,-7.36,0.04,False,False,False,False,2.23,0.01685599,0.01785022,-5.57,-4.49,False,0.6666666666666666,0.0,2.41,-2.0,Risk review,Head-and-shoulders risk,"head-and-shoulders, risk, distribution, breakout, retest, pivot, volume",372.35,,,3.4,,,372.35,"A possible head-and-shoulders top is forming or breaking. This is a caution signal, not an entry setup. Secondary patterns: Breakout retest.",Risk review,0.1
MRF,MRF Ltd.,MRF.NS,Automobile and Auto Components,True,,NIFTY 500,^CRSLDX,2026-09-18,125670.0,0.87,-2.04,-5.27,8232.0,4203.0,1.96,1034515440.0,33.41,37.06,False,False,False,False,False,-3.17,-4.47,-1.73,False,False,False,False,-3.19,5.50205665,5.6494267,-2.61,-3.71,False,0.0,0.0,1.96,0.0,No clear setup,,,,,,,,,,,Weakening,0.06
DMART,Avenue Supermarts Ltd.,DMART.NS,Consumer Services,True,,NIFTY 500,^CRSLDX,2026-09-18,3749.9,1.04,1.68,-4.0,881497.0,500206.0,1.76,3305525600.3,42.71,31.95,True,False,False,False,False,-0.69,-3.69,-0.45,False,False,False,False,-1.26,0.16417731,0.16753174,-2.0,-3.17,False,0.0,0.0,1.76,-3.0,Risk review,Head-and-shoulders risk,"head-and-shoulders, risk, distribution",3809.4,,,1.56,,,3809.4,"A possible head-and-shoulders top is forming or breaking. This is a caution signal, not an entry setup.",Risk review,0.02
TMPV,Tata Motors Passenger Vehicles Ltd.,TMPV.NS,Automobile and Auto Components,True,,NIFTY 500,^CRSLDX,2026-09-18,303.8,-3.4,0.9,-4.44,18037112.0,8924434.0,2.02,5479674625.6,40.54,28.84,False,False,False,False,False,-1.59,-6.39,-1.37,False,False,False,False,-0.22,0.01330091,0.01395992,-4.72,-3.19,False,0.0,0.0,2.02,-3.0,Risk review,Head-and-shoulders risk,"head-and-shoulders, risk, distribution",306.27,,,0.81,,,306.27,"A possible head-and-shoulders top is forming or breaking. This is a caution signal, not an entry setup.",Risk review,0.01
AARTIIND,Aarti Industries Ltd.,AARTIIND.NS,Chemicals,True,,NIFTY 500,^CRSLDX,2026-09-18,491.15,3.05,-0.31,-6.84,541708.0,718396.0,0.75,266059884.2,45.79,41.91,True,False,False,True,True,-3.15,-2.44,3.04,False,False,False,False,-9.76,0.02150342,0.02156333,-0.28,-4.59,False,0.6666666666666666,0.0,0.75,-2.0,Risk review,Head-and-shoulders risk,"head-and-shoulders, risk, distribution",474.27,,,3.56,,,474.27,"A possible head-and-shoulders top is forming or breaking. This is a caution signal, not an entry setup.",Risk review,-0.02
ANURAS,Anupam Rasayan India Ltd.,ANURAS.NS,Chemicals,True,,NIFTY 500,^CRSLDX,2026-09-18,1207.7,2.23,-0.96,-2.89,465185.0,273378.0,1.7,561803924.5,43.57,37.85,False,False,False,False,False,-2.03,-1.93,0.08,False,False,False,False,3.98,0.05287526,0.05290523,-0.06,0.91,False,0.3333333333333333,0.0,1.7,-3.0,Risk review,Head-and-shoulders risk,"head-and-shoulders, risk, distribution",1229.4,,,1.77,,,1229.4,"A possible head-and-shoulders top is forming or breaking. This is a caution signal, not an entry setup.",Risk review,-0.07
CHOLAHLDNG,Cholamandalam Financial Holdings Ltd.,CHOLAHLDNG.NS,Financial Services,True,,NIFTY 500,^CRSLDX,2026-09-18,1507.7,0.57,-1.37,-3.46,395533.0,129517.0,3.05,596345104.1,42.98,47.29,False,False,False,False,False,-0.64,-2.57,-2.24,False,False,False,False,-1.8,0.06600979,0.06654481,-0.8,-0.87,False,0.0,0.0,3.05,-2.0,Risk review,Head-and-shoulders risk,"head-and-shoulders, risk, distribution",1459.0,,,3.34,,,1459.0,"A possible head-and-shoulders top is forming or breaking. This is a caution signal, not an entry setup.",Risk review,-0.07
JKTYRE,JK Tyre & Industries Ltd.,JKTYRE.NS,Automobile and Auto Components,True,,NIFTY 500,^CRSLDX,2026-09-18,349.35,0.23,-1.3,-6.77,621396.0,383820.0,1.62,217084692.6,31.33,28.1,False,False,False,False,False,-4.37,-8.95,-1.99,False,False,False,False,0.58,0.01529517,0.01653895,-7.52,-4.58,False,0.0,0.0,1.62,0.0,No clear setup,,,,,,,,,,,Weakening,-0.12
ELECON,Elecon Engineering Co. Ltd.,ELECON.NS,Capital Goods,True,,NIFTY 500,^CRSLDX,2026-09-18,421.2,1.59,-0.21,-6.72,301790.0,628370.0,0.48,127113948.0,46.43,43.84,True,False,False,False,False,-0.16,-2.96,-1.66,False,False,False,False,3.46,0.01844089,0.01876166,-1.71,0.56,False,0.0,0.0,0.48,-3.0,Risk review,Head-and-shoulders risk,"head-and-shoulders, risk, distribution, inverse-head-and-shoulders, base, reversal",441.25,,,4.54,,,441.25,"A possible head-and-shoulders top is forming or breaking. This is a caution signal, not an entry setup. Secondary patterns: Possible inverse H&S.",Risk review,-0.14
FORCEMOT,Force Motors Ltd.,FORCEMOT.NS,Automobile and Auto Components,True,,NIFTY 500,^CRSLDX,2026-09-18,17488.0,-0.92,-1.23,-1.59,63130.0,72292.0,0.87,1104017440.0,46.52,48.5,False,False,False,False,False,-0.42,-2.09,0.12,False,False,False,False,-0.96,0.76565582,0.76661579,-0.13,0.39,False,0.3333333333333333,0.0,0.87,-3.0,Risk review,Head-and-shoulders risk,"head-and-shoulders, risk, distribution",18995.0,,,7.93,,,18995.0,"A possible head-and-shoulders top is forming or breaking. This is a caution signal, not an entry setup.",Risk review,-0.17
LUPIN,Lupin Ltd.,LUPIN.NS,Healthcare,True,,NIFTY 500,^CRSLDX,2026-09-18,2083.0,-0.72,-0.57,-5.4,1194290.0,751600.0,1.59,2487706070.0,35.38,28.11,False,False,False,False,False,-1.94,-8.27,0.27,False,False,False,False,4.37,0.09119745,0.0980311,-6.97,-4.15,False,0.6666666666666666,0.0,1.59,-3.0,Risk review,Head-and-shoulders risk,"head-and-shoulders, risk, distribution",2159.05,,,3.52,,,2159.05,"A possible head-and-shoulders top is forming or breaking. This is a caution signal, not an entry setup.",Risk review,-0.18
ASTRAL,Astral Ltd.,ASTRAL.NS,Capital Goods,True,,NIFTY 500,^CRSLDX,2026-09-18,1427.7,2.06,1.15,-6.59,1389183.0,1234938.0,1.12,1983336569.1,42.46,32.67,False,False,False,False,False,-3.24,-2.36,0.22,False,False,False,False,-12.24,0.06250725,0.06254131,-0.05,-5.38,False,0.3333333333333333,0.0,1.12,0.0,No clear setup,,,,,,,,,,,Mean reversion bounce,-0.18
RAILTEL,Railtel Corporation Of India Ltd.,RAILTEL.NS,Telecommunication,True,,NIFTY 500,^CRSLDX,2026-09-18,265.0,2.22,1.96,-7.75,631938.0,514112.0,1.23,167463570.0,42.63,25.92,True,False,False,False,False,-1.5,-5.95,-2.18,False,False,False,False,-3.61,0.01160217,0.01215784,-4.57,-5.54,False,0.0,0.0,1.23,0.0,No clear setup,,,,,,,,,,,Mean reversion bounce,-0.21
MANKIND,Mankind Pharma Ltd.,MANKIND.NS,Healthcare,True,,NIFTY 500,^CRSLDX,2026-09-18,2300.7,0.03,0.91,-3.49,484552.0,335994.0,1.44,1114808786.4,43.5,37.54,True,False,False,False,True,-1.29,-4.99,0.5,False,False,False,False,5.29,0.10072875,0.10419941,-3.33,-1.6,False,0.6666666666666666,0.0,1.44,-2.0,Risk review,Head-and-shoulders risk,"head-and-shoulders, risk, distribution, inverse-head-and-shoulders, base, reversal",2246.3,,,2.42,,,2246.3,"A possible head-and-shoulders top is forming or breaking. This is a caution signal, not an entry setup. Secondary patterns: Possible inverse H&S.",Risk review,-0.22
TATACONSUM,Tata Consumer Products Ltd.,TATACONSUM.NS,Fast Moving Consumer Goods,True,,NIFTY 500,^CRSLDX,2026-09-18,996.0,-1.75,0.5,-5.05,2076522.0,1180612.0,1.76,2068215912.0,37.52,29.2,False,False,False,False,False,-2.21,-5.95,-1.27,False,False,False,False,-1.05,0.04360666,0.04558913,-4.35,-4.51,False,0.0,0.0,1.76,-3.0,Risk review,Head-and-shoulders risk,"head-and-shoulders, risk, distribution",1090.85,,,8.7,,,1090.85,"A possible head-and-shoulders top is forming or breaking. This is a caution signal, not an entry setup.",Risk review,-0.25
OLAELEC,Ola Electric Mobility Ltd.,OLAELEC.NS,Automobile and Auto Components,True,,NIFTY 500,^CRSLDX,2026-09-18,36.39,-1.09,-5.58,-3.55,48738061.0,60053511.0,0.81,1773578039.79,40.39,49.58,False,False,False,False,True,-4.49,-5.7,-0.28,False,False,False,False,-0.67,0.00159322,0.00165733,-3.87,-0.06,False,0.3333333333333333,0.0,0.81,-3.0,Risk review,Head-and-shoulders risk,"head-and-shoulders, risk, distribution, inverse-head-and-shoulders, base, reversal",36.7,,,0.84,,,36.7,"A possible head-and-shoulders top is forming or breaking. This is a caution signal, not an entry setup. Secondary patterns: Possible inverse H&S.",Risk review,-0.26
M&MFIN,Mahindra & Mahindra Financial Services Ltd.,M&MFIN.NS,Financial Services,True,,NIFTY 500,^CRSLDX,2026-09-18,353.3,2.2,-0.8,-7.42,3129493.0,1910131.0,1.64,1105649876.9,41.04,37.67,False,False,False,True,True,-3.6,-4.86,0.48,False,False,False,False,-9.12,0.0154681,0.0158897,-2.65,-7.15,False,0.6666666666666666,0.0,1.64,-2.0,Risk review,Head-and-shoulders risk,"head-and-shoulders, risk, distribution, inverse-head-and-shoulders, base, reversal",338.95,,,4.23,,,338.95,"A possible head-and-shoulders top is forming or breaking. This is a caution signal, not an entry setup. Secondary patterns: Possible inverse H&S.",Risk review,-0.3
SONATSOFTW,Sonata Software Ltd.,SONATSOFTW.NS,Information Technology,True,,NIFTY 500,^CRSLDX,2026-09-18,274.0,-2.72,3.07,-9.87,672020.0,1384034.0,0.49,184133480.0,42.07,33.91,True,False,False,False,False,-3.35,-9.24,-2.54,False,False,False,False,-11.91,0.01199621,0.01294233,-7.31,-8.85,False,0.3333333333333333,0.0,0.49,0.0,No clear setup,,,,,,,,,,,Mean reversion bounce,-0.3
HAVELLS,Havells India Ltd.,HAVELLS.NS,Consumer Durables,True,,NIFTY 500,^CRSLDX,2026-09-18,1132.4,3.7,1.93,-10.69,745375.0,895539.0,0.83,844062650.0,38.46,22.23,True,False,False,False,False,-3.31,-7.0,-2.0,False,False,False,False,-15.43,0.04957849,0.05231396,-5.23,-9.91,False,0.0,0.0,0.83,0.0,No clear setup,,,,,,,,,,,Mean reversion bounce,-0.3
TORNTPOWER,Torrent Power Ltd.,TORNTPOWER.NS,Power,True,,NIFTY 500,^CRSLDX,2026-09-18,1258.8,-1.38,-2.99,0.89,462594.0,478982.0,0.97,582313327.2,40.96,51.33,False,False,False,False,False,-0.66,-5.32,-0.21,False,False,False,False,17.74,0.05511251,0.05719215,-3.64,3.63,False,0.0,0.0,0.97,-3.0,Risk review,Head-and-shoulders risk,"head-and-shoulders, risk, distribution",1335.05,,,5.71,,,1335.05,"A possible head-and-shoulders top is forming or breaking. This is a caution signal, not an entry setup.",Risk review,-0.32
BEL,Bharat Electronics Ltd.,BEL.NS,Capital Goods,True,,NIFTY 500,^CRSLDX,2026-09-18,393.3,-0.54,-2.73,-5.0,11862641.0,10049348.0,1.18,4665576705.3,41.77,46.4,False,False,False,False,False,-2.76,-2.64,-0.07,False,False,False,False,-1.15,0.01721938,0.01734178,-0.71,-1.59,False,0.0,0.0,1.18,0.0,No clear setup,,,,,,,,,,,Weakening,-0.32
HUDCO,Housing & Urban Development Corporation Ltd.,HUDCO.NS,Financial Services,True,,NIFTY 500,^CRSLDX,2026-09-18,174.92,3.17,1.25,-6.0,3438429.0,1686048.0,2.04,601450000.68,38.51,23.74,True,False,False,False,False,-1.8,-7.81,-2.49,False,False,False,False,1.12,0.00765831,0.00818944,-6.49,-4.9,False,0.0,0.0,2.04,-3.0,Risk review,Head-and-shoulders risk,"head-and-shoulders, risk, distribution",178.06,,,1.76,,,178.06,"A possible head-and-shoulders top is forming or breaking. This is a caution signal, not an entry setup.",Risk review,-0.33
DOMS,DOMS Industries Ltd.,DOMS.NS,Fast Moving Consumer Goods,True,,NIFTY 500,^CRSLDX,2026-09-18,2105.3,-0.77,-0.74,-4.58,20153.0,41126.0,0.49,42428110.9,32.56,27.44,False,False,False,False,False,-3.29,-5.27,-1.58,False,False,False,False,2.54,0.09217379,0.09563667,-3.62,-1.71,False,0.0,0.0,0.49,0.0,No clear setup,,,,,,,,,,,Weakening,-0.34
SHREECEM,Shree Cement Ltd.,SHREECEM.NS,Construction Materials,True,,NIFTY 500,^CRSLDX,2026-09-18,22600.0,2.91,0.13,-6.92,62133.0,25267.0,2.46,1404205800.0,37.78,28.49,True,False,False,False,False,-2.92,-9.5,-1.21,False,False,False,False,4.92,0.98946829,1.07724537,-8.15,-4.93,False,0.0,0.0,2.46,-3.0,Risk review,Head-and-shoulders risk,"head-and-shoulders, risk, distribution",23277.5,,,2.91,,,23277.5,"A possible head-and-shoulders top is forming or breaking. This is a caution signal, not an entry setup.",Risk review,-0.34
TCS,Tata Consultancy Services Ltd.,TCS.NS,Information Technology,True,,NIFTY 500,^CRSLDX,2026-09-18,2105.0,-3.88,-4.35,-8.56,6875428.0,2924920.0,2.35,14472775940.0,32.21,38.12,False,False,False,False,False,-6.97,-8.5,-3.44,False,False,False,False,-8.43,0.09216065,0.09827973,-6.23,-5.84,False,0.0,0.0,2.35,0.0,No clear setup,,,,,,,,,,,Weakening,-0.37
MARUTI,Maruti Suzuki India Ltd.,MARUTI.NS,Automobile and Auto Components,True,,NIFTY 500,^CRSLDX,2026-09-18,12103.0,-1.9,-2.4,-10.78,659773.0,407890.0,1.62,7985232619.0,24.72,23.42,False,False,False,False,False,-5.73,-9.86,-2.23,False,False,False,False,-9.51,0.52989092,0.57780783,-8.29,-9.48,False,0.0,0.0,1.62,0.0,No clear setup,,,,,,,,,,,Weakening,-0.4
SJVN,SJVN Ltd.,SJVN.NS,Power,True,,NIFTY 500,^CRSLDX,2026-09-18,63.95,-1.24,-3.37,-3.19,4062726.0,1980836.0,2.05,259811327.7,36.53,47.85,False,False,False,False,False,-2.11,-4.6,-1.64,False,False,False,False,3.96,0.00279985,0.00288157,-2.84,-0.85,False,0.0,0.0,2.05,-3.0,Risk review,Head-and-shoulders risk,"head-and-shoulders, risk, distribution",66.76,,,4.21,,,66.76,"A possible head-and-shoulders top is forming or breaking. This is a caution signal, not an entry setup.",Risk review,-0.42
UBL,United Breweries Ltd.,UBL.NS,Fast Moving Consumer Goods,True,,NIFTY 500,^CRSLDX,2026-09-18,1251.5,2.85,-0.37,-7.22,276273.0,166739.0,1.66,345755659.5,37.18,28.95,False,False,False,False,False,-2.64,-7.14,-2.78,False,False,False,False,0.88,0.0547929,0.05787975,-5.33,-5.42,False,0.0,0.0,1.66,-3.0,Risk review,Head-and-shoulders risk,"head-and-shoulders, risk, distribution",1546.85,,,19.09,,,1546.85,"A possible head-and-shoulders top is forming or breaking. This is a caution signal, not an entry setup.",Risk review,-0.43
ICICIBANK,ICICI Bank Ltd.,ICICIBANK.NS,Financial Services,True,,NIFTY 500,^CRSLDX,2026-09-18,1338.9,-0.65,-2.93,-5.71,7509409.0,9176926.0,0.82,10054347710.1,29.93,37.13,False,False,False,False,False,-4.57,-5.7,0.19,False,False,False,False,1.47,0.05861943,0.06089174,-3.73,-2.22,False,0.6666666666666666,0.0,0.82,0.0,No clear setup,,,,,,,,,,,Weakening,-0.44
TRAVELFOOD,Travel Food Services Ltd.,TRAVELFOOD.NS,Consumer Services,True,,NIFTY 500,^CRSLDX,2026-09-18,1256.1,1.96,0.2,-3.91,42342.0,61048.0,0.69,53185786.2,43.53,37.82,False,False,False,False,True,-1.65,-3.95,-0.35,False,False,False,False,-4.48,0.0549943,0.05615924,-2.07,-2.69,False,0.3333333333333333,0.0,0.69,-2.0,Risk review,Head-and-shoulders risk,"head-and-shoulders, risk, distribution",1209.55,,,3.85,,,1209.55,"A possible head-and-shoulders top is forming or breaking. This is a caution signal, not an entry setup.",Risk review,-0.44
LTTS,L&T Technology Services Ltd.,LTTS.NS,Information Technology,True,,NIFTY 500,^CRSLDX,2026-09-18,3347.5,0.7,0.3,-7.13,103280.0,81581.0,1.27,345729800.0,39.45,34.65,False,False,False,False,False,-3.05,-3.85,-2.66,False,False,False,False,-8.34,0.14655952,0.14905577,-1.67,-3.2,False,0.0,0.0,1.27,-2.0,Risk review,Head-and-shoulders risk,"head-and-shoulders, risk, distribution",3208.5,,,4.33,,,3208.5,"A possible head-and-shoulders top is forming or breaking. This is a caution signal, not an entry setup.",Risk review,-0.44
POLYCAB,Polycab India Ltd.,POLYCAB.NS,Capital Goods,True,,NIFTY 500,^CRSLDX,2026-09-18,8400.0,2.33,1.93,-6.31,417221.0,416511.0,1.0,3504656400.0,41.77,31.84,True,False,False,False,True,-2.51,-5.91,1.47,False,False,False,False,-5.41,0.36776698,0.38414291,-4.26,-5.9,False,0.6666666666666666,0.0,1.0,-3.0,Risk review,Head-and-shoulders risk,"head-and-shoulders, risk, distribution",8449.0,,,0.58,,,8449.0,"A possible head-and-shoulders top is forming or breaking. This is a caution signal, not an entry setup.",Risk review,-0.53
MSUMI,Motherson Sumi Wiring India Ltd.,MSUMI.NS,Automobile and Auto Components,True,,NIFTY 500,^CRSLDX,2026-09-18,35.67,-1.11,-1.74,-7.01,31085866.0,11156466.0,2.79,1108832840.22,36.26,34.35,False,False,False,False,False,-2.73,-8.31,-2.37,False,False,False,False,-3.65,0.0015617,0.00167456,-6.74,-6.97,False,0.0,0.0,2.79,-3.0,Risk review,Head-and-shoulders risk,"head-and-shoulders, risk, distribution",37.5,,,4.87,,,37.5,"A possible head-and-shoulders top is forming or breaking. This is a caution signal, not an entry setup.",Risk review,-0.55
AIAENG,AIA Engineering Ltd.,AIAENG.NS,Capital Goods,True,,NIFTY 500,^CRSLDX,2026-09-18,3973.3,-0.25,-3.01,-8.64,75514.0,47796.0,1.58,300039776.2,35.64,31.87,False,False,False,False,False,-4.3,-10.27,0.92,False,False,False,False,-1.02,0.17395816,0.19091328,-8.88,-7.22,False,0.6666666666666666,0.0,1.58,-3.0,Risk review,Head-and-shoulders risk,"head-and-shoulders, risk, distribution, inverse-head-and-shoulders, base, reversal",4080.0,,,2.62,,,4080.0,"A possible head-and-shoulders top is forming or breaking. This is a caution signal, not an entry setup. Secondary patterns: Possible inverse H&S.",Risk review,-0.55
TIINDIA,Tube Investments of India Ltd.,TIINDIA.NS,Automobile and Auto Components,True,,NIFTY 500,^CRSLDX,2026-09-18,2600.0,0.05,-0.23,-9.9,293372.0,194266.0,1.51,762767200.0,37.71,32.8,False,False,False,False,False,-4.04,-6.63,-0.36,False,False,False,False,-11.02,0.11383264,0.1199648,-5.11,-10.09,False,0.3333333333333333,0.0,1.51,-3.0,Risk review,Head-and-shoulders risk,"head-and-shoulders, risk, distribution",2647.2,,,1.78,,,2647.2,"A possible head-and-shoulders top is forming or breaking. This is a caution signal, not an entry setup.",Risk review,-0.55
RHIM,RHI MAGNESITA INDIA LTD.,RHIM.NS,Capital Goods,True,,NIFTY 500,^CRSLDX,2026-09-18,368.7,0.75,-1.89,-1.75,154535.0,198315.0,0.78,56977054.5,43.26,46.48,False,False,False,False,False,-0.61,-4.8,-2.17,False,False,False,False,7.58,0.01614234,0.01667017,-3.17,0.7,False,0.0,0.0,0.78,-2.0,Risk review,Head-and-shoulders risk,"head-and-shoulders, risk, distribution",366.08,,,0.72,,,366.08,"A possible head-and-shoulders top is forming or breaking. This is a caution signal, not an entry setup.",Risk review,-0.56
ASHOKLEY,Ashok Leyland Ltd.,ASHOKLEY.NS,Capital Goods,True,,NIFTY 500,^CRSLDX,2026-09-18,163.0,2.76,-0.46,-5.78,17546400.0,13305602.0,1.32,2860063200.0,43.7,38.12,False,False,False,True,False,-3.18,-2.17,0.8,False,False,False,False,-15.93,0.00713643,0.00713178,0.07,-3.59,True,0.3333333333333333,0.0,1.32,-3.0,Risk review,Head-and-shoulders risk,"head-and-shoulders, risk, distribution, breakout, retest, pivot, volume, inverse-head-and-shoulders, base, reversal",164.32,,,0.81,,,164.32,"A possible head-and-shoulders top is forming or breaking. This is a caution signal, not an entry setup. Secondary patterns: Breakout retest, Possible inverse H&S.",Risk review,-0.57
GMDCLTD,Gujarat Mineral Development Corporation Ltd.,GMDCLTD.NS,Metals & Mining,True,,NIFTY 500,^CRSLDX,2026-09-18,556.45,1.33,-3.28,-2.38,635840.0,974282.0,0.65,353813168.0,44.54,51.83,False,False,False,False,False,-1.5,-2.68,0.81,False,False,False,False,3.62,0.02436237,0.0245446,-0.74,2.15,False,0.3333333333333333,0.0,0.65,-3.0,Risk review,Head-and-shoulders risk,"head-and-shoulders, risk, distribution",573.0,,,2.89,,,573.0,"A possible head-and-shoulders top is forming or breaking. This is a caution signal, not an entry setup.",Risk review,-0.62
SOBHA,Sobha Ltd.,SOBHA.NS,Realty,True,,NIFTY 500,^CRSLDX,2026-09-18,1215.2,2.17,-0.13,-6.13,120571.0,83106.0,1.45,146517879.2,38.42,31.67,False,False,False,False,False,-2.17,-8.15,-1.99,False,False,False,False,9.23,0.05320362,0.0571819,-6.96,-2.34,False,0.0,0.0,1.45,-3.0,Risk review,Head-and-shoulders risk,"head-and-shoulders, risk, distribution",1295.35,,,6.19,,,1295.35,"A possible head-and-shoulders top is forming or breaking. This is a caution signal, not an entry setup.",Risk review,-0.62
WAAREEENER,Waaree Energies Ltd.,WAAREEENER.NS,Capital Goods,True,,NIFTY 500,^CRSLDX,2026-09-18,2560.7,3.55,-2.45,-4.39,1224265.0,597120.0,2.05,3134975385.5,44.18,47.34,False,False,False,False,False,-1.2,-4.08,-1.76,False,False,False,False,-0.43,0.11211201,0.11492609,-2.45,-2.13,False,0.0,0.0,2.05,-3.0,Risk review,Head-and-shoulders risk,"head-and-shoulders, risk, distribution",2751.15,,,6.92,,,2751.15,"A possible head-and-shoulders top is forming or breaking. This is a caution signal, not an entry setup.",Risk review,-0.68
GALLANTT,Gallantt Ispat Ltd.,GALLANTT.NS,Capital Goods,True,,NIFTY 500,^CRSLDX,2026-09-18,547.15,1.76,0.14,-6.37,73721.0,69934.0,1.05,40336445.15,41.37,34.43,False,False,False,False,False,-2.33,-6.66,-0.59,False,False,False,False,-4.02,0.0239552,0.02532965,-5.43,-2.69,False,0.0,0.0,1.05,-3.0,Risk review,Head-and-shoulders risk,"head-and-shoulders, risk, distribution",580.17,,,5.69,,,580.17,"A possible head-and-shoulders top is forming or breaking. This is a caution signal, not an entry setup.",Risk review,-0.69
VMM,Vishal Mega Mart Ltd.,VMM.NS,Consumer Services,True,,NIFTY 500,^CRSLDX,2026-09-18,102.65,1.39,0.92,-0.75,10785733.0,17128152.0,0.63,1107155492.45,42.99,37.84,True,False,False,False,False,-2.85,-4.74,-2.35,False,False,False,False,10.29,0.0044942,0.00464653,-3.28,1.65,False,0.0,0.0,0.63,-3.0,Risk review,Head-and-shoulders risk,"head-and-shoulders, risk, distribution",106.74,,,3.83,,,106.74,"A possible head-and-shoulders top is forming or breaking. This is a caution signal, not an entry setup.",Risk review,-0.72
COCHINSHIP,Cochin Shipyard Ltd.,COCHINSHIP.NS,Capital Goods,True,,NIFTY 500,^CRSLDX,2026-09-18,1398.0,4.77,1.23,-5.57,1456165.0,1480912.0,0.98,2035718670.0,43.45,35.1,False,False,False,False,False,-4.71,-3.66,-1.27,False,False,False,False,-11.07,0.06120693,0.06228321,-1.73,-3.61,False,0.0,0.0,0.98,0.0,No clear setup,,,,,,,,,,,Weakening,-0.72
TTML,Tata Teleservices (Maharashtra) Ltd.,TTML.NS,Telecommunication,True,,NIFTY 500,^CRSLDX,2026-09-18,35.73,-2.48,0.37,-5.43,1516686.0,4121534.0,0.37,54191190.78,39.64,30.85,False,False,False,False,False,-3.39,-7.03,-3.26,False,False,False,False,5.29,0.00156432,0.00165558,-5.51,-2.88,False,0.0,0.0,0.37,-3.0,Risk review,Head-and-shoulders risk,"head-and-shoulders, risk, distribution",36.05,,,0.87,,,36.05,"A possible head-and-shoulders top is forming or breaking. This is a caution signal, not an entry setup.",Risk review,-0.73
WHIRLPOOL,Whirlpool of India Ltd.,WHIRLPOOL.NS,Consumer Durables,True,,NIFTY 500,^CRSLDX,2026-09-18,717.7,-1.33,-5.86,-6.61,1683148.0,587647.0,2.86,1207995319.6,29.14,39.41,False,False,False,False,False,-8.29,-8.59,-3.22,False,False,False,False,-0.92,0.03142219,0.0337089,-6.78,-2.47,False,0.0,0.0,2.86,-3.0,Risk review,Head-and-shoulders risk,"head-and-shoulders, risk, distribution",798.67,,,10.14,,,798.67,"A possible head-and-shoulders top is forming or breaking. This is a caution signal, not an entry setup.",Risk review,-0.74
AFCONS,Afcons Infrastructure Ltd.,AFCONS.NS,Construction,True,,NIFTY 500,^CRSLDX,2026-09-18,263.4,-1.46,3.78,-5.56,3352350.0,3067852.0,1.09,883008990.0,41.25,28.29,False,False,False,False,False,-4.77,-5.62,-3.8,False,False,False,False,2.16,0.01153212,0.0120338,-4.17,-2.97,False,0.0,0.0,1.09,-3.0,Risk review,Head-and-shoulders risk,"head-and-shoulders, risk, distribution",277.8,,,5.18,,,277.8,"A possible head-and-shoulders top is forming or breaking. This is a caution signal, not an entry setup.",Risk review,-0.74
GODREJCP,Godrej Consumer Products Ltd.,GODREJCP.NS,Fast Moving Consumer Goods,True,,NIFTY 500,^CRSLDX,2026-09-18,880.0,0.8,1.73,-5.68,1410736.0,1492170.0,0.95,1241447680.0,37.76,25.84,True,False,False,False,False,-0.86,-9.42,-2.26,False,False,False,False,10.77,0.03852797,0.04201873,-8.31,-3.12,False,0.0,0.0,0.95,-3.0,Risk review,Head-and-shoulders risk,"head-and-shoulders, risk, distribution",984.27,,,10.59,,,984.27,"A possible head-and-shoulders top is forming or breaking. This is a caution signal, not an entry setup.",Risk review,-0.77
INDIAMART,Indiamart Intermesh Ltd.,INDIAMART.NS,Consumer Services,True,,NIFTY 500,^CRSLDX,2026-09-18,1646.3,-0.99,-2.87,-5.5,709316.0,120201.0,5.9,1167746930.8,36.36,39.5,False,False,False,False,False,-3.84,-6.99,-2.96,False,False,False,False,2.89,0.07207795,0.0762753,-5.5,-2.81,False,0.0,0.0,5.9,-3.0,Risk review,Head-and-shoulders risk,"head-and-shoulders, risk, distribution",1907.55,,,13.7,,,1907.55,"A possible head-and-shoulders top is forming or breaking. This is a caution signal, not an entry setup.",Risk review,-0.81
TRIDENT,Trident Ltd.,TRIDENT.NS,Textiles,True,,NIFTY 500,^CRSLDX,2026-09-18,23.22,0.61,-0.73,-4.8,5955453.0,2457706.0,2.42,138285618.66,28.16,24.46,False,False,False,False,False,-2.66,-5.23,-1.63,False,False,False,False,1.84,0.00101661,0.00105369,-3.52,-2.92,False,0.0,0.0,2.42,-3.0,Risk review,Head-and-shoulders risk,"head-and-shoulders, risk, distribution",23.46,,,1.04,,,23.46,"A possible head-and-shoulders top is forming or breaking. This is a caution signal, not an entry setup.",Risk review,-0.83
RELIANCE,Reliance Industries Ltd.,RELIANCE.NS,Oil Gas & Consumable Fuels,True,,NIFTY 500,^CRSLDX,2026-09-18,1226.4,-1.41,-2.47,-6.81,15122715.0,11382331.0,1.33,18546497676.0,31.96,37.1,False,False,False,False,False,-4.32,-5.33,-1.87,False,False,False,False,-4.91,0.05369398,0.05559353,-3.42,-4.22,False,0.0,0.0,1.33,0.0,No clear setup,,,,,,,,,,,Weakening,-0.84
NCC,NCC Ltd.,NCC.NS,Construction,True,,NIFTY 500,^CRSLDX,2026-09-18,137.13,1.13,-2.7,-8.31,2320130.0,2235547.0,1.04,318159426.9,39.24,42.28,False,False,False,False,False,-5.12,-4.01,-1.76,False,False,False,False,0.32,0.0060038,0.00613127,-2.08,0.6,False,0.0,0.0,1.04,-3.0,Risk review,Head-and-shoulders risk,"head-and-shoulders, risk, distribution",137.56,,,0.31,,,137.56,"A possible head-and-shoulders top is forming or breaking. This is a caution signal, not an entry setup.",Risk review,-0.93
ASTERDM,Aster DM Quality Care Ltd.,ASTERDM.NS,Healthcare,True,,NIFTY 500,^CRSLDX,2026-09-18,755.05,-0.74,-1.05,-0.85,1616337.0,1672053.0,0.97,1220415251.85,41.96,41.06,False,False,False,False,True,-1.2,-5.16,1.61,False,False,False,False,-2.44,0.03305744,0.03420865,-3.37,-3.39,False,0.6666666666666666,0.0,0.97,-3.0,Risk review,Head-and-shoulders risk,"head-and-shoulders, risk, distribution",757.0,,,0.26,,,757.0,"A possible head-and-shoulders top is forming or breaking. This is a caution signal, not an entry setup.",Risk review,-0.93
CAMS,Computer Age Management Services Ltd.,CAMS.NS,Financial Services,True,,NIFTY 500,^CRSLDX,2026-09-18,708.05,-0.97,-0.41,-5.97,1128255.0,1309655.0,0.86,798860952.75,36.16,33.11,False,False,False,False,False,-3.56,-6.8,-0.55,False,False,False,False,-0.46,0.03099969,0.03266979,-5.11,-3.89,False,0.3333333333333333,0.0,0.86,-3.0,Risk review,Head-and-shoulders risk,"head-and-shoulders, risk, distribution",727.25,,,2.64,,,727.25,"A possible head-and-shoulders top is forming or breaking. This is a caution signal, not an entry setup.",Risk review,-0.93
IEX,Indian Energy Exchange Ltd.,IEX.NS,Financial Services,True,,NIFTY 500,^CRSLDX,2026-09-18,115.46,1.82,1.39,-6.66,2248423.0,3750665.0,0.6,259602919.58,39.53,26.7,True,False,False,False,False,-2.11,-5.8,-1.89,False,False,False,False,-2.47,0.00505504,0.0052618,-3.93,-3.89,False,0.0,0.0,0.6,-3.0,Risk review,Head-and-shoulders risk,"head-and-shoulders, risk, distribution",118.03,,,2.18,,,118.03,"A possible head-and-shoulders top is forming or breaking. This is a caution signal, not an entry setup.",Risk review,-0.93
GILLETTE,Gillette India Ltd.,GILLETTE.NS,Fast Moving Consumer Goods,True,,NIFTY 500,^CRSLDX,2026-09-18,7073.0,-3.2,-3.2,-5.67,52262.0,17458.0,2.99,369649126.0,30.13,38.75,False,False,False,False,False,-3.78,-6.56,-1.31,False,False,False,False,2.58,0.30966855,0.32534581,-4.82,-3.5,False,0.0,0.0,2.99,-3.0,Risk review,Head-and-shoulders risk,"head-and-shoulders, risk, distribution",7812.5,,,9.47,,,7812.5,"A possible head-and-shoulders top is forming or breaking. This is a caution signal, not an entry setup.",Risk review,-0.95
INDIANB,Indian Bank,INDIANB.NS,Financial Services,True,,NIFTY 500,^CRSLDX,2026-09-18,839.8,-0.08,-1.61,-4.23,1400080.0,1113884.0,1.26,1175787184.0,37.62,42.12,False,False,False,False,False,-3.13,-2.32,0.29,False,False,False,False,-5.94,0.03676794,0.03681917,-0.14,-1.52,False,0.3333333333333333,0.0,1.26,-2.0,Risk review,Head-and-shoulders risk,"head-and-shoulders, risk, distribution",819.6,,,2.46,,,819.6,"A possible head-and-shoulders top is forming or breaking. This is a caution signal, not an entry setup.",Risk review,-1.0
BDL,Bharat Dynamics Ltd.,BDL.NS,Capital Goods,True,,NIFTY 500,^CRSLDX,2026-09-18,1196.6,3.88,0.55,-11.95,741593.0,1135833.0,0.65,887390183.8,40.7,29.57,True,False,False,False,False,-4.02,-6.14,-1.82,False,False,False,False,-16.03,0.05238928,0.05491841,-4.61,-9.18,False,0.0,0.0,0.65,-2.0,Risk review,Head-and-shoulders risk,"head-and-shoulders, risk, distribution",1159.65,,,3.19,,,1159.65,"A possible head-and-shoulders top is forming or breaking. This is a caution signal, not an entry setup.",Risk review,-1.0
ONGC,Oil & Natural Gas Corporation Ltd.,ONGC.NS,Oil Gas & Consumable Fuels,True,,NIFTY 500,^CRSLDX,2026-09-18,232.8,0.16,0.13,-1.52,11146237.0,11529190.0,0.97,2594843973.6,43.68,41.5,False,False,False,False,False,-0.67,-2.71,-0.35,False,False,False,False,6.64,0.0101924,0.01027376,-0.79,0.15,False,0.0,0.0,0.97,-3.0,Risk review,Head-and-shoulders risk,"head-and-shoulders, risk, distribution",237.62,,,2.03,,,237.62,"A possible head-and-shoulders top is forming or breaking. This is a caution signal, not an entry setup.",Risk review,-1.02
APTUS,Aptus Value Housing Finance India Ltd.,APTUS.NS,Financial Services,True,,NIFTY 500,^CRSLDX,2026-09-18,237.68,-0.62,-4.59,-7.79,3101354.0,1571610.0,1.97,737129818.72,28.66,38.44,False,False,False,False,False,-5.62,-10.09,-1.23,False,False,False,False,11.17,0.01040605,0.01138998,-8.64,-3.83,False,0.3333333333333333,0.0,1.97,-3.0,Risk review,Head-and-shoulders risk,"head-and-shoulders, risk, distribution",247.22,,,3.86,,,247.22,"A possible head-and-shoulders top is forming or breaking. This is a caution signal, not an entry setup.",Risk review,-1.02
SCI,Shipping Corporation of India Ltd.,SCI.NS,Services,True,,NIFTY 500,^CRSLDX,2026-09-18,277.05,2.61,-1.27,-4.65,1560763.0,2017771.0,0.77,432409389.15,42.44,39.52,False,False,False,False,True,-2.99,-3.57,1.92,False,False,False,False,-12.7,0.01212974,0.01232151,-1.56,-3.96,False,0.6666666666666666,0.0,0.77,-3.0,Risk review,Head-and-shoulders risk,"head-and-shoulders, risk, distribution",284.11,,,2.48,,,284.11,"A possible head-and-shoulders top is forming or breaking. This is a caution signal, not an entry setup.",Risk review,-1.04
INDIACEM,India Cements Ltd.,INDIACEM.NS,Construction Materials,True,,NIFTY 500,^CRSLDX,2026-09-18,344.8,-1.96,-0.61,-7.04,229613.0,171367.0,1.34,79170562.4,38.0,27.69,False,False,False,False,False,-3.18,-8.45,-1.18,False,False,False,False,6.18,0.01509596,0.01619876,-6.81,-4.51,False,0.0,0.0,1.34,-3.0,Risk review,Head-and-shoulders risk,"head-and-shoulders, risk, distribution",363.68,,,5.19,,,363.68,"A possible head-and-shoulders top is forming or breaking. This is a caution signal, not an entry setup.",Risk review,-1.05
LINDEINDIA,Linde India Ltd.,LINDEINDIA.NS,Chemicals,True,,NIFTY 500,^CRSLDX,2026-09-18,6241.5,2.41,0.22,-6.45,20753.0,23151.0,0.9,129529849.5,38.06,27.37,True,False,False,False,False,-1.55,-6.36,0.65,False,False,False,False,-1.63,0.273264,0.28707379,-4.81,-4.65,False,0.3333333333333333,0.0,0.9,-3.0,Risk review,Head-and-shoulders risk,"head-and-shoulders, risk, distribution",6405.25,,,2.56,,,6405.25,"A possible head-and-shoulders top is forming or breaking. This is a caution signal, not an entry setup.",Risk review,-1.08
GABRIEL,Gabriel India Ltd.,GABRIEL.NS,Automobile and Auto Components,True,,NIFTY 500,^CRSLDX,2026-09-18,1321.8,2.97,-1.83,-6.95,293065.0,294639.0,0.99,387373317.0,43.59,44.08,False,False,False,True,True,-2.33,-5.61,3.2,False,False,False,False,-5.87,0.05787076,0.05987404,-3.35,-5.92,False,0.6666666666666666,0.0,0.99,-2.0,Risk review,Head-and-shoulders risk,"head-and-shoulders, risk, distribution, breakout, retest, pivot, volume, inverse-head-and-shoulders, base, reversal",1265.55,,,4.44,,,1265.55,"A possible head-and-shoulders top is forming or breaking. This is a caution signal, not an entry setup. Secondary patterns: Breakout retest, Possible inverse H&S.",Risk review,-1.08
BSE,BSE Ltd.,BSE.NS,Financial Services,True,,NIFTY 500,^CRSLDX,2026-09-18,3266.4,0.23,-3.48,0.78,2075360.0,4103792.0,0.51,6778955904.0,43.35,49.55,False,False,False,False,False,-1.56,-5.37,1.55,False,False,False,False,8.44,0.14300882,0.14872301,-3.84,-0.23,False,0.6666666666666666,0.0,0.51,-3.0,Risk review,Head-and-shoulders risk,"head-and-shoulders, risk, distribution",3598.5,,,9.23,,,3598.5,"A possible head-and-shoulders top is forming or breaking. This is a caution signal, not an entry setup.",Risk review,-1.1
TENNIND,Tenneco Clean Air India Ltd.,TENNIND.NS,Automobile and Auto Components,True,,NIFTY 500,^CRSLDX,2026-09-18,517.9,0.75,2.28,-10.11,1072952.0,776176.0,1.38,555681840.8,42.98,34.09,True,False,False,False,False,-1.11,-4.38,,False,False,False,False,-3.44,0.02267459,0.02334281,-2.86,-4.77,False,0.0,0.0,1.38,-3.0,Risk review,Head-and-shoulders risk,"head-and-shoulders, risk, distribution",526.9,,,1.71,,,526.9,"A possible head-and-shoulders top is forming or breaking. This is a caution signal, not an entry setup.",Risk review,-1.1
ZFCVINDIA,ZF Commercial Vehicle Control Systems India Ltd.,ZFCVINDIA.NS,Automobile and Auto Components,True,,NIFTY 500,^CRSLDX,2026-09-18,2387.0,-2.38,-6.33,-10.33,351520.0,104530.0,3.36,839078240.0,34.5,50.68,False,False,False,False,False,-5.69,-4.6,0.99,False,False,False,False,-16.01,0.10450712,0.10685759,-2.2,-6.61,False,0.6666666666666666,0.0,3.36,-2.0,Risk review,Head-and-shoulders risk,"head-and-shoulders, risk, distribution",2279.75,,,4.7,,,2279.75,"A possible head-and-shoulders top is forming or breaking. This is a caution signal, not an entry setup.",Risk review,-1.1
GODREJIND,Godrej Industries Ltd.,GODREJIND.NS,Diversified,True,,NIFTY 500,^CRSLDX,2026-09-18,1107.4,-1.77,-1.72,-9.97,114004.0,123735.0,0.92,126248029.6,36.29,35.68,False,False,False,False,True,-3.02,-10.67,1.0,False,False,False,False,4.12,0.04848395,0.05346778,-9.32,-6.91,False,0.6666666666666666,0.0,0.92,-2.0,Risk review,Head-and-shoulders risk,"head-and-shoulders, risk, distribution, inverse-head-and-shoulders, base, reversal",1065.05,,,3.98,,,1065.05,"A possible head-and-shoulders top is forming or breaking. This is a caution signal, not an entry setup. Secondary patterns: Possible inverse H&S.",Risk review,-1.1
M&M,Mahindra & Mahindra Ltd.,M&M.NS,Automobile and Auto Components,True,,NIFTY 500,^CRSLDX,2026-09-18,3052.0,-0.8,-1.77,-10.56,2973119.0,1848041.0,1.61,9073959188.0,30.48,29.73,False,False,False,False,False,-4.63,-6.67,-1.48,False,False,False,False,-14.93,0.133622,0.14017052,-4.67,-8.49,False,0.0,0.0,1.61,-2.0,Risk review,Head-and-shoulders risk,"head-and-shoulders, risk, distribution",2980.55,,,2.4,,,2980.55,"A possible head-and-shoulders top is forming or breaking. This is a caution signal, not an entry setup.",Risk review,-1.1
GRAVITA,Gravita India Ltd.,GRAVITA.NS,Metals & Mining,True,,NIFTY 500,^CRSLDX,2026-09-18,1598.4,-0.82,-4.18,-12.26,377745.0,171694.0,2.2,603787608.0,29.02,37.42,False,False,False,False,False,-6.9,-8.31,-0.41,False,False,False,False,-7.7,0.0699808,0.07500993,-6.7,-8.73,False,0.3333333333333333,0.0,2.2,-2.0,Risk review,Head-and-shoulders risk,"head-and-shoulders, risk, distribution",1575.55,,,1.45,,,1575.55,"A possible head-and-shoulders top is forming or breaking. This is a caution signal, not an entry setup.",Risk review,-1.1
RPOWER,Reliance Power Ltd.,RPOWER.NS,Power,True,,NIFTY 500,^CRSLDX,2026-09-18,21.13,0.38,-2.09,-9.89,21881312.0,17643952.0,1.24,462352122.56,34.55,34.95,False,False,False,False,False,-3.69,-8.11,-5.68,False,False,False,False,10.84,0.00092511,0.00099164,-6.71,-0.3,False,0.0,0.0,1.24,-3.0,Risk review,Head-and-shoulders risk,"head-and-shoulders, risk, distribution",21.64,,,2.33,,,21.64,"A possible head-and-shoulders top is forming or breaking. This is a caution signal, not an entry setup.",Risk review,-1.11
IRB,IRB Infrastructure Developers Ltd.,IRB.NS,Construction,True,,NIFTY 500,^CRSLDX,2026-09-18,18.48,-1.96,-5.91,-2.48,21372707.0,17192042.0,1.24,394967625.36,36.02,52.98,False,False,False,False,False,-4.02,-5.32,-1.06,False,False,False,False,5.06,0.00080909,0.00083796,-3.45,-0.31,False,0.0,0.0,1.24,-3.0,Risk review,Head-and-shoulders risk,"head-and-shoulders, risk, distribution",19.63,,,5.88,,,19.63,"A possible head-and-shoulders top is forming or breaking. This is a caution signal, not an entry setup.",Risk review,-1.11
NEWGEN,Newgen Software Technologies Ltd.,NEWGEN.NS,Information Technology,True,,NIFTY 500,^CRSLDX,2026-09-18,497.3,1.59,-0.82,-4.86,622017.0,1328301.0,0.47,309329054.1,40.62,40.1,False,False,False,False,False,-3.69,-6.57,-6.33,False,False,False,False,1.41,0.02177268,0.02279532,-4.49,-2.07,False,0.0,0.0,0.47,-2.0,Risk review,Head-and-shoulders risk,"head-and-shoulders, risk, distribution",475.8,,,4.52,,,475.8,"A possible head-and-shoulders top is forming or breaking. This is a caution signal, not an entry setup.",Risk review,-1.11
ABLBL,Aditya Birla Lifestyle Brands Ltd.,ABLBL.NS,Consumer Services,True,,NIFTY 500,^CRSLDX,2026-09-18,81.17,-1.5,-2.92,-5.75,1106286.0,619742.0,1.79,89797234.62,29.41,36.35,False,False,False,False,False,-3.67,-9.36,-4.42,False,False,False,False,3.98,0.00355377,0.00385824,-7.89,-4.35,False,0.0,0.0,1.79,-3.0,Risk review,Head-and-shoulders risk,"head-and-shoulders, risk, distribution",98.06,,,17.22,,,98.06,"A possible head-and-shoulders top is forming or breaking. This is a caution signal, not an entry setup.",Risk review,-1.12
FACT,Fertilisers and Chemicals Travancore Ltd.,FACT.NS,Chemicals,True,,NIFTY 500,^CRSLDX,2026-09-18,764.2,0.58,-1.98,-2.44,66764.0,1938229.0,0.03,51021048.8,37.49,37.8,False,False,False,False,False,-4.43,-6.04,-0.71,False,False,False,False,3.71,0.03345804,0.035,-4.41,-0.6,False,0.0,0.0,0.03,-3.0,Risk review,Head-and-shoulders risk,"head-and-shoulders, risk, distribution",805.65,,,5.14,,,805.65,"A possible head-and-shoulders top is forming or breaking. This is a caution signal, not an entry setup.",Risk review,-1.17
ASIANPAINT,Asian Paints Ltd.,ASIANPAINT.NS,Consumer Durables,True,,NIFTY 500,^CRSLDX,2026-09-18,2451.3,-0.11,-0.86,-7.15,1000730.0,580790.0,1.72,2453089449.0,33.89,28.65,False,False,False,False,False,-3.13,-6.97,-1.34,False,False,False,False,-1.29,0.10732228,0.11330348,-5.28,-4.6,False,0.3333333333333333,0.0,1.72,-3.0,Risk review,Head-and-shoulders risk,"head-and-shoulders, risk, distribution, inverse-head-and-shoulders, base, reversal",2482.7,,,1.26,,,2482.7,"A possible head-and-shoulders top is forming or breaking. This is a caution signal, not an entry setup. Secondary patterns: Possible inverse H&S.",Risk review,-1.17
MMTC,MMTC Ltd.,MMTC.NS,Services,True,,NIFTY 500,^CRSLDX,2026-09-18,60.27,0.22,-2.66,-7.82,733798.0,1424346.0,0.52,44226005.46,36.18,41.71,False,False,False,False,False,-3.51,-4.38,0.49,False,False,False,False,0.51,0.00263873,0.00270661,-2.51,-0.71,False,0.3333333333333333,0.0,0.52,-3.0,Risk review,Head-and-shoulders risk,"head-and-shoulders, risk, distribution",60.89,,,1.03,,,60.89,"A possible head-and-shoulders top is forming or breaking. This is a caution signal, not an entry setup.",Risk review,-1.19
RECLTD,REC Ltd.,RECLTD.NS,Financial Services,True,,NIFTY 500,^CRSLDX,2026-09-18,312.0,0.48,-0.22,-4.48,4686436.0,4723435.0,0.99,1462168032.0,36.65,32.83,False,False,False,False,False,-1.45,-8.09,-1.05,False,False,False,False,2.31,0.01365992,0.01461674,-6.55,-5.21,False,0.0,0.0,0.99,-3.0,Risk review,Head-and-shoulders risk,"head-and-shoulders, risk, distribution",327.6,,,4.76,,,327.6,"A possible head-and-shoulders top is forming or breaking. This is a caution signal, not an entry setup.",Risk review,-1.19
IOB,Indian Overseas Bank,IOB.NS,Financial Services,True,,NIFTY 500,^CRSLDX,2026-09-18,32.17,0.22,-2.72,-2.54,1954679.0,2093237.0,0.93,62882023.43,37.41,47.25,False,False,False,False,False,-1.98,-3.95,-1.62,False,False,False,False,4.34,0.00140846,0.00143793,-2.05,-0.73,False,0.0,0.0,0.93,-3.0,Risk review,Head-and-shoulders risk,"head-and-shoulders, risk, distribution",32.58,,,1.26,,,32.58,"A possible head-and-shoulders top is forming or breaking. This is a caution signal, not an entry setup.",Risk review,-1.2
BRITANNIA,Britannia Industries Ltd.,BRITANNIA.NS,Fast Moving Consumer Goods,True,,NIFTY 500,^CRSLDX,2026-09-18,4998.0,0.32,0.73,-6.84,346885.0,257373.0,1.35,1733731230.0,34.4,28.11,False,False,False,False,False,-2.47,-6.22,-1.29,False,False,False,False,-4.54,0.21882135,0.22904113,-4.46,-6.15,False,0.0,0.0,1.35,0.0,No clear setup,,,,,,,,,,,Weakening,-1.2
BSOFT,Birlasoft Ltd.,BSOFT.NS,Information Technology,True,,NIFTY 500,^CRSLDX,2026-09-18,280.4,-1.2,-0.44,-7.69,1305483.0,1878098.0,0.7,366057433.2,40.65,39.53,False,False,False,False,False,-2.45,-5.6,-3.19,False,False,False,False,-13.29,0.01227641,0.01272189,-3.5,-6.15,False,0.0,0.0,0.7,0.0,No clear setup,,,,,,,,,,,Weakening,-1.2
ESCORTS,Escorts Kubota Ltd.,ESCORTS.NS,Capital Goods,True,,NIFTY 500,^CRSLDX,2026-09-18,2798.2,-1.12,-3.5,-9.34,81690.0,60219.0,1.36,228584958.0,28.9,35.76,False,False,False,False,False,-5.46,-6.79,-2.25,False,False,False,False,-8.76,0.12251018,0.12873572,-4.84,-6.21,False,0.0,0.0,1.36,0.0,No clear setup,,,,,,,,,,,Weakening,-1.2
VOLTAS,Voltas Ltd.,VOLTAS.NS,Consumer Durables,True,,NIFTY 500,^CRSLDX,2026-09-18,1110.9,-2.12,-4.64,-10.05,597381.0,709238.0,0.84,663630552.9,28.57,37.19,False,False,False,False,False,-5.36,-11.42,-1.39,False,False,False,False,0.47,0.04863718,0.05395413,-9.85,-7.0,False,0.0,0.0,0.84,0.0,No clear setup,,,,,,,,,,,Weakening,-1.2
ICICIGI,ICICI Lombard General Insurance Company Ltd.,ICICIGI.NS,Financial Services,True,,NIFTY 500,^CRSLDX,2026-09-18,1458.1,-1.92,-0.12,-9.83,925599.0,953520.0,0.97,1349615901.9,33.17,18.88,False,False,False,False,False,-3.86,-8.8,-2.58,False,False,False,False,-8.58,0.06383822,0.06913361,-7.66,-7.6,False,0.0,0.0,0.97,0.0,No clear setup,,,,,,,,,,,Weakening,-1.2
PGEL,PG Electroplast Ltd.,PGEL.NS,Consumer Durables,True,,NIFTY 500,^CRSLDX,2026-09-18,529.15,-0.04,-2.91,-11.89,570498.0,893950.0,0.64,301879016.7,32.48,32.84,False,False,False,False,False,-5.35,-9.81,-0.27,False,False,False,False,-13.51,0.02316713,0.02522249,-8.15,-9.99,False,0.3333333333333333,0.0,0.64,0.0,No clear setup,,,,,,,,,,,Weakening,-1.2
GODREJPROP,Godrej Properties Ltd.,GODREJPROP.NS,Realty,True,,NIFTY 500,^CRSLDX,2026-09-18,1691.1,0.77,-3.26,-16.9,659676.0,859811.0,0.77,1115578083.6,26.79,25.93,False,False,False,False,False,-10.8,-15.59,-1.02,False,False,False,False,-9.2,0.07403937,0.08647737,-14.38,-13.74,False,0.3333333333333333,0.0,0.77,0.0,No clear setup,,,,,,,,,,,Weakening,-1.2
PFIZER,Pfizer Ltd.,PFIZER.NS,Healthcare,True,,NIFTY 500,^CRSLDX,2026-09-18,4002.4,-0.31,-1.42,-19.6,42189.0,60278.0,0.7,168857253.6,17.08,18.42,False,False,False,False,False,-9.53,-13.85,-1.2,False,False,False,False,-21.53,0.17523221,0.20005515,-12.41,-16.7,False,0.0,0.0,0.7,0.0,No clear setup,,,,,,,,,,,Weakening,-1.2
SYNGENE,Syngene International Ltd.,SYNGENE.NS,Healthcare,True,,NIFTY 500,^CRSLDX,2026-09-18,369.05,-2.93,-3.55,-9.38,2498133.0,505492.0,4.94,921935983.65,27.17,34.71,False,False,False,False,False,-6.0,-8.06,-5.11,False,False,False,False,-1.43,0.01615767,0.01726504,-6.41,-4.78,False,0.0,0.0,4.94,-3.0,Risk review,Head-and-shoulders risk,"head-and-shoulders, risk, distribution",404.95,,,8.87,,,404.95,"A possible head-and-shoulders top is forming or breaking. This is a caution signal, not an entry setup.",Risk review,-1.21
JBMA,JBM Auto Ltd.,JBMA.NS,Automobile and Auto Components,True,,NIFTY 500,^CRSLDX,2026-09-18,599.1,0.93,-3.42,-11.11,200524.0,323485.0,0.62,120133928.4,39.16,44.12,False,False,False,False,False,-3.71,-6.78,0.32,False,False,False,False,8.13,0.02622967,0.02765213,-5.14,-0.85,False,0.6666666666666666,0.0,0.62,-3.0,Risk review,Head-and-shoulders risk,"head-and-shoulders, risk, distribution, inverse-head-and-shoulders, base, reversal",624.77,,,4.11,,,624.77,"A possible head-and-shoulders top is forming or breaking. This is a caution signal, not an entry setup. Secondary patterns: Possible inverse H&S.",Risk review,-1.22
BLUEDART,Blue Dart Express Ltd.,BLUEDART.NS,Services,True,,NIFTY 500,^CRSLDX,2026-09-18,4821.0,0.2,-0.2,-5.15,10165.0,8603.0,1.18,49005465.0,36.56,35.88,False,False,False,False,False,-2.5,-3.79,-1.39,False,False,False,False,-6.8,0.21107198,0.21480287,-1.74,-2.58,False,0.0,0.0,1.18,-2.0,Risk review,Head-and-shoulders risk,"head-and-shoulders, risk, distribution",4813.3,,,0.16,,,4813.3,"A possible head-and-shoulders top is forming or breaking. This is a caution signal, not an entry setup.",Risk review,-1.22
BAYERCROP,Bayer Cropscience Ltd.,BAYERCROP.NS,Chemicals,True,,NIFTY 500,^CRSLDX,2026-09-18,3779.5,-2.93,-4.9,-7.17,87483.0,19033.0,4.6,330641998.5,21.13,37.88,False,False,False,False,False,-5.07,-7.9,-1.22,False,False,False,False,1.11,0.16547325,0.1761556,-6.06,-4.92,False,0.0,0.0,4.6,-3.0,Risk review,Head-and-shoulders risk,"head-and-shoulders, risk, distribution",4375.6,,,13.62,,,4375.6,"A possible head-and-shoulders top is forming or breaking. This is a caution signal, not an entry setup.",Risk review,-1.23
JWL,Jupiter Wagons Ltd.,JWL.NS,Capital Goods,True,,NIFTY 500,^CRSLDX,2026-09-18,230.13,-0.48,-3.94,-6.83,1093397.0,650126.0,1.68,251623451.61,29.45,35.93,False,False,False,False,False,-4.32,-7.56,-1.48,False,False,False,False,-4.89,0.0100755,0.01069912,-5.83,-5.18,False,0.0,0.0,1.68,-3.0,Risk review,Head-and-shoulders risk,"head-and-shoulders, risk, distribution",241.07,,,4.54,,,241.07,"A possible head-and-shoulders top is forming or breaking. This is a caution signal, not an entry setup.",Risk review,-1.29
ABFRL,Aditya Birla Fashion and Retail Ltd.,ABFRL.NS,Consumer Services,True,,NIFTY 500,^CRSLDX,2026-09-18,50.16,-0.57,-0.56,-7.71,3238057.0,4569155.0,0.71,162420939.12,36.64,32.8,False,False,False,False,False,-2.98,-9.78,-3.84,False,False,False,False,-0.21,0.00219609,0.00239807,-8.42,-5.71,False,0.0,0.0,0.71,-3.0,Risk review,Head-and-shoulders risk,"head-and-shoulders, risk, distribution",55.8,,,10.12,,,55.8,"A possible head-and-shoulders top is forming or breaking. This is a caution signal, not an entry setup.",Risk review,-1.29
SIGNATURE,Signatureglobal (India) Ltd.,SIGNATURE.NS,Realty,True,,NIFTY 500,^CRSLDX,2026-09-18,756.95,0.22,-0.51,-4.82,248406.0,233691.0,1.06,188030921.7,39.75,39.58,False,False,False,False,False,-2.38,-4.69,-3.82,False,False,False,False,-0.71,0.03314062,0.03415771,-2.98,-1.26,False,0.0,0.0,1.06,-3.0,Risk review,Head-and-shoulders risk,"head-and-shoulders, risk, distribution",789.48,,,4.12,,,789.48,"A possible head-and-shoulders top is forming or breaking. This is a caution signal, not an entry setup.",Risk review,-1.3
CCL,CCL Products (I) Ltd.,CCL.NS,Fast Moving Consumer Goods,True,,NIFTY 500,^CRSLDX,2026-09-18,1065.6,0.31,-1.42,-1.54,92827.0,148158.0,0.63,98916451.2,39.18,41.31,False,False,False,False,False,-2.4,-6.01,0.91,False,False,False,False,4.51,0.04665387,0.04883434,-4.47,-2.98,False,0.6666666666666666,0.0,0.63,-2.0,Risk review,Head-and-shoulders risk,"head-and-shoulders, risk, distribution",1019.55,,,4.52,,,1019.55,"A possible head-and-shoulders top is forming or breaking. This is a caution signal, not an entry setup.",Risk review,-1.3
RAMCOCEM,The Ramco Cements Ltd.,RAMCOCEM.NS,Construction Materials,True,,NIFTY 500,^CRSLDX,2026-09-18,869.75,1.26,0.36,-3.26,212951.0,259150.0,0.82,185214132.25,43.63,39.77,True,False,False,False,False,-1.1,-3.9,-1.36,False,False,False,False,0.26,0.03807921,0.03890128,-2.11,-1.29,False,0.0,0.0,0.82,-3.0,Risk review,Head-and-shoulders risk,"head-and-shoulders, risk, distribution",897.33,,,3.07,,,897.33,"A possible head-and-shoulders top is forming or breaking. This is a caution signal, not an entry setup.",Risk review,-1.31
OLECTRA,Olectra Greentech Ltd.,OLECTRA.NS,Automobile and Auto Components,True,,NIFTY 500,^CRSLDX,2026-09-18,1198.8,1.06,-0.88,-9.07,174712.0,342133.0,0.51,209444745.6,36.26,31.6,True,False,False,False,False,-3.23,-8.19,-0.24,False,False,False,False,-2.0,0.0524856,0.05631002,-6.79,-5.99,False,0.3333333333333333,0.0,0.51,-3.0,Risk review,Head-and-shoulders risk,"head-and-shoulders, risk, distribution",1231.8,,,2.68,,,1231.8,"A possible head-and-shoulders top is forming or breaking. This is a caution signal, not an entry setup.",Risk review,-1.35
GRSE,Garden Reach Shipbuilders & Engineers Ltd.,GRSE.NS,Capital Goods,True,,NIFTY 500,^CRSLDX,2026-09-18,2411.8,3.08,-0.65,-7.29,531793.0,365714.0,1.45,1282578357.4,40.1,32.79,False,False,False,False,False,-3.46,-5.76,-0.58,False,False,False,False,-7.26,0.1055929,0.11009164,-4.09,-6.4,False,0.3333333333333333,0.0,1.45,-3.0,Risk review,Head-and-shoulders risk,"head-and-shoulders, risk, distribution",2532.75,,,4.78,,,2532.75,"A possible head-and-shoulders top is forming or breaking. This is a caution signal, not an entry setup.",Risk review,-1.35
ZENSARTECH,Zensar Technolgies Ltd.,ZENSARTECH.NS,Information Technology,True,,NIFTY 500,^CRSLDX,2026-09-18,436.45,-1.22,2.63,-9.74,1100244.0,3453210.0,0.32,480201493.8,38.76,28.31,False,False,False,False,False,-3.7,-10.06,-4.79,False,False,False,False,-1.55,0.01910856,0.02087012,-8.44,-6.48,False,0.0,0.0,0.32,-3.0,Risk review,Head-and-shoulders risk,"head-and-shoulders, risk, distribution",510.18,,,14.45,,,510.18,"A possible head-and-shoulders top is forming or breaking. This is a caution signal, not an entry setup.",Risk review,-1.35
ABREL,Aditya Birla Real Estate Ltd.,ABREL.NS,Realty,True,,NIFTY 500,^CRSLDX,2026-09-18,1266.2,0.7,-1.2,-9.96,171318.0,186165.0,0.92,216922851.6,35.65,32.22,False,False,False,False,False,-5.45,-8.37,-2.8,False,False,False,False,-5.09,0.05543649,0.05949948,-6.83,-7.07,False,0.3333333333333333,0.0,0.92,-3.0,Risk review,Head-and-shoulders risk,"head-and-shoulders, risk, distribution, breakout, retest, pivot, volume",1305.55,,,3.01,,,1305.55,"A possible head-and-shoulders top is forming or breaking. This is a caution signal, not an entry setup. Secondary patterns: Breakout retest.",Risk review,-1.35
DEEPAKNTR,Deepak Nitrite Ltd.,DEEPAKNTR.NS,Chemicals,True,,NIFTY 500,^CRSLDX,2026-09-18,1586.3,-1.15,-0.09,-9.2,426779.0,355574.0,1.2,676999527.7,36.12,31.72,False,False,False,False,False,-5.5,-6.69,0.55,False,False,False,False,-11.34,0.06945104,0.07294355,-4.79,-8.15,False,0.6666666666666666,0.0,1.2,-3.0,Risk review,Head-and-shoulders risk,"head-and-shoulders, risk, distribution",1641.35,,,3.35,,,1641.35,"A possible head-and-shoulders top is forming or breaking. This is a caution signal, not an entry setup.",Risk review,-1.35
NTPC,NTPC Ltd.,NTPC.NS,Power,True,,NIFTY 500,^CRSLDX,2026-09-18,323.65,-1.81,-2.92,-4.81,9448827.0,8049546.0,1.17,3058112858.55,33.52,44.63,False,False,False,False,False,-2.4,-4.56,0.19,False,False,False,False,3.43,0.01416997,0.01455518,-2.65,-1.54,False,0.3333333333333333,0.0,1.17,-3.0,Risk review,Head-and-shoulders risk,"head-and-shoulders, risk, distribution",354.57,,,8.72,,,354.57,"A possible head-and-shoulders top is forming or breaking. This is a caution signal, not an entry setup.",Risk review,-1.36
SUZLON,Suzlon Energy Ltd.,SUZLON.NS,Capital Goods,True,,NIFTY 500,^CRSLDX,2026-09-18,43.14,1.41,-2.22,-7.64,63471191.0,42414500.0,1.5,2738147179.74,32.06,29.34,False,False,False,False,False,-4.65,-9.74,-1.74,False,False,False,False,7.12,0.00188875,0.00206591,-8.58,-5.56,False,0.0,0.0,1.5,-3.0,Risk review,Head-and-shoulders risk,"head-and-shoulders, risk, distribution",44.73,,,3.55,,,44.73,"A possible head-and-shoulders top is forming or breaking. This is a caution signal, not an entry setup.",Risk review,-1.36
TARIL,Transformers And Rectifiers (India) Ltd.,TARIL.NS,Capital Goods,True,,NIFTY 500,^CRSLDX,2026-09-18,279.85,1.39,-3.0,-6.29,1238672.0,1711294.0,0.72,346642359.2,34.77,37.64,False,False,False,False,False,-5.45,-7.12,0.72,False,False,False,False,4.54,0.01225233,0.01301013,-5.82,-1.62,False,0.6666666666666666,0.0,0.72,-3.0,Risk review,Head-and-shoulders risk,"head-and-shoulders, risk, distribution",286.05,,,2.17,,,286.05,"A possible head-and-shoulders top is forming or breaking. This is a caution signal, not an entry setup.",Risk review,-1.37
CANBK,Canara Bank,CANBK.NS,Financial Services,True,,NIFTY 500,^CRSLDX,2026-09-18,123.78,-0.1,-0.18,-4.76,11489793.0,12694179.0,0.91,1422206577.54,41.05,38.66,False,False,False,False,False,-1.4,-2.58,-1.63,False,False,False,False,-2.83,0.00541931,0.00545122,-0.59,-1.82,False,0.0,0.0,0.91,-3.0,Risk review,Head-and-shoulders risk,"head-and-shoulders, risk, distribution",127.46,,,2.89,,,127.46,"A possible head-and-shoulders top is forming or breaking. This is a caution signal, not an entry setup.",Risk review,-1.41
BANKBARODA,Bank of Baroda,BANKBARODA.NS,Financial Services,True,,NIFTY 500,^CRSLDX,2026-09-18,234.94,1.14,-1.34,-4.88,7110561.0,8108964.0,0.88,1670555201.34,42.05,43.08,False,False,False,False,False,-1.31,-3.38,-1.82,False,False,False,False,-0.48,0.01028609,0.01044197,-1.49,-1.82,False,0.0,0.0,0.88,-3.0,Risk review,Head-and-shoulders risk,"head-and-shoulders, risk, distribution",255.75,,,8.14,,,255.75,"A possible head-and-shoulders top is forming or breaking. This is a caution signal, not an entry setup.",Risk review,-1.41
EMAMILTD,Emami Ltd.,EMAMILTD.NS,Fast Moving Consumer Goods,True,,NIFTY 500,^CRSLDX,2026-09-18,368.45,-2.03,1.28,-8.48,3703471.0,2322092.0,1.59,1364543889.95,42.16,35.57,False,False,False,False,False,-1.83,-6.52,-3.24,False,False,False,False,-1.62,0.0161314,0.01697538,-4.97,-5.83,False,0.0,0.0,1.59,-3.0,Risk review,Head-and-shoulders risk,"head-and-shoulders, risk, distribution",385.3,,,4.37,,,385.3,"A possible head-and-shoulders top is forming or breaking. This is a caution signal, not an entry setup.",Risk review,-1.42
KPITTECH,KPIT Technologies Ltd.,KPITTECH.NS,Information Technology,True,,NIFTY 500,^CRSLDX,2026-09-18,532.0,-4.88,-3.93,-9.72,3944020.0,1623232.0,2.43,2098218640.0,31.14,34.83,False,False,False,False,False,-6.91,-9.03,-7.71,False,False,False,False,-12.6,0.02329191,0.02504894,-7.01,-7.54,False,0.0,0.0,2.43,-3.0,Risk review,Head-and-shoulders risk,"head-and-shoulders, risk, distribution",616.58,,,13.72,,,616.58,"A possible head-and-shoulders top is forming or breaking. This is a caution signal, not an entry setup.",Risk review,-1.45
PREMIERENE,Premier Energies Ltd.,PREMIERENE.NS,Capital Goods,True,,NIFTY 500,^CRSLDX,2026-09-18,902.0,2.5,-7.41,-14.34,3106714.0,1283525.0,2.42,2802256028.0,30.9,38.99,False,False,False,False,False,-8.15,-11.42,0.31,False,False,False,False,-4.87,0.03949117,0.04387931,-10.0,-7.83,False,0.6666666666666666,0.0,2.42,-3.0,Risk review,Head-and-shoulders risk,"head-and-shoulders, risk, distribution",960.25,,,6.07,,,960.25,"A possible head-and-shoulders top is forming or breaking. This is a caution signal, not an entry setup.",Risk review,-1.45
IRCON,IRCON International Ltd.,IRCON.NS,Construction,True,,NIFTY 500,^CRSLDX,2026-09-18,109.85,1.84,-3.01,-11.92,2642536.0,1480274.0,1.79,290282579.6,26.25,23.67,False,False,False,False,False,-6.02,-11.0,-2.91,False,False,False,False,-3.7,0.00480943,0.00532059,-9.61,-8.27,False,0.0,0.0,1.79,-3.0,Risk review,Head-and-shoulders risk,"head-and-shoulders, risk, distribution",122.25,,,10.14,,,122.25,"A possible head-and-shoulders top is forming or breaking. This is a caution signal, not an entry setup.",Risk review,-1.45
TATAELXSI,Tata Elxsi Ltd.,TATAELXSI.NS,Information Technology,True,,NIFTY 500,^CRSLDX,2026-09-18,3266.7,-3.4,-3.44,-11.9,297430.0,182477.0,1.63,971614581.0,28.33,30.9,False,False,False,False,False,-7.04,-9.2,-3.68,False,False,False,False,-14.93,0.14302195,0.15456503,-7.47,-8.61,False,0.0,0.0,1.63,-3.0,Risk review,Head-and-shoulders risk,"head-and-shoulders, risk, distribution",4028.1,,,18.9,,,4028.1,"A possible head-and-shoulders top is forming or breaking. This is a caution signal, not an entry setup.",Risk review,-1.45
CESC,CESC Ltd.,CESC.NS,Power,True,,NIFTY 500,^CRSLDX,2026-09-18,141.53,-0.02,-2.64,-8.74,3878798.0,1856140.0,2.09,548966280.94,29.01,33.97,False,False,False,False,False,-3.75,-9.85,-1.46,False,False,False,False,-5.33,0.00619644,0.00676039,-8.34,-9.24,False,0.0,0.0,2.09,-3.0,Risk review,Head-and-shoulders risk,"head-and-shoulders, risk, distribution",145.19,,,2.52,,,145.19,"A possible head-and-shoulders top is forming or breaking. This is a caution signal, not an entry setup.",Risk review,-1.45
BATAINDIA,Bata India Ltd.,BATAINDIA.NS,Consumer Durables,True,,NIFTY 500,^CRSLDX,2026-09-18,638.3,0.26,-1.6,-8.95,1089830.0,182253.0,5.98,695638489.0,30.64,30.02,False,False,False,False,False,-3.95,-7.56,-4.12,False,False,False,False,-12.2,0.02794591,0.029647,-5.74,-9.39,False,0.0,0.0,5.98,-3.0,Risk review,Head-and-shoulders risk,"head-and-shoulders, risk, distribution",657.95,,,2.99,,,657.95,"A possible head-and-shoulders top is forming or breaking. This is a caution signal, not an entry setup.",Risk review,-1.45
THERMAX,Thermax Ltd.,THERMAX.NS,Capital Goods,True,,NIFTY 500,^CRSLDX,2026-09-18,3551.9,-0.49,-3.53,-10.48,238396.0,126469.0,1.89,846758752.4,27.31,30.68,False,False,False,False,False,-5.18,-12.78,2.31,False,False,False,False,5.91,0.15550851,0.17654215,-11.91,-9.66,False,0.6666666666666666,0.0,1.89,-3.0,Risk review,Head-and-shoulders risk,"head-and-shoulders, risk, distribution",3744.5,,,5.14,,,3744.5,"A possible head-and-shoulders top is forming or breaking. This is a caution signal, not an entry setup.",Risk review,-1.45
ZENTEC,Zen Technologies Ltd.,ZENTEC.NS,Capital Goods,True,,NIFTY 500,^CRSLDX,2026-09-18,1687.4,0.34,-2.04,-12.4,196201.0,325306.0,0.6,331069567.4,39.23,39.09,False,False,False,False,True,-5.06,-5.08,2.49,False,False,False,False,-16.0,0.07387738,0.0764722,-3.39,-10.6,False,0.6666666666666666,0.0,0.6,-3.0,Risk review,Head-and-shoulders risk,"head-and-shoulders, risk, distribution, breakout, retest, pivot, volume",1705.9,,,1.08,,,1705.9,"A possible head-and-shoulders top is forming or breaking. This is a caution signal, not an entry setup. Secondary patterns: Breakout retest.",Risk review,-1.45
ARE&M,Amara Raja Energy & Mobility Ltd.,ARE&M.NS,Automobile and Auto Components,True,,NIFTY 500,^CRSLDX,2026-09-18,796.0,0.09,-2.2,-13.45,760908.0,434256.0,1.75,605682768.0,24.49,25.8,False,False,False,False,False,-6.95,-10.7,-1.07,False,False,False,False,-14.09,0.0348503,0.03831062,-9.03,-12.23,False,0.3333333333333333,0.0,1.75,-3.0,Risk review,Head-and-shoulders risk,"head-and-shoulders, risk, distribution",851.55,,,6.52,,,851.55,"A possible head-and-shoulders top is forming or breaking. This is a caution signal, not an entry setup.",Risk review,-1.45
BERGEPAINT,Berger Paints India Ltd.,BERGEPAINT.NS,Consumer Durables,True,,NIFTY 500,^CRSLDX,2026-09-18,458.65,2.24,0.13,-12.54,1220340.0,316223.0,3.86,559708941.0,32.54,24.33,False,False,False,False,False,-4.4,-8.97,-1.68,False,False,False,False,-19.2,0.02008051,0.02165923,-7.29,-12.37,False,0.3333333333333333,0.0,3.86,-3.0,Risk review,Head-and-shoulders risk,"head-and-shoulders, risk, distribution, inverse-head-and-shoulders, base, reversal",468.4,,,2.08,,,468.4,"A possible head-and-shoulders top is forming or breaking. This is a caution signal, not an entry setup. Secondary patterns: Possible inverse H&S.",Risk review,-1.45
JAINREC,Jain Resource Recycling Ltd.,JAINREC.NS,Metals & Mining,True,,NIFTY 500,^CRSLDX,2026-09-18,276.25,0.8,-2.97,-6.62,555155.0,1091534.0,0.51,153361568.75,37.74,41.4,False,False,False,False,False,-2.67,-9.92,-2.99,False,False,False,False,12.82,0.01209472,0.01324803,-8.71,-2.08,False,0.0,0.0,0.51,-3.0,Risk review,Head-and-shoulders risk,"head-and-shoulders, risk, distribution",350.35,,,21.15,,,350.35,"A possible head-and-shoulders top is forming or breaking. This is a caution signal, not an entry setup.",Risk review,-1.47
KEC,Kec International Ltd.,KEC.NS,Construction,True,,NIFTY 500,^CRSLDX,2026-09-18,404.25,0.57,-0.53,-7.27,1338287.0,1054070.0,1.27,541002519.75,39.76,38.47,True,False,False,False,False,-1.74,-9.15,-5.11,False,False,False,False,10.34,0.01769879,0.01922645,-7.95,-2.27,False,0.0,0.0,1.27,-3.0,Risk review,Head-and-shoulders risk,"head-and-shoulders, risk, distribution",483.52,,,16.4,,,483.52,"A possible head-and-shoulders top is forming or breaking. This is a caution signal, not an entry setup.",Risk review,-1.5
INTELLECT,Intellect Design Arena Ltd.,INTELLECT.NS,Information Technology,True,,NIFTY 500,^CRSLDX,2026-09-18,647.45,-0.59,-5.15,-6.34,290091.0,313417.0,0.93,187819417.95,28.88,42.72,False,False,False,False,False,-4.52,-8.46,-5.07,False,False,False,False,6.78,0.02834652,0.03044613,-6.9,-2.29,False,0.0,0.0,0.93,-3.0,Risk review,Head-and-shoulders risk,"head-and-shoulders, risk, distribution",653.02,,,0.85,,,653.02,"A possible head-and-shoulders top is forming or breaking. This is a caution signal, not an entry setup.",Risk review,-1.51
CHAMBLFERT,Chambal Fertilizers & Chemicals Ltd.,CHAMBLFERT.NS,Chemicals,True,,NIFTY 500,^CRSLDX,2026-09-18,414.9,0.24,-0.93,-3.77,470769.0,646719.0,0.73,195322058.1,39.3,39.03,False,False,False,False,False,-0.8,-4.45,-0.52,False,False,False,False,-1.07,0.01816506,0.01866934,-2.7,-2.31,False,0.0,0.0,0.73,-3.0,Risk review,Head-and-shoulders risk,"head-and-shoulders, risk, distribution",423.5,,,2.03,,,423.5,"A possible head-and-shoulders top is forming or breaking. This is a caution signal, not an entry setup.",Risk review,-1.51
LTM,LTM Ltd.,LTM.NS,Information Technology,True,,NIFTY 500,^CRSLDX,2026-09-18,4275.1,0.23,0.0,-4.74,500645.0,376266.0,1.33,2140307439.5,40.84,37.91,False,False,False,True,,-3.77,-3.2,,False,False,False,False,-17.53,0.1871715,0.18858303,-0.75,-4.1,False,0.0,0.0,1.33,-2.0,Risk review,Head-and-shoulders risk,"head-and-shoulders, risk, distribution, breakout, retest, pivot, volume, inverse-head-and-shoulders, base, reversal",4091.0,,,4.5,,,4091.0,"A possible head-and-shoulders top is forming or breaking. This is a caution signal, not an entry setup. Secondary patterns: Breakout retest, Possible inverse H&S.",Risk review,-1.52
DELHIVERY,Delhivery Ltd.,DELHIVERY.NS,Services,True,,NIFTY 500,^CRSLDX,2026-09-18,428.0,0.48,-2.51,-5.04,1686221.0,1923516.0,0.88,721702588.0,35.69,37.07,False,False,False,False,False,-4.4,-7.61,0.72,False,False,False,False,2.14,0.0187386,0.0200025,-6.32,-2.62,False,0.6666666666666666,0.0,0.88,-3.0,Risk review,Head-and-shoulders risk,"head-and-shoulders, risk, distribution",443.12,,,3.41,,,443.12,"A possible head-and-shoulders top is forming or breaking. This is a caution signal, not an entry setup.",Risk review,-1.57
SBIN,State Bank of India,SBIN.NS,Financial Services,True,,NIFTY 500,^CRSLDX,2026-09-18,996.2,0.76,0.05,-5.01,5699456.0,7676562.0,0.74,5677798067.2,41.86,35.41,True,False,False,False,False,-2.07,-3.68,0.46,False,False,False,False,-3.98,0.04361541,0.04439918,-1.77,-2.73,False,0.3333333333333333,0.0,0.74,-3.0,Risk review,Head-and-shoulders risk,"head-and-shoulders, risk, distribution",1016.05,,,1.95,,,1016.05,"A possible head-and-shoulders top is forming or breaking. This is a caution signal, not an entry setup.",Risk review,-1.6
JSWCEMENT,JSW Cement Ltd.,JSWCEMENT.NS,Construction Materials,True,,NIFTY 500,^CRSLDX,2026-09-18,117.44,0.69,-1.2,-6.82,1513300.0,1125654.0,1.34,177721952.0,28.26,27.19,False,False,False,False,False,-3.76,-8.78,0.38,False,False,False,False,8.1,0.00514173,0.00554897,-7.34,-2.76,False,0.6666666666666666,0.0,1.34,-3.0,Risk review,Head-and-shoulders risk,"head-and-shoulders, risk, distribution",119.74,,,1.92,,,119.74,"A possible head-and-shoulders top is forming or breaking. This is a caution signal, not an entry setup.",Risk review,-1.6
NMDC,NMDC Ltd.,NMDC.NS,Metals & Mining,True,,NIFTY 500,^CRSLDX,2026-09-18,79.15,-2.04,-3.94,-6.45,18919633.0,14342748.0,1.32,1497488951.95,33.33,40.86,False,False,False,False,False,-6.09,-6.23,1.11,False,False,False,False,-1.75,0.00346533,0.00362269,-4.34,-2.77,False,0.6666666666666666,0.0,1.32,-3.0,Risk review,Head-and-shoulders risk,"head-and-shoulders, risk, distribution",84.94,,,6.82,,,84.94,"A possible head-and-shoulders top is forming or breaking. This is a caution signal, not an entry setup.",Risk review,-1.6
GPIL,Godawari Power & Ispat Ltd.,GPIL.NS,Capital Goods,True,,NIFTY 500,^CRSLDX,2026-09-18,233.47,-2.06,-4.49,-4.74,1620482.0,1525172.0,1.06,378333932.54,39.43,49.16,False,False,False,False,False,-3.76,-4.22,0.07,False,False,False,False,-3.2,0.01022173,0.01046826,-2.36,-2.87,False,0.3333333333333333,0.0,1.06,-3.0,Risk review,Head-and-shoulders risk,"head-and-shoulders, risk, distribution",234.68,,,0.51,,,234.68,"A possible head-and-shoulders top is forming or breaking. This is a caution signal, not an entry setup.",Risk review,-1.62
DCMSHRIRAM,DCM Shriram Ltd.,DCMSHRIRAM.NS,Diversified,True,,NIFTY 500,^CRSLDX,2026-09-18,995.0,1.12,-0.5,-8.05,69400.0,73922.0,0.94,69053000.0,41.16,40.18,False,False,False,False,False,-2.11,-2.8,-1.81,False,False,False,False,-5.37,0.04356287,0.04396194,-0.91,-2.92,False,0.0,0.0,0.94,-3.0,Risk review,Head-and-shoulders risk,"head-and-shoulders, risk, distribution",1035.1,,,3.87,,,1035.1,"A possible head-and-shoulders top is forming or breaking. This is a caution signal, not an entry setup.",Risk review,-1.63
NBCC,NBCC (India) Ltd.,NBCC.NS,Construction,True,,NIFTY 500,^CRSLDX,2026-09-18,82.4,0.33,-0.6,-7.29,5214690.0,4760856.0,1.1,429690456.0,32.59,27.18,False,False,False,False,False,-3.34,-9.01,-2.85,False,False,False,False,5.68,0.00360762,0.00390954,-7.72,-3.24,False,0.0,0.0,1.1,-3.0,Risk review,Head-and-shoulders risk,"head-and-shoulders, risk, distribution",84.27,,,2.21,,,84.27,"A possible head-and-shoulders top is forming or breaking. This is a caution signal, not an entry setup.",Risk review,-1.7
SUNTV,Sun TV Network Ltd.,SUNTV.NS,Media Entertainment & Publication,True,,NIFTY 500,^CRSLDX,2026-09-18,451.7,-3.57,-5.11,-4.31,943160.0,702792.0,1.34,426025372.0,39.75,52.55,False,False,False,False,False,-2.62,-6.0,-1.63,False,False,False,False,-0.8,0.01977623,0.02064364,-4.2,-3.83,False,0.0,0.0,1.34,-3.0,Risk review,Head-and-shoulders risk,"head-and-shoulders, risk, distribution",480.55,,,6.0,,,480.55,"A possible head-and-shoulders top is forming or breaking. This is a caution signal, not an entry setup.",Risk review,-1.82
MRPL,Mangalore Refinery & Petrochemicals Ltd.,MRPL.NS,Oil Gas & Consumable Fuels,True,,NIFTY 500,^CRSLDX,2026-09-18,165.38,0.98,-5.96,-6.46,4824765.0,10178409.0,0.47,797919635.7,42.44,52.66,False,False,False,True,False,-4.19,-3.46,0.64,False,False,False,False,-4.08,0.00724063,0.00731546,-1.02,-4.07,False,0.6666666666666666,0.0,0.47,-3.0,Risk review,Head-and-shoulders risk,"head-and-shoulders, risk, distribution",176.7,,,6.41,,,176.7,"A possible head-and-shoulders top is forming or breaking. This is a caution signal, not an entry setup.",Risk review,-1.86
SAMMAANCAP,Sammaan Capital Ltd.,SAMMAANCAP.NS,Financial Services,True,,NIFTY 500,^CRSLDX,2026-09-18,143.92,1.2,-2.29,-4.38,3658484.0,5424455.0,0.67,526529017.28,37.65,39.5,False,False,False,False,False,-3.2,-7.55,-0.36,False,False,False,False,2.97,0.00630107,0.00670352,-6.0,-4.08,False,0.3333333333333333,0.0,0.67,-3.0,Risk review,Head-and-shoulders risk,"head-and-shoulders, risk, distribution",144.44,,,0.36,,,144.44,"A possible head-and-shoulders top is forming or breaking. This is a caution signal, not an entry setup.",Risk review,-1.87
AAVAS,Aavas Financiers Ltd.,AAVAS.NS,Financial Services,True,,NIFTY 500,^CRSLDX,2026-09-18,1284.6,-0.56,0.75,-5.22,164549.0,136152.0,1.21,211379645.4,41.53,36.74,False,False,False,False,False,-0.05,-5.7,-2.08,False,False,False,False,1.72,0.05624208,0.05879354,-4.34,-4.19,False,0.3333333333333333,0.0,1.21,-3.0,Risk review,Head-and-shoulders risk,"head-and-shoulders, risk, distribution",1296.9,,,0.95,,,1296.9,"A possible head-and-shoulders top is forming or breaking. This is a caution signal, not an entry setup.",Risk review,-1.89
ATUL,Atul Ltd.,ATUL.NS,Chemicals,True,,NIFTY 500,^CRSLDX,2026-09-18,6170.5,0.6,-1.19,-5.21,21266.0,27545.0,0.77,131221853.0,38.37,37.8,False,False,False,False,False,-2.69,-4.6,0.68,False,False,False,False,-10.58,0.27015549,0.27719258,-2.54,-4.22,False,0.6666666666666666,0.0,0.77,-3.0,Risk review,Head-and-shoulders risk,"head-and-shoulders, risk, distribution",6175.0,,,0.07,,,6175.0,"A possible head-and-shoulders top is forming or breaking. This is a caution signal, not an entry setup.",Risk review,-1.89
MAPMYINDIA,C.E. Info Systems Ltd.,MAPMYINDIA.NS,Information Technology,True,,NIFTY 500,^CRSLDX,2026-09-18,899.4,1.08,-2.85,-8.59,120929.0,195959.0,0.62,108763542.6,35.21,36.3,False,False,False,False,False,-5.65,-12.87,-6.24,False,False,False,False,-4.09,0.03937734,0.0445234,-11.56,-8.61,False,0.0,0.0,0.62,-2.0,Risk review,Head-and-shoulders risk,"head-and-shoulders, risk, distribution",875.0,,,2.79,,,875.0,"A possible head-and-shoulders top is forming or breaking. This is a caution signal, not an entry setup.",Risk review,-1.9
MAZDOCK,Mazagoan Dock Shipbuilders Ltd.,MAZDOCK.NS,Capital Goods,True,,NIFTY 500,^CRSLDX,2026-09-18,2280.0,3.17,-2.52,-10.66,850778.0,699588.0,1.22,1939773840.0,34.66,31.35,False,False,False,False,False,-6.25,-6.24,-0.86,False,False,False,False,-18.91,0.09982246,0.1043738,-4.36,-8.94,False,0.0,0.0,1.22,-2.0,Risk review,Head-and-shoulders risk,"head-and-shoulders, risk, distribution",2218.7,,,2.76,,,2218.7,"A possible head-and-shoulders top is forming or breaking. This is a caution signal, not an entry setup.",Risk review,-1.9
CROMPTON,Crompton Greaves Consumer Electricals Ltd.,CROMPTON.NS,Consumer Durables,True,,NIFTY 500,^CRSLDX,2026-09-18,227.12,0.9,-1.68,-9.87,1405047.0,3438277.0,0.41,319114274.64,37.59,37.97,False,False,False,False,False,-2.13,-7.63,-1.18,False,False,False,False,-0.3,0.00994372,0.01058991,-6.1,-5.28,False,0.0,0.0,0.41,-3.0,Risk review,Head-and-shoulders risk,"head-and-shoulders, risk, distribution",236.95,,,4.15,,,236.95,"A possible head-and-shoulders top is forming or breaking. This is a caution signal, not an entry setup.",Risk review,-2.11
UCOBANK,UCO Bank,UCOBANK.NS,Financial Services,True,,NIFTY 500,^CRSLDX,2026-09-18,23.75,0.68,-1.53,-7.66,3517779.0,4426143.0,0.79,83547251.25,30.94,32.11,False,False,False,False,False,-3.43,-7.12,-2.09,False,False,False,False,-1.03,0.00103982,0.00109993,-5.47,-5.31,False,0.0,0.0,0.79,-3.0,Risk review,Head-and-shoulders risk,"head-and-shoulders, risk, distribution",25.26,,,5.96,,,25.26,"A possible head-and-shoulders top is forming or breaking. This is a caution signal, not an entry setup.",Risk review,-2.11
LATENTVIEW,Latent View Analytics Ltd.,LATENTVIEW.NS,Information Technology,True,,NIFTY 500,^CRSLDX,2026-09-18,255.35,0.14,1.15,-8.18,254240.0,620969.0,0.41,64920184.0,33.37,27.9,False,False,False,False,False,-3.44,-10.25,-6.22,False,False,False,False,4.7,0.01117968,0.0122726,-8.91,-5.44,False,0.0,0.0,0.41,-3.0,Risk review,Head-and-shoulders risk,"head-and-shoulders, risk, distribution",279.98,,,8.8,,,279.98,"A possible head-and-shoulders top is forming or breaking. This is a caution signal, not an entry setup.",Risk review,-2.14
NATCOPHARM,NATCO Pharma Ltd.,NATCOPHARM.NS,Healthcare,True,,NIFTY 500,^CRSLDX,2026-09-18,813.4,-0.59,-0.24,-7.82,489351.0,393736.0,1.24,398038103.4,31.25,28.67,False,False,False,False,False,-2.76,-8.61,-0.51,False,False,False,False,-0.04,0.0356121,0.03840336,-7.27,-6.09,False,0.0,0.0,1.24,-3.0,Risk review,Head-and-shoulders risk,"head-and-shoulders, risk, distribution",825.65,,,1.48,,,825.65,"A possible head-and-shoulders top is forming or breaking. This is a caution signal, not an entry setup.",Risk review,-2.25
ITI,ITI Ltd.,ITI.NS,Telecommunication,True,,NIFTY 500,^CRSLDX,2026-09-18,256.3,0.39,-2.49,-8.22,79274.0,142077.0,0.56,20317926.2,25.39,29.16,False,False,False,False,False,-4.27,-7.07,-1.38,False,False,False,False,-4.98,0.01122127,0.01186887,-5.46,-6.26,False,0.0,0.0,0.56,-3.0,Risk review,Head-and-shoulders risk,"head-and-shoulders, risk, distribution",257.25,,,0.37,,,257.25,"A possible head-and-shoulders top is forming or breaking. This is a caution signal, not an entry setup.",Risk review,-2.25
PFC,Power Finance Corporation Ltd.,PFC.NS,Financial Services,True,,NIFTY 500,^CRSLDX,2026-09-18,342.55,-0.7,-3.08,-5.63,11369930.0,8402425.0,1.35,3894769521.5,32.23,38.01,False,False,False,False,False,-2.55,-10.24,-0.18,False,False,False,False,3.78,0.01499745,0.01645034,-8.83,-6.33,False,0.0,0.0,1.35,-3.0,Risk review,Head-and-shoulders risk,"head-and-shoulders, risk, distribution",385.8,,,11.21,,,385.8,"A possible head-and-shoulders top is forming or breaking. This is a caution signal, not an entry setup.",Risk review,-2.25
PRESTIGE,Prestige Estates Projects Ltd.,PRESTIGE.NS,Realty,True,,NIFTY 500,^CRSLDX,2026-09-18,1435.1,-0.35,-4.2,-12.01,562624.0,500662.0,1.12,807421702.4,32.81,36.53,False,False,False,False,False,-7.35,-10.15,-0.8,False,False,False,False,-1.24,0.06283124,0.0688676,-8.77,-7.11,False,0.3333333333333333,0.0,1.12,-3.0,Risk review,Head-and-shoulders risk,"head-and-shoulders, risk, distribution, breakout, retest, pivot, volume",1526.65,,,6.0,,,1526.65,"A possible head-and-shoulders top is forming or breaking. This is a caution signal, not an entry setup. Secondary patterns: Breakout retest.",Risk review,-2.25
NATIONALUM,National Aluminium Co. Ltd.,NATIONALUM.NS,Metals & Mining,True,,NIFTY 500,^CRSLDX,2026-09-18,350.5,-1.46,-2.91,-11.14,5809441.0,5069029.0,1.15,2036209070.5,37.85,41.32,False,False,False,False,False,-6.27,-5.21,3.09,False,False,False,False,-18.89,0.01534551,0.01583552,-3.09,-7.16,False,0.3333333333333333,0.0,1.15,-3.0,Risk review,Head-and-shoulders risk,"head-and-shoulders, risk, distribution",361.48,,,3.04,,,361.48,"A possible head-and-shoulders top is forming or breaking. This is a caution signal, not an entry setup.",Risk review,-2.25
JPPOWER,Jaiprakash Power Ventures Ltd.,JPPOWER.NS,Power,True,,NIFTY 500,^CRSLDX,2026-09-18,15.37,0.72,-4.06,-10.12,37304111.0,35188811.0,1.06,573364186.07,28.03,33.53,False,False,False,False,False,-5.77,-9.48,-1.56,False,False,False,False,-4.62,0.00067293,0.00072948,-7.75,-7.59,False,0.3333333333333333,0.0,1.06,-3.0,Risk review,Head-and-shoulders risk,"head-and-shoulders, risk, distribution",15.53,,,1.0,,,15.53,"A possible head-and-shoulders top is forming or breaking. This is a caution signal, not an entry setup.",Risk review,-2.25
HINDCOPPER,Hindustan Copper Ltd.,HINDCOPPER.NS,Metals & Mining,True,,NIFTY 500,^CRSLDX,2026-09-18,497.4,2.45,-3.32,-13.15,9888264.0,14295839.0,0.69,4918422513.6,42.39,44.9,False,False,False,False,False,-4.65,-3.77,3.53,False,False,False,False,-20.45,0.02177706,0.02212815,-1.59,-8.21,False,0.3333333333333333,0.0,0.69,-3.0,Risk review,Head-and-shoulders risk,"head-and-shoulders, risk, distribution, breakout, retest, pivot, volume",512.88,,,3.02,,,512.88,"A possible head-and-shoulders top is forming or breaking. This is a caution signal, not an entry setup. Secondary patterns: Breakout retest.",Risk review,-2.25
EIDPARRY,E.I.D. Parry (India) Ltd.,EIDPARRY.NS,Fast Moving Consumer Goods,True,,NIFTY 500,^CRSLDX,2026-09-18,700.7,-0.34,-2.82,-12.12,854169.0,720817.0,1.19,598516218.3,27.13,31.15,False,False,False,False,False,-8.23,-9.43,-3.1,False,False,False,False,-10.61,0.0306779,0.03322115,-7.66,-8.84,False,0.0,0.0,1.19,-3.0,Risk review,Head-and-shoulders risk,"head-and-shoulders, risk, distribution",754.38,,,7.12,,,754.38,"A possible head-and-shoulders top is forming or breaking. This is a caution signal, not an entry setup.",Risk review,-2.25
FIRSTCRY,Brainbees Solutions Ltd.,FIRSTCRY.NS,Consumer Services,True,,NIFTY 500,^CRSLDX,2026-09-18,172.15,1.71,1.97,-12.32,6662007.0,5007624.0,1.33,1146864505.05,33.22,23.34,True,False,False,False,False,-3.26,-12.82,-5.17,False,False,False,False,-4.23,0.00753703,0.00852343,-11.57,-10.3,False,0.0,0.0,1.33,-3.0,Risk review,Head-and-shoulders risk,"head-and-shoulders, risk, distribution",216.23,,,20.39,,,216.23,"A possible head-and-shoulders top is forming or breaking. This is a caution signal, not an entry setup.",Risk review,-2.25
BLS,BLS International Services Ltd.,BLS.NS,Consumer Services,True,,NIFTY 500,^CRSLDX,2026-09-18,226.5,-0.54,-2.19,-16.51,748096.0,2796202.0,0.27,169443744.0,32.14,35.37,False,False,False,False,False,-3.91,-7.23,-3.14,False,False,False,False,-31.01,0.00991657,0.01047,-5.29,-14.54,False,0.0,0.0,0.27,-3.0,Risk review,Head-and-shoulders risk,"head-and-shoulders, risk, distribution",231.32,,,2.09,,,231.32,"A possible head-and-shoulders top is forming or breaking. This is a caution signal, not an entry setup.",Risk review,-2.25
ZEEL,Zee Entertainment Enterprises Ltd.,ZEEL.NS,Media Entertainment & Publication,True,,NIFTY 500,^CRSLDX,2026-09-18,78.62,0.4,-0.93,-26.92,21977996.0,26221980.0,0.84,1727910045.52,28.92,25.61,False,False,False,False,False,-12.24,-19.47,-0.85,False,False,False,False,-17.24,0.00344212,0.00421686,-18.37,-21.25,False,0.3333333333333333,0.0,0.84,-3.0,Risk review,Head-and-shoulders risk,"head-and-shoulders, risk, distribution",79.0,,,0.48,,,79.0,"A possible head-and-shoulders top is forming or breaking. This is a caution signal, not an entry setup.",Risk review,-2.25
